vecsearch-termination-model 1
kind gbdt
checkpoint 250
query_dim 100
bias 7.623841636915775
trees 200
nodes 29
1 0.3035811483860016 1 16 0.0
1 0.2197413593530655 2 9 -1.2108538902259123
6 1.024709701538086 3 6 -1.7800700475176856
2 0.3511454463005066 4 5 -1.4585518681455723
-1 0.0 0 0 -0.1546326388593095
-1 0.0 0 0 -0.06683640995660609
7 0.4860000014305115 7 8 -2.3993715351064857
-1 0.0 0 0 -0.215938338034535
-1 0.0 0 0 -0.2816066867243871
6 1.0157395601272583 10 15 -0.7573900785302745
4 0.8132572174072266 11 12 -0.6503154469037158
-1 0.0 0 0 -0.10521001104357977
1 0.2696346342563629 13 14 -0.4673790039663109
-1 0.0 0 0 -0.06923689687797345
-1 0.0 0 0 -0.02328810259663479
-1 0.0 0 0 -0.15099218840805684
1 0.3512877821922302 17 22 0.8614260466279178
4 0.8287536799907684 18 19 0.2851019169152207
-1 0.0 0 0 -0.02496331911293372
1 0.3223341107368469 20 21 0.40760298263395756
-1 0.0 0 0 0.016884831676043245
-1 0.0 0 0 0.054123556971330845
3 0.7260985374450684 23 24 1.0876566171831568
-1 0.0 0 0 0.042697193795925265
2 0.4237402677536011 25 26 1.1208454678627648
-1 0.0 0 0 0.0929701634817182
2 0.5132841467857361 27 28 1.1869098649768322
-1 0.0 0 0 0.12203399429163558
-1 0.0 0 0 0.05707506470378252
nodes 29
1 0.29976361989974976 1 16 0.0
6 1.024709701538086 2 13 -1.1167808896686842
1 0.24247992038726807 3 10 -0.8887944420918298
4 0.7447479367256165 4 5 -1.2132369451861105
-1 0.0 0 0 -0.15782964731138951
2 0.3656638264656067 6 9 -1.0558143112382827
6 1.0040414333343506 7 8 -1.1347677379860561
-1 0.0 0 0 -0.1014124012451757
-1 0.0 0 0 -0.1435126047538882
-1 0.0 0 0 -0.022468092644182952
4 0.8073484301567078 11 12 -0.5318907708154528
-1 0.0 0 0 -0.08928307309388833
-1 0.0 0 0 -0.03913327352665711
6 1.061484456062317 14 15 -2.0154223570626986
-1 0.0 0 0 -0.17395395295829924
-1 0.0 0 0 -0.23834762034319695
1 0.3489653766155243 17 22 0.7567924980190558
4 0.863202691078186 18 19 0.21098697659105686
-1 0.0 0 0 -0.01642157004497448
1 0.3223341107368469 20 21 0.357356231970865
-1 0.0 0 0 0.01574477510530702
-1 0.0 0 0 0.049740146947909736
4 0.8555575609207153 23 24 0.9721012523135678
-1 0.0 0 0 0.041847855250772004
1 0.37738004326820374 25 26 1.008706574236681
-1 0.0 0 0 0.08105270457677033
2 0.5248068571090698 27 28 1.0669758585238096
-1 0.0 0 0 0.10876838919206988
-1 0.0 0 0 0.025764804875223937
nodes 29
1 0.29600051045417786 1 18 0.0
6 1.020297646522522 2 13 -1.0309855158112133
1 0.23133496940135956 3 8 -0.8093005944227754
4 0.7669656276702881 4 5 -1.124218751609411
-1 0.0 0 0 -0.1421403397412486
2 0.3370398283004761 6 7 -0.9591198683138843
-1 0.0 0 0 -0.1065685539371331
-1 0.0 0 0 -0.042051168002014576
4 0.8184172511100769 9 10 -0.5406774368250132
-1 0.0 0 0 -0.08452975206138469
2 0.37787532806396484 11 12 -0.39595530462642325
-1 0.0 0 0 -0.0452156343154988
-1 0.0 0 0 0.017330682756613487
6 1.0520464181900024 14 15 -1.7709815542866008
-1 0.0 0 0 -0.14892207328665116
7 0.49799999594688416 16 17 -2.0871357154105508
-1 0.0 0 0 -0.18495782304022365
-1 0.0 0 0 -0.24348847001161858
1 0.3446720838546753 19 22 0.665160700928731
4 0.8132572174072266 20 21 0.13471806097284314
-1 0.0 0 0 -0.03455797910760936
-1 0.0 0 0 0.02322018274674382
3 0.7237483859062195 23 24 0.8623245292119307
-1 0.0 0 0 0.028955732711655798
2 0.41596490144729614 25 26 0.8950353448758617
-1 0.0 0 0 0.06891480547424127
2 0.5132841467857361 27 28 0.9536871908375559
-1 0.0 0 0 0.09785939116575859
-1 0.0 0 0 0.044749471770106436
nodes 29
1 0.30721187591552734 1 18 0.0
1 0.21788597106933594 2 9 -0.8645679862039791
6 1.0321584939956665 3 6 -1.3197885061779902
2 0.3732672333717346 4 5 -1.1019533297839175
-1 0.0 0 0 -0.11508716100270566
-1 0.0 0 0 -0.018840444624329395
7 0.4259999990463257 7 8 -1.8232724527921904
-1 0.0 0 0 -0.1568246562513036
-1 0.0 0 0 -0.2085706916420237
1 0.2696346342563629 10 15 -0.5321718807910771
6 1.009075403213501 11 14 -0.7410156265163689
4 0.7711651921272278 12 13 -0.6313578040042778
-1 0.0 0 0 -0.09676099711841324
-1 0.0 0 0 -0.05036190573754384
-1 0.0 0 0 -0.11496377570541574
49 0.09517768025398254 16 17 -0.2873364229738509
-1 0.0 0 0 -0.05562297159743415
-1 0.0 0 0 -0.016360891467833694
1 0.36109352111816406 19 24 0.645488928414518
4 0.8044410943984985 20 21 0.2913146634900702
-1 0.0 0 0 -0.0229235889518827
1 0.3334908187389374 22 23 0.36173655072764294
-1 0.0 0 0 0.019480506822928262
-1 0.0 0 0 0.050449780402684496
0 0.5420362949371338 25 28 0.8189588404301533
6 0.9160948991775513 26 27 0.8368116843071988
-1 0.0 0 0 0.059105125931225216
-1 0.0 0 0 0.08808314726882124
-1 0.0 0 0 0.007021655242034239
nodes 29
1 0.30721187591552734 1 20 0.0
1 0.21255627274513245 2 9 -0.7781111872268128
6 1.0146758556365967 3 6 -1.212664729789793
4 0.8313733339309692 4 5 -0.953213531580031
-1 0.0 0 0 -0.1146540579069097
-1 0.0 0 0 -0.07405370265649795
7 0.39800000190734863 7 8 -1.563497470122536
-1 0.0 0 0 -0.13310900375978862
-1 0.0 0 0 -0.18111041210808054
1 0.26272889971733093 10 15 -0.49499576829394054
6 1.0105072259902954 11 14 -0.712142649582573
4 0.8336666226387024 12 13 -0.6121866109783658
-1 0.0 0 0 -0.08362444139148992
-1 0.0 0 0 -0.04505518989909628
-1 0.0 0 0 -0.10777947507126627
6 1.0050921440124512 16 19 -0.2906327704470042
4 0.8407691121101379 17 18 -0.2189176523868946
-1 0.0 0 0 -0.04909886712284476
-1 0.0 0 0 -0.0070192401401982605
-1 0.0 0 0 -0.07067999912713341
1 0.3661457300186157 21 24 0.5809400355997155
4 0.863202691078186 22 23 0.28430347930047417
-1 0.0 0 0 -0.0030492439898088864
-1 0.0 0 0 0.03849446281457827
21 -0.08486471325159073 25 26 0.7499911512049646
-1 0.0 0 0 0.0034440888990510824
6 0.9174297451972961 27 28 0.7677250876799885
-1 0.0 0 0 0.0554145207800013
-1 0.0 0 0 0.08064566024944053
nodes 29
1 0.2920900285243988 1 16 0.0
6 1.028324007987976 2 13 -0.772950256758424
1 0.19903768599033356 3 6 -0.6253173775360593
2 0.3349543809890747 4 5 -0.951198829317639
-1 0.0 0 0 -0.10330621144635468
-1 0.0 0 0 -0.044307060457105724
4 0.7447479367256165 7 8 -0.4891849043273894
-1 0.0 0 0 -0.08334397298831199
2 0.3627558946609497 9 12 -0.4023372117531907
6 1.0 10 11 -0.4644797927204976
-1 0.0 0 0 -0.037603484562977726
-1 0.0 0 0 -0.07157117431505268
-1 0.0 0 0 -0.00040209006433116325
7 0.585999995470047 14 15 -1.380048559584003
-1 0.0 0 0 -0.12711652100306306
-1 0.0 0 0 -0.18695411361950662
1 0.3380841314792633 17 22 0.4745485437274123
4 0.8685005307197571 18 19 0.036173274509534406
-1 0.0 0 0 -0.021488144873183013
6 1.0029692649841309 20 21 0.15742834834500774
-1 0.0 0 0 0.021639599535106288
-1 0.0 0 0 -0.023340677356420807
1 0.3763648271560669 23 26 0.6182186968885622
6 0.8724886775016785 24 25 0.442151430455554
-1 0.0 0 0 0.00683006683887492
-1 0.0 0 0 0.048906533458480145
0 0.5299081802368164 27 28 0.6945817679578663
-1 0.0 0 0 0.07199352169708288
-1 0.0 0 0 0.02136595041346822
nodes 29
1 0.31079867482185364 1 18 0.0
1 0.23935291171073914 2 11 -0.6169480334086023
6 1.0393028259277344 3 10 -0.8967881956665061
2 0.36376190185546875 4 9 -0.7602568093237427
1 0.17810039222240448 5 6 -0.8084708650976817
-1 0.0 0 0 -0.1002642646660868
94 -0.17502622306346893 7 8 -0.692662793253316
-1 0.0 0 0 -0.025533011023083137
-1 0.0 0 0 -0.07526841812911211
-1 0.0 0 0 -0.012946570001779964
-1 0.0 0 0 -0.13698791978221722
49 0.10721303522586823 12 15 -0.3054131183622503
2 0.3815332353115082 13 14 -0.509081757666738
-1 0.0 0 0 -0.05850126326316521
-1 0.0 0 0 -0.0036932436697648904
1 0.27769720554351807 16 17 -0.19095091449039112
-1 0.0 0 0 -0.033748990617636934
-1 0.0 0 0 -0.003984865699706447
1 0.3545577824115753 19 24 0.4832125168443417
49 0.03527563065290451 20 21 0.2038115367151067
-1 0.0 0 0 -0.021735228642225136
4 0.7747266292572021 22 23 0.2692226879743912
-1 0.0 0 0 -0.023911840481547347
-1 0.0 0 0 0.030489286328090722
21 -0.12579649686813354 25 26 0.5879878843928048
-1 0.0 0 0 -0.02684534137853517
8 52.5 27 28 0.6008189446064142
-1 0.0 0 0 0.06369301274649468
-1 0.0 0 0 0.034857171140342924
nodes 29
1 0.2882193922996521 1 16 0.0
6 1.0128822326660156 2 13 -0.6434372885107669
4 0.7398789525032043 3 4 -0.4852203016916002
-1 0.0 0 0 -0.08042178809941249
2 0.3741876482963562 5 10 -0.3753190921238955
49 0.062324829399585724 6 7 -0.4211756631680214
-1 0.0 0 0 -0.0742545167782528
1 0.2526635229587555 8 9 -0.3657083896292425
-1 0.0 0 0 -0.04693490086335558
-1 0.0 0 0 -0.01907652396875005
6 0.8415420651435852 11 12 0.09406760211493588
-1 0.0 0 0 -0.04185067494772375
-1 0.0 0 0 0.03664720405164452
6 1.073414921760559 14 15 -1.02811826176932
-1 0.0 0 0 -0.09081709745256404
-1 0.0 0 0 -0.1381396720709574
1 0.3380841314792633 17 20 0.37567557449165223
4 0.8429200053215027 18 19 0.016862963607579173
-1 0.0 0 0 -0.023946398895115323
-1 0.0 0 0 0.01067970817939367
4 0.8837922811508179 21 22 0.5023202947134747
-1 0.0 0 0 0.022767827847315562
21 -0.09535784274339676 23 24 0.541953169473149
-1 0.0 0 0 -0.01089072377002496
6 0.8371302485466003 25 26 0.5539817577029214
-1 0.0 0 0 0.004467026500260115
2 0.4281599521636963 27 28 0.566666309827356
-1 0.0 0 0 0.045291118530040905
-1 0.0 0 0 0.062436894783971325
nodes 29
1 0.31205636262893677 1 16 0.0
1 0.19903768599033356 2 7 -0.4974860093209768
7 0.3580000102519989 3 6 -0.8563437210249124
2 0.32504576444625854 4 5 -0.7025946141113493
-1 0.0 0 0 -0.07708788602084016
-1 0.0 0 0 -0.03265024600185608
-1 0.0 0 0 -0.11899385502150056
6 1.0040414333343506 8 13 -0.3297037476361125
4 0.8407691121101379 9 10 -0.24549379265549054
-1 0.0 0 0 -0.04500428324713232
2 0.3502277135848999 11 12 -0.10725973835072693
-1 0.0 0 0 -0.018646981747868614
-1 0.0 0 0 0.009163851645354739
2 0.3723521828651428 14 15 -0.6245641266738061
-1 0.0 0 0 -0.06659723898116066
-1 0.0 0 0 0.007080911981270449
1 0.3681282103061676 17 24 0.3958911577253525
49 0.05053449794650078 18 19 0.21157037562402747
-1 0.0 0 0 -0.00876239025844823
6 0.8724886775016785 20 21 0.2735691658147569
-1 0.0 0 0 -0.0026665972932784624
2 0.3815332353115082 22 23 0.31476699958441196
-1 0.0 0 0 0.017036480541587084
-1 0.0 0 0 0.04303637134182572
49 0.012597434222698212 25 26 0.49919261045265456
-1 0.0 0 0 0.025364298177050285
89 -0.052535828202962875 27 28 0.5363102091624792
-1 0.0 0 0 0.060611964901702835
-1 0.0 0 0 0.043854239677209854
nodes 29
1 0.28301146626472473 1 14 0.0
6 1.0341813564300537 2 11 -0.5427049117801607
4 0.8493499159812927 3 6 -0.44790616643717907
6 0.9998196363449097 4 5 -0.6073609539465935
-1 0.0 0 0 -0.05070193739630571
-1 0.0 0 0 -0.08911750967480174
2 0.3741876482963562 7 10 -0.31507432691200665
6 1.0 8 9 -0.35722483735945026
-1 0.0 0 0 -0.024971891902400293
-1 0.0 0 0 -0.05329456599622365
-1 0.0 0 0 0.025644615515120945
7 0.6340000033378601 12 13 -0.9734986447407501
-1 0.0 0 0 -0.09011168985286272
-1 0.0 0 0 -0.145761713571024
1 0.33470290899276733 15 20 0.2960322983589909
49 0.03852136805653572 16 17 -0.00859947539800964
-1 0.0 0 0 -0.03616697117934153
4 0.8929303288459778 18 19 0.04905607820998795
-1 0.0 0 0 -0.009916592553967409
-1 0.0 0 0 0.014592624242192199
4 0.8756661415100098 21 22 0.40339807745082346
-1 0.0 0 0 0.013636999080391591
21 -0.09535784274339676 23 24 0.4372868380409433
-1 0.0 0 0 -0.014760781689747255
6 0.8208140134811401 25 26 0.4482195795755682
-1 0.0 0 0 -0.008987102719356073
2 0.4237402677536011 27 28 0.45775935443550436
-1 0.0 0 0 0.03546349401176538
-1 0.0 0 0 0.05052016590649915
nodes 29
2 0.3627558946609497 1 14 0.0
1 0.24555599689483643 2 7 -0.42854056194744283
7 0.2980000078678131 3 6 -0.6245782501360937
4 0.6782086491584778 4 5 -0.49901766311003737
-1 0.0 0 0 -0.07280806328327345
-1 0.0 0 0 -0.043516399087515284
-1 0.0 0 0 -0.08904414920362415
49 0.0696142390370369 8 9 -0.18080050900915215
-1 0.0 0 0 -0.04767879034913735
96 -0.02426963858306408 10 13 -0.10827366355123991
21 0.14866620302200317 11 12 -0.03007880468430715
-1 0.0 0 0 -0.015776865556986198
-1 0.0 0 0 0.011191674836923068
-1 0.0 0 0 -0.035313089808161564
3 0.7120688557624817 15 22 0.3048724586210156
6 0.8415420651435852 16 17 -0.03985767437503778
-1 0.0 0 0 -0.03843168422641194
2 0.400075227022171 18 19 0.08487429891184532
-1 0.0 0 0 -0.009061941583719016
4 0.8449714183807373 20 21 0.3496065027572122
-1 0.0 0 0 0.01027579266922081
-1 0.0 0 0 0.06362820855036308
34 -0.07668910175561905 23 24 0.36967625672371984
-1 0.0 0 0 -0.02288579443434719
21 -0.12579649686813354 25 26 0.38083253260568056
-1 0.0 0 0 -0.02897882881036426
2 0.41596490144729614 27 28 0.3899977119792744
-1 0.0 0 0 0.027985012609048832
-1 0.0 0 0 0.044353547288734474
nodes 29
1 0.28566789627075195 1 14 0.0
1 0.18512405455112457 2 5 -0.43424783775412046
7 0.3620000034570694 3 4 -0.688517898007086
-1 0.0 0 0 -0.0564212498985792
-1 0.0 0 0 -0.09336207307781039
49 0.11799216270446777 6 9 -0.3171988053224449
2 0.3627558946609497 7 8 -0.4603267792022976
-1 0.0 0 0 -0.05205293227708342
-1 0.0 0 0 -0.011944169611657889
2 0.3282926082611084 10 13 -0.21689295552918444
94 -0.15719835460186005 11 12 -0.282853483043654
-1 0.0 0 0 0.005732794186256229
-1 0.0 0 0 -0.03489746389527728
-1 0.0 0 0 -0.003011208956563113
1 0.33470290899276733 15 20 0.24510298275353168
43 -0.014936041086912155 16 19 0.0012531649513826894
49 0.11021281033754349 17 18 0.0691325299381296
-1 0.0 0 0 -0.009055938013963632
-1 0.0 0 0 0.015298317820800501
-1 0.0 0 0 -0.0260883929165867
6 0.9160948991775513 21 24 0.32705054813661705
3 0.7958163022994995 22 23 0.134217878592453
-1 0.0 0 0 -0.00433035093798253
-1 0.0 0 0 0.02716636885930245
49 0.0014468678273260593 25 26 0.3670135740000089
-1 0.0 0 0 0.013306356104414217
2 0.4281599521636963 27 28 0.39252789410996364
-1 0.0 0 0 0.029512939596289187
-1 0.0 0 0 0.04559733064116078
nodes 29
2 0.35520797967910767 1 10 0.0
6 1.0105072259902954 2 7 -0.37433583224121836
3 0.6430625915527344 3 4 -0.25924901811695206
-1 0.0 0 0 -0.04585083626469443
21 0.1872146874666214 5 6 -0.11655198307615962
-1 0.0 0 0 -0.019683815282342546
-1 0.0 0 0 0.0033219067606569813
7 0.421999990940094 8 9 -0.6465534349666722
-1 0.0 0 0 -0.05376302055193288
-1 0.0 0 0 -0.08413175298085528
3 0.7120688557624817 11 20 0.2336680533239823
6 0.8415420651435852 12 13 -0.05351494337909484
-1 0.0 0 0 -0.03406818559359623
2 0.400075227022171 14 17 0.04559221795073407
49 0.05478651821613312 15 16 -0.09172553579097484
-1 0.0 0 0 -0.037238444226875424
-1 0.0 0 0 0.002319352705718604
5 1.3647352457046509 18 19 0.3086577151410589
-1 0.0 0 0 0.012464173860078878
-1 0.0 0 0 0.06306856740865317
2 0.39544016122817993 21 24 0.29348304977201994
34 0.06408421695232391 22 23 0.1460231833316899
-1 0.0 0 0 -0.016926105979883418
-1 0.0 0 0 0.01961759079289395
89 -0.05351414903998375 25 26 0.33330676993355973
-1 0.0 0 0 0.039927857773524096
21 -0.045464612543582916 27 28 0.24472155998321463
-1 0.0 0 0 -0.01222484745313689
-1 0.0 0 0 0.02703033301448909
nodes 29
2 0.35520797967910767 1 12 0.0
1 0.18512405455112457 2 5 -0.33690224923488515
7 0.20600000023841858 3 4 -0.5989214866253666
-1 0.0 0 0 -0.04378622041172604
-1 0.0 0 0 -0.0723320962071473
49 0.08325910568237305 6 7 -0.23490011036859826
-1 0.0 0 0 -0.043746378937236985
96 -0.013454473577439785 8 11 -0.16518395204091538
1 0.2667609751224518 9 10 -0.10674890357172331
-1 0.0 0 0 -0.02027026410264303
-1 0.0 0 0 0.0037612086562733983
-1 0.0 0 0 -0.03994931337314051
4 0.8756661415100098 13 18 0.21030124794273025
4 0.7447479367256165 14 15 -0.04132638689619757
-1 0.0 0 0 -0.036397436297198965
6 0.8778034448623657 16 17 0.021362610455229882
-1 0.0 0 0 -0.023573002239055896
-1 0.0 0 0 0.009368833292540055
6 0.869629442691803 19 20 0.26715433275819217
-1 0.0 0 0 -0.0020326198244656705
2 0.38800278306007385 21 22 0.29090188917895826
-1 0.0 0 0 0.011982173750352676
2 0.5248068571090698 23 28 0.3258721361968384
59 0.09338003396987915 24 27 0.3362945031886535
89 -0.1113380566239357 25 26 0.3824443752262602
-1 0.0 0 0 0.04907950620678295
-1 0.0 0 0 0.03234812899523423
-1 0.0 0 0 0.024212025695153308
-1 0.0 0 0 -0.022750870896970556
nodes 29
1 0.28301146626472473 1 12 0.0
6 1.0393028259277344 2 11 -0.3258296788842711
4 0.8493499159812927 3 6 -0.2658539269368831
6 0.9998196363449097 4 5 -0.3880446476890602
-1 0.0 0 0 -0.030654977281356945
-1 0.0 0 0 -0.06061652648468564
2 0.33049872517585754 7 10 -0.16576376262723505
94 -0.1783384084701538 8 9 -0.2300031504095318
-1 0.0 0 0 0.005973956264651099
-1 0.0 0 0 -0.028314893020335
-1 0.0 0 0 0.0038700277479027344
-1 0.0 0 0 -0.06395245650627542
2 0.38428422808647156 13 18 0.17773214636159296
43 -0.03726344555616379 14 17 -0.001441874672438069
96 -0.043490756303071976 15 16 0.06940085836265744
-1 0.0 0 0 0.014450926548437349
-1 0.0 0 0 -0.009140069510718917
-1 0.0 0 0 -0.02158496446011353
6 0.8896461725234985 19 22 0.2400331004584065
3 0.7308174967765808 20 21 -0.014480711432621363
-1 0.0 0 0 -0.02066334338535221
-1 0.0 0 0 0.0099405316070373
49 -0.015116029419004917 23 24 0.274648376012665
-1 0.0 0 0 0.0016201076845655756
89 -0.1662992238998413 25 26 0.2960350174778212
-1 0.0 0 0 0.04411105220132219
34 -0.14054812490940094 27 28 0.26794358006862395
-1 0.0 0 0 -0.054309797642841995
-1 0.0 0 0 0.02736632313508925
nodes 29
2 0.3627558946609497 1 14 0.0
1 0.25125235319137573 2 9 -0.25805325212967467
7 0.27000001072883606 3 6 -0.3764913498068765
49 0.11900600790977478 4 5 -0.28603512008142773
-1 0.0 0 0 -0.040755951689567166
-1 0.0 0 0 -0.02061880419148479
7 0.6540000140666962 7 8 -0.5467986691833802
-1 0.0 0 0 -0.05076018383497119
-1 0.0 0 0 -0.09416647976984278
43 -0.07351357489824295 10 13 -0.08613081180595633
96 0.006559284869581461 11 12 0.004432778790359931
-1 0.0 0 0 0.005680106255710346
-1 0.0 0 0 -0.02769914723324898
-1 0.0 0 0 -0.023595486087011886
4 0.8972446322441101 15 18 0.18358432388856608
49 0.02459252066910267 16 17 0.007537154133716064
-1 0.0 0 0 -0.02496445269939701
-1 0.0 0 0 0.006821189345162181
34 -0.11979801952838898 19 20 0.23557617463839675
-1 0.0 0 0 -0.04698900819287262
6 0.7987437844276428 21 22 0.24254112984449733
-1 0.0 0 0 -0.02127696255120546
21 -0.09535784274339676 23 24 0.25273325432924687
-1 0.0 0 0 -0.021826352352148783
104 0.01051025278866291 25 28 0.26217936187223634
70 -0.005125413183122873 26 27 0.19389614351392268
-1 0.0 0 0 0.0076528974055472074
-1 0.0 0 0 0.02570076115025373
-1 0.0 0 0 0.03174341398603336
nodes 29
2 0.34927263855934143 1 14 0.0
1 0.16022776067256927 2 3 -0.2616809839513275
-1 0.0 0 0 -0.05233822072071662
21 0.18609517812728882 4 11 -0.1983815726950016
34 0.11795616894960403 5 6 -0.26564612696282197
-1 0.0 0 0 -0.04009640043075751
41 0.06249937415122986 7 8 -0.1880381004926607
-1 0.0 0 0 -0.03282055755378366
1 0.25701045989990234 9 10 -0.1193904726147675
-1 0.0 0 0 -0.021863127070055756
-1 0.0 0 0 0.0021006227793642406
94 -0.15231853723526 12 13 -0.03150164690186857
-1 0.0 0 0 0.021082109723698183
-1 0.0 0 0 -0.010567743524859648
4 0.8102315664291382 15 16 0.14770088415390964
-1 0.0 0 0 -0.017596903900043016
6 0.8724886775016785 17 18 0.17808769340221473
-1 0.0 0 0 -0.006023238367000664
21 -0.07495424896478653 19 20 0.20237809537421844
-1 0.0 0 0 -0.02037185031821765
2 0.4072035849094391 21 24 0.215248104888593
34 0.12477436661720276 22 23 0.121724641381006
-1 0.0 0 0 -0.0036531837877515957
-1 0.0 0 0 0.020656287274885502
104 0.01051025278866291 25 28 0.26175783628192006
70 0.0007535701151937246 26 27 0.18938907296829838
-1 0.0 0 0 0.0072774076175634896
-1 0.0 0 0 0.025862922731394233
-1 0.0 0 0 0.031959595325096714
nodes 29
2 0.3741876482963562 1 18 0.0
6 1.0040414333343506 2 13 -0.19172774836652276
3 0.6430625915527344 3 6 -0.10641239448656413
2 0.29989010095596313 4 5 -0.262537391707825
-1 0.0 0 0 -0.03873463916639672
-1 0.0 0 0 -0.01871825106820744
106 -0.003970656543970108 7 8 -0.004525050142148359
-1 0.0 0 0 -0.016448883063398773
29 0.08722423762083054 9 12 0.04708216910277376
34 0.12098149955272675 10 11 -0.0075059539099642195
-1 0.0 0 0 -0.02007822403978668
-1 0.0 0 0 0.005236967961524782
-1 0.0 0 0 0.017771867977981113
7 0.5380000174045563 14 17 -0.3821662535907818
4 0.8944041728973389 15 16 -0.334512585041592
-1 0.0 0 0 -0.046920025498614064
-1 0.0 0 0 -0.024871359529412884
-1 0.0 0 0 -0.06268251697111514
6 0.8323132395744324 19 20 0.16514102479332687
-1 0.0 0 0 -0.017992354888115465
43 0.021936865523457527 21 28 0.1855345744192873
34 -0.1024610698223114 22 23 0.2147466739330358
-1 0.0 0 0 -0.027804712555529257
21 -0.14419633150100708 24 25 0.22244512560741755
-1 0.0 0 0 -0.029351993368558534
6 0.9574111104011536 26 27 0.22948174097574028
-1 0.0 0 0 0.015814810083313414
-1 0.0 0 0 0.02738700652304675
-1 0.0 0 0 0.0020381226394484025
nodes 29
1 0.27508413791656494 1 12 0.0
7 0.2019999995827675 2 7 -0.23019940016934298
4 0.706692099571228 3 4 -0.14960636362027366
-1 0.0 0 0 -0.030342882029769744
96 -0.09364461898803711 5 6 -0.10654518294283026
-1 0.0 0 0 -0.0036182182397262843
-1 0.0 0 0 -0.018812363118514114
2 0.3118506669998169 8 11 -0.35299989843981255
7 0.6780000030994415 9 10 -0.42240967898548326
-1 0.0 0 0 -0.03978691208661708
-1 0.0 0 0 -0.08542044618646545
-1 0.0 0 0 -0.01288238509029689
4 0.8972446322441101 13 18 0.11308462308734295
4 0.7447479367256165 14 15 -0.02635835029779299
-1 0.0 0 0 -0.029346990650280548
49 -0.012031269259750843 16 17 0.013742318819094473
-1 0.0 0 0 -0.030563820455772956
-1 0.0 0 0 0.004219662173198086
34 -0.11979801952838898 19 20 0.1578460290584398
-1 0.0 0 0 -0.04753849414692631
21 0.0017747421516105533 21 22 0.16433611721760566
-1 0.0 0 0 -0.002724216249393358
96 0.06085795536637306 23 28 0.1826668082637076
49 0.028241470456123352 24 25 0.20305236007282465
-1 0.0 0 0 0.006157035797365637
83 0.008394657634198666 26 27 0.22457785021489832
-1 0.0 0 0 0.016705864949273255
-1 0.0 0 0 0.02852146674947037
-1 0.0 0 0 -3.596081530475985e-05
nodes 29
2 0.3741876482963562 1 16 0.0
6 0.9998196363449097 2 9 -0.15940041728110307
4 0.7350889444351196 3 4 -0.06419212747446772
-1 0.0 0 0 -0.02604764425629997
49 0.02459252066910267 5 6 -0.007291146350554249
-1 0.0 0 0 -0.03076954268126733
21 0.17798924446105957 7 8 0.015403600661936098
-1 0.0 0 0 -0.003911396592649026
-1 0.0 0 0 0.010809122989738747
4 0.9106736183166504 10 11 -0.2847228918553893
-1 0.0 0 0 -0.04040116723781439
6 1.0563884973526 12 15 -0.19613036940504633
21 0.14327190816402435 13 14 -0.13107383051308197
-1 0.0 0 0 -0.022374092424846212
-1 0.0 0 0 -0.0032148752224960575
-1 0.0 0 0 -0.04922400105893432
6 0.9199085235595703 17 22 0.13729649720413858
8 59.5 18 21 -0.003366765716450922
7 0.018000000156462193 19 20 0.04289879272182596
-1 0.0 0 0 -0.007371132102039934
-1 0.0 0 0 0.013911224972403814
-1 0.0 0 0 -0.0259441251956216
43 0.021936865523457527 23 28 0.17689547220566035
58 0.07373163104057312 24 27 0.20305203615691642
49 0.0941222682595253 25 26 0.15656588812209277
-1 0.0 0 0 0.007922674921708998
-1 0.0 0 0 0.020383362141601635
-1 0.0 0 0 0.02701902009000509
-1 0.0 0 0 0.002757409880237838
nodes 29
2 0.34531310200691223 1 8 0.0
7 0.21800000220537186 2 5 -0.18538798208521848
49 0.1813126504421234 3 4 -0.11547005321775783
-1 0.0 0 0 -0.01819253524176542
-1 0.0 0 0 -0.00022968158013546454
1 0.13676539063453674 6 7 -0.3125997693301816
-1 0.0 0 0 -0.04750394825037691
-1 0.0 0 0 -0.026245933824580788
4 0.8102315664291382 9 10 0.09769032330431539
-1 0.0 0 0 -0.013470603886160804
49 -0.018195442855358124 11 12 0.12075130710915845
-1 0.0 0 0 -0.011332584355149436
2 0.4281599521636963 13 22 0.1375123038676177
34 0.04818181321024895 14 15 0.08157609558932813
-1 0.0 0 0 -0.013845540137839007
96 0.0746719241142273 16 21 0.11110348312518678
21 0.16908274590969086 17 20 0.1305770502201349
21 -0.09535784274339676 18 19 0.07860123740789957
-1 0.0 0 0 -0.033353237998087544
-1 0.0 0 0 0.009316896019175116
-1 0.0 0 0 0.02326797338868581
-1 0.0 0 0 -0.015428950336809813
2 0.5132841467857361 23 28 0.19552470220108487
59 0.07816049456596375 24 27 0.21061746152372227
89 -0.037231165915727615 25 26 0.2638612587133389
-1 0.0 0 0 0.032631895838428064
-1 0.0 0 0 0.014786990921361213
-1 0.0 0 0 0.011487689821152083
-1 0.0 0 0 -0.012812562024718269
nodes 29
2 0.32612961530685425 1 10 0.0
5 1.1767148971557617 2 5 -0.1986670707973
94 -0.14553166925907135 3 4 -0.030523949529020804
-1 0.0 0 0 0.01730108912858982
-1 0.0 0 0 -0.010010027605579185
1 0.13676539063453674 6 7 -0.2510436008565031
-1 0.0 0 0 -0.0401804544312567
21 0.09645739942789078 8 9 -0.21372626874462844
-1 0.0 0 0 -0.031179928317184566
-1 0.0 0 0 -0.016196600726036774
4 0.8972446322441101 11 18 0.07517139841745492
49 0.09092675149440765 12 17 -0.04074998598170209
2 0.40192925930023193 13 14 -0.15326346848192843
-1 0.0 0 0 -0.023093174527166294
6 0.9495151042938232 15 16 -0.024692037747950653
-1 0.0 0 0 -0.01707367542488233
-1 0.0 0 0 0.015253198071900897
-1 0.0 0 0 0.0031404608222786313
21 -0.014126992784440517 19 20 0.12018809800433668
-1 0.0 0 0 -0.008800713937076432
96 0.09601900726556778 21 28 0.13649658172443332
43 -0.04474553465843201 22 25 0.15038963570439762
27 -0.032732363790273666 23 24 0.1899991866438441
-1 0.0 0 0 0.00761676701604032
-1 0.0 0 0 0.02175407885479257
2 0.38800278306007385 26 27 0.07121983493705719
-1 0.0 0 0 -0.008153753605729142
-1 0.0 0 0 0.010816643955519895
-1 0.0 0 0 -0.010045142087871321
nodes 29
2 0.3824716806411743 1 16 0.0
6 0.9998196363449097 2 9 -0.11242818016394297
4 0.7350889444351196 3 4 -0.039818063231041256
-1 0.0 0 0 -0.020325428705264013
34 0.10117433965206146 5 6 0.0036972219834093055
-1 0.0 0 0 -0.012816768022824724
106 0.021962391212582588 7 8 0.04314576919842472
-1 0.0 0 0 -0.00547522798405073
-1 0.0 0 0 0.00954355031688988
4 0.9106736183166504 10 11 -0.2148131885020907
-1 0.0 0 0 -0.03192994089165363
6 1.0563884973526 12 15 -0.1389295363190492
96 -0.04007985442876816 13 14 -0.08840656177478207
-1 0.0 0 0 -0.0024735275679795836
-1 0.0 0 0 -0.023659479200055844
-1 0.0 0 0 -0.038030353487778494
6 0.8323132395744324 17 18 0.11155018505615628
-1 0.0 0 0 -0.016590302399206842
34 -0.07668910175561905 19 20 0.12740281770674353
-1 0.0 0 0 -0.023695713343770037
89 -0.1546171009540558 21 22 0.13586699241493683
-1 0.0 0 0 0.024506943949388058
49 0.09618797898292542 23 26 0.11006105913692349
43 -0.04367762804031372 24 25 0.04606042886424777
-1 0.0 0 0 0.010782388827101242
-1 0.0 0 0 -0.004348341161142758
80 0.0877002403140068 27 28 0.15232706857427533
-1 0.0 0 0 0.018294026798420984
-1 0.0 0 0 0.003220143420921983
nodes 29
2 0.3167288601398468 1 8 0.0
94 -0.1819509118795395 2 3 -0.1792862264289816
-1 0.0 0 0 0.005979088668664954
7 0.5060000121593475 4 7 -0.20963766155406682
49 0.1597096472978592 5 6 -0.18510588504372433
-1 0.0 0 0 -0.024122613927338055
-1 0.0 0 0 -0.011064505411263154
-1 0.0 0 0 -0.04022881083554353
49 0.02459252066910267 9 14 0.057595398121236846
2 0.400075227022171 10 11 -0.09603263562211622
-1 0.0 0 0 -0.02483994342662558
21 0.12772208452224731 12 13 -0.003703034434829487
-1 0.0 0 0 -0.01042866580100596
-1 0.0 0 0 0.012898032125642245
2 0.4177689552307129 15 24 0.08425531925584794
34 0.11998621001839638 16 19 0.031129176580502738
21 0.1750727891921997 17 18 -0.07685172720546958
-1 0.0 0 0 -0.013567482470620918
-1 0.0 0 0 0.005609992515676506
96 0.006559284869581461 20 23 0.0888183061220319
21 -0.01757693476974964 21 22 0.12588966244518318
-1 0.0 0 0 -0.01572527016861087
-1 0.0 0 0 0.015002206283268564
-1 0.0 0 0 -0.005339935129866458
89 -0.10059981048107147 25 28 0.14965816422030323
59 0.07816049456596375 26 27 0.22458116851556906
-1 0.0 0 0 0.028643732417174352
-1 0.0 0 0 0.01091786017578496
-1 0.0 0 0 0.010227490664730336
nodes 29
2 0.3824716806411743 1 16 0.0
49 0.11799216270446777 2 7 -0.09216866812390298
41 0.07339809834957123 3 4 -0.1846261172970579
-1 0.0 0 0 -0.026025670443840444
2 0.2984793782234192 5 6 -0.11973006086887228
-1 0.0 0 0 -0.025555578562136208
-1 0.0 0 0 -0.0036960948891494247
2 0.3039979040622711 8 11 -0.02797529917765637
29 0.15333649516105652 9 10 -0.12359358414968544
-1 0.0 0 0 -0.016950425216749724
-1 0.0 0 0 0.008174110824675602
106 -0.020773665979504585 12 13 0.04016192078813759
-1 0.0 0 0 -0.010862500051676705
34 0.1585826575756073 14 15 0.08679730720265315
-1 0.0 0 0 0.0004075175802584521
-1 0.0 0 0 0.016680478789593042
6 0.7987437844276428 17 18 0.09144888716052711
-1 0.0 0 0 -0.022421721635726838
0 0.5420362949371338 19 28 0.10279084745821532
5 1.5228288173675537 20 27 0.11045032775167415
58 0.060368794947862625 21 24 0.10307579158317921
43 -0.022528892382979393 22 23 0.05688148108890672
-1 0.0 0 0 0.009401593098698632
-1 0.0 0 0 -0.00399398830513955
89 -0.038252100348472595 25 26 0.15620662793441914
-1 0.0 0 0 0.019983332775025318
-1 0.0 0 0 0.007616803887736075
-1 0.0 0 0 0.04485069280047832
-1 0.0 0 0 -0.025884332162101027
nodes 29
2 0.3105638027191162 1 6 0.0
5 1.1767148971557617 2 3 -0.15485126366618396
-1 0.0 0 0 -0.0008134396702400154
7 0.6260000169277191 4 5 -0.1973326271882349
-1 0.0 0 0 -0.01813396518660694
-1 0.0 0 0 -0.047720116118775247
43 -0.023656856268644333 7 22 0.04457854530540809
21 -0.14419633150100708 8 9 0.08135304303527631
-1 0.0 0 0 -0.030470828631880456
34 -0.05074799805879593 10 11 0.08894380342810616
-1 0.0 0 0 -0.017141426313711693
27 -0.03144127130508423 12 13 0.09930587541610139
-1 0.0 0 0 -0.00042978388869970106
96 0.06085795536637306 14 21 0.1263347456760506
2 0.44513657689094543 15 20 0.1437857941523856
21 0.20103158056735992 16 19 0.11645244172089497
34 0.19423095881938934 17 18 0.08633153699472497
-1 0.0 0 0 0.004426014293222073
-1 0.0 0 0 0.016214720282057813
-1 0.0 0 0 0.02267974692648165
-1 0.0 0 0 0.022881429645940185
-1 0.0 0 0 -0.0022250939840444584
2 0.3982301354408264 23 24 -0.05318471729411858
-1 0.0 0 0 -0.017687626246227797
8 59.5 25 28 0.02335479196904035
49 -0.10754616558551788 26 27 0.04433386307372497
-1 0.0 0 0 -0.05609586937426156
-1 0.0 0 0 0.005389401178388135
-1 0.0 0 0 -0.028826178535858473
nodes 29
2 0.38800278306007385 1 16 0.0
49 0.08325910568237305 2 5 -0.07320332378152608
34 0.20714019238948822 3 4 -0.18337553931463138
-1 0.0 0 0 -0.02176923119007112
-1 0.0 0 0 -0.005680960911299705
96 -0.046563770622015 6 13 -0.028835769915707875
2 0.2968824505805969 7 10 0.01627314605847598
94 -0.14119945466518402 8 9 -0.07918168098796464
-1 0.0 0 0 0.008435585875413053
-1 0.0 0 0 -0.013784236343377132
21 0.14960481226444244 11 12 0.07779131978026216
-1 0.0 0 0 0.00021832893753934385
-1 0.0 0 0 0.017228508633073725
2 0.3118506669998169 14 15 -0.13090874431253827
-1 0.0 0 0 -0.023186617170511317
-1 0.0 0 0 -0.007722761759680893
7 0.02199999988079071 17 20 0.07980406226454674
6 0.9160948991775513 18 19 -0.008568375269208216
-1 0.0 0 0 -0.012278921639599729
-1 0.0 0 0 0.00608212169125907
104 0.01051025278866291 21 24 0.1157700122418916
70 0.0036957724951207638 22 23 0.0573934401619361
-1 0.0 0 0 -0.002932496673394964
-1 0.0 0 0 0.011365733500930437
89 -0.05637617036700249 25 28 0.16368725312080126
59 0.18561910092830658 26 27 0.21462643632890557
-1 0.0 0 0 0.023971697594308398
-1 0.0 0 0 -0.008097627030993142
-1 0.0 0 0 0.009871450183257953
nodes 29
2 0.3411175608634949 1 10 0.0
96 -0.07371680438518524 2 9 -0.09822884900317295
1 0.16825295984745026 3 4 -0.04351092242031218
-1 0.0 0 0 -0.018287187620054816
21 0.14327190816402435 5 6 0.0006123827224168981
-1 0.0 0 0 -0.008988493914353583
29 0.14857666194438934 7 8 0.08386757889541231
-1 0.0 0 0 0.002962821210712347
-1 0.0 0 0 0.02707440179159822
-1 0.0 0 0 -0.017813770093197095
49 -0.015116029419004917 11 14 0.048254566936388944
49 -0.09432274103164673 12 13 -0.13805870247183188
-1 0.0 0 0 -0.03400393163606679
-1 0.0 0 0 -0.008196408643636802
6 0.9199085235595703 15 18 0.0637927131281499
6 0.7316566109657288 16 17 -0.03073875284478932
-1 0.0 0 0 -0.026381837553726358
-1 0.0 0 0 -0.0009531398260036796
58 -0.028764575719833374 19 20 0.09116211212866941
-1 0.0 0 0 -0.0015802186603887066
89 0.009225456044077873 21 28 0.1164504440564251
18 0.06766070425510406 22 27 0.140662857166738
21 0.21111401915550232 23 26 0.15961259929894067
2 0.4442764222621918 24 25 0.13740115406680187
-1 0.0 0 0 0.010167108979474891
-1 0.0 0 0 0.020460606058803555
-1 0.0 0 0 0.027549119536197122
-1 0.0 0 0 0.0019256111862753164
-1 0.0 0 0 0.002308090953658333
nodes 29
2 0.38800278306007385 1 16 0.0
34 0.10008393228054047 2 5 -0.060871427575251186
37 -0.019110780209302902 3 4 -0.1579648158439408
-1 0.0 0 0 -0.011170131022872969
-1 0.0 0 0 -0.025375273047986237
96 -0.019569894298911095 6 15 -0.018626827402105996
2 0.2926456332206726 7 10 0.01667950768786363
29 0.15606865286827087 8 9 -0.07552302181206831
-1 0.0 0 0 -0.01146430932465444
-1 0.0 0 0 0.010704475023895776
21 -0.025799253955483437 11 12 0.06853299093357944
-1 0.0 0 0 -0.02248040353541857
43 0.03152899444103241 13 14 0.0911799402737618
-1 0.0 0 0 0.011056695226107019
-1 0.0 0 0 -0.014560405706035014
-1 0.0 0 0 -0.013003595566793973
2 0.5356968641281128 17 28 0.06636020027106121
6 0.9532519578933716 18 23 0.07090110287501784
8 58.5 19 22 0.00838384443043574
15 0.052183546125888824 20 21 0.03439008787621222
-1 0.0 0 0 -0.0004230324855838698
-1 0.0 0 0 0.014163677052048698
-1 0.0 0 0 -0.01737391124998039
5 1.396202564239502 24 27 0.11043787052283513
87 0.07719264179468155 25 26 0.10077477276502345
-1 0.0 0 0 0.013045835505011531
-1 0.0 0 0 -0.0004220243862510684
-1 0.0 0 0 0.04572302621356708
-1 0.0 0 0 -0.048330910957676165
nodes 29
2 0.3039979040622711 1 6 0.0
5 1.2502554655075073 2 5 -0.11580742281625887
94 -0.12974323332309723 3 4 -0.03403501343084932
-1 0.0 0 0 0.010573337978013051
-1 0.0 0 0 -0.009576481071702203
-1 0.0 0 0 -0.016974340735961373
21 0.06209590286016464 7 14 0.029666496296753806
34 0.05499843880534172 8 9 -0.05985540663227276
-1 0.0 0 0 -0.0193192826593207
89 0.07952684164047241 10 13 -0.02208247484866577
85 0.0030400760006159544 11 12 0.009374013649160942
-1 0.0 0 0 -0.008105624021035205
-1 0.0 0 0 0.006480777013014559
-1 0.0 0 0 -0.022118825423731434
96 0.10024803876876831 15 28 0.0596036698628748
58 0.06492225080728531 16 21 0.07223501180036773
43 -0.0317063108086586 17 20 0.027752830288423982
93 -0.003742340486496687 18 19 0.06407895145159807
-1 0.0 0 0 0.010900754820284495
-1 0.0 0 0 0.00046735256065910246
-1 0.0 0 0 -0.006135236861908097
70 -0.03903095796704292 22 23 0.12325473893387186
-1 0.0 0 0 0.002396877052470367
2 0.4502229541540146 24 27 0.1535702330062026
34 0.24447594583034515 25 26 0.12430107831645892
-1 0.0 0 0 0.009462080849973142
-1 0.0 0 0 0.02877456831927307
-1 0.0 0 0 0.025915186068445013
-1 0.0 0 0 -0.01428800227314666
nodes 29
2 0.3945130407810211 1 18 0.0
49 0.18235492706298828 2 11 -0.049250917289295516
34 0.19423095881938934 3 6 -0.09105923563950571
96 -0.1329512745141983 4 5 -0.13210562455258276
-1 0.0 0 0 -0.003606736130402719
-1 0.0 0 0 -0.017430507868793882
21 -0.07495424896478653 7 8 -0.003713344050322942
-1 0.0 0 0 -0.029312876872147054
2 0.2862556278705597 9 10 0.01431404289604941
-1 0.0 0 0 -0.011510517950011984
-1 0.0 0 0 0.006251481182262268
106 -0.00736585957929492 12 13 0.04005176533514674
-1 0.0 0 0 -0.007357463486754311
1 0.19903768599033356 14 15 0.07581387432053824
-1 0.0 0 0 -0.004857729334326775
21 0.20103158056735992 16 17 0.11180155915588412
-1 0.0 0 0 0.006640522231518908
-1 0.0 0 0 0.02297687647858157
6 0.7790522575378418 19 20 0.05995773321887855
-1 0.0 0 0 -0.0239789030964003
5 1.3897291421890259 21 28 0.06806748397836986
18 0.06766070425510406 22 27 0.058822103647142555
87 0.07838352769613266 23 26 0.0782700715066496
9 -0.043341927230358124 24 25 0.10498265003349475
-1 0.0 0 0 0.016105683438720333
-1 0.0 0 0 0.005761725349772068
-1 0.0 0 0 -0.0018474672766124454
-1 0.0 0 0 -0.006859098939420319
-1 0.0 0 0 0.03891432186546209
nodes 29
4 0.8972446322441101 1 8 0.0
6 0.9998196363449097 2 7 -0.06947310394847796
34 0.11998621001839638 3 6 -0.032665937751103796
43 -0.09327227622270584 4 5 -0.09724753044920567
-1 0.0 0 0 -0.001703034763759864
-1 0.0 0 0 -0.015252976422999408
-1 0.0 0 0 0.0012693369550223293
-1 0.0 0 0 -0.017831612757697037
6 1.0056984424591064 9 26 0.03660889905525329
21 0.20103158056735992 10 23 0.058365786268410345
34 -0.14054812490940094 11 12 0.03342355498744092
-1 0.0 0 0 -0.04869092262109937
99 -0.061049968004226685 13 14 0.03777095076881482
-1 0.0 0 0 -0.005506911053576807
27 -0.0748862475156784 15 16 0.06289704356842811
-1 0.0 0 0 -0.00989137536989725
9 -0.025159915909171104 17 20 0.08018120735349862
18 -0.04200734570622444 18 19 0.12576486510470447
-1 0.0 0 0 0.018088319863525118
-1 0.0 0 0 0.006834935600142912
49 -0.050049178302288055 21 22 0.02672499773204764
-1 0.0 0 0 -0.03144961385381481
-1 0.0 0 0 0.0037782264449083775
37 0.092315174639225 24 25 0.14741412945647206
-1 0.0 0 0 0.016103004634572326
-1 0.0 0 0 -0.01438081079496505
6 1.0921313762664795 27 28 -0.07171076509087902
-1 0.0 0 0 -0.004895901099816275
-1 0.0 0 0 -0.028722164420238262
nodes 29
2 0.2984793782234192 1 6 0.0
29 0.18422213196754456 2 5 -0.09629672814016173
7 0.5980000197887421 3 4 -0.11845359162776889
-1 0.0 0 0 -0.010329888053012139
-1 0.0 0 0 -0.03305518315743798
-1 0.0 0 0 0.008559767955164275
43 0.0026966675650328398 7 22 0.022330363657616783
58 -0.021127143874764442 8 9 0.04563341907972108
-1 0.0 0 0 -0.0037870968616014497
27 -0.03144127130508423 10 13 0.06850483171383795
89 -0.007858443073928356 11 12 -0.019349254295752873
-1 0.0 0 0 0.00225019797106854
-1 0.0 0 0 -0.012924023696616991
93 -0.016738345846533775 14 19 0.0919013667052395
21 0.06467130780220032 15 16 0.1341525210271053
-1 0.0 0 0 0.004296614827567163
18 -0.08155103027820587 17 18 0.16351249874749454
-1 0.0 0 0 0.023968358447635063
-1 0.0 0 0 0.01282325516741382
104 -0.11840683966875076 20 21 0.0425824848169944
-1 0.0 0 0 -0.014378809454435166
-1 0.0 0 0 0.005685376893614143
2 0.40192925930023193 23 24 -0.07634548387002991
-1 0.0 0 0 -0.016278197093676613
34 0.14466936886310577 25 28 -0.014779647713740273
0 0.537302553653717 26 27 -0.08327828205017018
-1 0.0 0 0 -0.005270158015689899
-1 0.0 0 0 -0.03986379917729281
-1 0.0 0 0 0.007727868771821639
nodes 29
2 0.4281599521636963 1 16 0.0
34 0.0463273786008358 2 3 -0.02910715184781082
-1 0.0 0 0 -0.015144195849322216
41 0.020234903320670128 4 7 -0.006166123732393097
106 -0.031702011823654175 5 6 -0.10006063426363686
-1 0.0 0 0 -0.020883695713891773
-1 0.0 0 0 -0.0061757726479998625
21 0.2351711243391037 8 15 0.021706413866289447
2 0.2794410288333893 9 10 0.0031592971477626074
-1 0.0 0 0 -0.00975499357388512
43 -0.005682202521711588 11 14 0.028352460097515336
42 -0.04462740942835808 12 13 0.051189187631215785
-1 0.0 0 0 0.009968526864136646
-1 0.0 0 0 8.802742452503464e-05
-1 0.0 0 0 -0.00822596562455692
-1 0.0 0 0 0.015271749184335904
104 0.040684282779693604 17 24 0.06728691294255151
70 -0.003080857452005148 18 21 0.01320878260626687
52 0.049535270780324936 19 20 -0.08118734128213306
-1 0.0 0 0 -0.0024105826664605912
-1 0.0 0 0 -0.024886205932999114
15 0.05556328594684601 22 23 0.06759864222019256
-1 0.0 0 0 0.0026680008110136484
-1 0.0 0 0 0.01818753968364755
53 -0.08813003450632095 25 28 0.1390812271938296
59 0.059021443128585815 26 27 0.03670262430581064
-1 0.0 0 0 0.014145120961563024
-1 0.0 0 0 -0.01062409421383968
-1 0.0 0 0 0.01899456859495478
nodes 29
49 0.09618797898292542 1 10 0.0
2 0.4281599521636963 2 5 -0.05572573892146447
41 0.1360849142074585 3 4 -0.09832106744398553
-1 0.0 0 0 -0.013117840565324675
-1 0.0 0 0 -0.0015567414974330064
2 0.5059531927108765 6 9 0.01962701748083912
53 -0.06924371421337128 7 8 0.047413786181685874
-1 0.0 0 0 -0.004190948931296093
-1 0.0 0 0 0.012135967746605953
-1 0.0 0 0 -0.019447618775014008
2 0.35520797967910767 11 18 0.03199127040194152
106 0.07049734145402908 12 13 -0.02182051694525112
-1 0.0 0 0 -0.007297359690289925
29 0.0897030457854271 14 17 0.040180694780812626
34 0.1952468603849411 15 16 -0.005562371093811398
-1 0.0 0 0 -0.008168175716065752
-1 0.0 0 0 0.009166274919317102
-1 0.0 0 0 0.015002266368068149
80 0.05603819340467453 19 24 0.06887801426508001
70 -0.005125413183122873 20 21 0.1053879418190918
-1 0.0 0 0 0.004054289421992103
27 -0.029050974175333977 22 23 0.1424609770553889
-1 0.0 0 0 0.0036852228756144184
-1 0.0 0 0 0.01719811091127046
96 0.10024803876876831 25 28 -0.009013271030339751
83 -0.06385929137468338 26 27 0.012319188420587414
-1 0.0 0 0 -0.012002041899828588
-1 0.0 0 0 0.005577563168569386
-1 0.0 0 0 -0.028061249506708713
nodes 29
21 0.18609517812728882 1 18 0.0
49 0.044580474495887756 2 3 -0.02386580520012605
-1 0.0 0 0 -0.010215926230471678
2 0.3432256877422333 4 7 -0.0024384337771175294
41 0.08992515504360199 5 6 -0.06627220155286583
-1 0.0 0 0 -0.012479938455628788
-1 0.0 0 0 -0.002070685063359882
27 0.019610892981290817 8 13 0.027490945944580847
83 0.002080885460600257 9 12 -0.02990924002058192
79 0.09205097705125809 10 11 -0.08171395533358948
-1 0.0 0 0 -0.005727511984140458
-1 0.0 0 0 -0.029842127631247575
-1 0.0 0 0 0.0023030277222159698
34 -0.014750909060239792 14 15 0.0647707153204895
-1 0.0 0 0 -0.01334006965766334
99 -0.045301128178834915 16 17 0.07908506105484418
-1 0.0 0 0 0.0005842464373322049
-1 0.0 0 0 0.010740456451360285
89 -0.07411938905715942 19 24 0.0683442454530698
1 0.2361474335193634 20 21 0.13212622127492832
-1 0.0 0 0 0.0010454358945068988
96 0.0023810151033103466 22 23 0.17086131146275163
-1 0.0 0 0 0.021355007433767545
-1 0.0 0 0 0.003750254678672948
77 0.011525307781994343 25 28 0.01344864412026676
37 -0.0858972817659378 26 27 0.0670695032554491
-1 0.0 0 0 0.014076742644288374
-1 0.0 0 0 0.00029751368727487623
-1 0.0 0 0 -0.006956104273656158
nodes 29
49 0.20368927717208862 1 24 0.0
2 0.4381830394268036 2 13 -0.019904455180865165
34 0.19945162534713745 3 10 -0.046542593820681925
21 0.21931111812591553 4 7 -0.0764217224890555
96 -0.05499299615621567 5 6 -0.09495877642228631
-1 0.0 0 0 -0.006246805433613102
-1 0.0 0 0 -0.014270302761283599
37 -0.03268071264028549 8 9 0.028193577093128894
-1 0.0 0 0 0.008714153907967282
-1 0.0 0 0 -0.009497093388079919
21 0.016271956264972687 11 12 0.023236145358532922
-1 0.0 0 0 -0.01274019335806659
-1 0.0 0 0 0.004688570592620785
2 0.49836939573287964 14 21 0.05016089320978068
53 -0.07768317312002182 15 18 0.07957235844210944
59 0.05618784949183464 16 17 0.001310090851502212
-1 0.0 0 0 0.0073501413238411285
-1 0.0 0 0 -0.008705316289232537
7 0.02199999988079071 19 20 0.12879442864387067
-1 0.0 0 0 0.0029651136799394937
-1 0.0 0 0 0.016873731320898255
6 0.8140664100646973 22 23 -0.11753685004518968
-1 0.0 0 0 -0.08930231291013435
-1 0.0 0 0 -0.009372483071361421
2 0.295565128326416 25 26 0.07586370902421764
-1 0.0 0 0 -0.001569536750095265
80 0.0877002403140068 27 28 0.10121584749561546
-1 0.0 0 0 0.013014378568876096
-1 0.0 0 0 -1.0795704148218513e-05
nodes 29
4 0.9268691539764404 1 12 0.0
6 0.9998196363449097 2 9 -0.04138421374191197
6 0.9267940521240234 3 4 -0.016722834666361958
-1 0.0 0 0 -0.007689859509449711
4 0.7350889444351196 5 6 0.023173528889944804
-1 0.0 0 0 -0.009023002538099808
21 -0.16412131488323212 7 8 0.04504334408926535
-1 0.0 0 0 -0.03519951409183073
-1 0.0 0 0 0.005086234320335405
2 0.4115924537181854 10 11 -0.11807747972637016
-1 0.0 0 0 -0.013494185886543122
-1 0.0 0 0 0.015528297182562462
104 -0.028649114072322845 13 18 0.032413378151096024
96 0.0536608062684536 14 17 -0.029388669532693878
70 0.06923899054527283 15 16 -0.006284822862750068
-1 0.0 0 0 -0.004371034508125774
-1 0.0 0 0 0.0077774974802443915
-1 0.0 0 0 -0.020560758822168415
21 0.21653962135314941 19 28 0.059801078524632026
85 -0.02227427251636982 20 21 0.041035235444706504
-1 0.0 0 0 -0.0032395603605211796
2 0.26604989171028137 22 23 0.06706910956042311
-1 0.0 0 0 -0.01168342294770339
34 0.008687829598784447 24 25 0.08003496830038313
-1 0.0 0 0 -0.007957462840899045
99 -0.061049968004226685 26 27 0.09489904046562546
-1 0.0 0 0 0.0005764961500559408
-1 0.0 0 0 0.011857562432711445
-1 0.0 0 0 0.015527667840252352
nodes 29
43 -0.057000406086444855 1 14 0.0
27 -0.032732363790273666 2 3 0.028374122344852745
-1 0.0 0 0 -0.004876538360865977
2 0.2775428891181946 4 5 0.04888058448385472
-1 0.0 0 0 -0.004631872339144723
58 0.0630563497543335 6 11 0.0646209271846899
34 -0.018927454948425293 7 8 0.0287189525243781
-1 0.0 0 0 -0.011831692844868381
106 0.011079734191298485 9 10 0.04174443275925645
-1 0.0 0 0 -0.001276823694812296
-1 0.0 0 0 0.007686883982741042
89 0.009225456044077873 12 13 0.10802860735512299
-1 0.0 0 0 0.013005558619644312
-1 0.0 0 0 0.0008152323680947366
2 0.3982301354408264 15 20 -0.04545721767700048
37 0.0016921639908105135 16 19 -0.08818616378201323
42 -0.04373830929398537 17 18 -0.0567117807934158
-1 0.0 0 0 -0.000581503140996775
-1 0.0 0 0 -0.011011386590375153
-1 0.0 0 0 -0.018130661771193584
7 0.041999999433755875 21 26 -0.000950925375630694
0 0.5561773777008057 22 25 -0.06261078554057485
93 0.061882443726062775 23 24 -0.05157456379529675
-1 0.0 0 0 -0.0021345429408761735
-1 0.0 0 0 -0.019079309426933894
-1 0.0 0 0 -0.04649933836869978
18 0.07679402083158493 27 28 0.04944609877540399
-1 0.0 0 0 0.007029757023809461
-1 0.0 0 0 -0.011637446209600166
nodes 29
21 0.12235009670257568 1 14 0.0
34 0.13434664905071259 2 7 -0.03659963528374208
43 0.0072660669684410095 3 6 -0.07969930514489354
2 0.44076260924339294 4 5 -0.0508674902932315
-1 0.0 0 0 -0.009017891862953884
-1 0.0 0 0 0.004341881968699296
-1 0.0 0 0 -0.016825676203929777
21 -0.10869596153497696 8 9 0.002599384375488675
-1 0.0 0 0 -0.02035961108451819
84 -0.008307982236146927 10 11 0.016401229596776958
-1 0.0 0 0 -0.005903068441200436
27 0.014977904036641121 12 13 0.04794640315899519
-1 0.0 0 0 -0.00143743279986271
-1 0.0 0 0 0.009022387003935256
96 0.06085795536637306 15 28 0.033048950617328925
89 -0.1546171009540558 16 19 0.04810476435342583
83 -0.021091314032673836 17 18 0.14483904324977587
-1 0.0 0 0 0.005127964161689843
-1 0.0 0 0 0.021227317129109982
100 0.0954832211136818 20 27 0.028006127501051758
2 0.3226681053638458 21 22 0.003991820614604112
-1 0.0 0 0 -0.006191367216313689
23 0.058418530970811844 23 26 0.029355890226217936
107 -0.008891803212463856 24 25 0.0576106551320249
-1 0.0 0 0 0.010109395720044587
-1 0.0 0 0 -0.0008515127856682459
-1 0.0 0 0 -0.0058025921475607445
-1 0.0 0 0 0.009589932702718733
-1 0.0 0 0 -0.010016509247156604
nodes 29
49 0.20368927717208862 1 24 0.0
2 0.4381830394268036 2 9 -0.01731579480813308
41 0.01786773093044758 3 4 -0.03863934702944898
-1 0.0 0 0 -0.010752711106114643
34 0.051506444811820984 5 6 -0.016597227049388118
-1 0.0 0 0 -0.010534042965913896
99 -0.00510368449613452 7 8 0.0009051149835325357
-1 0.0 0 0 -0.004545079659073761
-1 0.0 0 0 0.0035483745879501673
2 0.49836939573287964 10 19 0.038770785996707496
52 0.1024857833981514 11 18 0.06396766797877645
53 -0.16209544241428375 12 13 0.08349924755082613
-1 0.0 0 0 -0.00732116725917149
59 0.10708022117614746 14 17 0.10486406283951612
104 -0.040360432118177414 15 16 0.13675354028766967
-1 0.0 0 0 0.002172781283910171
-1 0.0 0 0 0.017497893701118795
-1 0.0 0 0 0.0010622875913333556
-1 0.0 0 0 -0.010784839084236773
6 0.8140664100646973 20 21 -0.10489632518176616
-1 0.0 0 0 -0.07822035367495006
107 0.0466625802218914 22 23 -0.08409898440238336
-1 0.0 0 0 -0.0015067805008951857
-1 0.0 0 0 -0.026514750191703684
99 -0.055165234953165054 25 26 0.065997305254059
-1 0.0 0 0 -0.001383211693579159
15 0.044520292431116104 27 28 0.09122548521667183
-1 0.0 0 0 0.0060193338029516305
-1 0.0 0 0 0.017398268108193036
nodes 29
89 -0.0409989058971405 1 22 0.0
21 0.17798924446105957 2 13 0.024962158302183887
43 -0.04474553465843201 3 12 0.0008831412685562699
85 0.010168316774070263 4 5 0.028131194220785326
-1 0.0 0 0 -0.002870043625200231
2 0.2794410288333893 6 7 0.059107833217231155
-1 0.0 0 0 -0.006652255705311311
70 -0.03468327969312668 8 9 0.07914637410146215
-1 0.0 0 0 -0.0011068560073423822
99 -0.03902503103017807 10 11 0.1058490758145888
-1 0.0 0 0 0.0025803943925060938
-1 0.0 0 0 0.01398249365112092
-1 0.0 0 0 -0.005462109504181328
2 0.2148454338312149 14 15 0.08423997835922155
-1 0.0 0 0 -0.00973216603322501
77 0.052450764924287796 16 21 0.10004299974991063
83 -0.06056245416402817 17 18 0.13069829406814862
-1 0.0 0 0 0.0025447091621090484
104 -0.09522291272878647 19 20 0.16198552751698425
-1 0.0 0 0 -0.0005789538255731503
-1 0.0 0 0 0.018307145723343434
-1 0.0 0 0 0.0011272672277687302
24 -0.01366877555847168 23 24 -0.039335186524601995
-1 0.0 0 0 -0.008744542075454475
27 -0.033997368067502975 25 26 -0.0037220972748250257
-1 0.0 0 0 -0.008528657950668726
34 0.0463273786008358 27 28 0.018668061381716224
-1 0.0 0 0 -0.007601775446654817
-1 0.0 0 0 0.004068274691410385
nodes 29
99 -0.045301128178834915 1 10 0.0
52 0.01956191100180149 2 7 -0.04926158477299695
2 0.41866058111190796 3 4 -0.0168068030819914
-1 0.0 0 0 -0.005414360110363014
82 0.027409018948674202 5 6 0.04856465924838638
-1 0.0 0 0 0.010636959690282381
-1 0.0 0 0 -0.005432234665405478
84 -0.06749187409877777 8 9 -0.10057889637769366
-1 0.0 0 0 -0.022905944461361565
-1 0.0 0 0 -0.007492626576544527
85 0.002025638008490205 11 16 0.018639537033479404
21 0.06953099370002747 12 13 -0.027400316155117867
-1 0.0 0 0 -0.00952438505735641
107 0.02106587216258049 14 15 -0.0007563754015608336
-1 0.0 0 0 0.003161387952363615
-1 0.0 0 0 -0.006519363897685371
2 0.30531132221221924 17 18 0.04471457274052614
-1 0.0 0 0 -0.003474815869484813
89 -0.05446525663137436 19 24 0.06544990653144583
21 0.13242296874523163 20 23 0.09912119431811293
34 0.2028307318687439 21 22 0.055251378830781656
-1 0.0 0 0 0.002582737510139356
-1 0.0 0 0 0.015563232046366253
-1 0.0 0 0 0.015026144050820795
6 0.8778034448623657 25 26 0.02172358837444235
-1 0.0 0 0 -0.013747121515903269
49 0.12185395509004593 27 28 0.043927313111427314
-1 0.0 0 0 -0.000729278123453862
-1 0.0 0 0 0.009520587788472883
nodes 29
87 0.11300212144851685 1 28 0.0
18 0.03296682611107826 2 25 0.011351604218282277
2 0.4398999512195587 3 12 0.029213475797499944
34 0.0910559743642807 4 5 0.009291550024323228
-1 0.0 0 0 -0.006032767616859929
49 0.17820046842098236 6 11 0.03502039448692503
73 0.01086083147674799 7 10 0.00430309792134787
6 1.0 8 9 0.030625269978838784
-1 0.0 0 0 0.005572316595686161
-1 0.0 0 0 -0.005233473090313161
-1 0.0 0 0 -0.005945765338589522
-1 0.0 0 0 0.009287328342392466
49 -0.16991260647773743 13 14 0.08910496993932612
-1 0.0 0 0 -0.08937951288836334
21 -0.22828105092048645 15 16 0.09254313444880875
-1 0.0 0 0 -0.06476749334091597
34 -0.2050442397594452 17 18 0.09662802493850403
-1 0.0 0 0 -0.07858693927037912
104 0.024881839752197266 19 22 0.09990469074142448
70 0.01740594394505024 20 21 0.04715229976800209
-1 0.0 0 0 -0.0033519139437025156
-1 0.0 0 0 0.01109583220639223
28 0.027758006006479263 23 24 0.15222856447488334
-1 0.0 0 0 0.020208253852446564
-1 0.0 0 0 0.00712535286737005
83 -0.023793701082468033 26 27 -0.04592065270053586
-1 0.0 0 0 -0.010293978855223523
-1 0.0 0 0 -0.0007579171195881763
-1 0.0 0 0 -0.007910663309014283
nodes 29
43 0.018629945814609528 1 26 0.0
93 0.08013942837715149 2 21 0.012027708419913246
27 -0.033997368067502975 3 4 0.024025559880260273
-1 0.0 0 0 -0.003940347961962728
99 -0.019418856129050255 5 12 0.0406490261718016
84 -0.045448966324329376 6 7 -0.0025160014793553067
-1 0.0 0 0 -0.008352260210628598
68 0.02489057555794716 8 11 0.018261314296102144
9 0.010651377961039543 9 10 0.04764604674342587
-1 0.0 0 0 0.00842422299088282
-1 0.0 0 0 -0.002662593467319626
-1 0.0 0 0 -0.004955611950232169
1 0.18258729577064514 13 14 0.06616828486895278
-1 0.0 0 0 -0.004459114052363116
105 -0.09409520775079727 15 16 0.07813955791320117
-1 0.0 0 0 -0.0010207184228952443
107 0.0466625802218914 17 20 0.09245219634995112
21 0.2608465552330017 18 19 0.11011373109250028
-1 0.0 0 0 0.010052680712109359
-1 0.0 0 0 0.023819479401823537
-1 0.0 0 0 0.002057759321895654
47 -0.05921700969338417 22 23 -0.06152142253813235
-1 0.0 0 0 -0.015167832375851939
100 0.15154610574245453 24 25 -0.03433342084574903
-1 0.0 0 0 -0.00510877018757956
-1 0.0 0 0 0.015552600207171308
58 0.147482767701149 27 28 -0.07087055137019782
-1 0.0 0 0 -0.008911786852351222
-1 0.0 0 0 0.004877292552723702
nodes 29
96 0.058299534022808075 1 26 0.0
21 0.14327190816402435 2 11 0.009685287862087865
34 0.15668877959251404 3 6 -0.016720907972390047
79 -0.0211593359708786 4 5 -0.048000433369738735
-1 0.0 0 0 -0.0011895212397468515
-1 0.0 0 0 -0.008758742750013154
21 -0.014126992784440517 7 8 0.023496628027766694
-1 0.0 0 0 -0.010005289923246322
87 0.06904500722885132 9 10 0.04511388385274149
-1 0.0 0 0 0.007323267520548076
-1 0.0 0 0 -0.0032776342840493892
75 0.044948406517505646 12 19 0.04423223457277008
89 -0.16034217178821564 13 14 0.0050425034220196625
-1 0.0 0 0 0.011991523309356288
37 0.03001842275261879 15 18 -0.015091023529951945
77 -0.030362365767359734 16 17 0.003268779382766426
-1 0.0 0 0 0.0058495187138488435
-1 0.0 0 0 -0.003659280101834526
-1 0.0 0 0 -0.012346267000698734
83 0.007538847159594297 20 21 0.08499407607120398
-1 0.0 0 0 0.0035089620922127934
87 0.13792970776557922 22 25 0.13925752369061306
2 0.2968824505805969 23 24 0.15591008050411478
-1 0.0 0 0 0.0019391780117476824
-1 0.0 0 0 0.018558967653877444
-1 0.0 0 0 -0.007530231926511297
84 -0.05507321283221245 27 28 -0.08530576619014113
-1 0.0 0 0 -0.01792203323871093
-1 0.0 0 0 -0.005294406745973393
nodes 29
24 -0.050953131169080734 1 6 0.0
37 -0.0688755065202713 2 5 -0.05047544487168472
77 0.07066816836595535 3 4 -0.0016831230282575611
-1 0.0 0 0 0.0024002332074059573
-1 0.0 0 0 -0.011072865445347567
-1 0.0 0 0 -0.009117249841263726
58 -0.021127143874764442 7 8 0.015871521250881912
-1 0.0 0 0 -0.00411336947738318
2 0.294132262468338 9 10 0.031124137324806463
-1 0.0 0 0 -0.003713849234383411
6 0.9133824110031128 11 14 0.0461028325526924
7 0.018000000156462193 12 13 -0.0248382542863377
-1 0.0 0 0 -0.009023714834295244
-1 0.0 0 0 0.0026732009528929574
5 1.2238537073135376 15 24 0.06369016419012645
52 0.016779635101556778 16 19 0.04360845171435521
2 0.4520031809806824 17 18 0.07178457498815136
-1 0.0 0 0 0.004541516518736192
-1 0.0 0 0 0.013812416167008035
15 -0.04278014972805977 20 21 -0.007715504590767623
-1 0.0 0 0 -0.009194765232241256
80 0.04988512769341469 22 23 0.03986750109516305
-1 0.0 0 0 0.008765057030614481
-1 0.0 0 0 -0.005477220987548887
2 0.3964132070541382 25 28 0.1326520516870245
41 0.16000503301620483 26 27 0.09044826561075894
-1 0.0 0 0 0.004660661951872236
-1 0.0 0 0 0.024952755009695807
-1 0.0 0 0 0.030123022919772265
nodes 29
49 0.20368927717208862 1 24 0.0
84 0.002023126697167754 2 7 -0.014012622738029631
52 0.016779635101556778 3 6 -0.05016460704603882
2 0.39544016122817993 4 5 -0.020865941426159634
-1 0.0 0 0 -0.0062328518057035
-1 0.0 0 0 0.0022016745914700785
-1 0.0 0 0 -0.009620427808213455
34 0.20500284433364868 8 21 0.007605057669496975
2 0.4398999512195587 9 14 -0.0128573407509449
33 0.014712932519614697 10 11 -0.036625398546955616
-1 0.0 0 0 -0.0014692025157393308
5 1.2450339794158936 12 13 -0.09659461189666892
-1 0.0 0 0 -0.01611206242425014
-1 0.0 0 0 -0.00248752163014068
53 -0.11094821989536285 15 16 0.04489859708520852
-1 0.0 0 0 -0.008251921175673018
52 0.07066600769758224 17 20 0.0875400981677661
10 -0.026944033801555634 18 19 0.11801664595161582
-1 0.0 0 0 0.00301927721354568
-1 0.0 0 0 0.017684795290452967
-1 0.0 0 0 -0.004984425755053248
21 0.016271956264972687 22 23 0.06679577875408572
-1 0.0 0 0 -0.006791445618888749
-1 0.0 0 0 0.009019935413357922
42 -0.09458326548337936 25 26 0.05340761787317048
-1 0.0 0 0 0.012172466816147668
15 0.00825305562466383 27 28 0.027472987232691017
-1 0.0 0 0 -0.0013589998170041684
-1 0.0 0 0 0.008349315862408389
nodes 29
104 -0.02959383837878704 1 8 0.0
96 0.006559284869581461 2 7 -0.03925256464233278
81 0.034824345260858536 3 6 -0.017158068659293847
37 -0.0829714983701706 4 5 0.006833897786544164
-1 0.0 0 0 0.005290664650567577
-1 0.0 0 0 -0.0028776321242847923
-1 0.0 0 0 -0.0075324774748707956
-1 0.0 0 0 -0.011424364963885283
2 0.44853663444519043 9 18 0.018272993672270112
21 0.2351711243391037 10 17 0.0017326355350714086
42 -0.04462740942835808 11 14 -0.010387980594185907
49 0.17720839381217957 12 13 0.020838180713091518
-1 0.0 0 0 -0.0007502642531904552
-1 0.0 0 0 0.008185934130730762
85 -2.195120259784744e-06 15 16 -0.04262650487285634
-1 0.0 0 0 -0.009478868047451107
-1 0.0 0 0 -0.0015285717110746465
-1 0.0 0 0 0.00943777330767491
53 -0.1636226326227188 19 22 0.07807920507384929
19 0.14121094346046448 20 21 -0.10560997016470643
-1 0.0 0 0 -0.014027231942265538
-1 0.0 0 0 0.04017516714246834
28 0.03840347006917 23 28 0.10029517675306497
82 0.09348364174365997 24 27 0.14331401169398908
60 -0.018652044236660004 25 26 0.17254939617866566
-1 0.0 0 0 0.0076347803599772675
-1 0.0 0 0 0.02178151187435705
-1 0.0 0 0 -0.0021552197614575198
-1 0.0 0 0 0.0016223421371205243
nodes 29
72 -0.06486807018518448 1 8 0.0
107 -0.01736431010067463 2 5 -0.060101863964281285
2 0.4314854145050049 3 4 -0.009568414632796021
-1 0.0 0 0 -0.004773431215350583
-1 0.0 0 0 0.007218258383824988
81 -0.010426212102174759 6 7 -0.1181718128502926
-1 0.0 0 0 -0.00432298358883448
-1 0.0 0 0 -0.01797211171232231
27 0.01691177673637867 9 14 0.011851426549941336
87 0.07838352769613266 10 13 -0.02289870906709326
106 -0.09703443199396133 11 12 -0.004316860709958097
-1 0.0 0 0 -0.013503800791234272
-1 0.0 0 0 0.0006658170376177638
-1 0.0 0 0 -0.0088131456529916
34 -0.03332540765404701 15 16 0.034653468546771767
-1 0.0 0 0 -0.009783354801201872
96 -0.0016442430205643177 17 26 0.0427480235968807
42 -0.045493558049201965 18 25 0.060976461029867625
47 -0.0707133412361145 19 22 0.09654119874460881
93 0.061882443726062775 20 21 -0.002118032935998114
-1 0.0 0 0 0.004762167147885547
-1 0.0 0 0 -0.02109717829123993
1 0.17810039222240448 23 24 0.11531968561735798
-1 0.0 0 0 -0.001227407449669251
-1 0.0 0 0 0.01304579283427538
-1 0.0 0 0 0.0025527916305209987
84 -0.04934750124812126 27 28 -0.01879665927464407
-1 0.0 0 0 -0.01317082850052298
-1 0.0 0 0 0.0017917528447660832
nodes 29
9 -0.024229267612099648 1 16 0.0
27 -0.050812870264053345 2 3 0.025025306717216794
-1 0.0 0 0 -0.0053385496241936566
2 0.3105638027191162 4 5 0.04110503395595368
-1 0.0 0 0 -0.0040348816744381006
84 -0.032386116683483124 6 9 0.05960637853296728
41 -0.013113133609294891 7 8 -0.012569870712016802
-1 0.0 0 0 -0.011799187208785705
-1 0.0 0 0 0.0015749122389246157
57 -0.1285126507282257 10 11 0.08231613239838496
-1 0.0 0 0 -0.006611972502938855
14 0.09091822803020477 12 15 0.09210291611269814
18 -0.05447026342153549 13 14 0.10396989876925967
-1 0.0 0 0 0.014954227986706706
-1 0.0 0 0 0.006650423105457346
-1 0.0 0 0 -0.0026561685009211145
43 -0.03400348126888275 17 28 -0.026856743299953034
83 -0.03336822986602783 18 23 -0.0056110217103418816
93 -0.04552306979894638 19 20 -0.0496267317756973
-1 0.0 0 0 0.0010157523969175186
1 0.28951823711395264 21 22 -0.08613744331498875
-1 0.0 0 0 -0.0023869368288630096
-1 0.0 0 0 -0.014338564864526874
89 0.013299450278282166 24 27 0.020350014915597597
15 -0.07118638604879379 25 26 0.04199891145055847
-1 0.0 0 0 -0.0030578939442636897
-1 0.0 0 0 0.006471197993944826
-1 0.0 0 0 -0.006200465853929006
-1 0.0 0 0 -0.007511640565465103
nodes 29
58 0.08956682682037354 1 16 0.0
37 -0.04826529324054718 2 11 -0.018010638296743795
21 0.21653962135314941 3 8 0.0067223362359291865
93 0.08013942837715149 4 7 -0.011722887223956454
18 -0.10731594264507294 5 6 0.0016043053863730057
-1 0.0 0 0 0.006118970268576076
-1 0.0 0 0 -0.0017067561785238416
-1 0.0 0 0 -0.009317094969087515
17 -0.038438357412815094 9 10 0.09728231940221099
-1 0.0 0 0 0.016494720952917513
-1 0.0 0 0 0.0031196988224582926
70 0.02023739367723465 12 13 -0.050190183883507454
-1 0.0 0 0 -0.009105098525104353
2 0.4045562446117401 14 15 -0.007096374529021856
-1 0.0 0 0 -0.006760993507517423
-1 0.0 0 0 0.005838342742073779
2 0.2698497176170349 17 18 0.03418049549851945
-1 0.0 0 0 -0.007440242361512764
89 -0.10059981048107147 19 24 0.050060738402172816
21 0.10224802047014236 20 23 0.10604130810086282
70 -0.019876832142472267 21 22 0.0317903099996311
-1 0.0 0 0 -0.010403653624340738
-1 0.0 0 0 0.008511286829660875
-1 0.0 0 0 0.01461955567104143
6 0.9377891421318054 25 26 0.014709219478483734
-1 0.0 0 0 -0.006012954254377214
80 0.11305075138807297 27 28 0.045710408069094786
-1 0.0 0 0 0.0066487086918925456
-1 0.0 0 0 -0.007346856906072896
nodes 29
43 -0.09048093110322952 1 12 0.0
2 0.25955942273139954 2 3 0.02582520249666507
-1 0.0 0 0 -0.005848792865495792
70 -0.0462266206741333 4 7 0.036864333413786914
49 0.02459252066910267 5 6 -0.02755450078517501
-1 0.0 0 0 -0.01791055774560503
-1 0.0 0 0 -0.0004124229446961222
79 -0.041192010045051575 8 9 0.05406880042445373
-1 0.0 0 0 0.009130664710305504
85 -0.011147988960146904 10 11 0.020836929656751088
-1 0.0 0 0 -0.004780986543292714
-1 0.0 0 0 0.004884127220710103
34 0.20062857866287231 13 26 -0.023690102581471518
89 -0.18988919258117676 14 17 -0.04140653604601908
2 0.41866058111190796 15 16 0.07841555312269981
-1 0.0 0 0 -0.0019962159757400634
-1 0.0 0 0 0.017554654383496487
52 0.018666857853531837 18 21 -0.052954281943334014
34 0.07645240426063538 19 20 -0.02743284814987721
-1 0.0 0 0 -0.007817330517360744
-1 0.0 0 0 0.00014934170660732543
5 1.2238537073135376 22 25 -0.09446265643587623
72 -0.07562839239835739 23 24 -0.13491353626288646
-1 0.0 0 0 -0.030535565605563267
-1 0.0 0 0 -0.010478828013538437
-1 0.0 0 0 -0.004125878986537509
21 -0.07495424896478653 27 28 0.03017839607181037
-1 0.0 0 0 -0.020718457782937655
-1 0.0 0 0 0.004231715402050299
nodes 29
24 -0.09561240673065186 1 2 0.0
-1 0.0 0 0 -0.006616589682750526
18 0.03296682611107826 3 26 0.008822369601444696
87 0.07838352769613266 4 25 0.02311493349992545
2 0.44076260924339294 5 18 0.03928724194904593
73 0.06407904624938965 6 17 0.021433481922994595
49 0.0854501873254776 7 8 0.0394719306549419
-1 0.0 0 0 -0.002108242320075358
2 0.19529688358306885 9 10 0.06166675652517141
-1 0.0 0 0 -0.012002870538144965
72 -0.13858062028884888 11 12 0.07024391763139762
-1 0.0 0 0 -0.013528302286943114
27 0.06813987344503403 13 14 0.07782554152118479
-1 0.0 0 0 0.0044286404810026745
34 0.11403685808181763 15 16 0.1279778348910677
-1 0.0 0 0 0.003185359900708476
-1 0.0 0 0 0.017337638278526857
-1 0.0 0 0 -0.0074916047376303
34 -0.08829432725906372 19 20 0.09450696895461988
-1 0.0 0 0 -0.028951315772770117
21 -0.22828105092048645 21 22 0.10300122552980177
-1 0.0 0 0 -0.06201456452409426
1 0.29600051045417786 23 24 0.1064826354829627
-1 0.0 0 0 0.07427562844008208
-1 0.0 0 0 0.010237200866285219
-1 0.0 0 0 -0.0035115380406670637
96 -0.07677773386240005 27 28 -0.03610296542862683
-1 0.0 0 0 0.0009836134976459962
-1 0.0 0 0 -0.007175164604486673
nodes 29
99 -0.045301128178834915 1 12 0.0
7 0.014000000432133675 2 5 -0.03863860061352059
84 -0.05810103192925453 3 4 -0.1193164607652256
-1 0.0 0 0 -0.02861205455060703
-1 0.0 0 0 -0.008477529675553342
37 0.06583234667778015 6 11 -0.023234554516876175
0 0.4475291669368744 7 8 -0.012429603767008109
-1 0.0 0 0 -0.0036016253065001428
104 0.014037818647921085 9 10 0.038957260008143056
-1 0.0 0 0 -0.0029024888514025907
-1 0.0 0 0 0.010577224513700974
-1 0.0 0 0 -0.012963154013616527
85 0.002025638008490205 13 18 0.014620025534289495
15 -0.03702105954289436 14 15 -0.021834942117525936
-1 0.0 0 0 -0.006741665126770562
21 0.0017747421516105533 16 17 0.007333248358920628
-1 0.0 0 0 -0.010871603492451398
-1 0.0 0 0 0.0022287799613370284
2 0.30531132221221924 19 20 0.03526658535989181
-1 0.0 0 0 -0.002125067381441448
105 -0.04679105058312416 21 22 0.05001443271875399
-1 0.0 0 0 -0.0003367119854095337
93 0.11175044625997543 23 28 0.07118843866704161
18 -0.12025944143533707 24 25 0.08154373675179634
-1 0.0 0 0 0.015190149971758824
89 0.009225456044077873 26 27 0.06249906434355603
-1 0.0 0 0 0.008122516553726698
-1 0.0 0 0 -0.0010101244604775004
-1 0.0 0 0 -0.00721494571697892
nodes 29
72 -0.053983159363269806 1 4 0.0
35 0.03489701822400093 2 3 -0.04706770059388626
-1 0.0 0 0 -0.008258094051613634
-1 0.0 0 0 0.00020706043897084872
106 0.021962391212582588 5 16 0.011480041217353307
2 0.4115924537181854 6 9 -0.018691814780065864
41 0.07433607429265976 7 8 -0.04765635283174699
-1 0.0 0 0 -0.008890279216066305
-1 0.0 0 0 -0.0011132965403853768
28 0.026833321899175644 10 15 0.022989670978222663
93 0.08013942837715149 11 14 0.06738678221000152
53 -0.09975900501012802 12 13 0.09560567270288997
-1 0.0 0 0 -0.001523313930938598
-1 0.0 0 0 0.014410318163004905
-1 0.0 0 0 -0.01021854496509337
-1 0.0 0 0 -0.004403266112019112
47 -0.055342867970466614 17 20 0.0336783347869201
2 0.5059531927108765 18 19 -0.024449942071640807
-1 0.0 0 0 -0.0017117433491375873
-1 0.0 0 0 -0.03921896248397317
27 -0.07112295180559158 21 22 0.05058334214510641
-1 0.0 0 0 -0.004722545187841801
95 -0.0012771525653079152 23 26 0.06312159058033183
34 0.17199264466762543 24 25 0.01379515236547418
-1 0.0 0 0 -0.003797688999995058
-1 0.0 0 0 0.00822086011678838
49 0.14830094575881958 27 28 0.08893899683476252
-1 0.0 0 0 0.00547592293189777
-1 0.0 0 0 0.012800609920473419
nodes 29
9 -0.04694864898920059 1 16 0.0
87 0.005516942590475082 2 9 0.0268373850568312
37 -0.06499826163053513 3 6 0.0593073803666037
18 0.047341238707304 4 5 0.1063201002335834
-1 0.0 0 0 0.0130862068935489
-1 0.0 0 0 -0.0007532807022634205
70 0.02398580126464367 7 8 0.014970727791823357
-1 0.0 0 0 -0.0035843540742634497
-1 0.0 0 0 0.006989853235049923
27 0.023369386792182922 10 13 -0.0038227036475453067
57 -0.05020923912525177 11 12 -0.04757629715192324
-1 0.0 0 0 -0.014561751050129324
-1 0.0 0 0 -0.0017577500692625748
2 0.3226681053638458 14 15 0.030284030602981488
-1 0.0 0 0 -0.006138833090173046
-1 0.0 0 0 0.005245586327491777
35 -0.021057162433862686 17 22 -0.019402875927008442
15 -0.07586084306240082 18 19 -0.06010619757547223
-1 0.0 0 0 -0.01369116104750828
72 -0.03811723738908768 20 21 -0.03528998799938086
-1 0.0 0 0 -0.01078536927686779
-1 0.0 0 0 -0.000933078040502076
83 -0.031526513397693634 23 24 -0.0008778947836357506
-1 0.0 0 0 -0.003945075796670288
100 0.1537669152021408 25 28 0.022092392596112252
89 -0.04783093184232712 26 27 0.01121268096092241
-1 0.0 0 0 0.0043809802117462235
-1 0.0 0 0 -0.0031051149938812993
-1 0.0 0 0 0.012982668495922632
nodes 29
104 -0.09522291272878647 1 2 0.0
-1 0.0 0 0 -0.006044632669929818
21 0.2511688768863678 3 24 0.00836544741683657
9 -0.024229267612099648 4 17 0.0012910345119259657
27 -0.03914494439959526 5 6 0.024545842100289775
-1 0.0 0 0 -0.003729437319810355
84 -0.032386116683483124 7 10 0.040274245203919305
97 0.11550071090459824 8 9 -0.015531037098466722
-1 0.0 0 0 0.000616387537427435
-1 0.0 0 0 -0.016283588757320718
2 0.3105638027191162 11 12 0.057672324100195446
-1 0.0 0 0 -0.0018315893244472319
6 0.9487624764442444 13 14 0.07394777878417354
-1 0.0 0 0 0.0023801974256482993
5 1.5364670753479004 15 16 0.10232544025744561
-1 0.0 0 0 0.009188327671958414
-1 0.0 0 0 0.030752758793772473
43 -0.04367762804031372 18 21 -0.024094417563224706
79 0.03673739731311798 19 20 -0.004109337815114448
-1 0.0 0 0 0.0013910688328784948
-1 0.0 0 0 -0.006447781084254985
52 -0.012831362895667553 22 23 -0.06303526974556459
-1 0.0 0 0 -0.0016771370885584847
-1 0.0 0 0 -0.010476705740717952
107 -0.011715831235051155 25 26 0.08692389282886992
-1 0.0 0 0 0.01526226620451989
77 0.013415713794529438 27 28 0.004463566892029416
-1 0.0 0 0 0.008451370495617947
-1 0.0 0 0 -0.012908608301267202
nodes 29
96 0.10024803876876831 1 28 0.0
49 0.20368927717208862 2 27 0.005129519659893058
6 0.9532519578933716 3 6 -0.006177952735544202
107 0.06122652068734169 4 5 -0.03960605937674211
-1 0.0 0 0 -0.0023529107806012023
-1 0.0 0 0 -0.011681084029574603
6 0.9998196363449097 7 18 0.011330328416017759
93 0.11699262261390686 8 17 0.03561134341742075
2 0.5356968641281128 9 16 0.04488482372449287
9 -0.013647081330418587 10 15 0.04733979238080506
2 0.295565128326416 11 12 0.07456595546181279
-1 0.0 0 0 -0.007567511333771888
5 1.2219624519348145 13 14 0.08646319547778855
-1 0.0 0 0 0.006323854659679215
-1 0.0 0 0 0.01902042888220157
-1 0.0 0 0 0.0009651251601595257
-1 0.0 0 0 -0.044697877832167734
-1 0.0 0 0 -0.009447172757130579
4 0.9969370365142822 19 24 -0.019055602147384314
2 0.42631056904792786 20 23 -0.051711321648915745
1 0.27769720554351807 21 22 -0.0681330511388678
-1 0.0 0 0 -0.003837366064093132
-1 0.0 0 0 -0.016286281094100637
-1 0.0 0 0 0.008298812689468216
7 0.7100000083446503 25 26 0.02401604652990041
-1 0.0 0 0 0.0032584952906104026
-1 0.0 0 0 -0.030167321317390472
-1 0.0 0 0 0.004801363120909709
-1 0.0 0 0 -0.009548875408000045
nodes 29
24 -0.04504632204771042 1 12 0.0
107 0.05977771431207657 2 7 -0.03648548456325639
37 -0.08017195016145706 3 4 -0.018900533976530475
-1 0.0 0 0 0.0022761950995153443
70 -0.11236562579870224 5 6 -0.048775970292339835
-1 0.0 0 0 -0.02003411180685008
-1 0.0 0 0 -0.0033945209935898587
2 0.4962959289550781 8 9 -0.10821593351268174
-1 0.0 0 0 -0.009087498892044538
42 -0.11282648891210556 10 11 -0.4053570303511805
-1 0.0 0 0 -0.10679015973375904
-1 0.0 0 0 -0.027902437986648373
87 0.11666929721832275 13 26 0.012741392828654705
58 -0.021127143874764442 14 15 0.021683051013720214
-1 0.0 0 0 -0.0027764602001223784
35 0.05909876897931099 16 23 0.0347563535536791
34 0.19423095881938934 17 20 0.015500811893439902
75 -0.007028157357126474 18 19 -0.0057267935057630165
-1 0.0 0 0 -0.005662468476419699
-1 0.0 0 0 0.0019261384097005404
106 0.07554037868976593 21 22 0.06357479347347399
-1 0.0 0 0 0.0020702218126380533
-1 0.0 0 0 0.011901788493804894
2 0.4610726535320282 24 25 0.07122170398464538
-1 0.0 0 0 0.005107322306326755
-1 0.0 0 0 0.019080637976373924
5 1.5516430139541626 27 28 -0.05404008423565141
-1 0.0 0 0 -0.007446297183274513
-1 0.0 0 0 0.011793865599262002
nodes 29
81 0.03913696110248566 1 22 0.0
27 -0.1041257232427597 2 3 0.013405670204205328
-1 0.0 0 0 -0.007687471777158447
106 -0.030328381806612015 4 9 0.01953557819603796
2 0.4281599521636963 5 6 -0.024810862362814098
-1 0.0 0 0 -0.006106941935647526
52 0.09683769196271896 7 8 0.042212530867892895
-1 0.0 0 0 0.006966199608908971
-1 0.0 0 0 -0.018323536115188607
85 -0.08342649787664413 10 11 0.03293671395965794
-1 0.0 0 0 -0.004820186609744379
2 0.2148454338312149 12 13 0.04154314223026662
-1 0.0 0 0 -0.008336673621129704
34 0.008687829598784447 14 15 0.04843981499561322
-1 0.0 0 0 -0.003825792940060074
29 0.16152752935886383 16 19 0.05765968431137241
26 0.07831991463899612 17 18 0.04940283830777173
-1 0.0 0 0 0.003255932044020528
-1 0.0 0 0 0.010727406926955313
1 0.3314063549041748 20 21 0.1470502988704376
-1 0.0 0 0 0.023671213738074237
-1 0.0 0 0 -0.00022675923838367938
15 0.007399098947644234 23 28 -0.033423093527722464
47 -0.06689061969518661 24 25 -0.06590391056495344
-1 0.0 0 0 -0.015977451970582934
85 0.03816618397831917 26 27 -0.043427648672064154
-1 0.0 0 0 -0.009319099473822033
-1 0.0 0 0 0.0009666775740266765
-1 0.0 0 0 0.0009784192758189507
nodes 29
43 -0.1183081865310669 1 10 0.0
89 0.07622063905000687 2 9 0.027165661840671592
2 0.26604989171028137 3 4 0.03544104590966725
-1 0.0 0 0 -0.004354708259294048
70 -0.037964750081300735 5 6 0.04813714897138166
-1 0.0 0 0 -0.0013947755485439702
42 -0.06742081791162491 7 8 0.06726122106193669
-1 0.0 0 0 0.011818123317802364
-1 0.0 0 0 0.0037210420530126363
-1 0.0 0 0 -0.00942030831196887
15 -0.029562566429376602 11 18 -0.015595379440158055
52 0.049535270780324936 12 13 -0.04547189107623102
-1 0.0 0 0 -0.0022550803297443907
5 1.200608730316162 14 17 -0.11185418317543513
93 0.041224200278520584 15 16 -0.1787267121608407
-1 0.0 0 0 -0.012316042147979378
-1 0.0 0 0 -0.035659077345297704
-1 0.0 0 0 -0.0035803071780268004
34 0.19945162534713745 19 28 0.005551655463409278
29 0.137434184551239 20 27 -0.012104379637025058
2 0.4237402677536011 21 22 -0.02627091203489054
-1 0.0 0 0 -0.006329493950839985
28 -0.046638354659080505 23 24 0.02736424785601545
-1 0.0 0 0 0.011403962114323058
18 0.08067496120929718 25 26 -0.011807231210449754
-1 0.0 0 0 0.0014941288746479588
-1 0.0 0 0 -0.022275578632532433
-1 0.0 0 0 0.0071466137993118975
-1 0.0 0 0 0.005658998807566785
nodes 29
6 0.8778034448623657 1 2 0.0
-1 0.0 0 0 -0.00582572585800659
99 -0.0919175073504448 3 6 0.0071863643588564955
5 1.2450339794158936 4 5 -0.04766932944931693
-1 0.0 0 0 -0.008043508425224962
-1 0.0 0 0 0.001859661378432688
41 0.0014913883060216904 7 14 0.015623076641305472
2 0.43238407373428345 8 9 -0.027595755209956583
-1 0.0 0 0 -0.006423242280271019
1 0.29346829652786255 10 11 0.03172991525366215
-1 0.0 0 0 0.11248531106393785
2 0.49836939573287964 12 13 0.02595955196558183
-1 0.0 0 0 0.005963436556937564
-1 0.0 0 0 -0.013702914123813692
21 0.2445645034313202 15 28 0.02689694034691324
9 -0.024229267612099648 16 27 0.018824471990934878
57 -0.0412469208240509 17 18 0.04223002377580422
-1 0.0 0 0 -0.0014236458276612892
2 0.315464049577713 19 20 0.06286476083158234
-1 0.0 0 0 -0.0010283416705828797
5 1.165569543838501 21 24 0.0849026213702867
80 0.05187734588980675 22 23 0.045437161210531325
-1 0.0 0 0 0.008241097967458295
-1 0.0 0 0 -0.0032512683232215735
85 0.002025638008490205 25 26 0.15517742394153985
-1 0.0 0 0 0.005575078225767619
-1 0.0 0 0 0.020424741076597905
-1 0.0 0 0 -0.0006906327973371071
-1 0.0 0 0 0.0106143264844156
nodes 29
22 -0.03955371305346489 1 10 0.0
72 -0.06486807018518448 2 3 0.027929744120097962
-1 0.0 0 0 -0.004809538169133738
93 -0.003742340486496687 4 7 0.044268573392108886
57 -0.03469257429242134 5 6 0.0774042735774974
-1 0.0 0 0 0.0020797152094075046
-1 0.0 0 0 0.01020961419570254
106 0.09212971478700638 8 9 0.00019055435090584012
-1 0.0 0 0 -0.002938316807973654
-1 0.0 0 0 0.007019618616453781
58 0.1429750770330429 11 24 -0.014213093475565597
6 0.9581364989280701 12 23 -0.02616312105357801
34 0.13913105428218842 13 22 -0.057125884533269826
3 0.5064206719398499 14 15 -0.09487611744473953
-1 0.0 0 0 0.0022288619025865866
107 -0.03837236762046814 16 19 -0.117528542526876
83 -0.09148521721363068 17 18 -0.05942279004565057
-1 0.0 0 0 -0.02405626730806007
-1 0.0 0 0 -0.002063206268189598
49 0.0941222682595253 20 21 -0.16785132265740518
-1 0.0 0 0 -0.027043186887856757
-1 0.0 0 0 -0.010172150240392856
-1 0.0 0 0 -0.002320796751148013
-1 0.0 0 0 -0.0007900244977965534
2 0.368681937456131 25 26 0.04597899296584217
-1 0.0 0 0 -0.0008370597468673346
80 0.16221144795417786 27 28 0.08888283428195606
-1 0.0 0 0 0.010446888861317283
-1 0.0 0 0 -0.018794836925231605
nodes 29
104 -0.02959383837878704 1 4 0.0
81 -0.02165975049138069 2 3 -0.02909346505186376
-1 0.0 0 0 0.0007623690232595196
-1 0.0 0 0 -0.006233314983523343
2 0.44853663444519043 5 20 0.013543693192716248
29 0.20771723985671997 6 19 0.0006775208618111748
5 1.247575283050537 7 14 -0.0043927529231750405
14 0.014386788010597229 8 11 -0.024171779821898352
22 0.01937265880405903 9 10 -0.0030877962154904942
-1 0.0 0 0 0.002757973263400665
-1 0.0 0 0 -0.004906059983659361
21 0.18504104018211365 12 13 -0.08199510640716576
-1 0.0 0 0 -0.011861490402949376
-1 0.0 0 0 0.0016366128709508954
2 0.2698497176170349 15 16 0.03078593299989341
-1 0.0 0 0 -0.0062660477020040255
4 0.9279977679252625 17 18 0.05761810616526238
-1 0.0 0 0 0.0020817649228744694
-1 0.0 0 0 0.013350684814829135
-1 0.0 0 0 0.014313924182646199
53 -0.1636226326227188 21 22 0.06006487586413193
-1 0.0 0 0 -0.009853491640232248
34 -0.2050442397594452 23 24 0.07924645522908452
-1 0.0 0 0 -0.07286051761937039
26 0.0571797676384449 25 28 0.0828150306001829
82 0.07363218814134598 26 27 0.04433555240535749
-1 0.0 0 0 0.00758898180711177
-1 0.0 0 0 -0.007786945586031863
-1 0.0 0 0 0.015364657549018175
nodes 29
81 0.14788803458213806 1 28 0.0
18 0.03296682611107826 2 19 0.004161406277689392
87 0.07969692349433899 3 18 0.015504249072871686
98 0.1054271012544632 4 17 0.02715709786061718
6 0.7661007046699524 5 6 0.03495067072592863
-1 0.0 0 0 -0.01235962250542243
24 -0.0836266502737999 7 8 0.03938152263294483
-1 0.0 0 0 -0.002328598840885593
58 0.05029449984431267 9 12 0.050111238873591556
21 0.21931111812591553 10 11 0.02104613475118721
-1 0.0 0 0 0.0005242827980879402
-1 0.0 0 0 0.010655974817464912
2 0.25739794969558716 13 14 0.07634256244982543
-1 0.0 0 0 -0.0029352361547289544
105 0.00805180985480547 15 16 0.08948061134617881
-1 0.0 0 0 0.005478532680738538
-1 0.0 0 0 0.012590239681823946
-1 0.0 0 0 -0.005223278070712815
-1 0.0 0 0 -0.0027526804714505097
15 0.05442061647772789 20 27 -0.03168337748869556
5 1.209924578666687 21 24 -0.051462878729554025
96 -0.02192750945687294 22 23 -0.08674123399327874
-1 0.0 0 0 -0.004477299471321811
-1 0.0 0 0 -0.016427416384872825
6 0.8269710540771484 25 26 -0.004318637168553612
-1 0.0 0 0 -0.014426303553069012
-1 0.0 0 0 0.0017168296404628716
-1 0.0 0 0 0.003204451995638312
-1 0.0 0 0 -0.009232378485539256
nodes 29
9 0.09433812648057938 1 28 0.0
104 -0.12662509083747864 2 3 0.006009990496540004
-1 0.0 0 0 -0.007206095454165881
43 0.042699869722127914 4 27 0.011600678457922977
27 -0.07915697246789932 5 8 0.018447076899857986
5 1.3647352457046509 6 7 -0.04984286461648294
-1 0.0 0 0 -0.008138233820494205
-1 0.0 0 0 0.004561903446720134
99 0.019882287830114365 9 22 0.025999441858509706
68 0.023917363956570625 10 21 0.0048565729440506805
84 -0.006134689319878817 11 14 0.026266766814045946
17 -0.1023906022310257 12 13 -0.022412216432724633
-1 0.0 0 0 0.011050189450027982
-1 0.0 0 0 -0.004439265075098077
21 0.016271956264972687 15 16 0.0494886072019093
-1 0.0 0 0 -0.007266342136470372
2 0.2698497176170349 17 18 0.06253783618380486
-1 0.0 0 0 -0.0045729051533770024
26 0.028419798240065575 19 20 0.07670520654013877
-1 0.0 0 0 0.004130367220232747
-1 0.0 0 0 0.01226719046650403
-1 0.0 0 0 -0.004031308943063119
41 -0.09639747440814972 23 24 0.05110618239132755
-1 0.0 0 0 -0.0098204638196118
105 -0.12194018810987473 25 26 0.05593801204900174
-1 0.0 0 0 -0.0036551809737813442
-1 0.0 0 0 0.006427373716802617
-1 0.0 0 0 -0.005315501508450023
-1 0.0 0 0 -0.006365490547124497
nodes 29
89 -0.14799652993679047 1 10 0.0
21 0.08850274980068207 2 5 0.03863575854116197
79 0.06904160976409912 3 4 -0.018894608435823974
-1 0.0 0 0 0.0006452263266987571
-1 0.0 0 0 -0.01682891788041083
58 0.14898978173732758 6 9 0.06676530770699175
2 0.45285412669181824 7 8 0.04502734405957464
-1 0.0 0 0 0.0019868547479939677
-1 0.0 0 0 0.014824685329131341
-1 0.0 0 0 0.017003487387304013
72 0.01018807478249073 11 16 -0.009423449571083162
7 0.018000000156462193 12 13 -0.035139254906091294
-1 0.0 0 0 -0.009516428198426158
106 -0.005149593576788902 14 15 -0.02064727796300742
-1 0.0 0 0 -0.006098239223009283
-1 0.0 0 0 -0.00013210118916412225
49 0.11799216270446777 17 18 0.010180363273358778
-1 0.0 0 0 -0.0017245984020139767
42 -0.06090825796127319 19 22 0.033790472065669284
33 -0.04130486026406288 20 21 0.07208567545686874
-1 0.0 0 0 0.011900232467652467
-1 0.0 0 0 0.0019109434681470556
2 0.34826910495758057 23 24 0.005092981820112628
-1 0.0 0 0 -0.005254136421382171
80 0.14120720326900482 25 28 0.0389644244756777
15 -0.028574055060744286 26 27 0.059406407446028736
-1 0.0 0 0 -0.0006833073925522613
-1 0.0 0 0 0.010495566855390017
-1 0.0 0 0 -0.015666657662141825
nodes 29
37 0.0090972064062953 1 22 0.0
21 0.22985096275806427 2 19 0.010091035994026526
80 0.14120720326900482 3 18 0.0018147812971047994
93 0.11175044625997543 4 17 0.009030103045640527
85 -0.03893343359231949 5 6 0.015782343388969344
-1 0.0 0 0 -0.0031741667703796238
2 0.295565128326416 7 8 0.02773920398095089
-1 0.0 0 0 -0.0031088088190752076
6 0.9199085235595703 9 10 0.040354569362332365
-1 0.0 0 0 -0.002233919671765116
5 1.2219624519348145 11 14 0.05845313716105572
82 0.09348364174365997 12 13 0.03471475409174791
-1 0.0 0 0 0.005258634252603477
-1 0.0 0 0 -0.006112163888711539
2 0.37787532806396484 15 16 0.13749637641473067
-1 0.0 0 0 0.008256321292918324
-1 0.0 0 0 0.026157506254342364
-1 0.0 0 0 -0.007168548751279389
-1 0.0 0 0 -0.007409099290430508
77 -0.031295113265514374 20 21 0.06636225264167875
-1 0.0 0 0 0.01338743879999918
-1 0.0 0 0 0.0009769731495677789
70 -0.037964750081300735 23 24 -0.03505497294985273
-1 0.0 0 0 -0.010714170893056083
2 0.4028462767601013 25 26 -0.006781526891271677
-1 0.0 0 0 -0.005685904420561495
1 0.2985428273677826 27 28 0.04556064247996228
-1 0.0 0 0 0.044216310414686155
-1 0.0 0 0 0.0034712597134015154
nodes 29
24 0.03759782016277313 1 14 0.0
72 -0.053983159363269806 2 5 -0.015200544197789581
40 -0.07557858526706696 3 4 -0.06683779962586489
-1 0.0 0 0 -0.017537994045888967
-1 0.0 0 0 -0.004644047016101775
68 0.058169782161712646 6 13 -0.002561508584308776
26 0.027503950521349907 7 8 0.011094970640735224
-1 0.0 0 0 -0.0014012102269159055
88 -0.12122088670730591 9 10 0.045703976128769384
-1 0.0 0 0 -0.009887373509895159
2 0.3390514850616455 11 12 0.056392406895432234
-1 0.0 0 0 -0.0009723024715960739
-1 0.0 0 0 0.008353250243736848
-1 0.0 0 0 -0.005078387779185772
2 0.46876227855682373 15 18 0.022070307462393943
42 -0.0029378135222941637 16 17 0.012226178068877344
-1 0.0 0 0 0.0033144030087682084
-1 0.0 0 0 -0.002830890749717706
49 -0.12260763347148895 19 20 0.09379525023165283
-1 0.0 0 0 -0.056242316208280074
28 0.07717492431402206 21 28 0.10491300019235225
104 -0.010918102227151394 22 27 0.14608089193347515
93 0.12889938056468964 23 26 0.03672804934616576
20 0.05191878601908684 24 25 0.07877515997428193
-1 0.0 0 0 0.01665676420989551
-1 0.0 0 0 -0.013936848674547392
-1 0.0 0 0 -0.04768182144418938
-1 0.0 0 0 0.02057797362019581
-1 0.0 0 0 -0.005600084845905507
nodes 29
62 0.05194362998008728 1 24 0.0
14 0.08050141483545303 2 23 0.010881100496284117
93 -0.04645346850156784 3 10 0.0192320161235119
2 0.2984793782234192 4 5 0.04787473103109467
-1 0.0 0 0 -0.003041372977970972
18 -0.08155103027820587 6 7 0.06346859509757061
-1 0.0 0 0 0.011422274060713788
5 1.8061821460723877 8 9 0.03660217640325507
-1 0.0 0 0 0.0028266462473556316
-1 0.0 0 0 0.023823918429475878
34 0.2496463805437088 11 22 0.0007853264073699217
29 0.16438566148281097 12 21 -0.01005913861054712
59 -0.10049830377101898 13 14 -0.018474653682833183
-1 0.0 0 0 -0.014039590991298524
108 0.0014303112402558327 15 20 -0.01117067269690452
2 0.46876227855682373 16 17 -0.04911129262900156
-1 0.0 0 0 -0.006723225320939017
39 0.2544487416744232 18 19 0.0615393246170546
-1 0.0 0 0 0.007729946642274979
-1 0.0 0 0 -0.10128912123972955
-1 0.0 0 0 0.0012586341533948888
-1 0.0 0 0 0.008215890525023266
-1 0.0 0 0 0.006452518041801041
-1 0.0 0 0 -0.005411556614155783
20 0.0273368451744318 25 26 -0.030532846703158693
-1 0.0 0 0 -0.005596770830871961
22 0.09058675169944763 27 28 0.005766753938348047
-1 0.0 0 0 0.0026223647895936408
-1 0.0 0 0 -0.01241129964291783
nodes 29
5 1.5828040838241577 1 20 0.0
43 -0.1183081865310669 2 3 -0.006259546339359301
-1 0.0 0 0 0.002268936062927912
52 0.05425237491726875 4 19 -0.02311780444840995
2 0.43238407373428345 5 10 -0.00889075288075719
73 -0.02227126993238926 6 9 -0.029264781794481262
34 0.06408421695232391 7 8 0.005944425128693442
-1 0.0 0 0 -0.009741988172164547
-1 0.0 0 0 0.002715007659996666
-1 0.0 0 0 -0.007903236839434865
28 -0.046638354659080505 11 12 0.028697016754283846
-1 0.0 0 0 0.010086945997671532
18 0.14302054047584534 13 18 -0.004575538589556957
48 0.07693305611610413 14 15 0.00593241156893494
-1 0.0 0 0 0.003965062837362559
53 -0.06734329462051392 16 17 -0.09006941684106651
-1 0.0 0 0 -0.02174024482610015
-1 0.0 0 0 0.0005494065712253596
-1 0.0 0 0 -0.03240868544027368
-1 0.0 0 0 -0.006994594965160757
2 0.289504736661911 21 22 0.05285970426354797
-1 0.0 0 0 -0.0042812779276119655
6 0.6746454834938049 23 24 0.11879862080652247
-1 0.0 0 0 -0.015888776776792086
2 0.4115924537181854 25 28 0.16018432821459255
4 0.9012946486473083 26 27 0.1258771822856585
-1 0.0 0 0 0.007073663351122916
-1 0.0 0 0 0.024129077427034892
-1 0.0 0 0 0.058910857100431036
nodes 29
106 -0.06377817690372467 1 6 0.0
2 0.4177689552307129 2 3 -0.04398922221652207
-1 0.0 0 0 -0.008074848454085707
89 -0.19908998906612396 4 5 0.008605383485134926
-1 0.0 0 0 0.025653762666347536
-1 0.0 0 0 -0.0016549888675003916
47 -0.01552473846822977 7 12 0.00723131550531579
5 1.5681183338165283 8 11 -0.020387972688205476
93 0.05676477402448654 9 10 -0.030539973489183844
-1 0.0 0 0 -0.0013638861299118156
-1 0.0 0 0 -0.009598478857939975
-1 0.0 0 0 0.0062871581178151744
59 0.18341274559497833 13 26 0.024199326107561238
49 0.010477112606167793 14 15 0.03254160042015123
-1 0.0 0 0 -0.004136304096335644
29 0.20771723985671997 16 25 0.04278551344807939
85 -0.10533060878515244 17 18 0.036513324530165606
-1 0.0 0 0 -0.006075397815509597
2 0.27179768681526184 19 20 0.04320019301017641
-1 0.0 0 0 -0.0027504917921628313
62 0.03088798187673092 21 22 0.053834719145188205
-1 0.0 0 0 0.007388809995475675
20 0.08814425766468048 23 24 0.014240556453321998
-1 0.0 0 0 -0.0010093720966799567
-1 0.0 0 0 0.011765542501189975
-1 0.0 0 0 0.016823553279035296
1 0.35892099142074585 27 28 -0.05386818368332912
-1 0.0 0 0 0.00038453588530081847
-1 0.0 0 0 -0.01777825544231122
nodes 29
7 0.722000002861023 1 28 0.0
5 1.5828040838241577 2 17 0.0010365764537552705
87 0.11300212144851685 3 16 -0.0050496849013349915
58 0.07373163104057312 4 11 0.002900132412306015
43 -0.0317063108086586 5 10 -0.014688536064676039
42 -0.05473131686449051 6 7 0.0011757180262717771
-1 0.0 0 0 0.003338925515921114
83 0.06769949942827225 8 9 -0.024639312471974522
-1 0.0 0 0 -0.004462765939298514
-1 0.0 0 0 0.004505165134348701
-1 0.0 0 0 -0.005411910656971188
89 0.009225456044077873 12 15 0.02814527711937484
57 -0.05755681172013283 13 14 0.04085074146641601
-1 0.0 0 0 -0.001869330987816305
-1 0.0 0 0 0.005588815194063072
-1 0.0 0 0 -0.0028973787276783507
-1 0.0 0 0 -0.006046565236310123
2 0.294132262468338 18 19 0.05348073296867759
-1 0.0 0 0 -0.0021249344872761727
6 0.6746454834938049 20 21 0.10814544153840548
-1 0.0 0 0 -0.015295553611593796
2 0.4272238612174988 22 27 0.1482567520994139
59 -0.0655573159456253 23 24 0.12440044090278893
-1 0.0 0 0 -0.007257281299244904
4 0.9012946486473083 25 26 0.15862628998387637
-1 0.0 0 0 0.010625127392858556
-1 0.0 0 0 0.026575186277947117
-1 0.0 0 0 0.06794073578897412
-1 0.0 0 0 -0.030294479980868157
nodes 29
81 0.03913696110248566 1 18 0.0
79 0.030727380886673927 2 17 0.011047732255449444
100 0.1732122153043747 3 16 0.02257630200581641
24 0.0695284754037857 4 15 0.017147693953294053
107 0.05977771431207657 5 12 0.0030946115236101805
0 0.4539378881454468 6 7 0.01552304818630195
-1 0.0 0 0 -0.00014955377497454455
60 0.03595682606101036 8 11 0.058048437999609674
70 -0.10743126273155212 9 10 0.009614341866046268
-1 0.0 0 0 -0.021685119099931274
-1 0.0 0 0 0.0032581365246259564
-1 0.0 0 0 0.011743075066533326
2 0.4962959289550781 13 14 -0.059091592226670486
-1 0.0 0 0 -0.004324035949226749
-1 0.0 0 0 -0.034446458667904765
-1 0.0 0 0 0.005112999484219334
-1 0.0 0 0 0.011269191208917584
-1 0.0 0 0 -0.00230679321314744
32 -0.06543604284524918 19 24 -0.027544269202489386
66 -0.031766314059495926 20 21 0.01940030941085387
-1 0.0 0 0 -0.005638529014910621
34 0.19325050711631775 22 23 0.07048640386134834
-1 0.0 0 0 0.0020158235889260897
-1 0.0 0 0 0.015717607118169035
72 -0.09269102662801743 25 26 -0.04761287758247302
-1 0.0 0 0 -0.014853287161323923
80 0.11954407393932343 27 28 -0.03464150637446683
-1 0.0 0 0 -0.0019998143866064508
-1 0.0 0 0 -0.01245431626584748
nodes 29
9 0.09433812648057938 1 28 0.0
104 0.06351342052221298 2 19 0.005290632468478507
47 -0.061730191111564636 3 8 -0.006662753356139879
5 1.4667041301727295 4 7 -0.04942548070936633
70 0.08793240785598755 5 6 -0.0666574786946935
-1 0.0 0 0 -0.009238940042303091
-1 0.0 0 0 0.0013251179113866673
-1 0.0 0 0 0.005196821827959947
106 0.02098114788532257 9 10 0.004970425508222807
-1 0.0 0 0 -0.0026587073067514642
29 0.1587531417608261 11 16 0.027192648633887477
34 0.20500284433364868 12 13 0.017411082354716115
-1 0.0 0 0 -0.00013073914717769584
108 -0.032537706196308136 14 15 0.06451013094103018
-1 0.0 0 0 -0.004896855971125853
-1 0.0 0 0 0.00942361226158827
37 -0.014778689481317997 17 18 0.11896564499831377
-1 0.0 0 0 0.016317307688991135
-1 0.0 0 0 -0.004957518908840202
2 0.45377564430236816 20 23 0.03341565274076515
95 0.02379635162651539 21 22 0.013697501279518076
-1 0.0 0 0 -0.0023301563979937594
-1 0.0 0 0 0.004561907951799108
107 0.109726682305336 24 27 0.10757574440004658
12 0.019017795100808144 25 26 0.130418932273219
-1 0.0 0 0 0.007107505240464116
-1 0.0 0 0 0.02114127836098205
-1 0.0 0 0 -0.01495690921080205
-1 0.0 0 0 -0.005603581311985779
nodes 29
2 0.5356968641281128 1 28 0.0
99 -0.045301128178834915 2 5 0.0010629977927219673
7 0.014000000432133675 3 4 -0.027145691647163656
-1 0.0 0 0 -0.009433504911121677
-1 0.0 0 0 -0.001437585294404439
75 -0.09121035784482956 6 7 0.011733665454374011
-1 0.0 0 0 -0.005153816610669622
24 -0.15569449961185455 8 9 0.01797303385254166
-1 0.0 0 0 -0.009248597206877896
85 0.0009711422026157379 10 11 0.021926321845915333
-1 0.0 0 0 -0.00043006781307165467
13 -0.13911433517932892 12 13 0.03664113605952755
-1 0.0 0 0 -0.0067672412783649355
83 -0.06385929137468338 14 15 0.0431775916863992
-1 0.0 0 0 -0.00018048986814784437
2 0.34732648730278015 16 23 0.05829262517859259
94 -0.1164960041642189 17 22 0.01832356555741572
29 0.053680215030908585 18 19 0.11076208547430795
-1 0.0 0 0 -0.0032482148991756035
2 0.22262179851531982 20 21 0.1816888423458542
-1 0.0 0 0 -0.002726003061817677
-1 0.0 0 0 0.02732179298047927
-1 0.0 0 0 -0.0013430026116252544
5 1.2780197858810425 24 25 0.07854510047010538
-1 0.0 0 0 0.006488138655372623
6 0.8269710540771484 26 27 0.1728906030855695
-1 0.0 0 0 -0.0009167600385579877
-1 0.0 0 0 0.023788938638914403
-1 0.0 0 0 -0.027010993054136637
nodes 29
22 -0.03955371305346489 1 6 0.0
72 -0.06486807018518448 2 3 0.02346576329646337
-1 0.0 0 0 -0.0036967508665266997
93 -0.003742340486496687 4 5 0.036453691989679626
-1 0.0 0 0 0.006306864125485166
-1 0.0 0 0 0.00010497550296207648
58 0.1429750770330429 7 28 -0.011941429911919219
5 1.2383124828338623 8 27 -0.021284143408600055
87 -0.013723155483603477 9 16 -0.038219614403352496
98 -0.014645613729953766 10 13 -0.00400391309866744
2 0.41866058111190796 11 12 0.03438797084997356
-1 0.0 0 0 -0.0018523277092038445
-1 0.0 0 0 0.009032925243966426
34 0.08399419486522675 14 15 -0.04428947222691901
-1 0.0 0 0 -0.013799217118157318
-1 0.0 0 0 -0.0006598394324370706
100 0.15902020037174225 17 26 -0.061535889714017515
96 0.11524312198162079 18 25 -0.07189664791565999
49 0.09618797898292542 19 22 -0.06412797770227027
81 0.10603481531143188 20 21 -0.11563967626834665
-1 0.0 0 0 -0.00963488742879579
-1 0.0 0 0 -0.029182510978666254
103 -0.04152838885784149 23 24 -0.03686617642259427
-1 0.0 0 0 0.003667746629352673
-1 0.0 0 0 -0.006869651108847569
-1 0.0 0 0 -0.025436611795200043
-1 0.0 0 0 0.00652436002755166
-1 0.0 0 0 0.0012141439865312785
-1 0.0 0 0 0.0035117659677483546
nodes 29
81 0.14788803458213806 1 28 0.0
35 -0.021057162433862686 2 9 0.0034838351004155745
84 0.085414819419384 3 6 -0.021976331535106655
43 -0.08393631130456924 4 5 -0.043508568355232216
-1 0.0 0 0 -0.0009032026473282083
-1 0.0 0 0 -0.007447485273039495
34 0.206078439950943 7 8 0.02464954039551611
-1 0.0 0 0 -0.0009869060937273688
-1 0.0 0 0 0.011436639201474499
92 0.19900959730148315 10 27 0.015084137079552216
24 -0.043822478502988815 11 14 0.018062053686188843
107 0.05977771431207657 12 13 -0.016584094196023993
-1 0.0 0 0 1.539373175263492e-05
-1 0.0 0 0 -0.009126105604098921
2 0.45377564430236816 15 20 0.03064659465641448
97 0.05874258652329445 16 19 0.018266491903504645
47 0.028804467990994453 17 18 0.03425093979577557
-1 0.0 0 0 0.0009189899386978448
-1 0.0 0 0 0.006716478687902989
-1 0.0 0 0 -0.002200296756644579
52 0.06659141182899475 21 24 0.0878308087272663
49 -0.14169229567050934 22 23 0.11732132974534905
-1 0.0 0 0 -0.05738983891647438
-1 0.0 0 0 0.012324665396893543
104 0.011413599364459515 25 26 -0.03881696687210228
-1 0.0 0 0 -0.01914855386919995
-1 0.0 0 0 0.008017219996624986
-1 0.0 0 0 -0.01334521305660289
-1 0.0 0 0 -0.007729138359655059
nodes 29
6 0.9532519578933716 1 4 0.0
7 0.0020000000949949026 2 3 -0.022372323830443932
-1 0.0 0 0 -0.010454202098297886
-1 0.0 0 0 -0.001323059774247072
7 0.7060000002384186 5 28 0.011789111403592848
4 0.6782086491584778 6 7 0.013437372901411894
-1 0.0 0 0 -0.007201361996359021
5 1.5364670753479004 8 23 0.01766457692600884
37 0.0065590082667768 9 16 0.009486197655725132
17 -0.0515911690890789 10 11 0.021855976799430337
-1 0.0 0 0 0.006702949884372672
57 -0.05144704505801201 12 13 0.0011135460560308633
-1 0.0 0 0 -0.005270959479075282
9 0.009739155881106853 14 15 0.017929257095674934
-1 0.0 0 0 0.004408531963231723
-1 0.0 0 0 -0.00373832600954211
2 0.3982301354408264 17 20 -0.033713169077736145
40 -0.04198119044303894 18 19 -0.0857526020178947
-1 0.0 0 0 -0.023530864137448787
-1 0.0 0 0 -0.005045263936289592
70 -0.09248223155736923 21 22 0.009485172433676314
-1 0.0 0 0 -0.01840443464854556
-1 0.0 0 0 0.0032843288210505314
2 0.3327009677886963 24 25 0.0893732557932782
-1 0.0 0 0 0.0035736071989069806
59 -0.08478035032749176 26 27 0.21538525700506492
-1 0.0 0 0 -0.015678796088280857
-1 0.0 0 0 0.026451923618858942
-1 0.0 0 0 -0.024055002825663373
nodes 29
89 -0.13078050315380096 1 6 0.0
83 0.00928544718772173 2 3 0.028020238917856287
-1 0.0 0 0 0.0002632452635530067
21 0.09834150224924088 4 5 0.06097949483863471
-1 0.0 0 0 -0.0003779586448906436
-1 0.0 0 0 0.009708092791806974
72 0.009277185425162315 7 20 -0.009389460479654619
107 -0.018305618315935135 8 13 -0.030361978309400087
23 0.033904168754816055 9 12 -0.005787335151593904
27 -0.09550422430038452 10 11 0.023055116057974313
-1 0.0 0 0 -0.01246406430965683
-1 0.0 0 0 0.003675207614895243
-1 0.0 0 0 -0.005070462262672413
2 0.4962959289550781 14 17 -0.05789818519277516
29 0.15333649516105652 15 16 -0.04916524066029387
-1 0.0 0 0 -0.006198921512465471
-1 0.0 0 0 0.007621295596234142
60 0.15408384799957275 18 19 -0.21787948324374787
-1 0.0 0 0 -0.026839074548813815
-1 0.0 0 0 0.0340075690471209
75 0.03207160905003548 21 26 0.006319848655987668
59 -0.028067370876669884 22 23 -0.020087908749319337
-1 0.0 0 0 -0.009736661799734746
34 0.19840990006923676 24 25 -0.002448252302058448
-1 0.0 0 0 -0.0025240755734420033
-1 0.0 0 0 0.004959659202427495
21 0.2445645034313202 27 28 0.03194033026084202
-1 0.0 0 0 0.0021139227035736896
-1 0.0 0 0 0.01229929275567282
nodes 29
68 0.06783903390169144 1 28 0.0
42 -0.060052450746297836 2 7 0.007322353123604758
20 0.017932891845703125 3 6 0.03154433855929192
34 0.19840990006923676 4 5 0.006414602247669444
-1 0.0 0 0 -0.001555292932730636
-1 0.0 0 0 0.0056086957336465544
-1 0.0 0 0 0.006034534648998707
66 -0.03865949064493179 8 13 -0.009827782544255812
19 0.04013253003358841 9 10 -0.04223289006756189
-1 0.0 0 0 -0.002042976758796114
0 0.4461750388145447 11 12 -0.09230637823312515
-1 0.0 0 0 -0.014180067948318146
-1 0.0 0 0 -0.0021101170797587017
24 -0.10393726825714111 14 15 0.00764527711698926
-1 0.0 0 0 -0.008310965624350845
35 0.00027748690627049655 16 19 0.01708047958912238
34 0.22299709171056747 17 18 -0.02009849886125425
-1 0.0 0 0 -0.004122707876009839
-1 0.0 0 0 0.006936040288866728
23 0.029371652752161026 20 27 0.04269609092667453
2 0.4028462767601013 21 22 0.06910035328508299
-1 0.0 0 0 0.0027210027287846495
89 -0.01829967275261879 23 24 0.11564701100482001
-1 0.0 0 0 0.015573770510290281
34 0.15573729574680328 25 26 0.010376421311079902
-1 0.0 0 0 -0.0086669152175082
-1 0.0 0 0 0.015072451700535283
-1 0.0 0 0 -0.00020642561049752603
-1 0.0 0 0 -0.0035116229338767015
nodes 29
14 0.15895037353038788 1 24 0.0
62 0.05421816557645798 2 21 0.002450139597504219
96 0.10024803876876831 3 20 0.012392920317768456
89 -0.1546171009540558 4 7 0.01720292128051185
13 -0.08936867862939835 5 6 0.06140492218903603
-1 0.0 0 0 -0.003809669982739085
-1 0.0 0 0 0.007873196109545658
107 -0.01931905373930931 8 17 0.00742322465726753
9 -0.055037353187799454 9 16 0.027673849471516437
2 0.3824716806411743 10 11 0.05963067849954172
-1 0.0 0 0 0.0010547903229338976
82 0.09066464006900787 12 15 0.10250034702688826
67 0.14986364543437958 13 14 0.12764699612747493
-1 0.0 0 0 0.014066171902723208
-1 0.0 0 0 -0.01803681125001106
-1 0.0 0 0 -0.003485273532030002
-1 0.0 0 0 0.0006134831572814192
72 -0.028064554557204247 18 19 -0.015206245490465353
-1 0.0 0 0 -0.006453515732504256
-1 0.0 0 0 0.00042822305035254097
-1 0.0 0 0 -0.007195983611729443
27 0.05962913855910301 22 23 -0.02658466416062739
-1 0.0 0 0 -0.005018582695017256
-1 0.0 0 0 0.000755716135399997
80 0.08895129710435867 25 26 -0.10172245969408546
-1 0.0 0 0 -0.00406162878377713
2 0.36965224146842957 27 28 -0.23301483697572428
-1 0.0 0 0 -0.0017387174935812495
-1 0.0 0 0 -0.03911084360583511
nodes 29
5 1.242843508720398 1 12 0.0
15 0.053256385028362274 2 9 -0.01096094218051318
93 -0.020258700475096703 3 6 -0.025282816992660172
18 0.047341238707304 4 5 0.0010981159389032078
-1 0.0 0 0 0.0016438087288214876
-1 0.0 0 0 -0.007215981764616741
87 -0.03164709731936455 7 8 -0.05275319671864958
-1 0.0 0 0 -0.0004915155125032886
-1 0.0 0 0 -0.007655709769451312
2 0.45111411809921265 10 11 0.03177257201234866
-1 0.0 0 0 0.0003548443557989966
-1 0.0 0 0 0.009510214023946209
2 0.33049872517585754 13 14 0.02312582926677063
-1 0.0 0 0 -0.0010594802998909858
6 0.8065197467803955 15 16 0.0616836032892665
-1 0.0 0 0 -0.0089561316473116
2 0.40192925930023193 17 26 0.10183271864078214
53 -0.02911759354174137 18 23 0.06415541646318602
39 0.01625695265829563 19 20 0.13060060464270914
-1 0.0 0 0 0.00151928432065417
76 0.005661304574459791 21 22 0.19796075957257564
-1 0.0 0 0 0.008475432976556034
-1 0.0 0 0 0.027645851617754565
34 0.11498714238405228 24 25 -0.028029799569665875
-1 0.0 0 0 -0.012757424781874003
-1 0.0 0 0 0.004994830034891266
5 1.4189019203186035 27 28 0.2077774155999712
-1 0.0 0 0 0.014780995207389114
-1 0.0 0 0 0.03714296302107125
nodes 29
49 0.20368927717208862 1 28 0.0
5 1.242843508720398 2 21 -0.008123123338618565
87 0.059241801500320435 3 16 -0.020983982476623846
34 -0.08829432725906372 4 5 -0.004849931404151357
-1 0.0 0 0 -0.022487955529753065
2 0.4476621747016907 6 11 -0.0004184908797956191
106 -0.057230688631534576 7 8 -0.01951042373274314
-1 0.0 0 0 -0.010623809035853306
73 0.05927332118153572 9 10 -0.006194112421304137
-1 0.0 0 0 0.0008267218621788623
-1 0.0 0 0 -0.009611860847896767
26 0.05320465564727783 12 15 0.03936708433375919
18 -0.0035802749916911125 13 14 -0.0017714535770059956
-1 0.0 0 0 0.00455400162095886
-1 0.0 0 0 -0.008579130487701607
-1 0.0 0 0 0.01076674306195817
93 0.14404544234275818 17 20 -0.06142545915294989
27 -0.027797937393188477 18 19 -0.0521048406876119
-1 0.0 0 0 -0.013185756618389423
-1 0.0 0 0 -0.0029592228647388674
-1 0.0 0 0 -0.029219824637750438
6 0.8065197467803955 22 25 0.01777670149370892
2 0.44600149989128113 23 24 -0.06391778643710966
-1 0.0 0 0 -0.001995461395980806
-1 0.0 0 0 -0.033526724311755005
2 0.4010032117366791 26 27 0.030148797904837838
-1 0.0 0 0 0.0010592349455816118
-1 0.0 0 0 0.017351754972801278
-1 0.0 0 0 0.0030960418262752126
nodes 29
79 0.025992508977651596 1 26 0.0
97 0.07143613696098328 2 21 0.009260108546379051
43 -0.11934275925159454 3 10 0.02013039360970419
2 0.22978416085243225 4 5 0.05002646888920265
-1 0.0 0 0 -0.006380944946083284
70 -0.037964750081300735 6 7 0.060340728207990434
-1 0.0 0 0 0.00023594180486612214
105 -0.14049462974071503 8 9 0.07859372451406271
-1 0.0 0 0 -0.00973271968358866
-1 0.0 0 0 0.00881001323220317
24 0.035797879099845886 11 18 0.0027198824067245046
40 -0.10589540004730225 12 15 -0.021311631816188312
85 -0.030246254056692123 13 14 -0.1322748585442984
-1 0.0 0 0 -0.031021664908204846
-1 0.0 0 0 -0.0063706272592399475
89 -0.04004848375916481 16 17 -0.01052396646265087
-1 0.0 0 0 0.0017574753651994437
-1 0.0 0 0 -0.0050164101945010114
35 0.053193073719739914 19 20 0.03445005301275453
-1 0.0 0 0 0.0007903734008435212
-1 0.0 0 0 0.008449965099728052
84 -0.06270650774240494 22 23 -0.023766163925201412
-1 0.0 0 0 -0.011948425542298916
57 0.0029659466817975044 24 25 -0.00785822526630887
-1 0.0 0 0 -0.005001444150483942
-1 0.0 0 0 0.0024676262701145077
14 0.1263934075832367 27 28 -0.025466167158486444
-1 0.0 0 0 -0.0018975984102710041
-1 0.0 0 0 -0.014224323578742055
nodes 29
100 0.09773675352334976 1 18 0.0
34 0.24788835644721985 2 17 -0.008069570559610767
89 -0.2259141057729721 3 4 -0.015451738158000343
-1 0.0 0 0 0.008072047568281712
5 1.382660150527954 5 16 -0.019969597026043312
43 -0.108475461602211 6 13 -0.03006232722571143
70 -0.06747100502252579 7 8 0.0007046302668327946
-1 0.0 0 0 -0.008190896079170855
0 0.4826299548149109 9 12 0.014933824092371236
73 0.0353456512093544 10 11 0.0006895130721729805
-1 0.0 0 0 0.002299780168253412
-1 0.0 0 0 -0.007833651656030019
-1 0.0 0 0 0.010942972741553156
96 -0.07371680438518524 14 15 -0.050982552414217175
-1 0.0 0 0 -0.002343550672563607
-1 0.0 0 0 -0.007807106628361972
-1 0.0 0 0 0.0022035874915457576
-1 0.0 0 0 0.00410401582313233
21 0.10488518700003624 19 20 0.028677107919796243
-1 0.0 0 0 -0.0024293040038128313
17 -0.06016980856657028 21 28 0.05716525472069684
29 0.08840349316596985 22 23 0.12315599030704964
-1 0.0 0 0 0.005088320395232644
2 0.22262179851531982 24 25 0.2058241774388221
-1 0.0 0 0 0.0006785270667345354
37 -0.13370755314826965 26 27 0.26609235325481356
-1 0.0 0 0 0.04186384233967519
-1 0.0 0 0 0.017064041187973222
-1 0.0 0 0 0.0024841154190918396
nodes 29
99 0.019882287830114365 1 20 0.0
52 0.01956191100180149 2 13 -0.01381203435968919
83 0.05487530305981636 3 10 0.002811815143576121
26 0.08660764247179031 4 7 -0.013220705834227239
5 1.1535323858261108 5 6 -0.02879970264453105
-1 0.0 0 0 -0.006742743423873024
-1 0.0 0 0 -0.00023695176705502876
2 0.3973379135131836 8 9 0.05069214454867557
-1 0.0 0 0 -0.0011860688916087432
-1 0.0 0 0 0.011517208445656617
85 0.014978604391217232 11 12 0.04661526707963821
-1 0.0 0 0 -0.0004984519196932041
-1 0.0 0 0 0.008955973924626083
5 1.1573692560195923 14 19 -0.04136985411156733
80 0.04017719253897667 15 16 -0.091437354970945
-1 0.0 0 0 -0.004573795307530497
87 0.003797978162765503 17 18 -0.15788966172742863
-1 0.0 0 0 -0.005784155765137321
-1 0.0 0 0 -0.024141606054321803
-1 0.0 0 0 -0.0007031268942189777
85 0.0744868591427803 21 28 0.016550758290932804
107 0.023236265406012535 22 23 -0.0007122500592582089
-1 0.0 0 0 0.0016928559892290954
1 0.34790104627609253 24 25 -0.039918030893321126
-1 0.0 0 0 2.2084472828190636e-06
86 -0.06306441128253937 26 27 -0.09471416787258936
-1 0.0 0 0 0.002754001944731162
-1 0.0 0 0 -0.014081560722506601
-1 0.0 0 0 0.005046698937310554
nodes 29
41 0.0014913883060216904 1 4 0.0
37 -0.0366148017346859 2 3 -0.02868995859214761
-1 0.0 0 0 -0.00023953932498844402
-1 0.0 0 0 -0.006369438160887907
99 -0.1176309734582901 5 6 0.007707994515908719
-1 0.0 0 0 -0.006188009611436854
73 0.0622389130294323 7 20 0.01356993851816209
95 -0.00632384093478322 8 13 0.021762555402617477
62 -0.05514476075768471 9 10 -0.01245201888444878
-1 0.0 0 0 0.003732649625406594
18 -0.008733569644391537 11 12 -0.032932483234024444
-1 0.0 0 0 -0.00017611913859794952
-1 0.0 0 0 -0.007902532983310617
47 0.03240850195288658 14 17 0.03819886354735891
72 -0.04395817965269089 15 16 0.015548020405247762
-1 0.0 0 0 -0.003943300593816376
-1 0.0 0 0 0.00316504878918693
106 0.0072058094665408134 18 19 0.06982353348557443
-1 0.0 0 0 0.0021261667178027253
-1 0.0 0 0 0.009731179626266002
2 0.4520031809806824 21 22 -0.03134918482237112
-1 0.0 0 0 -0.005772382355107655
34 -0.04443572461605072 23 24 0.07869923858162761
-1 0.0 0 0 -0.042529211705306755
59 0.09962905198335648 25 28 0.1273903609520003
101 0.0872139185667038 26 27 0.1905124869929578
-1 0.0 0 0 0.025786305341480603
-1 0.0 0 0 -0.004354118948545276
-1 0.0 0 0 -0.0042309235363335125
nodes 29
6 0.9532519578933716 1 10 0.0
24 -0.16054563224315643 2 3 -0.020402054435821135
-1 0.0 0 0 -0.015875489101426533
31 0.05872054398059845 4 5 -0.015863995272297617
-1 0.0 0 0 -5.48705946468148e-05
34 0.14646600186824799 6 9 -0.05161597244015799
1 0.2526635229587555 7 8 -0.09388762043848695
-1 0.0 0 0 0.003948375448028383
-1 0.0 0 0 -0.013283325717727662
-1 0.0 0 0 -0.0006203044865882011
7 0.722000002861023 11 28 0.010750876377199953
57 0.06669314950704575 12 23 0.01207190167441167
106 0.13294059038162231 13 22 0.0017482866246318139
5 1.3647352457046509 14 19 -0.008001994386144604
93 0.04827923700213432 15 18 -0.019032261468744625
0 0.44682857394218445 16 17 -0.0028834411892630246
-1 0.0 0 0 -0.002489750847436488
-1 0.0 0 0 0.0038415333381336815
-1 0.0 0 0 -0.007234414209349229
2 0.41334015130996704 20 21 0.03769133293242472
-1 0.0 0 0 0.0023488654626638156
-1 0.0 0 0 0.04344552102823795
-1 0.0 0 0 0.005144875600130536
80 0.05603819340467453 24 27 0.03915502727413726
2 0.3705560863018036 25 26 0.06776146978253014
-1 0.0 0 0 0.0017868587247362008
-1 0.0 0 0 0.010480360393772026
-1 0.0 0 0 -0.001471829870703113
-1 0.0 0 0 -0.024163468693085347
nodes 29
27 0.043753039091825485 1 20 0.0
30 -0.07656833529472351 2 15 -0.014506716413955524
1 0.34680312871932983 3 4 -0.0589963765664784
-1 0.0 0 0 -0.0016001586943094539
85 -0.019971445202827454 5 8 -0.11880275512183956
80 0.014396347105503082 6 7 -0.25899307298603846
-1 0.0 0 0 -0.012565188974193814
-1 0.0 0 0 -0.041930785436730414
87 0.052914708852767944 9 10 -0.06295890741204131
-1 0.0 0 0 0.00026451686480767573
59 0.11159344762563705 11 12 -0.2057484808542939
-1 0.0 0 0 -0.0073363811264485395
11 -0.04137470945715904 13 14 -0.4731479790323839
-1 0.0 0 0 -0.08002747592031956
-1 0.0 0 0 -0.02421262416236187
89 -0.030284307897090912 16 19 -0.004071388935148488
2 0.43238407373428345 17 18 0.014746000420831117
-1 0.0 0 0 -0.0003886679064641498
-1 0.0 0 0 0.005895308774895307
-1 0.0 0 0 -0.003623576663435704
99 0.07195556908845901 21 28 0.015087352395482308
14 0.08050141483545303 22 27 0.001797494608984441
42 -0.045493558049201965 23 26 0.011414475105961922
68 0.017148518934845924 24 25 0.04091809970898048
-1 0.0 0 0 0.006784726484064672
-1 0.0 0 0 -0.0011784903566796818
-1 0.0 0 0 -0.0014687481522848455
-1 0.0 0 0 -0.007798257548286608
-1 0.0 0 0 0.006008807610829896
nodes 29
9 0.0992179587483406 1 28 0.0
104 -0.12662509083747864 2 3 0.0042744093687806795
-1 0.0 0 0 -0.005640537666105683
27 0.01691177673637867 4 11 0.008626976792893504
30 -0.07656833529472351 5 6 -0.011898623021177298
-1 0.0 0 0 -0.006823187860506188
60 -0.02261842042207718 7 8 0.0015301778892439037
-1 0.0 0 0 -0.0037280668276543256
2 0.45377564430236816 9 10 0.02099609367739999
-1 0.0 0 0 0.000487917722075151
-1 0.0 0 0 0.00841203219934908
43 0.06479663401842117 12 27 0.022051053873724108
2 0.1884964108467102 13 14 0.027464548906447762
-1 0.0 0 0 -0.011138241526035512
77 0.05838492140173912 15 24 0.030417379224057167
97 -0.11268740147352219 16 17 0.04223295628177932
-1 0.0 0 0 0.012644108725908097
34 -0.028014304116368294 18 19 0.034167616505830965
-1 0.0 0 0 -0.006440481541016248
17 -0.08841942250728607 20 21 0.040078879377887636
-1 0.0 0 0 0.009275308786724007
85 -0.055398497730493546 22 23 0.028380804447571607
-1 0.0 0 0 -0.003959871890749801
-1 0.0 0 0 0.003979123277787276
40 -0.09358904510736465 25 26 -0.0073652669284498306
-1 0.0 0 0 -0.011986911005478372
-1 0.0 0 0 0.0007319351117442961
-1 0.0 0 0 -0.006053944726654704
-1 0.0 0 0 -0.005022526294559658
nodes 29
22 -0.03955371305346489 1 6 0.0
57 0.11420825123786926 2 3 0.02040153707509069
-1 0.0 0 0 0.0010445355283595613
95 -0.040488507598638535 4 5 0.0853465792630654
-1 0.0 0 0 -0.005014470534171073
-1 0.0 0 0 0.01208596383754096
58 0.19358806312084198 7 28 -0.010382084147282715
5 1.2383124828338623 8 21 -0.015149997233067682
37 0.09979671984910965 9 18 -0.028804294280189185
54 -0.052276283502578735 10 11 -0.023581499735777087
-1 0.0 0 0 -0.007069041081042235
13 0.035334497690200806 12 15 -0.011293267976384847
99 -0.06221733242273331 13 14 -0.03080388905333397
-1 0.0 0 0 -0.009618785604679665
-1 0.0 0 0 -0.001464655836876307
62 0.05194362998008728 16 17 0.026145095488403033
-1 0.0 0 0 0.005272049751261905
-1 0.0 0 0 -0.005120136880941573
75 -0.10149487853050232 19 20 -0.13889398121071717
-1 0.0 0 0 -0.05798712855913053
-1 0.0 0 0 -0.010835119138241084
6 0.7063673734664917 22 23 0.011830846630214812
-1 0.0 0 0 -0.012644012181356815
2 0.33049872517585754 24 25 0.018686683645480325
-1 0.0 0 0 -0.0014710953075460149
53 -0.040940698236227036 26 27 0.0589928981988293
-1 0.0 0 0 0.010926449589636244
-1 0.0 0 0 0.0002248817452594179
-1 0.0 0 0 0.006082708183577406
nodes 29
81 0.03913696110248566 1 26 0.0
0 0.45026081800460815 2 15 0.009156347451379984
73 -0.027819499373435974 3 14 -0.002568155137407917
1 0.3600197434425354 4 13 0.01948735931829665
37 -0.08681544661521912 5 12 0.03616444891880446
2 0.18196013569831848 6 7 0.07748105415160839
-1 0.0 0 0 -0.014086825997564998
94 -0.08752118796110153 8 9 0.0912873501961298
-1 0.0 0 0 0.017061414964382387
2 0.3411175608634949 10 11 0.04443810265015796
-1 0.0 0 0 -0.0013477111963514851
-1 0.0 0 0 0.011610621121212231
-1 0.0 0 0 0.00023555340972731924
-1 0.0 0 0 -0.004322638245423698
-1 0.0 0 0 -0.003083633065212062
60 0.04256357252597809 16 19 0.0344294982037168
70 -0.10743126273155212 17 18 0.0007249372503210748
-1 0.0 0 0 -0.014448628245352216
-1 0.0 0 0 0.0015560421561446442
79 -0.04659789428114891 20 21 0.08198810318613864
-1 0.0 0 0 0.013800344289635395
21 0.14690391719341278 22 25 0.04216541593638134
85 -0.026730354875326157 23 24 -0.009816856902509007
-1 0.0 0 0 -0.014406758676385268
-1 0.0 0 0 0.0036239962830944663
-1 0.0 0 0 0.013362491560661821
11 0.09143759310245514 27 28 -0.02282865798885544
-1 0.0 0 0 -0.0035913918404775844
-1 0.0 0 0 0.004410995468357135
nodes 29
58 -0.032881155610084534 1 8 0.0
5 1.396202564239502 2 7 -0.03055453173781284
27 -0.14205855131149292 3 4 -0.04867652630524755
-1 0.0 0 0 -0.0333441565321788
22 0.08638288080692291 5 6 -0.04239406466564744
-1 0.0 0 0 -0.0026122772828941435
-1 0.0 0 0 -0.012665133399055478
-1 0.0 0 0 0.004616559205753807
62 0.03088798187673092 9 28 0.006725277611624037
15 -0.035109613090753555 10 13 0.018586659693776163
70 -0.12056257575750351 11 12 -0.008723203229373406
-1 0.0 0 0 -0.014087707968931558
-1 0.0 0 0 -0.00014810565570548705
2 0.4349048137664795 14 19 0.03540377285613139
69 -0.04968850314617157 15 16 0.017243333899103583
-1 0.0 0 0 -0.004420623413356213
84 0.17650152742862701 17 18 0.03155617016978673
-1 0.0 0 0 0.002042475661069565
-1 0.0 0 0 0.012592019875026337
59 0.13314303755760193 20 27 0.0834946053994322
18 0.11576279252767563 21 24 0.10814202878360822
21 -0.14419633150100708 22 23 0.12205523042100747
-1 0.0 0 0 -0.0362208346316461
-1 0.0 0 0 0.012785075889295602
96 0.02389223873615265 25 26 -0.12936220198439022
-1 0.0 0 0 0.0014002469093115494
-1 0.0 0 0 -0.050356829259347306
-1 0.0 0 0 -0.004946675774800091
-1 0.0 0 0 -0.0015921322538695382
nodes 29
104 0.06351342052221298 1 22 0.0
47 -0.05921700969338417 2 11 -0.00913086147054173
5 1.5364670753479004 3 10 -0.04652250204790167
93 0.06907105445861816 4 9 -0.0597593136047923
70 -0.00702122924849391 5 6 -0.040483281093063164
-1 0.0 0 0 -0.009479504247640476
1 0.402413547039032 7 8 -0.008802063272349918
-1 0.0 0 0 -0.004287463517556646
-1 0.0 0 0 0.008463032688011733
-1 0.0 0 0 -0.01458295789666598
-1 0.0 0 0 0.004650343635887069
42 -0.027516450732946396 12 17 0.0015372067062672512
68 0.06783903390169144 13 16 0.021312835362483296
43 -0.06863843649625778 14 15 0.03308149199812235
-1 0.0 0 0 0.0057275172220758175
-1 0.0 0 0 -1.9231968757866345e-05
-1 0.0 0 0 -0.0032020985699428117
7 0.03399999998509884 18 21 -0.023274786280551803
106 0.025872018188238144 19 20 -0.06729206043696752
-1 0.0 0 0 -0.012937334614759283
-1 0.0 0 0 -0.0014047912162614062
-1 0.0 0 0 -0.00043058581749839476
105 0.026413610205054283 23 24 0.021506528474215546
-1 0.0 0 0 -0.0004097957519572351
107 0.026517514139413834 25 28 0.059530033481249855
1 0.3957595229148865 26 27 0.08611990521474877
-1 0.0 0 0 0.005317782242346625
-1 0.0 0 0 0.01651706375849476
-1 0.0 0 0 -0.0011520122862364657
nodes 29
60 0.20881246030330658 1 26 0.0
49 0.24801526963710785 2 25 -0.0019787673385233628
7 0.02199999988079071 3 14 -0.0067462694759875715
3 0.5562953352928162 4 7 -0.037291222729756934
6 0.6746454834938049 5 6 0.052775085719086665
-1 0.0 0 0 -0.015468392878715246
-1 0.0 0 0 0.010957806858955463
6 0.9187205135822296 8 11 -0.049956797355375566
61 0.07652803510427475 9 10 -0.10148264955647399
-1 0.0 0 0 -0.0078356697051307
-1 0.0 0 0 -0.023372041809404366
27 -0.09286192804574966 12 13 -0.01830020608377795
-1 0.0 0 0 -0.017958181541944517
-1 0.0 0 0 -0.000686156935093397
74 -0.04284160956740379 15 16 0.0021754522840796474
-1 0.0 0 0 -0.003535800714372668
33 -0.05305909737944603 17 18 0.010778464338784478
-1 0.0 0 0 0.0031866092434538265
2 0.39544016122817993 19 20 -0.006188827438492243
-1 0.0 0 0 -0.0030748671387975687
74 0.1786024123430252 21 24 0.02744666395393277
5 1.242843508720398 22 23 0.04276166538611331
-1 0.0 0 0 0.002806588447766314
-1 0.0 0 0 0.017701529350009456
-1 0.0 0 0 -0.015072525125851739
-1 0.0 0 0 0.004386617335638828
2 0.3806103467941284 27 28 0.09897875630400746
-1 0.0 0 0 -0.004679098068818821
-1 0.0 0 0 0.01785313257035338
nodes 29
81 0.14788803458213806 1 28 0.0
68 0.02489057555794716 2 27 0.00294947549702439
9 -0.04781492426991463 3 14 0.012519237573671434
84 -0.05365384370088577 4 7 0.03681504616880939
96 -0.15154682099819183 5 6 -0.02429819547364843
-1 0.0 0 0 0.012191576485432946
-1 0.0 0 0 -0.005853147516068334
2 0.30531132221221924 8 9 0.048643845898146826
-1 0.0 0 0 -0.0019469644425391796
57 -0.11557520180940628 10 11 0.06412285739006233
-1 0.0 0 0 -0.006285478332235602
14 0.09569395333528519 12 13 0.07506831376018583
-1 0.0 0 0 0.008538505443876679
-1 0.0 0 0 -0.003839422042066018
83 -0.0721282884478569 15 22 -0.00483509280930978
1 0.28951823711395264 16 17 -0.05168298645868996
-1 0.0 0 0 0.0018931868982081772
59 0.11279764771461487 18 19 -0.10982115967668829
-1 0.0 0 0 -0.005546412072382982
1 0.3793739378452301 20 21 -0.22011226278659313
-1 0.0 0 0 -0.012429840930165047
-1 0.0 0 0 -0.03515582081971221
35 -0.0016398064326494932 23 24 0.009459082564321994
-1 0.0 0 0 -0.002349677904024875
4 0.9850430488586426 25 26 0.030366702918996995
-1 0.0 0 0 0.0005477756640993699
-1 0.0 0 0 0.007583108658800128
-1 0.0 0 0 -0.0017921965306157217
-1 0.0 0 0 -0.0065436232738444264
nodes 29
81 -0.07275432348251343 1 2 0.0
-1 0.0 0 0 0.0022946159610038428
70 0.0723029151558876 3 24 -0.008177827717301897
106 -0.09703443199396133 4 5 -0.01940892777412825
-1 0.0 0 0 -0.00961180179204349
59 -0.07445862889289856 6 7 -0.012820103916718803
-1 0.0 0 0 -0.008044379745954731
1 0.35563480854034424 8 15 -0.0055702612421999476
29 0.05146964266896248 9 12 0.013888362280888694
108 -0.006094124633818865 10 11 -0.012093585229275556
-1 0.0 0 0 -0.006855961550919977
-1 0.0 0 0 0.0015004945788734323
100 0.09773675352334976 13 14 0.057483433414731236
-1 0.0 0 0 0.002054213329284995
-1 0.0 0 0 0.015260135692884112
104 0.13862210512161255 16 23 -0.03708464355723715
53 -0.09086490422487259 17 18 -0.05542321178999033
-1 0.0 0 0 -0.011716329230666383
52 0.02052268758416176 19 20 -0.021021235276242094
-1 0.0 0 0 0.0023700505142661673
26 -0.008779560215771198 21 22 -0.1013716937967599
-1 0.0 0 0 -0.02196462963663768
-1 0.0 0 0 -0.002583932357598803
-1 0.0 0 0 0.010349188366896689
2 0.3338510990142822 25 26 0.01912659843658162
-1 0.0 0 0 -0.004262660410136002
18 -0.11225125938653946 27 28 0.040778453597599816
-1 0.0 0 0 0.010939484927093528
-1 0.0 0 0 0.0018388743496271346
nodes 29
5 1.5828040838241577 1 22 0.0
37 0.13109190762043 2 21 -0.004618743837401393
21 0.24874496459960938 3 18 -0.0022717979284674747
105 -0.04679105058312416 4 5 -0.007260375247194803
-1 0.0 0 0 -0.0033586593991734117
93 0.053054701536893845 6 17 0.0037278414850960193
2 0.3723521828651428 7 10 0.014242169091355469
41 0.09094738215208054 8 9 -0.014481887926475081
-1 0.0 0 0 -0.00633037249074312
-1 0.0 0 0 0.002637709860682589
82 0.06553227454423904 11 14 0.03260742810660961
52 -0.08129291236400604 12 13 0.05322980302943721
-1 0.0 0 0 0.011980869836271927
-1 0.0 0 0 0.003269600686157305
11 -0.08187906444072723 15 16 -0.03486825137414447
-1 0.0 0 0 -0.01610124709356572
-1 0.0 0 0 -0.00031885384797103
-1 0.0 0 0 -0.003504144117042308
75 0.02403840236365795 19 20 0.04918989310984935
-1 0.0 0 0 -0.0026107766433874015
-1 0.0 0 0 0.009939374678751306
-1 0.0 0 0 -0.010857632052704878
2 0.2812027037143707 23 24 0.03900369508503322
-1 0.0 0 0 -0.0031811607042411534
6 0.6267572045326233 25 26 0.08019801634052619
-1 0.0 0 0 -0.01116591369773537
2 0.4272238612174988 27 28 0.10317722707582261
-1 0.0 0 0 0.00859584369965135
-1 0.0 0 0 0.05296391572297454
nodes 29
19 -0.047336287796497345 1 12 0.0
1 0.3620705008506775 2 9 0.01806066029409154
33 0.012466185726225376 3 8 0.035968017863285524
2 0.2794410288333893 4 5 0.056762381462231774
-1 0.0 0 0 -0.002691309225154803
40 -0.06540340930223465 6 7 0.08563672221769368
-1 0.0 0 0 -0.004709902321623235
-1 0.0 0 0 0.010409008585918977
-1 0.0 0 0 -0.0026030519634120653
53 -0.11300130933523178 10 11 -0.015424010248642568
-1 0.0 0 0 -0.009676531528146305
-1 0.0 0 0 0.0016223863458832153
0 0.44682857394218445 13 24 -0.010021780664790996
6 1.028324007987976 14 21 -0.025251593468408374
14 0.04218684509396553 15 20 -0.03363140257492208
29 0.026692338287830353 16 19 -0.020861000791986852
66 0.006978463381528854 17 18 -0.04765596241036668
-1 0.0 0 0 -0.00868008000165124
-1 0.0 0 0 -0.00011718070336608715
-1 0.0 0 0 0.001004450700037374
-1 0.0 0 0 -0.00901945447778763
1 0.2985428273677826 22 23 0.040395700137502724
-1 0.0 0 0 0.005613576164456827
-1 0.0 0 0 -0.0342381839589267
104 0.01051025278866291 25 26 0.016241033441658746
-1 0.0 0 0 -0.0025987887656968344
96 0.12756164371967316 27 28 0.0520927821522422
-1 0.0 0 0 0.006178631353609236
-1 0.0 0 0 -0.01682458708089167
nodes 29
32 -0.10237830877304077 1 6 0.0
30 -0.04085872322320938 2 3 0.029896533684650124
-1 0.0 0 0 -0.003274405393719766
34 0.1670931577682495 4 5 0.05427231771831848
-1 0.0 0 0 0.0016278071670833367
-1 0.0 0 0 0.009875660982261496
81 0.03058004193007946 7 20 -0.005895267454239386
2 0.5356968641281128 8 19 0.004866828611711837
61 0.12199132144451141 9 18 0.005986101339026529
23 0.046870872378349304 10 17 0.010367042913383627
21 0.14690391719341278 11 12 0.02283446340483792
-1 0.0 0 0 3.851171104059426e-05
2 0.19529688358306885 13 14 0.04997215585490515
-1 0.0 0 0 -0.012047729402007476
77 0.009586071595549583 15 16 0.058134523877087285
-1 0.0 0 0 0.008997050722572222
-1 0.0 0 0 0.0012146508144705696
-1 0.0 0 0 -0.001688015491698542
-1 0.0 0 0 -0.006474812458966604
-1 0.0 0 0 -0.02903374847634116
52 -0.09389672428369522 21 28 -0.029603324472871145
2 0.36965224146842957 22 23 0.025942477305601817
-1 0.0 0 0 -0.0065593837668855145
59 0.14092527329921722 24 27 0.08519331685565715
47 0.02173493430018425 25 26 0.12091326384984186
-1 0.0 0 0 0.00252325706804909
-1 0.0 0 0 0.02291449167705387
-1 0.0 0 0 -0.009038881944974589
-1 0.0 0 0 -0.004264878954324503
nodes 29
8 69.5 1 28 0.0
6 0.9199085235595703 2 5 -0.0020469496382680094
7 0.006000000284984708 3 4 -0.03317596007615267
-1 0.0 0 0 -0.010404207102533978
-1 0.0 0 0 -0.00143314137188782
5 1.1634941101074219 6 13 0.005435270984075173
34 -0.2050442397594452 7 8 -0.010582602640910897
-1 0.0 0 0 -0.04692604984436885
59 0.1278350055217743 9 12 -0.009082328179699705
15 -0.010519868694245815 10 11 0.0048642995413741286
-1 0.0 0 0 -0.00296412451584026
-1 0.0 0 0 0.0036315179373219023
-1 0.0 0 0 -0.005661637873207604
2 0.3327009677886963 14 19 0.022652596479590857
6 1.024709701538086 15 16 -0.013113540772412101
-1 0.0 0 0 -0.00432012709076538
7 0.7700000107288361 17 18 0.042512951777065745
-1 0.0 0 0 0.005097350298651234
-1 0.0 0 0 -0.04497439885916918
43 0.015179508365690708 20 27 0.060008211389043845
49 0.222173273563385 21 26 0.08179189904516765
5 1.4667041301727295 22 23 0.06358035743161664
-1 0.0 0 0 0.004352032925025454
2 0.4272238612174988 24 25 0.16988512069204742
-1 0.0 0 0 0.013975508425877779
-1 0.0 0 0 0.06186400572663512
-1 0.0 0 0 0.01984587599102623
-1 0.0 0 0 -0.004131080343528357
-1 0.0 0 0 0.008603177082955245
nodes 29
24 0.03759782016277313 1 18 0.0
72 -0.053983159363269806 2 5 -0.010962795014858652
40 0.015773842111229897 3 4 -0.04905305278008365
-1 0.0 0 0 -0.009190023371647909
-1 0.0 0 0 -0.0010391889520532597
41 0.004148405510932207 6 11 -0.0016396015098918675
2 0.5092617273330688 7 8 -0.04130656434824214
-1 0.0 0 0 -0.003346924971362488
107 -0.137191042304039 9 10 -0.2600680115335806
-1 0.0 0 0 0.0519028052687645
-1 0.0 0 0 -0.03344891281159067
9 -0.055037353187799454 12 15 0.00974824358839375
64 0.05706056207418442 13 14 0.03741205376989059
-1 0.0 0 0 0.005268223193978554
-1 0.0 0 0 -0.004434589305077472
92 -0.09450233727693558 16 17 -0.007676894861687865
-1 0.0 0 0 -0.008087891656506174
-1 0.0 0 0 0.00032612956183945596
2 0.46876227855682373 19 24 0.0159173420196261
101 -0.056357938796281815 20 21 0.00738509963303262
-1 0.0 0 0 -0.004554814039094911
97 0.06609702855348587 22 23 0.020682124550088946
-1 0.0 0 0 0.0035984279303289154
-1 0.0 0 0 -0.0022238256145565797
49 -0.10754616558551788 25 26 0.07808379396355447
-1 0.0 0 0 -0.03925869575036424
28 0.07824254035949707 27 28 0.08834338061583923
-1 0.0 0 0 0.012235688559471856
-1 0.0 0 0 -0.004655347882101514
nodes 29
22 -0.0405297577381134 1 18 0.0
73 0.1647678017616272 2 17 0.01842022746756864
57 -0.03469257429242134 3 16 0.021865814523732326
5 1.410689353942871 4 15 -0.012722873331454675
45 0.03425019606947899 5 8 -0.0304658385688487
43 -0.11934275925159454 6 7 0.0043949090023529215
-1 0.0 0 0 0.00782864919366253
-1 0.0 0 0 -0.003809224466180096
97 0.023803146556019783 9 12 -0.10280692745937692
1 0.4361366629600525 10 11 -0.02736767169494013
-1 0.0 0 0 -0.006975844338282973
-1 0.0 0 0 0.02516521837432586
83 -0.004955768585205078 13 14 -0.19522608001966765
-1 0.0 0 0 -0.031177649611325783
-1 0.0 0 0 -0.007369978409285362
-1 0.0 0 0 0.008939215040126874
-1 0.0 0 0 0.003716692501127598
-1 0.0 0 0 -0.01296581946189594
71 -0.04391762614250183 19 20 -0.00921039006387357
-1 0.0 0 0 -0.003431526769707089
58 0.0022544777020812035 21 22 0.0017685961357679816
-1 0.0 0 0 -0.003140735945908883
75 -0.084610715508461 23 26 0.01530546566463688
54 0.09709052741527557 24 25 -0.060975054109853155
-1 0.0 0 0 -0.009629543295920261
-1 0.0 0 0 0.009512787237830379
96 0.19717256724834442 27 28 0.02352143529398961
-1 0.0 0 0 0.0025329679242846624
-1 0.0 0 0 -0.030866757883858054
nodes 29
79 -0.024022338911890984 1 26 0.0
15 0.053256385028362274 2 25 0.011866962310688192
47 -0.08851094543933868 3 4 0.0009144910797789993
-1 0.0 0 0 -0.005639549505804326
2 0.21058809757232666 5 6 0.009979487754885169
-1 0.0 0 0 -0.011263242071426732
73 -0.053048066794872284 7 16 0.014659991710376928
1 0.37013283371925354 8 11 0.04165554167161186
40 0.040483489632606506 9 10 0.07085200584468009
-1 0.0 0 0 0.0026930872556667883
-1 0.0 0 0 0.011589797007724322
68 0.07350119948387146 12 13 -0.021965853784294873
-1 0.0 0 0 0.0008618498286729137
82 0.08666478842496872 14 15 -0.17933771827673323
-1 0.0 0 0 -0.009425621231586287
-1 0.0 0 0 -0.05504379038507423
35 -0.10610045492649078 17 20 -0.00604327808179504
1 0.2972976267337799 18 19 -0.14128816217976056
-1 0.0 0 0 0.00020999183398577692
-1 0.0 0 0 -0.023337792078934307
91 -0.035861335694789886 21 24 0.00557855464249588
0 0.45536428689956665 22 23 0.050243193496614276
-1 0.0 0 0 0.0014904430024139017
-1 0.0 0 0 0.01330640206387799
-1 0.0 0 0 -0.0021631170905689486
-1 0.0 0 0 0.004684989071692399
10 -0.03976922854781151 27 28 -0.013778027094443812
-1 0.0 0 0 -0.004478423786155264
-1 0.0 0 0 0.00015109801636536643
nodes 29
34 0.19945162534713745 1 18 0.0
89 -0.21582011878490448 2 11 -0.007902215291697576
2 0.39544016122817993 3 4 0.06341760997554019
-1 0.0 0 0 -0.0015620269990388933
59 0.05339132621884346 5 6 0.12208525705516977
-1 0.0 0 0 0.021925337801702815
21 0.11689900606870651 7 10 0.013922031329458077
53 -0.1750767081975937 8 9 -0.11074293263864542
-1 0.0 0 0 -0.06648991181204716
-1 0.0 0 0 -0.004503271301629449
-1 0.0 0 0 0.014935460255008493
56 -0.07140430808067322 12 13 -0.012090050970950537
-1 0.0 0 0 -0.004500011308990357
35 -0.09280996024608612 14 15 -0.00320795203685263
-1 0.0 0 0 -0.006433955864171783
81 0.1518973708152771 16 17 0.003815852282545558
-1 0.0 0 0 0.000769697123294523
-1 0.0 0 0 -0.009115656588519752
21 -0.07495424896478653 19 20 0.020479119998476836
-1 0.0 0 0 -0.012583166291326853
106 0.07049734145402908 21 24 0.027051739046189783
57 0.023494107648730278 22 23 0.004545763126796985
-1 0.0 0 0 -0.0032025221988707833
-1 0.0 0 0 0.004374878721292829
84 0.10867162048816681 25 28 0.06001137858629944
71 -0.04071974381804466 26 27 0.03330520448148454
-1 0.0 0 0 -0.004241574462014468
-1 0.0 0 0 0.006362860893403166
-1 0.0 0 0 0.013151852231184464
nodes 29
26 0.0852246806025505 1 24 0.0
5 1.2748160362243652 2 23 -0.006483625708373336
95 -0.0012771525653079152 3 4 -0.017822316400085216
-1 0.0 0 0 -0.004723663777512272
99 -0.11534818261861801 5 6 -0.002755642993539208
-1 0.0 0 0 -0.009485862579400893
27 -0.10119054466485977 7 8 0.005448779721160802
-1 0.0 0 0 -0.009330736182212128
23 0.0408424511551857 9 14 0.011390344208838993
75 -0.22132332623004913 10 11 0.02881209492696486
-1 0.0 0 0 -0.06474155217874795
94 0.15280404686927795 12 13 0.03029579587326889
-1 0.0 0 0 0.003581338643109803
-1 0.0 0 0 -0.014117829778243288
99 0.09412021189928055 15 22 -0.024522770166387556
1 0.3661457300186157 16 19 -0.04544547070231437
33 0.008290945552289486 17 18 -0.00275424301070452
-1 0.0 0 0 0.0033246954111749456
-1 0.0 0 0 -0.012601851882200933
82 0.07992248982191086 20 21 -0.1030313981794751
-1 0.0 0 0 -0.006685209165709554
-1 0.0 0 0 -0.02559642354821148
-1 0.0 0 0 0.006979732727806761
-1 0.0 0 0 0.002234070103126196
1 0.39767488837242126 25 26 0.024711648255204433
-1 0.0 0 0 2.982965596833073e-05
85 -0.03260458633303642 27 28 0.08637244442053336
-1 0.0 0 0 -0.0031777999035984975
-1 0.0 0 0 0.01231712477217849
nodes 29
59 -0.13946299254894257 1 2 0.0
-1 0.0 0 0 -0.008108024778154461
21 0.2511688768863678 3 26 0.0019537910771371134
5 1.3474245071411133 4 21 -0.002014307985912579
15 0.0455566868185997 5 16 -0.009434613231100149
57 0.011005258187651634 6 9 -0.020922735430023574
85 -0.0617428794503212 7 8 -0.04359007886760793
-1 0.0 0 0 -0.011760443024460361
-1 0.0 0 0 -0.0030782293964401845
84 -0.03872756287455559 10 11 0.00035625861864390615
-1 0.0 0 0 -0.005867490148423866
54 -0.004045702051371336 12 15 0.016090641437798307
22 0.053394999355077744 13 14 -0.026581381489825574
-1 0.0 0 0 0.0003656701551995527
-1 0.0 0 0 -0.01138252203320319
-1 0.0 0 0 0.004345427076643532
59 0.09225639700889587 17 18 0.02110312037484551
-1 0.0 0 0 0.004720577966860321
83 -0.10074782371520996 19 20 -0.02501848121943789
-1 0.0 0 0 -0.01706860192823045
-1 0.0 0 0 1.550381533406463e-05
2 0.2926456332206726 22 23 0.02683386501264234
-1 0.0 0 0 -0.001439204318733852
6 0.7516716718673706 24 25 0.05215462661965799
-1 0.0 0 0 -0.00798471288830267
-1 0.0 0 0 0.0076003108063930624
59 -0.0104071581736207 27 28 0.04747138412259487
-1 0.0 0 0 -0.003187583515740375
-1 0.0 0 0 0.007946623060646528
nodes 29
9 0.09433812648057938 1 28 0.0
104 -0.12662509083747864 2 3 0.00386222399153752
-1 0.0 0 0 -0.004776705067523971
27 0.043753039091825485 4 19 0.007559414594177952
49 0.25855308771133423 5 18 -0.006741499084348216
67 0.04617805778980255 6 13 -0.012612934538132236
82 0.04217923805117607 7 8 0.0007725937862929962
-1 0.0 0 0 0.0019462864160847033
1 0.3620705008506775 9 10 -0.0340940403482392
-1 0.0 0 0 0.0003672902383056148
13 0.05433512106537819 11 12 -0.10331960131065748
-1 0.0 0 0 -0.0160172101168931
-1 0.0 0 0 0.0028644595440663495
60 0.14884628355503082 14 15 -0.04856031038639555
-1 0.0 0 0 -0.006155681868940505
2 0.41507071256637573 16 17 0.09073346976428347
-1 0.0 0 0 -0.005990401456586279
-1 0.0 0 0 0.02410504488086209
-1 0.0 0 0 0.007443765213346618
90 -0.07173771411180496 20 21 0.02244322176737958
-1 0.0 0 0 -0.00127712570275637
2 0.27373144030570984 22 23 0.0386828906559586
-1 0.0 0 0 -0.004017971585878019
49 0.02459252066910267 24 25 0.0480919494361255
-1 0.0 0 0 -0.002934645424096461
84 -0.031187700107693672 26 27 0.06007313076801302
-1 0.0 0 0 0.000640794235807792
-1 0.0 0 0 0.007673244797801538
-1 0.0 0 0 -0.004090680320310873
nodes 29
6 0.9532519578933716 1 28 0.0
108 0.002358219353482127 2 19 -0.016927864430218997
8 69.5 3 18 -0.04477840233210311
31 0.17015916109085083 4 17 -0.05413633924101948
23 0.09467589855194092 5 16 -0.04547153081996963
42 0.058206818997859955 6 15 -0.029439821037209192
94 -0.040703918784856796 7 10 -0.011426978393777293
104 0.013102108612656593 8 9 0.043650530835294445
-1 0.0 0 0 -0.0030868487991592766
-1 0.0 0 0 0.011133959350754119
2 0.4390608072280884 11 14 -0.05322577230474255
27 0.05751977860927582 12 13 -0.10159740387643805
-1 0.0 0 0 -0.01662797715336496
-1 0.0 0 0 -0.001919206748115054
-1 0.0 0 0 0.005677131788929304
-1 0.0 0 0 -0.012644414444990544
-1 0.0 0 0 -0.013771690812054966
-1 0.0 0 0 -0.023948923397031006
-1 0.0 0 0 0.01002465706504136
24 -0.10393726825714111 20 21 0.0007422030952920232
-1 0.0 0 0 -0.008881494965106011
91 -0.02016078494489193 22 25 0.011180276318610908
58 0.20593002438545227 23 24 0.04697233966027158
-1 0.0 0 0 0.003690127981279708
-1 0.0 0 0 0.024816579907552233
16 -0.03169593960046768 26 27 -0.017115144270303494
-1 0.0 0 0 0.0021067845512634177
-1 0.0 0 0 -0.005868898896078448
-1 0.0 0 0 0.0008920149602245303
nodes 29
60 0.20881246030330658 1 24 0.0
8 69.5 2 23 -0.0017333719283055657
6 0.9588145613670349 3 22 -0.0036826249907121063
49 -0.0853663980960846 4 5 -0.022499368094645044
-1 0.0 0 0 -0.02050180474852882
80 0.24152405560016632 6 21 -0.019240295531803918
27 -0.15553933382034302 7 8 -0.01714959648922865
-1 0.0 0 0 -0.021052524671029613
2 0.45111411809921265 9 16 -0.014133767425392244
73 0.008740443736314774 10 15 -0.02647294049031128
108 0.011517039500176907 11 14 -0.006604154759157054
29 0.1587531417608261 12 13 -0.0481768337323705
-1 0.0 0 0 -0.007233992427606659
-1 0.0 0 0 0.012196200698482922
-1 0.0 0 0 0.0022471849614285094
-1 0.0 0 0 -0.0071375909858736215
15 0.06757747754454613 17 20 0.03305094691933907
6 0.8065197467803955 18 19 0.0021979069451256326
-1 0.0 0 0 -0.026547986008092113
-1 0.0 0 0 0.0018787740652798123
-1 0.0 0 0 0.013354963275221402
-1 0.0 0 0 -0.029049855952342343
-1 0.0 0 0 0.0007159010814734389
-1 0.0 0 0 0.007962372646453516
2 0.3806103467941284 25 26 0.08670396520465147
-1 0.0 0 0 -0.004233625751107156
48 0.19134952127933502 27 28 0.15712654731764858
-1 0.0 0 0 0.01753421785111713
-1 0.0 0 0 -0.056973589740453225
nodes 29
79 -0.12954318523406982 1 8 0.0
2 0.4658086895942688 2 3 0.02931493313201868
-1 0.0 0 0 0.001601537830327602
88 0.03985269367694855 4 7 0.12779764906352595
107 0.13667353987693787 5 6 0.048482318407889156
-1 0.0 0 0 0.008049387609091562
-1 0.0 0 0 -0.053424659274794443
-1 0.0 0 0 0.02395503635878403
107 -0.02488129585981369 9 22 -0.005133506558698542
10 -0.03976922854781151 10 15 0.009219294605322151
9 -0.021550998091697693 11 14 -0.023328843015803954
18 0.05018501728773117 12 13 0.0060755806377853225
-1 0.0 0 0 0.002713264248581037
-1 0.0 0 0 -0.00873564156415311
-1 0.0 0 0 -0.006012919639933566
0 0.45536428689956665 16 19 0.025606531879116552
61 0.009943561628460884 17 18 0.010178942728979762
-1 0.0 0 0 0.003331644987032701
-1 0.0 0 0 -0.002806422487905391
62 -0.11792882531881332 20 21 0.06585414943440637
-1 0.0 0 0 0.01889932481815322
-1 0.0 0 0 0.004810686764453208
20 0.017932891845703125 23 26 -0.020576633220981345
13 -0.025518566370010376 24 25 -0.042725430949855564
-1 0.0 0 0 -0.00796371527690029
-1 0.0 0 0 -0.001992404403406747
27 0.06722689419984818 27 28 0.006285285190603919
-1 0.0 0 0 -0.0021391601752786056
-1 0.0 0 0 0.00472173010474681
nodes 29
5 1.1634941101074219 1 10 0.0
17 -0.0870206281542778 2 5 -0.01294288859563941
75 -0.07487684488296509 3 4 0.03319230797099411
-1 0.0 0 0 -0.012699835553242226
-1 0.0 0 0 0.005060044855268283
52 0.05425237491726875 6 7 -0.0237584347819886
-1 0.0 0 0 -0.0010191421130180736
11 -0.06280239671468735 8 9 -0.07110317409617053
-1 0.0 0 0 -0.01608156956150999
-1 0.0 0 0 -0.0040209454288749474
2 0.38620930910110474 11 22 0.011504871414295558
39 -0.002917488571256399 12 15 -0.0025099225458749814
6 1.0263746976852417 13 14 -0.049224244880611986
-1 0.0 0 0 -0.007752355012235103
-1 0.0 0 0 0.004160370325367506
53 -0.03997822105884552 16 21 0.015694370537871163
2 0.2794410288333893 17 18 0.036147846085008865
-1 0.0 0 0 -0.0022701065668787406
33 0.06520875543355942 19 20 0.06872996085689974
-1 0.0 0 0 0.008581408316683492
-1 0.0 0 0 -0.007071304703864959
-1 0.0 0 0 -0.002535076415429055
34 0.051506444811820984 23 24 0.04435447911186811
-1 0.0 0 0 -0.004039275171559936
1 0.3651483356952667 25 28 0.06659378512041571
6 0.9581364989280701 26 27 0.10897745332755689
-1 0.0 0 0 0.00577453807533616
-1 0.0 0 0 0.018127562921840815
-1 0.0 0 0 0.0010307770204156554
nodes 29
14 0.15895037353038788 1 28 0.0
62 0.05421816557645798 2 27 0.001882087176004757
107 0.05977771431207657 3 24 0.009747129109329462
2 0.46974918246269226 4 13 0.01731307083326371
108 -0.029364850372076035 5 8 0.010835277343119877
29 0.14857666194438934 6 7 -0.022434977812002682
-1 0.0 0 0 -0.003915128396503056
-1 0.0 0 0 0.008707931785280922
11 -0.06745702773332596 9 10 0.02244929233697879
-1 0.0 0 0 -0.0018216110416090494
13 -0.07477343082427979 11 12 0.03502233370797163
-1 0.0 0 0 -0.0014541031581576168
-1 0.0 0 0 0.004734427417812189
82 -0.028126323595643044 14 17 0.06933020281372816
49 -0.07635042816400528 15 16 0.1402877587210231
-1 0.0 0 0 -0.027711083760083306
-1 0.0 0 0 0.015637795404408784
60 0.00893445685505867 18 23 0.018944837533819515
52 -0.014478483237326145 19 20 -0.06546442560584483
-1 0.0 0 0 0.005326215108938164
94 -0.05465298518538475 21 22 -0.17957618836592115
-1 0.0 0 0 -0.04027249431713254
-1 0.0 0 0 -0.007035074522432855
-1 0.0 0 0 0.008268244439438239
37 0.025293774902820587 25 26 -0.025092464307532498
-1 0.0 0 0 -0.00044345358419883054
-1 0.0 0 0 -0.011297647739090838
-1 0.0 0 0 -0.0021085325614075365
-1 0.0 0 0 -0.007813862369695097
nodes 29
95 -0.1483759731054306 1 2 0.0
-1 0.0 0 0 -0.0077290010140084
37 0.13109190762043 3 28 0.0018624576069129085
106 -0.13032017648220062 4 5 0.0037505249887404136
-1 0.0 0 0 -0.006027881965406027
98 0.13891610503196716 6 27 0.006346073385276933
87 -0.001717070583254099 7 8 0.009265420986057073
-1 0.0 0 0 0.0024963659298871564
96 0.11524312198162079 9 26 -0.003910302979953674
5 1.1573692560195923 10 25 0.00028672951219676953
53 0.0007241179700940847 11 22 -0.021509498687210485
59 0.06279190629720688 12 13 -0.043009276163569705
-1 0.0 0 0 -0.00020084881098298077
2 0.3898385763168335 14 15 -0.08590454290520204
-1 0.0 0 0 -0.0011888024550115184
53 -0.14916203916072845 16 17 -0.13667821777419514
-1 0.0 0 0 -0.026997077381666436
59 0.23651477694511414 18 19 -0.09597645187867174
-1 0.0 0 0 -0.007555152831905803
9 -0.018055923283100128 20 21 -0.39245556452622016
-1 0.0 0 0 -0.007972251065802993
-1 0.0 0 0 -0.0805134233548162
0 0.4176984131336212 23 24 0.04874575005646927
-1 0.0 0 0 -0.005943158957683976
-1 0.0 0 0 0.009718628011195041
-1 0.0 0 0 0.0017934119290588257
-1 0.0 0 0 -0.010746192561289777
-1 0.0 0 0 -0.005956739202061484
-1 0.0 0 0 -0.007967215176841362
nodes 29
81 -0.07275432348251343 1 2 0.0
-1 0.0 0 0 0.0019917941622297148
70 -0.037964750081300735 3 10 -0.007098595060013332
52 0.02052268758416176 4 5 -0.033405985424735656
-1 0.0 0 0 -0.0007150198901118477
0 0.34784597158432007 6 7 -0.07579093757683067
-1 0.0 0 0 0.001140604125070899
104 0.12422560155391693 8 9 -0.10900883427303626
-1 0.0 0 0 -0.012950734992788935
-1 0.0 0 0 0.004741673179215324
18 -0.10854105651378632 11 22 0.0022023048491711023
2 0.3760696351528168 12 15 0.038971121168521555
28 0.03464356064796448 13 14 -0.005156978281525472
-1 0.0 0 0 -0.006329211173500606
-1 0.0 0 0 0.005613176323433996
5 1.2876254320144653 16 21 0.07143024964544162
107 0.0530230775475502 17 20 0.056580383669959745
87 0.010853994637727737 18 19 0.08242486161188503
-1 0.0 0 0 0.01355160645498359
-1 0.0 0 0 0.0024529024923893353
-1 0.0 0 0 -0.005553368965557526
-1 0.0 0 0 0.022898201587364896
15 0.053256385028362274 23 26 -0.009273335549593219
66 -0.033724814653396606 24 25 -0.021555308128096126
-1 0.0 0 0 -0.00518547321568746
-1 0.0 0 0 -0.0002994854122569759
58 -0.07129280269145966 27 28 0.027786533126022972
-1 0.0 0 0 -0.010428313667817919
-1 0.0 0 0 0.004002011996629802
nodes 29
100 0.08524076640605927 1 24 0.0
34 0.24788835644721985 2 23 -0.007065293988732698
74 -0.056088171899318695 3 10 -0.013666118660936026
2 0.4390608072280884 4 5 -0.053935800352892964
-1 0.0 0 0 -0.008805241945954502
6 0.7987437844276428 6 7 0.01140671833730261
-1 0.0 0 0 -0.046485021504862556
1 0.35563480854034424 8 9 0.024143992608613937
-1 0.0 0 0 0.07013470078042398
-1 0.0 0 0 0.0014001794565122504
70 -0.017904842272400856 11 12 -0.006462394852176593
-1 0.0 0 0 -0.00338663394851888
80 0.08521313965320587 13 22 0.0062818076447734485
2 0.4045562446117401 14 15 0.020175141119856667
-1 0.0 0 0 -0.0004957469252588714
76 0.14165130257606506 16 17 0.05022271177001137
-1 0.0 0 0 0.006625274439300307
37 -0.15747752785682678 18 21 -0.078297990652393
24 0.014504441060125828 19 20 -0.43080786766723994
-1 0.0 0 0 0.0032557429986745986
-1 0.0 0 0 -0.07628863309859299
-1 0.0 0 0 -0.001892183802356351
-1 0.0 0 0 -0.0038077766971754533
-1 0.0 0 0 0.003724959590098724
21 0.10488518700003624 25 26 0.019825526001099842
-1 0.0 0 0 -0.0022585835695074405
47 0.06710866093635559 27 28 0.04320987268974386
-1 0.0 0 0 0.002080352879248419
-1 0.0 0 0 0.009941837035950094
nodes 29
5 1.2383124828338623 1 20 0.0
18 0.14798051118850708 2 19 -0.00843668995818535
2 0.4592397212982178 3 12 -0.0053675278309366775
34 0.1585826575756073 4 9 -0.015346546857733942
21 0.18504104018211365 5 6 -0.0370141904493789
-1 0.0 0 0 -0.006164363472432721
77 0.06426415592432022 7 8 0.021909583928748557
-1 0.0 0 0 0.0048085436351208485
-1 0.0 0 0 -0.00999401005852044
27 0.055709466338157654 10 11 0.006262173177066195
-1 0.0 0 0 -0.002257584929292398
-1 0.0 0 0 0.0040102508093666795
104 0.12597863376140594 13 18 0.029156417227843016
28 0.07382107526063919 14 17 0.009836437005447098
82 0.05981934815645218 15 16 0.03442756944965919
-1 0.0 0 0 0.0064310356426593804
-1 0.0 0 0 -0.005410585354965592
-1 0.0 0 0 -0.0075137926624624365
-1 0.0 0 0 0.013929621298790613
-1 0.0 0 0 -0.012406126663783901
59 0.020609503611922264 21 24 0.01717482745896595
6 1.0263746976852417 22 23 -0.017575698558689453
-1 0.0 0 0 -0.004263166395981321
-1 0.0 0 0 0.006500336700704042
2 0.2862556278705597 25 26 0.03742175880402731
-1 0.0 0 0 -0.002083546728606772
41 0.19938670098781586 27 28 0.062103377025781656
-1 0.0 0 0 0.004520348278456468
-1 0.0 0 0 0.020069527246775673
nodes 29
19 -0.047336287796497345 1 8 0.0
7 0.6860000193119049 2 7 0.015929990588631097
80 -0.10118664801120758 3 6 0.017782378554340422
5 1.382660150527954 4 5 -0.04396950576682773
-1 0.0 0 0 -0.007218589070886426
-1 0.0 0 0 0.008300422647233668
-1 0.0 0 0 0.0026455128243365357
-1 0.0 0 0 -0.02747227954822469
50 0.003966023679822683 9 24 -0.008839481552595214
66 -0.0015871039358898997 10 15 -0.02519994186809526
5 1.2183371782302856 11 14 -0.04730404804534462
79 -0.12666486203670502 12 13 -0.07443646700870862
-1 0.0 0 0 0.002297359207146909
-1 0.0 0 0 -0.009212494902073414
-1 0.0 0 0 -0.0001845061063612595
1 0.38722363114356995 16 17 -0.0023319484903933435
-1 0.0 0 0 -0.0022371590410491383
99 0.08381489664316177 18 19 0.04266406883611648
-1 0.0 0 0 0.0009455629895161688
53 -0.16209544241428375 20 23 0.1555453162445025
89 -0.030284307897090912 21 22 -0.1935267980368207
-1 0.0 0 0 0.006725947716399844
-1 0.0 0 0 -0.06847753629499917
-1 0.0 0 0 0.019540253739632946
97 0.013225563801825047 25 26 0.010875978185074677
-1 0.0 0 0 0.003599052874855053
11 -0.019808445125818253 27 28 -0.01609586688071326
-1 0.0 0 0 -0.0052115134798750495
-1 0.0 0 0 0.0014272671850182345
nodes 29
32 -0.10237830877304077 1 8 0.0
38 0.12559112906455994 2 7 0.026909173634009135
15 0.07552254945039749 3 6 0.03860491291533213
29 0.11465797573328018 4 5 0.022550562269051104
-1 0.0 0 0 0.0038791061623653362
-1 0.0 0 0 -0.00838093686047517
-1 0.0 0 0 0.01142539413695464
-1 0.0 0 0 -0.009388512952116792
75 0.03576016053557396 9 20 -0.005306192998330437
93 -0.04270792379975319 10 11 -0.019614488720819546
-1 0.0 0 0 0.0004877098810551036
61 -0.07075414061546326 12 13 -0.036129069645532544
-1 0.0 0 0 0.0014734049689210142
1 0.2920900285243988 14 15 -0.05232100395992297
-1 0.0 0 0 -0.0013179201600319447
70 0.07975419610738754 16 19 -0.0830020156287977
9 0.024314528331160545 17 18 -0.11590272496676875
-1 0.0 0 0 -0.007892265368533075
-1 0.0 0 0 -0.021630570417914774
-1 0.0 0 0 1.831890558253524e-05
21 0.14327190816402435 21 22 0.008905475804637256
-1 0.0 0 0 -0.0016095686147884925
23 0.09327933937311172 23 28 0.03711129637115395
2 0.22978416085243225 24 25 0.05289313411494737
-1 0.0 0 0 -0.006866066493437215
29 0.1440260261297226 26 27 0.06297106617553322
-1 0.0 0 0 0.00457431619611625
-1 0.0 0 0 0.016334595752830267
-1 0.0 0 0 -0.005497224839565181
nodes 29
24 0.06834910809993744 1 18 0.0
95 -0.11576087772846222 2 3 -0.007501780754801752
-1 0.0 0 0 -0.00747214056894449
41 0.004148405510932207 4 9 -0.0037290071919562143
89 -0.23386640846729279 5 6 -0.03385940945612327
-1 0.0 0 0 0.013733167281996736
74 -0.12783530354499817 7 8 -0.03987789194962738
-1 0.0 0 0 -0.018744281619977456
-1 0.0 0 0 -0.003244526062990253
72 -0.06486807018518448 10 11 0.004900490513656484
-1 0.0 0 0 -0.00401328788275532
67 0.1142931580543518 12 17 0.013538552579037457
0 0.4826299548149109 13 16 0.01931787061597732
14 0.08050141483545303 14 15 0.011602061955184617
-1 0.0 0 0 0.0019192465656606148
-1 0.0 0 0 -0.005760069539187836
-1 0.0 0 0 0.006970195748736594
-1 0.0 0 0 -0.0050609815288571725
8 28.5 19 20 0.01870348277279614
-1 0.0 0 0 -0.009462327510612059
56 0.027911853045225143 21 24 0.02364887574330519
99 -0.06574360281229019 22 23 0.004503284473317503
-1 0.0 0 0 -0.005449582245610806
-1 0.0 0 0 0.002099601192183326
103 -0.049327198415994644 25 26 0.05373121553216286
-1 0.0 0 0 0.01251431332736267
63 -0.09577255696058273 27 28 0.02787266104866038
-1 0.0 0 0 -0.004365270230127816
-1 0.0 0 0 0.005460841781040727
nodes 29
26 -0.10633779317140579 1 2 0.0
-1 0.0 0 0 -0.0037197041215097644
68 0.02489057555794716 3 24 0.0036878139851052715
73 0.14013244211673737 4 23 0.012649613224253557
34 0.19945162534713745 5 16 0.016273660193796564
9 0.13151046633720398 6 15 0.005018927525714279
21 0.1986028105020523 7 10 0.009233885484767675
79 0.08753004670143127 8 9 -0.0014726257215677955
-1 0.0 0 0 0.0006163936320564514
-1 0.0 0 0 -0.006551736707809262
47 0.019156139343976974 11 14 0.048844684888049814
23 0.0509788952767849 12 13 0.0054802384359995664
-1 0.0 0 0 0.004231435375020981
-1 0.0 0 0 -0.009863094080919487
-1 0.0 0 0 0.009579883528027217
-1 0.0 0 0 -0.008552916464201898
2 0.21889449656009674 17 18 0.04535416567999493
-1 0.0 0 0 -0.007347801105314278
21 0.01190290879458189 19 22 0.05328692825979339
12 0.15015441179275513 20 21 -0.046423812045503665
-1 0.0 0 0 -0.0018459654413491595
-1 0.0 0 0 -0.04644143787555789
-1 0.0 0 0 0.0063959654807944095
-1 0.0 0 0 -0.007672663612259873
7 0.04600000008940697 25 28 -0.01581216269565816
61 0.13543833792209625 26 27 -0.04809373018580467
-1 0.0 0 0 -0.004028593760131446
-1 0.0 0 0 -0.023888031740585996
-1 0.0 0 0 0.00032396066940303044
nodes 29
8 75.5 1 28 0.0
7 0.0020000000949949026 2 7 -0.001124035828167542
6 0.9174297451972961 3 6 -0.05299688012509524
49 0.09092675149440765 4 5 -0.11177099989288529
-1 0.0 0 0 -0.02170857312268297
-1 0.0 0 0 -0.004828445160464884
-1 0.0 0 0 4.717225586290227e-06
14 0.15895037353038788 8 27 0.0015057724384525879
62 0.03276822343468666 9 24 0.0033562216490890077
108 -0.058020394295454025 10 11 0.01265274215216721
-1 0.0 0 0 -0.002222211628619833
25 -0.0434623584151268 12 13 0.019849721177510552
-1 0.0 0 0 -0.001225924379529352
2 0.31918132305145264 14 15 0.031047259605817824
-1 0.0 0 0 -0.0010557316787450368
5 1.2219624519348145 16 21 0.04417311186996806
89 0.1545310616493225 17 20 0.02471579821463097
52 -0.1217246800661087 18 19 0.02861758965494306
-1 0.0 0 0 0.011291462480635266
-1 0.0 0 0 0.0017574369402768846
-1 0.0 0 0 -0.023966203792651575
41 0.1815253347158432 22 23 0.10167902431637821
-1 0.0 0 0 0.007738587000745992
-1 0.0 0 0 0.02672041028091053
97 -0.10026080906391144 25 26 -0.014926316530421811
-1 0.0 0 0 0.0049048496813890625
-1 0.0 0 0 -0.002316184981475708
-1 0.0 0 0 -0.007603714177632845
-1 0.0 0 0 0.012185581333026356
nodes 29
5 1.5828040838241577 1 22 0.0
72 0.02191263809800148 2 9 -0.0039777293582656335
35 0.017588511109352112 3 4 -0.018177759149410184
-1 0.0 0 0 -0.004131843838190793
107 0.07046272605657578 5 8 0.0033147471527844
2 0.42463597655296326 6 7 0.014957365796440686
-1 0.0 0 0 -0.0008071359934757841
-1 0.0 0 0 0.005563637600073249
-1 0.0 0 0 -0.0069206868331310074
75 0.03207160905003548 10 21 0.009244553241212204
59 0.0037570656277239323 11 16 -0.014258403344022008
56 -0.09188412874937057 12 15 -0.06458370136031939
60 0.08535276353359222 13 14 -0.18934561694464824
-1 0.0 0 0 -0.026345951486638465
-1 0.0 0 0 0.00796979851000113
-1 0.0 0 0 -0.003936771921909765
108 -0.03585096821188927 17 18 0.004883364588387774
-1 0.0 0 0 -0.005854695428288264
38 0.034927282482385635 19 20 0.023891663423909464
-1 0.0 0 0 0.005512281548878543
-1 0.0 0 0 -0.0034213657006287677
-1 0.0 0 0 0.0030315671529870755
2 0.25739794969558716 23 24 0.03359055078902478
-1 0.0 0 0 -0.0036397917253745654
59 0.016698073595762253 25 26 0.05771408422413768
-1 0.0 0 0 -0.00011416920765961488
2 0.4177689552307129 27 28 0.09636101833619118
-1 0.0 0 0 0.008144795516755827
-1 0.0 0 0 0.033550454742745844
nodes 29
22 0.00046137324534356594 1 10 0.0
20 0.09360241144895554 2 9 0.01142393580662437
10 -0.008283963426947594 3 4 0.002512198404643461
-1 0.0 0 0 -0.001940672582408214
72 -0.11151313781738281 5 6 0.022797616409196045
-1 0.0 0 0 -0.008164675509749766
14 0.08050141483545303 7 8 0.0317889923889316
-1 0.0 0 0 0.004175105567288797
-1 0.0 0 0 -0.004968859606317662
-1 0.0 0 0 0.005014080564758178
85 -0.06649044901132584 11 20 -0.01188118206205236
1 0.35563480854034424 12 13 -0.05640929153597042
-1 0.0 0 0 -0.0018099264084224542
98 -0.1565874218940735 14 15 -0.11575254113909962
-1 0.0 0 0 0.015474401202395953
18 0.14798051118850708 16 19 -0.13950040949534817
37 0.12432367354631424 17 18 -0.1267047140123901
-1 0.0 0 0 -0.0112795602285334
-1 0.0 0 0 -0.060251224434210195
-1 0.0 0 0 -0.06626792490001647
71 -0.03970322757959366 21 28 -0.004213505073155618
23 -0.0745655745267868 22 27 -0.03557229010015829
80 -0.0187293142080307 23 26 0.03614437238871285
56 0.057910457253456116 24 25 -0.06475604089018171
-1 0.0 0 0 -0.013719309294408403
-1 0.0 0 0 0.01845126382364821
-1 0.0 0 0 0.009970321436475074
-1 0.0 0 0 -0.0054122041557228715
-1 0.0 0 0 0.0010425874418386652
nodes 29
0 0.45026081800460815 1 10 0.0
73 -0.027819499373435974 2 7 -0.007875157028638414
96 -0.00034538150066509843 3 6 0.01007351060177605
33 -0.04130486026406288 4 5 0.023334001072371182
-1 0.0 0 0 0.004926375855240545
-1 0.0 0 0 -0.0006478469964473959
-1 0.0 0 0 -0.0038708587357311284
6 0.9463959336280823 8 9 -0.03035168260800307
-1 0.0 0 0 -0.007644931440911034
-1 0.0 0 0 -0.0013423604290812693
60 0.06666309386491776 11 14 0.016031697607869225
70 -0.10743126273155212 12 13 -0.004403663718186069
-1 0.0 0 0 -0.009063960534203098
-1 0.0 0 0 0.0004493259470949156
59 0.07427249103784561 15 26 0.060186744787051646
37 0.10400771349668503 16 25 0.09534964477051754
49 0.098223976790905 17 20 0.11042880475878925
69 0.08909569680690765 18 19 0.0516792179202251
-1 0.0 0 0 0.009815896786161966
-1 0.0 0 0 -0.010096932254079871
35 -0.110896535217762 21 24 0.1599104555797968
26 0.009003088809549809 22 23 -0.11172598001516623
-1 0.0 0 0 -0.041511438901246596
-1 0.0 0 0 0.017709978535026313
-1 0.0 0 0 0.01812702010793685
-1 0.0 0 0 -0.01614959366871713
53 -0.013151947408914566 27 28 0.001238770700748278
-1 0.0 0 0 -0.004863307150938383
-1 0.0 0 0 0.00977127864908079
nodes 29
98 -0.02247585728764534 1 18 0.0
80 0.14120720326900482 2 17 0.01085142716761317
84 0.07785851508378983 3 12 0.01676745969162215
35 -0.08007441461086273 4 5 0.0012148540121047929
-1 0.0 0 0 -0.0063818308212241145
0 0.4568142890930176 6 9 0.010291647470855694
20 -0.11512148380279541 7 8 -0.006518301509203295
-1 0.0 0 0 -0.010999397856491653
-1 0.0 0 0 0.000283945613575914
49 0.0014468678273260593 10 11 0.04840387726204187
-1 0.0 0 0 -0.005353002791426094
-1 0.0 0 0 0.006657090266488346
21 0.042638566344976425 13 14 0.044297432802297615
-1 0.0 0 0 -0.002084419521444329
58 -0.032881155610084534 15 16 0.06059717134682093
-1 0.0 0 0 -0.0031284013920300302
-1 0.0 0 0 0.0075709311639261204
-1 0.0 0 0 -0.00506870388998591
75 -0.005913727451115847 19 20 -0.011645571157412634
-1 0.0 0 0 -0.004344942029418097
8 68.5 21 28 0.0025424448868120097
50 -0.059478115290403366 22 23 -0.0010611833319974762
-1 0.0 0 0 -0.0038625458059783993
33 0.037269022315740585 24 25 0.012723508834100441
-1 0.0 0 0 0.002732444720849537
96 0.17810086905956268 26 27 -0.0451583465735918
-1 0.0 0 0 -0.003687965669515096
-1 0.0 0 0 -0.05446393025728563
-1 0.0 0 0 0.013384231749672352
nodes 29
105 -0.04679105058312416 1 6 0.0
20 0.0921386107802391 2 5 -0.017404265194998308
24 0.03388069197535515 3 4 -0.03012255914073265
-1 0.0 0 0 -0.005223098184559065
-1 0.0 0 0 -0.0001352183655657613
-1 0.0 0 0 0.0033311468590645765
59 -0.13946299254894257 7 20 0.007251859266773012
2 0.41687846183776855 8 13 -0.09019671540408605
6 1.028324007987976 9 12 -0.18705046387718438
29 0.16152752935886383 10 11 -0.26344763285078004
-1 0.0 0 0 -0.031178418747349213
-1 0.0 0 0 0.023837368877773935
-1 0.0 0 0 0.005695273906909576
35 -0.0720781683921814 14 19 0.0013133779808413236
75 0.03668847680091858 15 18 -0.28998068929221366
19 -0.07229074090719223 16 17 -0.7931686629106601
-1 0.0 0 0 0.00020956193858926947
-1 0.0 0 0 -0.11232783649960217
-1 0.0 0 0 0.013887269731441682
-1 0.0 0 0 0.00684716990070195
104 0.06351342052221298 21 28 0.0096450749591658
70 -0.037964750081300735 22 27 0.00010804127754773178
52 0.02154536359012127 23 24 -0.031271440553024596
-1 0.0 0 0 -4.064230724273479e-05
1 0.3084757924079895 25 26 -0.07697411814684828
-1 0.0 0 0 -0.0014510047516015446
-1 0.0 0 0 -0.015986687057092958
-1 0.0 0 0 0.0011171433146681421
-1 0.0 0 0 0.0031773750797005973
nodes 29
5 1.3474245071411133 1 28 0.0
27 -0.07112295180559158 2 5 -0.005601490476871883
35 0.1910856068134308 3 4 -0.0541305289392621
-1 0.0 0 0 -0.006261537501646407
-1 0.0 0 0 0.019726774683179845
8 28.5 6 7 0.0001407317745675052
-1 0.0 0 0 -0.00920178877212591
9 -0.0017497674562036991 8 21 0.003432589927663014
57 -0.044491227716207504 9 14 0.017141324119871206
97 -0.05957808345556259 10 11 -0.016917948872426602
-1 0.0 0 0 0.005701824643125745
93 0.04943326488137245 12 13 -0.03968375638670506
-1 0.0 0 0 -0.0014001001105088545
-1 0.0 0 0 -0.012432868442063216
84 0.012202216312289238 15 16 0.029525631128416597
-1 0.0 0 0 -0.00027750449772564215
80 0.17642389237880707 17 20 0.04963589985264694
38 0.04089294373989105 18 19 0.0562793244002188
-1 0.0 0 0 0.007775865768479085
-1 0.0 0 0 0.0009983463023209684
-1 0.0 0 0 -0.010892276479681755
83 0.0012442574370652437 22 25 -0.0195144999164838
54 -0.05608132667839527 23 24 -0.045468887636697465
-1 0.0 0 0 -0.012187525236222428
-1 0.0 0 0 -0.002686547095345401
75 -0.002709226682782173 26 27 0.006720080677498895
-1 0.0 0 0 -0.005017923182651346
-1 0.0 0 0 0.0032295415156000425
-1 0.0 0 0 0.0021867568334411956
nodes 29
98 0.2064957469701767 1 28 0.0
32 -0.10237830877304077 2 7 0.0009691643721740226
66 -0.10003658384084702 3 4 0.02586188385867083
-1 0.0 0 0 -0.00482128559043494
30 -0.041928067803382874 5 6 0.04115026435758444
-1 0.0 0 0 -0.0014782169261728685
-1 0.0 0 0 0.0062250421853157385
100 0.1537669152021408 8 25 -0.003954564573967127
78 0.1228189691901207 9 22 -0.007959980920361908
85 0.0744868591427803 10 21 -0.003810073971471762
40 -0.12182425707578659 11 12 -0.015591163370958071
-1 0.0 0 0 -0.009744788515411142
61 -0.07178758084774017 13 14 -0.010578991396885342
-1 0.0 0 0 0.0022252727894386515
6 1.0146758556365967 15 18 -0.022896188578450005
89 0.07324203848838806 16 17 -0.031720519550553335
-1 0.0 0 0 -0.0024489352442162065
-1 0.0 0 0 -0.011115650868519312
1 0.29976361989974976 19 20 0.03567358267273306
-1 0.0 0 0 0.005826186391114638
-1 0.0 0 0 -0.017009411795164513
-1 0.0 0 0 0.0018553520473937773
6 1.0029692649841309 23 24 -0.061183873669904194
-1 0.0 0 0 -0.009110060895482195
-1 0.0 0 0 0.004531871414340099
29 0.15606865286827087 26 27 0.042210387566644365
-1 0.0 0 0 0.00185507756881322
-1 0.0 0 0 0.0180518698413392
-1 0.0 0 0 -0.012264874652776469
nodes 29
26 0.0852246806025505 1 12 0.0
5 1.1634941101074219 2 7 -0.005598187928722052
99 -0.1176309734582901 3 6 -0.022261337550526745
28 0.01363397017121315 4 5 -0.10622572371568871
-1 0.0 0 0 -0.00024874232802643857
-1 0.0 0 0 -0.020299062488414413
-1 0.0 0 0 -0.001534285867394211
94 0.07214394211769104 8 11 0.008739579813452695
74 -0.028350958600640297 9 10 0.018016610527502006
-1 0.0 0 0 -0.0023063273399981732
-1 0.0 0 0 0.002977914464318788
-1 0.0 0 0 -0.0036497147514659963
2 0.38711297512054443 13 16 0.02133689584069744
76 -0.05039486289024353 14 15 -0.0170434095796163
-1 0.0 0 0 -0.01242632380612689
-1 0.0 0 0 0.0003379414893079434
60 0.027715297415852547 17 22 0.052418125413051825
85 -0.055398497730493546 18 21 0.007550283938513822
92 0.049322038888931274 19 20 -0.12109809358889134
-1 0.0 0 0 -0.0028473714520607643
-1 0.0 0 0 -0.03168849547332275
-1 0.0 0 0 0.0036096115521296276
7 0.041999999433755875 23 28 0.09705215843800911
107 0.06122652068734169 24 25 0.03314797209313082
-1 0.0 0 0 0.007077620113151064
87 0.040293898433446884 26 27 -0.1427917292155748
-1 0.0 0 0 0.0004389118199371529
-1 0.0 0 0 -0.044635222700890154
-1 0.0 0 0 0.014620771419130672
nodes 29
7 0.7700000107288361 1 28 0.0
6 1.028324007987976 2 23 0.00038801703956859357
49 0.1761818826198578 3 14 -0.0028988078035850073
52 0.09331066161394119 4 9 -0.012406630325772062
57 0.023494107648730278 5 6 -0.006052433652800481
-1 0.0 0 0 -0.002212322809018561
54 -0.027982058003544807 7 8 0.013068817960987236
-1 0.0 0 0 -0.002907973700750413
-1 0.0 0 0 0.0031375524041673654
51 0.0807124674320221 10 13 -0.05739163954988878
3 0.5615501403808594 11 12 -0.08617648562525042
-1 0.0 0 0 0.004627240084287392
-1 0.0 0 0 -0.011345197665216078
-1 0.0 0 0 0.002018570129336805
79 0.09909960627555847 15 22 0.017704578576160684
15 -0.09804274886846542 16 17 0.024927912269363466
-1 0.0 0 0 -0.004239174231679128
0 0.453169584274292 18 19 0.03715693188809018
-1 0.0 0 0 0.0021702841947911443
60 0.07739464193582535 20 21 0.092315436201416
-1 0.0 0 0 0.0050261745332407515
-1 0.0 0 0 0.019081328358563854
-1 0.0 0 0 -0.00834667965862948
1 0.2972976267337799 24 27 0.039600977849589866
49 0.09309577196836472 25 26 0.05302610305915661
-1 0.0 0 0 0.010219274192082045
-1 0.0 0 0 0.00013149469943014744
-1 0.0 0 0 -0.024324723156568195
-1 0.0 0 0 -0.030756202754047182
nodes 29
105 -0.2051367312669754 1 2 0.0
-1 0.0 0 0 -0.009852961703808345
22 -0.0405297577381134 3 4 0.0011735056639456101
-1 0.0 0 0 0.0016856785895823776
58 0.19358806312084198 5 26 -0.006665635181365071
5 1.1148016452789307 6 25 -0.010384586256845138
85 0.12276532500982285 7 8 -0.036101871095477585
-1 0.0 0 0 -0.0052858785560131825
71 0.025377687066793442 9 22 0.04191595173995755
70 -0.01489337906241417 10 11 -0.02144446587009263
-1 0.0 0 0 -0.017461482628680965
11 -0.01803620718419552 12 21 0.04537115076128526
86 -0.03782825171947479 13 14 -0.08814945366886473
-1 0.0 0 0 0.01709917525113923
59 0.10080548375844955 15 20 -0.2242393323861695
95 -0.007419273257255554 16 19 -0.0578003984842264
79 -0.0029907061252743006 17 18 -0.45613842186353665
-1 0.0 0 0 -0.08050399808297781
-1 0.0 0 0 0.01835144362412393
-1 0.0 0 0 0.011923872301768926
-1 0.0 0 0 -0.06034455632349265
-1 0.0 0 0 0.014719110854213863
26 0.019533542916178703 23 24 0.13431656075461407
-1 0.0 0 0 0.0017099248517698487
-1 0.0 0 0 0.025110994057837628
-1 0.0 0 0 -0.00018737024788875238
2 0.4237402677536011 27 28 0.048575463649869526
-1 0.0 0 0 0.00046222634185871364
-1 0.0 0 0 0.013815259979374037
nodes 29
89 -0.23877973854541779 1 6 0.0
2 0.38620930910110474 2 3 0.059635633709526625
-1 0.0 0 0 -0.0024275275673035276
59 0.1438724398612976 4 5 0.12217212902244817
-1 0.0 0 0 0.016671502243400853
-1 0.0 0 0 -0.01123376686948608
8 65.5 7 26 -0.0019319919513205964
6 0.8778034448623657 8 9 -0.004221737855300487
-1 0.0 0 0 -0.004608757990132473
4 0.6782086491584778 10 11 0.0002879123612762407
-1 0.0 0 0 -0.006634212023726726
5 1.1634941101074219 12 13 0.0028563796127909894
-1 0.0 0 0 -0.001107560277772152
2 0.3349543809890747 14 17 0.01903444595336044
6 1.024709701538086 15 16 -0.00915736519489544
-1 0.0 0 0 -0.003388197292304152
-1 0.0 0 0 0.0040903698261543315
76 -0.07202499359846115 18 19 0.04412440236841084
-1 0.0 0 0 -0.00584727479934375
49 0.14639300107955933 20 25 0.06058280811207647
53 -0.02485220693051815 21 24 0.02658483422977577
5 1.247575283050537 22 23 0.06402617013412726
-1 0.0 0 0 0.0007776217623918039
-1 0.0 0 0 0.013899270819636196
-1 0.0 0 0 -0.0035766607149088324
-1 0.0 0 0 0.011487181714552326
2 0.37698498368263245 27 28 0.05222757946495916
-1 0.0 0 0 0.009764062500398466
-1 0.0 0 0 -0.0064714111959465
nodes 29
8 30.5 1 2 0.0
-1 0.0 0 0 -0.003591506931909678
6 1.028324007987976 3 26 0.0032307003302304575
42 -0.009576335549354553 4 7 0.0003529439352230409
49 0.17720839381217957 5 6 0.010879470484314879
-1 0.0 0 0 -0.0002285938620046321
-1 0.0 0 0 0.003967970518690084
2 0.40192925930023193 8 11 -0.018045492388602632
80 -0.0187293142080307 9 10 -0.04699587311270405
-1 0.0 0 0 -0.009866444136283488
-1 0.0 0 0 -0.0021561699315388212
18 -0.05634128302335739 12 13 0.010213308982324703
-1 0.0 0 0 0.00650091230077731
52 0.1024857833981514 14 23 -0.030431445784400445
53 -0.15603747963905334 15 20 -0.013548927571588423
57 -0.08985710144042969 16 19 -0.129897794592613
14 0.01104931253939867 17 18 -0.474825064790036
-1 0.0 0 0 -0.07045964220759728
-1 0.0 0 0 8.419555562891458e-05
-1 0.0 0 0 -0.006989553586045691
27 0.17317192256450653 21 22 0.005839814061236471
-1 0.0 0 0 0.0021352445581837454
-1 0.0 0 0 -0.0160664143137532
25 0.08614019304513931 24 25 -0.18331716383864996
-1 0.0 0 0 -0.009263531451074943
-1 0.0 0 0 -0.04606021075612969
1 0.29600051045417786 27 28 0.054060331236432446
-1 0.0 0 0 0.0069473934361580355
-1 0.0 0 0 -0.022084511913737406
nodes 29
81 -0.06511624157428741 1 2 0.0
-1 0.0 0 0 0.0016621997346092288
26 0.12073392421007156 3 22 -0.006795863282223837
108 0.026137758046388626 4 11 -0.012164819550343887
7 0.041999999433755875 5 10 -0.027621086406180946
3 0.4803473651409149 6 7 -0.05827615739809622
-1 0.0 0 0 0.008034479760408638
23 -0.07589427381753922 8 9 -0.07058867115549797
-1 0.0 0 0 0.0013319626098027774
-1 0.0 0 0 -0.009290905196948017
-1 0.0 0 0 -0.001104782293993702
88 0.02414534240961075 12 15 0.002601078619267649
41 0.08210199326276779 13 14 -0.023628095176761805
-1 0.0 0 0 -0.005575717650896608
-1 0.0 0 0 0.0012483858016447567
13 -0.08114553242921829 16 17 0.02752532632254117
-1 0.0 0 0 -0.004921459690617143
101 -0.015787383541464806 18 21 0.045272509764813375
2 0.4582130014896393 19 20 -0.011361749072832904
-1 0.0 0 0 -0.0039819477218193695
-1 0.0 0 0 0.012620197101133193
-1 0.0 0 0 0.0075007595133774925
31 0.03223327919840813 23 26 0.03428673041444904
4 0.9552146196365356 24 25 0.07175147167412302
-1 0.0 0 0 0.0019212660988904952
-1 0.0 0 0 0.012765701896311564
60 -0.039873991161584854 27 28 -0.021162898729252234
-1 0.0 0 0 -0.013418459644482524
-1 0.0 0 0 0.0017427640393421102
nodes 29
19 -0.047336287796497345 1 2 0.0
-1 0.0 0 0 0.0014174109197768365
0 0.44682857394218445 3 14 -0.007865150549561344
19 0.13742083311080933 4 13 -0.020811626929137746
4 1.0 5 12 -0.015426347213559349
29 0.02473112754523754 6 9 -0.0301859017509078
101 -0.10431723296642303 7 8 -0.05427585014911437
-1 0.0 0 0 -0.01745355040096674
-1 0.0 0 0 -0.00446582055295773
39 0.08614984899759293 10 11 -0.004160923351284317
-1 0.0 0 0 -0.0032980789470899597
-1 0.0 0 0 0.004295844644839516
-1 0.0 0 0 0.001503807817174937
-1 0.0 0 0 -0.009596219636199794
13 0.05217083916068077 15 26 0.014460199530224158
104 -0.040360432118177414 16 17 -0.005792105994405048
-1 0.0 0 0 -0.006542348585512399
96 0.14265099167823792 18 23 0.01631492475678445
94 -0.07708769291639328 19 20 0.023521406610562935
-1 0.0 0 0 -0.004868679858759531
22 0.008365999907255173 21 22 0.04819532198067354
-1 0.0 0 0 0.008604840953783032
-1 0.0 0 0 0.0003711916539301395
24 0.05396082624793053 24 25 -0.19514029279016898
-1 0.0 0 0 -0.0335745541263922
-1 0.0 0 0 0.01000233967539691
28 0.14093492925167084 27 28 0.06535014463273738
-1 0.0 0 0 0.007988382711098587
-1 0.0 0 0 -0.009452036262799604
nodes 29
11 -0.01160234585404396 1 22 0.0
33 -0.042227551341056824 2 21 -0.011041733472817465
1 0.36912599205970764 3 14 0.007893014575264739
94 -0.08752118796110153 4 11 0.028791028278455616
1 0.18031607568264008 5 6 0.09326125797370063
-1 0.0 0 0 -0.003488452648350353
102 -0.038231465965509415 7 8 0.12646212291228662
-1 0.0 0 0 0.023503756828086923
20 -0.10879097878932953 9 10 0.06205842517695066
-1 0.0 0 0 -0.0234174683020683
-1 0.0 0 0 0.008479094187317196
94 0.16354042291641235 12 13 -0.0030144419856583163
-1 0.0 0 0 0.00032490686057465556
-1 0.0 0 0 -0.020721257255452635
91 -0.015602550469338894 15 18 -0.037439130784342266
94 -0.06948921084403992 16 17 0.014987035530970262
-1 0.0 0 0 -0.009772501557162638
-1 0.0 0 0 0.005905871393962603
105 0.10294108837842941 19 20 -0.08831730734432938
-1 0.0 0 0 -0.011435401901572573
-1 0.0 0 0 0.006453735543029547
-1 0.0 0 0 -0.003025545390425075
38 -0.04365329444408417 23 26 0.009970528345056446
108 0.03232497721910477 24 25 0.037268792896817206
-1 0.0 0 0 0.00027558574009041914
-1 0.0 0 0 0.007067541323377301
30 -0.07517477869987488 27 28 -0.0026082399870255677
-1 0.0 0 0 -0.005376288557211022
-1 0.0 0 0 0.0008464426264500431
nodes 29
92 0.18019281327724457 1 28 0.0
81 0.14788803458213806 2 27 0.001875115214094352
68 0.07672770321369171 3 26 0.004231416181870811
98 0.2064957469701767 4 25 0.008996634824282564
73 -0.061555415391922 5 8 0.010198503326759801
18 -0.1520364135503769 6 7 0.0275261445257475
-1 0.0 0 0 0.009300500652365679
-1 0.0 0 0 0.0020208130133809953
0 0.4419816732406616 9 12 -0.0008013925630554594
33 -0.039492156356573105 10 11 -0.01786591206945216
-1 0.0 0 0 0.00033845626166198635
-1 0.0 0 0 -0.004082441340654387
27 -0.10729900747537613 13 14 0.02699475118207024
-1 0.0 0 0 -0.010468490605146104
83 -0.0287176463752985 15 16 0.03600311074169811
-1 0.0 0 0 -0.0008137901364937332
88 0.02414534240961075 17 24 0.06251756542182962
60 0.012746565975248814 18 23 0.02627735872977381
58 -0.005204180255532265 19 20 -0.03357745958538378
-1 0.0 0 0 -0.01567248455082569
55 0.1480848491191864 21 22 0.023118409249371818
-1 0.0 0 0 0.004229614246367168
-1 0.0 0 0 -0.04796977834630525
-1 0.0 0 0 0.007815833242441127
-1 0.0 0 0 0.010093120296599171
-1 0.0 0 0 -0.014369919754726535
-1 0.0 0 0 -0.0022958320224101
-1 0.0 0 0 -0.005062039363349356
-1 0.0 0 0 -0.005789903757926273
nodes 29
21 -0.42694708704948425 1 2 0.0
-1 0.0 0 0 0.016495345406666456
89 0.07622063905000687 3 28 -0.0006508246940677701
43 -0.1183081865310669 4 25 0.0027287331394685913
2 0.2526277005672455 5 6 0.019356202391492203
-1 0.0 0 0 -0.00434897256053265
49 0.006016329862177372 7 8 0.027226448847965344
-1 0.0 0 0 -0.0052338068665968365
105 -0.150774285197258 9 12 0.03464627534335291
21 0.1087079867720604 10 11 -0.09069789194620423
-1 0.0 0 0 -0.02269247810736431
-1 0.0 0 0 0.0010469053622855003
83 -0.15133211016654968 13 14 0.039939390421440686
-1 0.0 0 0 -0.007114606254356408
79 0.1304151564836502 15 24 0.04555592283571962
97 0.06082982197403908 16 19 0.050958050589074634
53 0.08305656909942627 17 18 0.06728647978171866
-1 0.0 0 0 0.007491129217150292
-1 0.0 0 0 -0.006274380293692376
80 -0.13260416686534882 20 21 0.011724622302485416
-1 0.0 0 0 -0.018714239285499115
11 0.0010019575711339712 22 23 0.02372267673016003
-1 0.0 0 0 -0.0024686224363223387
-1 0.0 0 0 0.008158336456484838
-1 0.0 0 0 -0.008645993009265503
5 1.6355866193771362 26 27 -0.007060433007250252
-1 0.0 0 0 -0.0012054557811021652
-1 0.0 0 0 0.004166309745908582
-1 0.0 0 0 -0.0042059401124109955
nodes 29
9 -0.22013145685195923 1 4 0.0
2 0.3656638264656067 2 3 0.08206070264236891
-1 0.0 0 0 -0.010911116936045843
-1 0.0 0 0 0.014681772754435052
72 0.02191263809800148 5 10 -0.0013080558110373695
81 0.1518973708152771 6 7 -0.01235869304761067
-1 0.0 0 0 -0.0008684297184890479
15 -0.06120483949780464 8 9 -0.09158081600951276
-1 0.0 0 0 -0.021784318267708075
-1 0.0 0 0 -0.0035788471798826726
75 0.03487866744399071 11 28 0.009146353884638173
98 -0.17813076078891754 12 13 -0.008654508016383265
-1 0.0 0 0 0.01003795119532889
59 0.03275717422366142 14 19 -0.01522142952280624
56 -0.10867279022932053 15 18 -0.04806811750207345
35 -0.10368955135345459 16 17 -0.17023158395309193
-1 0.0 0 0 -0.055195766563569615
-1 0.0 0 0 -0.013927131189035536
-1 0.0 0 0 -0.0030437981411147678
108 -0.03585096821188927 20 21 0.006178615650573163
-1 0.0 0 0 -0.005316464260681498
38 -0.0006562329945154488 22 27 0.024154363953600565
84 0.210630863904953 23 26 0.06564229003227663
79 -0.018427496775984764 24 25 0.05369226464107418
-1 0.0 0 0 0.010396886924342546
-1 0.0 0 0 9.857887750336433e-05
-1 0.0 0 0 0.030341130669005678
-1 0.0 0 0 -0.0017280585933439113
-1 0.0 0 0 0.0026539472163957757
nodes 29
60 0.20881246030330658 1 8 0.0
1 0.4980233907699585 2 3 -0.0014585215164703731
-1 0.0 0 0 -7.849734734000348e-05
76 -0.03173484653234482 4 5 -0.17456036858554733
-1 0.0 0 0 -0.04445538788514082
95 -0.08478059619665146 6 7 -0.03579876370787383
-1 0.0 0 0 -0.0697569372323461
-1 0.0 0 0 0.00859420558015974
2 0.3806103467941284 9 10 0.07295583865426514
-1 0.0 0 0 -0.00341808161843128
77 -0.06046013534069061 11 22 0.13142473861348905
26 -0.07367768883705139 12 15 -0.038871723005426524
3 0.8583037853240967 13 14 -0.7371211580683066
-1 0.0 0 0 0.008669999794801698
-1 0.0 0 0 -0.14534873806911966
107 -0.10607204958796501 16 17 0.0632531943677158
-1 0.0 0 0 0.049546103460378334
3 0.8337395787239075 18 21 -0.04989993118764952
21 0.12235009670257568 19 20 -0.3747163209546771
-1 0.0 0 0 -0.07766170743852854
-1 0.0 0 0 0.015349609783983656
-1 0.0 0 0 0.012319301335925334
2 0.4848242402076721 23 28 0.19306803352817709
28 0.07717492431402206 24 25 0.14498509341811874
-1 0.0 0 0 0.021499156774067156
103 0.04889560118317604 26 27 -0.06936462693031609
-1 0.0 0 0 0.011317392007580826
-1 0.0 0 0 -0.054261271176100884
-1 0.0 0 0 0.0458028570638149
nodes 29
7 0.7060000002384186 1 28 0.0
6 1.028324007987976 2 25 0.0006668766193899433
2 0.25955942273139954 3 4 -0.002404810454286819
-1 0.0 0 0 -0.005238825857054758
41 0.0014913883060216904 5 12 0.0011434744182090462
37 -0.0366148017346859 6 7 -0.026823271795390676
-1 0.0 0 0 -4.44765102713867e-05
59 0.006048796698451042 8 11 -0.06264552380982671
64 -0.029430780559778214 9 10 -0.12990332454994138
-1 0.0 0 0 -0.002373989720472209
-1 0.0 0 0 -0.019638519480810347
-1 0.0 0 0 -0.00252624537443699
21 0.24874496459960938 13 22 0.00889639326666452
32 -0.10548517107963562 14 15 0.0035940706573219855
-1 0.0 0 0 0.004541489359545578
78 0.1228189691901207 16 21 -0.0043074858699971574
81 -0.028139859437942505 17 18 0.0010178768087840135
-1 0.0 0 0 0.0022234398328422863
70 0.08681545406579971 19 20 -0.015552089697504856
-1 0.0 0 0 -0.0030829862579817694
-1 0.0 0 0 0.0028448330539672176
-1 0.0 0 0 -0.007339934102512602
17 0.020001462660729885 23 24 0.0738876891363259
-1 0.0 0 0 0.01181936877711488
-1 0.0 0 0 -0.0007241187962555486
1 0.2972976267337799 26 27 0.03853525651952708
-1 0.0 0 0 0.005025661440743824
-1 0.0 0 0 -0.019994414210851703
-1 0.0 0 0 -0.015624523506910704
nodes 29
89 -0.18199974298477173 1 10 0.0
21 0.13866150379180908 2 3 0.028836225324209954
-1 0.0 0 0 -0.00016987824804435124
2 0.33049872517585754 4 5 0.07084663523978577
-1 0.0 0 0 -0.0034262048361352986
83 -0.06056245416402817 6 7 0.10716803478405118
-1 0.0 0 0 -0.001355771182790043
28 0.1655048280954361 8 9 0.14484295265340355
-1 0.0 0 0 0.015737246296601278
-1 0.0 0 0 -0.024759368516251812
24 0.06834910809993744 11 16 -0.0035571124117002844
65 -0.019210562109947205 12 13 -0.0110142590790367
-1 0.0 0 0 -0.0034048079963776958
95 0.0072372425347566605 14 15 -0.00022190755967354785
-1 0.0 0 0 -0.00275647881194778
-1 0.0 0 0 0.001750182723449438
2 0.46876227855682373 17 20 0.015352176126890153
34 0.26710179448127747 18 19 0.004932474054900959
-1 0.0 0 0 -0.0003486850079404957
-1 0.0 0 0 0.00906859547058872
93 0.11699262261390686 21 22 0.08994117109523535
-1 0.0 0 0 0.011368794259699957
47 -0.10957325994968414 23 24 -0.16601639654210107
-1 0.0 0 0 -0.07779681151499973
9 0.06989934295415878 25 28 -0.055754825621759437
87 0.0984106957912445 26 27 0.06900680372137172
-1 0.0 0 0 0.019918132461184127
-1 0.0 0 0 -0.05992224035163721
-1 0.0 0 0 -0.06598637677042893
nodes 29
8 65.5 1 26 0.0
6 0.8778034448623657 2 9 -0.0020642007870952635
31 0.06926259398460388 3 8 -0.0388789072207747
9 -0.03514780476689339 4 5 -0.015009437784595186
-1 0.0 0 0 0.0031501125717872587
66 -0.1984599083662033 6 7 -0.05777882087080504
-1 0.0 0 0 -0.0469453693415301
-1 0.0 0 0 -0.0048578064407059866
-1 0.0 0 0 -0.010479906696609467
5 1.1634941101074219 10 13 0.0018995643759797255
34 -0.2050442397594452 11 12 -0.009488608751309828
-1 0.0 0 0 -0.0400055005987908
-1 0.0 0 0 -0.0008267195439038878
2 0.32612961530685425 14 17 0.014335324050542764
6 1.0128822326660156 15 16 -0.015263302359313157
-1 0.0 0 0 -0.004778068665679543
-1 0.0 0 0 0.002545438846494062
40 -0.023808427155017853 18 21 0.03902159816955424
69 0.08580081909894943 19 20 -0.01425631377538055
-1 0.0 0 0 -0.004832703362031794
-1 0.0 0 0 0.007593514545282249
41 0.14643095433712006 22 25 0.06228641066335362
49 0.14454615116119385 23 24 0.04114411413047935
-1 0.0 0 0 0.0007080174595302151
-1 0.0 0 0 0.009352545511381788
-1 0.0 0 0 0.01331019888400119
1 0.35892099142074585 27 28 0.049220289361890206
-1 0.0 0 0 0.007027817611972713
-1 0.0 0 0 -0.016647599762410977
nodes 29
20 -0.132066547870636 1 2 0.0
-1 0.0 0 0 -0.0036017681828538783
99 0.07195556908845901 3 20 0.002735593781804466
5 1.1258195638656616 4 19 -0.0038392522755826873
82 -0.033171236515045166 5 8 -0.026013253759856112
76 0.23966720700263977 6 7 0.021609155847194386
-1 0.0 0 0 0.0027976263346860108
-1 0.0 0 0 -0.04968256515440653
83 0.07641883939504623 9 18 -0.05256039277700409
80 0.054976582527160645 10 11 -0.07207035345820577
-1 0.0 0 0 -0.004118042170335319
42 -0.06742081791162491 12 13 -0.13559111088442627
-1 0.0 0 0 -0.004037022001333649
52 -0.03806685656309128 14 15 -0.19460185563985852
-1 0.0 0 0 -0.007015776744717675
9 -0.17221248149871826 16 17 -0.2684677910290819
-1 0.0 0 0 0.01942336479519177
-1 0.0 0 0 -0.030144025065889476
-1 0.0 0 0 0.002234230934733905
-1 0.0 0 0 0.0005713360588824502
67 -0.020808164030313492 21 28 0.023226910962208844
107 -0.02488129585981369 22 23 0.05668200797275646
-1 0.0 0 0 0.009793821350536948
101 -0.08193913847208023 24 25 0.014218884190116455
-1 0.0 0 0 -0.012605074221121651
41 0.13378509879112244 26 27 0.03880852329775933
-1 0.0 0 0 -7.765694142387171e-05
-1 0.0 0 0 0.014390168978978955
-1 0.0 0 0 -0.00026654993115315495
nodes 29
2 0.18196013569831848 1 2 0.0
-1 0.0 0 0 -0.006985557383233903
5 1.3474245071411133 3 28 0.0013972682829789655
37 -0.06591235846281052 4 19 -0.003992984089888289
17 -0.0515911690890789 5 14 0.011082109562647373
94 -0.058793578296899796 6 13 0.047826042627482024
1 0.3358038663864136 7 12 0.10046942868962673
29 0.039880599826574326 8 9 0.16392322788805416
-1 0.0 0 0 0.0011974166127259446
2 0.25739794969558716 10 11 0.21805508114033728
-1 0.0 0 0 0.010285317889116019
-1 0.0 0 0 0.029742359789047407
-1 0.0 0 0 0.0015367608998287114
-1 0.0 0 0 0.0004910731349848418
18 -0.11481941491365433 15 16 -0.006132637378152036
-1 0.0 0 0 0.0051501688564881
62 -0.010661116801202297 17 18 -0.0223775999950282
-1 0.0 0 0 0.0009324548681894501
-1 0.0 0 0 -0.005298249173015239
70 -0.037964750081300735 20 25 -0.019322428152008003
26 -0.018012918531894684 21 22 -0.06488198764762264
-1 0.0 0 0 -0.012105446002082618
88 -0.08112429082393646 23 24 -0.030221977982954815
-1 0.0 0 0 -0.01585710076030022
-1 0.0 0 0 -6.719138621757748e-05
103 0.05991770327091217 26 27 -0.004268019074993597
-1 0.0 0 0 0.0013003458909077534
-1 0.0 0 0 -0.004569553635435169
-1 0.0 0 0 0.002327085290043998
nodes 29
0 0.45026081800460815 1 6 0.0
86 -0.03081252984702587 2 5 -0.007167525783148348
20 0.0049462756142020226 3 4 -0.03141782420204573
-1 0.0 0 0 -0.005819426171609805
-1 0.0 0 0 -0.0005475983159584401
-1 0.0 0 0 0.0004708731129025484
60 0.10183077305555344 7 8 0.014591151105007956
-1 0.0 0 0 0.00025433128423499714
59 0.07816049456596375 9 16 0.06318937644415569
4 0.7823005318641663 10 11 0.10198448868545172
-1 0.0 0 0 -0.007163130404254492
35 -0.08898438513278961 12 15 0.13069527152957566
26 0.008093579672276974 13 14 -0.062160155072871766
-1 0.0 0 0 -0.031238451212914305
-1 0.0 0 0 0.01160151653212825
-1 0.0 0 0 0.01575655652930579
10 -0.04172892868518829 17 26 -0.006001565975135768
10 -0.1635541319847107 18 19 -0.11664094113811493
-1 0.0 0 0 0.0242970133075068
3 0.8143822550773621 20 21 -0.17462700866029482
-1 0.0 0 0 -0.0037778677701561254
36 0.024890318512916565 22 23 -0.33925350829124895
-1 0.0 0 0 -0.012271324577621924
47 -0.06433353573083878 24 25 -0.6408631596514689
-1 0.0 0 0 0.00933205450956638
-1 0.0 0 0 -0.08083085659973062
28 -0.10214188694953918 27 28 0.057464260339906495
-1 0.0 0 0 0.031408660952910415
-1 0.0 0 0 0.0016651551585999962
nodes 29
89 -0.05838429182767868 1 8 0.0
79 0.02839786745607853 2 7 0.009164290886128731
15 -0.0734562799334526 3 6 0.01891669011554073
96 -0.18861229717731476 4 5 -0.02338717286883462
-1 0.0 0 0 0.009446602433462943
-1 0.0 0 0 -0.0038742498197899093
-1 0.0 0 0 0.0031463622088592873
-1 0.0 0 0 -0.0020175254295785733
73 -0.05491477996110916 9 16 -0.010809317384469412
39 0.02873832918703556 10 13 0.011260912941750568
23 -0.12205532193183899 11 12 -0.02108691665853843
-1 0.0 0 0 -0.014156609665447387
-1 0.0 0 0 -0.0005870165908886992
53 -0.035978302359580994 14 15 0.03571860904541185
-1 0.0 0 0 0.0065378035631505505
-1 0.0 0 0 -0.001784070313091619
0 0.44269806146621704 17 24 -0.02762642606852689
6 1.023139476776123 18 23 -0.047985303937686456
108 -0.05533890798687935 19 20 -0.06632141289072345
-1 0.0 0 0 -0.014974940297415027
61 0.025982070714235306 21 22 -0.05126603489322853
-1 0.0 0 0 -0.002427587008885102
-1 0.0 0 0 -0.010966496713248744
-1 0.0 0 0 0.0038288614509253793
27 -0.008478626608848572 25 28 0.0014869972673261418
60 0.07739464193582535 26 27 -0.059761115554191835
-1 0.0 0 0 -0.010234656666189876
-1 0.0 0 0 0.005725589365770585
-1 0.0 0 0 0.003035762356366985
nodes 29
54 -0.05608132667839527 1 2 0.0
-1 0.0 0 0 -0.0019977686877790256
57 0.023494107648730278 3 6 0.004994421674359515
100 0.16174940764904022 4 5 -0.006586933914771091
-1 0.0 0 0 -0.0011830843855472261
-1 0.0 0 0 0.006576055504361237
20 -0.13487879931926727 7 8 0.018932496678807063
-1 0.0 0 0 -0.005866224984379747
2 0.34013211727142334 9 10 0.02442250749980946
-1 0.0 0 0 -0.0006663461046998028
52 0.09331066161394119 11 24 0.03956600980899327
80 0.0955180898308754 12 23 0.05025031905644968
25 -0.05275678262114525 13 16 0.06365376779153628
85 0.04754418879747391 14 15 0.007279042057998007
-1 0.0 0 0 -0.004600554135273101
-1 0.0 0 0 0.008031126660497163
65 0.13589227199554443 17 18 0.08010286196939134
-1 0.0 0 0 0.0067654726971772315
73 0.07676367461681366 19 22 0.1849846280056685
49 0.0696142390370369 20 21 0.22527359248845538
-1 0.0 0 0 0.006178033342803247
-1 0.0 0 0 0.029469413192062532
-1 0.0 0 0 -0.009823719969773222
-1 0.0 0 0 -0.0010314095104154855
84 -0.05961747467517853 25 28 -0.03865561190778617
38 0.05155322328209877 26 27 -0.22385017881757754
-1 0.0 0 0 -0.03535788046529639
-1 0.0 0 0 0.01021634982817847
-1 0.0 0 0 -0.0006627099479894166
nodes 29
34 0.19945162534713745 1 2 0.0
-1 0.0 0 0 -0.0006076317526421256
21 -0.004331821575760841 3 8 0.015747183848022372
24 0.06710498034954071 4 7 -0.06273607282044692
86 -0.053722791373729706 5 6 -0.09695739213134275
-1 0.0 0 0 -0.02123295807345883
-1 0.0 0 0 -0.0034875074605938265
-1 0.0 0 0 0.013936998855509811
71 -0.1052989512681961 9 12 0.0242235879468017
90 -0.16032947599887848 10 11 -0.043783346076135696
-1 0.0 0 0 -0.03266155592397536
-1 0.0 0 0 -0.0022915201509381864
0 0.537302553653717 13 26 0.03298182529491784
2 0.26201754808425903 14 15 0.031204915618884114
-1 0.0 0 0 -0.0038924441333019442
108 -0.12742678821086884 16 17 0.04203953804526742
-1 0.0 0 0 -0.010177154920047381
5 1.1573692560195923 18 19 0.04728454991352321
-1 0.0 0 0 0.001811233987461705
69 0.07305839657783508 20 25 0.07712859321134764
65 -0.09729858487844467 21 22 0.042781898177683665
-1 0.0 0 0 -0.010459975199901838
2 0.3411175608634949 23 24 0.05722381867238562
-1 0.0 0 0 -0.0003008389153639014
-1 0.0 0 0 0.010256375995193169
-1 0.0 0 0 0.014616048552933589
29 0.06346296519041061 27 28 0.5078020627015686
-1 0.0 0 0 0.07702091479765588
-1 0.0 0 0 -0.021978121919726784
nodes 29
77 0.05590331554412842 1 14 0.0
106 -0.12578849494457245 2 3 0.005572621149750851
-1 0.0 0 0 -0.006121050067736192
48 0.10227826237678528 4 13 0.008546524473119542
37 -0.06591235846281052 5 10 0.015288237273806583
1 0.140812948346138 6 7 0.03237953758743763
-1 0.0 0 0 -0.007274794876249867
94 -0.1198212131857872 8 9 0.03779048319006936
-1 0.0 0 0 0.009391972517614894
-1 0.0 0 0 0.002403747924310643
70 -0.0159006267786026 11 12 -0.0017661031688960104
-1 0.0 0 0 -0.003620388268886503
-1 0.0 0 0 0.001713631778725052
-1 0.0 0 0 -0.001971942496776707
0 0.4297732412815094 15 18 -0.016984032076051925
48 0.0014982541324570775 16 17 -0.04403515460501189
-1 0.0 0 0 -0.008859184286626983
-1 0.0 0 0 -0.001516195557126523
12 0.0528583861887455 19 24 0.011319602462656127
40 -0.22593799233436584 20 23 -0.013457485859654521
27 0.06722689419984818 21 22 -0.4724466314455911
-1 0.0 0 0 -0.008518239702933873
-1 0.0 0 0 -0.10118503865253713
-1 0.0 0 0 -0.000998931480357493
35 -0.00635784724727273 25 28 0.08183840051029019
18 0.13376249372959137 26 27 0.0017830256240471895
-1 0.0 0 0 0.0023212446528816646
-1 0.0 0 0 -0.04934314101934433
-1 0.0 0 0 0.014038965649438188
nodes 29
6 0.9588145613670349 1 28 0.0
85 -0.11108208447694778 2 3 -0.012697818534268952
-1 0.0 0 0 -0.009151368244632202
24 -0.16054563224315643 4 5 -0.007928903726294586
-1 0.0 0 0 -0.011591340660212491
0 0.45536428689956665 6 17 -0.004398109531727642
14 0.04487907141447067 7 16 -0.02038990052687056
78 0.03777456656098366 8 15 -0.008101670834287943
80 -0.10732697695493698 9 10 0.009678124244307964
-1 0.0 0 0 -0.009268331603506893
108 -0.03048884868621826 11 12 0.01993620600055242
-1 0.0 0 0 -0.003897599211537313
27 0.010112714022397995 13 14 0.039320782525423446
-1 0.0 0 0 -0.0016129815237516246
-1 0.0 0 0 0.00663879698702019
-1 0.0 0 0 -0.005577945813865483
-1 0.0 0 0 -0.007905113249200351
49 0.22990679740905762 18 25 0.021686931256446162
107 -0.025825239717960358 19 20 0.010967928475920383
-1 0.0 0 0 0.004585398736140048
3 0.9364786148071289 21 24 -0.021104918621034596
90 -0.26423221826553345 22 23 -0.030767543399849925
-1 0.0 0 0 -0.06864894850028529
-1 0.0 0 0 -0.0026715144562483783
-1 0.0 0 0 0.02364510622089811
45 0.1709909439086914 26 27 0.14197239183192534
-1 0.0 0 0 0.016287888205696405
-1 0.0 0 0 -0.051436469523292595
-1 0.0 0 0 0.0007666914853462301
nodes 29
98 -0.02247585728764534 1 26 0.0
79 -0.05784143507480621 2 9 0.009344774860554449
89 0.009225456044077873 3 8 0.03174023178878052
15 0.07956304401159286 4 7 0.045779789299941094
40 0.02058047242462635 5 6 0.032458084187595986
-1 0.0 0 0 -0.0002071962587495961
-1 0.0 0 0 0.00641410029974949
-1 0.0 0 0 0.011505265588413567
-1 0.0 0 0 -0.0026613499599023056
87 -0.020077301189303398 10 17 -0.004622004830303055
2 0.4072035849094391 11 12 0.023876109970817596
-1 0.0 0 0 -0.001824591590208919
72 -0.12711426615715027 13 16 0.08140169584324906
50 -0.08535788953304291 14 15 -0.19282942254611396
-1 0.0 0 0 0.02585995481561192
-1 0.0 0 0 -0.03367632972627681
-1 0.0 0 0 0.0098165040070812
5 1.2383124828338623 18 25 -0.02007807202760186
53 0.017333120107650757 19 24 -0.04080501855836567
21 0.1305534392595291 20 23 -0.05937272142493033
57 -0.0744602382183075 21 22 -0.09736160334584928
-1 0.0 0 0 -0.023562804400093954
-1 0.0 0 0 -0.00708096840639676
-1 0.0 0 0 -0.0019744906956933295
-1 0.0 0 0 0.00336924796243549
-1 0.0 0 0 0.0019344737406455155
75 -0.005913727451115847 27 28 -0.010028657003184342
-1 0.0 0 0 -0.0036966833669676057
-1 0.0 0 0 0.00019887337567436056
nodes 29
21 -0.42694708704948425 1 2 0.0
-1 0.0 0 0 0.015529170191598555
41 -0.10740414261817932 3 28 -0.0006127043445195881
88 0.08769070357084274 4 27 -0.058039677669687414
1 0.26272889971733093 5 6 -0.09100723725963068
-1 0.0 0 0 0.004084373588038449
30 0.005988067016005516 7 18 -0.13930018312863113
19 0.07333970814943314 8 13 -0.22772901075755714
11 -0.12256106734275818 9 10 -0.1723659446866643
-1 0.0 0 0 -0.05004048666783742
12 0.16456684470176697 11 12 -0.12025688748677091
-1 0.0 0 0 -0.009349570292159447
-1 0.0 0 0 -0.08010614228248597
5 1.1164219379425049 14 15 -0.4686841733161021
-1 0.0 0 0 -0.009895683427651724
91 -0.07032963633537292 16 17 -0.6599224521296805
-1 0.0 0 0 -0.12532589061558247
-1 0.0 0 0 -0.049691793179282774
49 -0.015116029419004917 19 22 -0.037590835599390214
76 -0.019350768998265266 20 21 -0.4719255670735782
-1 0.0 0 0 0.009601106440337997
-1 0.0 0 0 -0.07964607850604115
2 0.39544016122817993 23 24 0.0004783440517338307
-1 0.0 0 0 -0.025654448307827562
63 0.0012765965657308698 25 26 0.07372546372871605
-1 0.0 0 0 0.02029797861254529
-1 0.0 0 0 -0.013365591576115955
-1 0.0 0 0 0.006196024422653572
-1 0.0 0 0 0.00012117055082698227
nodes 29
59 -0.13946299254894257 1 22 0.0
2 0.4341302216053009 2 7 -0.061896640070109664
6 1.028324007987976 3 6 -0.11871234672683953
29 0.06131758168339729 4 5 -0.16650698266626332
-1 0.0 0 0 -0.02450606009672797
-1 0.0 0 0 -0.0015426346410075745
-1 0.0 0 0 0.007333519041157243
60 0.010859766975045204 8 19 0.01868473216656783
35 -0.08342032879590988 9 10 -0.14434942213390342
-1 0.0 0 0 -0.0715388844255358
33 0.07620727270841599 11 18 -0.053759598794522516
12 0.06213812157511711 12 17 0.034740730587222525
102 -0.05607204884290695 13 14 -0.07207745921140143
-1 0.0 0 0 0.03358483021950414
70 -0.09248223155736923 15 16 -0.21995054772123696
-1 0.0 0 0 -0.08665646929293871
-1 0.0 0 0 -0.011686713326776373
-1 0.0 0 0 0.03875644484069199
-1 0.0 0 0 -0.04180218240759079
107 0.011766321957111359 20 21 0.13691340079935638
-1 0.0 0 0 0.025250215020154572
-1 0.0 0 0 -0.006864097621635961
105 -0.04679105058312416 23 28 0.0014915235187626195
42 -0.009576335549354553 24 25 -0.01460172677590214
-1 0.0 0 0 0.00024327855236033164
6 1.03019118309021 26 27 -0.04476382844219425
-1 0.0 0 0 -0.005591868011711992
-1 0.0 0 0 0.008541696802781738
-1 0.0 0 0 0.0008207400191166047
nodes 29
8 30.5 1 2 0.0
-1 0.0 0 0 -0.0031824361328933884
61 -0.047788914293050766 3 4 0.0028627253153036196
-1 0.0 0 0 0.001823705629901365
68 0.07672770321369171 5 26 -0.005721715735542252
30 0.011572481133043766 6 9 0.0008249279700012613
73 0.008740443736314774 7 8 -0.01616328278222837
-1 0.0 0 0 0.00025918183320611086
-1 0.0 0 0 -0.005498916139534588
9 -0.048701994121074677 10 23 0.01860637332499505
2 0.40192925930023193 11 14 0.04790660956462688
64 0.08622768521308899 12 13 0.011914061066643142
-1 0.0 0 0 0.002604690079418921
-1 0.0 0 0 -0.016452823253901513
80 0.2180151343345642 15 20 0.0921146791931543
13 0.0020155401434749365 16 17 0.10020296311155762
-1 0.0 0 0 0.004230244148824834
28 0.13689519464969635 18 19 0.15529663834128735
-1 0.0 0 0 0.018275340358708786
-1 0.0 0 0 -0.010424982416161625
92 -0.04371971637010574 21 22 -0.4119072871741979
-1 0.0 0 0 0.021174358895846776
-1 0.0 0 0 -0.0799956721212301
108 -0.042760446667671204 24 25 -0.002515145050588926
-1 0.0 0 0 -0.006872780452840223
-1 0.0 0 0 0.0015494085247195941
46 0.06214284151792526 27 28 -0.04423318537114543
-1 0.0 0 0 -0.00675272334071252
-1 0.0 0 0 0.0030339803380581573
nodes 29
5 1.242843508720398 1 26 0.0
27 -0.17548620700836182 2 3 -0.006685723668640464
-1 0.0 0 0 -0.017281580029501507
87 0.10128366202116013 4 21 -0.005220836374184767
34 -0.014750909060239792 5 6 0.0011772694500771922
-1 0.0 0 0 -0.007228556149649902
17 0.0874301865696907 7 18 0.005377819409302984
9 -0.0017497674562036991 8 13 0.013138184826066351
31 0.18914048373699188 9 10 0.02916848397936506
-1 0.0 0 0 0.003322147453707293
61 -0.04965274780988693 11 12 -0.12886432587507185
-1 0.0 0 0 0.009620648467775259
-1 0.0 0 0 -0.022874514742562246
59 0.18119250237941742 14 15 -0.01374791070904512
-1 0.0 0 0 -0.0002848153146456072
29 0.04932263866066933 16 17 -0.11833977468726363
-1 0.0 0 0 -0.003922666022443646
-1 0.0 0 0 -0.02622319201562385
25 -0.15040405094623566 19 20 -0.037717794855501016
-1 0.0 0 0 -0.02915353837066389
-1 0.0 0 0 -0.0029735512016303874
93 0.0037301594857126474 22 25 -0.04188939202399357
59 0.05433041229844093 23 24 -0.009497512959527497
-1 0.0 0 0 0.004686553696667541
-1 0.0 0 0 -0.006060427341561193
-1 0.0 0 0 -0.009165726511314023
2 0.38620930910110474 27 28 0.01410580421991775
-1 0.0 0 0 0.00033355001500614016
-1 0.0 0 0 0.00590872544434131
nodes 29
7 0.0020000000949949026 1 6 0.0
21 0.3166424036026001 2 5 -0.042441670956282596
102 -0.09302815794944763 3 4 -0.04893031888017314
-1 0.0 0 0 0.0074736334405563504
-1 0.0 0 0 -0.006910310548429887
-1 0.0 0 0 0.03479316097647825
74 -0.05464904010295868 7 24 0.0021835102368934754
21 0.14234097301959991 8 19 -0.022863101577715976
88 -0.021463526412844658 9 12 -0.04968308244504391
86 -0.1493920087814331 10 11 -0.10879528257192532
-1 0.0 0 0 -0.04308447094061054
-1 0.0 0 0 -0.009312084397647665
2 0.4677373170852661 13 14 -0.019341636127397796
-1 0.0 0 0 -0.004309361634489635
52 0.14146265387535095 15 18 0.08876249357055596
34 -0.08829432725906372 16 17 0.11622748642631951
-1 0.0 0 0 -0.051208946132852186
-1 0.0 0 0 0.013777375344003643
-1 0.0 0 0 -0.044623267976567155
37 0.08204855024814606 20 23 0.012281202135770863
89 -0.21582011878490448 21 22 0.025771778271146253
-1 0.0 0 0 0.0223506718687789
-1 0.0 0 0 0.001483203656851347
-1 0.0 0 0 -0.01648506674802791
5 1.1148016452789307 25 28 0.0067110366254705
93 -0.02289392240345478 26 27 -0.015036847820755365
-1 0.0 0 0 0.0012730574237287012
-1 0.0 0 0 -0.004354148288114634
-1 0.0 0 0 0.0013930721442542604
nodes 29
19 -0.047336287796497345 1 4 0.0
7 0.6860000193119049 2 3 0.012662494058706196
-1 0.0 0 0 0.0014174749452035562
-1 0.0 0 0 -0.022462108338754463
50 0.003966023679822683 5 14 -0.0070263621389030605
55 0.012012729421257973 6 9 -0.02101238701850479
98 0.13124512135982513 7 8 -0.004209398347008619
-1 0.0 0 0 0.00024348729448899444
-1 0.0 0 0 -0.01384699704974425
81 0.03590865433216095 10 11 -0.04508244442888805
-1 0.0 0 0 -0.002228298206838112
15 -0.012210707180202007 12 13 -0.09270398071031456
-1 0.0 0 0 -0.014900992284021931
-1 0.0 0 0 -0.0037964730056199766
0 0.48177462816238403 15 26 0.009827742518690095
4 0.9694973230361938 16 25 -0.00042220841466029404
3 0.7522481083869934 17 18 -0.02334232223698232
-1 0.0 0 0 0.00022063568324723343
102 0.08329501003026962 19 24 -0.06379889860700672
6 0.8668120503425598 20 23 -0.03586767535983489
31 0.11799640953540802 21 22 -0.3077398245285794
-1 0.0 0 0 -0.021308056425275
-1 0.0 0 0 -0.10886787218041719
-1 0.0 0 0 -0.0022974481923224346
-1 0.0 0 0 -0.01659716633231608
-1 0.0 0 0 0.00283822203437216
104 0.0030215345323085785 27 28 0.05903484586578867
-1 0.0 0 0 -0.00028055179632860324
-1 0.0 0 0 0.010780755543855944
nodes 29
82 -0.1986338496208191 1 18 0.0
52 -0.1052248626947403 2 7 -0.07434879899977803
20 -0.0729319229722023 3 4 0.11181362620516538
-1 0.0 0 0 0.049976938518952456
66 -0.055478714406490326 5 6 -0.009815746881822879
-1 0.0 0 0 -0.037014370331486975
-1 0.0 0 0 0.013106435638523303
17 0.035119377076625824 8 9 -0.10846453755543509
-1 0.0 0 0 -0.004021414345950907
20 -0.019440650939941406 10 15 -0.22681212814239132
81 -0.11691123247146606 11 12 -0.40147157989767435
-1 0.0 0 0 -0.10665298642428674
13 0.072363942861557 13 14 -0.320538561167836
-1 0.0 0 0 -0.018131270936741304
-1 0.0 0 0 -0.0793258895187877
2 0.4738427698612213 16 17 -0.09117914729213492
-1 0.0 0 0 -0.016055629456459428
-1 0.0 0 0 0.04133819237802969
24 -0.09561240673065186 19 24 0.0011851272916889952
59 -0.0054236119613051414 20 21 -0.02537220919318761
-1 0.0 0 0 -0.008064694627981237
78 0.024365831166505814 22 23 -0.0014631490300993084
-1 0.0 0 0 0.002701476288421087
-1 0.0 0 0 -0.005548847421425677
73 0.1647678017616272 25 26 0.00472433206525037
-1 0.0 0 0 0.0006560726362510286
1 0.27104103565216064 27 28 -0.06950120166934823
-1 0.0 0 0 0.004257159944516696
-1 0.0 0 0 -0.014469267460832975
nodes 29
62 0.03276822343468666 1 22 0.0
66 -0.02495948225259781 2 13 0.006684259204590216
48 0.09139999747276306 3 12 -0.011322086442067298
85 0.13606944680213928 4 11 0.0013114889171043137
15 0.05442061647772789 5 10 -0.009264006550991886
3 0.7582404017448425 6 7 -0.02502387564032574
-1 0.0 0 0 0.0022707894874103266
18 0.054499588906764984 8 9 -0.057125565710133434
-1 0.0 0 0 -0.003548498724338217
-1 0.0 0 0 -0.015979570391747532
-1 0.0 0 0 0.00456970176304742
-1 0.0 0 0 0.006221741068915554
-1 0.0 0 0 -0.0052314176778359475
32 -0.06543604284524918 14 19 0.018909725832650916
11 -0.016211312264204025 15 16 0.05251653316605237
-1 0.0 0 0 0.0011115274054605908
84 -0.032386116683483124 17 18 0.08230179264528835
-1 0.0 0 0 -0.0011631056511168727
-1 0.0 0 0 0.010537177149203977
4 0.9468854069709778 20 21 0.005398965676132675
-1 0.0 0 0 -0.0016125621224933409
-1 0.0 0 0 0.0027118616266112376
66 0.1636321097612381 23 28 -0.013135634511956833
28 -0.19848772883415222 24 25 -0.008700026870426729
-1 0.0 0 0 0.018104935871234625
50 0.09968128800392151 26 27 -0.010942730521701312
-1 0.0 0 0 -0.001896561729627131
-1 0.0 0 0 0.0040588960187661486
-1 0.0 0 0 -0.011179504252211715
nodes 29
8 84.5 1 28 0.0
6 0.9588145613670349 2 27 -0.00037823069475728416
60 0.20881246030330658 3 26 -0.012626777372926069
67 0.026115834712982178 4 23 -0.015192250977879433
11 0.01478139404207468 5 18 -0.0017554374626812862
3 0.7377502918243408 6 9 -0.021992219236475083
19 0.04124877229332924 7 8 0.02201374391982566
-1 0.0 0 0 0.005335286384365624
-1 0.0 0 0 -0.0050694383571398965
44 0.06637826561927795 10 17 -0.053979813404495196
72 -0.12039375305175781 11 12 -0.07308070795106675
-1 0.0 0 0 -0.028173232804757205
91 0.06113788112998009 13 16 -0.05908389401761165
93 -0.03269548714160919 14 15 -0.034268185574559976
-1 0.0 0 0 0.002091420344478165
-1 0.0 0 0 -0.00829528579274033
-1 0.0 0 0 -0.015803446498927665
-1 0.0 0 0 0.006310069110518034
57 -0.1285126507282257 19 22 0.027244324630703316
61 0.09572141617536545 20 21 -0.14953493417880342
-1 0.0 0 0 -0.009614413051236524
-1 0.0 0 0 -0.06319589815934055
-1 0.0 0 0 0.00376846297432446
89 0.0037944698706269264 24 25 -0.04208342526719208
-1 0.0 0 0 -0.002255400655097673
-1 0.0 0 0 -0.010978493550142169
-1 0.0 0 0 0.011767376876152855
-1 0.0 0 0 0.0006988855271855647
-1 0.0 0 0 0.023166513662396766
nodes 29
26 -0.10633779317140579 1 10 0.0
79 0.17249645292758942 2 3 -0.029273109231312072
-1 0.0 0 0 -0.0024384697783057657
5 1.167675495147705 4 9 -0.2564555991686096
27 0.10893378406763077 5 8 -0.5336422163348359
102 0.020947620272636414 6 7 -0.8221645919436759
-1 0.0 0 0 -0.1255574760426368
-1 0.0 0 0 -0.03727021949986617
-1 0.0 0 0 0.015630259490369457
-1 0.0 0 0 -0.006341491935641638
88 -0.16164307296276093 11 16 0.0029022142488627912
51 -0.10884582996368408 12 13 -0.058705061663829855
-1 0.0 0 0 0.015855039931848586
12 0.1771748960018158 14 15 -0.08264321825143356
-1 0.0 0 0 -0.007332420646580968
-1 0.0 0 0 -0.06040419276570901
99 0.002989234635606408 17 28 0.004663695755948067
53 0.0007241179700940847 18 25 -0.006880030831507683
1 0.35892099142074585 19 20 -0.017907963721479264
-1 0.0 0 0 -1.8827073654392736e-05
82 -0.1346958875656128 21 22 -0.048976972636611285
-1 0.0 0 0 0.011462345519051686
73 -0.023208308964967728 23 24 -0.063654817708121
-1 0.0 0 0 -0.010996543272699723
-1 0.0 0 0 -0.0010920656953938978
45 -0.0794159397482872 26 27 0.02573964335899822
-1 0.0 0 0 -0.006231396591812231
-1 0.0 0 0 0.00443679276420723
-1 0.0 0 0 0.001494202859116914
nodes 29
27 0.06722689419984818 1 20 0.0
67 0.043862614780664444 2 15 -0.007394729913440411
9 -0.19584882259368896 3 4 0.001981604584977725
-1 0.0 0 0 0.009861343271922422
11 -0.017079459503293037 5 6 -0.001317527415435694
-1 0.0 0 0 -0.0021680387589036484
107 -0.01931905373930931 7 8 0.014757278894499723
-1 0.0 0 0 0.003792857124988211
84 0.1793634295463562 9 12 -0.010220602636683337
64 0.021183770149946213 10 11 -0.023168693204817584
-1 0.0 0 0 0.00028659632390618894
-1 0.0 0 0 -0.008114897780576892
15 0.03929607942700386 13 14 0.1035328378631926
-1 0.0 0 0 0.00039820908677823375
-1 0.0 0 0 0.022186674466905767
60 0.1513482630252838 16 17 -0.0312762872564383
-1 0.0 0 0 -0.004066267198299681
2 0.3723521828651428 18 19 0.08128916657578492
-1 0.0 0 0 -0.0071783916297260796
-1 0.0 0 0 0.016491408641029756
90 -0.07057137787342072 21 26 0.011462161132855317
72 -0.09683532267808914 22 23 -0.022158872010484658
-1 0.0 0 0 -0.015075694548460625
44 0.05528073012828827 24 25 -0.008570854649245565
-1 0.0 0 0 0.0009039579831586948
-1 0.0 0 0 -0.007803254682277951
40 -0.11174891889095306 27 28 0.02751331330074908
-1 0.0 0 0 -0.005785141279595737
-1 0.0 0 0 0.003428570190739654
nodes 29
8 65.5 1 26 0.0
6 0.7063673734664917 2 7 -0.0018838030831133147
4 0.8384436964988708 3 4 -0.10229448295367616
-1 0.0 0 0 0.0024752581931863915
59 0.02475760132074356 5 6 -0.19697875838511214
-1 0.0 0 0 -0.03686419334245169
-1 0.0 0 0 -0.008785002568149054
5 1.5364670753479004 8 9 -0.0006135194125131116
-1 0.0 0 0 -0.00045143665336769
2 0.41507071256637573 10 25 0.03280712415433231
2 0.289504736661911 11 14 0.021003234056385326
6 1.0341813564300537 12 13 -0.01892522043937788
-1 0.0 0 0 -0.008457320528699339
-1 0.0 0 0 0.004212622686953564
41 0.19938670098781586 15 24 0.05382532435112472
4 0.9012946486473083 16 17 0.03447813809388636
-1 0.0 0 0 -0.0009376411222628408
68 -0.13889455795288086 18 19 0.11339022296521026
-1 0.0 0 0 0.0426401776749566
86 0.11341510713100433 20 21 0.07998582789731458
-1 0.0 0 0 0.004150654768933991
96 -0.10866536945104599 22 23 0.32505774844519214
-1 0.0 0 0 0.0813410062010267
-1 0.0 0 0 0.014273955138089756
-1 0.0 0 0 0.022615452315376112
-1 0.0 0 0 0.03328147948837529
2 0.37698498368263245 27 28 0.04491875671727369
-1 0.0 0 0 0.008303124343465201
-1 0.0 0 0 -0.005369135820300197
nodes 29
95 -0.1483759731054306 1 20 0.0
16 -0.15206818282604218 2 7 -0.0587336322909098
3 0.5411737561225891 3 4 -0.3139466215734896
-1 0.0 0 0 0.03408536167572374
59 0.08406884968280792 5 6 -0.42307999462861084
-1 0.0 0 0 -0.018949474830510498
-1 0.0 0 0 -0.07358466803838136
35 -0.004513213410973549 8 19 -0.03998851765838454
0 0.4852033257484436 9 10 -0.1251241805232152
-1 0.0 0 0 -0.0061972060947496615
94 0.11258503049612045 11 18 -0.3280906941844799
37 -0.09246640652418137 12 13 -0.23825642257712928
-1 0.0 0 0 0.036899258266203105
103 -0.05705578997731209 14 15 -0.3605213229608528
-1 0.0 0 0 -0.10195958676437539
76 0.12041421979665756 16 17 -0.23397901038173585
-1 0.0 0 0 -0.009049015462265483
-1 0.0 0 0 -0.07547904127665485
-1 0.0 0 0 -0.10590149949897419
-1 0.0 0 0 0.0013624795684746734
0 0.4943040609359741 21 22 0.0014153044469654896
-1 0.0 0 0 -0.00020581624313182717
104 0.0030215345323085785 23 28 0.02894774489693609
2 0.48069071769714355 24 25 -0.025323816390351202
-1 0.0 0 0 0.0020231528196804544
15 0.07021282613277435 26 27 -0.09158613578985046
-1 0.0 0 0 -0.015126126843722743
-1 0.0 0 0 0.010667230711147913
-1 0.0 0 0 0.007147654377948994
nodes 29
54 -0.05608132667839527 1 4 0.0
84 0.25326552987098694 2 3 -0.018266710295739064
-1 0.0 0 0 -0.0015878717706353683
-1 0.0 0 0 -0.025709009037154368
95 -0.00632384093478322 5 6 0.004566677623448993
-1 0.0 0 0 -0.0012366738325733826
99 -0.11534818261861801 7 8 0.012949998595805083
-1 0.0 0 0 -0.004329210413381656
41 0.0306084007024765 9 12 0.018274939808805818
96 0.02048516646027565 10 11 -0.008264300465190947
-1 0.0 0 0 0.0011609908824567546
-1 0.0 0 0 -0.007968683863352472
73 0.056180380284786224 13 28 0.029155354658647634
2 0.25955942273139954 14 15 0.03947927183998323
-1 0.0 0 0 -0.0027702571266542673
66 0.17300353944301605 16 27 0.048808086062925325
45 0.10763563960790634 17 26 0.05348925807770237
65 -0.019210562109947205 18 21 0.06326882672485658
21 0.18609517812728882 19 20 0.02132781935620573
-1 0.0 0 0 -0.0008648984935844964
-1 0.0 0 0 0.010691006096132659
5 1.165569543838501 22 25 0.08232065371978564
45 0.007042083889245987 23 24 0.04981833501129366
-1 0.0 0 0 0.008928133012719204
-1 0.0 0 0 -0.001342479233165661
-1 0.0 0 0 0.012019599724815751
-1 0.0 0 0 -0.00248339317962945
-1 0.0 0 0 -0.009017488598164144
-1 0.0 0 0 -0.002079515740261401
nodes 29
92 0.20744018256664276 1 18 0.0
100 0.09773675352334976 2 9 0.0011480513269227627
55 0.08138231933116913 3 8 -0.003880684937775101
38 -0.04076148569583893 4 7 0.001984552125777664
70 -0.03140857815742493 5 6 0.023969391950620412
-1 0.0 0 0 -0.002543865361277365
-1 0.0 0 0 0.004258105157500999
-1 0.0 0 0 -0.0008886663434586437
-1 0.0 0 0 -0.0034625525661632246
94 -0.10289812088012695 10 15 0.01902802834989742
25 0.0744117870926857 11 14 0.06658690725691792
37 -0.13030850887298584 12 13 0.0934486667378441
-1 0.0 0 0 0.0165849291568167
-1 0.0 0 0 0.005101378693870334
-1 0.0 0 0 -0.005847884273803006
71 -0.10007451474666595 16 17 0.0023696408812153833
-1 0.0 0 0 -0.008618178808390997
-1 0.0 0 0 0.001643244656739975
77 -0.00806040596216917 19 22 -0.07206950854787446
70 -0.1607060730457306 20 21 -0.15074597379409257
-1 0.0 0 0 -0.07220483719637352
-1 0.0 0 0 -0.013147312180764682
2 0.3609820604324341 23 24 0.02300712128487927
-1 0.0 0 0 -0.013896025896181852
108 0.017930392175912857 25 28 0.12121358713581822
108 -0.042760446667671204 26 27 -0.06018720859793401
-1 0.0 0 0 0.023446521205503657
-1 0.0 0 0 -0.03159232718061726
-1 0.0 0 0 0.026841587219845323
nodes 29
13 -0.08513850718736649 1 10 0.0
72 -0.07235037535429001 2 7 -0.020144095534911265
67 0.00802314467728138 3 4 -0.09231882874572053
-1 0.0 0 0 -0.014917528969369745
84 -0.11949558556079865 5 6 0.0018536243100194757
-1 0.0 0 0 0.04824317453027356
-1 0.0 0 0 -0.00269471796507661
49 0.25855308771133423 8 9 -0.008190638648680602
-1 0.0 0 0 -0.0016018026576624421
-1 0.0 0 0 0.009699476898581388
89 -0.14667601138353348 11 16 0.004085904837331058
58 0.14898978173732758 12 15 0.02754930071525447
62 0.05194362998008728 13 14 0.014784852362844714
-1 0.0 0 0 0.0032134387098775707
-1 0.0 0 0 -0.003744200048949549
-1 0.0 0 0 0.009447692319587458
105 -0.18619798123836517 17 20 -0.0018261430480603204
65 -0.04188930243253708 18 19 -0.09573414421756751
-1 0.0 0 0 -0.02850274674052542
-1 0.0 0 0 -0.0046855586586944204
61 -0.08186359703540802 21 24 0.00010787249896403433
53 0.09011642634868622 22 23 0.024460391063517772
-1 0.0 0 0 0.003322707165320551
-1 0.0 0 0 -0.009630130022056987
45 0.0186851155012846 25 28 -0.006926967210771855
22 0.00046137324534356594 26 27 0.00682284343358721
-1 0.0 0 0 0.0031579395062800207
-1 0.0 0 0 -0.0019003709188271743
-1 0.0 0 0 -0.0026557840463139457
nodes 29
13 0.14602965116500854 1 2 0.0
-1 0.0 0 0 -0.00020822299357438576
75 -0.13773122429847717 3 6 0.038761826234644685
46 -0.052352722734212875 4 5 -0.25008249663903065
-1 0.0 0 0 -0.07652568967279161
-1 0.0 0 0 -0.010477689661396047
0 0.317316472530365 7 8 0.04751822244140525
-1 0.0 0 0 -0.010250535795248504
37 0.0090972064062953 9 14 0.06393335859212688
47 -0.0038750837557017803 10 11 0.0912189608779556
-1 0.0 0 0 0.002062053384989226
10 -0.14869913458824158 12 13 0.14529435179306793
-1 0.0 0 0 0.044484616865714394
-1 0.0 0 0 0.01280314863865213
41 0.03285210579633713 15 20 -0.02391234110387605
25 -0.0073630171827971935 16 17 -0.15590877756332772
-1 0.0 0 0 -0.0411654463509458
53 0.035386037081480026 18 19 -0.014629910730183193
-1 0.0 0 0 0.01082198730311691
-1 0.0 0 0 -0.039955923318242034
81 -0.11187814176082611 21 22 0.05171061728435147
-1 0.0 0 0 0.03624913866521531
1 0.4400641620159149 23 28 0.001792462619056922
33 -0.038628220558166504 24 27 -0.056060167778082995
44 0.03935277462005615 25 26 0.11316810761418966
-1 0.0 0 0 -0.0009622152678535454
-1 0.0 0 0 0.04951822507471122
-1 0.0 0 0 -0.019023401469624203
-1 0.0 0 0 0.03789615594939172
nodes 29
21 -0.42694708704948425 1 4 0.0
6 1.0146758556365967 2 3 0.14210974243137767
-1 0.0 0 0 -0.004761072988198563
-1 0.0 0 0 0.027940745265815376
89 0.11607331782579422 5 16 -0.0005606948142824452
34 0.24613967537879944 6 9 0.0013469319776109976
0 0.45026081800460815 7 8 -0.0026086002390851262
-1 0.0 0 0 -0.0011651596221993418
-1 0.0 0 0 0.0014389966740060232
108 -0.037064820528030396 10 13 0.02614436178996049
83 -0.1847444474697113 11 12 -0.0434182666738261
-1 0.0 0 0 -0.07291252244031057
-1 0.0 0 0 -0.0035719872601484553
21 0.022625064477324486 14 15 0.04257104240659624
-1 0.0 0 0 -0.004783151842766944
-1 0.0 0 0 0.0057745228396820164
6 1.021686315536499 17 28 -0.05084009956870325
27 0.0372517928481102 18 23 -0.07296571891419934
105 0.028229866176843643 19 20 -0.12887410078212225
-1 0.0 0 0 -0.018821466564995674
18 0.06093656271696091 21 22 -0.028856535803272215
-1 0.0 0 0 0.0018968194204506397
-1 0.0 0 0 -0.041708081468994566
76 -0.14917157590389252 24 25 -0.0067113019675148974
-1 0.0 0 0 -0.0672063436065973
7 0.4099999964237213 26 27 0.00632535087766534
-1 0.0 0 0 0.0021684653184215748
-1 0.0 0 0 -0.04945377511676492
-1 0.0 0 0 0.006811900969692375
nodes 29
9 0.0992179587483406 1 4 0.0
43 0.06794789433479309 2 3 0.002603963463170797
-1 0.0 0 0 0.0005390171323926507
-1 0.0 0 0 -0.003966484847317193
1 0.23770791292190552 5 6 -0.03059715176531543
-1 0.0 0 0 0.0038143958100883128
72 -0.011678053066134453 7 14 -0.054714554589539756
40 0.06266046315431595 8 9 -0.1205225946817325
-1 0.0 0 0 -0.0174025075826733
90 -0.07728230208158493 10 13 -0.012099304467416335
69 0.07822056114673615 11 12 0.23657033475020023
-1 0.0 0 0 0.03756303812133821
-1 0.0 0 0 -0.026329415659042628
-1 0.0 0 0 -0.009515203269333937
41 0.13378509879112244 15 24 -0.018661362803494414
64 -0.05291037634015083 16 23 -0.05572747093718363
44 -0.04403984546661377 17 20 -0.15575880652679092
48 0.08573300391435623 18 19 -0.2956260244168763
-1 0.0 0 0 -0.017709207840969948
-1 0.0 0 0 -0.06030106640626061
106 -0.13519078493118286 21 22 -0.06041523677535008
-1 0.0 0 0 -0.08137660262795787
-1 0.0 0 0 -0.002223867649641958
-1 0.0 0 0 0.0005893716946638051
75 -0.02521008625626564 25 28 0.0823410212271344
5 1.1125366687774658 26 27 -0.15267127660167767
-1 0.0 0 0 -0.049235968247644216
-1 0.0 0 0 -0.0014616095604447219
-1 0.0 0 0 0.016541660500264187
nodes 29
0 0.19463582336902618 1 2 0.0
-1 0.0 0 0 -0.005762795337166406
5 1.3474245071411133 3 24 0.001388660914228015
27 -0.07112295180559158 4 5 -0.0035983815298456217
-1 0.0 0 0 -0.004257105520326744
49 -0.05562940612435341 6 7 0.001020470425410205
-1 0.0 0 0 -0.00866916702375211
18 0.18728837370872498 8 23 0.003684031681066126
2 0.46387916803359985 9 10 0.005269694775064788
-1 0.0 0 0 -0.0001679525035936147
73 -0.004779517184942961 11 18 0.040090070696313346
104 -0.008993473369628191 12 15 0.002324447201571147
13 -0.04420249164104462 13 14 -0.08694010286192017
-1 0.0 0 0 -0.022459036605947544
-1 0.0 0 0 -0.0020293792933867324
24 0.055796459317207336 16 17 0.055311423170242374
-1 0.0 0 0 0.0007579619136897621
-1 0.0 0 0 0.015356572896705152
34 -0.04443572461605072 19 22 0.09050969158082878
98 -0.008953668177127838 20 21 -0.23291489290774545
-1 0.0 0 0 1.0718355526238637e-05
-1 0.0 0 0 -0.04856076641371111
-1 0.0 0 0 0.011364748779674862
-1 0.0 0 0 -0.016068419705813155
59 0.025833161547780037 25 28 0.021864088197550896
6 1.0263746976852417 26 27 -0.011323575944790108
-1 0.0 0 0 -0.0035854568312937464
-1 0.0 0 0 0.006590747206170772
-1 0.0 0 0 0.004488062813935686
nodes 29
52 -0.15406854450702667 1 28 0.0
2 0.3982301354408264 2 17 0.03550268422915608
94 -0.12134476751089096 3 8 -0.030962724698086058
77 0.07618310302495956 4 7 0.1449315079304968
2 0.3571942150592804 5 6 0.2202099496291231
-1 0.0 0 0 0.00721928809505918
-1 0.0 0 0 0.044284719342658346
-1 0.0 0 0 -0.026237863197457047
108 -0.06261254847049713 9 10 -0.055045878593456485
-1 0.0 0 0 -0.024450657839298916
12 0.09392895549535751 11 16 -0.025086987017381972
63 -0.11519481241703033 12 15 0.00040230264276104285
14 -0.06489565223455429 13 14 0.1589912874930856
-1 0.0 0 0 0.03919869319184638
-1 0.0 0 0 0.002490888834263216
-1 0.0 0 0 -0.003048324892575698
-1 0.0 0 0 -0.026800584522032635
1 0.26404842734336853 18 19 0.10377745473642996
-1 0.0 0 0 0.08541465946095618
88 0.11726479232311249 20 27 0.09408682361066875
72 0.05388171598315239 21 22 0.06925682973475125
-1 0.0 0 0 0.011939267233397647
56 0.15533924102783203 23 24 -0.013519250630817986
-1 0.0 0 0 0.001458268769644041
81 -0.018073340877890587 25 26 -0.5847074854685816
-1 0.0 0 0 -0.12749055614694954
-1 0.0 0 0 0.0015464754532212798
-1 0.0 0 0 0.02331691164962804
-1 0.0 0 0 -0.0002219177120643379
nodes 29
78 0.09117070585489273 1 2 0.0
-1 0.0 0 0 0.00034097167139934755
1 0.40046682953834534 3 6 -0.022938452915707768
5 1.2297848463058472 4 5 -0.042256087807826234
-1 0.0 0 0 -0.00781573465178064
-1 0.0 0 0 -0.0002889724807050483
26 0.08179913461208344 7 26 0.03615969423072616
53 0.01320240180939436 8 25 -0.005637777878576224
84 -0.1455751657485962 9 10 -0.051321415877339696
-1 0.0 0 0 -0.05703768377401391
48 0.03192158788442612 11 16 -0.03651715762863354
80 0.02384348399937153 12 15 0.040951202572318525
26 -0.13574373722076416 13 14 0.151591289942198
-1 0.0 0 0 -0.042044975820022666
-1 0.0 0 0 0.01958706179364861
-1 0.0 0 0 -0.008738133120130295
66 0.0664387196302414 17 24 -0.134398787974764
98 0.08129584044218063 18 21 -0.22429320378787485
104 -0.04935729131102562 19 20 -0.15864148824681146
-1 0.0 0 0 -0.045722166910434334
-1 0.0 0 0 -0.006996236096214939
11 -0.044192828238010406 22 23 -0.587667815387249
-1 0.0 0 0 -0.11202030851272866
-1 0.0 0 0 -0.02720913592450045
-1 0.0 0 0 0.012205127134994808
-1 0.0 0 0 0.012647840599018818
21 -0.035263411700725555 27 28 0.15886881605285094
-1 0.0 0 0 -0.0346526464542412
-1 0.0 0 0 0.01914106935156208
nodes 29
61 0.14813251793384552 1 4 0.0
106 0.13596953451633453 2 3 0.0015921689140269814
-1 0.0 0 0 -0.0002785376607651016
-1 0.0 0 0 0.002510348105258944
79 -0.07727102935314178 5 12 -0.049162338057763995
28 0.11896274983882904 6 11 0.04162691395229308
74 0.15262757241725922 7 8 0.09895287242169014
-1 0.0 0 0 0.013943638222497388
85 0.05898876115679741 9 10 -0.22031480716329746
-1 0.0 0 0 0.016815793022270438
-1 0.0 0 0 -0.06457849481098708
-1 0.0 0 0 -0.027630854365812182
47 -0.013687404803931713 13 18 -0.08701169650640116
63 0.05788816139101982 14 17 -0.174965473409037
6 0.9267940521240234 15 16 -0.23137828451564926
-1 0.0 0 0 -0.05049834998605144
-1 0.0 0 0 -0.015760259252087315
-1 0.0 0 0 0.012660977995037138
104 0.026796340942382812 19 24 -0.032827033947405056
46 0.1837257742881775 20 23 -0.11752360816379744
82 -0.04165094718337059 21 22 -0.09502630248187213
-1 0.0 0 0 -0.026931590910821243
-1 0.0 0 0 -0.0014257948191616896
-1 0.0 0 0 -0.08537990668449891
65 0.09029184281826019 25 26 0.06724439609807766
-1 0.0 0 0 0.013981187973059606
20 -0.10879097878932953 27 28 -0.21346238167422224
-1 0.0 0 0 -0.09803109872154891
-1 0.0 0 0 -0.007275621551986135
nodes 29
81 -0.07275432348251343 1 28 0.0
27 0.1311042755842209 2 23 0.014847978159368818
43 0.021936865523457527 3 20 0.005411261967136252
28 -0.04780484363436699 4 5 0.01433219646841948
-1 0.0 0 0 0.006341582603070134
67 0.0221867635846138 6 11 -0.0011794997335020513
41 0.1815253347158432 7 8 0.02373872504357416
-1 0.0 0 0 0.0009001375468972053
90 0.053194500505924225 9 10 0.10383166630610625
-1 0.0 0 0 0.01536256603450186
-1 0.0 0 0 -0.007961989067936022
99 0.09549740701913834 12 19 -0.04245312475742637
101 0.24014912545681 13 18 -0.06386816411281239
73 -0.07742854207754135 14 17 -0.059308520910813865
28 0.12554527819156647 15 16 0.00450994586280144
-1 0.0 0 0 0.00419503393783906
-1 0.0 0 0 -0.018043497671597766
-1 0.0 0 0 -0.009623284970038405
-1 0.0 0 0 -0.061222525445842425
-1 0.0 0 0 0.006434395462527793
44 -0.049605950713157654 21 22 -0.05633603664428693
-1 0.0 0 0 0.002169794006024588
-1 0.0 0 0 -0.011068028150166345
34 0.10232007503509521 24 25 0.0652735791933339
-1 0.0 0 0 -0.0007808478054052094
29 -0.09104215353727341 26 27 0.11217007173535448
-1 0.0 0 0 -0.005472448716061413
-1 0.0 0 0 0.013763502498855391
-1 0.0 0 0 -0.0005291700670967765
nodes 29
56 -0.07140430808067322 1 28 0.0
2 0.39544016122817993 2 3 -0.01718105850147971
-1 0.0 0 0 -0.004251131381776226
10 -0.09955741465091705 4 5 0.008923754250714948
-1 0.0 0 0 -0.008809401573569428
9 -0.09110942482948303 6 7 0.028491320444264025
-1 0.0 0 0 0.010400915858412426
62 -0.02167142741382122 8 9 0.003121306439310983
-1 0.0 0 0 0.00658675790654159
49 0.1301725059747696 10 27 -0.047982800634084645
94 -0.07164795696735382 11 16 -0.11510384601768403
65 0.1512787789106369 12 15 -0.2571202376325804
43 0.09699159115552902 13 14 -0.21454227144791344
-1 0.0 0 0 -0.016831009902199733
-1 0.0 0 0 -0.09602224718659155
-1 0.0 0 0 -0.09220878859872328
52 0.09155377745628357 17 24 -0.05839765431279606
19 -0.11391415446996689 18 23 -0.016720461630529343
48 0.11512492597103119 19 22 -0.30724344850559165
53 -0.11600713431835175 20 21 -0.17000091880096038
-1 0.0 0 0 -0.06559718093120082
-1 0.0 0 0 0.006746212997148344
-1 0.0 0 0 -0.11633754195201965
-1 0.0 0 0 0.0024511558915697993
64 0.02010469324886799 25 26 -0.3238726889503596
-1 0.0 0 0 -0.015803477470599063
-1 0.0 0 0 -0.07948523654043675
-1 0.0 0 0 0.003865322926130439
-1 0.0 0 0 0.00045080894172140856
nodes 29
14 0.15895037353038788 1 2 0.0
-1 0.0 0 0 0.0001360931103401008
44 -0.18630623817443848 3 4 -0.05650178756421118
-1 0.0 0 0 0.025383224700111895
43 -0.29517972469329834 5 6 -0.07028216210085994
-1 0.0 0 0 0.061518300561742345
80 0.14120720326900482 7 20 -0.07704459873305826
67 -0.10709228366613388 8 11 -0.047309456314153044
34 0.0751662626862526 9 10 -0.21848926485561934
-1 0.0 0 0 0.010188916922034172
-1 0.0 0 0 -0.03504970455628441
33 -0.018584059551358223 12 15 -0.01424432546858799
71 -0.050305455923080444 13 14 -0.08975743741500539
-1 0.0 0 0 -0.026222802495417787
-1 0.0 0 0 -0.00025920249144683016
51 0.10988733917474747 16 19 0.10830768511554789
104 -0.09713807702064514 17 18 0.16073979909943076
-1 0.0 0 0 0.057516148243227906
-1 0.0 0 0 0.010802826920183164
-1 0.0 0 0 -0.019794352610849525
2 0.36965224146842957 21 22 -0.23895502739553637
-1 0.0 0 0 -0.0028657107555773113
73 -0.09826108813285828 23 24 -0.41985646381683805
-1 0.0 0 0 -0.07842992211467234
74 0.07495935261249542 25 28 -0.25471833940173383
69 0.012021152302622795 26 27 -0.06787179922685027
-1 0.0 0 0 0.042721153615463164
-1 0.0 0 0 -0.0337127648293972
-1 0.0 0 0 -0.06657807277864777
nodes 29
82 -0.1986338496208191 1 2 0.0
-1 0.0 0 0 -0.006923094172378727
77 0.15717223286628723 3 4 0.0011035481793296215
-1 0.0 0 0 0.00029746798910998493
16 -0.18047146499156952 5 10 -0.044567231704474575
76 0.03884265199303627 6 7 -0.309524408073687
-1 0.0 0 0 -0.01035711740832139
64 -0.06619288772344589 8 9 -0.5833485941746569
-1 0.0 0 0 -0.10696827481811247
-1 0.0 0 0 -0.033179644555062185
45 0.04833072051405907 11 26 -0.02976313763096993
0 0.38124582171440125 12 13 -0.06495384629441642
-1 0.0 0 0 -0.017353454605004853
32 -0.012034258805215359 14 17 -0.02893263002627815
59 0.15428964793682098 15 16 0.05027445783217994
-1 0.0 0 0 0.000290429996376946
-1 0.0 0 0 0.034834206657340896
16 0.03871843218803406 18 21 -0.10864422162905762
93 -0.1973564475774765 19 20 -0.05261336042624618
-1 0.0 0 0 -0.07739126396958124
-1 0.0 0 0 -0.003026324191366808
38 -0.031813930720090866 22 23 -0.3039517949645718
-1 0.0 0 0 0.009167090339357392
7 0.1419999971985817 24 25 -0.45134064337250845
-1 0.0 0 0 -0.06102233765189324
-1 0.0 0 0 0.001308580736319224
60 0.051412343978881836 27 28 0.047124895099841524
-1 0.0 0 0 -0.003162181786990076
-1 0.0 0 0 0.017455139426906085
nodes 29
4 1.0002944469451904 1 24 0.0
8 28.5 2 3 -0.005216371252005604
-1 0.0 0 0 -0.013203822782231232
76 -0.027015889063477516 4 21 -0.0034097421268200552
2 0.4142161011695862 5 10 -0.02800616024646698
1 0.24852940440177917 6 7 -0.049241491114350534
-1 0.0 0 0 -0.00033972711791263366
43 -0.00014889819431118667 8 9 -0.08393441430857426
-1 0.0 0 0 -0.005991881966142363
-1 0.0 0 0 -0.019000649274610915
104 0.05439560115337372 11 20 0.0074855161162525495
39 -0.05198126658797264 12 13 -0.03574797707712722
-1 0.0 0 0 0.010407833799839672
49 -0.14169229567050934 14 15 -0.06916235384149874
-1 0.0 0 0 -0.07659800322487569
35 -0.052457500249147415 16 19 -0.06139115296706836
39 0.1940533071756363 17 18 -0.19303570496093897
-1 0.0 0 0 -0.016106222222001164
-1 0.0 0 0 -0.09108919626282108
-1 0.0 0 0 -0.0026840398707305207
-1 0.0 0 0 0.007671283105784493
55 0.09546437859535217 22 23 0.005365066499066144
-1 0.0 0 0 0.001319385128800518
-1 0.0 0 0 -0.005244674011730305
35 0.051340822130441666 25 26 0.01434550989118233
-1 0.0 0 0 -0.0006509102047103821
43 0.12514713406562805 27 28 0.04678357470865454
-1 0.0 0 0 0.005211730080585536
-1 0.0 0 0 -0.030014492593016
nodes 29
8 65.5 1 26 0.0
6 0.8778034448623657 2 5 -0.001761625381155673
31 0.06926259398460388 3 4 -0.03383342667290249
-1 0.0 0 0 -0.0013148724853885192
-1 0.0 0 0 -0.009095823423679343
46 0.034916263073682785 6 11 0.0016914807547387257
66 -0.031766314059495926 7 10 -0.006788285837811767
36 -0.04988930746912956 8 9 -0.02594831519682722
-1 0.0 0 0 -0.007276535551795974
-1 0.0 0 0 -0.001173171536501625
-1 0.0 0 0 0.00048291662012993813
96 -0.09560729563236237 12 25 0.016134306623989934
79 0.07769089937210083 13 24 0.03802233443685705
77 0.18527701497077942 14 23 0.04913978977346083
2 0.2757112979888916 15 16 0.05342149586556575
-1 0.0 0 0 -0.0008932283293385054
34 0.06257964670658112 17 18 0.07015055856674766
-1 0.0 0 0 0.00016026451921528656
62 0.007772059179842472 19 22 0.08988190953296729
63 0.026380134746432304 20 21 0.1326309507563778
-1 0.0 0 0 0.01664337581235481
-1 0.0 0 0 0.0029260193395723977
-1 0.0 0 0 0.003592898447115566
-1 0.0 0 0 -0.018913339836964093
-1 0.0 0 0 -0.005378908060634911
-1 0.0 0 0 -0.0001901238970405777
1 0.35788771510124207 27 28 0.042005460572881646
-1 0.0 0 0 0.005952905489822659
-1 0.0 0 0 -0.013161584255302915
nodes 29
5 1.5828040838241577 1 14 0.0
43 -0.1183081865310669 2 7 -0.0029348627054267425
105 -0.14049462974071503 3 4 0.011010287216895282
-1 0.0 0 0 -0.008232791151624706
87 0.25284484028816223 5 6 0.016072971689878014
-1 0.0 0 0 0.0017140963690377203
-1 0.0 0 0 -0.035325052866052524
56 0.061200227588415146 8 9 -0.011055754351339186
-1 0.0 0 0 -0.0019455557350497297
17 0.014692196622490883 10 13 0.014118699441638818
92 -0.07184110581874847 11 12 0.04564311182842099
-1 0.0 0 0 -0.004630075836674743
-1 0.0 0 0 0.006846605833076777
-1 0.0 0 0 -0.0032694138639488947
2 0.25739794969558716 15 18 0.02478390126192124
6 1.0365744829177856 16 17 -0.032301100432480204
-1 0.0 0 0 -0.010260765019530778
-1 0.0 0 0 0.002089524692852008
6 0.6267572045326233 19 22 0.04445988482791127
85 -0.08772064745426178 20 21 -0.08500303970524829
-1 0.0 0 0 -0.045513810763307114
-1 0.0 0 0 -0.004295481076277514
2 0.44076260924339294 23 24 0.05798911456240473
-1 0.0 0 0 0.005002904638815996
41 0.08512597531080246 25 28 0.47670067055500986
93 0.00949786975979805 26 27 0.23154956340375873
-1 0.0 0 0 -0.00693434144569827
-1 0.0 0 0 0.07271379975273329
-1 0.0 0 0 0.0989807639011117
nodes 29
59 -0.13946299254894257 1 26 0.0
96 0.025648880749940872 2 23 -0.05504252405574613
2 0.4341302216053009 3 14 -0.017242289568612578
32 -0.0031244999263435602 4 11 -0.08846675350959045
13 0.05976332351565361 5 10 -0.18858453950709228
5 1.177918553352356 6 9 -0.27013434720329477
56 -0.10315417498350143 7 8 -0.5312529999104986
-1 0.0 0 0 -0.11117152211070061
-1 0.0 0 0 -0.040827371575869624
-1 0.0 0 0 -0.011834586209300963
-1 0.0 0 0 0.006724509915276882
29 -0.02448173239827156 12 13 0.014254094923846423
-1 0.0 0 0 -0.023727613285923682
-1 0.0 0 0 0.011304451864923567
15 0.002798301400616765 15 18 0.08568264905080338
92 -0.14632844924926758 16 17 0.21758339636797844
-1 0.0 0 0 -0.03911789059638977
-1 0.0 0 0 0.02632862719184196
83 0.06410828232765198 19 20 -0.05198635252222484
-1 0.0 0 0 0.007518545809371931
42 -0.03123176097869873 21 22 -0.35246092466381834
-1 0.0 0 0 -0.0880182315574752
-1 0.0 0 0 0.006416122605533977
76 -0.08271168917417526 24 25 -0.15643470232013879
-1 0.0 0 0 -0.043371528152298805
-1 0.0 0 0 -0.010741272146659639
7 0.7740000188350677 27 28 0.0013263598064917712
-1 0.0 0 0 0.00016441459401802294
-1 0.0 0 0 -0.028304266686969944
nodes 29
79 -0.12954318523406982 1 28 0.0
83 0.1526132971048355 2 27 0.02026455457264332
2 0.4658086895942688 3 6 0.013433155729370738
53 0.16570807993412018 4 5 0.0029469941504706946
-1 0.0 0 0 0.0005862503573197476
-1 0.0 0 0 -0.03314806600912995
51 0.08391445130109787 7 26 0.09334340940495223
62 0.18681380152702332 8 25 0.04485470044540238
35 -0.06773915141820908 9 14 0.059494020524994085
85 -0.06329252570867538 10 11 -0.17938103167249297
-1 0.0 0 0 -0.1009376230718637
29 -0.07376860082149506 12 13 -0.05348288350257227
-1 0.0 0 0 -0.060086416779085994
-1 0.0 0 0 0.010009891568622788
43 0.10911476612091064 15 24 0.107930603809351
80 -0.07613258063793182 16 17 0.13159261515728762
-1 0.0 0 0 0.03574507393111129
73 -0.023208308964967728 18 23 0.076427779206673
17 -0.012031132355332375 19 20 -0.056812118478869036
-1 0.0 0 0 -0.02703366886589282
52 -0.0020209806971251965 21 22 0.11309892247292272
-1 0.0 0 0 0.03488880962187286
-1 0.0 0 0 -0.013716853387130981
-1 0.0 0 0 0.023261454816028065
-1 0.0 0 0 -0.04979414235996573
-1 0.0 0 0 -0.07643004457720302
-1 0.0 0 0 0.023729789787479083
-1 0.0 0 0 0.017375048732377708
-1 0.0 0 0 -0.00035486426744443084
nodes 29
19 -0.047336287796497345 1 2 0.0
-1 0.0 0 0 0.0011363865764429518
58 0.1809619963169098 3 28 -0.006305758875149509
99 0.06509678065776825 4 19 -0.010623960712002662
6 1.0128822326660156 5 12 -0.01923969421798259
52 -0.15726852416992188 6 7 -0.026728992427302114
-1 0.0 0 0 0.005596908936229912
43 -0.25781580805778503 8 9 -0.03159072563068843
-1 0.0 0 0 0.008727302842314256
13 0.05536161735653877 10 11 -0.035324845239459494
-1 0.0 0 0 -0.0047376425530411955
-1 0.0 0 0 -0.0002865134049495186
1 0.2985428273677826 13 14 0.030991330356352202
-1 0.0 0 0 0.005029786819263679
86 -0.005913771688938141 15 16 -0.11341576618151179
-1 0.0 0 0 -0.02833380686656044
22 -0.04350447282195091 17 18 0.038594498718787576
-1 0.0 0 0 0.03247885290664016
-1 0.0 0 0 -0.009906845258765968
2 0.4398999512195587 20 25 0.0135007592267827
53 -0.034014973789453506 21 24 -0.005937887406091437
60 -0.04329951852560043 22 23 0.020807185588083806
-1 0.0 0 0 0.008936533359342476
-1 0.0 0 0 -0.000759070746106132
-1 0.0 0 0 -0.005731955938590641
77 -0.20704570412635803 26 27 0.06142251321655636
-1 0.0 0 0 -0.03297356288739533
-1 0.0 0 0 0.00709040506191619
-1 0.0 0 0 0.0041460907017467855
nodes 29
72 0.009277185425162315 1 2 0.0
-1 0.0 0 0 -0.0009646891258888133
75 0.13779689371585846 3 26 0.007318553788219215
31 0.05872054398059845 4 7 0.0010960455864808623
44 0.06201240047812462 5 6 0.012080997687995861
-1 0.0 0 0 0.002145747315370416
-1 0.0 0 0 -0.0033408134293617174
12 0.21018338203430176 8 23 -0.02250199175530054
77 0.02595767006278038 9 22 -0.019602589343291225
34 0.1739869862794876 10 19 0.0015238277214848495
1 0.30721187591552734 11 12 -0.024169553242360958
-1 0.0 0 0 0.0024437792119435817
36 -0.001898745889775455 13 18 -0.07646155194996225
85 -0.04423711821436882 14 17 -0.0001974298245340253
45 0.1311103105545044 15 16 -0.21155640593952205
-1 0.0 0 0 -0.013575008284061444
-1 0.0 0 0 -0.10129375358422597
-1 0.0 0 0 0.004692204833688074
-1 0.0 0 0 -0.012999502998745346
59 0.016698073595762253 20 21 0.04947289389295676
-1 0.0 0 0 -0.004205434382468387
-1 0.0 0 0 0.009442032212094784
-1 0.0 0 0 -0.00622611434164742
69 0.05138470232486725 24 25 -0.3462055639424564
-1 0.0 0 0 -0.015152027503121647
-1 0.0 0 0 -0.08585352716036142
29 -0.16743651032447815 27 28 0.04575391020433347
-1 0.0 0 0 -0.02032296975707174
-1 0.0 0 0 0.0052798482105042245
nodes 29
2 0.1884964108467102 1 2 0.0
-1 0.0 0 0 -0.005430971662955182
5 1.242843508720398 3 20 0.0013087014099766165
18 0.14798051118850708 4 19 -0.005097759559847697
80 0.24152405560016632 5 16 -0.002834843319252811
2 0.4592397212982178 6 7 -0.0016320854161646708
-1 0.0 0 0 -0.0009140338312842524
94 -0.07708769291639328 8 9 0.024215500821484076
-1 0.0 0 0 -0.0046799449918935076
22 -0.0005140826688148081 10 11 0.04672321662363966
-1 0.0 0 0 0.008705138519005234
28 0.07941213995218277 12 13 0.003935464701000987
-1 0.0 0 0 0.004173688806651774
18 -0.0602766964584589 14 15 -0.14737572110534192
-1 0.0 0 0 0.000679727327386141
-1 0.0 0 0 -0.02618185597206987
87 0.0462249219417572 17 18 -0.16634940201832973
-1 0.0 0 0 -0.004194428672125896
-1 0.0 0 0 -0.038103708670241765
-1 0.0 0 0 -0.008894631509975747
59 0.07726111263036728 21 22 0.015373188256521775
-1 0.0 0 0 -0.00021042241545979356
2 0.3315906226634979 23 24 0.040304243835826654
-1 0.0 0 0 0.0007880670748828945
54 0.11202972382307053 25 28 0.07533070039165173
6 0.9060545563697815 26 27 0.054506847699580405
-1 0.0 0 0 -0.0016215740060720766
-1 0.0 0 0 0.009553641310182666
-1 0.0 0 0 0.019035555911962328
nodes 29
98 0.2064957469701767 1 10 0.0
35 -0.21797282993793488 2 9 0.0007477860575577641
103 0.14357483386993408 3 8 -0.1368373834084847
83 0.06529947370290756 4 7 -0.17984155845177646
2 0.4784027934074402 5 6 -0.2711303071424639
-1 0.0 0 0 -0.01925691347175261
-1 0.0 0 0 -0.08945512238048739
-1 0.0 0 0 0.011419313209846097
-1 0.0 0 0 0.042068102875990526
-1 0.0 0 0 0.00012921402317163535
48 -0.10806187242269516 11 14 -0.09463310922981283
5 1.2066822052001953 12 13 -0.48907163674294046
-1 0.0 0 0 -0.07994612218477787
-1 0.0 0 0 -0.0040731124924840755
16 -0.1227799579501152 15 20 -0.05837552870632198
66 -0.0005554070812650025 16 19 -0.3637548074333204
44 0.010743330232799053 17 18 -0.11715035073740303
-1 0.0 0 0 -0.04134136028587818
-1 0.0 0 0 0.0371684015262872
-1 0.0 0 0 -0.07169990291869319
40 -0.05604499205946922 21 22 -0.01461098239194323
-1 0.0 0 0 0.027725474013754265
12 -0.05954177305102348 23 28 -0.06154687492441138
83 0.11288105696439743 24 27 -0.24601812037405243
23 0.04585917294025421 25 26 -0.16740330658635935
-1 0.0 0 0 -0.0015955405729276336
-1 0.0 0 0 -0.06037174971508128
-1 0.0 0 0 -0.07799437306821347
-1 0.0 0 0 0.003589979993175494
nodes 29
8 75.5 1 28 0.0
6 0.9588145613670349 2 27 -0.0007991002355858005
85 -0.11108208447694778 3 16 -0.012072838400360572
100 -0.013157124631106853 4 7 -0.08326619344923612
80 -0.10318894684314728 5 6 -0.18236016816087067
-1 0.0 0 0 -0.05095159222643512
-1 0.0 0 0 -0.014109728025592719
28 0.18693652749061584 8 15 -0.027217565218673606
23 -0.038772642612457275 9 12 -0.04581336095968714
41 0.19751547276973724 10 11 -0.15914956467916155
-1 0.0 0 0 -0.019339965132853465
-1 0.0 0 0 0.04833820608630777
75 -0.0938413143157959 13 14 0.02624337602540985
-1 0.0 0 0 -0.03947034553275444
-1 0.0 0 0 0.006402822484250533
-1 0.0 0 0 0.04025143690872938
80 0.24152405560016632 17 22 -0.007822244368510305
24 -0.16054563224315643 18 21 -0.006261914071015084
25 -0.1426175981760025 19 20 -0.10106532094223473
-1 0.0 0 0 -0.07066069594161077
-1 0.0 0 0 -0.008205212011479628
-1 0.0 0 0 -0.00031867182768801245
87 0.08615942299365997 23 24 -0.20795055635430984
-1 0.0 0 0 -0.009411120387516417
74 0.030200202018022537 25 26 -0.6718996155146018
-1 0.0 0 0 -0.01756268242800919
-1 0.0 0 0 -0.10826081323983341
-1 0.0 0 0 0.0005875226635949026
-1 0.0 0 0 0.008662978825742722
nodes 29
8 30.5 1 6 0.0
65 0.22004127502441406 2 3 -0.027890210133735972
-1 0.0 0 0 -0.0024278313540629626
88 0.07428448647260666 4 5 -0.3922904441937988
-1 0.0 0 0 -0.01836496742411715
-1 0.0 0 0 -0.10286447925493121
6 1.0263746976852417 7 24 0.0025088330415935747
58 -0.032881155610084534 8 11 7.592305043645089e-05
95 -0.07330670952796936 9 10 -0.025096707546502443
-1 0.0 0 0 -0.010281122726555313
-1 0.0 0 0 -0.0013571199957179135
61 0.11902014911174774 12 13 0.0055173252919311876
-1 0.0 0 0 0.000903764302727938
2 0.4054267704486847 14 17 -0.046504714360868914
12 0.04187038913369179 15 16 -0.10669465828249602
-1 0.0 0 0 -0.003771087434641293
-1 0.0 0 0 -0.026642947979854406
38 0.04831462725996971 18 19 0.006484515135786556
-1 0.0 0 0 0.007218134818948294
104 -0.09522291272878647 20 23 -0.14224953955992878
49 0.08325910568237305 21 22 -0.6080106355366297
-1 0.0 0 0 -0.12882689430067937
-1 0.0 0 0 -0.019985565105453136
-1 0.0 0 0 -0.009782523234307505
1 0.29600051045417786 25 26 0.043092341042090455
-1 0.0 0 0 0.005732952967238383
89 -0.12518802285194397 27 28 -0.18253011903733124
-1 0.0 0 0 0.026680777603178288
-1 0.0 0 0 -0.030038923905545953
nodes 29
104 -0.12662509083747864 1 8 0.0
76 0.09494428336620331 2 3 -0.031059629813581412
-1 0.0 0 0 -0.005428906565812623
59 -0.004304768983274698 4 7 0.05745021917273977
60 0.0025135972537100315 5 6 -0.08809897925340808
-1 0.0 0 0 -0.027297373824486777
-1 0.0 0 0 0.005243929907494137
-1 0.0 0 0 0.011423922437612144
94 0.14396779239177704 9 10 0.002218663830174139
-1 0.0 0 0 0.00043434018314656553
0 0.41844508051872253 11 12 -0.04445290030301788
-1 0.0 0 0 -0.010875520508639498
98 0.12788769602775574 13 28 0.0014153542051920831
57 -0.01568547450006008 14 25 0.019550380827925255
19 -0.08987163007259369 15 18 -0.07671635690866174
98 -0.1276264488697052 16 17 -0.42860426716506483
-1 0.0 0 0 0.018469274101349024
-1 0.0 0 0 -0.056260193281752226
27 -0.12256591022014618 19 20 0.006114401187407165
-1 0.0 0 0 -0.05654268910875544
86 0.01652613654732704 21 22 0.0374317322709667
-1 0.0 0 0 0.01418765717282203
27 0.0529402419924736 23 24 -0.14051132754509496
-1 0.0 0 0 -0.03381874688687579
-1 0.0 0 0 0.012093131097974958
41 -0.13801532983779907 26 27 0.06931871467136459
-1 0.0 0 0 -0.05218252253464677
-1 0.0 0 0 0.008287517750707582
-1 0.0 0 0 -0.028991928211540632
nodes 29
54 -0.05608132667839527 1 2 0.0
-1 0.0 0 0 -0.0016452898717583414
108 0.020638838410377502 3 8 0.004113224804971138
100 0.1537669152021408 4 5 -0.007642574193036915
-1 0.0 0 0 -0.001394667391633085
38 0.014434798620641232 6 7 0.05797580039628573
-1 0.0 0 0 -0.001303987960957258
-1 0.0 0 0 0.01282162940830989
91 -0.019248083233833313 9 22 0.014444931850802636
2 0.3601128160953522 10 11 0.03926971923084949
-1 0.0 0 0 -0.0009329138101417593
84 0.07689707726240158 12 17 0.07099851947604725
106 -0.12206006050109863 13 14 0.046474917076294385
-1 0.0 0 0 -0.01401777496294476
53 -0.22838667035102844 15 16 0.0566489647040265
-1 0.0 0 0 -0.018907991401694177
-1 0.0 0 0 0.006425062435510796
71 0.12121368199586868 18 21 0.12285480376655422
45 0.1311103105545044 19 20 0.14500003654930743
-1 0.0 0 0 0.016529378079762774
-1 0.0 0 0 -0.007354797843260343
-1 0.0 0 0 -0.0050688203382192225
5 1.093538522720337 23 24 -0.004905081080710816
-1 0.0 0 0 -0.00669416097336351
41 0.02948426455259323 25 26 0.005078673494115726
-1 0.0 0 0 -0.004014467780379993
69 0.045825425535440445 27 28 0.02313853854499086
-1 0.0 0 0 -0.00032126428622995215
-1 0.0 0 0 0.006020672820763187
nodes 29
48 0.16843099892139435 1 2 0.0
-1 0.0 0 0 0.00019819897634062978
66 0.002146015176549554 3 12 -0.03411982614121861
36 0.07365305721759796 4 9 -0.07520775916776457
7 0.01000000024214387 5 8 -0.1087552642383202
1 0.4145975708961487 6 7 -0.31094934003291425
-1 0.0 0 0 -0.02148439427054271
-1 0.0 0 0 -0.07937645504162426
-1 0.0 0 0 -0.008440728652483506
10 -0.02879590541124344 10 11 0.02642779673453656
-1 0.0 0 0 0.018646718307072936
-1 0.0 0 0 -0.007368052233350035
87 0.12230446934700012 13 28 0.02041443342050898
75 0.06098268926143646 14 19 0.04238009599245388
66 0.17300353944301605 15 18 -0.012878660667277728
9 -0.055037353187799454 16 17 -0.029497453749802213
-1 0.0 0 0 0.007852102569221744
-1 0.0 0 0 -0.010340483442065777
-1 0.0 0 0 0.042840333437507455
37 -0.033657606691122055 20 27 0.12870107292170893
70 0.08087721467018127 21 22 0.04354303406019377
-1 0.0 0 0 0.01376652753125946
49 0.030040442943572998 23 24 -0.16778803592161187
-1 0.0 0 0 0.03256438050884754
96 -0.012069765478372574 25 26 -0.2921173186958071
-1 0.0 0 0 -0.01542257044358917
-1 0.0 0 0 -0.09881416573410944
-1 0.0 0 0 0.02690894053579448
-1 0.0 0 0 -0.017811776786804834
nodes 29
31 -0.15351755917072296 1 28 0.0
26 0.1527208834886551 2 27 -0.040534246153026796
97 -0.027671871706843376 3 14 -0.054043824549220666
35 -0.11647212505340576 4 5 0.01805623671329195
-1 0.0 0 0 -0.026139198224688694
4 0.97873854637146 6 13 0.04632279175613899
9 0.15230287611484528 7 12 -0.02852435656382204
74 -0.07811737805604935 8 11 -0.008218506511744076
24 0.020891904830932617 9 10 0.33846730387045276
-1 0.0 0 0 0.0725473379450185
-1 0.0 0 0 -0.0027619524380645237
-1 0.0 0 0 -0.0046269388139058365
-1 0.0 0 0 -0.06712486538643767
-1 0.0 0 0 0.01672049603331083
6 0.9956550598144531 15 26 -0.09471020282660246
32 0.037984661757946014 16 23 -0.13640027958413786
42 -0.1115715503692627 17 18 -0.08620168921897704
-1 0.0 0 0 0.011266216482758395
51 0.019956674426794052 19 22 -0.1343607853972674
86 -0.08138182014226913 20 21 -0.22834497918159338
-1 0.0 0 0 0.005219083469217786
-1 0.0 0 0 -0.030258346427796037
-1 0.0 0 0 -0.0033037261946486417
6 0.9884269833564758 24 25 -0.2688533228979768
-1 0.0 0 0 -0.02172068175386902
-1 0.0 0 0 -0.07235671200830004
-1 0.0 0 0 -0.0001376756770510257
-1 0.0 0 0 0.019947084755543174
-1 0.0 0 0 0.00016546482039859656
nodes 29
74 -0.056088171899318695 1 28 0.0
49 0.11614961177110672 2 19 -0.01968276041556388
67 0.038534026592969894 3 16 -0.050395315147725654
45 -0.03887641429901123 4 11 -0.024432598378105307
82 -0.07129782438278198 5 10 -0.08387328931856672
41 0.02145640179514885 6 9 -0.228973098281264
87 -0.04382310435175896 7 8 -0.4535572101961502
-1 0.0 0 0 -0.07921032667517254
-1 0.0 0 0 -0.028428418191836266
-1 0.0 0 0 -0.009003546972374965
-1 0.0 0 0 -0.002708217556472414
0 0.5158553123474121 12 13 0.014943234937575956
-1 0.0 0 0 -0.0009285861497281642
53 -0.14400382339954376 14 15 0.2079283412350423
-1 0.0 0 0 -0.028159715500142842
-1 0.0 0 0 0.02818499765727644
2 0.3370398283004761 17 18 -0.11155725437643496
-1 0.0 0 0 0.0016786561972073717
-1 0.0 0 0 -0.016254768237838595
14 -0.09260247647762299 20 21 0.009667478896719851
-1 0.0 0 0 -0.005873471611741073
105 0.007178144529461861 22 25 0.03816521435436376
83 -0.11445873975753784 23 24 -0.003880976503816585
-1 0.0 0 0 -0.023293795248674903
-1 0.0 0 0 0.001685975256245904
2 0.3973379135131836 26 27 0.09211497452595935
-1 0.0 0 0 0.0009655023008780565
-1 0.0 0 0 0.015898295980699213
-1 0.0 0 0 0.0003446761205378563
nodes 29
92 0.18019281327724457 1 6 0.0
98 0.09461164474487305 2 3 0.001470228752805428
-1 0.0 0 0 0.0004704166547681813
80 0.11142757534980774 4 5 -0.025797188527791528
-1 0.0 0 0 -0.004025032635853079
-1 0.0 0 0 0.005357630165770955
65 -0.13544440269470215 7 10 -0.04539711461980646
49 0.13833867013454437 8 9 -0.33146799539809857
-1 0.0 0 0 -0.055165989145636564
-1 0.0 0 0 -0.0013883529929444194
107 0.05179981514811516 11 18 -0.033327014334476525
16 0.17443083226680756 12 17 -0.00453179582848223
103 0.20713719725608826 13 16 0.0025384696459588483
107 -0.20838461816310883 14 15 -0.005514140119985433
-1 0.0 0 0 0.03968798802234233
-1 0.0 0 0 -0.001460383997135696
-1 0.0 0 0 0.05290896748968711
-1 0.0 0 0 -0.0630381221158637
40 0.07676831632852554 19 26 -0.1506930229836978
85 0.14975619316101074 20 25 -0.22715498957566138
27 -0.09826966375112534 21 22 -0.17609825805309812
-1 0.0 0 0 -0.09083393298089504
72 0.14861147105693817 23 24 -0.1375592542764743
-1 0.0 0 0 -0.018215569615823803
-1 0.0 0 0 0.04454979303258437
-1 0.0 0 0 -0.07791196546844535
41 0.1383519470691681 27 28 0.06349851163609763
-1 0.0 0 0 -0.005155073000025823
-1 0.0 0 0 0.05894379019737244
nodes 29
21 -0.42694708704948425 1 4 0.0
6 1.0146758556365967 2 3 0.13003881116708416
-1 0.0 0 0 -0.003626177812446699
-1 0.0 0 0 0.025038792183860143
89 0.07622063905000687 5 24 -0.0005130687790009928
18 -0.22198346257209778 6 9 0.001957682010637341
93 -0.1973564475774765 7 8 0.07500576825471124
-1 0.0 0 0 0.050937288091912614
-1 0.0 0 0 0.006243702884951238
97 0.07143613696098328 10 15 0.0002547175029526651
40 -0.1181844100356102 11 14 0.006676835013957702
39 0.1512121707201004 12 13 -0.051353654551077474
-1 0.0 0 0 -0.007260179917294939
-1 0.0 0 0 0.012690023794891873
-1 0.0 0 0 0.0010317515479774503
84 -0.0802065059542656 16 17 -0.018944729075587727
-1 0.0 0 0 -0.009697871224196655
0 0.47918701171875 18 23 -0.009007671296191797
84 0.12503276765346527 19 22 -0.022760424682916926
27 0.07590749114751816 20 21 -0.03840620996130137
-1 0.0 0 0 -0.006629933662313569
-1 0.0 0 0 0.0008078548763001501
-1 0.0 0 0 0.003470690441867573
-1 0.0 0 0 0.005950529804204067
86 0.03677946701645851 25 26 -0.030786340594938167
-1 0.0 0 0 -0.006057725310111837
12 -0.04276838153600693 27 28 0.022753040310288554
-1 0.0 0 0 0.011457751228274575
-1 0.0 0 0 -0.0035320638500967796
end
