vecsearch-termination-model 1
kind gbdt
checkpoint 1000
query_dim 0
bias 7.623841636915775
trees 200
nodes 29
6 1.1100233793258667 1 16 0.0
1 0.32845109701156616 2 11 0.8794056736586748
2 0.334133043885231 3 6 0.24343036029073628
1 0.2670499384403229 4 5 -0.16757472550604943
-1 0.0 0 0 -0.037502023119018735
-1 0.0 0 0 0.01080491772391224
4 0.7700183391571045 7 8 0.5209165669774405
-1 0.0 0 0 0.009146818117002126
6 1.089450478553772 9 10 0.6566510603267901
-1 0.0 0 0 0.07833502077382119
-1 0.0 0 0 0.024071390646805302
1 0.36402803659439087 12 15 1.4163189936535234
4 0.7832390666007996 13 14 1.1107710242494178
-1 0.0 0 0 0.06528876379945923
-1 0.0 0 0 0.11939201439583808
-1 0.0 0 0 0.16124359045242642
7 0.6449999809265137 17 24 -1.3857610419004671
6 1.1406861543655396 18 21 -0.8678847316955184
2 0.36500078439712524 19 20 -0.5181180583204357
-1 0.0 0 0 -0.06902350255564507
-1 0.0 0 0 0.00871056319776343
7 0.41999998688697815 22 23 -1.1573391985996317
-1 0.0 0 0 -0.08626238456179669
-1 0.0 0 0 -0.13564638273680601
7 0.8029999732971191 25 28 -2.1530747081137442
6 1.1560472249984741 26 27 -1.832194162545802
-1 0.0 0 0 -0.13437294221152493
-1 0.0 0 0 -0.19528849915256266
-1 0.0 0 0 -0.26504264779272013
nodes 29
6 1.1066855192184448 1 16 0.0
2 0.37153810262680054 2 11 0.8186103329888899
1 0.29130876064300537 3 8 0.1839451851695913
7 0.4569999873638153 4 7 -0.1237719590403347
4 0.7123212814331055 5 6 -0.04382721618603284
-1 0.0 0 0 -0.040126697737065564
-1 0.0 0 0 0.004564884452870026
-1 0.0 0 0 -0.060617512800836826
6 1.0816025733947754 9 10 0.5159911992733229
-1 0.0 0 0 0.06524049956790978
-1 0.0 0 0 0.019526685145177344
1 0.35453909635543823 12 15 1.239618813119495
4 0.7758975028991699 13 14 0.9011744909739183
-1 0.0 0 0 0.044189017673202866
-1 0.0 0 0 0.1002583743206726
-1 0.0 0 0 0.14183588638539188
7 0.6340000033378601 17 24 -1.20805418739202
6 1.1393979787826538 18 21 -0.7297407317559331
2 0.3671664893627167 19 20 -0.4172258522155321
-1 0.0 0 0 -0.05725716079555002
-1 0.0 0 0 0.014215568216437692
7 0.414000004529953 22 23 -1.0171483904386434
-1 0.0 0 0 -0.07624473984987036
-1 0.0 0 0 -0.11975804533549479
7 0.828000009059906 25 28 -1.907648127198734
6 1.1742117404937744 26 27 -1.6729889039140704
-1 0.0 0 0 -0.13007812406133806
-1 0.0 0 0 -0.18257227014206787
-1 0.0 0 0 -0.25005271925219086
nodes 29
6 1.1117005348205566 1 16 0.0
1 0.32397177815437317 2 11 0.7017307589799644
2 0.334133043885231 3 6 0.15341932554666762
1 0.2507106363773346 4 5 -0.15307976042463498
-1 0.0 0 0 -0.040567617331002975
-1 0.0 0 0 0.0019812836415758913
4 0.7557278275489807 7 8 0.3857026593983812
-1 0.0 0 0 -0.0017905976452362846
2 0.39270904660224915 9 10 0.49201503280544806
-1 0.0 0 0 0.040177931210905266
-1 0.0 0 0 0.09449804822418097
1 0.3682096004486084 12 15 1.1253525175638468
6 1.0828765630722046 13 14 0.8915970206614102
-1 0.0 0 0 0.09837104107940986
-1 0.0 0 0 0.05058611776169295
-1 0.0 0 0 0.1328614905574748
7 0.6809999942779541 17 24 -1.1430358189606051
7 0.3790000081062317 18 21 -0.7656473551984216
2 0.35758376121520996 19 20 -0.44384837078911094
-1 0.0 0 0 -0.05764213049478102
-1 0.0 0 0 -0.0007962073892801842
2 0.3533935248851776 22 23 -0.9909490361639087
-1 0.0 0 0 -0.10849618792103032
-1 0.0 0 0 -0.045545991298089394
7 0.8489999771118164 25 28 -1.8276002900297352
6 1.1531040668487549 26 27 -1.6451960765702618
-1 0.0 0 0 -0.11388993709130689
-1 0.0 0 0 -0.17218375863378593
-1 0.0 0 0 -0.2361981006089204
nodes 29
6 1.10193932056427 1 14 0.0
2 0.36791354417800903 2 9 0.6985764520201114
1 0.2814633250236511 3 6 0.15627436629554395
7 0.5389999747276306 4 5 -0.13243059875362492
-1 0.0 0 0 -0.007570229984690148
-1 0.0 0 0 -0.07197944015931508
4 0.759864330291748 7 8 0.37879919388793887
-1 0.0 0 0 0.0016760890575228766
-1 0.0 0 0 0.0465343441638574
1 0.35347890853881836 10 13 1.0041118934147648
4 0.8121904730796814 11 12 0.7322773301169254
-1 0.0 0 0 0.04571396915724734
-1 0.0 0 0 0.08549360786766465
-1 0.0 0 0 0.11528749631852207
7 0.5979999899864197 15 22 -0.9357116570095061
2 0.3561721444129944 16 19 -0.5103719816543903
6 1.1370718479156494 17 18 -0.6487787750954289
-1 0.0 0 0 -0.04382476501594704
-1 0.0 0 0 -0.08303336638637018
2 0.3974915146827698 20 21 -0.04428628999422193
-1 0.0 0 0 -0.01810522667848487
-1 0.0 0 0 0.051874843558869205
7 0.7770000100135803 23 26 -1.4861740653305615
6 1.1517301797866821 24 25 -1.2068732225431527
-1 0.0 0 0 -0.08364535083956837
-1 0.0 0 0 -0.1322958283454044
7 0.8889999985694885 27 28 -1.8806959990309169
-1 0.0 0 0 -0.17555472060594554
-1 0.0 0 0 -0.2390582769869309
nodes 29
6 1.1043202877044678 1 14 0.0
1 0.3321366012096405 2 9 0.6139949278335219
2 0.3470698595046997 3 6 0.20933043597728765
1 0.26999905705451965 4 5 -0.01607450354570264
-1 0.0 0 0 -0.021553015871635817
-1 0.0 0 0 0.01670537222444231
4 0.7700183391571045 7 8 0.4436998614355746
-1 0.0 0 0 0.011332002511795098
-1 0.0 0 0 0.05385617163316306
2 0.4125046133995056 10 13 0.9622952988293553
4 0.8091939091682434 11 12 0.8015142090618302
-1 0.0 0 0 0.050663995795576046
-1 0.0 0 0 0.08765361185713522
-1 0.0 0 0 0.11010164372009681
7 0.5680000185966492 15 22 -0.8630906370483313
2 0.3455500304698944 16 19 -0.4456954827815731
7 0.3449999988079071 17 18 -0.5904286856040637
-1 0.0 0 0 -0.0413580797428695
-1 0.0 0 0 -0.07539450691073768
2 0.3896554410457611 20 21 -0.11221193246735059
-1 0.0 0 0 -0.023545484645294556
-1 0.0 0 0 0.035180943661096094
7 0.7710000276565552 23 26 -1.3051734523937297
2 0.3671664893627167 24 25 -1.0548381862326262
-1 0.0 0 0 -0.11054426623075381
-1 0.0 0 0 -0.028997612507906417
7 0.8790000081062317 27 28 -1.6798867969925761
-1 0.0 0 0 -0.15500119880174745
-1 0.0 0 0 -0.20898771965335144
nodes 29
6 1.1170305013656616 1 18 0.0
2 0.3800218999385834 2 13 0.48976760170531075
1 0.29593512415885925 3 8 0.11534070935860281
7 0.414000004529953 4 7 -0.11218839959426377
4 0.7094415426254272 5 6 -0.025550362102935664
-1 0.0 0 0 -0.03351307654794523
-1 0.0 0 0 0.004688588245431978
-1 0.0 0 0 -0.045006920551127094
6 1.0874556303024292 9 12 0.37973469974139723
4 0.75147545337677 10 11 0.4909016969745531
-1 0.0 0 0 0.011648079636613504
-1 0.0 0 0 0.05501012206797724
-1 0.0 0 0 0.006036284677899736
4 0.8107221126556396 14 15 0.8475274938271539
-1 0.0 0 0 0.04809163099613872
2 0.41414549946784973 16 17 0.9182725878880875
-1 0.0 0 0 0.07848754751524067
-1 0.0 0 0 0.1015519877849803
7 0.7049999833106995 19 26 -0.8826686521233204
7 0.46299999952316284 20 23 -0.6232400047134266
2 0.3694188594818115 21 22 -0.4199805430557002
-1 0.0 0 0 -0.048225811930724324
-1 0.0 0 0 -0.0005082191250233782
2 0.37221404910087585 24 25 -0.8215832658806825
-1 0.0 0 0 -0.08612430721006598
-1 0.0 0 0 -0.017506547242169195
7 0.8640000224113464 27 28 -1.3949948156061798
-1 0.0 0 0 -0.12742072200827528
-1 0.0 0 0 -0.18162827890685482
nodes 29
6 1.0988136529922485 1 14 0.0
1 0.3213159441947937 2 9 0.529755969500004
2 0.3470698595046997 3 6 0.15361634957596582
1 0.24544605612754822 4 5 0.008907717497271244
-1 0.0 0 0 -0.0255284415031079
-1 0.0 0 0 0.010628249762152368
4 0.7372388243675232 7 8 0.34849128413920505
-1 0.0 0 0 -0.0038521744612799898
-1 0.0 0 0 0.041556748591429826
2 0.3974915146827698 10 11 0.7594498375932597
-1 0.0 0 0 0.05718039779490939
4 0.8305287063121796 12 13 0.8613544533278936
-1 0.0 0 0 0.06403558353717846
-1 0.0 0 0 0.09026139273120727
6 1.1681981682777405 15 22 -0.6657306134472457
1 0.30319657921791077 16 19 -0.33778831505809964
7 0.414000004529953 17 18 -0.44187958535866945
-1 0.0 0 0 -0.02790332852337997
-1 0.0 0 0 -0.062376521863716186
2 0.3998569846153259 20 21 0.05768043335782356
-1 0.0 0 0 -0.002741375536609922
-1 0.0 0 0 0.04738503842564506
7 0.7409999966621399 23 26 -1.0643936684840112
7 0.5329999923706055 24 25 -0.8217705026200139
-1 0.0 0 0 -0.0637417473962813
-1 0.0 0 0 -0.0931511278484988
7 0.8640000224113464 27 28 -1.3780542716535968
-1 0.0 0 0 -0.1260944486194477
-1 0.0 0 0 -0.16588987746868425
nodes 29
6 1.1208168268203735 1 20 0.0
1 0.3348320722579956 2 13 0.3854277230448441
2 0.3311530351638794 3 8 0.09705540418575823
7 0.4090000092983246 4 7 -0.14495672995030298
6 1.0842121839523315 5 6 -0.058563091404267756
-1 0.0 0 0 0.008202289905937207
-1 0.0 0 0 -0.019949162641319972
-1 0.0 0 0 -0.04452789235847758
6 1.0791484117507935 9 12 0.23674505881026808
4 0.8107221126556396 10 11 0.3698940393484729
-1 0.0 0 0 0.016765863393955433
-1 0.0 0 0 0.04810798464431233
-1 0.0 0 0 0.005957510705810804
4 0.7700183391571045 14 15 0.7063243482704566
-1 0.0 0 0 0.022120967477264428
1 0.37794986367225647 16 19 0.7356922399422625
6 1.0822395086288452 17 18 0.6366538309863365
-1 0.0 0 0 0.06860818184142409
-1 0.0 0 0 0.03801436592633256
-1 0.0 0 0 0.08303112319659928
7 0.7110000252723694 21 26 -0.7442956501364989
6 1.1591581106185913 22 25 -0.5360050583066951
2 0.3837057948112488 23 24 -0.3743157397208658
-1 0.0 0 0 -0.04174182935567761
-1 0.0 0 0 0.0142914906310058
-1 0.0 0 0 -0.06911981193756402
7 0.8560000061988831 27 28 -1.1496178828863872
-1 0.0 0 0 -0.10423945210655475
-1 0.0 0 0 -0.14470063663725358
nodes 29
6 1.0988136529922485 1 14 0.0
2 0.3694188594818115 2 7 0.4302935888526495
1 0.2776663601398468 3 4 0.10726473042836075
-1 0.0 0 0 -0.009553367968204704
3 0.6653281450271606 5 6 0.23575205591105167
-1 0.0 0 0 -0.0021747682562218234
-1 0.0 0 0 0.03074283437287047
4 0.8318280577659607 8 11 0.6128297240787182
4 0.729356586933136 9 10 0.3989005710280812
-1 0.0 0 0 0.0013148743426723074
-1 0.0 0 0 0.04527567188740338
2 0.3998569846153259 12 13 0.679272341431953
-1 0.0 0 0 0.05450713393836307
-1 0.0 0 0 0.07360164158790923
7 0.5680000185966492 15 22 -0.5407388147028109
1 0.29227548837661743 16 19 -0.2642822715768815
6 1.1311798095703125 17 18 -0.35977328073114884
-1 0.0 0 0 -0.022084430563953452
-1 0.0 0 0 -0.04641997090524047
4 0.7267070412635803 20 21 0.011394228903292279
-1 0.0 0 0 -0.03342675293215835
-1 0.0 0 0 0.00900101918861464
7 0.7829999923706055 23 26 -0.8642146317893844
2 0.334133043885231 24 25 -0.7096913882137372
-1 0.0 0 0 -0.07873068848398725
-1 0.0 0 0 -0.041562944795154926
7 0.9089999794960022 27 28 -1.1380601954109564
-1 0.0 0 0 -0.10807481584417576
-1 0.0 0 0 -0.1624769375342684
nodes 29
6 1.1217997074127197 1 20 0.0
2 0.3757968544960022 2 13 0.31072923906740413
1 0.2832867205142975 3 8 0.0426403770733625
7 0.5260000228881836 4 7 -0.1319484232673196
4 0.7209718823432922 5 6 -0.08411134001856234
-1 0.0 0 0 -0.031739034005013815
-1 0.0 0 0 -0.0016873923419505298
-1 0.0 0 0 -0.04567506138431135
6 1.0816025733947754 9 12 0.19463508516607583
3 0.7127552628517151 10 11 0.30458400340621933
-1 0.0 0 0 0.013582466025994753
-1 0.0 0 0 0.03898738930109022
-1 0.0 0 0 0.0013572658333678858
3 0.7263172268867493 14 19 0.5470145596224048
2 0.41849568486213684 15 18 0.3670653909998747
4 0.7209718823432922 16 17 0.2800507413691675
-1 0.0 0 0 -0.012748338860647083
-1 0.0 0 0 0.032779410905038886
-1 0.0 0 0 0.06088963075631712
-1 0.0 0 0 0.06249503168802646
7 0.6990000009536743 21 26 -0.610632478622388
7 0.31200000643730164 22 23 -0.4321664007468175
-1 0.0 0 0 -0.019879522665327092
2 0.37221404910087585 24 25 -0.5141414394384163
-1 0.0 0 0 -0.05426813856619957
-1 0.0 0 0 -0.008402222966849691
7 0.8349999785423279 27 28 -0.9235746695542649
-1 0.0 0 0 -0.0814149148508187
-1 0.0 0 0 -0.11323456778938384
nodes 29
6 1.0988136529922485 1 16 0.0
2 0.36430948972702026 2 9 0.3503710166022346
3 0.6389473676681519 3 4 0.06640563788995149
-1 0.0 0 0 -0.01455083522008585
7 0.3930000066757202 5 8 0.1526683279793619
2 0.3073822259902954 6 7 0.2028934603610687
-1 0.0 0 0 0.00033744791727077783
-1 0.0 0 0 0.025480230804474882
-1 0.0 0 0 -0.015007080330354411
2 0.3974915146827698 10 13 0.48873237571413514
3 0.6830865144729614 11 12 0.3467796001654252
-1 0.0 0 0 0.016080784141107602
-1 0.0 0 0 0.042686570436888775
4 0.7850568294525146 14 15 0.5675262475144719
-1 0.0 0 0 0.02996370925870162
-1 0.0 0 0 0.0585222635504898
6 1.1850559711456299 17 24 -0.4403021861251243
2 0.3568562865257263 18 21 -0.24566683969991013
7 0.49799999594688416 19 20 -0.33252422277292
-1 0.0 0 0 -0.02273423530213739
-1 0.0 0 0 -0.05015740946667394
2 0.3982846438884735 22 23 0.019093831015192964
-1 0.0 0 0 -0.0062837403889269465
-1 0.0 0 0 0.035583305872351104
7 0.753000020980835 25 26 -0.7571646517115646
-1 0.0 0 0 -0.05943466424174909
7 0.8980000019073486 27 28 -0.954215206150178
-1 0.0 0 0 -0.08985223706393808
-1 0.0 0 0 -0.1280609279013366
nodes 29
6 1.123824119567871 1 20 0.0
1 0.3167044520378113 2 13 0.24868132709731638
2 0.3073822259902954 3 6 0.00844537567228725
1 0.21210655570030212 4 5 -0.2049822349583229
-1 0.0 0 0 -0.04086342568585747
-1 0.0 0 0 -0.012824209567138898
4 0.7181761264801025 7 8 0.07995272906383986
-1 0.0 0 0 -0.02063476478103936
2 0.39270904660224915 9 12 0.13157627561478424
7 0.39899998903274536 10 11 0.0928383571418693
-1 0.0 0 0 0.014493731151271541
-1 0.0 0 0 -0.011940996326069342
-1 0.0 0 0 0.043643178336283374
1 0.3682096004486084 14 19 0.42774686877790735
6 1.0785142183303833 15 18 0.3276980902829598
4 0.8318280577659607 16 17 0.3950328529238765
-1 0.0 0 0 0.026406100903506077
-1 0.0 0 0 0.045329779157869184
-1 0.0 0 0 0.015695507200034004
-1 0.0 0 0 0.05323825481399555
7 0.6570000052452087 21 26 -0.5062481752844421
7 0.2540000081062317 22 23 -0.3359325185738627
-1 0.0 0 0 -0.012200142647900135
2 0.3896554410457611 24 25 -0.3927005464473239
-1 0.0 0 0 -0.04079836837604343
-1 0.0 0 0 0.014948694394635304
7 0.8149999976158142 27 28 -0.7221884943193495
-1 0.0 0 0 -0.06228354737875106
-1 0.0 0 0 -0.08928771323251154
nodes 29
6 1.0951415300369263 1 12 0.0
2 0.3829681873321533 2 9 0.29717639719262084
3 0.6389473676681519 3 4 0.12454932155535546
-1 0.0 0 0 -0.007149090917422277
7 0.3790000081062317 5 8 0.19506133403202053
6 1.074352502822876 6 7 0.23150029622580823
-1 0.0 0 0 0.02879990832087931
-1 0.0 0 0 0.01075055330324605
-1 0.0 0 0 -0.006312427749180194
4 0.8410433530807495 10 11 0.43723474233306764
-1 0.0 0 0 0.030139381618686664
-1 0.0 0 0 0.048077931596080675
6 1.1591581106185913 13 22 -0.3450339089038991
2 0.3311530351638794 14 17 -0.14664431103862755
7 0.20900000631809235 15 16 -0.27749569484263226
-1 0.0 0 0 -0.010305308808470031
-1 0.0 0 0 -0.033283792179814246
2 0.3998569846153259 18 21 -0.01416838596905419
4 0.7758975028991699 19 20 -0.05945308830086656
-1 0.0 0 0 -0.020337966926651328
-1 0.0 0 0 0.0017139298576520333
-1 0.0 0 0 0.032182201523429516
7 0.7409999966621399 23 26 -0.5646898598372421
7 0.5090000033378601 24 25 -0.4371110498096765
-1 0.0 0 0 -0.03118473200918419
-1 0.0 0 0 -0.05068441013641041
7 0.8980000019073486 27 28 -0.7484379381534192
-1 0.0 0 0 -0.07040033698885902
-1 0.0 0 0 -0.10547636153405174
nodes 29
6 1.127000331878662 1 20 0.0
1 0.3130849003791809 2 13 0.19702551556649728
7 0.27300000190734863 3 8 -0.008701260178687647
4 0.699729859828949 4 5 0.07333444406614745
-1 0.0 0 0 -0.018433776451292776
6 1.0797364711761475 6 7 0.11464249868479452
-1 0.0 0 0 0.019579313910209527
-1 0.0 0 0 0.0013728411536817644
2 0.31259971857070923 9 10 -0.14282604057525164
-1 0.0 0 0 -0.02810721848782695
4 0.7267070412635803 11 12 -0.06238302004838496
-1 0.0 0 0 -0.03062665609074208
-1 0.0 0 0 -0.0010763765064992325
2 0.41414549946784973 14 19 0.34238848246207965
6 1.0719282627105713 15 18 0.26698749176178665
4 0.8372650742530823 16 17 0.33794938309061323
-1 0.0 0 0 0.022855405953048583
-1 0.0 0 0 0.03881307241732405
-1 0.0 0 0 0.01356780015594192
-1 0.0 0 0 0.04473436303212815
7 0.7289999723434448 21 24 -0.4232537803034561
7 0.5090000033378601 22 23 -0.3156379274399414
-1 0.0 0 0 -0.021579002663296997
-1 0.0 0 0 -0.04144906973428195
7 0.9240000247955322 25 28 -0.6443531837488828
2 0.3757968544960022 26 27 -0.6232478174635326
-1 0.0 0 0 -0.06356289058096885
-1 0.0 0 0 0.0220032379133948
-1 0.0 0 0 -0.12038687275200295
nodes 29
6 1.0901503562927246 1 12 0.0
2 0.36006689071655273 2 7 0.2560989463900864
7 0.5740000009536743 3 6 0.055752816284209514
4 0.7576608061790466 4 5 0.07528911948510607
-1 0.0 0 0 -0.01005843035392011
-1 0.0 0 0 0.01320308142726408
-1 0.0 0 0 -0.046681428002808875
4 0.7832390666007996 8 9 0.3320416622842016
-1 0.0 0 0 0.011046325283858086
2 0.4232085645198822 10 11 0.3580171420581314
-1 0.0 0 0 0.03093461087447515
-1 0.0 0 0 0.04339959401152181
6 1.176249384880066 13 24 -0.2663493821348038
2 0.3224964439868927 14 17 -0.12971524227936515
7 0.36399999260902405 15 16 -0.2599664283231142
-1 0.0 0 0 -0.01597896324868923
-1 0.0 0 0 -0.03394410016806836
4 0.7468901872634888 18 19 -0.027953658773487135
-1 0.0 0 0 -0.02033501482399508
2 0.3974915146827698 20 23 0.03140499728757172
7 0.30000001192092896 21 22 -0.013875290251761032
-1 0.0 0 0 0.008308465355782139
-1 0.0 0 0 -0.009875848999805988
-1 0.0 0 0 0.03101325676007985
7 0.7960000038146973 25 28 -0.49310675123567504
7 0.5210000276565552 26 27 -0.4099406098888902
-1 0.0 0 0 -0.02791728566191244
-1 0.0 0 0 -0.04567414026852102
-1 0.0 0 0 -0.06706268600866098
nodes 29
6 1.0901503562927246 1 12 0.0
1 0.3377564251422882 2 9 0.23048905155208513
7 0.5740000009536743 3 8 0.10640048981470407
4 0.7419448494911194 4 5 0.1220622717301996
-1 0.0 0 0 -0.007312834351411387
2 0.3073822259902954 6 7 0.16356978896342153
-1 0.0 0 0 -0.001133660057413235
-1 0.0 0 0 0.0187957655297004
-1 0.0 0 0 -0.041078686937399606
8 76.5 10 11 0.33193200375172455
-1 0.0 0 0 0.03483648393788956
-1 0.0 0 0 0.015670536356095506
6 1.1876087188720703 13 24 -0.23971444405035364
2 0.3492251932621002 14 19 -0.12663965335104266
7 0.5389999747276306 15 18 -0.20122460655004776
7 0.15800000727176666 16 17 -0.1438809502142024
-1 0.0 0 0 -0.002240893012150106
-1 0.0 0 0 -0.018151000439859302
-1 0.0 0 0 -0.03282192061724006
4 0.7468901872634888 20 21 0.02385101385366236
-1 0.0 0 0 -0.01707459638060098
2 0.39661964774131775 22 23 0.08259416908924958
-1 0.0 0 0 0.0026363961779062206
-1 0.0 0 0 0.027683023466341827
7 0.7900000214576721 25 26 -0.4631796148136732
-1 0.0 0 0 -0.03825886484742894
7 0.9240000247955322 27 28 -0.6047364669863649
-1 0.0 0 0 -0.057832799866500764
-1 0.0 0 0 -0.10118186531158596
nodes 29
6 1.127000331878662 1 18 0.0
2 0.381452351808548 2 11 0.14492428422599124
1 0.24544605612754822 3 4 0.021365025971501354
-1 0.0 0 0 -0.01603480629300869
7 0.2800000011920929 5 10 0.07172476412503283
4 0.7681151032447815 6 7 0.1225274333759693
-1 0.0 0 0 -0.0015444096496773588
6 1.069566011428833 8 9 0.1645251294927105
-1 0.0 0 0 0.022419426141581014
-1 0.0 0 0 0.009890237001758442
-1 0.0 0 0 -0.00511430333924078
4 0.8196005821228027 12 15 0.27915226825895234
4 0.6966195702552795 13 14 0.1414109967277795
-1 0.0 0 0 -0.030106116164354015
-1 0.0 0 0 0.016989178957496874
6 0.9332584142684937 16 17 0.3115895259926079
-1 0.0 0 0 0.0074089675133359335
-1 0.0 0 0 0.03207391867828701
6 1.212748408317566 19 26 -0.31132897223710054
2 0.3091345429420471 20 23 -0.21515885585384392
7 0.5509999990463257 21 22 -0.30105301077113855
-1 0.0 0 0 -0.02203551435813492
-1 0.0 0 0 -0.03843831304719087
2 0.3896554410457611 24 25 -0.13793904002777327
-1 0.0 0 0 -0.015915784523096898
-1 0.0 0 0 0.019137681672582403
7 0.871999979019165 27 28 -0.4512107511322431
-1 0.0 0 0 -0.04105635048744047
-1 0.0 0 0 -0.0671484146651531
nodes 29
6 1.0887759923934937 1 14 0.0
2 0.36006689071655273 2 9 0.19144102952866018
7 0.7049999833106995 3 8 0.04221742009272867
4 0.8278455138206482 4 5 0.0503720504128477
-1 0.0 0 0 -0.004111009673170881
8 43.5 6 7 0.11799391399134561
-1 0.0 0 0 -0.004000461565706395
-1 0.0 0 0 0.017211238365066037
-1 0.0 0 0 -0.0802288641443906
4 0.8372650742530823 10 11 0.2468556433157495
-1 0.0 0 0 0.014508268885931187
6 0.9215871095657349 12 13 0.2828321795013561
-1 0.0 0 0 0.0018670824439044765
-1 0.0 0 0 0.029110264712543257
7 0.5569999814033508 15 22 -0.19295555186745875
2 0.3117337226867676 16 17 -0.07800103939989661
-1 0.0 0 0 -0.018743866530233435
4 0.7468901872634888 18 19 -0.014251380612405575
-1 0.0 0 0 -0.015216531654974306
2 0.4099505841732025 20 21 0.040583294858823726
-1 0.0 0 0 0.0017339716085228445
-1 0.0 0 0 0.03053491955414472
6 1.2032853364944458 23 26 -0.3453906795111477
2 0.36791354417800903 24 25 -0.23948434158063023
-1 0.0 0 0 -0.02689505801354788
-1 0.0 0 0 0.001737003930481132
7 0.9089999794960022 27 28 -0.4305333433019471
-1 0.0 0 0 -0.04102086840026897
-1 0.0 0 0 -0.07411186719627537
nodes 29
7 0.35499998927116394 1 16 0.0
1 0.3094746172428131 2 9 0.13341952354817233
2 0.39270904660224915 3 8 0.00041028335487068097
4 0.6931215524673462 4 5 -0.018506407640562605
-1 0.0 0 0 -0.015253439423897012
6 1.0816025733947754 6 7 0.009936830672925803
-1 0.0 0 0 0.00835729821980452
-1 0.0 0 0 -0.004199568571953144
-1 0.0 0 0 0.02585866292432857
2 0.4221988320350647 10 15 0.21870382932182722
4 0.7267070412635803 11 12 0.17976116156748495
-1 0.0 0 0 -0.0055593814942611584
6 1.069566011428833 13 14 0.19342303100583536
-1 0.0 0 0 0.02249491938139639
-1 0.0 0 0 0.01301427106959534
-1 0.0 0 0 0.029528667424748273
1 0.24211859703063965 17 22 -0.22889723577015833
7 0.746999979019165 18 19 -0.3210572220921076
-1 0.0 0 0 -0.025381683730278146
7 0.9240000247955322 20 21 -0.4287280126874757
-1 0.0 0 0 -0.041172469697100804
-1 0.0 0 0 -0.07958719933320627
2 0.3896554410457611 23 28 -0.09333801546797425
6 1.1418253183364868 24 27 -0.12711530637673069
4 0.7094415426254272 25 26 -0.07156750914941908
-1 0.0 0 0 -0.027704112578652774
-1 0.0 0 0 -0.004261287500918462
-1 0.0 0 0 -0.020982557604521748
-1 0.0 0 0 0.01095480534790272
nodes 29
7 0.35499998927116394 1 18 0.0
1 0.3094746172428131 2 13 0.12007757117468942
2 0.41414549946784973 3 12 0.0003692550258733856
4 0.6671305894851685 4 5 -0.010377769434392064
-1 0.0 0 0 -0.016221911073677483
6 1.0842121839523315 6 11 0.011939032233939216
4 0.8486696481704712 7 8 0.07213646750905339
-1 0.0 0 0 6.291764571011025e-05
8 44.5 9 10 0.14315690040916262
-1 0.0 0 0 -0.001818936183879607
-1 0.0 0 0 0.0201107177364618
-1 0.0 0 0 -0.0036869135816715937
-1 0.0 0 0 0.03768602710448369
8 72.5 14 17 0.1968334463548494
2 0.4232085645198822 15 16 0.21930646644682483
-1 0.0 0 0 0.0188216926470553
-1 0.0 0 0 0.027713406402772308
-1 0.0 0 0 0.00844122772342094
2 0.2988331615924835 19 22 -0.2060075121863851
7 0.7229999899864197 20 21 -0.3140928311568732
-1 0.0 0 0 -0.024413580551868982
-1 0.0 0 0 -0.039441544047193376
6 1.1418253183364868 23 28 -0.10689132218872005
4 0.7795849442481995 24 25 -0.03536390675177454
-1 0.0 0 0 -0.01815398447999781
2 0.3974915146827698 26 27 0.016744081280330395
-1 0.0 0 0 -0.0017899725257868255
-1 0.0 0 0 0.016834311777685296
-1 0.0 0 0 -0.019735048104183427
nodes 29
1 0.268935889005661 1 12 0.0
7 0.5680000185966492 2 7 -0.1740291731177087
7 0.18400000035762787 3 4 -0.0796489468891604
-1 0.0 0 0 0.0014434989649130586
2 0.37363141775131226 5 6 -0.1252054475998897
-1 0.0 0 0 -0.014035035741781538
-1 0.0 0 0 0.009062942386419756
7 0.8790000081062317 8 11 -0.2840125613070639
2 0.2935008406639099 9 10 -0.2629815349129255
-1 0.0 0 0 -0.02986597712366053
-1 0.0 0 0 -0.019836057977713907
-1 0.0 0 0 -0.04643844123514531
6 1.0785142183303833 13 20 0.11601944885538708
4 0.7832390666007996 14 15 0.17647573514335146
-1 0.0 0 0 0.004259117896061769
6 0.9215871095657349 16 17 0.19509704386104326
-1 0.0 0 0 -0.0012155191238539724
2 0.4269625246524811 18 19 0.2020778825824621
-1 0.0 0 0 0.017622064460426433
-1 0.0 0 0 0.02577804130136857
7 0.26499998569488525 21 26 0.0030663663089570098
8 79.5 22 25 0.07016404655630494
2 0.39423733949661255 23 24 0.08859642253918851
-1 0.0 0 0 0.005506899786395843
-1 0.0 0 0 0.02013662205135508
-1 0.0 0 0 -0.011862143845568225
4 0.744481086730957 27 28 -0.06157513829577165
-1 0.0 0 0 -0.018443260825123674
-1 0.0 0 0 -0.002333433318594135
nodes 29
7 0.3930000066757202 1 20 0.0
2 0.36006689071655273 2 9 0.09168284624425546
1 0.23393614590168 3 4 -0.011084786658232208
-1 0.0 0 0 -0.011292126261554784
4 0.8278455138206482 5 6 0.022177345704230595
-1 0.0 0 0 -0.0037014500334317554
8 41.5 7 8 0.07096652531049641
-1 0.0 0 0 -0.004084078704779417
-1 0.0 0 0 0.010565000713741859
4 0.73960942029953 10 13 0.15596428796681366
4 0.6671305894851685 11 12 -0.05962548730074934
-1 0.0 0 0 -0.029883886970037937
-1 0.0 0 0 -0.00018843260318731313
2 0.4213363826274872 14 19 0.17016710700043958
6 1.069566011428833 15 18 0.13953442637533278
6 0.9332584142684937 16 17 0.1689498748710748
-1 0.0 0 0 -0.005078977546139701
-1 0.0 0 0 0.01813426488738651
-1 0.0 0 0 0.008558384305324357
-1 0.0 0 0 0.022377319699155032
1 0.21497726440429688 21 24 -0.18017140514800603
7 0.8090000152587891 22 23 -0.2648413300671951
-1 0.0 0 0 -0.022603848747224042
-1 0.0 0 0 -0.03562136870434398
2 0.3694188594818115 25 28 -0.10227411014691888
7 0.6990000009536743 26 27 -0.13131668516778483
-1 0.0 0 0 -0.010096677156165504
-1 0.0 0 0 -0.022782497979095546
-1 0.0 0 0 0.0025695574063212463
nodes 29
6 1.1323636770248413 1 20 0.0
2 0.39270904660224915 2 15 0.07582627044475318
4 0.699729859828949 3 4 0.016708064231611586
-1 0.0 0 0 -0.015151788579272707
2 0.294642835855484 5 8 0.037316173733398565
1 0.19874975085258484 6 7 -0.10267133625191181
-1 0.0 0 0 -0.02413904152687415
-1 0.0 0 0 -0.005136052946587277
7 0.20000000298023224 9 14 0.05778560831114828
4 0.8510450720787048 10 11 0.09748379805687843
-1 0.0 0 0 0.005263650428869424
8 43.5 12 13 0.13313608725420775
-1 0.0 0 0 0.0018161564509671148
-1 0.0 0 0 0.016207285562148177
-1 0.0 0 0 0.0004394330464569299
4 0.6931215524673462 16 17 0.16793321988877583
-1 0.0 0 0 -0.02988669661015434
6 0.9332584142684937 18 19 0.17108426670887336
-1 0.0 0 0 -0.002167489898309346
-1 0.0 0 0 0.017886055151236976
7 0.753000020980835 21 24 -0.17859868829135142
7 0.19200000166893005 22 23 -0.1366713434011425
-1 0.0 0 0 0.0014000468924981156
-1 0.0 0 0 -0.015188911718684254
7 0.9240000247955322 25 28 -0.2774986464286299
2 0.3829681873321533 26 27 -0.26393095532821564
-1 0.0 0 0 -0.02690123734021902
-1 0.0 0 0 0.04627118292501417
-1 0.0 0 0 -0.05832575418904859
nodes 29
2 0.34850990772247314 1 10 0.0
7 0.5860000252723694 2 7 -0.11043856865779793
1 0.24211859703063965 3 4 -0.04639886584827118
-1 0.0 0 0 -0.010849480617476231
6 1.0822395086288452 5 6 -0.004243820618729175
-1 0.0 0 0 0.00576302225315823
-1 0.0 0 0 -0.004153830083599042
7 0.8889999985694885 8 9 -0.21585384849408712
-1 0.0 0 0 -0.020149408185100227
-1 0.0 0 0 -0.03738970969065252
4 0.8029528856277466 11 20 0.10130805429476614
7 0.19200000166893005 12 17 -0.0011784810135071705
6 0.9072489738464355 13 14 0.06915503589654663
-1 0.0 0 0 -0.027872180043391273
4 0.6898799538612366 15 16 0.08088504161741406
-1 0.0 0 0 -0.009189976843436675
-1 0.0 0 0 0.010251481164405744
2 0.41849568486213684 18 19 -0.08252284010065888
-1 0.0 0 0 -0.009768436720692927
-1 0.0 0 0 0.020373338363403323
6 1.069566011428833 21 24 0.13138327618556786
6 0.9215871095657349 22 23 0.1586082499589368
-1 0.0 0 0 -0.0032975141065572167
-1 0.0 0 0 0.016631799089775846
2 0.41414549946784973 25 26 0.07532226122791827
-1 0.0 0 0 0.004943709638269895
6 1.1108274459838867 27 28 0.1858049452335526
-1 0.0 0 0 0.01617081263216707
-1 0.0 0 0 0.056907461900767446
nodes 29
7 0.32100000977516174 1 14 0.0
1 0.3013696074485779 2 9 0.07862372995093107
2 0.42033088207244873 3 8 -0.002574461804863035
4 0.8196005821228027 4 5 -0.010407929652252408
-1 0.0 0 0 -0.005076880137137505
8 47.5 6 7 0.025387563539556977
-1 0.0 0 0 -0.0029240314115114817
-1 0.0 0 0 0.007885051381642581
-1 0.0 0 0 0.03629381039799279
8 77.5 10 13 0.11977984269519572
6 1.069566011428833 11 12 0.13244800607258933
-1 0.0 0 0 0.015029342860902368
-1 0.0 0 0 0.008688122918696401
-1 0.0 0 0 0.0008626724951406227
2 0.3091345429420471 15 20 -0.11831470152978667
7 0.7229999899864197 16 17 -0.18261422644571754
-1 0.0 0 0 -0.014037358781035809
7 0.9240000247955322 18 19 -0.23994558148324374
-1 0.0 0 0 -0.022860682236725573
-1 0.0 0 0 -0.05104195770252956
4 0.7064749002456665 21 22 -0.0479750817263895
-1 0.0 0 0 -0.01683755764850803
2 0.41162559390068054 23 26 -0.020351599629960433
7 0.5979999899864197 24 25 -0.03633703072131127
-1 0.0 0 0 -0.0008400362493514815
-1 0.0 0 0 -0.009402585594024066
6 1.1227973699569702 27 28 0.1399802277172867
-1 0.0 0 0 0.010643001084372303
-1 0.0 0 0 0.06747626002922834
nodes 29
7 0.30000001192092896 1 18 0.0
1 0.3013696074485779 2 11 0.07368839779593488
2 0.42033088207244873 3 10 0.0019816164594841554
2 0.249474436044693 4 5 -0.005228831119301423
-1 0.0 0 0 -0.013412507122344966
4 0.8486696481704712 6 7 0.004689690754857202
-1 0.0 0 0 -0.003117928749291722
8 50.5 8 9 0.051348833410589205
-1 0.0 0 0 0.001215095803642779
-1 0.0 0 0 0.011832007776845293
-1 0.0 0 0 0.032685137267185214
8 69.5 12 17 0.10880862411008982
2 0.48455941677093506 13 16 0.12773578089529147
2 0.38738423585891724 14 15 0.13072860191630736
-1 0.0 0 0 0.009322993289178232
-1 0.0 0 0 0.01504333534126722
-1 0.0 0 0 -0.013942758235726252
-1 0.0 0 0 0.004616611039438492
2 0.2935008406639099 19 22 -0.10233433790573064
7 0.8420000076293945 20 21 -0.17640129722490935
-1 0.0 0 0 -0.015625197761079974
-1 0.0 0 0 -0.02684921104065667
4 0.7700183391571045 23 24 -0.050044676418080296
-1 0.0 0 0 -0.012523349411664983
6 1.1418253183364868 25 28 -0.011621523826920901
2 0.4341330826282501 26 27 0.027165974359543623
-1 0.0 0 0 0.0016293807981744013
-1 0.0 0 0 0.02123429530680565
-1 0.0 0 0 -0.009776638790705373
nodes 29
6 1.0860904455184937 1 16 0.0
4 0.8410433530807495 2 9 0.08106755548666207
7 0.5740000009536743 3 8 0.02072881957994948
4 0.6671305894851685 4 5 0.027412122562836046
-1 0.0 0 0 -0.012389445660244068
8 50.5 6 7 0.04038670942694553
-1 0.0 0 0 -0.017841578788485454
-1 0.0 0 0 0.004718279970750563
-1 0.0 0 0 -0.04219114779789224
8 43.5 10 13 0.1099236168097531
7 0.6039999723434448 11 12 0.009987227367858868
-1 0.0 0 0 0.003030413381595103
-1 0.0 0 0 -0.03475174403555207
6 0.8444223403930664 14 15 0.12433929064242677
-1 0.0 0 0 -0.024294196525145147
-1 0.0 0 0 0.01270418753068409
6 1.2032853364944458 17 26 -0.07673738771538594
2 0.3142848312854767 18 19 -0.04194398854154561
-1 0.0 0 0 -0.009614100105396534
4 0.6671305894851685 20 21 -0.0072795583486490395
-1 0.0 0 0 -0.013721038976453832
2 0.4213363826274872 22 25 0.006558217561092856
7 0.20000000298023224 23 24 -0.0011183131908045574
-1 0.0 0 0 0.0052689816742864755
-1 0.0 0 0 -0.0024256703337149385
-1 0.0 0 0 0.021047572572223356
7 0.9089999794960022 27 28 -0.16855775225611136
-1 0.0 0 0 -0.01588338615903959
-1 0.0 0 0 -0.034713587054499874
nodes 29
7 0.44600000977516174 1 20 0.0
6 1.0779234170913696 2 13 0.04666733689201992
4 0.8778124451637268 3 8 0.08591946625576212
6 0.980344295501709 4 5 0.04939287738239607
-1 0.0 0 0 -0.004913907437621046
2 0.3470698595046997 6 7 0.06439350471751207
-1 0.0 0 0 -0.0006925497628775004
-1 0.0 0 0 0.008305676524892136
8 44.5 9 10 0.11819474193484092
-1 0.0 0 0 0.004702201693116051
2 0.48455941677093506 11 12 0.13110954277078357
-1 0.0 0 0 0.01349668083706526
-1 0.0 0 0 -0.011281658659236138
7 0.14100000262260437 14 15 -0.011895948341516506
-1 0.0 0 0 0.004572930613163041
4 0.7997978925704956 16 17 -0.036500743942253826
-1 0.0 0 0 -0.008514898519930031
2 0.41414549946784973 18 19 -0.003066512493714437
-1 0.0 0 0 -0.001542845667386778
-1 0.0 0 0 0.017047738768062332
1 0.20943599939346313 21 24 -0.1099292099003283
7 0.9240000247955322 22 23 -0.15904369123352272
-1 0.0 0 0 -0.01529951398590583
-1 0.0 0 0 -0.0395105210153593
6 1.2032853364944458 25 28 -0.0639452143177585
4 0.7033377289772034 26 27 -0.04292463701040648
-1 0.0 0 0 -0.013359329932552186
-1 0.0 0 0 -0.0026210576724906456
-1 0.0 0 0 -0.01404021017098506
nodes 29
2 0.3391975164413452 1 12 0.0
7 0.6169999837875366 2 9 -0.07523830242392247
7 0.14100000262260437 3 4 -0.03595427230208832
-1 0.0 0 0 0.0024395924578916976
4 0.7661766409873962 5 6 -0.0565778876317962
-1 0.0 0 0 -0.009700084571044605
2 0.2427547574043274 7 8 -0.03249276976392959
-1 0.0 0 0 -0.012914329635372588
-1 0.0 0 0 -0.0015028981843878031
6 1.0636231899261475 10 11 -0.14186629700015976
-1 0.0 0 0 -0.05638270799976748
-1 0.0 0 0 -0.013889134483344709
4 0.6931215524673462 13 16 0.05617313153054158
0 0.5420362949371338 14 15 -0.11222737506892415
-1 0.0 0 0 -0.007167720180974878
-1 0.0 0 0 -0.02736468913878482
2 0.39270904660224915 17 22 0.06497539289368955
6 1.0654722452163696 18 21 0.03088272280735681
6 0.9676146507263184 19 20 0.07123238663643904
-1 0.0 0 0 -0.00808496610867669
-1 0.0 0 0 0.009115162263878457
-1 0.0 0 0 0.000515768501008545
6 0.8444223403930664 23 24 0.0980484183464025
-1 0.0 0 0 -0.02640476457509898
2 0.43640458583831787 25 26 0.10064981598424161
-1 0.0 0 0 0.008359011097430405
2 0.48455941677093506 27 28 0.13832208372234406
-1 0.0 0 0 0.01493255823238627
-1 0.0 0 0 -0.009182032164326535
nodes 29
2 0.3142848312854767 1 10 0.0
1 0.19874975085258484 2 5 -0.08983530017577016
7 0.9089999794960022 3 4 -0.13546847913770496
-1 0.0 0 0 -0.012761962127630259
-1 0.0 0 0 -0.028397295309629058
6 1.14875328540802 6 9 -0.05150643276227569
4 0.7661766409873962 7 8 -0.023229647441297543
-1 0.0 0 0 -0.008977693077748863
-1 0.0 0 0 0.0001452829685383407
-1 0.0 0 0 -0.009194131470334868
7 0.2770000100135803 11 22 0.03886303674467033
8 72.5 12 17 0.06422971267723793
2 0.38738423585891724 13 14 0.07874728984676187
-1 0.0 0 0 0.005142824009133866
6 0.8444223403930664 15 16 0.10015982069213797
-1 0.0 0 0 -0.019662575757799814
-1 0.0 0 0 0.010229731946677954
6 0.980344295501709 18 19 0.0056976033665106255
-1 0.0 0 0 -0.011432316636858796
6 1.0593384504318237 20 21 0.023847224388315057
-1 0.0 0 0 0.006997899681409588
-1 0.0 0 0 -0.0030242397554786343
4 0.7033377289772034 23 24 -0.020394168039690755
-1 0.0 0 0 -0.011456125182015123
2 0.41162559390068054 25 26 -0.001879560122658666
-1 0.0 0 0 -0.0015267772677187506
6 1.1227973699569702 27 28 0.10161005294861943
-1 0.0 0 0 0.007954463440978674
-1 0.0 0 0 0.05599471706411113
nodes 29
7 0.4740000069141388 1 22 0.0
6 1.0779234170913696 2 13 0.03326103971955894
6 0.9423370361328125 3 4 0.06444971597915673
-1 0.0 0 0 -0.005661196314957992
4 0.8821378946304321 5 10 0.0715749099807555
8 51.5 6 7 0.04358390205919931
-1 0.0 0 0 -0.007144900048877545
4 0.7468901872634888 8 9 0.05072049889430856
-1 0.0 0 0 -0.0013470534539138659
-1 0.0 0 0 0.006534162260796306
8 43.5 11 12 0.09813191598539453
-1 0.0 0 0 0.0026773390664353823
-1 0.0 0 0 0.010936874989258393
8 79.5 14 21 -0.010933880392287272
7 0.14300000667572021 15 16 0.00026234010052252706
-1 0.0 0 0 0.004705797722031123
2 0.41583147644996643 17 18 -0.018815499664317666
-1 0.0 0 0 -0.00261534870645839
6 1.1108274459838867 19 20 0.13137532094795737
-1 0.0 0 0 0.007736121981062887
-1 0.0 0 0 0.045718837900832296
-1 0.0 0 0 -0.010075725851083354
1 0.20943599939346313 23 24 -0.08640881617572263
-1 0.0 0 0 -0.012169935035629242
6 1.212748408317566 25 28 -0.05092475572358033
6 1.105071783065796 26 27 -0.03494756393818068
-1 0.0 0 0 -0.010502662260128005
-1 0.0 0 0 -0.0013731950456438524
-1 0.0 0 0 -0.011477016702176173
nodes 29
2 0.3142848312854767 1 10 0.0
7 0.6629999876022339 2 5 -0.07446952104174269
1 0.20181401073932648 3 4 -0.04658295866016915
-1 0.0 0 0 -0.008704325712170027
-1 0.0 0 0 -0.0026956888375770974
6 1.0731245279312134 6 7 -0.11858112249706863
-1 0.0 0 0 -0.06749259119146857
7 0.9240000247955322 8 9 -0.11580848133997791
-1 0.0 0 0 -0.010977862537409186
-1 0.0 0 0 -0.030579947378465585
4 0.7419448494911194 11 16 0.03221575201426356
4 0.6581808924674988 12 13 -0.04713604526919605
-1 0.0 0 0 -0.010590937410803103
1 0.341576486825943 14 15 -0.02058422994806123
-1 0.0 0 0 -0.0006242726952890421
-1 0.0 0 0 -0.01463248724057208
2 0.38441747426986694 17 24 0.045590053429679506
8 45.5 18 21 0.017875267065625897
6 1.0137033462524414 19 20 -0.02671407262723644
-1 0.0 0 0 -0.02233098200193092
-1 0.0 0 0 -0.0017763723087721836
4 0.8756563067436218 22 23 0.03660851949630218
-1 0.0 0 0 0.0011467518247111502
-1 0.0 0 0 0.008156185360465954
6 0.9332584142684937 25 26 0.07166158166785924
-1 0.0 0 0 -0.0049503614074205395
2 0.43640458583831787 27 28 0.07633876428119848
-1 0.0 0 0 0.006362643177262595
-1 0.0 0 0 0.010943658330765218
nodes 29
7 0.2800000011920929 1 8 0.0
2 0.34850990772247314 2 3 0.039485806469043226
-1 0.0 0 0 -0.0001278567195632822
6 0.8444223403930664 4 5 0.05484987738775616
-1 0.0 0 0 -0.023102551357573775
8 77.5 6 7 0.057198975964591545
-1 0.0 0 0 0.0065481806785634995
-1 0.0 0 0 -0.0007395199673994494
2 0.2935008406639099 9 12 -0.05043450346612094
7 0.8220000267028809 10 11 -0.0907321657788483
-1 0.0 0 0 -0.0076012628152796234
-1 0.0 0 0 -0.014158485842630561
4 0.7832390666007996 13 14 -0.023397654839864893
-1 0.0 0 0 -0.006477057308930227
6 1.1418253183364868 15 26 0.0003750405473193213
6 1.1091890335083008 16 21 0.022781107412510507
7 0.7049999833106995 17 18 0.00011164973162108296
-1 0.0 0 0 0.0013591401516376573
5 1.1257283687591553 19 20 -0.42407597237684597
-1 0.0 0 0 0.026160019139448806
-1 0.0 0 0 -0.051590760145336395
7 0.7770000100135803 22 23 0.07400166015067354
-1 0.0 0 0 0.00612719130013829
2 0.3533935248851776 24 25 0.35349566831528767
-1 0.0 0 0 0.016095377661679924
-1 0.0 0 0 0.08412684606181252
0 0.44056522846221924 27 28 -0.055240435666988955
-1 0.0 0 0 -0.006513040774781398
-1 0.0 0 0 0.01953236372158914
nodes 29
1 0.24211859703063965 1 8 0.0
2 0.37363141775131226 2 7 -0.06209597035137426
7 0.8220000267028809 3 4 -0.06887268616389555
-1 0.0 0 0 -0.005699023840476705
6 1.1108274459838867 5 6 -0.12966416053546284
-1 0.0 0 0 -0.07517767434076567
-1 0.0 0 0 -0.01241120020901516
-1 0.0 0 0 0.00698451971303247
6 1.0690207481384277 9 18 0.026364868410570824
6 0.9676146507263184 10 11 0.056149290773155135
-1 0.0 0 0 -0.001744127556495943
7 0.5740000009536743 12 15 0.06455384859675548
2 0.48455941677093506 13 14 0.06679266718979
-1 0.0 0 0 0.006877257604784465
-1 0.0 0 0 -0.01135401942653495
4 0.7950323820114136 16 17 -0.202050729421897
-1 0.0 0 0 -0.06896626161496071
-1 0.0 0 0 -0.010540693205244098
8 68.5 19 28 -0.004266455402767204
2 0.4082120954990387 20 23 0.010106067350300365
6 1.1458972692489624 21 22 0.0005066429075379944
-1 0.0 0 0 0.0013117387863352033
-1 0.0 0 0 -0.004711123448128092
6 1.1227973699569702 24 27 0.08669162229283486
1 0.3484649658203125 25 26 0.07123905608130254
-1 0.0 0 0 0.021614047546893653
-1 0.0 0 0 0.004336659924098093
-1 0.0 0 0 0.04273451871966902
-1 0.0 0 0 -0.006006542282925047
nodes 29
7 0.2800000011920929 1 12 0.0
2 0.39506009221076965 2 9 0.03263472059899211
4 0.8510450720787048 3 4 0.014581671991787205
-1 0.0 0 0 -0.0007974835281094089
8 44.5 5 8 0.0371836116828817
6 1.0013240575790405 6 7 -0.014263582409461613
-1 0.0 0 0 -0.019699071852161694
-1 0.0 0 0 -7.556326372166409e-05
-1 0.0 0 0 0.006004751941624172
6 0.8444223403930664 10 11 0.05806341675413997
-1 0.0 0 0 -0.020530094578862193
-1 0.0 0 0 0.006022989849995652
7 0.746999979019165 13 22 -0.04168373604718616
4 0.7033377289772034 14 17 -0.02691184084166217
6 1.052215337753296 15 16 -0.07283942413758064
-1 0.0 0 0 -0.04114938348645367
-1 0.0 0 0 -0.006833033041118825
8 41.5 18 19 -0.012893226704241067
-1 0.0 0 0 -0.004967953782920132
4 0.8800040483474731 20 21 0.005283686988254417
-1 0.0 0 0 -0.0019418893735083848
-1 0.0 0 0 0.005700035404640151
6 1.1091890335083008 23 26 -0.09350289538072072
5 1.1370360851287842 24 25 -0.4890067917703275
-1 0.0 0 0 0.03299906723201275
-1 0.0 0 0 -0.05898685484317136
1 0.3067834973335266 27 28 -0.08402377329758919
-1 0.0 0 0 -0.008955327150817925
-1 0.0 0 0 0.055985557389112164
nodes 29
2 0.3091345429420471 1 6 0.0
1 0.18612165749073029 2 5 -0.05438510028623637
6 1.1011730432510376 3 4 -0.08546049066736093
-1 0.0 0 0 -0.025437382562260486
-1 0.0 0 0 -0.007806548481528454
-1 0.0 0 0 -0.0033679331494887417
6 1.0690207481384277 7 16 0.020986456233991885
6 0.9423370361328125 8 9 0.0448969470738968
-1 0.0 0 0 -0.004758777795136713
7 0.7289999723434448 10 15 0.051084441182506574
4 0.6623823642730713 11 14 0.05185459789458004
0 0.5299081802368164 12 13 -0.13231963197692326
-1 0.0 0 0 -0.004688075843651584
-1 0.0 0 0 -0.042046642117202285
-1 0.0 0 0 0.005433622044813565
-1 0.0 0 0 -0.05948074853979051
8 82.5 17 26 -0.002601480287394358
2 0.4213363826274872 18 21 0.0034184687388560645
7 0.19699999690055847 19 20 -0.0024094521630036846
-1 0.0 0 0 0.002530051108776271
-1 0.0 0 0 -0.001589231050961548
5 1.3458805084228516 22 25 0.08887323546144235
6 1.118859052658081 23 24 0.051718309754692514
-1 0.0 0 0 0.003976209982005215
-1 0.0 0 0 0.06785653163279806
-1 0.0 0 0 0.031445671296670925
1 0.35753321647644043 27 28 -0.09556867860405661
-1 0.0 0 0 -0.007780420751641666
-1 0.0 0 0 -0.04823579872339081
nodes 29
7 0.4860000014305115 1 14 0.0
6 1.069566011428833 2 7 0.018708679499924424
6 0.9837455749511719 3 6 0.04064069050462868
8 72.5 4 5 -0.015740217796315348
-1 0.0 0 0 0.0012667741371857003
-1 0.0 0 0 -0.009424665464763195
-1 0.0 0 0 0.005038994471594922
8 68.5 8 13 -0.004142380192400035
2 0.4023624062538147 9 10 0.00800529394933442
-1 0.0 0 0 -0.00011094045080150663
1 0.3608093857765198 11 12 0.07008759126209754
-1 0.0 0 0 0.014817317355095116
-1 0.0 0 0 0.003411594854242063
-1 0.0 0 0 -0.00432100681474604
6 1.0515323877334595 15 18 -0.05056733152224944
7 0.7049999833106995 16 17 -0.23740135266787696
-1 0.0 0 0 -0.015747472907040146
-1 0.0 0 0 -0.07486301337913523
6 1.2230262756347656 19 28 -0.047815436418578966
2 0.37363141775131226 20 21 -0.02862202445120273
-1 0.0 0 0 -0.0036928037385300402
6 1.1100233793258667 22 23 0.04430631202279414
-1 0.0 0 0 -0.009404570264722849
8 66.5 24 27 0.1607302422696319
1 0.3406345546245575 25 26 0.22658742157901998
-1 0.0 0 0 0.016795766074875637
-1 0.0 0 0 0.054086406747097374
-1 0.0 0 0 -0.011117132844632133
-1 0.0 0 0 -0.007583650509634102
nodes 29
2 0.3091345429420471 1 8 0.0
1 0.19874975085258484 2 7 -0.04519422728693986
6 1.10193932056427 3 4 -0.06736410068570166
-1 0.0 0 0 -0.02013444506829712
7 0.9240000247955322 5 6 -0.059858758955024946
-1 0.0 0 0 -0.005520208403119854
-1 0.0 0 0 -0.02265031199573911
-1 0.0 0 0 -0.002450511610505016
4 0.8800040483474731 9 18 0.017439825661499358
7 0.19699999690055847 10 17 -0.0021146166739309112
6 0.9072489738464355 11 14 0.021163452541482605
5 1.3285390138626099 12 13 -0.1089883234060086
-1 0.0 0 0 -0.00030343698030470777
-1 0.0 0 0 -0.032955592874294296
8 44.5 15 16 0.02518675927288412
-1 0.0 0 0 -0.01563750765770249
-1 0.0 0 0 0.0027915208223196035
-1 0.0 0 0 -0.0029163335792150987
8 40.5 19 26 0.04145805768698893
3 0.589523196220398 20 23 -0.015371582722141836
6 1.1828163862228394 21 22 0.10970162701039764
-1 0.0 0 0 0.01962604926168164
-1 0.0 0 0 -0.010135239715340123
1 0.3221838176250458 24 25 -0.028776581340772676
-1 0.0 0 0 -0.005848633318657006
-1 0.0 0 0 0.0040362309798454895
2 0.48455941677093506 27 28 0.0537382796681418
-1 0.0 0 0 0.0056055487488433295
-1 0.0 0 0 -0.013858996941605202
nodes 29
1 0.24211859703063965 1 6 0.0
2 0.42033088207244873 2 5 -0.03920994834011266
7 0.8889999985694885 3 4 -0.041209432052887685
-1 0.0 0 0 -0.003671515646093171
-1 0.0 0 0 -0.012659763162735397
-1 0.0 0 0 0.024948623904734055
6 1.0690207481384277 7 14 0.01664786173694613
7 0.032999999821186066 8 9 0.035489032176266436
-1 0.0 0 0 0.0008144826449156767
7 0.5740000009536743 10 11 0.04829252784469444
-1 0.0 0 0 0.005054370112649868
6 1.0567505359649658 12 13 -0.1546008114710002
-1 0.0 0 0 -0.02954088827648333
-1 0.0 0 0 0.01161839410171404
8 68.5 15 28 -0.002729045618293133
6 1.1406861543655396 16 27 0.008232520332747476
6 1.105071783065796 17 22 0.018090765956194407
7 0.5979999899864197 18 19 0.001128554346287003
-1 0.0 0 0 0.0007475933996944075
8 33.5 20 21 -0.1819075192276921
-1 0.0 0 0 -0.07453288161096737
-1 0.0 0 0 -0.012032426119640574
2 0.3896554410457611 23 24 0.0506252936694292
-1 0.0 0 0 0.0035194616352415883
7 0.6629999876022339 25 26 0.17550788313212037
-1 0.0 0 0 0.014173802117909508
-1 0.0 0 0 0.06928621682524681
-1 0.0 0 0 -0.0028155262524203247
-1 0.0 0 0 -0.00452855314874714
nodes 29
7 0.22200000286102295 1 16 0.0
2 0.42998450994491577 2 13 0.023854801511160813
0 0.5266554355621338 3 8 0.015823414934773742
7 0.01600000075995922 4 7 0.018245885433606446
8 44.5 5 6 -0.022634610639903355
-1 0.0 0 0 -0.015362662563453096
-1 0.0 0 0 -0.000949714467646943
-1 0.0 0 0 0.0025102178559209937
1 0.3321366012096405 9 12 -0.11543711465624669
4 0.6898799538612366 10 11 -0.027644322059612963
-1 0.0 0 0 -0.010125281581164297
-1 0.0 0 0 0.029674659808014717
-1 0.0 0 0 -0.02718495612364562
2 0.4670308232307434 14 15 0.05792250630696512
-1 0.0 0 0 0.007155048452238234
-1 0.0 0 0 -0.0021251429136316734
1 0.18612165749073029 17 18 -0.023390849117647952
-1 0.0 0 0 -0.005896081534610891
4 0.7267070412635803 19 22 -0.011790484809752809
1 0.32397177815437317 20 21 -0.051096739260117194
-1 0.0 0 0 -0.004381187695143673
-1 0.0 0 0 -0.020538784643849797
8 40.5 23 24 -0.0004641875145688095
-1 0.0 0 0 -0.003296996796605235
4 0.8800040483474731 25 28 0.013381506021042351
3 0.4474358856678009 26 27 -0.007375691446449065
-1 0.0 0 0 0.01244436856847358
-1 0.0 0 0 -0.001249062212989291
-1 0.0 0 0 0.004669005234673541
nodes 29
2 0.3073822259902954 1 6 0.0
0 0.21476057171821594 2 5 -0.03517178377250767
6 1.099649429321289 3 4 -0.08328493128704939
-1 0.0 0 0 -0.03368079528957606
-1 0.0 0 0 -0.007370790568986327
-1 0.0 0 0 -0.002817832139938867
4 0.8800040483474731 7 18 0.013047713930749156
7 0.19699999690055847 8 15 -0.0031537139239614918
6 0.9837455749511719 9 12 0.015024306575988309
3 0.456861287355423 10 11 -0.04022893296278634
-1 0.0 0 0 -0.02721969307167456
-1 0.0 0 0 -0.0025453901258712507
8 44.5 13 14 0.02285482827152272
-1 0.0 0 0 -0.014129608890901868
-1 0.0 0 0 0.0025517978493661622
5 2.0925562381744385 16 17 -0.024024164043003542
-1 0.0 0 0 -0.0017986613894716277
-1 0.0 0 0 -0.00991321534862847
8 40.5 19 26 0.033022994248157814
3 0.589523196220398 20 23 -0.011332982248672475
6 1.1431140899658203 21 22 0.10196577543396805
-1 0.0 0 0 0.023817361164151746
-1 0.0 0 0 -0.0015788095868042402
1 0.34359604120254517 24 25 -0.023605598804250855
-1 0.0 0 0 -0.004249661665726384
-1 0.0 0 0 0.0054615590725854936
2 0.48455941677093506 27 28 0.04282866279638802
-1 0.0 0 0 0.004486398176855077
-1 0.0 0 0 -0.012689896190115941
nodes 29
7 0.49799999594688416 1 10 0.0
2 0.4269625246524811 2 5 0.011598396656658634
0 0.5266554355621338 3 4 0.004506827124038078
-1 0.0 0 0 0.0006950252593611905
-1 0.0 0 0 -0.010354409448289937
1 0.32575055956840515 6 7 0.0480700004506006
-1 0.0 0 0 0.022172541698476055
6 1.105071783065796 8 9 0.04088830861023349
-1 0.0 0 0 0.0038186395476568972
-1 0.0 0 0 0.04229254829294888
6 1.1043202877044678 11 20 -0.032641587308047774
7 0.7049999833106995 12 15 -0.09490133687631638
4 0.7267070412635803 13 14 -0.057996077610007205
-1 0.0 0 0 -0.0323262682704048
-1 0.0 0 0 -0.0026780080671639428
5 1.1615952253341675 16 17 -0.33245115329831254
-1 0.0 0 0 0.010428392805788719
5 1.4616299867630005 18 19 -0.4512564819431025
-1 0.0 0 0 -0.06468719293156432
-1 0.0 0 0 -0.01741345981653366
2 0.37221404910087585 21 22 -0.02616864972660701
-1 0.0 0 0 -0.0033207838723652767
7 0.8149999976158142 23 26 0.12569583076479077
5 1.1044420003890991 24 25 0.09858024376585343
-1 0.0 0 0 0.06697111901428018
-1 0.0 0 0 0.007769248710629942
6 1.1923613548278809 27 28 0.5740068691472212
-1 0.0 0 0 0.09062405297389398
-1 0.0 0 0 -0.004299850052311307
nodes 29
7 0.19699999690055847 1 4 0.0
6 0.8444223403930664 2 3 0.01951147249512276
-1 0.0 0 0 -0.014936628899449345
-1 0.0 0 0 0.002095763989026841
1 0.16899852454662323 5 8 -0.016813270622974462
6 1.1091890335083008 6 7 -0.0535848827072556
-1 0.0 0 0 -0.01834644872104958
-1 0.0 0 0 -0.004594746342883476
4 0.7267070412635803 9 12 -0.008923483690973474
6 1.1323636770248413 10 11 -0.04102363425631944
-1 0.0 0 0 -0.008212395619633689
-1 0.0 0 0 -0.0021386067691484137
6 1.14875328540802 13 24 0.0003951595803669308
8 68.5 14 17 0.011007059710403945
5 2.429349660873413 15 16 0.01713784479950664
-1 0.0 0 0 0.0016182159882826093
-1 0.0 0 0 0.055714883220692485
6 1.063031792640686 18 19 -0.04385439615786971
-1 0.0 0 0 0.003756202415921664
3 0.5752953290939331 20 23 -0.08365361188318048
1 0.30408692359924316 21 22 0.064989287420543
-1 0.0 0 0 0.0030333310127982935
-1 0.0 0 0 0.06420866484227387
-1 0.0 0 0 -0.013189423308007235
0 0.48910292983055115 25 26 -0.026366848731542075
-1 0.0 0 0 -0.002958445078390174
4 0.7468901872634888 27 28 0.561240137396556
-1 0.0 0 0 0.009251479618251323
-1 0.0 0 0 0.09491507646081776
nodes 29
2 0.28662872314453125 1 2 0.0
-1 0.0 0 0 -0.00346214452228423
4 0.8800040483474731 3 22 0.008235364394584695
4 0.6623823642730713 4 9 -0.005404096477307265
6 1.1335002183914185 5 8 -0.04736972281609977
0 0.5332775115966797 6 7 -0.09350591276042461
-1 0.0 0 0 -0.006603594082074309
-1 0.0 0 0 -0.02222405113363615
-1 0.0 0 0 -0.001738052147703231
8 53.5 10 19 0.0005337372060996473
6 1.1091890335083008 11 16 -0.02932111872392453
8 43.5 12 15 -0.07795734255527247
0 0.3981003165245056 13 14 -0.22420877762176003
-1 0.0 0 0 -0.00745675688609481
-1 0.0 0 0 -0.03887357610760559
-1 0.0 0 0 -0.00590329071045911
2 0.4099505841732025 17 18 0.001764853410793828
-1 0.0 0 0 -0.00020520212460523285
-1 0.0 0 0 0.034059069385049774
2 0.4412658214569092 20 21 0.009260361760870296
-1 0.0 0 0 0.0005540302478950512
-1 0.0 0 0 0.006769241370266796
8 40.5 23 24 0.025647057730806586
-1 0.0 0 0 -0.001191128607868944
2 0.48455941677093506 25 26 0.035881793964341706
-1 0.0 0 0 0.0037673052625089884
6 1.0441275835037231 27 28 -0.11990120293839161
-1 0.0 0 0 -0.0006787217629034293
-1 0.0 0 0 -0.03213234750243525
nodes 29
2 0.3073822259902954 1 4 0.0
7 0.9240000247955322 2 3 -0.024957246439848365
-1 0.0 0 0 -0.0023047447918845654
-1 0.0 0 0 -0.016820822932281314
4 0.8821378946304321 5 18 0.00925841603895188
4 0.6671305894851685 6 7 -0.0026577386278987297
-1 0.0 0 0 -0.004484311594360706
8 45.5 8 17 0.002113656880954196
6 1.1108274459838867 9 16 -0.06004520597801846
7 0.7049999833106995 10 13 -0.18904086968735706
3 0.8130618929862976 11 12 -0.153008624257893
-1 0.0 0 0 -0.013154056623506433
-1 0.0 0 0 -0.07111781328514387
4 0.8448747992515564 14 15 -0.61710394538939
-1 0.0 0 0 -0.09847192460527787
-1 0.0 0 0 -0.02188540363373856
-1 0.0 0 0 -0.0011914726587048563
-1 0.0 0 0 0.0006395988934550464
3 0.589523196220398 19 24 0.024494685150013563
2 0.41849568486213684 20 23 0.10279799267865213
8 27.5 21 22 0.07527312934480923
-1 0.0 0 0 0.05721599546999767
-1 0.0 0 0 0.006487650745786851
-1 0.0 0 0 0.02946584932569167
8 41.5 25 26 0.020326134773896127
-1 0.0 0 0 -0.0017469089390871096
2 0.46381431818008423 27 28 0.02978932374278465
-1 0.0 0 0 0.003412596732555172
-1 0.0 0 0 -0.0038822680125188223
nodes 29
7 0.19699999690055847 1 8 0.0
6 0.9072489738464355 2 5 0.015283397055799196
5 1.293926477432251 3 4 -0.07552533716129234
-1 0.0 0 0 -0.0007825542167404087
-1 0.0 0 0 -0.02310262668391309
5 1.076456069946289 6 7 0.017652810702156168
-1 0.0 0 0 0.005014567841786584
-1 0.0 0 0 0.0012888852973979119
1 0.16899852454662323 9 16 -0.013169887115569101
6 1.1091890335083008 10 15 -0.043049410348169496
2 0.26762136816978455 11 12 -0.16197613327396393
-1 0.0 0 0 -0.034549484899864084
7 0.257999986410141 13 14 -0.08690029502295973
-1 0.0 0 0 -0.03444570196881788
-1 0.0 0 0 -0.002443637176528202
-1 0.0 0 0 -0.00360560625483599
5 2.429349660873413 17 28 -0.006758879858267909
4 0.7267070412635803 18 21 -0.007354650154260946
1 0.32397177815437317 19 20 -0.033584343413155804
-1 0.0 0 0 -0.0027876674638579253
-1 0.0 0 0 -0.01604466169004146
6 1.14875328540802 22 23 0.00026559009024994945
-1 0.0 0 0 0.0008605161663903266
0 0.48910292983055115 24 25 -0.020735107728166356
-1 0.0 0 0 -0.002370313991446032
7 0.5509999990463257 26 27 0.5654209630221737
-1 0.0 0 0 0.011056385251382988
-1 0.0 0 0 0.10020837891101837
-1 0.0 0 0 0.03918565822744065
nodes 29
7 0.746999979019165 1 20 0.0
2 0.43640458583831787 2 15 0.004253256503387138
8 80.5 3 12 0.0003168828101423477
8 44.5 4 9 0.003980336359587674
6 1.040008306503296 5 8 -0.01523942887003905
2 0.3896554410457611 6 7 -0.09748299989524624
-1 0.0 0 0 -0.015652229933676803
-1 0.0 0 0 0.002821804375137408
-1 0.0 0 0 -0.0008532547665059168
4 0.9133391976356506 10 11 0.010028291745557751
-1 0.0 0 0 0.00023468343013511545
-1 0.0 0 0 0.0037860300572780965
1 0.32397177815437317 13 14 -0.034485219133983856
-1 0.0 0 0 -0.0014080001614763579
-1 0.0 0 0 -0.010286039680890889
2 0.46381431818008423 16 19 0.04151984618467343
6 1.1004362106323242 17 18 0.06122049611725281
-1 0.0 0 0 0.005754154935392594
-1 0.0 0 0 0.043466189218541756
-1 0.0 0 0 -0.002545231223409005
6 1.1091890335083008 21 26 -0.03941019173572332
5 1.1370360851287842 22 23 -0.35425688053906096
-1 0.0 0 0 0.03385760662704706
2 0.388897567987442 24 25 -0.4395811350722545
-1 0.0 0 0 -0.05084839960922384
-1 0.0 0 0 0.009965864682327146
1 0.3067834973335266 27 28 -0.031864197302089246
-1 0.0 0 0 -0.00362349060593936
-1 0.0 0 0 0.04770805557706842
nodes 29
2 0.27054551243782043 1 4 0.0
7 0.9089999794960022 2 3 -0.02969438968842253
-1 0.0 0 0 -0.002576085829131278
-1 0.0 0 0 -0.011494139043516044
4 0.8821378946304321 5 12 0.005039953304898463
7 0.19200000166893005 6 11 -0.004849917622363822
6 0.9900560975074768 7 10 0.008772047268153733
5 1.7466048002243042 8 9 -0.03267567757301727
-1 0.0 0 0 -0.0022831441376693247
-1 0.0 0 0 -0.023507317376943927
-1 0.0 0 0 0.0015507484790707729
-1 0.0 0 0 -0.0017065280921023604
8 40.5 13 14 0.01827857197090822
-1 0.0 0 0 -0.0008429777971598164
7 0.01600000075995922 15 20 0.02669074147078541
8 76.5 16 17 -0.011850147647757998
-1 0.0 0 0 -0.0005974989538554958
6 0.950168251991272 18 19 -0.26734420285822874
-1 0.0 0 0 -0.06065136577401843
-1 0.0 0 0 -0.007740930812433363
1 0.45234888792037964 21 22 0.032187530835411204
-1 0.0 0 0 0.0033723199588577175
8 66.5 23 28 -0.11815818563308113
5 1.090438723564148 24 27 -0.1659345957553591
0 0.5062798261642456 25 26 -0.08418304958854224
-1 0.0 0 0 0.011064441789743267
-1 0.0 0 0 -0.023809674890246244
-1 0.0 0 0 -0.04772862290289808
-1 0.0 0 0 0.04217152487486601
nodes 29
2 0.43640458583831787 1 26 0.0
7 0.746999979019165 2 19 -0.0034051320894797005
8 68.5 3 18 0.0001207371756168361
8 53.5 4 9 0.005894066321025819
7 0.01600000075995922 5 8 -0.005069327960555171
2 0.3896554410457611 6 7 -0.07650808002126543
-1 0.0 0 0 -0.01307915479447358
-1 0.0 0 0 1.3693588261958211e-05
-1 0.0 0 0 -0.00016130970962324425
4 0.7997978925704956 10 11 0.020559108566810726
-1 0.0 0 0 -0.0010064097487322502
2 0.37510719895362854 12 13 0.03588299738264275
-1 0.0 0 0 0.0065996476862424215
7 0.5680000185966492 14 17 0.01612272366230775
7 0.5389999747276306 15 16 0.018754981499778993
-1 0.0 0 0 0.001684481916268958
-1 0.0 0 0 0.040775392332351675
-1 0.0 0 0 -0.026421273602837966
-1 0.0 0 0 -0.0017165354302028524
6 1.1091890335083008 20 23 -0.03296637922159646
5 1.1360920667648315 21 22 -0.3240063505123059
-1 0.0 0 0 0.032073376382080215
-1 0.0 0 0 -0.04009902447610353
1 0.3067834973335266 24 25 -0.026082023298508818
-1 0.0 0 0 -0.0030001179081102624
-1 0.0 0 0 0.04359864434693009
2 0.46381431818008423 27 28 0.03606550704193612
-1 0.0 0 0 0.0053400376372968565
-1 0.0 0 0 -0.002289958164683598
nodes 29
2 0.27054551243782043 1 2 0.0
-1 0.0 0 0 -0.0025304988954882204
4 0.6623823642730713 3 4 0.004294951287447186
-1 0.0 0 0 -0.00304250331041216
6 1.1418253183364868 5 28 0.00727755261151872
6 1.105071783065796 6 15 0.011111175453615323
7 0.5979999899864197 7 12 0.00590886715599192
6 1.0835033655166626 8 11 0.007908736431795547
6 0.9423370361328125 9 10 0.014157204490298904
-1 0.0 0 0 -0.004383590208576381
-1 0.0 0 0 0.001722752384718423
-1 0.0 0 0 -0.0020481771401007353
2 0.31683874130249023 13 14 -0.11387104943625963
-1 0.0 0 0 0.0054783011990500625
-1 0.0 0 0 -0.016637884187472012
7 0.6629999876022339 16 17 0.03672781465743959
-1 0.0 0 0 0.00286350410445144
3 0.27870312333106995 18 19 0.12245311299004616
-1 0.0 0 0 0.08404973538025566
3 0.4213278889656067 20 21 0.10510540549142458
-1 0.0 0 0 -0.029118323514733136
5 1.7255196571350098 22 25 0.14096657686652392
2 0.3919486105442047 23 24 0.09759110063454662
-1 0.0 0 0 0.007065106007676731
-1 0.0 0 0 0.05477891117334366
7 0.7770000100135803 26 27 0.5958383473518648
-1 0.0 0 0 0.08748702178398769
-1 0.0 0 0 0.019079208374023438
-1 0.0 0 0 -0.0014537641193766275
nodes 29
5 1.076456069946289 1 2 0.0
-1 0.0 0 0 0.0033819573712365937
7 0.746999979019165 3 14 -0.0028786051278885875
8 80.5 4 5 0.00020306233157126258
-1 0.0 0 0 0.0003202632013324155
1 0.32397177815437317 6 11 -0.02909955209737082
2 0.40152427554130554 7 8 -0.008830918178540394
-1 0.0 0 0 -0.001473281356412601
4 0.6966195702552795 9 10 0.16337795789372556
-1 0.0 0 0 -0.03344304425797115
-1 0.0 0 0 0.023283959516908887
6 1.0690207481384277 12 13 -0.09796168284400034
-1 0.0 0 0 -0.006301492487012449
-1 0.0 0 0 -0.020385359531576764
6 1.1091890335083008 15 22 -0.029047544980611448
5 1.1370360851287842 16 17 -0.2843148558162544
-1 0.0 0 0 0.03385150193658081
2 0.388897567987442 18 21 -0.34874553255922636
1 0.27312982082366943 19 20 -0.41002523919774425
-1 0.0 0 0 -0.025289366506040096
-1 0.0 0 0 -0.09599857486784458
-1 0.0 0 0 0.013083478026395746
2 0.3757968544960022 23 24 -0.023019091883385932
-1 0.0 0 0 -0.0027525193021936153
6 1.1335002183914185 25 26 0.2844483055119967
-1 0.0 0 0 0.095520760183749
0 0.48910292983055115 27 28 0.14911967555159017
-1 0.0 0 0 -0.0011479795172617032
-1 0.0 0 0 0.048334019570737276
nodes 29
2 0.43640458583831787 1 20 0.0
0 0.23486119508743286 2 3 -0.00285916659454247
-1 0.0 0 0 -0.003910320671123147
4 0.8800040483474731 4 13 -0.0007170570301893955
7 0.125 5 12 -0.00805335791216927
6 1.0120660066604614 6 7 0.007655776321724394
-1 0.0 0 0 -0.0030469273433376045
5 1.3285390138626099 8 9 0.023166152572012738
-1 0.0 0 0 0.0013650281166817076
2 0.40651336312294006 10 11 0.06754977467330767
-1 0.0 0 0 0.00405466650309557
-1 0.0 0 0 0.022559194720337447
-1 0.0 0 0 -0.0014866788409120947
8 41.5 14 17 0.01080298547971334
7 0.02500000037252903 15 16 -0.009042226973597177
-1 0.0 0 0 -0.011842423893127035
-1 0.0 0 0 -0.0005088537821809882
8 77.5 18 19 0.020675569198957845
-1 0.0 0 0 0.002210342748750166
-1 0.0 0 0 -0.018985315223242965
5 1.5977765321731567 21 28 0.030282906148660034
6 1.1027727127075195 22 27 0.02574328965643162
2 0.46381431818008423 23 24 0.023594237892456474
-1 0.0 0 0 0.0038780972172342263
7 0.44600000977516174 25 26 -0.026640607204986917
-1 0.0 0 0 -0.002102633316029776
-1 0.0 0 0 -0.05412823946348259
-1 0.0 0 0 0.04090518202394881
-1 0.0 0 0 0.022454162203437333
nodes 29
5 1.076456069946289 1 4 0.0
7 0.753000020980835 2 3 0.029512991744350736
-1 0.0 0 0 0.002804870762331692
-1 0.0 0 0 0.04109101958029593
7 0.8889999985694885 5 28 -0.0025120438317535803
6 0.8444223403930664 6 13 -0.0014612509308893184
2 0.3355870246887207 7 8 -0.11740383557008423
-1 0.0 0 0 0.022831199131906035
4 0.9739632606506348 9 12 -0.1554911724307527
7 0.013000000268220901 10 11 -0.19246824944222515
-1 0.0 0 0 -0.02522392936923358
-1 0.0 0 0 0.007111225716891836
-1 0.0 0 0 0.035294363647699355
2 0.42998450994491577 14 23 -0.0009562980206285207
0 0.537302553653717 15 18 -0.0034388911676385345
6 1.0120660066604614 16 17 -0.0024732207636480445
-1 0.0 0 0 -0.0025170743817379045
-1 0.0 0 0 -2.871423856804638e-05
6 1.1472973823547363 19 22 -0.0574854136524303
8 65.5 20 21 -0.15612839198311576
-1 0.0 0 0 -0.05616186143763896
-1 0.0 0 0 -0.01386879523102868
-1 0.0 0 0 0.0031463566807776117
3 0.614018440246582 24 27 0.02243265956648118
6 0.9215871095657349 25 26 0.16580960025991467
-1 0.0 0 0 -0.035399751094254577
-1 0.0 0 0 0.019077850079802415
-1 0.0 0 0 0.0014018314104585095
-1 0.0 0 0 -0.006491922640405244
nodes 29
6 1.0666630268096924 1 28 0.0
7 0.5680000185966492 2 19 0.011030719561253378
6 1.0120660066604614 3 8 0.013044751505546372
1 0.4024927318096161 4 7 -0.00906735146955542
0 0.5240588784217834 5 6 -0.021632415514350876
-1 0.0 0 0 -0.0017873947860650363
-1 0.0 0 0 -0.015704165292683887
-1 0.0 0 0 0.004911856049172816
2 0.47098594903945923 9 16 0.023340381855000775
8 33.5 10 15 0.025977963151199667
3 0.8454335331916809 11 12 -0.17883077850238197
-1 0.0 0 0 -0.05072664900405987
4 1.027888536453247 13 14 -0.03416266746769127
-1 0.0 0 0 0.02852288478623248
-1 0.0 0 0 -0.02737063039652033
-1 0.0 0 0 0.0027032241111723935
6 1.037308692932129 17 18 -0.06075966306442053
-1 0.0 0 0 0.004569219939043101
-1 0.0 0 0 -0.012998893664307676
4 0.7950323820114136 20 21 -0.18603540881814384
-1 0.0 0 0 -0.05368104633730902
0 0.2791755199432373 22 23 -0.10132442625555475
-1 0.0 0 0 -0.0615314668224704
5 1.3458805084228516 24 25 -0.0407400251109022
-1 0.0 0 0 0.004552760098112475
0 0.3801860511302948 26 27 -0.3456514621603078
-1 0.0 0 0 0.0006725400460488869
-1 0.0 0 0 -0.08107889208197594
-1 0.0 0 0 -0.0006226081138381088
nodes 29
1 0.16899852454662323 1 2 0.0
-1 0.0 0 0 -0.0023289812030670098
5 2.429349660873413 3 26 0.0026445242929714566
0 0.5420362949371338 4 15 0.002191769590468552
5 1.0728355646133423 5 6 0.0031230641719824444
-1 0.0 0 0 0.0029516946850618175
8 72.5 7 8 0.0009956292764581273
-1 0.0 0 0 0.0004218187463532283
4 0.7997978925704956 9 10 -0.015350319560725918
-1 0.0 0 0 -0.000163670557886055
6 1.0901503562927246 11 14 -0.0603744311352944
0 0.49321413040161133 12 13 -0.047224452063177186
-1 0.0 0 0 -0.007291673753175758
-1 0.0 0 0 0.004470207392532145
-1 0.0 0 0 -0.03246095810810592
6 1.1472973823547363 16 25 -0.05989570728351608
7 0.2619999945163727 17 24 -0.10591037084972661
4 0.6931215524673462 18 19 -0.04273368260272456
-1 0.0 0 0 -0.0161719481351156
1 0.3248635530471802 20 21 0.04003904696140165
-1 0.0 0 0 0.05669783485225506
8 57.5 22 23 -0.017098949593421724
-1 0.0 0 0 -0.0411999388365075
-1 0.0 0 0 0.0016454682459071694
-1 0.0 0 0 -0.02788149913152059
-1 0.0 0 0 0.0022989056687755314
7 0.29600000381469727 27 28 0.28651855664549175
-1 0.0 0 0 0.01639529833836215
-1 0.0 0 0 0.0553439138415787
nodes 29
7 0.19699999690055847 1 22 0.0
6 0.8444223403930664 2 11 0.00809558146421178
2 0.3355870246887207 3 4 -0.10249998942820317
-1 0.0 0 0 0.020911611712131746
4 0.9739632606506348 5 10 -0.13683057743789612
7 0.013000000268220901 6 7 -0.16994237079140448
-1 0.0 0 0 -0.02236319788146096
5 1.293926477432251 8 9 0.06681999901584426
-1 0.0 0 0 0.03625834119319916
-1 0.0 0 0 -0.01385712599537025
-1 0.0 0 0 0.031845658117284376
5 1.417890191078186 12 17 0.009042655295966493
6 1.105071783065796 13 14 0.006270486480263854
-1 0.0 0 0 0.0003271987830527072
1 0.35554876923561096 15 16 0.0340620044352765
-1 0.0 0 0 0.0024734541279620354
-1 0.0 0 0 0.023074543022022054
2 0.41938167810440063 18 19 0.03859343959485765
-1 0.0 0 0 0.002344976950753531
6 0.950168251991272 20 21 0.14194974060833201
-1 0.0 0 0 -0.027508269407081645
-1 0.0 0 0 0.017506175795410132
7 0.9240000247955322 23 24 -0.006976060070524533
-1 0.0 0 0 -0.0006212946724157017
6 1.2065452337265015 25 26 -0.11408102642622237
-1 0.0 0 0 -0.06318747245130085
6 1.2540802955627441 27 28 -0.08379225857156357
-1 0.0 0 0 0.04121751074562781
-1 0.0 0 0 -0.011305287013662797
nodes 29
0 0.23486119508743286 1 2 0.0
-1 0.0 0 0 -0.0031013060521744894
4 0.8821378946304321 3 28 0.0016663216762731838
8 53.5 4 27 -0.004724943858506385
6 1.1083896160125732 5 14 -0.02102058043622252
8 45.5 6 13 -0.06608733528141092
4 0.8305287063121796 7 10 -0.13853862400188444
3 0.7056781053543091 8 9 -0.29304385752238604
-1 0.0 0 0 -0.040902348336660205
-1 0.0 0 0 -0.0023091280126366124
3 0.8130618929862976 11 12 -0.09429602745966364
-1 0.0 0 0 -0.007742856389253878
-1 0.0 0 0 -0.05717185832074156
-1 0.0 0 0 -0.004645142802268929
1 0.31759557127952576 15 18 -0.003787304295854227
2 0.4099505841732025 16 17 -0.008068935362219433
-1 0.0 0 0 -0.0009228717424550053
-1 0.0 0 0 0.041475446793317265
2 0.37788546085357666 19 22 0.10660759644801036
7 0.6389999985694885 20 21 0.24059850488662382
-1 0.0 0 0 0.016246531506854976
-1 0.0 0 0 0.07812801784276963
6 1.1227973699569702 23 24 -0.026709990842670353
-1 0.0 0 0 -0.022108907707863387
2 0.39661964774131775 25 26 0.10671972089557577
-1 0.0 0 0 -0.009886723912010592
-1 0.0 0 0 0.046530162789967175
-1 0.0 0 0 0.00010756461074898734
-1 0.0 0 0 0.0010864073580480864
nodes 29
6 1.0666630268096924 1 26 0.0
7 0.5680000185966492 2 11 0.009080056819123104
7 0.04100000113248825 3 8 0.010856867303069891
8 44.5 4 7 -0.006615693347623211
2 0.3896554410457611 5 6 -0.08226278692985188
-1 0.0 0 0 -0.016230684160836974
-1 0.0 0 0 0.003248121698430004
-1 0.0 0 0 -0.00011625230468480417
6 1.0 9 10 0.021612617114642848
-1 0.0 0 0 -0.010564682425687179
-1 0.0 0 0 0.002407729319026934
4 0.7950323820114136 12 13 -0.16477476406765923
-1 0.0 0 0 -0.047833951877456315
0 0.2791755199432373 14 15 -0.08904994235272665
-1 0.0 0 0 -0.0551022469997406
0 0.31084102392196655 16 17 -0.034596906774836685
-1 0.0 0 0 0.03726613083854318
1 0.3049314320087433 18 25 -0.0910136292212808
6 1.03341805934906 19 20 -0.2726347092026055
-1 0.0 0 0 0.01530353061389178
8 39.5 21 22 -0.4310235521203817
-1 0.0 0 0 -0.08764843651178209
7 0.6570000052452087 23 24 -0.27789639765251195
-1 0.0 0 0 0.0011556120136299649
-1 0.0 0 0 -0.06745535516594019
-1 0.0 0 0 0.009864378173266894
8 82.5 27 28 -0.005125066510130738
-1 0.0 0 0 -0.0003047006425295213
-1 0.0 0 0 -0.003792927498694742
nodes 29
8 40.5 1 2 0.0
-1 0.0 0 0 -0.00141664019517651
4 0.9521161317825317 3 22 0.003058234137829401
6 0.8444223403930664 4 7 -0.0005789289205668914
2 0.3355870246887207 5 6 -0.10965423084051225
-1 0.0 0 0 0.02536413491223798
-1 0.0 0 0 -0.014795695971838906
7 0.13600000739097595 8 11 -4.749861663114326e-05
6 1.1027727127075195 9 10 0.008867566116188486
-1 0.0 0 0 0.0004363592727971621
-1 0.0 0 0 0.005296981375873203
4 0.7932788729667664 12 21 -0.0061575243521865474
3 0.727958083152771 13 20 -0.015582012825625224
6 1.1531040668487549 14 15 -0.016754825813043155
-1 0.0 0 0 -0.003382154765624779
2 0.38813161849975586 16 17 0.0015445201462453836
-1 0.0 0 0 -0.00014181102230145201
7 0.5569999814033508 18 19 0.24338996244966984
-1 0.0 0 0 -0.012133210609118416
-1 0.0 0 0 0.07554036355935612
-1 0.0 0 0 0.026647292181137906
-1 0.0 0 0 0.00036545532858495627
0 0.4880489706993103 23 24 0.026907837204380555
-1 0.0 0 0 0.0030426779986487923
6 1.0433354377746582 25 26 -0.1700792634568338
-1 0.0 0 0 -0.003266518475768764
8 53.5 27 28 -0.4076093137796436
-1 0.0 0 0 -0.06515748204896227
-1 0.0 0 0 -0.008232197149967153
nodes 29
2 0.21015067398548126 1 4 0.0
6 1.1575943231582642 2 3 -0.02981725846632834
-1 0.0 0 0 -0.01053014425934607
-1 0.0 0 0 -0.0010001831728828274
5 1.0664128065109253 5 10 0.0013443100658237185
8 81.5 6 9 0.02942323119269563
4 0.7576608061790466 7 8 0.022679699362770367
-1 0.0 0 0 -0.014614084088243546
-1 0.0 0 0 0.0028510480167923693
-1 0.0 0 0 0.01949898350826093
8 80.5 11 12 -9.835596196721728e-05
-1 0.0 0 0 0.0001915773293706897
1 0.32397177815437317 13 18 -0.021980185976127692
2 0.40152427554130554 14 15 -0.003324140117722446
-1 0.0 0 0 -0.0008238945032309594
4 0.6966195702552795 16 17 0.13775082135915148
-1 0.0 0 0 -0.0276203453540802
-1 0.0 0 0 0.01955118829730985
7 0.30799999833106995 19 26 -0.08072301939291263
8 100.5 20 23 -0.06695306099942748
0 0.425388902425766 21 22 -0.056698569083320244
-1 0.0 0 0 -0.04542286332983237
-1 0.0 0 0 -0.005044960797715937
1 0.3504672944545746 24 25 -0.3166276467829079
-1 0.0 0 0 -0.014462536184684092
-1 0.0 0 0 -0.0660632216655042
3 0.6653281450271606 27 28 -0.32155959169496784
-1 0.0 0 0 -0.018727409572479644
-1 0.0 0 0 -0.07711240782038026
nodes 29
2 0.43640458583831787 1 16 0.0
7 0.9240000247955322 2 11 -0.001865597479433687
6 1.0120660066604614 3 4 -0.0014631423570427417
-1 0.0 0 0 -0.0019169840596388644
7 0.12300000339746475 5 10 0.00047517059537873624
5 2.429349660873413 6 7 0.016673528934320826
-1 0.0 0 0 0.001525037281106406
5 2.533494710922241 8 9 0.16723595647950118
-1 0.0 0 0 0.06538967872885142
-1 0.0 0 0 0.010350656196879712
-1 0.0 0 0 -0.00048498389479994305
6 1.197532057762146 12 13 -0.09823559472080026
-1 0.0 0 0 -0.0579704062640667
6 1.2540802955627441 14 15 -0.07148734650302989
-1 0.0 0 0 0.03408114706565227
-1 0.0 0 0 -0.009702798119432962
6 1.1004362106323242 17 28 0.019759504352898048
1 0.45234888792037964 18 21 0.017437537303193792
5 1.5977765321731567 19 20 0.02251276850863669
-1 0.0 0 0 0.0019122182665551114
-1 0.0 0 0 0.016961628364642028
6 1.037308692932129 22 25 -0.08830076181632704
4 1.0091733932495117 23 24 0.02192348896250433
-1 0.0 0 0 0.006611235989468231
-1 0.0 0 0 -0.039345189779996875
5 1.1062147617340088 26 27 -0.21290208878370165
-1 0.0 0 0 -0.015230066640360746
-1 0.0 0 0 -0.06169115713176629
-1 0.0 0 0 0.03120200334472911
nodes 29
1 0.15528720617294312 1 4 0.0
6 1.1721537113189697 2 3 -0.019872242917745423
-1 0.0 0 0 -0.006288844104454714
-1 0.0 0 0 -0.0006407179225559416
5 2.429349660873413 5 14 0.0016914565685902504
0 0.5420362949371338 6 7 0.001122584655844063
-1 0.0 0 0 0.00018933950246450055
8 54.5 8 9 -0.049940498721560686
-1 0.0 0 0 -0.04500025794483148
6 1.1472973823547363 10 13 -0.042178100140295306
7 0.2619999945163727 11 12 -0.08353963425847799
-1 0.0 0 0 -0.0027191252565409436
-1 0.0 0 0 -0.023705766971559367
-1 0.0 0 0 0.0026867648049021618
3 0.36322924494743347 15 28 0.17704526918952748
0 0.5158553123474121 16 25 0.11918582667514567
3 0.2908795177936554 17 20 0.017235170248621964
1 0.16256380081176758 18 19 -0.24848836270609387
-1 0.0 0 0 0.0039818910434842114
-1 0.0 0 0 -0.049702911541379735
7 0.3889999985694885 21 22 0.11289564211231967
-1 0.0 0 0 0.023611762950063817
7 0.5979999899864197 23 24 -0.11933041104258826
-1 0.0 0 0 -0.051480323196544
-1 0.0 0 0 0.02196462926055704
7 0.36000001430511475 26 27 0.4840618602016516
-1 0.0 0 0 0.022133602244513377
-1 0.0 0 0 0.09020347839052027
-1 0.0 0 0 0.058518890422340986
nodes 29
8 41.5 1 8 0.0
7 0.02500000037252903 2 3 -0.011420940072705499
-1 0.0 0 0 -0.00985292640896966
1 0.34359604120254517 4 5 -0.009199207916202164
-1 0.0 0 0 -0.001289599985048226
7 0.6520000100135803 6 7 0.04784973611607893
-1 0.0 0 0 0.0028895118896090596
-1 0.0 0 0 0.05411105888874032
4 0.9596176743507385 9 22 0.0027808532731123637
6 0.8444223403930664 10 21 -0.00033366325016327507
2 0.3355870246887207 11 12 -0.11098441071755422
-1 0.0 0 0 0.023113237250822063
7 0.007000000216066837 13 14 -0.14637580208573783
-1 0.0 0 0 -0.024286912302257588
5 1.7255196571350098 15 20 -0.01653552464866901
8 76.5 16 19 0.07069508360470073
4 0.8358228206634521 17 18 0.1642359922559041
-1 0.0 0 0 0.06527446384674737
-1 0.0 0 0 -0.004948654046165757
-1 0.0 0 0 -0.032047598893669524
-1 0.0 0 0 -0.04685486765070396
-1 0.0 0 0 2.1295190819082803e-05
1 0.33126938343048096 23 28 0.02808965770822342
0 0.366597056388855 24 25 0.0630965199576837
-1 0.0 0 0 0.004279324896451063
0 0.37356624007225037 26 27 0.14216157670935914
-1 0.0 0 0 0.028875894848200863
-1 0.0 0 0 0.009608811700938358
-1 0.0 0 0 0.0006338383776958041
nodes 29
5 1.0664128065109253 1 12 0.0
8 81.5 2 11 0.024824861863540607
7 0.7350000143051147 3 10 0.018736466677442214
7 0.6340000033378601 4 9 0.01674909750670175
3 0.6693653464317322 5 8 0.01930454215289216
5 1.0565509796142578 6 7 -0.2336041479268008
-1 0.0 0 0 0.009330601919265021
-1 0.0 0 0 -0.04416378906391787
-1 0.0 0 0 0.0022397876074591694
-1 0.0 0 0 -0.03401347188628279
-1 0.0 0 0 0.04446959256061486
-1 0.0 0 0 0.017445379138276304
7 0.8889999985694885 13 26 -0.0012259513231304114
8 80.5 14 15 -0.0005164014689474471
-1 0.0 0 0 0.00011911779987552239
1 0.32397177815437317 16 17 -0.019247462737464336
-1 0.0 0 0 -0.00028889067343585665
6 1.0690207481384277 18 21 -0.07219822405633293
4 0.7758975028991699 19 20 -0.043025097502185444
-1 0.0 0 0 0.001329209066382191
-1 0.0 0 0 -0.009101844028014111
6 1.1179405450820923 22 25 -0.16080044902755378
7 0.30799999833106995 23 24 -0.21037363412206747
-1 0.0 0 0 -0.0160583173508912
-1 0.0 0 0 -0.05549236215651036
-1 0.0 0 0 0.01558282815761143
2 0.34489595890045166 27 28 -0.04482560448632058
-1 0.0 0 0 -0.0037927806636816157
-1 0.0 0 0 -0.04008946865797043
nodes 29
8 52.5 1 14 0.0
7 0.01600000075995922 2 5 -0.0061752380658172314
2 0.3896554410457611 3 4 -0.056904215276705396
-1 0.0 0 0 -0.011077903493757707
-1 0.0 0 0 -0.0005392326302714074
2 0.37153810262680054 6 9 -0.0040234359034646595
6 0.9567002058029175 7 8 -0.0097537574575787
-1 0.0 0 0 0.039740004422279394
-1 0.0 0 0 -0.001027394398554278
7 0.8149999976158142 10 11 0.014526502861072148
-1 0.0 0 0 0.0012348512985901087
4 0.8486696481704712 12 13 0.3399049902729916
-1 0.0 0 0 -0.012463810415037219
-1 0.0 0 0 0.07513574453336852
0 0.415397047996521 15 28 0.004820947856725538
4 0.7867006063461304 16 17 0.02633482578642104
-1 0.0 0 0 -0.0016627295983043721
5 1.0445696115493774 18 19 0.04545736330167796
-1 0.0 0 0 0.03302619566966314
5 1.1525721549987793 20 21 0.043481697360069786
-1 0.0 0 0 0.0017947782819005176
6 1.112533688545227 22 27 0.06832757228775241
7 0.42500001192092896 23 26 0.09123356423981567
6 0.9215871095657349 24 25 0.0758328340440729
-1 0.0 0 0 -0.012591866482103219
-1 0.0 0 0 0.008464350076666292
-1 0.0 0 0 0.024561535203786948
-1 0.0 0 0 -0.0010871696358704646
-1 0.0 0 0 -0.00019378523961507434
nodes 29
2 0.43640458583831787 1 6 0.0
8 20.5 2 5 -0.0016315370261805432
6 1.1784940958023071 3 4 -0.13183522164229233
-1 0.0 0 0 -0.05674373404122889
-1 0.0 0 0 -0.006870447979156819
-1 0.0 0 0 -0.0001406001947856302
6 1.1004362106323242 7 28 0.017280448579783093
2 0.46381431818008423 8 11 0.015192929684421572
0 0.5332775115966797 9 10 0.026978120523315077
-1 0.0 0 0 0.002243398511895509
-1 0.0 0 0 0.0133512850558866
7 0.44600000977516174 12 27 -0.024512154305724995
3 0.6059000492095947 13 14 -0.019637607234351803
-1 0.0 0 0 0.038571464860190946
5 1.3504372835159302 15 26 -0.024720394141389563
6 1.0433354377746582 16 21 -0.020243550693332484
7 0.11699999868869781 17 20 0.015249801318312103
4 0.8278455138206482 18 19 -0.008040520476425821
-1 0.0 0 0 0.03016465980121318
-1 0.0 0 0 -0.0019066030454028922
-1 0.0 0 0 0.012546094129436858
7 0.30000001192092896 22 25 -0.08133699280532992
0 0.48910292983055115 23 24 -0.1029255668124327
-1 0.0 0 0 0.00038685210432638144
-1 0.0 0 0 -0.014171829103351906
-1 0.0 0 0 0.015613732127280074
-1 0.0 0 0 -0.04486774686723948
-1 0.0 0 0 -0.04743632126067366
-1 0.0 0 0 0.0280031540129772
nodes 29
4 0.6581808924674988 1 8 0.0
6 1.1259307861328125 2 7 -0.015507138297963324
7 0.46299999952316284 3 4 -0.0686142421522835
-1 0.0 0 0 -0.005382789741824799
6 1.0648356676101685 5 6 -0.2000139022887755
-1 0.0 0 0 -0.0659632471424562
-1 0.0 0 0 -0.014120015173585493
-1 0.0 0 0 0.00012639012093800347
8 52.5 9 10 0.001685573519984185
-1 0.0 0 0 -0.0005117012776833011
0 0.415397047996521 11 14 0.007790928352205652
4 0.7867006063461304 12 13 0.02661097070009556
-1 0.0 0 0 -0.0017282293957520936
-1 0.0 0 0 0.004104991761007145
0 0.45026081800460815 15 16 0.0011877612831182134
-1 0.0 0 0 -0.0016041932400781373
5 1.3371772766113281 17 20 0.010121208381554045
5 1.3051637411117554 18 19 0.002700259272664495
-1 0.0 0 0 0.0006467255112081368
-1 0.0 0 0 -0.01342333438724541
6 1.0120660066604614 21 22 0.045563084222888205
-1 0.0 0 0 -0.00818370644093505
0 0.4986869990825653 23 28 0.0652082164630723
0 0.45536428689956665 24 27 0.03410075983038078
7 0.15800000727176666 25 26 0.16411130843223284
-1 0.0 0 0 0.038672532188734905
-1 0.0 0 0 0.0050460996299884035
-1 0.0 0 0 0.001691373659282595
-1 0.0 0 0 0.01403183622422037
nodes 29
7 0.9240000247955322 1 24 0.0
1 0.45234888792037964 2 11 0.0003041217720684783
2 0.43640458583831787 3 4 0.000607080216408611
-1 0.0 0 0 -0.00011086264158356129
6 1.1004362106323242 5 10 0.01956485721553413
5 1.5977765321731567 6 9 0.017646878446118612
1 0.3094746172428131 7 8 0.014810460096176916
-1 0.0 0 0 -0.03410289744761857
-1 0.0 0 0 0.001579381238365236
-1 0.0 0 0 0.01407073550090781
-1 0.0 0 0 0.02499197485363659
6 1.037308692932129 12 17 -0.07638455301105064
4 1.0091733932495117 13 16 0.01879606175890121
4 0.9721512198448181 14 15 0.058509631936953584
-1 0.0 0 0 0.0003021950167842592
-1 0.0 0 0 0.032901208056136964
-1 0.0 0 0 -0.03545114979147911
5 1.1062147617340088 18 23 -0.18398003057708315
0 0.49982646107673645 19 20 -0.130120942441863
-1 0.0 0 0 0.007038185276844084
3 0.8471376299858093 21 22 -0.2135159103611929
-1 0.0 0 0 -0.004176792955281688
-1 0.0 0 0 -0.035479247521969584
-1 0.0 0 0 -0.054304061814521756
6 1.2065452337265015 25 26 -0.07972792188489908
-1 0.0 0 0 -0.049734352298435716
6 1.2540802955627441 27 28 -0.05529915413256309
-1 0.0 0 0 0.03483457917580381
-1 0.0 0 0 -0.007911301524705283
nodes 29
5 1.0728355646133423 1 4 0.0
7 0.753000020980835 2 3 0.018003792190631356
-1 0.0 0 0 0.0016752505354767902
-1 0.0 0 0 0.03643495609673361
8 20.5 5 8 -0.0012860540831028165
6 1.1784940958023071 6 7 -0.11513581799449006
-1 0.0 0 0 -0.05075898751616478
-1 0.0 0 0 -0.005825841840504692
8 68.5 9 10 -0.0010929951864245317
-1 0.0 0 0 0.00014188909330471164
4 0.7997978925704956 11 22 -0.009749509008820167
5 1.1131914854049683 12 17 -0.0006243362299645176
7 0.41999998688697815 13 14 -0.05309269623323104
-1 0.0 0 0 -0.0033267153394127905
4 0.686136782169342 15 16 -0.27620402907925734
-1 0.0 0 0 -0.0034294903968475413
-1 0.0 0 0 -0.06345879181322676
5 1.1266534328460693 18 21 0.005736638897425
0 0.5332775115966797 19 20 0.09528498701226203
-1 0.0 0 0 0.011649218109504625
-1 0.0 0 0 -0.022185896086210216
-1 0.0 0 0 8.41533744285646e-05
6 1.0901503562927246 23 24 -0.033765951611888084
-1 0.0 0 0 -0.002621191109675335
8 75.5 25 28 -0.14762364862412786
1 0.3504672944545746 26 27 -0.04928228643727968
-1 0.0 0 0 0.0003685435091650798
-1 0.0 0 0 -0.0375451940062799
-1 0.0 0 0 -0.045508170051864166
nodes 29
3 0.4034835398197174 1 2 0.0
-1 0.0 0 0 -0.0014825011208416652
5 1.5720176696777344 3 4 0.001469791199476284
-1 0.0 0 0 -8.403410312741407e-05
6 1.14875328540802 5 26 0.03135571141260969
7 0.6690000295639038 6 11 0.0623546827254247
7 0.6570000052452087 7 10 0.049299729990454004
5 2.338496208190918 8 9 0.054183379308417844
-1 0.0 0 0 0.004933098727002662
-1 0.0 0 0 0.04722243055249706
-1 0.0 0 0 -0.056136876733406726
6 1.0809625387191772 12 13 0.1980045321113747
-1 0.0 0 0 -0.03325929364987782
8 33.5 14 15 0.2411926981610383
-1 0.0 0 0 -0.0001261383733328651
3 0.4213278889656067 16 17 0.32796573799691703
-1 0.0 0 0 -0.012216864255341617
8 46.5 18 25 0.3869119068785083
8 36.5 19 20 0.2586127674301802
-1 0.0 0 0 0.06368390814117764
2 0.3108256459236145 21 22 0.16704218615042535
-1 0.0 0 0 0.050137387173516415
4 0.8767477869987488 23 24 -0.027984630440672238
-1 0.0 0 0 -0.0458297196937644
-1 0.0 0 0 0.023950696494933723
-1 0.0 0 0 0.06896978759765625
1 0.24767932295799255 27 28 0.0019483290746615946
-1 0.0 0 0 -0.0001915807463517559
-1 0.0 0 0 0.04026109863771126
nodes 29
6 1.0654722452163696 1 6 0.0
7 0.7289999723434448 2 3 0.0063070958699989275
-1 0.0 0 0 0.0006936608512225933
8 37.5 4 5 -0.3696506577149286
-1 0.0 0 0 0.012394290385038956
-1 0.0 0 0 -0.06850020998261042
6 1.105071783065796 7 18 -0.0034403667931315507
7 0.7829999923706055 8 15 -0.01598419583151845
5 1.3371772766113281 9 14 -0.014945735394063091
3 0.8269310593605042 10 11 -0.022330044082361517
-1 0.0 0 0 -0.003381845753264032
7 0.5979999899864197 12 13 0.010252434918565112
-1 0.0 0 0 0.0017019194985240975
-1 0.0 0 0 -0.018797383056405714
-1 0.0 0 0 0.002449314063892521
8 40.5 16 17 -0.34513405475740294
-1 0.0 0 0 -0.05739592930674553
-1 0.0 0 0 0.013158519172187275
2 0.3896554410457611 19 20 0.0037274919946138673
-1 0.0 0 0 0.00010340682758522337
7 0.6880000233650208 21 26 0.07069764556462675
3 0.9443534016609192 22 25 0.043194206322033496
3 0.727958083152771 23 24 0.053144982618423084
-1 0.0 0 0 0.00135712931825747
-1 0.0 0 0 0.01883953053549659
-1 0.0 0 0 -0.049083078825087466
8 39.5 27 28 0.42065520006520996
-1 0.0 0 0 -0.012257532961666585
-1 0.0 0 0 0.06276001637535436
nodes 29
0 0.20220401883125305 1 4 0.0
6 1.0749385356903076 2 3 -0.02730974430682589
-1 0.0 0 0 -0.04066574214957655
-1 0.0 0 0 -0.002283861146334668
4 0.6581808924674988 5 14 0.0007713888151875884
6 1.1259307861328125 6 13 -0.01317261589479682
7 0.30799999833106995 7 10 -0.06101842357432241
1 0.35453909635543823 8 9 -0.034715494698976036
-1 0.0 0 0 -0.0030305843876394594
-1 0.0 0 0 -0.039520444944500924
6 1.0493862628936768 11 12 -0.12338425063549469
-1 0.0 0 0 -0.04116810529547579
-1 0.0 0 0 -0.010065915493490361
-1 0.0 0 0 0.00020143779632800343
6 0.9072489738464355 15 28 0.0023279303584763937
5 1.293926477432251 16 27 -0.04390517577783535
2 0.36362937092781067 17 18 0.006334863163181436
-1 0.0 0 0 0.015292027453891932
2 0.3765380382537842 19 22 -0.03431877707573161
2 0.37153810262680054 20 21 -0.3410320088166643
-1 0.0 0 0 -0.015871618183640145
-1 0.0 0 0 -0.06776150740109958
8 81.5 23 26 0.006429479923961421
0 0.4016980528831482 24 25 0.03733496111250332
-1 0.0 0 0 0.041043329779058696
-1 0.0 0 0 0.0018221316815470346
-1 0.0 0 0 -0.03539003348424475
-1 0.0 0 0 -0.01681182781902879
-1 0.0 0 0 0.00029339853193507487
nodes 29
8 52.5 1 2 0.0
-1 0.0 0 0 -0.0005288254780226031
0 0.415397047996521 3 28 0.004128488798728905
4 0.7867006063461304 4 5 0.021697497500845438
-1 0.0 0 0 -0.0012749673238491616
8 72.5 6 27 0.03703001106458696
6 1.112533688545227 7 20 0.04239724379106372
5 1.2001358270645142 8 11 0.05200718403317885
5 1.0392156839370728 9 10 0.030388376887231918
-1 0.0 0 0 0.0449537420215515
-1 0.0 0 0 0.00283282870712517
7 0.36000001430511475 12 17 0.10657773426482839
6 0.9215871095657349 13 16 0.0828093725326283
6 0.8857801556587219 14 15 -0.16623347391610716
-1 0.0 0 0 0.0036429730471637515
-1 0.0 0 0 -0.05807718465274031
-1 0.0 0 0 0.009282490117132294
2 0.3708310127258301 18 19 0.2170082192029055
-1 0.0 0 0 0.02497784328035861
-1 0.0 0 0 -0.025952530357365805
8 58.5 21 22 -0.00947546637401154
-1 0.0 0 0 -0.005729886610550287
0 0.3981003165245056 23 24 0.08231296962868094
-1 0.0 0 0 0.00024144497674892618
7 0.44600000977516174 25 26 0.2853633434112583
-1 0.0 0 0 0.016153965423824173
-1 0.0 0 0 0.06761818623635918
-1 0.0 0 0 -0.005874188811353901
-1 0.0 0 0 -0.00013909912711448347
nodes 29
2 0.48455941677093506 1 22 0.0
2 0.43640458583831787 2 7 0.00027957361480508
6 1.0120660066604614 3 4 -0.0012504157599151906
-1 0.0 0 0 -0.0016551939946159021
7 0.12300000339746475 5 6 0.00041688303423611855
-1 0.0 0 0 0.0013598277756778142
-1 0.0 0 0 -0.00038898231411326205
0 0.4215336740016937 8 9 0.017255860091588963
-1 0.0 0 0 0.01774922868945694
3 0.614018440246582 10 19 0.01502651802944457
1 0.341576486825943 11 18 0.09712720805265267
2 0.4497434198856354 12 17 0.05477705221647853
4 0.8582319021224976 13 16 -0.013204172041944483
4 0.8410433530807495 14 15 -0.10845911498220007
-1 0.0 0 0 -0.0016851581279188396
-1 0.0 0 0 -0.05446854659489223
-1 0.0 0 0 0.013648216686417143
-1 0.0 0 0 0.018420284455463006
-1 0.0 0 0 0.03751651876727524
6 1.105071783065796 20 21 0.01135131348505604
-1 0.0 0 0 0.0010200988665180425
-1 0.0 0 0 0.03679059946537018
6 1.0441275835037231 23 26 -0.07104020708475775
7 0.007000000216066837 24 25 -0.004305484776385128
-1 0.0 0 0 -0.023705643187055276
-1 0.0 0 0 0.00426923026176295
7 0.057999998331069946 27 28 -0.18853091537414618
-1 0.0 0 0 -0.045553165142025266
-1 0.0 0 0 -0.01229517872224709
nodes 29
7 0.9240000247955322 1 24 0.0
1 0.45234888792037964 2 13 0.00026137515895999225
5 1.0728355646133423 3 12 0.0005220350791415939
7 0.753000020980835 4 11 0.018242470201994324
1 0.42196500301361084 5 10 0.01707884932155218
0 0.512292206287384 6 7 0.008945439042949787
-1 0.0 0 0 0.0012301947950627294
7 0.10300000011920929 8 9 -0.1881189283811384
-1 0.0 0 0 -0.039452171968478784
-1 0.0 0 0 0.008179241409286475
-1 0.0 0 0 0.005846989746284883
-1 0.0 0 0 0.03299958977537851
-1 0.0 0 0 -7.107207391145072e-05
6 1.037308692932129 14 17 -0.06572016198333586
7 0.004000000189989805 15 16 0.016223969684338393
-1 0.0 0 0 -0.03117570853792131
-1 0.0 0 0 0.005501742781013481
5 1.1062147617340088 18 23 -0.15835265865114154
0 0.5062798261642456 19 20 -0.11090733717719559
-1 0.0 0 0 0.004696965586851564
5 1.0728355646133423 21 22 -0.19827615857142414
-1 0.0 0 0 -0.035469542453065515
-1 0.0 0 0 0.0019983282301921485
-1 0.0 0 0 -0.04746548018107812
6 1.2065452337265015 25 26 -0.06852155944717724
-1 0.0 0 0 -0.044354911101982
6 1.2540802955627441 27 28 -0.04658401464766331
-1 0.0 0 0 0.03151160660199821
-1 0.0 0 0 -0.006792325244516452
nodes 29
8 52.5 1 14 0.0
7 0.01600000075995922 2 13 -0.00463941384710826
0 0.4384096562862396 3 8 -0.05118841408351821
5 1.8146271705627441 4 7 -0.08117818956007707
5 1.051512360572815 5 6 -0.09164638341614215
-1 0.0 0 0 0.021949155805142305
-1 0.0 0 0 -0.010149088114783864
-1 0.0 0 0 0.02791021489861628
0 0.4986869990825653 9 10 0.023933322129865944
-1 0.0 0 0 0.00524749493740341
6 0.9721720218658447 11 12 -0.2323816833177618
-1 0.0 0 0 -0.055634543526431796
-1 0.0 0 0 0.003373139863833785
-1 0.0 0 0 -0.00026649163336326943
0 0.3601756691932678 15 28 0.003621944937082732
6 1.071320652961731 16 23 0.04184449727341567
3 0.6888281106948853 17 20 0.11843876471474701
8 55.5 18 19 -0.0606316309738239
-1 0.0 0 0 -0.03620618523375408
-1 0.0 0 0 0.004764912815683169
5 1.2661722898483276 21 22 0.15456247566056824
-1 0.0 0 0 0.014041111418875863
-1 0.0 0 0 0.05868222442540255
0 0.35768723487854004 24 27 0.012900401647647502
2 0.3377646207809448 25 26 0.0008439471479309369
-1 0.0 0 0 0.0007823364421400626
-1 0.0 0 0 -0.028573947232596732
-1 0.0 0 0 0.018309459838679713
-1 0.0 0 0 0.00014336665769571887
nodes 29
3 0.4034835398197174 1 24 0.0
6 1.1544904708862305 2 17 -0.013024451020067405
4 0.9028347134590149 3 14 -0.040813374472291594
7 0.5630000233650208 4 5 -0.05507450594430697
-1 0.0 0 0 -0.003940456403442909
7 0.8149999976158142 6 13 -0.136558203875672
4 0.8498446345329285 7 12 -0.16052584792487323
2 0.3829681873321533 8 9 -0.11666670147553727
-1 0.0 0 0 -0.016399201037853663
1 0.1842949390411377 10 11 0.22925877074400583
-1 0.0 0 0 0.05478605315798805
-1 0.0 0 0 -0.008934299009186882
-1 0.0 0 0 -0.046066000696052524
-1 0.0 0 0 0.01830103834470113
4 0.9086505770683289 15 16 0.12449174076419972
-1 0.0 0 0 0.059552268125116825
-1 0.0 0 0 0.007963165119401224
2 0.38813161849975586 18 21 0.0001167511872548105
2 0.36006689071655273 19 20 -0.0024735957415100243
-1 0.0 0 0 0.00032644910744061015
-1 0.0 0 0 -0.01771730679193502
7 0.5979999899864197 22 23 0.28594976047223264
-1 0.0 0 0 -0.006513620283583115
-1 0.0 0 0 0.06775456426235346
5 1.5720176696777344 25 26 0.0012912787808114234
-1 0.0 0 0 -8.054574491604926e-05
2 0.4241766333580017 27 28 0.028416518991226287
-1 0.0 0 0 0.002277745088827447
-1 0.0 0 0 0.01551941292194596
nodes 29
2 0.21015067398548126 1 10 0.0
6 1.1662837266921997 2 9 -0.019256125997046288
7 0.6629999876022339 3 4 -0.08229564775323125
-1 0.0 0 0 -0.005851418874979377
6 1.112533688545227 5 6 -0.19512245609340342
-1 0.0 0 0 -0.06228278009664445
4 0.8463580012321472 7 8 -0.13717528033641077
-1 0.0 0 0 0.012260508005108153
-1 0.0 0 0 -0.01944496905005823
-1 0.0 0 0 3.93497811865307e-06
4 0.9581347107887268 11 12 0.0008681617240800014
-1 0.0 0 0 -0.00013323887011038212
6 1.1418253183364868 13 28 0.01029829335723352
8 22.5 14 15 0.018549650101129002
-1 0.0 0 0 -0.055487257922473165
5 1.6100356578826904 16 25 0.019530734031389718
7 0.7170000076293945 17 20 0.014569395785306465
7 0.6629999876022339 18 19 0.01742967485981236
-1 0.0 0 0 0.001430216551367066
-1 0.0 0 0 0.023667159407979057
6 1.1108274459838867 21 22 -0.13563679494891176
-1 0.0 0 0 -0.040417949140312215
7 0.8090000152587891 23 24 0.03310962917434203
-1 0.0 0 0 -0.016869379207491875
-1 0.0 0 0 0.04535334234436353
8 27.5 26 27 0.13672190501991668
-1 0.0 0 0 0.05389614963170254
-1 0.0 0 0 0.01108468435914477
-1 0.0 0 0 -0.0013658750608548402
nodes 29
8 52.5 1 24 0.0
6 1.1091890335083008 2 13 -0.004402312574944775
7 0.7049999833106995 3 6 -0.014900879813733217
4 0.8463580012321472 4 5 -0.011473742483855524
-1 0.0 0 0 -0.009101731264653143
-1 0.0 0 0 -0.0004958213066605
5 1.1493408679962158 7 10 -0.20820537287075896
4 0.9146221876144409 8 9 0.1422430401540954
-1 0.0 0 0 0.06810166639763685
-1 0.0 0 0 -0.010918465096296535
5 1.3371772766113281 11 12 -0.29140535581910565
-1 0.0 0 0 -0.04610519569814206
-1 0.0 0 0 -0.015280519147080923
6 1.1300787925720215 14 23 0.004201763260886532
2 0.3142848312854767 15 22 0.04616439259155698
7 0.7710000276565552 16 17 -0.005369720903378839
-1 0.0 0 0 -0.0016818665497054055
3 0.7667072415351868 18 21 0.30681558520021573
4 0.8833457827568054 19 20 0.695646147175533
-1 0.0 0 0 0.02827182084321976
-1 0.0 0 0 0.10889108507406145
-1 0.0 0 0 -0.02245861828327179
-1 0.0 0 0 0.0087602279524384
-1 0.0 0 0 -0.0005442873319146597
0 0.415397047996521 25 28 0.003436842193055799
4 0.7867006063461304 26 27 0.018611838012210797
-1 0.0 0 0 -0.0011310494124806216
-1 0.0 0 0 0.0031930335685683925
-1 0.0 0 0 -0.00013305347491704861
nodes 29
7 0.9240000247955322 1 24 0.0
6 0.9072489738464355 2 23 0.00023327642738111353
5 1.293926477432251 3 22 -0.03445304402093045
2 0.36362937092781067 4 7 0.011627253950800656
3 0.6908183097839355 5 6 0.1447810719551016
-1 0.0 0 0 0.028504847407801057
-1 0.0 0 0 0.0034949049538106854
2 0.3765380382537842 8 11 -0.02825558535635129
2 0.37153810262680054 9 10 -0.30391238295045253
-1 0.0 0 0 -0.014025650883559138
-1 0.0 0 0 -0.06060463043932732
4 0.7997978925704956 12 15 0.008366682187568805
4 0.7832390666007996 13 14 -0.2747632696526125
-1 0.0 0 0 -0.011076698098331691
-1 0.0 0 0 -0.06027558469912038
4 0.8833457827568054 16 17 0.042547360478133955
-1 0.0 0 0 0.01535747435421276
7 0.0 18 19 -0.03159508660151279
-1 0.0 0 0 -0.04395228547768461
0 0.4016980528831482 20 21 0.009047163364295315
-1 0.0 0 0 0.03812152023650318
-1 0.0 0 0 -0.002711491329974386
-1 0.0 0 0 -0.01402957452445145
-1 0.0 0 0 6.47991533256216e-05
6 1.2065452337265015 25 26 -0.06115527804803079
-1 0.0 0 0 -0.03927288792550653
6 1.2540802955627441 27 28 -0.04175960778243824
-1 0.0 0 0 0.028413352519273762
-1 0.0 0 0 -0.006098634129129817
nodes 29
6 1.0593384504318237 1 14 0.0
7 0.5680000185966492 2 3 0.0056524755247095914
-1 0.0 0 0 0.0007368729371717321
6 1.03341805934906 4 9 -0.17766230823025334
0 0.3832773268222809 5 8 0.0018790464631272751
0 0.317316472530365 6 7 0.19813189198050582
-1 0.0 0 0 -0.01632649697087429
-1 0.0 0 0 0.05233890675008297
-1 0.0 0 0 -0.024130382733014617
6 1.0493862628936768 10 13 -0.27602805042928635
1 0.31488293409347534 11 12 -0.5068401873527166
-1 0.0 0 0 -0.06991207239289697
-1 0.0 0 0 -0.0043942599298774174
-1 0.0 0 0 -0.005483308587766564
6 1.105071783065796 15 28 -0.0025840430448312596
7 0.7829999923706055 16 27 -0.012694607096881253
5 1.4115102291107178 17 26 -0.011895838966276008
6 1.0887759923934937 18 19 -0.01709081654290658
-1 0.0 0 0 -0.0006408223580485769
7 0.4300000071525574 20 21 -0.04187618465749386
-1 0.0 0 0 -0.0026649287765343954
2 0.3233547806739807 22 23 -0.11400987660148244
-1 0.0 0 0 -0.0007684299420199952
7 0.6990000009536743 24 25 -0.19212662718364917
-1 0.0 0 0 -0.016332059380291624
-1 0.0 0 0 -0.06674261779657432
-1 0.0 0 0 0.0028949230766202668
-1 0.0 0 0 -0.030425562500953674
-1 0.0 0 0 0.0004156414838227424
nodes 29
1 0.45234888792037964 1 10 0.0
1 0.4175012707710266 2 3 0.00023440773388523783
-1 0.0 0 0 -5.83620967017755e-05
6 1.0433354377746582 4 5 0.02250569692460744
-1 0.0 0 0 0.004641570659206637
6 1.0449154376983643 6 7 -0.011101964925631345
-1 0.0 0 0 -0.024202352001198704
7 0.26899999380111694 8 9 0.0004689075554315729
-1 0.0 0 0 -0.002084629712458629
-1 0.0 0 0 0.01209505644848659
4 1.0 11 28 -0.059563496460121275
0 0.5480470657348633 12 25 -0.027392126333359464
4 0.9631431698799133 13 22 0.010469351568100445
4 0.9005171060562134 14 15 -0.037667360454961135
-1 0.0 0 0 0.014119169943253785
8 66.5 16 21 -0.1136824609071482
8 60.5 17 20 -0.15732999170598175
0 0.5240588784217834 18 19 -0.06635638881618014
-1 0.0 0 0 -0.000108677144938459
-1 0.0 0 0 -0.03404887817567214
-1 0.0 0 0 -0.04201426222765198
-1 0.0 0 0 0.019185025468468668
6 1.0456658601760864 23 24 0.1650492155294813
-1 0.0 0 0 0.030186403050486532
-1 0.0 0 0 -0.013967469055205585
8 65.5 26 27 -0.28467807843646203
-1 0.0 0 0 -0.05483308659999499
-1 0.0 0 0 -0.004395162022632101
-1 0.0 0 0 -0.0284763087347454
nodes 29
3 0.4034835398197174 1 24 0.0
6 1.1544904708862305 2 17 -0.01175318004548844
4 0.9028347134590149 3 12 -0.037223550556398005
2 0.36500078439712524 4 5 -0.049721246276177265
-1 0.0 0 0 -0.007443319779494215
6 1.1248990297317505 6 9 -0.003516015072630877
7 0.6520000100135803 7 8 0.027630466705618938
-1 0.0 0 0 0.00061296212838854
-1 0.0 0 0 0.06878855948646864
4 0.7900057435035706 10 11 -0.14460216169910772
-1 0.0 0 0 -0.0015342794950046236
-1 0.0 0 0 -0.05323802619462922
4 0.9086505770683289 13 14 0.10764104417808677
-1 0.0 0 0 0.053303537033498286
6 1.0737512111663818 15 16 0.06712729882981096
-1 0.0 0 0 0.025080010034691763
-1 0.0 0 0 -0.0020828690629085185
2 0.388897567987442 18 21 0.0002915934684883907
2 0.36006689071655273 19 20 -0.0019540430201253575
-1 0.0 0 0 0.0003134044035144611
-1 0.0 0 0 -0.015371850767376159
2 0.4023624062538147 22 23 0.26769846396557256
-1 0.0 0 0 0.055887523411462706
-1 0.0 0 0 -0.014826835053307669
5 1.5720176696777344 25 26 0.0011652416437518518
-1 0.0 0 0 -6.469856430975707e-05
2 0.4241766333580017 27 28 0.024609821733979704
-1 0.0 0 0 0.0019553155600889878
-1 0.0 0 0 0.013829386249589133
nodes 29
7 0.8889999985694885 1 20 0.0
6 1.105071783065796 2 19 0.00046151613852304105
7 0.7049999833106995 3 6 -0.002716265956903689
6 1.0835033655166626 4 5 -0.0018454542642908469
-1 0.0 0 0 0.00032544275731439615
-1 0.0 0 0 -0.0022501737323116825
5 1.1711162328720093 7 10 -0.15428674279939428
4 0.9243509769439697 8 9 0.13159255394371364
-1 0.0 0 0 0.04761401990277542
-1 0.0 0 0 -0.01517021764587197
5 1.2533763647079468 11 12 -0.2465784842676417
-1 0.0 0 0 -0.06583725633543162
2 0.2935008406639099 13 14 -0.11075111786732499
-1 0.0 0 0 -0.05601999443588834
6 1.0493862628936768 15 16 -0.016878894612758974
-1 0.0 0 0 -0.05208841173545175
2 0.3273334205150604 17 18 0.06898866185435543
-1 0.0 0 0 0.04604176237351365
-1 0.0 0 0 -0.0073349142465928595
-1 0.0 0 0 0.00051751380952211
1 0.2621214687824249 21 28 -0.029762198580863323
1 0.2375110387802124 22 25 -0.024116361353609617
6 1.1472973823547363 23 24 -0.03284296586126889
-1 0.0 0 0 -0.031353089511394504
-1 0.0 0 0 -0.002895801182316957
4 1.0590299367904663 26 27 0.2954955287394114
-1 0.0 0 0 0.06314436801010744
-1 0.0 0 0 -0.004045262262225151
-1 0.0 0 0 -0.0415988790717992
nodes 29
8 96.5 1 14 0.0
8 80.5 2 3 -0.00041334347530820766
-1 0.0 0 0 8.126001327807953e-05
5 1.0664128065109253 4 5 -0.017037514790777575
-1 0.0 0 0 0.01320180228463688
3 0.652264416217804 6 7 -0.02112463072962373
-1 0.0 0 0 -0.000825886750997928
7 0.2840000092983246 8 13 -0.07140154632995924
8 93.5 9 12 -0.05158267879805457
6 1.0479483604431152 10 11 -0.0385011490625113
-1 0.0 0 0 0.00011123946169391275
-1 0.0 0 0 -0.011801951247787872
-1 0.0 0 0 -0.036025646698096984
-1 0.0 0 0 -0.04554671762285359
1 0.34254974126815796 15 24 0.0326013151209797
2 0.39506009221076965 16 23 0.046676308356619754
2 0.38738423585891724 17 22 0.03853171183636176
6 1.0707533359527588 18 21 0.04545893706931233
4 0.749299168586731 19 20 0.10890756543990024
-1 0.0 0 0 0.01301657982123568
-1 0.0 0 0 -0.0206929035750883
-1 0.0 0 0 0.00039085078708742333
-1 0.0 0 0 -0.02993964060493138
-1 0.0 0 0 0.03682474468288751
8 100.5 25 28 -0.1792453779385258
3 0.6477465033531189 26 27 0.007857809926188269
-1 0.0 0 0 -0.021855083303082556
-1 0.0 0 0 0.02239751509306106
-1 0.0 0 0 -0.0409115008743746
nodes 29
8 20.5 1 6 0.0
6 1.1784940958023071 2 3 -0.09198071464621374
-1 0.0 0 0 -0.041814992018044
7 0.9240000247955322 4 5 -0.044709815293427324
-1 0.0 0 0 0.0024468626926786134
-1 0.0 0 0 -0.017865105448575554
6 0.9072489738464355 7 28 0.00014555949809710162
5 1.293926477432251 8 27 -0.032519922381070716
1 0.3140110969543457 9 16 0.009363660169481413
8 64.5 10 13 0.13292487252478463
5 1.2035735845565796 11 12 -0.048987139298697004
-1 0.0 0 0 0.011665551043581218
-1 0.0 0 0 -0.03250582221895456
7 0.013000000268220901 14 15 0.27152450058077066
-1 0.0 0 0 0.014663341975250802
-1 0.0 0 0 0.06149749728584928
4 0.798353374004364 17 18 -0.026634488311984877
-1 0.0 0 0 -0.02515816301078303
1 0.32397177815437317 19 20 0.005790324919848694
-1 0.0 0 0 -0.02978158939352378
4 0.8845197558403015 21 22 0.033879876664315356
-1 0.0 0 0 0.013020418634904283
8 62.5 23 26 -0.03399967042894896
1 0.3682096004486084 24 25 0.05162595443820888
-1 0.0 0 0 0.01880363295393947
-1 0.0 0 0 -0.006512166389163483
-1 0.0 0 0 -0.022572661306628067
-1 0.0 0 0 -0.012872310919186274
-1 0.0 0 0 5.352343794813871e-05
nodes 29
1 0.15528720617294312 1 6 0.0
6 1.1721537113189697 2 3 -0.012279831541473293
-1 0.0 0 0 -0.004934172794563051
2 0.3729255795478821 4 5 -0.0006786018334428283
-1 0.0 0 0 -0.00019629859717755637
-1 0.0 0 0 0.031774163246154785
5 2.429349660873413 7 12 0.0010452168661161387
0 0.5420362949371338 8 9 0.0005698892883088199
-1 0.0 0 0 0.00011897528502148526
4 0.5523224472999573 10 11 -0.04049357589763605
-1 0.0 0 0 0.0030853491551379136
-1 0.0 0 0 -0.007683722020039408
0 0.5158553123474121 13 26 0.1475641451957292
3 0.3313557803630829 14 23 0.0823113972135661
6 1.1259307861328125 15 22 -0.06628494425806114
0 0.47918701171875 16 19 0.03343979204517035
4 0.8278455138206482 17 18 0.2823177994125419
-1 0.0 0 0 0.0620925887886967
-1 0.0 0 0 -0.001396427800258001
6 1.053582787513733 20 21 -0.15321871348035832
-1 0.0 0 0 -0.04689669439569116
-1 0.0 0 0 0.00046554017579182984
-1 0.0 0 0 -0.033477461892060745
0 0.39721858501434326 24 25 0.3029080278518581
-1 0.0 0 0 0.06185253645692554
-1 0.0 0 0 0.021569797428520887
7 0.36000001430511475 27 28 0.42345734280452396
-1 0.0 0 0 0.019885620261941638
-1 0.0 0 0 0.07807773385535588
nodes 29
5 1.076456069946289 1 10 0.0
7 0.753000020980835 2 9 0.012063168753046813
7 0.6169999837875366 3 4 0.010956302997928172
-1 0.0 0 0 0.0013210359189847918
8 45.5 5 8 -0.14987478047367875
1 0.3140110969543457 6 7 -0.24945741549569678
-1 0.0 0 0 -0.014174841339276595
-1 0.0 0 0 -0.05187299207530238
-1 0.0 0 0 0.009747563554875313
-1 0.0 0 0 0.030036480243628223
5 1.0817784070968628 11 28 -0.001026775208070182
0 0.40960928797721863 12 15 -0.03710086578087482
7 0.5799999833106995 13 14 -0.09170317775448784
-1 0.0 0 0 -0.01059477452722284
-1 0.0 0 0 0.010602498564652965
3 0.6112106442451477 16 17 -0.01153798564341554
-1 0.0 0 0 -0.027177959901431726
3 0.6411991119384766 18 19 -0.004119696202180284
-1 0.0 0 0 0.03161025212870704
8 76.5 20 21 -0.010922213804233602
-1 0.0 0 0 0.0007014249442118978
7 0.009999999776482582 22 23 -0.1861827402707126
-1 0.0 0 0 0.009758480233140292
7 0.041999999433755875 24 25 -0.24409448365889946
-1 0.0 0 0 -0.04997592077211098
3 0.7145023345947266 26 27 -0.14686987028312934
-1 0.0 0 0 -0.036071333835522336
-1 0.0 0 0 0.0009600960013524788
-1 0.0 0 0 -2.4286885387823236e-05
nodes 29
8 43.5 1 28 0.0
6 1.0472465753555298 2 19 -0.006255646312527937
3 0.8116125464439392 3 4 -0.06263993006412186
-1 0.0 0 0 -0.016282361540236052
3 0.8223370313644409 5 6 -0.02758895069423323
-1 0.0 0 0 0.030955952649506242
0 0.44546306133270264 7 18 -0.04386724300049449
5 1.1936841011047363 8 15 -0.06810770466062066
7 0.008999999612569809 9 10 -0.08687515588840083
-1 0.0 0 0 0.00587741392830919
7 0.01600000075995922 11 14 -0.11703071418447046
3 0.8880615830421448 12 13 -0.3507007386508411
-1 0.0 0 0 -0.06904145774741968
-1 0.0 0 0 -0.008938240109441373
-1 0.0 0 0 -0.009187746662100779
0 0.3211449682712555 16 17 0.14077159017324448
-1 0.0 0 0 -0.006517909249154533
-1 0.0 0 0 0.037532653431925515
-1 0.0 0 0 0.011445856952088905
1 0.3167044520378113 20 25 -0.0023429949858077316
1 0.31488293409347534 21 22 -0.006751022619749398
-1 0.0 0 0 -0.0005302142197604513
4 1.023490309715271 23 24 -0.27461451552143057
-1 0.0 0 0 -0.04057316391694325
-1 0.0 0 0 0.016790577679057606
7 0.7649999856948853 26 27 0.032843702491345446
-1 0.0 0 0 0.002650319438278587
-1 0.0 0 0 0.04240042796501747
-1 0.0 0 0 0.0001920172967183237
nodes 29
2 0.48455941677093506 1 4 0.0
2 0.4481412172317505 2 3 0.00021806637232279965
-1 0.0 0 0 -6.10552985136033e-05
-1 0.0 0 0 0.0016928145900915689
4 0.9936493635177612 5 24 -0.055411134775233815
5 1.1921287775039673 6 23 -0.01619763888182148
0 0.512292206287384 7 12 0.011348823407684231
0 0.5091556310653687 8 11 0.16603633670790777
6 1.0416560173034668 9 10 0.05449082113802433
-1 0.0 0 0 0.022144894674420358
-1 0.0 0 0 -0.014150350022575128
-1 0.0 0 0 0.03984228274784982
4 0.9110203385353088 13 20 -0.04189246023983456
4 0.8821378946304321 14 17 0.08304906425265861
4 0.8605349659919739 15 16 -0.08208427411553107
-1 0.0 0 0 0.020181384323923676
-1 0.0 0 0 -0.03375925797348221
3 0.8253170251846313 18 19 0.25418725128878245
-1 0.0 0 0 0.04063975296382394
-1 0.0 0 0 -0.001218073582276702
0 0.5299081802368164 21 22 -0.17775120531905045
-1 0.0 0 0 -0.00662746558256913
-1 0.0 0 0 -0.056549572529595186
-1 0.0 0 0 -0.03223871620228657
0 0.47367942333221436 25 26 -0.21582998161192063
-1 0.0 0 0 0.005359503724004911
6 1.0479483604431152 27 28 -0.3305850822340559
-1 0.0 0 0 -0.014932320989442594
-1 0.0 0 0 -0.061542516733918876
nodes 29
4 0.6581808924674988 1 28 0.0
6 1.1259307861328125 2 27 -0.010316350998898214
7 0.46299999952316284 3 18 -0.05151598134961318
2 0.35407131910324097 4 13 -0.039502078251215246
2 0.3512759804725647 5 12 -0.022270672503933886
1 0.24211859703063965 6 7 -0.03142076670887544
-1 0.0 0 0 -0.008197924936517822
8 101.5 8 9 0.008224675374064785
-1 0.0 0 0 -0.001302991705749071
6 1.058034896850586 10 11 0.13908317355341765
-1 0.0 0 0 0.029157794202512057
-1 0.0 0 0 -0.004341056576517762
-1 0.0 0 0 0.03897243586711978
7 0.30000001192092896 14 17 -0.1218455991583057
2 0.3657405972480774 15 16 -0.07510043125930616
-1 0.0 0 0 -0.02063109425938513
-1 0.0 0 0 -0.00038517127389348647
-1 0.0 0 0 -0.029166665215846863
6 1.0648356676101685 19 20 -0.1582781874551242
-1 0.0 0 0 -0.05418001854861224
4 0.5724901556968689 21 22 -0.1092019128255652
-1 0.0 0 0 -0.03379446122617948
5 1.5270862579345703 23 26 -0.05235461474082174
5 1.3818820714950562 24 25 0.024701631825974606
-1 0.0 0 0 -0.005570036886295059
-1 0.0 0 0 0.04305403019700732
-1 0.0 0 0 -0.028535802697851543
-1 0.0 0 0 0.00026943496070918954
-1 0.0 0 0 0.00011213524359695742
nodes 29
7 0.746999979019165 1 2 0.0
-1 0.0 0 0 0.00011192271328620007
1 0.3357647955417633 3 28 -0.010370632366695892
2 0.4006878733634949 4 27 -0.012067373235773917
6 1.0915472507476807 5 12 -0.013430543094041254
2 0.3561721444129944 6 11 -0.30505660652232014
2 0.32565993070602417 7 10 -0.1456475774065365
6 1.0684006214141846 8 9 -0.36345887401451665
-1 0.0 0 0 -0.00577240603637289
-1 0.0 0 0 -0.06559008696804876
-1 0.0 0 0 0.019233546905412242
-1 0.0 0 0 -0.08667836615017482
5 1.0886310338974 13 16 -0.010539842340109025
1 0.21349576115608215 14 15 0.2663856723318951
-1 0.0 0 0 -0.012906591601980232
-1 0.0 0 0 0.0534272232183045
1 0.3067834973335266 17 24 -0.012050556436095618
1 0.29868900775909424 18 21 -0.01346050600558148
2 0.3912229537963867 19 20 -0.011739254125709914
-1 0.0 0 0 -0.0010862039305740427
-1 0.0 0 0 -0.040427199999491376
6 1.1544904708862305 22 23 -0.3082014188170433
-1 0.0 0 0 -0.055112342004265104
-1 0.0 0 0 -0.005628230643493159
5 1.147229790687561 25 26 0.21432999054254112
-1 0.0 0 0 -0.020444968579844996
-1 0.0 0 0 0.046333412242096826
-1 0.0 0 0 0.04953988213092089
-1 0.0 0 0 0.04470424269222551
nodes 29
7 0.01600000075995922 1 22 0.0
0 0.37901461124420166 2 19 -0.011785028676549724
2 0.33037638664245605 3 8 -0.0868475504036649
2 0.32165929675102234 4 5 -0.005349429926889784
-1 0.0 0 0 -0.004776587808604231
7 0.010999999940395355 6 7 0.195489896898977
-1 0.0 0 0 0.0052550769636347415
-1 0.0 0 0 0.06175006535791216
7 0.014000000432133675 9 18 -0.17791117797865305
6 0.9928082823753357 10 17 -0.13785939127620375
4 0.9308300018310547 11 14 -0.21272687032477242
6 0.950168251991272 12 13 -0.4943187811198489
-1 0.0 0 0 -0.021927727836935612
-1 0.0 0 0 -0.07968644341453911
6 0.9332584142684937 15 16 -0.14879789598210638
-1 0.0 0 0 0.005144194770519707
-1 0.0 0 0 -0.02335147529267348
-1 0.0 0 0 -0.001983912916491843
-1 0.0 0 0 -0.04480786846442656
3 0.9699468016624451 20 21 -0.001817945709104135
-1 0.0 0 0 6.732989041301144e-06
-1 0.0 0 0 -0.01969584723791251
7 0.125 23 28 0.0009824581235848518
6 1.1027727127075195 24 25 0.00861107472006694
-1 0.0 0 0 0.00038755554965921423
5 1.1257283687591553 26 27 0.046269356702798276
-1 0.0 0 0 0.013719766752891903
-1 0.0 0 0 0.0023162162202430953
-1 0.0 0 0 -0.00022071685575222313
nodes 29
8 96.5 1 4 0.0
8 82.5 2 3 -0.0003788457989601583
-1 0.0 0 0 5.555283161785615e-05
-1 0.0 0 0 -0.0016788000842039162
4 0.7850568294525146 5 28 0.02988041031919758
1 0.35453909635543823 6 27 0.036805357880996786
4 0.6824783086776733 7 18 0.04582944526240247
1 0.31580469012260437 8 15 0.022110774857186984
6 1.060608983039856 9 14 0.03302243692780557
5 1.1461111307144165 10 13 0.11212261497056611
1 0.2786099314689636 11 12 0.2813268866027809
-1 0.0 0 0 0.05563848381540899
-1 0.0 0 0 0.009582268671933996
-1 0.0 0 0 0.004406279621347413
-1 0.0 0 0 0.0004038284097538571
4 0.6393638849258423 16 17 -0.12379373511565583
-1 0.0 0 0 0.0046851428335203844
-1 0.0 0 0 -0.028495861170813444
5 1.1637496948242188 19 22 0.17411429702394432
8 103.5 20 21 0.013304775303884133
-1 0.0 0 0 0.017242007132838754
-1 0.0 0 0 -0.033951609848957995
5 1.2413122653961182 23 24 0.2803634453032698
-1 0.0 0 0 0.047282351487212715
0 0.48344340920448303 25 26 0.15109921947344027
-1 0.0 0 0 -0.008986543628076714
-1 0.0 0 0 0.034647596738225706
-1 0.0 0 0 -0.02462660147146763
-1 0.0 0 0 -0.03572871124541218
nodes 29
2 0.46381431818008423 1 14 0.0
2 0.4481412172317505 2 5 0.0004735622329847122
1 0.42196500301361084 3 4 -0.0005348266796775843
-1 0.0 0 0 -8.174574876376576e-05
-1 0.0 0 0 0.009072598598344386
3 0.636642336845398 6 9 0.030970096518987664
1 0.3406345546245575 7 8 0.17350166544858966
-1 0.0 0 0 0.009641503280091312
-1 0.0 0 0 0.042831581225618726
8 53.5 10 11 0.023563997563544044
-1 0.0 0 0 0.00676722454868608
5 1.2635074853897095 12 13 0.0031747437440892957
-1 0.0 0 0 0.0009328275296459523
-1 0.0 0 0 -0.018992893687552876
7 0.44600000977516174 15 28 -0.023687776756990814
4 0.8181219696998596 16 17 -0.01946411319582542
-1 0.0 0 0 0.02405015356424782
5 1.1525721549987793 18 21 -0.024382013016203206
5 1.145135521888733 19 20 -0.007555710135388631
-1 0.0 0 0 -0.001586874696022646
-1 0.0 0 0 0.02340113599510754
6 0.9900560975074768 22 23 -0.09409747873590252
-1 0.0 0 0 -0.03056821523260483
4 0.9446737766265869 24 25 -0.04385496427135287
-1 0.0 0 0 0.005230579546922328
0 0.4880489706993103 26 27 -0.21147463721364154
-1 0.0 0 0 -0.00616245657952454
-1 0.0 0 0 -0.05720513715641573
-1 0.0 0 0 -0.0413672712237929
nodes 29
5 1.2282440662384033 1 8 0.0
5 1.2241365909576416 2 3 -0.0027671817414892798
-1 0.0 0 0 -0.00016804588297470298
6 0.995628297328949 4 7 -0.08430466715006853
3 0.7390866279602051 5 6 -0.3236318845667091
-1 0.0 0 0 -0.05441335229383361
-1 0.0 0 0 0.0018145654909312728
-1 0.0 0 0 -0.00676529780801522
2 0.41849568486213684 9 10 0.004083634398472992
-1 0.0 0 0 0.00017091892107610072
6 0.9072489738464355 11 16 0.048954800059067646
4 0.9256449937820435 12 15 -0.1309839014024149
8 64.5 13 14 -0.21632242038137056
-1 0.0 0 0 -0.04620156996220098
-1 0.0 0 0 -0.007833030464347733
-1 0.0 0 0 0.027437406374762458
3 0.578287661075592 17 24 0.06207929308321383
7 0.3370000123977661 18 21 0.12787148789723138
6 1.1143425703048706 19 20 0.09246193474910624
-1 0.0 0 0 0.011495383909530449
-1 0.0 0 0 -0.02877238032317931
2 0.43208223581314087 22 23 0.30178566486368663
-1 0.0 0 0 0.046064180037272834
-1 0.0 0 0 0.0043182653569897944
8 60.5 25 28 0.026173095259877467
6 1.118859052658081 26 27 0.08854700039068814
-1 0.0 0 0 0.006931601871212671
-1 0.0 0 0 0.057412928777436416
-1 0.0 0 0 -0.003998104654552779
nodes 29
8 20.5 1 4 0.0
6 1.1850559711456299 2 3 -0.08131879433964473
-1 0.0 0 0 -0.03590322301130403
-1 0.0 0 0 -0.0036394562082183684
4 0.9581347107887268 5 6 0.00012868704600133604
-1 0.0 0 0 -0.00015596678990965966
6 1.1418253183364868 7 28 0.00710665950969821
5 1.2413122653961182 8 9 0.015205869224736313
-1 0.0 0 0 0.000498629825610205
8 44.5 10 27 0.0603662545190021
4 1.0 11 12 0.03224669771796025
-1 0.0 0 0 -0.003696547757673217
7 0.03700000047683716 13 14 0.07836583580117407
-1 0.0 0 0 -0.016818451088454044
4 1.023490309715271 15 18 0.09626886927420313
7 0.6389999985694885 16 17 0.2525710066813126
-1 0.0 0 0 0.010604013786823662
-1 0.0 0 0 0.08020617647303475
7 0.7829999923706055 19 24 0.06256437306157296
5 1.790616512298584 20 23 0.08506256088647499
5 1.3165841102600098 21 22 0.049292746726750804
-1 0.0 0 0 0.015432019055757019
-1 0.0 0 0 -0.0026303929876751054
-1 0.0 0 0 0.029433268858729125
8 30.5 25 26 -0.21228848819931348
-1 0.0 0 0 0.016806647905281615
-1 0.0 0 0 -0.0744785442352295
-1 0.0 0 0 0.012077772131226284
-1 0.0 0 0 -0.0012106496962366001
nodes 29
8 53.5 1 2 0.0
-1 0.0 0 0 -0.0003540686922862378
0 0.37560325860977173 3 28 0.0030497028512560054
6 1.1004362106323242 4 25 0.031228210936313616
2 0.34779348969459534 5 22 0.06061119391237309
7 0.46799999475479126 6 15 0.042063586880078885
2 0.32956191897392273 7 8 0.03148384746275011
-1 0.0 0 0 0.005449797228293562
7 0.009999999776482582 9 10 -0.05209092037017706
-1 0.0 0 0 -0.05500916883568553
6 1.0797364711761475 11 12 -0.008896976208067214
-1 0.0 0 0 0.005904765857219998
6 1.0930484533309937 13 14 -0.2183929334472244
-1 0.0 0 0 -0.04157094331458211
-1 0.0 0 0 0.0176240065949969
4 0.7932788729667664 16 17 0.2220103616248174
-1 0.0 0 0 -0.024218195211142303
8 60.5 18 21 0.3988455287624328
8 55.5 19 20 0.22080746154975275
-1 0.0 0 0 0.05438036357697386
-1 0.0 0 0 -0.004162693000398576
-1 0.0 0 0 0.07960073710061037
5 1.1698108911514282 23 24 0.18806498039415792
-1 0.0 0 0 0.00992098888714931
-1 0.0 0 0 0.043685923665761954
2 0.3406869173049927 26 27 -0.007068890513419676
-1 0.0 0 0 0.0004664440589204588
-1 0.0 0 0 -0.05082497476112276
-1 0.0 0 0 6.420959599575444e-05
nodes 29
6 1.105071783065796 1 26 0.0
7 0.5979999899864197 2 13 -0.002843518940540906
2 0.2137904167175293 3 4 -0.0014847029757146491
-1 0.0 0 0 -0.014336894018378305
0 0.346476286649704 5 6 -0.0009198693354836557
-1 0.0 0 0 0.0027895182177211948
6 1.0860904455184937 7 8 -0.0036785353590047063
-1 0.0 0 0 5.825813806343784e-05
7 0.020999999716877937 9 12 -0.028541244501096213
4 0.915721595287323 10 11 0.14941124175364773
-1 0.0 0 0 0.029226280773949367
-1 0.0 0 0 -0.031995818934270316
-1 0.0 0 0 -0.0032085644041424406
4 0.699729859828949 14 17 -0.07611681344718033
0 0.46756815910339355 15 16 -0.40867848361009046
-1 0.0 0 0 -0.013396599888801576
-1 0.0 0 0 -0.07864081501029432
4 1.0091733932495117 18 21 -0.05742251837885107
3 0.8855477571487427 19 20 -0.025660917497314688
-1 0.0 0 0 -0.004128902121521487
-1 0.0 0 0 0.03373576060070523
5 1.2261074781417847 22 25 -0.2196745517977839
5 1.18487548828125 23 24 -0.3901143862348464
-1 0.0 0 0 -0.02313719946832862
-1 0.0 0 0 -0.078086488851561
-1 0.0 0 0 -0.0017837905753894075
1 0.3812118172645569 27 28 0.004062248817043543
-1 0.0 0 0 0.00035437897310096095
-1 0.0 0 0 0.0225919532715731
nodes 29
3 0.4034835398197174 1 2 0.0
-1 0.0 0 0 -0.0009805731270599565
5 1.5720176696777344 3 4 0.0009721662903119022
-1 0.0 0 0 -6.829627005761798e-05
0 0.490042507648468 5 26 0.022384383437750673
8 78.5 6 23 0.017318684868842193
6 1.14875328540802 7 22 0.02080243116533963
7 0.6690000295639038 8 17 0.046727496933516695
7 0.6570000052452087 9 16 0.03146223628179696
5 2.338496208190918 10 15 0.03658969343287881
8 59.5 11 12 0.03163546923249477
-1 0.0 0 0 0.0007720077179918259
8 64.5 13 14 0.07943628417467465
-1 0.0 0 0 0.01955365493725732
-1 0.0 0 0 0.0011711129475900505
-1 0.0 0 0 0.03958460119637577
-1 0.0 0 0 -0.05093730266975321
2 0.3757968544960022 18 21 0.18217903075982694
4 1.139628529548645 19 20 0.13888455316668652
-1 0.0 0 0 0.019063310904242983
-1 0.0 0 0 -0.019199257682670248
-1 0.0 0 0 0.05122994224075228
-1 0.0 0 0 -4.956707997741784e-05
2 0.35407131910324097 24 25 -0.1319635500491544
-1 0.0 0 0 0.008501027426488388
-1 0.0 0 0 -0.03229005154455081
7 0.5740000009536743 27 28 0.11317051170314527
-1 0.0 0 0 0.00887629217207611
-1 0.0 0 0 0.05097938489168883
nodes 29
8 96.5 1 2 0.0
-1 0.0 0 0 -3.509793881297594e-05
4 0.7850568294525146 3 28 0.027682513118628422
1 0.35453909635543823 4 27 0.03391941354480005
4 0.6824783086776733 5 16 0.04205247392554693
6 1.060608983039856 6 13 0.020826705577202658
1 0.29868900775909424 7 12 0.07808624805898912
5 1.1294729709625244 8 9 0.1300600367782334
-1 0.0 0 0 0.0400832440544452
6 1.0235028266906738 10 11 0.07740984715702426
-1 0.0 0 0 -0.001070421353991454
-1 0.0 0 0 0.017811163081066863
-1 0.0 0 0 -0.00815475315786898
6 1.127000331878662 14 15 -0.00180709415554234
-1 0.0 0 0 -0.005101496602993854
-1 0.0 0 0 0.0048644796951633545
0 0.4546205997467041 17 18 0.15685421026121543
-1 0.0 0 0 -0.005415041015525772
1 0.3275057375431061 19 24 0.2222359236297001
3 0.5307774543762207 20 21 0.3760745749252195
-1 0.0 0 0 0.009274667651496
0 0.48344340920448303 22 23 0.5035721292098363
-1 0.0 0 0 0.03540991536445088
-1 0.0 0 0 0.07277815925578277
3 0.6271240711212158 25 26 -0.02110885205593976
-1 0.0 0 0 -0.02280861245917863
-1 0.0 0 0 0.020975041346481215
-1 0.0 0 0 -0.022120184892494427
-1 0.0 0 0 -0.03210169197991491
nodes 29
6 1.105071783065796 1 20 0.0
8 35.5 2 15 -0.0025964745555577626
1 0.3386502265930176 3 14 -0.0665613544160821
0 0.346476286649704 4 9 -0.10183945140315057
5 1.8683881759643555 5 8 -0.060540664671053596
7 0.7649999856948853 6 7 -0.08074555057933729
-1 0.0 0 0 -0.006534082468404154
-1 0.0 0 0 -0.04629012506741744
-1 0.0 0 0 0.021614256888932114
7 0.5040000081062317 10 11 -0.23283119786618942
-1 0.0 0 0 -0.00918213482528432
1 0.2877647578716278 12 13 -0.6533868896954677
-1 0.0 0 0 -0.02971154013225301
-1 0.0 0 0 -0.08773289681013141
-1 0.0 0 0 0.007092159968578551
6 1.0860904455184937 16 19 -0.0012757574955927424
2 0.2137904167175293 17 18 0.0026173407004499685
-1 0.0 0 0 -0.01961338380831726
-1 0.0 0 0 0.0003020234356632941
-1 0.0 0 0 -0.0020547518006005286
7 0.12800000607967377 21 24 0.003709321593552567
5 1.1257283687591553 22 23 0.04113179000817278
-1 0.0 0 0 0.013181305067144926
-1 0.0 0 0 0.0018744147101279092
1 0.3812118172645569 25 26 0.0007685366699392856
-1 0.0 0 0 3.093797334218191e-05
7 0.3499999940395355 27 28 0.25072045414043326
-1 0.0 0 0 0.044876086106523876
-1 0.0 0 0 -0.01813677064227787
nodes 29
1 0.36402803659439087 1 26 0.0
1 0.34359604120254517 2 7 0.0015638768031477957
2 0.41849568486213684 3 4 -0.0007766010164247112
-1 0.0 0 0 -0.00019291420409035196
7 0.3370000123977661 5 6 0.07024547106705606
-1 0.0 0 0 0.0042667160827721965
-1 0.0 0 0 0.024397125977216064
7 0.6520000100135803 8 23 0.022979711397259864
5 1.0392156839370728 9 10 0.019166462352829084
-1 0.0 0 0 0.053903911324838794
7 0.5509999990463257 11 16 0.017556534143604127
8 61.5 12 13 0.020704943614015526
-1 0.0 0 0 0.004266300935352181
6 1.0980801582336426 14 15 -0.005994791393876885
-1 0.0 0 0 0.0013083792953146123
-1 0.0 0 0 -0.021546174870390032
5 1.1351656913757324 17 20 -0.21167766015444484
3 0.8332309126853943 18 19 -0.4779781038468739
-1 0.0 0 0 -0.07632723945108327
-1 0.0 0 0 -0.0007242524251341821
4 0.8559030890464783 21 22 0.059743945916684776
-1 0.0 0 0 0.03302706909676393
-1 0.0 0 0 -0.03091561609709805
6 1.0958354473114014 24 25 0.4526057704031278
-1 0.0 0 0 0.0003218604108461967
-1 0.0 0 0 0.07243282430464142
4 0.732112467288971 27 28 -0.00610519392280882
-1 0.0 0 0 -0.01862939594238445
-1 0.0 0 0 -0.00047519976601528217
nodes 29
7 0.01600000075995922 1 28 0.0
0 0.37901461124420166 2 19 -0.010729928382432126
2 0.331892192363739 3 16 -0.07798797103881984
4 0.8547412753105164 4 5 -0.009296022704096907
-1 0.0 0 0 -0.014610772178081486
7 0.010999999940395355 6 13 0.034483721000452834
6 0.9621775150299072 7 12 -0.01236622897465225
4 0.91962730884552 8 9 0.1151538573531914
-1 0.0 0 0 0.03295539390422743
7 0.003000000026077032 10 11 -0.06283866329434908
-1 0.0 0 0 -0.031040553165518722
-1 0.0 0 0 0.012696260244896016
-1 0.0 0 0 -0.007781304576724925
2 0.3191814422607422 14 15 0.18503524563955456
-1 0.0 0 0 0.002732321998160897
-1 0.0 0 0 0.06376001888319202
7 0.014000000432133675 17 18 -0.1615322325269964
-1 0.0 0 0 -0.012355819971311246
-1 0.0 0 0 -0.04045660425358537
3 0.9699468016624451 20 27 -0.0017991533969968655
3 0.8527877330780029 21 26 -8.977315775240582e-05
1 0.4175012707710266 22 23 -0.007667594295829379
-1 0.0 0 0 -0.0013123711628819236
5 1.151475191116333 24 25 0.06571161636621786
-1 0.0 0 0 0.009026242007149032
-1 0.0 0 0 -0.0347188264131546
-1 0.0 0 0 0.004024930478028141
-1 0.0 0 0 -0.017873315723756188
-1 0.0 0 0 8.944997449988595e-05
nodes 29
2 0.46381431818008423 1 10 0.0
2 0.4481412172317505 2 3 0.00043649919139207485
-1 0.0 0 0 -4.4224024304932194e-05
0 0.5332775115966797 4 7 0.02701206637028227
8 56.5 5 6 0.020724114287334863
-1 0.0 0 0 0.005686390945957739
-1 0.0 0 0 -0.0007775315779424553
5 1.2871533632278442 8 9 0.14404657451414096
-1 0.0 0 0 0.007327723341460493
-1 0.0 0 0 0.041640131147296144
7 0.44600000977516174 11 28 -0.021833864355038694
7 0.3409999907016754 12 27 -0.0180479474767221
6 1.0433354377746582 13 26 -0.023407012094251473
4 0.8278455138206482 14 15 0.002981992615902015
-1 0.0 0 0 0.024934150066904047
4 0.8463580012321472 16 19 -0.0062512427796159505
8 69.5 17 18 -0.2560858727762631
-1 0.0 0 0 -0.003349298445714845
-1 0.0 0 0 -0.05422767291865534
7 0.11699999868869781 20 25 0.004398901305498669
5 1.1626853942871094 21 22 -0.02341297949309422
-1 0.0 0 0 -5.2117072478667154e-05
6 0.9900560975074768 23 24 -0.14955805158698476
-1 0.0 0 0 -0.03351185670388596
-1 0.0 0 0 -0.0030116800261640003
-1 0.0 0 0 0.013718280399006267
-1 0.0 0 0 -0.0070883832976034265
-1 0.0 0 0 0.0212757221846418
-1 0.0 0 0 -0.03714001894529377
nodes 29
8 53.5 1 2 0.0
-1 0.0 0 0 -0.0003282193158624905
0 0.389507919549942 3 28 0.0028270544077794234
2 0.34418395161628723 4 13 0.023566941632547078
1 0.3076615035533905 5 12 0.010088109731499139
4 0.7867006063461304 6 7 0.019178988468129796
-1 0.0 0 0 -0.002164499806085084
6 1.1091890335083008 8 11 0.04312521378194883
7 0.46799999475479126 9 10 0.06266917809797655
-1 0.0 0 0 0.004898170889125431
-1 0.0 0 0 0.025710375722658066
-1 0.0 0 0 -0.0011798827918907547
-1 0.0 0 0 -0.017095967285002834
6 1.1117005348205566 14 27 0.0889689070869303
7 0.17299999296665192 15 22 0.10598850607187714
3 0.9098724126815796 16 17 0.055433181571626335
-1 0.0 0 0 0.008371222109491112
0 0.368932843208313 18 19 -0.11477970393995444
-1 0.0 0 0 0.008546487918983285
0 0.3801860511302948 20 21 -0.31124608738804765
-1 0.0 0 0 -0.05967641600097219
-1 0.0 0 0 -0.007495526866666203
6 1.0292458534240723 23 24 0.2353609857825884
-1 0.0 0 0 -0.007849676150362939
1 0.341576486825943 25 26 0.27459320419336564
-1 0.0 0 0 0.031494258928067446
-1 0.0 0 0 -0.006762935821380881
-1 0.0 0 0 -0.030751038744876332
-1 0.0 0 0 9.371824147833305e-06
nodes 29
6 1.105071783065796 1 20 0.0
7 0.7049999833106995 2 3 -0.0026465754640544073
-1 0.0 0 0 -0.00019860176046608194
4 0.9146221876144409 4 13 -0.11593515402978816
5 1.1698108911514282 5 6 -0.0013668371104104545
-1 0.0 0 0 0.04433188974857331
6 1.074352502822876 7 8 -0.10443968950024504
-1 0.0 0 0 -0.037748328086576965
5 1.341483235359192 9 10 0.061129296753317755
-1 0.0 0 0 -0.028474201002093247
5 1.6235073804855347 11 12 0.35274628089631305
-1 0.0 0 0 0.07358136020600796
-1 0.0 0 0 0.010560607369388304
4 0.943173348903656 14 15 -0.2534171343330414
-1 0.0 0 0 -0.07171858403493057
2 0.26762136816978455 16 17 -0.17670351378899768
-1 0.0 0 0 -0.05816263984078947
1 0.24211859703063965 18 19 -0.09203781973231923
-1 0.0 0 0 0.022928046294160793
-1 0.0 0 0 -0.025489777122458368
7 0.12800000607967377 21 24 0.003780895382616323
5 1.1257283687591553 22 23 0.03792549045574075
-1 0.0 0 0 0.012014689223538232
-1 0.0 0 0 0.0017626441138572386
1 0.3812118172645569 25 26 0.0010976969013879784
-1 0.0 0 0 6.831504716719213e-05
7 0.29600000381469727 27 28 0.22676492905510323
-1 0.0 0 0 0.04911465857710157
-1 0.0 0 0 -0.0037616727660809246
nodes 29
0 0.5420362949371338 1 2 0.0
-1 0.0 0 0 3.804728579483716e-05
8 54.5 3 4 -0.023884380281134904
-1 0.0 0 0 -0.03276646175509086
4 0.5523224472999573 5 6 -0.01836110323986629
-1 0.0 0 0 0.002723455525037487
4 0.6966195702552795 7 14 -0.048267933002282534
6 1.0842121839523315 8 13 -0.11179167061127517
7 0.04899999871850014 9 10 -0.27634398464877635
-1 0.0 0 0 -0.010212994123930516
0 0.5480470657348633 11 12 -0.38921505502674364
-1 0.0 0 0 -0.009075412400998175
-1 0.0 0 0 -0.050625855738625804
-1 0.0 0 0 -0.006242597640002481
5 1.3708748817443848 15 26 0.02787044753615544
7 0.3889999985694885 16 25 -0.030845913998008758
6 1.052215337753296 17 20 -0.0009895036992047968
8 87.5 18 19 0.06600318490233706
-1 0.0 0 0 0.00990865138611283
-1 0.0 0 0 -0.019722504116108885
0 0.5480470657348633 21 24 -0.11318864070666515
8 69.5 22 23 -0.3004937767982483
-1 0.0 0 0 -0.05393876404989333
-1 0.0 0 0 -0.0072458725083958024
-1 0.0 0 0 -0.001251213005743921
-1 0.0 0 0 -0.05219838634133339
4 0.7468901872634888 27 28 0.3047895039607947
-1 0.0 0 0 0.053162769201610775
-1 0.0 0 0 0.000706438213819638
nodes 29
0 0.12108592689037323 1 4 0.0
6 1.1898772716522217 2 3 -0.04793690944674932
-1 0.0 0 0 -0.029474890762940048
-1 0.0 0 0 -0.0034703022144730493
4 0.9581347107887268 5 6 0.00018913529817247672
-1 0.0 0 0 -0.0001451210350859115
6 1.1208168268203735 7 20 0.007026008133269232
6 1.1108274459838867 8 13 0.015187972048493582
7 0.7900000214576721 9 12 0.009278923985080059
5 1.2413122653961182 10 11 0.011114748270743154
-1 0.0 0 0 0.00024365661405934165
-1 0.0 0 0 0.006395655589884671
-1 0.0 0 0 -0.04551846202876833
7 0.753000020980835 14 19 0.10035874047827488
5 1.0740326642990112 15 16 0.07718601457799147
-1 0.0 0 0 0.05631412039308445
4 0.9631431698799133 17 18 0.06202052020198657
-1 0.0 0 0 0.043940356763249096
-1 0.0 0 0 0.004433068985368167
-1 0.0 0 0 0.06340336399999533
1 0.3076615035533905 21 22 -0.007122862230620602
-1 0.0 0 0 -0.0011917131929798175
7 0.492000013589859 23 24 0.10424917614202678
-1 0.0 0 0 -0.0004360432004129204
2 0.3859165906906128 25 28 0.3148859919406323
2 0.3694188594818115 26 27 0.47015241067227276
-1 0.0 0 0 0.021254515939432644
-1 0.0 0 0 0.08933643234860418
-1 0.0 0 0 -0.014470260750502348
nodes 29
5 1.2282440662384033 1 4 0.0
5 1.2241365909576416 2 3 -0.002438458064243122
-1 0.0 0 0 -0.00014647081561332812
-1 0.0 0 0 -0.007549950984313761
6 0.9072489738464355 5 6 0.0035985246041771793
-1 0.0 0 0 -0.0073746289881510725
2 0.41849568486213684 7 28 0.004558137687126161
7 0.0689999982714653 8 13 0.0023846361495038233
1 0.2995113432407379 9 10 0.03109969047069271
-1 0.0 0 0 0.0008923604754292431
3 0.7667072415351868 11 12 0.09939282641393232
-1 0.0 0 0 0.01220984829852579
-1 0.0 0 0 -0.013692525711131135
6 1.0508136749267578 14 27 -0.0005620142837689252
4 0.9551572799682617 15 22 -0.05380317352141628
2 0.34988483786582947 16 17 -0.07817786905691287
-1 0.0 0 0 -0.01713154229450677
2 0.3708310127258301 18 21 -0.02830150141669469
5 1.255935788154602 19 20 0.11136876545551065
-1 0.0 0 0 0.0432216148974525
-1 0.0 0 0 0.004888795919128155
-1 0.0 0 0 -0.0076339608356074395
7 0.10100000351667404 23 24 0.14148115188650348
-1 0.0 0 0 0.07190728075802326
7 0.5210000276565552 25 26 0.04653457834780829
-1 0.0 0 0 0.013624248452261728
-1 0.0 0 0 -0.03153904224264211
-1 0.0 0 0 0.00019144690764471227
-1 0.0 0 0 0.004821771799227254
nodes 29
8 96.5 1 2 0.0
-1 0.0 0 0 -3.320362655502587e-05
4 0.7850568294525146 3 28 0.02618843015807215
1 0.35453909635543823 4 27 0.0318400991320557
4 0.6824783086776733 5 14 0.038839727682049775
6 1.060608983039856 6 13 0.02012558281710964
1 0.2786099314689636 7 12 0.07404650843604223
5 1.1351656913757324 8 9 0.14286643880294897
-1 0.0 0 0 0.058204352724853727
6 1.0235028266906738 10 11 0.08178883047607906
-1 0.0 0 0 -0.0014516323871378387
-1 0.0 0 0 0.018199824783762263
-1 0.0 0 0 -0.0030705951945444124
-1 0.0 0 0 -0.0001188513994812397
5 1.1637496948242188 15 20 0.1400570918440378
5 1.147229790687561 16 19 0.003514987334760057
8 101.5 17 18 0.1320082714556958
-1 0.0 0 0 0.028505945048527794
-1 0.0 0 0 -0.009061162531460552
-1 0.0 0 0 -0.03434168797917664
5 1.2413122653961182 21 24 0.23027241089481063
5 1.1985442638397217 22 23 0.4053967123437259
-1 0.0 0 0 0.023886465394626494
-1 0.0 0 0 0.05794984097592533
0 0.48344340920448303 25 26 0.11265161141419588
-1 0.0 0 0 -0.009282722485562165
-1 0.0 0 0 0.027925607325458852
-1 0.0 0 0 -0.01877271964361793
-1 0.0 0 0 -0.028979124429646286
nodes 29
1 0.45234888792037964 1 8 0.0
5 1.0728355646133423 2 7 0.0001835144510810415
8 50.5 3 4 0.012434338820536458
-1 0.0 0 0 -0.0010633390734879863
0 0.3601756691932678 5 6 0.022414140130970733
-1 0.0 0 0 0.01525449731615828
-1 0.0 0 0 0.0016558101715768055
-1 0.0 0 0 -6.652609153065024e-05
4 1.0 9 26 -0.04663137903755379
4 0.9631431698799133 10 23 -0.020133766162401995
7 0.1599999964237213 11 20 -0.06303259987308753
8 66.5 12 17 -0.1009557016260989
8 62.5 13 16 -0.16478694044607914
0 0.537302553653717 14 15 -0.09833934683047119
-1 0.0 0 0 -0.0036236996360707522
-1 0.0 0 0 -0.034197164482723634
-1 0.0 0 0 -0.03774192400160246
7 0.020999999716877937 18 19 0.09763037470272845
-1 0.0 0 0 -0.009204599312506617
-1 0.0 0 0 0.020920470871907824
7 0.2409999966621399 21 22 0.10534597191028297
-1 0.0 0 0 0.028558525850099548
-1 0.0 0 0 -0.010623927756577084
6 1.0456658601760864 24 25 0.1442110615743088
-1 0.0 0 0 0.025978248182456105
-1 0.0 0 0 -0.0113198010801253
5 1.077541470527649 27 28 -0.23211466916361634
-1 0.0 0 0 -0.008276443762911692
-1 0.0 0 0 -0.041540813513777475
nodes 29
6 1.105071783065796 1 28 0.0
6 1.0860904455184937 2 13 -0.002451186630326295
8 33.5 3 12 0.0012663187420323065
1 0.3167044520378113 4 9 -0.10241749153514816
1 0.24438825249671936 5 8 -0.17503908873937513
0 0.29497313499450684 6 7 0.02625118527147505
-1 0.0 0 0 -0.013873488292323821
-1 0.0 0 0 0.035622332166090155
-1 0.0 0 0 -0.03087822909345038
1 0.3275057375431061 10 11 0.040520255343012866
-1 0.0 0 0 0.0460607032884251
-1 0.0 0 0 -0.0048344255290710585
-1 0.0 0 0 0.0002069935956017997
7 0.020999999716877937 14 17 -0.02018116419476863
8 55.5 15 16 0.11776340440773839
-1 0.0 0 0 -0.011924465743011271
-1 0.0 0 0 0.031602976382978695
4 0.9739632606506348 18 19 -0.0228145887428025
-1 0.0 0 0 -0.0031781823557902665
7 0.7110000252723694 20 27 0.02662780165373609
7 0.22200000286102295 21 22 0.036466277618468664
-1 0.0 0 0 -0.0024831213064091164
6 1.0958354473114014 23 24 0.08334939400750492
-1 0.0 0 0 0.017535052449226565
7 0.5920000076293945 25 26 -0.007781749427754512
-1 0.0 0 0 0.0045353193877724135
-1 0.0 0 0 -0.034216544436740465
-1 0.0 0 0 -0.026577170401811602
-1 0.0 0 0 0.00035017632406747376
nodes 29
7 0.05000000074505806 1 4 0.0
8 44.5 2 3 -0.0060515932209278395
-1 0.0 0 0 -0.00453217495416889
-1 0.0 0 0 -0.0002347563437105685
7 0.125 5 28 0.0013720350681111339
1 0.36402803659439087 6 11 0.012537786022499693
7 0.054999999701976776 7 10 0.023130613558712366
5 1.0806471109390259 8 9 0.09096882087599306
-1 0.0 0 0 -0.014154204001090916
-1 0.0 0 0 0.010461103975456132
-1 0.0 0 0 0.0017455206636694126
5 1.0392156839370728 12 13 -0.007522719322193357
-1 0.0 0 0 -0.02442372475989254
6 1.0 14 17 -0.00405344473440211
1 0.38961130380630493 15 16 -0.2357642644830048
-1 0.0 0 0 -0.0030065193434711548
-1 0.0 0 0 -0.04708489171096257
4 0.7346293330192566 18 19 -0.0009051999008613126
-1 0.0 0 0 -0.02849697199685929
4 0.8076215982437134 20 27 0.0011160583152747085
1 0.3682096004486084 21 24 0.08569437300231393
8 72.5 22 23 -0.23458801777102053
-1 0.0 0 0 0.0008188518617923061
-1 0.0 0 0 -0.04586894359761992
5 1.063389539718628 25 26 0.13265660038843335
-1 0.0 0 0 0.04109016467267887
-1 0.0 0 0 0.00967242930798378
-1 0.0 0 0 -0.0005381018510389798
-1 0.0 0 0 -0.00014460776478006078
nodes 29
7 0.9240000247955322 1 22 0.0
4 0.9581347107887268 2 3 0.0001755793250656501
-1 0.0 0 0 -0.0001305207459579809
6 1.1208168268203735 4 19 0.006325850400147087
6 1.1108274459838867 5 12 0.013936154262054067
7 0.7900000214576721 6 9 0.008645965247521599
5 1.2413122653961182 7 8 0.010125066961714014
-1 0.0 0 0 0.00026497661273117444
-1 0.0 0 0 0.005555761317651811
4 1.066509485244751 10 11 -0.374172451143915
-1 0.0 0 0 -0.06343355973561605
-1 0.0 0 0 -0.006197667568922043
7 0.753000020980835 13 18 0.09020026625970244
5 1.0740326642990112 14 15 0.06934483935351876
-1 0.0 0 0 0.050721067149678
4 0.9631431698799133 16 17 0.05568009832326773
-1 0.0 0 0 0.03949527318278949
-1 0.0 0 0 0.003977669362773833
-1 0.0 0 0 0.057050706773544804
0 0.3832773268222809 20 21 -0.006766742438554407
-1 0.0 0 0 -0.0009217126626001025
-1 0.0 0 0 0.017216235291562045
6 1.197532057762146 23 24 -0.046029500875891624
-1 0.0 0 0 -0.03388680317439139
0 0.28734439611434937 25 28 -0.029760693605445945
8 21.5 26 27 -0.054196568813778434
-1 0.0 0 0 -0.0166976933198219
-1 0.0 0 0 -0.002500635685545265
-1 0.0 0 0 0.01713653561862138
nodes 29
3 0.4034835398197174 1 2 0.0
-1 0.0 0 0 -0.0008899371040316065
5 1.399393916130066 3 4 0.0008823074436646899
-1 0.0 0 0 -0.0001412631883263171
0 0.5035833120346069 5 6 0.014081103643888565
-1 0.0 0 0 0.0009889399685847878
8 84.5 7 24 0.09445137953398607
6 0.9072489738464355 8 9 0.056023135955472654
-1 0.0 0 0 -0.03370657181217065
3 0.5752953290939331 10 23 0.08039464490825776
3 0.537068784236908 11 20 0.09368090371959521
7 0.014999999664723873 12 13 0.06667969750503057
-1 0.0 0 0 0.039355743899941446
3 0.5272694826126099 14 19 0.05073444182237769
4 0.8196005821228027 15 18 0.06763011611148759
5 1.7679468393325806 16 17 0.04705572014053451
-1 0.0 0 0 0.007418503245571629
-1 0.0 0 0 -0.03087556452239649
-1 0.0 0 0 0.04108484488996593
-1 0.0 0 0 -0.026223781048541978
8 71.5 21 22 0.33063026437801973
-1 0.0 0 0 0.055304775999060696
-1 0.0 0 0 0.0034073603561236747
-1 0.0 0 0 -0.022265859178843952
6 1.0973436832427979 25 28 0.24339588566676434
7 0.15299999713897705 26 27 0.3320992964614957
-1 0.0 0 0 0.022541870339144326
-1 0.0 0 0 0.0624483144134973
-1 0.0 0 0 -0.0005466461285120911
nodes 29
8 53.5 1 28 0.0
7 0.01600000075995922 2 27 -0.0029734003740514523
5 1.111527442932129 3 4 -0.0386529407820318
-1 0.0 0 0 0.00108404047366761
4 0.8788902163505554 5 6 -0.07273996076607829
-1 0.0 0 0 -0.01766926821645549
3 0.7844093441963196 7 14 -0.048357332919734035
4 0.9039400219917297 8 13 0.06275610527783682
0 0.4283096194267273 9 12 -0.07785640922052288
1 0.2941070795059204 10 11 -0.2511070842466628
-1 0.0 0 0 0.00010230821255292442
-1 0.0 0 0 -0.06567077866714933
-1 0.0 0 0 0.017568116398846232
-1 0.0 0 0 0.013448269095629304
3 0.8238239884376526 15 20 -0.09900202502502929
6 0.9721720218658447 16 19 -0.22623884008608688
5 1.1409189701080322 17 18 -0.08740704037904085
-1 0.0 0 0 0.028634322790259667
-1 0.0 0 0 -0.020657379258478034
-1 0.0 0 0 -0.03306495324277496
0 0.44682857394218445 21 26 -0.0382493115274072
4 0.9521161317825317 22 23 -0.07620472048434616
-1 0.0 0 0 -0.033314822020474824
7 0.013000000268220901 24 25 -0.0397157027725731
-1 0.0 0 0 0.0009132287977858156
-1 0.0 0 0 -0.024884616317285693
-1 0.0 0 0 0.021435047911704874
-1 0.0 0 0 -0.00013692551985413615
-1 0.0 0 0 0.0002561081465266106
nodes 29
0 0.41300198435783386 1 28 0.0
8 58.5 2 3 0.002933290618247221
-1 0.0 0 0 -4.008429971744568e-05
4 0.7867006063461304 4 5 0.021987997443483183
-1 0.0 0 0 -0.0008151240889600269
5 1.2001358270645142 6 21 0.04122131222826996
8 62.5 7 8 0.014437475373620858
-1 0.0 0 0 0.0071289494859708
6 1.1058831214904785 9 16 -0.027359414405751542
6 1.0611999034881592 10 13 -0.0414433326735349
2 0.37153810262680054 11 12 -0.001143929472822244
-1 0.0 0 0 0.003989293717538394
-1 0.0 0 0 -0.012920093745092995
1 0.28599080443382263 14 15 -0.10076765349372276
-1 0.0 0 0 0.007140700521784416
-1 0.0 0 0 -0.014935682098287661
8 66.5 17 18 0.18254513670063505
-1 0.0 0 0 -0.0013058973035137906
8 70.5 19 20 0.4197671421248704
-1 0.0 0 0 0.07262788039560501
-1 0.0 0 0 0.004027651319102872
0 0.4025825262069702 22 23 0.09581620695330044
-1 0.0 0 0 0.005399341846212118
7 0.3840000033378601 24 27 0.24093464447983673
8 61.5 25 26 0.1746610055523489
-1 0.0 0 0 0.03733512171819597
-1 0.0 0 0 0.010651122281948727
-1 0.0 0 0 0.07388825261512319
-1 0.0 0 0 -0.000260738812316516
nodes 29
6 1.105071783065796 1 28 0.0
2 0.2137904167175293 2 3 -0.00228503783370263
-1 0.0 0 0 -0.011903399065340638
0 0.346476286649704 4 5 -0.00177472961211671
-1 0.0 0 0 0.00237649675854668
7 0.49799999594688416 6 7 -0.004355971380318863
-1 0.0 0 0 -0.00020732969562126756
8 31.5 8 9 -0.0706334426180175
-1 0.0 0 0 -0.0677669635381211
0 0.47440817952156067 10 21 -0.0629977672373484
8 62.5 11 20 -0.03722570120189314
4 0.729356586933136 12 15 -0.06454492777196935
3 0.5201698541641235 13 14 -0.39158157292339535
-1 0.0 0 0 -0.005232879625899451
-1 0.0 0 0 -0.06884277525047461
4 0.7641242742538452 16 17 -0.052291264964463804
-1 0.0 0 0 0.022905215388163924
4 0.7916994690895081 18 19 -0.06553672670612863
-1 0.0 0 0 -0.036169580392291935
-1 0.0 0 0 -0.004362982867230236
-1 0.0 0 0 0.009839085778740951
2 0.4099505841732025 22 27 -0.21609611190035052
3 0.6112106442451477 23 26 -0.40302139079732285
5 1.23231840133667 24 25 -0.29253475941079965
-1 0.0 0 0 0.009838290343759583
-1 0.0 0 0 -0.04508811544886307
-1 0.0 0 0 -0.07862718934193254
-1 0.0 0 0 0.002913613472595264
-1 0.0 0 0 0.0003264403198874904
nodes 29
6 1.0593384504318237 1 28 0.0
1 0.07847857475280762 2 3 0.004162195552008508
-1 0.0 0 0 0.05619545295834542
1 0.24211859703063965 4 13 0.003806381222259236
4 0.9704022407531738 5 10 -0.05389297444000079
1 0.23393614590168 6 7 -0.070989057653143
-1 0.0 0 0 -0.004968759077408966
7 0.02800000086426735 8 9 -0.18662559213943264
-1 0.0 0 0 -0.002652308139950037
-1 0.0 0 0 -0.02714481143857544
8 45.5 11 12 0.09904487840045827
-1 0.0 0 0 0.0009072875431566327
-1 0.0 0 0 0.04908584397166006
8 34.5 14 19 0.007013627744324797
2 0.3414051830768585 15 16 -0.13567883093779967
-1 0.0 0 0 -0.03913953943577196
4 0.9739632606506348 17 18 -0.022027024973390832
-1 0.0 0 0 -0.03581832248879516
-1 0.0 0 0 0.005303698083277322
1 0.36615249514579773 20 25 0.007893371222649548
6 1.0567505359649658 21 22 0.017939185167954688
-1 0.0 0 0 0.0014516458495879249
8 45.5 23 24 0.07723241082251212
-1 0.0 0 0 0.02629291288279505
-1 0.0 0 0 0.004917384079421786
4 0.73960942029953 26 27 -0.002996390382021147
-1 0.0 0 0 -0.023445387986592122
-1 0.0 0 0 -0.00018138927418564696
-1 0.0 0 0 -0.00019027578856457367
nodes 29
8 95.5 1 6 0.0
8 93.5 2 3 -0.000328037429279421
-1 0.0 0 0 -6.657779016169145e-06
2 0.3273334205150604 4 5 -0.06215158665092684
-1 0.0 0 0 0.0032568343303033286
-1 0.0 0 0 -0.013121820224235612
1 0.32845109701156616 7 20 0.02220200573885267
2 0.3982846438884735 8 19 0.03579483445250855
2 0.38813161849975586 9 18 0.028193586119489498
4 0.6671305894851685 10 11 0.03404475765508878
-1 0.0 0 0 0.0016165858115548383
0 0.46459388732910156 12 17 0.11999777703766794
3 0.6271240711212158 13 16 -0.0057722008536857
7 0.06700000166893005 14 15 0.09651877807420013
-1 0.0 0 0 0.02904571882188038
-1 0.0 0 0 -0.007645331746017611
-1 0.0 0 0 -0.019929567450103727
-1 0.0 0 0 0.024695426415441174
-1 0.0 0 0 -0.03337013733573258
-1 0.0 0 0 0.043391021589438125
6 0.9869035482406616 21 22 -0.07729750044510833
-1 0.0 0 0 -0.03547773399623111
7 0.029999999329447746 23 24 -0.015204109783916103
-1 0.0 0 0 0.042532737849449574
3 0.6112106442451477 25 26 -0.0953007440163546
-1 0.0 0 0 0.009622903325809883
8 100.5 27 28 -0.2396420254405804
-1 0.0 0 0 -0.009758630576326924
-1 0.0 0 0 -0.04745803310607488
nodes 29
5 1.0664128065109253 1 28 0.0
8 81.5 2 27 0.012202943328311754
4 0.7576608061790466 3 4 0.006824469868327384
-1 0.0 0 0 -0.012044335288359532
4 0.7758975028991699 5 10 0.011221047593227939
7 0.22200000286102295 6 9 0.1975771890907192
6 1.0690207481384277 7 8 0.025861598841357428
-1 0.0 0 0 0.017794670227449388
-1 0.0 0 0 -0.026382431245985483
-1 0.0 0 0 0.07213097393512727
7 0.7289999723434448 11 26 0.007702435131387194
0 0.4447482228279114 12 25 0.005970336375001584
2 0.4213363826274872 13 22 -0.01875040179476668
3 0.7757009267807007 14 19 -0.0057834635874597995
8 66.5 15 18 -0.17893608812412892
5 1.063389539718628 16 17 -0.3287665880560665
-1 0.0 0 0 -0.051086523795500396
-1 0.0 0 0 0.010480162598902271
-1 0.0 0 0 0.01434265026385247
0 0.4419816732406616 20 21 0.0035712756082875194
-1 0.0 0 0 0.0010339118460559028
-1 0.0 0 0 -0.02223054795862741
1 0.415599524974823 23 24 -0.1261378206626265
-1 0.0 0 0 -0.021291655228714
-1 0.0 0 0 0.0004030276774143686
-1 0.0 0 0 0.003414826048430135
-1 0.0 0 0 0.03598133680366335
-1 0.0 0 0 0.014438477477423198
-1 0.0 0 0 -6.026303859920871e-05
nodes 29
6 1.105071783065796 1 2 0.0
-1 0.0 0 0 -0.0002223952552247499
2 0.3896554410457611 3 4 0.0031771366746938226
-1 0.0 0 0 0.00013969758917578375
7 0.6880000233650208 5 22 0.0474396268956348
3 0.9443534016609192 6 21 0.025041060338189907
8 67.5 7 10 0.0343976192065631
1 0.14973647892475128 8 9 0.07359073467741144
-1 0.0 0 0 -0.043478205204010016
-1 0.0 0 0 0.008346205092435341
7 0.0689999982714653 11 12 -0.06874215834830097
-1 0.0 0 0 0.030872238328059517
0 0.4826299548149109 13 14 -0.09943033246447137
-1 0.0 0 0 -0.04090471347203342
6 1.107531726360321 15 16 -0.060728232182488524
-1 0.0 0 0 0.024918536478353126
7 0.10100000351667404 17 18 -0.09307611604089464
-1 0.0 0 0 -0.05193745270487853
7 0.3370000123977661 19 20 -0.06229644737606498
-1 0.0 0 0 0.005772993946447969
-1 0.0 0 0 -0.018495114925691357
-1 0.0 0 0 -0.0477094265597838
8 39.5 23 24 0.33244207723001984
-1 0.0 0 0 -0.01713618729263544
6 1.1784940958023071 25 28 0.5243673915753052
1 0.27956265211105347 26 27 0.40223666345552794
-1 0.0 0 0 0.015907769503467013
-1 0.0 0 0 0.06697115287184716
-1 0.0 0 0 0.08907595759346372
nodes 29
0 0.12108592689037323 1 4 0.0
2 0.28036996722221375 2 3 -0.041880971728974044
-1 0.0 0 0 -0.002916939459509736
-1 0.0 0 0 -0.025624438612298534
4 0.9581347107887268 5 6 0.00016524157605839087
-1 0.0 0 0 -0.00012108244073056278
1 0.36615249514579773 7 26 0.00590061091514637
8 44.5 8 19 0.010922379370985329
1 0.34359604120254517 9 16 -0.00033881676398348626
1 0.34254974126815796 10 15 -0.004759440763675764
7 0.03400000184774399 11 14 -0.0036488769442486373
2 0.37363141775131226 12 13 -0.11241322393369907
-1 0.0 0 0 -0.006910283238201974
-1 0.0 0 0 -0.03168637487585382
-1 0.0 0 0 5.385073569089457e-05
-1 0.0 0 0 -0.045295736988863126
7 0.49799999594688416 17 18 0.08514012414183098
-1 0.0 0 0 0.005278474063202588
-1 0.0 0 0 0.03979088314032803
3 0.8830780982971191 20 21 0.0449241841857124
-1 0.0 0 0 0.0069593839144313115
3 0.8855477571487427 22 25 0.00011680934545609078
0 0.3628750443458557 23 24 -0.22822360475251954
-1 0.0 0 0 0.002258893232792616
-1 0.0 0 0 -0.054173927610307676
-1 0.0 0 0 0.001173671733267133
2 0.4352329969406128 27 28 -0.010364087578176778
-1 0.0 0 0 -0.0038878418990806853
-1 0.0 0 0 0.002084275324928018
nodes 29
1 0.45234888792037964 1 12 0.0
1 0.388459175825119 2 9 0.00016764411870159429
1 0.36615249514579773 3 4 -0.0009325589394161322
-1 0.0 0 0 0.00010006337541159278
6 1.0867522954940796 5 6 -0.020748338642479106
-1 0.0 0 0 -0.0012717492822549238
6 1.1217997074127197 7 8 -0.11037008780814606
-1 0.0 0 0 -0.013965815786457196
-1 0.0 0 0 0.01650322483676005
6 1.1011730432510376 10 11 0.008704182725461682
-1 0.0 0 0 0.0007243154331540828
-1 0.0 0 0 0.0225859139800856
3 0.7959063053131104 13 14 -0.0425987039221693
-1 0.0 0 0 -0.03125419913102751
3 0.8269310593605042 15 16 -0.025772970561935064
-1 0.0 0 0 0.016763630535985743
0 0.5299081802368164 17 26 -0.05538876593745954
6 1.0648356676101685 18 25 -0.018250492402691054
4 1.0091733932495117 19 24 0.00822649703078045
4 0.9631431698799133 20 21 0.04807420704175321
-1 0.0 0 0 -0.0007980270433350355
8 51.5 22 23 0.15787955332859993
-1 0.0 0 0 0.0004809123570642744
-1 0.0 0 0 0.03068129444444502
-1 0.0 0 0 -0.021246851226076103
-1 0.0 0 0 -0.035583210767945274
6 1.031396746635437 27 28 -0.28234488198326696
-1 0.0 0 0 -0.010975318640470506
-1 0.0 0 0 -0.049808450145646936
nodes 29
6 1.0593384504318237 1 28 0.0
1 0.07847857475280762 2 3 0.0038988378716269634
-1 0.0 0 0 0.05075941346585751
7 0.5680000185966492 4 15 0.0035775319061455433
1 0.24211859703063965 5 12 0.004777411197500883
4 0.8651132583618164 6 7 -0.04055640036943764
-1 0.0 0 0 -0.00792246265774881
5 2.0447304248809814 8 11 0.02801981672873325
5 1.1184889078140259 9 10 -0.02146298029133934
-1 0.0 0 0 0.02203489359882143
-1 0.0 0 0 -0.005194347394002257
-1 0.0 0 0 0.015005714434878959
7 0.032999999821186066 13 14 0.007185726711803784
-1 0.0 0 0 -0.0005321064292408403
-1 0.0 0 0 0.001450762768562153
1 0.3058752715587616 16 25 -0.1253949605044506
6 1.03341805934906 17 20 -0.20591725481305426
6 1.0235028266906738 18 19 0.032389472448594976
-1 0.0 0 0 -0.013407864520559087
-1 0.0 0 0 0.0379801196248635
6 1.0508136749267578 21 22 -0.3457501278343526
-1 0.0 0 0 -0.051813221656932286
5 1.243727207183838 23 24 -0.145663774838405
-1 0.0 0 0 -0.04583860005119017
-1 0.0 0 0 0.016705845083509172
7 0.6039999723434448 26 27 0.033989374621857686
-1 0.0 0 0 -0.02361212452432435
-1 0.0 0 0 0.020795892639938047
-1 0.0 0 0 -0.00017823631795116013
nodes 29
2 0.46381431818008423 1 2 0.0
-1 0.0 0 0 3.809429257875717e-05
3 0.7127552628517151 3 6 -0.01905492252675574
6 0.980344295501709 4 5 0.12790192369371653
-1 0.0 0 0 -0.02027912887816246
-1 0.0 0 0 0.02440914307796472
3 0.7297372221946716 7 8 -0.02695582823753382
-1 0.0 0 0 -0.03511274911463261
5 1.1626853942871094 9 22 -0.020738837442022734
6 1.0 10 13 -0.008335983482681738
7 0.006000000052154064 11 12 0.059879601391832946
-1 0.0 0 0 -0.004766923686838709
-1 0.0 0 0 0.012420787848205802
4 0.8463580012321472 14 17 -0.026477297656152986
4 0.8278455138206482 15 16 -0.2307150430917259
-1 0.0 0 0 0.00916814084124306
-1 0.0 0 0 -0.04208462837223823
7 0.017999999225139618 18 21 -0.01613192166186743
5 1.079596996307373 19 20 -0.2354062924170177
-1 0.0 0 0 -0.05417799979564734
-1 0.0 0 0 -0.005518646562910255
-1 0.0 0 0 -0.0006011566088552803
3 0.7697892785072327 23 24 -0.12323551889282042
-1 0.0 0 0 0.0040762534002205
8 54.5 25 28 -0.22846760283379505
4 0.9760712385177612 26 27 -0.3687204366084188
-1 0.0 0 0 -0.054694840150392235
-1 0.0 0 0 -0.013565309789891428
-1 0.0 0 0 -0.008821476905917128
nodes 29
7 0.8420000076293945 1 2 0.0
-1 0.0 0 0 5.079113923658178e-05
2 0.37723928689956665 3 28 -0.012653823653679928
2 0.3621513843536377 4 27 -0.01598601450383785
6 1.176249384880066 5 22 -0.013193579558751282
4 0.8223499059677124 6 9 0.10919324674844381
6 1.14875328540802 7 8 0.4590024665949192
-1 0.0 0 0 0.09349923253059388
-1 0.0 0 0 0.010641738606823816
2 0.29684409499168396 10 17 0.03513453804220803
1 0.19117358326911926 11 14 0.24719447109876483
2 0.2660045623779297 12 13 -0.07545693730935454
-1 0.0 0 0 -0.027931625443990485
-1 0.0 0 0 0.02448934181815102
5 1.2485885620117188 15 16 0.634376161188508
-1 0.0 0 0 0.0997694988819686
-1 0.0 0 0 0.028685380432390325
6 1.1472973823547363 18 19 -0.13554784710087428
-1 0.0 0 0 -0.0329652753614244
4 1.0032604932785034 20 21 0.06826230473816394
-1 0.0 0 0 -0.016149258613586428
-1 0.0 0 0 0.025624357908964158
2 0.3224964439868927 23 26 -0.022522583887636373
2 0.3191814422607422 24 25 -0.01665830423951989
-1 0.0 0 0 -0.0019520289849833403
-1 0.0 0 0 0.028000439167954028
-1 0.0 0 0 -0.013163076467398142
-1 0.0 0 0 -0.04402127313613892
-1 0.0 0 0 0.03412063324617015
nodes 29
5 1.3371772766113281 1 2 0.0
-1 0.0 0 0 -0.00015169321546003227
2 0.41849568486213684 3 12 0.0042565784833196564
6 1.0542128086090088 4 11 0.0018073004047868759
5 2.8274199962615967 5 8 -0.03627064860102557
7 0.7289999723434448 6 7 -0.047939199815190014
-1 0.0 0 0 -0.004353585698157703
-1 0.0 0 0 -0.04549338874362764
2 0.3912229537963867 9 10 0.17376327325393437
-1 0.0 0 0 0.03447844957374036
-1 0.0 0 0 -0.020348942340077725
-1 0.0 0 0 0.0005220980868448085
7 0.3370000123977661 13 20 0.06020324617191053
7 0.0010000000474974513 14 15 0.03976027524091295
-1 0.0 0 0 0.036098918739449364
6 1.003320574760437 16 19 0.029667492518861114
0 0.4690226912498474 17 18 -0.10849838349662844
-1 0.0 0 0 0.02694552347940557
-1 0.0 0 0 -0.01947428333079255
-1 0.0 0 0 0.006383554023620515
2 0.43208223581314087 21 26 0.18994796834730854
3 0.5437654256820679 22 25 0.3185867181950316
6 1.0874556303024292 23 24 0.4960905283908634
-1 0.0 0 0 0.014925564602017403
-1 0.0 0 0 0.07198549686300178
-1 0.0 0 0 0.012178901558660943
2 0.4412658214569092 27 28 -0.045485215336260085
-1 0.0 0 0 -0.03400089905050624
-1 0.0 0 0 0.01803163456264883
nodes 29
6 1.0593384504318237 1 28 0.0
1 0.07847857475280762 2 3 0.0038495682507387213
-1 0.0 0 0 0.043360688043758276
7 0.5680000185966492 4 13 0.0035754271400400043
1 0.24211859703063965 5 12 0.00461884469807867
4 0.9669684767723083 6 9 -0.03533305748026008
1 0.23393614590168 7 8 -0.050610200836138056
-1 0.0 0 0 -0.0030775961380476837
-1 0.0 0 0 -0.01584363389678236
8 45.5 10 11 0.10792810140664856
-1 0.0 0 0 0.001308561787324942
-1 0.0 0 0 0.044706183040486375
-1 0.0 0 0 0.0006741251407691743
7 0.5799999833106995 14 15 -0.10857932380429601
-1 0.0 0 0 -0.04106330111622811
6 1.03341805934906 16 21 -0.07359241021070702
1 0.2215494066476822 17 18 0.10428660383427536
-1 0.0 0 0 -0.027059614062309268
1 0.28048285841941833 19 20 0.2098873769208579
-1 0.0 0 0 0.05781869273632765
-1 0.0 0 0 -0.009230712600625478
6 1.0493862628936768 22 25 -0.1699435428184058
1 0.31488293409347534 23 24 -0.36215980631517775
-1 0.0 0 0 -0.04909692514559319
-1 0.0 0 0 -0.003733598813414574
2 0.320002943277359 26 27 0.009016426644106021
-1 0.0 0 0 -0.0254447435659747
-1 0.0 0 0 0.015486249327659608
-1 0.0 0 0 -0.00017598394597626108
nodes 29
8 96.5 1 2 0.0
-1 0.0 0 0 -2.8343762657459317e-05
4 0.7850568294525146 3 28 0.022355356456213216
4 0.7033377289772034 4 19 0.027285952543722923
3 0.6112106442451477 5 18 0.014414460105451745
3 0.5866271257400513 6 15 0.022554660324995753
6 1.060608983039856 7 14 0.014462361733211974
8 112.5 8 13 0.07231486117081849
6 1.025943636894226 9 10 0.034662062461349674
-1 0.0 0 0 -0.005401426221388171
1 0.22792568802833557 11 12 0.14313989653007933
-1 0.0 0 0 0.05043334327638149
-1 0.0 0 0 0.005610530948580568
-1 0.0 0 0 0.02992225165515648
-1 0.0 0 0 -0.0006961518086262284
7 0.0820000022649765 16 17 0.1455575989201092
-1 0.0 0 0 -0.001744647176625828
-1 0.0 0 0 0.04432172062604324
-1 0.0 0 0 -0.03152636487860806
2 0.35407131910324097 20 21 0.11926171639070704
-1 0.0 0 0 -0.014935235514712986
2 0.3743603825569153 22 23 0.19149407176222621
-1 0.0 0 0 0.04124724786122178
6 1.0449154376983643 24 27 0.06646681525499414
7 0.03200000151991844 25 26 -0.03549747245519289
-1 0.0 0 0 0.012077986046671868
-1 0.0 0 0 -0.016152757965028287
-1 0.0 0 0 0.035196682084351776
-1 0.0 0 0 -0.025330978843637487
nodes 29
6 1.1058831214904785 1 28 0.0
2 0.25158408284187317 2 5 -0.002109014218033834
7 0.7229999899864197 3 4 -0.05949283437705457
-1 0.0 0 0 -0.0048958015015446825
-1 0.0 0 0 -0.0549888675659895
0 0.346476286649704 6 7 -0.0011723968152838346
-1 0.0 0 0 0.003033434415354015
7 0.5040000081062317 8 9 -0.0040421705661941145
-1 0.0 0 0 -0.00020618487157857813
8 31.5 10 11 -0.06326044080702155
-1 0.0 0 0 -0.0612648796724071
0 0.47440817952156067 12 21 -0.05617571406014283
8 62.5 13 18 -0.03236027014101817
4 0.7916994690895081 14 17 -0.06296461730037022
4 0.7832390666007996 15 16 -0.23261508206428771
-1 0.0 0 0 -0.016129962363649133
-1 0.0 0 0 -0.05990289891588277
-1 0.0 0 0 -0.003398401967275284
8 77.5 19 20 0.12584864314037802
-1 0.0 0 0 0.018584348195270082
-1 0.0 0 0 -0.01867560433027776
2 0.4099505841732025 22 27 -0.19487685944512487
3 0.6112106442451477 23 26 -0.3407192208667423
3 0.5272694826126099 24 25 -0.24458328327905815
-1 0.0 0 0 -0.042426919284512976
-1 0.0 0 0 0.0017133150219350406
-1 0.0 0 0 -0.07028312524470191
-1 0.0 0 0 3.3960024887156267e-06
-1 0.0 0 0 0.0003062166319878216
nodes 29
8 52.5 1 12 0.0
6 1.1091890335083008 2 5 -0.002894816191038708
4 0.8463580012321472 3 4 -0.010048113923130222
-1 0.0 0 0 -0.007939100135573774
-1 0.0 0 0 -0.00041456997768993714
6 1.1300787925720215 6 11 0.002967651968978355
2 0.2924491763114929 7 8 0.03366915962741862
-1 0.0 0 0 -0.0030478224054034525
5 2.533494710922241 9 10 0.0589507755489325
-1 0.0 0 0 0.006459692427494944
-1 0.0 0 0 -0.02159732354948154
-1 0.0 0 0 -0.00040887429363889644
0 0.33243313431739807 13 28 0.00225995458210678
2 0.2790086567401886 14 19 0.04855555477254649
7 0.30000001192092896 15 16 0.013398409291345547
-1 0.0 0 0 -0.004647899781120942
6 1.1143425703048706 17 18 0.06993501685598971
-1 0.0 0 0 0.0187813674614793
-1 0.0 0 0 0.0023348241933348903
5 1.1166805028915405 20 27 0.1268169154751707
4 0.9062719941139221 21 24 0.2741643897044646
3 0.8030450940132141 22 23 0.5153569283700267
-1 0.0 0 0 0.030232248561722894
-1 0.0 0 0 0.07187079873613336
7 0.07900000363588333 25 26 0.13588066753620903
-1 0.0 0 0 0.03000004278823129
-1 0.0 0 0 -0.002392015174815529
-1 0.0 0 0 0.006665427893864243
-1 0.0 0 0 0.00011516288814951044
nodes 29
5 1.076456069946289 1 2 0.0
-1 0.0 0 0 0.0008603026779894171
5 1.0817784070968628 3 28 -0.0007322599004739422
0 0.40960928797721863 4 5 -0.03311472489877648
-1 0.0 0 0 -0.00833406794999726
0 0.4137985408306122 6 7 -0.009600701209077914
-1 0.0 0 0 0.024411400170488793
3 0.6112106442451477 8 9 -0.01603125819537659
-1 0.0 0 0 -0.024101182289824292
7 0.11900000274181366 10 11 -0.00945079899062872
-1 0.0 0 0 -0.004264409490875735
5 1.0806471109390259 12 23 0.04575489316794311
1 0.32397177815437317 13 14 0.0911364120571659
-1 0.0 0 0 0.05031087702140213
3 0.7328853011131287 15 16 0.06837550829159378
-1 0.0 0 0 -0.019041389135538406
7 0.2280000001192093 17 18 0.1127633341210107
-1 0.0 0 0 0.02016673199451911
8 55.5 19 20 -0.023507529396380556
-1 0.0 0 0 0.011971151194386725
6 1.0636231899261475 21 22 -0.20996250774500505
-1 0.0 0 0 0.004194405991019625
-1 0.0 0 0 -0.06256083443760872
1 0.41193902492523193 24 27 -0.14065091560284296
0 0.44682857394218445 25 26 0.0026026272880179543
-1 0.0 0 0 -0.03232062170686929
-1 0.0 0 0 0.016204099793066373
-1 0.0 0 0 -0.0576639959183724
-1 0.0 0 0 -2.8574244827650046e-06
nodes 29
0 0.5420362949371338 1 2 0.0
-1 0.0 0 0 3.1582355625947896e-05
6 0.9332584142684937 3 4 -0.019825985603922756
-1 0.0 0 0 0.021492214806568932
4 0.5523224472999573 5 6 -0.02581367508274216
-1 0.0 0 0 0.0024327966293324634
4 0.6966195702552795 7 10 -0.059186815475745225
6 1.0842121839523315 8 9 -0.10622514854739643
-1 0.0 0 0 -0.028015771883285856
-1 0.0 0 0 -0.0057665293899170945
5 1.4969671964645386 11 26 -0.0019227578233002914
7 0.3889999985694885 12 25 -0.04204491402516986
5 1.1140908002853394 13 18 -0.009015725405495724
3 0.6774056553840637 14 15 -0.11047306843839276
-1 0.0 0 0 -0.04392032066190785
8 68.5 16 17 -0.0539725759385874
-1 0.0 0 0 -0.020075283573704143
-1 0.0 0 0 0.011237838516632716
4 0.861627995967865 19 24 0.07236717007543772
0 0.5561773777008057 20 23 0.11104228715229982
6 1.0449154376983643 21 22 0.024571142122269896
-1 0.0 0 0 0.01633756786479022
-1 0.0 0 0 -0.0100580489171333
-1 0.0 0 0 0.031165534362196923
-1 0.0 0 0 -0.023335042205594837
-1 0.0 0 0 -0.04542981201299914
2 0.43208223581314087 27 28 0.29016653932631015
-1 0.0 0 0 0.06076972503904943
-1 0.0 0 0 -0.008258690409686254
nodes 29
3 0.4034835398197174 1 2 0.0
-1 0.0 0 0 -0.0007807240168133724
5 1.5720176696777344 3 4 0.0007740307097909214
-1 0.0 0 0 -6.533486305913091e-05
0 0.45026081800460815 5 14 0.019239876306292168
0 0.4461750388145447 6 13 0.011538096371852057
6 1.1418253183364868 7 12 0.015245738099233061
7 0.7110000252723694 8 9 0.04466588872091495
-1 0.0 0 0 0.002774352864713601
6 1.1117005348205566 10 11 0.2423402073327452
-1 0.0 0 0 -0.0035995711241998984
-1 0.0 0 0 0.04184302782677875
-1 0.0 0 0 -0.000251489433498073
-1 0.0 0 0 -0.021816522443945382
6 1.1742117404937744 15 26 0.05937560294846961
8 54.5 16 21 0.04111065016377416
5 1.7679468393325806 17 18 -0.11188141237564232
-1 0.0 0 0 -0.02578096347494742
2 0.4023624062538147 19 20 0.11204292885316856
-1 0.0 0 0 0.03785056474929055
-1 0.0 0 0 -0.007604840195135159
0 0.45536428689956665 22 25 0.06778898135392152
6 1.0767300128936768 23 24 0.29609173833492347
-1 0.0 0 0 0.005125568867449395
-1 0.0 0 0 0.05144590258699011
-1 0.0 0 0 0.004711473427931592
6 1.2003740072250366 27 28 0.3558068038804121
-1 0.0 0 0 0.08204695643098267
-1 0.0 0 0 -0.0013190094107652414
nodes 29
8 20.5 1 6 0.0
6 1.1784940958023071 2 3 -0.06154599816750594
-1 0.0 0 0 -0.03236462426371872
7 0.9240000247955322 4 5 -0.02356045549074053
-1 0.0 0 0 0.0033310397336218547
-1 0.0 0 0 -0.013367210670889536
5 1.3371772766113281 7 8 9.739662699589032e-05
-1 0.0 0 0 -0.0001373756480735749
2 0.41849568486213684 9 10 0.004244898120371371
-1 0.0 0 0 0.00020223879415463893
7 0.3370000123977661 11 22 0.05479337894503657
0 0.5561773777008057 12 21 0.03468078385709351
6 1.1143425703048706 13 20 0.025697809092582555
0 0.4326755106449127 14 15 0.037312889370470365
-1 0.0 0 0 0.029249920815022458
8 44.5 16 17 0.02660577109999117
-1 0.0 0 0 -0.03221352345965527
7 0.30000001192092896 18 19 0.03793670630312797
-1 0.0 0 0 0.004988940379285276
-1 0.0 0 0 -0.028120031667252382
-1 0.0 0 0 -0.03204315831884742
-1 0.0 0 0 0.03311189510859549
2 0.43208223581314087 23 26 0.18329801333243115
6 1.0988136529922485 24 25 0.3036745834639684
-1 0.0 0 0 0.013552042199116127
-1 0.0 0 0 0.04942492997998165
2 0.4412658214569092 27 28 -0.03474256652846651
-1 0.0 0 0 -0.029571383559833405
-1 0.0 0 0 0.01653354064250986
nodes 29
6 1.0593384504318237 1 28 0.0
1 0.07847857475280762 2 3 0.0036094471451984978
-1 0.0 0 0 0.039008941035717726
1 0.24211859703063965 4 25 0.0033629125467792213
4 0.8651132583618164 5 10 -0.03791346597627115
8 46.5 6 9 -0.06978175375787452
3 0.6245034337043762 7 8 -0.29895084756068313
-1 0.0 0 0 -0.050873197551118216
-1 0.0 0 0 0.0036698957160115247
-1 0.0 0 0 -0.005772022250509512
5 2.0049924850463867 11 22 0.016330428120075024
5 1.1184889078140259 12 13 -0.03691029586961671
-1 0.0 0 0 0.020430774829453893
6 0.9837455749511719 14 17 -0.0651780354201037
6 0.9072489738464355 15 16 0.16385388800322456
-1 0.0 0 0 -0.020767133721065794
-1 0.0 0 0 0.041927748033776885
2 0.381452351808548 18 21 -0.10265598652573923
7 0.01899999938905239 19 20 -0.07720996245735758
-1 0.0 0 0 -0.03177281077951193
-1 0.0 0 0 -0.003894571206271366
-1 0.0 0 0 -0.04270927933976054
4 0.9649824500083923 23 24 0.14182642038149124
-1 0.0 0 0 0.00818015994135826
-1 0.0 0 0 0.04585090965225265
8 34.5 26 27 0.005657279961147148
-1 0.0 0 0 -0.011581831344193523
-1 0.0 0 0 0.0006406214852724418
-1 0.0 0 0 -0.0001650067569978158
nodes 29
2 0.46381431818008423 1 2 0.0
-1 0.0 0 0 3.526522870781773e-05
6 1.0701780319213867 3 26 -0.01763981334961314
4 0.8278455138206482 4 5 -0.009679091047319
-1 0.0 0 0 0.019587375149130823
4 0.8463580012321472 6 9 -0.016565283427172506
8 69.5 7 8 -0.22312958852853626
-1 0.0 0 0 -0.006691920286730717
-1 0.0 0 0 -0.04514370752641789
4 0.9005171060562134 10 21 -0.00891032365503164
6 1.0642286539077759 11 20 0.053347809561000575
6 1.0486737489700317 12 19 0.03619932757676559
6 1.025943636894226 13 18 0.07274205985516813
3 0.7531060576438904 14 15 0.0067629004411214775
-1 0.0 0 0 -0.02345613488970801
0 0.5196250677108765 16 17 0.06473464748884587
-1 0.0 0 0 -0.014652395441450855
-1 0.0 0 0 0.015843805962339825
-1 0.0 0 0 0.01717107989762381
-1 0.0 0 0 -0.010464245307957754
-1 0.0 0 0 0.026932598806514937
4 0.9039400219917297 22 23 -0.0344951610795939
-1 0.0 0 0 -0.029266483899619847
0 0.5299081802368164 24 25 -0.024641356578960136
-1 0.0 0 0 -0.0015671415073892439
-1 0.0 0 0 -0.030943699936485953
3 0.8016473054885864 27 28 -0.15282602418948887
-1 0.0 0 0 -0.04364208846758956
-1 0.0 0 0 0.0005176826652937703
nodes 29
0 0.41300198435783386 1 28 0.0
0 0.41047126054763794 2 3 0.002580836372846271
-1 0.0 0 0 0.00013411339740504813
7 0.46799999475479126 4 17 0.050949259131304804
6 0.9928082823753357 5 8 0.0196525946107994
6 0.980344295501709 6 7 0.19065334138877946
-1 0.0 0 0 0.00516015148578355
-1 0.0 0 0 0.060148828341202304
6 1.0822395086288452 9 14 0.001771506906851965
7 0.3790000081062317 10 13 -0.04959518816876
5 1.4462634325027466 11 12 -0.03463343482713035
-1 0.0 0 0 -0.0016641965613493491
-1 0.0 0 0 -0.034602424814007604
-1 0.0 0 0 -0.040568491769954564
6 1.089450478553772 15 16 0.07759853297085058
-1 0.0 0 0 0.03852221409521871
-1 0.0 0 0 0.0012075815025367354
5 1.1313050985336304 18 19 0.16286223459568017
-1 0.0 0 0 0.056467791895071666
2 0.37510719895362854 20 27 0.10975884018752556
4 0.8060468435287476 21 24 0.16468596626678136
0 0.41222086548805237 22 23 0.05052428260444829
-1 0.0 0 0 0.015873925495230572
-1 0.0 0 0 -0.012005186024895413
4 0.8358228206634521 25 26 0.5049325528682447
-1 0.0 0 0 0.08429851612157148
-1 0.0 0 0 0.022724648172568
-1 0.0 0 0 -0.03548331012328466
-1 0.0 0 0 -0.00022940930506632338
nodes 29
8 95.5 1 2 0.0
-1 0.0 0 0 -2.9708535485638223e-05
1 0.3265923857688904 3 18 0.020107128676504993
2 0.39506009221076965 4 17 0.03274581974488295
2 0.38661983609199524 5 16 0.02565730197601951
4 0.749299168586731 6 15 0.030791036459950398
4 0.686136782169342 7 8 0.03583846937938286
-1 0.0 0 0 0.0020320543150590797
1 0.28957757353782654 9 12 0.1871382501101055
6 1.0666630268096924 10 11 -0.02537740552227716
-1 0.0 0 0 0.015826645459979773
-1 0.0 0 0 -0.02166730931494385
2 0.35407131910324097 13 14 0.35242820449084755
-1 0.0 0 0 0.011590112853795291
-1 0.0 0 0 0.05080381228809098
-1 0.0 0 0 -0.02224218483315781
-1 0.0 0 0 -0.02895539953373373
-1 0.0 0 0 0.037299467265032804
6 0.9869035482406616 19 20 -0.06836370880214068
-1 0.0 0 0 -0.029159869298790442
7 0.026000000536441803 21 22 -0.01892240357979032
-1 0.0 0 0 0.040359549610875546
5 1.1313050985336304 23 28 -0.08442905469429354
5 1.085901141166687 24 25 -0.2149477140950178
-1 0.0 0 0 0.0002969538327306509
0 0.5091556310653687 26 27 -0.3365759480051523
-1 0.0 0 0 -0.05206809878349305
-1 0.0 0 0 -0.017648460902273656
-1 0.0 0 0 0.00566153030451988
nodes 29
6 1.0120660066604614 1 28 0.0
1 0.4175012707710266 2 27 -0.006649855063056165
0 0.47525113821029663 3 26 -0.011910018450809547
0 0.4297732412815094 4 25 -0.0021342436405567956
5 1.2460968494415283 5 12 -0.01969801638644396
4 0.7152854204177856 6 7 -0.03185972496614611
-1 0.0 0 0 0.02088177559223581
8 82.5 8 11 -0.03542363221307733
3 0.7127552628517151 9 10 -0.0299781082679864
-1 0.0 0 0 -0.013444641245313133
-1 0.0 0 0 -0.0019505464996337563
-1 0.0 0 0 -0.03332078100525235
4 0.8651132583618164 13 18 0.0407539332049459
2 0.33345046639442444 14 15 -0.06675348165907828
-1 0.0 0 0 0.004055619147532194
0 0.40627190470695496 16 17 -0.18712694108810113
-1 0.0 0 0 -0.05138202943508664
-1 0.0 0 0 -0.006656153690779493
4 0.8722773790359497 19 20 0.10568415406341596
-1 0.0 0 0 0.05168059606243063
4 0.8845197558403015 21 22 0.07624041725401531
-1 0.0 0 0 -0.024005655093571623
8 37.5 23 24 0.11066096967466257
-1 0.0 0 0 -0.018341443840509807
-1 0.0 0 0 0.014876376341257179
-1 0.0 0 0 0.0015739043248932272
-1 0.0 0 0 -0.004052122355170572
-1 0.0 0 0 0.004343118248251073
-1 0.0 0 0 8.533380870471575e-05
nodes 29
6 1.0593384504318237 1 28 0.0
1 0.07847857475280762 2 3 0.0035875961850815445
-1 0.0 0 0 0.035196803184226154
1 0.24211859703063965 4 27 0.0033653651796548356
0 0.48177462816238403 5 20 -0.0344178523044178
5 1.9693043231964111 6 9 -0.01684446058523926
5 1.1184889078140259 7 8 -0.050533249828787936
-1 0.0 0 0 0.015297352550699125
-1 0.0 0 0 -0.0063737087981366805
4 0.9649824500083923 10 19 0.08530864228229544
1 0.10818254947662354 11 12 0.051392770727265155
-1 0.0 0 0 -0.028729303064756097
2 0.320002943277359 13 14 0.08011524151523627
-1 0.0 0 0 -0.019619081368477183
8 64.5 15 16 0.11166199584909546
-1 0.0 0 0 0.023435119162234716
2 0.3757968544960022 17 18 0.005211075987009441
-1 0.0 0 0 0.016136674503936913
-1 0.0 0 0 -0.014202141197664398
-1 0.0 0 0 0.039154901191153946
8 75.5 21 26 -0.12196645235467324
7 0.041999999433755875 22 23 -0.2985878182596273
-1 0.0 0 0 -0.0646522578024478
2 0.40731900930404663 24 25 -0.1445839081997754
-1 0.0 0 0 -0.046128285642374645
-1 0.0 0 0 0.0034066780541951846
-1 0.0 0 0 -0.003929262150554581
-1 0.0 0 0 0.0005465563552363876
-1 0.0 0 0 -0.0001640078305791216
nodes 29
2 0.46381431818008423 1 2 0.0
-1 0.0 0 0 3.401093252793174e-05
7 0.44600000977516174 3 28 -0.01701241045651544
7 0.3409999907016754 4 25 -0.013842021903344211
3 0.6059000492095947 5 6 -0.018793788355606852
-1 0.0 0 0 0.024674884074678025
5 1.3504372835159302 7 24 -0.02220000059422646
3 0.7127552628517151 8 9 -0.018087021020755045
-1 0.0 0 0 0.019473673568286918
5 1.1525721549987793 10 21 -0.024848979845786583
5 1.145135521888733 11 20 -0.009823529190878809
4 0.8474348187446594 12 17 -0.01742386856831591
6 0.9980331063270569 13 14 -0.15005302036424045
-1 0.0 0 0 0.018473248702028527
5 1.1044420003890991 15 16 -0.2616481894924157
-1 0.0 0 0 -0.01484305493685664
-1 0.0 0 0 -0.05390314077958465
4 0.9005171060562134 18 19 -0.008504364207771278
-1 0.0 0 0 0.004936660003041589
-1 0.0 0 0 -0.0031334194136597403
-1 0.0 0 0 0.021210638063028458
1 0.43369820713996887 22 23 -0.10473781959547228
-1 0.0 0 0 -0.007880612264147425
-1 0.0 0 0 -0.044703621938824656
-1 0.0 0 0 -0.04028562601190061
6 1.0611999034881592 26 27 0.19942155598387631
-1 0.0 0 0 0.038962967937307746
-1 0.0 0 0 -0.002882819208316505
-1 0.0 0 0 -0.030974495353265886
nodes 29
0 0.5076702833175659 1 2 0.0
-1 0.0 0 0 -6.600992967878197e-05
6 0.8857801556587219 3 10 0.00869239734789812
0 0.5140356421470642 4 5 -0.1431745403122319
-1 0.0 0 0 0.02139413071796298
8 82.5 6 9 -0.242373386837749
1 0.3377564251422882 7 8 -0.38548082396543276
-1 0.0 0 0 -0.0629687432623045
-1 0.0 0 0 -0.017884446279360696
-1 0.0 0 0 0.004384148741761843
4 0.6824783086776733 11 16 0.010698104822019848
6 1.1472973823547363 12 15 -0.010238328938533834
0 0.5299081802368164 13 14 -0.05372585843319119
-1 0.0 0 0 0.000418146896870337
-1 0.0 0 0 -0.0102054530174622
-1 0.0 0 0 0.0021117927552885773
2 0.37863266468048096 17 18 0.025736806132017953
-1 0.0 0 0 0.06607567693066338
3 0.2908795177936554 19 22 0.02211352179735753
7 0.3889999985694885 20 21 0.2959539389858643
-1 0.0 0 0 0.009545338957717545
-1 0.0 0 0 0.06422730697826906
5 1.8146271705627441 23 26 0.017975917911356422
5 1.5977765321731567 24 25 0.022848953623811848
-1 0.0 0 0 0.001647938710911524
-1 0.0 0 0 0.024692549639082743
6 1.1143425703048706 27 28 -0.11943652295089766
-1 0.0 0 0 -0.0011913017722378885
-1 0.0 0 0 -0.04836290406603967
nodes 29
5 1.2282440662384033 1 28 0.0
5 1.2241365909576416 2 3 -0.0019588782512640155
-1 0.0 0 0 -0.00010818365304768173
6 0.995628297328949 4 7 -0.06776385552624635
3 0.7390866279602051 5 6 -0.27846283214988515
-1 0.0 0 0 -0.04747012972215852
-1 0.0 0 0 0.0025706788711249828
6 1.062415599822998 8 9 -0.053104035870304225
-1 0.0 0 0 0.007046412525382132
7 0.5149999856948853 10 25 -0.08651241218809207
2 0.30830156803131104 11 12 -0.14395027174629296
-1 0.0 0 0 -0.0017621826094701186
6 1.1217997074127197 13 24 -0.20145799700559966
0 0.47525113821029663 14 23 -0.2560917006020306
0 0.35632210969924927 15 16 -0.18180067576251405
-1 0.0 0 0 -0.06193745045558267
8 63.5 17 22 -0.11425572232462015
8 56.5 18 21 -0.03127029711363193
6 1.099649429321289 19 20 -0.14133310898844348
-1 0.0 0 0 -0.0005491081891315324
-1 0.0 0 0 -0.052169078486040237
-1 0.0 0 0 0.02385611126439706
-1 0.0 0 0 -0.03256709722668997
-1 0.0 0 0 -0.06554059591144323
-1 0.0 0 0 -0.0027313066791975872
1 0.2995113432407379 26 27 0.03327777619532155
-1 0.0 0 0 -0.002806672066421393
-1 0.0 0 0 0.03195520948731538
-1 0.0 0 0 0.0002890790783106764
nodes 29
8 95.5 1 2 0.0
-1 0.0 0 0 -2.8511962373180792e-05
1 0.32845109701156616 3 20 0.019297272122807605
2 0.39506009221076965 4 19 0.03035579932755249
2 0.38661983609199524 5 18 0.023818589382143786
3 0.47532325983047485 6 11 0.028368349638905388
4 0.6339583992958069 7 8 0.0021423692198004572
-1 0.0 0 0 -0.0010880565809410863
1 0.21349576115608215 9 10 0.17695022788113698
-1 0.0 0 0 0.040982675766227425
-1 0.0 0 0 -0.007455642428249121
7 0.36899998784065247 12 17 0.06909192171826087
7 0.30799999833106995 13 16 0.053062065324438995
7 0.21199999749660492 14 15 0.07109441401727695
-1 0.0 0 0 0.004611078524735364
-1 0.0 0 0 0.024690513499081135
-1 0.0 0 0 -0.023679124329377105
-1 0.0 0 0 0.04049902761524374
-1 0.0 0 0 -0.02566741304472089
-1 0.0 0 0 0.03228959443845919
6 0.9869035482406616 21 22 -0.061651147015924966
-1 0.0 0 0 -0.02865668321028352
7 0.026000000536441803 23 24 -0.011320364339133868
-1 0.0 0 0 0.03650637174025178
3 0.6031041741371155 25 26 -0.0725210280369634
-1 0.0 0 0 0.01122677029191476
4 0.7064749002456665 27 28 -0.18291429588087388
-1 0.0 0 0 -0.05440996661782265
-1 0.0 0 0 -0.00561825870046098
nodes 29
0 0.41300198435783386 1 2 0.0
-1 0.0 0 0 0.0002490585500712078
0 0.44682857394218445 3 28 -0.0022138697489250815
6 1.1043202877044678 4 17 -0.01177278504646887
6 1.0654722452163696 5 6 -0.01922517726485371
-1 0.0 0 0 -0.00021168359694108283
4 0.9133391976356506 7 14 -0.049227127983673895
7 0.6990000009536743 8 13 -0.0679539284087979
2 0.4099505841732025 9 12 -0.07153668374256641
6 1.0678602457046509 10 11 -0.06808306440598445
-1 0.0 0 0 -0.021672434107356305
-1 0.0 0 0 -0.005687405009990477
-1 0.0 0 0 -0.05330425565717398
-1 0.0 0 0 0.04529786971211434
7 0.017000000923871994 15 16 0.01464993590817499
-1 0.0 0 0 -0.05853680470359645
-1 0.0 0 0 0.002662748119508272
1 0.3275057375431061 18 19 0.007625462962760142
-1 0.0 0 0 -0.0002701948857380385
0 0.444065123796463 20 27 0.12820780046779331
7 0.6449999809265137 21 26 0.17163718140003184
2 0.3708310127258301 22 25 0.13232731674769438
5 1.103514313697815 23 24 0.41180105316006155
-1 0.0 0 0 0.01500595474185852
-1 0.0 0 0 0.07120339568046963
-1 0.0 0 0 0.005232110985317359
-1 0.0 0 0 0.061624530574371075
-1 0.0 0 0 -0.02797998046061318
-1 0.0 0 0 0.0002727044034854464
nodes 29
8 52.5 1 16 0.0
7 0.01600000075995922 2 13 -0.0027640805663838425
5 1.8146271705627441 3 10 -0.033030932519406815
0 0.4384096562862396 4 9 -0.0387924014610189
6 1.0988136529922485 5 8 -0.0631295440327098
6 1.069566011428833 6 7 -0.07466905610369276
-1 0.0 0 0 -0.005913069728430018
-1 0.0 0 0 -0.03135713229518539
-1 0.0 0 0 0.016362186816210548
-1 0.0 0 0 0.0021274769149190304
6 0.9900560975074768 11 12 0.20024156579098037
-1 0.0 0 0 -0.012390975216403604
-1 0.0 0 0 0.0482112277056212
6 0.9215871095657349 14 15 -0.001480232930162601
-1 0.0 0 0 0.02829423878680576
-1 0.0 0 0 -0.0001778100196195868
0 0.3268868625164032 17 28 0.0021578908318449297
2 0.27620670199394226 18 19 0.048322947699169734
-1 0.0 0 0 0.0018153627152128222
4 0.91962730884552 20 23 0.12181467671467633
3 0.7943563461303711 21 22 0.2736761304513775
-1 0.0 0 0 0.016732072809613068
-1 0.0 0 0 0.05708456370322144
6 1.0822395086288452 24 25 0.023371824794905214
-1 0.0 0 0 0.011679888326897666
5 1.2053254842758179 26 27 -0.11273179125374207
-1 0.0 0 0 0.0017971496746697008
-1 0.0 0 0 -0.029340986584258433
-1 0.0 0 0 0.00012124597277495097
nodes 29
3 0.4213278889656067 1 2 0.0
-1 0.0 0 0 -0.0007075409655844552
3 0.4371092915534973 3 28 0.0008034025050345666
2 0.33345046639442444 4 5 0.060440278628163535
-1 0.0 0 0 0.001061989955649307
1 0.22910290956497192 6 15 0.15386871566476806
6 1.176249384880066 7 14 0.257244818141674
2 0.39270904660224915 8 13 0.18974237741203978
7 0.36899998784065247 9 12 0.13005088089047967
1 0.20336471498012543 10 11 0.22795591869178305
-1 0.0 0 0 0.04116735409704908
-1 0.0 0 0 0.011843195156409192
-1 0.0 0 0 -0.0032471481859683987
-1 0.0 0 0 0.048377826768491006
-1 0.0 0 0 0.06572592817246914
4 0.7372388243675232 16 25 0.06679064736214911
5 1.6100356578826904 17 24 0.145063134381817
6 1.127000331878662 18 21 0.05722418789605587
8 89.5 19 20 0.22386892745271325
-1 0.0 0 0 0.03873812906754514
-1 0.0 0 0 -0.0009720162865484045
8 70.5 22 23 -0.06418840806665164
-1 0.0 0 0 -0.024909724475395297
-1 0.0 0 0 0.008279041083863913
-1 0.0 0 0 0.0424760832402267
8 67.5 26 27 -0.13075420083034606
-1 0.0 0 0 0.00641771295378285
-1 0.0 0 0 -0.03195939271245152
-1 0.0 0 0 1.2075185811308827e-06
nodes 29
5 1.0445696115493774 1 28 0.0
3 0.9810307621955872 2 25 0.026422586848449177
7 0.125 3 16 0.04290815485085067
0 0.3590152859687805 4 5 0.001847522854504566
-1 0.0 0 0 0.03768342912177711
4 0.798353374004364 6 7 -0.018559920321727624
-1 0.0 0 0 0.022221165233188206
7 0.03400000184774399 8 9 -0.03996183789093737
-1 0.0 0 0 0.004888449152231734
6 1.025943636894226 10 11 -0.10621362663444196
-1 0.0 0 0 -0.037707983035790295
4 0.915721595287323 12 15 -0.0531573599257228
4 0.8992877006530762 13 14 -0.13299124141856325
-1 0.0 0 0 -0.00412749278906952
-1 0.0 0 0 -0.050422393903136256
-1 0.0 0 0 0.004300617914519866
7 0.35499998927116394 17 22 0.11109813298763974
7 0.2840000092983246 18 21 0.15913177324602237
7 0.23800000548362732 19 20 0.11524520423552842
-1 0.0 0 0 0.015936767842596882
-1 0.0 0 0 -0.007717780820611451
-1 0.0 0 0 0.04616356239254986
7 0.3930000066757202 23 24 -0.06882448560731896
-1 0.0 0 0 -0.03710904310324362
-1 0.0 0 0 0.00982172210749827
7 0.14800000190734863 26 27 -0.28062111719627864
-1 0.0 0 0 -0.008026924243895337
-1 0.0 0 0 -0.0480972991953604
-1 0.0 0 0 -2.0905843166406734e-05
nodes 29
7 0.9240000247955322 1 20 0.0
3 0.8253170251846313 2 3 0.00014392580260242884
-1 0.0 0 0 -0.00011076091968596272
0 0.5266554355621338 4 19 0.004698925669310735
3 0.8490429520606995 5 18 0.005272930539140474
8 37.5 6 7 0.021602179042002585
-1 0.0 0 0 -0.004269604762333827
5 1.2035735845565796 8 11 0.030311470613729356
6 1.138213038444519 9 10 0.02560232869555305
-1 0.0 0 0 0.0022238226317493376
-1 0.0 0 0 0.016076715638545076
7 0.3409999907016754 12 15 0.15658218297785212
8 41.5 13 14 0.2896281302545685
-1 0.0 0 0 0.05762195065617562
-1 0.0 0 0 0.020402291395501898
7 0.5569999814033508 16 17 -0.028203854906476207
-1 0.0 0 0 -0.030366552443916187
-1 0.0 0 0 0.024725781462620944
-1 0.0 0 0 -2.7709310417994876e-05
-1 0.0 0 0 -0.020722763092610345
6 1.197532057762146 21 22 -0.03773128324271391
-1 0.0 0 0 -0.03080506314523518
6 1.2540802955627441 23 24 -0.022713541675511807
-1 0.0 0 0 0.023761813981192453
8 25.5 25 28 -0.03884028300659193
1 0.050446152687072754 26 27 -0.08333480697742165
-1 0.0 0 0 -0.026747872839095417
-1 0.0 0 0 -0.005104983374258154
-1 0.0 0 0 0.0012131291922016802
nodes 29
1 0.36402803659439087 1 26 0.0
1 0.34359604120254517 2 3 0.0011464907857701284
-1 0.0 0 0 -9.409834603266715e-05
7 0.6520000100135803 4 23 0.020247292681873256
5 1.0392156839370728 5 6 0.01696363915561703
-1 0.0 0 0 0.04775210053970416
7 0.5569999814033508 7 16 0.015537396989191972
8 61.5 8 11 0.018140346477250643
6 1.118859052658081 9 10 0.03726316344073391
-1 0.0 0 0 0.002957621961434881
-1 0.0 0 0 0.022519729311126425
6 1.0980801582336426 12 13 -0.0051273175128004255
-1 0.0 0 0 0.0011772672005978667
7 0.15800000727176666 14 15 -0.1907337996235583
-1 0.0 0 0 -9.669431536975834e-05
-1 0.0 0 0 -0.030459391350547472
5 1.1351656913757324 17 20 -0.18358823884729644
3 0.8332309126853943 18 19 -0.42331943048281806
-1 0.0 0 0 -0.06818720589146852
-1 0.0 0 0 -0.0022562856413424017
4 0.8559030890464783 21 22 0.06592789938559337
-1 0.0 0 0 0.030471483219800324
-1 0.0 0 0 -0.028031315319240094
6 1.0958354473114014 24 25 0.39020558997340826
-1 0.0 0 0 0.0019104148691090252
-1 0.0 0 0 0.061459250795806566
8 77.5 27 28 -0.004475767075170022
-1 0.0 0 0 -0.00010516581020681787
-1 0.0 0 0 -0.005977699887540107
nodes 29
8 53.5 1 28 0.0
0 0.5420362949371338 2 27 -0.0025277192334546682
1 0.42196500301361084 3 16 -0.00238396745118532
0 0.46236106753349304 4 5 -0.0033437040242426195
-1 0.0 0 0 -0.0001875926374862038
5 1.05412757396698 6 7 -0.032600092024899344
-1 0.0 0 0 0.0250718536768825
5 1.2389754056930542 8 11 -0.0360503423052913
5 1.2109005451202393 9 10 -0.05647697468418595
-1 0.0 0 0 -0.004093471030993909
-1 0.0 0 0 -0.026386415891024764
7 0.36899998784065247 12 15 0.004517235286359616
3 0.6793184280395508 13 14 0.08226201462786212
-1 0.0 0 0 0.015364217637605699
-1 0.0 0 0 -0.015999792827510233
-1 0.0 0 0 -0.004853214355843033
7 0.057999998331069946 17 26 0.040388134895856014
2 0.46381431818008423 18 19 -0.037979139189991115
-1 0.0 0 0 0.004311635125351629
8 46.5 20 25 -0.11361627931518552
2 0.48455941677093506 21 24 -0.24721429882837193
3 0.8965578675270081 22 23 -0.11012168106984119
-1 0.0 0 0 0.006172927555495075
-1 0.0 0 0 -0.03392562899028972
-1 0.0 0 0 -0.0567097073598277
-1 0.0 0 0 -0.004584916796791705
-1 0.0 0 0 0.009178070289342623
-1 0.0 0 0 -0.026846851643174886
-1 0.0 0 0 0.00021772024756411983
nodes 29
5 1.2282440662384033 1 4 0.0
5 1.222231149673462 2 3 -0.0018812034531951695
-1 0.0 0 0 -9.150768415264466e-05
-1 0.0 0 0 -0.0049885208702367635
6 0.9072489738464355 5 26 0.0027761628587727872
5 1.243727207183838 6 7 -0.05754417225934866
-1 0.0 0 0 0.021406894378565453
7 0.007000000216066837 8 15 -0.07948671656866114
3 0.7091903686523438 9 14 -0.1469853228162287
4 0.9121820330619812 10 13 -0.10580078958030624
4 0.759864330291748 11 12 -0.1674271253326068
-1 0.0 0 0 0.0062672767333256515
-1 0.0 0 0 -0.028427472707699054
-1 0.0 0 0 0.02778728491356296
-1 0.0 0 0 -0.06082520950585604
5 1.7255196571350098 16 25 -0.0025256888845186926
8 57.5 17 18 0.06341873687741004
-1 0.0 0 0 0.036220078938640654
4 0.8358228206634521 19 22 -0.005365620534733045
8 76.5 20 21 0.10779336011847077
-1 0.0 0 0 0.030455422000554594
-1 0.0 0 0 -0.00889674997686044
5 1.3328982591629028 23 24 -0.2268683060686639
-1 0.0 0 0 0.009185414512952168
-1 0.0 0 0 -0.04842979781902754
-1 0.0 0 0 -0.02647698006354446
7 0.008999999612569809 27 28 0.0035245541133400514
-1 0.0 0 0 0.00650948541315458
-1 0.0 0 0 0.00024281978437232858
nodes 29
0 0.5076702833175659 1 2 0.0
-1 0.0 0 0 -6.280192283759295e-05
4 0.91962730884552 3 26 0.008269957763293988
4 0.777703583240509 4 23 0.010729900670452023
8 47.5 5 6 -0.003465367837469222
-1 0.0 0 0 0.035369618497788906
1 0.35251620411872864 7 8 -0.005069146700582641
-1 0.0 0 0 0.000541279441433181
3 0.6693653464317322 9 22 -0.058629133878986384
3 0.6610203385353088 10 19 -0.10446572480325311
7 0.32100000977516174 11 14 -0.07848309753959863
6 0.9900560975074768 12 13 -0.042662038588597136
-1 0.0 0 0 -0.0322294224959773
-1 0.0 0 0 -0.0010023581504264307
7 0.4569999873638153 15 18 -0.24105559585568231
2 0.4125046133995056 16 17 -0.43704577438809256
-1 0.0 0 0 -0.026582080651732055
-1 0.0 0 0 -0.0728128219768405
-1 0.0 0 0 0.019992230584224068
4 0.7468901872634888 20 21 -0.29799150028426585
-1 0.0 0 0 -0.06396258717402817
-1 0.0 0 0 -0.003917758251455697
-1 0.0 0 0 0.0035345466760723664
6 1.0542128086090088 24 25 0.036801177889023304
-1 0.0 0 0 0.001533289374456043
-1 0.0 0 0 0.008378412434130332
6 1.0235028266906738 27 28 -0.1065827820236115
-1 0.0 0 0 0.006748612165789713
-1 0.0 0 0 -0.024668702157214284
nodes 29
0 0.41300198435783386 1 28 0.0
8 58.5 2 3 0.002412725447430351
-1 0.0 0 0 -4.706994929743101e-05
2 0.31259971857070923 4 5 0.018891614187177365
-1 0.0 0 0 -0.0007340450701736074
5 1.1615952253341675 6 15 0.03732289010037894
7 0.3930000066757202 7 8 -0.0015914415554326184
-1 0.0 0 0 -0.0015802673660234572
0 0.40444034337997437 9 12 0.21324894967598512
1 0.29130876064300537 10 11 0.08551939464286788
-1 0.0 0 0 0.04484883709810675
-1 0.0 0 0 -0.0075800150396331915
6 1.1108274459838867 13 14 0.4715464942985111
-1 0.0 0 0 0.01820023866991202
-1 0.0 0 0 0.0802454045840672
6 1.127000331878662 16 27 0.08165772117602287
7 0.2160000056028366 17 22 0.09900570119169239
7 0.15800000727176666 18 21 0.06270437134897391
0 0.366597056388855 19 20 0.09169220738399093
-1 0.0 0 0 -0.007914248402750595
-1 0.0 0 0 0.011032151247990825
-1 0.0 0 0 -0.007796756392755536
0 0.41047126054763794 23 26 0.17455702485352342
5 1.9693043231964111 24 25 0.14833477939404113
-1 0.0 0 0 0.012840227884084078
-1 0.0 0 0 0.05759775185354308
-1 0.0 0 0 0.03904535124699275
-1 0.0 0 0 -0.005480772530668618
-1 0.0 0 0 -0.00021446600119558228
nodes 29
5 2.0925562381744385 1 2 0.0
-1 0.0 0 0 5.245492509623678e-05
5 2.138535737991333 3 12 -0.009764764458480544
1 0.19117358326911926 4 9 -0.08295624878325052
6 1.0618253946304321 5 6 -0.027951396049152557
-1 0.0 0 0 0.03411102760583162
6 1.112533688545227 7 8 -0.053229592768842204
-1 0.0 0 0 -0.03171250760788098
-1 0.0 0 0 -0.002075014866915388
7 0.4300000071525574 10 11 -0.29482679264792416
-1 0.0 0 0 -0.01811569865521354
-1 0.0 0 0 -0.06195976672073206
4 0.9028347134590149 13 18 -0.0036512143331596937
7 0.012000000104308128 14 17 -0.014341301895933155
2 0.38813161849975586 15 16 -0.23199366656409806
-1 0.0 0 0 0.01124695677275735
-1 0.0 0 0 -0.05420105774266024
-1 0.0 0 0 -0.0010831772960689762
1 0.14416328072547913 19 20 0.030849050289915126
-1 0.0 0 0 -0.0004918732946325257
8 28.5 21 22 0.14090376793988554
-1 0.0 0 0 0.044530908254285656
6 1.1431140899658203 23 28 0.10332286490248171
8 43.5 24 27 0.1722828342324941
8 35.5 25 26 0.3627722026514156
-1 0.0 0 0 0.007470205458609955
-1 0.0 0 0 0.05284125377889723
-1 0.0 0 0 0.006318437777438456
-1 0.0 0 0 -0.0067106773584548925
nodes 29
7 0.05000000074505806 1 28 0.0
6 1.1027727127075195 2 21 -0.004683386510525474
6 1.0515323877334595 3 4 -0.0069861543215613935
-1 0.0 0 0 5.02925070916204e-05
5 1.1591966152191162 5 10 -0.034901828825993235
6 1.0965864658355713 6 9 -0.013957999851076517
6 1.0791484117507935 7 8 -0.005763047653286644
-1 0.0 0 0 -0.00267073076368181
-1 0.0 0 0 0.005731047091780808
-1 0.0 0 0 -0.016717433826332645
5 1.207221269607544 11 18 -0.06553981736622286
4 0.798353374004364 12 15 -0.13280980938461637
3 0.6455727219581604 13 14 -0.006779317380182001
-1 0.0 0 0 -0.020300815463155868
-1 0.0 0 0 0.023273529279429248
4 0.8582319021224976 16 17 -0.17812077198621062
-1 0.0 0 0 -0.032593714181477065
-1 0.0 0 0 -0.01118582613734079
0 0.3700301945209503 19 20 -0.024546044215206116
-1 0.0 0 0 0.009261629108560125
-1 0.0 0 0 -0.00472322543626236
6 1.1134586334228516 22 25 0.039074186245068324
5 1.3328982591629028 23 24 0.11372362435005405
-1 0.0 0 0 0.006403493261170863
-1 0.0 0 0 0.028448476215507213
6 1.1170305013656616 26 27 0.0004624079149032902
-1 0.0 0 0 -0.020622228859708863
-1 0.0 0 0 0.003082287180932018
-1 0.0 0 0 0.00010618311778324984
nodes 29
6 1.0166957378387451 1 28 0.0
4 1.0949968099594116 2 25 -0.005887577756584216
2 0.2842836380004883 3 4 -0.007387268220168167
-1 0.0 0 0 -0.010083754361385066
8 34.5 5 6 -0.005562127440281705
-1 0.0 0 0 -0.02114428164251149
2 0.33486801385879517 7 8 -0.004713904430291457
-1 0.0 0 0 0.0042843563332224804
2 0.34850990772247314 9 18 -0.009063751063485002
0 0.4297732412815094 10 17 -0.11005914508501385
3 0.7297372221946716 11 14 -0.17633449253647288
5 1.5489403009414673 12 13 -0.27824617684769265
-1 0.0 0 0 -0.03276076188693488
-1 0.0 0 0 0.01363899361342192
5 1.0705121755599976 15 16 -0.10060565202062574
-1 0.0 0 0 -0.04496843796628325
-1 0.0 0 0 -0.006569777925640507
-1 0.0 0 0 0.0057914580352304654
2 0.3694188594818115 19 20 -0.003150559201028772
-1 0.0 0 0 0.0041363257987304
7 0.44600000977516174 21 24 -0.00971530174027383
7 0.27300000190734863 22 23 -0.00857873248457464
-1 0.0 0 0 -0.0011263863601535234
-1 0.0 0 0 0.019651522308462732
-1 0.0 0 0 -0.046093329625285194
6 0.9567002058029175 26 27 0.14198666287490005
-1 0.0 0 0 -0.01857274898460933
-1 0.0 0 0 0.02075294934190987
-1 0.0 0 0 8.449297004967903e-05
nodes 29
6 1.0593384504318237 1 28 0.0
1 0.07847857475280762 2 3 0.003270534054668333
-1 0.0 0 0 0.0326823983155191
7 0.5680000185966492 4 9 0.0030641401216472365
7 0.5389999747276306 5 6 0.003891061899436631
-1 0.0 0 0 0.0003470966286031815
8 40.5 7 8 0.17746896808346113
-1 0.0 0 0 -0.014486282027286032
-1 0.0 0 0 0.032003879754875716
1 0.3058752715587616 10 23 -0.08581993636710628
6 1.03341805934906 11 16 -0.1547824737499468
0 0.3832773268222809 12 15 0.04246310616882754
0 0.3211449682712555 13 14 0.1945878453552723
-1 0.0 0 0 -0.00413219082568373
-1 0.0 0 0 0.05248615004122257
-1 0.0 0 0 -0.027501461039418765
5 1.173629641532898 17 18 -0.27052161568575656
-1 0.0 0 0 -0.0615120517089963
2 0.3512759804725647 19 22 -0.1852600318331694
2 0.29784074425697327 20 21 -0.05669185762604078
-1 0.0 0 0 -0.030873876650418554
-1 0.0 0 0 0.009346374766306674
-1 0.0 0 0 -0.062356062572110786
1 0.31946995854377747 24 25 0.050683230411299726
-1 0.0 0 0 0.03677912850677967
3 0.7483476400375366 26 27 -0.05942373301109506
-1 0.0 0 0 -0.03468524840158912
-1 0.0 0 0 0.010303599581770274
-1 0.0 0 0 -0.00014951324787507422
nodes 29
7 0.0 1 28 0.0
5 1.1379650831222534 2 15 -0.030191732744061936
5 1.1149448156356812 3 10 -0.11727746144031252
4 0.8756563067436218 4 5 -0.04651488905855969
-1 0.0 0 0 -0.026889620659252007
0 0.3874298334121704 6 7 0.04811545882823197
-1 0.0 0 0 -0.027693619541823866
3 0.8935238122940063 8 9 0.10184300498467339
-1 0.0 0 0 0.017841013899625658
-1 0.0 0 0 -0.01304106348504623
3 0.7376266121864319 11 12 -0.3044258436604746
-1 0.0 0 0 0.016641571479184287
5 1.1210848093032837 13 14 -0.48420171143317764
-1 0.0 0 0 -0.07279121025035588
-1 0.0 0 0 -0.026570274012869807
6 0.9423370361328125 16 25 0.06367109546162449
5 1.1591966152191162 17 18 -0.048631108279864325
-1 0.0 0 0 0.05037004875817469
2 0.3455500304698944 19 20 -0.16698787882163815
-1 0.0 0 0 0.017026623226702214
8 58.5 21 22 -0.25346329192129463
-1 0.0 0 0 0.0007778899501199308
4 0.8710265159606934 23 24 -0.36271002651615575
-1 0.0 0 0 -0.014130354832325663
-1 0.0 0 0 -0.07501713633537294
4 0.7641242742538452 26 27 0.16051140158653152
-1 0.0 0 0 0.046863838098943233
-1 0.0 0 0 0.010207352618253309
-1 0.0 0 0 1.6208941462791083e-05
nodes 29
2 0.46381431818008423 1 2 0.0
-1 0.0 0 0 3.0925725407449413e-05
6 1.0701780319213867 3 26 -0.015469174747429823
4 0.8278455138206482 4 5 -0.008089133052668018
-1 0.0 0 0 0.01711520202457905
4 0.8463580012321472 6 9 -0.01409386180638522
8 69.5 7 8 -0.19225401626317762
-1 0.0 0 0 -0.005245580190890714
-1 0.0 0 0 -0.03965744833963422
8 66.5 10 23 -0.007491516765716597
8 62.5 11 14 -0.02455066459109443
4 0.8605349659919739 12 13 -0.007653642560627703
-1 0.0 0 0 0.022846058069262654
-1 0.0 0 0 -0.001402972285101094
6 0.9676146507263184 15 16 -0.12341449060589255
-1 0.0 0 0 0.015351923366930956
2 0.48455941677093506 17 22 -0.15953628072874498
6 1.0152565240859985 18 19 -0.10495906367318353
-1 0.0 0 0 -0.031899031402454495
3 0.8418501615524292 20 21 -0.015955969467666923
-1 0.0 0 0 0.007105941588461802
-1 0.0 0 0 -0.02544425811739294
-1 0.0 0 0 -0.03498909646054594
6 0.9676146507263184 24 25 0.07300280658250662
-1 0.0 0 0 -0.02452559626528195
-1 0.0 0 0 0.011472212090174414
3 0.8016473054885864 27 28 -0.14079446994930234
-1 0.0 0 0 -0.03978901470127778
-1 0.0 0 0 0.00024445501289197376
nodes 29
0 0.5076702833175659 1 2 0.0
-1 0.0 0 0 -6.0130670481140506e-05
4 0.6824783086776733 3 6 0.007918199146151128
6 1.03341805934906 4 5 -0.010077183294380702
-1 0.0 0 0 -0.015376115558267442
-1 0.0 0 0 -0.00013864106134154526
2 0.37863266468048096 7 8 0.02067618456646038
-1 0.0 0 0 0.05962953470323397
3 0.2908795177936554 9 12 0.01745260513214939
7 0.3889999985694885 10 11 0.2577851866300289
-1 0.0 0 0 0.009597699292177379
-1 0.0 0 0 0.05740466561507095
5 1.8146271705627441 13 22 0.013587781332703035
5 1.5977765321731567 14 17 0.01819800351038513
5 1.5720176696777344 15 16 0.012268453904741716
-1 0.0 0 0 0.0014419968603911514
-1 0.0 0 0 -0.03931844911538065
8 64.5 18 19 0.22244403492659331
-1 0.0 0 0 0.055245567020028835
6 1.0915472507476807 20 21 0.10975713507703892
-1 0.0 0 0 0.029668929713681853
-1 0.0 0 0 -0.034199558990076186
5 1.9693043231964111 23 24 -0.11211331146997172
-1 0.0 0 0 -0.03476123419419235
6 1.0456658601760864 25 26 0.010646821435620176
-1 0.0 0 0 -0.0304962069692987
6 1.1143425703048706 27 28 0.13783249397998426
-1 0.0 0 0 0.03142315082252026
-1 0.0 0 0 -0.022298367152159868
nodes 29
8 96.5 1 2 0.0
-1 0.0 0 0 -2.4461018034943085e-05
4 0.7850568294525146 3 28 0.019292940267248447
2 0.41583147644996643 4 27 0.023460194337389023
2 0.39423733949661255 5 24 0.027245744594350276
2 0.38738423585891724 6 23 0.02092402152570572
6 1.0773768424987793 7 22 0.026174631071293156
2 0.2855384945869446 8 11 0.061649440834489574
3 0.44262754917144775 9 10 0.22071775591584963
-1 0.0 0 0 0.00804543470259051
-1 0.0 0 0 0.04566153072307564
4 0.5966367721557617 12 13 0.039772912653137024
-1 0.0 0 0 -0.009648357840288975
8 97.5 14 17 0.07197185290268802
2 0.35056087374687195 15 16 0.25526765756672476
-1 0.0 0 0 -0.0027268413174897435
-1 0.0 0 0 0.05243496297016031
7 0.06700000166893005 18 21 0.04741261110129748
6 0.9900560975074768 19 20 0.10818191272094203
-1 0.0 0 0 -0.004852097738004322
-1 0.0 0 0 0.018653335777143464
-1 0.0 0 0 -0.003269237739732489
-1 0.0 0 0 -5.4096640469427336e-05
-1 0.0 0 0 -0.01714854121448532
1 0.3386502265930176 25 26 0.20289933557311693
-1 0.0 0 0 0.03807003535330296
-1 0.0 0 0 0.004126204651865093
-1 0.0 0 0 -0.01944793418848089
-1 0.0 0 0 -0.021369444638152015
nodes 29
5 2.0925562381744385 1 2 0.0
-1 0.0 0 0 4.951314027425586e-05
5 2.138535737991333 3 12 -0.009217137127914271
1 0.19117358326911926 4 9 -0.07428776158655889
6 1.0618253946304321 5 6 -0.02515819202614157
-1 0.0 0 0 0.030619206372648478
6 1.112533688545227 7 8 -0.0478534150228968
-1 0.0 0 0 -0.02848562779836357
-1 0.0 0 0 -0.00186838318892674
6 1.1004362106323242 10 11 -0.26352758507853674
-1 0.0 0 0 -0.010574496984481811
-1 0.0 0 0 -0.0460755854120685
7 0.19200000166893005 13 14 -0.0037819074972559644
-1 0.0 0 0 0.004203902303843197
7 0.257999986410141 15 20 -0.011337426124829167
5 2.6619646549224854 16 17 -0.161544656810481
-1 0.0 0 0 0.00034517662838921636
2 0.3671664893627167 18 19 -0.37564715820675093
-1 0.0 0 0 -0.015620037175867022
-1 0.0 0 0 -0.06828726592340639
2 0.41079723834991455 21 22 -0.0037997257810094046
-1 0.0 0 0 -0.0008143386491210443
2 0.41583147644996643 23 24 0.16408052166789464
-1 0.0 0 0 0.0429761303961277
7 0.4860000014305115 25 28 0.04511897735742491
7 0.3370000123977661 26 27 0.19555168551333407
-1 0.0 0 0 -0.006550577625632287
-1 0.0 0 0 0.04922078920697624
-1 0.0 0 0 -0.030839788680896166
nodes 29
5 1.393668532371521 1 2 0.0
-1 0.0 0 0 -0.00011349861215274155
3 0.4213278889656067 3 4 0.004033439259926626
-1 0.0 0 0 -0.0007088219120236567
3 0.4371092915534973 5 12 0.011772821734530882
2 0.334133043885231 6 7 0.0761546750508721
-1 0.0 0 0 0.0026444782575623218
1 0.22910290956497192 8 11 0.1437601288172106
6 1.176249384880066 9 10 0.24010070139521975
-1 0.0 0 0 0.017449955653352372
-1 0.0 0 0 0.06573239827156067
-1 0.0 0 0 0.005095036256404993
0 0.5010856986045837 13 14 0.007049849239093052
-1 0.0 0 0 0.000373745404198028
1 0.27209800481796265 15 16 0.07433946050482212
-1 0.0 0 0 -0.010786769313390478
6 1.094388484954834 17 20 0.12233152329359395
8 83.5 18 19 0.056937547486556064
-1 0.0 0 0 -0.0029252456035984715
-1 0.0 0 0 0.03044575576025706
8 72.5 21 26 0.25759851434650793
6 1.1591581106185913 22 25 0.3969968339111042
7 0.44600000977516174 23 24 0.5119542989512564
-1 0.0 0 0 0.03676235033199191
-1 0.0 0 0 0.08131663941818736
-1 0.0 0 0 -0.0011102166981436313
7 0.32499998807907104 27 28 0.026957658339630475
-1 0.0 0 0 0.02605904540156617
-1 0.0 0 0 -0.035130496323108676
nodes 29
0 0.20220401883125305 1 18 0.0
6 1.0749385356903076 2 3 -0.012643049934382268
-1 0.0 0 0 -0.030188955832272768
6 1.1721537113189697 4 15 -0.009233882984685379
5 1.9693043231964111 5 12 -0.05464212544378824
7 0.6449999809265137 6 7 -0.07205456830552741
-1 0.0 0 0 -0.004037269571676254
6 1.1290810108184814 8 9 -0.16462855062163467
-1 0.0 0 0 -0.03567288575900925
6 1.1393979787826538 10 11 -0.09876558823244912
-1 0.0 0 0 0.006776438343028228
-1 0.0 0 0 -0.014810780205844363
6 1.1431140899658203 13 14 0.1502319363124193
-1 0.0 0 0 0.03870229076732088
-1 0.0 0 0 -0.016943587502464653
7 0.8980000019073486 16 17 0.0036478879256984127
-1 0.0 0 0 0.0016051140357642647
-1 0.0 0 0 -0.003410732789008595
3 0.8253170251846313 19 20 0.00035711448768012687
-1 0.0 0 0 -0.0001019467320869772
0 0.5299081802368164 21 28 0.005566036669828409
3 0.8490429520606995 22 27 0.006039687197705103
8 37.5 23 26 0.021316853506429975
6 1.084860920906067 24 25 -0.03777349311400696
-1 0.0 0 0 0.012038516894721523
-1 0.0 0 0 -0.006704967098491405
-1 0.0 0 0 0.0028221263631788354
-1 0.0 0 0 6.024498537883168e-05
-1 0.0 0 0 -0.020328295587197596
nodes 29
6 1.1058831214904785 1 28 0.0
8 35.5 2 15 -0.0018407837495481214
1 0.3094746172428131 3 10 -0.04710793912721017
1 0.2814633250236511 4 5 -0.0935512601680865
-1 0.0 0 0 -0.0035405564194788105
4 0.9760712385177612 6 7 -0.24905719125946593
-1 0.0 0 0 -0.0635843430304279
7 0.42500001192092896 8 9 -0.09933348582276413
-1 0.0 0 0 0.005501091382419221
-1 0.0 0 0 -0.03721923351986334
5 1.201830506324768 11 12 0.03963017818317352
-1 0.0 0 0 0.007383248439112988
0 0.38124582171440125 13 14 -0.22757533906648555
-1 0.0 0 0 -0.05050203119005475
-1 0.0 0 0 0.016084762290120125
0 0.346476286649704 16 27 -0.0008941247927165082
1 0.2107211798429489 17 18 0.02403749122981917
-1 0.0 0 0 -0.00664540161858129
7 0.49799999594688416 19 20 0.040427754727407436
-1 0.0 0 0 0.0028193882605625623
4 1.0158509016036987 21 24 0.15652720116311683
4 0.8181219696998596 22 23 0.212703268989481
-1 0.0 0 0 -0.018432630819303016
-1 0.0 0 0 0.0249041569273982
6 1.0951415300369263 25 26 -0.07537913012007873
-1 0.0 0 0 0.012801295345456438
-1 0.0 0 0 -0.06652161724865437
-1 0.0 0 0 -0.0003223400510621137
-1 0.0 0 0 0.00026727109130562297
nodes 29
8 53.5 1 2 0.0
-1 0.0 0 0 -0.00022814022234244922
0 0.37560325860977173 3 28 0.001965042024732049
6 1.1004362106323242 4 23 0.021118271616344615
2 0.34779348969459534 5 18 0.04455896075670477
7 0.46799999475479126 6 11 0.028990906491012314
2 0.32956191897392273 7 8 0.019609067247144632
-1 0.0 0 0 0.003918410136340169
7 0.009999999776482582 9 10 -0.05147679608114099
-1 0.0 0 0 -0.04844159968197346
-1 0.0 0 0 -0.0013925947037487464
4 0.7932788729667664 12 13 0.18856305156127903
-1 0.0 0 0 -0.01786279443476815
8 60.5 14 17 0.3284453357170735
8 55.5 15 16 0.17842344342377678
-1 0.0 0 0 0.046057773116402904
-1 0.0 0 0 -0.005082691536517814
-1 0.0 0 0 0.06631095569867355
7 0.027000000700354576 19 20 0.15153812312851905
-1 0.0 0 0 -0.009050525310158264
5 1.1698108911514282 21 22 0.21608302345654617
-1 0.0 0 0 0.014312102497054663
-1 0.0 0 0 0.04044774374577092
2 0.3362676203250885 24 27 -0.009433781277381882
6 1.1027727127075195 25 26 0.002713790295646494
-1 0.0 0 0 -0.02256952119899578
-1 0.0 0 0 0.0010819054483791847
-1 0.0 0 0 -0.03955530205629267
-1 0.0 0 0 3.2856618945385394e-05
nodes 29
6 1.1058831214904785 1 2 0.0
-1 0.0 0 0 -0.00017464071080127203
1 0.3812118172645569 3 28 0.0025356817987360414
1 0.37037646770477295 4 23 0.002189010954394359
1 0.349467396736145 5 6 0.0025922284967363927
-1 0.0 0 0 0.00017747065001192668
8 59.5 7 18 0.08195307758380321
4 0.9783370494842529 8 17 0.2029116130683096
7 0.4860000014305115 9 16 0.2817220524435645
4 0.915721595287323 10 15 0.17635867454609863
4 0.8833457827568054 11 14 0.08384900211500443
7 0.3499999940395355 12 13 0.17595041252672672
-1 0.0 0 0 0.03373249168233836
-1 0.0 0 0 -0.016697040910366924
-1 0.0 0 0 -0.031659191271857075
-1 0.0 0 0 0.05110260189291748
-1 0.0 0 0 0.06952733106911183
-1 0.0 0 0 -0.01346026599083258
1 0.35979193449020386 19 20 -0.08993536757839005
-1 0.0 0 0 -0.023443339895649055
8 74.5 21 22 0.09947421409290384
-1 0.0 0 0 0.02749002355806254
-1 0.0 0 0 -0.03741760439239442
2 0.4056834280490875 24 25 -0.17576579199901418
-1 0.0 0 0 0.022616823035507248
8 50.5 26 27 -0.33410343716880586
-1 0.0 0 0 -0.061933732970997135
-1 0.0 0 0 -0.013663381925569132
-1 0.0 0 0 0.01610499515794636
nodes 29
0 0.453169584274292 1 2 0.0
-1 0.0 0 0 -0.00014411132943481516
0 0.4595015048980713 3 28 0.0031525159042765415
5 1.1698108911514282 4 21 0.03178989725801492
4 0.7932788729667664 5 16 0.05668746108772327
3 0.6908183097839355 6 13 0.12705928470432476
2 0.3657405972480774 7 12 0.06950171854454006
1 0.3023124039173126 8 9 0.11636218919194545
-1 0.0 0 0 -0.0003908527271143335
8 76.5 10 11 0.20973024539355384
-1 0.0 0 0 0.00897975773403519
-1 0.0 0 0 0.040961802548222376
-1 0.0 0 0 -0.01738122636631418
6 1.0618253946304321 14 15 0.3809433436557038
-1 0.0 0 0 0.010351085802540183
-1 0.0 0 0 0.059747601536715905
6 1.1091890335083008 17 20 0.03859054030090192
5 1.1637496948242188 18 19 0.03177009282425745
-1 0.0 0 0 0.0024265735291877488
-1 0.0 0 0 0.028248385583786086
-1 0.0 0 0 0.050796133482998065
5 1.341483235359192 22 23 0.0017040425927040174
-1 0.0 0 0 -0.004784162245824861
5 1.3606892824172974 24 27 0.06121343642800799
2 0.34779348969459534 25 26 0.3914674957105446
-1 0.0 0 0 0.013026341092772781
-1 0.0 0 0 0.06289257546040145
-1 0.0 0 0 0.004093467840188733
-1 0.0 0 0 -4.771690721032572e-05
nodes 29
0 0.12108592689037323 1 4 0.0
6 1.1898772716522217 2 3 -0.03338168929388768
-1 0.0 0 0 -0.02685479161795229
-1 0.0 0 0 -0.002077224013111904
4 0.9613505005836487 5 6 0.0001317076381340275
-1 0.0 0 0 -9.887215427802404e-05
8 59.5 7 28 0.005046460667003854
6 1.0292458534240723 8 13 0.007146418977329577
0 0.444065123796463 9 10 0.03313995397291334
-1 0.0 0 0 0.0011268967868440008
2 0.46381431818008423 11 12 0.11554276020491891
-1 0.0 0 0 0.016960596480871015
-1 0.0 0 0 0.0019261659871200832
6 1.0363978147506714 14 19 0.003139054031577182
7 0.2619999945163727 15 16 -0.09637838904347432
-1 0.0 0 0 -0.006321778496307136
0 0.4079461991786957 17 18 -0.3164442161225121
-1 0.0 0 0 -0.013093542173010064
-1 0.0 0 0 -0.05745434083206498
7 0.02500000037252903 20 27 0.005946504736273691
5 1.1409189701080322 21 22 -0.10005308967285803
-1 0.0 0 0 -9.045341177075306e-05
2 0.34205687046051025 23 24 -0.22731839978842433
-1 0.0 0 0 0.003656293978874988
0 0.39043429493904114 25 26 -0.3698749855370127
-1 0.0 0 0 -0.05785109854303301
-1 0.0 0 0 -0.01923124324363171
-1 0.0 0 0 0.0008170882454638408
-1 0.0 0 0 -0.0039980315336436536
nodes 29
8 58.5 1 6 0.0
0 0.5158553123474121 2 3 -0.0018082725178732546
-1 0.0 0 0 -0.00024710663839641746
8 57.5 4 5 0.08491679851042798
-1 0.0 0 0 0.00418321984609345
-1 0.0 0 0 0.029126935664221254
2 0.4091390520334244 7 18 0.0024984712945129704
8 65.5 8 13 0.0076097822383145
4 0.7997978925704956 9 12 0.02343471307711857
5 1.063389539718628 10 11 -0.0034062735990593863
-1 0.0 0 0 -0.030585643901888816
-1 0.0 0 0 -1.274996818975258e-05
-1 0.0 0 0 0.00458873802546098
4 0.7967033386230469 14 15 0.0002189692555393989
-1 0.0 0 0 0.0008067452948266451
6 1.0611999034881592 16 17 -0.024849893810646187
-1 0.0 0 0 0.0002798630462590906
-1 0.0 0 0 -0.007630086272358068
2 0.4125046133995056 19 28 -0.012872047557199418
7 0.12999999523162842 20 23 -0.08539462477309087
6 1.094388484954834 21 22 -0.029098529664452536
-1 0.0 0 0 -0.005094289911054318
-1 0.0 0 0 0.0498965357814956
5 1.28072988986969 24 25 -0.20098128813444405
-1 0.0 0 0 -0.012541192362998397
1 0.30862265825271606 26 27 -0.4133924748496832
-1 0.0 0 0 -0.024211888402408246
-1 0.0 0 0 -0.0793173045810798
-1 0.0 0 0 -0.0006379176705282757
nodes 29
4 0.6339583992958069 1 28 0.0
6 1.1323636770248413 2 17 -0.007422033017523998
7 0.5149999856948853 3 14 -0.05003092791372728
8 99.5 4 5 -0.03738583948154239
-1 0.0 0 0 -0.00546478947157037
3 0.4474358856678009 6 7 0.026057173864699863
-1 0.0 0 0 -0.0042385603947218
7 0.2160000056028366 8 13 0.12301777576491683
0 0.45100706815719604 9 10 0.05347279715376425
-1 0.0 0 0 0.04090968567878008
4 0.5966367721557617 11 12 -0.019103541547059538
-1 0.0 0 0 -0.015350659123184729
-1 0.0 0 0 0.011529950813772824
-1 0.0 0 0 0.04386449863847632
6 1.1058831214904785 15 16 -0.17781700790853974
-1 0.0 0 0 -0.03428148746173433
-1 0.0 0 0 -0.01097915716338576
1 0.3049314320087433 18 25 0.0051580039828741965
7 0.47999998927116394 19 20 0.0031800851249674735
-1 0.0 0 0 0.0028235144323625087
2 0.3391975164413452 21 24 -0.006070660506786093
2 0.3362676203250885 22 23 -0.0008132387952917955
-1 0.0 0 0 -0.00028589678964418777
-1 0.0 0 0 0.030093180362434524
-1 0.0 0 0 -0.011116854260483077
1 0.31488293409347534 26 27 0.15674773388757154
-1 0.0 0 0 0.030725677674146076
-1 0.0 0 0 0.001376414317637682
-1 0.0 0 0 6.31737700373972e-05
nodes 29
6 1.0166957378387451 1 28 0.0
4 1.0949968099594116 2 25 -0.005598512953673133
1 0.4175012707710266 3 24 -0.006953255441589152
3 0.9179891347885132 4 21 -0.0111271987942018
3 0.8880615830421448 5 16 -0.007826042383423056
3 0.8830780982971191 6 13 -0.010917462632131282
1 0.41376763582229614 7 12 -0.008896942414082608
2 0.2842836380004883 8 9 -0.006761280273317806
-1 0.0 0 0 -0.010824943136712709
0 0.31084102392196655 10 11 -0.004524626805685645
-1 0.0 0 0 0.02687206548172981
-1 0.0 0 0 -0.0005644369789490517
-1 0.0 0 0 -0.012090179929387858
2 0.388897567987442 14 15 -0.18137589557296482
-1 0.0 0 0 -0.04352040405178236
-1 0.0 0 0 -0.007387221065514229
0 0.4419816732406616 17 20 0.05883633705062134
5 1.1525721549987793 18 19 0.026441437243629132
-1 0.0 0 0 0.004773605739712106
-1 0.0 0 0 -0.02937968889108071
-1 0.0 0 0 0.02767181631718432
8 50.5 22 23 -0.09710044816214555
-1 0.0 0 0 -0.01600666195160073
-1 0.0 0 0 -0.0014894613339048292
-1 0.0 0 0 0.003205104617903678
6 0.9676146507263184 26 27 0.12798339712464932
-1 0.0 0 0 -0.009653806488313422
-1 0.0 0 0 0.02044162352549586
-1 0.0 0 0 8.034457740239444e-05
nodes 29
6 1.0593384504318237 1 28 0.0
1 0.07847857475280762 2 3 0.0031407129854509395
-1 0.0 0 0 0.030445874556899073
1 0.24211859703063965 4 23 0.002948502968812315
7 0.1860000044107437 5 12 -0.03008180705528734
7 0.16300000250339508 6 9 -0.0061605044207830705
1 0.22406761348247528 7 8 -0.01595017119198654
-1 0.0 0 0 0.0019407007207755918
-1 0.0 0 0 -0.00826445903956351
6 1.0408821105957031 10 11 0.20825239329361447
-1 0.0 0 0 -0.004584441032438051
-1 0.0 0 0 0.0386120155826211
2 0.3621513843536377 13 16 -0.08792876663520656
4 1.047317385673523 14 15 -0.045393647625808914
-1 0.0 0 0 -0.006722664807716361
-1 0.0 0 0 0.03216086932945819
8 52.5 17 18 -0.2338749547958921
-1 0.0 0 0 -0.07140415981411934
2 0.3934394121170044 19 20 -0.12597233831380192
-1 0.0 0 0 -0.03774797576753533
3 0.35608282685279846 21 22 0.02950497547333891
-1 0.0 0 0 -0.0181780084006248
-1 0.0 0 0 0.030241484396780535
8 31.5 24 27 0.004784508687275332
2 0.3406869173049927 25 26 -0.18507019982540182
-1 0.0 0 0 -0.04447451298340009
-1 0.0 0 0 0.00399814061820507
-1 0.0 0 0 0.0005143135944804507
-1 0.0 0 0 -0.00014357846190741566
nodes 29
2 0.46381431818008423 1 2 0.0
-1 0.0 0 0 3.07517589800109e-05
7 0.44600000977516174 3 28 -0.01538215137362033
7 0.3409999907016754 4 25 -0.01254114707525158
6 1.0433354377746582 5 24 -0.016895102037697885
7 0.11699999868869781 6 17 0.003191942042793103
7 0.11100000143051147 7 16 -0.013116543459355033
8 54.5 8 15 -0.006528398770896888
3 0.8471376299858093 9 10 -0.07711529272477334
-1 0.0 0 0 -0.01983596140993401
5 1.1238770484924316 11 14 -0.004228533054513566
7 0.010999999940395355 12 13 -0.05469683138653636
-1 0.0 0 0 -0.025268706018105148
-1 0.0 0 0 0.003097201761109038
-1 0.0 0 0 0.030909548575679464
-1 0.0 0 0 0.002101043168716477
-1 0.0 0 0 -0.029583388291623283
8 47.5 18 19 0.08238218414457012
-1 0.0 0 0 0.03702268864457997
3 0.8510112166404724 20 21 0.0412615123872516
-1 0.0 0 0 0.013027969672111795
6 1.0209500789642334 22 23 -0.10452189094212372
-1 0.0 0 0 0.019659439139713474
-1 0.0 0 0 -0.025508003211175297
-1 0.0 0 0 -0.005303397898014697
6 1.0611999034881592 26 27 0.17497577687556093
-1 0.0 0 0 0.034104076330550015
-1 0.0 0 0 -0.0024302206840366124
-1 0.0 0 0 -0.027770154825633483
nodes 29
5 1.2282440662384033 1 28 0.0
5 1.2241365909576416 2 3 -0.001730554878299828
-1 0.0 0 0 -0.00010175153093422337
7 0.054999999701976776 4 11 -0.055230350292026276
1 0.3049314320087433 5 6 -0.16989297813381113
-1 0.0 0 0 0.004981847511320983
7 0.02800000086426735 7 10 -0.2962270637508482
3 0.7390866279602051 8 9 -0.1330218773078302
-1 0.0 0 0 -0.03714404307305813
-1 0.0 0 0 0.012242657278797456
-1 0.0 0 0 -0.07264952825551683
1 0.3067834973335266 12 21 -0.03327367687551429
2 0.29684409499168396 13 14 -0.07998720629964992
-1 0.0 0 0 0.0006277637568321855
0 0.37356624007225037 15 20 -0.14998900583185654
7 0.5210000276565552 16 19 -0.2785062353025273
7 0.30000001192092896 17 18 -0.38022477874482
-1 0.0 0 0 -0.022375228595402506
-1 0.0 0 0 -0.06230269227305363
-1 0.0 0 0 2.7792079857102147e-05
-1 0.0 0 0 -0.005921809550641769
3 0.6296221017837524 22 23 0.062316045372022524
-1 0.0 0 0 -0.03292076508514583
6 1.112533688545227 24 27 0.13040712297610615
0 0.47440817952156067 25 26 0.07144788380076246
-1 0.0 0 0 0.014311794281991967
-1 0.0 0 0 -0.027666383143514398
-1 0.0 0 0 0.06138728842139244
-1 0.0 0 0 0.0002553845183193759
nodes 29
0 0.41300198435783386 1 2 0.0
-1 0.0 0 0 0.0002201710182085855
0 0.44682857394218445 3 28 -0.0019570898319526387
6 1.1043202877044678 4 11 -0.01070058166425383
6 1.0654722452163696 5 6 -0.017148181780196104
-1 0.0 0 0 -0.0002376441523584475
1 0.3058752715587616 7 10 -0.04305256465149898
5 1.2719460725784302 8 9 -0.08592727102181558
-1 0.0 0 0 -0.015851044494475167
-1 0.0 0 0 -0.002821440404876118
-1 0.0 0 0 -0.0020719692213747305
1 0.3204480707645416 12 13 0.0060822368520384905
-1 0.0 0 0 -0.00044302864919492616
0 0.4290396571159363 14 23 0.094324318354855
0 0.4215336740016937 15 22 -0.02152526184384312
1 0.3275057375431061 16 17 0.11746056964550393
-1 0.0 0 0 -0.027456198993229097
0 0.415397047996521 18 19 0.23778432555552018
-1 0.0 0 0 -0.020816644006408754
3 0.7844093441963196 20 21 0.34789562570850974
-1 0.0 0 0 0.05870502960196761
-1 0.0 0 0 0.007727323561955832
-1 0.0 0 0 -0.018388039243316886
0 0.444065123796463 24 27 0.19287691262110862
7 0.6449999809265137 25 26 0.2726028332987628
-1 0.0 0 0 0.019820138376585587
-1 0.0 0 0 0.10030897923491218
-1 0.0 0 0 -0.018661846980452538
-1 0.0 0 0 0.00025623392003018374
nodes 29
7 0.8420000076293945 1 2 0.0
-1 0.0 0 0 4.1740841534619845e-05
6 1.1828163862228394 3 24 -0.010399080670183051
2 0.37221404910087585 4 23 0.08404287607315122
2 0.32082170248031616 5 14 0.05016311672188638
1 0.17303326725959778 6 7 0.16067863775220648
-1 0.0 0 0 -0.006679121573531144
6 1.1280546188354492 8 9 0.2953407910168171
-1 0.0 0 0 -0.01631944668292999
6 1.1544904708862305 10 11 0.40997460547834635
-1 0.0 0 0 0.0947933156428666
8 32.5 12 13 0.19024505649863835
-1 0.0 0 0 0.034270173462019084
-1 0.0 0 0 -0.0030554270436023846
2 0.3391975164413452 15 18 -0.12165398237993941
3 0.7815073132514954 16 17 -0.32968988944776356
-1 0.0 0 0 -0.05386975546215855
-1 0.0 0 0 0.009827818686053867
2 0.3594459891319275 19 22 0.08638192468788475
3 0.6031041741371155 20 21 0.2638952581381256
-1 0.0 0 0 0.05358253376824516
-1 0.0 0 0 0.0015611272467219311
-1 0.0 0 0 -0.030414740890264514
-1 0.0 0 0 0.06379769414663315
2 0.3224964439868927 25 28 -0.0197303332299601
2 0.3191814422607422 26 27 -0.013616163273909522
-1 0.0 0 0 -0.0016395136712144941
-1 0.0 0 0 0.02910519580046336
-1 0.0 0 0 -0.012487504869178323
nodes 29
6 1.0166957378387451 1 28 0.0
4 1.0949968099594116 2 25 -0.0054413833206215
1 0.4024927318096161 3 12 -0.006669891667005049
2 0.41079723834991455 4 11 -0.012120707222880969
8 45.5 5 10 -0.0013253298958797568
2 0.40731900930404663 6 9 -0.06077137458942569
5 1.0664128065109253 7 8 -0.07645484749153297
-1 0.0 0 0 -0.03623231259766423
-1 0.0 0 0 -0.006239575182833088
-1 0.0 0 0 0.028534664807776958
-1 0.0 0 0 0.0004960335332503716
-1 0.0 0 0 -0.0035744247973491065
3 0.740652322769165 13 14 0.01823381203583818
-1 0.0 0 0 0.017359679674496874
3 0.8332309126853943 15 22 0.010943198018516242
4 0.8767477869987488 16 17 -0.0271269868794156
-1 0.0 0 0 0.002709221802569537
7 0.0430000014603138 18 19 -0.07733397062154836
-1 0.0 0 0 -0.004102678393784076
1 0.4084670841693878 20 21 -0.2190031892501329
-1 0.0 0 0 0.0021945532831934194
-1 0.0 0 0 -0.032420615241272564
1 0.40693363547325134 23 24 0.04233154395747888
-1 0.0 0 0 0.01670046295641231
-1 0.0 0 0 0.0024381550241341084
6 0.950168251991272 26 27 0.11569343965929298
-1 0.0 0 0 -0.015824506168719384
-1 0.0 0 0 0.016737994934730934
-1 0.0 0 0 7.808961332234865e-05
nodes 29
8 58.5 1 8 0.0
0 0.5158553123474121 2 3 -0.001735139249363792
-1 0.0 0 0 -0.0002343260232052244
8 57.5 4 7 0.07783610924227767
0 0.5480470657348633 5 6 0.03961068953863655
-1 0.0 0 0 0.0066362517503493635
-1 0.0 0 0 -0.02477557205354735
-1 0.0 0 0 0.026091575098076938
2 0.4091390520334244 9 22 0.0023974239089564766
8 65.5 10 13 0.007086067984139666
7 0.5680000185966492 11 12 0.021155397772682407
-1 0.0 0 0 0.003066439249202827
-1 0.0 0 0 -0.002940155588943164
4 0.821015477180481 14 15 0.000515183958212101
-1 0.0 0 0 0.0006324974493595527
6 1.063031792640686 16 21 -0.028608586849899774
5 1.453421711921692 17 20 -0.0019021296516137185
3 0.6610203385353088 18 19 0.010338698378513696
-1 0.0 0 0 0.01913187871286214
-1 0.0 0 0 -0.00018178823159997653
-1 0.0 0 0 -0.021469739374056784
-1 0.0 0 0 -0.009407166116106086
7 0.4860000014305115 23 24 -0.011702068948931204
-1 0.0 0 0 -0.0009511911139265957
2 0.4241766333580017 25 26 -0.1945802460559794
-1 0.0 0 0 -0.0358163784553365
4 0.8385796546936035 27 28 0.1247971386293925
-1 0.0 0 0 0.04419412636419848
-1 0.0 0 0 -0.01923469863831997
nodes 29
5 1.393668532371521 1 2 0.0
-1 0.0 0 0 -0.00010932035120342348
3 0.4213278889656067 3 4 0.0038849546425252504
-1 0.0 0 0 -0.0006470548058398666
3 0.4318722188472748 5 12 0.01109118175180206
5 1.5609077215194702 6 7 0.08280869798301449
-1 0.0 0 0 -0.006057469230115744
2 0.294642835855484 8 9 0.13453147347365185
-1 0.0 0 0 -0.00032956869557105467
7 0.746999979019165 10 11 0.19528423497869976
-1 0.0 0 0 0.015192914967887479
-1 0.0 0 0 0.06588501470306744
0 0.5062798261642456 13 14 0.007630998826698635
-1 0.0 0 0 0.00045193279509683987
6 1.1662837266921997 15 28 0.08561314720813212
7 0.5260000228881836 16 27 0.10850186510908637
7 0.03400000184774399 17 24 0.06529724734050497
0 0.5140356421470642 18 19 -0.09060046671912438
-1 0.0 0 0 0.024465233637019995
6 0.9072489738464355 20 21 -0.19874653223180963
-1 0.0 0 0 -0.05107057895511389
7 0.012000000104308128 22 23 -0.05019450493689094
-1 0.0 0 0 0.029137452514398667
-1 0.0 0 0 -0.03917635350177686
8 80.5 25 26 0.10334371327172405
-1 0.0 0 0 0.004382234435646923
-1 0.0 0 0 0.023989273607730868
-1 0.0 0 0 0.08609822912452123
-1 0.0 0 0 -0.023053726879879832
nodes 29
1 0.388459175825119 1 26 0.0
1 0.371440589427948 2 3 -0.0007564624467269203
-1 0.0 0 0 6.0692630784893984e-05
6 1.0867522954940796 4 17 -0.01984181925542755
8 76.5 5 8 -0.012603760775221223
3 0.652264416217804 6 7 -0.005606620054451608
-1 0.0 0 0 0.04126635977389434
-1 0.0 0 0 -0.0007800049998507331
2 0.41079723834991455 9 10 -0.08792503367439133
-1 0.0 0 0 0.0005042982605083029
6 1.069566011428833 11 16 -0.14652107210406004
6 1.0391663312911987 12 13 -0.10683677976158643
-1 0.0 0 0 -0.018171153386455526
0 0.4871175289154053 14 15 0.06430551533091378
-1 0.0 0 0 -0.03367260236825262
-1 0.0 0 0 0.021469234246095377
-1 0.0 0 0 -0.047039610315715116
7 0.4860000014305115 18 23 -0.11026774710332633
5 1.151475191116333 19 20 -0.07214241622385975
-1 0.0 0 0 -0.013031370879243463
5 1.1820372343063354 21 22 0.16054275405043975
-1 0.0 0 0 0.03430732791014809
-1 0.0 0 0 -0.011619707425275157
2 0.41667723655700684 24 25 -0.4335042480379343
-1 0.0 0 0 -0.01883692479071518
-1 0.0 0 0 -0.07009242481806062
6 1.1011730432510376 27 28 0.005673855050057492
-1 0.0 0 0 0.0004485642804223639
-1 0.0 0 0 0.018840839096197957
nodes 29
2 0.4670308232307434 1 2 0.0
-1 0.0 0 0 2.6517803973677993e-05
8 76.5 3 26 -0.016646691250385554
8 70.5 4 23 -0.01077223200237274
8 60.5 5 22 -0.021150924769439125
0 0.5480470657348633 6 21 0.0001402799118988247
4 0.9146221876144409 7 8 0.007665772407423132
-1 0.0 0 0 0.010214987209990561
0 0.4871175289154053 9 10 -0.026392449574750784
-1 0.0 0 0 0.0054377191190115625
6 1.0137033462524414 11 14 -0.07637460374218576
7 0.007000000216066837 12 13 0.04957118961629608
-1 0.0 0 0 -0.019733993521453264
-1 0.0 0 0 0.014284872566349804
4 0.9936493635177612 15 20 -0.12825924951112844
7 0.0430000014603138 16 17 -0.09181586689774648
-1 0.0 0 0 -0.026724349323373576
5 1.1399377584457397 18 19 -0.037774181059645535
-1 0.0 0 0 0.004644040904578663
-1 0.0 0 0 -0.027086813581575244
-1 0.0 0 0 -0.05305941935628653
-1 0.0 0 0 -0.03520527688786387
-1 0.0 0 0 -0.006569007504374784
2 0.48455941677093506 24 25 0.13300318838845865
-1 0.0 0 0 0.005958978231310061
-1 0.0 0 0 0.0347596221531813
0 0.5332775115966797 27 28 -0.1845675546605632
-1 0.0 0 0 0.004397500831295143
-1 0.0 0 0 -0.03467590509643478
nodes 29
8 20.5 1 8 0.0
6 1.1784940958023071 2 3 -0.05055837721277995
-1 0.0 0 0 -0.02896954791271128
7 0.9240000247955322 4 7 -0.01590082621070273
5 1.9693043231964111 5 6 0.031048475544334257
-1 0.0 0 0 -0.0018249749233746116
-1 0.0 0 0 0.01479035268701544
-1 0.0 0 0 -0.010680266577896584
4 0.9613505005836487 9 10 8.000856153733498e-05
-1 0.0 0 0 -9.410790154127936e-05
8 59.5 11 28 0.004520292702477319
6 1.1198477745056152 12 19 0.006419371027797525
1 0.11849284917116165 13 14 0.015053886042383264
-1 0.0 0 0 -0.03289724353587989
5 1.9693043231964111 15 16 0.01611659020846386
-1 0.0 0 0 0.0013855589367404541
3 0.5162385702133179 17 18 0.2276102087040127
-1 0.0 0 0 0.009977720817551017
-1 0.0 0 0 0.06775823705643416
2 0.4099505841732025 20 27 -0.00656329529692547
2 0.3982846438884735 21 26 -0.00519553054452776
2 0.38813161849975586 22 25 -0.007097581023733683
1 0.3076615035533905 23 24 -0.005627629404884803
-1 0.0 0 0 -0.0009185710690764834
-1 0.0 0 0 0.01025920482768145
-1 0.0 0 0 -0.029443229051927727
-1 0.0 0 0 0.04152170644374564
-1 0.0 0 0 -0.04482891391962767
-1 0.0 0 0 -0.003660258904350379
nodes 29
8 58.5 1 2 0.0
-1 0.0 0 0 -0.00017235869371834598
8 62.5 3 28 0.002381462089937246
4 0.7997978925704956 4 9 0.016428243329129354
6 1.1004362106323242 5 8 -0.01945192569149626
1 0.3023124039173126 6 7 -0.08753303081991039
-1 0.0 0 0 -0.020795677732914106
-1 0.0 0 0 0.0032567863822003315
-1 0.0 0 0 0.0007979347061704669
1 0.3076615035533905 10 15 0.03166864916497393
0 0.40444034337997437 11 12 0.10323063246401477
-1 0.0 0 0 0.006043849406632209
0 0.40881648659706116 13 14 0.18041240435135117
-1 0.0 0 0 0.07644261839134353
-1 0.0 0 0 0.013587976320827286
7 0.49799999594688416 16 25 0.010678952665784698
4 0.8107221126556396 17 18 0.014763918367953245
-1 0.0 0 0 0.0223819133859101
6 1.123824119567871 19 24 0.008347783469903005
2 0.3434485197067261 20 21 0.0049864251048028704
-1 0.0 0 0 -0.026131668566520536
2 0.3526970446109772 22 23 0.009630896119364735
-1 0.0 0 0 0.028375722320994275
-1 0.0 0 0 0.0004314199865472204
-1 0.0 0 0 0.041643485849773565
2 0.39423733949661255 26 27 -0.34244363803278516
-1 0.0 0 0 -0.0026059754479389927
-1 0.0 0 0 -0.06362286727609379
-1 0.0 0 0 -0.00012903832372937379
nodes 29
5 1.0445696115493774 1 28 0.0
3 0.9810307621955872 2 25 0.022249173728310187
0 0.4176984131336212 3 16 0.03710475095153955
7 0.3409999907016754 4 15 0.11642793360909429
8 55.5 5 12 0.18267806587604488
7 0.10700000077486038 6 9 0.1096271230155124
2 0.3671664893627167 7 8 -0.00526678109348848
-1 0.0 0 0 0.012564834327387968
-1 0.0 0 0 -0.025400551739148798
5 1.0392156839370728 10 11 0.23078796734864063
-1 0.0 0 0 0.0032090915705670015
-1 0.0 0 0 0.03632526684439544
7 0.061000000685453415 13 14 0.3445360373121266
-1 0.0 0 0 0.016914167562904564
-1 0.0 0 0 0.0488609977266086
-1 0.0 0 0 -0.02031315279138439
7 0.125 17 24 0.0083917890389329
0 0.425388902425766 18 19 -0.038810071384984206
-1 0.0 0 0 -0.03672829359873302
4 0.798353374004364 20 21 -0.011853331736767364
-1 0.0 0 0 0.01884477449314935
4 0.933468759059906 22 23 -0.03569869800679842
-1 0.0 0 0 -0.008104143167972705
-1 0.0 0 0 0.008353589794793982
-1 0.0 0 0 0.009637012574529149
7 0.14800000190734863 26 27 -0.25443595205433667
-1 0.0 0 0 -0.007331162863411009
-1 0.0 0 0 -0.04355602754745633
-1 0.0 0 0 -1.760379856170789e-05
nodes 29
0 0.453169584274292 1 2 0.0
-1 0.0 0 0 -0.00013349426915841006
0 0.4595015048980713 3 4 0.0029202616418968104
-1 0.0 0 0 0.002795456504214224
7 0.22200000286102295 5 24 -0.0002527461769253752
4 0.7900057435035706 6 11 0.006548259007082243
0 0.49213236570358276 7 10 0.0259555742988324
1 0.25796210765838623 8 9 0.05064204966108204
-1 0.0 0 0 -0.002656976843756734
-1 0.0 0 0 0.006902910750731368
-1 0.0 0 0 0.00040980868302080344
6 1.1208168268203735 12 21 -0.0029790861394762185
6 1.1083896160125732 13 16 -0.0012943175264309127
6 1.1043202877044678 14 15 -0.002784423853628477
-1 0.0 0 0 -0.00015474326469566615
-1 0.0 0 0 -0.03071358019951731
7 0.08100000023841858 17 18 0.21418959500904128
-1 0.0 0 0 -0.023561536338335524
3 0.6499269008636475 19 20 0.40031578468865364
-1 0.0 0 0 0.06670193772476453
-1 0.0 0 0 0.018361911573447288
5 1.2747905254364014 22 23 -0.3498090385491478
-1 0.0 0 0 -0.007226235394676527
-1 0.0 0 0 -0.06471804863374148
7 0.25099998712539673 25 28 -0.012473377089183363
2 0.4565485119819641 26 27 -0.0697880420872221
-1 0.0 0 0 -0.004863273741949985
-1 0.0 0 0 -0.0284078834074385
-1 0.0 0 0 -0.0006454987358009576
nodes 29
1 0.388459175825119 1 16 0.0
1 0.38594114780426025 2 3 -0.000742070459436473
-1 0.0 0 0 -2.801204676023115e-05
6 1.0586857795715332 4 7 -0.05220447649241641
7 0.31200000643730164 5 6 0.0021029161469756567
-1 0.0 0 0 0.001762058081491732
-1 0.0 0 0 -0.025368826596006273
4 0.887961208820343 8 15 -0.1733345456716366
3 0.7873194217681885 9 14 -0.2693857612647933
4 0.8498446345329285 10 13 -0.1558699822382313
5 1.0965468883514404 11 12 -0.2616277730994625
-1 0.0 0 0 0.0010387931229366412
-1 0.0 0 0 -0.05171576771659382
-1 0.0 0 0 0.008586211115886857
-1 0.0 0 0 -0.07440881099213253
-1 0.0 0 0 -0.008845207607768414
4 0.8547412753105164 17 20 0.005565907252540198
8 77.5 18 19 0.037689855578000066
-1 0.0 0 0 0.005419815248409462
-1 0.0 0 0 -0.0038452345320334914
7 0.0010000000474974513 21 28 -0.0010062460092116776
0 0.4705188274383545 22 25 -0.11320836286659816
0 0.45100706815719604 23 24 0.0308658416227748
-1 0.0 0 0 -0.012700187990887332
-1 0.0 0 0 0.016054289859520007
1 0.4053405225276947 26 27 -0.23465934516342496
-1 0.0 0 0 -0.05108737201988697
-1 0.0 0 0 -0.01627285183312779
-1 0.0 0 0 0.00016156833693063133
nodes 29
1 0.2877647578716278 1 2 0.0
-1 0.0 0 0 0.00020908110013361493
1 0.29593512415885925 3 18 -0.0019179529774332247
8 35.5 4 13 -0.03486500462853226
4 0.9936493635177612 5 8 -0.19083334424876594
6 1.1108274459838867 6 7 -0.4107331683778245
-1 0.0 0 0 -0.07807546671141279
-1 0.0 0 0 -0.023753161577785273
1 0.29040321707725525 9 12 -0.06224785386821476
6 1.1217997074127197 10 11 0.15294941862964112
-1 0.0 0 0 0.03826135604713972
-1 0.0 0 0 -0.014561396576464176
-1 0.0 0 0 -0.019973500018628937
2 0.4269625246524811 14 17 -0.026137871322433007
4 1.139628529548645 15 16 -0.029804197311102294
-1 0.0 0 0 -0.0032333814594881875
-1 0.0 0 0 0.034756870838728825
-1 0.0 0 0 0.02926395251660755
7 0.7110000252723694 19 20 0.0004731084756016838
-1 0.0 0 0 -1.6443391930602063e-05
1 0.3067834973335266 21 28 0.09128622695732214
1 0.30043166875839233 22 25 -0.08213113059537136
4 0.7950323820114136 23 24 0.28408253005834233
-1 0.0 0 0 -0.01950444250621579
-1 0.0 0 0 0.05768823359653147
6 1.1544904708862305 26 27 -0.3855653065655913
-1 0.0 0 0 -0.06470637419601766
-1 0.0 0 0 -0.0015860622042211993
-1 0.0 0 0 0.019648727798454852
nodes 29
0 0.42001864314079285 1 2 0.0
-1 0.0 0 0 0.00019735523221668636
0 0.42460739612579346 3 28 -0.0020206032952310654
5 1.0828336477279663 4 5 -0.04435940408041407
-1 0.0 0 0 0.005879780387940722
5 1.085901141166687 6 7 -0.05868956801287714
-1 0.0 0 0 -0.04061810887551734
0 0.4230777621269226 8 17 -0.052701284789843976
2 0.4176376760005951 9 12 -0.025802663949534132
4 0.92823326587677 10 11 -0.013020144644625998
-1 0.0 0 0 -0.0038149059260679285
-1 0.0 0 0 0.014043564292644098
6 1.0120660066604614 13 14 -0.20955137895758857
-1 0.0 0 0 -0.06103153014960497
8 47.5 15 16 -0.06774260636705619
-1 0.0 0 0 -0.03489760388930639
-1 0.0 0 0 0.0173314621512379
3 0.7577009797096252 18 25 -0.1063795060242676
6 1.1170305013656616 19 24 -0.1488238287435131
2 0.320002943277359 20 21 -0.21012794083002123
-1 0.0 0 0 0.01025819556885644
1 0.3076615035533905 22 23 -0.253182201944899
-1 0.0 0 0 -0.03612783649661297
-1 0.0 0 0 -0.012636071934518734
-1 0.0 0 0 -0.003216024574252184
2 0.38661983609199524 26 27 -0.004214528222666614
-1 0.0 0 0 0.03137160106375814
-1 0.0 0 0 -0.011090262851134043
-1 0.0 0 0 9.642671555425493e-06
nodes 29
8 113.5 1 22 0.0
0 0.5420362949371338 2 3 -6.216625330528202e-05
-1 0.0 0 0 1.8527977879595814e-05
6 0.9332584142684937 4 5 -0.015866737138701438
-1 0.0 0 0 0.021382176675098508
4 0.5523224472999573 6 7 -0.021677764534046372
-1 0.0 0 0 0.002425652178946615
4 0.6966195702552795 8 11 -0.051145989749239645
6 1.0842121839523315 9 10 -0.09075850548367657
-1 0.0 0 0 -0.024772493149914327
-1 0.0 0 0 -0.004711222886202895
6 1.1227973699569702 12 21 -0.0032091047662616244
4 0.7209718823432922 13 16 0.018323919243890756
3 0.5469187498092651 14 15 0.24684940605130914
-1 0.0 0 0 0.061193192297858856
-1 0.0 0 0 0.001968695107433531
7 0.2619999945163727 17 20 -0.033646051276176356
1 0.4381382167339325 18 19 0.003927718609940774
-1 0.0 0 0 0.0055301202058241124
-1 0.0 0 0 -0.009518677976001243
-1 0.0 0 0 -0.03851426082753366
-1 0.0 0 0 -0.04274096777662635
6 1.0860904455184937 23 26 0.06273201897427572
5 1.243727207183838 24 25 0.1729876168785577
-1 0.0 0 0 0.03223655686748249
-1 0.0 0 0 -0.002867261804640293
6 1.1217997074127197 27 28 -0.036922079131517634
-1 0.0 0 0 -0.0184927745681742
-1 0.0 0 0 0.00804617253738327
nodes 29
6 1.0181618928909302 1 28 0.0
3 0.8332309126853943 2 27 -0.004899416660312476
8 37.5 3 6 -0.012960185275753908
5 1.222231149673462 4 5 -0.20958477784428867
-1 0.0 0 0 0.004929222603854926
-1 0.0 0 0 -0.03622558314162187
3 0.7900466322898865 7 14 -0.011673836775252784
4 0.9521161317825317 8 9 -0.0026945338334415855
-1 0.0 0 0 -0.0006102328996686815
2 0.334133043885231 10 11 0.13132647705885273
-1 0.0 0 0 0.04229411839473027
8 42.5 12 13 0.07986505819618507
-1 0.0 0 0 -0.02118304861136354
-1 0.0 0 0 0.013958225624386486
7 0.04600000008940697 15 16 -0.041061014437384205
-1 0.0 0 0 -0.0023982346099424745
7 0.05900000035762787 17 22 -0.10457912561771004
8 66.5 18 21 -0.2622404652140518
2 0.41938167810440063 19 20 -0.3771251816774758
-1 0.0 0 0 -0.013533005348096292
-1 0.0 0 0 -0.055404844621150966
-1 0.0 0 0 0.000965336374938488
0 0.4461750388145447 23 26 -0.06142520881762733
0 0.4230777621269226 24 25 -0.1489605160774609
-1 0.0 0 0 0.0007622810096704754
-1 0.0 0 0 -0.046762132022137706
-1 0.0 0 0 0.0015838098100491096
-1 0.0 0 0 0.001769584393995077
-1 0.0 0 0 7.283449330312879e-05
nodes 29
6 1.0593384504318237 1 28 0.0
7 0.5680000185966492 2 9 0.002872833303373084
7 0.5389999747276306 3 6 0.0035601116987169566
8 34.5 4 5 0.0031671335492117476
-1 0.0 0 0 -0.01067080124226703
-1 0.0 0 0 0.00038660893964899564
8 50.5 7 8 0.16602775812149048
-1 0.0 0 0 -0.0006040872876034226
-1 0.0 0 0 0.039724498102441434
6 1.03341805934906 10 17 -0.07053605701991987
2 0.37221404910087585 11 16 0.06504040182504839
6 1.0137033462524414 12 13 0.16135437982156872
-1 0.0 0 0 -0.010011857226490976
3 0.652264416217804 14 15 0.3182381510734558
-1 0.0 0 0 0.06247991805984861
-1 0.0 0 0 0.009624568141739944
-1 0.0 0 0 -0.026996473903241364
6 1.0493862628936768 18 21 -0.14481464883391845
1 0.31488293409347534 19 20 -0.30196046349390043
-1 0.0 0 0 -0.04226866085655415
-1 0.0 0 0 -0.0011323447580690738
2 0.2935008406639099 22 23 0.005783423548564315
-1 0.0 0 0 -0.03137446684496744
8 54.5 24 27 0.09525128930807114
7 0.6629999876022339 25 26 0.23267339373176749
-1 0.0 0 0 0.0019003847285228616
-1 0.0 0 0 0.057861456416902095
-1 0.0 0 0 -0.028265949785709385
-1 0.0 0 0 -0.00013133226584685206
nodes 29
5 1.393668532371521 1 2 0.0
-1 0.0 0 0 -0.00010006695889823263
5 1.4388655424118042 3 28 0.0035561132783589393
0 0.49756383895874023 4 23 0.02460893661369608
2 0.37723928689956665 5 6 0.01343600232506913
-1 0.0 0 0 0.003145899925499979
2 0.38738423585891724 7 14 -0.09392735187930287
0 0.4419816732406616 8 11 -0.24477523402310908
8 50.5 9 10 -0.4653799554848291
-1 0.0 0 0 -0.016822424573315817
-1 0.0 0 0 -0.07268769800662994
6 1.0828765630722046 12 13 -0.03317478690676543
-1 0.0 0 0 -0.026492372919516317
-1 0.0 0 0 0.030286117941141128
0 0.4843570291996002 15 22 -0.036688629801020674
5 1.4115102291107178 16 19 0.016332001868706713
0 0.4312687814235687 17 18 -0.1311756445520362
-1 0.0 0 0 0.026367416679435835
-1 0.0 0 0 -0.027840777759645455
2 0.41414549946784973 20 21 0.10967668436933309
-1 0.0 0 0 -0.0003813008045296321
-1 0.0 0 0 0.036866598244374375
-1 0.0 0 0 -0.028853663023222578
6 1.1591581106185913 24 27 0.11018585917769053
7 0.45100000500679016 25 26 0.18645990266730741
-1 0.0 0 0 0.011257105231862111
-1 0.0 0 0 0.07093656128272414
-1 0.0 0 0 -0.0039510861689781894
-1 0.0 0 0 5.485670875964903e-05
nodes 29
1 0.34359604120254517 1 2 0.0
-1 0.0 0 0 -0.00011749737031293898
7 0.6520000100135803 3 24 0.0029864349916540224
7 0.5569999814033508 4 15 0.0020373614874985837
1 0.3608093857765198 5 14 0.002925072525299952
5 1.0392156839370728 6 7 0.021656018016582634
-1 0.0 0 0 0.043380392342805864
4 0.7419448494911194 8 11 0.020387285046253322
6 1.092250108718872 9 10 -0.06352070255061841
-1 0.0 0 0 -0.0006815595027435114
-1 0.0 0 0 -0.018977816852020626
4 0.744481086730957 12 13 0.026083208596139586
-1 0.0 0 0 0.043455233376833706
-1 0.0 0 0 0.0023991263629951232
-1 0.0 0 0 -0.0002768736503418236
3 0.6610203385353088 16 17 -0.13977320864264453
-1 0.0 0 0 0.021186871298899256
6 1.0835033655166626 18 19 -0.19566331539204382
-1 0.0 0 0 -0.00031540329862189925
6 1.1083896160125732 20 23 -0.3907393882299463
6 1.094388484954834 21 22 -0.5559174185618758
-1 0.0 0 0 -0.029069112520664932
-1 0.0 0 0 -0.09139729145914316
-1 0.0 0 0 -0.01134762658870646
2 0.4041031002998352 25 28 0.2597016921589294
1 0.35251620411872864 26 27 0.49128359140684974
-1 0.0 0 0 0.0231615943977466
-1 0.0 0 0 0.07509512388362334
-1 0.0 0 0 0.002811979291100915
nodes 29
1 0.388459175825119 1 2 0.0
-1 0.0 0 0 -6.997467250660979e-05
6 1.1011730432510376 3 24 0.005248457673047273
4 0.8547412753105164 4 15 0.004169884887933863
8 78.5 5 12 0.032434898787153485
4 0.8013319969177246 6 11 0.04671552523771888
3 0.7162829041481018 7 10 0.13955956946969159
7 0.1809999942779541 8 9 0.031010432925082626
-1 0.0 0 0 0.012145260454781238
-1 0.0 0 0 -0.024906855016466112
-1 0.0 0 0 0.023873755753562927
-1 0.0 0 0 0.0029087748103025987
8 80.5 13 14 -0.04799011571653741
-1 0.0 0 0 -0.02045544736040167
-1 0.0 0 0 0.0009007968491346743
7 0.0010000000474974513 16 23 -0.0015354335988700572
3 0.8207969665527344 17 18 -0.10196850106530957
-1 0.0 0 0 -0.025560914621834296
3 0.8454335331916809 19 20 -0.010881547153154056
-1 0.0 0 0 0.022613737628926173
0 0.4720466732978821 21 22 -0.10568911653012038
-1 0.0 0 0 -0.00023735104358359562
-1 0.0 0 0 -0.03850239033776301
-1 0.0 0 0 8.216042926281548e-05
4 0.8107221126556396 25 26 0.17112159862575171
-1 0.0 0 0 -0.009285804554820061
1 0.3958006799221039 27 28 0.2654000429735918
-1 0.0 0 0 0.05419472872239092
-1 0.0 0 0 0.007265499395064334
nodes 29
1 0.2877647578716278 1 2 0.0
-1 0.0 0 0 0.00019534873558149643
1 0.29593512415885925 3 22 -0.0017919826302283763
8 35.5 4 13 -0.030783160214163795
4 0.9936493635177612 5 8 -0.17047486804863987
6 1.1117005348205566 6 7 -0.36865151684353314
-1 0.0 0 0 -0.06819497303416332
-1 0.0 0 0 -0.02015591363112132
6 1.1217997074127197 9 12 -0.054591912397388684
0 0.3131566047668457 10 11 0.08907918480690569
-1 0.0 0 0 -0.018652267940342426
-1 0.0 0 0 0.036468104901723565
-1 0.0 0 0 -0.022486876834321906
2 0.4269625246524811 14 21 -0.022966777998410647
8 38.5 15 20 -0.026246887937269328
6 1.1043202877044678 16 19 0.11098869497805429
7 0.36899998784065247 17 18 0.34350963769337306
-1 0.0 0 0 0.0170808966892461
-1 0.0 0 0 0.07320861469954253
-1 0.0 0 0 -0.007332668644262523
-1 0.0 0 0 -0.00326370148579385
-1 0.0 0 0 0.02622301493170916
8 25.5 23 24 0.0003119897656362276
-1 0.0 0 0 0.030731516828139623
7 0.8149999976158142 25 26 0.00014143244423858313
-1 0.0 0 0 -1.255834807127591e-05
2 0.36286962032318115 27 28 0.21982312758090133
-1 0.0 0 0 -0.021589484453201295
-1 0.0 0 0 0.054020398942863236
end
