vecsearch-termination-model 1
kind gbdt
checkpoint 250
query_dim 0
bias 7.423904277816994
trees 200
nodes 29
1 0.29600051045417786 1 18 0.0
6 1.024709701538086 2 13 -1.0976867709968359
1 0.23133496940135956 3 8 -0.8490020053201145
4 0.7447479367256165 4 5 -1.2151756466404886
-1 0.0 0 0 -0.15559538485056634
2 0.35324186086654663 6 7 -1.0598309574756817
-1 0.0 0 0 -0.11460844529893555
-1 0.0 0 0 -0.038772480719981475
4 0.8073484301567078 9 10 -0.5298703572919973
-1 0.0 0 0 -0.08946389505267457
6 1.0050921440124512 11 12 -0.3776448291767111
-1 0.0 0 0 -0.02963734181936505
-1 0.0 0 0 -0.08032924904243426
6 1.061484456062317 14 15 -2.048857046016264
-1 0.0 0 0 -0.1763323708565136
7 0.55799999833107 16 17 -2.426982549515313
-1 0.0 0 0 -0.22055679404203563
-1 0.0 0 0 -0.288896325198705
1 0.34790104627609253 19 24 0.7081943329424507
4 0.8241960406303406 20 21 0.24044244501020362
-1 0.0 0 0 -0.023255634741628284
1 0.3167572617530823 22 23 0.35029468882072623
-1 0.0 0 0 0.012566417066557471
-1 0.0 0 0 0.04737418216610221
3 0.7284223437309265 25 26 0.8995478708876106
-1 0.0 0 0 0.036154409716155606
2 0.5248068571090698 27 28 0.930838822845234
-1 0.0 0 0 0.09430915721408181
-1 0.0 0 0 0.028499463171423146
nodes 29
1 0.2920900285243988 1 20 0.0
6 1.020297646522522 2 13 -1.0128975839274548
1 0.2197413593530655 3 8 -0.7703909872656646
2 0.3390514850616455 4 7 -1.135171071975938
4 0.8287536799907684 5 6 -1.2220911885344043
-1 0.0 0 0 -0.14126206287778661
-1 0.0 0 0 -0.1033874182802453
-1 0.0 0 0 -0.05991100321391261
4 0.8132572174072266 9 10 -0.5277128480591678
-1 0.0 0 0 -0.08435359757928654
1 0.26272889971733093 11 12 -0.3777148781560681
-1 0.0 0 0 -0.053313092520122854
-1 0.0 0 0 -0.020849931272366746
6 1.0520464181900024 14 17 -1.798126162958011
1 0.21255627274513245 15 16 -1.504101839125513
-1 0.0 0 0 -0.17115738974335162
-1 0.0 0 0 -0.11885760300658495
7 0.49799999594688416 18 19 -2.1247891229261957
-1 0.0 0 0 -0.18784140311011813
-1 0.0 0 0 -0.24846564445502334
1 0.3446720838546753 21 26 0.6218628807360732
4 0.8429200053215027 22 23 0.16949933931530825
-1 0.0 0 0 -0.019855809059922326
1 0.31079867482185364 24 25 0.28705757038782254
-1 0.0 0 0 0.004600460407113898
-1 0.0 0 0 0.03954229875636764
3 0.7260985374450684 27 28 0.8020100026969479
-1 0.0 0 0 0.030007337070203616
-1 0.0 0 0 0.08320971459930288
nodes 29
1 0.29600051045417786 1 18 0.0
6 1.0167213678359985 2 11 -0.8895773660665266
1 0.24247992038726807 3 8 -0.6592189601191665
4 0.7447479367256165 4 5 -0.9169475715767849
-1 0.0 0 0 -0.12404574956522683
2 0.36376190185546875 6 7 -0.7677143075061071
-1 0.0 0 0 -0.08321293945829913
-1 0.0 0 0 -0.016563551293434082
4 0.8044410943984985 9 10 -0.3640927314714077
-1 0.0 0 0 -0.06712964275711909
-1 0.0 0 0 -0.024097193895909197
6 1.0520464181900024 12 15 -1.571625307723618
1 0.21788597106933594 13 14 -1.3153841582065797
-1 0.0 0 0 -0.15106297283799794
-1 0.0 0 0 -0.1006103726846243
7 0.45000000298023224 16 17 -1.9109343040676587
-1 0.0 0 0 -0.16443280967823085
-1 0.0 0 0 -0.21861899493756254
1 0.3523586094379425 19 24 0.5739284354998122
4 0.8102315664291382 20 21 0.21647990949967055
-1 0.0 0 0 -0.023174958895306314
1 0.3223341107368469 22 23 0.2974454247031012
-1 0.0 0 0 0.012319391581564384
-1 0.0 0 0 0.04264571278186652
0 0.5299081802368164 25 28 0.739169266803188
1 0.37738004326820374 26 27 0.7605805995881889
-1 0.0 0 0 0.059090487117913086
-1 0.0 0 0 0.08120567571720741
-1 0.0 0 0 0.02571720694937762
nodes 29
1 0.28566789627075195 1 16 0.0
6 1.028324007987976 2 13 -0.857618286996064
1 0.21255627274513245 3 8 -0.6800580314833484
2 0.3349543809890747 4 7 -0.9767948399381956
1 0.16022776067256927 5 6 -1.0539375247021463
-1 0.0 0 0 -0.1251654460288407
-1 0.0 0 0 -0.09400215758109354
-1 0.0 0 0 -0.052266828485791485
4 0.7447479367256165 9 10 -0.49044043384140723
-1 0.0 0 0 -0.08337119997768838
6 1.0040414333343506 11 12 -0.4047082256039205
-1 0.0 0 0 -0.032824714374896695
-1 0.0 0 0 -0.07215476902530604
7 0.39800000190734863 14 15 -1.5508200892029715
-1 0.0 0 0 -0.13020472795107071
-1 0.0 0 0 -0.18186212453323242
1 0.3358038663864136 17 22 0.4840664280668824
4 0.8044410943984985 18 19 0.054933698568044496
-1 0.0 0 0 -0.03268576610692505
6 1.0029692649841309 20 21 0.1371344797546177
-1 0.0 0 0 0.019906356403473754
-1 0.0 0 0 -0.02835844401334417
4 0.8685005307197571 23 24 0.6330283919778489
-1 0.0 0 0 0.028758128627522014
1 0.3681282103061676 25 26 0.6704789284904022
-1 0.0 0 0 0.05103348492913365
2 0.5132841467857361 27 28 0.714851656261081
-1 0.0 0 0 0.07360200552967884
-1 0.0 0 0 0.0276443692553302
nodes 29
1 0.28301146626472473 1 16 0.0
6 1.0146758556365967 2 11 -0.7857744473185928
4 0.7711651921272278 3 6 -0.5858303465467363
1 0.21255627274513245 4 5 -0.8824720430918854
-1 0.0 0 0 -0.10568178776851088
-1 0.0 0 0 -0.07114520828533522
1 0.19903768599033356 7 8 -0.45036591713264545
-1 0.0 0 0 -0.07361646537985236
2 0.3741876482963562 9 10 -0.3491730556586109
-1 0.0 0 0 -0.0388036682030605
-1 0.0 0 0 0.004516546939800628
6 1.073414921760559 12 15 -1.283096134190514
1 0.1894596517086029 13 14 -1.135308348768184
-1 0.0 0 0 -0.1341847489718901
-1 0.0 0 0 -0.09489400825440857
-1 0.0 0 0 -0.1685422426097865
1 0.3380841314792633 17 22 0.4286208042448169
4 0.8685005307197571 18 19 0.052258296187971155
-1 0.0 0 0 -0.01839954203647393
6 1.0128822326660156 20 21 0.17171618909142827
-1 0.0 0 0 0.021623422959041516
-1 0.0 0 0 -0.03797106231675307
3 0.7398883104324341 23 24 0.574105810091417
-1 0.0 0 0 0.0238043287308826
1 0.3681282103061676 25 26 0.6048127086744424
-1 0.0 0 0 0.04574919780368298
2 0.5132841467857361 27 28 0.6415524946723393
-1 0.0 0 0 0.06595741529167709
-1 0.0 0 0 0.025353515900141444
nodes 29
1 0.3035811483860016 1 18 0.0
1 0.21788597106933594 2 11 -0.6215223373678276
7 0.3580000102519989 3 8 -0.9632487504896521
2 0.32504576444625854 4 7 -0.7921113921582186
3 0.6396933197975159 5 6 -0.8643882390581221
-1 0.0 0 0 -0.09699102245599613
-1 0.0 0 0 -0.06964165393928602
-1 0.0 0 0 -0.04240975083449504
6 1.0393028259277344 9 10 -1.3908929950090836
-1 0.0 0 0 -0.11356765555368038
-1 0.0 0 0 -0.15706834850968288
6 1.009075403213501 12 17 -0.35951611131836886
4 0.8336666226387024 13 14 -0.2822395927402903
-1 0.0 0 0 -0.05083494493848385
1 0.2696346342563629 15 16 -0.1481150848385831
-1 0.0 0 0 -0.02723373905429184
-1 0.0 0 0 -0.002080880928061488
-1 0.0 0 0 -0.07325217139942801
1 0.36109352111816406 19 24 0.4421636126039728
4 0.863202691078186 20 21 0.22685208413645705
-1 0.0 0 0 -0.001684628076867415
6 1.0146758556365967 22 23 0.3109035207310652
-1 0.0 0 0 0.03329029139212782
-1 0.0 0 0 -0.02244275394546303
0 0.5420362949371338 25 28 0.5542145758719157
6 0.9091523885726929 26 27 0.5674266781450767
-1 0.0 0 0 0.03635618124305711
-1 0.0 0 0 0.059745463877344133
-1 0.0 0 0 1.0343517317285752e-05
nodes 29
1 0.3010883927345276 1 18 0.0
6 1.0105072259902954 2 11 -0.5685269723425609
1 0.24247992038726807 3 8 -0.39473749509614064
4 0.8336666226387024 4 5 -0.5861750979171797
-1 0.0 0 0 -0.07584664026307658
2 0.35324186086654663 6 7 -0.40975633269560496
-1 0.0 0 0 -0.047208784444088714
-1 0.0 0 0 0.00507351060148403
4 0.8721422553062439 9 10 -0.20440654416671036
-1 0.0 0 0 -0.036255152843970156
-1 0.0 0 0 -0.006966282509139223
1 0.18512405455112457 12 15 -0.9950596624117374
7 0.585999995470047 13 14 -1.2206241204592785
-1 0.0 0 0 -0.11113093692700354
-1 0.0 0 0 -0.16651456237853385
1 0.2542101740837097 16 17 -0.7718895701362257
-1 0.0 0 0 -0.08806060633582398
-1 0.0 0 0 -0.05112686922805905
1 0.3523586094379425 19 24 0.3915793730146027
4 0.8044410943984985 20 21 0.1673635144093312
-1 0.0 0 0 -0.016238138856103194
6 1.0167213678359985 22 23 0.2193932015661166
-1 0.0 0 0 0.023880837134635666
-1 0.0 0 0 -0.034372315973714436
6 0.8668120503425598 25 26 0.4867664702241684
-1 0.0 0 0 0.012019640048396176
4 0.8536206483840942 27 28 0.5072416558615662
-1 0.0 0 0 0.021762474639431123
-1 0.0 0 0 0.052329007556744835
nodes 29
1 0.30721187591552734 1 22 0.0
1 0.2197413593530655 2 9 -0.49230869578901737
7 0.27000001072883606 3 6 -0.7781563587328466
2 0.37787532806396484 4 5 -0.5926732280723641
-1 0.0 0 0 -0.062172609751773245
-1 0.0 0 0 0.00482270816101011
6 1.0393028259277344 7 8 -1.0643654278976973
-1 0.0 0 0 -0.08730511877985553
-1 0.0 0 0 -0.12484289929524753
1 0.2696346342563629 10 17 -0.27561279534562416
2 0.3824716806411743 11 16 -0.40808276590643366
6 1.0001870393753052 12 15 -0.43944144986675765
4 0.8336666226387024 13 14 -0.3537372164082012
-1 0.0 0 0 -0.05186134612140603
-1 0.0 0 0 -0.022334287783692168
-1 0.0 0 0 -0.06428062283789018
-1 0.0 0 0 0.015385201377440136
4 0.7398789525032043 18 19 -0.12487913764515503
-1 0.0 0 0 -0.04372842528435979
6 1.0040414333343506 20 21 -0.08226992678925231
-1 0.0 0 0 -0.0026822118141067008
-1 0.0 0 0 -0.03760490967131491
1 0.367193341255188 23 26 0.3675590794972918
4 0.8972446322441101 24 25 0.21253297232952004
-1 0.0 0 0 0.0052936987450321465
-1 0.0 0 0 0.029865492956184604
0 0.5299081802368164 27 28 0.45855173001519
-1 0.0 0 0 0.04756684295088785
-1 0.0 0 0 0.010896042218507046
nodes 29
1 0.28301146626472473 1 18 0.0
6 1.0321584939956665 2 15 -0.5186608200654377
1 0.18734782934188843 3 6 -0.4123709672074744
2 0.37698498368263245 4 5 -0.6586179781876638
-1 0.0 0 0 -0.06927045437777962
-1 0.0 0 0 0.010304045292978002
4 0.8407691121101379 7 10 -0.3256623052958251
6 0.9998196363449097 8 9 -0.4760802974648173
-1 0.0 0 0 -0.0402592491383873
-1 0.0 0 0 -0.07601518682250807
2 0.3741876482963562 11 14 -0.22448348345168737
6 1.0 12 13 -0.2597926433848415
-1 0.0 0 0 -0.017395718158826456
-1 0.0 0 0 -0.043715891757713884
-1 0.0 0 0 0.02091664093407898
7 0.5900000035762787 16 17 -0.9723799770032369
-1 0.0 0 0 -0.08864099799776282
-1 0.0 0 0 -0.13445746657966845
1 0.3314063549041748 19 22 0.2829168321502426
4 0.7447479367256165 20 21 0.0022065769680573335
-1 0.0 0 0 -0.03778890135094127
-1 0.0 0 0 0.003831897477886618
6 0.869629442691803 23 24 0.3727436556837247
-1 0.0 0 0 0.005385503432000036
2 0.41866058111190796 25 26 0.39520854535069067
-1 0.0 0 0 0.029269244127830735
2 0.5248068571090698 27 28 0.44308070222739276
-1 0.0 0 0 0.045422707037093835
-1 0.0 0 0 -0.0030376032649838233
nodes 29
1 0.30721187591552734 1 18 0.0
6 1.0105072259902954 2 11 -0.40011320905853853
4 0.706692099571228 3 4 -0.2713102868436414
-1 0.0 0 0 -0.06032958521226639
1 0.26272889971733093 5 10 -0.19695523017885955
2 0.36376190185546875 6 7 -0.30616126055505355
-1 0.0 0 0 -0.034675092627075466
6 0.7987437844276428 8 9 0.028416536661902064
-1 0.0 0 0 -0.04315612864719393
-1 0.0 0 0 0.023361110460264917
-1 0.0 0 0 -0.005128641837488794
2 0.2926456332206726 12 15 -0.7322017746218091
7 0.4060000032186508 13 14 -0.8643970891689253
-1 0.0 0 0 -0.07087984380102384
-1 0.0 0 0 -0.10702309442656371
2 0.3723521828651428 16 17 -0.48749846683483217
-1 0.0 0 0 -0.053429317570516714
-1 0.0 0 0 0.012145876465170008
3 0.7120688557624817 19 24 0.29872566502015
6 0.8826463222503662 20 21 -0.017475068589608404
-1 0.0 0 0 -0.02592452789382459
4 0.7447479367256165 22 23 0.09318527929480544
-1 0.0 0 0 -0.029057334060394263
-1 0.0 0 0 0.018527206395686814
2 0.3833458423614502 25 26 0.33196433849217644
-1 0.0 0 0 0.015123976790576902
6 0.9160948991775513 27 28 0.3657311669926515
-1 0.0 0 0 0.022804014461310376
-1 0.0 0 0 0.03925262973979761
nodes 29
1 0.27508413791656494 1 16 0.0
6 1.0341813564300537 2 13 -0.4447869294320424
4 0.8493499159812927 3 8 -0.35805204881054975
6 0.9998196363449097 4 7 -0.4914290987764223
4 0.6782086491584778 5 6 -0.40201624639497663
-1 0.0 0 0 -0.05475724834293713
-1 0.0 0 0 -0.030876761831679735
-1 0.0 0 0 -0.07335428019801499
6 0.9998196363449097 9 10 -0.24402854809506647
-1 0.0 0 0 -0.011807706598197161
2 0.3542475700378418 11 12 -0.37504098000767944
-1 0.0 0 0 -0.041788741517777415
-1 0.0 0 0 0.01669332106031889
7 0.6340000033378601 14 15 -0.8123723600576814
-1 0.0 0 0 -0.0750507053712698
-1 0.0 0 0 -0.12215372130390907
1 0.3281175494194031 17 22 0.2184999706826746
4 0.8958761096000671 18 19 -0.021443889005968362
-1 0.0 0 0 -0.013967158170173202
6 1.001052975654602 20 21 0.07317865898116002
-1 0.0 0 0 0.01329598874373484
-1 0.0 0 0 -0.016204063190968017
6 0.8323132395744324 23 24 0.29910267532188684
-1 0.0 0 0 -0.012254825458871025
4 0.8756661415100098 25 26 0.3118946633839555
-1 0.0 0 0 0.012837672663549682
2 0.5356968641281128 27 28 0.3361388357729358
-1 0.0 0 0 0.03410378000937166
-1 0.0 0 0 -0.022720244685012214
nodes 29
1 0.30721187591552734 1 16 0.0
1 0.1950557678937912 2 7 -0.3250976633361828
7 0.38600000739097595 3 6 -0.5866230254679035
2 0.3118506669998169 4 5 -0.47982835367761684
-1 0.0 0 0 -0.054084380977910476
-1 0.0 0 0 -0.022780942704197973
-1 0.0 0 0 -0.08494105373401349
6 1.0040414333343506 8 13 -0.20653451976674295
4 0.8884772658348083 9 12 -0.1457740788300292
4 0.6931301951408386 10 11 -0.25180102958855444
-1 0.0 0 0 -0.04234320224086527
-1 0.0 0 0 -0.019787506338176927
-1 0.0 0 0 -0.0018688538105131548
4 0.8944041728973389 14 15 -0.4061683799855915
-1 0.0 0 0 -0.06133119112337585
-1 0.0 0 0 -0.03128202488037923
3 0.7120688557624817 17 20 0.24271884423538992
6 0.9147838950157166 18 19 -0.017482283167351034
-1 0.0 0 0 -0.01817843831237002
-1 0.0 0 0 0.010854307838255467
2 0.4063767343759537 21 24 0.27007090067137135
6 1.00456964969635 22 23 0.168188646023439
-1 0.0 0 0 0.019511361833477885
-1 0.0 0 0 -0.012751999952651583
2 0.5092617273330688 25 28 0.31249166556524227
6 0.9174297451972961 26 27 0.3266159651529524
-1 0.0 0 0 0.020352125820150505
-1 0.0 0 0 0.03513808079426228
-1 0.0 0 0 0.005739312496574022
nodes 29
2 0.35520797967910767 1 16 0.0
1 0.23935291171073914 2 9 -0.3220277564710173
7 0.2980000078678131 3 6 -0.46961357513179863
4 0.8789974451065063 4 5 -0.3613660655735061
-1 0.0 0 0 -0.044156427495924154
-1 0.0 0 0 -0.025504376879150654
7 0.6540000140666962 7 8 -0.6860934568536755
-1 0.0 0 0 -0.06433940062784135
-1 0.0 0 0 -0.1047287883346798
6 1.0 10 13 -0.13557245718296768
3 0.6430625915527344 11 12 -0.08528064556887646
-1 0.0 0 0 -0.02642692944532887
-1 0.0 0 0 -0.002872956793739216
4 0.9028369188308716 14 15 -0.3065125008039203
-1 0.0 0 0 -0.0547432551736157
-1 0.0 0 0 -0.02175455717438073
3 0.6995488405227661 17 24 0.20101628656766307
6 0.8415420651435852 18 19 -0.04156703558832157
-1 0.0 0 0 -0.030067663167395314
2 0.400075227022171 20 21 0.05223262766121888
-1 0.0 0 0 -0.0066065200763445325
5 1.4280284643173218 22 23 0.29239607769871034
-1 0.0 0 0 0.013642787366732656
-1 0.0 0 0 0.060901560415928715
2 0.41596490144729614 25 26 0.2457123884917658
-1 0.0 0 0 0.01707719907295852
2 0.5005794763565063 27 28 0.2870762487449889
-1 0.0 0 0 0.030591401384582235
-1 0.0 0 0 0.010096231098358789
nodes 29
1 0.27508413791656494 1 18 0.0
6 1.0393028259277344 2 15 -0.3274420172625773
1 0.17810039222240448 3 6 -0.2646491842687159
2 0.3026839941740036 4 5 -0.43680682947433663
-1 0.0 0 0 -0.050857128069707075
-1 0.0 0 0 -0.021666750304094054
4 0.9012946486473083 7 10 -0.2095713726163359
6 0.9998196363449097 8 9 -0.2878134870511302
-1 0.0 0 0 -0.02221344051504682
-1 0.0 0 0 -0.04731878901926568
2 0.3627558946609497 11 14 -0.10948483820563389
8 34.5 12 13 -0.1410384096003216
-1 0.0 0 0 -0.024780942611264362
-1 0.0 0 0 -0.0048135628491173124
-1 0.0 0 0 0.023376852277030232
7 0.6979999840259552 16 17 -0.633698516023182
-1 0.0 0 0 -0.060073880146917905
-1 0.0 0 0 -0.10843492728701905
1 0.33470290899276733 19 24 0.16085470695682544
4 0.8958761096000671 20 23 0.0016673856250290417
6 0.9998196363449097 21 22 -0.09013995728103726
-1 0.0 0 0 -0.005016228348311926
-1 0.0 0 0 -0.03608927582963868
-1 0.0 0 0 0.007207412032264678
8 52.5 25 28 0.22478849830332268
6 0.7987437844276428 26 27 0.24955127239684208
-1 0.0 0 0 -0.025250578969766832
-1 0.0 0 0 0.02541589959183102
-1 0.0 0 0 0.007320036424616505
nodes 29
2 0.35520797967910767 1 12 0.0
1 0.18258729577064514 2 7 -0.2630488741581754
7 0.20600000023841858 3 4 -0.4890068584888081
-1 0.0 0 0 -0.034296318540867975
7 0.6500000059604645 5 6 -0.6001947090526879
-1 0.0 0 0 -0.0561579666269498
-1 0.0 0 0 -0.09069535436283772
6 1.0040414333343506 8 11 -0.1790736969271937
3 0.6430625915527344 9 10 -0.1215072745995165
-1 0.0 0 0 -0.026382176190869057
-1 0.0 0 0 -0.004468535210951308
-1 0.0 0 0 -0.03429451641106624
6 0.8457242846488953 13 16 0.16420046657326243
3 0.6639884114265442 14 15 -0.15597624496584656
-1 0.0 0 0 -0.02830628869360402
-1 0.0 0 0 -0.003706572978907214
2 0.39352700114250183 17 22 0.18934458845869337
4 0.7953553199768066 18 19 0.06112217807562842
-1 0.0 0 0 -0.014796293318280508
6 1.0029692649841309 20 21 0.09609052907554705
-1 0.0 0 0 0.01281890057793121
-1 0.0 0 0 -0.012247422444952303
0 0.5480470657348633 23 28 0.23290289379300141
5 1.5228288173675537 24 27 0.2395104997160122
8 57.5 25 26 0.2336822391340323
-1 0.0 0 0 0.024452940011961938
-1 0.0 0 0 0.004323534299832052
-1 0.0 0 0 0.05939271115421542
-1 0.0 0 0 -0.01997252075842839
nodes 29
2 0.3511454463005066 1 14 0.0
7 0.21800000220537186 2 7 -0.24521219451082352
5 1.177918553352356 3 4 -0.15271538219482414
-1 0.0 0 0 -0.0014055485584168143
2 0.3118506669998169 5 6 -0.22061368822176436
-1 0.0 0 0 -0.029065531754309887
-1 0.0 0 0 -0.012564147024713463
1 0.16022776067256927 8 9 -0.4212810715776758
-1 0.0 0 0 -0.05908550005536683
4 0.7669656276702881 10 11 -0.3363738418918243
-1 0.0 0 0 -0.057047717529958034
6 1.0449284315109253 12 13 -0.2897522708871613
-1 0.0 0 0 -0.023831196031876486
-1 0.0 0 0 -0.05022475174533373
4 0.8837922811508179 15 22 0.14316893635865593
4 0.7350889444351196 16 17 -0.021607309818793757
-1 0.0 0 0 -0.027251638591917968
6 0.8778034448623657 18 19 0.016376236446077705
-1 0.0 0 0 -0.017810577110278874
6 0.9998196363449097 20 21 0.06846199187738983
-1 0.0 0 0 0.010446774180632525
-1 0.0 0 0 -0.01907209672593924
6 0.7987437844276428 23 24 0.1870255560170759
-1 0.0 0 0 -0.018644655268552062
2 0.3824716806411743 25 26 0.19609328053048858
-1 0.0 0 0 0.00772486626660046
2 0.5356968641281128 27 28 0.2173724827555341
-1 0.0 0 0 0.022163698280755414
-1 0.0 0 0 -0.02479129029201965
nodes 29
1 0.2696346342563629 1 16 0.0
7 0.27400000393390656 2 11 -0.2501250660813519
4 0.6782086491584778 3 4 -0.18090875226427086
-1 0.0 0 0 -0.03528408435452384
2 0.3824716806411743 5 8 -0.14261543936911134
6 0.9998196363449097 6 7 -0.15993443863141366
-1 0.0 0 0 -0.010882794262003585
-1 0.0 0 0 -0.023946767119419093
6 0.7987437844276428 9 10 0.15196388810342915
-1 0.0 0 0 -0.03139090872069155
-1 0.0 0 0 0.04163980769195211
2 0.33049872517585754 12 15 -0.4114558818303907
1 0.13676539063453674 13 14 -0.4514204411467365
-1 0.0 0 0 -0.059519491352386746
-1 0.0 0 0 -0.0388900104399494
-1 0.0 0 0 -0.010733800586276829
1 0.3223341107368469 17 20 0.11434528228043338
4 0.8972446322441101 18 19 -0.022372701198036363
-1 0.0 0 0 -0.009565614624265757
-1 0.0 0 0 0.004087271059819253
6 0.9160948991775513 21 24 0.1575211758664805
3 0.7958163022994995 22 23 0.03803045417084713
-1 0.0 0 0 -0.006780525456216765
-1 0.0 0 0 0.013212575311755024
2 0.4237402677536011 25 26 0.1834445677729157
-1 0.0 0 0 0.012890550084210379
2 0.5180861353874207 27 28 0.21870324692434495
-1 0.0 0 0 0.02296041330231102
-1 0.0 0 0 -0.005643423910477132
nodes 29
2 0.3627558946609497 1 18 0.0
1 0.25125235319137573 2 11 -0.18155462223491323
7 0.2019999995827675 3 6 -0.27142863843266885
5 1.1907427310943604 4 5 -0.18424701843984373
-1 0.0 0 0 -0.0036170757925106226
-1 0.0 0 0 -0.021756584834528178
6 1.0921313762664795 7 10 -0.37850749398605094
4 0.762966513633728 8 9 -0.33951558692845807
-1 0.0 0 0 -0.05172339766888187
-1 0.0 0 0 -0.028660744023703867
-1 0.0 0 0 -0.0576426810997859
6 1.0 12 15 -0.05109524734252359
3 0.6430625915527344 13 14 -0.01971298230950377
-1 0.0 0 0 -0.014872689508761203
-1 0.0 0 0 0.0013694654180858683
4 0.9992119073867798 16 17 -0.17571347656335426
-1 0.0 0 0 -0.031378444679647094
-1 0.0 0 0 -0.0030073555552398053
6 0.8371302485466003 19 20 0.12916164519107362
-1 0.0 0 0 -0.013720100379737253
4 0.8612189292907715 21 22 0.14687280694665714
-1 0.0 0 0 0.0010118747628038026
2 0.5356968641281128 23 28 0.16671452161015782
2 0.4281599521636963 24 25 0.16982128387498183
-1 0.0 0 0 0.012828430729982163
5 1.4764765501022339 26 27 0.20069109388751186
-1 0.0 0 0 0.019638486974585593
-1 0.0 0 0 0.07857100369511688
-1 0.0 0 0 -0.022976513365934537
nodes 29
2 0.34531310200691223 1 12 0.0
7 0.2019999995827675 2 7 -0.19027341993959052
3 0.7047127485275269 3 4 -0.1143414647250335
-1 0.0 0 0 -0.01872699199075761
8 34.5 5 6 -0.03294552586269965
-1 0.0 0 0 -0.014968472787030005
-1 0.0 0 0 0.002183105672855535
7 0.5060000121593475 8 11 -0.3144492749162793
4 0.8073484301567078 9 10 -0.2666175986349985
-1 0.0 0 0 -0.04175793922820466
-1 0.0 0 0 -0.0201304122952776
-1 0.0 0 0 -0.048215641518812004
4 0.8837922811508179 13 20 0.10026470811506089
4 0.7350889444351196 14 15 -0.028487067106277988
-1 0.0 0 0 -0.02258448636285277
6 0.8140664100646973 16 17 0.004835170968848998
-1 0.0 0 0 -0.022847165056045837
6 0.9998196363449097 18 19 0.031630343797030794
-1 0.0 0 0 0.00602783229248275
-1 0.0 0 0 -0.019075102087467877
6 0.7987437844276428 21 22 0.13632829175309422
-1 0.0 0 0 -0.014805538593998047
2 0.3824716806411743 23 24 0.14325809043864518
-1 0.0 0 0 0.005515581653007485
5 1.4980783462524414 25 28 0.16172137394871686
2 0.5005794763565063 26 27 0.15712464494743664
-1 0.0 0 0 0.01677944577861659
-1 0.0 0 0 0.002325860323092475
-1 0.0 0 0 0.04901052422506996
nodes 29
2 0.3627558946609497 1 14 0.0
1 0.16825295984745026 2 5 -0.14757334680316622
7 0.4780000001192093 3 4 -0.33105338038214116
-1 0.0 0 0 -0.028395022651776014
-1 0.0 0 0 -0.04732779105302017
6 0.9998196363449097 6 9 -0.10196373643763604
3 0.63620525598526 7 8 -0.04329658455774327
-1 0.0 0 0 -0.013445301914385678
-1 0.0 0 0 0.0008339206780686835
4 0.9268691539764404 10 11 -0.1928987205517131
-1 0.0 0 0 -0.031023700768633502
6 1.0341813564300537 12 13 -0.10310224878562875
-1 0.0 0 0 -0.004654124223062825
-1 0.0 0 0 -0.02976368031434636
6 0.8724886775016785 15 18 0.10498667587677193
6 0.7316566109657288 16 17 -0.06646161997078838
-1 0.0 0 0 -0.025720756858369276
-1 0.0 0 0 -0.002487324594835609
2 0.4054267704486847 19 24 0.12509612473098794
4 0.9212189316749573 20 23 0.061959269435459284
6 0.9990749955177307 21 22 -0.01008354016808658
-1 0.0 0 0 0.002475386708907879
-1 0.0 0 0 -0.021158473039289718
-1 0.0 0 0 0.012003655000130472
5 1.3589032888412476 25 28 0.15199712178576094
0 0.5561773777008057 26 27 0.14495374662161772
-1 0.0 0 0 0.014892933316614601
-1 0.0 0 0 -0.027463628326547352
-1 0.0 0 0 0.044048538737614946
nodes 29
1 0.26133933663368225 1 14 0.0
6 1.0393028259277344 2 11 -0.17602527622171785
4 0.8648931384086609 3 6 -0.14037216379141135
6 0.9998196363449097 4 5 -0.21156054000523944
-1 0.0 0 0 -0.015970104748058697
-1 0.0 0 0 -0.033192596015502444
2 0.3349543809890747 7 10 -0.0673096033634018
5 1.2340021133422852 8 9 -0.10225193787992444
-1 0.0 0 0 -0.0017893887238185054
-1 0.0 0 0 -0.016228988373058157
-1 0.0 0 0 0.011516495402882423
7 0.722000002861023 12 13 -0.3295918643633745
-1 0.0 0 0 -0.030889971899088927
-1 0.0 0 0 -0.07017630901601579
2 0.3833458423614502 15 22 0.07196750539182067
6 1.0 16 19 -0.009108558632387933
0 0.4720466732978821 17 18 0.01890386371657716
-1 0.0 0 0 0.003351540441341941
-1 0.0 0 0 -0.020566944480084882
4 0.97873854637146 20 21 -0.15123571329633415
-1 0.0 0 0 -0.028362608346300628
-1 0.0 0 0 -0.0043401090554907535
6 0.9160948991775513 23 26 0.10877617464573908
7 0.018000000156462193 24 25 0.0018851502477614716
-1 0.0 0 0 -0.009552364116474137
-1 0.0 0 0 0.009042630277523082
0 0.5480470657348633 27 28 0.13502709600291746
-1 0.0 0 0 0.013875768716166062
-1 0.0 0 0 -0.015019355531553683
nodes 29
2 0.34531310200691223 1 12 0.0
1 0.16022776067256927 2 5 -0.14045467321218397
7 0.6379999816417694 3 4 -0.2933971775005935
-1 0.0 0 0 -0.026966221574815537
-1 0.0 0 0 -0.052881531143948696
5 1.1471091508865356 6 7 -0.10169827716307077
-1 0.0 0 0 0.0020950015530727235
6 0.9998196363449097 8 9 -0.13420875320380413
-1 0.0 0 0 -0.008133266487524615
4 0.9106736183166504 10 11 -0.1968627508488167
-1 0.0 0 0 -0.028158270362639043
-1 0.0 0 0 -0.013366062656812361
4 0.8999202251434326 13 20 0.07401268546353384
4 0.7350889444351196 14 15 -0.015742254498267574
-1 0.0 0 0 -0.018258886364391828
6 0.9199085235595703 16 17 0.006948270495589399
-1 0.0 0 0 -0.00748417944063856
6 1.0029692649841309 18 19 0.04910549530617528
-1 0.0 0 0 0.007144328770515017
-1 0.0 0 0 -0.02342253592366807
6 0.8065197467803955 21 24 0.10621154159912811
2 0.4943402111530304 22 23 -0.12474052368174032
-1 0.0 0 0 -0.007327297933153426
-1 0.0 0 0 -0.07296225234105062
6 1.0167213678359985 25 28 0.11203778432822666
7 0.03399999998509884 26 27 0.11682736192933842
-1 0.0 0 0 0.007263744011698849
-1 0.0 0 0 0.014032723037415066
-1 0.0 0 0 -0.006819516211426619
nodes 29
2 0.3627558946609497 1 12 0.0
6 1.0083236694335938 2 7 -0.10915751452139903
3 0.6396933197975159 3 6 -0.06391944655568649
2 0.295565128326416 4 5 -0.14741265826959057
-1 0.0 0 0 -0.022950629601954986
-1 0.0 0 0 -0.009606710937435517
-1 0.0 0 0 -0.0007911429328439562
7 0.5380000174045563 8 11 -0.21563394815041861
4 0.8241960406303406 9 10 -0.1818761206216937
-1 0.0 0 0 -0.029176439551665517
-1 0.0 0 0 -0.014186982837933855
-1 0.0 0 0 -0.03695121171322522
6 0.9091523885726929 13 18 0.07765687268803881
8 54.5 14 17 -0.018693337233679178
7 0.006000000284984708 15 16 0.02720409437217377
-1 0.0 0 0 -0.010639286142591712
-1 0.0 0 0 0.006643711254577043
-1 0.0 0 0 -0.0125091928683611
2 0.4237402677536011 19 24 0.09969500267328772
6 1.0050921440124512 20 23 0.062244635523526076
6 0.961411714553833 21 22 0.07696613219363165
-1 0.0 0 0 0.001846721068573563
-1 0.0 0 0 0.011047364418454868
-1 0.0 0 0 -0.008480492110258468
2 0.49836939573287964 25 28 0.12816537728543625
5 1.4189019203186035 26 27 0.1445033620033937
-1 0.0 0 0 0.013954192684530242
-1 0.0 0 0 0.05565636082911832
-1 0.0 0 0 3.063691447402099e-05
nodes 29
2 0.32612961530685425 1 8 0.0
5 1.1974958181381226 2 3 -0.13558764606254672
-1 0.0 0 0 -0.0017468684413810864
1 0.13676539063453674 4 5 -0.18500426446028437
-1 0.0 0 0 -0.02959339679519434
6 0.9998196363449097 6 7 -0.15512374421103903
-1 0.0 0 0 -0.010330935324059896
-1 0.0 0 0 -0.019925470411821612
4 0.9012946486473083 9 16 0.05130348399206368
4 0.7350889444351196 10 11 -0.025617345902110254
-1 0.0 0 0 -0.01533445829274948
6 1.002457857131958 12 15 -0.0030822427785694904
6 0.8778034448623657 13 14 0.011005016928901887
-1 0.0 0 0 -0.009999577118430905
-1 0.0 0 0 0.003970443247542438
-1 0.0 0 0 -0.021672639201598263
6 0.7790522575378418 17 18 0.08311191445819027
-1 0.0 0 0 -0.016429692348459885
6 1.024709701538086 19 28 0.08730819267410553
5 1.7219120264053345 20 27 0.09135338240957679
2 0.5356968641281128 21 26 0.08807071737800806
2 0.3824716806411743 22 23 0.09032360155546536
-1 0.0 0 0 0.003943062150287092
7 0.03399999998509884 24 25 0.1038651417380092
-1 0.0 0 0 0.006433332159449816
-1 0.0 0 0 0.012604463108620343
-1 0.0 0 0 -0.02089977736848042
-1 0.0 0 0 0.03352733541246062
-1 0.0 0 0 -0.01310395160212495
nodes 29
2 0.3723521828651428 1 12 0.0
6 0.9998196363449097 2 7 -0.08243547149283974
4 0.6782086491584778 3 4 -0.027391944136125036
-1 0.0 0 0 -0.017013494980446613
5 1.1802815198898315 5 6 -0.002182368333344339
-1 0.0 0 0 0.004572206123544901
-1 0.0 0 0 -0.0035582390816916707
4 0.9106736183166504 8 9 -0.15367725294106294
-1 0.0 0 0 -0.023023904302529073
6 1.0563884973526 10 11 -0.09666516059765602
-1 0.0 0 0 -0.005489019527269764
-1 0.0 0 0 -0.028513873112049212
6 0.9487624764442444 13 20 0.06879730006933855
6 0.7661007046699524 14 15 0.01424362467296504
-1 0.0 0 0 -0.018198957567512965
4 0.8287536799907684 16 17 0.02910508172551579
-1 0.0 0 0 -0.009989607537204721
7 0.02199999988079071 18 19 0.04625271887979955
-1 0.0 0 0 -0.00015534522164236585
-1 0.0 0 0 0.00872349136687832
0 0.5480470657348633 21 28 0.09981429291793423
5 1.3647352457046509 22 25 0.10329593361884337
6 1.024709701538086 23 24 0.096665794578215
-1 0.0 0 0 0.009960350852798183
-1 0.0 0 0 -0.02404989455367478
2 0.4028462767601013 26 27 0.2516909925138877
-1 0.0 0 0 0.01364876929718073
-1 0.0 0 0 0.0432350712250332
-1 0.0 0 0 -0.019692862220570706
nodes 29
2 0.32612961530685425 1 10 0.0
5 1.1974958181381226 2 3 -0.11113867622372829
-1 0.0 0 0 -0.0011303068887040598
7 0.43799999356269836 4 7 -0.15290621330160162
3 0.47306761145591736 5 6 -0.12876267993987073
-1 0.0 0 0 -0.019510089492487986
-1 0.0 0 0 -0.009805636557872116
7 0.7700000107288361 8 9 -0.25812977425962147
-1 0.0 0 0 -0.02423259033980695
-1 0.0 0 0 -0.07344257443629462
4 0.9165263772010803 11 20 0.04205251360269102
4 0.7892773747444153 12 13 -0.015474068207905286
-1 0.0 0 0 -0.009246548860558368
6 0.9199085235595703 14 15 0.010163713168114973
-1 0.0 0 0 -0.00518729849082636
6 0.9998196363449097 16 17 0.03686047376484343
-1 0.0 0 0 0.006278400493563957
2 0.4054267704486847 18 19 -0.08492035992136725
-1 0.0 0 0 -0.01518300064391048
-1 0.0 0 0 0.014919793356926826
2 0.5005794763565063 21 26 0.07225233663038771
2 0.43065592646598816 22 25 0.0791842131737262
6 1.0120493173599243 23 24 0.05196109756260728
-1 0.0 0 0 0.006253598379767609
-1 0.0 0 0 -0.007131936247514574
-1 0.0 0 0 0.010931436496019253
6 0.8208140134811401 27 28 -0.03348305524881728
-1 0.0 0 0 -0.06465761795038759
-1 0.0 0 0 -0.001647660973752879
nodes 29
2 0.31427088379859924 1 8 0.0
5 1.252875804901123 2 5 -0.11165566797017829
6 1.028324007987976 3 4 -0.03562413824802655
-1 0.0 0 0 -0.0013540805105919478
-1 0.0 0 0 -0.016980791030211998
7 0.6820000112056732 6 7 -0.16453478058569987
-1 0.0 0 0 -0.015532866112500161
-1 0.0 0 0 -0.04209472180388698
4 0.8972446322441101 9 18 0.03435671344310987
4 0.6782086491584778 10 11 -0.026666330222091982
-1 0.0 0 0 -0.017202446414778205
7 0.32199999690055847 12 17 -0.013751284149803566
6 0.9455603361129761 13 14 -0.005277395484720504
-1 0.0 0 0 -0.004795199368024706
6 0.9998196363449097 15 16 0.035195903978951566
-1 0.0 0 0 0.006022156990039676
-1 0.0 0 0 -0.006296849734624666
-1 0.0 0 0 -0.019436142099186808
6 0.8954977989196777 19 22 0.059484246691063614
7 0.018000000156462193 20 21 -0.01308281417290449
-1 0.0 0 0 -0.008769056427810432
-1 0.0 0 0 0.005138497987061606
6 1.0056984424591064 23 28 0.06848999574611134
5 1.6988359689712524 24 27 0.07793000837148675
2 0.5092617273330688 25 26 0.07519719686325446
-1 0.0 0 0 0.007983448343998265
-1 0.0 0 0 -0.00436906960085281
-1 0.0 0 0 0.030612510683135953
-1 0.0 0 0 -0.001450576654546917
nodes 29
2 0.3741876482963562 1 20 0.0
6 0.9998196363449097 2 15 -0.0609912283325312
4 0.7350889444351196 3 8 -0.018206149685937693
8 62.5 4 5 -0.10190029796752269
-1 0.0 0 0 -0.017192241732546836
0 0.47126877307891846 6 7 -0.03699228188188864
-1 0.0 0 0 0.007220464258788008
-1 0.0 0 0 -0.013213151808861817
8 30.5 9 10 0.0060559985626602985
-1 0.0 0 0 -0.019115756240604635
4 0.8972446322441101 11 14 0.014889322617733819
8 51.5 12 13 -0.02317141750170667
-1 0.0 0 0 -0.008031662472662824
-1 0.0 0 0 0.006336578823481157
-1 0.0 0 0 0.005077115736394867
4 0.9561898708343506 16 17 -0.11730913869240053
-1 0.0 0 0 -0.016813892748837735
6 1.0341813564300537 18 19 -0.057664871726190114
-1 0.0 0 0 0.00046750795828802015
-1 0.0 0 0 -0.018173638184619405
6 0.9532519578933716 21 26 0.05253362666265621
8 44.5 22 23 0.01080486797788156
-1 0.0 0 0 0.0065194504991631895
6 0.7063673734664917 24 25 -0.02563536585159057
-1 0.0 0 0 -0.026014308636203538
-1 0.0 0 0 -0.0013744170250441752
5 1.3589032888412476 27 28 0.07924869519020084
-1 0.0 0 0 0.007296670087004402
-1 0.0 0 0 0.02177708697347426
nodes 29
2 0.30531132221221924 1 6 0.0
5 1.306448221206665 2 3 -0.0998339644427977
-1 0.0 0 0 -0.004110786074750364
7 0.6979999840259552 4 5 -0.15803688319282283
-1 0.0 0 0 -0.014867575345740243
-1 0.0 0 0 -0.041350185998329306
4 0.9291630983352661 7 20 0.026195151966330973
4 0.6618152260780334 8 9 -0.013973943370739626
-1 0.0 0 0 -0.016018632793720143
6 0.7063673734664917 10 11 -0.0057533575631355
-1 0.0 0 0 -0.0187297450785574
6 0.9998196363449097 12 17 -0.00028959204450632113
6 0.9267940521240234 13 16 0.013523156649647743
0 0.5561773777008057 14 15 -0.030783425442095412
-1 0.0 0 0 -0.0024545826323763625
-1 0.0 0 0 -0.04558115947772475
-1 0.0 0 0 0.0039486935249215295
2 0.4072035849094391 18 19 -0.07978317900007548
-1 0.0 0 0 -0.011702603766267028
-1 0.0 0 0 0.011757214040854651
6 1.0393028259277344 21 28 0.054141113615796765
2 0.5005794763565063 22 25 0.05683898581288971
2 0.43065592646598816 23 24 0.0629374483802737
-1 0.0 0 0 0.004088311102763885
-1 0.0 0 0 0.00891045163857555
6 0.8140664100646973 26 27 -0.037235767535292945
-1 0.0 0 0 -0.0648095626734953
-1 0.0 0 0 -0.002185841245146349
-1 0.0 0 0 -0.016902320000645954
nodes 29
2 0.3815332353115082 1 18 0.0
6 0.9998196363449097 2 13 -0.04708435737579099
4 0.6782086491584778 3 4 -0.01200025236927483
-1 0.0 0 0 -0.010819030972435459
6 0.9187205135822296 5 6 0.0032845205826337724
-1 0.0 0 0 -0.004648451107944414
8 30.5 7 8 0.023938343175576183
-1 0.0 0 0 -0.01568147614975054
4 0.8972446322441101 9 12 0.03169041902553691
8 51.5 10 11 -0.005917581476166873
-1 0.0 0 0 -0.005674746147845015
-1 0.0 0 0 0.006804180482489975
-1 0.0 0 0 0.0066997389479292865
4 0.9561898708343506 14 15 -0.09622801432544899
-1 0.0 0 0 -0.013983346357744623
6 1.0563884973526 16 17 -0.045855729912042335
-1 0.0 0 0 -0.0010178592445849715
-1 0.0 0 0 -0.019595648928452995
7 0.02199999988079071 19 26 0.045989805254375966
6 0.8323132395744324 20 23 -0.003024650253945131
2 0.48332589864730835 21 22 -0.13754259445353992
-1 0.0 0 0 -0.0096852339123027
-1 0.0 0 0 -0.05102174623924143
5 1.7219120264053345 24 25 0.015065405004791843
-1 0.0 0 0 0.0011109548489576496
-1 0.0 0 0 0.04903652972480247
5 1.2383124828338623 27 28 0.0658152196828923
-1 0.0 0 0 0.005566947173654659
-1 0.0 0 0 0.013686025051446855
nodes 29
2 0.3039979040622711 1 6 0.0
5 1.160434365272522 2 3 -0.08320325261358796
-1 0.0 0 0 0.0030118175467160647
7 0.5060000121593475 4 5 -0.10788277298922931
-1 0.0 0 0 -0.009114319741795695
-1 0.0 0 0 -0.02116077150443115
4 0.7892773747444153 7 8 0.02131425538319771
-1 0.0 0 0 -0.006326374268046352
2 0.42553332448005676 9 18 0.031100746841111224
4 0.9582114815711975 10 13 0.011049109119614351
8 29.5 11 12 -0.01239885408485243
-1 0.0 0 0 -0.04119627084257407
-1 0.0 0 0 -0.000982705630969165
6 1.0341813564300537 14 15 0.040401726813706684
-1 0.0 0 0 0.004717007151673062
5 1.2450339794158936 16 17 -0.13712287525981437
-1 0.0 0 0 -0.043976047933777226
-1 0.0 0 0 -0.0010969403149564117
6 0.8065197467803955 19 20 0.057009609073564796
-1 0.0 0 0 -0.015706741071020592
3 0.5304385423660278 21 22 0.06319382045320504
-1 0.0 0 0 0.06073480616126892
2 0.48770812153816223 23 26 0.06062782230474269
7 0.05000000074505806 24 25 0.0763947577558506
-1 0.0 0 0 0.004633456796927654
-1 0.0 0 0 0.010443902042713003
0 0.5703731179237366 27 28 -0.0064800419018928666
-1 0.0 0 0 0.00019006772678642941
-1 0.0 0 0 -0.041200570310746996
nodes 29
2 0.3815332353115082 1 18 0.0
7 0.27400000393390656 2 13 -0.038439736436628597
4 0.6782086491584778 3 6 -0.019016957461547614
7 0.11799999698996544 4 5 -0.10137830175582126
-1 0.0 0 0 -0.005595702162006371
-1 0.0 0 0 -0.020515195608601412
8 60.5 7 12 -0.007809273567658012
4 0.8972446322441101 8 9 -0.014469815942921481
-1 0.0 0 0 -0.004510613442285745
8 36.5 10 11 0.00758919992516557
-1 0.0 0 0 -0.004031269977993022
-1 0.0 0 0 0.004851406279607149
-1 0.0 0 0 0.00913493942516481
4 0.8265906572341919 14 15 -0.10567324231181413
-1 0.0 0 0 -0.01873488079278016
6 1.0040414333343506 16 17 -0.07280443801554869
-1 0.0 0 0 0.0031881471530087694
-1 0.0 0 0 -0.01043361306583932
0 0.5561773777008057 19 28 0.03754614249176542
6 0.7661007046699524 20 21 0.04037104467126026
-1 0.0 0 0 -0.0125241059887835
5 1.5112497806549072 22 27 0.04429314249074677
4 0.7784885168075562 23 24 0.03979091941907038
-1 0.0 0 0 -0.01326665090359272
7 0.006000000284984708 25 26 0.043108045628705814
-1 0.0 0 0 -0.0019648881241170787
-1 0.0 0 0 0.005090220653279556
-1 0.0 0 0 0.02307234446018638
-1 0.0 0 0 -0.022774556218856146
nodes 29
2 0.2984793782234192 1 8 0.0
5 1.3146120309829712 2 5 -0.0719256866809069
5 1.1535323858261108 3 4 -0.02314422158926525
-1 0.0 0 0 0.0038277953551472087
-1 0.0 0 0 -0.005104976676911221
7 0.7700000107288361 6 7 -0.12200967151229093
-1 0.0 0 0 -0.011727522683903601
-1 0.0 0 0 -0.0552656634019153
4 0.9642592668533325 9 22 0.016678933677266115
2 0.41866058111190796 10 17 -0.0057069799031259595
6 0.9998196363449097 11 16 -0.02349614523777639
6 0.9471534490585327 12 15 -0.008628757276291525
1 0.3620705008506775 13 14 -0.03890321281934169
-1 0.0 0 0 -0.002847570091676309
-1 0.0 0 0 -0.016376169702356443
-1 0.0 0 0 0.002375938205870092
-1 0.0 0 0 -0.008806669583125027
7 0.05000000074505806 18 21 0.03236289624773798
0 0.5561773777008057 19 20 -0.007562159482074737
-1 0.0 0 0 0.00015198738443473244
-1 0.0 0 0 -0.026519807546248882
-1 0.0 0 0 0.008209334146366562
0 0.512292206287384 23 28 0.04483253841932111
6 1.0668526887893677 24 27 0.048896660420176916
5 1.873718500137329 25 26 0.05055393023623839
-1 0.0 0 0 0.0047830528984000205
-1 0.0 0 0 0.024454259246257347
-1 0.0 0 0 -0.03072628991241441
-1 0.0 0 0 -0.01003674567021635
nodes 29
2 0.38800278306007385 1 20 0.0
6 0.9998196363449097 2 13 -0.030159362739069686
0 0.4720466732978821 3 12 -0.004123606132955025
8 65.5 4 11 0.005812422763469349
6 0.9267940521240234 5 6 -0.001450415032074298
-1 0.0 0 0 -0.0042705757269000414
4 0.7350889444351196 7 8 0.01818765324537785
-1 0.0 0 0 -0.009305528084380985
8 30.5 9 10 0.02901578127140648
-1 0.0 0 0 -0.01343911291439909
-1 0.0 0 0 0.003652057795085112
-1 0.0 0 0 0.014295968984364396
-1 0.0 0 0 -0.010759132300436354
4 0.9980531930923462 14 15 -0.06840816196069231
-1 0.0 0 0 -0.009979165374354582
6 1.0563884973526 16 17 -0.014503492104410683
-1 0.0 0 0 0.0020326520814801315
1 0.28951823711395264 18 19 -0.145158620029352
-1 0.0 0 0 -0.013082683784930552
-1 0.0 0 0 -0.1068698663711548
7 0.041999999433755875 21 26 0.03287883044072353
8 59.5 22 25 0.002941688687904595
6 0.7987437844276428 23 24 0.013465714860645187
-1 0.0 0 0 -0.011371068742798194
-1 0.0 0 0 0.002057645991456614
-1 0.0 0 0 -0.010989053221884156
5 1.242843508720398 27 28 0.05670807154312125
-1 0.0 0 0 0.004703828377049679
-1 0.0 0 0 0.01375489922999919
nodes 29
2 0.2984793782234192 1 6 0.0
5 1.2502554655075073 2 3 -0.059854480502144994
-1 0.0 0 0 -0.0006762860280980816
7 0.7700000107288361 4 5 -0.09450620172463266
-1 0.0 0 0 -0.009088600190494548
-1 0.0 0 0 -0.04912168363344322
4 0.9642592668533325 7 18 0.013879727267261286
2 0.41866058111190796 8 13 -0.005110993732334258
6 0.9998196363449097 9 12 -0.019898024176648734
6 0.9471534490585327 10 11 -0.008011767547938876
-1 0.0 0 0 -0.003318069336941515
-1 0.0 0 0 0.0018914387251406314
-1 0.0 0 0 -0.007152122369221924
7 0.05000000074505806 14 15 0.026534134471493796
-1 0.0 0 0 -0.000696571994003976
3 0.7640957832336426 16 17 0.06826138178777791
-1 0.0 0 0 0.015394914022196275
-1 0.0 0 0 0.004111226243173127
2 0.49836939573287964 19 28 0.0377633740467059
6 1.001052975654602 20 21 0.04410840414233584
-1 0.0 0 0 0.005468117673158392
4 0.9958176016807556 22 23 -0.002852413567124946
-1 0.0 0 0 -0.013746607910212079
3 0.6910648941993713 24 25 0.01769987001596456
-1 0.0 0 0 0.021419262178596157
6 1.0482677221298218 26 27 0.0008313038464766459
-1 0.0 0 0 0.0016827413500873107
-1 0.0 0 0 -0.028144225092939398
-1 0.0 0 0 -0.004518392545393433
nodes 29
2 0.2984793782234192 1 10 0.0
5 1.1767148971557617 2 3 -0.05386903225015701
-1 0.0 0 0 0.002064255544870562
7 0.5620000064373016 4 9 -0.07494188825058497
0 0.3131566047668457 5 8 -0.06365404895882705
8 37.5 6 7 -0.03413432723887992
-1 0.0 0 0 -0.0067819226444772104
-1 0.0 0 0 0.0035073540363318844
-1 0.0 0 0 -0.010812802558328642
-1 0.0 0 0 -0.017107152870412912
4 0.9642592668533325 11 26 0.01249175452202353
6 0.7063673734664917 12 13 -0.0045998942307176344
-1 0.0 0 0 -0.012684528910402233
2 0.4272238612174988 14 21 -0.0013330225424611664
6 0.997558057308197 15 18 -0.013779613753513721
0 0.512292206287384 16 17 -0.0018063348503557836
-1 0.0 0 0 0.000342410927776345
-1 0.0 0 0 -0.011308964918359199
5 1.4667041301727295 19 20 -0.06008588732039828
-1 0.0 0 0 -0.009066362932271166
-1 0.0 0 0 0.0018315177856899805
5 1.5828040838241577 22 25 0.03169783910100658
8 61.5 23 24 0.025241643887409758
-1 0.0 0 0 0.0034348266514852045
-1 0.0 0 0 -0.013863392144507809
-1 0.0 0 0 0.050268322121683355
2 0.49836939573287964 27 28 0.03398703643878166
-1 0.0 0 0 0.003969756353646134
-1 0.0 0 0 -0.0040665533263605355
nodes 29
2 0.38800278306007385 1 18 0.0
7 0.421999990940094 2 17 -0.02279657745433707
4 0.6782086491584778 3 6 -0.014206260160198832
7 0.11799999698996544 4 5 -0.08397772768752981
-1 0.0 0 0 -0.0029039750350438346
-1 0.0 0 0 -0.01701606824549613
8 60.5 7 16 -0.005314770914027823
4 0.9200274348258972 8 11 -0.010286495415242725
8 40.5 9 10 -0.03221019884220896
-1 0.0 0 0 -0.008005177270262951
-1 0.0 0 0 -0.0014967666258035805
8 34.5 12 15 0.01056937855629161
7 0.07000000029802322 13 14 -0.03298291781511224
-1 0.0 0 0 -0.010540973588720567
-1 0.0 0 0 -0.0005531109996836726
-1 0.0 0 0 0.00408419265895709
-1 0.0 0 0 0.007807991309034559
-1 0.0 0 0 -0.010026949087675052
7 0.03399999998509884 19 26 0.024852143328722653
6 0.8323132395744324 20 23 -0.004233263934750887
2 0.48625296354293823 21 22 -0.09762995033936482
-1 0.0 0 0 -0.006814141077152228
-1 0.0 0 0 -0.03829030596393223
5 1.5828040838241577 24 25 0.006692044743725385
-1 0.0 0 0 0.00028047025711243855
-1 0.0 0 0 0.03594899432526694
5 1.2406418323516846 27 28 0.04310584610798987
-1 0.0 0 0 0.0033455962876208557
-1 0.0 0 0 0.012100482633244678
nodes 29
4 0.7711651921272278 1 8 0.0
8 56.5 2 3 -0.05817709937677745
-1 0.0 0 0 -0.010532564231213973
0 0.4720466732978821 4 7 -0.019082497896049284
8 64.5 5 6 0.04334967030507073
-1 0.0 0 0 -0.0015615860680388896
-1 0.0 0 0 0.012601867468383302
-1 0.0 0 0 -0.007977395890673854
6 1.0019903182983398 9 26 0.008349029103990479
7 0.05400000140070915 10 21 0.01870306281631037
6 0.6746454834938049 11 12 -0.0006818423601868752
-1 0.0 0 0 -0.018313164168670775
0 0.5561773777008057 13 20 0.0025312976149906596
8 30.5 14 15 0.0044093066268334835
-1 0.0 0 0 -0.01083193727716274
5 1.6162904500961304 16 17 0.007900757009465973
-1 0.0 0 0 0.0004791050662160516
2 0.410733699798584 18 19 0.13122039599755672
-1 0.0 0 0 0.005465840610970174
-1 0.0 0 0 0.04839159627476086
-1 0.0 0 0 -0.027562708758026733
4 0.9258370995521545 22 25 0.03888661379062265
8 39.5 23 24 0.0117211686484173
-1 0.0 0 0 -0.006402791723706625
-1 0.0 0 0 0.0026281124622426974
-1 0.0 0 0 0.005435616705372919
7 0.421999990940094 27 28 -0.03567566807927394
-1 0.0 0 0 -0.00171977617475216
-1 0.0 0 0 -0.009076916737401809
nodes 29
2 0.3945130407810211 1 16 0.0
1 0.12347012758255005 2 3 -0.01817184102364256
-1 0.0 0 0 -0.010149534455927468
0 0.4720466732978821 4 15 -0.012538086589157529
8 65.5 5 14 -0.00779530006712904
4 0.9268691539764404 6 11 -0.01211194266028068
8 42.5 7 8 -0.030352185902580372
-1 0.0 0 0 -0.007075068670509802
4 0.6425517201423645 9 10 -0.009279550191328534
-1 0.0 0 0 -0.01202678718967132
-1 0.0 0 0 -8.456051733278261e-05
8 34.5 12 13 0.007611498131023256
-1 0.0 0 0 -0.0028534703954296
-1 0.0 0 0 0.0037158005177132395
-1 0.0 0 0 0.013641573747305775
-1 0.0 0 0 -0.008197346213991343
8 60.5 17 28 0.022122276406608778
2 0.5356968641281128 18 27 0.026685381131524757
7 0.01000000024214387 19 22 0.028602828493891914
6 0.8724886775016785 20 21 -0.01273289117722677
-1 0.0 0 0 -0.01072572627314523
-1 0.0 0 0 0.0010696974337602546
5 1.2238537073135376 23 24 0.03634466240984576
-1 0.0 0 0 0.0026780555533713617
6 0.7790522575378418 25 26 0.10521102595653163
-1 0.0 0 0 -0.004873328599889252
-1 0.0 0 0 0.012407018846974089
-1 0.0 0 0 -0.018395286600481345
-1 0.0 0 0 -0.007745778530787855
nodes 29
4 0.7495713829994202 1 6 0.0
8 61.5 2 3 -0.054006506271561804
-1 0.0 0 0 -0.009030398360261658
0 0.4964250326156616 4 5 -0.002871320395487608
-1 0.0 0 0 0.004998950734771346
-1 0.0 0 0 -0.008092666096727914
8 30.5 7 14 0.006396023966495582
2 0.3105638027191162 8 9 -0.05106328195853737
-1 0.0 0 0 -0.009388203005754747
5 1.840211272239685 10 13 -0.005405781464760541
4 0.9413186311721802 11 12 -0.02075151836273193
-1 0.0 0 0 -0.031534031548374655
-1 0.0 0 0 -0.0008857169806407782
-1 0.0 0 0 0.02762072049263047
4 0.9642592668533325 15 20 0.01219544193220956
8 39.5 16 17 -0.0013483962332525282
-1 0.0 0 0 -0.0038612819726581322
6 0.863762378692627 18 19 0.009032303844033274
-1 0.0 0 0 -0.004706224006834794
-1 0.0 0 0 0.0017240432962813902
0 0.512292206287384 21 28 0.029874439293439633
6 1.020297646522522 22 25 0.03299938149815375
8 46.5 23 24 0.037374814677952964
-1 0.0 0 0 0.004398398142273966
-1 0.0 0 0 -0.001579299621689468
1 0.2868710160255432 26 27 -0.046214494893540105
-1 0.0 0 0 0.00021723496191542176
-1 0.0 0 0 -0.02293103145295754
-1 0.0 0 0 -0.008215604625276006
nodes 29
2 0.4281599521636963 1 22 0.0
4 0.6080148816108704 2 3 -0.011489487778230894
-1 0.0 0 0 -0.00912633493880528
6 1.0 4 13 -0.0077344945623244185
6 0.954689621925354 5 8 0.0025778158296542652
1 0.34790104627609253 6 7 -0.01686430522264343
-1 0.0 0 0 -0.00025252459860590097
-1 0.0 0 0 -0.006509922237171186
4 0.939180850982666 9 12 0.018927433122606575
8 60.5 10 11 -0.0011316457449524742
-1 0.0 0 0 -0.0009756175130868193
-1 0.0 0 0 0.010769746733093246
-1 0.0 0 0 0.004271965212713686
1 0.29600051045417786 14 15 -0.03701903272417887
-1 0.0 0 0 -0.0023617924341537973
6 1.0520464181900024 16 21 -0.09696913611310523
4 1.0002944469451904 17 20 -0.08428409727179788
2 0.4054267704486847 18 19 -0.16187959809350305
-1 0.0 0 0 -0.02101299031832974
-1 0.0 0 0 0.0040736719294437685
-1 0.0 0 0 -0.001824047705878074
-1 0.0 0 0 -0.0873243767950757
2 0.48770812153816223 23 28 0.02656021367673222
8 61.5 24 27 0.03904837325355902
5 1.7219120264053345 25 26 0.042920779628298614
-1 0.0 0 0 0.004051084779259355
-1 0.0 0 0 0.03273290668721849
-1 0.0 0 0 -0.010652951972950842
-1 0.0 0 0 -0.0025061192639311094
nodes 29
4 0.6931301951408386 1 4 0.0
7 0.06600000336766243 2 3 -0.059604381606964525
-1 0.0 0 0 0.00012753689987817947
-1 0.0 0 0 -0.010363166054076608
8 30.5 5 10 0.004257683879985044
2 0.34531310200691223 6 7 -0.045421384432773916
-1 0.0 0 0 -0.007450086349473298
4 1.2309038639068604 8 9 0.010375317321797393
-1 0.0 0 0 -0.0005546276293868222
-1 0.0 0 0 0.022700798485929947
4 0.9642592668533325 11 24 0.009060684574155547
8 39.5 12 13 -0.002494447413420412
-1 0.0 0 0 -0.0035006676656165916
6 0.6746454834938049 14 15 0.0060189759702363186
-1 0.0 0 0 -0.012789590417196451
5 1.5828040838241577 16 19 0.008672534666485099
0 0.5703731179237366 17 18 0.00351820843968958
-1 0.0 0 0 0.00045248603214388195
-1 0.0 0 0 -0.02588774475015645
2 0.410733699798584 20 23 0.06649783514149939
4 0.9012946486473083 21 22 0.04205002500734168
-1 0.0 0 0 0.0022563543646022797
-1 0.0 0 0 0.019236592490594912
-1 0.0 0 0 0.03200014721240021
2 0.5356968641281128 25 26 0.02542004087187443
-1 0.0 0 0 0.0026968154819946716
6 0.9908940196037292 27 28 -0.16851036230062125
-1 0.0 0 0 -0.031344317270365234
-1 0.0 0 0 0.015134135720951633
nodes 29
2 0.43238407373428345 1 22 0.0
1 0.11856649070978165 2 3 -0.00939573691587792
-1 0.0 0 0 -0.007830992547482566
4 0.8685005307197571 4 11 -0.006253004925064102
8 53.5 5 6 -0.023119725622905058
-1 0.0 0 0 -0.004875290777900163
0 0.4391520917415619 7 10 0.0053444439369792
8 65.5 8 9 0.059344772486080506
-1 0.0 0 0 0.003598267013501631
-1 0.0 0 0 0.01817051897758437
-1 0.0 0 0 -0.0022350590607274155
5 2.0047459602355957 12 21 0.0029281868739181533
8 28.5 13 18 0.00031258317339622323
4 1.008457064628601 14 17 -0.061891711748052955
5 1.3474245071411133 15 16 -0.16881902346537347
-1 0.0 0 0 -0.024343394735478797
-1 0.0 0 0 0.0007686027583955718
-1 0.0 0 0 -0.002937509189779717
6 0.9340311884880066 19 20 0.005641986137883239
-1 0.0 0 0 -0.002343912755205509
-1 0.0 0 0 0.0013905899550558454
-1 0.0 0 0 0.01273565998535013
6 0.8065197467803955 23 24 0.02388117778545484
-1 0.0 0 0 -0.013648532940024275
5 1.7219120264053345 25 28 0.02862363830644378
2 0.48770812153816223 26 27 0.02699103585765244
-1 0.0 0 0 0.003849839456277958
-1 0.0 0 0 -0.001635227789735366
-1 0.0 0 0 0.046593701189347345
nodes 29
4 0.6931301951408386 1 4 0.0
8 63.5 2 3 -0.0517946144845273
-1 0.0 0 0 -0.009171042336528074
-1 0.0 0 0 0.0002258043374826291
6 1.0 5 16 0.003699813426993032
7 0.05400000140070915 6 15 0.010630468104000408
6 0.6746454834938049 7 8 -0.005430974824950037
-1 0.0 0 0 -0.01303253319110377
4 1.099502444267273 9 12 -0.002771882272030037
5 1.5364670753479004 10 11 0.0010442340815904733
-1 0.0 0 0 -0.00026670012060817436
-1 0.0 0 0 0.009342368609543135
2 0.3714727461338043 13 14 -0.09615950962586439
-1 0.0 0 0 -0.02556095130520505
-1 0.0 0 0 -0.0020337130374251423
-1 0.0 0 0 0.00280354606769497
4 1.0002944469451904 17 24 -0.022621924481674265
1 0.29600051045417786 18 21 -0.04736208514368962
2 0.41687846183776855 19 20 -0.028777019527361367
-1 0.0 0 0 -0.003095694301483645
-1 0.0 0 0 0.071257862650479
2 0.4054267704486847 22 23 -0.11279750326638341
-1 0.0 0 0 -0.020038639776286195
-1 0.0 0 0 -0.0023918304431568543
6 1.0563884973526 25 26 0.006459246254004931
-1 0.0 0 0 0.0024460654000505243
1 0.2790651321411133 27 28 -0.08192968841139547
-1 0.0 0 0 -0.006622361427103059
-1 0.0 0 0 -0.06320162374703657
nodes 29
7 0.421999990940094 1 26 0.0
4 0.7711651921272278 2 9 0.003189687165441676
8 69.5 3 6 -0.03060490651129728
4 0.5768035054206848 4 5 -0.04543488248984561
-1 0.0 0 0 -0.012319921399427737
-1 0.0 0 0 -0.003346388842795127
0 0.4964250326156616 7 8 0.036084451691716486
-1 0.0 0 0 0.011823075810167056
-1 0.0 0 0 -0.004552040072118516
7 0.0020000000949949026 10 15 0.00794578772074313
6 0.9174297451972961 11 14 -0.044979026073601436
2 0.4784027934074402 12 13 -0.11444171154016224
-1 0.0 0 0 -0.009079688638173778
-1 0.0 0 0 -0.03092797070858069
-1 0.0 0 0 0.001050282227574903
0 0.5703731179237366 16 25 0.010809889025617974
2 0.43238407373428345 17 18 0.011329173955422094
-1 0.0 0 0 0.0003450654856703161
6 0.8065197467803955 19 22 0.027150068317336955
7 0.05400000140070915 20 21 -0.10320638825145105
-1 0.0 0 0 -0.01389494484364423
-1 0.0 0 0 0.030783880387594845
1 0.36912599205970764 23 24 0.030094327981373924
-1 0.0 0 0 0.017185081518138322
-1 0.0 0 0 0.002551300847695774
-1 0.0 0 0 -0.02972598295574161
7 0.7819999754428864 27 28 -0.05300635146596545
-1 0.0 0 0 -0.00478307493812277
-1 0.0 0 0 -0.034159792371094226
nodes 29
4 0.8287536799907684 1 20 0.0
8 53.5 2 3 -0.023842659513713626
-1 0.0 0 0 -0.005314947430176479
0 0.4391520917415619 4 7 0.0007977227310031169
8 64.5 5 6 0.050741777447940825
-1 0.0 0 0 0.002483729996456642
-1 0.0 0 0 0.014042158269878292
4 0.8241960406303406 8 17 -0.02194973688555257
4 0.5934293866157532 9 10 -0.016930810948957615
-1 0.0 0 0 -0.0077679895589601354
5 1.5828040838241577 11 14 0.0009827947292332729
0 0.5299081802368164 12 13 -0.016419209115708086
-1 0.0 0 0 -4.079870381200789e-05
-1 0.0 0 0 -0.013752442305561588
5 1.7219120264053345 15 16 0.08080802622786032
-1 0.0 0 0 0.023644199674102393
-1 0.0 0 0 0.0022577629097084817
8 54.5 18 19 -0.25405917877605466
-1 0.0 0 0 0.029394748061895373
-1 0.0 0 0 -0.035220962523486214
8 26.5 21 22 0.0059606650006271454
-1 0.0 0 0 -0.006921576330043812
6 0.7063673734664917 23 24 0.00844483333551985
-1 0.0 0 0 -0.010798508595341549
0 0.5703731179237366 25 28 0.009580394333630808
6 1.0056984424591064 26 27 0.010045471372489142
-1 0.0 0 0 0.0014149295695252708
-1 0.0 0 0 -0.001466438970286169
-1 0.0 0 0 -0.030560190332806214
nodes 29
2 0.43238407373428345 1 14 0.0
7 0.722000002861023 2 13 -0.006965852667396583
4 0.6318650841712952 3 6 -0.0061488332047017775
8 86.5 4 5 -0.05393805079443166
-1 0.0 0 0 -0.006246157325447146
-1 0.0 0 0 0.022733819038688166
1 0.3600197434425354 7 10 -0.003381254545186346
2 0.400075227022171 8 9 0.0012431297622121894
-1 0.0 0 0 -0.00041232079529933966
-1 0.0 0 0 0.006217584331106995
6 0.9656967520713806 11 12 -0.025674702024865964
-1 0.0 0 0 -0.006598197405776216
-1 0.0 0 0 0.000706865849060705
-1 0.0 0 0 -0.017910872034420832
6 0.8065197467803955 15 22 0.01770513269697109
1 0.4117896258831024 16 21 -0.10550198401209615
8 43.5 17 18 -0.08053108745660133
-1 0.0 0 0 0.011940655107523694
7 0.05400000140070915 19 20 -0.1340681080221514
-1 0.0 0 0 -0.01580411257998934
-1 0.0 0 0 0.037913205033099216
-1 0.0 0 0 -0.054079011260447174
5 1.7219120264053345 23 28 0.021348692048307638
2 0.48770812153816223 24 25 0.01995728056869318
-1 0.0 0 0 0.002989450660041939
4 1.1810680627822876 26 27 -0.01747201287599781
-1 0.0 0 0 -0.001365513169499675
-1 0.0 0 0 -0.04264544322515645
-1 0.0 0 0 0.03940559905387608
nodes 29
7 0.421999990940094 1 28 0.0
0 0.5480470657348633 2 25 0.002584405311643858
4 0.5934293866157532 3 6 0.003712837696145502
8 86.5 4 5 -0.060582989691029335
-1 0.0 0 0 -0.007034178774734962
-1 0.0 0 0 0.024366189088836754
7 0.0020000000949949026 7 10 0.005259307557230043
6 0.9174297451972961 8 9 -0.0367729216781191
-1 0.0 0 0 -0.00887397200390776
-1 0.0 0 0 0.0009532042434521106
2 0.4398999512195587 11 16 0.007533360307549805
8 75.5 12 13 0.0017651200756508697
-1 0.0 0 0 0.00010275934609006921
7 0.09800000116229057 14 15 0.17173828279677159
-1 0.0 0 0 0.012554996517497958
-1 0.0 0 0 0.06567156178255877
3 0.716752827167511 17 24 0.023973166641461544
6 0.8140664100646973 18 21 0.12160407039215834
1 0.24405553936958313 19 20 -0.04124184213271671
-1 0.0 0 0 -0.05776092565577963
-1 0.0 0 0 0.0008103959994390608
4 0.9279977679252625 22 23 0.20470114351232824
-1 0.0 0 0 0.013233779910472823
-1 0.0 0 0 0.04632300149856342
-1 0.0 0 0 0.0020322230822950736
4 0.9850430488586426 26 27 -0.08741580634129717
-1 0.0 0 0 -0.006795209822476109
-1 0.0 0 0 -0.05319033447577029
-1 0.0 0 0 -0.00429477518594482
nodes 29
8 24.5 1 2 0.0
-1 0.0 0 0 -0.00860174626727816
4 0.9663488864898682 3 22 0.0011453189306574456
7 0.1979999989271164 4 7 -0.007949832695245544
7 0.0020000000949949026 5 6 -2.822522821086352e-05
-1 0.0 0 0 -0.004528036796052029
-1 0.0 0 0 0.0003344372532529885
2 0.4357823431491852 8 21 -0.039699472301216454
1 0.2972976267337799 9 18 -0.04678889661428096
2 0.3889579176902771 10 15 -0.034767354480816456
5 1.0837308168411255 11 12 -0.03918806407892444
-1 0.0 0 0 0.04104202403459789
6 1.020297646522522 13 14 -0.04130277561746075
-1 0.0 0 0 -0.006742057424735926
-1 0.0 0 0 -0.0006448734221428547
6 0.970241129398346 16 17 0.1767986272690726
-1 0.0 0 0 -0.02712076060675286
-1 0.0 0 0 0.029033445352560857
6 1.002457857131958 19 20 -0.10196580021556749
-1 0.0 0 0 -0.00480957716727684
-1 0.0 0 0 -0.030218491356471186
-1 0.0 0 0 0.006107956339716401
6 1.0190331935882568 23 24 0.01431228678870362
-1 0.0 0 0 0.001851810652349772
1 0.2882193922996521 25 28 -0.023959408523453334
2 0.3732672333717346 26 27 0.002157790761961458
-1 0.0 0 0 -0.0005632836955980373
-1 0.0 0 0 0.04845887373711141
-1 0.0 0 0 -0.015653301524622097
nodes 29
1 0.11856649070978165 1 2 0.0
-1 0.0 0 0 -0.0052435126245570784
0 0.5480470657348633 3 26 0.0016987199883805656
8 86.5 4 25 0.002672739361274933
2 0.43238407373428345 5 20 0.0024166385054665766
4 1.0 6 9 -0.002924030095617641
8 29.5 7 8 -0.008455688168654081
-1 0.0 0 0 -0.011378014515895093
-1 0.0 0 0 -0.0005973480205666384
3 0.7072261571884155 10 11 0.015725204816553814
-1 0.0 0 0 0.011765664545443335
4 1.099502444267273 12 15 0.008611917936405068
6 1.0520464181900024 13 14 0.023896920998459255
-1 0.0 0 0 0.0029472176964093415
-1 0.0 0 0 -0.012778283689011705
3 0.9932294487953186 16 19 -0.031597931764744465
7 0.05000000074505806 17 18 -0.07948292656191434
-1 0.0 0 0 -0.02266111893258105
-1 0.0 0 0 -0.004681560643659725
-1 0.0 0 0 0.002386412894758577
6 0.8065197467803955 21 22 0.015605875729748121
-1 0.0 0 0 -0.008727801640384964
5 1.7778453826904297 23 24 0.018423929717904727
-1 0.0 0 0 0.0017130460181236894
-1 0.0 0 0 0.04456361582916644
-1 0.0 0 0 0.03337107820725824
4 0.9850430488586426 27 28 -0.0804510179050636
-1 0.0 0 0 -0.006239800113795709
-1 0.0 0 0 -0.048056481809032214
nodes 29
4 0.7892773747444153 1 6 0.0
8 59.5 2 3 -0.021552547318634343
-1 0.0 0 0 -0.004664949082858471
0 0.47126877307891846 4 5 0.013156166968981352
-1 0.0 0 0 0.006553691785555798
-1 0.0 0 0 -0.0029984613186180586
8 30.5 7 14 0.0036580588941064075
7 0.07000000029802322 8 9 -0.028260720704763924
-1 0.0 0 0 -0.0096297878801261
4 0.9258370995521545 10 11 -0.013053976723124156
-1 0.0 0 0 -0.012911581896724129
2 0.3105638027191162 12 13 -0.0035956902285548707
-1 0.0 0 0 -0.0035740437918805063
-1 0.0 0 0 0.0033859437572211176
7 0.03399999998509884 15 16 0.007022079278522964
-1 0.0 0 0 -0.0007783837160296031
6 1.0 17 20 0.014325267942071559
7 0.5380000174045563 18 19 0.020998593192631206
-1 0.0 0 0 0.002048132655941231
-1 0.0 0 0 0.044145191430437325
4 0.9969370365142822 21 28 -0.008011383421183231
1 0.29600051045417786 22 25 -0.030563608239528153
2 0.41596490144729614 23 24 -0.007374005152022035
-1 0.0 0 0 -0.0009938634849804237
-1 0.0 0 0 0.06037406142623652
3 0.88922119140625 26 27 -0.09839117256707078
-1 0.0 0 0 -0.012581855427148202
-1 0.0 0 0 0.007384348711910484
-1 0.0 0 0 0.002139678752256069
nodes 29
7 0.7740000188350677 1 28 0.0
4 0.6931301951408386 2 5 0.0002873740701022184
7 0.06600000336766243 3 4 -0.030983252016743516
-1 0.0 0 0 0.001366549724206574
-1 0.0 0 0 -0.006330594294200829
6 0.8778034448623657 6 17 0.0025224518059841885
8 33.5 7 8 -0.025669545549890097
-1 0.0 0 0 -0.01680297747643879
7 0.026000000536441803 9 14 -0.01978128146727669
2 0.48625296354293823 10 13 -0.04605506025542302
4 0.9980531930923462 11 12 -0.03350417324975647
-1 0.0 0 0 -0.005038554591363425
-1 0.0 0 0 0.00810422473057767
-1 0.0 0 0 -0.024889893374304372
2 0.4601956009864807 15 16 0.016002806981743972
-1 0.0 0 0 -0.0005744822619957903
-1 0.0 0 0 0.019101453714141122
6 1.0 18 21 0.00568064156107205
7 0.6019999980926514 19 20 0.010881845846023842
-1 0.0 0 0 0.0010645365353261977
-1 0.0 0 0 0.06737058217758718
4 1.0002944469451904 22 27 -0.011661815557601037
1 0.29600051045417786 23 24 -0.031343478856504396
-1 0.0 0 0 -0.0014541171843117976
6 1.024709701538086 25 26 -0.09035029036803134
-1 0.0 0 0 -0.0066579655388605795
-1 0.0 0 0 -0.030897757787616893
-1 0.0 0 0 0.0011664435488099587
-1 0.0 0 0 -0.024744880241783465
nodes 29
8 24.5 1 2 0.0
-1 0.0 0 0 -0.007210004246906027
4 0.9663488864898682 3 28 0.0009600091737655209
8 39.5 4 5 -0.0058122996765578696
-1 0.0 0 0 -0.0030692297958934186
0 0.28734439611434937 6 7 0.0006394619441002016
-1 0.0 0 0 0.008083161011031702
7 0.1979999989271164 8 27 -0.001839843332953144
1 0.35563480854034424 9 16 0.003023299155023603
2 0.47486335039138794 10 15 0.013804721456290296
2 0.3991613984107971 11 12 0.014585308726246719
-1 0.0 0 0 0.0007406674423063055
6 0.7661007046699524 13 14 0.0672067630887717
-1 0.0 0 0 -0.004915424923937944
-1 0.0 0 0 0.009635856981677234
-1 0.0 0 0 -0.039502370912343904
2 0.41866058111190796 17 22 -0.015389706745962512
6 0.9479761719703674 18 21 -0.06485697183377945
7 0.02199999988079071 19 20 -0.1234349539299835
-1 0.0 0 0 -0.020465504711307876
-1 0.0 0 0 -0.005132681025911918
-1 0.0 0 0 -0.002340225241678769
8 54.5 23 24 -0.0008005895585674324
-1 0.0 0 0 0.0012372652770855266
7 0.026000000536441803 25 26 -0.0467452540531777
-1 0.0 0 0 -0.010772262297111632
-1 0.0 0 0 0.0013694654081029094
-1 0.0 0 0 -0.0034319488738562493
-1 0.0 0 0 0.0010764218781773747
nodes 29
1 0.4980233907699585 1 26 0.0
4 0.6080148816108704 2 3 0.0004888644231114803
-1 0.0 0 0 -0.004243600109767816
8 30.5 4 7 0.0018851350565129304
4 1.008457064628601 5 6 -0.025010830095000637
-1 0.0 0 0 -0.007136729384126756
-1 0.0 0 0 -0.00047566710964572147
6 0.9532519578933716 8 13 0.004395343851466341
7 0.28599999845027924 9 12 -0.006798879844729536
7 0.0020000000949949026 10 11 -0.00580784484713021
-1 0.0 0 0 -0.004863636152626078
-1 0.0 0 0 -9.959506702694824e-05
-1 0.0 0 0 -0.036198582298432785
6 0.9998196363449097 14 19 0.010874049136534098
5 1.5681183338165283 15 16 0.019945678807608128
-1 0.0 0 0 0.0016614611830334401
1 0.16022776067256927 17 18 0.09419422778702721
-1 0.0 0 0 -2.2875563114542853e-06
-1 0.0 0 0 0.013916570512575367
4 0.9969370365142822 20 21 -0.004196233991146998
-1 0.0 0 0 -0.0020375495204694285
4 1.066894292831421 22 23 0.025565643890182208
-1 0.0 0 0 0.004747052953637922
2 0.30929654836654663 24 25 -0.018093426044063134
-1 0.0 0 0 0.006429208480203251
-1 0.0 0 0 -0.005026874654332615
8 50.5 27 28 -0.1242214732284287
-1 0.0 0 0 -0.007166209857439764
-1 0.0 0 0 -0.048372759586200124
nodes 29
8 86.5 1 28 0.0
4 0.5768035054206848 2 3 -0.0002643128964452657
-1 0.0 0 0 -0.005482316736572228
0 0.5420362949371338 4 25 0.0009902669282349237
8 26.5 5 6 0.0018680794486546706
-1 0.0 0 0 -0.004555274667714722
8 65.5 7 22 0.003177097627686356
4 0.7892773747444153 8 9 0.0018928674105613626
-1 0.0 0 0 -0.0023261678997667456
7 0.05400000140070915 10 17 0.004855579736547096
4 1.099502444267273 11 14 -0.005492982956494492
6 0.9679938554763794 12 13 -0.0023404202431449523
-1 0.0 0 0 -0.0012463226071556047
-1 0.0 0 0 0.00208458390940133
5 1.396202564239502 15 16 -0.07686349993926879
-1 0.0 0 0 -0.0055709283458939725
-1 0.0 0 0 -0.03950964956868278
6 1.0 18 21 0.012582840226690142
2 0.5005794763565063 19 20 0.021764715204767894
-1 0.0 0 0 0.00246424422853395
-1 0.0 0 0 -0.00766809882599749
-1 0.0 0 0 -0.0006899199286188758
1 0.35892099142074585 23 24 0.04832607910688877
-1 0.0 0 0 0.006798811751527814
-1 0.0 0 0 -0.011890928054248894
4 0.9992119073867798 26 27 -0.06872569021244904
-1 0.0 0 0 -0.005308732733088303
-1 0.0 0 0 -0.049459831659183946
-1 0.0 0 0 0.021118601717427375
nodes 29
7 0.7819999754428864 1 28 0.0
8 84.5 2 27 0.00023044060154770558
4 0.6425517201423645 3 4 -4.2821442913765914e-05
-1 0.0 0 0 -0.0037033865479443543
6 0.8778034448623657 5 18 0.0015672180351192742
8 33.5 6 7 -0.020441782662935785
-1 0.0 0 0 -0.014830027578770617
4 1.024172067642212 8 13 -0.015446368612915953
7 0.0020000000949949026 9 12 -0.022716632231884765
1 0.4145975708961487 10 11 -0.092127184314945
-1 0.0 0 0 -0.007728582459386928
-1 0.0 0 0 -0.041784202533641034
-1 0.0 0 0 -0.0010938927302961963
4 1.0347260236740112 14 15 0.0780224196843638
-1 0.0 0 0 0.025837730267731885
0 0.4705188274383545 16 17 0.03036901940732613
-1 0.0 0 0 0.00599101428580626
-1 0.0 0 0 -0.03873096427155866
5 1.5828040838241577 19 22 0.004116096549714768
8 26.5 20 21 0.0011431028495303699
-1 0.0 0 0 -0.005939886096961974
-1 0.0 0 0 0.00025475835153504565
2 0.2926456332206726 23 24 0.03633626500772481
-1 0.0 0 0 -0.0029653134699294016
2 0.437346875667572 25 26 0.0861323396653976
-1 0.0 0 0 0.007907389812500465
-1 0.0 0 0 0.033219574953874814
-1 0.0 0 0 0.01674349591810188
-1 0.0 0 0 -0.02302101694792509
nodes 29
7 0.722000002861023 1 28 0.0
0 0.5480470657348633 2 23 0.00039673692354284205
8 75.5 3 18 0.001118036812547751
4 0.5768035054206848 4 5 0.00046228332288313073
-1 0.0 0 0 -0.005922947646412889
2 0.4502229541540146 6 7 0.0015264991439021727
-1 0.0 0 0 -0.0001822228375227916
2 0.48770812153816223 8 15 0.0147749261431388
6 0.8457242846488953 9 12 0.026949696443328452
0 0.4720466732978821 10 11 -0.07527027024969732
-1 0.0 0 0 0.009011370408375866
-1 0.0 0 0 -0.015562191815698963
6 0.8571744561195374 13 14 0.03176634408854956
-1 0.0 0 0 0.02911089256306046
-1 0.0 0 0 0.0029021978146305596
4 1.1810680627822876 16 17 -0.016871339026310717
-1 0.0 0 0 -0.0013260475083916527
-1 0.0 0 0 -0.03734107194123445
0 0.5062798261642456 19 22 0.09432939222207033
3 0.3023688495159149 20 21 0.16269253722557092
-1 0.0 0 0 -0.005858200984379358
-1 0.0 0 0 0.021846584771976693
-1 0.0 0 0 -0.004091717603160835
4 0.9850430488586426 24 27 -0.060007835328898015
6 1.0029692649841309 25 26 -0.04565489595833853
-1 0.0 0 0 -0.0032445468929245182
-1 0.0 0 0 -0.034919066598856865
-1 0.0 0 0 -0.039012544085176626
-1 0.0 0 0 -0.011594843008361562
nodes 29
7 0.7819999754428864 1 28 0.0
1 0.4980233907699585 2 25 0.00019579003504155787
2 0.4415722191333771 3 4 0.0005812581149939008
-1 0.0 0 0 -0.0003023578325979133
8 61.5 5 20 0.012221866213454955
3 0.716752827167511 6 13 0.014347754750037996
6 0.8140664100646973 7 12 0.09676989730770906
7 0.041999999433755875 8 11 -0.029211227487196297
2 0.44600149989128113 9 10 -0.08032139463277606
-1 0.0 0 0 0.028458549206455547
-1 0.0 0 0 -0.013793827147972317
-1 0.0 0 0 0.03547383208259395
-1 0.0 0 0 0.017656556437381066
6 0.7987437844276428 14 19 0.01100827209114888
4 0.9370498657226562 15 16 -0.18566189096225594
-1 0.0 0 0 -0.07585538282990456
7 0.01000000024214387 17 18 -0.10771740969194442
-1 0.0 0 0 -0.03523773392388487
-1 0.0 0 0 0.010287594738640363
-1 0.0 0 0 0.0012498062403673536
7 0.05000000074505806 21 24 -0.10589270529145814
4 0.7584763765335083 22 23 -0.16264898246490728
-1 0.0 0 0 0.02994974015649253
-1 0.0 0 0 -0.01978601355338469
-1 0.0 0 0 0.014398233317346736
8 50.5 26 27 -0.09765410205653431
-1 0.0 0 0 -0.0049857300907721995
-1 0.0 0 0 -0.04245842219144106
-1 0.0 0 0 -0.019559431097004563
nodes 29
8 86.5 1 28 0.0
4 0.7447479367256165 2 17 -0.00021340975875728247
1 0.3023855686187744 3 12 -0.019466046361244924
8 62.5 4 9 -0.009896182966154176
2 0.3889579176902771 5 6 -0.03233534578129275
-1 0.0 0 0 -0.0035885363105332448
6 0.9770481586456299 7 8 0.2419274791043151
-1 0.0 0 0 0.004669272631634864
-1 0.0 0 0 0.06245875945687294
4 0.6080148816108704 10 11 0.030409397636348135
-1 0.0 0 0 -0.002000276819881881
-1 0.0 0 0 0.007720346544506769
6 0.9960307478904724 13 14 -0.10108602602703783
-1 0.0 0 0 -0.007726480809490602
0 0.5158553123474121 15 16 -0.40856779959837075
-1 0.0 0 0 -0.06379869528406976
-1 0.0 0 0 0.005944727301597595
7 0.0020000000949949026 18 27 0.001945900685885497
6 0.9233640432357788 19 26 -0.030570085422525373
2 0.4784027934074402 20 23 -0.07575898080847326
4 1.0469863414764404 21 22 -0.058975449500164444
-1 0.0 0 0 -0.007283516457723062
-1 0.0 0 0 0.017663970680996066
8 44.5 24 25 -0.21427808199931897
-1 0.0 0 0 -0.003472767922078045
-1 0.0 0 0 -0.0363664017111063
-1 0.0 0 0 0.0012044631677084585
-1 0.0 0 0 0.0003607532008957724
-1 0.0 0 0 0.017051435470953582
nodes 29
8 24.5 1 10 0.0
1 0.4156094193458557 2 9 -0.051626307986875
0 0.3064773678779602 3 8 -0.04233555171830612
7 0.25 4 5 -0.0654648681480423
-1 0.0 0 0 -0.02100322739908464
6 1.0019903182983398 6 7 -0.02814137780080202
-1 0.0 0 0 0.05738971964879469
-1 0.0 0 0 -0.004345334153993784
-1 0.0 0 0 0.010686859357409607
-1 0.0 0 0 -0.05306577011942864
4 0.9663488864898682 11 24 0.0006874020879427722
8 39.5 12 21 -0.0045219056466543305
6 1.028324007987976 13 18 -0.0266073755600771
4 0.8449714183807373 14 15 -0.03751653859548918
-1 0.0 0 0 -0.011648072383105907
8 29.5 16 17 -0.026891917078391822
-1 0.0 0 0 -0.01658639942368392
-1 0.0 0 0 -0.002098758659670763
1 0.2985428273677826 19 20 0.011171627213132364
-1 0.0 0 0 0.002014818617105838
-1 0.0 0 0 -0.032032890219083975
0 0.28734439611434937 22 23 0.0012051923034509203
-1 0.0 0 0 0.00747621283737487
-1 0.0 0 0 -0.00010689717379582284
8 46.5 25 26 0.008228869270168172
-1 0.0 0 0 0.0012023664236050537
2 0.31918132305145264 27 28 -0.02993973220784554
-1 0.0 0 0 0.024303518675945022
-1 0.0 0 0 -0.003669121980456337
nodes 29
4 1.099502444267273 1 18 0.0
4 1.0 2 5 0.0015135837445035551
8 32.5 3 4 -0.0027920978132035166
-1 0.0 0 0 -0.004828828920008893
-1 0.0 0 0 1.1025695197693688e-06
0 0.5420362949371338 6 17 0.016913664659458868
5 1.158380150794983 7 16 0.01774236287744344
6 1.03019118309021 8 15 0.0043968497851512925
6 0.8896461725234985 9 14 0.008318356735962049
4 1.0271241664886475 10 11 -0.13375868251742581
-1 0.0 0 0 -0.03001914738568395
7 0.05000000074505806 12 13 0.004643322912191874
-1 0.0 0 0 0.01211630591748878
-1 0.0 0 0 -0.03936915894277221
-1 0.0 0 0 0.0012240210441060724
-1 0.0 0 0 -0.02234198432541014
-1 0.0 0 0 0.0041953151909688196
-1 0.0 0 0 -0.04409309021524481
7 0.05000000074505806 19 28 -0.022611117381047912
2 0.3705560863018036 20 25 -0.0829103816298993
2 0.3601128160953522 21 22 -0.20381609441837079
-1 0.0 0 0 -0.016017903101512514
3 0.9646984338760376 23 24 -0.5421947264224862
-1 0.0 0 0 -0.1046165895603952
-1 0.0 0 0 -0.024821154439996464
8 43.5 26 27 -0.022214254183775296
-1 0.0 0 0 0.001048263556970903
-1 0.0 0 0 -0.027713425305828585
-1 0.0 0 0 -0.0003780997840463276
nodes 29
6 0.5334320068359375 1 2 0.0
-1 0.0 0 0 -0.009093479686050851
8 76.5 3 24 0.0003587837897978436
4 0.6931301951408386 4 5 -0.0001532034194556805
-1 0.0 0 0 -0.0028418076084898575
5 1.5828040838241577 6 9 0.001654904140705918
8 26.5 7 8 -0.0005378086433560747
-1 0.0 0 0 -0.005191368140810252
-1 0.0 0 0 5.8847108469669045e-05
2 0.2812027037143707 10 11 0.025540713224319538
-1 0.0 0 0 -0.0034776660298729053
6 0.863762378692627 12 19 0.05605393455752489
2 0.3964132070541382 13 14 -0.036626800880382865
-1 0.0 0 0 -0.009582960493765617
3 0.5064206719398499 15 18 0.08844954571949029
7 0.018000000156462193 16 17 0.25577944754401133
-1 0.0 0 0 0.04314734714931434
-1 0.0 0 0 0.0015746766937450624
-1 0.0 0 0 -0.015389031209533327
0 0.5158553123474121 20 23 0.07508524004582
2 0.437346875667572 21 22 0.07066939064153825
-1 0.0 0 0 0.0065337010015712425
-1 0.0 0 0 0.02922298056446016
-1 0.0 0 0 0.045087402435019616
0 0.5062798261642456 25 26 0.06989832124004401
-1 0.0 0 0 0.015719115668120634
5 1.252875804901123 27 28 -0.011822631087852642
-1 0.0 0 0 -0.01994394906020413
-1 0.0 0 0 0.005802014143202781
nodes 29
7 0.7339999973773956 1 28 0.0
0 0.5480470657348633 2 23 0.0002938095908149018
8 75.5 3 18 0.0008955124489825015
4 0.5768035054206848 4 7 0.00036418141516343053
6 1.021686315536499 5 6 -0.04727114047921701
-1 0.0 0 0 -0.007695364998606891
-1 0.0 0 0 0.0032221932191493657
6 0.9532519578933716 8 11 0.001213423067808692
7 0.28599999845027924 9 10 -0.007159194570407323
-1 0.0 0 0 -0.0006238381322850508
-1 0.0 0 0 -0.03224068794497534
8 56.5 12 17 0.005512821933413808
4 0.7584763765335083 13 16 0.003416706865982241
1 0.21788597106933594 14 15 -0.03789839023705918
-1 0.0 0 0 -0.0006336749339901952
-1 0.0 0 0 -0.008991055707239046
-1 0.0 0 0 0.0005796555631494815
-1 0.0 0 0 0.0049393716988008485
0 0.4953945577144623 19 22 0.07646731232451329
3 0.3023688495159149 20 21 0.14849327825944217
-1 0.0 0 0 -0.005253461469500939
-1 0.0 0 0 0.019891611609620233
-1 0.0 0 0 -0.0011875215472697213
6 1.0029692649841309 24 25 -0.05012592234150633
-1 0.0 0 0 -0.0037300762605956862
2 0.3080363869667053 26 27 -0.33303385768450944
-1 0.0 0 0 -0.0015389041467146441
-1 0.0 0 0 -0.05740057872287159
-1 0.0 0 0 -0.010426479421582511
nodes 29
1 0.09076957404613495 1 2 0.0
-1 0.0 0 0 -0.004218340150949173
5 1.5828040838241577 3 4 0.000672407629949192
-1 0.0 0 0 -0.00012820505745317148
2 0.2926456332206726 5 8 0.019658329911509446
6 1.03019118309021 6 7 -0.023208683634365564
-1 0.0 0 0 -0.0061318586221413875
-1 0.0 0 0 0.002521884165445388
6 0.8750305771827698 9 10 0.04383579260771031
-1 0.0 0 0 -0.0027026010159914553
0 0.37356624007225037 11 20 0.06868386095000231
2 0.3760696351528168 12 19 0.11607062710721484
3 0.603765070438385 13 18 0.09930759382782227
2 0.36376190185546875 14 17 0.13498433839701177
2 0.33807018399238586 15 16 0.14840202287219564
-1 0.0 0 0 0.01135040448424567
-1 0.0 0 0 0.03073613992380222
-1 0.0 0 0 -0.032424673347944216
-1 0.0 0 0 -0.0011057859627007594
-1 0.0 0 0 0.05486167536915413
7 0.05400000140070915 21 28 0.04370930476953321
8 38.5 22 23 0.14493831971916932
-1 0.0 0 0 -0.020797640510967802
4 0.9258370995521545 24 27 0.1730567286892726
0 0.39721858501434326 25 26 0.13813982967723598
-1 0.0 0 0 -0.01487587178470912
-1 0.0 0 0 0.018716679665924125
-1 0.0 0 0 0.049603804455061136
-1 0.0 0 0 0.0012932717806823336
nodes 29
7 0.421999990940094 1 2 0.0
-1 0.0 0 0 0.00013166630737946082
1 0.4592588543891907 3 28 -0.02188036047030913
4 1.0 4 23 -0.019980588809067067
1 0.18258729577064514 5 22 -0.04228891977260191
2 0.368681937456131 6 21 -0.004087932909575721
6 1.0563884973526 7 20 -0.009675616060596632
6 0.997190535068512 8 9 -0.05769608044984187
-1 0.0 0 0 0.02998497346682208
3 0.6503417491912842 10 17 -0.07247070090926594
2 0.25955942273139954 11 12 -0.10469115445749345
-1 0.0 0 0 -0.01921821905782929
2 0.34732648730278015 13 16 -0.0205559389002315
4 0.9542361497879028 14 15 0.010780187413031451
-1 0.0 0 0 -0.0032407004232534054
-1 0.0 0 0 0.028368648355628585
-1 0.0 0 0 -0.05338715318413008
3 0.6762468218803406 18 19 0.10363498413295463
-1 0.0 0 0 0.041343522316310555
-1 0.0 0 0 0.0003497533133309899
-1 0.0 0 0 0.0034260120029978368
-1 0.0 0 0 0.046476948058063336
-1 0.0 0 0 -0.009282676924861672
0 0.251979261636734 24 25 0.010841368040298673
-1 0.0 0 0 -0.002359594517878453
5 1.2035239934921265 26 27 0.05840423694970446
-1 0.0 0 0 -0.0050279456657449945
-1 0.0 0 0 0.013061811016447484
-1 0.0 0 0 -0.05101216774095189
nodes 29
4 1.099502444267273 1 16 0.0
4 1.0 2 5 0.0013582452931816264
8 29.5 3 4 -0.0024098302193
-1 0.0 0 0 -0.007142976275516221
-1 0.0 0 0 -9.108201068946793e-05
0 0.5420362949371338 6 15 0.014835476948181464
3 0.9772628545761108 7 12 0.015565700095433201
0 0.4690226912498474 8 9 0.021351203248456064
-1 0.0 0 0 0.0028660189080155127
4 1.0061774253845215 10 11 -0.026667027087825722
-1 0.0 0 0 0.012389836113706426
-1 0.0 0 0 -0.00556219094387661
6 1.0263746976852417 13 14 -0.02848750532891156
-1 0.0 0 0 -0.0021993701820537423
-1 0.0 0 0 -0.04072385949548334
-1 0.0 0 0 -0.03886029440280352
3 0.99809330701828 17 24 -0.020290549259082163
6 0.9795032739639282 18 21 -0.0505429188891356
6 0.9685481190681458 19 20 -0.14378508369617693
-1 0.0 0 0 -0.01053384048075084
-1 0.0 0 0 -0.0350601701166256
7 0.05400000140070915 22 23 -0.023994553380397392
-1 0.0 0 0 -0.019925469138140146
-1 0.0 0 0 -0.0008748167473158228
0 0.466863751411438 25 26 0.014126030705056985
-1 0.0 0 0 0.002039352648736192
0 0.4800889790058136 27 28 -0.246202127441116
-1 0.0 0 0 -0.053817543728011
-1 0.0 0 0 0.005435863268726013
nodes 29
8 84.5 1 26 0.0
0 0.5266554355621338 2 3 -0.00021079702578801596
-1 0.0 0 0 7.141451366601828e-05
8 57.5 4 21 -0.029552472586165387
4 0.9992119073867798 5 20 0.0064880175697552105
6 0.970241129398346 6 15 0.023143860136619995
4 0.7823005318641663 7 8 0.06870223941902319
-1 0.0 0 0 -0.029749304362022406
4 0.8493499159812927 9 10 0.08856980101424745
-1 0.0 0 0 0.036336141705719964
2 0.48770812153816223 11 14 0.054268489719010715
3 0.8002449870109558 12 13 -0.1591681135352701
-1 0.0 0 0 -0.00457221911621413
-1 0.0 0 0 -0.05562288418412209
-1 0.0 0 0 0.008471111141930434
3 0.907339334487915 16 17 -0.030806852171489055
-1 0.0 0 0 -0.0006973133496485497
6 0.9929355978965759 18 19 -0.381058891830237
-1 0.0 0 0 -0.07259346447311915
-1 0.0 0 0 0.0067279586941003805
-1 0.0 0 0 -0.018247790853057406
5 1.2183371782302856 22 23 -0.07587867566298917
-1 0.0 0 0 -0.019449022765170326
4 0.8514394164085388 24 25 -0.020674177262094792
-1 0.0 0 0 -0.0005566014951005536
-1 0.0 0 0 -0.05349327790049407
0 0.4826299548149109 27 28 0.1291124927572066
-1 0.0 0 0 0.033179759693906664
-1 0.0 0 0 0.0046990079855935745
nodes 29
2 0.45285412669181824 1 2 0.0
-1 0.0 0 0 -0.00024736380245619715
6 0.8140664100646973 3 16 0.010667933753808518
7 0.026000000536441803 4 13 -0.10795279831078672
1 0.4156094193458557 5 12 -0.20665414484554073
8 44.5 6 9 -0.166736628361821
7 0.01000000024214387 7 8 0.07749826691689946
-1 0.0 0 0 -0.009952352612705554
-1 0.0 0 0 0.04952696985006333
0 0.512292206287384 10 11 -0.25116350574211943
-1 0.0 0 0 -0.047716521966303216
-1 0.0 0 0 -0.00447367434206558
-1 0.0 0 0 -0.06022004445478546
2 0.4658086895942688 14 15 0.14767658839792872
-1 0.0 0 0 -0.012014391578733921
-1 0.0 0 0 0.02981375458053826
1 0.45127156376838684 17 18 0.013898218915358017
-1 0.0 0 0 0.002578332248063671
5 1.096845269203186 19 24 -0.016986245023323774
3 0.8480300307273865 20 21 0.008883812971296418
-1 0.0 0 0 0.023345320798120146
0 0.5420362949371338 22 23 -0.005287290231052762
-1 0.0 0 0 0.0006304380492602361
-1 0.0 0 0 -0.02064541327896752
4 0.8773255348205566 25 26 -0.05668628922313166
-1 0.0 0 0 -0.05186347983501576
7 0.2459999993443489 27 28 -0.05039334787780891
-1 0.0 0 0 -0.006254866611681386
-1 0.0 0 0 0.015847739580711093
nodes 29
7 0.7700000107288361 1 26 0.0
6 0.5334320068359375 2 3 0.0001780197345231391
-1 0.0 0 0 -0.007615967290878827
5 1.5828040838241577 4 5 0.000479592026808313
-1 0.0 0 0 -0.0001242291921029354
2 0.2926456332206726 6 9 0.015699131975206324
6 1.0341813564300537 7 8 -0.02382193576491382
-1 0.0 0 0 -0.00597232927945358
-1 0.0 0 0 0.0016927158319588631
8 31.5 10 11 0.0457095616981721
-1 0.0 0 0 0.013344139861226997
3 0.6575028300285339 12 25 0.03534901208594303
2 0.48332589864730835 13 24 0.03936936496596047
2 0.4272238612174988 14 19 0.041532955786104005
6 0.863762378692627 15 16 0.03244300333832003
-1 0.0 0 0 -0.003115076849183923
5 1.6162904500961304 17 18 0.04905306696536531
-1 0.0 0 0 0.01878310435461235
-1 0.0 0 0 0.0037623361855123327
7 0.026000000536441803 20 21 0.20522044535334172
-1 0.0 0 0 0.0390577497846279
0 0.45536428689956665 22 23 0.048181831435714334
-1 0.0 0 0 -0.03338210127183369
-1 0.0 0 0 0.01708432951549051
-1 0.0 0 0 -0.03813658345204134
-1 0.0 0 0 -0.03169170799183434
2 0.2812027037143707 27 28 -0.1411075349084087
-1 0.0 0 0 -0.022029723535690993
-1 0.0 0 0 0.025484096733409733
nodes 29
7 0.6860000193119049 1 18 0.0
8 76.5 2 7 0.0003609137789742157
4 0.6618152260780334 3 6 -5.826200870485501e-05
1 0.3084757924079895 4 5 -0.025507707985629752
-1 0.0 0 0 -0.0019923569136650592
-1 0.0 0 0 -0.0303318615722343
-1 0.0 0 0 0.00011479957599179504
0 0.5062798261642456 8 13 0.05508054249624909
3 0.3023688495159149 9 10 0.12232050560389064
-1 0.0 0 0 -0.007076003049983632
2 0.3705560863018036 11 12 0.17621931250210418
-1 0.0 0 0 0.021764322745231577
-1 0.0 0 0 -0.014869952038861812
5 1.252875804901123 14 15 -0.006698306856457106
-1 0.0 0 0 -0.017111738391594924
2 0.3926086723804474 16 17 0.05073575430816001
-1 0.0 0 0 0.0009491703022981484
-1 0.0 0 0 0.0397984057064018
2 0.2862556278705597 19 22 -0.06466857575683493
6 1.0365744829177856 20 21 -0.09981638534655034
-1 0.0 0 0 -0.03444264771659737
-1 0.0 0 0 -0.007133014680555421
0 0.33725064992904663 23 28 0.07129795081390623
3 0.806121826171875 24 27 0.23610893701418087
8 26.5 25 26 0.4840595635275046
-1 0.0 0 0 0.07908700458705425
-1 0.0 0 0 0.026490921899676324
-1 0.0 0 0 -0.016061206540713708
-1 0.0 0 0 -0.02857925192866888
nodes 29
8 30.5 1 20 0.0
7 0.07000000029802322 2 11 -0.0158690958998609
2 0.4195275902748108 3 8 -0.07514581850143118
5 1.9136266708374023 4 7 -0.11227309442298153
0 0.40881648659706116 5 6 -0.12704883720152704
-1 0.0 0 0 -0.01167784614514699
-1 0.0 0 0 -0.05252234047422042
-1 0.0 0 0 0.02514916206488297
0 0.47751837968826294 9 10 0.0213492271304243
-1 0.0 0 0 0.007084167111800828
-1 0.0 0 0 -0.03086003994534689
7 0.17000000178813934 12 19 -0.002809460135209161
7 0.15399999916553497 13 18 0.043887077693525414
6 0.9509370923042297 14 17 0.01413705457104237
6 0.9403643012046814 15 16 -0.1687832066245311
-1 0.0 0 0 -0.0040312470233237205
-1 0.0 0 0 -0.06210001987218858
-1 0.0 0 0 0.003113540121174945
-1 0.0 0 0 0.022198518908893072
-1 0.0 0 0 -0.0016705532693222847
0 0.2694951891899109 21 28 0.001427487139005842
5 1.376030683517456 22 25 0.02942257420647701
6 1.0449284315109253 23 24 0.05382898110665996
-1 0.0 0 0 0.006881932172700817
-1 0.0 0 0 -0.005197144077726762
1 0.1894596517086029 26 27 -0.03211218549029087
-1 0.0 0 0 -0.0017911080208431321
-1 0.0 0 0 -0.02664304226409735
-1 0.0 0 0 -2.0421949527025325e-05
nodes 29
8 86.5 1 24 0.0
2 0.45285412669181824 2 3 -0.00016553148113876125
-1 0.0 0 0 -0.0002430742566177374
6 0.8140664100646973 4 19 0.009589125520010674
7 0.026000000536441803 5 14 -0.0970549185803246
8 43.5 6 9 -0.1862756250659004
4 1.0121104717254639 7 8 0.02708954499103129
-1 0.0 0 0 0.023434697560966014
-1 0.0 0 0 -0.03183395060400168
0 0.5196250677108765 10 11 -0.2472371022250237
-1 0.0 0 0 -0.03852576673720274
2 0.48069071769714355 12 13 -0.0785453003786859
-1 0.0 0 0 0.017972434462549595
-1 0.0 0 0 -0.02600320779491921
4 0.9881263971328735 15 18 0.13402029246145444
8 49.5 16 17 0.26906280280335954
-1 0.0 0 0 0.06189482655052258
-1 0.0 0 0 -0.005940110095757611
-1 0.0 0 0 -0.015754876395856793
1 0.45127156376838684 20 23 0.012493419467839485
7 0.38199999928474426 21 22 0.02312263408554126
-1 0.0 0 0 0.0021075081318036966
-1 0.0 0 0 0.01862651463598013
-1 0.0 0 0 -0.0015125421578274462
0 0.4826299548149109 25 26 0.13225962785631418
-1 0.0 0 0 0.035962482316729924
5 1.2715837955474854 27 28 0.04029168368557866
-1 0.0 0 0 -0.0209008086871888
-1 0.0 0 0 0.01547243652529404
nodes 29
4 1.099502444267273 1 2 0.0
-1 0.0 0 0 0.00011961149007369643
7 0.15799999982118607 3 24 -0.017868516078681177
3 0.961729884147644 4 21 -0.04698938854990742
6 1.0138307809829712 5 20 -0.11916663405910424
8 44.5 6 19 -0.16990157435319145
2 0.3714727461338043 7 14 -0.1468666774774741
0 0.25576114654541016 8 11 -0.24093113922587547
1 0.20493730902671814 9 10 -0.08699065625051579
-1 0.0 0 0 -0.02272185665759735
-1 0.0 0 0 0.016853575812031826
4 1.1810680627822876 12 13 -0.3182056109170639
-1 0.0 0 0 -0.025699285250461758
-1 0.0 0 0 -0.06540910032315132
7 0.08999999985098839 15 16 -0.0337511855015484
-1 0.0 0 0 0.004038005559573229
7 0.10600000247359276 17 18 -0.2991195413135532
-1 0.0 0 0 -0.07872657037594102
-1 0.0 0 0 -0.007062559293464144
-1 0.0 0 0 -0.05707087799906731
-1 0.0 0 0 0.007633554424690717
0 0.46606695652008057 22 23 -0.01761787556174875
-1 0.0 0 0 -0.0008740615630909537
-1 0.0 0 0 -0.025238396650382196
6 1.001515507698059 25 28 0.012542821904466466
5 1.337401032447815 26 27 0.10850024815877173
-1 0.0 0 0 0.006501999967480157
-1 0.0 0 0 0.055937152048167973
-1 0.0 0 0 -0.0007168778225542039
nodes 29
2 0.1738680601119995 1 2 0.0
-1 0.0 0 0 -0.003604823159060377
8 84.5 3 28 0.000574612511006385
4 0.9200274348258972 4 25 0.00038470466831034346
8 41.5 5 16 -0.005423826884070267
6 1.028324007987976 6 11 -0.03314676696051115
2 0.41687846183776855 7 8 -0.05085212386273329
-1 0.0 0 0 -0.006323378858089624
5 1.1341220140457153 9 10 0.06428501748656267
-1 0.0 0 0 -0.005380100485549044
-1 0.0 0 0 0.021244538259737836
1 0.2985428273677826 12 13 0.01930101746078708
-1 0.0 0 0 0.0028280225618109705
0 0.4283096194267273 14 15 -0.3475894278474152
-1 0.0 0 0 -0.06732134114884374
-1 0.0 0 0 0.006684109678661282
0 0.37456175684928894 17 24 0.0016946776845870155
8 48.5 18 21 0.03628580095196875
1 0.3035811483860016 19 20 -0.002339622136512856
-1 0.0 0 0 -0.0008785674067409912
-1 0.0 0 0 0.033274198963976744
7 0.22200000286102295 22 23 0.09745453599508067
-1 0.0 0 0 0.012268200882668695
-1 0.0 0 0 -0.007130505040667261
-1 0.0 0 0 -0.0004532230036947138
3 0.7096598744392395 26 27 0.004471589442030272
-1 0.0 0 0 0.004125354031224857
-1 0.0 0 0 0.0001367939489842116
-1 0.0 0 0 0.012336377614471865
nodes 29
7 0.421999990940094 1 2 0.0
-1 0.0 0 0 0.00011075560076031388
1 0.4430437684059143 3 28 -0.01840540986023121
2 0.4555899500846863 4 27 -0.015802976143114298
0 0.4071098268032074 5 26 -0.018803508125948006
2 0.3502277135848999 6 21 -0.008549857626906522
1 0.2882193922996521 7 16 -0.018766275549771855
5 1.089257001876831 8 9 -0.01394328983103038
-1 0.0 0 0 0.05360705455587733
6 1.0365744829177856 10 15 -0.016547639446179395
3 0.8633992671966553 11 12 -0.05217499624695452
-1 0.0 0 0 -0.008124739374329183
3 0.8959333896636963 13 14 0.08536352214103324
-1 0.0 0 0 0.0483926310630168
-1 0.0 0 0 -0.0011806744474086388
-1 0.0 0 0 0.000613029062073466
6 1.0190331935882568 17 20 -0.2315506751805839
4 0.97873854637146 18 19 -0.03483906944254131
-1 0.0 0 0 -0.05283872709524903
-1 0.0 0 0 0.021193503131243317
-1 0.0 0 0 -0.06024925602866071
5 1.6355866193771362 22 23 0.10022634908920872
-1 0.0 0 0 0.003496239998909577
7 0.5060000121593475 24 25 0.42292031963976723
-1 0.0 0 0 0.013785299209549146
-1 0.0 0 0 0.06779805600741193
-1 0.0 0 0 -0.01078530686446271
-1 0.0 0 0 0.022593553534344488
-1 0.0 0 0 -0.032354076319218925
nodes 29
7 0.8219999969005585 1 28 0.0
7 0.0020000000949949026 2 27 7.472144313093213e-05
6 0.9174297451972961 3 26 -0.019930512367752614
4 0.7126924395561218 4 5 -0.04885157368568862
-1 0.0 0 0 0.008510184606452831
4 1.0747973918914795 6 25 -0.06901309667780603
0 0.3064773678779602 7 10 -0.07608938673958944
8 41.5 8 9 0.15872087708163646
-1 0.0 0 0 -0.0051350354012556195
-1 0.0 0 0 0.05688599473131555
5 1.1032800674438477 11 12 -0.08362470576490828
-1 0.0 0 0 -0.03135476146179896
8 61.5 13 20 -0.07561989104854498
4 0.9258370995521545 14 19 -0.06020006367057392
2 0.40192925930023193 15 18 -0.017721155083119243
1 0.3436594009399414 16 17 -0.08797671643786886
-1 0.0 0 0 -0.005802978424680898
-1 0.0 0 0 -0.046185962742928306
-1 0.0 0 0 0.006244224184730019
-1 0.0 0 0 -0.010718004866464632
8 73.5 21 24 -0.16413081354303588
6 0.849768340587616 22 23 -0.19619101751959533
-1 0.0 0 0 -0.010337367238056276
-1 0.0 0 0 -0.0338633477881477
-1 0.0 0 0 0.022669833969502225
-1 0.0 0 0 0.017014151998653505
-1 0.0 0 0 0.0007059431066844324
-1 0.0 0 0 0.0001104229321093208
-1 0.0 0 0 -0.02766713290302842
nodes 29
8 24.5 1 18 0.0
1 0.4156094193458557 2 17 -0.03834701027793749
0 0.3064773678779602 3 16 -0.029919645552988056
7 0.25 4 13 -0.049665623488572334
6 1.0105072259902954 5 12 -0.18040451427157073
5 1.1755868196487427 6 7 -0.28987248046932934
-1 0.0 0 0 0.0008844506334174763
0 0.20887574553489685 8 9 -0.3671874652890598
-1 0.0 0 0 -0.008312062460642594
5 1.2807766199111938 10 11 -0.4923694628780171
-1 0.0 0 0 -0.07507605806670406
-1 0.0 0 0 -0.03387315009494086
-1 0.0 0 0 -0.00843957242456677
6 1.0019903182983398 14 15 -0.015912290918891802
-1 0.0 0 0 0.04969274046068842
-1 0.0 0 0 -0.0028955612654807494
-1 0.0 0 0 0.00974590329216481
-1 0.0 0 0 -0.04728619354963303
6 0.9532519578933716 19 22 0.0005105889537345749
7 0.28599999845027924 20 21 -0.0058002997213985686
-1 0.0 0 0 -0.0005002855569358623
-1 0.0 0 0 -0.025954998239736866
4 0.6782086491584778 23 24 0.0038987652476755825
-1 0.0 0 0 -0.003695010849134982
8 56.5 25 26 0.005962460720912125
-1 0.0 0 0 0.00038218270510501534
5 1.5228288173675537 27 28 0.05903030487241858
-1 0.0 0 0 0.004566991717488388
-1 0.0 0 0 0.021320493750904917
nodes 29
8 69.5 1 24 0.0
4 0.7350889444351196 2 23 -0.0006839135562213946
1 0.3023855686187744 3 14 -0.022318274789032193
2 0.38428422808647156 4 9 -0.014043629983788379
0 0.47525113821029663 5 6 -0.017464468899011504
-1 0.0 0 0 -0.0004232972464018086
1 0.29976361989974976 7 8 -0.06829277837490086
-1 0.0 0 0 -0.007646401854795217
-1 0.0 0 0 0.033034701006753105
6 0.978053867816925 10 13 0.15824921955980026
7 0.05400000140070915 11 12 0.054563680492819996
-1 0.0 0 0 0.02413159754704422
-1 0.0 0 0 -0.0294368239070632
-1 0.0 0 0 0.06103181698918343
8 51.5 15 16 -0.11755971324136193
-1 0.0 0 0 -0.04996342997584078
0 0.5299081802368164 17 22 -0.08646865285570719
7 0.05400000140070915 18 19 -0.03658204630283412
-1 0.0 0 0 0.005497633045524708
3 0.5513367652893066 20 21 -0.1396427316988652
-1 0.0 0 0 0.02380182291381061
-1 0.0 0 0 -0.019143623489936416
-1 0.0 0 0 -0.024879199571620964
-1 0.0 0 0 0.00011104947411637995
0 0.47126877307891846 25 26 0.02874438434051241
-1 0.0 0 0 0.010411509125373395
1 0.3190125524997711 27 28 -0.008167936224680698
-1 0.0 0 0 0.0018491122974167613
-1 0.0 0 0 -0.01045506887128246
nodes 29
4 1.099502444267273 1 14 0.0
4 1.0 2 9 0.0011083276724082997
8 32.5 3 8 -0.002042623086884433
5 1.0666022300720215 4 5 -0.03899583642603331
-1 0.0 0 0 0.01755623186879333
7 0.026000000536441803 6 7 -0.045549612800423564
-1 0.0 0 0 -0.017908278294236732
-1 0.0 0 0 -0.0035713619268364725
-1 0.0 0 0 2.341481738367955e-05
1 0.34680312871932983 10 13 0.012378296433867102
2 0.38711297512054443 11 12 0.03258884257285303
-1 0.0 0 0 0.002251213503501042
-1 0.0 0 0 0.013300993657658924
-1 0.0 0 0 2.8887578806351948e-05
3 0.99809330701828 15 28 -0.016557080791955413
7 0.20600000023841858 16 25 -0.04233104018300635
6 1.0263746976852417 17 22 -0.0838437410591169
5 1.2876254320144653 18 19 -0.10039602597237127
-1 0.0 0 0 -0.006678239929334364
3 0.9469581246376038 20 21 -0.19861084142515514
-1 0.0 0 0 -0.017170771115925163
-1 0.0 0 0 -0.06021577954137078
1 0.2868710160255432 23 24 0.048750626384293005
-1 0.0 0 0 0.011117146994549703
-1 0.0 0 0 -0.0422243011395701
4 1.1042656898498535 26 27 0.0004182092298394052
-1 0.0 0 0 0.019599841882584877
-1 0.0 0 0 -0.0011301481164766826
-1 0.0 0 0 0.0012764639959907996
nodes 29
6 0.6746454834938049 1 8 0.0
5 1.5112497806549072 2 3 -0.039231530539821514
-1 0.0 0 0 0.020909089659395294
1 0.31561025977134705 4 7 -0.05758382670573003
4 1.0415397882461548 5 6 -0.04239692659294925
-1 0.0 0 0 -0.004976784397187238
-1 0.0 0 0 0.03408907771110535
-1 0.0 0 0 -0.050475366335983075
5 1.5828040838241577 9 22 0.00046725480242510586
2 0.23905977606773376 10 13 -0.0013228947019062963
1 0.20099541544914246 11 12 0.02545920226152654
-1 0.0 0 0 0.0015804291293748174
-1 0.0 0 0 0.013977040005560477
6 1.0 14 21 -0.0029295339609859143
7 0.5660000145435333 15 20 0.00033075976798399386
1 0.26404842734336853 16 19 0.00016561671985128507
8 44.5 17 18 -0.021526751401156195
-1 0.0 0 0 -0.005424680577198075
-1 0.0 0 0 0.0007842659993345679
-1 0.0 0 0 0.00033498432833565947
-1 0.0 0 0 0.055817611240560144
-1 0.0 0 0 -0.002051286773162107
2 0.2812027037143707 23 26 0.01698676628614402
6 1.03019118309021 24 25 -0.025538923666567195
-1 0.0 0 0 -0.006607537435350867
-1 0.0 0 0 0.0008929906171573174
2 0.44853663444519043 27 28 0.04449400906278269
-1 0.0 0 0 0.004085532211102127
-1 0.0 0 0 0.028908993078525676
nodes 29
5 1.0580658912658691 1 28 0.0
8 36.5 2 5 0.02687197446972189
7 0.39399999380111694 3 4 0.11361230952337895
-1 0.0 0 0 0.012937297242854898
-1 0.0 0 0 -0.020527843659122788
0 0.31084102392196655 6 7 -0.005327089300196258
-1 0.0 0 0 0.04632917466759682
8 57.5 8 25 -0.01225522111533766
6 0.9863145351409912 9 20 -0.0037294308306293606
6 0.9790085554122925 10 17 0.033947252615949504
0 0.4016980528831482 11 12 -0.003849715620494124
-1 0.0 0 0 0.021637964992579528
7 0.006000000284984708 13 16 -0.03514747640870163
4 0.9291630983352661 14 15 -0.2154693977757432
-1 0.0 0 0 -0.08294148033573515
-1 0.0 0 0 -0.002012313236341332
-1 0.0 0 0 -0.000313113526802282
2 0.4943402111530304 18 19 0.13904515163627165
-1 0.0 0 0 0.00857682535059604
-1 0.0 0 0 0.046839324916910494
4 0.8944041728973389 21 22 -0.05048609062028956
-1 0.0 0 0 0.022794717600619473
5 1.0535590648651123 23 24 -0.08228248217948683
-1 0.0 0 0 -0.013343186575135717
-1 0.0 0 0 0.003481585279976959
0 0.49321413040161133 26 27 -0.201224107151749
-1 0.0 0 0 0.004242695255670697
-1 0.0 0 0 -0.0730900323909262
-1 0.0 0 0 -6.47534059519189e-05
nodes 29
5 1.2383124828338623 1 22 0.0
6 1.03019118309021 2 17 -0.0028876849582584654
0 0.319118857383728 3 12 -0.0011547572507827773
8 36.5 4 11 0.03303044324088269
4 0.9413186311721802 5 6 -0.005355832889324813
-1 0.0 0 0 -0.01140007276428764
7 0.1340000033378601 7 10 0.0132149935424491
5 1.1471091508865356 8 9 -0.02940877718252263
-1 0.0 0 0 0.003955302437263989
-1 0.0 0 0 -0.008420952835758494
-1 0.0 0 0 0.005651300548246509
-1 0.0 0 0 0.007958228058324034
1 0.26532232761383057 13 16 -0.004765155373275005
8 61.5 14 15 -0.06239985169855066
-1 0.0 0 0 -0.011007629793212874
-1 0.0 0 0 0.008548970724929585
-1 0.0 0 0 -0.0003074196087317645
1 0.29600051045417786 18 19 -0.07836964039736895
-1 0.0 0 0 -0.004219326211310732
6 1.0520464181900024 20 21 -0.26904930093733126
-1 0.0 0 0 -0.019193706244568513
-1 0.0 0 0 -0.06664739147019692
2 0.38711297512054443 23 24 0.0058785481834826205
-1 0.0 0 0 -0.00038738524225634727
7 0.014000000432133675 25 28 0.04640061211010701
2 0.45468080043792725 26 27 -0.013812534537257656
-1 0.0 0 0 0.0019355294305973478
-1 0.0 0 0 -0.012917889573110509
-1 0.0 0 0 0.007101154109692669
nodes 29
6 0.9532519578933716 1 4 0.0
7 0.28599999845027924 2 3 -0.005690390847425148
-1 0.0 0 0 -0.0004977699415055354
-1 0.0 0 0 -0.023270900803618134
6 0.9863145351409912 5 28 0.002998555344100081
1 0.28301146626472473 6 23 0.014246399708738814
8 40.5 7 16 -0.0132691077745539
6 0.9632768034934998 8 13 -0.08673787013476322
1 0.258437842130661 9 12 0.04049218477323483
5 1.873718500137329 10 11 -0.03145402316004038
-1 0.0 0 0 -0.008237355665275545
-1 0.0 0 0 0.03741463987991728
-1 0.0 0 0 0.023949233437591096
1 0.24093136191368103 14 15 -0.12377688283001924
-1 0.0 0 0 -0.0061326708677312426
-1 0.0 0 0 -0.02059732072862486
7 0.07000000029802322 17 20 0.02043806841058013
2 0.3833458423614502 18 19 0.07031715792929537
-1 0.0 0 0 0.0055066937546409955
-1 0.0 0 0 0.04288311107901105
3 0.7731608152389526 21 22 -0.013972345445047126
-1 0.0 0 0 -0.00315739321507581
-1 0.0 0 0 0.0183144218927945
7 0.28999999165534973 24 25 0.02165550555892476
-1 0.0 0 0 0.001948231298170047
7 0.39000000059604645 26 27 0.17872664969775223
-1 0.0 0 0 0.0228498099386214
-1 0.0 0 0 -0.023787881806492807
-1 0.0 0 0 -0.0003309341072504558
nodes 29
7 0.05400000140070915 1 2 0.0
-1 0.0 0 0 -0.0004883555224801342
4 0.7398789525032043 3 6 0.0035019581714294326
1 0.29600051045417786 4 5 -0.022942934971970363
-1 0.0 0 0 -0.0012930857732908693
-1 0.0 0 0 -0.014225173547599222
6 1.0 7 16 0.006557461282968098
7 0.6059999763965607 8 15 0.014202885301823584
2 0.5005794763565063 9 10 0.013835180002722791
-1 0.0 0 0 0.0016005642138702042
4 0.939180850982666 11 12 -0.052017437702754014
-1 0.0 0 0 0.01147552778094307
3 0.9169761538505554 13 14 -0.07842459456918921
-1 0.0 0 0 -0.0148069349081046
-1 0.0 0 0 0.001099791789870456
-1 0.0 0 0 0.05851656454191967
1 0.29600051045417786 17 22 -0.007943095185796098
5 1.08732271194458 18 19 0.00549045681524704
-1 0.0 0 0 0.020158943356632097
2 0.4177689552307129 20 21 0.0030749750918950764
-1 0.0 0 0 0.00019191267762205284
-1 0.0 0 0 0.03874101596255158
6 1.0520464181900024 23 28 -0.0382833467853316
3 0.8761404156684875 24 27 -0.03369288670848858
7 0.058000000193715096 25 26 -0.08487257609040347
-1 0.0 0 0 -0.05716736161238736
-1 0.0 0 0 -0.007961662655790841
-1 0.0 0 0 -0.000508348400025865
-1 0.0 0 0 -0.056264777597971265
nodes 29
7 0.6780000030994415 1 12 0.0
5 1.2383124828338623 2 7 0.0003218443103620418
6 1.041933298110962 3 4 -0.00271494204777536
-1 0.0 0 0 -0.0001558866332763278
1 0.28566789627075195 5 6 -0.09081243993887465
-1 0.0 0 0 -0.005394300167344618
-1 0.0 0 0 -0.03322271096246803
2 0.3991613984107971 8 9 0.006608658157067686
-1 0.0 0 0 -8.936991199350605e-05
6 0.8415420651435852 10 11 0.04747341999111432
-1 0.0 0 0 -0.0009187943379605385
-1 0.0 0 0 0.0077154000621725
2 0.34013211727142334 13 26 -0.05184094231565162
1 0.17810039222240448 14 19 -0.07177893113853641
7 0.7740000188350677 15 18 -0.04049707432969971
2 0.2828724980354309 16 17 -0.0048780551657293236
-1 0.0 0 0 -0.0027810915066289626
-1 0.0 0 0 0.023591697379015387
-1 0.0 0 0 -0.01770366477915862
1 0.20493730902671814 20 23 -0.20494206471009813
6 1.0482677221298218 21 22 -0.39249036875036025
-1 0.0 0 0 -0.06363523981787943
-1 0.0 0 0 -0.0224835223518312
1 0.2361474335193634 24 25 -0.02080372983420437
-1 0.0 0 0 0.021721071298375277
-1 0.0 0 0 -0.03778253940611401
0 0.36418288946151733 27 28 0.2078060484914617
-1 0.0 0 0 0.06798850808824812
-1 0.0 0 0 -0.022322263325686043
nodes 29
8 69.5 1 8 0.0
4 0.6782086491584778 2 7 -0.000622299885222452
0 0.47525113821029663 3 4 -0.0239478677928118
-1 0.0 0 0 -0.0005270018534551718
5 1.2807766199111938 5 6 -0.06794940569657335
-1 0.0 0 0 -0.015153169235454698
-1 0.0 0 0 -0.004037586783002534
-1 0.0 0 0 4.594315413038883e-05
0 0.47126877307891846 9 16 0.026154806579913217
5 1.3427772521972656 10 11 0.0933629622943797
-1 0.0 0 0 0.014589899907628937
3 0.5124382376670837 12 15 0.007969335497667393
3 0.4803473651409149 13 14 0.03685626858969991
-1 0.0 0 0 -0.0009655869991651604
-1 0.0 0 0 0.051166768327433
-1 0.0 0 0 -0.03452390736730939
1 0.3391972482204437 17 18 -0.006759956859735748
-1 0.0 0 0 0.0011545319270463315
2 0.4341302216053009 19 28 -0.12443673198244401
6 0.9517245292663574 20 25 -0.19733823121450147
7 0.006000000284984708 21 22 -0.2817674197644616
-1 0.0 0 0 -0.004931912952806892
4 0.7350889444351196 23 24 -0.40240514001372873
-1 0.0 0 0 -0.016611267749548835
-1 0.0 0 0 -0.058093722280528816
0 0.5062798261642456 26 27 0.049771588931723336
-1 0.0 0 0 0.03227735169231892
-1 0.0 0 0 -0.021023024725062508
-1 0.0 0 0 0.011509676549431622
nodes 29
1 0.4980233907699585 1 10 0.0
2 0.45285412669181824 2 9 0.0002514873413890658
1 0.35563480854034424 3 6 -0.001915827164755066
2 0.3991613984107971 4 5 0.0028428974158899644
-1 0.0 0 0 -0.00010800517157895178
-1 0.0 0 0 0.004963954213620777
6 0.9656967520713806 7 8 -0.014829410799628661
-1 0.0 0 0 -0.003714247699309812
-1 0.0 0 0 0.00041250848922601085
-1 0.0 0 0 0.0009797148980218333
8 50.5 11 28 -0.06390345754097121
0 0.5107396841049194 12 13 -0.019572150320283067
-1 0.0 0 0 0.033417217186293924
3 0.984603226184845 14 27 -0.04867769581637098
0 0.5703731179237366 15 26 0.012386729096551594
3 0.8814042806625366 16 17 0.05560462464089111
-1 0.0 0 0 0.057619182610263435
8 44.5 18 23 -0.0033297755245892506
7 0.04600000008940697 19 20 0.05527767379369054
-1 0.0 0 0 0.021429882932986533
6 0.9809349775314331 21 22 -0.06704629200336697
-1 0.0 0 0 -0.03504661005680208
-1 0.0 0 0 0.005252143973484636
6 0.9745030403137207 24 25 -0.18834544886268823
-1 0.0 0 0 -0.050803371808595135
-1 0.0 0 0 0.017130385401348272
-1 0.0 0 0 -0.023045668396211805
-1 0.0 0 0 -0.04954121728109098
-1 0.0 0 0 -0.03671295989304781
nodes 29
6 0.5334320068359375 1 6 0.0
0 0.41222086548805237 2 3 -0.06407207666135585
-1 0.0 0 0 0.005440736353157623
0 0.4230777621269226 4 5 -0.10505297891987003
-1 0.0 0 0 -0.03889673200689934
-1 0.0 0 0 -0.008191921778920072
5 1.5828040838241577 7 22 0.0002527967957222842
2 0.24481986463069916 8 11 -0.0011948796149458408
1 0.20099541544914246 9 10 0.022025260676966817
-1 0.0 0 0 0.0012093585405151411
-1 0.0 0 0 0.010062737639962016
7 0.32199999690055847 12 15 -0.002751091222652432
8 22.5 13 14 -0.0010574671972708538
-1 0.0 0 0 -0.030429127905517817
-1 0.0 0 0 -7.947866295323421e-05
3 0.7715292572975159 16 17 -0.028193015730898906
-1 0.0 0 0 -0.007100691239650481
6 0.9937387704849243 18 19 0.002025272718015374
-1 0.0 0 0 0.015347700270113389
5 1.0535590648651123 20 21 -0.010142096709803872
-1 0.0 0 0 -0.03245118510786374
-1 0.0 0 0 -0.00041594766087093746
2 0.25739794969558716 23 28 0.012949181614815801
6 1.0563884973526 24 27 -0.0313189808385216
7 0.4699999988079071 25 26 -0.07233083263809086
-1 0.0 0 0 -0.004873556253449296
-1 0.0 0 0 -0.01867825784933023
-1 0.0 0 0 0.0013682350708087473
-1 0.0 0 0 0.002885620798971504
nodes 29
0 0.4137985408306122 1 8 0.0
8 59.5 2 5 0.004170930231781865
0 0.40881648659706116 3 4 0.002224736885187183
-1 0.0 0 0 1.1349791849706097e-05
-1 0.0 0 0 0.004467685090100032
4 0.9424780607223511 6 7 0.09522455610901827
-1 0.0 0 0 0.010650576869949963
-1 0.0 0 0 -0.04269344266504049
0 0.4333851635456085 9 22 -0.0037662908916402805
8 57.5 10 19 -0.02603609349192215
1 0.427859365940094 11 12 -0.03413011464814479
-1 0.0 0 0 -0.003157585575052665
7 0.07399999722838402 13 16 -0.22640195316635073
0 0.43047255277633667 14 15 -0.06751959108348404
-1 0.0 0 0 0.024373990139709072
-1 0.0 0 0 -0.02514456548220055
8 36.5 17 18 -0.4488372600823641
-1 0.0 0 0 -0.015328061543405056
-1 0.0 0 0 -0.08921722270548343
3 0.8297833204269409 20 21 0.04492614371392638
-1 0.0 0 0 0.005770362891224747
-1 0.0 0 0 -0.037260909841185616
8 37.5 23 28 0.0015955616091878789
5 1.840211272239685 24 27 0.03546874655045288
5 1.2131047248840332 25 26 0.03318042041017633
-1 0.0 0 0 0.004129799838030928
-1 0.0 0 0 -0.007033731700711534
-1 0.0 0 0 0.04512506719170647
-1 0.0 0 0 -0.00040268107722477595
nodes 29
2 0.18196013569831848 1 6 0.0
6 1.0263746976852417 2 3 -0.027968523771500844
-1 0.0 0 0 -0.007218375106002248
7 0.8100000023841858 4 5 -4.892517583702436e-05
-1 0.0 0 0 0.0006503985133586715
-1 0.0 0 0 -0.030855994254350663
2 0.23905977606773376 7 14 0.0005594331119400699
5 1.4764765501022339 8 13 0.021035467856791983
1 0.21788597106933594 9 12 0.04318237564924321
8 31.5 10 11 0.04020065560677163
-1 0.0 0 0 -0.0012723230468479959
-1 0.0 0 0 0.005904939338526354
-1 0.0 0 0 0.04496504518389702
-1 0.0 0 0 -0.002462839667863449
5 1.5828040838241577 15 16 -0.0005637184049282128
-1 0.0 0 0 -0.00023854691133965507
6 0.863762378692627 17 26 0.017343653771217268
3 0.5663393139839172 18 21 -0.023990673281439022
4 1.0014820098876953 19 20 -0.011056624239591376
-1 0.0 0 0 -0.0019514778050553677
-1 0.0 0 0 0.06770141882821917
7 0.006000000284984708 22 23 -0.23283752398656718
-1 0.0 0 0 -0.060685468384105226
7 0.04600000008940697 24 25 -0.1239464521301981
-1 0.0 0 0 0.0024480552740257094
-1 0.0 0 0 -0.044454878265038134
2 0.294132262468338 27 28 0.027923741289890742
-1 0.0 0 0 -0.0005570571661491896
-1 0.0 0 0 0.004468560760877547
nodes 29
5 1.055977702140808 1 28 0.0
8 36.5 2 5 0.026957017736475485
7 0.39399999380111694 3 4 0.10991775385317512
-1 0.0 0 0 0.012889220816418856
-1 0.0 0 0 -0.02498941204890057
6 0.9841265678405762 6 25 -0.00448871838652107
6 0.9790085554122925 7 24 0.04257148794694758
0 0.4943040609359741 8 19 0.002602258874006076
3 0.7941750288009644 9 10 0.04882044199426847
-1 0.0 0 0 -0.035390078140930696
4 0.9370498657226562 11 12 0.06956954483941756
-1 0.0 0 0 0.021979817897330837
4 0.9653361439704895 13 14 0.016154919369589713
-1 0.0 0 0 -0.02073562735691667
3 0.9290903806686401 15 16 0.06874578829635591
-1 0.0 0 0 0.04997553740228926
3 0.9447729587554932 17 18 0.030065440859359045
-1 0.0 0 0 -0.026580517908388918
-1 0.0 0 0 0.009858284758305864
6 0.967427134513855 20 21 -0.16341345489397646
-1 0.0 0 0 0.00339873191421955
3 0.8878573179244995 22 23 -0.4315805441506629
-1 0.0 0 0 -0.08543029936961831
-1 0.0 0 0 -0.0175385120183681
-1 0.0 0 0 0.0203007414435538
4 0.8914726972579956 26 27 -0.05234994950864451
-1 0.0 0 0 0.01945978063955217
-1 0.0 0 0 -0.008218783416479178
-1 0.0 0 0 -5.392008804726961e-05
nodes 29
7 0.0020000000949949026 1 28 0.0
6 0.9174297451972961 2 27 -0.016760668130077778
4 0.7126924395561218 3 4 -0.041907739649642305
-1 0.0 0 0 0.007597848951732167
4 1.0747973918914795 5 26 -0.05965096654325744
2 0.2862556278705597 6 9 -0.06619535439287863
5 1.1974958181381226 7 8 0.14151762219808006
-1 0.0 0 0 0.03498860762155216
-1 0.0 0 0 -0.01099615464436597
3 0.8986666798591614 10 25 -0.07308324584459953
2 0.42553332448005676 11 22 -0.06527240164299768
1 0.3436594009399414 12 13 -0.09622336004519104
-1 0.0 0 0 -0.005793741792119269
0 0.40627190470695496 14 15 -0.2263357414822167
-1 0.0 0 0 -0.07228223647583615
0 0.425388902425766 16 17 -0.17965751194343385
-1 0.0 0 0 0.007515868347357302
0 0.4391520917415619 18 19 -0.2506718614858784
-1 0.0 0 0 -0.05155855094336651
6 0.8750305771827698 20 21 -0.1368417783833138
-1 0.0 0 0 -0.03365175860926067
-1 0.0 0 0 0.0033895506469559843
2 0.4794997572898865 23 24 -0.017662047598093665
-1 0.0 0 0 0.0029261621066360875
-1 0.0 0 0 -0.017641577691196682
-1 0.0 0 0 -0.02746464198248254
-1 0.0 0 0 0.016152715840834685
-1 0.0 0 0 0.000670728245435976
-1 0.0 0 0 8.62291536203298e-05
nodes 29
1 0.40046682953834534 1 22 0.0
1 0.3641039729118347 2 17 -0.0020255356781763976
2 0.400075227022171 3 4 0.0018782515499624465
-1 0.0 0 0 -0.00013487317788408258
6 0.9540072083473206 5 8 0.029687487710596656
1 0.12347012758255005 6 7 0.0034618744233743423
-1 0.0 0 0 0.06142074203361636
-1 0.0 0 0 -2.8603047416945513e-05
3 0.7833170294761658 9 14 0.06561076693548418
4 1.0693328380584717 10 13 0.10528290007567598
4 1.0380457639694214 11 12 0.09776228046432339
-1 0.0 0 0 0.01066804105942817
-1 0.0 0 0 -0.05400778962218244
-1 0.0 0 0 0.05378481935838173
0 0.4169468879699707 15 16 0.0018573484327327715
-1 0.0 0 0 0.006577328557448101
-1 0.0 0 0 -0.013937938804766532
1 0.3651483356952667 18 21 -0.01890795579098913
5 1.0951874256134033 19 20 -0.13681647459600996
-1 0.0 0 0 -0.04386947979884489
-1 0.0 0 0 -0.007119075211939281
-1 0.0 0 0 -0.001563387919032552
8 37.5 23 24 0.0068798750046719
-1 0.0 0 0 0.003313952828913236
1 0.4088214635848999 25 28 -0.0026597892579218936
5 1.1614164113998413 26 27 0.05082100027347173
-1 0.0 0 0 0.002694095248466477
-1 0.0 0 0 0.013309713762091417
-1 0.0 0 0 -0.0012555197790437016
nodes 29
4 1.099502444267273 1 2 0.0
-1 0.0 0 0 9.676535862495441e-05
6 0.9119550585746765 3 10 -0.01445557978885566
2 0.366639643907547 4 7 -0.1139349407770039
0 0.2694951891899109 5 6 -0.24826901849540745
-1 0.0 0 0 -0.003740137066765159
-1 0.0 0 0 -0.037478960719206096
4 1.2014892101287842 8 9 -0.04256996198910201
-1 0.0 0 0 -0.0077150294996009994
-1 0.0 0 0 0.03252390345389193
3 0.9932294487953186 11 28 -0.007825877390461557
7 0.05400000140070915 12 25 -0.03249998041383012
8 37.5 13 20 -0.11349030854567889
6 0.9668670892715454 14 17 -0.1778268663722595
6 0.9601197242736816 15 16 -0.054049439857212396
-1 0.0 0 0 -0.017944706105297865
-1 0.0 0 0 0.034641393105829914
6 1.0146758556365967 18 19 -0.25909487368011874
-1 0.0 0 0 -0.032327454484617324
-1 0.0 0 0 0.007383717049378902
8 44.5 21 24 0.03407885905654801
6 0.9395260810852051 22 23 0.12569809193975465
-1 0.0 0 0 0.04843117924263844
-1 0.0 0 0 0.002435074180222886
-1 0.0 0 0 -0.03983639201521874
5 1.1745679378509521 26 27 -0.017118349546854005
-1 0.0 0 0 -0.01069472897226729
-1 0.0 0 0 0.00014066848084705116
-1 0.0 0 0 0.0017016592081377621
nodes 29
6 0.5334320068359375 1 16 0.0
4 0.9684626460075378 2 15 -0.058750128770441425
4 0.8241960406303406 3 8 -0.07801944262787906
4 0.785845160484314 4 7 -0.01825317564397687
2 0.3315906226634979 5 6 -0.07353327589681799
-1 0.0 0 0 0.004353242612624955
-1 0.0 0 0 -0.01632006221272527
-1 0.0 0 0 0.02170416100476033
4 0.8648931384086609 9 10 -0.15706515057433035
-1 0.0 0 0 -0.03622060710719476
2 0.42292043566703796 11 14 -0.06503931708007216
8 46.5 12 13 0.040238017380675846
-1 0.0 0 0 -0.017696547121913344
-1 0.0 0 0 0.01832744610927454
-1 0.0 0 0 -0.024859979767829943
-1 0.0 0 0 0.015146056785615106
8 69.5 17 18 0.00023179899116388867
-1 0.0 0 0 -3.6063421233287736e-05
0 0.47126877307891846 19 26 0.025669579330103106
1 0.24093136191368103 20 21 0.08405219798933858
-1 0.0 0 0 0.0028099229200300793
4 0.7669656276702881 22 25 0.1492495703174348
2 0.3591143637895584 23 24 0.21688434009881594
-1 0.0 0 0 0.01698273054415941
-1 0.0 0 0 0.054780155155927907
-1 0.0 0 0 -0.0026178113803022526
3 0.7418375015258789 27 28 -0.0030224049715080153
-1 0.0 0 0 0.00025067957576976045
-1 0.0 0 0 -0.03795107091692361
nodes 29
4 0.9279977679252625 1 28 0.0
8 46.5 2 19 -0.00417168693110146
6 1.011273980140686 3 18 -0.017410788614083454
1 0.32465261220932007 4 13 -0.029733110596882325
4 0.8703458309173584 5 10 -0.051755964011000646
6 0.9949206709861755 6 7 -0.07932302596629097
-1 0.0 0 0 -0.011039315640179565
2 0.3991613984107971 8 9 -0.040129878788836865
-1 0.0 0 0 -0.004784528803728047
-1 0.0 0 0 0.056327941951652374
8 40.5 11 12 -0.023539107023907057
-1 0.0 0 0 -0.005513769157845159
-1 0.0 0 0 0.0010856368654808995
3 0.7640957832336426 14 15 0.012441795028757962
-1 0.0 0 0 0.007704945359613702
5 1.2020856142044067 16 17 -0.010769470974162598
-1 0.0 0 0 -0.0007452384069730585
-1 0.0 0 0 -0.04783345033293185
-1 0.0 0 0 0.001605842815926717
0 0.41222086548805237 20 27 0.004633156376510373
0 0.3268868625164032 21 22 0.04118795442073541
-1 0.0 0 0 0.0116100930017193
8 60.5 23 24 0.03008924586953854
-1 0.0 0 0 0.0018613930716042577
5 1.1164219379425049 25 26 0.10714895757469056
-1 0.0 0 0 -0.017443301917852035
-1 0.0 0 0 0.013040646597908557
-1 0.0 0 0 -0.0007184628870285135
-1 0.0 0 0 0.0003319759747729663
nodes 29
2 0.18196013569831848 1 14 0.0
6 1.0263746976852417 2 11 -0.026011725296585762
8 30.5 3 4 -0.06512533324618476
-1 0.0 0 0 -0.019809690867772414
5 1.3230355978012085 5 10 -0.0437766858145156
7 0.28999999165534973 6 7 -0.0033782505000087932
-1 0.0 0 0 -0.004204018503993442
8 33.5 8 9 0.18936286433873808
-1 0.0 0 0 0.048397737031891236
-1 0.0 0 0 0.005772659570929852
-1 0.0 0 0 -0.01103441480533993
7 0.8100000023841858 12 13 -0.0013135319240852267
-1 0.0 0 0 0.0004571632347447511
-1 0.0 0 0 -0.02783870658278465
2 0.23905977606773376 15 28 0.0005202927818330616
5 1.4764765501022339 16 27 0.018363493380878816
1 0.21788597106933594 17 26 0.03832294951356857
8 34.5 18 19 0.035649668646256204
-1 0.0 0 0 0.00016171220060800953
0 0.2728525996208191 20 23 0.05917688327144991
7 0.33799999952316284 21 22 0.08685822421355584
-1 0.0 0 0 0.006611957642247923
-1 0.0 0 0 0.023523831138542544
3 0.6732796430587769 24 25 0.0003808567742636615
-1 0.0 0 0 0.0015804944368556324
-1 0.0 0 0 -0.031581293890873594
-1 0.0 0 0 0.040274459734559065
-1 0.0 0 0 -0.0022790148002619043
-1 0.0 0 0 -4.5844250887755324e-05
nodes 29
1 0.4980233907699585 1 6 0.0
5 1.0599510669708252 2 5 0.00022797408770823126
8 36.5 3 4 0.02445904045750715
-1 0.0 0 0 0.00926538526344565
-1 0.0 0 0 -7.733939390496138e-05
-1 0.0 0 0 -4.317282390002618e-05
8 50.5 7 26 -0.057928681106798705
5 1.1266156435012817 8 25 -0.01869456166652037
3 0.8932445645332336 9 12 0.005995039319075783
6 0.9818441867828369 10 11 0.22735855791717768
-1 0.0 0 0 0.059652319770645015
-1 0.0 0 0 -0.00626993733458221
0 0.5107396841049194 13 14 -0.034696783952634126
-1 0.0 0 0 0.029698757075059874
3 0.984603226184845 15 24 -0.0697528539619189
8 33.5 16 17 -0.015696885452663165
-1 0.0 0 0 -0.034486407106337345
3 0.9290903806686401 18 23 0.02457356810609394
5 1.0651826858520508 19 20 -0.15407780498604884
-1 0.0 0 0 -0.046324654972111745
8 43.5 21 22 -0.017232622890198817
-1 0.0 0 0 0.026532649200770166
-1 0.0 0 0 -0.030921037495136264
-1 0.0 0 0 0.01817867764271796
-1 0.0 0 0 -0.03956331212605749
-1 0.0 0 0 -0.041619713753461844
5 1.078675389289856 27 28 -0.3262900580783025
-1 0.0 0 0 -0.05619218082345989
-1 0.0 0 0 -0.015566017003408796
nodes 29
6 1.0921313762664795 1 22 0.0
1 0.09076957404613495 2 5 0.000502343819291196
2 0.3833458423614502 3 4 -0.04100551263192775
-1 0.0 0 0 -0.004987628894269021
-1 0.0 0 0 0.02453064400188882
5 3.150658130645752 6 7 0.0009149637675314873
-1 0.0 0 0 6.170629273242242e-05
4 0.9479280114173889 8 19 0.08324198882195301
1 0.13676539063453674 9 18 0.016311269610248987
2 0.41334015130996704 10 17 -0.029780352657614095
7 0.28999999165534973 11 14 0.0009527168344807612
2 0.3521703779697418 12 13 -0.06267144676733784
-1 0.0 0 0 0.0045621891174960185
-1 0.0 0 0 -0.019946303153655642
7 0.3580000102519989 15 16 0.16428639055855238
-1 0.0 0 0 0.04720675207387943
-1 0.0 0 0 -0.0030891887116722945
-1 0.0 0 0 -0.03970405330881477
-1 0.0 0 0 0.06131977779790759
1 0.09906242042779922 20 21 0.3462514347383674
-1 0.0 0 0 0.08207610894925893
-1 0.0 0 0 0.016016921718769214
2 0.34732648730278015 23 28 -0.025127436519786137
3 0.7377502918243408 24 25 -0.020746065689438428
-1 0.0 0 0 8.80710466310353e-06
1 0.1913735419511795 26 27 -0.08010682035808078
-1 0.0 0 0 -0.0042471514544698994
-1 0.0 0 0 -0.019923344950291737
-1 0.0 0 0 -0.0450120407063514
nodes 29
0 0.41300198435783386 1 28 0.0
8 45.5 2 23 0.00377811801767315
4 0.9268691539764404 3 16 -0.0019122018087476152
6 1.011273980140686 4 9 -0.02348782096058904
5 1.1480586528778076 5 6 -0.04699428443033732
-1 0.0 0 0 0.0007805884339800802
2 0.37698498368263245 7 8 -0.06277055264240453
-1 0.0 0 0 -0.00590424397412327
-1 0.0 0 0 -0.036824638820611516
2 0.368681937456131 10 15 0.016690755078421864
2 0.3390514850616455 11 12 0.019656133813313947
-1 0.0 0 0 0.000860087168037906
3 0.7522481083869934 13 14 0.19365036315033482
-1 0.0 0 0 0.026991981877109564
-1 0.0 0 0 -0.012966580741593374
-1 0.0 0 0 -0.04105355955128159
6 1.00456964969635 17 22 0.007072536858752095
7 0.45000000298023224 18 19 0.01687749883784585
-1 0.0 0 0 0.001355339115138901
3 0.8297833204269409 20 21 0.22914024188303975
-1 0.0 0 0 0.043328462834664
-1 0.0 0 0 0.006582473271215955
-1 0.0 0 0 -0.0012184382075289034
0 0.32482439279556274 24 27 0.0259033960630229
6 0.9875794053077698 25 26 0.10862520810440969
-1 0.0 0 0 0.017335808282645065
-1 0.0 0 0 0.00132293927245599
-1 0.0 0 0 0.0013876500844156197
-1 0.0 0 0 -0.0003358351000522721
nodes 29
2 0.4415722191333771 1 28 0.0
1 0.35563480854034424 2 15 -0.0020081137812073438
2 0.3991613984107971 3 8 0.0018585573603521791
8 59.5 4 7 -0.001186597679965878
0 0.47283726930618286 5 6 -0.00448916888183204
-1 0.0 0 0 -0.0002814832398518564
-1 0.0 0 0 -0.008588834080472256
-1 0.0 0 0 0.0024178511035397947
6 0.7661007046699524 9 12 0.040189131269415486
0 0.47367942333221436 10 11 -0.05388720154203059
-1 0.0 0 0 -0.014794977765879206
-1 0.0 0 0 0.005387030902851224
6 0.7987437844276428 13 14 0.05409693126265989
-1 0.0 0 0 0.021135872263945275
-1 0.0 0 0 0.004514564626241834
6 0.9656967520713806 16 27 -0.015444687965140846
3 0.6289716958999634 17 18 -0.03944840552913205
-1 0.0 0 0 -0.03334803292227368
7 0.21400000154972076 19 26 -0.03707718033805459
8 39.5 20 25 -0.03509184957172495
8 31.5 21 22 0.013108018316613965
-1 0.0 0 0 -0.016483813708776884
6 0.8323132395744324 23 24 0.03485956397072578
-1 0.0 0 0 0.0480621947751691
-1 0.0 0 0 0.00277933174642904
-1 0.0 0 0 -0.004914709065556901
-1 0.0 0 0 -0.03900505223982903
-1 0.0 0 0 0.00046643609075142024
-1 0.0 0 0 0.0006386659959564866
nodes 29
2 0.48770812153816223 1 2 0.0
-1 0.0 0 0 8.880359132382569e-05
4 1.1810680627822876 3 28 -0.014209478664376517
2 0.4893527626991272 4 5 -0.011111113860347537
-1 0.0 0 0 -0.011599130075774157
4 0.863202691078186 6 7 -0.003713246158547518
-1 0.0 0 0 -0.027465999588884155
3 0.8415682911872864 8 19 -0.0007955128714407497
3 0.7971768379211426 9 18 0.054819799716673556
7 0.026000000536441803 10 15 -0.01878066166117498
3 0.7480453848838806 11 12 -0.14154135786401092
-1 0.0 0 0 0.002370250029896852
8 52.5 13 14 -0.2676817076067433
-1 0.0 0 0 -0.03855347859486938
-1 0.0 0 0 0.011248951285116134
1 0.4570261836051941 16 17 0.09374997652475796
-1 0.0 0 0 0.016067951649158925
-1 0.0 0 0 -0.04015286192297936
-1 0.0 0 0 0.01061912200136401
5 1.1125366687774658 20 21 -0.01631391522029715
-1 0.0 0 0 0.001388069325651888
3 0.8697379231452942 22 25 -0.06379157082159494
7 0.16200000047683716 23 24 -0.1509589180788302
-1 0.0 0 0 -0.011129376066700471
-1 0.0 0 0 -0.04194615220973412
5 1.1187093257904053 26 27 -0.024905077566379556
-1 0.0 0 0 -0.017166128621875554
-1 0.0 0 0 0.00017500166982482336
-1 0.0 0 0 -0.034860336899550426
nodes 29
8 86.5 1 22 0.0
4 0.5768035054206848 2 13 -0.00012137569912962643
1 0.2143697589635849 3 10 -0.023723470968366453
6 1.021686315536499 4 9 -0.005405459066923583
1 0.20099541544914246 5 6 -0.024502168750372245
-1 0.0 0 0 -0.0038874390003296993
6 0.9438656568527222 7 8 0.09373738198290936
-1 0.0 0 0 0.01969090253060131
-1 0.0 0 0 -0.004156969122771846
-1 0.0 0 0 0.004919853939058567
0 0.45242106914520264 11 12 -0.08950348916659484
-1 0.0 0 0 -0.028184640392661095
-1 0.0 0 0 -0.00675965512668208
0 0.5703731179237366 14 19 0.000421354034348164
6 0.6746454834938049 15 18 0.0006256916927248385
5 1.5112497806549072 16 17 -0.04210480918156703
-1 0.0 0 0 0.018143438583968257
-1 0.0 0 0 -0.005986046825657464
-1 0.0 0 0 0.00010958327623180522
5 1.4465043544769287 20 21 -0.08687205211128712
-1 0.0 0 0 -0.01281791580006925
-1 0.0 0 0 0.022063640284317513
0 0.4826299548149109 23 24 0.09697920255502686
-1 0.0 0 0 0.028279909553627178
5 1.2715837955474854 25 26 0.02181609977609635
-1 0.0 0 0 -0.020291012485020993
7 0.026000000536441803 27 28 0.12496912091604022
-1 0.0 0 0 -0.0029405613101142294
-1 0.0 0 0 0.03193669341228627
nodes 29
2 0.45285412669181824 1 2 0.0
-1 0.0 0 0 -0.00016510266583128798
8 57.5 3 28 0.0071202987264194105
4 0.8738812208175659 4 13 0.00977275780201946
1 0.4617869257926941 5 12 0.11371402400534972
5 1.306448221206665 6 9 0.1367369436380202
3 0.6700418591499329 7 8 0.17519630963535426
-1 0.0 0 0 0.061888650753535335
-1 0.0 0 0 0.014940036789698222
1 0.30961984395980835 10 11 -0.1611185717455884
-1 0.0 0 0 0.021775495260953903
-1 0.0 0 0 -0.044176562682346064
-1 0.0 0 0 -0.03594069744460285
6 0.9632768034934998 14 23 0.0072468959541600025
7 0.058000000193715096 15 16 0.02540105414478046
-1 0.0 0 0 0.0011401309930059937
5 1.0618844032287598 17 18 0.07778481378879402
-1 0.0 0 0 -0.03977720899616971
5 1.0951874256134033 19 22 0.08868032236528775
0 0.5091556310653687 20 21 0.21155340273080647
-1 0.0 0 0 0.029085781092127394
-1 0.0 0 0 -0.005908862522078885
-1 0.0 0 0 0.006035634529927266
6 0.9679938554763794 24 27 -0.0051533347021396805
0 0.5076702833175659 25 26 -0.09160301047599474
-1 0.0 0 0 -0.014180902270429188
-1 0.0 0 0 0.010352390229781258
-1 0.0 0 0 8.943682736127956e-05
-1 0.0 0 0 -0.0066335835460205736
nodes 29
7 0.6780000030994415 1 4 0.0
8 20.5 2 3 0.00026615354012732095
-1 0.0 0 0 -0.01024590422807671
-1 0.0 0 0 4.038104776001568e-05
0 0.33725064992904663 5 26 -0.04287056010463645
2 0.3327009677886963 6 25 -0.024519240784415364
1 0.20493730902671814 7 22 -0.04688796478566685
1 0.17810039222240448 8 21 -0.06475087992742191
1 0.12347012758255005 9 14 -0.034389457547799145
6 1.0365744829177856 10 11 -0.07512536426488972
-1 0.0 0 0 -0.04384388881070273
7 0.8100000023841858 12 13 -0.048906862544323096
-1 0.0 0 0 -0.0024384716898874525
-1 0.0 0 0 -0.02545764711835692
3 0.8865241408348083 15 20 0.05906350492082043
6 1.0921313762664795 16 19 0.11431342729516679
8 26.5 17 18 0.23871877082323623
-1 0.0 0 0 0.04282259585765692
-1 0.0 0 0 0.008941007744182241
-1 0.0 0 0 -0.004185498266560125
-1 0.0 0 0 -0.013615288746853669
-1 0.0 0 0 -0.032632621119801815
3 0.8684862852096558 23 24 0.14314304736066372
-1 0.0 0 0 0.04272100167969863
-1 0.0 0 0 -0.015327465987723807
-1 0.0 0 0 0.05581327605815161
8 30.5 27 28 -0.25559605753087267
-1 0.0 0 0 -0.05513263947906948
-1 0.0 0 0 -0.0033798304586006066
nodes 29
0 0.41300198435783386 1 8 0.0
8 60.5 2 5 0.003596829439107052
0 0.40881648659706116 3 4 0.002245939658179147
-1 0.0 0 0 2.7478033871072156e-05
-1 0.0 0 0 0.004946866200563859
2 0.3760696351528168 6 7 0.08034363277941538
-1 0.0 0 0 0.009570033239894506
-1 0.0 0 0 -0.04995545957104436
0 0.4297732412815094 9 16 -0.00319720427506996
8 59.5 10 13 -0.024608615732844456
1 0.427859365940094 11 12 -0.03139733969590461
-1 0.0 0 0 -0.0029847835387574895
-1 0.0 0 0 -0.0347297564196663
4 0.8972446322441101 14 15 0.06041004330297161
-1 0.0 0 0 0.00804676244054283
-1 0.0 0 0 -0.028515342540506805
4 1.1810680627822876 17 28 0.0009717226325571098
8 37.5 18 27 0.0012708733948108694
5 1.840211272239685 19 26 0.02673834288694015
3 0.5714473724365234 20 21 0.02447376077626883
-1 0.0 0 0 -0.03755394568610372
5 1.410689353942871 22 25 0.026559137740254785
5 1.337401032447815 23 24 0.02436870958040475
-1 0.0 0 0 0.002702263658969115
-1 0.0 0 0 -0.038964390386827294
-1 0.0 0 0 0.030167691461741926
-1 0.0 0 0 0.0405936657892246
-1 0.0 0 0 -0.000303253127294129
-1 0.0 0 0 -0.04263506662100554
nodes 29
8 34.5 1 12 0.0
7 0.07000000029802322 2 11 -0.007014749533587549
1 0.31079867482185364 3 10 -0.032807379298210655
6 1.0083236694335938 4 9 -0.09675497806180339
6 0.9656967520713806 5 8 -0.11805356966642462
2 0.38428422808647156 6 7 -0.057269749969563806
-1 0.0 0 0 -0.004537593963621484
-1 0.0 0 0 -0.0491135266042598
-1 0.0 0 0 -0.018354813538979216
-1 0.0 0 0 0.0028770763948411148
-1 0.0 0 0 0.001085757749716141
-1 0.0 0 0 0.0001607990624273682
0 0.3042943775653839 13 16 0.0016584984529007655
5 1.4667041301727295 14 15 0.03217319964486275
-1 0.0 0 0 0.004705040332756868
-1 0.0 0 0 -0.0030404455307505678
6 0.9998196363449097 17 18 -0.0007010427992050427
-1 0.0 0 0 0.0002581478311291167
2 0.45285412669181824 19 28 -0.01683305783684418
5 1.3704310655593872 20 21 -0.025148030747961035
-1 0.0 0 0 -0.004485473790019362
6 1.023139476776123 22 25 0.0100878298288652
1 0.11856649070978165 23 24 -0.01999952366988253
-1 0.0 0 0 -0.017058997169970686
-1 0.0 0 0 -0.00020445087124803998
2 0.39078155159950256 26 27 0.05700233682490319
-1 0.0 0 0 0.006425476070176167
-1 0.0 0 0 -0.042792109603231605
-1 0.0 0 0 0.002658821982106162
nodes 29
2 0.48770812153816223 1 2 0.0
-1 0.0 0 0 8.784148245988147e-05
2 0.4893527626991272 3 14 -0.014055534407632284
6 0.9813965559005737 4 9 -0.11384740069850671
5 1.0901012420654297 5 8 -0.033214490146686634
5 1.0732430219650269 6 7 -0.3278454676904577
-1 0.0 0 0 -0.006995552090498117
-1 0.0 0 0 -0.06471377827581906
-1 0.0 0 0 0.003853502251941306
8 39.5 10 11 -0.24116252262243315
-1 0.0 0 0 -0.00598556426684222
8 42.5 12 13 -0.36606281770186294
-1 0.0 0 0 -0.07845240104198456
-1 0.0 0 0 -0.020511620511802345
4 0.863202691078186 15 16 -0.006930140676116295
-1 0.0 0 0 -0.023526255364112302
3 0.8415682911872864 17 18 -0.00449212890292587
-1 0.0 0 0 0.004848928811545038
5 1.1299288272857666 19 20 -0.019115846308749712
-1 0.0 0 0 0.0002612519424479583
0 0.5107396841049194 21 24 -0.08367260457398787
8 46.5 22 23 -0.037045145753483846
-1 0.0 0 0 -0.0010442648797963315
-1 0.0 0 0 -0.02264947035114899
6 0.9813965559005737 25 28 -0.2832748790322046
1 0.4802774488925934 26 27 -0.16102829914706857
-1 0.0 0 0 -0.004995424986475766
-1 0.0 0 0 -0.050098220755656564
-1 0.0 0 0 -0.05206812805482659
nodes 29
6 0.9532519578933716 1 28 0.0
7 0.25 2 23 -0.0046460988697207386
1 0.23449692130088806 3 20 -0.0037038042639555057
8 41.5 4 9 0.02027546981343215
0 0.420789897441864 5 8 -0.045879471295260675
7 0.14999999850988388 6 7 -0.0354038415510561
-1 0.0 0 0 -0.004881182736923393
-1 0.0 0 0 0.029257611923206313
-1 0.0 0 0 -0.04981533989472234
4 0.8470223546028137 10 11 0.03667298632146628
-1 0.0 0 0 0.0015652348862476694
6 0.6746454834938049 12 15 0.11810608601396101
4 0.9457991719245911 13 14 -0.07799213387521117
-1 0.0 0 0 -0.015477146585224989
-1 0.0 0 0 0.020353208337393073
8 51.5 16 17 0.16705779617946018
-1 0.0 0 0 0.011932957358921897
3 0.3447633385658264 18 19 0.34395260717825626
-1 0.0 0 0 0.07783253510984091
-1 0.0 0 0 0.024742533075155563
2 0.4415722191333771 21 22 -0.007908026753358324
-1 0.0 0 0 -0.0015005034826797584
-1 0.0 0 0 0.0009509304923914817
2 0.36965224146842957 24 27 -0.15084673116421876
3 0.6967566013336182 25 26 -0.07781301110436947
-1 0.0 0 0 -0.014594125705375488
-1 0.0 0 0 0.041854992366972425
-1 0.0 0 0 -0.042122688627940545
-1 0.0 0 0 0.0002448264977015062
nodes 29
2 0.18196013569831848 1 12 0.0
6 1.0263746976852417 2 11 -0.023277554131016717
1 0.140812948346138 3 10 -0.0597047962262743
4 0.9980531930923462 4 7 -0.09132231006301456
7 0.13000000268220901 5 6 -0.05781124800645507
-1 0.0 0 0 -0.012537907248646042
-1 0.0 0 0 -0.00010770831477164218
4 1.0173171758651733 8 9 -0.2451204475015402
-1 0.0 0 0 -0.05102279535681009
-1 0.0 0 0 -0.015043919533491136
-1 0.0 0 0 0.0013930729419818115
-1 0.0 0 0 -2.7565999599133472e-05
8 82.5 13 26 0.00046560320389848364
4 0.8287536799907684 14 25 0.00027419619343456414
8 53.5 15 16 -0.007743188259038473
-1 0.0 0 0 -0.0026989705330722424
0 0.4391520917415619 17 18 0.008068288666830226
-1 0.0 0 0 0.004242627181763859
4 0.8241960406303406 19 20 -0.007635895923458556
-1 0.0 0 0 -0.0002777455981611493
8 54.5 21 22 -0.22377497409588268
-1 0.0 0 0 0.025474639981985094
0 0.48177462816238403 23 24 -0.3094802947972081
-1 0.0 0 0 -0.010803062413469889
-1 0.0 0 0 -0.049366285083150226
-1 0.0 0 0 0.00022168262481945253
0 0.4826299548149109 27 28 0.0784631624387354
-1 0.0 0 0 0.024359288020059468
-1 0.0 0 0 0.0028206291815560847
nodes 29
5 1.2238537073135376 1 12 0.0
6 1.03019118309021 2 9 -0.0025472462558273714
0 0.319118857383728 3 8 -0.001172086361957346
8 36.5 4 7 0.02719730781153903
6 0.9983358383178711 5 6 -0.004139510921526207
-1 0.0 0 0 -0.006245566617238926
-1 0.0 0 0 0.003001585273508956
-1 0.0 0 0 0.006530287939094637
-1 0.0 0 0 -0.00040586991399878947
1 0.26532232761383057 10 11 -0.06777000308963568
-1 0.0 0 0 -0.0022553923336954993
-1 0.0 0 0 -0.016586407587051096
2 0.38711297512054443 13 14 0.004590696701869667
-1 0.0 0 0 -0.0002779664195701346
0 0.41844508051872253 15 16 0.032634190522316586
-1 0.0 0 0 0.009805162060856508
7 0.542000025510788 17 28 0.018546588166973264
7 0.44600000977516174 18 27 0.016668939610413405
4 0.9936378598213196 19 20 0.01950220268261212
-1 0.0 0 0 0.0031306852814976627
2 0.49836939573287964 21 26 -0.07354825533579122
1 0.3600197434425354 22 25 -0.04254740840023212
1 0.3568130433559418 23 24 -0.172705331442092
-1 0.0 0 0 -0.01057261569295279
-1 0.0 0 0 -0.0671030389815569
-1 0.0 0 0 0.002662972450110902
-1 0.0 0 0 -0.03317470900867491
-1 0.0 0 0 -0.04013410195049535
-1 0.0 0 0 0.056306466956933345
nodes 29
6 0.8778034448623657 1 28 0.0
8 33.5 2 13 -0.009782390152177078
4 1.039710283279419 3 10 -0.10969148386749202
1 0.25562116503715515 4 5 -0.21851814849948398
-1 0.0 0 0 0.005877355937110751
8 32.5 6 9 -0.3941362301508586
4 0.9980531930923462 7 8 -0.26106921071776107
-1 0.0 0 0 0.005293136840742646
-1 0.0 0 0 -0.04863304957423521
-1 0.0 0 0 -0.06505336578390221
4 1.1143666505813599 11 12 0.010817139114826749
-1 0.0 0 0 0.012135483292168228
-1 0.0 0 0 -0.021025824849888432
3 0.8323934674263 14 17 -0.006269372433868964
0 0.3131566047668457 15 16 -0.013377826536936562
-1 0.0 0 0 0.009374126832787865
-1 0.0 0 0 -0.0017206833730604991
5 1.160434365272522 18 27 0.056767737300590024
2 0.44853663444519043 19 24 -0.03639946633974384
2 0.4381830394268036 20 23 -0.13803170912544288
1 0.36912599205970764 21 22 -0.06457603279287454
-1 0.0 0 0 -0.01938547406778589
-1 0.0 0 0 0.014901487588666489
-1 0.0 0 0 -0.06358979598239616
8 50.5 25 26 0.0891462453367079
-1 0.0 0 0 0.015205986615295378
-1 0.0 0 0 -0.03572408737880843
-1 0.0 0 0 0.010770807885933374
-1 0.0 0 0 0.0001206713503562245
nodes 29
7 0.0020000000949949026 1 28 0.0
4 1.0 2 7 -0.01435019709217568
3 0.9169761538505554 3 4 -0.025249742568294223
-1 0.0 0 0 -0.0020151860822503354
3 0.9237107634544373 5 6 -0.2926129730468666
-1 0.0 0 0 -0.07222468036980856
-1 0.0 0 0 -0.012238070052468552
1 0.4645017087459564 8 27 0.03160684166907041
2 0.4925873577594757 9 26 0.05141715296304652
6 0.863762378692627 10 13 0.034040300363286806
3 0.8243997097015381 11 12 0.2277360346030306
-1 0.0 0 0 -0.002054436850111659
-1 0.0 0 0 0.03796688185921356
6 0.9147838950157166 14 19 0.004700694054882415
0 0.41844508051872253 15 18 -0.17883793861117392
4 1.05281662940979 16 17 -0.36181680687392753
-1 0.0 0 0 -0.06831436216831208
-1 0.0 0 0 -0.01322976534387895
-1 0.0 0 0 0.006513388573916422
0 0.28481024503707886 20 21 0.044097402259180705
-1 0.0 0 0 -0.026714119724020727
5 1.0910110473632812 22 25 0.06746879892488566
5 1.0599510669708252 23 24 -0.06838899801255434
-1 0.0 0 0 0.026399524621665477
-1 0.0 0 0 -0.01850150486192944
-1 0.0 0 0 0.012084150486459423
-1 0.0 0 0 0.03156096711927266
-1 0.0 0 0 -0.024353637074726445
-1 0.0 0 0 7.382791164400022e-05
nodes 29
5 1.2383124828338623 1 12 0.0
6 1.0263746976852417 2 3 -0.002279609017006888
-1 0.0 0 0 -8.231147179405496e-05
1 0.29600051045417786 4 5 -0.055296651361046834
-1 0.0 0 0 -0.0023733384339391355
5 1.2020856142044067 6 11 -0.19216474674959455
7 0.07399999722838402 7 8 -0.13733706562364356
-1 0.0 0 0 -0.0567190477677754
0 0.34925079345703125 9 10 -0.07991389989122422
-1 0.0 0 0 -0.03701422711682325
-1 0.0 0 0 0.003006737764532629
-1 0.0 0 0 -0.06096986260933754
2 0.38711297512054443 13 14 0.004640669970656499
-1 0.0 0 0 -0.0001671231327327744
1 0.4117896258831024 15 26 0.030867163141670526
0 0.3390082120895386 16 17 0.034891158580715384
-1 0.0 0 0 0.02909361710189842
0 0.346476286649704 18 19 0.03158788475470965
-1 0.0 0 0 -0.046518340188524
5 1.2807766199111938 20 21 0.03343730845052041
-1 0.0 0 0 0.00755233189395935
0 0.3933747410774231 22 25 0.014702880857372792
2 0.4195275902748108 23 24 0.20070443183970477
-1 0.0 0 0 0.02879371103029568
-1 0.0 0 0 -0.020169147203916743
-1 0.0 0 0 0.0006811081327763974
2 0.5132841467857361 27 28 -0.20101095935962068
-1 0.0 0 0 -0.04233383425543535
-1 0.0 0 0 0.005183194701870283
nodes 29
6 0.8778034448623657 1 28 0.0
8 33.5 2 13 -0.009232222093461667
4 1.039710283279419 3 10 -0.10027497057083884
1 0.25562116503715515 4 5 -0.19716313940458646
-1 0.0 0 0 0.005224017254505797
4 1.0285978317260742 6 9 -0.35511857030602795
8 32.5 7 8 -0.2739771398696668
-1 0.0 0 0 -0.011810540002320083
-1 0.0 0 0 -0.05424229140496917
-1 0.0 0 0 -0.07165667604316366
0 0.2897391617298126 11 12 0.007013623165966427
-1 0.0 0 0 -0.022872764785207958
-1 0.0 0 0 0.010243270905422312
4 1.165919542312622 14 27 -0.006030964063478476
4 1.1347192525863647 15 26 -0.006943490409979114
4 1.0271241664886475 16 19 -0.006003307932461938
3 0.8851553797721863 17 18 -0.010597405588356524
-1 0.0 0 0 -0.0009315106634770449
-1 0.0 0 0 -0.050058356342980496
4 1.0347260236740112 20 21 0.07077824701781653
-1 0.0 0 0 0.030568069800524518
2 0.4909815788269043 22 23 0.022276121510290785
-1 0.0 0 0 0.004996152286095006
7 0.026000000536441803 24 25 -0.2836138007299202
-1 0.0 0 0 -0.06537438847124577
-1 0.0 0 0 0.006889104115821067
-1 0.0 0 0 -0.03492023323116632
-1 0.0 0 0 0.04330601224845106
-1 0.0 0 0 0.0001138847027315677
nodes 29
8 75.5 1 2 0.0
-1 0.0 0 0 -3.0655600669527664e-05
0 0.5062798261642456 3 16 0.03323348004859579
3 0.3023688495159149 4 5 0.08504229074209538
-1 0.0 0 0 -0.005578900394839761
6 0.9502329230308533 6 13 0.12053949378737032
2 0.3542475700378418 7 10 0.09233702783258367
3 0.5615501403808594 8 9 0.12542354256584076
-1 0.0 0 0 0.009758365451849903
-1 0.0 0 0 0.04074537127845637
6 0.8750305771827698 11 12 -0.04651785367092148
-1 0.0 0 0 0.01664239747656716
-1 0.0 0 0 -0.021561871742939248
0 0.46975430846214294 14 15 0.30679327936377376
-1 0.0 0 0 0.012033631183482984
-1 0.0 0 0 0.05465236661867017
5 1.252875804901123 17 18 -0.018575330644903788
-1 0.0 0 0 -0.0134402476202178
2 0.38620930910110474 19 26 0.023136230701614597
2 0.3591143637895584 20 25 -0.012151845433722946
8 79.5 21 22 0.023736879850631117
-1 0.0 0 0 -0.00829124441776468
2 0.3421463370323181 23 24 0.0840779447613673
-1 0.0 0 0 0.00406284824558907
-1 0.0 0 0 0.035511982866695956
-1 0.0 0 0 -0.01703280790943946
6 0.8208140134811401 27 28 0.2573207359634001
-1 0.0 0 0 0.0043097300338558854
-1 0.0 0 0 0.05143888587132096
nodes 29
5 1.5828040838241577 1 2 0.0
-1 0.0 0 0 -0.00010909829862651179
2 0.25739794969558716 3 12 0.009212974640443555
6 1.0365744829177856 4 11 -0.022292623497527832
7 0.5259999930858612 5 6 -0.06347804282508293
-1 0.0 0 0 -0.004685727429628442
2 0.21889449656009674 7 8 -0.24311665217674366
-1 0.0 0 0 -0.045483677959497516
4 0.9457991719245911 9 10 -0.1167675438787668
-1 0.0 0 0 -0.029536089655466197
-1 0.0 0 0 0.023191471610750473
-1 0.0 0 0 0.0008869677598855284
6 0.863762378692627 13 28 0.020072282914059804
3 0.5663393139839172 14 23 -0.01832651649499109
4 1.0014820098876953 15 22 -0.006989988947251162
7 0.18599999696016312 16 21 -0.01450865595751999
2 0.41687846183776855 17 18 -0.009235279552086879
-1 0.0 0 0 -0.002661974274951156
2 0.443410724401474 19 20 0.0823511607075163
-1 0.0 0 0 0.02188798937009821
-1 0.0 0 0 -0.006818051925963825
-1 0.0 0 0 -0.035332309000659735
-1 0.0 0 0 0.05817216379567981
7 0.006000000284984708 24 25 -0.19634367184861018
-1 0.0 0 0 -0.05301086943257939
1 0.27381110191345215 26 27 -0.1033964503992679
-1 0.0 0 0 -0.02348501075075233
-1 0.0 0 0 0.02596660311378184
-1 0.0 0 0 0.0030542425891766103
nodes 29
4 1.099502444267273 1 2 0.0
-1 0.0 0 0 8.297502323159614e-05
7 0.15799999982118607 3 24 -0.012395469328495655
5 1.3103986978530884 4 11 -0.0357848957540013
0 0.46606695652008057 5 8 -0.01983713805616156
8 44.5 6 7 -0.013263163691566977
-1 0.0 0 0 -0.0005126086797744076
-1 0.0 0 0 -0.016137010805003012
0 0.47525113821029663 9 10 -0.19978220231256427
-1 0.0 0 0 -0.04123845474551554
-1 0.0 0 0 0.0003961711782418813
8 41.5 12 23 -0.11484190278028122
6 1.0263746976852417 13 22 -0.09493096369158537
2 0.38523557782173157 14 21 -0.13627744651449158
7 0.1419999971985817 15 20 -0.17597647358798518
5 1.3325011730194092 16 17 -0.14762849058792854
-1 0.0 0 0 -0.04801769539419758
7 0.06600000336766243 18 19 -0.10313256943492222
-1 0.0 0 0 -0.01978716512023267
-1 0.0 0 0 0.0026344175647197215
-1 0.0 0 0 -0.06323789998888969
-1 0.0 0 0 0.007586422940948978
-1 0.0 0 0 0.006050118469822876
-1 0.0 0 0 -0.05412678482631842
6 1.001515507698059 25 28 0.01203043868510669
5 1.337401032447815 26 27 0.09041608776106992
-1 0.0 0 0 0.0053591680283091025
-1 0.0 0 0 0.04722691826957642
-1 0.0 0 0 -0.0004071562283757715
nodes 29
7 0.421999990940094 1 10 0.0
7 0.4179999977350235 2 3 0.0007734896840844365
-1 0.0 0 0 5.54933471415619e-05
3 0.6289716958999634 4 5 0.15439893499211366
-1 0.0 0 0 -0.0007262808643281461
5 1.129093050956726 6 7 0.3066889833442975
-1 0.0 0 0 -0.006897085905075074
1 0.24093136191368103 8 9 0.4710401643921311
-1 0.0 0 0 0.0026402599643915894
-1 0.0 0 0 0.07886384249265704
1 0.4592588543891907 11 28 -0.012853884618118603
4 1.0693328380584717 12 17 -0.01124576730707898
3 0.9772628545761108 13 16 -0.023903080158154587
3 0.9492237567901611 14 15 -0.02599791959793434
-1 0.0 0 0 -0.0022312702434173566
-1 0.0 0 0 -0.034457318207367936
-1 0.0 0 0 0.03674510151825168
4 1.1143666505813599 18 19 0.023116924349060583
-1 0.0 0 0 0.01090561848925733
5 1.2035239934921265 20 23 -0.005479326970146801
1 0.3212038278579712 21 22 -0.1907393415883864
-1 0.0 0 0 -0.03180819850610066
-1 0.0 0 0 0.012337251231074334
1 0.2542101740837097 24 25 0.013082370062894547
-1 0.0 0 0 -0.000987210716200411
1 0.2907625734806061 26 27 0.2917322897929934
-1 0.0 0 0 0.04927587817526526
-1 0.0 0 0 -0.014248493283987047
-1 0.0 0 0 -0.04261400335553018
nodes 29
1 0.4980233907699585 1 14 0.0
5 1.0599510669708252 2 13 0.00019663991222072439
8 38.5 3 4 0.021794211936415224
-1 0.0 0 0 0.007039063387736487
6 0.9841265678405762 5 6 -0.006478481715269679
-1 0.0 0 0 0.00378227734441191
3 0.9564226865768433 7 12 -0.059337272365368246
6 0.9880221486091614 8 9 0.0005372088553239112
-1 0.0 0 0 -0.0181629504521195
4 0.9925866723060608 10 11 0.039287584288486915
-1 0.0 0 0 0.0007872781880500185
-1 0.0 0 0 0.025067193269477053
-1 0.0 0 0 -0.02185227921492277
-1 0.0 0 0 -3.913642762112684e-05
8 50.5 15 26 -0.04996658742133224
3 0.984603226184845 16 23 -0.01550944125802632
0 0.5703731179237366 17 22 0.02302987555789591
3 0.8814042806625366 18 19 0.05950755586324275
-1 0.0 0 0 0.0506839112068216
3 0.970751166343689 20 21 0.01026004508838331
-1 0.0 0 0 -0.002556527109026753
-1 0.0 0 0 0.02636909854632837
-1 0.0 0 0 -0.018715104429672162
7 0.04600000008940697 24 25 -0.20421919946012826
-1 0.0 0 0 -0.06021191786442485
-1 0.0 0 0 0.002161592386058859
5 1.078675389289856 27 28 -0.2856534671783447
-1 0.0 0 0 -0.05049998756675494
-1 0.0 0 0 -0.012681641275512762
nodes 29
7 0.6780000030994415 1 16 0.0
8 20.5 2 13 0.0002433523217232878
7 0.1939999982714653 3 4 -0.09327758343442154
-1 0.0 0 0 -0.04504069110378623
1 0.15098364651203156 5 8 -0.03006885288513999
6 1.061484456062317 6 7 -0.1806303163059056
-1 0.0 0 0 -0.04042980110361463
-1 0.0 0 0 0.0015078916583055012
1 0.17810039222240448 9 10 0.06956740967271959
-1 0.0 0 0 0.040886586122214796
6 1.028324007987976 11 12 -0.07180694513954222
-1 0.0 0 0 0.009171947505739
-1 0.0 0 0 -0.02820551996784551
0 0.37456175684928894 14 15 0.00036867508701867585
-1 0.0 0 0 0.0005540956807827023
-1 0.0 0 0 -0.00019429187613222973
6 1.020297646522522 17 20 -0.039197878631359574
6 1.0083236694335938 18 19 -0.2263914303931718
-1 0.0 0 0 0.019821476105314036
-1 0.0 0 0 -0.055109028267564586
2 0.34013211727142334 21 28 -0.01903340267856113
6 1.028324007987976 22 23 -0.041271150744956416
-1 0.0 0 0 0.023663531680635754
6 1.041933298110962 24 27 -0.052625306034017875
1 0.1540580689907074 25 26 -0.2968263208866119
-1 0.0 0 0 -0.012212788611650469
-1 0.0 0 0 -0.047152475565671925
-1 0.0 0 0 -0.00320176254557399
-1 0.0 0 0 0.05217481980269606
nodes 29
7 0.8219999969005585 1 28 0.0
5 1.5828040838241577 2 3 4.928774432169465e-05
-1 0.0 0 0 -0.00010066529895423657
2 0.2812027037143707 4 7 0.008980628276927994
6 1.0520464181900024 5 6 -0.01239175558485592
-1 0.0 0 0 -0.0035978040484907453
-1 0.0 0 0 0.0021730232601780137
8 26.5 8 13 0.021365880012731642
6 1.0063115358352661 9 10 0.14147326157693865
-1 0.0 0 0 0.053982107390243665
3 0.5462204813957214 11 12 0.06494338630258192
-1 0.0 0 0 0.03958298752658329
-1 0.0 0 0 -0.002398235760629177
2 0.34732648730278015 14 27 0.016859525541640465
2 0.33807018399238586 15 16 0.035207298461250716
-1 0.0 0 0 0.0017723076259028672
3 0.41884711384773254 17 18 0.15433773351016275
-1 0.0 0 0 0.0036498537810503947
8 50.5 19 26 0.2875951417312722
6 0.9349129796028137 20 21 0.18678204905798382
-1 0.0 0 0 -0.016054700314998626
4 1.066894292831421 22 25 0.28058624563969836
4 0.8721422553062439 23 24 0.3800595924258232
-1 0.0 0 0 0.003539697475553978
-1 0.0 0 0 0.059611675574152326
-1 0.0 0 0 -0.010664928292057344
-1 0.0 0 0 0.07261320948600769
-1 0.0 0 0 -0.0005784435287099168
-1 0.0 0 0 -0.01824979146045667
nodes 29
6 1.0921313762664795 1 22 0.0
6 1.0668526887893677 2 17 0.0004446455230915424
2 0.18196013569831848 3 12 3.449610525316944e-05
7 0.5779999792575836 4 11 -0.03817965889964408
7 0.28999999165534973 5 6 -0.029828944386973116
-1 0.0 0 0 -0.005548075743665019
8 29.5 7 8 0.03212260411036019
-1 0.0 0 0 -0.012800544226774947
5 1.2257800102233887 9 10 0.0859471575147668
-1 0.0 0 0 0.023767021795113884
-1 0.0 0 0 0.001198216555203544
-1 0.0 0 0 -0.020306831273165616
4 0.9663488864898682 13 16 0.0004900063417775604
7 0.4259999990463257 14 15 -0.002819359089353711
-1 0.0 0 0 -0.00012868990399670112
-1 0.0 0 0 -0.005341196721220654
-1 0.0 0 0 0.0005146118488627823
1 0.26821404695510864 18 19 0.034198513883395974
-1 0.0 0 0 0.004753208237675057
0 0.35497045516967773 20 21 -0.2794181283873816
-1 0.0 0 0 -0.05336047133261507
-1 0.0 0 0 -0.006433717190073087
2 0.34431013464927673 23 28 -0.02224135578579391
4 0.8313733339309692 24 25 -0.017996395699570056
-1 0.0 0 0 0.0019525680848267218
7 0.44200000166893005 26 27 -0.041263223081952835
-1 0.0 0 0 -0.010285703353179496
-1 0.0 0 0 -0.0017369689179226621
-1 0.0 0 0 -0.03646681360745182
nodes 29
8 76.5 1 4 0.0
4 0.6931301951408386 2 3 -0.00026311390194185235
-1 0.0 0 0 -0.0013660826864742058
-1 0.0 0 0 5.997574967391206e-05
0 0.5062798261642456 5 22 0.03454031271432839
3 0.3023688495159149 6 7 0.07665674691812073
-1 0.0 0 0 -0.006029528689709245
2 0.3705560863018036 8 21 0.11488717331883395
4 0.6080148816108704 9 14 0.14573601132585293
4 0.506899356842041 10 13 0.05804226095076754
5 1.2911303043365479 11 12 0.17089233346337426
-1 0.0 0 0 0.006007933394261161
-1 0.0 0 0 0.04423841822892428
-1 0.0 0 0 -0.004577980576083065
8 81.5 15 20 0.2637537688399865
6 0.863762378692627 16 17 0.18130798826297356
-1 0.0 0 0 -0.001081745236968765
0 0.4759984612464905 18 19 0.26456234587046007
-1 0.0 0 0 0.009157593954458004
-1 0.0 0 0 0.05240419553592801
-1 0.0 0 0 0.06013888702506111
-1 0.0 0 0 -0.012708339979872108
5 1.252875804901123 23 24 -0.0041554973916940125
-1 0.0 0 0 -0.012059323642603762
2 0.3926086723804474 25 28 0.03651795939427532
2 0.3591143637895584 26 27 0.0024813031527959523
-1 0.0 0 0 0.003711896299053198
-1 0.0 0 0 -0.013345517319152659
-1 0.0 0 0 0.03230846458144726
nodes 29
4 1.099502444267273 1 2 0.0
-1 0.0 0 0 7.78769655039731e-05
6 0.9119550585746765 3 4 -0.011633881734086438
-1 0.0 0 0 -0.009815523218409852
3 0.9932294487953186 5 14 -0.005867752972371929
6 0.9289436340332031 6 7 -0.02842922048856091
-1 0.0 0 0 0.018380516644538148
6 0.9795032739639282 8 9 -0.03313410471570753
-1 0.0 0 0 -0.013195881970583773
7 0.05400000140070915 10 11 -0.018381211355317877
-1 0.0 0 0 -0.014437012809176683
6 0.9917564988136292 12 13 -0.007718936881939642
-1 0.0 0 0 0.021827610151092636
-1 0.0 0 0 -0.0016014188962608852
6 0.978053867816925 15 26 0.016847665192170437
2 0.4794997572898865 16 23 0.07347520583727819
7 0.041999999433755875 17 22 0.11672970961149574
1 0.28163468837738037 18 21 0.04242732421898895
2 0.289504736661911 19 20 -0.2485690018735253
-1 0.0 0 0 0.000879257001603643
-1 0.0 0 0 -0.04691646349217211
-1 0.0 0 0 0.010130595829218249
-1 0.0 0 0 0.01975727979434838
1 0.4430437684059143 24 25 -0.11105659803402403
-1 0.0 0 0 -0.03134729509862761
-1 0.0 0 0 -0.00042875327405284393
6 0.99642413854599 27 28 -0.0020024301931041784
-1 0.0 0 0 -0.011533346109538585
-1 0.0 0 0 0.0025864803467853465
nodes 29
3 0.9772628545761108 1 14 0.0
3 0.9741018414497375 2 3 0.0007615219646898828
-1 0.0 0 0 3.82757180604342e-05
7 0.03799999877810478 4 7 0.09132302235550979
1 0.4361366629600525 5 6 0.2551742528819225
-1 0.0 0 0 0.0395165760626099
-1 0.0 0 0 0.0037047950117740525
4 1.030074954032898 8 9 0.027409421795561575
-1 0.0 0 0 0.034901469643505954
0 0.4568142890930176 10 13 -0.016681623921143793
0 0.3822523355484009 11 12 0.040114812142180524
-1 0.0 0 0 -0.013359535348688051
-1 0.0 0 0 0.018663556054234504
-1 0.0 0 0 -0.03511495251829426
3 0.99809330701828 15 26 -0.012185128133170822
4 1.2711477279663086 16 25 -0.05586513618577298
7 0.3499999940395355 17 22 -0.04915511443472029
7 0.26600000262260437 18 21 -0.06292026764725422
7 0.2459999993443489 19 20 -0.05027850815236453
-1 0.0 0 0 -0.005733409429211238
-1 0.0 0 0 0.023160076250390307
-1 0.0 0 0 -0.02541411162231082
3 0.9932294487953186 23 24 0.1293928873800315
-1 0.0 0 0 0.0053647270293031065
-1 0.0 0 0 0.04020771088932331
-1 0.0 0 0 -0.04478930736412154
0 0.502253532409668 27 28 0.009660445901808224
-1 0.0 0 0 0.0011589173304323848
-1 0.0 0 0 -0.03665378339588642
nodes 29
5 1.2238537073135376 1 4 0.0
6 1.03019118309021 2 3 -0.002237589128804671
-1 0.0 0 0 -0.00011093062675272704
-1 0.0 0 0 -0.005575116164417995
2 0.38711297512054443 5 6 0.004032626343774181
-1 0.0 0 0 -0.00020095760890358812
0 0.41844508051872253 7 8 0.02702260864467354
-1 0.0 0 0 0.00808920318309089
0 0.42615050077438354 9 16 0.015421862299871424
2 0.3898385763168335 10 11 -0.10962346726793702
-1 0.0 0 0 0.029033784519719042
2 0.3926086723804474 12 13 -0.1371657133358949
-1 0.0 0 0 -0.061322449130768134
6 0.9986951947212219 14 15 -0.10359746617121765
-1 0.0 0 0 -0.004826151596650424
-1 0.0 0 0 -0.036216726985506036
6 0.8140664100646973 17 18 0.02318014917086684
-1 0.0 0 0 -0.002148506785335985
6 1.0393028259277344 19 28 0.04262160681797973
7 0.49400000274181366 20 27 0.04504157291072289
7 0.3540000021457672 21 22 0.0427028225626342
-1 0.0 0 0 0.004801223643751862
5 1.6771644353866577 23 26 -0.17594335945521264
1 0.3446720838546753 24 25 -0.3441821074863868
-1 0.0 0 0 -0.057617759541040516
-1 0.0 0 0 0.0021656931163026734
-1 0.0 0 0 0.024153797825177514
-1 0.0 0 0 0.04866199124427069
-1 0.0 0 0 -0.037676903864611755
nodes 29
6 0.9588145613670349 1 28 0.0
2 0.4502229541540146 2 27 -0.0038714732953083215
1 0.34790104627609253 3 16 -0.00874894653245804
8 40.5 4 11 0.0018122053300137345
4 0.9413186311721802 5 6 -0.030287217138137187
-1 0.0 0 0 -0.009219675866893843
6 0.8954977989196777 7 10 -0.005199690504740612
6 0.8457242846488953 8 9 -0.07294069715058377
-1 0.0 0 0 0.0003898520181163752
-1 0.0 0 0 -0.014427068757930034
-1 0.0 0 0 0.0031527794265578594
4 1.099502444267273 12 15 0.009904912901599028
0 0.32482439279556274 13 14 0.010950342780098822
-1 0.0 0 0 0.00841222670404949
-1 0.0 0 0 0.0006127252760559651
-1 0.0 0 0 -0.03419475805809877
7 0.21400000154972076 17 26 -0.031133468992323
8 43.5 18 25 -0.029647405715389256
8 30.5 19 22 -0.0031412953520566023
7 0.07799999788403511 20 21 -0.1878612600724566
-1 0.0 0 0 -0.010928501225026588
-1 0.0 0 0 -0.0584016509509335
6 0.9532519578933716 23 24 0.004388756625581295
-1 0.0 0 0 0.0016835369468438872
-1 0.0 0 0 -0.009384613523667214
-1 0.0 0 0 -0.004647567197590332
-1 0.0 0 0 -0.039438067973615265
-1 0.0 0 0 0.0014829265130640655
-1 0.0 0 0 0.00023375870029671413
nodes 29
0 0.5266554355621338 1 2 0.0
-1 0.0 0 0 5.423512290390171e-05
8 57.5 3 14 -0.01674649583412988
4 0.9992119073867798 4 13 0.010121578753571458
6 0.970241129398346 5 12 0.023122856746541104
4 0.7823005318641663 6 7 0.06390948681792583
-1 0.0 0 0 -0.026353436390953985
4 0.8493499159812927 8 9 0.08167462791781298
-1 0.0 0 0 0.030822658915486602
2 0.48770812153816223 10 11 0.053394910148971415
-1 0.0 0 0 -0.016084077414125205
-1 0.0 0 0 0.008395150537261661
-1 0.0 0 0 -0.00251770999169408
-1 0.0 0 0 -0.013738212912350143
1 0.28163468837738037 15 16 -0.049192390269383574
-1 0.0 0 0 0.0023468165374085355
4 0.906785249710083 17 28 -0.10907438863023987
1 0.4445168077945709 18 25 -0.09775028426428983
1 0.4337610900402069 19 24 -0.11826781669861057
3 0.7398883104324341 20 23 -0.09518689333845377
4 0.8536206483840942 21 22 -0.10924709051094786
-1 0.0 0 0 -0.009523929383523679
-1 0.0 0 0 -0.048258532365055194
-1 0.0 0 0 0.03306362210285096
-1 0.0 0 0 -0.05777880181417321
1 0.45300278067588806 26 27 0.11354967662647589
-1 0.0 0 0 0.036027218785978136
-1 0.0 0 0 -0.009890581915775937
-1 0.0 0 0 -0.04987265252222477
nodes 29
1 0.45300278067588806 1 26 0.0
1 0.4445168077945709 2 13 0.0006541099040795437
1 0.4430437684059143 3 4 -0.00026456783126647444
-1 0.0 0 0 2.057900534666612e-05
8 44.5 5 8 -0.11178498243041722
7 0.018000000156462193 6 7 -0.023136631737577178
-1 0.0 0 0 -0.03095813773071859
-1 0.0 0 0 0.005184890375184919
0 0.4766801595687866 9 10 -0.25327009843687054
-1 0.0 0 0 -0.08298099391162396
7 0.04600000008940697 11 12 -0.16524874871482945
-1 0.0 0 0 -0.0005687189160858932
-1 0.0 0 0 -0.03660762288431027
3 0.8506315350532532 14 15 0.04437867275506642
-1 0.0 0 0 0.015319298904980752
6 0.8849557042121887 16 17 0.01623222251964879
-1 0.0 0 0 0.04991843722139796
1 0.4495033025741577 18 19 0.008676256683492376
-1 0.0 0 0 0.005045542245667914
0 0.4852033257484436 20 25 -0.051273530394223235
0 0.47918701171875 21 24 -0.11875960134711729
5 1.0666022300720215 22 23 -0.001175222859553159
-1 0.0 0 0 -0.022727547010298874
-1 0.0 0 0 0.007382918608177883
-1 0.0 0 0 -0.051596536770144974
-1 0.0 0 0 0.0038126836661455596
3 0.7865309119224548 27 28 -0.013248331258607277
-1 0.0 0 0 -0.03155526177463483
-1 0.0 0 0 -0.0010066864326068767
nodes 29
5 1.055977702140808 1 28 0.0
7 0.38199999928474426 2 27 0.02114930232283448
8 40.5 3 6 0.02732035008222195
7 0.0020000000949949026 4 5 0.07116876858706607
-1 0.0 0 0 -0.02288854110187718
-1 0.0 0 0 0.008049342677681464
7 0.17800000309944153 7 26 -0.013909589989640588
6 0.9956550598144531 8 25 -0.03037959743804443
0 0.5091556310653687 9 16 -0.004470102630548447
1 0.47512561082839966 10 15 0.022053424485489907
3 0.9345046281814575 11 12 0.007405098654770693
-1 0.0 0 0 0.0057507580252907555
3 0.9424766302108765 13 14 -0.07377360570676751
-1 0.0 0 0 -0.045427434293158125
-1 0.0 0 0 -0.0012222015861577044
-1 0.0 0 0 0.027473704506539638
7 0.05000000074505806 17 22 -0.14848627878953358
4 0.9489158987998962 18 21 0.04131062657295449
0 0.5266554355621338 19 20 -0.19790353313354508
-1 0.0 0 0 -0.04660290725529194
-1 0.0 0 0 0.004584695724770427
-1 0.0 0 0 0.03552792111877352
3 0.8972368836402893 23 24 -0.4473154489347275
-1 0.0 0 0 -0.020902815747719544
-1 0.0 0 0 -0.07423378097869102
-1 0.0 0 0 -0.018425430705813508
-1 0.0 0 0 0.017559973622047448
-1 0.0 0 0 -0.024771202846684243
-1 0.0 0 0 -4.2303357437981656e-05
nodes 29
7 0.05400000140070915 1 2 0.0
-1 0.0 0 0 -0.00034281562650592776
4 0.7398789525032043 3 8 0.0024583033381325517
1 0.29600051045417786 4 5 -0.018461236449599617
-1 0.0 0 0 -0.0009924883110428349
0 0.4601817727088928 6 7 -0.1201845904806234
-1 0.0 0 0 -0.03182258229658363
-1 0.0 0 0 -0.0076749959857234686
6 1.0 9 12 0.00487539455369399
7 0.6019999980926514 10 11 0.01099384118561754
-1 0.0 0 0 0.0010679324770883388
-1 0.0 0 0 0.04781190901994706
1 0.29600051045417786 13 16 -0.0067290476157030425
5 1.08732271194458 14 15 0.005539728658507958
-1 0.0 0 0 0.017142672818092824
-1 0.0 0 0 0.0003496387983677498
6 1.0520464181900024 17 28 -0.03443860343154897
3 0.8761404156684875 18 27 -0.03090430946891814
7 0.058000000193715096 19 20 -0.0751416488977657
-1 0.0 0 0 -0.05111010322968165
4 0.9532291889190674 21 22 -0.07043463241890704
-1 0.0 0 0 -0.0024909767084329527
8 35.5 23 26 -0.11714504112157252
7 0.26600000262260437 24 25 -0.04056158803578001
-1 0.0 0 0 0.006772639378037889
-1 0.0 0 0 -0.019540328166075486
-1 0.0 0 0 -0.020765275840478187
-1 0.0 0 0 -0.0006175674462630309
-1 0.0 0 0 -0.04381580575379
nodes 29
8 69.5 1 2 0.0
-1 0.0 0 0 -4.594915764367314e-05
0 0.444065123796463 3 4 0.01931208959891363
-1 0.0 0 0 0.00912720767964952
3 0.7480453848838806 5 28 0.005245836957411061
3 0.716752827167511 6 27 0.008786911809523859
5 1.0827370882034302 7 8 0.004530013414542215
-1 0.0 0 0 0.036908152970400725
2 0.42463597655296326 9 26 0.0002526089567458257
7 0.06600000336766243 10 25 0.007806133764808462
5 1.2166095972061157 11 22 0.03070955970080911
0 0.4964250326156616 12 17 -0.04388494939297192
6 0.9010445475578308 13 16 0.05918861007564427
1 0.2803013324737549 14 15 0.2525855358819374
-1 0.0 0 0 -0.0045474168343039665
-1 0.0 0 0 0.04210540643569244
-1 0.0 0 0 -0.008289892725142821
7 0.0020000000949949026 18 19 -0.15138498074060844
-1 0.0 0 0 0.026621711591169953
6 0.8991849422454834 20 21 -0.21314303728778072
-1 0.0 0 0 -0.043083311957946305
-1 0.0 0 0 -0.009114090325617856
1 0.17810039222240448 23 24 0.055699470695003354
-1 0.0 0 0 -0.004744455007416829
-1 0.0 0 0 0.008087229178385
-1 0.0 0 0 -0.005685949648428272
-1 0.0 0 0 -0.01737689818136203
-1 0.0 0 0 0.0331800362020731
-1 0.0 0 0 -0.030411533875898886
nodes 29
8 24.5 1 28 0.0
1 0.4156094193458557 2 27 -0.025299978908062792
0 0.3064773678779602 3 16 -0.017417910982691374
7 0.25 4 13 -0.034420276717988
2 0.3370398283004761 5 12 -0.1430225767470758
4 1.5829992294311523 6 11 -0.10500328675741055
6 1.0105072259902954 7 10 -0.1420187797764531
5 1.1755868196487427 8 9 -0.26339859496907925
-1 0.0 0 0 0.001837614214136487
-1 0.0 0 0 -0.035171604988429306
-1 0.0 0 0 -0.002838661236207972
-1 0.0 0 0 0.02012157918546688
-1 0.0 0 0 -0.045325998306274415
6 1.0019903182983398 14 15 -0.0063820278942438
-1 0.0 0 0 0.039544186317785224
-1 0.0 0 0 -0.0016601826279892486
6 1.002457857131958 17 22 0.09226208994558048
0 0.340603768825531 18 19 -0.034250561401925304
-1 0.0 0 0 0.017113862710539253
0 0.3724052906036377 20 21 -0.18030509545157353
-1 0.0 0 0 -0.05123411338233078
-1 0.0 0 0 0.01991646626875514
2 0.3390514850616455 23 24 0.19373577904722575
-1 0.0 0 0 0.048658323142191644
1 0.31790709495544434 25 26 0.10146877350451501
-1 0.0 0 0 -0.010185056739260978
-1 0.0 0 0 0.026920722974464295
-1 0.0 0 0 -0.0431699401140213
-1 0.0 0 0 3.368681786120066e-05
nodes 29
2 0.48770812153816223 1 2 0.0
-1 0.0 0 0 7.141001621556665e-05
4 1.1810680627822876 3 26 -0.011426330936723666
8 55.5 4 15 -0.00893109874779393
8 54.5 5 14 -0.004030267137722664
4 0.9235128164291382 6 13 -0.007051151831131695
3 0.8594673275947571 7 12 0.0764322907755707
6 0.9937387704849243 8 9 0.10312408416536403
-1 0.0 0 0 0.01565178980481865
2 0.5092617273330688 10 11 -0.11923749516942815
-1 0.0 0 0 0.010900708834854484
-1 0.0 0 0 -0.05588196560188577
-1 0.0 0 0 -0.037732819685091575
-1 0.0 0 0 -0.0014129630183652882
-1 0.0 0 0 0.027896006676857755
6 0.9010445475578308 16 19 -0.12205525318522406
8 58.5 17 18 -0.3869700250032015
-1 0.0 0 0 -0.07156042875349522
-1 0.0 0 0 -0.022587479827195115
3 0.8734923601150513 20 25 -0.0007689721119332027
6 0.9749840497970581 21 24 0.0894825582791652
0 0.5299081802368164 22 23 0.21184163487961757
-1 0.0 0 0 0.05202365975960025
-1 0.0 0 0 0.00769188386911992
-1 0.0 0 0 -0.014503900520503522
-1 0.0 0 0 -0.04867387511409246
5 1.1974958181381226 27 28 -0.2807265753271403
-1 0.0 0 0 -0.05725606093588083
-1 0.0 0 0 -0.006420455007783828
nodes 29
1 0.40046682953834534 1 2 0.0
-1 0.0 0 0 -0.00015599121106081218
1 0.4088214635848999 3 6 0.005298352027337128
3 0.7561843395233154 4 5 0.036195933038158414
-1 0.0 0 0 0.01727727162673683
-1 0.0 0 0 0.0027469508069926808
8 37.5 7 12 -0.000377862438871518
4 1.077685832977295 8 11 0.029535236409488602
7 0.43799999356269836 9 10 0.04257737635451909
-1 0.0 0 0 0.0047477614034142235
-1 0.0 0 0 -0.02023754686184497
-1 0.0 0 0 -0.0031520445280078906
5 1.1867930889129639 13 16 -0.011290120105266687
5 1.1841870546340942 14 15 -0.007273480857220963
-1 0.0 0 0 -0.0008469760243698253
-1 0.0 0 0 0.02420012362999842
7 0.02199999988079071 17 24 -0.09055811115653722
4 0.9447182416915894 18 21 -0.20620619626885112
8 51.5 19 20 -0.37546499780085135
-1 0.0 0 0 -0.015965363414337238
-1 0.0 0 0 -0.059586809259997875
0 0.4871175289154053 22 23 -0.1168751621269621
-1 0.0 0 0 -0.04047748665567876
-1 0.0 0 0 -0.0012184360516116475
6 0.8415420651435852 25 26 -0.01183726114196712
-1 0.0 0 0 0.025142347212817714
6 0.8916641473770142 27 28 -0.056858661904107724
-1 0.0 0 0 -0.04578810429031199
-1 0.0 0 0 -0.002954444400324622
nodes 29
8 34.5 1 24 0.0
4 0.9582114815711975 2 23 -0.005906582907373769
6 1.011273980140686 3 22 -0.032992238023624866
6 1.0050921440124512 4 19 -0.07774637418484324
6 1.0040414333343506 5 18 -0.057633951446119595
6 1.001052975654602 6 15 -0.06816621220698127
6 0.9945399761199951 7 8 -0.05001954714155778
-1 0.0 0 0 -0.011239339177931967
2 0.32612961530685425 9 10 0.024914218430087898
-1 0.0 0 0 -0.006380645408343666
5 1.3589032888412476 11 12 0.11925803215925837
-1 0.0 0 0 0.005637922230162076
0 0.38846930861473083 13 14 0.46223335865546356
-1 0.0 0 0 0.07975937243212354
-1 0.0 0 0 0.012687299298969182
3 0.8032020330429077 16 17 -0.22422753176962337
-1 0.0 0 0 -0.03341968965945406
-1 0.0 0 0 0.012400879017594789
-1 0.0 0 0 0.024569515846669675
0 0.3506959080696106 20 21 -0.19956552004134018
-1 0.0 0 0 -0.008125815087735343
-1 0.0 0 0 -0.03844207843600695
-1 0.0 0 0 0.0006465954142893734
-1 0.0 0 0 6.0261811783932784e-05
0 0.3042943775653839 25 28 0.001396494579799035
7 0.5460000038146973 26 27 0.02622734658188659
-1 0.0 0 0 0.0030872959647821217
-1 0.0 0 0 -0.013559484188150282
-1 0.0 0 0 -5.235445270984948e-05
nodes 29
6 0.9908940196037292 1 4 0.0
7 0.4819999933242798 2 3 0.0021909637026790185
-1 0.0 0 0 0.0002009969642703053
-1 0.0 0 0 0.03070240945530099
7 0.0819999985396862 5 28 -0.003628792808221282
5 1.1016836166381836 6 27 -0.02199626978368021
0 0.33570896089076996 7 8 0.017807814669394847
-1 0.0 0 0 0.018651035149507455
8 40.5 9 26 0.001866647421519029
5 1.078675389289856 10 21 0.0446687772799169
0 0.3943747878074646 11 12 -0.025569839981402373
-1 0.0 0 0 -0.023733339998094988
2 0.4072035849094391 13 14 0.012643133251598678
-1 0.0 0 0 0.05126208230143502
7 0.030000001192092896 15 20 -0.01513340506855418
6 0.9983358383178711 16 19 -0.14345185221345336
5 1.07062566280365 17 18 -0.32956326283304627
-1 0.0 0 0 -0.05009937054116507
-1 0.0 0 0 0.005225908654657278
-1 0.0 0 0 0.0063015493942657486
-1 0.0 0 0 0.005615462112305648
0 0.44546306133270264 22 25 0.11951581060589286
0 0.37456175684928894 23 24 0.020056590363806623
-1 0.0 0 0 0.03604464415384799
-1 0.0 0 0 -0.006636363091888244
-1 0.0 0 0 0.023986146709881723
-1 0.0 0 0 -0.004625939267788646
-1 0.0 0 0 -0.003624003616870783
-1 0.0 0 0 6.878625423737302e-05
nodes 29
6 0.9532519578933716 1 28 0.0
7 0.13000000268220901 2 15 -0.003952102169737152
5 1.0651826858520508 3 14 -0.001377424810494706
1 0.4711032509803772 4 13 -0.10234918432458742
3 0.837673544883728 5 6 -0.049838619525188935
-1 0.0 0 0 -0.03447180846262546
5 1.0580658912658691 7 10 -0.005448162413200557
2 0.41334015130996704 8 9 0.1549151704163739
-1 0.0 0 0 0.04644936869541805
-1 0.0 0 0 0.0035846510209525243
7 0.02199999988079071 11 12 -0.10673026735819495
-1 0.0 0 0 0.007094903384582906
-1 0.0 0 0 -0.025930271078338948
-1 0.0 0 0 -0.05459252711826641
-1 0.0 0 0 -2.573882987668824e-05
2 0.4925873577594757 16 27 -0.05109881018679959
0 0.24371731281280518 17 18 -0.04557690484450454
-1 0.0 0 0 0.03532986854287711
1 0.39493027329444885 19 26 -0.05060859233648393
3 0.8480300307273865 20 23 -0.0629867454910718
6 0.9509370923042297 21 22 -0.04757753092346467
-1 0.0 0 0 -0.0035692602706844465
-1 0.0 0 0 -0.022084727387103303
3 0.8583037853240967 24 25 -0.2235898268999348
-1 0.0 0 0 -0.06098060424750051
-1 0.0 0 0 -0.014503737627449682
-1 0.0 0 0 0.011395996845647937
-1 0.0 0 0 -0.051546475468646914
-1 0.0 0 0 0.00020825628842789605
nodes 29
3 0.9059672951698303 1 18 0.0
3 0.88922119140625 2 3 0.0013915369666773654
-1 0.0 0 0 -4.87387428783113e-05
6 0.970241129398346 4 11 0.03176694901135177
2 0.4848242402076721 5 10 -0.002751746539367456
8 36.5 6 7 -0.0250930093279064
-1 0.0 0 0 -0.012167764605932349
8 53.5 8 9 0.0053486831072432055
-1 0.0 0 0 0.0016564097642066313
-1 0.0 0 0 -0.03508165082013285
-1 0.0 0 0 0.012090093708886546
0 0.5107396841049194 12 13 0.0547712638224189
-1 0.0 0 0 0.0065995141840298885
6 0.9818441867828369 14 15 -0.1556568268484638
-1 0.0 0 0 0.035105179094018474
3 0.8932445645332336 16 17 -0.29590653355782187
-1 0.0 0 0 0.007601742837578059
-1 0.0 0 0 -0.040278123526288005
8 45.5 19 20 -0.00585039352970234
-1 0.0 0 0 -0.00015711714672771507
6 0.999426543712616 21 28 -0.053350297367466076
6 0.9340311884880066 22 23 -0.0664446241962512
-1 0.0 0 0 0.004798213521000715
5 1.1444146633148193 24 27 -0.09171849581268206
2 0.3581344187259674 25 26 -0.0786308586896407
-1 0.0 0 0 0.02514636197360233
-1 0.0 0 0 -0.009026414427292403
-1 0.0 0 0 -0.034381642400241295
-1 0.0 0 0 0.019676792015958153
nodes 29
6 0.9998196363449097 1 10 0.0
7 0.3499999940395355 2 3 0.0018013360416720121
-1 0.0 0 0 0.00010994605357051118
6 0.954689621925354 4 5 0.07912899400513747
-1 0.0 0 0 -0.025875926757174914
5 1.840211272239685 6 7 0.09743821014969782
-1 0.0 0 0 0.0068058302048941925
2 0.32721230387687683 8 9 0.3098470052024601
-1 0.0 0 0 0.003171079948817084
-1 0.0 0 0 0.06554101698777892
7 0.03799999877810478 11 24 -0.004491101104628233
3 0.9189209342002869 12 23 -0.06549498008470611
3 0.9014685750007629 13 22 -0.10691517060223468
3 0.7971768379211426 14 21 -0.08751384065918688
6 1.023139476776123 15 20 -0.15551975625774098
4 0.990276038646698 16 17 -0.20105682853730275
-1 0.0 0 0 -0.016167348766889616
2 0.31307172775268555 18 19 -0.4532616844830605
-1 0.0 0 0 -0.018688085302710534
-1 0.0 0 0 -0.07196425159390156
-1 0.0 0 0 0.011419982570581712
-1 0.0 0 0 -0.0005026881038299147
-1 0.0 0 0 -0.036803798836030424
-1 0.0 0 0 0.005918968898171095
4 0.9969370365142822 25 28 -0.0018800141965125583
4 0.9532291889190674 26 27 -0.011438256368102919
-1 0.0 0 0 -6.943843456208572e-05
-1 0.0 0 0 -0.005090679465526551
-1 0.0 0 0 0.0010580109335891256
nodes 29
0 0.12108592689037323 1 2 0.0
-1 0.0 0 0 -0.004518917140966881
8 18.5 3 4 0.00017829402756689322
-1 0.0 0 0 0.016485620326803705
8 21.5 5 18 0.00011544554509606531
6 1.0029692649841309 6 7 -0.08075409142171687
-1 0.0 0 0 -0.03363283627594893
2 0.3039979040622711 8 15 -0.04896016292993657
2 0.2828724980354309 9 14 -0.11042905461144983
6 1.0449284315109253 10 11 -0.056483229537655284
-1 0.0 0 0 -0.019146099707789042
7 0.4780000001192093 12 13 0.0060327891125588826
-1 0.0 0 0 0.025770425486067935
-1 0.0 0 0 -0.006538749170785368
-1 0.0 0 0 -0.0467499039623709
6 1.023139476776123 16 17 0.15175458541786185
-1 0.0 0 0 0.047308766072535
-1 0.0 0 0 -0.013250159658491613
0 0.37456175684928894 19 28 0.0003067631320975053
8 48.5 20 23 0.004947517022862693
4 0.8944041728973389 21 22 0.00016374636157571817
-1 0.0 0 0 -0.002699658163386764
-1 0.0 0 0 0.0008686243477437328
7 0.22200000286102295 24 25 0.059858828445331504
-1 0.0 0 0 0.007812238898640175
4 0.8612189292907715 26 27 -0.0737243086202668
-1 0.0 0 0 -0.0002742576901896353
-1 0.0 0 0 -0.040679243437569734
-1 0.0 0 0 -0.00017700256296388978
nodes 29
5 1.2383124828338623 1 16 0.0
6 1.041933298110962 2 11 -0.0020023843986872133
0 0.2897391617298126 3 8 -0.0011431489606962982
7 0.10200000181794167 4 5 0.027537155690168204
-1 0.0 0 0 -0.001063633630688772
1 0.2803013324737549 6 7 0.058350892313176014
-1 0.0 0 0 0.005285312443086727
-1 0.0 0 0 0.040058694298689565
0 0.29497313499450684 9 10 -0.0030450933563371707
-1 0.0 0 0 -0.011159983533681606
-1 0.0 0 0 -0.00023815321447175433
5 1.1516213417053223 12 15 -0.06573896649010524
0 0.3211449682712555 13 14 -0.17124995578873298
-1 0.0 0 0 -0.010147366209190574
-1 0.0 0 0 -0.03805788368792148
-1 0.0 0 0 -0.001333753556326999
2 0.4010032117366791 17 18 0.004076315017959318
-1 0.0 0 0 -5.6104275121392766e-05
7 0.5259999930858612 19 28 0.030870891873135017
7 0.4580000042915344 20 27 0.028824869305201575
1 0.4117896258831024 21 24 0.03173765790138344
6 0.7063673734664917 22 23 0.036497861858823685
-1 0.0 0 0 -0.005529245822798135
-1 0.0 0 0 0.004763725091856973
2 0.5132841467857361 25 26 -0.1751549103969915
-1 0.0 0 0 -0.036651278650066975
-1 0.0 0 0 0.004682022588327527
-1 0.0 0 0 -0.035970876510772444
-1 0.0 0 0 0.0480809854766862
nodes 29
1 0.40046682953834534 1 28 0.0
1 0.3641039729118347 2 3 -0.0015555007195901312
-1 0.0 0 0 0.0001542383370179495
1 0.3651483356952667 4 7 -0.014952691090855206
5 1.1755868196487427 5 6 -0.11949300183083064
-1 0.0 0 0 -0.020495752366536668
-1 0.0 0 0 0.006741721258778883
2 0.38620930910110474 8 9 -0.01204982208114561
-1 0.0 0 0 0.025615561170939435
6 1.021686315536499 10 25 -0.012945746415769304
8 43.5 11 14 -0.01175838521444484
6 0.904538094997406 12 13 0.0032529428525473647
-1 0.0 0 0 0.007729089053369859
-1 0.0 0 0 -0.000500196524732219
3 0.7356104850769043 15 22 -0.02855970043124354
4 0.9041531682014465 16 21 0.0275198273398038
4 0.8756661415100098 17 20 0.0555331542014787
8 51.5 18 19 0.016181283719691106
-1 0.0 0 0 0.015812231909091534
-1 0.0 0 0 -0.0022018145062932984
-1 0.0 0 0 0.03021015174999521
-1 0.0 0 0 -0.0199869599295198
8 66.5 23 24 -0.040605496291507163
-1 0.0 0 0 -0.0038097596917832212
-1 0.0 0 0 -0.04063521184631297
1 0.3920958936214447 26 27 -0.21303756717390504
-1 0.0 0 0 -0.033827257345640856
-1 0.0 0 0 0.015670387994586712
-1 0.0 0 0 0.0005283368702647836
nodes 29
3 0.9772628545761108 1 2 0.0
-1 0.0 0 0 7.145294711901217e-05
3 0.99809330701828 3 28 -0.011433197723077212
4 1.2711477279663086 4 27 -0.051355219481385626
7 0.3499999940395355 5 26 -0.04524662801225407
7 0.26600000262260437 6 25 -0.057670966968819626
4 1.018609881401062 7 8 -0.046234165786328975
-1 0.0 0 0 0.027965890847403432
4 1.0271241664886475 9 10 -0.05196198345514748
-1 0.0 0 0 -0.029167287760093565
0 0.4588293135166168 11 24 -0.0427597401934149
1 0.432563841342926 12 21 -0.06258691951548864
2 0.42463597655296326 13 18 -0.03481283613009261
5 1.160434365272522 14 15 -0.09256860127684213
-1 0.0 0 0 -0.0117903844499879
6 0.989262580871582 16 17 0.12017292637542329
-1 0.0 0 0 -0.020798535485352793
-1 0.0 0 0 0.03498837232356891
2 0.4341302216053009 19 20 0.05264198360633617
-1 0.0 0 0 0.025076651974751424
-1 0.0 0 0 -0.00033628244822035263
0 0.43989917635917664 22 23 -0.1790624233570112
-1 0.0 0 0 -0.04510259418748319
-1 0.0 0 0 -0.01218069457743121
-1 0.0 0 0 0.005197812754914842
-1 0.0 0 0 -0.023066546413460162
-1 0.0 0 0 0.011590965265624118
-1 0.0 0 0 -0.04082450483445869
-1 0.0 0 0 0.0008532903952016592
nodes 29
5 1.055977702140808 1 28 0.0
7 0.38199999928474426 2 25 0.020120632904546108
8 35.5 3 4 0.025748488446138897
-1 0.0 0 0 0.009860489772805445
7 0.17800000309944153 5 24 0.006598483634884414
6 0.9841265678405762 6 23 -0.007918631308452016
6 0.9790085554122925 7 22 0.03517654503656493
0 0.4025825262069702 8 9 -0.0017672969263154137
-1 0.0 0 0 0.0210739579051733
4 1.0347260236740112 10 21 -0.030782658838702796
6 0.9735054969787598 11 16 -0.05460675391290633
0 0.43690207600593567 12 13 -0.019187902389289274
-1 0.0 0 0 -0.019287042626889336
7 0.018000000156462193 14 15 0.029769587563350797
-1 0.0 0 0 0.019660642538132652
-1 0.0 0 0 -0.006369398126661466
1 0.4387393891811371 17 18 -0.1955442672672992
-1 0.0 0 0 -0.0005677970341191842
6 0.9760687351226807 19 20 -0.4199317090890624
-1 0.0 0 0 -0.08627154283225537
-1 0.0 0 0 -0.005094527639448643
-1 0.0 0 0 0.024035823272008983
-1 0.0 0 0 0.0184723192982197
-1 0.0 0 0 -0.006032976161584061
-1 0.0 0 0 0.011800697145717486
7 0.4259999990463257 26 27 -0.22507480057803067
-1 0.0 0 0 -0.04436259005839627
-1 0.0 0 0 0.0037186519429087644
-1 0.0 0 0 -4.0245786284765946e-05
nodes 29
8 34.5 1 2 0.0
-1 0.0 0 0 -0.0005784542227478462
0 0.3042943775653839 3 10 0.0013676403818067208
7 0.5460000038146973 4 5 0.02324304103601241
-1 0.0 0 0 0.0027383458684786515
2 0.21889449656009674 6 7 -0.12098150706295223
-1 0.0 0 0 0.0014447567455435194
0 0.2897391617298126 8 9 -0.24988387919491134
-1 0.0 0 0 -0.03989144143665077
-1 0.0 0 0 0.005921649004988097
2 0.2968824505805969 11 22 -0.00032386922614372767
8 40.5 12 17 -0.02018580991841129
6 1.0157395601272583 13 16 -0.08382727891777536
0 0.31084102392196655 14 15 -0.14694429874321732
-1 0.0 0 0 0.004356444291368449
-1 0.0 0 0 -0.020257605313462355
-1 0.0 0 0 -0.0013379062597182227
4 0.9200274348258972 18 19 -0.00572634911302187
-1 0.0 0 0 -0.0008405941649226836
4 0.9314666390419006 20 21 0.2971867004797483
-1 0.0 0 0 0.06705247481586411
-1 0.0 0 0 -0.009312125845727595
7 0.542000025510788 23 24 0.0014949675965374952
-1 0.0 0 0 0.00010808343147641722
2 0.3815332353115082 25 28 0.1610921627077996
2 0.31918132305145264 26 27 0.08955542541419466
-1 0.0 0 0 0.03277936714686572
-1 0.0 0 0 -0.00957409881837206
-1 0.0 0 0 0.04640712853630676
nodes 29
5 1.5828040838241577 1 2 0.0
-1 0.0 0 0 -9.885957553437059e-05
2 0.25739794969558716 3 8 0.008348348821842511
6 1.03019118309021 4 7 -0.015950129857187606
7 0.5100000202655792 5 6 -0.0526696999104178
-1 0.0 0 0 -0.003853887096346905
-1 0.0 0 0 -0.02164887285163236
-1 0.0 0 0 0.0008432024874662977
6 0.863762378692627 9 28 0.016723516606308823
2 0.41687846183776855 10 15 -0.016381696017581385
4 0.7191745042800903 11 12 -0.035181475086314355
-1 0.0 0 0 0.0027346349627189685
6 0.8571744561195374 13 14 -0.0750383925937526
-1 0.0 0 0 -0.006436236495640906
-1 0.0 0 0 -0.04024365734722879
2 0.42211008071899414 16 17 0.07532454334209164
-1 0.0 0 0 0.043085099663585424
6 0.6267572045326233 18 25 0.02433270143541652
1 0.3084757924079895 19 24 -0.051842961004813726
2 0.43065592646598816 20 21 -0.006372234431981314
-1 0.0 0 0 -0.026195857769676617
2 0.437346875667572 22 23 0.06297289746156497
-1 0.0 0 0 0.043998026783610214
-1 0.0 0 0 -0.0046359239947050815
-1 0.0 0 0 -0.04247029189020396
3 0.41884711384773254 26 27 0.23353153559963094
-1 0.0 0 0 -0.00581525672848026
-1 0.0 0 0 0.03963319651165241
-1 0.0 0 0 0.002575026522381372
nodes 29
7 0.0020000000949949026 1 28 0.0
6 0.9174297451972961 2 27 -0.012374238964244064
4 0.7126924395561218 3 4 -0.03501751877646843
-1 0.0 0 0 0.006631792606755754
8 61.5 5 26 -0.05026966317822392
2 0.47486335039138794 6 17 -0.035738753998179995
2 0.42631056904792786 7 12 -0.021142832950355305
1 0.3436594009399414 8 9 -0.05449982494272795
-1 0.0 0 0 -0.0008323676010732334
1 0.34790104627609253 10 11 -0.19900400865932596
-1 0.0 0 0 -0.055018012054465916
-1 0.0 0 0 -0.01394007236145676
5 1.1203117370605469 13 14 0.049106992185581476
-1 0.0 0 0 -0.01956414468586445
3 0.8363030850887299 15 16 0.08632680088815961
-1 0.0 0 0 0.00305340644874115
-1 0.0 0 0 0.027027711001141826
8 42.5 18 19 -0.13830647068266752
-1 0.0 0 0 0.004570826368935003
5 1.1242382526397705 20 21 -0.23093973832572398
-1 0.0 0 0 -0.0708257544413209
4 0.9118873476982117 22 23 -0.15577157988674997
-1 0.0 0 0 0.02438923114538193
5 1.1526261568069458 24 25 -0.2537284159996346
-1 0.0 0 0 0.01567464846631755
-1 0.0 0 0 -0.037323376682551604
-1 0.0 0 0 -0.014266332943413047
-1 0.0 0 0 0.0008757103160004832
-1 0.0 0 0 6.3662147372989e-05
nodes 29
8 65.5 1 2 0.0
-1 0.0 0 0 -5.7201779828616155e-05
0 0.4412853419780731 3 4 0.013639606566355282
-1 0.0 0 0 0.008557916323116425
5 1.072037935256958 5 6 -0.002592796444796798
-1 0.0 0 0 0.043202047963296214
4 0.8336666226387024 7 18 -0.006734515337637415
4 0.8073484301567078 8 17 0.0020063410297330468
1 0.34790104627609253 9 12 -0.003436532986847142
3 0.6822059750556946 10 11 0.008401942487039791
-1 0.0 0 0 0.0004998663088837
-1 0.0 0 0 0.036011777875515134
2 0.41246384382247925 13 16 -0.12239128839668141
0 0.5218109488487244 14 15 -0.2362831891373998
-1 0.0 0 0 -0.008332556858244139
-1 0.0 0 0 -0.06546672688906684
-1 0.0 0 0 -0.002124253738919026
-1 0.0 0 0 0.015517703151519253
7 0.006000000284984708 19 22 -0.1713717428913408
6 0.8991849422454834 20 21 0.13724821913573476
-1 0.0 0 0 0.04297520707806815
-1 0.0 0 0 -0.016855126212943685
7 0.02199999988079071 23 24 -0.2880767705486383
-1 0.0 0 0 -0.050344169149067
2 0.4520031809806824 25 28 -0.1662255652788046
2 0.41334015130996704 26 27 -0.2819371897660728
-1 0.0 0 0 0.002215569578111172
-1 0.0 0 0 -0.04508776817367309
-1 0.0 0 0 0.01577669832855463
nodes 29
7 0.6780000030994415 1 2 0.0
-1 0.0 0 0 2.1520660521630342e-05
0 0.33725064992904663 3 26 -0.03466432523806889
2 0.3327009677886963 4 25 -0.016997339642663242
1 0.2068745195865631 5 22 -0.035274854599957065
1 0.17810039222240448 6 19 -0.05107131807011331
1 0.12347012758255005 7 10 -0.024540729599461235
6 1.0365744829177856 8 9 -0.05994423845568702
-1 0.0 0 0 -0.035260834864207675
-1 0.0 0 0 -0.003882414802986508
7 0.6899999976158142 11 12 0.05667908483540968
-1 0.0 0 0 -0.015373770846053958
8 29.5 13 18 0.10176839768454167
7 0.757999986410141 14 17 0.03377553305345709
6 1.0921313762664795 15 16 0.13508263411686608
-1 0.0 0 0 0.02812243750584977
-1 0.0 0 0 -0.0006019736447467886
-1 0.0 0 0 -0.0131210317249809
-1 0.0 0 0 0.04145355749875307
0 0.24371731281280518 20 21 -0.2753298772182667
-1 0.0 0 0 -0.039664016675669704
-1 0.0 0 0 -0.009047610268351578
3 0.8684862852096558 23 24 0.1367692366728316
-1 0.0 0 0 0.04017903576402561
-1 0.0 0 0 -0.012825188429459282
-1 0.0 0 0 0.04590884071020854
8 30.5 27 28 -0.23945713785419964
-1 0.0 0 0 -0.04845483038751852
-1 0.0 0 0 -0.005563876333846046
nodes 29
2 0.45285412669181824 1 2 0.0
-1 0.0 0 0 -0.00012837389019919492
6 0.9859054088592529 3 8 0.005536316014370457
6 0.9809349775314331 4 5 0.014190244794742833
-1 0.0 0 0 0.0007945902534058519
5 1.1444146633148193 6 7 0.07929979106345118
-1 0.0 0 0 0.004454195499593274
-1 0.0 0 0 0.018676942212278985
6 0.997190535068512 9 28 -0.010419651176393173
8 38.5 10 13 -0.05672576889757492
4 0.9489158987998962 11 12 0.004670060980606437
-1 0.0 0 0 0.02498241417342797
-1 0.0 0 0 -0.0015115388159664797
3 0.8428283333778381 14 27 -0.0848027305867966
1 0.4445168077945709 15 22 -0.016629345950240335
2 0.46974918246269226 16 17 -0.0704098028931305
-1 0.0 0 0 0.0020600600780535066
1 0.41844990849494934 18 21 -0.1734480132197034
1 0.4107646644115448 19 20 -0.4073993135007876
-1 0.0 0 0 -0.017321320545549194
-1 0.0 0 0 -0.07700100614418907
-1 0.0 0 0 -0.004856860293453006
4 0.9200274348258972 23 26 0.2266392630250759
1 0.4617869257926941 24 25 0.0533165641010864
-1 0.0 0 0 0.025332726928819382
-1 0.0 0 0 -0.03557962419634516
-1 0.0 0 0 0.05169547837227583
-1 0.0 0 0 -0.011620605897355012
-1 0.0 0 0 0.002210658531963238
nodes 29
4 1.099502444267273 1 6 0.0
3 0.9772628545761108 2 3 0.0006919050286761509
-1 0.0 0 0 0.00014605186554050742
2 0.47723984718322754 4 5 -0.028820725892217906
-1 0.0 0 0 -0.0055091369640460925
-1 0.0 0 0 0.005513413561010368
6 0.9119550585746765 7 24 -0.010336227191301573
1 0.30474844574928284 8 11 -0.08529984843810279
1 0.27636265754699707 9 10 -0.18918134089492794
-1 0.0 0 0 -0.006528016937687536
-1 0.0 0 0 -0.04782840744370506
6 0.9010445475578308 12 21 -0.027587908184311043
2 0.4658086895942688 13 18 0.031311842917393036
3 0.9741018414497375 14 17 0.1065638313210643
3 0.9119167327880859 15 16 -0.02205227104475699
-1 0.0 0 0 0.04099778300997886
-1 0.0 0 0 -0.017786640588377343
-1 0.0 0 0 0.029719126875612085
1 0.441461980342865 19 20 -0.15547434258457674
-1 0.0 0 0 -0.03893991001661764
-1 0.0 0 0 0.02655902210623026
7 0.01000000024214387 22 23 -0.22908705669014076
-1 0.0 0 0 -0.05138974715024233
-1 0.0 0 0 -0.007513548111593402
0 0.48177462816238403 25 28 -0.005340351718886395
0 0.4690226912498474 26 27 -0.00695736501419632
-1 0.0 0 0 -0.0004095084169527385
-1 0.0 0 0 -0.03840628662993285
-1 0.0 0 0 0.02250248838397788
nodes 29
0 0.41300198435783386 1 14 0.0
0 0.40881648659706116 2 13 0.0028684006861925382
8 61.5 3 4 0.0009778561625427467
-1 0.0 0 0 8.050655349365874e-06
1 0.2907625734806061 5 10 0.07196251369115762
4 0.8212556838989258 6 9 0.10201010272769205
5 1.4189019203186035 7 8 0.07564652622323624
-1 0.0 0 0 0.012728920377437053
-1 0.0 0 0 -0.0047617382968157314
-1 0.0 0 0 0.041566906421660235
7 0.041999999433755875 11 12 -0.1799364410651227
-1 0.0 0 0 -0.04446145970374346
-1 0.0 0 0 0.019061297729611397
-1 0.0 0 0 0.004636925143725476
7 0.3100000023841858 15 16 -0.0025497074596048048
-1 0.0 0 0 -8.112589968513751e-05
6 0.9708077311515808 17 18 -0.04499522446330809
-1 0.0 0 0 -0.029323629188040896
6 0.9745030403137207 19 20 -0.03572327224404386
-1 0.0 0 0 0.05068934569981966
3 0.9932294487953186 21 28 -0.041734132286002215
3 0.9772628545761108 22 27 -0.04908900906750305
5 4.759349822998047 23 26 -0.04298964995165334
0 0.43622860312461853 24 25 -0.037739148105966076
-1 0.0 0 0 -0.009594127937999786
-1 0.0 0 0 -0.001042539201201101
-1 0.0 0 0 -0.03808322859534609
-1 0.0 0 0 -0.038903858331853856
-1 0.0 0 0 0.0207170381951105
nodes 29
6 0.9532519578933716 1 28 0.0
7 0.13000000268220901 2 15 -0.0036968806637484555
5 1.0651826858520508 3 14 -0.0014093042476812363
1 0.4711032509803772 4 13 -0.09201247794008853
3 0.837673544883728 5 6 -0.04427968944507039
-1 0.0 0 0 -0.03135504816614446
5 1.0535590648651123 7 8 -0.003744301369487171
-1 0.0 0 0 0.03086239692444603
1 0.45300278067588806 9 12 -0.050021082201183086
2 0.4601956009864807 10 11 -0.09833158804330884
-1 0.0 0 0 -0.004095750313851683
-1 0.0 0 0 -0.042036677428310916
-1 0.0 0 0 0.02106013835260743
-1 0.0 0 0 -0.049522892812168914
-1 0.0 0 0 -4.0428202065199954e-05
2 0.4925873577594757 16 27 -0.04558628360888982
0 0.24371731281280518 17 18 -0.040592199160765154
-1 0.0 0 0 0.03162223529070616
1 0.39493027329444885 19 26 -0.04509330016162077
1 0.36109352111816406 20 21 -0.05618579936738163
-1 0.0 0 0 -0.004050946617640032
6 0.9463959336280823 22 25 -0.19844122043585186
6 0.9395260810852051 23 24 -0.09893431752596213
-1 0.0 0 0 -0.027996075719129293
-1 0.0 0 0 0.03148404017090797
-1 0.0 0 0 -0.044720847771057615
-1 0.0 0 0 0.010238238600021626
-1 0.0 0 0 -0.04655650043416591
-1 0.0 0 0 0.00019480737702241198
nodes 29
5 1.5828040838241577 1 2 0.0
-1 0.0 0 0 -9.274986168562478e-05
2 0.25739794969558716 3 4 0.007832405328093262
-1 0.0 0 0 -0.001388750802384168
8 31.5 5 8 0.015318796595194027
1 0.24093136191368103 6 7 0.05975397957111169
-1 0.0 0 0 0.005012528678195827
-1 0.0 0 0 0.03992545549516325
3 0.603765070438385 9 28 0.009009580622253724
5 1.6162904500961304 10 11 0.01317860101551593
-1 0.0 0 0 0.011110586102713054
3 0.5190415382385254 12 23 0.0059567802659447385
4 0.9012946486473083 13 20 0.013983711588928114
6 1.023139476776123 14 19 0.0028895622688884727
4 0.8958761096000671 15 18 -0.008583845893327176
1 0.22298870980739594 16 17 -0.004954825100313507
-1 0.0 0 0 -0.0018315808046365158
-1 0.0 0 0 0.0070181316143569
-1 0.0 0 0 -0.032367752083455735
-1 0.0 0 0 0.0077893719186932515
4 0.9041531682014465 21 22 0.07470820927722971
-1 0.0 0 0 0.04495067070238293
-1 0.0 0 0 0.0060064067729133025
4 0.8823177814483643 24 25 -0.055889883591839065
-1 0.0 0 0 -0.028338607912883163
7 0.11000000312924385 26 27 -0.031979927955802755
-1 0.0 0 0 0.004058232931116215
-1 0.0 0 0 -0.011086212375892267
-1 0.0 0 0 -0.012241288771817708
nodes 29
5 1.055977702140808 1 28 0.0
7 0.38199999928474426 2 25 0.018759304743183207
8 40.5 3 18 0.023724156723954812
6 0.997558057308197 4 17 0.05885689825409035
6 0.9875794053077698 5 8 0.021203583592791366
7 0.0020000000949949026 6 7 0.09563057231051582
-1 0.0 0 0 -0.02860462438801061
-1 0.0 0 0 0.01198807567646161
3 0.9646984338760376 9 12 -0.12278832925305744
0 0.48344340920448303 10 11 -0.00043189472856774796
-1 0.0 0 0 -0.008945410038259896
-1 0.0 0 0 0.03129262691736222
7 0.03399999998509884 13 14 -0.28355899322128225
-1 0.0 0 0 -0.056182065670904904
6 0.9929355978965759 15 16 -0.18197140178924043
-1 0.0 0 0 -0.04491261406378313
-1 0.0 0 0 -0.003862007850463071
-1 0.0 0 0 0.012259468307205734
7 0.17800000309944153 19 24 -0.009310576961769793
6 0.9956550598144531 20 23 -0.022937663611305347
0 0.5091556310653687 21 22 -0.0004708904394123387
-1 0.0 0 0 0.002137233606395078
-1 0.0 0 0 -0.01190741946766815
-1 0.0 0 0 -0.01563662859604104
-1 0.0 0 0 0.014748716689174688
0 0.43047255277633667 26 27 -0.19755026905543424
-1 0.0 0 0 -0.04310152559940304
-1 0.0 0 0 0.0015613414671110072
-1 0.0 0 0 -3.7522818260991344e-05
nodes 29
6 0.9998196363449097 1 8 0.0
7 0.3499999940395355 2 3 0.001681948360079118
-1 0.0 0 0 0.00010298952461906358
5 1.840211272239685 4 7 0.07352052904301717
6 0.954689621925354 5 6 0.046031088603194804
-1 0.0 0 0 -0.04026149838231505
-1 0.0 0 0 0.006280290439483388
-1 0.0 0 0 0.024888420081429784
7 0.03799999877810478 9 24 -0.004193443102389123
1 0.3436594009399414 10 13 -0.05941454658284783
2 0.3581344187259674 11 12 -0.1135168422933088
-1 0.0 0 0 -0.005795757565807661
-1 0.0 0 0 -0.035806179619535354
0 0.5049129724502563 14 21 0.024080987706240186
5 1.1063867807388306 15 20 0.06324124075850218
1 0.45127156376838684 16 19 -0.03735453953170994
8 41.5 17 18 -0.11194644096450737
-1 0.0 0 0 -0.0033577800420570673
-1 0.0 0 0 -0.035530169317988976
-1 0.0 0 0 0.028587703334374562
-1 0.0 0 0 0.014832665844890187
2 0.5059531927108765 22 23 -0.35750380366347556
-1 0.0 0 0 -0.07375601321458818
-1 0.0 0 0 -0.002702003976573115
2 0.5356968641281128 25 26 -0.0018298704450403333
-1 0.0 0 0 -0.00023621139054794094
0 0.5561773777008057 27 28 0.20057048992748605
-1 0.0 0 0 0.035332447136506046
-1 0.0 0 0 -0.01965898618102074
nodes 29
6 0.8778034448623657 1 28 0.0
2 0.2775428891181946 2 3 -0.007613259675318868
-1 0.0 0 0 0.004308356039965835
2 0.3627558946609497 4 17 -0.011921061796105392
8 38.5 5 8 -0.03425983382494304
1 0.28429678082466125 6 7 -0.13150425897553455
-1 0.0 0 0 -0.006839682652713045
-1 0.0 0 0 -0.03131771705694252
3 0.7958163022994995 9 14 -0.022151578553274057
3 0.6575028300285339 10 13 -0.02999591369624123
3 0.6430625915527344 11 12 -0.01110173496948897
-1 0.0 0 0 -0.0019343952835388619
-1 0.0 0 0 0.01999373782945927
-1 0.0 0 0 -0.009589512242613327
3 0.8243997097015381 15 16 0.14280358331026427
-1 0.0 0 0 0.03727847371516484
-1 0.0 0 0 -0.00871775705311198
2 0.3676583170890808 18 19 -0.0002765613608116949
-1 0.0 0 0 0.01399229625579352
3 0.8932445645332336 20 25 -0.006920147113258611
2 0.368681937456131 21 24 -0.013825172052311197
6 0.849768340587616 22 23 -0.2664953936182428
-1 0.0 0 0 -0.010111817112192513
-1 0.0 0 0 -0.06303252831101418
-1 0.0 0 0 -0.001113092110592339
3 0.9059672951698303 26 27 0.13953398323741617
-1 0.0 0 0 0.032840642283057296
-1 0.0 0 0 0.006361466928330415
-1 0.0 0 0 9.391387932240014e-05
nodes 29
6 0.5334320068359375 1 18 0.0
2 0.47486335039138794 2 17 -0.04133504483249405
2 0.44853663444519043 3 16 -0.054981556062322794
3 0.4445555508136749 4 15 -0.03458039883247104
8 43.5 5 6 -0.05608670279374748
-1 0.0 0 0 -0.03095594139858371
8 47.5 7 8 -0.03747507015376887
-1 0.0 0 0 0.017084198541442674
1 0.16825295984745026 9 10 -0.06371973857180926
-1 0.0 0 0 0.0015722422819381872
4 0.8265906572341919 11 14 -0.1728599042213896
2 0.36965224146842957 12 13 -0.05183496036973428
-1 0.0 0 0 -0.023865321148186923
-1 0.0 0 0 0.004969669784338254
-1 0.0 0 0 -0.0411547987928821
-1 0.0 0 0 0.013471281440116657
-1 0.0 0 0 -0.032647387919804226
-1 0.0 0 0 0.02004031540959009
5 1.5828040838241577 19 20 0.0001630876169522957
-1 0.0 0 0 -8.35367926882078e-05
7 0.030000001192092896 21 28 0.008919723917621155
2 0.4281599521636963 22 25 0.04391160587374513
8 39.5 23 24 0.022564510357475483
-1 0.0 0 0 -0.011346249924291198
-1 0.0 0 0 0.004637794927129225
2 0.46974918246269226 26 27 0.23589594202006564
-1 0.0 0 0 0.03623276323455723
-1 0.0 0 0 -0.020661497411920745
-1 0.0 0 0 0.0002745873524023929
nodes 29
7 0.0020000000949949026 1 28 0.0
5 1.3427772521972656 2 25 -0.011404241193758099
6 0.8065197467803955 3 8 -0.001868448432260094
0 0.4176984131336212 4 5 0.11622242085820976
-1 0.0 0 0 0.03910217980165934
8 41.5 6 7 0.03290558842189135
-1 0.0 0 0 -0.035460135005414485
-1 0.0 0 0 0.007903736681189566
6 0.9174297451972961 9 18 -0.009516416440762636
8 73.5 10 17 -0.049090047634632435
0 0.5332775115966797 11 12 -0.05844029749233995
-1 0.0 0 0 -0.004751112086664097
8 49.5 13 14 -0.2935071783598329
-1 0.0 0 0 0.011565198855740685
3 0.6606847047805786 15 16 -0.5083157409913838
-1 0.0 0 0 -0.02021622458472848
-1 0.0 0 0 -0.08144692361354829
-1 0.0 0 0 0.021836605767020956
4 0.8648931384086609 19 22 0.014291428574685707
4 0.8287536799907684 20 21 0.08596442257016294
-1 0.0 0 0 0.0012804979784743651
-1 0.0 0 0 0.022059811936277485
4 0.8756661415100098 23 24 -0.0007184303828924742
-1 0.0 0 0 -0.02511585724468415
-1 0.0 0 0 0.0006132115323222911
3 0.6169110238552094 26 27 -0.055809065752502565
-1 0.0 0 0 -0.0026827608802301446
-1 0.0 0 0 -0.016609961025743462
-1 0.0 0 0 5.867177087024306e-05
nodes 29
1 0.45300278067588806 1 2 0.0
-1 0.0 0 0 5.7387404516914693e-05
5 1.1308246850967407 3 8 -0.011623237298724982
2 0.4925873577594757 4 5 -0.001155736803968022
-1 0.0 0 0 -0.004506618054767287
8 39.5 6 7 0.017678103936377906
-1 0.0 0 0 -0.002258195165297379
-1 0.0 0 0 0.004346722123502178
5 1.1383984088897705 9 14 -0.09168807104630533
4 0.9370498657226562 10 11 -0.32372561073862016
-1 0.0 0 0 -0.08749908932617734
2 0.5132841467857361 12 13 -0.22805147079658533
-1 0.0 0 0 0.0003037120266394182
-1 0.0 0 0 -0.04206252966824016
3 0.8415682911872864 15 18 -0.00972456200076128
3 0.7880936861038208 16 17 0.11363467158083498
-1 0.0 0 0 -0.026303265119592353
-1 0.0 0 0 0.021924233217244952
0 0.5091556310653687 19 20 -0.07349895822973747
-1 0.0 0 0 0.007608946521125787
8 40.5 21 24 -0.24359547198119183
1 0.4617869257926941 22 23 -0.4811779291798862
-1 0.0 0 0 -0.08626702625304461
-1 0.0 0 0 -0.024274522083578633
6 0.9859054088592529 25 28 -0.07200814178213477
7 0.03399999998509884 26 27 0.07948241547609751
-1 0.0 0 0 -0.021504579323033495
-1 0.0 0 0 0.0481111790984869
-1 0.0 0 0 -0.04658835906535387
nodes 29
8 28.5 1 28 0.0
4 1.008457064628601 2 11 -0.011571894739528339
1 0.25562116503715515 3 4 -0.06761319926532804
-1 0.0 0 0 -0.0016545090157182897
7 0.3499999940395355 5 8 -0.18440248287912586
3 0.8999737501144409 6 7 -0.1249146612516294
-1 0.0 0 0 -0.005842830234106776
-1 0.0 0 0 -0.0330417952429729
5 1.11406672000885 9 10 -0.3802770175062483
-1 0.0 0 0 -0.005426109851604062
-1 0.0 0 0 -0.05493223088345042
2 0.3349543809890747 12 13 0.006404204327937768
-1 0.0 0 0 -0.0018710569407827558
2 0.3370398283004761 14 15 0.05659199822717288
-1 0.0 0 0 0.056046927834932626
4 1.2014892101287842 16 23 0.04546131914206159
5 1.0651826858520508 17 18 0.015433527532140971
-1 0.0 0 0 -0.022169023935090414
0 0.33570896089076996 19 22 0.02979675129708313
6 0.9968022704124451 20 21 -0.09796134485308662
-1 0.0 0 0 -0.044141489531724684
-1 0.0 0 0 -0.0022982048624995313
-1 0.0 0 0 0.005986770454059247
8 24.5 24 25 0.18058638138670438
-1 0.0 0 0 -0.0024701973180408063
5 1.873718500137329 26 27 0.2782753225255372
-1 0.0 0 0 0.019118430518734634
-1 0.0 0 0 0.06588953242257789
-1 0.0 0 0 5.788621813035815e-05
nodes 29
4 1.1143666505813599 1 2 0.0
-1 0.0 0 0 6.0182959866031345e-05
5 2.0047459602355957 3 22 -0.011203383754481913
5 1.3103986978530884 4 5 -0.017583645746854882
-1 0.0 0 0 -0.0002648082256369448
6 0.942974328994751 6 11 -0.04920244458212599
6 0.927817165851593 7 10 -0.2496789719966983
4 1.1541014909744263 8 9 -0.1415463853867122
-1 0.0 0 0 -0.04004447792416834
-1 0.0 0 0 0.010255781453368919
-1 0.0 0 0 -0.05998225857814154
1 0.2526635229587555 12 15 -0.0364396327510123
0 0.2897391617298126 13 14 -0.057333207173962175
-1 0.0 0 0 -0.004349016449363357
-1 0.0 0 0 -0.03259820863091529
3 0.8428283333778381 16 17 0.09322976727595496
-1 0.0 0 0 0.03992208462622431
7 0.4740000069141388 18 21 0.0008163541592907586
8 28.5 19 20 -0.06472812868048285
-1 0.0 0 0 0.01590920243900092
-1 0.0 0 0 -0.01727792370593411
-1 0.0 0 0 0.04235782684758306
2 0.3714727461338043 23 28 0.05266813748665999
2 0.3390514850616455 24 27 0.03274750799147031
2 0.3238759934902191 25 26 0.05410514885852872
-1 0.0 0 0 0.0030422997728026917
-1 0.0 0 0 0.04140738460421563
-1 0.0 0 0 -0.021439090775591987
-1 0.0 0 0 0.04337584408728973
nodes 29
4 0.5768035054206848 1 6 0.0
1 0.2143697589635849 2 3 -0.01667711433104094
-1 0.0 0 0 -7.966116193643469e-05
0 0.4475291669368744 4 5 -0.07224369169694565
-1 0.0 0 0 -0.028454900601891014
-1 0.0 0 0 -0.005560946088409071
8 65.5 7 8 0.00040186854932565565
-1 0.0 0 0 -2.9294284545632466e-05
2 0.37698498368263245 9 20 0.02315892312975143
3 0.5714473724365234 10 11 0.05627934726599512
-1 0.0 0 0 0.002859648357534121
5 1.1526261568069458 12 19 0.12551380714715718
5 1.1299288272857666 13 18 0.041207593576982615
0 0.46756815910339355 14 17 0.12913477785357802
5 1.0927542448043823 15 16 0.24548763534495313
-1 0.0 0 0 0.0005196121319099085
-1 0.0 0 0 0.040568197802885585
-1 0.0 0 0 -0.010114691926476856
-1 0.0 0 0 -0.011212883753951913
-1 0.0 0 0 0.01927794030808071
5 1.072037935256958 21 22 -0.029424934510528133
-1 0.0 0 0 0.040548554896598775
3 0.7542896270751953 23 26 -0.03775047703833746
2 0.3806103467941284 24 25 -0.020917457376265585
-1 0.0 0 0 -0.026086112522684474
-1 0.0 0 0 -0.0003596683051595326
3 0.7731608152389526 27 28 -0.23316829150606846
-1 0.0 0 0 -0.05427276713307947
-1 0.0 0 0 -0.005306101597168229
nodes 29
4 0.8593611717224121 1 28 0.0
8 47.5 2 21 -0.0045326456629842206
6 0.9949206709861755 3 20 -0.024302193185495004
2 0.4289567768573761 4 19 -0.0727611767752379
6 0.8849557042121887 5 6 -0.08123081833969188
-1 0.0 0 0 0.0003839458337628522
7 0.11000000312924385 7 18 -0.0977549975653682
5 1.0846501588821411 8 9 -0.13540838342043002
-1 0.0 0 0 -0.04402792977832132
3 0.7144395112991333 10 11 -0.1223171287279961
-1 0.0 0 0 -0.015732037978988617
8 40.5 12 15 -0.016693283418433097
8 37.5 13 14 0.22734156271479533
-1 0.0 0 0 -0.015643279680183957
-1 0.0 0 0 0.045120993909949905
5 1.100040078163147 16 17 -0.08641752517078408
-1 0.0 0 0 -0.040005822460620837
-1 0.0 0 0 -0.0032532118659852165
-1 0.0 0 0 -0.003740007370596823
-1 0.0 0 0 0.02041462809614399
-1 0.0 0 0 0.00025579827388370365
0 0.37456175684928894 22 27 0.004560666831476495
5 1.1526261568069458 23 24 0.05490214563942336
-1 0.0 0 0 0.01691564330110935
1 0.27104103565216064 25 26 0.034425610176020825
-1 0.0 0 0 0.0042011882999540475
-1 0.0 0 0 -0.034651366089071545
-1 0.0 0 0 -8.377376751021182e-05
-1 0.0 0 0 0.00015507074521499287
nodes 29
3 0.9059672951698303 1 28 0.0
3 0.88922119140625 2 3 0.0012574714726259026
-1 0.0 0 0 -4.0719463174401394e-05
4 1.018609881401062 4 15 0.028169101849667737
7 0.058000000193715096 5 8 0.04565140533269268
6 0.9990749955177307 6 7 0.010185829158077782
-1 0.0 0 0 0.0021598623018110556
-1 0.0 0 0 -0.020679991410579534
8 28.5 9 10 0.07828381191634697
-1 0.0 0 0 -0.017185259735176588
0 0.5107396841049194 11 12 0.0861422764635965
-1 0.0 0 0 0.009735966482265436
6 0.989262580871582 13 14 -0.0997625660287061
-1 0.0 0 0 0.021229388595030114
-1 0.0 0 0 -0.029545898506638864
6 0.9941444396972656 16 27 -0.014620917151640928
6 0.8724886775016785 17 20 -0.08174191721349025
2 0.3676583170890808 18 19 0.1715722500695847
-1 0.0 0 0 -0.029142722902109938
-1 0.0 0 0 0.026978426078579046
3 0.8972368836402893 21 22 -0.13149265383209743
-1 0.0 0 0 -0.00251368727116094
0 0.346476286649704 23 26 -0.20974875414518382
2 0.32936158776283264 24 25 -0.4108233253510905
-1 0.0 0 0 -0.01818528872999278
-1 0.0 0 0 -0.07839603355085409
-1 0.0 0 0 -0.015894343544191204
-1 0.0 0 0 0.00627693841815008
-1 0.0 0 0 -0.0005286746394306067
nodes 29
6 0.8778034448623657 1 28 0.0
2 0.26201754808425903 2 3 -0.007338830743817532
-1 0.0 0 0 0.00487822861952959
8 33.5 4 21 -0.0105139694679779
4 1.039710283279419 5 12 -0.09524492781374343
1 0.25562116503715515 6 7 -0.21954236287640375
-1 0.0 0 0 0.0014904787887799298
4 1.0285978317260742 8 11 -0.3113674969257166
8 32.5 9 10 -0.2377354774281991
-1 0.0 0 0 -0.009559294644502864
-1 0.0 0 0 -0.0482536503010326
-1 0.0 0 0 -0.06393646746873856
3 0.9364786148071289 13 18 0.03288884783727059
2 0.44513657689094543 14 17 0.11473052896277494
2 0.38800278306007385 15 16 0.043204240244338096
-1 0.0 0 0 0.016029694105458
-1 0.0 0 0 -0.023539563409727196
-1 0.0 0 0 0.04485198763154802
6 0.8571744561195374 19 20 -0.19360324644028795
-1 0.0 0 0 -0.04429325285283002
-1 0.0 0 0 0.006759885860429634
4 1.165919542312622 22 27 -0.007744048433025906
3 0.8323934674263 23 24 -0.008649327668380242
-1 0.0 0 0 -0.001430215804079475
3 0.8403329849243164 25 26 0.04060792731755274
-1 0.0 0 0 0.018949536788616553
-1 0.0 0 0 0.0015146994672184085
-1 0.0 0 0 0.04468871835619212
-1 0.0 0 0 9.052865610365674e-05
nodes 29
5 1.2383124828338623 1 2 0.0
-1 0.0 0 0 -0.00018172708296526572
2 0.4010032117366791 3 4 0.003699473623641823
-1 0.0 0 0 -3.58572873661188e-05
4 0.9936378598213196 5 22 0.027146799485939326
5 1.2911303043365479 6 21 0.041459833698429024
1 0.3403352200984955 7 8 0.08547136113509837
-1 0.0 0 0 0.02141087499066852
2 0.4115924537181854 9 10 0.04733387027907978
-1 0.0 0 0 -0.038730051403024025
4 0.7711651921272278 11 12 0.06056929848496281
-1 0.0 0 0 -0.03283203257378773
3 0.6503417491912842 13 14 0.07319046275994341
-1 0.0 0 0 0.03942456006464598
7 0.006000000284984708 15 20 0.046377066628761836
4 0.9479280114173889 16 19 -0.09894927170420631
3 0.7331202030181885 17 18 0.07237941868663804
-1 0.0 0 0 -0.006277438059138756
-1 0.0 0 0 0.05529262605640624
-1 0.0 0 0 -0.04821025247600946
-1 0.0 0 0 0.00817159849665601
-1 0.0 0 0 0.0017118362647648097
4 1.0073734521865845 23 26 -0.02536182458466411
7 0.006000000284984708 24 25 -0.17983540663059427
-1 0.0 0 0 0.009431359163588948
-1 0.0 0 0 -0.02349099821752004
8 28.5 27 28 0.02846381475517425
-1 0.0 0 0 0.030195244428786367
-1 0.0 0 0 0.0007484910118775482
nodes 29
0 0.41300198435783386 1 2 0.0
-1 0.0 0 0 0.00027677347578326886
5 2.4895951747894287 3 10 -0.0024602262736287345
0 0.4333851635456085 4 9 -0.001400382572938924
1 0.43135252594947815 5 8 -0.016993881558881273
7 0.4740000069141388 6 7 -0.015766358712859963
-1 0.0 0 0 -0.0013771135813817283
-1 0.0 0 0 -0.021488185559887695
-1 0.0 0 0 -0.03437667581587075
-1 0.0 0 0 0.00024993019226815516
2 0.39078155159950256 11 16 -0.06741118887672629
1 0.140812948346138 12 13 -0.10657943655152369
-1 0.0 0 0 -0.005605992837439788
5 2.6550912857055664 14 15 -0.3375874440281246
-1 0.0 0 0 -0.012801920904570985
-1 0.0 0 0 -0.05172173597273373
2 0.3973379135131836 17 18 0.061567081244323744
-1 0.0 0 0 0.05198549846256221
8 54.5 19 24 -0.010794166657986522
4 0.8721422553062439 20 21 -0.1381171340049774
-1 0.0 0 0 -0.05561443125275342
4 0.9542361497879028 22 23 0.09983679838478565
-1 0.0 0 0 0.02835888378787786
-1 0.0 0 0 -0.019416646480560306
1 0.18031607568264008 25 28 0.177422393768
1 0.14750473201274872 26 27 0.3694411400170561
-1 0.0 0 0 0.010732661211863162
-1 0.0 0 0 0.06672985580834476
-1 0.0 0 0 -0.023279947321861984
nodes 29
6 0.9998196363449097 1 2 0.0
-1 0.0 0 0 0.00016028141242149089
4 1.0002944469451904 3 26 -0.003996144810580557
6 1.011273980140686 4 19 -0.012581420422923196
5 1.07062566280365 5 6 -0.028319822692222423
-1 0.0 0 0 0.007243669689632953
2 0.5092617273330688 7 16 -0.03289492617968972
6 1.0083236694335938 8 15 -0.030505480528907
7 0.6180000007152557 9 14 -0.023801594319213304
8 29.5 10 13 -0.025213969956156053
5 1.4465043544769287 11 12 -0.14282363484616745
-1 0.0 0 0 -0.020461117631542344
-1 0.0 0 0 0.012198011430778675
-1 0.0 0 0 -0.0020572308515163606
-1 0.0 0 0 0.03313880981196792
-1 0.0 0 0 -0.009786275570640707
0 0.5299081802368164 17 18 -0.25400857425104545
-1 0.0 0 0 -0.059510485724442536
-1 0.0 0 0 -0.003857934288680554
4 0.9479280114173889 20 23 0.005193670267216789
1 0.28163468837738037 21 22 0.017259840017938753
-1 0.0 0 0 0.0025074392597815767
-1 0.0 0 0 -0.005585741645911945
5 1.0951874256134033 24 25 -0.03650706581095624
-1 0.0 0 0 0.015153305027633908
-1 0.0 0 0 -0.0050481509634328365
4 1.004995584487915 27 28 0.008825311129601214
-1 0.0 0 0 0.010903257726022277
-1 0.0 0 0 0.0004147936687183653
nodes 29
5 1.1055654287338257 1 28 0.0
5 1.100040078163147 2 11 -0.005123839630814588
1 0.3334908187389374 3 4 0.0008695484610432889
-1 0.0 0 0 0.0040921926456544706
0 0.3653821051120758 5 10 -0.00496216097380966
4 1.0147913694381714 6 9 -0.13509430680815207
7 0.026000000536441803 7 8 -0.34834627713419475
-1 0.0 0 0 -0.08131783358043149
-1 0.0 0 0 -0.02047952001919518
-1 0.0 0 0 -0.006657652572866543
-1 0.0 0 0 -0.00017951707899297925
7 0.030000001192092896 12 21 -0.04365619410990668
4 0.930331826210022 13 14 0.01463607745245099
-1 0.0 0 0 -0.010208876298490875
3 0.8608091473579407 15 16 0.07279862636901209
-1 0.0 0 0 0.031177609881795035
8 46.5 17 18 0.033762465530739305
-1 0.0 0 0 0.007912499019348526
7 0.006000000284984708 19 20 -0.15808321168879047
-1 0.0 0 0 -0.048534201622868964
-1 0.0 0 0 -0.0036529941431113658
7 0.14999999850988388 22 25 -0.07093198962705266
5 1.1008485555648804 23 24 -0.10088536072597395
-1 0.0 0 0 -0.022582224810888108
-1 0.0 0 0 -0.007916714608484646
0 0.5107396841049194 26 27 -0.005463207480688048
-1 0.0 0 0 -0.00259311258760399
-1 0.0 0 0 0.031734510549743265
-1 0.0 0 0 0.0001312578900105247
nodes 29
2 0.294132262468338 1 28 0.0
5 1.0883256196975708 2 9 -0.005616760357238061
6 0.9925296902656555 3 6 0.08482392012042664
8 44.5 4 5 -0.03068317497498356
-1 0.0 0 0 -0.011880556488920816
-1 0.0 0 0 0.014424634530250705
2 0.21889449656009674 7 8 0.1927744762843614
-1 0.0 0 0 -0.003101702209333984
-1 0.0 0 0 0.02592337697419818
2 0.289504736661911 10 11 -0.007789351846024947
-1 0.0 0 0 -0.0004418856697404417
5 1.2257800102233887 12 23 -0.0554172003245565
6 1.0 13 20 -0.14355015550584843
8 36.5 14 17 -0.19402332813553394
1 0.25701045989990234 15 16 -0.3839270422042052
-1 0.0 0 0 -0.06320393919146487
-1 0.0 0 0 -0.019916252646238565
1 0.26532232761383057 18 19 -0.12661162011115712
-1 0.0 0 0 -0.01785203445787457
-1 0.0 0 0 0.018484072669437437
5 1.1408898830413818 21 22 -0.014057507693622505
-1 0.0 0 0 -0.02954713815162259
-1 0.0 0 0 0.008180875701517645
6 0.9509370923042297 24 27 -0.0009600476202070819
6 0.8778034448623657 25 26 0.09458848321756963
-1 0.0 0 0 -0.0029676227357664053
-1 0.0 0 0 0.02359091344599923
-1 0.0 0 0 -0.004381926515649376
-1 0.0 0 0 0.0001203669280420203
nodes 29
5 1.078675389289856 1 28 0.0
8 33.5 2 5 -0.008471898833572746
7 0.0020000000949949026 3 4 0.04372687818688891
-1 0.0 0 0 0.03856606153914562
-1 0.0 0 0 0.0035449152705214096
2 0.4925873577594757 6 19 -0.016517107565884336
2 0.4909815788269043 7 14 -0.023236519341238077
6 0.9639084935188293 8 9 -0.020649282489987028
-1 0.0 0 0 -0.005868008044242855
7 0.05000000074505806 10 11 -0.006406706494050505
-1 0.0 0 0 0.003197685589610435
4 1.0469863414764404 12 13 -0.02730734491882661
-1 0.0 0 0 -0.0016106112160953895
-1 0.0 0 0 -0.01474619340605054
8 39.5 15 16 -0.2370802692199747
-1 0.0 0 0 0.013506119418889285
3 0.9205402731895447 17 18 -0.5140227536172715
-1 0.0 0 0 -0.003479981287382543
-1 0.0 0 0 -0.09307383542637462
7 0.01000000024214387 20 27 0.03233293817985074
1 0.4802774488925934 21 22 -0.15580897256731988
-1 0.0 0 0 0.016978268848454697
6 0.971337080001831 23 26 -0.3519988196113935
0 0.5240588784217834 24 25 -0.12936012448904954
-1 0.0 0 0 -0.05715351027267223
-1 0.0 0 0 0.02759669388954838
-1 0.0 0 0 -0.0672041943849763
-1 0.0 0 0 0.0064199792981200765
-1 0.0 0 0 7.604701621628397e-05
nodes 29
7 0.8219999969005585 1 28 0.0
6 0.8778034448623657 2 27 4.148222170007867e-05
5 1.1400465965270996 3 4 -0.007138133973123444
-1 0.0 0 0 0.021689387640970597
5 1.1444146633148193 5 14 -0.00783394911453353
0 0.41844508051872253 6 7 -0.11832222211247508
-1 0.0 0 0 0.01075685882076089
8 40.5 8 9 -0.20346568138696827
-1 0.0 0 0 -0.047806838362970776
8 46.5 10 11 -0.10621055767599803
-1 0.0 0 0 0.02085819475112423
1 0.3901820778846741 12 13 -0.25634236784222036
-1 0.0 0 0 -0.007062256417090171
-1 0.0 0 0 -0.05177257952314837
5 1.1471091508865356 15 20 -0.005997266270306975
0 0.4495224356651306 16 17 0.12514115535524994
-1 0.0 0 0 -0.0029973738015659397
0 0.490042507648468 18 19 0.2938626183200987
-1 0.0 0 0 0.04990498925617431
-1 0.0 0 0 -0.00578869946655773
1 0.4445168077945709 21 24 -0.007462706421818035
1 0.432563841342926 22 23 -0.008730152951951928
-1 0.0 0 0 -0.0006743095026363676
-1 0.0 0 0 -0.02008308177766459
7 0.018000000156462193 25 26 0.1262402280420065
-1 0.0 0 0 -0.0054713126713946715
-1 0.0 0 0 0.03866365190322807
-1 0.0 0 0 9.273974212164072e-05
-1 0.0 0 0 -0.015359639514375618
nodes 29
8 86.5 1 24 0.0
4 0.5343087315559387 2 13 -8.834228411680979e-05
3 0.40029430389404297 3 8 -0.02190865550926192
6 1.0178425312042236 4 7 -0.009793245656743964
7 0.39800000190734863 5 6 -0.03073602015777856
-1 0.0 0 0 -0.0025084818281414564
-1 0.0 0 0 -0.027425144646655433
-1 0.0 0 0 0.004759232289128869
0 0.4053398072719574 9 10 -0.12813913660021406
-1 0.0 0 0 0.0062546891594926525
8 72.5 11 12 -0.1754166642519018
-1 0.0 0 0 -0.024570110699278305
-1 0.0 0 0 -0.0038276288172133586
8 65.5 14 15 0.00023874066310970482
-1 0.0 0 0 -3.343735523859683e-05
2 0.4028462767601013 16 17 0.01737744768026926
-1 0.0 0 0 0.0034716141826891356
0 0.4880489706993103 18 23 -0.05319214187190604
7 0.01000000024214387 19 22 -0.24135974167871313
2 0.41334015130996704 20 21 -0.009242710362120373
-1 0.0 0 0 0.028200317453593016
-1 0.0 0 0 -0.028661974359835897
-1 0.0 0 0 -0.03773140028784318
-1 0.0 0 0 -0.0012792521797330434
7 0.05400000140070915 25 28 0.0705854800157249
0 0.48177462816238403 26 27 0.022154658862232866
-1 0.0 0 0 0.019545747786469295
-1 0.0 0 0 -0.00582176629939805
-1 0.0 0 0 0.027439851903667052
nodes 29
4 0.8287536799907684 1 28 0.0
8 56.5 2 25 -0.005208305754450703
5 1.1063867807388306 3 8 -0.016887067011162403
7 0.06200000084936619 4 7 -0.10848779081109357
8 53.5 5 6 -0.23732538371481687
-1 0.0 0 0 -0.03382847146086034
-1 0.0 0 0 -0.0022959681132119405
-1 0.0 0 0 0.0012896387627125095
1 0.32691267132759094 9 18 -0.012812841574806989
1 0.29600051045417786 10 11 -0.018743148369095155
-1 0.0 0 0 -0.0011745819668182087
5 1.1920920610427856 12 15 -0.08459287589779473
2 0.368681937456131 13 14 -0.012582455908922457
-1 0.0 0 0 -0.004636409286929052
-1 0.0 0 0 0.047845776705071334
0 0.42230498790740967 16 17 -0.1472419412881136
-1 0.0 0 0 0.028809270821511745
-1 0.0 0 0 -0.016538088501741488
4 0.8073484301567078 19 24 0.056485605406706836
6 0.8208140134811401 20 21 -0.008044860041421336
-1 0.0 0 0 0.05181809030240402
1 0.3303369879722595 22 23 -0.03346639448902817
-1 0.0 0 0 0.02437913797600845
-1 0.0 0 0 -0.00656013925825911
-1 0.0 0 0 0.012667663799940766
0 0.4290396571159363 26 27 0.009172871082582324
-1 0.0 0 0 0.004570800243692992
-1 0.0 0 0 -8.928773594294779e-05
-1 0.0 0 0 0.00013020764885563922
nodes 29
4 1.1434978246688843 1 2 0.0
-1 0.0 0 0 4.7671104173629654e-05
8 41.5 3 24 -0.013031675375185158
2 0.3788127303123474 4 13 -0.007237408973952717
1 0.3190125524997711 5 10 -0.023394211238989736
7 0.08999999985098839 6 7 -0.016715383432167025
-1 0.0 0 0 -0.009787199399910275
6 1.0 8 9 0.002574604908617192
-1 0.0 0 0 0.017038741297419033
-1 0.0 0 0 -0.0011600318933433944
0 0.32482439279556274 11 12 -0.35910753548805774
-1 0.0 0 0 -0.08048192244110397
-1 0.0 0 0 -0.005172016381703575
1 0.25701045989990234 14 15 0.03765848404570767
-1 0.0 0 0 0.051428840958303024
6 0.9859054088592529 16 23 0.020733480962480868
1 0.3446720838546753 17 18 0.0907262293278015
-1 0.0 0 0 0.038615272943219495
3 0.9646984338760376 19 20 0.03563061194498859
-1 0.0 0 0 -0.03948466351255775
0 0.3590152859687805 21 22 0.06521667703574914
-1 0.0 0 0 -0.025655881750086946
-1 0.0 0 0 0.010637400773229338
-1 0.0 0 0 -0.003051120980498603
7 0.03799999877810478 25 26 -0.18819286145138003
-1 0.0 0 0 -0.04418618316948414
7 0.10600000247359276 27 28 0.013131718106922648
-1 0.0 0 0 0.030871923847922256
-1 0.0 0 0 -0.03563526823584522
nodes 29
2 0.48770812153816223 1 2 0.0
-1 0.0 0 0 6.136052392744283e-05
2 0.4893527626991272 3 12 -0.009818308506653712
6 0.9813965559005737 4 9 -0.10150918068705193
5 1.0901012420654297 5 8 -0.031628446602553595
5 1.0732430219650269 6 7 -0.2930148548466411
-1 0.0 0 0 -0.0061509154450434915
-1 0.0 0 0 -0.057964096009908685
-1 0.0 0 0 0.003202523830662834
8 35.5 10 11 -0.21184718187310195
-1 0.0 0 0 0.0077852701147397355
-1 0.0 0 0 -0.02744223566055298
5 1.093538522720337 13 28 -0.003271346412898501
3 0.8480300307273865 14 15 0.02747239916701673
-1 0.0 0 0 0.03270662800837936
0 0.5420362949371338 16 25 0.012015091687832298
0 0.537302553653717 17 24 0.027181847673572623
2 0.5248068571090698 18 23 0.017434980217419356
2 0.4925873577594757 19 22 0.032588351884519674
7 0.15799999982118607 20 21 -0.09052747847988855
-1 0.0 0 0 -0.015917703050717307
-1 0.0 0 0 0.03328114256883661
-1 0.0 0 0 0.00550204735187127
-1 0.0 0 0 -0.0146432876182619
-1 0.0 0 0 0.029243588344460086
6 0.9620265960693359 26 27 -0.15325024939816573
-1 0.0 0 0 0.010864733482097709
-1 0.0 0 0 -0.02564983354845586
-1 0.0 0 0 -0.0018442498339439912
nodes 29
1 0.40046682953834534 1 2 0.0
-1 0.0 0 0 -0.00013517627063789714
3 0.6881499290466309 3 4 0.004591357212930032
-1 0.0 0 0 0.02843112640846998
1 0.4088214635848999 5 6 0.004110908152417435
-1 0.0 0 0 0.00292205348746508
8 37.5 7 8 -0.0004819493324359817
-1 0.0 0 0 0.0024735453479667892
5 1.1867930889129639 9 12 -0.009694310157741158
3 0.7260985374450684 10 11 -0.006253810254058349
-1 0.0 0 0 -0.02763167580991399
-1 0.0 0 0 -0.0005221413106910523
7 0.026000000536441803 13 20 -0.0787725331114446
4 0.9370498657226562 14 15 -0.17040737138058132
-1 0.0 0 0 -0.03622727608187245
0 0.4880489706993103 16 19 -0.09972012264021275
6 0.8457242846488953 17 18 -0.3899538346699306
-1 0.0 0 0 -0.07638953158065029
-1 0.0 0 0 -0.012932795387777416
-1 0.0 0 0 0.0006509209867396386
6 0.9850071668624878 21 22 -0.00998627656295876
-1 0.0 0 0 0.005967983607388306
5 1.2148460149765015 23 28 -0.1526624752432108
5 1.200608730316162 24 27 -0.3017112076669544
1 0.42899659276008606 25 26 -0.025003388822078705
-1 0.0 0 0 0.022287611149508377
-1 0.0 0 0 -0.03673131749743507
-1 0.0 0 0 -0.08141330944167244
-1 0.0 0 0 0.008643653301987797
nodes 29
3 0.9059672951698303 1 28 0.0
3 0.8697379231452942 2 15 0.0012337268470029878
3 0.8684862852096558 3 4 -0.0011313510933242852
-1 0.0 0 0 -5.4895180038285375e-05
5 1.167675495147705 5 14 -0.10457613543043287
2 0.42631056904792786 6 13 -0.1532074251595579
4 0.9457991719245911 7 8 -0.27174954859622913
-1 0.0 0 0 0.012517165994414917
7 0.058000000193715096 9 10 -0.35052780372638054
-1 0.0 0 0 -0.058145920322116074
6 0.9896978139877319 11 12 -0.16704806166203462
-1 0.0 0 0 0.0077424845600035045
-1 0.0 0 0 -0.03578561844031622
-1 0.0 0 0 -0.0036887966537324252
-1 0.0 0 0 0.009826753357131231
8 54.5 16 19 0.016913871933624973
7 0.4819999933242798 17 18 0.01933865338968309
-1 0.0 0 0 0.0016866840183441354
-1 0.0 0 0 0.01455370766343549
5 1.093538522720337 20 23 -0.12570985540547697
2 0.4555899500846863 21 22 0.022167989177648555
-1 0.0 0 0 0.02115020144653196
-1 0.0 0 0 -0.01633020764102741
5 1.1086814403533936 24 25 -0.3050117419625167
-1 0.0 0 0 -0.05661156517453492
5 1.1332992315292358 26 27 -0.13094246877396168
-1 0.0 0 0 0.01412656570901163
-1 0.0 0 0 -0.04031505946380397
-1 0.0 0 0 -0.0005186917756075178
nodes 29
8 34.5 1 2 0.0
-1 0.0 0 0 -0.0005222544735617046
0 0.3042943775653839 3 28 0.0012347671737384283
8 43.5 4 23 0.02129720168370809
6 0.9888512492179871 5 12 0.00990108540645609
8 36.5 6 9 -0.03328443044132098
2 0.321533739566803 7 8 -0.11789333813690714
-1 0.0 0 0 -0.008863957394992253
-1 0.0 0 0 -0.061081926468759776
4 0.9489158987998962 10 11 -0.006363414356361746
-1 0.0 0 0 -0.006932272384287916
-1 0.0 0 0 0.00468620545187533
6 1.0035117864608765 13 16 0.030274730682010247
3 0.6762468218803406 14 15 0.08014339662816342
-1 0.0 0 0 -0.003783235631963629
-1 0.0 0 0 0.011257338301539795
4 1.109063982963562 17 20 0.00228569356980177
2 0.3105638027191162 18 19 0.0154012889718944
-1 0.0 0 0 0.000984119187524492
-1 0.0 0 0 0.035827394326527914
5 1.2631750106811523 21 22 -0.19034961389843374
-1 0.0 0 0 0.0007542351045860694
-1 0.0 0 0 -0.03257493793866353
6 0.9836801290512085 24 27 0.0654463876645987
2 0.294132262468338 25 26 0.12053686380614992
-1 0.0 0 0 0.010289035129842465
-1 0.0 0 0 0.05022243936028745
-1 0.0 0 0 0.0007411420556861137
-1 0.0 0 0 -3.1655530345542155e-05
nodes 29
5 1.2383124828338623 1 28 0.0
6 1.0263746976852417 2 11 -0.0017620038263174858
3 0.6995488405227661 3 10 -0.0006147797025555197
8 44.5 4 7 -0.02274484726519669
4 0.7747266292572021 5 6 -0.10583990166334485
-1 0.0 0 0 0.00665080627450152
-1 0.0 0 0 -0.01887742604763903
0 0.49982646107673645 8 9 -0.012712328950731813
-1 0.0 0 0 0.00013141310529767678
-1 0.0 0 0 -0.007861546349667806
-1 0.0 0 0 0.00014160926736346685
1 0.29600051045417786 12 13 -0.04352147379923912
-1 0.0 0 0 -0.0018096689142606541
5 1.2020856142044067 14 27 -0.1537712096466012
7 0.07399999722838402 15 16 -0.10448439735942755
-1 0.0 0 0 -0.04939107311623437
0 0.34925079345703125 17 20 -0.052461795515526544
7 0.28200000524520874 18 19 -0.3152371263907601
-1 0.0 0 0 -0.009647954348474742
-1 0.0 0 0 -0.055973089552100966
2 0.3973379135131836 21 26 0.04711622460561461
0 0.389507919549942 22 23 -0.04714396697321407
-1 0.0 0 0 0.010816385331049611
4 0.8648931384086609 24 25 -0.30711575310029415
-1 0.0 0 0 -0.005303544141352177
-1 0.0 0 0 -0.06095923146321661
-1 0.0 0 0 0.022016105392197175
-1 0.0 0 0 -0.05291092416796929
-1 0.0 0 0 0.00035869648180690403
nodes 29
5 1.1055654287338257 1 28 0.0
5 1.100040078163147 2 11 -0.00495932341965034
1 0.3334908187389374 3 4 0.0003613567308195313
-1 0.0 0 0 0.003558721327177418
0 0.3653821051120758 5 10 -0.004767601154371074
4 1.0147913694381714 6 9 -0.12016164693635344
7 0.026000000536441803 7 8 -0.3134189226109995
-1 0.0 0 0 -0.07312461963100803
-1 0.0 0 0 -0.018438402926275396
-1 0.0 0 0 -0.005806815403005922
-1 0.0 0 0 -0.00019592880513585368
7 0.02199999988079071 12 19 -0.03916674174223406
4 0.9130311012268066 13 18 0.023382140976253015
0 0.512292206287384 14 17 -0.14240546735726903
6 0.971337080001831 15 16 -0.08933768853561339
-1 0.0 0 0 -0.01669510410664449
-1 0.0 0 0 0.01687267086294014
-1 0.0 0 0 -0.05249357063633701
-1 0.0 0 0 0.0089362259848382
8 56.5 20 23 -0.0602499501402823
4 0.8665719628334045 21 22 -0.06980942217820776
-1 0.0 0 0 -0.02177332719363883
-1 0.0 0 0 -0.005906316561900038
7 0.058000000193715096 24 27 0.11889823257045534
0 0.4595015048980713 25 26 0.2975152952389585
-1 0.0 0 0 -0.008095426205545665
-1 0.0 0 0 0.05201444465886144
-1 0.0 0 0 -0.0074008195111528036
-1 0.0 0 0 0.00012704344831646367
nodes 29
2 0.2926456332206726 1 28 0.0
2 0.289504736661911 2 21 -0.005610766765794579
3 0.8403329849243164 3 16 -0.0026286926061839092
8 37.5 4 15 -0.009212339555440147
6 1.0365744829177856 5 14 -0.026509904717571583
7 0.13000000268220901 6 7 -0.05632983293645818
-1 0.0 0 0 -0.010690366395452046
7 0.5900000035762787 8 9 -0.03024994795153408
-1 0.0 0 0 -0.001524981529845441
3 0.7418375015258789 10 13 -0.1935650016892062
3 0.621065616607666 11 12 -0.10175466632843018
-1 0.0 0 0 -0.025429636665752958
-1 0.0 0 0 0.02107697928824076
-1 0.0 0 0 -0.04543898180550473
-1 0.0 0 0 0.0006448963313829392
-1 0.0 0 0 0.0004134192031677364
0 0.26624077558517456 17 18 0.025169159779118985
-1 0.0 0 0 0.0009924746440338119
8 27.5 19 20 0.10627921471792298
-1 0.0 0 0 0.039630165778928333
-1 0.0 0 0 0.008372887357198568
5 1.2020856142044067 22 27 -0.06826094977975804
7 0.0819999985396862 23 24 -0.15809285061369094
-1 0.0 0 0 -0.027374251946806913
5 1.1008485555648804 25 26 -0.060415765432628325
-1 0.0 0 0 0.03126644673149871
-1 0.0 0 0 -0.012906252825818957
-1 0.0 0 0 -0.0020268564402725394
-1 0.0 0 0 0.00011700258636366875
nodes 29
0 0.37456175684928894 1 26 0.0
0 0.3677557408809662 2 25 0.0037088654145219185
2 0.3815332353115082 3 24 -0.0005270638155995879
1 0.3334908187389374 4 17 -0.0025552326901518434
8 44.5 5 14 -0.0005122213610085439
7 0.10200000181794167 6 9 -0.006174744329662201
5 1.1203117370605469 7 8 -0.025963391975207743
-1 0.0 0 0 0.0028799014268671725
-1 0.0 0 0 -0.0037219558659453006
7 0.18599999696016312 10 13 0.004099068452761338
2 0.3751310706138611 11 12 0.030967312096951784
-1 0.0 0 0 0.003400878200396997
-1 0.0 0 0 -0.030790312670999104
-1 0.0 0 0 -0.0005471058463982081
2 0.3627558946609497 15 16 0.031321112013922646
-1 0.0 0 0 0.003530323287969469
-1 0.0 0 0 -0.023652547671169533
4 1.0121104717254639 18 23 -0.08921977327241061
0 0.36418288946151733 19 22 -0.2546353814898119
5 1.0651826858520508 20 21 -0.40842948456863976
-1 0.0 0 0 -0.008875195138777296
-1 0.0 0 0 -0.06367705796978304
-1 0.0 0 0 -0.004168970030374252
-1 0.0 0 0 -0.005022445878770005
-1 0.0 0 0 0.007129352607961787
-1 0.0 0 0 0.00559513925110481
0 0.3801860511302948 27 28 -0.001695516841633644
-1 0.0 0 0 -0.005573434668534279
-1 0.0 0 0 -1.059487661001847e-05
nodes 29
5 1.078675389289856 1 28 0.0
7 0.5179999768733978 2 27 -0.008284431328689251
8 52.5 3 6 -0.009337887114244063
0 0.2897391617298126 4 5 -0.004119707261977252
-1 0.0 0 0 0.010143495843374819
-1 0.0 0 0 -0.0006678345419761887
6 0.9455603361129761 7 16 -0.062435529447718185
6 0.9349129796028137 8 9 -0.21024089359412787
-1 0.0 0 0 0.00634442682604532
6 0.9377891421318054 10 11 -0.3307926910776933
-1 0.0 0 0 -0.07209326784055599
1 0.4194914698600769 12 15 -0.18369072864259609
2 0.4089648723602295 13 14 -0.3383926426560232
-1 0.0 0 0 0.003203701070465502
-1 0.0 0 0 -0.07273437786847353
-1 0.0 0 0 0.013344819508492948
8 65.5 17 24 -0.03330776224622703
7 0.07799999788403511 18 19 -0.05761513970261058
-1 0.0 0 0 -0.0004160361469520214
8 56.5 20 21 -0.18927227868411092
-1 0.0 0 0 -0.03043742632549821
6 0.972412645816803 22 23 -0.008397731501313429
-1 0.0 0 0 -0.03288368589821316
-1 0.0 0 0 0.015182183223909566
6 0.9679938554763794 25 26 0.22398353498077617
-1 0.0 0 0 0.04894306744847979
-1 0.0 0 0 -0.007331726126372815
-1 0.0 0 0 0.036793669139075544
-1 0.0 0 0 7.436424113974266e-05
nodes 29
4 0.7892773747444153 1 28 0.0
1 0.3436594009399414 2 27 -0.006036302316526486
8 59.5 3 26 -0.0024011095564261346
0 0.5420362949371338 4 25 -0.014858669368557639
2 0.40192925930023193 5 18 -0.013392678170243357
0 0.37356624007225037 6 9 -0.01631408828537569
2 0.2926456332206726 7 8 0.012358770364245474
-1 0.0 0 0 0.0005218666149986376
-1 0.0 0 0 0.02118109122614612
6 1.001052975654602 10 13 -0.03037548460209249
7 0.39399999380111694 11 12 -0.04483279650814674
-1 0.0 0 0 -0.003928348554350809
-1 0.0 0 0 -0.022110237324670927
2 0.3676583170890808 14 15 0.013136813367585338
-1 0.0 0 0 0.00013219532856821635
7 0.3499999940395355 16 17 0.22414023004157443
-1 0.0 0 0 0.048693102661599506
-1 0.0 0 0 -0.02904917465833326
4 0.7495713829994202 19 20 0.17362431176006793
-1 0.0 0 0 0.060375307790107205
6 0.9509370923042297 21 24 0.05511944761917907
6 0.8849557042121887 22 23 -0.12582527739168317
-1 0.0 0 0 0.008330590666874367
-1 0.0 0 0 -0.048134829029440884
-1 0.0 0 0 0.02771879737688737
-1 0.0 0 0 -0.02630693041331445
-1 0.0 0 0 0.0015713538516177042
-1 0.0 0 0 -0.00763795765256493
-1 0.0 0 0 0.0001024526156802613
nodes 29
2 0.18196013569831848 1 14 0.0
7 0.28999999165534973 2 5 -0.017628969486332288
5 1.1040712594985962 3 4 -0.049835782612503716
-1 0.0 0 0 -0.02061700495325175
-1 0.0 0 0 -0.003996814942819592
4 1.061830759048462 6 11 0.00747597831346922
3 0.8032020330429077 7 8 0.02694801235639625
-1 0.0 0 0 0.001342414938785345
0 0.12108592689037323 9 10 0.14120133743546476
-1 0.0 0 0 -0.0077898046746850014
-1 0.0 0 0 0.022954786331543037
6 1.0668526887893677 12 13 -0.04968835019826656
-1 0.0 0 0 -0.019694058344729485
-1 0.0 0 0 -0.0007809274687075031
2 0.23905977606773376 15 24 0.0003526189470219929
3 0.5714473724365234 16 17 0.01474908737213818
-1 0.0 0 0 -0.001319553019784819
6 0.8605564832687378 18 19 0.030910247007040516
-1 0.0 0 0 0.02312780897238202
1 0.2143697589635849 20 21 0.026988906650840916
-1 0.0 0 0 0.0023523280839455396
6 0.9937387704849243 22 23 0.21957868388355045
-1 0.0 0 0 -0.005094337081980138
-1 0.0 0 0 0.03818919167055616
2 0.2926456332206726 25 26 -0.0004370561805454136
-1 0.0 0 0 -0.0013179254107503896
1 0.2213984727859497 27 28 0.0011330622563784935
-1 0.0 0 0 0.0023361313204900615
-1 0.0 0 0 -4.133158133052839e-05
nodes 29
6 1.0921313762664795 1 20 0.0
6 1.0668526887893677 2 15 0.00035087139559126547
2 0.1738680601119995 3 14 -3.037881066279821e-05
6 0.9679938554763794 4 5 -0.03852455793789305
-1 0.0 0 0 -0.012947183350244394
5 1.302557110786438 6 13 -0.022171659150352782
5 1.1594018936157227 7 8 0.013989633502342471
-1 0.0 0 0 -0.00828115874901414
6 1.0482677221298218 9 12 0.06714230393821542
8 31.5 10 11 0.1024776089502156
-1 0.0 0 0 -0.0028692875783574785
-1 0.0 0 0 0.014966699065322556
-1 0.0 0 0 -0.008439179255555455
-1 0.0 0 0 -0.007403937184411769
-1 0.0 0 0 3.1162238499939745e-05
1 0.26821404695510864 16 17 0.03172643531095862
-1 0.0 0 0 0.0042034220941823824
0 0.35497045516967773 18 19 -0.21072127254835019
-1 0.0 0 0 -0.045168208737264987
-1 0.0 0 0 -0.0006831352312404376
2 0.2862556278705597 21 24 -0.01755072740914524
4 0.8184172511100769 22 23 -0.005884220822176923
-1 0.0 0 0 0.0027928596990286127
-1 0.0 0 0 -0.002602542998844553
4 0.7191745042800903 25 26 -0.1249798088974785
-1 0.0 0 0 0.007480990164207691
2 0.34431013464927673 27 28 -0.16644559787738622
-1 0.0 0 0 -0.01189298079409402
-1 0.0 0 0 -0.049668033793568614
nodes 29
6 0.6746454834938049 1 28 0.0
5 1.5112497806549072 2 3 -0.02251975979300059
-1 0.0 0 0 0.01780934224917013
1 0.31561025977134705 4 27 -0.03734609899469844
2 0.4760608375072479 5 26 -0.025603308659944715
2 0.44853663444519043 6 25 -0.03336459382845466
3 0.5947076678276062 7 24 -0.021857331534785567
2 0.41687846183776855 8 15 -0.03316268030590042
2 0.4098866581916809 9 14 -0.05469688421637329
3 0.5663393139839172 10 13 -0.039657895760640494
3 0.5304385423660278 11 12 -0.026757896750287835
-1 0.0 0 0 -0.004182315594993912
-1 0.0 0 0 0.016295277465272835
-1 0.0 0 0 -0.0377822155532028
-1 0.0 0 0 -0.035626817903922574
2 0.42211008071899414 16 17 0.08730839052191981
-1 0.0 0 0 0.05307096326007293
2 0.4281599521636963 18 19 -0.011225218828926738
-1 0.0 0 0 -0.033892896957695484
8 55.5 20 21 0.09676806266758252
-1 0.0 0 0 0.03221254344320014
1 0.2803013324737549 22 23 -0.10899301589993031
-1 0.0 0 0 0.009033755950916272
-1 0.0 0 0 -0.03681227639317513
-1 0.0 0 0 0.023197466587381706
-1 0.0 0 0 -0.025561269891206356
-1 0.0 0 0 0.030942550111406793
-1 0.0 0 0 -0.03831060366291139
-1 0.0 0 0 2.6821438813892923e-05
nodes 29
5 1.0599510669708252 1 10 0.0
2 0.5248068571090698 2 7 0.014422247533514168
8 57.5 3 4 0.01927956999707773
-1 0.0 0 0 0.002463659465057336
0 0.48344340920448303 5 6 -0.15300498830361497
-1 0.0 0 0 0.008273211430678978
-1 0.0 0 0 -0.04788768654415274
2 0.5356968641281128 8 9 -0.2030238880853479
-1 0.0 0 0 -0.05902986899018288
-1 0.0 0 0 -0.0009386487177107484
5 1.0679799318313599 11 28 -0.0004072170951470211
4 1.0014820098876953 12 13 -0.03292974361428772
-1 0.0 0 0 0.000380297279761357
7 0.11000000312924385 14 19 -0.0946869371440096
4 1.0108731985092163 15 16 -0.03050466439190075
-1 0.0 0 0 -0.03146323154701062
7 0.01000000024214387 17 18 0.025331366541378422
-1 0.0 0 0 -0.02220453428961928
-1 0.0 0 0 0.007130402935721024
5 1.0666022300720215 20 25 -0.21817362991906702
7 0.18599999696016312 21 24 -0.13990933237486144
8 32.5 22 23 -0.30223853903465925
-1 0.0 0 0 0.008489821055396037
-1 0.0 0 0 -0.04205303236311819
-1 0.0 0 0 0.0002697634223465608
2 0.4357823431491852 26 27 -0.5392169729065226
-1 0.0 0 0 -0.023922042907880886
-1 0.0 0 0 -0.09392123646768076
-1 0.0 0 0 2.6170384402560024e-05
nodes 29
2 0.45285412669181824 1 2 0.0
-1 0.0 0 0 -0.0001161178538935204
6 0.8140664100646973 3 22 0.0050077559341873785
7 0.026000000536441803 4 13 -0.058295779041703306
6 0.7661007046699524 5 6 -0.12399848029470174
-1 0.0 0 0 -0.004245141304259093
1 0.3802894651889801 7 8 -0.24352637339026145
-1 0.0 0 0 -0.05706927182481569
4 0.9200274348258972 9 10 -0.14420801870125746
-1 0.0 0 0 0.013162669241428377
3 0.8002449870109558 11 12 -0.24512315691426034
-1 0.0 0 0 -0.038872230277871185
-1 0.0 0 0 0.0017316661389737296
2 0.4658086895942688 14 17 0.11186949039052288
3 0.7120688557624817 15 16 -0.13569540590047835
-1 0.0 0 0 0.015563275098800658
-1 0.0 0 0 -0.04270235627889633
3 0.6793556213378906 18 19 0.2509508928011977
-1 0.0 0 0 -0.00760124595119403
3 0.780170202255249 20 21 0.38588814931138166
-1 0.0 0 0 0.06416185823710341
-1 0.0 0 0 -0.0002822108939290047
6 0.9632768034934998 23 24 0.006731640672943625
-1 0.0 0 0 0.0022098855115371455
6 0.9679938554763794 25 28 -0.0037539577236890987
0 0.5076702833175659 26 27 -0.0799420864958948
-1 0.0 0 0 -0.012880323433165362
-1 0.0 0 0 0.00776562978529689
-1 0.0 0 0 0.00017271486765158385
nodes 29
6 0.9532519578933716 1 28 0.0
7 0.10600000247359276 2 3 -0.003400927006177351
-1 0.0 0 0 -7.157355895409686e-05
2 0.3647458851337433 4 9 -0.034547774942633905
3 0.4803473651409149 5 6 0.003590254288683827
-1 0.0 0 0 -0.005921426436298076
0 0.3832773268222809 7 8 0.04683722546548795
-1 0.0 0 0 -0.00041433161772827775
-1 0.0 0 0 0.012645852084015237
7 0.21400000154972076 10 27 -0.08353239964340897
2 0.38711297512054443 11 16 -0.06174599074372794
6 0.942974328994751 12 15 -0.17512982869089821
6 0.8873907327651978 13 14 -0.29265345496234113
-1 0.0 0 0 0.005615894574884806
-1 0.0 0 0 -0.03651339538114194
-1 0.0 0 0 0.012026739409948523
5 1.0776479244232178 17 18 -0.0255744596194773
-1 0.0 0 0 -0.03859952473111691
3 0.43626442551612854 19 20 -0.011323127453096628
-1 0.0 0 0 0.03774915651107828
3 0.5714473724365234 21 22 -0.02360148616564019
-1 0.0 0 0 -0.03875465635035653
0 0.5177079439163208 23 26 -0.0033823152024221297
1 0.3257856070995331 24 25 -0.025255884472430514
-1 0.0 0 0 0.029413471684644102
-1 0.0 0 0 -0.004404356690295237
-1 0.0 0 0 0.04122155009277372
-1 0.0 0 0 -0.02724065090559663
-1 0.0 0 0 0.0001792120631872074
nodes 29
6 0.9908940196037292 1 28 0.0
6 0.9896978139877319 2 3 0.001924407069260068
-1 0.0 0 0 9.239712694339029e-05
5 1.1179993152618408 4 19 0.0539683364280741
4 1.0641294717788696 5 16 -0.02777686074006721
3 0.7677797675132751 6 7 0.00657899638603003
-1 0.0 0 0 -0.033940372745627945
4 0.8806922435760498 8 9 0.026276032644379332
-1 0.0 0 0 0.03169583219748277
3 0.8722615242004395 10 15 0.0062820127433432
7 0.0819999985396862 11 12 -0.1415895833806307
-1 0.0 0 0 0.007693850994110108
4 0.9291630983352661 13 14 -0.31641205803801614
-1 0.0 0 0 -0.004174716554341778
-1 0.0 0 0 -0.061001935691155244
-1 0.0 0 0 0.006543065119293277
0 0.4283096194267273 17 18 -0.3399034776090783
-1 0.0 0 0 -0.06109259321043889
-1 0.0 0 0 -0.005709743813571075
5 1.129093050956726 20 23 0.10916381143904132
4 0.9642592668533325 21 22 0.35724937343511026
-1 0.0 0 0 0.01372807764393442
-1 0.0 0 0 0.05709331533738546
2 0.30531132221221924 24 25 0.08212130942051248
-1 0.0 0 0 -0.004486459275257999
1 0.29346829652786255 26 27 0.1106133106817866
-1 0.0 0 0 0.023689121108696753
-1 0.0 0 0 0.0066432530905561425
-1 0.0 0 0 -0.0003187307336474546
nodes 29
1 0.45300278067588806 1 16 0.0
1 0.4445168077945709 2 7 0.000542895245307251
1 0.4430437684059143 3 4 -0.00025402664158727156
-1 0.0 0 0 1.601323721374499e-05
8 53.5 5 6 -0.09844986096200324
-1 0.0 0 0 -0.007243413602943383
-1 0.0 0 0 -0.05158325783584429
3 0.8506315350532532 8 9 0.03847247576107134
-1 0.0 0 0 0.013217199305286193
6 0.8849557042121887 10 11 0.014235694330653106
-1 0.0 0 0 0.04131166941951961
7 0.22600000351667404 12 15 0.007995052872537703
1 0.4495033025741577 13 14 0.02146951415968281
-1 0.0 0 0 0.006335054856793732
-1 0.0 0 0 -0.003814428180525089
-1 0.0 0 0 -0.01425767050028616
5 1.1308246850967407 17 20 -0.010995792234492143
2 0.471752405166626 18 19 -0.0015590048930562972
-1 0.0 0 0 -0.03258063120301813
-1 0.0 0 0 9.539313695709734e-05
5 1.1383984088897705 21 28 -0.08317680717514389
8 40.5 22 25 -0.2903930819003095
1 0.4617869257926941 23 24 -0.01670138863000003
-1 0.0 0 0 0.030262985541706994
-1 0.0 0 0 -0.02139353923061315
3 0.8351253867149353 26 27 -0.4634165661516546
-1 0.0 0 0 -0.08886524081230164
-1 0.0 0 0 -0.03364804939213974
-1 0.0 0 0 -0.0009981008640383903
nodes 29
5 1.2238537073135376 1 28 0.0
5 1.1974958181381226 2 7 -0.001795192463879725
6 1.041933298110962 3 4 0.000448079260013683
-1 0.0 0 0 0.000125945849339314
5 1.1516213417053223 5 6 -0.08223779453026586
-1 0.0 0 0 -0.015264968765778403
-1 0.0 0 0 -0.0004469434956589074
7 0.03399999998509884 8 9 -0.022547422437544595
-1 0.0 0 0 -0.005360278977045574
7 0.08999999985098839 10 13 -0.007079061344790856
5 1.2020856142044067 11 12 0.03123106262768116
-1 0.0 0 0 -0.007492999950122998
-1 0.0 0 0 0.005389641044830709
1 0.20099541544914246 14 15 -0.03208495915476273
-1 0.0 0 0 0.009252986980027997
7 0.14999999850988388 16 25 -0.047502935774921
2 0.3411175608634949 17 20 -0.09953299893545146
1 0.25701045989990234 18 19 -0.20147224178486317
-1 0.0 0 0 -0.007157259836260761
-1 0.0 0 0 -0.033718828715139884
8 33.5 21 22 -0.05000932421782946
-1 0.0 0 0 -0.036378942313985745
1 0.41272562742233276 23 24 -0.011956469278975167
-1 0.0 0 0 0.0014491800239850438
-1 0.0 0 0 -0.03355997673382884
4 0.9358689785003662 26 27 -0.016732863136583297
-1 0.0 0 0 -0.00818281678631239
-1 0.0 0 0 0.0027850841408585997
-1 0.0 0 0 0.00032353305420794996
nodes 29
0 0.415397047996521 1 2 0.0
-1 0.0 0 0 0.00025007035729391507
0 0.4297732412815094 3 26 -0.0023302670457367738
1 0.427859365940094 4 25 -0.02217939828724742
6 1.021686315536499 5 18 -0.020674051284214307
8 59.5 6 15 -0.017270896325450102
8 46.5 7 8 -0.02289498532113262
-1 0.0 0 0 -0.0008100063036383126
7 0.058000000193715096 9 10 -0.052101404737586274
-1 0.0 0 0 -0.008946451847284051
2 0.4177689552307129 11 12 -0.004226344630333892
-1 0.0 0 0 0.0017620725000801866
4 1.0488117933273315 13 14 -0.2720005629470924
-1 0.0 0 0 -0.04333745608778877
-1 0.0 0 0 0.016370923146605494
2 0.3898385763168335 16 17 0.05042157447972684
-1 0.0 0 0 0.006830596591365554
-1 0.0 0 0 -0.026136298285176357
2 0.3676583170890808 19 20 -0.14152796309569787
-1 0.0 0 0 0.0007557391777634621
2 0.3824716806411743 21 22 -0.3804468010337307
-1 0.0 0 0 -0.084853991527449
7 0.18200000375509262 23 24 -0.19655307758200383
-1 0.0 0 0 -0.056225276812911035
-1 0.0 0 0 0.0006613417166388697
-1 0.0 0 0 -0.030827252614574557
4 1.1810680627822876 27 28 0.0010072609230420458
-1 0.0 0 0 0.00012475415552441526
-1 0.0 0 0 -0.03422219956954641
nodes 29
4 0.6425517201423645 1 28 0.0
3 0.5714473724365234 2 27 -0.011252637527703519
1 0.28163468837738037 3 18 -0.01328502205197118
1 0.27769720554351807 4 15 -0.008199047370800528
2 0.3723521828651428 5 14 -0.01074036475175813
8 71.5 6 9 -0.009001053089323117
6 1.0178425312042236 7 8 -0.018839529053543157
-1 0.0 0 0 -0.0032987687133426732
-1 0.0 0 0 0.0021389829527135884
4 0.6080148816108704 10 11 0.023801050782621902
-1 0.0 0 0 -0.0003043239730065257
6 0.9420914649963379 12 13 0.21194656060399944
-1 0.0 0 0 0.008031131166575032
-1 0.0 0 0 0.07624212379821323
-1 0.0 0 0 -0.01786051512945716
7 0.06200000084936619 16 17 0.1950046904105693
-1 0.0 0 0 0.04346609696280212
-1 0.0 0 0 -0.01644797284156084
8 60.5 19 20 -0.09697618265920205
-1 0.0 0 0 -0.03383073387334922
5 1.1645289659500122 21 24 -0.06597952041112809
5 1.1358636617660522 22 23 0.09735430758751806
-1 0.0 0 0 -0.005038572145359858
-1 0.0 0 0 0.02962351159120982
7 0.09400000050663948 25 26 -0.12944043447429635
-1 0.0 0 0 -0.007916005055631104
-1 0.0 0 0 -0.03513676462502315
-1 0.0 0 0 0.04251003198325634
-1 0.0 0 0 5.073248030436995e-05
nodes 29
4 0.9663488864898682 1 2 0.0
-1 0.0 0 0 -0.00019688052133756825
8 53.5 3 22 0.0027675429169056152
4 0.9684626460075378 4 21 0.003578250430872473
0 0.5049129724502563 5 18 0.06055423913952567
3 0.8878573179244995 6 17 0.07654286628682366
3 0.780170202255249 7 8 0.043742158042431555
-1 0.0 0 0 0.01625008019410185
0 0.2820874750614166 9 10 0.008061309875591529
-1 0.0 0 0 -0.032654249253259465
2 0.3390514850616455 11 12 0.025422827925072885
-1 0.0 0 0 0.03489684617767732
1 0.3212038278579712 13 14 -0.015880870013442037
-1 0.0 0 0 -0.03364284488331602
6 0.9880221486091614 15 16 0.019105148913783836
-1 0.0 0 0 0.00744010414890029
-1 0.0 0 0 -0.012291798570046301
-1 0.0 0 0 0.0233769401673166
7 0.07000000029802322 19 20 -0.1432280814105814
-1 0.0 0 0 -0.043640682451865254
-1 0.0 0 0 0.03314422645739147
-1 0.0 0 0 0.0002510797827191322
3 0.9254093766212463 23 28 -0.06968151030950653
4 0.9777278304100037 24 27 -0.10897466355064105
8 56.5 25 26 0.050598981046576556
-1 0.0 0 0 0.01691907600431544
-1 0.0 0 0 -0.013641113198648852
-1 0.0 0 0 -0.018966473289413976
-1 0.0 0 0 0.018733436089070115
end
