vecsearch-termination-model 1
kind gbdt
checkpoint 250
query_dim 0
bias 7.623841636915775
trees 200
nodes 29
1 0.3035811483860016 1 16 0.0
1 0.2197413593530655 2 9 -1.2108538902259123
6 1.024709701538086 3 6 -1.7800700475176856
2 0.3511454463005066 4 5 -1.4585518681455723
-1 0.0 0 0 -0.1546326388593095
-1 0.0 0 0 -0.06683640995660609
7 0.4860000014305115 7 8 -2.3993715351064857
-1 0.0 0 0 -0.215938338034535
-1 0.0 0 0 -0.2816066867243871
6 1.0157395601272583 10 15 -0.7573900785302745
4 0.8132572174072266 11 12 -0.6503154469037158
-1 0.0 0 0 -0.10521001104357977
1 0.2696346342563629 13 14 -0.4673790039663109
-1 0.0 0 0 -0.06923689687797345
-1 0.0 0 0 -0.02328810259663479
-1 0.0 0 0 -0.15099218840805684
1 0.3512877821922302 17 22 0.8614260466279178
4 0.8287536799907684 18 19 0.2851019169152207
-1 0.0 0 0 -0.02496331911293372
1 0.3223341107368469 20 21 0.40760298263395756
-1 0.0 0 0 0.016884831676043245
-1 0.0 0 0 0.054123556971330845
3 0.7260985374450684 23 24 1.0876566171831568
-1 0.0 0 0 0.042697193795925265
2 0.4237402677536011 25 26 1.1208454678627648
-1 0.0 0 0 0.0929701634817182
2 0.5132841467857361 27 28 1.1869098649768322
-1 0.0 0 0 0.12203399429163558
-1 0.0 0 0 0.05707506470378252
nodes 29
1 0.29976361989974976 1 16 0.0
6 1.024709701538086 2 13 -1.1167808896686842
1 0.24247992038726807 3 10 -0.8887944420918298
4 0.7447479367256165 4 5 -1.2132369451861105
-1 0.0 0 0 -0.15782964731138951
2 0.3656638264656067 6 9 -1.0558143112382827
6 1.0040414333343506 7 8 -1.1347677379860561
-1 0.0 0 0 -0.1014124012451757
-1 0.0 0 0 -0.1435126047538882
-1 0.0 0 0 -0.022468092644182952
4 0.8073484301567078 11 12 -0.5318907708154528
-1 0.0 0 0 -0.08928307309388833
-1 0.0 0 0 -0.03913327352665711
6 1.061484456062317 14 15 -2.0154223570626986
-1 0.0 0 0 -0.17395395295829924
-1 0.0 0 0 -0.23834762034319695
1 0.3489653766155243 17 22 0.7567924980190558
4 0.863202691078186 18 19 0.21098697659105686
-1 0.0 0 0 -0.01642157004497448
1 0.3223341107368469 20 21 0.357356231970865
-1 0.0 0 0 0.01574477510530702
-1 0.0 0 0 0.049740146947909736
4 0.8555575609207153 23 24 0.9721012523135678
-1 0.0 0 0 0.041847855250772004
1 0.37738004326820374 25 26 1.008706574236681
-1 0.0 0 0 0.08105270457677033
2 0.5248068571090698 27 28 1.0669758585238096
-1 0.0 0 0 0.10876838919206988
-1 0.0 0 0 0.025764804875223937
nodes 29
1 0.29600051045417786 1 18 0.0
6 1.020297646522522 2 13 -1.0309855158112133
1 0.23133496940135956 3 8 -0.8093005944227754
4 0.7669656276702881 4 5 -1.124218751609411
-1 0.0 0 0 -0.1421403397412486
2 0.3370398283004761 6 7 -0.9591198683138843
-1 0.0 0 0 -0.1065685539371331
-1 0.0 0 0 -0.042051168002014576
4 0.8184172511100769 9 10 -0.5406774368250132
-1 0.0 0 0 -0.08452975206138469
2 0.37787532806396484 11 12 -0.39595530462642325
-1 0.0 0 0 -0.0452156343154988
-1 0.0 0 0 0.017330682756613487
6 1.0520464181900024 14 15 -1.7709815542866008
-1 0.0 0 0 -0.14892207328665116
7 0.49799999594688416 16 17 -2.0871357154105508
-1 0.0 0 0 -0.18495782304022365
-1 0.0 0 0 -0.24348847001161858
1 0.3446720838546753 19 22 0.665160700928731
4 0.8132572174072266 20 21 0.13471806097284314
-1 0.0 0 0 -0.03455797910760936
-1 0.0 0 0 0.02322018274674382
3 0.7237483859062195 23 24 0.8623245292119307
-1 0.0 0 0 0.028955732711655798
2 0.41596490144729614 25 26 0.8950353448758617
-1 0.0 0 0 0.06891480547424127
2 0.5132841467857361 27 28 0.9536871908375559
-1 0.0 0 0 0.09785939116575859
-1 0.0 0 0 0.044749471770106436
nodes 29
1 0.30721187591552734 1 18 0.0
1 0.21788597106933594 2 9 -0.8645679862039791
6 1.0321584939956665 3 6 -1.3197885061779902
2 0.3732672333717346 4 5 -1.1019533297839175
-1 0.0 0 0 -0.11508716100270566
-1 0.0 0 0 -0.018840444624329395
7 0.4259999990463257 7 8 -1.8232724527921904
-1 0.0 0 0 -0.1568246562513036
-1 0.0 0 0 -0.2085706916420237
1 0.2696346342563629 10 15 -0.5321718807910771
6 1.009075403213501 11 14 -0.7410156265163689
4 0.7711651921272278 12 13 -0.6313578040042778
-1 0.0 0 0 -0.09676099711841324
-1 0.0 0 0 -0.05036190573754384
-1 0.0 0 0 -0.11496377570541574
4 0.8514394164085388 16 17 -0.2873364229738509
-1 0.0 0 0 -0.05263002403738956
-1 0.0 0 0 -0.015963328202382707
1 0.36109352111816406 19 24 0.645488928414518
4 0.8044410943984985 20 21 0.2913146634900702
-1 0.0 0 0 -0.0229235889518827
1 0.3334908187389374 22 23 0.36173655072764294
-1 0.0 0 0 0.019480506822928262
-1 0.0 0 0 0.050449780402684496
0 0.5420362949371338 25 28 0.8189588404301533
6 0.9160948991775513 26 27 0.8368116843071988
-1 0.0 0 0 0.059105125931225216
-1 0.0 0 0 0.08808314726882124
-1 0.0 0 0 0.007021655242034239
nodes 29
1 0.30721187591552734 1 20 0.0
1 0.21255627274513245 2 9 -0.778111187203773
6 1.0146758556365967 3 6 -1.212664729789793
4 0.8313733339309692 4 5 -0.953213531580031
-1 0.0 0 0 -0.1146540579069097
-1 0.0 0 0 -0.07405370265649795
7 0.39800000190734863 7 8 -1.563497470122536
-1 0.0 0 0 -0.13310900375978862
-1 0.0 0 0 -0.18111041210808054
1 0.26272889971733093 10 15 -0.4949957682558901
6 1.0105072259902954 11 14 -0.712142649582573
4 0.8336666226387024 12 13 -0.6121866109783658
-1 0.0 0 0 -0.08362444139148992
-1 0.0 0 0 -0.04505518989909628
-1 0.0 0 0 -0.10777947507126627
6 1.0050921440124512 16 19 -0.29063277037314345
4 0.7447479367256165 17 18 -0.21722890062478564
-1 0.0 0 0 -0.06773620844938233
-1 0.0 0 0 -0.013887511738543416
-1 0.0 0 0 -0.07165999206373384
1 0.3661457300186157 21 26 0.5809400355997155
4 0.863202691078186 22 23 0.28430347930047417
-1 0.0 0 0 -0.0030492439898088864
1 0.33470290899276733 24 25 0.38494462814578273
-1 0.0 0 0 0.02254771910179105
-1 0.0 0 0 0.05013700469255081
0 0.5299081802368164 27 28 0.7499911512049646
-1 0.0 0 0 0.0774019864209419
-1 0.0 0 0 0.02560960088474522
nodes 29
1 0.2920900285243988 1 16 0.0
6 1.028324007987976 2 13 -0.7728760845036569
1 0.19903768599033356 3 6 -0.6250837306296753
2 0.3349543809890747 4 5 -0.951198829317639
-1 0.0 0 0 -0.10330621144635468
-1 0.0 0 0 -0.044307060457105724
4 0.7447479367256165 7 8 -0.4888536546545707
-1 0.0 0 0 -0.0824409829792134
2 0.3627558946609497 9 12 -0.4042004344922194
6 1.0 10 11 -0.46581518950725914
-1 0.0 0 0 -0.03771483720881605
-1 0.0 0 0 -0.07176773728355439
-1 0.0 0 0 -0.0009267337966326148
7 0.585999995470047 14 15 -1.3806301815591553
-1 0.0 0 0 -0.12718197625021863
-1 0.0 0 0 -0.18697948941143788
1 0.3380841314792633 17 22 0.4745030061295558
4 0.8685005307197571 18 19 0.042248539839724354
-1 0.0 0 0 -0.021203263846540102
6 1.0029692649841309 20 21 0.16506193547027118
-1 0.0 0 0 0.022465259353782293
-1 0.0 0 0 -0.02299024779493524
1 0.3763648271560669 23 26 0.6161671686340919
6 0.8724886775016785 24 25 0.434473030654698
-1 0.0 0 0 0.005703645119008051
-1 0.0 0 0 0.048183691298566415
0 0.5420362949371338 27 28 0.6949707001052617
-1 0.0 0 0 0.07115390893047888
-1 0.0 0 0 0.007408696157972266
nodes 29
1 0.31079867482185364 1 16 0.0
1 0.23935291171073914 2 11 -0.6167508690259654
6 1.0393028259277344 3 8 -0.8968046300102948
2 0.36376190185546875 4 7 -0.7602942315243653
1 0.17810039222240448 5 6 -0.808522138877213
-1 0.0 0 0 -0.10026363394749489
-1 0.0 0 0 -0.06927484095131506
-1 0.0 0 0 -0.01293219001103631
7 0.6379999816417694 9 10 -1.3698229077434767
-1 0.0 0 0 -0.12854721327568772
-1 0.0 0 0 -0.18667297337948532
6 1.0050921440124512 12 15 -0.3049781630186805
4 0.8407691121101379 13 14 -0.2369782442446104
-1 0.0 0 0 -0.04553456974762384
-1 0.0 0 0 -0.01083722677936571
-1 0.0 0 0 -0.06428686267260215
1 0.367193341255188 17 24 0.4830580917920582
4 0.8102315664291382 18 19 0.2532510323565424
-1 0.0 0 0 -0.016324663129586484
6 0.8724886775016785 20 21 0.3085450130770478
-1 0.0 0 0 7.363117811740331e-05
2 0.3833458423614502 22 23 0.35057026286453075
-1 0.0 0 0 0.019917009067608654
-1 0.0 0 0 0.04820666115983239
0 0.5266554355621338 25 28 0.6104526588054824
6 0.9160948991775513 26 27 0.6324349844694698
-1 0.0 0 0 0.04365408031284648
-1 0.0 0 0 0.06656255544677539
-1 0.0 0 0 0.022656070335107803
nodes 29
1 0.28566789627075195 1 14 0.0
6 1.0167213678359985 2 11 -0.6558612357680157
4 0.7398789525032043 3 4 -0.5091966635386006
-1 0.0 0 0 -0.0810310312167466
2 0.3741876482963562 5 8 -0.40662385477236257
1 0.1950557678937912 6 7 -0.4542213712592792
-1 0.0 0 0 -0.06795825034145724
-1 0.0 0 0 -0.03815728212020202
6 0.8415420651435852 9 10 0.10014473590205897
-1 0.0 0 0 -0.041339581906709104
-1 0.0 0 0 0.0365435641428723
6 1.073414921760559 12 13 -1.0561228755763334
-1 0.0 0 0 -0.09304258205262908
-1 0.0 0 0 -0.13770358123034349
1 0.3380841314792633 15 20 0.37018847570891983
4 0.8703458309173584 16 17 0.019051969688725693
-1 0.0 0 0 -0.01878313618048387
6 1.0029692649841309 18 19 0.12500466351471728
-1 0.0 0 0 0.018092941238396273
-1 0.0 0 0 -0.021081847549016857
4 0.8837922811508179 21 22 0.5000230535895707
-1 0.0 0 0 0.02255667495571788
6 0.8371302485466003 23 24 0.5396291287037323
-1 0.0 0 0 0.0031223340234788036
2 0.4237402677536011 25 26 0.5526058393433736
-1 0.0 0 0 0.042552070674747824
2 0.5132841467857361 27 28 0.6067726751431592
-1 0.0 0 0 0.0628803648833776
-1 0.0 0 0 0.02143180830835889
nodes 29
1 0.30600506067276 1 20 0.0
1 0.19903768599033356 2 7 -0.517738480962347
7 0.3580000102519989 3 6 -0.8513170360638301
2 0.32504576444625854 4 5 -0.6977721355724863
-1 0.0 0 0 -0.07657332819949486
-1 0.0 0 0 -0.032345953180863495
-1 0.0 0 0 -0.11844687914181964
1 0.26272889971733093 8 15 -0.35094329622982573
2 0.3627558946609497 9 14 -0.49374000614514363
6 1.0076415538787842 10 13 -0.5381190060168283
4 0.8648931384086609 11 12 -0.4570594544084033
-1 0.0 0 0 -0.05953958896840464
-1 0.0 0 0 -0.03094760824330188
-1 0.0 0 0 -0.07537446640838592
-1 0.0 0 0 -0.0046995689057679
6 1.0 16 19 -0.1821825450170236
4 0.8884772658348083 17 18 -0.12406148154241967
-1 0.0 0 0 -0.026097841826501912
-1 0.0 0 0 0.0015816964819602563
-1 0.0 0 0 -0.04282040947348377
1 0.3534952402114868 21 24 0.38038020891998225
4 0.7747266292572021 22 23 0.1431002422942966
-1 0.0 0 0 -0.030039768334636226
-1 0.0 0 0 0.018285544798648322
8 52.5 25 28 0.4752956531178565
2 0.5356968641281128 26 27 0.5107722426769759
-1 0.0 0 0 0.05180938479734192
-1 0.0 0 0 -0.02141074705583596
-1 0.0 0 0 0.023379384834889466
nodes 29
1 0.28301146626472473 1 16 0.0
6 1.0341813564300537 2 13 -0.5417314399671773
4 0.8493499159812927 3 8 -0.4474341098090392
6 0.9998196363449097 4 7 -0.6039024257189481
4 0.6782086491584778 5 6 -0.50280304180568
-1 0.0 0 0 -0.0685218656596382
-1 0.0 0 0 -0.039308298199422394
-1 0.0 0 0 -0.08898600017089231
2 0.3741876482963562 9 12 -0.317090113530521
6 1.0040414333343506 10 11 -0.35987002277601204
-1 0.0 0 0 -0.02653363743050198
-1 0.0 0 0 -0.05587799994848815
-1 0.0 0 0 0.02629644123829727
7 0.5940000116825104 14 15 -0.9702465929902336
-1 0.0 0 0 -0.08878157238022938
-1 0.0 0 0 -0.13317708111545995
1 0.33470290899276733 17 20 0.2955012931590723
4 0.7447479367256165 18 19 -0.005642936070684566
-1 0.0 0 0 -0.041853497058512906
-1 0.0 0 0 0.003226699043420292
6 0.8896461725234985 21 24 0.40163790652512715
3 0.7308174967765808 22 23 0.11277068493217927
-1 0.0 0 0 -0.0224111152943962
-1 0.0 0 0 0.023020416382337303
2 0.4237402677536011 25 26 0.432995776054831
-1 0.0 0 0 0.030581484482706412
2 0.5092617273330688 27 28 0.500393689519466
-1 0.0 0 0 0.052142109606961154
-1 0.0 0 0 0.019004561485561372
nodes 29
1 0.31205636262893677 1 16 0.0
1 0.24247992038726807 2 11 -0.40479861931330563
7 0.2980000078678131 3 8 -0.5920875169072686
4 0.6782086491584778 4 5 -0.46552816765592525
-1 0.0 0 0 -0.07084228609649944
2 0.3349543809890747 6 7 -0.4008450706351928
-1 0.0 0 0 -0.045852306947827846
-1 0.0 0 0 -0.012802992338491826
2 0.3012765049934387 9 10 -0.8675402182190158
-1 0.0 0 0 -0.09500943020405926
-1 0.0 0 0 -0.05308665169695919
6 1.0 12 15 -0.18508868364035627
4 0.8044410943984985 13 14 -0.13229215979052686
-1 0.0 0 0 -0.03180214879531573
-1 0.0 0 0 -0.005665936421599242
-1 0.0 0 0 -0.0387659027519588
4 0.8972446322441101 17 22 0.3221320621651311
4 0.7711651921272278 18 19 0.09391163483014081
-1 0.0 0 0 -0.029249148514599962
6 0.9199085235595703 20 21 0.14769933505153865
-1 0.0 0 0 -0.004662767231555956
-1 0.0 0 0 0.023128799422402504
2 0.38800278306007385 23 24 0.37799341944602666
-1 0.0 0 0 0.017723605936484588
6 0.8065197467803955 25 26 0.41285484522395605
-1 0.0 0 0 -0.023375900838403005
2 0.5356968641281128 27 28 0.4240024673699025
-1 0.0 0 0 0.04300366680210077
-1 0.0 0 0 -0.018606015104592376
nodes 29
2 0.3627558946609497 1 14 0.0
1 0.25125235319137573 2 9 -0.3877118732894696
7 0.27000001072883606 3 6 -0.5491849359291118
4 0.8449714183807373 4 5 -0.4286087964878315
-1 0.0 0 0 -0.053723983403518374
-1 0.0 0 0 -0.03244908173960894
1 0.16022776067256927 7 8 -0.7762007993067858
-1 0.0 0 0 -0.09453550276028161
-1 0.0 0 0 -0.06433393853628523
6 1.0040414333343506 10 13 -0.15332071436345443
3 0.6430625915527344 11 12 -0.10753492712444807
-1 0.0 0 0 -0.03352115250525116
-1 0.0 0 0 -0.005087623133594371
-1 0.0 0 0 -0.0388411847683273
3 0.7120688557624817 15 22 0.27582610034621063
6 0.8415420651435852 16 17 -0.02996948565355157
-1 0.0 0 0 -0.03654075824031885
2 0.400075227022171 18 19 0.09149587112467582
-1 0.0 0 0 -0.0076799734037704655
4 0.8449714183807373 20 21 0.3453697293186289
-1 0.0 0 0 0.010737491965462293
-1 0.0 0 0 0.0621763062586572
2 0.41596490144729614 23 24 0.33331082105687043
-1 0.0 0 0 0.02279696140771601
6 0.9010445475578308 25 26 0.38426545918416016
-1 0.0 0 0 0.019347605079118074
2 0.5248068571090698 27 28 0.4086154782429553
-1 0.0 0 0 0.04189842324602959
-1 0.0 0 0 -0.00279668474244227
nodes 29
2 0.35520797967910767 1 14 0.0
1 0.18512405455112457 2 5 -0.3732753225552403
7 0.3659999966621399 3 4 -0.6508492547026369
-1 0.0 0 0 -0.05401389229518333
-1 0.0 0 0 -0.08624529436667304
1 0.27508413791656494 6 13 -0.2652178567960922
6 0.9998196363449097 7 10 -0.345872542488064
4 0.8884772658348083 8 9 -0.2499254129323965
-1 0.0 0 0 -0.033410859640964984
-1 0.0 0 0 -0.011599102523317611
4 0.8985434770584106 11 12 -0.46615798240045925
-1 0.0 0 0 -0.06402274720893823
-1 0.0 0 0 -0.035845982947431375
-1 0.0 0 0 -0.009082560944085149
3 0.7120688557624817 15 22 0.23300606146358122
6 0.8415420651435852 16 17 -0.048334212674640685
-1 0.0 0 0 -0.0332199367439623
2 0.3926086723804474 18 19 0.04963344466693685
-1 0.0 0 0 -0.011165304393477576
4 0.8449714183807373 20 21 0.2710688793937994
-1 0.0 0 0 0.008061781539421121
-1 0.0 0 0 0.05053326294778
2 0.3973379135131836 23 26 0.29160412503789085
6 1.0120493173599243 24 25 0.15105056400926328
-1 0.0 0 0 0.017508866641075187
-1 0.0 0 0 -0.024215717801325948
6 0.9532519578933716 27 28 0.33213085786311575
-1 0.0 0 0 0.024758165404495772
-1 0.0 0 0 0.03782579166558201
nodes 29
2 0.35520797967910767 1 12 0.0
6 1.0105072259902954 2 9 -0.33594779033407896
3 0.6430625915527344 3 6 -0.23207490767269148
2 0.2984793782234192 4 5 -0.403537819729084
-1 0.0 0 0 -0.052254351379654854
-1 0.0 0 0 -0.03104928998970133
1 0.27508413791656494 7 8 -0.10928393278707163
-1 0.0 0 0 -0.01825848266407391
-1 0.0 0 0 -0.0015905244257507977
7 0.421999990940094 10 11 -0.5816408119145867
-1 0.0 0 0 -0.048273923990421415
-1 0.0 0 0 -0.07584853220229776
4 0.8756661415100098 13 20 0.20970545535443702
6 0.9199085235595703 14 15 -0.03812874448420675
-1 0.0 0 0 -0.019809596684319072
6 0.9998196363449097 16 19 0.06292618905375938
4 0.7191745042800903 17 18 0.12030913957116501
-1 0.0 0 0 -0.03518307128785761
-1 0.0 0 0 0.01594600971989609
-1 0.0 0 0 -0.02689991900854582
6 0.869629442691803 21 22 0.2657014463854617
-1 0.0 0 0 -0.001132107419142279
2 0.4063767343759537 23 24 0.2885851105914291
-1 0.0 0 0 0.016994295992206723
5 1.4562476873397827 25 28 0.3349118085342916
2 0.49836939573287964 26 27 0.32859512831418597
-1 0.0 0 0 0.034816653910729495
-1 0.0 0 0 0.014935713728461773
-1 0.0 0 0 0.09341614659669563
nodes 29
2 0.3627558946609497 1 16 0.0
1 0.18512405455112457 2 7 -0.2839098065535685
7 0.20600000023841858 3 4 -0.5308147971313077
-1 0.0 0 0 -0.03850970608715268
7 0.6500000059604645 5 6 -0.6444870207571115
-1 0.0 0 0 -0.059827858454394256
-1 0.0 0 0 -0.10200857425734067
1 0.27508413791656494 8 13 -0.19629965622373843
6 0.9998196363449097 9 10 -0.2743133265233103
-1 0.0 0 0 -0.019635564277366225
4 0.9106736183166504 11 12 -0.3737009560218111
-1 0.0 0 0 -0.052033434692385284
-1 0.0 0 0 -0.027138304691239984
6 1.0128822326660156 14 15 -0.06046400711551396
-1 0.0 0 0 -0.003512929871354513
-1 0.0 0 0 -0.03566388124813877
4 0.8972446322441101 17 22 0.20197920170299913
6 0.8415420651435852 18 19 0.017292889264002836
-1 0.0 0 0 -0.027823170841807743
2 0.41246384382247925 20 21 0.06766344975453488
-1 0.0 0 0 -0.002994732466859189
-1 0.0 0 0 0.021617714021488817
6 0.8323132395744324 23 24 0.2565224426152851
-1 0.0 0 0 -0.00983488638597403
2 0.4281599521636963 25 26 0.2702332494644273
-1 0.0 0 0 0.020565822703607756
2 0.49836939573287964 27 28 0.3139088754491413
-1 0.0 0 0 0.03395365262161548
-1 0.0 0 0 0.013876205507258509
nodes 29
2 0.3723521828651428 1 16 0.0
6 1.0105072259902954 2 9 -0.23607453668621756
3 0.6430625915527344 3 6 -0.15361270858419024
2 0.3080363869667053 4 5 -0.31552741483996616
-1 0.0 0 0 -0.04182911078298638
-1 0.0 0 0 -0.022958064871244115
1 0.28429678082466125 7 8 -0.04990320565024815
-1 0.0 0 0 -0.012629407277412106
-1 0.0 0 0 0.0030576598118146367
6 1.0563884973526 10 13 -0.46601036199769164
4 0.8944041728973389 11 12 -0.38300324481233633
-1 0.0 0 0 -0.05401250113521078
-1 0.0 0 0 -0.029531508100917786
7 0.6979999840259552 14 15 -0.6398312435656851
-1 0.0 0 0 -0.059833549718728035
-1 0.0 0 0 -0.1083410773375801
6 0.8724886775016785 17 20 0.19701823120318518
3 0.6939868927001953 18 19 -0.07907065143104917
-1 0.0 0 0 -0.025619046592986507
-1 0.0 0 0 0.0048459993742696475
4 0.8102315664291382 21 22 0.22841619864985066
-1 0.0 0 0 -0.005267863854713871
2 0.4281599521636963 23 24 0.24251768409919217
-1 0.0 0 0 0.01811930595193154
5 1.6771644353866577 25 28 0.28517450929538896
2 0.5356968641281128 26 27 0.28094337422102134
-1 0.0 0 0 0.028825249432725294
-1 0.0 0 0 -0.02658031059692193
-1 0.0 0 0 0.1242075429213318
nodes 29
2 0.35520797967910767 1 14 0.0
1 0.16825295984745026 2 5 -0.24596475221913863
7 0.6099999845027924 3 4 -0.4782292052376648
-1 0.0 0 0 -0.04406426628239226
-1 0.0 0 0 -0.0782592594195116
6 0.9998196363449097 6 9 -0.18299561971069284
4 0.8884772658348083 7 8 -0.1076475762349799
-1 0.0 0 0 -0.019073939168342626
-1 0.0 0 0 -0.00024273638044359624
4 0.9106736183166504 10 11 -0.2926673191480133
-1 0.0 0 0 -0.044258237848546524
6 1.0341813564300537 12 13 -0.19629763857591945
-1 0.0 0 0 -0.012410647634307164
-1 0.0 0 0 -0.04361438240565633
4 0.8837922811508179 15 22 0.15353620963115816
4 0.7350889444351196 16 17 -0.021726057855455713
-1 0.0 0 0 -0.03026552115407794
6 0.8778034448623657 18 19 0.018209949286085398
-1 0.0 0 0 -0.017745674984906663
6 1.002457857131958 20 21 0.07124111073393034
-1 0.0 0 0 0.009574333527103376
-1 0.0 0 0 -0.03580190152910928
6 0.7987437844276428 23 24 0.1985521294759419
-1 0.0 0 0 -0.018856839885538917
2 0.3833458423614502 25 26 0.20794986985006997
-1 0.0 0 0 0.0068653427399916036
7 0.02199999988079071 27 28 0.23094367466973045
-1 0.0 0 0 0.015304024849608506
-1 0.0 0 0 0.02590946291879555
nodes 29
2 0.3741876482963562 1 16 0.0
1 0.25701045989990234 2 11 -0.18892304997233816
7 0.2019999995827675 3 6 -0.28870418813139637
5 1.160434365272522 4 5 -0.19976382157833922
-1 0.0 0 0 -0.00011334585711227186
-1 0.0 0 0 -0.022742426848458334
1 0.13676539063453674 7 8 -0.40408212862612836
-1 0.0 0 0 -0.05667783460409475
4 0.7669656276702881 9 10 -0.34635613090450634
-1 0.0 0 0 -0.05428924734840519
-1 0.0 0 0 -0.029458246066747948
3 0.7697204351425171 12 15 -0.05437928743053774
6 0.9998196363449097 13 14 -0.13758438054955022
-1 0.0 0 0 -0.008484759878059757
-1 0.0 0 0 -0.03765924107021821
-1 0.0 0 0 0.0018817065592788885
6 0.9174297451972961 17 22 0.16272525149382577
8 54.5 18 21 0.012832064030950954
7 0.018000000156462193 19 20 0.08030139030181845
-1 0.0 0 0 -0.004151098341351168
-1 0.0 0 0 0.01791409683551595
-1 0.0 0 0 -0.016496664620938913
2 0.43065592646598816 23 24 0.20265860851019452
-1 0.0 0 0 0.014709274859194524
2 0.49836939573287964 25 28 0.24645501782613377
1 0.3489653766155243 26 27 0.2700607021987619
-1 0.0 0 0 0.07975055715614264
-1 0.0 0 0 0.026234552114404654
-1 0.0 0 0 0.008238601853380576
nodes 29
2 0.34927263855934143 1 12 0.0
7 0.2019999995827675 2 7 -0.2110172437199627
5 1.1745679378509521 3 4 -0.13284210314733277
-1 0.0 0 0 -0.001257802382719066
4 0.6704317927360535 5 6 -0.1882203460171506
-1 0.0 0 0 -0.03301330999856485
-1 0.0 0 0 -0.015415493042356107
6 1.0449284315109253 8 11 -0.34285557274673073
4 0.8265906572341919 9 10 -0.2748496917824333
-1 0.0 0 0 -0.0455640455879786
-1 0.0 0 0 -0.01941002444172663
-1 0.0 0 0 -0.04945559658624223
4 0.8287536799907684 13 16 0.11910469398134756
4 0.7191745042800903 14 15 -0.10791720282274908
-1 0.0 0 0 -0.03056093665399387
-1 0.0 0 0 -0.005774370357131485
6 0.7790522575378418 17 18 0.14673694591138556
-1 0.0 0 0 -0.024602430150183208
2 0.3945130407810211 19 22 0.1560578284895844
6 1.0029692649841309 20 21 0.060379411114803404
-1 0.0 0 0 0.009202460068124757
-1 0.0 0 0 -0.01442572080535495
5 1.6771644353866577 23 28 0.18777364698405205
2 0.5356968641281128 24 27 0.18322677697706452
6 0.9574111104011536 25 26 0.18749202760109934
-1 0.0 0 0 0.013312010362909502
-1 0.0 0 0 0.02217232440469913
-1 0.0 0 0 -0.027391231666785948
-1 0.0 0 0 0.06914793104319335
nodes 29
1 0.3167572617530823 1 16 0.0
2 0.3039979040622711 2 7 -0.15523533748500434
5 1.2502554655075073 3 4 -0.26034264256889866
-1 0.0 0 0 -0.012202127674285853
7 0.5060000121593475 5 6 -0.3515775603765204
-1 0.0 0 0 -0.03133094995965586
-1 0.0 0 0 -0.0538088625248648
4 0.8985434770584106 8 13 -0.07114536994573965
6 0.9998196363449097 9 12 -0.1418853445295677
4 0.6931301951408386 10 11 -0.09690398843936143
-1 0.0 0 0 -0.026341193645564465
-1 0.0 0 0 -0.005613805474395401
-1 0.0 0 0 -0.03160694776594698
6 1.041933298110962 14 15 0.013118691586806145
-1 0.0 0 0 0.0029311238589244974
-1 0.0 0 0 -0.03274461464095635
8 59.5 17 28 0.13161599845686917
6 0.7987437844276428 18 19 0.14457690839236645
-1 0.0 0 0 -0.022186325464131577
2 0.4398999512195587 20 25 0.14964764168069875
6 1.0190331935882568 21 24 0.10800551497146033
4 0.9582114815711975 22 23 0.11523294732235083
-1 0.0 0 0 0.006596156242592442
-1 0.0 0 0 0.016250342712915544
-1 0.0 0 0 -0.03213039666714353
2 0.49836939573287964 26 27 0.1980041743627931
-1 0.0 0 0 0.022351297279295107
-1 0.0 0 0 0.004826820142333644
-1 0.0 0 0 -0.010318203296379995
nodes 29
2 0.3741876482963562 1 14 0.0
6 0.9998196363449097 2 9 -0.13941995343338862
4 0.7350889444351196 3 4 -0.05900699991948387
-1 0.0 0 0 -0.022097879043563497
1 0.28566789627075195 5 6 -0.012052897699909979
-1 0.0 0 0 -0.006058072647981853
6 0.927817165851593 7 8 0.05360866010097506
-1 0.0 0 0 -0.0059707477283986905
-1 0.0 0 0 0.009879607684957952
4 0.9106736183166504 10 11 -0.24526735750562573
-1 0.0 0 0 -0.03455242748945081
6 1.0449284315109253 12 13 -0.1708092805125217
-1 0.0 0 0 -0.010261044407993586
-1 0.0 0 0 -0.038983728495545544
6 0.8323132395744324 15 18 0.12008670690547682
2 0.49836939573287964 16 17 -0.14047312705846393
-1 0.0 0 0 -0.011120575590495932
-1 0.0 0 0 -0.07913885366662529
4 0.9279977679252625 19 24 0.13548596927510037
6 0.9479761719703674 20 21 0.0668592680028611
-1 0.0 0 0 -0.0008837281122953127
2 0.400075227022171 22 23 0.12090893424237288
-1 0.0 0 0 0.0012223354778708908
-1 0.0 0 0 0.016911836451485626
2 0.5248068571090698 25 28 0.1653130329689767
5 1.6355866193771362 26 27 0.17045140437669876
-1 0.0 0 0 0.016713186005921612
-1 0.0 0 0 0.055604563501185256
-1 0.0 0 0 -0.009673635239630718
nodes 29
2 0.34531310200691223 1 12 0.0
7 0.22999999672174454 2 7 -0.1611839388465928
5 1.1526261568069458 3 4 -0.10255827389931814
-1 0.0 0 0 0.001987750528294618
4 0.6425517201423645 5 6 -0.13956774591053078
-1 0.0 0 0 -0.027266867998087453
-1 0.0 0 0 -0.0115548053024684
7 0.6820000112056732 8 11 -0.276534686086991
4 0.7584763765335083 9 10 -0.25894166861006174
-1 0.0 0 0 -0.0415536897264209
-1 0.0 0 0 -0.021716861058884568
-1 0.0 0 0 -0.06275708582302607
4 0.8972446322441101 13 22 0.08493598594904346
4 0.7350889444351196 14 15 -0.023324816711718478
-1 0.0 0 0 -0.02157997265535858
6 0.8140664100646973 16 17 0.0038805819480743045
-1 0.0 0 0 -0.01991614105137577
6 1.0029692649841309 18 21 0.02578374264484202
6 0.9626264870166779 19 20 0.043079113040863266
-1 0.0 0 0 -0.0008156726656915024
-1 0.0 0 0 0.011488796169214487
-1 0.0 0 0 -0.028029783358573493
6 0.8724886775016785 23 26 0.12203653574862595
7 0.018000000156462193 24 25 -0.025455853154360216
-1 0.0 0 0 -0.014516521993662336
-1 0.0 0 0 0.009158752555724958
6 1.0056984424591064 27 28 0.1339348781954681
-1 0.0 0 0 0.014403814954076511
-1 0.0 0 0 0.001266360361779308
nodes 29
2 0.3815332353115082 1 20 0.0
6 1.0040414333343506 2 13 -0.10814872487821778
4 0.8985434770584106 3 8 -0.05771809942693655
3 0.5064206719398499 4 5 -0.12558125366531336
-1 0.0 0 0 -0.0223511685950539
8 51.5 6 7 -0.07709253826367575
-1 0.0 0 0 -0.01334519215514399
-1 0.0 0 0 -0.0007110511720492172
8 36.5 9 12 0.025848961175014375
2 0.32612961530685425 10 11 -0.03704705838649418
-1 0.0 0 0 -0.011993627435792025
-1 0.0 0 0 0.004686481674302091
-1 0.0 0 0 0.006732901323313632
7 0.5380000174045563 14 19 -0.22826618407540059
4 0.9992119073867798 15 16 -0.19583729011944337
-1 0.0 0 0 -0.025089854917436778
6 1.0482677221298218 17 18 -0.10509500354911663
-1 0.0 0 0 -0.004847538172948202
-1 0.0 0 0 -0.02825874073069177
-1 0.0 0 0 -0.03976339551920545
6 0.7661007046699524 21 22 0.105634632686896
-1 0.0 0 0 -0.02266780676769835
8 59.5 23 28 0.11390205562139445
7 0.026000000536441803 24 27 0.12444939219605243
6 0.9160948991775513 25 26 0.07288870354846197
-1 0.0 0 0 -0.0017915239447575623
-1 0.0 0 0 0.011451150231761109
-1 0.0 0 0 0.01465414329996271
-1 0.0 0 0 -0.007796761142957647
nodes 29
2 0.3815332353115082 1 12 0.0
6 0.9998196363449097 2 7 -0.09733385252570267
4 0.699997067451477 3 4 -0.03730258254955548
-1 0.0 0 0 -0.01880829824759659
6 0.9289436340332031 5 6 -0.007963693096732765
-1 0.0 0 0 -0.007654417509008922
-1 0.0 0 0 0.0026791115690185784
4 0.9223604798316956 8 9 -0.1814219641481069
-1 0.0 0 0 -0.02619225671989005
6 1.0393028259277344 10 11 -0.1152455654291206
-1 0.0 0 0 -0.00528376894073289
-1 0.0 0 0 -0.028382044417212544
6 0.8323132395744324 13 16 0.09507116943387714
2 0.4925873577594757 14 15 -0.10380830793915387
-1 0.0 0 0 -0.006931542465300715
-1 0.0 0 0 -0.06178120831512131
0 0.5561773777008057 17 28 0.10650828802938289
5 1.4280284643173218 18 25 0.11014031366223988
4 0.7669656276702881 19 20 0.10408498809468024
-1 0.0 0 0 -0.02288256473677378
2 0.44513657689094543 21 24 0.10844610276002896
6 0.9588145613670349 22 23 0.07825379608804418
-1 0.0 0 0 0.0025727872186055143
-1 0.0 0 0 0.011433041081065912
-1 0.0 0 0 0.014347779461558513
2 0.4028462767601013 26 27 0.3098792426882305
-1 0.0 0 0 0.009422666281153146
-1 0.0 0 0 0.05057661278293088
-1 0.0 0 0 -0.029675713411054683
nodes 29
2 0.32612961530685425 1 8 0.0
5 1.1767148971557617 2 3 -0.14118906213572913
-1 0.0 0 0 -0.00041729545922538974
1 0.13676539063453674 4 5 -0.1838695370859684
-1 0.0 0 0 -0.030572307404365125
6 0.9998196363449097 6 7 -0.15370755478859943
-1 0.0 0 0 -0.010401395820716357
-1 0.0 0 0 -0.019712979062209892
4 0.9258370995521545 9 20 0.05342294090004566
2 0.39544016122817993 10 15 -0.013567010223731654
6 0.9998196363449097 11 14 -0.06484553304744108
0 0.4720466732978821 12 13 -0.036978048092751375
-1 0.0 0 0 -0.0010735097631247197
-1 0.0 0 0 -0.01675732784347032
-1 0.0 0 0 -0.020334047790667248
7 0.041999999433755875 16 19 0.049837880362143094
8 59.5 17 18 -0.021427195971674685
-1 0.0 0 0 0.002455524587546123
-1 0.0 0 0 -0.017173903095960324
-1 0.0 0 0 0.012672946399061732
6 1.0167213678359985 21 28 0.09432150541724156
0 0.512292206287384 22 25 0.1002585744848073
6 0.9187205135822296 23 24 0.10721737468806494
-1 0.0 0 0 0.0036205823886080236
-1 0.0 0 0 0.012153092581072864
6 0.8208140134811401 26 27 -0.051365220509967384
-1 0.0 0 0 -0.07671801440990889
-1 0.0 0 0 -0.0026119441870090616
-1 0.0 0 0 -0.007052504638788336
nodes 29
2 0.3824716806411743 1 20 0.0
1 0.15701603889465332 2 5 -0.07923506284603712
7 0.722000002861023 3 4 -0.22879422518321194
-1 0.0 0 0 -0.021446177818768074
-1 0.0 0 0 -0.06165859617777472
6 1.0 6 15 -0.05517424194138978
3 0.7438812851905823 7 14 -0.0259174133008254
0 0.4720466732978821 8 13 -0.07173771922837821
8 59.5 9 12 -0.05474229321817282
4 0.7350889444351196 10 11 -0.08245494048059161
-1 0.0 0 0 -0.020661875169945845
-1 0.0 0 0 -0.006136871640657065
-1 0.0 0 0 0.006298320133685437
-1 0.0 0 0 -0.018195848722202465
-1 0.0 0 0 0.003216117290668032
4 0.9969370365142822 16 17 -0.13149201691235646
-1 0.0 0 0 -0.01916782168944156
6 1.03019118309021 18 19 -0.05186701494312582
-1 0.0 0 0 0.002097788281964435
-1 0.0 0 0 -0.018823658785928815
8 60.5 21 28 0.07861628552429761
7 0.02199999988079071 22 25 0.08814802653689877
6 0.9160948991775513 23 24 0.030880213389808838
-1 0.0 0 0 -0.006383140512190995
-1 0.0 0 0 0.00828256457857826
1 0.4980233907699585 26 27 0.11005663777994987
-1 0.0 0 0 0.011271068511376494
-1 0.0 0 0 -0.021941064392719284
-1 0.0 0 0 -0.010753920122119027
nodes 29
2 0.32612961530685425 1 6 0.0
5 1.1767148971557617 2 3 -0.11596008462625595
-1 0.0 0 0 1.2772255947640554e-05
7 0.5060000121593475 4 5 -0.15212140051422
-1 0.0 0 0 -0.01330687801811725
-1 0.0 0 0 -0.02892734007025265
4 0.9279977679252625 7 20 0.04387683195796655
2 0.41246384382247925 8 13 -0.010964198134689348
6 0.9998196363449097 9 12 -0.043425195210851586
6 0.9199085235595703 10 11 -0.023021010531308225
-1 0.0 0 0 -0.009339200437612013
-1 0.0 0 0 0.00211323526578373
-1 0.0 0 0 -0.0157694362942021
7 0.026000000536441803 14 19 0.05442058009000404
6 0.8668120503425598 15 16 -0.03311677424244955
-1 0.0 0 0 -0.018943260301399815
5 1.5681183338165283 17 18 0.02354553213026662
-1 0.0 0 0 0.0008840893434704533
-1 0.0 0 0 0.08319943137466908
-1 0.0 0 0 0.011096155648575433
6 0.7790522575378418 21 22 0.07858681341614665
-1 0.0 0 0 -0.015582898974808924
6 1.0056984424591064 23 28 0.08212704476991105
5 1.6355866193771362 24 27 0.09151350091508181
2 0.5356968641281128 25 26 0.08803338711843271
-1 0.0 0 0 0.009066602939296802
-1 0.0 0 0 -0.023950420236244656
-1 0.0 0 0 0.041321979507480365
-1 0.0 0 0 -0.0012178173128793504
nodes 29
2 0.38428422808647156 1 14 0.0
1 0.15701603889465332 2 3 -0.06423552042136527
-1 0.0 0 0 -0.019043891785620427
6 0.9998196363449097 4 9 -0.0442668478706035
4 0.8972446322441101 5 6 -0.013814623771148057
-1 0.0 0 0 -0.005015253718855219
8 33.5 7 8 0.03088767910965149
-1 0.0 0 0 -0.009604742498784215
-1 0.0 0 0 0.005682605897204474
4 0.97873854637146 10 11 -0.09772152789782071
-1 0.0 0 0 -0.015388779661233448
6 1.03019118309021 12 13 -0.0233191367410231
-1 0.0 0 0 0.00295072227051939
-1 0.0 0 0 -0.01603836286726415
6 0.7661007046699524 15 16 0.06576694932147652
-1 0.0 0 0 -0.017875853018576443
5 1.3897291421890259 17 26 0.07173382931028156
8 59.5 18 23 0.06517923122651424
2 0.5059531927108765 19 22 0.07312989659933326
2 0.44853663444519043 20 21 0.0798998462328088
-1 0.0 0 0 0.005176773192757044
-1 0.0 0 0 0.011915675111679007
-1 0.0 0 0 -0.005198638064795378
0 0.5299081802368164 24 25 -0.09483647304331005
-1 0.0 0 0 -0.0038824609217909286
-1 0.0 0 0 -0.03430269730972411
2 0.4028462767601013 27 28 0.25667195319649205
-1 0.0 0 0 0.0074168171347037464
-1 0.0 0 0 0.03864103929361044
nodes 29
2 0.31918132305145264 1 6 0.0
5 1.1974958181381226 2 3 -0.1013953546588976
-1 0.0 0 0 -0.0013789293422005226
7 0.722000002861023 4 5 -0.13701416065943864
-1 0.0 0 0 -0.013090440433531936
-1 0.0 0 0 -0.04979835014652323
4 0.7892773747444153 7 8 0.03397714341965492
-1 0.0 0 0 -0.00850086843094665
6 0.9199085235595703 9 18 0.04599658524820631
7 0.006000000284984708 10 11 -0.015242828307093583
-1 0.0 0 0 -0.011694186449584823
2 0.38711297512054443 12 13 0.014362433378493068
-1 0.0 0 0 -0.00701553824512535
8 44.5 14 15 0.05503656021105486
-1 0.0 0 0 0.013254547154453534
7 0.04600000008940697 16 17 0.002334051886250725
-1 0.0 0 0 -0.004429090751159627
-1 0.0 0 0 0.013454735942302773
6 1.0019903182983398 19 26 0.06189921529541538
2 0.5248068571090698 20 25 0.07495295494514326
2 0.4381830394268036 21 22 0.0778536838011857
-1 0.0 0 0 0.005838457050489684
1 0.36912599205970764 23 24 0.10756056232460791
-1 0.0 0 0 0.04728040082456723
-1 0.0 0 0 0.010011951199187803
-1 0.0 0 0 -0.016508495711177375
4 0.9958176016807556 27 28 -0.021989730668656792
-1 0.0 0 0 -0.011354541666416973
-1 0.0 0 0 0.0036746445313114704
nodes 29
2 0.38428422808647156 1 18 0.0
6 0.9998196363449097 2 9 -0.05241896747894439
4 0.6782086491584778 3 4 -0.016269077359652707
-1 0.0 0 0 -0.012614470414696528
6 0.8724886775016785 5 6 0.0006754949745178467
-1 0.0 0 0 -0.008187779202263188
8 30.5 7 8 0.016055524666637674
-1 0.0 0 0 -0.016245945517164035
-1 0.0 0 0 0.002335336060641218
4 0.8287536799907684 10 11 -0.10412393858394396
-1 0.0 0 0 -0.019603411696804556
6 1.0921313762664795 12 17 -0.07304605620413075
4 1.0 13 14 -0.0560251866917468
-1 0.0 0 0 -0.00933753933095625
6 1.0105072259902954 15 16 -0.007805777636994491
-1 0.0 0 0 0.007691474916181171
-1 0.0 0 0 -0.0061471689212131845
-1 0.0 0 0 -0.027448776601076055
0 0.5480470657348633 19 28 0.053668680016466325
6 0.9532519578933716 20 23 0.05815945465554957
7 0.02199999988079071 21 22 0.01734470666528905
-1 0.0 0 0 -0.0033003102000546667
-1 0.0 0 0 0.006205035117662169
5 1.3589032888412476 24 25 0.08373802688262069
-1 0.0 0 0 0.007684663794287222
2 0.4115924537181854 26 27 0.27725386488983206
-1 0.0 0 0 0.013417152122655016
-1 0.0 0 0 0.04658770899448132
-1 0.0 0 0 -0.020982806429582997
nodes 29
2 0.3167288601398468 1 12 0.0
5 1.306448221206665 2 7 -0.08518478993984614
8 30.5 3 4 -0.035413623338723756
-1 0.0 0 0 -0.015010929538514996
3 0.7958163022994995 5 6 -0.014376394785118955
-1 0.0 0 0 -0.005935345745096271
-1 0.0 0 0 0.005796386464849555
2 0.2926456332206726 8 11 -0.136773548352518
7 0.7660000026226044 9 10 -0.1664363790013555
-1 0.0 0 0 -0.016012160416923927
-1 0.0 0 0 -0.0654929317800062
-1 0.0 0 0 -0.005447161924274952
4 0.9279977679252625 13 20 0.027365470208097136
6 0.7063673734664917 14 15 -0.013254855100549722
-1 0.0 0 0 -0.020909678149620935
2 0.4272238612174988 16 17 -0.006688775558735973
-1 0.0 0 0 -0.0025457036014427457
1 0.29468441009521484 18 19 0.05653508903218138
-1 0.0 0 0 0.06961634868485296
-1 0.0 0 0 0.004506764763706757
2 0.49836939573287964 21 26 0.054030226342815554
2 0.4398999512195587 22 25 0.06048618033504746
6 1.0001870393753052 23 24 0.03798741498798379
-1 0.0 0 0 0.0054683786053134585
-1 0.0 0 0 -0.003524704259653391
-1 0.0 0 0 0.009537600034962186
6 0.8208140134811401 27 28 -0.032686734956506654
-1 0.0 0 0 -0.07180625777808018
-1 0.0 0 0 -0.0014919376749784807
nodes 29
2 0.38800278306007385 1 20 0.0
6 0.9998196363449097 2 11 -0.041668743852156034
0 0.4720466732978821 3 10 -0.010767046307364178
8 65.5 4 9 0.0007500726152283647
4 0.7350889444351196 5 6 -0.006179817110205544
-1 0.0 0 0 -0.01084790882815623
6 0.9330530166625977 7 8 0.005407944996477906
-1 0.0 0 0 -0.004323106293076278
-1 0.0 0 0 0.0030984135898963782
-1 0.0 0 0 0.013161013912991786
-1 0.0 0 0 -0.013069926593748013
4 0.8287536799907684 12 13 -0.08706603508049943
-1 0.0 0 0 -0.01687428131960842
6 1.0921313762664795 14 19 -0.05977166048253574
4 0.9969370365142822 15 16 -0.04568163111740479
-1 0.0 0 0 -0.008395068433134378
6 1.011273980140686 17 18 -0.0038000143641468264
-1 0.0 0 0 0.006674685327754346
-1 0.0 0 0 -0.005264410017861166
-1 0.0 0 0 -0.022974717149539026
7 0.041999999433755875 21 28 0.04542601172133813
0 0.5561773777008057 22 27 0.010253741005036279
8 44.5 23 24 0.01586562844940686
-1 0.0 0 0 0.005714336185511411
6 0.6746454834938049 25 26 -0.02185811709017541
-1 0.0 0 0 -0.028585635395881683
-1 0.0 0 0 -0.0013929193844592867
-1 0.0 0 0 -0.034363425484495495
-1 0.0 0 0 0.007342228891899812
nodes 29
2 0.3167288601398468 1 6 0.0
5 1.1471091508865356 2 3 -0.07031194879452432
-1 0.0 0 0 0.003475145885158567
7 0.6540000140666962 4 5 -0.08863702076525817
-1 0.0 0 0 -0.008180828212532356
-1 0.0 0 0 -0.028120937671286435
4 0.9642592668533325 7 16 0.022587595087232033
6 0.8605564832687378 8 9 -0.002589097313074732
-1 0.0 0 0 -0.008393179994547735
2 0.4272238612174988 10 13 0.009494477412018715
6 0.9998196363449097 11 12 -0.01313095139434821
-1 0.0 0 0 0.000351655493313439
-1 0.0 0 0 -0.008614405864441342
1 0.3489653766155243 14 15 0.060449722721100364
-1 0.0 0 0 0.041623993128756503
-1 0.0 0 0 0.004924425398317034
5 1.840211272239685 17 28 0.052905650073406835
6 1.0482677221298218 18 27 0.049776456938853006
2 0.49836939573287964 19 24 0.051734026894021665
2 0.45111411809921265 20 23 0.059112856161683706
6 1.0 21 22 0.041166451174080985
-1 0.0 0 0 0.005715971354231065
-1 0.0 0 0 -0.002605658717020875
-1 0.0 0 0 0.009669081644623777
1 0.43016305565834045 25 26 -0.03829520778748029
-1 0.0 0 0 -0.05106593893167186
-1 0.0 0 0 -0.0020230833066671337
-1 0.0 0 0 -0.030478577004865778
-1 0.0 0 0 0.02823459475474569
nodes 29
2 0.3105638027191162 1 6 0.0
5 1.306448221206665 2 5 -0.06699149349172147
8 30.5 3 4 -0.023697567593362306
-1 0.0 0 0 -0.012828465359846828
-1 0.0 0 0 -0.00038290148401395907
-1 0.0 0 0 -0.01106628017419984
4 0.7892773747444153 7 8 0.019285495383533698
-1 0.0 0 0 -0.00601245702833558
6 0.7063673734664917 9 10 0.027969287228637812
-1 0.0 0 0 -0.018188285420645947
5 1.6355866193771362 11 26 0.03048764642923829
6 1.0482677221298218 12 25 0.025490424869489582
0 0.5703731179237366 13 24 0.027006067680741257
2 0.4398999512195587 14 21 0.027998130122711934
6 0.9626264870166779 15 16 0.01181235342454348
-1 0.0 0 0 -0.0016654782704253004
6 1.0 17 18 0.03312696653513146
-1 0.0 0 0 0.005851846782802651
4 0.9958176016807556 19 20 -0.048068330717671436
-1 0.0 0 0 -0.01238096882525426
-1 0.0 0 0 0.0008054246309228859
2 0.48770812153816223 22 23 0.056206918928354735
-1 0.0 0 0 0.007434729201428222
-1 0.0 0 0 -0.00025560571174850524
-1 0.0 0 0 -0.04751819988414077
-1 0.0 0 0 -0.030041692448587044
2 0.43656253814697266 27 28 0.16890238949060982
-1 0.0 0 0 0.013841319283008325
-1 0.0 0 0 0.0699321314600076
nodes 29
2 0.2984793782234192 1 6 0.0
5 1.3704310655593872 2 3 -0.06743016238500422
-1 0.0 0 0 -0.002778837727398859
7 0.7700000107288361 4 5 -0.12223426550709303
-1 0.0 0 0 -0.011691187532939662
-1 0.0 0 0 -0.055495567526668316
4 0.9642592668533325 7 24 0.015636461193858163
2 0.4272238612174988 8 17 -0.005255235298746919
6 0.9998196363449097 9 14 -0.020262799003952548
6 0.9471534490585327 10 13 -0.007790652266662759
1 0.3600197434425354 11 12 -0.03807515001499865
-1 0.0 0 0 -0.0023187822414553077
-1 0.0 0 0 -0.014287127180091966
-1 0.0 0 0 0.0024311653542740215
5 1.396202564239502 15 16 -0.07737365853041124
-1 0.0 0 0 -0.011979637467446957
-1 0.0 0 0 0.00018882108266515574
7 0.05000000074505806 18 21 0.03504624995687863
8 61.5 19 20 -0.009693913942313292
-1 0.0 0 0 0.0007494695798959584
-1 0.0 0 0 -0.02036840688460674
5 1.2200567722320557 22 23 0.09123673710440207
-1 0.0 0 0 0.00638505140965517
-1 0.0 0 0 0.029514502797807065
6 1.0668526887893677 25 28 0.041910866450160365
5 1.873718500137329 26 27 0.04364531964819823
-1 0.0 0 0 0.0040565439521850705
-1 0.0 0 0 0.02678669431146004
-1 0.0 0 0 -0.03413176383064301
nodes 29
2 0.38800278306007385 1 20 0.0
4 0.6782086491584778 2 5 -0.028547149856339347
7 0.11799999698996544 3 4 -0.11392637437157506
-1 0.0 0 0 -0.004614451939194714
-1 0.0 0 0 -0.020085988920694273
7 0.4060000032186508 6 19 -0.01793111228269302
8 56.5 7 16 -0.006993149466236194
4 0.8361015319824219 8 9 -0.01466252892019053
-1 0.0 0 0 -0.007643818469711264
8 37.5 10 13 0.0011654162197532979
7 0.07000000029802322 11 12 -0.028465862552777853
-1 0.0 0 0 -0.009262843283339468
-1 0.0 0 0 -0.00011752057209084663
0 0.317316472530365 14 15 0.02712079692021703
-1 0.0 0 0 0.009748123060226488
-1 0.0 0 0 0.0008570097933856363
6 0.9233640432357788 17 18 0.061435209420212494
-1 0.0 0 0 -0.00021220783146301905
-1 0.0 0 0 0.01319612149980633
-1 0.0 0 0 -0.01054793989019147
0 0.5480470657348633 21 28 0.031121244380673475
7 0.018000000156462193 22 25 0.034551116645507786
6 0.9174297451972961 23 24 -0.007610410043036117
-1 0.0 0 0 -0.006348198480613231
-1 0.0 0 0 0.002796204781553355
5 1.242843508720398 26 27 0.04845593187479428
-1 0.0 0 0 0.0038375218150303587
-1 0.0 0 0 0.013135757604098929
-1 0.0 0 0 -0.016654616125457572
nodes 29
2 0.2984793782234192 1 6 0.0
5 1.3146120309829712 2 3 -0.05613793582707905
-1 0.0 0 0 -0.0016966365544677936
7 0.7700000107288361 4 5 -0.09635543089738235
-1 0.0 0 0 -0.009211469628913128
-1 0.0 0 0 -0.04820943303627543
4 0.7892773747444153 7 8 0.013017893238379163
-1 0.0 0 0 -0.004581552712514144
6 0.7063673734664917 9 10 0.020124822902184675
-1 0.0 0 0 -0.016525979166013022
5 1.5828040838241577 11 26 0.022334187702554284
6 1.0050921440124512 12 23 0.01750560961730626
7 0.041999999433755875 13 20 0.024030220496032168
0 0.5561773777008057 14 19 -0.0011585697054450211
6 0.9199085235595703 15 18 0.001055483192019592
7 0.0020000000949949026 16 17 -0.03140120345848674
-1 0.0 0 0 -0.013555040821624642
-1 0.0 0 0 -0.0010606199498105543
-1 0.0 0 0 0.00184177252190946
-1 0.0 0 0 -0.02929881922545123
1 0.2790651321411133 21 22 0.04319351828737526
-1 0.0 0 0 -0.003100668058865623
-1 0.0 0 0 0.005059442568853484
4 0.9947423338890076 24 25 -0.050132892625568075
-1 0.0 0 0 -0.011173086087366472
-1 0.0 0 0 -0.001009759034589782
2 0.43656253814697266 27 28 0.1269421668920188
-1 0.0 0 0 0.010479207631718909
-1 0.0 0 0 0.057425506984277466
nodes 29
4 0.7495713829994202 1 6 0.0
8 61.5 2 3 -0.07201097859522039
-1 0.0 0 0 -0.011563240363726203
0 0.47126877307891846 4 5 -0.010557956464791865
-1 0.0 0 0 0.009262903888054085
-1 0.0 0 0 -0.008197066532965262
8 30.5 7 12 0.008528304756456972
2 0.34531310200691223 8 9 -0.0645588380615474
-1 0.0 0 0 -0.01028538860719286
0 0.34504935145378113 10 11 0.008499256369041502
-1 0.0 0 0 0.015049294261705308
-1 0.0 0 0 -0.0023997119080045714
4 0.9268691539764404 13 18 0.015905053958308647
8 39.5 14 15 -0.007968882771391777
-1 0.0 0 0 -0.007401171318603949
6 0.6746454834938049 16 17 0.006230423812339447
-1 0.0 0 0 -0.0167617242067785
-1 0.0 0 0 0.0009785860093784197
0 0.5703731179237366 19 28 0.032027360757826
6 1.020297646522522 20 23 0.03263624585195838
7 0.018000000156462193 21 22 0.036563025074361974
-1 0.0 0 0 -0.00010761454372115395
-1 0.0 0 0 0.004670784844884346
1 0.2985428273677826 24 25 -0.04547244111378135
-1 0.0 0 0 -0.0007683515524172493
2 0.45468080043792725 26 27 -0.24899131033605493
-1 0.0 0 0 -0.03399328844179018
-1 0.0 0 0 0.02292359326805534
-1 0.0 0 0 -0.05461269445059931
nodes 29
2 0.38800278306007385 1 14 0.0
7 0.27400000393390656 2 9 -0.02178243323298416
0 0.4759984612464905 3 8 -0.009094784808767237
8 62.5 4 7 -0.003213392476950792
4 0.6782086491584778 5 6 -0.009666886575343278
-1 0.0 0 0 -0.011691074171678152
-1 0.0 0 0 -0.0004773344571697448
-1 0.0 0 0 0.009121947982322711
-1 0.0 0 0 -0.009296941309271117
4 0.8265906572341919 10 11 -0.06771895905237833
-1 0.0 0 0 -0.01376247267211914
6 1.0019903182983398 12 13 -0.04010911804032612
-1 0.0 0 0 0.006019671937661645
-1 0.0 0 0 -0.006672663267622159
0 0.5703731179237366 15 28 0.02374655385378191
7 0.0020000000949949026 16 21 0.025277014123988986
6 0.9245225191116333 17 20 -0.05764590423605918
2 0.48069071769714355 18 19 -0.13505468108258986
-1 0.0 0 0 -0.009095420022022325
-1 0.0 0 0 -0.04060182125350156
-1 0.0 0 0 0.0016806809287529566
5 1.2238537073135376 22 23 0.030914068995348487
-1 0.0 0 0 0.0021813037347861676
6 0.8065197467803955 24 27 0.08433810638738318
2 0.4943402111530304 25 26 -0.05318540735023656
-1 0.0 0 0 -0.0021720241112554487
-1 0.0 0 0 -0.06079205984173164
-1 0.0 0 0 0.012079658176421804
-1 0.0 0 0 -0.030015325568719872
nodes 29
4 0.6931301951408386 1 6 0.0
7 0.0819999985396862 2 5 -0.07817356320105154
1 0.28566789627075195 3 4 -0.01981503513675642
-1 0.0 0 0 0.00043767149426455083
-1 0.0 0 0 -0.016658914300104733
-1 0.0 0 0 -0.013072618297160691
6 1.0019903182983398 7 26 0.005584125129714474
6 0.9532519578933716 8 13 0.01515655539981212
7 0.0020000000949949026 9 10 -0.007407025464722806
-1 0.0 0 0 -0.008207718275819627
7 0.28599999845027924 11 12 0.0009320292331935654
-1 0.0 0 0 0.00019614123020788083
-1 0.0 0 0 -0.037995325076841065
2 0.31427088379859924 14 21 0.031146743629593993
8 34.5 15 18 -0.013916485693252333
7 0.07000000029802322 16 17 -0.10121824333091846
-1 0.0 0 0 -0.02489186541675035
-1 0.0 0 0 -0.001157823898132065
3 0.8390045762062073 19 20 0.012323138608174914
-1 0.0 0 0 -0.0023403552200954294
-1 0.0 0 0 0.019153860641386942
5 1.5516430139541626 22 25 0.038553682765422474
2 0.5005794763565063 23 24 0.03452669576982481
-1 0.0 0 0 0.003858913779360814
-1 0.0 0 0 -0.004467389277434222
-1 0.0 0 0 0.015033076994754178
7 0.421999990940094 27 28 -0.035162995960313116
-1 0.0 0 0 -0.0016475034771547934
-1 0.0 0 0 -0.00899807394473401
nodes 29
2 0.39544016122817993 1 20 0.0
6 0.9998196363449097 2 15 -0.017438299356349756
0 0.4720466732978821 3 14 -0.0013061693960568711
8 65.5 4 13 0.005538847510015821
4 0.9258370995521545 5 8 -0.00021359464945627107
8 51.5 6 7 -0.01956268804756623
-1 0.0 0 0 -0.004879548334110927
-1 0.0 0 0 0.00224937893586801
8 33.5 9 12 0.026870356587091224
5 2.369626998901367 10 11 -0.053389430201351784
-1 0.0 0 0 -0.006181611208012328
-1 0.0 0 0 0.06675600194268756
-1 0.0 0 0 0.004599424746439458
-1 0.0 0 0 0.012060743140693699
-1 0.0 0 0 -0.007075948748612203
0 0.39721858501434326 16 19 -0.04245698021648382
7 0.5380000174045563 17 18 -0.029333624474865407
-1 0.0 0 0 -0.0018652441900151161
-1 0.0 0 0 -0.01028442283107535
-1 0.0 0 0 -0.012208712379376416
8 52.5 21 28 0.021569192999012596
2 0.49836939573287964 22 27 0.031073272947073887
1 0.29976361989974976 23 24 0.038062414904370435
-1 0.0 0 0 0.01916670097858788
2 0.45111411809921265 25 26 0.034838799480044085
-1 0.0 0 0 0.0015088356616299401
-1 0.0 0 0 0.0061985276561688125
-1 0.0 0 0 -0.004265482107637464
-1 0.0 0 0 -0.003108001758512038
nodes 29
4 0.6931301951408386 1 6 0.0
8 63.5 2 3 -0.0671116293707857
-1 0.0 0 0 -0.01096581872698475
0 0.48910292983055115 4 5 -0.00949649888247284
-1 0.0 0 0 0.006304740717538009
-1 0.0 0 0 -0.007873612764576519
8 30.5 7 14 0.004793944580216965
2 0.3105638027191162 8 9 -0.050463034025961924
-1 0.0 0 0 -0.009025278028562565
5 1.840211272239685 10 13 -0.0077244132010496095
4 0.9592064619064331 11 12 -0.024871425246949706
-1 0.0 0 0 -0.02472354332145
-1 0.0 0 0 -0.0010189981819225362
-1 0.0 0 0 0.030694416883151707
4 0.9642592668533325 15 24 0.010136220826872742
8 39.5 16 19 -0.004234297983369884
2 0.3889579176902771 17 18 -0.04082625957810042
-1 0.0 0 0 -0.005989836017809259
-1 0.0 0 0 0.0020605816498057085
6 0.7063673734664917 20 23 0.005347415382654026
2 0.44600149989128113 21 22 -0.13104050530667274
-1 0.0 0 0 -0.009037190129760843
-1 0.0 0 0 -0.04395609495133676
-1 0.0 0 0 0.0008873041362580563
2 0.5356968641281128 25 26 0.0304815044335508
-1 0.0 0 0 0.003222647767974229
6 0.9968022704124451 27 28 -0.1881092301700064
-1 0.0 0 0 -0.03215808561423196
-1 0.0 0 0 0.023421889977223838
nodes 29
4 0.8102315664291382 1 10 0.0
8 55.5 2 3 -0.03636624087083365
-1 0.0 0 0 -0.006957461750504365
0 0.512292206287384 4 7 -0.004791063087486434
4 0.5934293866157532 5 6 0.017072423836173307
-1 0.0 0 0 -0.007367379640254104
-1 0.0 0 0 0.0038692516905867004
5 1.2183371782302856 8 9 -0.0851922730648158
-1 0.0 0 0 -0.02440491832477311
-1 0.0 0 0 -0.0033391106700821683
8 30.5 11 12 0.007583533655502122
-1 0.0 0 0 -0.004454599885038939
6 0.6746454834938049 13 14 0.013252687547659533
-1 0.0 0 0 -0.015222814490568413
0 0.5703731179237366 15 28 0.014602912779700324
2 0.45111411809921265 16 23 0.01523166569693228
6 1.0 17 20 0.007358635145918486
6 0.9645211696624756 18 19 0.014628460054740562
-1 0.0 0 0 -0.0008442715218814575
-1 0.0 0 0 0.0037766022790900553
1 0.2972976267337799 21 22 -0.025229167127918544
-1 0.0 0 0 0.0005913231981859125
-1 0.0 0 0 -0.009949261450203962
1 0.3035811483860016 24 25 0.038693457854339745
-1 0.0 0 0 0.07629797086836054
2 0.48770812153816223 26 27 0.03665949527707983
-1 0.0 0 0 0.005573271430519935
-1 0.0 0 0 -0.0008493289830768845
-1 0.0 0 0 -0.037263029012052966
nodes 29
4 0.9258370995521545 1 8 0.0
7 0.27400000393390656 2 7 -0.017546567380075317
8 41.5 3 4 -0.008785810000367699
-1 0.0 0 0 -0.005109630643765294
4 0.5934293866157532 5 6 -0.0006303764411631692
-1 0.0 0 0 -0.007122287399466437
-1 0.0 0 0 0.0004529255890295398
-1 0.0 0 0 -0.007403059507114146
8 25.5 9 10 0.013525802815451519
-1 0.0 0 0 -0.009105173824671173
6 1.0167213678359985 11 20 0.016974927635454086
7 0.05400000140070915 12 15 0.021517564836259842
8 52.5 13 14 0.0013068764971774362
-1 0.0 0 0 0.000688439357671718
-1 0.0 0 0 -0.00943866109810129
3 0.4278756082057953 16 19 0.03833196875917902
1 0.140812948346138 17 18 0.3157899045896791
-1 0.0 0 0 0.012033419294726696
-1 0.0 0 0 0.0689249925049288
-1 0.0 0 0 0.003665340128189841
1 0.2985428273677826 21 26 -0.02804977006522684
2 0.3732672333717346 22 23 -0.00615130620020533
-1 0.0 0 0 -0.0015133289198987156
0 0.3801860511302948 24 25 0.372008508626058
-1 0.0 0 0 0.08415981546975673
-1 0.0 0 0 0.004815358030087925
0 0.3590152859687805 27 28 -0.14573311785893023
-1 0.0 0 0 -0.03541242675486916
-1 0.0 0 0 -0.007365261745254018
nodes 29
4 0.7495713829994202 1 6 0.0
8 61.5 2 3 -0.04144594251026868
-1 0.0 0 0 -0.007291267601762486
0 0.4690226912498474 4 5 0.0028837846533020205
-1 0.0 0 0 0.007281350530800915
-1 0.0 0 0 -0.004249446618414859
8 30.5 7 8 0.004908468652118626
-1 0.0 0 0 -0.0038801434066427984
6 0.6746454834938049 9 10 0.00932014733539893
-1 0.0 0 0 -0.012629263451654158
0 0.5703731179237366 11 28 0.010628428480095539
4 0.986055850982666 12 23 0.011235298141298209
0 0.4826299548149109 13 14 0.0023050306350672753
-1 0.0 0 0 -0.0005289296366947893
1 0.3035811483860016 15 16 0.03466944160259747
-1 0.0 0 0 0.027895268702894334
7 0.04600000008940697 17 22 0.028392356067016844
6 0.8605564832687378 18 21 -0.009757151813277935
7 0.026000000536441803 19 20 -0.1343739603016473
-1 0.0 0 0 -0.02062043300677402
-1 0.0 0 0 0.01237928392694277
-1 0.0 0 0 0.00119528030003327
-1 0.0 0 0 0.0072596408341256725
0 0.5480470657348633 24 27 0.02850744388594592
8 44.5 25 26 0.029410956727397377
-1 0.0 0 0 0.0038159868948510773
-1 0.0 0 0 -0.00254641390586228
-1 0.0 0 0 -0.06573842906703552
-1 0.0 0 0 -0.03231166320492526
nodes 29
4 0.6782086491584778 1 4 0.0
8 69.5 2 3 -0.05278591458124071
-1 0.0 0 0 -0.00818747636465557
-1 0.0 0 0 0.00282473078149939
7 0.421999990940094 5 28 0.003299505248620145
6 0.8778034448623657 6 9 0.006315669690865721
0 0.5332775115966797 7 8 -0.029748245367624052
-1 0.0 0 0 -0.002316483800504894
-1 0.0 0 0 -0.020515989992132336
1 0.4980233907699585 10 25 0.010663540163205011
2 0.4381830394268036 11 22 0.01146404378512583
1 0.3600197434425354 12 21 0.0033924633754098864
2 0.400075227022171 13 20 0.011064636613022401
8 56.5 14 19 0.0036910630635895733
4 0.9188401103019714 15 16 -0.002509841437648753
-1 0.0 0 0 -0.002469974302755526
8 34.5 17 18 0.015310962012160862
-1 0.0 0 0 -0.0014923496230705954
-1 0.0 0 0 0.0036420184636081934
-1 0.0 0 0 0.007516063765203535
-1 0.0 0 0 0.010247350397193579
-1 0.0 0 0 -0.0021520796105728994
3 0.6575028300285339 23 24 0.03142004651168075
-1 0.0 0 0 0.03626534683059673
-1 0.0 0 0 0.0027811839302592668
8 50.5 26 27 -0.15138302379424343
-1 0.0 0 0 -0.007750864750889698
-1 0.0 0 0 -0.06537287825345993
-1 0.0 0 0 -0.004812858593069676
nodes 29
1 0.11856649070978165 1 2 0.0
-1 0.0 0 0 -0.006853836933259679
4 0.9642592668533325 3 8 0.002220410488810171
8 29.5 4 5 -0.007726327562424124
-1 0.0 0 0 -0.016329205726108437
6 0.5334320068359375 6 7 -0.006024574789917858
-1 0.0 0 0 -0.018276551595885742
-1 0.0 0 0 -0.0005107929143346551
6 1.0563884973526 9 26 0.01553837050626581
2 0.48770812153816223 10 15 0.018404360849625826
0 0.4475291669368744 11 14 0.02382163953434413
5 2.0047459602355957 12 13 0.015020877091977719
-1 0.0 0 0 0.0012926226695768816
-1 0.0 0 0 0.018018902031170375
-1 0.0 0 0 0.005791968750505881
3 0.8697379231452942 16 23 -0.028663712637016038
3 0.8415682911872864 17 20 -0.14914225144165122
6 0.7987437844276428 18 19 -0.027783491001089757
-1 0.0 0 0 -0.045925956689913214
-1 0.0 0 0 0.005851172417851872
7 0.1899999976158142 21 22 -0.25115396311632604
-1 0.0 0 0 -0.019961619339734712
-1 0.0 0 0 -0.0761106631914644
0 0.5480470657348633 24 25 -0.001574705092273636
-1 0.0 0 0 0.0005812484178995764
-1 0.0 0 0 -0.03570162758258158
1 0.28951823711395264 27 28 -0.08083414925870884
-1 0.0 0 0 -0.006253775154491262
-1 0.0 0 0 -0.07463656160980463
nodes 29
4 0.6425517201423645 1 4 0.0
8 84.5 2 3 -0.054559479827170736
-1 0.0 0 0 -0.0063692460442355825
-1 0.0 0 0 0.01972325619014091
7 0.7060000002384186 5 28 0.0024598122661567707
7 0.0020000000949949026 6 13 0.003190711258963734
6 0.9174297451972961 7 12 -0.041630410670012594
2 0.47486335039138794 8 11 -0.10071530950387982
1 0.402413547039032 9 10 -0.07326885144908452
-1 0.0 0 0 -0.009475315911954767
-1 0.0 0 0 0.022620937668464403
-1 0.0 0 0 -0.03381030958374603
-1 0.0 0 0 0.0010741377176283907
2 0.4398999512195587 14 15 0.005507066206990878
-1 0.0 0 0 -7.93858990424961e-05
1 0.36912599205970764 16 21 0.023853749782678898
6 0.7790522575378418 17 20 0.16021712751880288
4 0.9936378598213196 18 19 -0.07057933681257982
-1 0.0 0 0 0.0027852046724763657
-1 0.0 0 0 -0.05512907447856527
-1 0.0 0 0 0.027607328917721524
6 0.7987437844276428 22 25 0.019246015240597665
7 0.026000000536441803 23 24 -0.26240828688497897
-1 0.0 0 0 -0.061951358536782776
-1 0.0 0 0 0.03610128274155876
8 37.5 26 27 0.02129754156335039
-1 0.0 0 0 0.005606963403919616
-1 0.0 0 0 0.00086703873638293
-1 0.0 0 0 -0.016822301674526932
nodes 29
4 0.7892773747444153 1 6 0.0
8 61.5 2 3 -0.026013578752771983
-1 0.0 0 0 -0.004838483723112559
0 0.46975430846214294 4 5 0.014389666834028305
-1 0.0 0 0 0.008200482556366824
-1 0.0 0 0 -0.0033539783091641774
8 28.5 7 18 0.004415218468728671
4 1.0014820098876953 8 9 -0.04389580996976964
-1 0.0 0 0 -0.014639618196013105
2 0.3105638027191162 10 11 -0.016325031397241084
-1 0.0 0 0 -0.006904658950889754
3 0.5901935696601868 12 13 0.050275693749293845
-1 0.0 0 0 0.07326934361661024
6 1.073414921760559 14 17 0.026610513526768968
5 1.1894941329956055 15 16 0.03910046718434368
-1 0.0 0 0 -0.00414988645290586
-1 0.0 0 0 0.01408483115922247
-1 0.0 0 0 -0.05435191357837004
7 0.05400000140070915 19 20 0.007233964857312581
-1 0.0 0 0 -0.0005899896366568842
6 1.001052975654602 21 22 0.017534321429894088
-1 0.0 0 0 0.002932611749892012
1 0.2972976267337799 23 26 -0.012428922910696345
2 0.4177689552307129 24 25 0.008528510346199822
-1 0.0 0 0 0.0005484575053455443
-1 0.0 0 0 0.08079420166031924
2 0.4054267704486847 27 28 -0.053081235386018506
-1 0.0 0 0 -0.014367553631688922
-1 0.0 0 0 0.000774437711445463
nodes 29
1 0.11856649070978165 1 2 0.0
-1 0.0 0 0 -0.00565578945982042
4 1.0002944469451904 3 24 0.001832283674180948
6 0.9998196363449097 4 7 -0.004003107408990657
6 0.9594665765762329 5 6 0.003990463905660064
-1 0.0 0 0 -0.000955256380018601
-1 0.0 0 0 0.002087576930176396
2 0.5092617273330688 8 23 -0.03264630758040546
1 0.432563841342926 9 22 -0.029831278607481273
1 0.27769720554351807 10 13 -0.03585401365282557
2 0.41866058111190796 11 12 -0.016081537854727837
-1 0.0 0 0 -0.001789537734873851
-1 0.0 0 0 0.07599263152350551
2 0.4054267704486847 14 19 -0.07549139755458124
7 0.22999999672174454 15 16 -0.1213731060955394
-1 0.0 0 0 -0.007396546207554019
1 0.29976361989974976 17 18 -0.2055552966736054
-1 0.0 0 0 -0.007634069691912628
-1 0.0 0 0 -0.028456079480920122
4 0.9552146196365356 20 21 0.004808004033870414
-1 0.0 0 0 0.010833854799283416
-1 0.0 0 0 -0.009883834590267607
-1 0.0 0 0 0.012831098102897466
-1 0.0 0 0 -0.035991475165990945
0 0.5299081802368164 25 26 0.017801832452832043
-1 0.0 0 0 0.001924614075956045
5 1.119528889656067 27 28 -0.3833276218965009
-1 0.0 0 0 -0.014161407919891645
-1 0.0 0 0 -0.09167644057808251
nodes 29
7 0.7700000107288361 1 28 0.0
4 0.6080148816108704 2 3 0.00034939834417282425
-1 0.0 0 0 -0.005424718732456081
0 0.5420362949371338 4 19 0.0021192808376826
8 71.5 5 18 0.0031455651356372327
2 0.45111411809921265 6 7 0.002323627293362016
-1 0.0 0 0 -0.000238417887823926
6 0.8065197467803955 8 13 0.02144251076980306
7 0.026000000536441803 9 12 -0.1715218698041311
8 43.5 10 11 -0.3032404158430706
-1 0.0 0 0 0.0004980933913764985
-1 0.0 0 0 -0.04180679775171858
-1 0.0 0 0 0.01764139121855205
5 1.4370115995407104 14 17 0.025500934509874906
2 0.48770812153816223 15 16 0.023350984395964326
-1 0.0 0 0 0.003917012028925544
-1 0.0 0 0 -0.0017659167662898469
-1 0.0 0 0 0.03921176614109253
-1 0.0 0 0 0.010949288431896815
4 0.9992119073867798 20 27 -0.0820739116158952
8 49.5 21 26 -0.06320813321747108
6 0.9813965559005737 22 25 0.05525056076668054
7 0.01000000024214387 23 24 0.18379220157122808
-1 0.0 0 0 -0.011914179857601138
-1 0.0 0 0 0.030218020162877
-1 0.0 0 0 -0.014039143341382579
-1 0.0 0 0 -0.01290915399964514
-1 0.0 0 0 -0.05743391061050081
-1 0.0 0 0 -0.027695079243904543
nodes 29
8 24.5 1 4 0.0
1 0.41272562742233276 2 3 -0.08021097808464642
-1 0.0 0 0 -0.006642797083600414
-1 0.0 0 0 -0.0762999952555849
4 0.9663488864898682 5 16 0.0010680059703028304
8 39.5 6 7 -0.007383461140566071
-1 0.0 0 0 -0.0036472261951505935
0 0.28734439611434937 8 9 0.0001597069309497375
-1 0.0 0 0 0.008210751857399596
7 0.1939999982714653 10 11 -0.002373878295230432
-1 0.0 0 0 0.0002957808941432918
2 0.4357823431491852 12 13 -0.03646773817586109
-1 0.0 0 0 -0.005056204572494461
3 0.7144395112991333 14 15 0.10901596153469746
-1 0.0 0 0 0.05346945243957453
-1 0.0 0 0 0.006531179696990816
8 52.5 17 26 0.01330311764070305
2 0.5132841467857361 18 19 0.015081291735512134
-1 0.0 0 0 0.001752465667280451
1 0.4802774488925934 20 23 -0.0681377322550422
5 1.1383984088897705 21 22 -0.17592699062961045
-1 0.0 0 0 -0.04121394131424619
-1 0.0 0 0 -0.0034722516655138393
5 1.129093050956726 24 25 -0.0013669899428990777
-1 0.0 0 0 0.003797135039041779
-1 0.0 0 0 -0.04619831931184639
1 0.47512561082839966 27 28 -0.09853586064881856
-1 0.0 0 0 -0.012691885014974348
-1 0.0 0 0 0.05364021267052051
nodes 29
7 0.6860000193119049 1 28 0.0
4 0.6524167060852051 2 5 0.0006606243801885634
7 0.11799999698996544 3 4 -0.03842424045099547
-1 0.0 0 0 -3.911135204360203e-05
-1 0.0 0 0 -0.008752865433051914
6 0.6746454834938049 6 9 0.0025921414651428154
2 0.44853663444519043 7 8 -0.08778961060892956
-1 0.0 0 0 -0.005371915462844108
-1 0.0 0 0 -0.03296339948638724
5 1.5828040838241577 10 23 0.003544400844599632
0 0.5703731179237366 11 22 9.033667988932995e-05
8 26.5 12 13 0.0005628670044105627
-1 0.0 0 0 -0.006836916176709221
4 0.9370498657226562 14 17 0.001954887993104444
8 39.5 15 16 -0.00928200873856549
-1 0.0 0 0 -0.005427728527954888
-1 0.0 0 0 -2.7732457696955773e-05
6 1.0341813564300537 18 19 0.010519946858453042
-1 0.0 0 0 0.0013038485385444163
1 0.2907625734806061 20 21 -0.06615555940772105
-1 0.0 0 0 -0.0040802805352735
-1 0.0 0 0 -0.033516569785375636
-1 0.0 0 0 -0.022563214900696446
2 0.294132262468338 24 25 0.04265294022542729
-1 0.0 0 0 -0.0031824614842134408
2 0.4398999512195587 26 27 0.09173636053701198
-1 0.0 0 0 0.00823522298370005
-1 0.0 0 0 0.04160344586815945
-1 0.0 0 0 -0.01183708115099082
nodes 29
8 86.5 1 28 0.0
4 0.5768035054206848 2 3 -0.0002944189963167815
-1 0.0 0 0 -0.006313879764151401
7 0.0020000000949949026 4 21 0.0011506862997855208
6 0.9174297451972961 5 20 -0.03625274116645628
2 0.47486335039138794 6 15 -0.08440740435504318
1 0.402413547039032 7 14 -0.06140238406109749
1 0.3391972482204437 8 9 -0.07946960471249498
-1 0.0 0 0 -0.0037081643393186803
3 0.6430625915527344 10 11 -0.15822631012340688
-1 0.0 0 0 0.029455938884148408
1 0.3534952402114868 12 13 -0.19559212023216002
-1 0.0 0 0 -0.044045642779692716
-1 0.0 0 0 -0.013225654577039746
-1 0.0 0 0 0.020029856961672057
3 0.8088436126708984 16 19 -0.29064539330603
3 0.716752827167511 17 18 -0.5035512655588757
-1 0.0 0 0 -0.0172195659019053
-1 0.0 0 0 -0.08072939048870467
-1 0.0 0 0 -0.014662083266439902
-1 0.0 0 0 0.0007422865525946698
8 30.5 22 27 0.0030749770928265325
7 0.07000000029802322 23 24 -0.02673932442538204
-1 0.0 0 0 -0.010310783608846607
7 0.7060000002384186 25 26 -0.010975182109607814
-1 0.0 0 0 -0.00031158893777598036
-1 0.0 0 0 -0.015443526340006423
-1 0.0 0 0 0.0005944823613227412
-1 0.0 0 0 0.023524063504487276
nodes 29
4 0.8985434770584106 1 16 0.0
8 42.5 2 15 -0.010919216927264594
0 0.45609939098358154 3 12 -0.047361233541241686
6 1.020297646522522 4 9 -0.05716487057897271
7 0.5179999768733978 5 8 -0.08992825056857129
1 0.36912599205970764 6 7 -0.08171879775230001
-1 0.0 0 0 -0.007748176256996623
-1 0.0 0 0 -0.05439902003376912
-1 0.0 0 0 -0.032973362739216916
1 0.31079867482185364 10 11 -0.0027511942387306357
-1 0.0 0 0 0.0005590635057755705
-1 0.0 0 0 -0.06504697043188465
1 0.43135252594947815 13 14 0.10527088357791858
-1 0.0 0 0 0.014907426049551331
-1 0.0 0 0 -0.03275481978697436
-1 0.0 0 0 -8.226582078707219e-05
8 52.5 17 26 0.0058542889890174105
6 1.0921313762664795 18 25 0.008483375660370539
3 0.7096598744392395 19 22 0.010017259513945923
5 1.2841178178787231 20 21 0.04983310876800417
-1 0.0 0 0 0.05038559115365953
-1 0.0 0 0 0.004666948471858084
6 1.0167213678359985 23 24 0.006192883823038229
-1 0.0 0 0 0.0009487569405089102
-1 0.0 0 0 -0.003491053201868429
-1 0.0 0 0 -0.008116214476673869
1 0.2197413593530655 27 28 -0.04783392744319838
-1 0.0 0 0 0.03534152067060439
-1 0.0 0 0 -0.005481918187097227
nodes 29
6 0.5334320068359375 1 2 0.0
-1 0.0 0 0 -0.012447176836537668
0 0.5480470657348633 3 10 0.0004911041082061962
8 75.5 4 7 0.0013270583050241066
4 0.5768035054206848 5 6 0.0005525401672989226
-1 0.0 0 0 -0.007039192047361651
-1 0.0 0 0 0.00018136306359903403
0 0.5062798261642456 8 9 0.11505562701477884
-1 0.0 0 0 0.019079701596925312
-1 0.0 0 0 -0.0038492825138382613
4 0.9850430488586426 11 28 -0.07126831194993806
5 1.0580658912658691 12 13 -0.0541733000439843
-1 0.0 0 0 -0.05813855639382921
3 0.7927440404891968 14 23 -0.040882234567657216
1 0.4570261836051941 15 22 -0.08414889001225852
1 0.43740320205688477 16 17 -0.05036990486703511
-1 0.0 0 0 -0.009343194577807662
6 0.9174297451972961 18 19 0.3534822085419217
-1 0.0 0 0 -0.03262930239240329
5 1.1563764810562134 20 21 0.6797743201255798
-1 0.0 0 0 0.03067695407995156
-1 0.0 0 0 0.11545076756314798
-1 0.0 0 0 -0.05830385167724811
6 0.9679938554763794 24 25 0.10046699835892871
-1 0.0 0 0 0.02968092988977511
2 0.5180861353874207 26 27 -0.07096620435034161
-1 0.0 0 0 0.043868424826198155
-1 0.0 0 0 -0.01995695895889652
-1 0.0 0 0 -0.045433612976090186
nodes 29
7 0.7819999754428864 1 28 0.0
4 1.0002944469451904 2 7 0.00024301404102397892
8 28.5 3 6 -0.00431886217961667
1 0.25562116503715515 4 5 -0.1142646101562575
-1 0.0 0 0 -0.005417396053673858
-1 0.0 0 0 -0.02619276399380105
-1 0.0 0 0 -0.00027784051574819937
4 1.099502444267273 8 17 0.01282227576155762
3 0.984603226184845 9 16 0.02324229899135224
0 0.4690226912498474 10 13 0.030016558634999056
2 0.47486335039138794 11 12 0.03835220089457592
-1 0.0 0 0 0.0033231584686668086
-1 0.0 0 0 0.015971551724549587
6 0.8140664100646973 14 15 -0.023638724574627415
-1 0.0 0 0 -0.057707116561822404
-1 0.0 0 0 -0.0014875482511817724
-1 0.0 0 0 -0.00480521858442452
7 0.041999999433755875 18 27 -0.021354796567332492
2 0.3705560863018036 19 22 -0.1109195597813307
2 0.3601128160953522 20 21 -0.262819460372028
-1 0.0 0 0 -0.02121526847459069
-1 0.0 0 0 -0.06559936392307282
0 0.34210026264190674 23 24 -0.03522882433340644
-1 0.0 0 0 0.036289110234085944
8 43.5 25 26 -0.07021213472186297
-1 0.0 0 0 -0.002870920378034218
-1 0.0 0 0 -0.03892938080894691
-1 0.0 0 0 0.0002742607549692155
-1 0.0 0 0 -0.024277109753340485
nodes 29
8 86.5 1 28 0.0
4 0.6931301951408386 2 3 -0.000261985453658
-1 0.0 0 0 -0.003085346000106625
6 0.6746454834938049 4 5 0.0018826168045566762
-1 0.0 0 0 -0.008629685208392798
5 1.5828040838241577 6 11 0.0027672265947154906
8 25.5 7 10 1.0120724668875684e-05
6 0.9651265740394592 8 9 -0.07854120947778492
-1 0.0 0 0 -0.041371089788001095
-1 0.0 0 0 -0.0061658178104923
-1 0.0 0 0 0.00012037616194163458
2 0.289504736661911 12 13 0.03432262818886517
-1 0.0 0 0 -0.0037186919436903395
0 0.5140356421470642 14 27 0.08049002894991655
4 0.8575617074966431 15 26 0.07227343615078702
2 0.3609820604324341 16 19 0.021260718681424543
6 0.8778034448623657 17 18 0.06554908545503368
-1 0.0 0 0 -0.013770096235604799
-1 0.0 0 0 0.010020382506476628
5 1.9537043571472168 20 23 -0.08128216088040571
3 0.4941055178642273 21 22 0.06767873477541887
-1 0.0 0 0 0.015107339062386111
-1 0.0 0 0 -0.022297616869635772
7 0.14999999850988388 24 25 -0.23903588718258106
-1 0.0 0 0 -0.01202417318016397
-1 0.0 0 0 -0.04492101620873235
-1 0.0 0 0 0.0113075308626282
-1 0.0 0 0 0.04935605578516102
-1 0.0 0 0 0.02093264194466174
nodes 29
2 0.45111411809921265 1 2 0.0
-1 0.0 0 0 -0.00035047160094637603
8 61.5 3 22 0.01437010457878363
2 0.48770812153816223 4 11 0.017328053336405934
5 1.075636625289917 5 10 0.03331162900748898
4 1.061830759048462 6 9 -0.02985267480415354
4 0.8789974451065063 7 8 -0.044244069134540716
-1 0.0 0 0 0.03164039193561264
-1 0.0 0 0 -0.005421320052371364
-1 0.0 0 0 0.028742736764252187
-1 0.0 0 0 0.004419218264512808
4 1.1810680627822876 12 21 -0.019638076404946622
6 0.8140664100646973 13 16 -0.01609325841504701
7 0.030000001192092896 14 15 -0.24437246144871036
-1 0.0 0 0 -0.039486999372641905
-1 0.0 0 0 0.029377022972612674
3 0.7522481083869934 17 20 -0.00996740811149571
4 0.8773255348205566 18 19 0.2854882180763525
-1 0.0 0 0 0.07038530978351469
-1 0.0 0 0 0.008832775750036898
-1 0.0 0 0 -0.0016844716740709127
-1 0.0 0 0 -0.03989336013242051
0 0.5218109488487244 23 24 -0.1847503483733519
-1 0.0 0 0 0.004340727254748345
7 0.018000000156462193 25 26 -0.3144136957819141
-1 0.0 0 0 -0.051911201428156355
5 1.1573692560195923 27 28 -0.06778921566185463
-1 0.0 0 0 -0.03306140229105949
-1 0.0 0 0 0.03109877124319182
nodes 29
1 0.09076957404613495 1 2 0.0
-1 0.0 0 0 -0.00558006909593797
8 86.5 3 26 0.0008894686664372907
0 0.5420362949371338 4 11 0.0006380809509872807
5 1.6355866193771362 5 6 0.001514135084124189
-1 0.0 0 0 -5.813286307752684e-05
2 0.2812027037143707 7 8 0.025541813212901138
-1 0.0 0 0 -0.003376726170345727
6 0.6746454834938049 9 10 0.05138605236576798
-1 0.0 0 0 -0.00810683371875578
-1 0.0 0 0 0.00687217094555405
4 0.9992119073867798 12 25 -0.056170479598007875
8 49.5 13 24 -0.04395242244470864
6 0.9968022704124451 14 23 0.052896188198477585
7 0.02199999988079071 15 18 0.1264151360988559
2 0.5248068571090698 16 17 -0.07275814820604865
-1 0.0 0 0 -0.03066091685585918
-1 0.0 0 0 0.014692008303421917
3 0.8608091473579407 19 20 0.2578284370835352
-1 0.0 0 0 0.04291717731254871
8 44.5 21 22 -0.12483834674349055
-1 0.0 0 0 0.010681590742956944
-1 0.0 0 0 -0.05550533902077448
-1 0.0 0 0 -0.02430175771005452
-1 0.0 0 0 -0.008110236660364077
-1 0.0 0 0 -0.0468174732441819
0 0.4826299548149109 27 28 0.20181161119049884
-1 0.0 0 0 0.05183338385607516
-1 0.0 0 0 0.007592208894096654
nodes 29
7 0.7819999754428864 1 28 0.0
4 1.0014820098876953 2 27 0.0002128236250340476
6 0.9998196363449097 3 10 -0.0038531874253431133
6 0.9594665765762329 4 9 0.0028509299898885542
7 0.22200000286102295 5 6 -0.00885787442368158
-1 0.0 0 0 -0.0006760015117825874
2 0.39078155159950256 7 8 -0.15181266152777398
-1 0.0 0 0 -0.00896003945825157
-1 0.0 0 0 -0.048740841138740665
-1 0.0 0 0 0.0017517772741140751
2 0.5092617273330688 11 26 -0.025788742529223183
1 0.432563841342926 12 25 -0.023678754130418114
1 0.27769720554351807 13 16 -0.02827157380503541
5 1.0837308168411255 14 15 -0.012218398573354803
-1 0.0 0 0 0.032807038290359615
-1 0.0 0 0 -0.0014710270044374233
5 1.4465043544769287 17 24 -0.06544480823430784
3 0.6639884114265442 18 19 -0.07110476584597006
-1 0.0 0 0 -0.023850796940393996
8 27.5 20 21 -0.05510490420339902
-1 0.0 0 0 -0.043333485717765796
0 0.512292206287384 22 23 -0.048431767733823766
-1 0.0 0 0 -0.005352280183109261
-1 0.0 0 0 0.036328204528049184
-1 0.0 0 0 0.03918983240260697
-1 0.0 0 0 0.010847463981139616
-1 0.0 0 0 -0.02973902567212743
-1 0.0 0 0 0.001165278691931555
-1 0.0 0 0 -0.02126108193397522
nodes 29
7 0.0020000000949949026 1 28 0.0
6 0.9174297451972961 2 27 -0.029468757979894535
2 0.47486335039138794 3 26 -0.06595740144651728
1 0.402413547039032 4 25 -0.04642550468819819
1 0.3391972482204437 5 6 -0.06114449283796256
-1 0.0 0 0 -0.0020850464495240214
3 0.6430625915527344 7 10 -0.14143139833997884
0 0.5218109488487244 8 9 0.2760711806077583
-1 0.0 0 0 0.07754092706367374
-1 0.0 0 0 -0.004608242586255073
3 0.6910648941993713 11 12 -0.1758854946609086
-1 0.0 0 0 -0.049078703741232556
0 0.40627190470695496 13 16 -0.1323908064355748
4 1.0469863414764404 14 15 -0.4975108776411544
-1 0.0 0 0 -0.08819178380072118
-1 0.0 0 0 -0.004682685514301833
5 1.2807766199111938 17 24 -0.08446879708984247
5 1.1881879568099976 18 21 -0.04894169281983563
4 0.8899738192558289 19 20 -0.16396946745702592
-1 0.0 0 0 -0.038636704098214125
-1 0.0 0 0 -0.006752154016297082
4 0.8884772658348083 22 23 0.14935772235225314
-1 0.0 0 0 0.0674888135622377
-1 0.0 0 0 0.006302058302930423
-1 0.0 0 0 -0.05226364164199267
-1 0.0 0 0 0.017681248224989482
-1 0.0 0 0 -0.024876910180727577
-1 0.0 0 0 0.0004583464804839921
-1 0.0 0 0 0.0001516088407186904
nodes 29
1 0.4980233907699585 1 22 0.0
2 0.45111411809921265 2 3 0.0004038422363987213
-1 0.0 0 0 -0.00030385734067333567
6 0.8208140134811401 4 19 0.014806450656815955
7 0.026000000536441803 5 12 -0.11165230224974544
0 0.4609275460243225 6 7 -0.21144280277343314
-1 0.0 0 0 0.024946048698927227
3 0.7600806951522827 8 9 -0.2580234543983874
-1 0.0 0 0 -0.01887659280823632
3 0.780170202255249 10 11 -0.514276301767677
-1 0.0 0 0 -0.09838709451935508
-1 0.0 0 0 -0.03361541956406215
4 0.9881263971328735 13 16 0.14336786575523425
8 47.5 14 15 0.3330342384454395
-1 0.0 0 0 0.08519596065345564
-1 0.0 0 0 0.006655904942670383
2 0.4738427698612213 17 18 -0.28148480907082557
-1 0.0 0 0 -0.08591805371371183
-1 0.0 0 0 0.01724189772669758
1 0.31790709495544434 20 21 0.018714398597916838
-1 0.0 0 0 0.04537286031991244
-1 0.0 0 0 0.0017192059667203018
8 50.5 23 28 -0.10261714060277659
0 0.5107396841049194 24 25 -0.03826419635517904
-1 0.0 0 0 0.04687153050102867
3 0.984603226184845 26 27 -0.07997769963208444
-1 0.0 0 0 -0.0007754325833198407
-1 0.0 0 0 -0.060834869742393494
-1 0.0 0 0 -0.054279127925634385
nodes 29
2 0.18196013569831848 1 2 0.0
-1 0.0 0 0 -0.004508751776323011
4 0.7669656276702881 3 18 0.000901851424890616
1 0.3446720838546753 4 17 -0.016713659799317594
8 55.5 5 10 -0.010428280968407191
6 1.023139476776123 6 7 -0.05461132568928785
-1 0.0 0 0 -0.007897848756088083
1 0.2868710160255432 8 9 0.011539270801863611
-1 0.0 0 0 0.0021527186063922095
-1 0.0 0 0 -0.060171872628852735
3 0.6575028300285339 11 16 0.020691833787898295
0 0.44056522846221924 12 15 0.015300397090711309
8 64.5 13 14 0.0656106903281298
-1 0.0 0 0 0.0015317864126484326
-1 0.0 0 0 0.016771270935056586
-1 0.0 0 0 -0.00045018919576981885
-1 0.0 0 0 0.02157887379996647
-1 0.0 0 0 -0.01903820827676745
7 0.05400000140070915 19 26 0.0032713787346192076
4 1.099502444267273 20 21 -0.006551270962398869
-1 0.0 0 0 -0.00032648106412773144
2 0.3714727461338043 22 23 -0.08014294245783694
-1 0.0 0 0 -0.021645112757242374
0 0.3436351418495178 24 25 -0.011598654714146832
-1 0.0 0 0 0.03800880538559485
-1 0.0 0 0 -0.004484742293645306
6 1.001052975654602 27 28 0.010571787892757612
-1 0.0 0 0 0.0019321498241564137
-1 0.0 0 0 -0.0008498438992162827
nodes 29
7 0.8219999969005585 1 28 0.0
8 86.5 2 27 0.00010329466948827754
4 0.6202700138092041 3 8 -0.00010986297592026912
7 0.058000000193715096 4 5 -0.03593081334806192
-1 0.0 0 0 0.0011892397956504656
1 0.25701045989990234 6 7 -0.0628861123938135
-1 0.0 0 0 -0.004870884895018357
-1 0.0 0 0 -0.024719053716100278
7 0.0020000000949949026 9 26 0.0011586710893982809
6 0.9174297451972961 10 25 -0.028595740688988763
2 0.48069071769714355 11 24 -0.06716285963687507
4 0.9881263971328735 12 15 -0.05161831167992947
4 0.9542361497879028 13 14 -0.07373576019213449
-1 0.0 0 0 -0.005307263160807344
-1 0.0 0 0 -0.020325400872116393
0 0.423847496509552 16 23 0.06251039544649399
1 0.3391972482204437 17 18 -0.041249836852098355
-1 0.0 0 0 0.011493984090197272
2 0.4054267704486847 19 20 -0.23519965648078
-1 0.0 0 0 -0.08625524301081897
8 43.5 21 22 -0.05848056531812943
-1 0.0 0 0 0.013021698760955283
-1 0.0 0 0 -0.04522841540367707
-1 0.0 0 0 0.02291803748867526
-1 0.0 0 0 -0.02357550579571522
-1 0.0 0 0 0.0005897823125044498
-1 0.0 0 0 0.000268895544936439
-1 0.0 0 0 0.01703702112995088
-1 0.0 0 0 -0.03824692986629628
nodes 29
7 0.4259999990463257 1 2 0.0
-1 0.0 0 0 0.00014509746772146714
5 1.0744541883468628 3 4 -0.02475409391925736
-1 0.0 0 0 0.02399117519768576
5 1.3474245071411133 5 10 -0.028240999848721273
8 45.5 6 7 -0.06794223169714661
-1 0.0 0 0 -0.00563370880844196
1 0.27104103565216064 8 9 -0.4318196378768452
-1 0.0 0 0 -0.011561275450022598
-1 0.0 0 0 -0.09324805365564923
2 0.2757112979888916 11 16 -0.005216810462210367
6 1.03019118309021 12 13 -0.039855623274369194
-1 0.0 0 0 -0.01751865680267572
7 0.6260000169277191 14 15 -0.009216133176984298
-1 0.0 0 0 0.0031792062043691
-1 0.0 0 0 -0.008507452730631929
1 0.21624338626861572 17 22 0.049492365925673604
2 0.3511454463005066 18 19 0.09093516269598055
-1 0.0 0 0 0.00621245948703117
8 31.5 20 21 0.3756513623849434
-1 0.0 0 0 0.09930253814567219
-1 0.0 0 0 0.016006043509003663
4 0.9716028571128845 23 26 -0.04265808362368681
8 32.5 24 25 -0.1688404330740605
-1 0.0 0 0 -0.049910502809853784
-1 0.0 0 0 -0.008268445176332727
1 0.24093136191368103 27 28 0.07760021186188058
-1 0.0 0 0 -0.00921988210236521
-1 0.0 0 0 0.030092285293959204
nodes 29
8 75.5 1 22 0.0
4 0.6782086491584778 2 11 -0.0005631091687152357
1 0.27636265754699707 3 10 -0.03304946485514505
7 0.06200000084936619 4 5 -0.022166996779472363
-1 0.0 0 0 0.002429769366705658
6 1.0178425312042236 6 9 -0.04484547810243994
7 0.4740000069141388 7 8 -0.07246527473328856
-1 0.0 0 0 -0.006675192498563911
-1 0.0 0 0 -0.04580242318972465
-1 0.0 0 0 0.0014927027756165205
-1 0.0 0 0 -0.013141760583661694
6 0.8778034448623657 12 13 0.0012106466815911307
-1 0.0 0 0 -0.0019065336211128454
5 1.5828040838241577 14 17 0.0034889791700159407
7 0.4060000032186508 15 16 0.0009065152897114488
-1 0.0 0 0 0.0002892163997236039
-1 0.0 0 0 -0.004000404631983365
2 0.289504736661911 18 19 0.032278270165293055
-1 0.0 0 0 -0.0027395997821417096
8 58.5 20 21 0.07573976785384905
-1 0.0 0 0 0.0065135371506507105
-1 0.0 0 0 0.023510145320115514
0 0.5062798261642456 23 26 0.0610461901549578
3 0.3023688495159149 24 25 0.1604709298702984
-1 0.0 0 0 -0.005910057163513873
-1 0.0 0 0 0.021581497956481954
5 1.252875804901123 27 28 -0.0383785495603828
-1 0.0 0 0 -0.021005115082702978
-1 0.0 0 0 0.0023444024110046615
nodes 29
1 0.4980233907699585 1 10 0.0
2 0.45111411809921265 2 3 0.0003668846389347525
-1 0.0 0 0 -0.0002571715692727155
8 61.5 4 9 0.012661596919095863
4 0.8738812208175659 5 6 0.015265907693960303
-1 0.0 0 0 0.013599931734493803
8 38.5 7 8 0.011286264634083063
-1 0.0 0 0 0.0042171904186946215
-1 0.0 0 0 -0.00031619999436741314
-1 0.0 0 0 -0.01590958746719638
8 50.5 11 26 -0.09322615129215647
0 0.5107396841049194 12 13 -0.03534383927584266
-1 0.0 0 0 0.0420339165387514
3 0.984603226184845 14 25 -0.07283674472282771
8 33.5 15 16 -0.00794842051971945
-1 0.0 0 0 -0.041295950144529345
0 0.5703731179237366 17 24 0.03207243727925031
3 0.8814042806625366 18 19 0.09884459902289637
-1 0.0 0 0 0.06557020503703667
3 0.9290903806686401 20 23 0.030718421464429258
8 43.5 21 22 -0.15110181731341238
-1 0.0 0 0 0.005566164704554893
-1 0.0 0 0 -0.03881233496273437
-1 0.0 0 0 0.01907202315889299
-1 0.0 0 0 -0.030337818481382874
-1 0.0 0 0 -0.05475460638929355
5 1.078675389289856 27 28 -0.489141165483743
-1 0.0 0 0 -0.08239773625419254
-1 0.0 0 0 -0.02466735745105764
nodes 29
1 0.45300278067588806 1 20 0.0
2 0.4601956009864807 2 3 0.0012676320052200053
-1 0.0 0 0 -0.00019080221818089914
6 0.8140664100646973 4 19 0.025650849118885682
7 0.018000000156462193 5 12 -0.14377611428595236
0 0.49982646107673645 6 9 -0.28695296917987223
8 43.5 7 8 -0.5539228442783762
-1 0.0 0 0 -0.017832754773868097
-1 0.0 0 0 -0.08627456436554592
1 0.4107646644115448 10 11 -0.14662265021783802
-1 0.0 0 0 -0.005123967681720388
-1 0.0 0 0 -0.05826591000493084
8 56.5 13 18 0.0833978288124005
2 0.4943402111530304 14 17 0.17162581559387036
2 0.4738427698612213 15 16 0.3256817871030975
-1 0.0 0 0 -0.001627214746766312
-1 0.0 0 0 0.061399588880001334
-1 0.0 0 0 -0.025429363504928706
-1 0.0 0 0 -0.042992863973433326
-1 0.0 0 0 0.0031856613472805934
5 1.1308246850967407 21 22 -0.02567459488949193
-1 0.0 0 0 -0.0010213796831473818
5 1.1383984088897705 23 28 -0.14393264768253122
0 0.5299081802368164 24 27 -0.40520450157362603
7 0.018000000156462193 25 26 -0.2153354309630966
-1 0.0 0 0 0.01730619161550341
-1 0.0 0 0 -0.03762429033406079
-1 0.0 0 0 -0.08423449199560078
-1 0.0 0 0 -0.005164258984040321
nodes 29
8 30.5 1 28 0.0
7 0.07000000029802322 2 19 -0.018515121462250848
0 0.47751837968826294 3 16 -0.08267437385501086
2 0.45111411809921265 4 9 -0.07045934584197651
5 2.369626998901367 5 8 -0.10726138014574091
6 0.7892550230026245 6 7 -0.11510508943891787
-1 0.0 0 0 -0.06542623721063137
-1 0.0 0 0 -0.010612661678833676
-1 0.0 0 0 0.03715970722027123
2 0.4794997572898865 10 13 0.163752575034801
6 0.9952854514122009 11 12 0.329875408547383
-1 0.0 0 0 0.04485421763771835
-1 0.0 0 0 0.0004389416785644634
4 1.109063982963562 14 15 -0.17628009981126525
-1 0.0 0 0 0.0062289778234028235
-1 0.0 0 0 -0.06015568389354841
3 0.9237107634544373 17 18 -0.407503637312739
-1 0.0 0 0 -0.015525837439824552
-1 0.0 0 0 -0.0836320584267378
4 0.9176512360572815 20 23 -0.004379784176251674
1 0.28163468837738037 21 22 -0.09562462468270003
-1 0.0 0 0 -0.006732599183239981
-1 0.0 0 0 -0.06485363742193351
6 1.0563884973526 24 25 0.0034424577294223375
-1 0.0 0 0 0.0018153510853278218
1 0.2143697589635849 26 27 -0.04642376180951126
-1 0.0 0 0 -0.0015224109113014998
-1 0.0 0 0 -0.026118137120372722
-1 0.0 0 0 0.00016655071755905862
nodes 29
4 1.0014820098876953 1 8 0.0
8 28.5 2 7 -0.003339562965665262
1 0.24986854195594788 3 4 -0.09446343122039771
-1 0.0 0 0 -0.003396228384693226
8 27.5 5 6 -0.22942752920735915
-1 0.0 0 0 -0.03583553729227076
-1 0.0 0 0 -0.006118126506818102
-1 0.0 0 0 -0.00020230339647919467
4 1.099502444267273 9 20 0.009370960662137464
5 1.158380150794983 10 15 0.018334081756180422
6 1.03019118309021 11 14 0.0031347660721318016
8 38.5 12 13 0.0069072871625907445
-1 0.0 0 0 0.0031245622904792613
-1 0.0 0 0 -0.0027555796248367103
-1 0.0 0 0 -0.02143682226159647
2 0.4962959289550781 16 17 0.04597387453901066
-1 0.0 0 0 0.005198965264527844
1 0.4257747232913971 18 19 -0.1194479435076376
-1 0.0 0 0 -0.06559913129283067
-1 0.0 0 0 -0.0019804174900941904
7 0.041999999433755875 21 28 -0.01920130932206068
2 0.3714727461338043 22 23 -0.09177204055652116
-1 0.0 0 0 -0.02107802187967528
8 43.5 24 27 -0.031655909376884145
0 0.3390082120895386 25 26 0.005887135287819902
-1 0.0 0 0 0.041692032110183797
-1 0.0 0 0 -0.002057664516869907
-1 0.0 0 0 -0.03293186206470377
-1 0.0 0 0 7.96374271393273e-06
nodes 29
6 0.5334320068359375 1 2 0.0
-1 0.0 0 0 -0.00879496359123969
8 69.5 3 24 0.0003470057936256292
4 0.6782086491584778 4 7 -0.0005380406400357424
1 0.3023855686187744 5 6 -0.038076609873029445
-1 0.0 0 0 -0.0031522601209658554
-1 0.0 0 0 -0.024620390788541807
5 1.6355866193771362 8 9 0.0011930687816536468
-1 0.0 0 0 -8.218219855838873e-05
2 0.4115924537181854 10 11 0.02597302880771114
-1 0.0 0 0 0.0013827614956935883
7 0.38600000739097595 12 23 0.20609336317837137
2 0.48332589864730835 13 22 0.24384659014948976
6 1.001515507698059 14 21 0.285612033380979
7 0.02199999988079071 15 18 0.24112873121407138
2 0.4237402677536011 16 17 0.4494848792421651
-1 0.0 0 0 0.008589096127284899
-1 0.0 0 0 0.06164412701464429
1 0.17566314339637756 19 20 0.10691733856534434
-1 0.0 0 0 0.07296096450255181
-1 0.0 0 0 0.0024315297912464156
-1 0.0 0 0 0.07929996987222694
-1 0.0 0 0 -0.050982981725511224
-1 0.0 0 0 -0.04816719455563504
0 0.47126877307891846 25 26 0.03834895544188232
-1 0.0 0 0 0.012083360853823466
3 0.7418375015258789 27 28 -0.002187910257443467
-1 0.0 0 0 0.0005207090870553731
-1 0.0 0 0 -0.05057202597910707
nodes 29
7 0.8219999969005585 1 28 0.0
8 86.5 2 27 9.061964813352779e-05
4 0.5768035054206848 3 8 -9.51185290429052e-05
6 1.023139476776123 4 7 -0.03862734675854434
6 0.8724886775016785 5 6 -0.0600944285933294
-1 0.0 0 0 0.0016153318428077633
-1 0.0 0 0 -0.009223748526204804
-1 0.0 0 0 0.004089536519547077
7 0.0020000000949949026 9 26 0.0007907705753688116
6 0.9174297451972961 10 21 -0.024466541896986528
2 0.47486335039138794 11 20 -0.056393459938539
1 0.402413547039032 12 13 -0.04140828468477973
-1 0.0 0 0 -0.005500280293267964
6 0.8935308456420898 14 17 0.15550625236055843
5 1.1526261568069458 15 16 0.3532298498047406
-1 0.0 0 0 0.07299598180688918
-1 0.0 0 0 0.005581145380672656
8 47.5 18 19 -0.05457506992388517
-1 0.0 0 0 -0.031967770484717266
-1 0.0 0 0 0.03328826272716889
-1 0.0 0 0 -0.019073424159943356
1 0.4676286280155182 22 23 0.004490726682018352
-1 0.0 0 0 0.0013083809970339646
8 50.5 24 25 -0.18439943440805334
-1 0.0 0 0 -0.03253590078877934
-1 0.0 0 0 0.04428706675767899
-1 0.0 0 0 0.00020905452280069607
-1 0.0 0 0 0.014845530376583338
-1 0.0 0 0 -0.03355373905764686
nodes 29
1 0.09076957404613495 1 2 0.0
-1 0.0 0 0 -0.004164999523803086
5 3.150658130645752 3 6 0.0006639052797113795
8 69.5 4 5 0.00028296607460513273
-1 0.0 0 0 -6.0403355279437466e-05
-1 0.0 0 0 0.0038352847082204233
1 0.13676539063453674 7 28 0.10502103003497656
4 0.9424780607223511 8 25 0.0653740250919819
6 0.7892550230026245 9 12 -0.023043065651799588
1 0.11244183778762817 10 11 -0.31436338198371233
-1 0.0 0 0 -0.0016056752084599186
-1 0.0 0 0 -0.05897233480444322
8 40.5 13 16 0.044392192758365395
2 0.34013211727142334 14 15 -0.22501348794437945
-1 0.0 0 0 0.006591123034844973
-1 0.0 0 0 -0.05952813112261621
4 0.8575617074966431 17 22 0.12553848212666205
7 0.09400000050663948 18 19 0.012681609167033927
-1 0.0 0 0 0.026520885544887282
7 0.26600000262260437 20 21 -0.10756946049098458
-1 0.0 0 0 -0.03412428512805846
-1 0.0 0 0 0.011523540049444798
0 0.3999592363834381 23 24 0.458734964197945
-1 0.0 0 0 0.013732651239704519
-1 0.0 0 0 0.07801434159988449
3 0.2849639356136322 26 27 0.4272039656742261
-1 0.0 0 0 0.09122691458712022
-1 0.0 0 0 0.014326337238819134
-1 0.0 0 0 0.05910639424842817
nodes 29
8 24.5 1 12 0.0
1 0.41272562742233276 2 11 -0.04504935464126188
0 0.2974700331687927 3 8 -0.03240081659831003
7 0.18200000375509262 4 5 -0.06260902329945613
-1 0.0 0 0 -0.02271302415729726
6 1.001052975654602 6 7 -0.0333966501201716
-1 0.0 0 0 0.0688947419077158
-1 0.0 0 0 -0.004948449130496736
1 0.24247992038726807 9 10 0.1253531517298973
-1 0.0 0 0 0.06255669446351628
-1 0.0 0 0 0.005975134282428874
-1 0.0 0 0 -0.06716384699997995
4 1.0002944469451904 13 28 0.0005998302308913653
6 0.9998196363449097 14 15 -0.002964295524715304
-1 0.0 0 0 0.0002590928456112051
2 0.5092617273330688 16 27 -0.021295294801752917
1 0.432563841342926 17 26 -0.019344586319010915
1 0.27769720554351807 18 19 -0.023602913937562007
-1 0.0 0 0 -0.0008508809219170829
2 0.4054267704486847 20 21 -0.05870469695836462
-1 0.0 0 0 -0.009363692225882783
4 0.9552146196365356 22 23 0.002382714381281476
-1 0.0 0 0 0.009595766072850884
3 0.8919315934181213 24 25 -0.09150694591105987
-1 0.0 0 0 -0.01609919105689604
-1 0.0 0 0 0.009096170111741053
-1 0.0 0 0 0.01050915168098479
-1 0.0 0 0 -0.027095642440359703
-1 0.0 0 0 0.0010840921302264826
nodes 29
6 0.9532519578933716 1 16 0.0
7 0.25 2 13 -0.007102088845210094
5 1.0651826858520508 3 12 -0.005707300839924967
1 0.4711032509803772 4 11 -0.14309480639461142
6 0.9438656568527222 5 8 -0.0887451353168652
6 0.9412128329277039 6 7 -0.30763725777031836
-1 0.0 0 0 -0.004875346220467451
-1 0.0 0 0 -0.06194745569743894
3 0.837673544883728 9 10 0.003973361966911882
-1 0.0 0 0 -0.052436778909311844
-1 0.0 0 0 0.007164267195489606
-1 0.0 0 0 -0.0609357774061592
-1 0.0 0 0 -0.0004233194663892369
2 0.36965224146842957 14 15 -0.22350881243444878
-1 0.0 0 0 -0.01361019825214927
-1 0.0 0 0 -0.054710005509092455
8 56.5 17 18 0.003742450330486566
-1 0.0 0 0 0.00014909872105146787
4 0.6425517201423645 19 20 0.04118097906164763
-1 0.0 0 0 -0.005088412162738651
1 0.3545577824115753 21 22 0.07911278033375443
-1 0.0 0 0 0.01182813282217501
5 1.1025201082229614 23 24 0.008064804699486384
-1 0.0 0 0 0.01017505970799061
5 1.1462097764015198 25 26 -0.06259502370000465
-1 0.0 0 0 -0.016965840417659705
3 0.6822059750556946 27 28 0.06811151996516855
-1 0.0 0 0 -0.025128331851652443
-1 0.0 0 0 0.01943838979695588
nodes 29
7 0.7700000107288361 1 26 0.0
5 1.1573692560195923 2 13 0.00017872919708541966
6 1.0393028259277344 3 10 -0.005414960124448482
0 0.34210026264190674 4 7 -0.003691548177351228
8 36.5 5 6 0.050373803083640804
-1 0.0 0 0 0.0004450845905418593
-1 0.0 0 0 0.009793969364367012
5 1.1462097764015198 8 9 -0.010136867325356312
-1 0.0 0 0 -0.0005310887443510007
-1 0.0 0 0 -0.005470269084288663
1 0.29468441009521484 11 12 -0.21477882079907681
-1 0.0 0 0 -0.013159015370369813
-1 0.0 0 0 -0.057811755796565736
2 0.38620930910110474 14 15 0.004711637310638469
-1 0.0 0 0 -0.0006934409584372966
0 0.42001864314079285 16 19 0.03048705439745421
6 1.0393028259277344 17 18 0.08219065072904642
-1 0.0 0 0 0.00868566025709163
-1 0.0 0 0 -0.056693656951189046
7 0.49799999594688416 20 25 0.017233893417681966
7 0.4259999990463257 21 24 0.01566799091774283
0 0.4215336740016937 22 23 0.01826773080832324
-1 0.0 0 0 -0.02157886225370663
-1 0.0 0 0 0.0021239098149725393
-1 0.0 0 0 -0.055296221321388596
-1 0.0 0 0 0.05133336552007254
2 0.2812027037143707 27 28 -0.1416698960764777
-1 0.0 0 0 -0.021999681036741964
-1 0.0 0 0 0.02499646753782318
nodes 29
6 0.5334320068359375 1 2 0.0
-1 0.0 0 0 -0.007792946642309749
5 1.5828040838241577 3 4 0.0003074711366487969
-1 0.0 0 0 -0.0001515490443335586
2 0.294132262468338 5 8 0.01629517499045592
6 1.0341813564300537 6 7 -0.025132900614577354
-1 0.0 0 0 -0.006482203861106849
-1 0.0 0 0 0.0019498728720762524
2 0.4010032117366791 9 12 0.04930475021258413
6 0.863762378692627 10 11 0.03593896938780913
-1 0.0 0 0 -0.005683711606288215
-1 0.0 0 0 0.005531453193308052
7 0.030000001192092896 13 20 0.140542335456462
2 0.4819191098213196 14 19 0.27700140681450386
6 0.6267572045326233 15 18 0.33227335509501343
4 0.9582114815711975 16 17 0.10097054231968917
-1 0.0 0 0 0.024900946963578464
-1 0.0 0 0 -0.0381765090232796
-1 0.0 0 0 0.04515769111580755
-1 0.0 0 0 -0.05189146484248341
2 0.40370115637779236 21 22 0.039752421839491014
-1 0.0 0 0 0.04730079355272088
0 0.3933747410774231 23 24 -0.0024329834406288634
-1 0.0 0 0 0.04951735576209815
3 0.5304385423660278 25 26 -0.03449166815888387
-1 0.0 0 0 0.00433228363215246
2 0.4398999512195587 27 28 -0.2954549453797659
-1 0.0 0 0 -0.050810550534039406
-1 0.0 0 0 0.013772212120669862
nodes 29
8 75.5 1 22 0.0
4 0.7495713829994202 2 7 -0.0004742009069641392
1 0.36912599205970764 3 4 -0.017850168859284064
-1 0.0 0 0 -0.001573209254111221
2 0.43065592646598816 5 6 -0.3230428371522854
-1 0.0 0 0 -0.049531934600561225
-1 0.0 0 0 0.008180695865303279
7 0.05400000140070915 8 9 0.001415932640448181
-1 0.0 0 0 -0.0006766175323511016
6 1.001052975654602 10 11 0.0073670023129358215
-1 0.0 0 0 0.0015627302423345778
1 0.2972976267337799 12 15 -0.00950826318729823
2 0.3411175608634949 13 14 0.005658448472126952
-1 0.0 0 0 -0.0005851225351173213
-1 0.0 0 0 0.009873178525091317
6 1.0520464181900024 16 21 -0.04668918279737101
2 0.4045562446117401 17 20 -0.04062260202932646
0 0.39043429493904114 18 19 -0.09560540180733897
-1 0.0 0 0 -0.004727734460975155
-1 0.0 0 0 -0.021094504346962237
-1 0.0 0 0 -0.0003343242427516121
-1 0.0 0 0 -0.06632054533498982
0 0.5062798261642456 23 26 0.051407740276263054
3 0.3023688495159149 24 25 0.13781251138329906
-1 0.0 0 0 -0.00532904142974471
-1 0.0 0 0 0.01859809200480351
5 1.252875804901123 27 28 -0.03499703083077295
-1 0.0 0 0 -0.01896212675400879
-1 0.0 0 0 0.0020686102031807724
nodes 29
4 1.099502444267273 1 2 0.0
-1 0.0 0 0 0.0001238256434406592
7 0.15799999982118607 3 24 -0.018498058355473558
2 0.3723521828651428 4 9 -0.051575591151697735
6 1.0146758556365967 5 8 -0.10773521218484008
3 0.9564226865768433 6 7 -0.14429607255751906
-1 0.0 0 0 -0.0274834754296554
-1 0.0 0 0 -0.006630126271344159
-1 0.0 0 0 0.0023522152262657565
2 0.4794997572898865 10 23 -0.013301012074020969
5 1.7219120264053345 11 22 0.019419221918453345
5 1.3531250357627869 12 21 0.012231933412603008
0 0.330558717250824 13 14 0.02737791657426693
-1 0.0 0 0 0.04918196892720603
3 0.9088298678398132 15 18 0.01324273218781235
3 0.8671861290931702 16 17 0.3220911423647494
-1 0.0 0 0 -0.013971918515861034
-1 0.0 0 0 0.06036828054887492
2 0.4582130014896393 19 20 -0.0022702016566913358
-1 0.0 0 0 -0.004615838221281249
-1 0.0 0 0 0.01234565273481969
-1 0.0 0 0 -0.04364678177516908
-1 0.0 0 0 0.05476849270984531
-1 0.0 0 0 -0.013049608094129675
6 1.001515507698059 25 28 0.016045275828918255
5 1.337401032447815 26 27 0.13110135048465363
-1 0.0 0 0 0.007871112032779796
-1 0.0 0 0 0.0674365258850309
-1 0.0 0 0 -0.0007589573756686457
nodes 29
4 0.9258370995521545 1 28 0.0
8 42.5 2 19 -0.0054490980662870395
6 1.028324007987976 3 18 -0.028681865359518027
2 0.4080648720264435 4 5 -0.04551543535516046
-1 0.0 0 0 -0.006220045951083681
5 1.1179993152618408 6 17 0.051589758682439424
5 1.1103113889694214 7 14 -0.0469529806152537
3 0.7849774360656738 8 9 0.010790871737457061
-1 0.0 0 0 -0.05375645500421525
6 0.9540072083473206 10 11 0.04180644989241235
-1 0.0 0 0 0.03697474845754566
3 0.8243997097015381 12 13 -0.0167856816376249
-1 0.0 0 0 0.0251794996716809
-1 0.0 0 0 -0.009195160527265418
6 0.9979596734046936 15 16 -0.41136350830060403
-1 0.0 0 0 -0.018858652810255686
-1 0.0 0 0 -0.10128613548353314
-1 0.0 0 0 0.013056993936399792
-1 0.0 0 0 0.0023505348088654963
0 0.32482439279556274 20 21 0.002376495928926936
-1 0.0 0 0 0.007592898043577813
7 0.27400000393390656 22 23 -0.0013994452555588378
-1 0.0 0 0 0.0002654234306764055
5 1.5516430139541626 24 25 -0.06488237860569675
-1 0.0 0 0 -0.011628927594965317
3 0.5064206719398499 26 27 0.004679612863530358
-1 0.0 0 0 -0.0013057569152678304
-1 0.0 0 0 0.05707913388808569
-1 0.0 0 0 0.0004200446948835223
nodes 29
6 0.9532519578933716 1 20 0.0
7 0.28599999845027924 2 19 -0.0066185814298248815
5 1.0651826858520508 3 18 -0.0057332679992827965
4 1.0469863414764404 4 17 -0.1288492120121181
4 1.0160670280456543 5 14 -0.0886838048580446
1 0.4711032509803772 6 13 -0.16220687869102848
6 0.9447298645973206 7 10 -0.11403618905498947
6 0.9412128329277039 8 9 -0.31150627057788716
-1 0.0 0 0 -0.002469527126835069
-1 0.0 0 0 -0.058497722340791036
7 0.006000000284984708 11 12 -0.009052095080790688
-1 0.0 0 0 -0.048494980176309904
-1 0.0 0 0 0.0107111912062135
-1 0.0 0 0 -0.05641829784124576
8 40.5 15 16 0.20432726879987648
-1 0.0 0 0 0.044705917916837194
-1 0.0 0 0 -0.018777812487230854
-1 0.0 0 0 -0.06734921330213547
-1 0.0 0 0 -0.0004416674673568241
-1 0.0 0 0 -0.028862369844379527
8 56.5 21 22 0.003487666082128396
-1 0.0 0 0 0.00014086377228369494
4 0.6425517201423645 23 24 0.03805885770937715
-1 0.0 0 0 -0.004284631505355538
1 0.37013283371925354 25 26 0.07139264990816806
-1 0.0 0 0 0.010175210804684896
1 0.3986018896102905 27 28 -0.00648059434186305
-1 0.0 0 0 -0.011066261117392388
-1 0.0 0 0 0.006690396716801814
nodes 29
7 0.6540000140666962 1 10 0.0
1 0.21624338626861572 2 3 0.00043564861861014245
-1 0.0 0 0 0.0011307220902158814
6 1.0482677221298218 4 7 -0.0018021419459075788
2 0.26201754808425903 5 6 -0.0005443973749905611
-1 0.0 0 0 0.007793736412008714
-1 0.0 0 0 -0.00013289136268210565
1 0.28951823711395264 8 9 -0.14706273234736902
-1 0.0 0 0 -0.010247167142375896
-1 0.0 0 0 -0.046432556811420396
6 1.00456964969635 11 12 -0.05224253013135655
-1 0.0 0 0 0.04994824396972372
6 1.020297646522522 13 16 -0.07086324786307159
8 26.5 14 15 -0.4368433088491686
-1 0.0 0 0 -0.01887870222473374
-1 0.0 0 0 -0.062111369318195754
2 0.2879081070423126 17 20 -0.04065379763282542
6 1.0365744829177856 18 19 -0.08606907296322236
-1 0.0 0 0 -0.045249054109787246
-1 0.0 0 0 -0.006444002796916317
2 0.2984793782234192 21 22 0.1741006050923074
-1 0.0 0 0 0.06283367174592885
4 0.9561898708343506 23 24 0.0807062642318066
-1 0.0 0 0 -0.034643764973714436
0 0.2760615944862366 25 26 0.23951618096385247
-1 0.0 0 0 -0.017478676965913258
7 0.7019999921321869 27 28 0.6133993315260585
-1 0.0 0 0 0.0909031724645978
-1 0.0 0 0 0.030298531875014308
nodes 29
1 0.45300278067588806 1 20 0.0
1 0.4445168077945709 2 15 0.0010383856746302078
2 0.49836939573287964 3 4 -0.00011215839445719109
-1 0.0 0 0 3.988354231565343e-05
4 1.0551257133483887 5 14 -0.11853656849993435
1 0.43740320205688477 6 13 -0.051723443339773995
4 0.9992119073867798 7 12 -0.15491549805459065
5 1.2659790515899658 8 9 -0.033860573579591734
-1 0.0 0 0 -0.024029113661933256
8 50.5 10 11 0.15314123058582055
-1 0.0 0 0 0.04338472477372801
-1 0.0 0 0 -0.0418296018615365
-1 0.0 0 0 -0.05114772755991329
-1 0.0 0 0 0.013966694873813383
-1 0.0 0 0 -0.04516049834774502
6 0.9256544709205627 16 17 0.05579865091899701
-1 0.0 0 0 0.02098331471567598
0 0.5480470657348633 18 19 0.03246283175907757
-1 0.0 0 0 0.0023783927358140347
-1 0.0 0 0 0.06396245188079774
3 0.7849774360656738 21 22 -0.021031448073546236
-1 0.0 0 0 -0.04138946572041258
7 0.17400000244379044 23 24 -0.017067392506964606
-1 0.0 0 0 -0.0031502023707302186
7 0.18200000375509262 25 26 0.07782563829460423
-1 0.0 0 0 0.05928854548225278
0 0.537302553653717 27 28 0.04390488781269593
-1 0.0 0 0 0.008338688989276649
-1 0.0 0 0 -0.030273370672080475
nodes 29
8 84.5 1 24 0.0
4 0.8287536799907684 2 23 -0.00018595992459685765
8 53.5 3 20 -0.009765973290566719
2 0.4028462767601013 4 17 -0.031284853512189896
1 0.35788771510124207 5 16 -0.03895933122633988
6 1.023139476776123 6 15 -0.036159655782734695
1 0.32465261220932007 7 12 -0.05462914586088333
2 0.3581344187259674 8 9 -0.0635373514818477
-1 0.0 0 0 -0.004964949695506284
1 0.17810039222240448 10 11 -0.16097394786923727
-1 0.0 0 0 -0.05340543621334068
-1 0.0 0 0 -0.013037598583606078
6 0.9359345436096191 13 14 0.09370970354014777
-1 0.0 0 0 -0.020770682789475085
-1 0.0 0 0 0.018337842077705307
-1 0.0 0 0 0.0015287616056572108
-1 0.0 0 0 -0.06319442471353019
5 1.247575283050537 18 19 0.13203177589258724
-1 0.0 0 0 0.0004540658169496847
-1 0.0 0 0 0.036012812936995306
0 0.4391520917415619 21 22 0.008602086027740858
-1 0.0 0 0 0.005626554374880751
-1 0.0 0 0 -0.0013486175727584575
-1 0.0 0 0 0.00021895241396624444
0 0.502253532409668 25 26 0.11389987510300464
-1 0.0 0 0 0.02744944289764229
5 1.247575283050537 27 28 0.02519050248721171
-1 0.0 0 0 -0.022280415718754134
-1 0.0 0 0 0.012438836635711293
nodes 29
7 0.0020000000949949026 1 28 0.0
2 0.5356968641281128 2 27 -0.020350083938013037
6 0.9174297451972961 3 26 -0.018157899882755103
4 0.7126924395561218 4 5 -0.04372874036833114
-1 0.0 0 0 0.007529002021109794
3 0.798791766166687 6 21 -0.06176542355569926
1 0.4117896258831024 7 20 -0.0943085817733728
1 0.40046682953834534 8 19 -0.07823000980281121
2 0.44600149989128113 9 18 -0.08703388090807218
2 0.43065592646598816 10 11 -0.06069470573851873
-1 0.0 0 0 -0.008749489557859902
6 0.7063673734664917 12 13 0.15203180111711845
-1 0.0 0 0 0.0513351055731376
8 54.5 14 17 0.041423866031121234
0 0.47440817952156067 15 16 0.24553903606202868
-1 0.0 0 0 -0.011866006327252236
-1 0.0 0 0 0.07364160829912061
-1 0.0 0 0 -0.0209081115370447
-1 0.0 0 0 -0.025823851951016958
-1 0.0 0 0 0.036873575400274534
-1 0.0 0 0 -0.05752365344928371
6 0.8140664100646973 22 23 0.00809188058131294
-1 0.0 0 0 0.05106660427615768
3 0.8074492812156677 24 25 -0.017159009252703555
-1 0.0 0 0 0.03589657909050584
-1 0.0 0 0 -0.005032698104792066
-1 0.0 0 0 0.0005753025429922129
-1 0.0 0 0 -0.03336389758350218
-1 0.0 0 0 0.00010469572725804067
nodes 29
8 30.5 1 28 0.0
1 0.48733240365982056 2 27 -0.015463071701142257
7 0.07000000029802322 3 20 -0.014028857612698623
2 0.437346875667572 4 5 -0.06792782383522082
-1 0.0 0 0 -0.009771697351490907
2 0.4794997572898865 6 13 0.03788762195949997
4 1.0551257133483887 7 12 0.15661004794618258
2 0.45111411809921265 8 11 0.008689735429625044
3 0.9014685750007629 9 10 -0.27597754777587474
-1 0.0 0 0 0.012929397526507578
-1 0.0 0 0 -0.06988695718186058
-1 0.0 0 0 0.023545858815265032
-1 0.0 0 0 0.029295398817883563
7 0.04600000008940697 14 19 -0.21199481749818438
1 0.4445168077945709 15 16 -0.08424449774874262
-1 0.0 0 0 -0.04704469863487327
4 1.061830759048462 17 18 0.06379978954792023
-1 0.0 0 0 -0.01610977992012694
-1 0.0 0 0 0.042559156275313835
-1 0.0 0 0 -0.0693961932916533
2 0.5132841467857361 21 26 -0.0021738011617985294
2 0.46294867992401123 22 23 -0.003940134619107714
-1 0.0 0 0 0.0001594641412616312
4 1.1434978246688843 24 25 -0.12200922730914085
-1 0.0 0 0 -0.01782313141916432
-1 0.0 0 0 0.035060769054689446
-1 0.0 0 0 0.04727579388394952
-1 0.0 0 0 -0.055205471542748547
-1 0.0 0 0 0.00013909634171169706
nodes 29
2 0.18196013569831848 1 2 0.0
-1 0.0 0 0 -0.0032614303236159145
2 0.23905977606773376 3 10 0.0006523592143348034
5 1.4764765501022339 4 9 0.026515120174046437
8 34.5 5 6 0.05527098576162772
-1 0.0 0 0 0.000779610777651149
0 0.2728525996208191 7 8 0.08808244084198145
-1 0.0 0 0 0.012096694968521188
-1 0.0 0 0 0.0017949121055956055
-1 0.0 0 0 -0.0032775502385813345
5 1.5828040838241577 11 28 -0.0007662650244038578
7 0.39399999380111694 12 13 -0.003114094086098511
-1 0.0 0 0 -0.0001620262029843441
6 0.9859054088592529 14 15 -0.044425349813002904
-1 0.0 0 0 -0.03432580979540944
6 1.0 16 21 -0.038208302348209044
4 0.8132572174072266 17 20 0.08773499148113555
7 0.4179999977350235 18 19 -0.18258682583769162
-1 0.0 0 0 -0.06417197359895165
-1 0.0 0 0 0.0007996646300801691
-1 0.0 0 0 0.013842033222841566
4 1.0061774253845215 22 25 -0.06304145492975272
4 1.0026355981826782 23 24 -0.10753227422599795
-1 0.0 0 0 -0.009493935864613674
-1 0.0 0 0 -0.04962981808453035
5 1.2035239934921265 26 27 -0.015612562661113914
-1 0.0 0 0 -0.009251731615067716
-1 0.0 0 0 0.0036320245011435986
-1 0.0 0 0 0.002231233108553547
nodes 29
4 0.9663488864898682 1 20 0.0
8 39.5 2 17 -0.0038747591738918104
6 1.028324007987976 3 10 -0.0243016961141279
2 0.39352700114250183 4 7 -0.03617648784255616
8 29.5 5 6 -0.05212174379169327
-1 0.0 0 0 -0.0172113036191944
-1 0.0 0 0 -0.004554965244666573
1 0.4174901843070984 8 9 0.008151710560322004
-1 0.0 0 0 0.0041652607753965044
-1 0.0 0 0 -0.007262010777690288
2 0.3676583170890808 11 14 0.016285343402269663
2 0.35520797967910767 12 13 0.025916615820862788
-1 0.0 0 0 0.001806299454109511
-1 0.0 0 0 0.06318003986688221
0 0.4290396571159363 15 16 -0.3117953080874987
-1 0.0 0 0 -0.05895821482124852
-1 0.0 0 0 -0.0003977458219270449
0 0.319118857383728 18 19 0.0014504620617092306
-1 0.0 0 0 0.005180548486992696
-1 0.0 0 0 -0.00016117300009437614
8 56.5 21 26 0.005446736507237002
4 0.9716028571128845 22 25 0.006143196483939171
8 48.5 23 24 0.05784431876110244
-1 0.0 0 0 0.003275314291174572
-1 0.0 0 0 0.02492765487903463
-1 0.0 0 0 0.00036118320117568863
6 0.9509370923042297 27 28 -0.18063388939706548
-1 0.0 0 0 -0.03784180877874922
-1 0.0 0 0 0.021113096510704893
nodes 29
6 0.6746454834938049 1 28 0.0
2 0.34531310200691223 2 3 -0.04121159746516544
-1 0.0 0 0 0.0050489913118417235
0 0.37901461124420166 4 5 -0.0868290155798993
-1 0.0 0 0 0.031115141858657203
5 1.5112497806549072 6 7 -0.10262188995158468
-1 0.0 0 0 0.017679921463131906
1 0.31561025977134705 8 27 -0.12454508645951577
2 0.41687846183776855 9 18 -0.10426088326463574
0 0.49982646107673645 10 13 -0.17548960395071697
2 0.4098866581916809 11 12 -0.22299913057048718
-1 0.0 0 0 -0.018561733862956058
-1 0.0 0 0 -0.06873960073750753
2 0.400075227022171 14 17 0.01731068430858296
5 1.6988359689712524 15 16 -0.10814709261420273
-1 0.0 0 0 0.021857827422874315
-1 0.0 0 0 -0.027549423172888235
-1 0.0 0 0 0.03414099413591127
8 51.5 19 24 0.03045430585903966
4 0.9012946486473083 20 21 0.20156720608021272
-1 0.0 0 0 0.0750005182765779
8 46.5 22 23 0.05391082774179104
-1 0.0 0 0 -0.011505340317145308
-1 0.0 0 0 0.0310082403642516
2 0.4341302216053009 25 26 -0.09886002331574
-1 0.0 0 0 0.013126518639425436
-1 0.0 0 0 -0.026024653402145034
-1 0.0 0 0 -0.04992393954760499
-1 0.0 0 0 4.908376642305423e-05
nodes 29
5 1.1573692560195923 1 12 0.0
6 1.0393028259277344 2 11 -0.005042087400047295
0 0.346476286649704 3 4 -0.003586981368477227
-1 0.0 0 0 0.00420729272884819
8 37.5 5 8 -0.009510705664159558
0 0.4384096562862396 6 7 0.014166897593309876
-1 0.0 0 0 -0.0013447572701084593
-1 0.0 0 0 0.005255585594642949
6 1.0063115358352661 9 10 -0.017844478186112737
-1 0.0 0 0 -0.0014825736689861565
-1 0.0 0 0 -0.015778998526680736
-1 0.0 0 0 -0.01818115573886731
2 0.38620930910110474 13 14 0.004076600914267574
-1 0.0 0 0 -0.0006004023010123215
0 0.42001864314079285 15 20 0.026453789793420966
6 1.002457857131958 16 19 0.0727326270037821
7 0.11400000005960464 17 18 0.09446488018068255
-1 0.0 0 0 0.00551878747044446
-1 0.0 0 0 0.020952401739469523
-1 0.0 0 0 -0.004282030835663816
0 0.42615050077438354 21 28 0.014581864479926702
6 0.9990749955177307 22 25 -0.09348735292256936
8 40.5 23 24 -0.04261400850535008
-1 0.0 0 0 0.013765373290742487
-1 0.0 0 0 -0.014297929156219236
7 0.2619999945163727 26 27 -0.32241740280005615
-1 0.0 0 0 -0.04683807099770223
-1 0.0 0 0 0.01543960673113664
-1 0.0 0 0 0.0020450932523694136
nodes 29
4 1.099502444267273 1 14 0.0
3 0.984603226184845 2 9 0.0012014140823016482
4 1.0451526641845703 3 4 0.0021590928006948486
-1 0.0 0 0 -3.194724681951905e-05
7 0.01000000024214387 5 8 0.036049428919484754
8 43.5 6 7 0.13502403777145783
-1 0.0 0 0 0.01929284976604012
-1 0.0 0 0 -0.011623096644230512
-1 0.0 0 0 0.002529931219648609
1 0.44600340723991394 10 13 -0.04860979609077636
8 28.5 11 12 -0.08904150416913484
-1 0.0 0 0 0.022389645937909472
-1 0.0 0 0 -0.011401278479182889
-1 0.0 0 0 0.005507797140049779
3 0.99809330701828 15 26 -0.017947678510106816
6 0.9804755449295044 16 23 -0.04789337901995525
6 0.9685481190681458 17 22 -0.1459618892548012
7 0.014000000432133675 18 19 -0.09642959080249569
-1 0.0 0 0 0.006263684658615879
8 44.5 20 21 -0.15361033626900547
-1 0.0 0 0 -0.012012617903090467
-1 0.0 0 0 -0.057216230174526574
-1 0.0 0 0 -0.040140118044685605
7 0.006000000284984708 24 25 -0.019727981901620548
-1 0.0 0 0 -0.04114526713237865
-1 0.0 0 0 -0.0014835245733974447
5 1.1008485555648804 27 28 0.016120019616770162
-1 0.0 0 0 -0.04399467318629225
-1 0.0 0 0 0.0020829831163892637
nodes 29
5 1.2383124828338623 1 20 0.0
6 1.0393028259277344 2 15 -0.003162038429754987
2 0.26201754808425903 3 8 -0.0017787420721389034
8 34.5 4 7 0.04973029351257792
3 0.8633992671966553 5 6 -0.014058910339399612
-1 0.0 0 0 -0.010139154614561479
-1 0.0 0 0 0.006233789276444999
-1 0.0 0 0 0.008153513577085754
3 0.6606847047805786 9 14 -0.004396762286471642
2 0.3327009677886963 10 13 -0.04913220092493407
6 0.971337080001831 11 12 0.008265910410860503
-1 0.0 0 0 0.0062303318893353965
-1 0.0 0 0 -0.0072790202312879694
-1 0.0 0 0 -0.009645415478485249
-1 0.0 0 0 -0.00022253201681095514
2 0.3732672333717346 16 19 -0.09426375747131832
1 0.21788597106933594 17 18 -0.07424157838283021
-1 0.0 0 0 -0.00020948761630279478
-1 0.0 0 0 -0.015596527647251774
-1 0.0 0 0 -0.05891709534021525
2 0.40192925930023193 21 22 0.006437058109072498
-1 0.0 0 0 -0.0001955261958499557
6 0.7790522575378418 23 24 0.05601316231197456
-1 0.0 0 0 -0.004276315029079124
1 0.4117896258831024 25 26 0.08420834156974517
-1 0.0 0 0 0.009238286613914229
2 0.5132841467857361 27 28 -0.22352844794901708
-1 0.0 0 0 -0.047366200360868665
-1 0.0 0 0 0.012665852997452022
nodes 29
6 0.9574111104011536 1 28 0.0
2 0.45285412669181824 2 15 -0.005967261840556692
1 0.34790104627609253 3 8 -0.011980569714750179
8 40.5 4 7 0.001456163171691244
4 0.9413186311721802 5 6 -0.04115313625853401
-1 0.0 0 0 -0.010979527146542139
-1 0.0 0 0 -0.0013390774968570721
-1 0.0 0 0 0.001205053341336316
7 0.21400000154972076 9 14 -0.03929034633767118
8 30.5 10 11 -0.03738202238433528
-1 0.0 0 0 -0.025910293206266345
8 39.5 12 13 -0.03402435691259626
-1 0.0 0 0 0.003049295974357318
-1 0.0 0 0 -0.005078385325552908
-1 0.0 0 0 -0.05440678201565469
6 0.8208140134811401 16 23 0.019363967639095196
7 0.018000000156462193 17 18 -0.0968020756326213
-1 0.0 0 0 -0.019922442242497704
8 49.5 19 22 0.06640362649912311
4 0.9582114815711975 20 21 0.23679111148380944
-1 0.0 0 0 0.08785261748866602
-1 0.0 0 0 -0.011616317338775843
-1 0.0 0 0 -0.016835246392422253
5 1.6162904500961304 24 27 0.029256886776091156
5 1.075636625289917 25 26 0.026811611407321988
-1 0.0 0 0 -0.010529129075357899
-1 0.0 0 0 0.0037406220199593916
-1 0.0 0 0 0.06642459945380688
-1 0.0 0 0 0.00034840295356895426
nodes 29
7 0.8219999969005585 1 28 0.0
1 0.45300278067588806 2 3 7.341710934526305e-05
-1 0.0 0 0 0.00010542846777415515
5 1.1308246850967407 4 5 -0.01978743124474137
-1 0.0 0 0 -0.0006188432046935648
5 1.1417713165283203 6 15 -0.12380477621178108
4 0.9370498657226562 7 8 -0.3181014206107265
-1 0.0 0 0 -0.08820166198106913
6 0.9998196363449097 9 14 -0.22870023049365887
7 0.018000000156462193 10 13 -0.32384806979637315
1 0.47512561082839966 11 12 -0.052059180062750114
-1 0.0 0 0 0.024238412282787836
-1 0.0 0 0 -0.04348354738205672
-1 0.0 0 0 -0.04643232262879087
-1 0.0 0 0 0.02142293662603559
6 0.9790085554122925 16 21 -0.019521266506132433
6 0.9438656568527222 17 18 0.0749911983671798
-1 0.0 0 0 -0.0035647185066980977
5 1.1645289659500122 19 20 0.27105921964290774
-1 0.0 0 0 0.046130256585099484
-1 0.0 0 0 -0.016491511541729172
0 0.4986869990825653 22 25 -0.17284148730061671
2 0.5180861353874207 23 24 0.1994771053807603
-1 0.0 0 0 0.06471741441637278
-1 0.0 0 0 -0.019225780355433625
3 0.8390045762062073 26 27 -0.3590007836413052
-1 0.0 0 0 -0.001370976624950286
-1 0.0 0 0 -0.05404248775251336
-1 0.0 0 0 -0.027184202935960557
nodes 29
8 24.5 1 22 0.0
1 0.41272562742233276 2 21 -0.03730505332618734
0 0.3064773678779602 3 14 -0.02605551683114099
7 0.25 4 11 -0.049986288403178605
6 1.021686315536499 5 10 -0.18023194293959238
0 0.1859695017337799 6 7 -0.2799582071332396
-1 0.0 0 0 0.0032088326662778853
5 1.1854944229125977 8 9 -0.3328474501495139
-1 0.0 0 0 -0.004411810969135592
-1 0.0 0 0 -0.04226743560698298
-1 0.0 0 0 -0.0028998707129446032
6 1.0019903182983398 12 13 -0.016360296420271328
-1 0.0 0 0 0.08241354027255016
-1 0.0 0 0 -0.0037737065647100235
6 1.0019903182983398 15 18 0.12921623360138212
8 23.5 16 17 -0.07512460553257817
-1 0.0 0 0 -0.032788732138994546
-1 0.0 0 0 0.008946506990942845
3 0.77671879529953 19 20 0.27286177398268097
-1 0.0 0 0 0.06141473886556923
-1 0.0 0 0 0.018859372097699917
-1 0.0 0 0 -0.05945897843115605
4 1.0002944469451904 23 24 0.0004967152228855401
-1 0.0 0 0 -0.00022640221655259148
7 0.14999999850988388 25 26 0.00842936545959273
-1 0.0 0 0 -0.0002612388557310066
6 1.0563884973526 27 28 0.031002357391148462
-1 0.0 0 0 0.004024563410424613
-1 0.0 0 0 -0.003909486108746093
nodes 29
4 1.099502444267273 1 2 0.0
-1 0.0 0 0 0.00011097524526793876
0 0.46606695652008057 3 26 -0.01657836370430056
3 0.99809330701828 4 25 -0.012485633011975228
6 0.9804755449295044 5 12 -0.04115104518224639
6 0.9685481190681458 6 11 -0.13074401212016126
7 0.014000000432133675 7 8 -0.09043839640119251
-1 0.0 0 0 0.007759671612316138
8 44.5 9 10 -0.14743709095791166
-1 0.0 0 0 -0.011592839254000536
-1 0.0 0 0 -0.05494116980469588
-1 0.0 0 0 -0.033667522520531255
0 0.3590152859687805 13 16 -0.015846427092167093
7 0.018000000156462193 14 15 -0.03448430602531122
-1 0.0 0 0 -0.047243752512666916
-1 0.0 0 0 -0.002532210478888114
3 0.9014685750007629 17 18 0.09243077432895594
-1 0.0 0 0 0.04299410233274103
7 0.12199999764561653 19 24 0.05248873302736371
4 1.1269127130508423 20 23 0.20092274552564426
2 0.443410724401474 21 22 0.045956052319016505
-1 0.0 0 0 0.03397549636402102
-1 0.0 0 0 -0.02067110114172101
-1 0.0 0 0 0.0478074716068267
-1 0.0 0 0 -0.005902904838326157
-1 0.0 0 0 0.002057674489650315
0 0.4809296727180481 27 28 -0.24381709574755314
-1 0.0 0 0 -0.050103037425030306
-1 0.0 0 0 0.011963644996285439
nodes 29
8 69.5 1 12 0.0
4 0.7350889444351196 2 11 -0.0006479541048093472
1 0.3023855686187744 3 4 -0.0226982062669741
-1 0.0 0 0 -0.0013703390696491987
8 51.5 5 6 -0.12622883431317541
-1 0.0 0 0 -0.0552616449776623
0 0.5299081802368164 7 10 -0.09153183124652958
1 0.30474844574928284 8 9 -0.04055960206579126
-1 0.0 0 0 -0.03833396006763603
-1 0.0 0 0 -0.0008673090567133685
-1 0.0 0 0 -0.025738762311923964
-1 0.0 0 0 0.00011809492315746487
0 0.444065123796463 13 14 0.02723303211919982
-1 0.0 0 0 0.01405512161079203
3 0.7418375015258789 15 28 0.0050823582942441745
3 0.7120688557624817 16 27 0.010840397846042155
4 0.792436420917511 17 24 0.004854810683877277
1 0.3436594009399414 18 19 0.013171948453513639
-1 0.0 0 0 0.002792229483861935
3 0.6700418591499329 20 23 -0.16593940050848427
7 0.0020000000949949026 21 22 -0.24371122240959034
-1 0.0 0 0 0.018941081278026104
-1 0.0 0 0 -0.033210347448915184
-1 0.0 0 0 0.025120037150653925
1 0.3281175494194031 25 26 -0.28389110433746056
-1 0.0 0 0 -0.0691009351781205
-1 0.0 0 0 0.002823288536941012
-1 0.0 0 0 0.05258729659359564
-1 0.0 0 0 -0.03751468052124155
nodes 29
1 0.3600197434425354 1 8 0.0
2 0.400075227022171 2 5 0.0033636345444195232
5 1.0883256196975708 3 4 -0.001356306968583741
-1 0.0 0 0 0.005530481482113886
-1 0.0 0 0 -0.00037547006524951367
6 0.7661007046699524 6 7 0.05067105554330827
-1 0.0 0 0 -0.005783255613026087
-1 0.0 0 0 0.006929327135302154
8 37.5 9 20 -0.005300391164924839
4 1.0747973918914795 10 11 0.022117929068922522
-1 0.0 0 0 0.003583990148517102
6 0.8371302485466003 12 13 -0.031380988327042864
-1 0.0 0 0 0.057497692741453645
6 1.0035117864608765 14 19 -0.03736970848251525
2 0.5059531927108765 15 18 -0.06787592230279242
1 0.4430437684059143 16 17 -0.04877348384288295
-1 0.0 0 0 -0.0076390285064929404
-1 0.0 0 0 0.023046306184669785
-1 0.0 0 0 -0.03148902127326563
-1 0.0 0 0 0.008316340040151386
6 1.0063115358352661 21 26 -0.014836122187409923
8 61.5 22 25 -0.012170016666483477
3 0.721388041973114 23 24 -0.008983567803501296
-1 0.0 0 0 0.009011512076521153
-1 0.0 0 0 -0.0012377819377261813
-1 0.0 0 0 -0.011201693658104965
0 0.3933747410774231 27 28 -0.16216448840532394
-1 0.0 0 0 -0.0923429939740648
-1 0.0 0 0 -0.012472520391342277
nodes 29
2 0.18196013569831848 1 4 0.0
6 1.0321584939956665 2 3 -0.02931276916468761
-1 0.0 0 0 -0.008211692751233861
-1 0.0 0 0 0.0008239926344331205
2 0.23905977606773376 5 8 0.0005863212472052968
1 0.18512405455112457 6 7 0.022313847369743903
-1 0.0 0 0 0.0002577395524910525
-1 0.0 0 0 0.008614586023002727
5 1.5828040838241577 9 22 -0.0006054770783205939
8 25.5 10 21 -0.002768714273889783
7 0.6180000007152557 11 20 -0.07146669375201145
6 0.9651265740394592 12 15 -0.04803548514731274
3 0.9809389114379883 13 14 -0.3432540591623235
-1 0.0 0 0 -0.010769757021711592
-1 0.0 0 0 -0.0707295905714008
0 0.45609939098358154 16 19 -0.02631112227630012
5 1.078675389289856 17 18 -0.01266078258132378
-1 0.0 0 0 0.06345671916549857
-1 0.0 0 0 -0.003251993939192184
-1 0.0 0 0 -0.048483844203027815
-1 0.0 0 0 -0.028416999853022085
-1 0.0 0 0 -0.00020220686885634117
2 0.289504736661911 23 24 0.020658625296536226
-1 0.0 0 0 -0.0015507037587670729
6 0.863762378692627 25 26 0.034010147937578804
-1 0.0 0 0 -0.002066165410858789
8 73.5 27 28 0.051360803904310984
-1 0.0 0 0 0.0047573589585144585
-1 0.0 0 0 0.03291293041256722
nodes 29
7 0.0020000000949949026 1 28 0.0
1 0.4676286280155182 2 19 -0.01802635886554766
1 0.4445168077945709 3 16 -0.013856345426408463
6 0.9760687351226807 4 5 -0.02070906549233995
-1 0.0 0 0 -0.003421416217710493
2 0.44853663444519043 6 15 0.06616035179679186
2 0.4332645833492279 7 12 0.009563154840586308
2 0.39078155159950256 8 9 0.060173954115622194
-1 0.0 0 0 -0.004767077956146927
0 0.4609275460243225 10 11 0.2735524628910103
-1 0.0 0 0 0.03896852360401107
-1 0.0 0 0 -0.023564508091658356
3 0.8851553797721863 13 14 -0.3201978341858194
-1 0.0 0 0 -0.005950740976139713
-1 0.0 0 0 -0.07268748962879182
-1 0.0 0 0 0.028394636568427084
5 1.0618844032287598 17 18 0.10813832325720976
-1 0.0 0 0 -0.03218207789791955
-1 0.0 0 0 0.01595051186571343
0 0.5049129724502563 20 21 -0.1638848436448504
-1 0.0 0 0 -0.06829855986684562
0 0.5218109488487244 22 23 -0.04697025918007434
-1 0.0 0 0 0.0328439632197842
3 0.8620399832725525 24 25 -0.19903502530783793
-1 0.0 0 0 0.008626588387414813
4 0.9913579821586609 26 27 -0.39328245283599866
-1 0.0 0 0 -0.07139269140047523
-1 0.0 0 0 0.00037059276586487184
-1 0.0 0 0 9.274077524274241e-05
nodes 29
1 0.4980233907699585 1 4 0.0
2 0.4601956009864807 2 3 0.0002541044520009447
-1 0.0 0 0 -0.00016223009501916278
-1 0.0 0 0 0.001059850389495011
8 50.5 5 26 -0.06456848909206479
3 0.984603226184845 6 23 -0.012699778957635556
3 0.9676530957221985 7 22 0.03869729484824962
8 48.5 8 21 -0.007650541280576539
6 0.9403643012046814 9 10 -0.0511465546269922
-1 0.0 0 0 0.049334685418468256
8 45.5 11 20 -0.12300862888640104
7 0.018000000156462193 12 13 -0.054725329513617214
-1 0.0 0 0 0.02701619223046761
8 37.5 14 15 -0.1142117277338681
-1 0.0 0 0 0.008241787263088758
5 1.0910110473632812 16 19 -0.20543164542885786
6 0.9945399761199951 17 18 -0.02468972011572785
-1 0.0 0 0 -0.02164407550406299
-1 0.0 0 0 0.02667718529701233
-1 0.0 0 0 -0.054033580115612816
-1 0.0 0 0 -0.05185808459425281
-1 0.0 0 0 0.03803338977694512
-1 0.0 0 0 0.03579823881801632
7 0.04600000008940697 24 25 -0.2643682093174871
-1 0.0 0 0 -0.0773273170171749
-1 0.0 0 0 0.0024469741437634506
5 1.078675389289856 27 28 -0.41935046641156076
-1 0.0 0 0 -0.07142426996004014
-1 0.0 0 0 -0.020580781479205553
nodes 29
8 86.5 1 24 0.0
4 0.5768035054206848 2 7 -0.0001420699668861096
6 1.023139476776123 3 6 -0.030683926849276368
6 0.8724886775016785 4 5 -0.05090190140229892
-1 0.0 0 0 0.001191216287891461
-1 0.0 0 0 -0.007738184483219103
-1 0.0 0 0 0.004405490376827771
8 65.5 8 9 0.0005602394533839522
-1 0.0 0 0 -3.761108020683663e-05
2 0.37698498368263245 10 13 0.031409659517754256
3 0.7189359068870544 11 12 0.08087482915439638
-1 0.0 0 0 0.007402622710584884
-1 0.0 0 0 0.05384141275515924
2 0.3806103467941284 14 15 -0.04694352473148211
-1 0.0 0 0 -0.027471845501196992
4 0.8241960406303406 16 19 -0.0318894345117947
4 0.8073484301567078 17 18 0.004395920920495415
-1 0.0 0 0 -0.0025700758990007287
-1 0.0 0 0 0.0399876855183066
3 0.7849774360656738 20 23 -0.15477177265644104
3 0.7542896270751953 21 22 -0.2529181171388479
-1 0.0 0 0 -0.012399164514840934
-1 0.0 0 0 -0.06777894452891567
-1 0.0 0 0 0.02237926989185567
0 0.4826299548149109 25 26 0.11351389896962792
-1 0.0 0 0 0.033183942287966305
5 1.2715837955474854 27 28 0.025202451095905867
-1 0.0 0 0 -0.021542283247358032
-1 0.0 0 0 0.013565340093107987
nodes 29
7 0.8219999969005585 1 28 0.0
0 0.41222086548805237 2 5 6.482848443634902e-05
8 60.5 3 4 0.00430224179622968
-1 0.0 0 0 0.00024602527675272775
-1 0.0 0 0 0.011079847507233028
0 0.45026081800460815 6 25 -0.0036409615529774506
3 0.984603226184845 7 22 -0.016311348229073905
7 0.44600000977516174 8 19 -0.012419451117563726
4 1.0507516860961914 9 12 -0.010315228427509841
3 0.7941750288009644 10 11 -0.015015201277983871
-1 0.0 0 0 0.000309982218504878
-1 0.0 0 0 -0.0032505499713884195
0 0.4137985408306122 13 14 0.05692122951869224
-1 0.0 0 0 -0.030882021891672842
3 0.9469581246376038 15 18 0.07034293404843245
4 1.0747973918914795 16 17 0.1472651235246793
-1 0.0 0 0 0.02303099627748462
-1 0.0 0 0 0.0014613853748970196
-1 0.0 0 0 -0.0003437009125680121
5 1.840211272239685 20 21 -0.16291883712611685
-1 0.0 0 0 -0.027818434861231808
-1 0.0 0 0 0.014765767993392527
6 0.9010445475578308 23 24 -0.08450261723737805
-1 0.0 0 0 -0.0631785362958908
-1 0.0 0 0 -0.007022124083457951
0 0.45100706815719604 26 27 0.004202830951544677
-1 0.0 0 0 0.012632061444859647
-1 0.0 0 0 0.00027320748027538357
-1 0.0 0 0 -0.024004059698846607
nodes 29
4 0.8985434770584106 1 28 0.0
8 47.5 2 25 -0.00544814054926668
2 0.4115924537181854 3 22 -0.0244468482391244
6 1.020297646522522 4 17 -0.034249520298603536
1 0.363139808177948 5 16 -0.05275801811608451
1 0.3223341107368469 6 15 -0.047587621611929004
0 0.4516964852809906 7 8 -0.060572444945277006
-1 0.0 0 0 -0.0053571380794292574
8 40.5 9 10 -0.2448312212266804
-1 0.0 0 0 -0.09285974218731835
7 0.27799999713897705 11 14 -0.18785070450613847
8 42.5 12 13 -0.08388999557549444
-1 0.0 0 0 0.052444613866862805
-1 0.0 0 0 -0.015859794188617615
-1 0.0 0 0 -0.052052497308419945
-1 0.0 0 0 0.004772813864408417
-1 0.0 0 0 -0.02376269631633999
1 0.31325405836105347 18 19 0.014474421825324164
-1 0.0 0 0 0.0019678514848728095
4 0.8575617074966431 20 21 -0.36299579213890765
-1 0.0 0 0 0.012088223397731782
-1 0.0 0 0 -0.07500982130318881
1 0.3212038278579712 23 24 0.07608908875314452
-1 0.0 0 0 0.038246356117139974
-1 0.0 0 0 0.0052435177279676285
0 0.3268868625164032 26 27 0.006096352856749123
-1 0.0 0 0 0.01100725358808757
-1 0.0 0 0 0.00030244525378782147
-1 0.0 0 0 0.0002920996136098802
nodes 29
6 0.9574111104011536 1 28 0.0
2 0.45111411809921265 2 27 -0.005233850105843489
1 0.34790104627609253 3 4 -0.010863821673901132
-1 0.0 0 0 7.848878203600789e-05
8 30.5 5 8 -0.035349058084781594
7 0.018000000156462193 6 7 -0.26000855788387517
-1 0.0 0 0 0.0068867304539307955
-1 0.0 0 0 -0.04447702783463377
8 39.5 9 12 -0.03201062848545788
6 0.863762378692627 10 11 0.026821075344295266
-1 0.0 0 0 0.02083407341527778
-1 0.0 0 0 0.0007532656688597813
7 0.05000000074505806 13 24 -0.047265052499473034
1 0.4088214635848999 14 17 -0.06545865610137888
1 0.39767488837242126 15 16 -0.05463250341005421
-1 0.0 0 0 -0.007058341970104416
-1 0.0 0 0 0.005293771910788721
6 0.9147838950157166 18 21 -0.1986097203294847
5 1.1025201082229614 19 20 0.23582648422296454
-1 0.0 0 0 0.071449164301157
-1 0.0 0 0 -0.02200450955757073
3 0.8272334933280945 22 23 -0.24714346525223788
-1 0.0 0 0 -0.06407687491235825
-1 0.0 0 0 -0.016242279157131938
2 0.4237402677536011 25 26 0.0020448841358621985
-1 0.0 0 0 -0.007030680091139259
-1 0.0 0 0 0.008089160562786012
-1 0.0 0 0 0.0017121297246447964
-1 0.0 0 0 0.0003055821703529689
nodes 29
1 0.45300278067588806 1 2 0.0
-1 0.0 0 0 8.967888604663217e-05
3 0.7849774360656738 3 4 -0.01816354703841539
-1 0.0 0 0 -0.036387566564247964
7 0.27400000393390656 5 22 -0.0146752538708776
5 1.1125366687774658 6 9 -0.02194989223559777
2 0.4925873577594757 7 8 -0.0006649790237677854
-1 0.0 0 0 -0.006516577752113228
-1 0.0 0 0 0.003360467599182659
3 0.8415682911872864 10 13 -0.09417936977504857
8 48.5 11 12 0.06106168592259997
-1 0.0 0 0 0.022417248738190485
-1 0.0 0 0 -0.018360451626635733
3 0.8697379231452942 14 19 -0.13498114911986234
4 0.9582114815711975 15 16 -0.282680533377623
-1 0.0 0 0 0.01014918167909075
0 0.5158553123474121 17 18 -0.41386133587419444
-1 0.0 0 0 -0.08408409349620344
-1 0.0 0 0 -0.027612598132973
4 0.9992119073867798 20 21 -0.0788604849804714
-1 0.0 0 0 0.01791851942676424
-1 0.0 0 0 -0.01333847812232737
5 1.089257001876831 23 26 0.12865128777714238
0 0.5076702833175659 24 25 -0.04805987858241285
-1 0.0 0 0 0.009970406169428472
-1 0.0 0 0 -0.039530513823265216
7 0.4060000032186508 27 28 0.38886333494396
-1 0.0 0 0 0.05554197805331034
-1 0.0 0 0 -0.010356441723263783
nodes 29
1 0.09076957404613495 1 2 0.0
-1 0.0 0 0 -0.0031910495277715613
5 3.150658130645752 3 4 0.0005086564743616921
-1 0.0 0 0 1.957236337639629e-05
1 0.140812948346138 5 28 0.08623564663062173
4 0.9479280114173889 6 23 0.05703739597484161
6 0.7892550230026245 7 10 -0.01922482797732193
1 0.11244183778762817 8 9 -0.26704444057308135
-1 0.0 0 0 -0.0006735868577379734
-1 0.0 0 0 -0.050732927626142135
8 40.5 11 14 0.03659040008478605
2 0.34013211727142334 12 13 -0.23198422351304224
-1 0.0 0 0 0.0055645620051239224
-1 0.0 0 0 -0.0582142293939124
4 0.8575617074966431 15 20 0.1166916036139629
7 0.09400000050663948 16 17 0.02531695438665338
-1 0.0 0 0 0.02561067762503097
7 0.26600000262260437 18 19 -0.09143554373260807
-1 0.0 0 0 -0.028961458292213228
-1 0.0 0 0 0.010213468059204346
0 0.3999592363834381 21 22 0.3886905594533959
-1 0.0 0 0 0.011810010840140639
-1 0.0 0 0 0.06469814445484769
3 0.2849639356136322 24 25 0.37133019771709136
-1 0.0 0 0 0.07960716754198074
4 1.120438814163208 26 27 0.11234149180080105
-1 0.0 0 0 0.03592276663519442
-1 0.0 0 0 -0.012278819824790671
-1 0.0 0 0 0.057968608271330595
nodes 29
6 0.5334320068359375 1 20 0.0
0 0.41222086548805237 2 7 -0.06201258659512089
8 46.5 3 4 0.07012950988615503
-1 0.0 0 0 -0.00933668245561421
4 0.8703458309173584 5 6 0.17734022099585806
-1 0.0 0 0 0.002951840597849626
-1 0.0 0 0 0.04393879839811813
4 0.8287536799907684 8 13 -0.10771927065200057
4 0.785845160484314 9 12 -0.028182441513891217
2 0.3521703779697418 10 11 -0.11967212710575476
-1 0.0 0 0 -0.001141860590903216
-1 0.0 0 0 -0.02342012147486642
-1 0.0 0 0 0.03326935405429039
4 0.962224543094635 14 19 -0.231908354744838
1 0.2088831514120102 15 18 -0.33072653789311013
1 0.16583777964115143 16 17 -0.48673854068833955
-1 0.0 0 0 -0.024281771183013917
-1 0.0 0 0 -0.0654959801969857
-1 0.0 0 0 -0.016084680151608254
-1 0.0 0 0 0.023253710605204106
5 1.5828040838241577 21 22 0.00024467097735972337
-1 0.0 0 0 -0.00010904065558995195
2 0.2812027037143707 23 26 0.011953543209216069
6 1.0520464181900024 24 25 -0.024908617771031608
-1 0.0 0 0 -0.0059669606557700774
-1 0.0 0 0 0.002418232267035439
8 26.5 27 28 0.034432884075427425
-1 0.0 0 0 0.01749971933323188
-1 0.0 0 0 0.0028800154323632143
nodes 29
8 33.5 1 22 0.0
6 0.8778034448623657 2 11 -0.009015449106511279
4 1.0469863414764404 3 8 -0.12863667798353404
4 0.9992119073867798 4 5 -0.2387970899222777
-1 0.0 0 0 -0.0033614784609700475
2 0.3226681053638458 6 7 -0.45616844307520604
-1 0.0 0 0 -0.0009029356555806267
-1 0.0 0 0 -0.061931378545390596
2 0.44853663444519043 9 10 0.010232204945306436
-1 0.0 0 0 -0.0078117368057732
-1 0.0 0 0 0.04825626144615504
5 1.0666022300720215 12 13 -0.006135149682902119
-1 0.0 0 0 0.008013210331100269
4 0.9582114815711975 14 19 -0.009478707131468938
6 1.028324007987976 15 16 -0.04663399706881285
-1 0.0 0 0 -0.008985325513311257
0 0.3990655839443207 17 18 0.01132499082375705
-1 0.0 0 0 0.0025350070829924694
-1 0.0 0 0 -0.0429296272703343
3 0.7189359068870544 20 21 -0.001145380466267103
-1 0.0 0 0 0.005175773263927995
-1 0.0 0 0 -0.0009434254896440175
0 0.2694951891899109 23 28 0.0016998798484247658
2 0.3167288601398468 24 27 0.039232181195921055
1 0.16022776067256927 25 26 0.04287422164925745
-1 0.0 0 0 -0.000776154192734664
-1 0.0 0 0 0.007552189578745954
-1 0.0 0 0 -0.054481866968457
-1 0.0 0 0 4.649501999784506e-06
nodes 29
7 0.6540000140666962 1 10 0.0
1 0.4980233907699585 2 3 0.0003647441186435178
-1 0.0 0 0 6.0537028520028265e-05
8 50.5 4 9 -0.06027120832687633
0 0.5107396841049194 5 6 -0.013975442421543603
-1 0.0 0 0 0.037004965407630576
3 0.984603226184845 7 8 -0.04557244403212614
-1 0.0 0 0 0.0006447013626260375
-1 0.0 0 0 -0.04261358447961117
-1 0.0 0 0 -0.03769342471193522
6 1.00456964969635 11 12 -0.04373975235030186
-1 0.0 0 0 0.04553531226184633
6 1.020297646522522 13 16 -0.06058413688049768
8 26.5 14 15 -0.39013065475222397
-1 0.0 0 0 -0.017150417066071757
-1 0.0 0 0 -0.0552538900077343
2 0.2879081070423126 17 20 -0.03338205624426588
6 1.0365744829177856 18 19 -0.07309175292621596
-1 0.0 0 0 -0.03990212587968392
-1 0.0 0 0 -0.00538528584824639
2 0.2984793782234192 21 22 0.15439247845332751
-1 0.0 0 0 0.05665708963166584
4 0.9561898708343506 23 24 0.06964551403282959
-1 0.0 0 0 -0.030574673093084634
0 0.2760615944862366 25 26 0.20921442562188858
-1 0.0 0 0 -0.015835354980584738
6 1.0365744829177856 27 28 0.5409221107639918
-1 0.0 0 0 0.025416592473075508
-1 0.0 0 0 0.08420161060988904
nodes 29
7 0.542000025510788 1 2 0.0
-1 0.0 0 0 6.0124908379610514e-05
6 1.0006213188171387 3 6 -0.02332430213127798
4 0.8336666226387024 4 5 0.22569997116531196
-1 0.0 0 0 -0.0190509752035141
-1 0.0 0 0 0.03743463008797595
5 1.1624221801757812 7 10 -0.033108134208687426
8 26.5 8 9 -0.21504324964351124
-1 0.0 0 0 -0.06529126418754459
-1 0.0 0 0 -0.0046631944938921015
2 0.3982301354408264 11 28 -0.021587177030756632
4 1.0875424146652222 12 23 -0.025954103958293895
6 1.0365744829177856 13 18 -0.05442896751818851
3 0.7398883104324341 14 17 -0.14287935410361938
3 0.6732796430587769 15 16 -0.09353535463414397
-1 0.0 0 0 -0.014647041942324426
-1 0.0 0 0 0.021265766718516165
-1 0.0 0 0 -0.031709388284278765
1 0.258437842130661 19 22 -0.01655821376319207
2 0.2698497176170349 20 21 -0.001157985289961943
-1 0.0 0 0 -0.0034402811394779655
-1 0.0 0 0 0.01131575571055516
-1 0.0 0 0 -0.06399594623595477
2 0.33807018399238586 24 25 0.02902799895201109
-1 0.0 0 0 -0.0007256859098148873
5 1.840211272239685 26 27 0.44898061835222314
-1 0.0 0 0 0.022268657568024427
-1 0.0 0 0 0.09128834058297798
-1 0.0 0 0 0.035598404347323455
nodes 29
8 75.5 1 12 0.0
4 0.6931301951408386 2 11 -0.00035827536097559655
1 0.28163468837738037 3 10 -0.019793483723064585
2 0.37787532806396484 4 7 -0.01125735106570803
2 0.3741876482963562 5 6 -0.014712466618293401
-1 0.0 0 0 -0.0012860823305668831
-1 0.0 0 0 -0.0415824699215591
0 0.5420362949371338 8 9 0.20104933753609658
-1 0.0 0 0 0.04514976228226204
-1 0.0 0 0 -0.013983860632611644
-1 0.0 0 0 -0.009831998657444864
-1 0.0 0 0 8.689239309943791e-05
0 0.5062798261642456 13 28 0.0388403380248852
3 0.3023688495159149 14 15 0.10851249067846194
-1 0.0 0 0 -0.005769223954880347
6 0.9502329230308533 16 25 0.15040518980423842
2 0.3571942150592804 17 22 0.11528593057750765
2 0.3226681053638458 18 21 0.16101062419822965
2 0.2812027037143707 19 20 0.09926338830258126
-1 0.0 0 0 0.021188319282784984
-1 0.0 0 0 -0.002461839667521417
-1 0.0 0 0 0.032309711842430665
6 0.8750305771827698 23 24 -0.09782380219050017
-1 0.0 0 0 0.01790291883158856
-1 0.0 0 0 -0.03377630606293679
0 0.46975430846214294 26 27 0.38233863094743964
-1 0.0 0 0 0.01549279441436132
-1 0.0 0 0 0.06747237996952164
-1 0.0 0 0 -0.0030831814628691544
nodes 29
7 0.7700000107288361 1 26 0.0
5 1.2238537073135376 2 3 0.0001287735277812526
-1 0.0 0 0 -0.00025950701553707057
2 0.40192925930023193 4 5 0.005054701061408966
-1 0.0 0 0 -0.00020399726455277336
8 44.5 6 7 0.04290138580942112
-1 0.0 0 0 0.009319439318236233
7 0.33799999952316284 8 25 0.011591808387075653
4 0.8884772658348083 9 18 0.016144439712485897
6 0.9620265960693359 10 13 0.0635951789896975
7 0.08999999985098839 11 12 0.025525485396744627
-1 0.0 0 0 0.004884849849860653
-1 0.0 0 0 -0.021764560202594666
5 1.247575283050537 14 15 0.21060114261456261
-1 0.0 0 0 -0.008242276236109559
0 0.4986869990825653 16 17 0.2701826699596131
-1 0.0 0 0 0.013521029954837591
-1 0.0 0 0 0.043077023475546476
5 1.2631750106811523 19 20 -0.03333627771562246
-1 0.0 0 0 0.005301523196161906
4 0.9913579821586609 21 22 -0.08672475917953237
-1 0.0 0 0 -0.005396897549422926
2 0.4203879237174988 23 24 -0.2780874954463032
-1 0.0 0 0 0.023206640970012224
-1 0.0 0 0 -0.04422239692760227
-1 0.0 0 0 -0.0699860305102034
2 0.2812027037143707 27 28 -0.10207251269313265
-1 0.0 0 0 -0.016557249943843565
-1 0.0 0 0 0.021542742103338244
nodes 29
7 0.0020000000949949026 1 28 0.0
0 0.435517817735672 2 27 -0.016006090374055437
5 1.376030683517456 3 26 0.012949527890431573
5 1.2659790515899658 4 23 0.03525718899325986
1 0.3661457300186157 5 22 0.007322303623467088
2 0.3511454463005066 6 13 -0.031128664013686528
2 0.34634989500045776 7 10 0.056011123176360804
1 0.3010883927345276 8 9 0.014673919015091984
-1 0.0 0 0 0.00651290660481358
-1 0.0 0 0 -0.030319350729308404
6 0.9330530166625977 11 12 0.4976134505577204
-1 0.0 0 0 0.010473491065204144
-1 0.0 0 0 0.0871783488563129
0 0.3832773268222809 14 19 -0.09759356538953473
0 0.3700301945209503 15 16 0.06447067662034163
-1 0.0 0 0 -0.015690739106475598
2 0.3806103467941284 17 18 0.37032195434317383
-1 0.0 0 0 0.01685955029539764
-1 0.0 0 0 0.07582574377839382
0 0.40881648659706116 20 21 -0.16321689380964127
-1 0.0 0 0 -0.02954009661929094
-1 0.0 0 0 -0.006814604174936763
-1 0.0 0 0 0.012267520653492795
1 0.2985428273677826 24 25 0.1963192624534713
-1 0.0 0 0 0.006286690378520679
-1 0.0 0 0 0.05245399283673111
-1 0.0 0 0 -0.011936851673319376
-1 0.0 0 0 -0.0036433476699367995
-1 0.0 0 0 8.234703501439552e-05
nodes 29
4 1.099502444267273 1 2 0.0
-1 0.0 0 0 9.299310396023283e-05
7 0.041999999433755875 3 20 -0.013892049145689277
5 1.396202564239502 4 19 -0.06818399548848975
8 43.5 5 12 -0.047794671053833386
8 33.5 6 11 -0.026864862127429202
6 0.9119550585746765 7 10 -0.09762974227537297
3 0.9741018414497375 8 9 -0.36225639533294157
-1 0.0 0 0 0.0019349068299763733
-1 0.0 0 0 -0.07547648722122957
-1 0.0 0 0 -0.0046574056495244254
-1 0.0 0 0 0.002056381326943693
4 1.1434978246688843 13 18 -0.26178729689949864
4 1.1143666505813599 14 17 -0.11671955277538532
6 0.9420914649963379 15 16 -0.3670897873681645
-1 0.0 0 0 -0.0013718485508276068
-1 0.0 0 0 -0.07734667845070363
-1 0.0 0 0 0.01999251556801884
-1 0.0 0 0 -0.06341278401513895
-1 0.0 0 0 -0.0279283811402475
8 42.5 21 26 0.0005325006492407656
0 0.466863751411438 22 23 -0.004613910369230142
-1 0.0 0 0 -0.0001481799785066151
0 0.47525113821029663 24 25 -0.29072016565344083
-1 0.0 0 0 -0.062101663649082185
-1 0.0 0 0 0.00660000228509307
8 48.5 27 28 0.15997163426664268
-1 0.0 0 0 0.02322520237066783
-1 0.0 0 0 -0.023455882476021848
nodes 29
0 0.41222086548805237 1 4 0.0
8 60.5 2 3 0.003849514186730191
-1 0.0 0 0 0.00022032485692786183
-1 0.0 0 0 0.009908380035945838
8 24.5 5 6 -0.0033683701764438503
-1 0.0 0 0 -0.038503722608355544
8 37.5 7 28 -0.003117733943250318
2 0.39544016122817993 8 15 0.020662182433258056
8 33.5 9 12 -0.15963541994112476
2 0.3815332353115082 10 11 -0.5641083958889207
-1 0.0 0 0 -0.015301888210303856
-1 0.0 0 0 -0.10318999115763039
8 36.5 13 14 -0.044601821277072705
-1 0.0 0 0 0.011270151651326055
-1 0.0 0 0 -0.03159500789653976
6 1.0321584939956665 16 27 0.026839024310760465
4 1.0747973918914795 17 20 0.024893600555785787
4 1.0641294717788696 18 19 0.037644125927520894
-1 0.0 0 0 0.0030871688360706467
-1 0.0 0 0 0.01778149438241571
6 1.0001870393753052 21 26 -0.06118154455597497
6 0.9310513138771057 22 23 -0.1125292692888172
-1 0.0 0 0 0.011135715464676234
2 0.4610726535320282 24 25 -0.1605565182943528
-1 0.0 0 0 -0.035214939864062066
-1 0.0 0 0 -0.009724041620567203
-1 0.0 0 0 0.006856622968506593
-1 0.0 0 0 0.061378057645978756
-1 0.0 0 0 -0.0007600098379210297
nodes 29
5 1.041087031364441 1 20 0.0
7 0.28599999845027924 2 19 0.056599973415049167
2 0.4819191098213196 3 14 0.08510554397082981
2 0.471752405166626 4 13 0.14260018743377348
7 0.03399999998509884 5 8 0.10188604817323248
6 0.9913328886032104 6 7 0.31216275762482026
-1 0.0 0 0 0.04683005365614708
-1 0.0 0 0 -0.009379546761047096
7 0.06600000336766243 9 10 0.020048626116398294
-1 0.0 0 0 -0.03047719107061211
1 0.45127156376838684 11 12 0.09852875581848351
-1 0.0 0 0 0.016623900165150262
-1 0.0 0 0 -0.029234402694485406
-1 0.0 0 0 0.04332539038215247
4 1.0014820098876953 15 18 -0.1281340830499613
8 42.5 16 17 -0.40959203068880323
-1 0.0 0 0 -0.015388804843479938
-1 0.0 0 0 -0.06346115350723268
-1 0.0 0 0 0.028525727754458788
-1 0.0 0 0 -0.04483558478587795
1 0.4980233907699585 21 22 -0.00022331558106877426
-1 0.0 0 0 1.8078388349272465e-06
5 1.1250430345535278 23 28 -0.06514324711794715
6 0.9412128329277039 24 27 -0.03581364627154626
5 1.0910110473632812 25 26 0.283123584375495
-1 0.0 0 0 0.06928680546581745
-1 0.0 0 0 -0.00893713886087591
-1 0.0 0 0 -0.008061419372029454
-1 0.0 0 0 -0.042233588599732946
nodes 29
4 0.8287536799907684 1 28 0.0
8 55.5 2 13 -0.007076822761248786
2 0.4332645833492279 3 6 -0.023727268010650185
6 1.023139476776123 4 5 -0.026875354807557848
-1 0.0 0 0 -0.004024283890797404
-1 0.0 0 0 0.0017852563650264518
0 0.5299081802368164 7 8 0.23094551743367525
-1 0.0 0 0 0.052681224818030996
7 0.07399999722838402 9 12 -0.034009763831967736
8 52.5 10 11 -0.2782829901243144
-1 0.0 0 0 -0.06682087827939541
-1 0.0 0 0 0.012859609787878784
-1 0.0 0 0 0.054003231795504696
0 0.4391520917415619 14 15 0.01096477334657744
-1 0.0 0 0 0.00502051568923231
4 0.8241960406303406 16 25 -0.004734814177632061
4 0.7985712289810181 17 20 -0.0001620497323060391
1 0.3661457300186157 18 19 -0.010570248702037835
-1 0.0 0 0 -0.000311980437587348
-1 0.0 0 0 -0.01635847504544456
6 0.9091523885726929 21 24 0.08598515083121787
3 0.4517293870449066 22 23 -0.04759290374904848
-1 0.0 0 0 0.05415573377924209
-1 0.0 0 0 -0.009065371874543494
-1 0.0 0 0 0.01930464700109351
6 0.9525088667869568 26 27 -0.25926017400631607
-1 0.0 0 0 -0.042053833350849654
-1 0.0 0 0 0.020896674067743364
-1 0.0 0 0 0.00017692057896391816
nodes 29
4 0.5934293866157532 1 4 0.0
1 0.2526635229587555 2 3 -0.021318296943201767
-1 0.0 0 0 -0.001150826816121878
-1 0.0 0 0 -0.01261394980987732
8 69.5 5 6 0.0006019295758194538
-1 0.0 0 0 -2.0662177044761763e-07
2 0.3676583170890808 7 26 0.04303163847341369
6 0.970241129398346 8 23 0.10577522393335433
8 81.5 9 22 0.08766083589485334
1 0.30961984395980835 10 19 0.07204429221898746
3 0.5615501403808594 11 12 0.09491053008460855
-1 0.0 0 0 0.005274093914019579
5 1.2406418323516846 13 18 0.24819364637461683
8 73.5 14 17 0.1606238017169138
3 0.6327688694000244 15 16 -0.05045881446096159
-1 0.0 0 0 -0.027532870484221924
-1 0.0 0 0 0.029134341891855004
-1 0.0 0 0 0.05016034124657895
-1 0.0 0 0 0.06203654861698548
1 0.31790709495544434 20 21 -0.12433633886222892
-1 0.0 0 0 -0.03179533774964512
-1 0.0 0 0 0.00692806997719933
-1 0.0 0 0 0.036284965958848996
2 0.32721230387687683 24 25 0.33269910317930307
-1 0.0 0 0 0.010633167458905114
-1 0.0 0 0 0.05509819807484746
6 0.8065197467803955 27 28 -0.03213942043511424
-1 0.0 0 0 -0.014363114503487996
-1 0.0 0 0 0.00039943581132106796
nodes 29
8 86.5 1 22 0.0
4 0.5768035054206848 2 7 -0.00012454444435504146
6 1.023139476776123 3 6 -0.025134917531556084
6 0.8724886775016785 4 5 -0.04283371173289349
-1 0.0 0 0 0.001329024247905126
-1 0.0 0 0 -0.006649336741033441
-1 0.0 0 0 0.00402913781876138
8 65.5 8 9 0.00045056861086124796
-1 0.0 0 0 -3.0884470305321384e-05
2 0.4010032117366791 10 11 0.025470543974787156
-1 0.0 0 0 0.005275286914115476
0 0.4539378881454468 12 13 -0.0670394471618578
-1 0.0 0 0 -0.05955441814847291
5 1.1367005109786987 14 21 -0.05039362875798783
1 0.3763648271560669 15 16 -0.20330151413471845
-1 0.0 0 0 -0.05766208428693446
3 0.7047127485275269 17 18 -0.08308003538966936
-1 0.0 0 0 0.035474786878778385
3 0.7833170294761658 19 20 -0.2068140083093844
-1 0.0 0 0 -0.03914400317777808
-1 0.0 0 0 0.02376560481886069
-1 0.0 0 0 -5.9481848915698623e-05
0 0.4826299548149109 23 24 0.09951116286963224
-1 0.0 0 0 0.027731993484000367
5 1.2715837955474854 25 26 0.027588513533302238
-1 0.0 0 0 -0.018882919611808446
7 0.026000000536441803 27 28 0.12692779009459448
-1 0.0 0 0 -0.0029145202435114804
-1 0.0 0 0 0.03234641510579322
nodes 29
2 0.18196013569831848 1 6 0.0
6 1.0321584939956665 2 5 -0.024849561289345706
8 30.5 3 4 -0.0702537531751648
-1 0.0 0 0 -0.01909932880997658
-1 0.0 0 0 -0.0048380649022157374
-1 0.0 0 0 0.0007440505365927031
2 0.23905977606773376 7 18 0.000497046938630631
5 1.4764765501022339 8 15 0.01941891280968776
1 0.21788597106933594 9 14 0.04096696511248789
6 1.0128822326660156 10 13 0.03802037568021007
0 0.26624077558517456 11 12 0.0650500368961222
-1 0.0 0 0 0.008843654552524123
-1 0.0 0 0 -1.4600436822876306e-05
-1 0.0 0 0 4.9706883457453096e-05
-1 0.0 0 0 0.04426460365206003
6 1.0563884973526 16 17 -0.025010194430860493
-1 0.0 0 0 -0.00648978615551838
-1 0.0 0 0 0.0025954348789547126
5 1.5828040838241577 19 20 -0.0005408553026907369
-1 0.0 0 0 -0.00023514595610713641
2 0.48332589864730835 21 28 0.017256949944656187
2 0.4272238612174988 22 23 0.01874519013502895
-1 0.0 0 0 0.0013690411470483185
3 0.603765070438385 24 27 0.1370270108853999
6 1.0 25 26 0.17352041225856102
-1 0.0 0 0 0.013679490670268088
-1 0.0 0 0 0.0735420647263527
-1 0.0 0 0 -0.03586750244333719
-1 0.0 0 0 -0.028535188876447227
nodes 29
6 0.5334320068359375 1 16 0.0
3 0.459038645029068 2 15 -0.056832573715918495
1 0.17067931592464447 3 6 -0.07855332396559081
1 0.13676539063453674 4 5 0.0030644000379535822
-1 0.0 0 0 -0.006684693272313382
-1 0.0 0 0 0.010145812762763214
8 45.5 7 8 -0.17501063415159782
-1 0.0 0 0 0.025481564835423517
4 0.8265906572341919 9 12 -0.23769363368369845
4 0.7892773747444153 10 11 -0.09992655248691638
-1 0.0 0 0 -0.0219112489544959
-1 0.0 0 0 0.020655157137662174
1 0.22642304748296738 13 14 -0.38744046107150504
-1 0.0 0 0 -0.050275180072702
-1 0.0 0 0 -0.014109350817108696
-1 0.0 0 0 0.018012106537141585
8 34.5 17 28 0.00022423320975313932
2 0.3411175608634949 18 25 -0.007167502447268293
7 0.07000000029802322 19 24 -0.024524485690906324
6 1.001052975654602 20 23 -0.09400701768000787
6 0.9656967520713806 21 22 -0.12595048697613292
-1 0.0 0 0 -0.004951451950869247
-1 0.0 0 0 -0.020917801859657702
-1 0.0 0 0 0.004647905646927685
-1 0.0 0 0 -0.0011522625265637588
5 1.2238537073135376 26 27 0.012152575750293642
-1 0.0 0 0 -0.00027202978424644927
-1 0.0 0 0 0.0079107647197984
-1 0.0 0 0 0.00019793732650696925
nodes 29
6 0.9532519578933716 1 28 0.0
7 0.25 2 23 -0.004828548187860843
5 1.0651826858520508 3 22 -0.003712893626061992
4 1.0469863414764404 4 21 -0.10422733722473393
4 1.0160670280456543 5 18 -0.06923177176337843
4 0.9716028571128845 6 11 -0.13240427727427856
3 0.837673544883728 7 8 -0.016976313515497533
-1 0.0 0 0 -0.032394301427831486
7 0.006000000284984708 9 10 0.10754791415243778
-1 0.0 0 0 -0.03353748982772231
-1 0.0 0 0 0.023718385925380198
6 0.9438656568527222 12 13 -0.2733777739960685
-1 0.0 0 0 -0.06283354387888986
2 0.4582130014896393 14 17 -0.15245812994576377
6 0.9495151042938232 15 16 0.051867971839062096
-1 0.0 0 0 -0.02757287257247501
-1 0.0 0 0 0.033719412778173724
-1 0.0 0 0 -0.05115767330827305
8 40.5 19 20 0.18252924284623825
-1 0.0 0 0 0.03939030454272316
-1 0.0 0 0 -0.015892074593844323
-1 0.0 0 0 -0.057876720488071444
-1 0.0 0 0 -0.0002634418829601665
2 0.36965224146842957 24 27 -0.17792664443003645
3 0.6967566013336182 25 26 -0.09934038679575784
-1 0.0 0 0 -0.016153670382363344
-1 0.0 0 0 0.03538042086930502
-1 0.0 0 0 -0.04688630024803446
-1 0.0 0 0 0.00025444066495302573
nodes 29
6 1.0 1 2 0.0
-1 0.0 0 0 0.00017753417196011617
2 0.4610726535320282 3 28 -0.006696012204848485
1 0.2972976267337799 4 23 -0.011658037628675018
2 0.4177689552307129 5 22 0.003920270849064981
2 0.33049872517585754 6 7 0.002663631938457324
-1 0.0 0 0 -0.0006588083931784646
0 0.40349406003952026 8 21 0.0552244028028778
4 0.9235128164291382 9 12 0.08796786856510153
2 0.3601128160953522 10 11 0.20321971538390712
-1 0.0 0 0 0.016531584741508388
-1 0.0 0 0 0.08561999863013625
4 0.9980531930923462 13 20 0.05042441562087647
5 1.7778453826904297 14 19 -0.09829281495772621
3 0.63620525598526 15 16 -0.02220732531464704
-1 0.0 0 0 0.029694357850769567
6 1.020297646522522 17 18 -0.11984709954340028
-1 0.0 0 0 -0.025192211748572526
-1 0.0 0 0 0.019306909681226198
-1 0.0 0 0 -0.043306896938727454
-1 0.0 0 0 0.010974231099938732
-1 0.0 0 0 -0.0031383921547120776
-1 0.0 0 0 0.051425152141097434
6 1.024709701538086 24 25 -0.06556478254027566
-1 0.0 0 0 -0.004908067651957942
7 0.0819999985396862 26 27 -0.2099670296767335
-1 0.0 0 0 -0.06884170129614058
-1 0.0 0 0 -0.014544324058236297
-1 0.0 0 0 0.005582357613325402
nodes 29
1 0.45300278067588806 1 2 0.0
-1 0.0 0 0 7.782119932573545e-05
3 0.7849774360656738 3 4 -0.0157618960048712
-1 0.0 0 0 -0.032115271795501416
6 0.8571744561195374 5 6 -0.012680451472527552
-1 0.0 0 0 0.04426229773532777
5 1.1308246850967407 7 8 -0.014742425163565272
-1 0.0 0 0 -0.00042832727180029163
5 1.1383984088897705 9 16 -0.10245956804203661
8 40.5 10 13 -0.30072318099894757
3 0.9045087099075317 11 12 0.005362577008252794
-1 0.0 0 0 0.027668545001576984
-1 0.0 0 0 -0.03450961339597901
0 0.5091556310653687 14 15 -0.5011364749322335
-1 0.0 0 0 0.00020944902673363685
-1 0.0 0 0 -0.06583961515570991
4 0.9747138619422913 17 22 -0.02482959001102078
7 0.0859999991953373 18 21 0.2220417640884133
5 1.1516213417053223 19 20 0.35990572898299433
-1 0.0 0 0 0.004742190860869254
-1 0.0 0 0 0.07140540587405364
-1 0.0 0 0 -0.019811508130459562
0 0.5107396841049194 23 24 -0.1025483496349167
-1 0.0 0 0 0.005454923269692167
7 0.03399999998509884 25 26 -0.2847815451398492
-1 0.0 0 0 -0.05334227232766958
7 0.058000000193715096 27 28 -0.1297844470805162
-1 0.0 0 0 0.029231215365554977
-1 0.0 0 0 -0.0309566332579211
nodes 29
8 21.5 1 20 0.0
7 0.15399999916553497 2 3 -0.05893934913568527
-1 0.0 0 0 -0.034860871280684616
5 1.1790446043014526 4 5 -0.027802251412075145
-1 0.0 0 0 -0.04057718777718644
6 1.011273980140686 6 7 0.004251709833984714
-1 0.0 0 0 0.034993082759212014
6 1.021686315536499 8 9 -0.03220663461706863
-1 0.0 0 0 -0.03562895962968469
6 1.0321584939956665 10 11 0.00759302734360589
-1 0.0 0 0 0.0326765100799755
8 18.5 12 15 -0.02649331059831294
2 0.23905977606773376 13 14 0.19200689897739462
-1 0.0 0 0 -0.0043202691753818235
-1 0.0 0 0 0.045073744878172874
6 1.0449284315109253 16 17 -0.08245068134331121
-1 0.0 0 0 -0.04138847494927737
7 0.4780000001192093 18 19 -0.020006581547035687
-1 0.0 0 0 0.02752877216284665
-1 0.0 0 0 -0.008855704478420583
0 0.41300198435783386 21 28 0.00020107754758732756
8 45.5 22 23 0.003941953425948521
-1 0.0 0 0 -0.00018874581341254062
0 0.32482439279556274 24 27 0.02640277850103133
6 0.9875794053077698 25 26 0.1076310469735884
-1 0.0 0 0 0.01724165159208936
-1 0.0 0 0 0.0012157724314401782
-1 0.0 0 0 0.0014593029057430528
-1 0.0 0 0 -0.0003100277213218018
nodes 29
6 0.8778034448623657 1 28 0.0
8 33.5 2 11 -0.009962280902402188
4 1.0469863414764404 3 8 -0.11465798448846144
4 0.9992119073867798 4 5 -0.21734195683026114
-1 0.0 0 0 -0.0029797447662556842
2 0.3226681053638458 6 7 -0.4160277239683241
-1 0.0 0 0 -0.0005681069912733855
-1 0.0 0 0 -0.05657488004480665
2 0.44853663444519043 9 10 0.014786053372716362
-1 0.0 0 0 -0.006230765300729185
-1 0.0 0 0 0.04269408682504526
3 0.8932445645332336 12 19 -0.006280955729174427
0 0.31084102392196655 13 14 -0.010729109462890324
-1 0.0 0 0 0.012514588562197577
3 0.8838716745376587 15 16 -0.0157019735164325
-1 0.0 0 0 -0.0013739952813603426
6 0.8605564832687378 17 18 -0.3695078158920461
-1 0.0 0 0 0.001234561528848565
-1 0.0 0 0 -0.06439649695530535
0 0.35632210969924927 20 21 0.1640339083417698
-1 0.0 0 0 -0.01556303779093119
7 0.041999999433755875 22 25 0.2653908771530884
0 0.41844508051872253 23 24 0.3662003431416733
-1 0.0 0 0 0.016296589331967492
-1 0.0 0 0 0.056378939157972735
0 0.4113803803920746 26 27 0.0381695411153256
-1 0.0 0 0 0.05129658511051765
-1 0.0 0 0 -0.02954711091478129
-1 0.0 0 0 0.00012289039021087946
nodes 29
7 0.542000025510788 1 2 0.0
-1 0.0 0 0 5.4171045184920354e-05
6 1.0006213188171387 3 6 -0.021014619745744645
4 0.8336666226387024 4 5 0.2030484135605787
-1 0.0 0 0 -0.01672412542998791
-1 0.0 0 0 0.03352947235107422
6 1.0146758556365967 7 22 -0.029817757944297463
7 0.570000022649765 8 13 -0.13658967420675802
7 0.55799999833107 9 12 -0.3130848207411931
5 1.3325011730194092 10 11 -0.15197124816477298
-1 0.0 0 0 -0.03758177873404587
-1 0.0 0 0 0.014075114921881602
-1 0.0 0 0 -0.05974028899936992
6 1.0097368955612183 14 21 -0.05942435432658639
1 0.16583777964115143 15 18 0.06764931524005847
1 0.12347012758255005 16 17 0.28487489903345703
-1 0.0 0 0 4.935046657919884e-05
-1 0.0 0 0 0.05692562934011221
1 0.2030688226222992 19 20 -0.03703771309410951
-1 0.0 0 0 -0.041229061347742874
-1 0.0 0 0 0.009006407574540186
-1 0.0 0 0 -0.02293163255950355
2 0.3627558946609497 23 26 -0.01417407746772074
1 0.2882193922996521 24 25 -0.02448934911406335
-1 0.0 0 0 -0.0019183150919241311
-1 0.0 0 0 -0.056306846588850025
0 0.368932843208313 27 28 0.3442379034645224
-1 0.0 0 0 0.0774443918555651
-1 0.0 0 0 0.006938406048963468
nodes 29
4 0.8287536799907684 1 28 0.0
8 47.5 2 21 -0.006678034940982979
7 0.041999999433755875 3 10 -0.032023297039900846
5 1.119528889656067 4 7 -0.13900679295763632
1 0.30600506067276 5 6 -0.4853352443456198
-1 0.0 0 0 -0.010944490879774095
-1 0.0 0 0 -0.09097275586738703
1 0.3314063549041748 8 9 -0.10231710147833149
-1 0.0 0 0 -0.012446264576337272
-1 0.0 0 0 0.033542649055598305
1 0.3223341107368469 11 16 -0.016682687531613696
2 0.3797209858894348 12 13 -0.023778634980446883
-1 0.0 0 0 -0.0018312775659227827
0 0.4766801595687866 14 15 -0.306015734476122
-1 0.0 0 0 -0.06560271248221398
-1 0.0 0 0 0.01545255686107435
1 0.32691267132759094 17 18 0.17330822913309915
-1 0.0 0 0 0.07573229279369116
5 1.2131047248840332 19 20 0.09696643843979033
-1 0.0 0 0 0.01938288477287928
-1 0.0 0 0 -0.026929454668425026
0 0.37456175684928894 22 25 0.0029212253631294397
7 0.17400000244379044 23 24 0.06294726384940262
-1 0.0 0 0 0.010199834717746126
-1 0.0 0 0 -0.004202876660236789
1 0.3661457300186157 26 27 -0.0033491968085750533
-1 0.0 0 0 0.00011504853883956317
-1 0.0 0 0 -0.007640702901450854
-1 0.0 0 0 0.00016695088517713688
nodes 29
6 0.9574111104011536 1 28 0.0
2 0.45285412669181824 2 13 -0.004333301226236058
1 0.34790104627609253 3 10 -0.009659056005630322
8 40.5 4 5 9.633230994163908e-06
-1 0.0 0 0 -0.0034657999587664155
4 1.099502444267273 6 9 0.008629388598825161
0 0.3042943775653839 7 8 0.009750315698626864
-1 0.0 0 0 0.011352150454842806
-1 0.0 0 0 0.000569928975226145
-1 0.0 0 0 -0.03636818770707275
7 0.21400000154972076 11 12 -0.029310391305679293
-1 0.0 0 0 -0.0027623584385621826
-1 0.0 0 0 -0.04754936163489883
6 0.8208140134811401 14 23 0.018101591397199253
7 0.026000000536441803 15 16 -0.08525659480207676
-1 0.0 0 0 -0.015747420377282422
4 0.9870979189872742 17 20 0.09945382814233501
8 47.5 18 19 0.2724056408723008
-1 0.0 0 0 0.07739251864807947
-1 0.0 0 0 0.0025177695854029184
2 0.4738427698612213 21 22 -0.2672040148451924
-1 0.0 0 0 -0.08221570866271144
-1 0.0 0 0 0.013465855437619934
1 0.3201015889644623 24 25 0.026903769292027882
-1 0.0 0 0 0.05235733130325874
5 1.075636625289917 26 27 0.024606854491316183
-1 0.0 0 0 -0.008793235353688823
-1 0.0 0 0 0.0033639976601157074
-1 0.0 0 0 0.00025300296568767864
nodes 29
4 0.7495713829994202 1 28 0.0
1 0.3023855686187744 2 23 -0.009721326622363574
2 0.37787532806396484 3 12 -0.0028151214393650668
2 0.3751310706138611 4 9 -0.007572473097878319
8 62.5 5 8 -0.005636204035071642
6 1.023139476776123 6 7 -0.020055464142148417
-1 0.0 0 0 -0.0034176769627883487
-1 0.0 0 0 0.0022327691150868414
-1 0.0 0 0 0.0021406814441610666
8 62.5 10 11 -0.3189660298771092
-1 0.0 0 0 -0.07029497517893711
-1 0.0 0 0 -0.008857579672975199
0 0.49107345938682556 13 14 0.11693799169798795
-1 0.0 0 0 0.061304457646540626
1 0.17810039222240448 15 16 0.08464703055928026
-1 0.0 0 0 0.04402803390597304
8 54.5 17 18 0.038260077276612854
-1 0.0 0 0 -0.03520071239521106
6 0.9822847247123718 19 22 0.09168068276799705
7 0.058000000193715096 20 21 0.0351207342739551
-1 0.0 0 0 0.011563922077550422
-1 0.0 0 0 -0.0192149187302998
-1 0.0 0 0 0.060724636711753335
6 0.99642413854599 24 25 -0.06547990865682111
-1 0.0 0 0 -0.004340171006658859
0 0.5140356421470642 26 27 -0.36546743200160564
-1 0.0 0 0 -0.0551257709455159
-1 0.0 0 0 0.002040468270962055
-1 0.0 0 0 0.00011513027059680176
nodes 29
2 0.48770812153816223 1 12 0.0
2 0.46876227855682373 2 3 0.0008315505007155729
-1 0.0 0 0 -8.536459889657528e-05
5 1.075636625289917 4 7 0.024426450156368486
6 0.9349129796028137 5 6 -0.04525650825994158
-1 0.0 0 0 -0.06777739822864533
-1 0.0 0 0 -0.0029512025681359584
5 1.1755868196487427 8 9 0.036814240961745924
-1 0.0 0 0 0.0053235297955617905
1 0.41369521617889404 10 11 -0.02002682148019114
-1 0.0 0 0 0.00450296842544857
-1 0.0 0 0 -0.019695619688945246
2 0.4893527626991272 13 24 -0.013305657323112717
6 0.9267940521240234 14 17 -0.13650028776776577
6 0.8991849422454834 15 16 0.13222364725285693
-1 0.0 0 0 -0.010645526004511685
-1 0.0 0 0 0.04031564609424488
4 0.9054651856422424 18 19 -0.20432517871546288
-1 0.0 0 0 0.02064447316030661
3 0.8390045762062073 20 21 -0.23843755881111928
-1 0.0 0 0 -0.05887294898096186
5 1.1435688734054565 22 23 -0.16158025749499286
-1 0.0 0 0 -0.023687055099468966
-1 0.0 0 0 0.018798181946788516
4 1.1810680627822876 25 26 -0.004509246551836942
-1 0.0 0 0 -0.00015467882725906875
5 1.1974958181381226 27 28 -0.3551097437739372
-1 0.0 0 0 -0.07327341328967701
-1 0.0 0 0 -0.000895405374467373
nodes 29
7 0.6540000140666962 1 6 0.0
1 0.3600197434425354 2 5 0.00029987785920674735
2 0.400075227022171 3 4 0.0031360960028044547
-1 0.0 0 0 -8.220904998144422e-05
-1 0.0 0 0 0.004227951136047313
-1 0.0 0 0 -0.00041106773767754767
6 1.00456964969635 7 8 -0.03596105015251553
-1 0.0 0 0 0.03853837683520936
6 1.020297646522522 9 12 -0.05018143777704608
8 26.5 10 11 -0.34444523384397635
-1 0.0 0 0 -0.01425189498023918
-1 0.0 0 0 -0.049444761627486775
0 0.2791755199432373 13 20 -0.025891733365567403
8 18.5 14 15 -0.06055586172125756
-1 0.0 0 0 0.017765828740084543
2 0.3039979040622711 16 19 -0.0739292876368844
1 0.17810039222240448 17 18 -0.06169489300335931
-1 0.0 0 0 -0.0042529863093928545
-1 0.0 0 0 -0.019201709638748853
-1 0.0 0 0 -0.03522617655495803
4 0.9561898708343506 21 26 0.12642801313169885
8 31.5 22 23 -0.09433777533662838
-1 0.0 0 0 -0.028406394367468443
2 0.27373144030570984 24 25 0.04795685091691363
-1 0.0 0 0 -0.013132672799380359
-1 0.0 0 0 0.027846430951640723
6 1.0393028259277344 27 28 0.4763209608928213
-1 0.0 0 0 0.013194642774760724
-1 0.0 0 0 0.07613205745302398
nodes 29
6 0.6746454834938049 1 28 0.0
5 1.5112497806549072 2 3 -0.030645363582032095
-1 0.0 0 0 0.017787728297098734
1 0.31561025977134705 4 27 -0.0460562526064797
8 51.5 5 8 -0.033611659288822614
0 0.4843570291996002 6 7 0.04034431001942405
-1 0.0 0 0 0.0002893820984758156
-1 0.0 0 0 0.04622864864766598
4 0.8384436964988708 9 18 -0.07294084527933528
1 0.28429678082466125 10 17 -0.027249410455768404
4 0.8184172511100769 11 14 -0.013715366235764708
3 0.4660944938659668 12 13 -0.04420723652350477
-1 0.0 0 0 -0.001522461377317086
-1 0.0 0 0 -0.029198024670283002
6 0.5334320068359375 15 16 0.3091007387670486
-1 0.0 0 0 -0.011049987828092916
-1 0.0 0 0 0.066156525708735
-1 0.0 0 0 -0.034088617433672364
7 0.030000001192092896 19 26 -0.25973818176391755
2 0.43065592646598816 20 23 -0.17944892340137641
2 0.4098866581916809 21 22 -0.31540255722338484
-1 0.0 0 0 -0.017122393321791076
-1 0.0 0 0 -0.05840990837790411
0 0.49213236570358276 24 25 0.019738958709938234
-1 0.0 0 0 0.03241545632481575
-1 0.0 0 0 -0.024497026262764374
-1 0.0 0 0 -0.05434268946448963
-1 0.0 0 0 -0.04124803891819384
-1 0.0 0 0 3.6499199968434116e-05
nodes 29
4 1.0014820098876953 1 12 0.0
8 28.5 2 11 -0.0019619197457068126
0 0.32878702878952026 3 4 -0.06979910202074929
-1 0.0 0 0 -0.0019433876901027187
6 1.0006213188171387 5 6 -0.19689524057790037
-1 0.0 0 0 -0.00400351795548801
2 0.3359261155128479 7 8 -0.33402447631500615
-1 0.0 0 0 -0.006670221898947722
2 0.39078155159950256 9 10 -0.44284592619973473
-1 0.0 0 0 -0.05901969960714514
-1 0.0 0 0 -0.01632567166995544
-1 0.0 0 0 -9.818294629615514e-05
5 1.0679799318313599 13 20 0.0055052331047917005
3 0.9540187120437622 14 17 -0.04031265287859819
8 43.5 15 16 -0.2147322603212533
-1 0.0 0 0 -0.013186707484330366
-1 0.0 0 0 -0.05924433383137681
4 1.0073734521865845 18 19 -0.013155463185572409
-1 0.0 0 0 0.03371795436970013
-1 0.0 0 0 -0.002939457734236519
4 1.0347260236740112 21 28 0.008822822073548177
0 0.5299081802368164 22 27 0.028261692297629013
3 0.621065616607666 23 26 0.030169479534095846
2 0.30667644739151 24 25 0.16973998315877697
-1 0.0 0 0 0.0019907990784804853
-1 0.0 0 0 0.0328168893127977
-1 0.0 0 0 0.0026012835441808838
-1 0.0 0 0 -0.031669008739603065
-1 0.0 0 0 -0.00019324572294096277
nodes 29
5 1.0992070436477661 1 4 0.0
4 1.0720446109771729 2 3 0.007214929198391312
-1 0.0 0 0 0.0011245956694376882
-1 0.0 0 0 -0.006708217330926166
5 1.1032800674438477 5 28 -0.0015045454514404377
1 0.4676286280155182 6 21 -0.07643442001281148
7 0.07799999788403511 7 18 -0.05611348522421843
0 0.5158553123474121 8 17 -0.0026843210543486735
0 0.4852033257484436 9 10 0.0135091837944693
-1 0.0 0 0 -0.001775568914844095
6 0.9106482267379761 11 12 0.18187343746840212
-1 0.0 0 0 0.05904955297948853
0 0.4964250326156616 13 14 0.08443278468285616
-1 0.0 0 0 0.030676844247306385
6 0.9760687351226807 15 16 -0.10614063628017903
-1 0.0 0 0 -0.031741975911933444
-1 0.0 0 0 0.02988110158282022
-1 0.0 0 0 -0.03810234797949141
6 0.997558057308197 19 20 -0.12992284603620347
-1 0.0 0 0 -0.020501687343592503
-1 0.0 0 0 -0.0033120220745116984
6 0.9233640432357788 22 23 -0.4087626278828994
-1 0.0 0 0 0.003906235675371829
7 0.1380000039935112 24 27 -0.5109835482890839
3 0.9136646389961243 25 26 -0.6447223377827969
-1 0.0 0 0 -0.0416739072650671
-1 0.0 0 0 -0.10733308762311936
-1 0.0 0 0 -0.0029523906111717227
-1 0.0 0 0 3.143479434749987e-05
nodes 29
6 0.9199085235595703 1 12 0.0
7 0.11799999698996544 2 11 -0.006599431326004608
7 0.026000000536441803 3 10 -0.004037659314905265
3 0.9932294487953186 4 7 -0.01817221564889703
3 0.8297833204269409 5 6 -0.015588145025147214
-1 0.0 0 0 -0.0031068098342312044
-1 0.0 0 0 0.0038777238970580637
5 1.1250430345535278 8 9 -0.3079180068650996
-1 0.0 0 0 -0.08750235927493677
-1 0.0 0 0 -0.012420774664906917
-1 0.0 0 0 0.0012587368011238791
-1 0.0 0 0 -0.007679840669979232
6 0.9221730828285217 13 28 0.0016905824874722556
3 0.9932294487953186 14 27 0.08296263493076014
0 0.4609275460243225 15 24 0.07119062366812376
0 0.435517817735672 16 21 0.017315334915736936
0 0.37795042991638184 17 20 0.08902409755754605
2 0.3238759934902191 18 19 -0.05138019505806918
-1 0.0 0 0 0.01474982574818305
-1 0.0 0 0 -0.029212779550110562
-1 0.0 0 0 0.016273635118074406
0 0.4495224356651306 22 23 -0.19781095300969043
-1 0.0 0 0 -0.03837410703587991
-1 0.0 0 0 0.0014214619405959784
0 0.47126877307891846 25 26 0.16679477243599566
-1 0.0 0 0 0.047982462350279094
-1 0.0 0 0 0.009723258331004117
-1 0.0 0 0 0.0510679044139882
-1 0.0 0 0 8.8222339031105e-05
nodes 29
8 76.5 1 10 0.0
4 0.6931301951408386 2 9 -0.00028134685651695727
1 0.28163468837738037 3 4 -0.01614108973238601
-1 0.0 0 0 -0.0008757517912156162
5 1.1573692560195923 5 8 -0.08340120272777947
4 0.6318650841712952 6 7 0.019069520582290576
-1 0.0 0 0 0.02435456178865807
-1 0.0 0 0 -0.00479615362516294
-1 0.0 0 0 -0.013048234587024407
-1 0.0 0 0 7.400900526046943e-05
0 0.5062798261642456 11 22 0.03693385316131676
3 0.3023688495159149 12 13 0.09089916820113048
-1 0.0 0 0 -0.006422083661596798
2 0.36965224146842957 14 21 0.13420121901579754
2 0.3226681053638458 15 16 0.1702547865137458
-1 0.0 0 0 0.010074725926875375
1 0.2882193922996521 17 20 0.3235277953103949
6 0.8873907327651978 18 19 0.4711237162436274
-1 0.0 0 0 0.0211487307989349
-1 0.0 0 0 0.07826874061487615
-1 0.0 0 0 0.013252130939679987
-1 0.0 0 0 -0.0138931868089871
5 1.252875804901123 23 24 -0.012648492129070467
-1 0.0 0 0 -0.014017331680538609
2 0.3926086723804474 25 28 0.03189785073731375
2 0.3591143637895584 26 27 -0.006519764082834581
-1 0.0 0 0 0.004026845488092827
-1 0.0 0 0 -0.01901414536009982
-1 0.0 0 0 0.03553493819650143
nodes 29
7 0.8219999969005585 1 28 0.0
1 0.3600197434425354 2 11 5.2471311703195555e-05
2 0.3991613984107971 3 6 0.0026239427532906592
5 1.0883256196975708 4 5 -0.001124331095500136
-1 0.0 0 0 0.004798404375895023
-1 0.0 0 0 -0.0003213281850522231
6 0.7661007046699524 7 10 0.038496575707189076
3 0.7096598744392395 8 9 -0.04554250039125214
-1 0.0 0 0 -0.002058026980875673
-1 0.0 0 0 -0.03275784489128794
-1 0.0 0 0 0.005245509187431579
8 37.5 12 13 -0.003997846248842702
-1 0.0 0 0 0.0017817573148949273
6 1.0063115358352661 14 15 -0.011584962080367784
-1 0.0 0 0 -0.0009199803931056888
0 0.3933747410774231 16 17 -0.1433882423898467
-1 0.0 0 0 -0.08269461252105734
3 0.7658386826515198 18 19 -0.10977064159538474
-1 0.0 0 0 0.03608719179672854
5 1.08732271194458 20 21 -0.13841844956876467
-1 0.0 0 0 0.003357717486146789
2 0.4893527626991272 22 27 -0.22497833898790132
4 1.0061774253845215 23 26 -0.151860107453998
4 0.9489158987998962 24 25 -0.27600919127413265
-1 0.0 0 0 -0.0025202161200078474
-1 0.0 0 0 -0.04320668988757664
-1 0.0 0 0 0.003309669089028422
-1 0.0 0 0 -0.05127339598632628
-1 0.0 0 0 -0.019428561131159466
nodes 29
0 0.45026081800460815 1 18 0.0
8 59.5 2 7 -0.0022029177602923217
0 0.415397047996521 3 4 -0.0039085531028978495
-1 0.0 0 0 0.00015449519237025099
3 0.984603226184845 5 6 -0.018867653062808194
-1 0.0 0 0 -0.0014968097506675095
-1 0.0 0 0 -0.008219049609155872
2 0.37698498368263245 8 17 0.03902620682194603
4 0.8132572174072266 9 10 0.05563065661464866
-1 0.0 0 0 0.003779941915404572
3 0.7377502918243408 11 16 0.16230341248190278
8 62.5 12 13 0.2350701091459032
-1 0.0 0 0 0.03577615411892674
6 0.8916641473770142 14 15 0.08280127830637087
-1 0.0 0 0 -0.01714036454124233
-1 0.0 0 0 0.03031122121959925
-1 0.0 0 0 -0.004291502417724454
-1 0.0 0 0 -0.009690125458452305
0 0.45100706815719604 19 28 0.004484546737635322
8 46.5 20 21 0.11389657461122439
-1 0.0 0 0 0.02036716274349346
6 0.971337080001831 22 25 -0.010912645168080017
6 0.8269710540771484 23 24 0.10351159482548435
-1 0.0 0 0 -0.030540924197570846
-1 0.0 0 0 0.019171020668456516
4 0.8648931384086609 26 27 -0.36562778914812955
-1 0.0 0 0 0.007731806584633887
-1 0.0 0 0 -0.0808573644142598
-1 0.0 0 0 0.0003166856027430802
nodes 29
6 0.9532519578933716 1 6 0.0
7 0.28599999845027924 2 3 -0.004391385420072129
-1 0.0 0 0 -0.00036946640240114646
2 0.3105638027191162 4 5 -0.2263229545615441
-1 0.0 0 0 -0.0026035837900753207
-1 0.0 0 0 -0.04123038486037071
2 0.31427088379859924 7 10 0.0023140433541552386
5 1.0883256196975708 8 9 -0.009143192493950519
-1 0.0 0 0 0.01157804367990235
-1 0.0 0 0 -0.0012739363307808942
3 0.8002449870109558 11 12 0.006841093980687248
-1 0.0 0 0 0.002179161697479139
6 1.0520464181900024 13 28 -0.0009059072939420057
7 0.2459999993443489 14 21 0.00017541449340577228
1 0.27104103565216064 15 16 -0.005093935763881067
-1 0.0 0 0 -0.01804325687305795
3 0.8032020330429077 17 20 -0.0036110312225524264
0 0.4447482228279114 18 19 -0.1361988253024746
-1 0.0 0 0 0.0011344660282263468
-1 0.0 0 0 -0.028545793281261656
-1 0.0 0 0 -0.00018639302723028617
2 0.3167288601398468 22 23 0.035704793245038995
-1 0.0 0 0 0.038062856821731356
6 1.0019903182983398 24 27 0.03122640410970651
0 0.319118857383728 25 26 0.06762769633985637
-1 0.0 0 0 0.037896738210931806
-1 0.0 0 0 0.005597486740990531
-1 0.0 0 0 -0.0013337352289831412
-1 0.0 0 0 -0.029834663608510583
nodes 29
4 1.0002944469451904 1 24 0.0
6 0.9998196363449097 2 9 -0.0018787974858606592
7 0.3700000047683716 3 4 0.0019958665708841314
-1 0.0 0 0 9.723576708775468e-05
3 0.459038645029068 5 8 0.1353389886838915
2 0.3511454463005066 6 7 0.37377664778614417
-1 0.0 0 0 0.020583947715707696
-1 0.0 0 0 0.08483816952161168
-1 0.0 0 0 0.007362571221036728
7 0.03799999877810478 10 11 -0.014576197697010565
-1 0.0 0 0 -0.011839188128607306
5 1.0927542448043823 12 13 -0.010308590811966221
-1 0.0 0 0 0.006438117949646634
1 0.29976361989974976 14 15 -0.015962767414675123
-1 0.0 0 0 -0.0005299039850149861
1 0.3035811483860016 16 21 -0.055735143962872075
7 0.15799999982118607 17 20 -0.3010840370896941
4 0.9279977679252625 18 19 0.05483900053271403
-1 0.0 0 0 0.03549464631692639
-1 0.0 0 0 -0.036531144715845586
-1 0.0 0 0 -0.04828319711947537
3 0.6639884114265442 22 23 -0.04447842576448476
-1 0.0 0 0 -0.022080275281469393
-1 0.0 0 0 -0.003423051615814782
0 0.5299081802368164 25 26 0.005166869517854391
-1 0.0 0 0 0.0005866271256403721
1 0.4980233907699585 27 28 -0.19467401648721389
-1 0.0 0 0 -0.06477282727983866
-1 0.0 0 0 -0.005429100748938574
nodes 29
5 1.2383124828338623 1 8 0.0
6 1.041933298110962 2 5 -0.0022188274109176164
2 0.26201754808425903 3 4 -0.0010842013375945577
-1 0.0 0 0 0.0036845702411196523
-1 0.0 0 0 -0.0003036511251183649
2 0.2419794499874115 6 7 -0.08638340520639612
-1 0.0 0 0 0.0007030694374285621
-1 0.0 0 0 -0.01691328929956258
2 0.40192925930023193 9 16 0.0045169348320780655
6 1.028324007987976 10 15 -0.0010723286269812876
2 0.2862556278705597 11 14 -0.008066997699858398
8 37.5 12 13 -0.03347654473867576
-1 0.0 0 0 -0.007796049991925603
-1 0.0 0 0 -0.0010035683400558251
-1 0.0 0 0 7.97232225336191e-05
-1 0.0 0 0 0.0023943044067700724
1 0.4117896258831024 17 24 0.03753449200729721
8 28.5 18 19 0.04303957000709394
-1 0.0 0 0 0.0353272915416365
0 0.48613548278808594 20 23 0.0391296321466555
8 43.5 21 22 0.01607009083199859
-1 0.0 0 0 0.006831327198597137
-1 0.0 0 0 -0.00234750949026058
-1 0.0 0 0 0.008383510304786774
6 0.7987437844276428 25 26 -0.19782021880970088
-1 0.0 0 0 -0.06039106281740325
2 0.5132841467857361 27 28 -0.05744328717758626
-1 0.0 0 0 -0.030495090661000236
-1 0.0 0 0 0.03215527550783009
nodes 29
6 0.5334320068359375 1 24 0.0
7 0.05000000074505806 2 21 -0.04942869166748802
2 0.3327009677886963 3 4 -0.07600003967169099
-1 0.0 0 0 0.006945314601393818
7 0.01000000024214387 5 14 -0.12036606928236553
4 0.9279977679252625 6 13 -0.042615964396023436
8 50.5 7 8 -0.1337560191091572
-1 0.0 0 0 -0.035266731892313274
0 0.49982646107673645 9 12 -0.07967205091982203
0 0.46459388732910156 10 11 0.09357002731629235
-1 0.0 0 0 -0.00936466701855154
-1 0.0 0 0 0.030886922944337133
-1 0.0 0 0 -0.02570389405425106
-1 0.0 0 0 0.031519313929257574
4 0.9370498657226562 15 20 -0.20243562444017107
8 51.5 16 17 -0.12525983331503257
-1 0.0 0 0 0.015050098602660001
4 0.7985712289810181 18 19 -0.24614128836889893
-1 0.0 0 0 -0.011438303568582164
-1 0.0 0 0 -0.04149565496190917
-1 0.0 0 0 -0.058831458006586346
2 0.3732672333717346 22 23 0.1138643197037957
-1 0.0 0 0 -0.002994094739722855
-1 0.0 0 0 0.034669189501021595
5 1.5828040838241577 25 26 0.00019502122971335733
-1 0.0 0 0 -9.074134995009088e-05
2 0.25739794969558716 27 28 0.009863573854382898
-1 0.0 0 0 -0.0026647582632734483
-1 0.0 0 0 0.0022983249418753746
nodes 29
8 86.5 1 24 0.0
4 0.6080148816108704 2 13 -0.00010963675452483549
6 1.023139476776123 3 10 -0.01877253289257321
7 0.11799999698996544 4 7 -0.030770570620921874
5 1.1203117370605469 5 6 -0.007534706998916236
-1 0.0 0 0 0.01970740761488485
-1 0.0 0 0 -0.0012763896083295544
1 0.2667609751224518 8 9 -0.07276147889856485
-1 0.0 0 0 -0.006294556165443889
-1 0.0 0 0 -0.027027688685963613
5 1.1974958181381226 11 12 0.03024802125467989
-1 0.0 0 0 -0.019236760542035984
-1 0.0 0 0 0.004458462690817083
6 1.1249903440475464 14 21 0.00047347637739944234
6 0.9574111104011536 15 16 0.0008727174348014843
-1 0.0 0 0 -0.00040508787048023503
8 60.5 17 18 0.0037466180127697208
-1 0.0 0 0 0.00023256956777110028
1 0.4145975708961487 19 20 0.07485503490181274
-1 0.0 0 0 0.00929877490267182
-1 0.0 0 0 -0.01600169445278452
1 0.17320135235786438 22 23 -0.03878481812246042
-1 0.0 0 0 -0.001993869912036096
-1 0.0 0 0 -0.01602056153573608
0 0.47440817952156067 25 26 0.08759982522577048
-1 0.0 0 0 0.026545684925954917
7 0.030000001192092896 27 28 0.03387218254889982
-1 0.0 0 0 -0.008439076405933553
-1 0.0 0 0 0.020671802759170535
nodes 29
5 1.041087031364441 1 28 0.0
7 0.28599999845027924 2 27 0.04904116641104449
2 0.4819191098213196 3 22 0.07483023105399503
2 0.471752405166626 4 21 0.12616135745465043
2 0.4357823431491852 5 14 0.0892751228158518
1 0.4061160087585449 6 11 0.202188882806821
6 0.9983358383178711 7 10 0.09905177883926657
2 0.3917088210582733 8 9 0.2286293537736955
-1 0.0 0 0 0.03671127780366482
-1 0.0 0 0 0.0062449244658152265
-1 0.0 0 0 -0.024303301898762585
0 0.43196648359298706 12 13 0.40622097978611355
-1 0.0 0 0 0.06388896157592536
-1 0.0 0 0 0.01292345083895184
3 0.9809389114379883 15 20 -0.03963475317383806
8 36.5 16 17 0.032254242029486464
-1 0.0 0 0 0.035123172661532524
7 0.11000000312924385 18 19 -0.07407158616579314
-1 0.0 0 0 0.010201279409824217
-1 0.0 0 0 -0.04502518530935049
-1 0.0 0 0 -0.027584145169904723
-1 0.0 0 0 0.03894880880705184
4 1.0014820098876953 23 26 -0.1155497693940054
8 42.5 24 25 -0.3679273315566651
-1 0.0 0 0 -0.013995853743769908
-1 0.0 0 0 -0.05685398703813554
-1 0.0 0 0 0.02551297750324011
-1 0.0 0 0 -0.040779369297836515
-1 0.0 0 0 -1.9349215263138593e-05
nodes 29
4 0.8985434770584106 1 28 0.0
3 0.837673544883728 2 25 -0.004069195216613167
8 44.5 3 24 -0.004838179648887628
6 0.9968022704124451 4 17 -0.02503202815453938
3 0.8088436126708984 5 14 -0.06664123800767288
4 0.8756661415100098 6 7 -0.05650180360066034
-1 0.0 0 0 -0.009547200047590632
8 39.5 8 9 0.019558890731215098
-1 0.0 0 0 -0.00835562850101484
4 0.8929303288459778 10 11 0.07500890576564367
-1 0.0 0 0 0.013769958177473136
6 0.9091523885726929 12 13 -0.10378746101537681
-1 0.0 0 0 0.02786879688501358
-1 0.0 0 0 -0.024554408886762975
6 0.954689621925354 15 16 -0.2952454598026203
-1 0.0 0 0 0.0028755766805261375
-1 0.0 0 0 -0.04447844874677965
0 0.4843570291996002 18 19 -0.00044570455137530186
-1 0.0 0 0 -0.0006009131451580536
0 0.4964250326156616 20 21 0.23817693184221
-1 0.0 0 0 0.051659196313597604
0 0.512292206287384 22 23 0.05368504363549761
-1 0.0 0 0 -0.020563374451080033
-1 0.0 0 0 0.03324527408927679
-1 0.0 0 0 0.0002901684485413326
7 0.09400000050663948 26 27 0.20987457759305836
-1 0.0 0 0 0.037355584067492086
-1 0.0 0 0 -0.01254724004283184
-1 0.0 0 0 0.00021816808955036197
nodes 29
0 0.41222086548805237 1 6 0.0
0 0.40881648659706116 2 3 0.003222445226348051
-1 0.0 0 0 0.00012318995554722956
6 0.8269710540771484 4 5 0.0604747533965175
-1 0.0 0 0 0.026887980274572645
-1 0.0 0 0 0.004748473677041505
7 0.43799999356269836 7 26 -0.0028196774563212235
8 24.5 8 9 -0.0019241220287740998
-1 0.0 0 0 -0.04513001393141418
8 37.5 10 25 -0.0016771606593853363
2 0.39544016122817993 11 14 0.019998998853849887
2 0.3917088210582733 12 13 -0.1502573538751325
-1 0.0 0 0 -0.007865618025507642
-1 0.0 0 0 -0.054508668269429884
4 1.0747973918914795 15 20 0.024852518286484042
6 1.0263746976852417 16 19 0.036648280833683086
7 0.414000004529953 17 18 0.03393838055920357
-1 0.0 0 0 0.0031678122986409686
-1 0.0 0 0 0.04323812219170997
-1 0.0 0 0 0.04269868328701705
6 1.0006213188171387 21 24 -0.05441591690038831
7 0.014000000432133675 22 23 -0.09758178663787476
-1 0.0 0 0 0.010307856944784748
-1 0.0 0 0 -0.013922827563679824
-1 0.0 0 0 0.0069283291899572864
-1 0.0 0 0 -0.0005680215867967447
7 0.44200000166893005 27 28 -0.09120011757526146
-1 0.0 0 0 -0.051881724775389396
-1 0.0 0 0 -0.006847243545946801
nodes 29
5 1.1634941101074219 1 6 0.0
6 1.0393028259277344 2 5 -0.003262515817731514
0 0.346476286649704 3 4 -0.0021899857241064586
-1 0.0 0 0 0.0029855891582151427
-1 0.0 0 0 -0.0006468011471103376
-1 0.0 0 0 -0.012774270631092606
5 1.177918553352356 7 8 0.0029000346760986555
-1 0.0 0 0 0.0035872622717549674
1 0.4117896258831024 9 24 -0.0006134208729956172
2 0.38711297512054443 10 11 0.001294977412126017
-1 0.0 0 0 -0.0006242905417696656
6 1.041933298110962 12 23 0.023324852225057608
0 0.42001864314079285 13 14 0.024803790302561857
-1 0.0 0 0 0.0074923794936017675
0 0.423847496509552 15 20 0.011232522224607305
3 0.798791766166687 16 17 -0.13694230545965766
-1 0.0 0 0 -0.001492778394957272
7 0.12600000202655792 18 19 -0.30661874943461953
-1 0.0 0 0 -0.011415412991185002
-1 0.0 0 0 -0.08180247384522643
8 29.5 21 22 0.01623931300104117
-1 0.0 0 0 0.0438322975859046
-1 0.0 0 0 0.0014366714674253218
-1 0.0 0 0 -0.049417298036517905
1 0.4194914698600769 25 28 -0.08624433146138727
4 0.9521088004112244 26 27 -0.19700575477765064
-1 0.0 0 0 -0.041892155179163754
-1 0.0 0 0 -0.010283140394398396
-1 0.0 0 0 -0.003290893017699339
nodes 29
2 0.4601956009864807 1 2 0.0
-1 0.0 0 0 -0.00013713773695696896
5 1.0618844032287598 3 24 0.0073713063015007465
6 0.9532519578933716 4 9 -0.0498873092741047
1 0.4711032509803772 5 8 -0.31995865423232317
0 0.47525113821029663 6 7 -0.04448444447997543
-1 0.0 0 0 -0.03594018739725773
-1 0.0 0 0 0.03154211892258554
-1 0.0 0 0 -0.08364727975179753
6 0.961411714553833 10 13 -0.033023125742777035
7 0.05400000140070915 11 12 0.2630044408952412
-1 0.0 0 0 0.04061896544946751
-1 0.0 0 0 -0.022109794794093997
4 0.9468854069709778 14 21 -0.05990815647396922
7 0.026000000536441803 15 16 -0.24706337156905128
-1 0.0 0 0 -0.05666272225073324
7 0.10200000181794167 17 18 -0.1316653142857831
-1 0.0 0 0 0.0034459079599896956
3 0.8838716745376587 19 20 -0.3927179332489946
-1 0.0 0 0 -0.015835523884743453
-1 0.0 0 0 -0.08145707831718028
8 30.5 22 23 -0.0150092309432029
-1 0.0 0 0 -0.038771615393067664
-1 0.0 0 0 0.0003171594568381184
6 0.8208140134811401 25 28 0.012003446232989224
7 0.014000000432133675 26 27 -0.08710767202349168
-1 0.0 0 0 -0.020863404216143255
-1 0.0 0 0 0.006279541398422216
-1 0.0 0 0 0.001510242946443121
nodes 29
5 1.2383124828338623 1 6 0.0
5 1.236102819442749 2 3 -0.0022436558466921953
-1 0.0 0 0 -0.0001617836809995486
3 0.8986666798591614 4 5 -0.10867599696776241
-1 0.0 0 0 -0.014240256451454986
-1 0.0 0 0 0.04084647054163118
2 0.40192925930023193 7 10 0.00456747838226057
6 1.028324007987976 8 9 -0.0001830899281359175
-1 0.0 0 0 -0.0006620505606355805
-1 0.0 0 0 0.0022839350548096867
7 0.5020000040531158 11 28 0.03263059652872521
7 0.4580000042915344 12 27 0.03013422958871493
8 27.5 13 14 0.033638330635616324
-1 0.0 0 0 0.04223524962325354
1 0.4117896258831024 15 24 0.03056121807098517
6 0.7790522575378418 16 17 0.03520765840859789
-1 0.0 0 0 -0.0019965449573660678
7 0.3499999940395355 18 21 0.051602849019234946
3 0.6430625915527344 19 20 0.0573204185049512
-1 0.0 0 0 0.011206253549392548
-1 0.0 0 0 0.003126618069404764
4 0.8899738192558289 22 23 -0.1822729694679202
-1 0.0 0 0 -0.06705668467283249
-1 0.0 0 0 0.002463121581191229
0 0.5076702833175659 25 26 -0.1658799539803079
-1 0.0 0 0 -0.05038804607465863
-1 0.0 0 0 -0.0023563951131348546
-1 0.0 0 0 -0.05812665123354506
-1 0.0 0 0 0.04141720985212634
nodes 29
8 34.5 1 24 0.0
2 0.3411175608634949 2 9 -0.006666133468579278
7 0.07000000029802322 3 8 -0.020207642775982203
6 1.001052975654602 4 7 -0.08134302823147561
6 0.9656967520713806 5 6 -0.11016653170381575
-1 0.0 0 0 -0.003933022066657094
-1 0.0 0 0 -0.018764017075424345
-1 0.0 0 0 0.004571568095271767
-1 0.0 0 0 -0.000874746087616677
5 1.2238537073135376 10 21 0.008404593795969039
3 0.7880936861038208 11 16 -0.003532742176092665
7 0.2540000081062317 12 15 -0.239233697650239
4 0.9268691539764404 13 14 -0.07162108864278009
-1 0.0 0 0 0.01248810660132828
-1 0.0 0 0 -0.04489052255824209
-1 0.0 0 0 -0.05529701196385596
4 1.0875424146652222 17 18 8.894900419329879e-05
-1 0.0 0 0 0.0013587988521265087
3 0.9741018414497375 19 20 -0.05371331041165985
-1 0.0 0 0 -0.01947605309417283
-1 0.0 0 0 -0.0013236731280671912
6 1.061484456062317 22 23 0.061981442509873634
-1 0.0 0 0 0.007122962363709029
-1 0.0 0 0 -0.029187158300053508
0 0.3042943775653839 25 28 0.0015760751349088308
7 0.5460000038146973 26 27 0.030595527506739956
-1 0.0 0 0 0.0035454921268376783
-1 0.0 0 0 -0.013867335519027597
-1 0.0 0 0 -6.678463950484069e-05
nodes 29
1 0.3986018896102905 1 2 0.0
-1 0.0 0 0 -0.00016677307525336005
3 0.7640957832336426 3 26 0.00542024931646402
2 0.44600149989128113 4 9 0.08998150212919119
6 0.9574111104011536 5 8 0.32305525514783096
2 0.44076260924339294 6 7 0.11113159729528331
-1 0.0 0 0 -0.020479171771104587
-1 0.0 0 0 0.04706305419576579
-1 0.0 0 0 0.05709659492394904
2 0.4582130014896393 10 15 0.05228321577596534
6 0.971337080001831 11 14 -0.13514143020041625
6 0.9487624764442444 12 13 -0.27190037644900306
-1 0.0 0 0 -0.010638426612679136
-1 0.0 0 0 -0.06600071178941891
-1 0.0 0 0 0.024387622083138143
7 0.02199999988079071 16 23 0.09501215060995907
2 0.4738427698612213 17 20 -0.007019694165691086
6 0.9027931690216064 18 19 0.23868193262099446
-1 0.0 0 0 0.057544575972216475
-1 0.0 0 0 -0.004195458996331408
5 1.2340021133422852 21 22 -0.114514155884866
-1 0.0 0 0 -0.02645644623682731
-1 0.0 0 0 0.01238010367652511
1 0.42052942514419556 24 25 0.17419637370271826
-1 0.0 0 0 0.007408289653295191
-1 0.0 0 0 0.03372844574792731
5 1.2631750106811523 27 28 0.0023436693568413868
-1 0.0 0 0 0.0003192072366312635
-1 0.0 0 0 -0.032889919528930354
nodes 29
4 1.1434978246688843 1 2 0.0
-1 0.0 0 0 5.645641599541004e-05
2 0.3751310706138611 3 16 -0.01543328568207428
0 0.3042943775653839 4 13 -0.03606688689224382
7 0.08999999985098839 5 6 -0.02037661764734133
-1 0.0 0 0 -0.012343063212223308
2 0.3502277135848999 7 8 0.002398642604946657
-1 0.0 0 0 -0.0009358131853379538
4 1.2711477279663086 9 10 0.27548321388378927
-1 0.0 0 0 0.06789161417012414
6 1.011273980140686 11 12 0.09943975447253747
-1 0.0 0 0 0.053623001525799435
-1 0.0 0 0 -0.023872044742588076
5 1.2748160362243652 14 15 -0.2624135487770409
-1 0.0 0 0 -0.01720611731101188
-1 0.0 0 0 -0.05572476167427866
3 0.8932445645332336 17 18 0.034628238030754536
-1 0.0 0 0 0.043441119473031226
0 0.3390082120895386 19 24 0.015513488320806202
1 0.32354024052619934 20 23 0.16657852104288481
0 0.319118857383728 21 22 -0.009006120370967048
-1 0.0 0 0 0.013757014531340149
-1 0.0 0 0 -0.03588978513594597
-1 0.0 0 0 0.045921959006597124
1 0.35892099142074585 25 28 -0.015626297565462764
2 0.4098866581916809 26 27 -0.16206668648733227
-1 0.0 0 0 -0.005881134549961934
-1 0.0 0 0 -0.047712785514214866
-1 0.0 0 0 0.0019590721383784394
nodes 29
5 1.2383124828338623 1 6 0.0
6 1.041933298110962 2 3 -0.0020656313450889805
-1 0.0 0 0 -0.00011375716575733604
2 0.2419794499874115 4 5 -0.0709074759009702
-1 0.0 0 0 0.0012734530683104527
-1 0.0 0 0 -0.014500050076085881
0 0.3390082120895386 7 8 0.004205068634887833
-1 0.0 0 0 -0.001135591838000826
0 0.37356624007225037 9 28 0.012189992196826475
4 1.004995584487915 10 15 0.04917476825676481
2 0.3647458851337433 11 14 0.03461282293858041
8 30.5 12 13 0.04166769301083494
-1 0.0 0 0 -0.017274135331927728
-1 0.0 0 0 0.004826880041709062
-1 0.0 0 0 -0.03553087261342813
7 0.12600000202655792 16 23 0.14269305838894544
6 0.9668670892715454 17 20 0.01988556073367263
3 0.8284819722175598 18 19 0.1459775238791935
-1 0.0 0 0 -7.606271696700292e-05
-1 0.0 0 0 0.044488857231206366
4 1.0285978317260742 21 22 -0.14294185624164565
-1 0.0 0 0 0.027001542362517547
-1 0.0 0 0 -0.0300045169234458
4 1.0747973918914795 24 25 0.27961636037241056
-1 0.0 0 0 0.042210045836428296
0 0.34925079345703125 26 27 0.03064414703924405
-1 0.0 0 0 -0.03454262335385595
-1 0.0 0 0 0.025001853570962948
-1 0.0 0 0 0.00036160869448846806
nodes 29
6 0.9199085235595703 1 2 0.0
-1 0.0 0 0 -0.0005753664967665003
6 0.9221730828285217 3 16 0.0014739217360713347
1 0.39666590094566345 4 15 0.07509568413275255
5 1.2066822052001953 5 14 0.030197718291751725
5 1.119528889656067 6 13 -0.05524915352250354
8 47.5 7 10 0.15189703525501794
4 0.9980531930923462 8 9 0.3469664573172728
-1 0.0 0 0 0.056397641234927715
-1 0.0 0 0 0.0021451524769266444
0 0.4268812835216522 11 12 -0.18834032880705456
-1 0.0 0 0 0.013712156428532166
-1 0.0 0 0 -0.052930040728478206
-1 0.0 0 0 -0.0174484520721272
-1 0.0 0 0 0.015680019350278133
-1 0.0 0 0 0.017505370684872564
6 0.9233640432357788 17 28 0.0007416549900835129
8 42.5 18 19 -0.0946383574093711
-1 0.0 0 0 0.0090715253402985
3 0.8506315350532532 20 25 -0.1834682010817078
2 0.4476621747016907 21 24 -0.1014162559500512
2 0.41507071256637573 22 23 -0.16166565658317672
-1 0.0 0 0 -0.009003850473091006
-1 0.0 0 0 -0.073468287140131
-1 0.0 0 0 0.03504542487983902
3 0.9045087099075317 26 27 -0.45787142742364134
-1 0.0 0 0 -0.06758232969695177
-1 0.0 0 0 -0.007150220413776962
-1 0.0 0 0 0.00012183665564359274
nodes 29
8 69.5 1 2 0.0
-1 0.0 0 0 -4.501432380204157e-05
3 0.7418375015258789 3 28 0.01891919013288784
3 0.721388041973114 4 27 0.023034560395936016
4 0.8132572174072266 5 26 0.018198377035081415
0 0.4964250326156616 6 25 0.024452606371295645
1 0.24555599689483643 7 8 0.06076028236612952
-1 0.0 0 0 0.0014702582001690188
7 0.05000000074505806 9 22 0.11865610651901912
7 0.03399999998509884 10 17 0.1676142738522096
6 0.8975039124488831 11 12 0.11923079680855153
-1 0.0 0 0 0.02133175193308558
6 0.9517245292663574 13 16 0.004879241742981741
0 0.4682884216308594 14 15 -0.12411631922425821
-1 0.0 0 0 0.008383460220077313
-1 0.0 0 0 -0.03707557841702256
-1 0.0 0 0 0.034170098426855276
1 0.27104103565216064 18 19 0.375591010995098
-1 0.0 0 0 0.08020179512289664
2 0.3571942150592804 20 21 0.1375852769110785
-1 0.0 0 0 -0.012940005483952436
-1 0.0 0 0 0.04172841958879006
6 0.8873907327651978 23 24 -0.0028833997976425644
-1 0.0 0 0 -0.036107966772698126
-1 0.0 0 0 0.008823670344754007
-1 0.0 0 0 -0.0012647237099789148
-1 0.0 0 0 -0.031297795733969125
-1 0.0 0 0 0.04995037558610025
-1 0.0 0 0 -0.025022602507046295
nodes 29
8 84.5 1 26 0.0
4 0.6524167060852051 2 25 -0.00011691224816311131
1 0.28163468837738037 3 20 -0.013741478273295542
7 0.0859999991953373 4 17 -0.006843592096427136
4 0.6425517201423645 5 12 0.019786144046310062
1 0.27769720554351807 6 11 0.008691300924733445
5 1.1187093257904053 7 8 0.0030203384038647975
-1 0.0 0 0 0.0281985173931924
1 0.2696346342563629 9 10 -0.002591971896699707
-1 0.0 0 0 0.0005311731819277484
-1 0.0 0 0 -0.02210824932654929
-1 0.0 0 0 0.03458202452687868
0 0.3914271295070648 13 14 0.14944787732713546
-1 0.0 0 0 0.04237947941378312
7 0.04600000008940697 15 16 0.08922538339308031
-1 0.0 0 0 0.016456755571610606
-1 0.0 0 0 -0.011625326839698987
6 1.0449284315109253 18 19 -0.02832574041335333
-1 0.0 0 0 -0.004800644506156269
-1 0.0 0 0 0.0030153121041342824
5 1.1645289659500122 21 24 -0.11442226897813507
8 68.5 22 23 0.05449922158162004
-1 0.0 0 0 -0.011783723984486781
-1 0.0 0 0 0.02536435770077838
-1 0.0 0 0 -0.019844988223093635
-1 0.0 0 0 5.342665946362663e-05
4 0.5934293866157532 27 28 0.07160831786809271
-1 0.0 0 0 0.0034590715026639298
-1 0.0 0 0 0.02666626097634435
nodes 29
5 1.041087031364441 1 28 0.0
7 0.28599999845027924 2 27 0.04596570134577614
7 0.22600000351667404 3 26 0.06893304608178936
3 0.8838716745376587 4 7 0.04483958889773217
7 0.07799999788403511 5 6 0.24453846273981794
-1 0.0 0 0 0.04113208446009406
-1 0.0 0 0 0.00027040090411901475
3 0.9189209342002869 8 11 0.01200319689014089
4 0.939180850982666 9 10 -0.27001870432685987
-1 0.0 0 0 0.002294803491883701
-1 0.0 0 0 -0.07241171501576901
4 1.0347260236740112 12 25 0.07023443965154591
4 1.0285978317260742 13 24 0.046137806695849035
0 0.48910292983055115 14 21 0.08657368958549763
2 0.4677373170852661 15 20 0.14399308718805778
1 0.441461980342865 16 19 0.06391646315516424
6 0.9871865510940552 17 18 0.15396199861935042
-1 0.0 0 0 0.03220755990180704
-1 0.0 0 0 0.0008479075197381182
-1 0.0 0 0 -0.02595804605495047
-1 0.0 0 0 0.04360372454256696
7 0.03799999877810478 22 23 -0.09857457207173717
-1 0.0 0 0 -0.03645540123636073
-1 0.0 0 0 0.011814941631423104
-1 0.0 0 0 -0.0372373581212014
-1 0.0 0 0 0.03437312236987055
-1 0.0 0 0 0.04033502317965031
-1 0.0 0 0 -0.036088440540645805
-1 0.0 0 0 -1.8135794855046506e-05
nodes 29
7 0.7700000107288361 1 26 0.0
1 0.21624338626861572 2 21 0.000102323323190437
2 0.3676583170890808 3 12 0.006941032195801293
2 0.33807018399238586 4 5 0.009929350650112113
-1 0.0 0 0 0.00046319478286064285
4 0.8575617074966431 6 7 0.09453766696930212
-1 0.0 0 0 4.97262465807976e-05
4 1.1347192525863647 8 11 0.22766577016618011
8 52.5 9 10 0.28624355534024504
-1 0.0 0 0 0.024849101114686523
-1 0.0 0 0 0.08053410379992178
-1 0.0 0 0 -0.014936215622689236
0 0.5218109488487244 13 18 -0.05855978328378542
4 0.7823005318641663 14 15 -0.09414455728696333
-1 0.0 0 0 -0.02803215462903398
4 0.8013757467269897 16 17 -0.04682885842422679
-1 0.0 0 0 0.02595254592529005
-1 0.0 0 0 -0.007858509867124608
6 0.8371302485466003 19 20 0.22993106309912123
-1 0.0 0 0 -0.0046665312484203076
-1 0.0 0 0 0.0534187076240778
6 1.0520464181900024 22 23 -0.0013538538262671375
-1 0.0 0 0 -6.310387579100718e-05
1 0.29600051045417786 24 25 -0.09788155435201
-1 0.0 0 0 -0.0071784848347306255
-1 0.0 0 0 -0.03731279440997345
2 0.2812027037143707 27 28 -0.08110663898956513
-1 0.0 0 0 -0.013708940220538006
-1 0.0 0 0 0.019880717708950953
nodes 29
1 0.3600197434425354 1 2 0.0
-1 0.0 0 0 0.00022470707172560315
4 0.785845160484314 3 4 -0.0035409172836820364
-1 0.0 0 0 -0.013879320656486716
3 0.7331202030181885 5 16 -0.0023991178651048333
7 0.041999999433755875 6 7 0.057857942453586234
-1 0.0 0 0 0.0005902351718450222
0 0.5480470657348633 8 15 0.14040960328830235
7 0.1419999971985817 9 10 0.11575827105998139
-1 0.0 0 0 0.017388496521759184
1 0.3651483356952667 11 12 -0.04631762067875723
-1 0.0 0 0 0.03299411585361794
1 0.37222182750701904 13 14 -0.14735007065313835
-1 0.0 0 0 -0.06040894973736543
-1 0.0 0 0 -0.00025302524246820587
-1 0.0 0 0 0.07496496712168059
8 52.5 17 18 -0.004669720838838798
-1 0.0 0 0 -8.933035708862603e-05
0 0.43196648359298706 19 22 -0.039299301553627264
5 1.1516213417053223 20 21 -0.2200201764444857
-1 0.0 0 0 -0.015267560800286725
-1 0.0 0 0 -0.07771434244615111
2 0.4962959289550781 23 24 -0.02859458074127676
-1 0.0 0 0 -0.003964151587864225
3 0.9030058681964874 25 28 0.11073652607031727
1 0.4495033025741577 26 27 0.05086037076565377
-1 0.0 0 0 0.03716778611256318
-1 0.0 0 0 -0.0030265891164455608
-1 0.0 0 0 0.048367943625364986
nodes 29
2 0.1738680601119995 1 18 0.0
6 1.0263746976852417 2 17 -0.02228519062295125
4 0.9980531930923462 3 14 -0.07546235401834382
7 0.1380000039935112 4 5 -0.039661798028987505
-1 0.0 0 0 -0.01179268334326316
6 1.0138307809829712 6 13 0.03721801550910536
0 0.2924048602581024 7 12 0.09566341737105001
1 0.13277706503868103 8 11 0.15532391060823722
1 0.11856649070978165 9 10 0.08190150424757953
-1 0.0 0 0 0.01909008662895126
-1 0.0 0 0 -0.010724444753106903
-1 0.0 0 0 0.03622416012609999
-1 0.0 0 0 -0.016355113945259105
-1 0.0 0 0 -0.009037405897823859
4 1.0173171758651733 15 16 -0.2239683640482663
-1 0.0 0 0 -0.04578374771015911
-1 0.0 0 0 -0.013811767697805847
-1 0.0 0 0 0.0006901880302851583
2 0.23905977606773376 19 28 0.000355228346586854
3 0.58078932762146 20 21 0.016567070288583768
-1 0.0 0 0 -0.0016201036132688002
2 0.2148454338312149 22 25 0.03620120804231405
8 27.5 23 24 0.004367190198644586
-1 0.0 0 0 -0.007953142482927809
-1 0.0 0 0 0.0022406824146627958
5 1.080734372138977 26 27 0.07048103366949592
-1 0.0 0 0 0.032364511113363977
-1 0.0 0 0 0.006404199695979995
-1 0.0 0 0 -6.02400818814455e-05
nodes 29
0 0.5076702833175659 1 2 0.0
-1 0.0 0 0 -7.805219801857288e-05
4 1.0693328380584717 3 28 0.010278162863697612
8 61.5 4 25 0.011939288040833081
3 0.8492909669876099 5 24 0.027291244710130773
5 1.0992070436477661 6 9 0.05505502580130579
4 0.9142270088195801 7 8 0.19537734582241414
-1 0.0 0 0 0.014542847316857661
-1 0.0 0 0 0.05229109369951194
5 1.1156212091445923 10 21 0.03311181361347305
6 0.9937387704849243 11 20 -0.10194342062011576
4 0.8738812208175659 12 15 -0.020945886311192926
5 1.1040712594985962 13 14 0.22089457148368555
-1 0.0 0 0 -0.029087760872565784
-1 0.0 0 0 0.043550871157147474
4 0.8958761096000671 16 19 -0.12843053422002781
7 0.041999999433755875 17 18 -0.45142779843228165
-1 0.0 0 0 -0.0058394626913858315
-1 0.0 0 0 -0.10767078440297734
-1 0.0 0 0 0.0002142827908330141
-1 0.0 0 0 -0.05474298593191913
5 1.131683111190796 22 23 0.05060172517322516
-1 0.0 0 0 0.020768033787932447
-1 0.0 0 0 0.002627539134705934
-1 0.0 0 0 -0.0027960786661623844
1 0.3545577824115753 26 27 -0.02929444140863875
-1 0.0 0 0 0.0010013002013358695
-1 0.0 0 0 -0.015015643090490867
-1 0.0 0 0 -0.0392344211966827
nodes 29
8 65.5 1 2 0.0
-1 0.0 0 0 -5.75738955724921e-05
0 0.4391520917415619 3 4 0.013728334366529022
-1 0.0 0 0 0.009039533780651518
5 1.072037935256958 5 6 -0.0021338042762267333
-1 0.0 0 0 0.04659289696043538
4 0.8384436964988708 7 24 -0.006525434418568741
5 1.0910110473632812 8 11 0.0025109650889441133
6 0.9479761719703674 9 10 -0.22241507500639537
-1 0.0 0 0 -0.0526772677028716
-1 0.0 0 0 0.00732465955295733
3 0.6762468218803406 12 19 0.0075482571261328265
3 0.6430625915527344 13 14 -0.0022229445873181274
-1 0.0 0 0 0.0006390773767702577
0 0.46756815910339355 15 16 -0.16851556283007893
-1 0.0 0 0 0.013870442272163927
1 0.3752598464488983 17 18 -0.28667709573458594
-1 0.0 0 0 -0.043714044287335135
-1 0.0 0 0 0.021486739472796522
3 0.6967566013336182 20 21 0.18952910941995824
-1 0.0 0 0 0.04028181254863739
4 0.8102315664291382 22 23 0.03883578285129498
-1 0.0 0 0 -0.025573047995567325
-1 0.0 0 0 0.024612315297471706
3 0.7865309119224548 25 28 -0.1913608788904226
2 0.4098866581916809 26 27 -0.26892678256310737
-1 0.0 0 0 0.0027053813482153005
-1 0.0 0 0 -0.036122180713636064
-1 0.0 0 0 0.010435912886168809
nodes 29
0 0.45026081800460815 1 6 0.0
2 0.4943402111530304 2 3 -0.0019491410963461413
-1 0.0 0 0 -0.00017106190913335155
5 1.1745679378509521 4 5 -0.22082085380560323
-1 0.0 0 0 0.009825901554502322
-1 0.0 0 0 -0.04840617460198701
0 0.4516964852809906 7 26 0.003967926204659103
8 43.5 8 19 0.07527127205097608
5 1.1226465702056885 9 14 0.1772362713678046
5 1.0599510669708252 10 11 0.28673457630591237
-1 0.0 0 0 -0.010880649604258084
7 0.02199999988079071 12 13 0.33677290473554106
-1 0.0 0 0 0.003342063460619219
-1 0.0 0 0 0.04064315741726508
1 0.37013283371925354 15 16 0.06472977123908945
-1 0.0 0 0 0.029570843096898527
3 0.8229728937149048 17 18 -0.020367629714030073
-1 0.0 0 0 -0.03784280371453081
-1 0.0 0 0 0.00751151456009774
2 0.4415722191333771 20 23 -0.015173643208422268
4 0.9592064619064331 21 22 0.024627226833984547
-1 0.0 0 0 -9.761112990847151e-05
-1 0.0 0 0 0.045604347437620166
6 0.9632768034934998 24 25 -0.2560026365158669
-1 0.0 0 0 0.0004569562098809651
-1 0.0 0 0 -0.06360037594956035
5 2.6550912857055664 27 28 0.0022272517896398582
-1 0.0 0 0 0.0003451859799959206
-1 0.0 0 0 -0.008123307607064064
nodes 29
3 0.99809330701828 1 28 0.0
3 0.984603226184845 2 3 -0.0005664605377293188
-1 0.0 0 0 3.5622600049262345e-05
7 0.3580000102519989 4 27 -0.07496306024065096
8 34.5 5 8 -0.09747527127241833
6 0.9320148825645447 6 7 -0.20030484236099308
-1 0.0 0 0 0.02561733160271413
-1 0.0 0 0 -0.02416983277563907
5 1.0744541883468628 9 14 -0.028763536270330573
4 1.05281662940979 10 11 0.08480526737298873
-1 0.0 0 0 -0.004983012502967024
7 0.018000000156462193 12 13 0.2905687916110147
-1 0.0 0 0 -0.017739988040799896
-1 0.0 0 0 0.04275352322019455
1 0.432563841342926 15 24 -0.10885942936614523
8 38.5 16 17 -0.032830225400493365
-1 0.0 0 0 0.011095183250954902
3 0.9886256456375122 18 19 -0.18429529403855327
-1 0.0 0 0 0.016988343433476986
4 1.0875424146652222 20 21 -0.3399782515652887
-1 0.0 0 0 -0.06466912403702736
5 1.1266156435012817 22 23 -0.12007082562963918
-1 0.0 0 0 0.016466438607312738
-1 0.0 0 0 -0.05539530529862359
1 0.4645017087459564 25 26 -0.293110383120743
-1 0.0 0 0 -0.04743376230230419
-1 0.0 0 0 0.021932526074092965
-1 0.0 0 0 0.017853381606497958
-1 0.0 0 0 0.0013880376938556465
nodes 29
4 1.0002944469451904 1 2 0.0
-1 0.0 0 0 -0.00016821605106654032
5 1.0679799318313599 3 28 0.004626099104493975
6 1.0063115358352661 4 19 -0.03698653096590187
8 37.5 5 8 -0.019250895521405662
0 0.40627190470695496 6 7 0.04974411697010212
-1 0.0 0 0 -0.006613952217920652
-1 0.0 0 0 0.009862594293853777
2 0.34732648730278015 9 10 -0.08228138590500272
-1 0.0 0 0 0.03190581926084574
0 0.3616381287574768 11 12 -0.09736202461278122
-1 0.0 0 0 -0.06574668019362118
6 1.0019903182983398 13 18 -0.08129916940275765
6 0.9863145351409912 14 15 -0.09355228636467681
-1 0.0 0 0 -0.0029704039121594733
2 0.5059531927108765 16 17 -0.19046111470450042
-1 0.0 0 0 -0.02359059789784042
-1 0.0 0 0 0.030418875412299085
-1 0.0 0 0 0.031590603877945496
1 0.3370116651058197 20 21 -0.20787459483698886
-1 0.0 0 0 0.0228564731325164
3 0.9932294487953186 22 27 -0.3130023157373615
5 1.0599510669708252 23 26 -0.43127711046309697
0 0.45026081800460815 24 25 -0.2446818611274163
-1 0.0 0 0 -0.0004901894927024841
-1 0.0 0 0 -0.05803738138079644
-1 0.0 0 0 -0.06800707762440046
-1 0.0 0 0 0.007508685445645824
-1 0.0 0 0 0.0007652715693410046
nodes 29
6 0.8778034448623657 1 28 0.0
4 1.0271241664886475 2 5 -0.00783331593008786
3 0.8851553797721863 3 4 -0.01303282985602974
-1 0.0 0 0 -0.0010752851008178084
-1 0.0 0 0 -0.06520602347122299
5 1.1734163761138916 6 13 0.0537459566010086
4 1.0951733589172363 7 10 0.2275701707565329
7 0.041999999433755875 8 9 0.3270245907031473
-1 0.0 0 0 0.04588214577238817
-1 0.0 0 0 0.004426040327684446
0 0.37456175684928894 11 12 -0.17256040251705534
-1 0.0 0 0 -0.05738297544419766
-1 0.0 0 0 0.017636946872200656
4 1.0347260236740112 14 17 -0.005011524240295395
8 35.5 15 16 0.21861978484924102
-1 0.0 0 0 -0.022706196126528085
-1 0.0 0 0 0.03536748594293992
4 1.0469863414764404 18 21 -0.03978963017465368
7 0.02199999988079071 19 20 -0.2360747618985403
-1 0.0 0 0 -0.05206541321667222
-1 0.0 0 0 0.007437546021220359
1 0.41844990849494934 22 27 0.011746420392120198
2 0.4601956009864807 23 26 0.04032105717730398
1 0.38227590918540955 24 25 -0.015305684875396297
-1 0.0 0 0 0.0018070002189137459
-1 0.0 0 0 -0.04451845342665911
-1 0.0 0 0 0.035675514721479576
-1 0.0 0 0 -0.03768686398863793
-1 0.0 0 0 9.662840813267361e-05
nodes 29
8 76.5 1 2 0.0
-1 0.0 0 0 -2.402968886622752e-05
0 0.5062798261642456 3 14 0.03154499833832599
3 0.3023688495159149 4 5 0.0745296724100164
-1 0.0 0 0 -0.0056760889840536295
6 0.9502329230308533 6 13 0.11117968802059472
2 0.366639643907547 7 12 0.07867258204511017
2 0.3226681053638458 8 9 0.11362346994455241
-1 0.0 0 0 0.005617830656373349
2 0.3370398283004761 10 11 0.25586863641134217
-1 0.0 0 0 0.04156045296125552
-1 0.0 0 0 0.011962331573971932
-1 0.0 0 0 -0.01682385292444979
-1 0.0 0 0 0.03574456423803261
5 1.252875804901123 15 18 -0.007948534692008862
8 78.5 16 17 -0.11932809937599242
-1 0.0 0 0 0.00825848454690498
-1 0.0 0 0 -0.017811288078657433
1 0.3035811483860016 19 28 0.030958025574314166
8 79.5 20 21 0.0033728647269998437
-1 0.0 0 0 -0.00962595619070767
7 0.04600000008940697 22 25 0.05154678529732257
2 0.3601128160953522 23 24 -0.01600832538679242
-1 0.0 0 0 0.003515557449945545
-1 0.0 0 0 -0.021000477912214897
2 0.315464049577713 26 27 0.16749958721781844
-1 0.0 0 0 0.003229453034051087
-1 0.0 0 0 0.04636630451395399
-1 0.0 0 0 0.03695031814277172
nodes 29
8 21.5 1 18 0.0
2 0.35623979568481445 2 17 -0.04697665961618494
2 0.3105638027191162 3 14 -0.023166520315395966
6 1.0341813564300537 4 7 -0.07003414737054199
5 1.6548435688018799 5 6 -0.2336929811952779
-1 0.0 0 0 -0.0310243645633914
-1 0.0 0 0 -0.0025912606290408543
1 0.16022776067256927 8 13 -0.0035477461292430235
1 0.13676539063453674 9 12 0.05172043117358151
7 0.8060000240802765 10 11 -0.044078421237477766
-1 0.0 0 0 0.0004877501831421197
-1 0.0 0 0 -0.022655049813064664
-1 0.0 0 0 0.036306670150952416
-1 0.0 0 0 -0.013777046243610262
6 1.0321584939956665 15 16 0.2404638818698004
-1 0.0 0 0 0.04537569390875953
-1 0.0 0 0 -0.0058146398235112435
-1 0.0 0 0 -0.039114140041849835
3 0.99809330701828 19 28 0.00016026559980393133
3 0.984603226184845 20 21 -0.000399489878226617
-1 0.0 0 0 4.0706430088809476e-05
7 0.3580000102519989 22 27 -0.06562361843966705
7 0.1340000033378601 23 24 -0.08576640298721626
-1 0.0 0 0 -0.0033659506539674847
4 1.1269127130508423 25 26 -0.21221689691405246
-1 0.0 0 0 -0.01577599500856924
-1 0.0 0 0 -0.04865961290107897
-1 0.0 0 0 0.016251992022520617
-1 0.0 0 0 0.0014307926662908224
nodes 29
5 1.041087031364441 1 28 0.0
3 0.8838716745376587 2 5 0.04383247552656405
8 46.5 3 4 0.2594721690574833
-1 0.0 0 0 0.04951631945112478
-1 0.0 0 0 0.008460463404340009
3 0.9189209342002869 6 9 0.009482789831373368
4 0.9370498657226562 7 8 -0.24925777976974273
-1 0.0 0 0 0.006830047233099188
-1 0.0 0 0 -0.05922206920385362
6 1.0063115358352661 10 27 0.05636261428871844
6 1.0006213188171387 11 26 0.0942758636428716
0 0.4290396571159363 12 17 0.06553949055035786
0 0.40960928797721863 13 16 0.21306080582805656
0 0.3874298334121704 14 15 0.08457680347121575
-1 0.0 0 0 0.027950916020199657
-1 0.0 0 0 -0.014934202460572124
-1 0.0 0 0 0.04700288105417382
0 0.4419816732406616 18 19 0.010531542480707505
-1 0.0 0 0 -0.025617104539802923
3 0.9772628545761108 20 23 0.05236724254011718
3 0.961729884147644 21 22 -0.009575543870914329
-1 0.0 0 0 0.01047356067941739
-1 0.0 0 0 -0.020510777527172314
8 38.5 24 25 0.1799693825468421
-1 0.0 0 0 -0.025023220319833075
-1 0.0 0 0 0.04914946687761052
-1 0.0 0 0 0.04434227967169136
-1 0.0 0 0 -0.03591034098838766
-1 0.0 0 0 -1.729414268315998e-05
nodes 29
5 1.1634941101074219 1 18 0.0
5 1.1462097764015198 2 17 -0.002824930770452908
6 1.0365744829177856 3 16 0.0017677577804235966
0 0.33243313431739807 4 15 0.0028577758513506643
5 1.1341220140457153 5 14 0.049100051891772245
4 1.1269127130508423 6 13 0.02851308291662102
5 1.1210906505584717 7 12 0.02366504632138891
6 0.9904921054840088 8 11 0.050248394179020626
0 0.330558717250824 9 10 -0.013835077177401164
-1 0.0 0 0 -0.002811849965112124
-1 0.0 0 0 0.03965752619008223
-1 0.0 0 0 0.010278741665138114
-1 0.0 0 0 -0.005793964942762008
-1 0.0 0 0 0.05375569254159928
-1 0.0 0 0 0.013126190096428842
-1 0.0 0 0 -0.0001358790921650577
-1 0.0 0 0 -0.01246297178243298
-1 0.0 0 0 -0.002884951527747376
5 1.177918553352356 19 20 0.0025110673939628693
-1 0.0 0 0 0.003281407452456019
1 0.4117896258831024 21 28 -0.0007179259875513568
2 0.38711297512054443 22 23 0.0009805217167173459
-1 0.0 0 0 -0.000562487823382361
6 1.041933298110962 24 27 0.020285164317958865
0 0.42001864314079285 25 26 0.02160158007356537
-1 0.0 0 0 0.006544505854443091
-1 0.0 0 0 0.0009729841350680932
-1 0.0 0 0 -0.04403441958129406
-1 0.0 0 0 -0.007692823524908087
nodes 29
1 0.3986018896102905 1 2 0.0
-1 0.0 0 0 -0.00015755672291518704
4 0.8738812208175659 3 22 0.005120710726444084
6 0.9656967520713806 4 21 0.07459695298792136
5 1.1048132181167603 5 12 -0.00894125921074504
5 1.100040078163147 6 11 -0.1288097809986813
6 0.9349129796028137 7 8 -0.06359570767842437
-1 0.0 0 0 0.02040117782354355
3 0.8074492812156677 9 10 -0.16420002569115363
-1 0.0 0 0 -0.026569595515944195
-1 0.0 0 0 0.037711159813971745
-1 0.0 0 0 -0.05878165278297204
5 1.1282662153244019 13 16 0.06629153674624798
8 60.5 14 15 0.3202291015211936
-1 0.0 0 0 0.046390256420295664
-1 0.0 0 0 0.002919824121710964
2 0.4582130014896393 17 20 -0.07307884764186172
1 0.4033871591091156 18 19 -0.3492481538630796
-1 0.0 0 0 0.006678748200647533
-1 0.0 0 0 -0.07408111052697196
-1 0.0 0 0 0.004925118061720125
-1 0.0 0 0 0.018291683579097686
5 1.1187093257904053 23 26 0.002165453844392678
5 1.1086814403533936 24 25 -0.009194157497388502
-1 0.0 0 0 4.5070534293826176e-05
-1 0.0 0 0 -0.006433811620676276
2 0.48625296354293823 27 28 0.02065160133528431
-1 0.0 0 0 0.004097577708618713
-1 0.0 0 0 -0.0023709169079153825
nodes 29
5 1.2238537073135376 1 2 0.0
-1 0.0 0 0 -0.00020420420686970261
1 0.33243998885154724 3 4 0.0036802077839888634
-1 0.0 0 0 3.108928114440255e-05
3 0.6503417491912842 5 8 0.03309992311148086
3 0.612373948097229 6 7 0.12251513144348372
-1 0.0 0 0 -0.005280087214544771
-1 0.0 0 0 0.025564984093583015
4 0.8384436964988708 9 10 0.02001886106103468
-1 0.0 0 0 -0.023857611550070417
7 0.026000000536441803 11 26 0.028967652293927972
5 1.252875804901123 12 21 -0.02484529304910832
7 0.014000000432133675 13 18 0.08078413624289743
6 0.8208140134811401 14 17 0.1648884809587584
4 1.0073734521865845 15 16 -0.03913100238239008
-1 0.0 0 0 -0.019050014508413336
-1 0.0 0 0 0.060418785410001875
-1 0.0 0 0 0.027427765075018276
3 0.7697204351425171 19 20 -0.10663357019182984
-1 0.0 0 0 -0.03218633592324822
-1 0.0 0 0 0.008356949919293267
1 0.363139808177948 22 23 -0.0998034904978451
-1 0.0 0 0 -0.0014851064613379003
8 43.5 24 25 -0.2045781490886866
-1 0.0 0 0 0.002558948159418708
-1 0.0 0 0 -0.03075478786047091
7 0.03799999877810478 27 28 0.0659787391564966
-1 0.0 0 0 0.021385377522149918
-1 0.0 0 0 0.003839583087494172
nodes 29
0 0.5076702833175659 1 2 0.0
-1 0.0 0 0 -7.40711747908595e-05
3 0.984603226184845 3 26 0.009753929210937463
8 57.5 4 25 0.01170557035571024
3 0.8492909669876099 5 12 0.02911257636767108
5 1.100040078163147 6 9 0.05869336895016268
4 0.9142270088195801 7 8 0.19128867902197827
-1 0.0 0 0 0.013877363683821711
-1 0.0 0 0 0.05004498144586368
5 1.1156212091445923 10 11 0.03522954905763667
-1 0.0 0 0 -0.015600409611911429
-1 0.0 0 0 0.005982695430721877
3 0.9104182720184326 13 24 -0.020952650649180022
8 46.5 14 23 -0.058660721154028594
3 0.8697379231452942 15 16 -0.11713275821621429
-1 0.0 0 0 -0.024035275220021343
3 0.8986666798591614 17 20 -0.052696614573205555
8 43.5 18 19 0.02660954870590986
-1 0.0 0 0 0.011691839714697094
-1 0.0 0 0 -0.022257597754812904
8 40.5 21 22 -0.2843390771006937
-1 0.0 0 0 -0.0006759619735407107
-1 0.0 0 0 -0.05353013262254735
-1 0.0 0 0 0.0062366188475931825
-1 0.0 0 0 0.008289216991338954
-1 0.0 0 0 -0.0019790165792483226
6 0.989262580871582 27 28 -0.30863589940722597
-1 0.0 0 0 -0.06257055414219698
-1 0.0 0 0 -0.0005978513847697865
nodes 29
8 65.5 1 2 0.0
-1 0.0 0 0 -5.684427269739493e-05
0 0.4391520917415619 3 4 0.013554359316083448
-1 0.0 0 0 0.00817776251675399
5 1.072037935256958 5 6 -0.0005607991359420271
-1 0.0 0 0 0.04170620991818367
4 0.8384436964988708 7 22 -0.0044791737872286914
5 1.0910110473632812 8 11 0.00364246200960585
6 0.9479761719703674 9 10 -0.20142207966874476
-1 0.0 0 0 -0.047413432893945895
-1 0.0 0 0 0.006349839105137757
3 0.6762468218803406 12 17 0.008234949311068425
3 0.6430625915527344 13 14 -0.0005436118770540428
-1 0.0 0 0 0.0007147214280358123
0 0.46756815910339355 15 16 -0.14901928352709445
-1 0.0 0 0 0.012607437991537155
-1 0.0 0 0 -0.02548245386972737
6 0.9210055470466614 18 19 0.17172866213954036
-1 0.0 0 0 0.03406724977568956
3 0.6939868927001953 20 21 -0.003797400839530028
-1 0.0 0 0 0.03326639764658783
-1 0.0 0 0 -0.014710502450664839
5 1.3647352457046509 23 28 -0.1706035423588443
7 0.006000000284984708 24 25 -0.11221327865851745
-1 0.0 0 0 0.019506894622463734
7 0.018000000156462193 26 27 -0.21153682609549676
-1 0.0 0 0 -0.06574504266182582
-1 0.0 0 0 -0.0017661347607339638
-1 0.0 0 0 -0.05031741747389669
nodes 29
7 0.0020000000949949026 1 28 0.0
1 0.4676286280155182 2 23 -0.011816887739557773
1 0.4445168077945709 3 12 -0.008110746553280873
6 0.9760687351226807 4 5 -0.014715143202256496
-1 0.0 0 0 -0.002618794679460956
2 0.44853663444519043 6 11 0.05908186736373729
2 0.4332645833492279 7 10 0.009596744211963736
2 0.39078155159950256 8 9 0.05472529604104158
-1 0.0 0 0 -0.004040038775877912
-1 0.0 0 0 0.024293825613068684
-1 0.0 0 0 -0.028444397629937158
-1 0.0 0 0 0.024950062125176194
5 1.0618844032287598 13 14 0.10946317639923378
-1 0.0 0 0 -0.026991251538749095
6 0.9187205135822296 15 18 0.15478682099322302
6 0.8935308456420898 16 17 -0.09914503879142257
-1 0.0 0 0 0.042820305038582196
-1 0.0 0 0 -0.04733920698204348
6 0.9330530166625977 19 20 0.2325809745688659
-1 0.0 0 0 0.05915853844157287
0 0.5240588784217834 21 22 0.16325598508119582
-1 0.0 0 0 0.008397348234508217
-1 0.0 0 0 0.052612590145033146
0 0.5049129724502563 24 25 -0.14145007614484606
-1 0.0 0 0 -0.06172538241744041
0 0.5218109488487244 26 27 -0.03428706983188251
-1 0.0 0 0 0.030775749473832548
-1 0.0 0 0 -0.017283676687297942
-1 0.0 0 0 6.079472055372337e-05
nodes 29
1 0.3600197434425354 1 2 0.0
-1 0.0 0 0 0.0002134962425276514
4 0.785845160484314 3 4 -0.0033642581493016884
-1 0.0 0 0 -0.011455667322644822
3 0.721388041973114 5 28 -0.0024255721162591247
8 60.5 6 19 0.06283420558184774
6 0.9795032739639282 7 16 0.11094698513386823
6 0.9708077311515808 8 15 0.15105715695213764
7 0.05400000140070915 9 12 0.11024986970643168
3 0.63620525598526 10 11 0.04893981414697135
-1 0.0 0 0 0.054593132495541465
-1 0.0 0 0 0.002284479448638483
6 0.8802168369293213 13 14 0.3265517457202077
-1 0.0 0 0 0.08392271679282809
-1 0.0 0 0 0.02047278830172992
-1 0.0 0 0 0.06643221476425727
2 0.4677373170852661 17 18 -0.056911336653546925
-1 0.0 0 0 0.004553655505974273
-1 0.0 0 0 -0.0577688119529436
4 0.8823177814483643 20 27 -0.08955648111639287
2 0.44941946864128113 21 26 -0.1395691220067578
6 0.8415420651435852 22 23 -0.026896581462443732
-1 0.0 0 0 0.06368636495687745
1 0.37328964471817017 24 25 -0.15170619755378392
-1 0.0 0 0 -0.03884914372116327
-1 0.0 0 0 0.009754142313868855
-1 0.0 0 0 -0.03378157439771332
-1 0.0 0 0 0.04296223624121576
-1 0.0 0 0 -0.00041587793742004197
nodes 29
1 0.3995419442653656 1 14 0.0
1 0.3620705008506775 2 3 -0.00150616387151941
-1 0.0 0 0 0.00018452181542061557
8 45.5 4 7 -0.01544086939399839
7 0.09400000050663948 5 6 -0.0012094117268067184
-1 0.0 0 0 0.001773312788431359
-1 0.0 0 0 -0.003147219413341725
5 1.055977702140808 8 9 -0.03793909343039007
-1 0.0 0 0 0.02555661068189067
5 1.1687405109405518 10 11 -0.04190607612640479
-1 0.0 0 0 -0.006712870377720642
7 0.07799999788403511 12 13 0.01020892255574132
-1 0.0 0 0 -0.0024290053044042723
-1 0.0 0 0 0.014573407603924308
4 0.8449714183807373 15 28 0.005003598888159562
7 0.041999999433755875 16 27 0.12288224952475678
6 0.9875794053077698 17 26 0.020184318477649826
0 0.5049129724502563 18 19 -0.035823588595964524
-1 0.0 0 0 -0.04774139232933522
8 61.5 20 23 0.015824403766303036
4 0.8102315664291382 21 22 0.14932887302711606
-1 0.0 0 0 -0.03088376712985337
-1 0.0 0 0 0.0286778836324811
4 0.8241960406303406 24 25 -0.19140641419077986
-1 0.0 0 0 0.01336728121693197
-1 0.0 0 0 -0.061737229700746216
-1 0.0 0 0 0.05550598310306668
-1 0.0 0 0 0.025747394797779762
-1 0.0 0 0 0.00030773586932632664
nodes 29
4 1.1434978246688843 1 2 0.0
-1 0.0 0 0 5.1934251353520064e-05
2 0.3751310706138611 3 18 -0.014197078406552694
0 0.31084102392196655 4 17 -0.03208144276878451
7 0.08999999985098839 5 12 -0.019875117359425463
2 0.27179768681526184 6 7 -0.1168919945051047
-1 0.0 0 0 0.002156420045883845
3 0.9516398310661316 8 11 -0.18923415865581547
1 0.23935291171073914 9 10 -0.3999485576694662
-1 0.0 0 0 -0.013668636734388312
-1 0.0 0 0 -0.08606573907392366
-1 0.0 0 0 -0.01127010986367065
6 0.978053867816925 13 14 0.002151418215444951
-1 0.0 0 0 0.043756504035715404
1 0.2803013324737549 15 16 -0.004463037018766449
-1 0.0 0 0 -0.001665269395653421
-1 0.0 0 0 0.0169507746797055
-1 0.0 0 0 -0.027197104461552685
3 0.8932445645332336 19 20 0.029194209497541784
-1 0.0 0 0 0.03940087695942915
3 0.9405727386474609 21 22 0.011751397366771457
-1 0.0 0 0 -0.03138815701272137
0 0.3390082120895386 23 28 0.024487570513999208
0 0.32301056385040283 24 27 0.1740548367957649
8 31.5 25 26 -0.006728637000817931
-1 0.0 0 0 0.013238536684759081
-1 0.0 0 0 -0.034381256940273136
-1 0.0 0 0 0.04039081106228488
-1 0.0 0 0 -0.0005729958506077978
nodes 29
3 0.8390045762062073 1 16 0.0
3 0.8202104568481445 2 3 -0.002198280431358347
-1 0.0 0 0 5.411593670378482e-05
8 52.5 4 5 -0.029789778364385233
-1 0.0 0 0 -0.001780008236513195
3 0.8229728937149048 6 11 -0.1481435101589944
6 0.9377891421318054 7 8 -0.44008355854532205
-1 0.0 0 0 -0.099687068304047
0 0.47283726930618286 9 10 -0.015864797025209383
-1 0.0 0 0 0.04911883436143399
-1 0.0 0 0 -0.04768221976066178
3 0.8351253867149353 12 15 -0.09801923270983375
2 0.4468929171562195 13 14 -0.0242444924175036
-1 0.0 0 0 -0.015677485156074627
-1 0.0 0 0 0.01530719880913866
-1 0.0 0 0 -0.03698631127000503
6 0.8605564832687378 17 22 0.0034074325480704997
5 1.1947875022888184 18 21 0.10217820375544738
3 0.9345046281814575 19 20 0.18799366848931337
-1 0.0 0 0 0.02461757379810235
-1 0.0 0 0 -0.02409299600891076
-1 0.0 0 0 -0.0011401087804081137
6 0.869629442691803 23 28 0.0017895405385569268
2 0.3815332353115082 24 25 -0.15057983925349586
-1 0.0 0 0 -0.05030750562921943
8 35.5 26 27 -0.05658111470984295
-1 0.0 0 0 0.038983826222829525
-1 0.0 0 0 -0.014231728643968405
-1 0.0 0 0 0.0002695295162271906
nodes 29
8 34.5 1 12 0.0
5 1.0599510669708252 2 11 -0.005556967876337849
3 0.984603226184845 3 10 0.07853487582780935
7 0.3140000104904175 4 7 0.1477744266972204
3 0.9676530957221985 5 6 0.18877190046801867
-1 0.0 0 0 0.012292430792943738
-1 0.0 0 0 0.03596620811038606
5 1.05044424533844 8 9 -0.13361732509325852
-1 0.0 0 0 -0.041722772642970085
-1 0.0 0 0 0.014999307624318385
-1 0.0 0 0 -0.012448956994181973
-1 0.0 0 0 -0.0007648221787728369
0 0.3042943775653839 13 16 0.001313834753469415
5 1.4667041301727295 14 15 0.026687249845153214
-1 0.0 0 0 0.003946152145091977
-1 0.0 0 0 -0.002704488811990969
2 0.295565128326416 17 28 -0.0006481579017758057
8 40.5 18 23 -0.024502607531894982
6 1.0167213678359985 19 22 -0.09005198522632626
0 0.31084102392196655 20 21 -0.14983845145072056
-1 0.0 0 0 0.004741888205804255
-1 0.0 0 0 -0.020993008947325767
-1 0.0 0 0 -0.002262106625949987
4 0.9153689444065094 24 25 -0.009722515291391266
-1 0.0 0 0 -0.001282822762820649
3 0.7833170294761658 26 27 0.28830407640221073
-1 0.0 0 0 0.05123741029451291
-1 0.0 0 0 -0.0031795961516244073
-1 0.0 0 0 0.00014464904218519485
nodes 29
5 1.5828040838241577 1 2 0.0
-1 0.0 0 0 -9.597455873338012e-05
2 0.25739794969558716 3 6 0.008104720489789712
6 1.0563884973526 4 5 -0.019877251620211096
-1 0.0 0 0 -0.005821717983518908
-1 0.0 0 0 0.002275913547644535
2 0.48332589864730835 7 28 0.017749509962299518
2 0.4272238612174988 8 13 0.01915682772748468
2 0.3609820604324341 9 10 0.015231966727664178
-1 0.0 0 0 0.0029487596783641414
4 1.2309038639068604 11 12 -0.02773376806551183
-1 0.0 0 0 -0.0036939807378131694
-1 0.0 0 0 0.037163298497242585
7 0.02199999988079071 14 21 0.10305914201507611
6 0.6267572045326233 15 20 0.2457948268898184
2 0.4573010504245758 16 19 0.0644489104906097
3 0.4445555508136749 17 18 0.22427699410532048
-1 0.0 0 0 -0.00910639014944215
-1 0.0 0 0 0.05306081498307841
-1 0.0 0 0 -0.02912974691679401
-1 0.0 0 0 0.05086149955843238
6 1.001515507698059 22 27 -0.030213403530953996
0 0.44820278882980347 23 24 -0.1082628115086229
-1 0.0 0 0 -0.06335804398792486
6 0.9594665765762329 25 26 -0.013468653005652857
-1 0.0 0 0 0.016314984355377007
-1 0.0 0 0 -0.02283544904862841
-1 0.0 0 0 0.048035980698963004
-1 0.0 0 0 -0.024468174567889602
nodes 29
6 0.8778034448623657 1 28 0.0
8 33.5 2 9 -0.007626020240302377
4 1.039710283279419 3 8 -0.10206720712607172
4 0.9992119073867798 4 5 -0.1980634067155307
-1 0.0 0 0 -0.0017410254240836775
1 0.2542101740837097 6 7 -0.41525315182555594
-1 0.0 0 0 -0.003274005438600268
-1 0.0 0 0 -0.0533382196623065
-1 0.0 0 0 0.0004233669255476046
3 0.8932445645332336 10 15 -0.004305265837173421
0 0.31084102392196655 11 12 -0.007910030411090445
-1 0.0 0 0 0.010781209003435424
3 0.8838716745376587 13 14 -0.012145323097602757
-1 0.0 0 0 -0.0010439730542671924
-1 0.0 0 0 -0.031971017691222105
2 0.3591143637895584 16 17 0.13371716440413836
-1 0.0 0 0 -0.02823222749999592
7 0.041999999433755875 18 25 0.19568048516645076
4 1.0951733589172363 19 20 0.2898671124582038
-1 0.0 0 0 0.04235390137322247
4 1.1143666505813599 21 22 0.08421803357509466
-1 0.0 0 0 -0.03400992245777794
8 38.5 23 24 0.3165822463730971
-1 0.0 0 0 0.06359392270445824
-1 0.0 0 0 0.002625771848992868
0 0.4113803803920746 26 27 -0.02633085059268134
-1 0.0 0 0 0.024292312709219527
-1 0.0 0 0 -0.026647629014946318
-1 0.0 0 0 9.407130377326903e-05
nodes 29
8 65.5 1 2 0.0
-1 0.0 0 0 -5.6180749377830345e-05
0 0.4412853419780731 3 6 0.01339614487911745
5 1.5828040838241577 4 5 0.0719857618947012
-1 0.0 0 0 0.010112857471997312
-1 0.0 0 0 -0.006758099015132757
5 1.072037935256958 7 8 0.00017601509575948472
-1 0.0 0 0 0.037420431830950326
5 1.0910110473632812 9 12 -0.00338834930621594
7 0.02199999988079071 10 11 -0.19737842323344298
-1 0.0 0 0 -0.04943024894516719
-1 0.0 0 0 0.009954564298478593
3 0.7865309119224548 13 28 0.0012522693964813394
4 0.8738812208175659 14 25 -0.0014495049815932113
2 0.46876227855682373 15 24 0.004636387651067331
1 0.40046682953834534 16 23 0.007632647952350515
7 0.05000000074505806 17 22 0.004639454633051902
3 0.6732796430587769 18 19 0.026991246215727658
-1 0.0 0 0 0.0016219461418637193
5 1.132481336593628 20 21 0.16442436259239912
-1 0.0 0 0 -0.0059820845154887545
-1 0.0 0 0 0.031826700511670046
-1 0.0 0 0 -0.003695739630672248
-1 0.0 0 0 0.04447814055851528
-1 0.0 0 0 -0.036546168476343156
0 0.4809296727180481 26 27 -0.44203982510885526
-1 0.0 0 0 -0.06962842880324885
-1 0.0 0 0 -0.017568848299838246
-1 0.0 0 0 0.04072903616442567
nodes 29
3 0.9059672951698303 1 2 0.0
-1 0.0 0 0 0.00013152299403575908
3 0.9088298678398132 3 26 -0.005529579059789016
5 1.1133089065551758 4 25 -0.08151703514135525
5 1.100040078163147 5 20 -0.1596311350749718
5 1.0818283557891846 6 15 -0.05799564896713967
1 0.45300278067588806 7 14 -0.18390975792247516
2 0.46294867992401123 8 13 -0.06993707393606503
0 0.4419816732406616 9 10 -0.19614834855405652
-1 0.0 0 0 0.005469848761068923
1 0.42478233575820923 11 12 -0.5306107967737175
-1 0.0 0 0 -0.0888846442475915
-1 0.0 0 0 -0.020494202795353803
-1 0.0 0 0 0.0492276785725897
-1 0.0 0 0 -0.056381870454384225
5 1.0910110473632812 16 19 0.08033252706829931
7 0.030000001192092896 17 18 0.27784884348511696
-1 0.0 0 0 0.06213634953550671
-1 0.0 0 0 0.010227468808492027
-1 0.0 0 0 -0.01011689528822899
6 0.9863145351409912 21 24 -0.3367502863038255
5 1.1071637868881226 22 23 -0.2048449866740087
-1 0.0 0 0 -0.005984745575213464
-1 0.0 0 0 -0.051680937138470745
-1 0.0 0 0 -0.054149881110234714
-1 0.0 0 0 0.0034786180315362772
4 0.9798303842544556 27 28 -0.0022972983605351544
-1 0.0 0 0 0.007847675614882537
-1 0.0 0 0 -0.0005038704339339324
nodes 29
0 0.45026081800460815 1 2 0.0
-1 0.0 0 0 -0.0001866001627711984
0 0.46606695652008057 3 28 0.0037986768444328357
2 0.4738427698612213 4 13 0.02227165285767047
3 0.9646984338760376 5 6 0.014470058068747722
-1 0.0 0 0 0.0018127258280752152
0 0.45242106914520264 7 8 -0.2077552493016316
-1 0.0 0 0 0.013669129030313344
0 0.4574972987174988 9 12 -0.32377934685271037
7 0.058000000193715096 10 11 -0.5448548096585376
-1 0.0 0 0 -0.08885390755648798
-1 0.0 0 0 -0.02656113436096348
-1 0.0 0 0 0.002277137862669455
6 1.00456964969635 14 27 0.10032740480194346
6 0.9594665765762329 15 18 0.07117908779144438
5 1.1894941329956055 16 17 0.20635464840794437
-1 0.0 0 0 0.02923216828751672
-1 0.0 0 0 -0.017349968993559825
6 0.9685481190681458 19 22 0.004308799843154571
6 0.9656967520713806 20 21 -0.2815648288461471
-1 0.0 0 0 0.002862078432113894
-1 0.0 0 0 -0.07623525292554406
3 0.9772628545761108 23 24 0.039022026183998346
-1 0.0 0 0 0.01346285325021316
1 0.45490390062332153 25 26 -0.08125712692591121
-1 0.0 0 0 -0.03246896598565156
-1 0.0 0 0 0.006903600210080976
-1 0.0 0 0 0.035683259449433534
-1 0.0 0 0 -0.00027568628685690274
nodes 29
8 86.5 1 22 0.0
4 0.9258370995521545 2 21 -9.297269376614797e-05
1 0.48733240365982056 3 16 -0.0031508197630918445
8 42.5 4 15 -0.0027727492445464652
6 1.028324007987976 5 14 -0.017862785612286203
1 0.3292156457901001 6 7 -0.030690478021104063
-1 0.0 0 0 -0.004771527289228281
6 1.0157395601272583 8 13 0.026067747057012022
3 0.7715292572975159 9 12 0.03748355493819929
5 1.1947875022888184 10 11 0.14270809461417075
-1 0.0 0 0 0.026506078337143243
-1 0.0 0 0 0.0019414231328007123
-1 0.0 0 0 -0.00031430794633222336
-1 0.0 0 0 -0.05521274953577165
-1 0.0 0 0 0.002185270916522016
-1 0.0 0 0 0.00023338517957069264
7 0.026000000536441803 17 18 -0.2372034757797207
-1 0.0 0 0 -0.06131826731420699
6 0.9871865510940552 19 20 -0.07606953405299965
-1 0.0 0 0 0.024349365880091987
-1 0.0 0 0 -0.046826072528281
-1 0.0 0 0 0.00022574054192864794
7 0.05000000074505806 23 28 0.07428503655083478
0 0.502253532409668 24 27 0.03130568568876973
1 0.17810039222240448 25 26 0.1764638603955973
-1 0.0 0 0 -0.0017830453522037716
-1 0.0 0 0 0.03707581743132323
-1 0.0 0 0 -0.006710663614636761
-1 0.0 0 0 0.023793718021792865
nodes 29
0 0.41300198435783386 1 28 0.0
8 45.5 2 23 0.0029381863128143952
4 0.9188401103019714 3 22 -0.001740754593604325
6 1.011273980140686 4 11 -0.019424946300423386
3 0.8310474157333374 5 6 -0.04330280365941258
-1 0.0 0 0 -0.004802924892730613
0 0.3832773268222809 7 8 0.13446405447191662
-1 0.0 0 0 -0.002879892627603
2 0.36186444759368896 9 10 0.37810265651116004
-1 0.0 0 0 0.08727517934516073
-1 0.0 0 0 0.015825859564873906
2 0.2984793782234192 12 15 0.019378898277513077
3 0.7865309119224548 13 14 -0.0030900813879021546
-1 0.0 0 0 -0.0008658024468467734
-1 0.0 0 0 0.028475269036633628
5 1.1881879568099976 16 19 0.09321626909337093
7 0.346000000834465 17 18 -0.18110271423801186
-1 0.0 0 0 -0.028977570152000604
-1 0.0 0 0 0.02852855228472133
7 0.5900000035762787 20 21 0.1384024051285014
-1 0.0 0 0 0.016105714936111702
-1 0.0 0 0 -0.023591575526039712
-1 0.0 0 0 0.00047976336164988584
0 0.32482439279556274 24 27 0.02113098947154147
6 0.9875794053077698 25 26 0.08706885343603295
-1 0.0 0 0 0.01425446142623384
-1 0.0 0 0 0.000531510063937228
-1 0.0 0 0 0.001154430657271832
-1 0.0 0 0 -0.00026117396451508587
nodes 29
3 0.9059672951698303 1 2 0.0
-1 0.0 0 0 0.00013093440033140326
3 0.9088298678398132 3 28 -0.0055048328101626465
5 1.1133089065551758 4 21 -0.073696386486536
5 1.100040078163147 5 18 -0.1438496622502921
5 1.0818283557891846 6 15 -0.05236892023919956
8 40.5 7 12 -0.1657064380721213
4 0.9757300615310669 8 11 0.06287748374811866
6 0.9859054088592529 9 10 0.23318326435136524
-1 0.0 0 0 0.06262404916009733
-1 0.0 0 0 -0.012569507357218993
-1 0.0 0 0 -0.024934978069116674
6 0.9626264870166779 13 14 -0.3423394685695795
-1 0.0 0 0 -0.08782944604754449
-1 0.0 0 0 -0.014135634660487995
5 1.0910110473632812 16 17 0.0721427190702074
-1 0.0 0 0 0.024986028288206882
-1 0.0 0 0 -0.009116531254069226
7 0.17000000178813934 19 20 -0.30327224189535396
-1 0.0 0 0 -0.02202904984088881
-1 0.0 0 0 -0.05937083440979845
0 0.4809296727180481 22 27 0.03075404631727863
2 0.41866058111190796 23 26 0.06046739738627787
2 0.4028462767601013 24 25 -0.053756475207511575
-1 0.0 0 0 0.0007924177421751869
-1 0.0 0 0 -0.03930000646684606
-1 0.0 0 0 0.021489807313308122
-1 0.0 0 0 -0.038523286864871074
-1 0.0 0 0 -0.0002604166645425155
nodes 29
6 1.1545042991638184 1 28 0.0
6 1.0365744829177856 2 3 0.00023366766722697008
-1 0.0 0 0 -5.529483327147231e-05
1 0.2667609751224518 4 13 0.013662879180985646
2 0.35623979568481445 5 6 0.02495059804614251
-1 0.0 0 0 0.0020471360952126322
7 0.3739999979734421 7 10 0.26988118903322533
6 1.0482677221298218 8 9 0.01674952284962523
-1 0.0 0 0 0.02374193840301954
-1 0.0 0 0 -0.021274713277816774
1 0.2068745195865631 11 12 0.5926240634173154
-1 0.0 0 0 0.10202137336134912
-1 0.0 0 0 0.016503439322113993
7 0.22200000286102295 14 23 -0.12154958296972317
6 1.061484456062317 15 22 -0.017246338402534405
2 0.3432256877422333 16 17 0.03499729164980982
-1 0.0 0 0 -0.012181922096307531
2 0.3571942150592804 18 19 0.1711800526031048
-1 0.0 0 0 0.056769545336386985
0 0.40881648659706116 20 21 0.019783263221721758
-1 0.0 0 0 -0.01807712111489049
-1 0.0 0 0 0.03707535933703184
-1 0.0 0 0 -0.035445522328584715
5 1.1103113889694214 24 25 -0.18759488068794306
-1 0.0 0 0 -0.05796320753260738
8 37.5 26 27 -0.15300336351399035
-1 0.0 0 0 -0.02157605661353206
-1 0.0 0 0 0.00038896430393352234
-1 0.0 0 0 -0.002957089037518852
nodes 29
4 1.1269127130508423 1 2 0.0
-1 0.0 0 0 5.591800052409246e-05
5 1.1282662153244019 3 4 -0.012405809268363117
-1 0.0 0 0 -0.04132539227052971
3 0.99809330701828 5 28 -0.009880634498695076
6 0.9804755449295044 6 19 -0.041887191483831285
0 0.3801860511302948 7 16 -0.18157582899070027
2 0.38428422808647156 8 13 -0.09090964632748391
0 0.23933587968349457 9 10 -0.18635824342920004
-1 0.0 0 0 0.009464020669375631
0 0.2791755199432373 11 12 -0.3008390934792934
-1 0.0 0 0 -0.058821484198172895
-1 0.0 0 0 -0.017105649738141927
1 0.3436594009399414 14 15 0.2164671917966867
-1 0.0 0 0 0.04082681177234328
-1 0.0 0 0 -0.010610709271647714
6 0.9368565678596497 17 18 -0.4673464553595721
-1 0.0 0 0 -0.018453991324217482
-1 0.0 0 0 -0.08228746797357288
0 0.35632210969924927 20 23 -0.015570205210279867
1 0.3334908187389374 21 22 -0.028106416892919976
-1 0.0 0 0 -0.0020692454086570157
-1 0.0 0 0 -0.06186285544186831
7 0.07799999788403511 24 25 0.14240564982173964
-1 0.0 0 0 0.06002449953396406
0 0.4113803803920746 26 27 -0.029899480211878975
-1 0.0 0 0 0.011653097733589156
-1 0.0 0 0 -0.047555739448770236
-1 0.0 0 0 0.0019989264645304395
nodes 29
6 1.0 1 4 0.0
7 0.6059999763965607 2 3 0.0013465716019028188
-1 0.0 0 0 0.00012017988842663569
-1 0.0 0 0 0.047800471222338575
2 0.4610726535320282 5 26 -0.005078831201757362
1 0.2972976267337799 6 7 -0.009460130938735115
-1 0.0 0 0 0.000396542725663509
6 1.0190331935882568 8 25 -0.05591755871196309
6 1.0097368955612183 9 24 -0.038592509969689825
1 0.2985428273677826 10 11 -0.07074143692552864
-1 0.0 0 0 -0.051650037051274855
0 0.3131566047668457 12 13 -0.06568194218031168
-1 0.0 0 0 0.04678638073216592
4 0.9413186311721802 14 23 -0.07159380644072132
1 0.32465261220932007 15 20 0.033893973010961656
3 0.6468358039855957 16 17 -0.1301790280514123
-1 0.0 0 0 0.038597965613007545
0 0.366597056388855 18 19 -0.1990001859422773
-1 0.0 0 0 0.035717445576474785
-1 0.0 0 0 -0.028954024389458374
0 0.478350430727005 21 22 0.1300746977716636
-1 0.0 0 0 0.0226005714225791
-1 0.0 0 0 -0.01132625146973424
-1 0.0 0 0 -0.009506955803616117
-1 0.0 0 0 0.004390284976604752
-1 0.0 0 0 -0.013756355613125874
8 31.5 27 28 0.050123839591986984
-1 0.0 0 0 -0.006603115164914621
-1 0.0 0 0 0.008226614868439666
nodes 29
4 0.8287536799907684 1 28 0.0
8 55.5 2 27 -0.005363830704099655
2 0.4332645833492279 3 22 -0.017801058870765007
1 0.38520970940589905 4 19 -0.02000390750976758
6 0.9859054088592529 5 18 -0.01838488626488859
0 0.5196250677108765 6 17 -0.04193013714056468
2 0.4028462767601013 7 10 -0.03862925022597866
1 0.36109352111816406 8 9 -0.047794010508757354
-1 0.0 0 0 -0.004348377119339325
-1 0.0 0 0 -0.06649279181978533
8 52.5 11 16 0.10936329882033169
5 1.3531250357627869 12 15 0.2862842848843576
1 0.3752598464488983 13 14 0.18333105127870417
-1 0.0 0 0 0.004179922328085491
-1 0.0 0 0 0.07211519976705313
-1 0.0 0 0 0.08234315906529842
-1 0.0 0 0 -0.01270825049848618
-1 0.0 0 0 -0.04143223003729394
-1 0.0 0 0 -0.0001133791899769318
7 0.05400000140070915 20 21 -0.3799897616972094
-1 0.0 0 0 -0.07595564442731086
-1 0.0 0 0 -0.006115374833345413
2 0.4555899500846863 23 26 0.16040419244508106
6 0.8896461725234985 24 25 0.3361479374098367
-1 0.0 0 0 -0.00582211490043185
-1 0.0 0 0 0.046962670511924307
-1 0.0 0 0 -0.022183845285326242
-1 0.0 0 0 0.0008112532475553051
-1 0.0 0 0 0.00013409577872375395
nodes 29
0 0.41300198435783386 1 2 0.0
-1 0.0 0 0 0.0002869040246727846
7 0.43799999356269836 3 16 -0.002550276012334892
8 24.5 4 5 -0.0017193343890103394
-1 0.0 0 0 -0.039127959169704345
8 37.5 6 15 -0.001503676329223512
2 0.3945130407810211 7 10 0.018711749907740074
2 0.3917088210582733 8 9 -0.13067364437606535
-1 0.0 0 0 -0.00704016383116444
-1 0.0 0 0 -0.060236760488022935
6 1.0321584939956665 11 14 0.02253586529735073
4 1.0747973918914795 12 13 0.0210323524449508
-1 0.0 0 0 0.0030551733248975112
-1 0.0 0 0 -0.004336840943846316
-1 0.0 0 0 0.049794662922620775
-1 0.0 0 0 -0.0005219035218883297
3 0.4660944938659668 17 18 -0.08519349089835591
-1 0.0 0 0 0.0025756673335507957
5 1.2083364725112915 19 26 -0.15869359969681462
3 0.9088298678398132 20 21 -0.05591172469203091
-1 0.0 0 0 0.013192985839970889
3 0.9741018414497375 22 25 -0.2885791401124813
4 1.0271241664886475 23 24 -0.44276766161270004
-1 0.0 0 0 -0.013167639025326434
-1 0.0 0 0 -0.06740919403158702
-1 0.0 0 0 0.023566183298826218
7 0.4860000014305115 27 28 -0.3274271778296679
-1 0.0 0 0 -0.07168690848723054
-1 0.0 0 0 -0.004925438708492688
nodes 29
2 0.18196013569831848 1 14 0.0
6 1.0321584939956665 2 13 -0.018616246708794637
5 1.1573692560195923 3 6 -0.057845335704505875
0 0.1859695017337799 4 5 -0.1441423986277475
-1 0.0 0 0 -0.021344495216299865
-1 0.0 0 0 -0.00029705303151988325
5 1.2911303043365479 7 10 -0.03610536900802105
7 0.39800000190734863 8 9 0.03936097869269648
-1 0.0 0 0 0.0010416667015620865
-1 0.0 0 0 0.02419711604322258
4 1.0038247108459473 11 12 -0.10221997909741047
-1 0.0 0 0 -0.007090509024296309
-1 0.0 0 0 -0.030712827355803357
-1 0.0 0 0 0.0009282276442605591
2 0.23905977606773376 15 28 0.00037236681853661523
1 0.21788597106933594 16 27 0.015818290573885747
3 0.5714473724365234 17 18 0.014171099400644632
-1 0.0 0 0 -0.0012430573226488739
6 1.0128822326660156 19 26 0.029675600014524548
6 1.0035117864608765 20 21 0.05887148055088676
-1 0.0 0 0 0.004028585726972073
1 0.18734782934188843 22 25 0.13788960217395738
6 1.0083236694335938 23 24 0.025685505408686228
-1 0.0 0 0 0.013496215683753017
-1 0.0 0 0 -0.009233327813446523
-1 0.0 0 0 0.03500573487846519
-1 0.0 0 0 -0.0002087996399628472
-1 0.0 0 0 0.035006632344797256
-1 0.0 0 0 -4.748730358308853e-05
nodes 29
7 0.6260000169277191 1 4 0.0
7 0.6220000088214874 2 3 0.00028460956629557663
-1 0.0 0 0 1.4852881581619887e-05
-1 0.0 0 0 0.024924182255441945
6 1.0006213188171387 5 6 -0.02437827181160744
-1 0.0 0 0 0.04122806374322285
5 1.1444146633148193 7 8 -0.03286457570150531
-1 0.0 0 0 -0.04338891087647747
2 0.3105638027191162 9 20 -0.02044669398552065
6 1.0365744829177856 10 19 -0.039665996821858764
3 0.7308174967765808 11 16 -0.16006276675612263
3 0.4097220003604889 12 13 -0.031062877806834876
-1 0.0 0 0 -0.04530057227611542
4 0.9268691539764404 14 15 0.16072932444512844
-1 0.0 0 0 -0.00620424747467041
-1 0.0 0 0 0.04092055620052494
3 0.798791766166687 17 18 -0.32924294898469675
-1 0.0 0 0 -0.07397141796536744
-1 0.0 0 0 -0.0062991339902116646
-1 0.0 0 0 -0.001841950800992985
4 0.9012946486473083 21 22 0.09389599377497193
-1 0.0 0 0 -0.027800380515641182
7 0.7100000083446503 23 28 0.17750137493008922
7 0.6620000004768372 24 27 0.2771937514727419
3 0.7398883104324341 25 26 0.08917689043589218
-1 0.0 0 0 0.034494947971225806
-1 0.0 0 0 -0.009233914066346422
-1 0.0 0 0 0.05327038446766659
-1 0.0 0 0 -0.007038237214893908
nodes 29
4 1.1434978246688843 1 2 0.0
-1 0.0 0 0 4.977390620771788e-05
2 0.3751310706138611 3 8 -0.013606510122645054
0 0.30212661623954773 4 5 -0.029597252114225488
-1 0.0 0 0 -0.0015894962501094073
3 0.7750256657600403 6 7 -0.20098697192388007
-1 0.0 0 0 -0.06200509773833412
-1 0.0 0 0 -0.01473263370784613
3 0.8932445645332336 9 10 0.025190445447218542
-1 0.0 0 0 0.03401532142938293
6 0.9888512492179871 11 22 0.010131187933697985
0 0.3436351418495178 12 13 0.07269299653711743
-1 0.0 0 0 0.03806879096130123
5 1.1907427310943604 14 17 0.026417898759704652
5 1.1867930889129639 15 16 0.10287049694843318
-1 0.0 0 0 0.00653443083625346
-1 0.0 0 0 0.053271592984145334
4 1.2014892101287842 18 19 -0.13227916111689852
-1 0.0 0 0 -0.03145324304950104
6 0.9607633948326111 20 21 0.05558190116515527
-1 0.0 0 0 0.029171221610158685
-1 0.0 0 0 -0.02375453863421391
6 0.9968022704124451 23 28 -0.04648967372869907
0 0.3990655839443207 24 27 -0.28282554762954093
4 1.2014892101287842 25 26 -0.45203692836824944
-1 0.0 0 0 -0.0701643055974273
-1 0.0 0 0 -0.008897347003221511
-1 0.0 0 0 0.0032257713056330025
-1 0.0 0 0 -0.00011874161449349196
nodes 29
6 0.9199085235595703 1 26 0.0
0 0.25938206911087036 2 3 -0.005053572242392403
-1 0.0 0 0 0.009025284174786067
3 0.9932294487953186 4 19 -0.006572929213292666
2 0.4177689552307129 5 8 -0.005355866899345362
1 0.38424915075302124 6 7 -0.015030727220220029
-1 0.0 0 0 -0.0013860405970089716
-1 0.0 0 0 -0.05780419389958735
8 43.5 9 10 0.01295027962435062
-1 0.0 0 0 0.005820963456365531
1 0.2667609751224518 11 16 -0.010156439794596104
6 0.5334320068359375 12 13 0.21336652410911083
-1 0.0 0 0 -0.0004969394385771847
4 0.8514394164085388 14 15 0.434241232353934
-1 0.0 0 0 0.016656602644139814
-1 0.0 0 0 0.06897493834522637
5 1.0901012420654297 17 18 -0.018983071329711672
-1 0.0 0 0 -0.03870388523675502
-1 0.0 0 0 -0.0015591633586907357
7 0.030000001192092896 20 25 -0.14260357379745903
5 1.1250430345535278 21 22 -0.3328323515316287
-1 0.0 0 0 -0.08125090010774633
5 1.1790446043014526 23 24 -0.16100788005252384
-1 0.0 0 0 0.00021561090933515674
-1 0.0 0 0 -0.05444432545453311
-1 0.0 0 0 0.00563713546371323
6 0.9221730828285217 27 28 0.0012945782694501686
-1 0.0 0 0 0.006696406838024387
-1 0.0 0 0 6.414074912907193e-05
end
