vecsearch-termination-model 1
kind gbdt
checkpoint 500
query_dim 100
bias 7.623841636915775
trees 200
nodes 29
1 0.30120518803596497 1 20 0.0
6 1.079498291015625 2 13 -1.084692561965008
2 0.31493258476257324 3 6 -0.5261584684984913
1 0.23209716379642487 4 5 -0.8369565334407181
-1 0.0 0 0 -0.10712717789446213
-1 0.0 0 0 -0.05811485420135255
4 0.7508870363235474 7 8 -0.26582953710605
-1 0.0 0 0 -0.07490904059899882
2 0.38007909059524536 9 12 -0.08778386246584967
6 1.0550416707992554 10 11 -0.21327243321251546
-1 0.0 0 0 -0.006713452738644371
-1 0.0 0 0 -0.06774155478136211
-1 0.0 0 0 0.05322545861182405
7 0.5979999899864197 14 17 -1.9182140216269714
7 0.3799999952316284 15 16 -1.601063905573957
-1 0.0 0 0 -0.13752864487214908
-1 0.0 0 0 -0.18343012815300674
7 0.7480000257492065 18 19 -2.5489676914670887
-1 0.0 0 0 -0.23359584639284764
-1 0.0 0 0 -0.2955069878608824
1 0.34947845339775085 21 26 1.0267544551691452
6 1.0489447116851807 22 25 0.4659745098778112
4 0.7932910919189453 23 24 0.6009115585536244
-1 0.0 0 0 0.006332275816027542
-1 0.0 0 0 0.07342130390760962
-1 0.0 0 0 -0.015802183911006608
1 0.37783876061439514 27 28 1.3405195251932664
-1 0.0 0 0 0.1134263223992985
-1 0.0 0 0 0.14382310486994307
nodes 29
1 0.30622774362564087 1 20 0.0
6 1.0856603384017944 2 13 -0.9394335092423441
6 1.0528929233551025 3 10 -0.4768387175301972
4 0.7314875721931458 4 5 -0.28098895196475016
-1 0.0 0 0 -0.07762106381275612
2 0.3268566131591797 6 9 -0.11382944822869107
1 0.26250019669532776 7 8 -0.36455085316473274
-1 0.0 0 0 -0.05379697870282235
-1 0.0 0 0 -0.00458366600772458
-1 0.0 0 0 0.011702964963098002
2 0.36489763855934143 11 12 -0.8817407772195357
-1 0.0 0 0 -0.09527649864875976
-1 0.0 0 0 -0.015225826382714634
7 0.578000009059906 14 17 -1.7829112656899138
7 0.3240000009536743 15 16 -1.4664199077730586
-1 0.0 0 0 -0.12263845244681384
-1 0.0 0 0 -0.16262734138731771
7 0.734000027179718 18 19 -2.2828454982070077
-1 0.0 0 0 -0.20776729892197898
-1 0.0 0 0 -0.26298342629219273
1 0.3505837917327881 21 26 0.961830396587714
4 0.7800512313842773 22 23 0.4804138098912315
-1 0.0 0 0 -0.007487710683984808
6 1.0557838678359985 24 25 0.5876841327525284
-1 0.0 0 0 0.06701801827669923
-1 0.0 0 0 -0.006029236034353694
4 0.8015424013137817 27 28 1.2112281195554269
-1 0.0 0 0 0.05916200351444356
-1 0.0 0 0 0.12401383816456046
nodes 29
1 0.2959863245487213 1 18 0.0
6 1.0928704738616943 2 13 -0.9153136330280344
6 1.0580217838287354 3 10 -0.5205657101208523
4 0.713226318359375 4 5 -0.33737342625177585
-1 0.0 0 0 -0.07954604411609988
2 0.37122464179992676 6 9 -0.2012347726653059
1 0.2449474334716797 7 8 -0.2978190395556781
-1 0.0 0 0 -0.05425249350651926
-1 0.0 0 0 -0.013388411088462946
-1 0.0 0 0 0.04019045409363323
2 0.37208810448646545 11 12 -0.9051678867238472
-1 0.0 0 0 -0.0951788473974293
-1 0.0 0 0 -0.005422901263804112
7 0.5879999995231628 14 15 -1.676545963528826
-1 0.0 0 0 -0.1393905835869919
7 0.7820000052452087 16 17 -2.0962531108383176
-1 0.0 0 0 -0.1968111406534187
-1 0.0 0 0 -0.25376004915670286
1 0.33906328678131104 19 24 0.8009101562011691
6 1.056542158126831 20 23 0.25163844061807283
4 0.7728350758552551 21 22 0.361088156932944
-1 0.0 0 0 -0.010714570302019576
-1 0.0 0 0 0.046075125093198666
-1 0.0 0 0 -0.03652399161622385
1 0.3682495057582855 25 28 1.0463405296852226
4 0.8133923411369324 26 27 0.8015124907411108
-1 0.0 0 0 0.038044036698057476
-1 0.0 0 0 0.08818275922044358
-1 0.0 0 0 0.11502181501653158
nodes 29
1 0.30622774362564087 1 20 0.0
6 1.072611927986145 2 13 -0.7623905790241757
1 0.26250019669532776 3 8 -0.3207805914511606
2 0.37208810448646545 4 7 -0.5286479042529699
4 0.7351712584495544 5 6 -0.6060493245802897
-1 0.0 0 0 -0.08532355237101732
-1 0.0 0 0 -0.04964191479451787
-1 0.0 0 0 0.025109771589918978
4 0.8072726130485535 9 10 -0.07312198652499886
-1 0.0 0 0 -0.03447714974531815
6 1.0425784587860107 11 12 0.0782865852637566
-1 0.0 0 0 0.020450849980440153
-1 0.0 0 0 -0.019127366498162216
7 0.515999972820282 14 17 -1.3500171003119021
6 1.1084753274917603 15 16 -1.0539284532892128
-1 0.0 0 0 -0.08925859451102086
-1 0.0 0 0 -0.12653583062742066
6 1.137887954711914 18 19 -1.7455879638654608
-1 0.0 0 0 -0.1410309614799193
-1 0.0 0 0 -0.1942039674455066
1 0.35372185707092285 21 26 0.7805666154562991
6 1.0482453107833862 22 25 0.4102067694887512
4 0.8329603672027588 23 24 0.5018668460544924
-1 0.0 0 0 0.020183534107557494
-1 0.0 0 0 0.06298636308037078
-1 0.0 0 0 -0.00559793486720276
4 0.8530445098876953 27 28 0.9935247074303077
-1 0.0 0 0 0.07118756899252315
-1 0.0 0 0 0.10364502400177729
nodes 29
1 0.2916117310523987 1 16 0.0
6 1.0944085121154785 2 11 -0.7667972055659549
6 1.0528929233551025 3 8 -0.4481555877922279
4 0.7621574401855469 4 5 -0.2702990808410949
-1 0.0 0 0 -0.056923596094002216
2 0.38983094692230225 6 7 -0.11946511736816369
-1 0.0 0 0 -0.018453911912589542
-1 0.0 0 0 0.0621689245330488
2 0.32952550053596497 9 10 -0.7222778644540111
-1 0.0 0 0 -0.0829736034676119
-1 0.0 0 0 -0.0425483674024669
7 0.6600000262260437 12 15 -1.375219539793861
7 0.4480000138282776 13 14 -1.193759788985482
-1 0.0 0 0 -0.10200542231850035
-1 0.0 0 0 -0.13735452087474584
-1 0.0 0 0 -0.18336159303141175
1 0.33601391315460205 17 24 0.6298935749705451
6 1.0666753053665161 18 23 0.1552098298560098
4 0.7932910919189453 19 20 0.23233804830653806
-1 0.0 0 0 -0.008825090476105406
2 0.36876916885375977 21 22 0.33136317265999465
-1 0.0 0 0 0.02144530304908571
-1 0.0 0 0 0.05227048522872969
-1 0.0 0 0 -0.04760149034978233
2 0.40429091453552246 25 26 0.8403122849818834
-1 0.0 0 0 0.06090377217539586
4 0.7867555022239685 27 28 0.9237382444020369
-1 0.0 0 0 0.029854495162266625
-1 0.0 0 0 0.09395601175734203
nodes 29
1 0.30832675099372864 1 20 0.0
6 1.0696371793746948 2 11 -0.6093983574828467
1 0.24252641201019287 3 6 -0.23704052219282717
2 0.3576561510562897 4 5 -0.4885075417283843
-1 0.0 0 0 -0.05781747351384943
-1 0.0 0 0 0.007323830749630094
4 0.8072726130485535 7 8 -0.08979033496769885
-1 0.0 0 0 -0.031222871117131075
2 0.3840238153934479 9 10 0.04099011526680148
-1 0.0 0 0 -0.0012669779113052544
-1 0.0 0 0 0.0583784624169865
7 0.5419999957084656 12 17 -1.077106354714639
6 1.1151620149612427 13 16 -0.8563868818909883
2 0.35445094108581543 14 15 -0.7343547345819621
-1 0.0 0 0 -0.07883996938111484
-1 0.0 0 0 -0.02862227563203621
-1 0.0 0 0 -0.10749168196286468
7 0.734000027179718 18 19 -1.4421681308032663
-1 0.0 0 0 -0.1299767479612374
-1 0.0 0 0 -0.17623943585286392
1 0.3578837513923645 21 26 0.6438115003337388
4 0.7728350758552551 22 23 0.3674921126502085
-1 0.0 0 0 -0.009217454527363049
6 1.045029640197754 24 25 0.4374676882305835
-1 0.0 0 0 0.05073625684898865
-1 0.0 0 0 0.009408980019591898
4 0.8500955700874329 27 28 0.8183387678489142
-1 0.0 0 0 0.05842999338458445
-1 0.0 0 0 0.08495012330281376
nodes 29
2 0.35445094108581543 1 16 0.0
6 1.0748132467269897 2 11 -0.6088803973244447
1 0.2691858112812042 3 8 -0.2848513960384826
1 0.20746755599975586 4 5 -0.4653142604056424
-1 0.0 0 0 -0.06590450683676773
4 0.8190411925315857 6 7 -0.3699121948799003
-1 0.0 0 0 -0.05199736309423578
-1 0.0 0 0 -0.02537490783456486
6 1.0420279502868652 9 10 -0.03770385634256307
-1 0.0 0 0 0.005506939587099661
-1 0.0 0 0 -0.025648382626940077
7 0.4779999852180481 12 13 -1.0363771595964166
-1 0.0 0 0 -0.07859832090628277
7 0.6940000057220459 14 15 -1.2835292802754725
-1 0.0 0 0 -0.11361328365577886
-1 0.0 0 0 -0.15470178147280453
1 0.3380826711654663 17 24 0.5244474716147243
4 0.8190411925315857 18 21 0.15232091097718983
6 1.0482453107833862 19 20 -0.1208650178097395
-1 0.0 0 0 -8.233216628369119e-05
-1 0.0 0 0 -0.04147911490308501
6 1.0557838678359985 22 23 0.3084383128196918
-1 0.0 0 0 0.03978338406982353
-1 0.0 0 0 -0.008177590856425708
1 0.37688109278678894 25 28 0.6892629389691202
4 0.7728350758552551 26 27 0.5489269511654791
-1 0.0 0 0 0.0043541510881035415
-1 0.0 0 0 0.058679617697505605
-1 0.0 0 0 0.0778659647137375
nodes 29
1 0.2844434082508087 1 16 0.0
6 1.0991607904434204 2 11 -0.594829906131685
2 0.37208810448646545 3 10 -0.36635592402129585
7 0.3059999942779541 4 9 -0.41901062769507125
4 0.7056169509887695 5 6 -0.32051908176898425
-1 0.0 0 0 -0.058025738295660316
6 1.043129801750183 7 8 -0.23290728171220954
-1 0.0 0 0 -0.012146641865996247
-1 0.0 0 0 -0.03684903521647813
-1 0.0 0 0 -0.0662917963251126
-1 0.0 0 0 0.019926888149569808
7 0.6480000019073486 12 15 -1.0429910239668458
7 0.2800000011920929 13 14 -0.900692663690008
-1 0.0 0 0 -0.06441234925022239
-1 0.0 0 0 -0.09726200368791955
-1 0.0 0 0 -0.13434709165879757
1 0.3310249447822571 17 22 0.43701894361609656
6 1.0515527725219727 18 21 0.060438271946490436
4 0.8602426052093506 19 20 0.1540338885489617
-1 0.0 0 0 -0.0009746620577712897
-1 0.0 0 0 0.02955662382279225
-1 0.0 0 0 -0.02568322423425334
2 0.4084882438182831 23 26 0.603156921439935
49 0.04161550849676132 24 25 0.4428525491024201
-1 0.0 0 0 0.010204854133736797
-1 0.0 0 0 0.04983186286861807
6 0.9025515913963318 27 28 0.6849127564825861
-1 0.0 0 0 0.03165027770817549
-1 0.0 0 0 0.070732334311147
nodes 29
2 0.35445094108581543 1 16 0.0
6 1.0666753053665161 2 7 -0.4959560778555949
3 0.6092641949653625 3 4 -0.20095839783376254
-1 0.0 0 0 -0.044499280546080634
1 0.2758457064628601 5 6 -0.08037973506700975
-1 0.0 0 0 -0.02200622605697711
-1 0.0 0 0 0.005918085781590882
7 0.4620000123977661 8 11 -0.8124809370538626
1 0.24852940440177917 9 10 -0.6039966497218766
-1 0.0 0 0 -0.06787071706969319
-1 0.0 0 0 -0.04189177958394816
7 0.800000011920929 12 15 -1.0301476199729453
6 1.1416352987289429 13 14 -0.9739153386116114
-1 0.0 0 0 -0.08287533982991975
-1 0.0 0 0 -0.10982064740361264
-1 0.0 0 0 -0.15276689407280483
2 0.397416889667511 17 24 0.4271822706086591
3 0.6604278683662415 18 21 0.17301660331537247
49 0.0854501873254776 19 20 -0.14157230264465256
-1 0.0 0 0 -0.03330813194772613
-1 0.0 0 0 0.00018766226751355895
49 0.03852136805653572 22 23 0.3133689596343038
-1 0.0 0 0 -0.007217330786547254
-1 0.0 0 0 0.037068262791671934
6 0.8475961685180664 25 26 0.5875471420158316
-1 0.0 0 0 -0.006988932218180301
4 0.8500955700874329 27 28 0.6047925858880522
-1 0.0 0 0 0.038668779356571696
-1 0.0 0 0 0.06424955153120863
nodes 29
2 0.3624352216720581 1 18 0.0
6 1.0657293796539307 2 11 -0.4133546406715913
1 0.2748650908470154 3 8 -0.1485432131672883
4 0.6746136546134949 4 5 -0.2926431792650604
-1 0.0 0 0 -0.05332814378357398
7 0.5 6 7 -0.23027578448490965
-1 0.0 0 0 -0.02005624084985558
-1 0.0 0 0 -0.07015476795743057
49 0.09517768025398254 9 10 0.03119036480440222
-1 0.0 0 0 -0.020517691711767913
-1 0.0 0 0 0.01078691144794017
6 1.1416352987289429 12 15 -0.7189001695919641
7 0.4099999964237213 13 14 -0.5761985204701325
-1 0.0 0 0 -0.04734032075321443
-1 0.0 0 0 -0.07236623187892066
7 0.7820000052452087 16 17 -0.984222644434481
-1 0.0 0 0 -0.0913722277068924
-1 0.0 0 0 -0.1377148482227518
3 0.7143641710281372 19 26 0.41662475941015065
2 0.39826223254203796 20 23 0.1282381284457484
4 0.7098034024238586 21 22 -0.019303315694906377
-1 0.0 0 0 -0.03944541467436593
-1 0.0 0 0 0.00487046861310108
6 0.8475961685180664 24 25 0.3496731946518498
-1 0.0 0 0 -0.018545718988609003
-1 0.0 0 0 0.04183247900366513
2 0.40245017409324646 27 28 0.5082592794728988
-1 0.0 0 0 0.036931309137977555
-1 0.0 0 0 0.05681518733862694
nodes 29
1 0.3145797848701477 1 20 0.0
6 1.0686558485031128 2 13 -0.34745867829974236
4 0.7056169509887695 3 4 -0.12363866052657684
-1 0.0 0 0 -0.04102903123804233
2 0.3303994834423065 5 8 -0.05909006736738474
1 0.212176114320755 6 7 -0.1863465515495332
-1 0.0 0 0 -0.042695371500099895
-1 0.0 0 0 -0.010909431666966264
2 0.41118934750556946 9 12 0.06343644073207415
49 0.11799216270446777 10 11 0.028777316997384346
-1 0.0 0 0 -0.011106533145620994
-1 0.0 0 0 0.012667318910375936
-1 0.0 0 0 0.058074787068145554
6 1.1348867416381836 14 17 -0.6393548450649433
2 0.3017192482948303 15 16 -0.49389747166087
-1 0.0 0 0 -0.061694200498370357
-1 0.0 0 0 -0.03679299347183764
7 0.6819999814033508 18 19 -0.8705359586861645
-1 0.0 0 0 -0.07544301326190896
-1 0.0 0 0 -0.10864507625759046
2 0.3965984284877777 21 24 0.40341368692656016
49 0.06113699823617935 22 23 0.23558579781890426
-1 0.0 0 0 -0.004220794239132521
-1 0.0 0 0 0.029951762880804745
6 0.9319071173667908 25 26 0.4809204287008398
-1 0.0 0 0 0.024684690549284936
4 0.7508870363235474 27 28 0.509738421446333
-1 0.0 0 0 -0.014371103792405113
-1 0.0 0 0 0.05189786933782761
nodes 29
2 0.36489763855934143 1 16 0.0
6 1.0613887310028076 2 9 -0.3292530350241593
3 0.639234721660614 3 4 -0.10277339153497973
-1 0.0 0 0 -0.028772762650042385
1 0.263717383146286 5 6 0.0042371890018131665
-1 0.0 0 0 -0.015599879037693595
21 0.16908274590969086 7 8 0.07405291699484043
-1 0.0 0 0 -0.0007591115090967756
-1 0.0 0 0 0.020672446913427876
7 0.42800000309944153 10 13 -0.5680592719224716
4 0.7621574401855469 11 12 -0.39588174807953214
-1 0.0 0 0 -0.05355201304817325
-1 0.0 0 0 -0.03230554116570098
7 0.7080000042915344 14 15 -0.7355103006721444
-1 0.0 0 0 -0.06557353827088362
-1 0.0 0 0 -0.09610815889349406
4 0.8208990097045898 17 20 0.34784617915307214
4 0.7098034024238586 18 19 0.03666249579292932
-1 0.0 0 0 -0.03269868946569504
-1 0.0 0 0 0.010546411543370576
21 -0.09535784274339676 21 22 0.4052574576898349
-1 0.0 0 0 -0.02103634249874602
2 0.41756290197372437 23 28 0.41732096048221484
34 0.051506444811820984 24 25 0.3264116732842645
-1 0.0 0 0 0.0039980802427927765
49 0.09618797898292542 26 27 0.36747344148394917
-1 0.0 0 0 0.022941193400061396
-1 0.0 0 0 0.04326601803939563
-1 0.0 0 0 0.04907086138892411
nodes 29
1 0.28018617630004883 1 12 0.0
7 0.38600000739097595 2 7 -0.36891887144929286
6 1.0482453107833862 3 6 -0.21505250892993177
4 0.8226540684700012 4 5 -0.10512583617109808
-1 0.0 0 0 -0.024056707914984106
-1 0.0 0 0 0.00362238450461699
-1 0.0 0 0 -0.032917567065205974
6 1.1151620149612427 8 9 -0.617711449921407
-1 0.0 0 0 -0.04539842863428377
7 0.8199999928474426 10 11 -0.7359387442844956
-1 0.0 0 0 -0.06988860436195891
-1 0.0 0 0 -0.11678747723152588
2 0.38246142864227295 13 20 0.2540970392776454
6 1.0420279502868652 14 17 0.039969872562808165
4 0.8705727458000183 15 16 0.12957613569652798
-1 0.0 0 0 0.0014402591140823947
-1 0.0 0 0 0.023209719113469855
49 0.03852136805653572 18 19 -0.16752436322695097
-1 0.0 0 0 -0.043924889286920385
-1 0.0 0 0 -0.009722638719615588
4 0.7932910919189453 21 22 0.3703985640130228
-1 0.0 0 0 0.003874858313159233
6 0.9261155128479004 23 24 0.39227946585738627
-1 0.0 0 0 0.016798217609511522
49 -0.003722660942003131 25 26 0.4160315090453236
-1 0.0 0 0 0.020496685484526884
89 -0.052535828202962875 27 28 0.43714439392356913
-1 0.0 0 0 0.04909917225480154
-1 0.0 0 0 0.03608016497213148
nodes 29
2 0.34544211626052856 1 12 0.0
7 0.33799999952316284 2 7 -0.3271886840956673
1 0.23209716379642487 3 4 -0.17239745994584724
-1 0.0 0 0 -0.03188508208357752
49 0.11223061382770538 5 6 -0.07960003412145127
-1 0.0 0 0 -0.022388671066768985
-1 0.0 0 0 -0.0014866834458719502
1 0.212176114320755 8 11 -0.5481680446464894
7 0.6380000114440918 9 10 -0.648037779851949
-1 0.0 0 0 -0.05568700878713717
-1 0.0 0 0 -0.07793053935958974
-1 0.0 0 0 -0.03772112387433251
2 0.3865007758140564 13 20 0.2365506705013309
49 0.0790013000369072 14 17 0.04678334894042159
43 -0.040508221834897995 15 16 -0.17303339936970866
-1 0.0 0 0 -0.006639058473973084
-1 0.0 0 0 -0.03495962963190659
4 0.868010401725769 18 19 0.13621920095405365
-1 0.0 0 0 0.0007506754214387078
-1 0.0 0 0 0.02454490354694066
6 0.8324276208877563 21 22 0.33632580736660567
-1 0.0 0 0 -0.024334111783387066
49 0.02459252066910267 23 24 0.3483973403606096
-1 0.0 0 0 0.01739027276027849
21 -0.08486471325159073 25 26 0.3818531163451036
-1 0.0 0 0 -0.007846146120051018
89 -0.09472225606441498 27 28 0.3918249694708263
-1 0.0 0 0 0.04613409224078825
-1 0.0 0 0 0.03425638042949635
nodes 29
2 0.3487255871295929 1 12 0.0
7 0.33399999141693115 2 7 -0.285422328867407
3 0.5644397735595703 3 4 -0.1457446074533562
-1 0.0 0 0 -0.030888159631268015
6 1.0420279502868652 5 6 -0.07643191125216252
-1 0.0 0 0 0.0015845311411843595
-1 0.0 0 0 -0.018334879357003807
1 0.2182057946920395 8 11 -0.48801950123592935
7 0.8199999928474426 9 10 -0.5753332128409689
-1 0.0 0 0 -0.05488321620053908
-1 0.0 0 0 -0.09778179224063126
-1 0.0 0 0 -0.03214388319354324
4 0.8500955700874329 13 20 0.22001831016849158
6 1.0482453107833862 14 19 0.01557326516847905
4 0.7098034024238586 15 16 0.08220425444414281
-1 0.0 0 0 -0.02233492775602586
6 0.9230248928070068 17 18 0.12363927797557259
-1 0.0 0 0 -0.014322762656373299
-1 0.0 0 0 0.01698811601657186
-1 0.0 0 0 -0.023817304060950607
2 0.38007909059524536 21 24 0.2920872451251448
43 -0.017576253041625023 22 23 0.12699392326743986
-1 0.0 0 0 0.018706747134551675
-1 0.0 0 0 -0.012646757375414873
21 -0.14419633150100708 25 26 0.3348892174586238
-1 0.0 0 0 -0.03298306264360989
6 0.8095192909240723 27 28 0.34067290700392017
-1 0.0 0 0 -0.024558885393725985
-1 0.0 0 0 0.034720135407727774
nodes 29
2 0.37208810448646545 1 18 0.0
6 1.0639995336532593 2 11 -0.205257689084303
3 0.6445357799530029 3 4 -0.05638401956873937
-1 0.0 0 0 -0.01951506478099587
96 0.006559284869581461 5 10 0.024144627163296063
1 0.2758457064628601 6 7 0.057676281303911475
-1 0.0 0 0 -0.005571597476038953
21 0.009683112613856792 8 9 0.12607628941510401
-1 0.0 0 0 -0.024820170864370453
-1 0.0 0 0 0.015587846680731269
-1 0.0 0 0 -0.019715365785271156
6 1.1151620149612427 12 15 -0.38862507496256377
1 0.19287660717964172 13 14 -0.2781718905998544
-1 0.0 0 0 -0.041895826115884716
-1 0.0 0 0 -0.022516241102664026
7 0.671999990940094 16 17 -0.5120352857721595
-1 0.0 0 0 -0.04441169740594824
-1 0.0 0 0 -0.06576296536562344
4 0.8530445098876953 19 22 0.24987932114611922
4 0.713226318359375 20 21 0.09116688895560343
-1 0.0 0 0 -0.025403622497477508
-1 0.0 0 0 0.012704602728980907
21 -0.045464612543582916 23 24 0.2950061914254981
-1 0.0 0 0 -0.0008180900029317656
6 0.897193431854248 25 26 0.30748391433777006
-1 0.0 0 0 0.006758506728899868
58 -0.032881155610084534 27 28 0.3201156867080462
-1 0.0 0 0 0.019854842025115706
-1 0.0 0 0 0.03455421799225263
nodes 29
1 0.3186608850955963 1 18 0.0
6 1.1009384393692017 2 15 -0.18418391847519944
2 0.30911338329315186 3 8 -0.09689174251399534
1 0.19432614743709564 4 5 -0.22178898555017612
-1 0.0 0 0 -0.03806942548459607
94 -0.1598876267671585 6 7 -0.15393516233124138
-1 0.0 0 0 0.014609270963933963
-1 0.0 0 0 -0.021002944783536766
4 0.8346096277236938 9 10 -0.027522329822872473
-1 0.0 0 0 -0.013658297460603012
43 -0.05293407663702965 11 14 0.06800007411540435
96 -0.03121953271329403 12 13 0.13649734768849942
-1 0.0 0 0 0.020234516135278695
-1 0.0 0 0 -0.0017538270872776247
-1 0.0 0 0 -0.00792613677438767
7 0.800000011920929 16 17 -0.4321574832776809
-1 0.0 0 0 -0.04075084497057117
-1 0.0 0 0 -0.07391646518885532
21 -0.09535784274339676 19 20 0.2278145571311611
-1 0.0 0 0 -0.026400924618795663
2 0.42637157440185547 21 26 0.238102771153868
43 -0.026029027998447418 22 23 0.18388822279243283
-1 0.0 0 0 0.02328157933060343
49 0.0696142390370369 24 25 0.036538165586682235
-1 0.0 0 0 -0.017927752334577267
-1 0.0 0 0 0.011502970679530114
2 0.49207547307014465 27 28 0.3073668901282741
-1 0.0 0 0 0.03261269830028148
-1 0.0 0 0 0.00040898887118146377
nodes 29
2 0.37208810448646545 1 16 0.0
7 0.40400001406669617 2 13 -0.168390369848185
1 0.2449474334716797 3 6 -0.08131460668880637
4 0.669711172580719 4 5 -0.2019385730711177
-1 0.0 0 0 -0.03311071396534697
-1 0.0 0 0 -0.015855477020503727
49 0.0790013000369072 7 8 -0.007115453748854496
-1 0.0 0 0 -0.018254946629043586
96 0.006559284869581461 9 12 0.04396759924039409
21 0.14772923290729523 10 11 0.08456640966483152
-1 0.0 0 0 -8.678019744955633e-05
-1 0.0 0 0 0.01838484091468916
-1 0.0 0 0 -0.01531434840917141
7 0.6480000019073486 14 15 -0.385445502354956
-1 0.0 0 0 -0.031980793885719026
-1 0.0 0 0 -0.0513419659746922
4 0.8759956955909729 17 22 0.20499729657249607
6 0.9157595634460449 18 19 0.09612973589516147
-1 0.0 0 0 -0.0166286132934205
43 -0.00014889819431118667 20 21 0.12957103851959348
-1 0.0 0 0 0.018560591280542733
-1 0.0 0 0 -0.003113207065968906
2 0.5074802041053772 23 28 0.2516873447737634
89 -0.20154337584972382 24 25 0.25785217635025365
-1 0.0 0 0 0.04252164305016075
49 -0.0010336667764931917 26 27 0.24085743080279692
-1 0.0 0 0 0.007588363215323569
-1 0.0 0 0 0.025698254503959683
-1 0.0 0 0 -0.026240026808071776
nodes 29
6 1.0482453107833862 1 16 0.0
1 0.3207519054412842 2 9 0.12408842205622461
4 0.8667193055152893 3 6 -0.011173222541038245
4 0.6344770193099976 4 5 -0.08813407037999195
-1 0.0 0 0 -0.025807706101209266
-1 0.0 0 0 -0.0056529523039273505
8 36.5 7 8 0.09001630870720385
-1 0.0 0 0 -0.013222592767756043
-1 0.0 0 0 0.01314757071391248
8 61.5 10 13 0.20539818704552854
58 0.06125881150364876 11 12 0.2344851637573506
-1 0.0 0 0 0.0183804505028
-1 0.0 0 0 0.02905647818344085
6 0.950600802898407 14 15 0.08683753302470511
-1 0.0 0 0 -0.0077075295379563525
-1 0.0 0 0 0.014102403937631439
6 1.1026302576065063 17 26 -0.2354943593189366
4 0.7056169509887695 18 19 -0.14785639218596394
-1 0.0 0 0 -0.038067841793086296
2 0.31009483337402344 20 21 -0.106212771671759
-1 0.0 0 0 -0.021456813713026553
49 0.030040442943572998 22 23 -0.036923258758429126
-1 0.0 0 0 -0.021631144146358097
2 0.40514370799064636 24 25 0.004543251152761751
-1 0.0 0 0 -0.0026827632024865426
-1 0.0 0 0 0.02628797697340407
7 0.8500000238418579 27 28 -0.36208736249068546
-1 0.0 0 0 -0.03494958095247097
-1 0.0 0 0 -0.08488074758749331
nodes 29
6 1.0482453107833862 1 20 0.0
2 0.3743872046470642 2 13 0.11167957975584464
49 0.05338047817349434 3 4 -0.008206933038989771
-1 0.0 0 0 -0.022986037246146885
1 0.20746755599975586 5 6 0.023649568292921655
-1 0.0 0 0 -0.018275979499353168
21 0.20103158056735992 7 12 0.051579055220972864
106 -0.00736585957929492 8 9 0.004483433439864866
-1 0.0 0 0 -0.012549116321460158
34 0.15949033200740814 10 11 0.05029832671851519
-1 0.0 0 0 -0.004213872640140326
-1 0.0 0 0 0.012701618828858922
-1 0.0 0 0 0.019228353447467067
6 0.897193431854248 14 15 0.18629087734167066
-1 0.0 0 0 -0.006705423203609114
21 0.0017747421516105533 16 17 0.20392521671623362
-1 0.0 0 0 0.003598486796226714
58 0.05481463670730591 18 19 0.22228852459562443
-1 0.0 0 0 0.017222962154144858
-1 0.0 0 0 0.027262777875456636
6 1.1151620149612427 21 28 -0.21194492340110077
4 0.7478727698326111 22 23 -0.14307268345816215
-1 0.0 0 0 -0.030818382304976716
2 0.31009483337402344 24 25 -0.0973927998116073
-1 0.0 0 0 -0.019621645800286653
43 -0.03944859653711319 26 27 -0.02695647969720662
-1 0.0 0 0 0.003595559538604678
-1 0.0 0 0 -0.01394427978104158
-1 0.0 0 0 -0.03451053363135573
nodes 29
2 0.3404717445373535 1 8 0.0
7 0.26600000262260437 2 5 -0.1731477655434816
4 0.8294677138328552 3 4 -0.0697002353316882
-1 0.0 0 0 -0.014363089870161952
-1 0.0 0 0 -0.0005359533228837356
1 0.18573428690433502 6 7 -0.2718089403397636
-1 0.0 0 0 -0.03607940475295577
-1 0.0 0 0 -0.02024933211291808
4 0.8035163879394531 9 12 0.11355869500085573
49 0.044580474495887756 10 11 -0.0637572842338803
-1 0.0 0 0 -0.0222177906135094
-1 0.0 0 0 -0.00026230016302860687
21 0.0017747421516105533 13 16 0.1482705668292655
21 -0.12579649686813354 14 15 -0.040248166338136625
-1 0.0 0 0 -0.03218824129052665
-1 0.0 0 0 0.0016189617193533422
43 -0.023656856268644333 17 26 0.16841603008562117
34 -0.11979801952838898 18 19 0.20055915543989739
-1 0.0 0 0 -0.0361971205790229
96 0.0746719241142273 20 25 0.20537939455446702
2 0.43268442153930664 21 24 0.22085202389064562
34 0.14102236926555634 22 23 0.19017524817709672
-1 0.0 0 0 0.011508956349760294
-1 0.0 0 0 0.024711424877060226
-1 0.0 0 0 0.029266722847957408
-1 0.0 0 0 0.003186206732755353
2 0.4140511751174927 27 28 0.07918720353735938
-1 0.0 0 0 -0.0035440435706537697
-1 0.0 0 0 0.01675432091679131
nodes 29
6 1.0420279502868652 1 18 0.0
4 0.7952757477760315 2 3 0.10069154672985102
-1 0.0 0 0 -0.005703745327704009
2 0.38246142864227295 4 13 0.13546208687171266
21 -0.045464612543582916 5 6 0.06115076978581548
-1 0.0 0 0 -0.047316285038336736
34 0.04988803714513779 7 8 0.07511975331965033
-1 0.0 0 0 -0.017068656238544564
96 -0.030156634747982025 9 12 0.09858575004567381
2 0.32496899366378784 10 11 0.14065999934462287
-1 0.0 0 0 0.0034136109064382587
-1 0.0 0 0 0.019532339113655137
-1 0.0 0 0 -0.003938197978313528
6 0.9441081285476685 14 15 0.17308368882168498
-1 0.0 0 0 0.003927885979613993
2 0.5074802041053772 16 17 0.1976039378291219
-1 0.0 0 0 0.02030730301578873
-1 0.0 0 0 -0.027619216602076502
7 0.5080000162124634 19 28 -0.16131450706444933
2 0.41756290197372437 20 27 -0.10779119994078794
4 0.7728350758552551 21 22 -0.12591626161275551
-1 0.0 0 0 -0.022360090394779986
49 0.10610869526863098 23 24 -0.08163942928305284
-1 0.0 0 0 -0.016226243409409896
2 0.31009483337402344 25 26 -0.03343591637818795
-1 0.0 0 0 -0.011069265820593683
-1 0.0 0 0 0.0044316060974097776
-1 0.0 0 0 0.02177135109093862
-1 0.0 0 0 -0.029810894754158653
nodes 29
2 0.333871990442276 1 10 0.0
7 0.42800000309944153 2 9 -0.15242058153879917
49 0.12638747692108154 3 4 -0.09192517600126701
-1 0.0 0 0 -0.017167502307419803
1 0.20261700451374054 5 6 -0.04353925121090876
-1 0.0 0 0 -0.01601876747457036
29 0.1587531417608261 7 8 0.00045848673759630557
-1 0.0 0 0 -0.003365694125480554
-1 0.0 0 0 0.02370904986409056
-1 0.0 0 0 -0.026817760732890203
2 0.40429091453552246 11 24 0.08750225930172302
34 0.11599381268024445 12 17 0.024343523038231004
49 0.0696142390370369 13 14 -0.09881524670759861
-1 0.0 0 0 -0.02445142480313677
96 -0.030156634747982025 15 16 -0.036464313742383445
-1 0.0 0 0 0.0022415483612805045
-1 0.0 0 0 -0.017277603050244568
49 0.11900600790977478 18 21 0.09253559258147172
41 0.01786773093044758 19 20 0.0019517624673208985
-1 0.0 0 0 -0.01652881338309299
-1 0.0 0 0 0.006147409536574749
96 -0.04755719378590584 22 23 0.16004013682717552
-1 0.0 0 0 0.022562174553561007
-1 0.0 0 0 0.006099933400876678
0 0.5420362949371338 25 28 0.15897464594811872
104 0.02588474750518799 26 27 0.1676948733164942
-1 0.0 0 0 0.011612434649348946
-1 0.0 0 0 0.02191166900724501
-1 0.0 0 0 -0.019578615641734284
nodes 29
6 1.0420279502868652 1 18 0.0
4 0.8514336347579956 2 5 0.0830954379784898
4 0.669711172580719 3 4 -0.011174730603670996
-1 0.0 0 0 -0.015891872831963104
-1 0.0 0 0 0.0017716310947419435
21 -0.09535784274339676 6 7 0.12504024262878752
-1 0.0 0 0 -0.02786541312969051
6 0.8095192909240723 8 9 0.1304456207180725
-1 0.0 0 0 -0.02588651670589855
34 -0.11979801952838898 10 11 0.13508339603453484
-1 0.0 0 0 -0.04249597627720231
96 0.0746719241142273 12 17 0.13832330393168024
59 0.09338003396987915 13 16 0.14980064737489693
89 -0.1662992238998413 14 15 0.18159339095489355
-1 0.0 0 0 0.030074031967134027
-1 0.0 0 0 0.015727351066767387
-1 0.0 0 0 0.008941718644213198
-1 0.0 0 0 -0.0018044835693992066
2 0.2923676371574402 19 22 -0.1331243794518844
7 0.6179999709129333 20 21 -0.2174087512096583
-1 0.0 0 0 -0.01719688958304652
-1 0.0 0 0 -0.032897809824708135
4 0.7867555022239685 23 24 -0.0714426978085944
-1 0.0 0 0 -0.017927388944353632
2 0.41756290197372437 25 28 -0.024724901936528886
43 0.01702451892197132 26 27 -0.04709615619125545
-1 0.0 0 0 -0.001427319778995167
-1 0.0 0 0 -0.02136701824132034
-1 0.0 0 0 0.01907981636067744
nodes 29
2 0.3728448152542114 1 20 0.0
7 0.23800000548362732 2 11 -0.08628807516727935
43 -0.06757336109876633 3 10 -0.01281645302746872
106 -0.00945331808179617 4 5 0.03309748782055095
-1 0.0 0 0 -0.0071580210510031085
2 0.313972532749176 6 9 0.06733820388905004
29 0.15333649516105652 7 8 -0.012413579235007275
-1 0.0 0 0 -0.005501682874749807
-1 0.0 0 0 0.020691077378012488
-1 0.0 0 0 0.011945694024120589
-1 0.0 0 0 -0.0094692004889982
1 0.18573428690433502 12 15 -0.16826368265137648
7 0.8500000238418579 13 14 -0.250034427622122
-1 0.0 0 0 -0.02361903678750917
-1 0.0 0 0 -0.06467117432839362
49 0.08005941659212112 16 17 -0.12096041543329343
-1 0.0 0 0 -0.020961408032282858
96 -0.08187410980463028 18 19 -0.07848680414129977
-1 0.0 0 0 -0.0009719169758445651
-1 0.0 0 0 -0.015274869396537043
49 -0.003722660942003131 21 22 0.10672853405203286
-1 0.0 0 0 -0.006763610691157625
43 0.021936865523457527 23 28 0.12571073489510462
89 -0.05637617036700249 24 25 0.14719131302818575
-1 0.0 0 0 0.018724797367340788
6 0.870360791683197 26 27 0.09509669055862453
-1 0.0 0 0 -0.02095119185059924
-1 0.0 0 0 0.010676833156360846
-1 0.0 0 0 0.000355041271083639
nodes 29
2 0.333871990442276 1 12 0.0
1 0.2182057946920395 2 3 -0.11482145560962029
-1 0.0 0 0 -0.018093167894079047
21 0.20103158056735992 4 9 -0.047743480569741044
41 0.014263458549976349 5 6 -0.08889165017560526
-1 0.0 0 0 -0.0220120491260709
43 -0.0317063108086586 7 8 -0.0574536987464994
-1 0.0 0 0 -0.002035756343343099
-1 0.0 0 0 -0.01887912579458526
94 -0.15231853723526 10 11 0.09480879726581516
-1 0.0 0 0 0.03435261781684834
-1 0.0 0 0 0.003243765887165437
49 0.02459252066910267 13 16 0.06591719216700306
2 0.43647414445877075 14 15 -0.07050184457378728
-1 0.0 0 0 -0.013915876624896614
-1 0.0 0 0 0.007611419351871843
43 -0.005682202521711588 17 26 0.09021331509437534
58 -0.018685614690184593 18 19 0.1155673974932806
-1 0.0 0 0 0.0025607998987395935
21 0.016271956264972687 20 21 0.14126891927186613
-1 0.0 0 0 0.000991178481861706
34 0.19423095881938934 22 25 0.1579359306184083
2 0.43268442153930664 23 24 0.12740688374202017
-1 0.0 0 0 0.009456564474642234
-1 0.0 0 0 0.021507771015994357
-1 0.0 0 0 0.02329325242028399
2 0.40080341696739197 27 28 -0.005190321404525998
-1 0.0 0 0 -0.011317389201721534
-1 0.0 0 0 0.008253444582124613
nodes 29
6 1.0420279502868652 1 20 0.0
4 0.8747338056564331 2 9 0.06303807825129154
43 0.023705627769231796 3 8 -0.0024420278448684164
2 0.38326647877693176 4 5 0.01991632098427796
-1 0.0 0 0 -0.0024070265969811317
6 0.9486059546470642 6 7 0.09485773072245264
-1 0.0 0 0 -0.007731627564626156
-1 0.0 0 0 0.01461240253774129
-1 0.0 0 0 -0.014611577493105658
34 -0.14054812490940094 10 11 0.10350905497120665
-1 0.0 0 0 -0.05667968572230097
21 -0.16412131488323212 12 13 0.10628622360514585
-1 0.0 0 0 -0.052284265526345575
18 0.054499588906764984 14 19 0.10918835576111448
21 0.20103158056735992 15 18 0.12778072262211307
49 0.09618797898292542 16 17 0.1058626350974459
-1 0.0 0 0 0.004481637582159871
-1 0.0 0 0 0.013711250591722483
-1 0.0 0 0 0.020804922853119287
-1 0.0 0 0 0.0011497506240606347
7 0.20399999618530273 21 22 -0.10099116431370783
-1 0.0 0 0 -0.0009830932475554317
2 0.2923676371574402 23 24 -0.1377988935294345
-1 0.0 0 0 -0.01900800572279236
4 0.8277952075004578 25 26 -0.08799736565289074
-1 0.0 0 0 -0.016484947056961814
96 -0.11595111340284348 27 28 -0.03281376869026086
-1 0.0 0 0 0.008300596125140294
-1 0.0 0 0 -0.008563004518105348
nodes 29
2 0.3736247718334198 1 16 0.0
7 0.23800000548362732 2 11 -0.06550801350704594
43 -0.11934275925159454 3 6 -0.009736507056762222
2 0.313972532749176 4 5 0.05398945727577843
-1 0.0 0 0 -0.0023731232616461422
-1 0.0 0 0 0.010269646687819989
96 -0.09962256252765656 7 10 -0.05586335187320716
100 0.06760674715042114 8 9 0.009629212494769857
-1 0.0 0 0 -0.005376601672861071
-1 0.0 0 0 0.01058591904863139
-1 0.0 0 0 -0.011164201368216354
7 0.6600000262260437 12 15 -0.12816349960955342
4 0.8329603672027588 13 14 -0.10350543854632972
-1 0.0 0 0 -0.015777809832716743
-1 0.0 0 0 -0.005631472225287566
-1 0.0 0 0 -0.023454042362901287
6 0.8324276208877563 17 18 0.08232222478521546
-1 0.0 0 0 -0.025239265288213488
49 0.09618797898292542 19 24 0.08925336854121463
21 0.10773646086454391 20 23 0.03274753189838001
49 -0.09432274103164673 21 22 -0.04368887739324806
-1 0.0 0 0 -0.03855838597857774
-1 0.0 0 0 -0.0025594156876651802
-1 0.0 0 0 0.009606300898874251
80 0.0877002403140068 25 28 0.12748913742929657
89 -0.13194040954113007 26 27 0.15101113717606926
-1 0.0 0 0 0.023313112679233833
-1 0.0 0 0 0.012184667506167446
-1 0.0 0 0 0.0036246648869458103
nodes 29
2 0.34544211626052856 1 12 0.0
1 0.17798416316509247 2 3 -0.07776345912756102
-1 0.0 0 0 -0.016859727038043695
21 0.20103158056735992 4 9 -0.04706943331185528
41 0.07433607429265976 5 6 -0.07795329526346344
-1 0.0 0 0 -0.013709828273167935
2 0.29485687613487244 7 8 -0.037266032384587595
-1 0.0 0 0 -0.011232724346032322
-1 0.0 0 0 0.0009474330736954748
96 -0.01595495454967022 10 11 0.06069694269649745
-1 0.0 0 0 0.010346962287037992
-1 0.0 0 0 -0.013125931954497192
21 0.0017747421516105533 13 16 0.056221377101853084
2 0.3881100118160248 14 15 -0.08739557644744586
-1 0.0 0 0 -0.019772257792979087
-1 0.0 0 0 -0.0015123229771754525
58 0.06492225080728531 17 26 0.07394901661994915
43 -0.023656856268644333 18 21 0.030974589615219005
34 -0.07668910175561905 19 20 0.06354473695642471
-1 0.0 0 0 -0.022149695322719168
-1 0.0 0 0 0.007231612961781601
2 0.4140511751174927 22 25 -0.05319053419010551
41 -0.026318209245800972 23 24 -0.1320532831106206
-1 0.0 0 0 -0.037869782722025944
-1 0.0 0 0 -0.008451081841658974
-1 0.0 0 0 0.0029925715252832183
85 -0.027892449870705605 27 28 0.12693520717738918
-1 0.0 0 0 0.004062176052582146
-1 0.0 0 0 0.015412985475254066
nodes 29
6 1.038118839263916 1 20 0.0
6 0.9525459408760071 2 5 0.050576272125339834
6 0.8095192909240723 3 4 -0.04147549117125667
-1 0.0 0 0 -0.021766407431185186
-1 0.0 0 0 -0.00211367345650895
21 -0.06646370142698288 6 7 0.07263913073679569
-1 0.0 0 0 -0.01914448316303033
2 0.34544211626052856 8 13 0.08050221796454933
96 -0.0016442430205643177 9 12 0.0010136670579816277
29 0.1587531417608261 10 11 0.03156599186292848
-1 0.0 0 0 0.00012194701738278327
-1 0.0 0 0 0.021848738235059686
-1 0.0 0 0 -0.018468379647279463
18 0.08067496120929718 14 19 0.10247777789827453
49 0.09618797898292542 15 16 0.11648882507243777
-1 0.0 0 0 0.0062372629617211
60 0.07739464193582535 17 18 0.14763083947169553
-1 0.0 0 0 0.011629354464118382
-1 0.0 0 0 0.022059650496151842
-1 0.0 0 0 -0.0014002607316653762
2 0.41024595499038696 21 26 -0.07225322120822678
7 0.1979999989271164 22 23 -0.08451047585137782
-1 0.0 0 0 -0.0016173876889417453
7 0.8500000238418579 24 25 -0.11125890244661385
-1 0.0 0 0 -0.010636503243327048
-1 0.0 0 0 -0.047394757713820485
5 1.3332217931747437 27 28 0.11680772007458433
-1 0.0 0 0 0.006742197946693038
-1 0.0 0 0 0.046552503960644316
nodes 29
2 0.3736247718334198 1 16 0.0
49 0.1683666855096817 2 9 -0.049263064725323644
41 0.08707381039857864 3 4 -0.08736629040168123
-1 0.0 0 0 -0.013455801730920295
2 0.29485687613487244 5 6 -0.041664238417189275
-1 0.0 0 0 -0.01328334321047686
34 0.20714019238948822 7 8 0.015359472429975278
-1 0.0 0 0 -0.002629888191585432
-1 0.0 0 0 0.012267665360236234
1 0.20911891758441925 10 11 0.014201577495467065
-1 0.0 0 0 -0.007953341900398354
21 0.13148266077041626 12 13 0.05185532306995786
-1 0.0 0 0 -0.0023964958910153594
96 -0.025445714592933655 14 15 0.11072222614724582
-1 0.0 0 0 0.015868642460072146
-1 0.0 0 0 -0.004874637180374268
43 -0.03512344881892204 17 24 0.06190761805661981
70 -0.003080857452005148 18 21 0.09342390818683136
104 0.014037818647921085 19 20 0.0344457931497223
-1 0.0 0 0 -0.003988756007032089
-1 0.0 0 0 0.009558759354480008
59 0.0762828141450882 22 23 0.1257225616737992
-1 0.0 0 0 0.016324239596362016
-1 0.0 0 0 0.007133654814963992
49 0.010477112606167793 25 26 0.0006771048570356175
-1 0.0 0 0 -0.013866352083793283
58 -0.03009163774549961 27 28 0.025629889366032003
-1 0.0 0 0 -0.009369277674069107
-1 0.0 0 0 0.005401195998984691
nodes 29
2 0.3206227719783783 1 6 0.0
94 -0.1783384084701538 2 5 -0.07609160323683388
1 0.18767064809799194 3 4 0.05729158070831772
-1 0.0 0 0 -0.009277601276991756
-1 0.0 0 0 0.016487063787446084
-1 0.0 0 0 -0.009181700437731772
49 -0.015116029419004917 7 8 0.03353310071536742
-1 0.0 0 0 -0.012194410975640549
96 0.06085795536637306 9 28 0.04646244209990719
21 0.12235009670257568 10 21 0.06177414097492675
34 0.05499843880534172 11 12 0.014935798384348904
-1 0.0 0 0 -0.010373594369795715
21 -0.12579649686813354 13 14 0.04111012654455846
-1 0.0 0 0 -0.021827494485820442
85 0.07651665806770325 15 20 0.05294697994614811
2 0.43465113639831543 16 19 0.017442616068989336
34 0.17296777665615082 17 18 -0.014727447930556078
-1 0.0 0 0 -0.007761437880072848
-1 0.0 0 0 0.0043901853077594295
-1 0.0 0 0 0.012188796604778042
-1 0.0 0 0 0.012347376981696955
89 -0.158896803855896 22 23 0.10693342475753279
-1 0.0 0 0 0.021529060895758165
49 0.2024528533220291 24 27 0.08432753311686024
43 -0.08952724933624268 25 26 0.057645170854296365
-1 0.0 0 0 0.011142623507867053
-1 0.0 0 0 0.0009928951729235708
-1 0.0 0 0 0.01800629547611393
-1 0.0 0 0 -0.008084276125021906
nodes 29
2 0.3865007758140564 1 14 0.0
34 0.11998621001839638 2 5 -0.037255039070865484
29 0.137434184551239 3 4 -0.09758985936821458
-1 0.0 0 0 -0.011825582118533788
-1 0.0 0 0 0.0009386559637614964
1 0.23209716379642487 6 7 -0.0012987559156067276
-1 0.0 0 0 -0.006949954541952232
96 -0.03121953271329403 8 13 0.0371773592861712
21 0.13957388699054718 9 12 0.08038896392145092
14 -0.01879199966788292 10 11 0.01964830880124285
-1 0.0 0 0 0.007533529403505714
-1 0.0 0 0 -0.0061471609140727156
-1 0.0 0 0 0.01467221090271513
-1 0.0 0 0 -0.005994274334693558
89 -0.19908998906612396 15 16 0.06068402115962694
-1 0.0 0 0 0.018969413948720357
18 0.07308624684810638 17 28 0.0474584461632604
34 -0.07668910175561905 18 19 0.0634666206682958
-1 0.0 0 0 -0.022659813726671547
6 0.9486059546470642 20 21 0.06979722466081498
-1 0.0 0 0 -0.0021591856676411916
5 1.381852149963379 22 25 0.08679806159408436
104 0.01051025278866291 23 24 0.07578030824516323
-1 0.0 0 0 0.003064593964350867
-1 0.0 0 0 0.011172267738770033
2 0.42551466822624207 26 27 0.26392385349543046
-1 0.0 0 0 0.016447697995760027
-1 0.0 0 0 0.05532479575748245
-1 0.0 0 0 -0.006920549962301601
nodes 29
6 1.0350162982940674 1 18 0.0
6 0.9525459408760071 2 3 0.037955083001700377
-1 0.0 0 0 -0.004219035194705046
21 -0.06646370142698288 4 5 0.0581664899747844
-1 0.0 0 0 -0.0162334617888189
96 -0.04755719378590584 6 11 0.06463879036535738
21 0.20103158056735992 7 10 0.092827229796501
27 0.009106788784265518 8 9 0.07131033578655165
-1 0.0 0 0 0.000926870280861255
-1 0.0 0 0 0.010214614632822045
-1 0.0 0 0 0.016805511531475657
104 -0.039254628121852875 12 13 0.020261749547528445
-1 0.0 0 0 -0.006653460955661885
2 0.4374435544013977 14 17 0.05202925877900061
34 0.17778049409389496 15 16 0.010719954272536782
-1 0.0 0 0 -0.005751246920794911
-1 0.0 0 0 0.009965359410931025
-1 0.0 0 0 0.013396531462838755
2 0.4184110760688782 19 28 -0.04923985154487746
96 -0.09364461898803711 20 27 -0.05936252214772801
2 0.29110369086265564 21 22 -0.01790209477382227
-1 0.0 0 0 -0.007067483579096998
37 -0.019110780209302902 23 26 0.029767800622492638
4 0.883268415927887 24 25 0.07559384326380779
-1 0.0 0 0 0.0001459709596797079
-1 0.0 0 0 0.01510917230567798
-1 0.0 0 0 -0.007082705126282132
-1 0.0 0 0 -0.009368519579568586
-1 0.0 0 0 0.011083049781035683
nodes 29
7 0.257999986410141 1 18 0.0
4 0.9028687477111816 2 11 0.025929198405995276
34 0.09896891564130783 3 4 -0.009004859985676033
-1 0.0 0 0 -0.007497701401004903
87 0.10128366202116013 5 10 0.02186809662109145
41 0.0014913883060216904 6 7 0.03930688066287384
-1 0.0 0 0 -0.004030397662836141
2 0.33218300342559814 8 9 0.059739738277213086
-1 0.0 0 0 -6.437268597641266e-06
-1 0.0 0 0 0.00908275078732569
-1 0.0 0 0 -0.0069499132392152945
93 0.023595161736011505 12 17 0.06263221103269942
0 0.5420362949371338 13 16 0.08889489849791914
85 -0.04163472726941109 14 15 0.09107436596874087
-1 0.0 0 0 0.0007970890816615591
-1 0.0 0 0 0.010984463551991081
-1 0.0 0 0 -0.08058140752997635
-1 0.0 0 0 0.000345748957325788
7 0.671999990940094 19 28 -0.062466800808965994
4 0.7888734340667725 20 21 -0.04573171735093331
-1 0.0 0 0 -0.01060539492098669
21 0.0973677709698677 22 23 -0.016373106432351674
-1 0.0 0 0 -0.007719068361720274
2 0.303873211145401 24 25 0.017646600921870377
-1 0.0 0 0 -0.0043188384339927725
96 -0.0323333702981472 26 27 0.06536690845637633
-1 0.0 0 0 0.012990508560355366
-1 0.0 0 0 -0.004148856100171711
-1 0.0 0 0 -0.015161830127553922
nodes 29
2 0.4140511751174927 1 18 0.0
49 0.1761818826198578 2 13 -0.022102787137458255
34 0.11998621001839638 3 4 -0.052888169584219796
-1 0.0 0 0 -0.010421159644581755
41 0.0306084007024765 5 6 -0.019187908671050705
-1 0.0 0 0 -0.008769571043138044
2 0.28605228662490845 7 8 0.00520343302101558
-1 0.0 0 0 -0.009009310835016595
58 -0.03412005305290222 9 10 0.03600079733461428
-1 0.0 0 0 -0.009775850700609327
106 0.04958377406001091 11 12 0.05900321711972968
-1 0.0 0 0 0.0006735427703717474
-1 0.0 0 0 0.011586965836491471
2 0.2923676371574402 14 15 0.0404475582033861
-1 0.0 0 0 -0.0034170858704250257
42 -0.045493558049201965 16 17 0.0715127635826372
-1 0.0 0 0 0.013530147530851432
-1 0.0 0 0 0.0016450221591407087
2 0.4981071352958679 19 28 0.06460881394334776
5 1.407386064529419 20 25 0.0731700201390657
104 0.04259625822305679 21 24 0.06385556544638056
70 0.05628800019621849 22 23 0.024113639982818114
-1 0.0 0 0 -0.00253160084979776
-1 0.0 0 0 0.009671826241592222
-1 0.0 0 0 0.01155054575470031
6 0.776975691318512 26 27 0.3094509951555366
-1 0.0 0 0 -0.028598555799846243
-1 0.0 0 0 0.039942482321197625
-1 0.0 0 0 -0.020517838028038624
nodes 29
2 0.42551466822624207 1 18 0.0
49 0.11799216270446777 2 7 -0.017429418570279378
41 0.09292328357696533 3 4 -0.06330049248905278
-1 0.0 0 0 -0.009762187980545062
2 0.29846251010894775 5 6 -0.021105599713563756
-1 0.0 0 0 -0.009670254009770047
-1 0.0 0 0 0.0007317270822508532
96 -0.02192750945687294 8 17 0.016893298193609584
2 0.28605228662490845 9 12 0.04087632826564542
94 -0.09368900209665298 10 11 -0.03829666645173953
-1 0.0 0 0 0.004155278648730508
-1 0.0 0 0 -0.00860871392401141
21 0.14690391719341278 13 16 0.07027687297923862
34 0.12477436661720276 14 15 0.025052174641149665
-1 0.0 0 0 -0.005005092416234046
-1 0.0 0 0 0.007182080231488076
-1 0.0 0 0 0.012724144972873675
-1 0.0 0 0 -0.005385747268510266
2 0.48786455392837524 19 28 0.06804242642075856
1 0.33906328678131104 20 23 0.08332871097013102
6 0.7125368714332581 21 22 0.34988976307501674
-1 0.0 0 0 -0.04250912085896538
-1 0.0 0 0 0.0431053310783141
59 0.09338003396987915 24 27 0.07373427354158972
15 -0.08329135924577713 25 26 0.10378446816826398
-1 0.0 0 0 -0.0006060031726203399
-1 0.0 0 0 0.012925399858310496
-1 0.0 0 0 -0.00020523289565026653
-1 0.0 0 0 -0.011547097941941187
nodes 29
43 0.025612203404307365 1 26 0.0
2 0.313972532749176 2 7 0.012341792189622705
94 -0.1783384084701538 3 6 -0.04510818887554319
1 0.18767064809799194 4 5 0.07908417586680712
-1 0.0 0 0 -0.005454298418714112
-1 0.0 0 0 0.018199628601453865
-1 0.0 0 0 -0.00611750729109591
58 0.08956682682037354 8 21 0.03514884191044949
37 -0.07641932368278503 9 12 0.008627595562372845
96 -0.030156634747982025 10 11 0.05173618079047186
-1 0.0 0 0 0.008446476958552204
-1 0.0 0 0 -0.0010486441860195724
34 0.005683573894202709 13 14 -0.024594997345399997
-1 0.0 0 0 -0.014729521720771405
2 0.38007909059524536 15 18 -0.009279073063203334
41 0.07339809834957123 16 17 -0.06045860965656362
-1 0.0 0 0 -0.01265420621984436
-1 0.0 0 0 0.0001749068673948962
52 0.08837778866291046 19 20 0.02699557566343762
-1 0.0 0 0 0.004653561415041241
-1 0.0 0 0 -0.010052117768566455
89 0.009225456044077873 22 25 0.08617909477247927
37 0.025293774902820587 23 24 0.11012808207561482
-1 0.0 0 0 0.013138952206452784
-1 0.0 0 0 0.001529895389387992
-1 0.0 0 0 -0.0013815778391705438
2 0.40080341696739197 27 28 -0.0830279026602924
-1 0.0 0 0 -0.012189740175293274
-1 0.0 0 0 -0.0018694654982752475
nodes 29
21 0.14327190816402435 1 18 0.0
2 0.42995402216911316 2 13 -0.027594931595964982
34 0.14737841486930847 3 6 -0.045371329157523364
41 0.12532761693000793 4 5 -0.08503680033742068
-1 0.0 0 0 -0.011306174851825668
-1 0.0 0 0 -0.00300803838660087
21 -0.06646370142698288 7 8 -0.004797650581273119
-1 0.0 0 0 -0.014034051111628091
84 -0.006134689319878817 9 10 0.007993284140244738
-1 0.0 0 0 -0.0056307998719705155
27 0.0372517928481102 11 12 0.035009992678169025
-1 0.0 0 0 -0.0018133909071097465
-1 0.0 0 0 0.00880507738973607
49 -0.10754616558551788 14 15 0.04467629792345649
-1 0.0 0 0 -0.04132509455084801
1 0.2949203848838806 16 17 0.05227640355035895
-1 0.0 0 0 0.05817532850485435
-1 0.0 0 0 0.0045775856588367025
96 0.06085795536637306 19 28 0.035799429886876594
1 0.20098313689231873 20 21 0.049470467949137426
-1 0.0 0 0 -0.004259944919898034
89 -0.07411938905715942 22 25 0.06915887841284403
83 -0.06056245416402817 23 24 0.11446676751214638
-1 0.0 0 0 0.0023579791790090216
-1 0.0 0 0 0.014327772783260216
77 0.044659413397312164 26 27 0.028028959885932004
-1 0.0 0 0 0.00598662491812356
-1 0.0 0 0 -0.005309052532863673
-1 0.0 0 0 -0.008416676892760903
nodes 29
43 -0.057942502200603485 1 14 0.0
2 0.31009483337402344 2 5 0.023901380806961022
29 0.137434184551239 3 4 -0.036636257983700585
-1 0.0 0 0 -0.005646876750388167
-1 0.0 0 0 0.005993534419295313
27 -0.032732363790273666 6 7 0.04776463372770109
-1 0.0 0 0 -0.0026955266203841084
58 0.06492225080728531 8 11 0.0665831683789522
106 0.004333313554525375 9 10 0.03364239441071135
-1 0.0 0 0 -0.002729132807809949
-1 0.0 0 0 0.007029262171632411
21 0.12679429352283478 12 13 0.10902530288722623
-1 0.0 0 0 0.006225076268009813
-1 0.0 0 0 0.01497395442593607
2 0.42816007137298584 15 24 -0.037663621448853206
34 0.24613967537879944 16 23 -0.05851670712070393
96 -0.09861547499895096 17 18 -0.07297032372778327
-1 0.0 0 0 -0.002728387421214742
6 1.079498291015625 19 22 -0.10237366142977158
41 0.11300288140773773 20 21 -0.1332734066912624
-1 0.0 0 0 -0.017325791103357312
-1 0.0 0 0 -0.006086932438583652
-1 0.0 0 0 -0.004285608579626656
-1 0.0 0 0 0.004270512116942133
2 0.48786455392837524 25 28 0.03164693527135092
94 -0.08173999190330505 26 27 0.05247976338036925
-1 0.0 0 0 -0.005982044350765913
-1 0.0 0 0 0.008658253413746878
-1 0.0 0 0 -0.01574618343647212
nodes 29
49 0.20368927717208862 1 24 0.0
2 0.4193296432495117 2 13 -0.014879022019625042
34 0.19945162534713745 3 8 -0.033233005694747034
96 -0.08678823709487915 4 7 -0.055515592363899365
37 -0.01580268144607544 5 6 -0.016112763117457463
-1 0.0 0 0 0.000916904525587126
-1 0.0 0 0 -0.008445802841608133
-1 0.0 0 0 -0.009099225003938704
106 0.023973533883690834 9 10 0.019761776625170452
-1 0.0 0 0 -0.0036079338089074786
1 0.22935011982917786 11 12 0.058606134537504004
-1 0.0 0 0 -0.0034939348472181305
-1 0.0 0 0 0.009950075879806324
5 1.5841354131698608 14 21 0.0406830680626736
89 -0.052535828202962875 15 18 0.033740130087555165
104 0.01051025278866291 16 17 0.07063828039578328
-1 0.0 0 0 0.0007708353561897474
-1 0.0 0 0 0.011586674044917561
34 -0.14054812490940094 19 20 -0.016943692785942207
-1 0.0 0 0 -0.07967250145544919
-1 0.0 0 0 -0.0012305588269846746
6 0.776975691318512 22 23 0.37430768612391335
-1 0.0 0 0 -0.032827184317183906
-1 0.0 0 0 0.0493111221689959
2 0.29110369086265564 25 26 0.056709805648504995
-1 0.0 0 0 -0.0014535175078750427
80 0.07230357080698013 27 28 0.07889968606683745
-1 0.0 0 0 0.01068414612009954
-1 0.0 0 0 0.0005323521648924096
nodes 29
21 0.18609517812728882 1 18 0.0
34 0.0463273786008358 2 3 -0.01691269543529621
-1 0.0 0 0 -0.007967918708462262
85 0.009127398021519184 4 5 -0.003255701663092963
-1 0.0 0 0 -0.00428584539875141
2 0.32588279247283936 6 7 0.021304708533631644
-1 0.0 0 0 -0.0037015769046455788
99 -0.045301128178834915 8 9 0.0479612333439516
-1 0.0 0 0 -0.0019809901180667553
41 0.1360849142074585 10 17 0.07326847297921685
49 -0.018195442855358124 11 12 0.04642604553935125
-1 0.0 0 0 -0.015080002253985501
27 -3.8698563002981246e-05 13 16 0.0593299979366221
2 0.4273034334182739 14 15 -0.01599703352831075
-1 0.0 0 0 -0.007448703096011865
-1 0.0 0 0 0.010298756901575543
-1 0.0 0 0 0.009399992554247845
-1 0.0 0 0 0.014137076580752694
89 -0.06385446339845657 19 24 0.04843270068882461
1 0.23468071222305298 20 21 0.09098463074583758
-1 0.0 0 0 0.000492938157263127
96 -0.0016442430205643177 22 23 0.12314623908475208
-1 0.0 0 0 0.0157813950627553
-1 0.0 0 0 0.0021718989427304543
41 -0.026318209245800972 25 26 0.00457199412476189
-1 0.0 0 0 -0.011162037656885655
77 -0.021881258115172386 27 28 0.02599432136722439
-1 0.0 0 0 0.0078655019916944
-1 0.0 0 0 -0.002228580250798167
nodes 29
43 -0.10942842066287994 1 10 0.0
1 0.22102543711662292 2 3 0.032667911195366696
-1 0.0 0 0 -0.003917880993020481
85 -0.011147988960146904 4 5 0.05404387221015007
-1 0.0 0 0 -0.00015837917026453608
70 -0.037964750081300735 6 9 0.07629140120883265
37 -0.07641932368278503 7 8 -0.004358845458052349
-1 0.0 0 0 0.007759632428241166
-1 0.0 0 0 -0.007295950549789633
-1 0.0 0 0 0.009912554341570798
96 -0.07272931933403015 11 16 -0.021778607310262446
2 0.3672093152999878 12 13 0.0073860989779428315
-1 0.0 0 0 -0.002713707639152238
6 0.9261155128479004 14 15 0.04617585036686221
-1 0.0 0 0 -0.009489072794487255
-1 0.0 0 0 0.006155617372285458
2 0.42816007137298584 17 26 -0.05028585334202015
34 0.23665989935398102 18 25 -0.06992400500972505
6 1.079498291015625 19 24 -0.08508228087901883
34 0.09670453518629074 20 21 -0.11157955345445736
-1 0.0 0 0 -0.01903393269570305
41 0.02604956179857254 22 23 -0.07324546955645589
-1 0.0 0 0 -0.016090411038035667
-1 0.0 0 0 -0.00344115622737169
-1 0.0 0 0 -0.0030325466844047366
-1 0.0 0 0 0.0013260918347022983
1 0.4736008048057556 27 28 0.008924850078471607
-1 0.0 0 0 0.0018669203781055993
-1 0.0 0 0 -0.03495212008710951
nodes 29
37 -0.01580268144607544 1 22 0.0
21 0.22075282037258148 2 15 0.01752906586037259
85 -0.02452579140663147 3 6 0.0037818151037941365
53 -0.07768317312002182 4 5 -0.04713256746524766
-1 0.0 0 0 -0.00942758456900547
-1 0.0 0 0 -0.0009837148132634823
2 0.29110369086265564 7 8 0.020979092941757378
-1 0.0 0 0 -0.005351775646825706
49 0.02459252066910267 9 10 0.03926191600932491
-1 0.0 0 0 -0.004987464872346137
96 0.006559284869581461 11 14 0.053090076908740735
58 0.07373163104057312 12 13 0.07209141616002462
-1 0.0 0 0 0.004160170707886541
-1 0.0 0 0 0.011378671933935334
-1 0.0 0 0 -0.002001405877124649
1 0.183804452419281 16 17 0.09299499475185168
-1 0.0 0 0 -0.0038003037175528727
17 -0.05588851496577263 18 19 0.11661569483674901
-1 0.0 0 0 0.0190667366105738
89 -0.03133614361286163 20 21 0.07630876947322637
-1 0.0 0 0 0.01273670869911226
-1 0.0 0 0 -0.0016607063511047057
2 0.40429091453552246 23 26 -0.03977793607573803
80 -0.10318894684314728 24 25 -0.06600770180833242
-1 0.0 0 0 -0.016758953905106774
-1 0.0 0 0 -0.005376464575692631
70 -0.003080857452005148 27 28 0.011108414515062169
-1 0.0 0 0 -0.006248083681755228
-1 0.0 0 0 0.0055036058173164645
nodes 29
21 0.06209590286016464 1 2 0.0
-1 0.0 0 0 -0.004476953499871275
96 0.02048516646027565 3 26 0.014382137756351826
2 0.2923676371574402 4 11 0.02705162581478289
29 0.09382117539644241 5 6 -0.02802472242297994
-1 0.0 0 0 -0.0059467234805005665
1 0.17996124923229218 7 8 0.03328390731878485
-1 0.0 0 0 -0.005420574714792736
94 -0.09896465390920639 9 10 0.09547723209873143
-1 0.0 0 0 0.017667647645320007
-1 0.0 0 0 -0.0025454738585770774
58 0.08956682682037354 12 23 0.043192525562945124
42 -0.06090825796127319 13 18 0.01736815378463024
47 -0.08378361910581589 14 15 0.0646972336839356
-1 0.0 0 0 -0.006004010328731093
49 -0.0010336667764931917 16 17 0.08638387755739974
-1 0.0 0 0 -0.009074080530910527
-1 0.0 0 0 0.010229807841673644
6 0.897193431854248 19 20 -0.014285218318304158
-1 0.0 0 0 -0.018430808361193162
2 0.3815954923629761 21 22 -0.005503309664986481
-1 0.0 0 0 -0.004573909653262271
-1 0.0 0 0 0.003470921145333344
89 -0.07411938905715942 24 25 0.08710929994348711
-1 0.0 0 0 0.013016289560000517
-1 0.0 0 0 0.004273263681288987
104 -0.031660303473472595 27 28 -0.04460989972070874
-1 0.0 0 0 -0.010851268961392914
-1 0.0 0 0 -0.0011222527870706689
nodes 29
49 0.20368927717208862 1 24 0.0
2 0.4374435544013977 2 17 -0.01286608070921066
34 0.19945162534713745 3 10 -0.02428461336993421
37 -0.01580268144607544 4 9 -0.043020843252509114
21 0.22985096275806427 5 8 -0.0245192625775924
85 0.07338138669729233 6 7 -0.03777175224811426
-1 0.0 0 0 -0.006011993037814984
-1 0.0 0 0 0.00013206999077058042
-1 0.0 0 0 0.006604208892604871
-1 0.0 0 0 -0.008448323516301672
21 0.016271956264972687 11 12 0.021424056029940994
-1 0.0 0 0 -0.008025030406500279
2 0.339648574590683 13 14 0.03772539228360105
-1 0.0 0 0 -0.001410228333965525
84 0.016179699450731277 15 16 0.08326075839620874
-1 0.0 0 0 0.0021065537406809638
-1 0.0 0 0 0.012823362367132218
2 0.48786455392837524 18 23 0.04424042324005644
82 0.05875764414668083 19 22 0.06245980335029182
28 0.006835334934294224 20 21 0.09075979142655775
-1 0.0 0 0 0.014213198254002541
-1 0.0 0 0 0.002867388707814123
-1 0.0 0 0 -0.0025366041587753184
-1 0.0 0 0 -0.010317092492457524
99 -0.10052163898944855 25 26 0.04903769469832697
-1 0.0 0 0 -0.004907768258723894
47 -0.05663982406258583 27 28 0.06173798970399037
-1 0.0 0 0 -0.0010681226644155362
-1 0.0 0 0 0.008207061211131359
nodes 29
106 -0.031702011823654175 1 8 0.0
2 0.4273034334182739 2 5 -0.04485422268577633
74 -0.05151526629924774 3 4 -0.07036156279971185
-1 0.0 0 0 -0.01674166752754663
-1 0.0 0 0 -0.005064924859324903
7 0.00800000037997961 6 7 0.035880875990175976
-1 0.0 0 0 -0.013229218564590917
-1 0.0 0 0 0.006224140672745685
49 0.12638747692108154 9 14 0.013206489602891848
79 -0.03930143639445305 10 13 -0.01419895446260742
81 0.007755721919238567 11 12 0.014979600739609761
-1 0.0 0 0 0.00442339525589618
-1 0.0 0 0 -0.002530434408142707
-1 0.0 0 0 -0.00394919866101542
47 -0.05921700969338417 15 16 0.03797404149195346
-1 0.0 0 0 -0.002452423297233685
1 0.17798416316509247 17 18 0.05482313672890836
-1 0.0 0 0 -0.0037893886490097083
34 0.040792107582092285 19 20 0.06677954573472175
-1 0.0 0 0 -0.002518677792584202
87 0.12034694105386734 21 28 0.07968898456974269
83 -0.05940607562661171 22 23 0.09198036497878606
-1 0.0 0 0 0.0033818676307668747
37 0.0090972064062953 24 27 0.1105117349707627
20 0.09789281338453293 25 26 0.1283514747042734
-1 0.0 0 0 0.010702112715829742
-1 0.0 0 0 0.021884605927976683
-1 0.0 0 0 0.0028661591345754637
-1 0.0 0 0 -0.0026573675975106663
nodes 29
43 -0.02486542984843254 1 24 0.0
27 -0.032732363790273666 2 5 0.014349938103264083
87 0.12866708636283875 3 4 -0.03617805499436371
-1 0.0 0 0 -0.0024499484592826787
-1 0.0 0 0 -0.015123842317340831
2 0.31957384943962097 6 7 0.02797284000090016
-1 0.0 0 0 -0.0013764398988411614
84 -0.032386116683483124 8 9 0.04658215940508103
-1 0.0 0 0 -0.0019961322469853352
93 0.08013942837715149 10 23 0.06744687657074618
9 0.009739155881106853 11 22 0.08315339089149418
34 0.05499843880534172 12 13 0.10821312941160686
-1 0.0 0 0 0.002489812320579204
14 0.015395977534353733 14 21 0.12639852406255847
74 -0.056088171899318695 15 16 0.15298364620123928
-1 0.0 0 0 0.0037932419381895423
1 0.3505837917327881 17 20 0.17271071619716175
41 0.02604956179857254 18 19 0.21400101547308614
-1 0.0 0 0 0.010597725472643819
-1 0.0 0 0 0.02527286234386459
-1 0.0 0 0 0.011537156976745398
-1 0.0 0 0 0.005964873815658956
-1 0.0 0 0 0.002933197487522168
-1 0.0 0 0 -0.003653646629640586
58 0.14157430827617645 25 28 -0.0394636754136059
52 0.07895544171333313 26 27 -0.05345011109754215
-1 0.0 0 0 -0.0039396937316941265
-1 0.0 0 0 -0.0121057076169564
-1 0.0 0 0 0.003836729263161685
nodes 29
43 -0.11934275925159454 1 10 0.0
2 0.29110369086265564 2 3 0.030000708390904088
-1 0.0 0 0 -0.0030436255301977914
89 0.05317464843392372 4 9 0.048103715633277276
49 -0.018195442855358124 5 6 0.0602637978521167
-1 0.0 0 0 -0.008327355870668794
42 -0.013261519372463226 7 8 0.06890115279707279
-1 0.0 0 0 0.009643318706631938
-1 0.0 0 0 0.002831758053425188
-1 0.0 0 0 -0.006039394433574569
6 0.9261155128479004 11 12 -0.016933332854180694
-1 0.0 0 0 -0.010745670989745446
2 0.3881100118160248 13 22 -0.010077924889071862
37 -0.06316205859184265 14 17 -0.03113637349756498
39 0.026809006929397583 15 16 -0.0017673514292688341
-1 0.0 0 0 -0.005037554660706965
-1 0.0 0 0 0.0029024865186399614
1 0.28548797965049744 18 19 -0.0631688127860923
-1 0.0 0 0 -0.0033232347165352612
41 0.06859446316957474 20 21 -0.12464576685393489
-1 0.0 0 0 -0.021529942314389507
-1 0.0 0 0 -0.0051827986179697125
5 1.381852149963379 23 28 0.02252433557080286
89 -0.18988919258117676 24 25 0.009276582816315885
-1 0.0 0 0 0.013459058700392854
107 0.005713873542845249 26 27 -0.006041576466508619
-1 0.0 0 0 0.002499644301729617
-1 0.0 0 0 -0.006251071838989039
-1 0.0 0 0 0.021829170222218988
nodes 29
79 -0.0211593359708786 1 20 0.0
89 -0.042990945279598236 2 15 0.019789908147655747
15 -0.07002420723438263 3 4 0.041754247473838005
-1 0.0 0 0 -0.001386406826451839
2 0.2697857916355133 5 6 0.06008493333727165
-1 0.0 0 0 -0.0024767901301609506
93 0.11425017565488815 7 14 0.07545656542780954
96 -0.08784166723489761 8 11 0.0848430347560547
59 0.2724996507167816 9 10 0.12288444265163714
-1 0.0 0 0 0.012762982753277126
-1 0.0 0 0 -0.034610093549448766
104 -0.08187128603458405 12 13 0.051330025772563743
-1 0.0 0 0 -0.004834905745163956
-1 0.0 0 0 0.0068935996619299755
-1 0.0 0 0 -0.0059552264048658415
6 0.9025515913963318 16 17 -0.014996007017481976
-1 0.0 0 0 -0.014581418624865934
87 0.1430722326040268 18 19 -0.00841339091064897
-1 0.0 0 0 1.218768052574773e-05
-1 0.0 0 0 -0.011946053397071436
21 0.1623537540435791 21 26 -0.024092100059914898
57 0.016338298097252846 22 23 -0.043772572678173936
-1 0.0 0 0 -0.0074335742560294685
85 0.026072494685649872 24 25 -0.013527328982199414
-1 0.0 0 0 -0.005218367780506654
-1 0.0 0 0 0.001758239660920731
104 -0.031660303473472595 27 28 0.01588261983010984
-1 0.0 0 0 -0.0038809980018096896
-1 0.0 0 0 0.004249662475224881
nodes 29
14 0.08050141483545303 1 22 0.0
27 -0.032732363790273666 2 3 0.007722985597917615
-1 0.0 0 0 -0.0035194207418184544
84 -0.032386116683483124 4 7 0.019424761315748572
100 0.11439511924982071 5 6 -0.024982667028948958
-1 0.0 0 0 -0.00439164543528552
-1 0.0 0 0 0.005693567850752044
2 0.333871990442276 8 9 0.03354370144048208
-1 0.0 0 0 -0.0006940967135431715
9 -0.025159915909171104 10 13 0.05665407084397505
34 0.18174397945404053 11 12 0.09216881277196758
-1 0.0 0 0 0.0062457191330872654
-1 0.0 0 0 0.014928067122699154
6 0.9261155128479004 14 17 0.015441459594458733
34 0.12477436661720276 15 16 -0.11052962768149631
-1 0.0 0 0 -0.02537005229988003
-1 0.0 0 0 -0.001109153778631885
58 -0.042636871337890625 18 19 0.02846617905697864
-1 0.0 0 0 -0.0069069877510726935
70 0.0502338632941246 20 21 0.0462780351800955
-1 0.0 0 0 0.0011847574274714801
-1 0.0 0 0 0.00968691511627534
2 0.43268442153930664 23 26 -0.06018930396187204
6 1.0771117210388184 24 25 -0.08446538389740472
-1 0.0 0 0 -0.011400140214805012
-1 0.0 0 0 -0.0009101799310472311
80 0.0382253210991621 27 28 0.016621244087537696
-1 0.0 0 0 0.008721404315513505
-1 0.0 0 0 -0.008900984555931501
nodes 29
99 -0.045301128178834915 1 6 0.0
52 0.01956191100180149 2 3 -0.03504735945173562
-1 0.0 0 0 -0.0010948767177597688
5 1.1734683513641357 4 5 -0.07315191306545481
-1 0.0 0 0 -0.013561187554141938
-1 0.0 0 0 -0.0027951956427661965
89 -0.04585501551628113 7 24 0.013261176216900619
21 0.17798924446105957 8 21 0.03359308377308899
18 -0.06713594496250153 9 14 0.016169134453177046
2 0.31009483337402344 10 11 0.05754144311534666
-1 0.0 0 0 -0.0016386290395274555
41 0.12955614924430847 12 13 0.08007784059192287
-1 0.0 0 0 0.004289150273914684
-1 0.0 0 0 0.015545290936253989
34 0.20714019238948822 15 20 -0.011101454123516387
103 -0.04591403901576996 16 19 -0.030552089138138224
85 0.07651665806770325 17 18 0.032265321632894674
-1 0.0 0 0 -0.002326976993821607
-1 0.0 0 0 0.012742376505530353
-1 0.0 0 0 -0.005471840487084145
-1 0.0 0 0 0.005151878471522448
2 0.20674219727516174 22 23 0.07583715137627137
-1 0.0 0 0 -0.00640335047519136
-1 0.0 0 0 0.008849263953893169
49 0.20972201228141785 25 28 -0.015852463333840154
73 0.012861823663115501 26 27 -0.030202119967342327
-1 0.0 0 0 -0.0011241051103588662
-1 0.0 0 0 -0.00736117438274887
-1 0.0 0 0 0.005954189611035931
nodes 29
106 -0.0028854080010205507 1 12 0.0
2 0.4184110760688782 2 9 -0.030534667346848798
42 -0.029296308755874634 3 4 -0.05197716784430512
-1 0.0 0 0 -0.001790238561838039
6 1.079498291015625 5 8 -0.09231251647011947
74 -0.07589875906705856 6 7 -0.1315463079460067
-1 0.0 0 0 -0.02890930202438982
-1 0.0 0 0 -0.011323084078152528
-1 0.0 0 0 -0.001007461792900991
93 0.11175044625997543 10 11 0.025737272773911475
-1 0.0 0 0 0.00413314378682135
-1 0.0 0 0 -0.015264528887960713
47 0.0005790959694422781 13 16 0.014735410270828697
34 0.1437273770570755 14 15 -0.012632946489048084
-1 0.0 0 0 -0.004133454961327144
-1 0.0 0 0 0.0014052891487561945
49 -0.015116029419004917 17 18 0.03751226480733333
-1 0.0 0 0 -0.006456497311404726
7 0.5 19 28 0.04620525915808408
27 -0.03144127130508423 20 21 0.05655455923641961
-1 0.0 0 0 -0.0005750886260259675
24 -0.08841925114393234 22 23 0.07249836958165537
-1 0.0 0 0 -0.0010610384907766416
42 -0.050054244697093964 24 27 0.0834709640033015
20 -0.10498102754354477 25 26 0.11643124680038296
-1 0.0 0 0 -0.003827171584018754
-1 0.0 0 0 0.013370577116471466
-1 0.0 0 0 0.005281355707595655
-1 0.0 0 0 -0.004304534313448949
nodes 29
58 0.08956682682037354 1 20 0.0
7 0.006000000052154064 2 5 -0.015216948406734643
6 0.8324276208877563 3 4 -0.10723435197713121
-1 0.0 0 0 -0.03703021923626191
-1 0.0 0 0 -0.007920923989873943
37 -0.08396761119365692 6 11 -0.008800589976072089
21 0.18609517812728882 7 8 0.01944868435552444
-1 0.0 0 0 -2.085126675370133e-05
88 -0.03220618516206741 9 10 0.07224125124206138
-1 0.0 0 0 0.014158422840821009
-1 0.0 0 0 0.003362612295199599
24 -0.0013095439644530416 12 13 -0.02920867196703359
-1 0.0 0 0 -0.005956756155756792
2 0.41495728492736816 14 15 -0.004644348262614384
-1 0.0 0 0 -0.002501126347195237
5 1.2800170183181763 16 19 0.050460027195317225
34 -0.14054812490940094 17 18 0.032630472992223145
-1 0.0 0 0 -0.06783709818831622
-1 0.0 0 0 0.0038290619295578937
-1 0.0 0 0 0.02923345839394892
89 -0.1546171009540558 21 22 0.0288786453343174
-1 0.0 0 0 0.009173791068736526
107 -0.041215065866708755 23 28 0.014110857006133924
2 0.2935492992401123 24 25 0.04482087102392827
-1 0.0 0 0 -0.0036417273787322183
6 0.9230248928070068 26 27 0.06737465734595578
-1 0.0 0 0 -0.008722754717678685
-1 0.0 0 0 0.008136874867046652
-1 0.0 0 0 -0.0011074434891088021
nodes 29
87 0.12034694105386734 1 28 0.0
43 0.025612203404307365 2 25 0.007200530171675054
34 0.0463273786008358 3 6 0.015354552133314957
2 0.42103877663612366 4 5 -0.03365352949688124
-1 0.0 0 0 -0.006055150786817973
-1 0.0 0 0 0.003914927558525773
2 0.333871990442276 7 10 0.024815879461519995
29 0.15333649516105652 8 9 -0.006280202069963709
-1 0.0 0 0 -0.001988824311081825
-1 0.0 0 0 0.00799678307070707
18 -0.010676815174520016 11 20 0.04358046610052488
21 -0.12579649686813354 12 13 0.06820907957240366
-1 0.0 0 0 -0.015247363757743194
93 0.05068974941968918 14 19 0.07373629124197871
27 -0.03914494439959526 15 16 0.0908569717435378
-1 0.0 0 0 0.0019316303626556572
84 -0.06426053494215012 17 18 0.10774783023618273
-1 0.0 0 0 0.0006690684141230291
-1 0.0 0 0 0.012324653712402963
-1 0.0 0 0 0.0004316563797305112
52 0.06659141182899475 21 24 0.0038809894375529713
85 0.058045513927936554 22 23 0.022854693525617923
-1 0.0 0 0 -0.001251574470165932
-1 0.0 0 0 0.007919018126481778
-1 0.0 0 0 -0.008261199591246883
40 -0.06219780817627907 26 27 -0.04915011640175873
-1 0.0 0 0 -0.013530894745220604
-1 0.0 0 0 -0.0025233410916024887
-1 0.0 0 0 -0.005837806843024598
nodes 29
96 0.06085795536637306 1 28 0.0
49 0.1761818826198578 2 23 0.0065305578448258605
2 0.43268442153930664 3 20 -0.00729489076070271
41 0.09387606382369995 4 19 -0.017575195091255165
6 1.0818469524383545 5 16 -0.04077265464150897
21 0.09645739942789078 6 9 -0.05974831447350264
59 -0.07445862889289856 7 8 -0.11906244872720233
-1 0.0 0 0 -0.035180362947700126
-1 0.0 0 0 -0.010409469370922736
7 0.6480000019073486 10 15 -0.02802998274349895
47 -0.0937967300415039 11 12 -0.024289908366072303
-1 0.0 0 0 -0.013794810616414072
79 -0.009902997873723507 13 14 -0.007738354644648163
-1 0.0 0 0 0.0026755660630724616
-1 0.0 0 0 -0.006799139881767575
-1 0.0 0 0 -0.05497073234330988
1 0.30120518803596497 17 18 0.009625122038923767
-1 0.0 0 0 0.0024380138523069222
-1 0.0 0 0 -0.028372678083517035
-1 0.0 0 0 0.0007749776868257297
28 0.07824254035949707 21 22 0.037063189371016034
-1 0.0 0 0 0.006198639257933337
-1 0.0 0 0 -0.005742710841345828
83 -0.06497520953416824 24 25 0.03746672982413022
-1 0.0 0 0 -0.001887394656043626
2 0.3285961151123047 26 27 0.05505892689211379
-1 0.0 0 0 0.0013586305307264788
-1 0.0 0 0 0.008251254268368128
-1 0.0 0 0 -0.006008739385666789
nodes 29
72 -0.06486807018518448 1 6 0.0
107 -0.023994114249944687 2 3 -0.04358200904547499
-1 0.0 0 0 -0.0008554937739404686
6 0.9157595634460449 4 5 -0.07943967683294001
-1 0.0 0 0 -0.02786495536858576
-1 0.0 0 0 -0.006648399654035954
106 -0.030328381806612015 7 14 0.00859389276043789
2 0.4273034334182739 8 11 -0.030580874503378517
74 -0.048516083508729935 9 10 -0.04974865400438086
-1 0.0 0 0 -0.01272422658422433
-1 0.0 0 0 -0.0033300198854961066
7 0.012000000104308128 12 13 0.03138584836097911
-1 0.0 0 0 -0.010347752057832425
-1 0.0 0 0 0.006117914676800361
85 -0.08132045716047287 15 16 0.020383663620462254
-1 0.0 0 0 -0.0046738043641900385
27 -0.0748862475156784 17 18 0.02826006534104961
-1 0.0 0 0 -0.003782823309963182
2 0.2923676371574402 19 20 0.0359121920129289
-1 0.0 0 0 -0.001357472668084393
49 0.010477112606167793 21 22 0.048988517445464515
-1 0.0 0 0 -0.003339562294545618
34 0.19004178047180176 23 26 0.05900017968007505
95 0.0015410799533128738 24 25 0.03871179391332942
-1 0.0 0 0 -0.001242877178003071
-1 0.0 0 0 0.006570703630082904
84 0.09562725573778152 27 28 0.10228276939812365
-1 0.0 0 0 0.007188025142227095
-1 0.0 0 0 0.0177777483506431
nodes 29
14 0.134970024228096 1 28 0.0
37 0.0090972064062953 2 21 0.003876502311627935
21 0.2511688768863678 3 16 0.014392282803969782
9 -0.030587762594223022 4 13 0.007618575903687595
2 0.2935492992401123 5 6 0.030676766156619375
-1 0.0 0 0 -0.0031183143931231673
93 -0.010199171490967274 7 10 0.04409138860108248
18 -0.10731594264507294 8 9 0.07389228867339953
-1 0.0 0 0 0.013692408928365443
-1 0.0 0 0 0.005224559588031327
57 -0.1046610027551651 11 12 0.004083182858766175
-1 0.0 0 0 -0.01140496479884378
-1 0.0 0 0 0.0018890512488496545
100 0.1537669152021408 14 15 -0.01473770789956599
-1 0.0 0 0 -0.002238213918261182
-1 0.0 0 0 0.0067130523188940324
1 0.20746755599975586 17 18 0.08766787849396587
-1 0.0 0 0 -0.0019640323754884907
77 -0.043823495507240295 19 20 0.11961191001774792
-1 0.0 0 0 0.020576453360869197
-1 0.0 0 0 0.00668444953703709
70 -0.03903095796704292 22 23 -0.033207155334337594
-1 0.0 0 0 -0.008807334342887543
107 0.05179981514811516 24 27 -0.011936463950929553
2 0.3965984284877777 25 26 0.00695981125711842
-1 0.0 0 0 -0.00275063530616115
-1 0.0 0 0 0.005767560093926647
-1 0.0 0 0 -0.008811828926337561
-1 0.0 0 0 -0.00949886422657171
nodes 29
7 0.00800000037997961 1 4 0.0
6 0.8095192909240723 2 3 -0.06570119261748046
-1 0.0 0 0 -0.026710009496089232
-1 0.0 0 0 -0.005089928986407933
24 -0.08841925114393234 5 6 0.00563715643690087
-1 0.0 0 0 -0.004345468555212826
79 -0.009902997873723507 7 24 0.013251745616496299
104 -0.09347014129161835 8 9 0.028991209288844886
-1 0.0 0 0 -0.0036814215816826576
100 0.09773675352334976 10 23 0.03815852319766986
58 0.09781892597675323 11 22 0.02511649623271545
42 -0.023058664053678513 12 21 0.0056762534442916755
2 0.31107234954833984 13 14 0.03218889589130794
-1 0.0 0 0 -0.00278389442401253
5 1.1967012882232666 15 18 0.055838687488575345
15 0.044520292431116104 16 17 0.022046954517823313
-1 0.0 0 0 -0.0012506776771354883
-1 0.0 0 0 0.012229657251424492
43 -0.05598828196525574 19 20 0.12120886757886906
-1 0.0 0 0 0.0188130995488773
-1 0.0 0 0 0.002807910255234927
-1 0.0 0 0 -0.0031365361796901765
-1 0.0 0 0 0.006318771934901481
-1 0.0 0 0 0.007984280782608568
2 0.44425368309020996 25 28 -0.010484197381807052
106 0.03449474647641182 26 27 -0.021545587441274675
-1 0.0 0 0 -0.0048812585562427015
-1 0.0 0 0 0.0004351431843968876
-1 0.0 0 0 0.006378360207352166
nodes 29
43 -0.11934275925159454 1 12 0.0
68 0.0324414037168026 2 11 0.02511580471465483
2 0.2697857916355133 3 4 0.04068356814882585
-1 0.0 0 0 -0.002955449483221157
42 -0.06090825796127319 5 10 0.05538312773942825
49 0.022819021716713905 6 7 0.09807220324236571
-1 0.0 0 0 -0.0032661871248893456
20 0.04461849480867386 8 9 0.11645424840451547
-1 0.0 0 0 0.008164258256482515
-1 0.0 0 0 0.018631316858679216
-1 0.0 0 0 0.002727287890828813
-1 0.0 0 0 -0.0016396649020021328
62 0.07055899128317833 13 28 -0.014176141129067173
40 -0.06066109612584114 14 15 -0.0037308184952743718
-1 0.0 0 0 -0.005278781755730902
99 -0.05639251694083214 16 17 0.007342424169369699
-1 0.0 0 0 -0.0038641483483982143
14 0.16711196303367615 18 27 0.02155673644266472
93 0.05798829346895218 19 26 0.02519936309240104
2 0.3672093152999878 20 21 0.03687912439708919
-1 0.0 0 0 0.0008851043924237032
60 0.18466541171073914 22 25 0.06390430854785159
27 -0.07112295180559158 23 24 0.05488054122680213
-1 0.0 0 0 -0.005552885396986926
-1 0.0 0 0 0.006882742549344696
-1 0.0 0 0 0.023575504323229267
-1 0.0 0 0 -0.0021757083307895465
-1 0.0 0 0 -0.014688633037225951
-1 0.0 0 0 -0.005547256276640501
nodes 29
41 0.0306084007024765 1 18 0.0
2 0.42279863357543945 2 11 -0.027449551617940295
6 1.0818469524383545 3 8 -0.04463541621032398
7 0.6480000019073486 4 7 -0.068204427978164
39 0.10266139358282089 5 6 -0.0642003703280875
-1 0.0 0 0 -0.008955453291988135
-1 0.0 0 0 -4.9034855935483804e-05
-1 0.0 0 0 -0.0503061772350015
1 0.30418661236763 9 10 0.014778369563804631
-1 0.0 0 0 0.002763668499107739
-1 0.0 0 0 -0.029310400381431997
82 0.05875764414668083 12 17 0.016885755470942777
2 0.4981071352958679 13 16 0.05138263795821067
83 0.0067108068615198135 14 15 0.06489546212315979
-1 0.0 0 0 -6.939926624385501e-05
-1 0.0 0 0 0.0119433782049819
-1 0.0 0 0 -0.022312706212711628
-1 0.0 0 0 -0.009283255815416905
21 0.2445645034313202 19 28 0.012096848162398532
9 -0.03428572788834572 20 27 0.005323784779435434
34 0.008687829598784447 21 22 0.02811103229275758
-1 0.0 0 0 -0.005601102523060677
2 0.3049728274345398 23 24 0.03701681134178722
-1 0.0 0 0 -0.0019392428417208665
84 0.12359172850847244 25 26 0.05455156140684174
-1 0.0 0 0 0.0037369863782884976
-1 0.0 0 0 0.012672749766171405
-1 0.0 0 0 -0.0015674667264043475
-1 0.0 0 0 0.008194130473948296
nodes 29
47 -0.022850338369607925 1 10 0.0
93 0.06053602695465088 2 5 -0.0246119325430897
81 0.028517959639430046 3 4 -0.008772012377980235
-1 0.0 0 0 0.0009356849591109867
-1 0.0 0 0 -0.004777802742364317
5 1.2222132682800293 6 9 -0.08679133126065743
58 0.02024153620004654 7 8 -0.13527130144898084
-1 0.0 0 0 -0.022427186487280083
-1 0.0 0 0 -0.00826061547049412
-1 0.0 0 0 -0.00236634168633864
106 0.021962391212582588 11 16 0.013195576918756821
18 0.06766070425510406 12 15 -0.010744409207040827
99 -0.04634563997387886 13 14 0.0005594151499677512
-1 0.0 0 0 -0.004589023984951617
-1 0.0 0 0 0.0017084254683972684
-1 0.0 0 0 -0.007295539542444171
73 0.03393535688519478 17 26 0.030817454857208985
37 -0.06499826163053513 18 25 0.04540064662129694
29 0.15333649516105652 19 24 0.07240961043558056
2 0.2647554874420166 20 21 0.05538629057723454
-1 0.0 0 0 -0.0036691912226814193
85 -0.07738379389047623 22 23 0.0710844952865023
-1 0.0 0 0 -0.005361476891112186
-1 0.0 0 0 0.008664086506344607
-1 0.0 0 0 0.017357786144093307
-1 0.0 0 0 0.0014635680318166619
2 0.44231709837913513 27 28 -0.019030358631207587
-1 0.0 0 0 -0.004157067466050912
-1 0.0 0 0 0.012013656299010972
nodes 29
87 0.11477776616811752 1 26 0.0
9 0.09433812648057938 2 23 0.006617747561362251
18 0.06766070425510406 3 22 0.01234304350005582
49 0.0696142390370369 4 5 0.0205331902767567
-1 0.0 0 0 -0.001563815405324469
2 0.3404717445373535 6 7 0.03318414316293382
-1 0.0 0 0 0.00047059869642488697
5 1.2520055770874023 8 17 0.053081532433367835
104 -0.08697249740362167 9 12 0.03751170850782459
93 -0.01942543312907219 10 11 -0.0491943477729448
-1 0.0 0 0 0.0039027757630377864
-1 0.0 0 0 -0.015271091043740899
34 -0.14054812490940094 13 14 0.049135923231347974
-1 0.0 0 0 -0.03659678380176795
83 0.008394657634198666 15 16 0.05183974502356458
-1 0.0 0 0 0.0021744263931655406
-1 0.0 0 0 0.008258446557496489
4 0.9904931783676147 18 21 0.1259441800425057
6 0.8602556586265564 19 20 0.1028568283731172
-1 0.0 0 0 -0.009318849795364945
-1 0.0 0 0 0.012384688913973041
-1 0.0 0 0 0.03186111944162522
-1 0.0 0 0 -0.0036651762678748417
6 0.9544470310211182 24 25 -0.05391079610455462
-1 0.0 0 0 -0.021559521997330744
-1 0.0 0 0 -0.003392759688454151
5 1.4709033966064453 27 28 -0.04782242596897041
-1 0.0 0 0 -0.006756044653059175
-1 0.0 0 0 0.005198882001005049
nodes 29
72 -0.04765354096889496 1 6 0.0
81 0.10401330143213272 2 5 -0.03351825962162488
40 -0.0406675711274147 3 4 -0.02155979397575578
-1 0.0 0 0 -0.008446713908883189
-1 0.0 0 0 -7.294885728202951e-05
-1 0.0 0 0 -0.01182722594859735
49 0.2150391787290573 7 26 0.009217724392735592
89 0.01754838228225708 8 21 0.0004504898761787966
41 0.07339809834957123 9 20 0.011340152964307739
2 0.38007909059524536 10 15 -0.01448079790305115
1 0.3001307547092438 11 12 -0.04407950684732159
-1 0.0 0 0 -0.001924637013642259
37 -0.08396761119365692 13 14 -0.12516411722436027
-1 0.0 0 0 -0.002931407923785514
-1 0.0 0 0 -0.02025210205173783
52 0.07066600769758224 16 19 0.016225696040321667
79 -0.06656354665756226 17 18 0.03714452618925614
-1 0.0 0 0 0.009996975001885693
-1 0.0 0 0 0.0003633800026148291
-1 0.0 0 0 -0.00859141735835321
-1 0.0 0 0 0.003374774288162573
5 1.324377179145813 22 23 -0.041865805636095446
-1 0.0 0 0 -0.0068410366202598496
2 0.4076039791107178 24 25 0.013961400857562775
-1 0.0 0 0 -0.0005447164869125107
-1 0.0 0 0 0.028946667959490885
42 -0.09261606633663177 27 28 0.0515255081015421
-1 0.0 0 0 0.011538704753958625
-1 0.0 0 0 0.002600479309999914
nodes 29
7 0.00800000037997961 1 6 0.0
104 0.07565020769834518 2 5 -0.05957170100460714
6 0.9196611046791077 3 4 -0.09054726424903427
-1 0.0 0 0 -0.017648205388293575
-1 0.0 0 0 -0.005151381198907801
-1 0.0 0 0 0.002152640825896168
7 0.8500000238418579 7 28 0.0051112466038646465
58 0.19926384091377258 8 27 0.006288438715287812
47 -0.0578547939658165 9 10 0.0020972121644363376
-1 0.0 0 0 -0.0030829274707117466
104 -0.132681205868721 11 12 0.011366241076421741
-1 0.0 0 0 -0.006817598802870032
21 0.14327190816402435 13 16 0.016203192693452398
103 -0.0026032724417746067 14 15 -0.001865036625070929
-1 0.0 0 0 0.0025859529451084115
-1 0.0 0 0 -0.0026503910411243645
29 0.19679152965545654 17 26 0.03947330418046992
2 0.3404717445373535 18 21 0.03103477008948891
94 -0.1783384084701538 19 20 -0.0037990448298856425
-1 0.0 0 0 0.010534067082992819
-1 0.0 0 0 -0.0019900521399450768
23 0.07202426344156265 22 25 0.05739230157383215
96 0.11524312198162079 23 24 0.07516116022121232
-1 0.0 0 0 0.008470377990736121
-1 0.0 0 0 -0.010680396960645766
-1 0.0 0 0 -0.0019741283735683008
-1 0.0 0 0 0.014950142114217855
-1 0.0 0 0 0.007884795015673069
-1 0.0 0 0 -0.02851552147197948
nodes 29
14 0.08050141483545303 1 28 0.0
34 0.19945162534713745 2 19 0.006043992908921994
6 0.8324276208877563 3 4 -0.005093591988235014
-1 0.0 0 0 -0.015274343042035657
5 1.347695231437683 5 12 -0.0026134477840966787
43 -0.02486542984843254 6 11 -0.013331563172519316
85 -0.02452579140663147 7 8 0.001499207354257715
-1 0.0 0 0 -0.0042368148341165555
93 -0.058220863342285156 9 10 0.015181761448731656
-1 0.0 0 0 0.0051739229737887095
-1 0.0 0 0 -0.000616053824712468
-1 0.0 0 0 -0.005524891427297011
2 0.39491647481918335 13 16 0.031144323335022768
7 0.8500000238418579 14 15 0.011361303176357227
-1 0.0 0 0 0.0016734087901411569
-1 0.0 0 0 -0.028718056281662137
49 0.18451125919818878 17 18 0.2403743955418441
-1 0.0 0 0 0.01871852983675879
-1 0.0 0 0 0.051306216133662236
21 -0.07495424896478653 20 21 0.034569761339415216
-1 0.0 0 0 -0.013435587052490561
2 0.2713218033313751 22 23 0.04073272221206296
-1 0.0 0 0 -0.0030708115478571335
41 0.06560008227825165 24 25 0.05562132356470094
-1 0.0 0 0 0.0018939271563623934
68 -0.02345605194568634 26 27 0.08410443680827304
-1 0.0 0 0 0.013011843295776133
-1 0.0 0 0 0.004162693589241976
-1 0.0 0 0 -0.004710402732096662
nodes 29
24 -0.04504632204771042 1 8 0.0
6 0.9441081285476685 2 3 -0.028016494925799176
-1 0.0 0 0 -0.012703528027508546
37 -0.0829714983701706 4 5 -0.01787802395260252
-1 0.0 0 0 0.0017893368658852171
5 1.2625045776367188 6 7 -0.041651227379740155
-1 0.0 0 0 -0.007125116668955817
-1 0.0 0 0 0.000402960214653687
58 -0.021127143874764442 9 14 0.009783867836843109
29 0.08722423762083054 10 13 -0.02793876557448759
2 0.43935316801071167 11 12 -0.04811422078995932
-1 0.0 0 0 -0.0066980138527583406
-1 0.0 0 0 0.004036985615536902
-1 0.0 0 0 0.0026483819851563376
35 0.02486138977110386 15 20 0.019846030538101668
73 0.06573416292667389 16 19 -0.0005061093952856341
106 0.021962391212582588 17 18 0.010262711433086978
-1 0.0 0 0 -0.00245538808963777
-1 0.0 0 0 0.003288730933066997
-1 0.0 0 0 -0.006235959973705868
2 0.34705013036727905 21 22 0.041226690334948156
-1 0.0 0 0 0.0008744115937458093
89 -0.05159445479512215 23 26 0.06422464855196675
26 0.03293205425143242 24 25 0.09447291402393611
-1 0.0 0 0 0.004981968202737888
-1 0.0 0 0 0.0148619272877424
18 0.007050749845802784 27 28 0.022024523633295223
-1 0.0 0 0 0.005655468661056887
-1 0.0 0 0 -0.005636040329401793
nodes 29
99 -0.045301128178834915 1 4 0.0
6 0.9562504291534424 2 3 -0.026370436077025293
-1 0.0 0 0 -0.009981418588807453
-1 0.0 0 0 -0.0016123676296413568
85 0.08052170276641846 5 16 0.009978012585974794
40 -0.05767372250556946 6 7 -0.0036223407496013904
-1 0.0 0 0 -0.005378441766410918
73 0.040486015379428864 8 15 0.0069671989424650435
21 0.2511688768863678 9 12 0.02082250419566796
42 0.1225682869553566 10 11 0.013209660255630055
-1 0.0 0 0 0.0017724431483011997
-1 0.0 0 0 -0.010454819976160344
1 0.20746755599975586 13 14 0.09557717822861522
-1 0.0 0 0 -0.0045372409862915065
-1 0.0 0 0 0.014497302486609746
-1 0.0 0 0 -0.004662504247157538
2 0.31678783893585205 17 18 0.03907681253682394
-1 0.0 0 0 -0.0003081010197373431
74 0.05454428866505623 19 22 0.05673986593046402
9 -0.05592738091945648 20 21 0.023381752945510117
-1 0.0 0 0 0.0075269726537271296
-1 0.0 0 0 -0.001331073436797519
5 1.2769173383712769 23 26 0.09923163705050514
70 0.05813080817461014 24 25 0.06936249574590536
-1 0.0 0 0 0.0016925131334878539
-1 0.0 0 0 0.014518617526416193
40 0.06558766961097717 27 28 0.22864975562940765
-1 0.0 0 0 0.013580701463059248
-1 0.0 0 0 0.03706239659703453
nodes 29
43 -0.11934275925159454 1 12 0.0
89 0.05317464843392372 2 11 0.021159987694324096
2 0.25544869899749756 3 4 0.02842344542605496
-1 0.0 0 0 -0.0034361579517783202
70 -0.037964750081300735 5 6 0.03793230265422891
-1 0.0 0 0 -0.0010026628387663277
79 0.10163474082946777 7 10 0.05268685551592046
42 -0.06742081791162491 8 9 0.061250457036890665
-1 0.0 0 0 0.010021964714719153
-1 0.0 0 0 0.0037952040861779224
-1 0.0 0 0 -0.0054462207253004
-1 0.0 0 0 -0.004808992435587727
52 0.01956191100180149 13 22 -0.011943355048334069
34 0.07645240426063538 14 15 0.0024965864034824092
-1 0.0 0 0 -0.003922513088699042
2 0.36489763855934143 16 17 0.017494616806833677
-1 0.0 0 0 -0.001097881809986373
85 -0.051151957362890244 18 21 0.042288869881548716
35 -0.041369564831256866 19 20 -0.034186046154729303
-1 0.0 0 0 -0.016793325899011263
-1 0.0 0 0 0.0007577375436570551
-1 0.0 0 0 0.00602557610647636
7 0.004000000189989805 23 24 -0.03692493480355445
-1 0.0 0 0 -0.016590250068197466
2 0.48786455392837524 25 26 -0.030268962506482602
-1 0.0 0 0 -0.00264839873978803
104 -0.024470465257763863 27 28 -0.23354165519402345
-1 0.0 0 0 -0.055048203649533584
-1 0.0 0 0 -0.008647219768370228
nodes 29
96 -0.08678823709487915 1 12 0.0
89 -0.042990945279598236 2 9 0.017065886080537475
57 -0.10061059147119522 3 4 0.03468677917176633
-1 0.0 0 0 -0.004404962807270302
79 -0.0211593359708786 5 8 0.04425628097532491
2 0.28036996722221375 6 7 0.06785367350993529
-1 0.0 0 0 -8.146987089387217e-05
-1 0.0 0 0 0.008728114842643128
-1 0.0 0 0 0.0012480730739188922
100 0.15902020037174225 10 11 -0.01100963574622377
-1 0.0 0 0 -0.0019996448544049366
-1 0.0 0 0 0.009405809453162623
84 0.041007865220308304 13 26 -0.014699374174860032
5 1.2520055770874023 14 25 -0.03390232822965304
52 0.005295617505908012 15 18 -0.05545181297670819
37 0.0681830570101738 16 17 -0.021348183399497886
-1 0.0 0 0 -0.0008146557852258594
-1 0.0 0 0 -0.014096367022988688
99 -0.027975769713521004 19 20 -0.10159278484828374
-1 0.0 0 0 -0.016688271370032735
72 0.029029177501797676 21 24 -0.06205269080956147
15 0.034242235124111176 22 23 -0.11803173362844326
-1 0.0 0 0 -0.016899224650995127
-1 0.0 0 0 9.85722262562523e-05
-1 0.0 0 0 8.355428657142559e-05
-1 0.0 0 0 0.0003599504422924593
18 -0.07634972780942917 27 28 0.007935487845360318
-1 0.0 0 0 0.004431477097442084
-1 0.0 0 0 -0.0011173367992580055
nodes 29
24 0.05097290128469467 1 22 0.0
96 -0.1503673493862152 2 3 -0.011423670817153408
-1 0.0 0 0 0.002579114664720349
89 -0.1546171009540558 4 5 -0.022459038273722982
-1 0.0 0 0 0.002438860257991529
6 1.0830591917037964 6 15 -0.03205407931377965
7 0.5320000052452087 7 14 -0.04396786517837695
34 0.008687829598784447 8 9 -0.03960648486000179
-1 0.0 0 0 -0.013678625704903635
18 0.0017138175899162889 10 13 -0.031076692721450864
21 0.0017747421516105533 11 12 -0.010838687210646585
-1 0.0 0 0 -0.009439252237904244
-1 0.0 0 0 0.00023408311584487935
-1 0.0 0 0 -0.007041511866448293
-1 0.0 0 0 -0.02508925779552569
1 0.30516353249549866 16 17 0.011080071449533158
-1 0.0 0 0 0.00244406073779586
7 0.24799999594688416 18 21 -0.34185053818269606
68 -0.034617744386196136 19 20 -0.030282230116426945
-1 0.0 0 0 0.041969251358772025
-1 0.0 0 0 -0.03322389660231573
-1 0.0 0 0 -0.0539696413804777
2 0.45177873969078064 23 28 0.020943504406068805
73 -0.06064920499920845 24 27 0.012547612333497814
39 -0.042994070798158646 25 26 0.044309552238469
-1 0.0 0 0 -0.004946406868080432
-1 0.0 0 0 0.005913774367760215
-1 0.0 0 0 -0.000826924523459135
-1 0.0 0 0 0.00960193348149966
nodes 29
72 -0.04765354096889496 1 6 0.0
35 0.028515852987766266 2 3 -0.02945036291564871
-1 0.0 0 0 -0.005582552235195623
107 0.06122652068734169 4 5 0.002955818202054599
-1 0.0 0 0 0.0022107054015457076
-1 0.0 0 0 -0.009209236693470261
57 0.022556448355317116 7 22 0.008099028152221303
79 -0.03365921229124069 8 11 -0.00788501665634875
100 0.13418695330619812 9 10 0.015095982830222152
-1 0.0 0 0 0.0003261278851782793
-1 0.0 0 0 0.009445659428651582
21 0.13776791095733643 12 21 -0.03048157563106252
6 1.079498291015625 13 18 -0.05422527776730443
2 0.43841150403022766 14 15 -0.07776527943414702
-1 0.0 0 0 -0.010106524003795336
53 -0.02911759354174137 16 17 0.007610041884217335
-1 0.0 0 0 -0.01010416370789855
-1 0.0 0 0 0.014642079294750919
1 0.30418661236763 19 20 0.016548161206351972
-1 0.0 0 0 0.003574359747363088
-1 0.0 0 0 -0.04048445656690307
-1 0.0 0 0 -0.00023032708602903118
56 -0.12573860585689545 23 24 0.027180984808811884
-1 0.0 0 0 -0.005373553359069736
70 0.062195803970098495 25 28 0.03450404819617596
6 0.8324276208877563 26 27 0.019017922522528454
-1 0.0 0 0 -0.02294153165322372
-1 0.0 0 0 0.002283854308294625
-1 0.0 0 0 0.006491352404891244
nodes 29
87 0.12034694105386734 1 20 0.0
49 0.20368927717208862 2 15 0.005378749156579689
74 -0.05464904010295868 3 4 -0.0029802387762671266
-1 0.0 0 0 -0.0044053981830720935
6 0.9025515913963318 5 8 0.004676896270305086
89 -0.0015026897890493274 6 7 -0.07924052552338218
-1 0.0 0 0 -0.003713674781446042
-1 0.0 0 0 -0.021295267038923416
89 -0.11865285038948059 9 12 0.008881318980287432
58 0.19926384091377258 10 11 0.03834225726606972
-1 0.0 0 0 0.0030312270196952242
-1 0.0 0 0 0.015903105101322236
105 -0.17915983498096466 13 14 -0.0029405162898263133
-1 0.0 0 0 -0.01349553682991108
-1 0.0 0 0 2.252350438313832e-05
0 0.453169584274292 16 19 0.036765360293384806
42 -0.10451365262269974 17 18 0.021822611858904536
-1 0.0 0 0 0.008652967644677595
-1 0.0 0 0 4.642253054860455e-05
-1 0.0 0 0 0.009662425255150871
6 1.0686558485031128 21 28 -0.04360803780464034
93 -0.059121884405612946 22 27 -0.06904990640224987
62 0.047598883509635925 23 26 -0.005849072396357861
58 -0.061095885932445526 24 25 0.0388811240086535
-1 0.0 0 0 -0.02234289800234665
-1 0.0 0 0 0.006865994624804137
-1 0.0 0 0 -0.013163357531854346
-1 0.0 0 0 -0.010202683424723184
-1 0.0 0 0 0.00281159082766206
nodes 29
81 0.12808920443058014 1 28 0.0
68 0.030242236331105232 2 23 0.004026399495425634
42 -0.06280595809221268 3 16 0.014387980731884142
33 -0.06498277932405472 4 15 0.038686658414576504
1 0.3641992509365082 5 12 0.07210166186790369
2 0.3017192482948303 6 7 0.0962019204607646
-1 0.0 0 0 0.002272350786623453
41 0.05171439051628113 8 9 0.14082696024842525
-1 0.0 0 0 0.00569105689357479
40 -0.10589540004730225 10 11 0.18607013919458407
-1 0.0 0 0 -0.015706051456840845
-1 0.0 0 0 0.020530608877916773
61 -0.22882257401943207 13 14 -0.013050543630463846
-1 0.0 0 0 -0.08001925655608548
-1 0.0 0 0 -0.0003261899275411815
-1 0.0 0 0 0.0016068344351778574
2 0.44425368309020996 17 20 -0.0020004769985507765
105 -0.1022098958492279 18 19 -0.01321432263759473
-1 0.0 0 0 -0.007447497199162566
-1 0.0 0 0 -0.00041911485163313776
18 0.11220478266477585 21 22 0.07099769524353897
-1 0.0 0 0 0.008729908312230212
-1 0.0 0 0 -0.01769045253771562
99 0.010861317627131939 24 27 -0.020771178110681788
6 1.080673635005951 25 26 -0.04649721618946216
-1 0.0 0 0 -0.006575395083302631
-1 0.0 0 0 0.00173923369448191
-1 0.0 0 0 0.0006141361761511059
-1 0.0 0 0 -0.005637563156856258
nodes 29
14 0.134970024228096 1 28 0.0
19 -0.047336287796497345 2 3 0.0030195799964519068
-1 0.0 0 0 0.0024022461530174323
2 0.39995792508125305 4 19 -0.008705422197460629
6 1.0535355806350708 5 18 -0.023023357473537488
49 0.05478651821613312 6 9 -0.04415989664042964
7 0.550000011920929 7 8 -0.1330316148323526
-1 0.0 0 0 -0.0124367278004801
-1 0.0 0 0 -0.08337862714216476
29 0.1440260261297226 10 15 -0.028988660537186035
34 0.16899779438972473 11 12 -0.04285091120332128
-1 0.0 0 0 -0.008456572092706045
27 0.015934733673930168 13 14 -0.0019325314811671768
-1 0.0 0 0 -0.007247588896211664
-1 0.0 0 0 0.003381915804664562
94 -0.07385839521884918 16 17 0.07374496533626368
-1 0.0 0 0 0.015805751679600796
-1 0.0 0 0 -0.0027034262840501077
-1 0.0 0 0 0.0003738200283718799
104 -0.0381888784468174 20 23 0.020139760565495754
70 -0.10061962157487869 21 22 -0.045817031641284846
-1 0.0 0 0 -0.026271098160464346
-1 0.0 0 0 -0.002579463863175185
28 -0.07846025377511978 24 25 0.04238842612027417
-1 0.0 0 0 0.011070843341019272
26 0.03559892997145653 26 27 0.022947120501406036
-1 0.0 0 0 -0.0012817809193874914
-1 0.0 0 0 0.006952936793859753
-1 0.0 0 0 -0.007399087609446558
nodes 29
37 -0.08396761119365692 1 16 0.0
20 0.09494878351688385 2 13 0.017381737835639892
93 -0.0211802888661623 3 8 0.006575936450450738
2 0.31009483337402344 4 5 0.030314603905631468
-1 0.0 0 0 -0.0026032954751929196
30 -0.07517477869987488 6 7 0.05106881038829149
-1 0.0 0 0 -0.003811012647950097
-1 0.0 0 0 0.0070717234027122405
13 0.05321603640913963 9 12 -0.017808488468165084
21 0.2511688768863678 10 11 -0.0375636525857571
-1 0.0 0 0 -0.0049011458869164335
-1 0.0 0 0 0.008892904965837658
-1 0.0 0 0 0.0038529136040896155
100 0.04491715133190155 14 15 0.06340288618399154
-1 0.0 0 0 0.0016347973543862353
-1 0.0 0 0 0.011391843818928616
70 -0.03903095796704292 17 24 -0.012566638009711842
1 0.289544939994812 18 19 -0.04936035314809942
-1 0.0 0 0 -0.001244828186188881
52 0.02052268758416176 20 21 -0.08561775024352695
-1 0.0 0 0 -0.0046263522789817026
104 -0.02654050476849079 22 23 -0.15848673443542793
-1 0.0 0 0 -0.027380737473793822
-1 0.0 0 0 -0.010219851930160721
89 -0.14667601138353348 25 26 0.0004883929224642409
-1 0.0 0 0 0.0045604666334551945
72 0.019257597625255585 27 28 -0.011324230180924495
-1 0.0 0 0 -0.003649626287435723
-1 0.0 0 0 0.001227060028143148
nodes 29
15 0.053256385028362274 1 24 0.0
5 1.244441032409668 2 15 -0.008408372244809455
93 -0.008407850749790668 3 10 -0.023176610597511964
27 -0.027797937393188477 4 5 0.0008677482446660473
-1 0.0 0 0 -0.006069245173452088
18 0.023500429466366768 6 9 0.017248867336092915
84 -0.08421411365270615 7 8 0.038911437378231294
-1 0.0 0 0 -0.007850477713080586
-1 0.0 0 0 0.005055173478726066
-1 0.0 0 0 -0.004716542181861856
47 -0.017509562894701958 11 12 -0.05400999138622566
-1 0.0 0 0 -0.009677273152925764
99 0.03863272815942764 13 14 -0.027496702978127497
-1 0.0 0 0 -0.005595864095515913
-1 0.0 0 0 0.002114552744077232
2 0.32496899366378784 16 17 0.0186505290213233
-1 0.0 0 0 -0.0009070341691477765
6 0.870360791683197 18 19 0.05055902540131423
-1 0.0 0 0 -0.010603895217376053
42 -0.06280595809221268 20 23 0.063777175302799
41 0.20568352937698364 21 22 0.1242411431556269
-1 0.0 0 0 0.01029763142704776
-1 0.0 0 0 0.0391450506120332
-1 0.0 0 0 0.0029492368012126345
2 0.43559539318084717 25 28 0.025626730689761273
34 0.13628919422626495 26 27 0.011290432860538052
-1 0.0 0 0 -0.0025177634183021678
-1 0.0 0 0 0.004192629682831522
-1 0.0 0 0 0.008615372558320974
nodes 29
7 0.8500000238418579 1 28 0.0
96 0.10024803876876831 2 27 0.0008827140096754493
49 0.25855308771133423 3 26 0.004245906359761131
21 0.2661623954772949 4 23 -0.00011295944486412674
58 0.19926384091377258 5 22 -0.003957336409820148
62 0.05194362998008728 6 21 -0.00793455080740977
14 0.134970024228096 7 20 0.0018592436296046848
85 -0.04983307421207428 8 9 0.005611781955329209
-1 0.0 0 0 -0.003294196053144814
107 0.0530230775475502 10 19 0.014032097994887844
2 0.334744930267334 11 12 0.024361147674486206
-1 0.0 0 0 -0.00039585493135186456
27 -0.032732363790273666 13 16 0.039617296495151944
67 0.061546240001916885 14 15 -0.021830303199960727
-1 0.0 0 0 0.001092576980455741
-1 0.0 0 0 -0.013619471869948295
34 0.14466936886310577 17 18 0.05481902495053052
-1 0.0 0 0 0.0023492479474013887
-1 0.0 0 0 0.008743863647702915
-1 0.0 0 0 -0.003062257307280053
-1 0.0 0 0 -0.008647321471187977
-1 0.0 0 0 -0.0034702314717943838
-1 0.0 0 0 0.006211346952683936
75 -0.08679451793432236 24 25 0.06455984961976896
-1 0.0 0 0 -0.016520639979501706
-1 0.0 0 0 0.008506285345212057
-1 0.0 0 0 0.005798272166978462
-1 0.0 0 0 -0.00617383645056064
-1 0.0 0 0 -0.023640597918226074
nodes 29
81 0.03913696110248566 1 20 0.0
73 0.15735465288162231 2 19 0.00901951710212793
84 -0.0019706867169588804 3 8 0.011749082159516313
2 0.4981071352958679 4 7 -0.01014347226291877
29 0.1737501323223114 5 6 -0.007534095026359079
-1 0.0 0 0 -0.0016175396475872458
-1 0.0 0 0 0.007720991810374282
-1 0.0 0 0 -0.03225034905951291
2 0.44425368309020996 9 14 0.024147439227255412
20 -0.10120610147714615 10 11 0.015967345429598455
-1 0.0 0 0 -0.004552835136103849
57 0.013583389110863209 12 13 0.0241381395776488
-1 0.0 0 0 9.363041504541999e-05
-1 0.0 0 0 0.004646361596809507
49 -0.16991260647773743 15 16 0.08738288271426288
-1 0.0 0 0 -0.08657920867204666
28 -0.05279076099395752 17 18 0.09115186242733021
-1 0.0 0 0 0.017387015449820586
-1 0.0 0 0 0.00499030074479869
-1 0.0 0 0 -0.008903583601998754
32 -0.06881171464920044 21 22 -0.022487512010494246
-1 0.0 0 0 0.0017080926335648072
72 -0.08105617016553879 23 26 -0.03850206029446215
5 1.4006317853927612 24 25 -0.11777160040494415
-1 0.0 0 0 -0.015760670472640674
-1 0.0 0 0 0.0024542009930105576
15 -0.0666566789150238 27 28 -0.02552434378596786
-1 0.0 0 0 -0.007945048589774493
-1 0.0 0 0 -0.000528457050770017
nodes 29
7 0.00800000037997961 1 6 0.0
22 0.05230815336108208 2 5 -0.04851224357797532
34 -0.028014304116368294 3 4 -0.020556759825790947
-1 0.0 0 0 -0.02467456833122845
-1 0.0 0 0 -0.0009008823665548213
-1 0.0 0 0 -0.012006317091126885
24 -0.08841925114393234 7 8 0.004162346224646125
-1 0.0 0 0 -0.003388275974395197
34 0.19945162534713745 9 20 0.010063486628173645
20 0.09494878351688385 10 17 0.0007541649841490652
105 0.00805180985480547 11 12 -0.007585530501715689
-1 0.0 0 0 -0.002619764702556211
93 0.11175044625997543 13 16 0.01377136357465984
2 0.42637157440185547 14 15 0.02212950120540803
-1 0.0 0 0 0.0005446247986983208
-1 0.0 0 0 0.0077604679517861395
-1 0.0 0 0 -0.007073349331626013
37 -0.1258210390806198 18 19 0.03732862735828312
-1 0.0 0 0 0.009407121295587597
-1 0.0 0 0 0.0012393383626726087
2 0.3285961151123047 21 22 0.03420956586757662
-1 0.0 0 0 6.995184146135271e-05
5 1.1711188554763794 23 26 0.05659830885006008
57 -0.05509306490421295 24 25 0.023063726417432127
-1 0.0 0 0 -0.006668860380980993
-1 0.0 0 0 0.004624317029545888
25 0.056427713483572006 27 28 0.11230141076196029
-1 0.0 0 0 0.006527427543233168
-1 0.0 0 0 0.02049306167142591
nodes 29
9 -0.04781492426991463 1 14 0.0
41 0.0306084007024765 2 5 0.01666484315245992
1 0.41646963357925415 3 4 -0.015549253324738641
-1 0.0 0 0 -0.0028713558812992605
-1 0.0 0 0 0.007800530328780142
2 0.3049728274345398 6 7 0.03069864087179622
-1 0.0 0 0 -0.0015089603458747997
99 -0.10052163898944855 8 9 0.04517670930960092
-1 0.0 0 0 -0.004351051524033904
18 0.11576279252767563 10 13 0.05552152642628343
95 0.0034857469145208597 11 12 0.06241901417675428
-1 0.0 0 0 0.0022114511687466015
-1 0.0 0 0 0.008541736155127528
-1 0.0 0 0 -0.008046995130382022
5 1.2396756410598755 15 24 -0.011855707820535955
103 0.05991770327091217 16 23 -0.0258742951982968
49 0.12825895845890045 17 22 -0.009736680670497273
56 -0.16609738767147064 18 19 -0.03899171388960691
-1 0.0 0 0 -0.022640372411222888
85 0.159754678606987 20 21 -0.031749385558255926
-1 0.0 0 0 -0.004342054186702002
-1 0.0 0 0 0.008563173941455636
-1 0.0 0 0 0.0014095508391951477
-1 0.0 0 0 -0.006491856668071093
2 0.4076039791107178 25 26 0.011567770856004245
-1 0.0 0 0 0.0002541777024735219
94 -0.19882088899612427 27 28 0.1195907794234741
-1 0.0 0 0 -0.06725221654555451
-1 0.0 0 0 0.013393199146111477
nodes 29
68 0.06783903390169144 1 22 0.0
73 0.057782284915447235 2 15 0.006331821630758855
95 -0.015526500530540943 3 6 0.013753732409452678
20 -0.0961882621049881 4 5 -0.014944123057017774
-1 0.0 0 0 -0.008540895769571857
-1 0.0 0 0 -0.00023028670166453966
96 -0.15276621282100677 7 8 0.02550624898919154
-1 0.0 0 0 0.00640040541926725
79 0.04954219609498978 9 14 0.014258647532352961
104 -0.08369806408882141 10 11 0.024539119912982892
-1 0.0 0 0 -0.003366234438537669
81 0.14788803458213806 12 13 0.034889830538742596
-1 0.0 0 0 0.004027464406168257
-1 0.0 0 0 -0.008243849597061436
-1 0.0 0 0 -0.0032337142634940776
35 0.005975023843348026 16 19 -0.03067464271127358
38 0.16142356395721436 17 18 -0.07480555469926384
-1 0.0 0 0 -0.006440602874391817
-1 0.0 0 0 -0.033515076885175875
2 0.41666287183761597 20 21 0.0038358783818228355
-1 0.0 0 0 -0.002565219600200499
-1 0.0 0 0 0.008204036190541142
104 0.10166914016008377 23 28 -0.030365881257655016
6 1.0706408023834229 24 27 -0.04527938244621513
7 0.5979999899864197 25 26 -0.06454471761322103
-1 0.0 0 0 -0.006099239399315862
-1 0.0 0 0 -0.05014382333139933
-1 0.0 0 0 0.0007356626411173794
-1 0.0 0 0 0.003972806701114073
nodes 29
43 -0.09138130396604538 1 4 0.0
20 0.06935607641935349 2 3 0.01439511244742284
-1 0.0 0 0 0.0003206025035383522
-1 0.0 0 0 0.004917428363180583
6 1.080673635005951 5 24 -0.01299858190050635
14 0.08050141483545303 6 23 -0.02309589615203021
2 0.3679611086845398 7 12 -0.01421812724598042
33 -0.026955490931868553 8 11 -0.04721906279937715
106 -0.05266135185956955 9 10 -0.012159939715541851
-1 0.0 0 0 -0.014098797367558239
-1 0.0 0 0 0.0008611647235133639
-1 0.0 0 0 -0.009812528548625436
18 -0.09550509601831436 13 14 0.005679900919846052
-1 0.0 0 0 0.005622041133333356
43 0.06479663401842117 15 22 -0.015579553291921264
35 -0.02819538116455078 16 19 -0.0017434558182900786
87 -0.07348741590976715 17 18 -0.06371809005868198
-1 0.0 0 0 0.009276968535100122
-1 0.0 0 0 -0.009989089769951899
96 0.13452380895614624 20 21 0.022676622304663423
-1 0.0 0 0 0.003024805179573425
-1 0.0 0 0 -0.023512391026148147
-1 0.0 0 0 -0.010772094847141159
-1 0.0 0 0 -0.00893106175306494
1 0.30226463079452515 25 28 0.024334493282431865
2 0.3881100118160248 26 27 0.03397698074935998
-1 0.0 0 0 0.0029370624233743263
-1 0.0 0 0 0.04483128437438073
-1 0.0 0 0 -0.016358805092193094
nodes 29
24 0.05097290128469467 1 20 0.0
40 0.039501260966062546 2 11 -0.010086727326410432
72 -0.05153849720954895 3 6 -0.026241119770029374
6 1.0928704738616943 4 5 -0.0709553415376624
-1 0.0 0 0 -0.009247699920986747
-1 0.0 0 0 0.0014831981329226493
15 0.05793403834104538 7 10 -0.013520898516779577
26 -0.08244522660970688 8 9 -0.026336560101203055
-1 0.0 0 0 -0.008899474042514672
-1 0.0 0 0 -0.0016438016354073687
-1 0.0 0 0 0.002638834266474623
2 0.5074802041053772 12 17 0.007795092579187754
9 -0.04781492426991463 13 14 0.008931553682538186
-1 0.0 0 0 0.0035371780956204137
106 0.10446348041296005 15 16 -0.00916249538221649
-1 0.0 0 0 -0.0024485173045203507
-1 0.0 0 0 0.0037528530632463053
50 -0.023420458659529686 18 19 -0.4115727468595717
-1 0.0 0 0 -0.09853997059442379
-1 0.0 0 0 -0.013490617730089331
56 0.027911853045225143 21 24 0.018492428864085444
104 0.011413599364459515 22 23 2.6780295423419303e-05
-1 0.0 0 0 -0.0024631277099789895
-1 0.0 0 0 0.0023191350030286827
17 -0.1179722398519516 25 28 0.047556433196703864
66 -0.1984599083662033 26 27 0.13974216260607708
-1 0.0 0 0 -0.05033339589135721
-1 0.0 0 0 0.015255563451680483
-1 0.0 0 0 0.003505020288590767
nodes 29
9 0.09433812648057938 1 26 0.0
87 0.10459917038679123 2 23 0.004147690886030522
43 0.06479663401842117 3 22 0.01020736335155659
0 0.20887574553489685 4 5 0.014351079481817552
-1 0.0 0 0 -0.007465752210937271
41 0.0014913883060216904 6 7 0.01742768662546093
-1 0.0 0 0 -0.0016207198224485412
21 0.24075637757778168 8 21 0.026229254495633406
73 -0.05401292443275452 9 12 0.019838428004647517
34 0.13241159915924072 10 11 0.04351455422036914
-1 0.0 0 0 0.0010322209084345057
-1 0.0 0 0 0.006824848020032705
2 0.41756290197372437 13 16 0.002898736830041495
53 -0.11200255900621414 14 15 -0.011472697674005012
-1 0.0 0 0 0.002938893371356662
-1 0.0 0 0 -0.0035107589597978294
28 -0.050277650356292725 17 18 0.049978294403626035
-1 0.0 0 0 0.01363849515633788
34 -0.11979801952838898 19 20 0.012579203885407694
-1 0.0 0 0 -0.05122638808168245
-1 0.0 0 0 0.0019894862510613045
-1 0.0 0 0 0.008471215509568003
-1 0.0 0 0 -0.004998031939058976
5 1.2396756410598755 24 25 -0.03147991659065944
-1 0.0 0 0 -0.006209628999329518
-1 0.0 0 0 0.0019888926041746724
6 0.9544470310211182 27 28 -0.04393033239221725
-1 0.0 0 0 -0.016664337719583734
-1 0.0 0 0 -0.002887067580062254
nodes 29
19 -0.047336287796497345 1 2 0.0
-1 0.0 0 0 0.0017685898196873552
0 0.44682857394218445 3 22 -0.009813826840478414
6 1.0535355806350708 4 21 -0.02329063797108461
4 0.9295884966850281 5 12 -0.04543765141403353
27 -0.07915697246789932 6 7 -0.07988413971296415
-1 0.0 0 0 -0.02290525737019711
34 0.02404744178056717 8 9 -0.06879756010221022
-1 0.0 0 0 -0.022414947913041487
103 0.07645789533853531 10 11 -0.05751639738399386
-1 0.0 0 0 -0.0038027918150646683
-1 0.0 0 0 -0.012794888744638397
52 0.09155377745628357 13 20 -0.01020536599505265
7 0.6600000262260437 14 19 0.006075003105216053
3 0.7085459232330322 15 16 0.008942802150102994
-1 0.0 0 0 0.018086894946491537
8 32.5 17 18 7.506793872906696e-05
-1 0.0 0 0 -0.01575071862483144
-1 0.0 0 0 0.0009404304009212529
-1 0.0 0 0 -0.06482713151366469
-1 0.0 0 0 -0.014677534697557774
-1 0.0 0 0 0.0009796907844765743
104 0.01051025278866291 23 26 0.013426050762401638
81 -0.0004464826488401741 24 25 -0.024205298206506177
-1 0.0 0 0 0.0013969621989411568
-1 0.0 0 0 -0.006871981845894024
96 0.12756164371967316 27 28 0.04537452663566801
-1 0.0 0 0 0.005266419248017197
-1 0.0 0 0 -0.012032310089674609
nodes 29
37 0.0090972064062953 1 22 0.0
93 0.08013942837715149 2 19 0.007107831563565727
27 0.043753039091825485 3 6 0.013386162234522922
49 0.25855308771133423 4 5 -0.0047252779418518465
-1 0.0 0 0 -0.001051399469406743
-1 0.0 0 0 0.0070811420531515295
2 0.35361531376838684 7 10 0.03157669876654815
53 -0.12244725227355957 8 9 0.006043811027458653
-1 0.0 0 0 0.004698580179577859
-1 0.0 0 0 -0.001739212176108871
26 0.08292374759912491 11 18 0.05348392496096063
43 0.023705627769231796 12 15 0.03640867843298305
23 0.01248232088983059 13 14 0.05100618784990456
-1 0.0 0 0 0.008175934200611848
-1 0.0 0 0 0.0011281625086382654
40 -0.059173379093408585 16 17 -0.05205177970964276
-1 0.0 0 0 -0.021188160546691988
-1 0.0 0 0 0.0010060024463647839
-1 0.0 0 0 0.01092304159958891
2 0.48786455392837524 20 21 -0.032431490015334616
-1 0.0 0 0 -0.0027386835165468244
-1 0.0 0 0 -0.031909948517948025
5 1.3288384675979614 23 28 -0.024691701015342665
88 -0.07770255953073502 24 25 -0.04349037305791003
-1 0.0 0 0 -0.013095588049796832
75 0.00137582968454808 26 27 -0.027427803494544913
-1 0.0 0 0 -0.007366062498263274
-1 0.0 0 0 -0.0002878796778211199
-1 0.0 0 0 0.002170558000577744
nodes 29
58 0.08956682682037354 1 20 0.0
5 1.2897300720214844 2 15 -0.009417137928723304
103 0.06098305806517601 3 10 -0.020661886017096998
20 0.06596492230892181 4 5 -0.0064519230212232515
-1 0.0 0 0 -0.002096605008984754
100 0.07353800535202026 6 9 0.03070988991817165
43 0.08721140772104263 7 8 -0.003436856103687908
-1 0.0 0 0 0.0007919838330816032
-1 0.0 0 0 -0.02480223447355913
-1 0.0 0 0 0.00908894057785564
35 -0.01698898710310459 11 14 -0.05414292287985225
100 0.08187850564718246 12 13 -0.10042839614840675
-1 0.0 0 0 -0.013449011171000315
-1 0.0 0 0 -0.000948584185486349
-1 0.0 0 0 -0.00318655901977193
2 0.41024595499038696 16 17 0.017910803960678068
-1 0.0 0 0 0.0009283008693727186
6 0.776975691318512 18 19 0.13888321895071087
-1 0.0 0 0 -0.017808607406914236
-1 0.0 0 0 0.018258355120232894
89 -0.16948170959949493 21 22 0.017871795473019043
-1 0.0 0 0 0.007274123501820265
84 -0.13539890944957733 23 24 0.008406854437041292
-1 0.0 0 0 -0.011397854147023179
32 -0.10237830877304077 25 26 0.012551140008722171
-1 0.0 0 0 0.006358989166937522
81 0.07362652570009232 27 28 0.002686543290472969
-1 0.0 0 0 0.0014559777173483613
-1 0.0 0 0 -0.005579783354360157
nodes 29
7 0.8500000238418579 1 28 0.0
6 0.9562504291534424 2 3 0.0007904578992739275
-1 0.0 0 0 -0.0034373367665605317
96 -0.13644690811634064 4 11 0.005677639106671088
2 0.2713218033313751 5 6 0.027803074825000412
-1 0.0 0 0 -0.0019333189130782084
5 1.2012404203414917 7 8 0.04071876049123282
-1 0.0 0 0 0.0016278275270525063
2 0.334744930267334 9 10 0.07987942774595826
-1 0.0 0 0 0.0031052192995894446
-1 0.0 0 0 0.013417610834378889
104 -0.12662509083747864 12 13 -0.002720290646460582
-1 0.0 0 0 -0.00642664762904696
24 0.05097290128469467 14 27 0.0019320326029533892
5 1.2520055770874023 15 24 -0.010858339907294692
107 0.006728391163051128 16 21 -0.026150342509217484
1 0.3289532959461212 17 18 -0.00642315531495048
-1 0.0 0 0 -0.005482225809013162
82 0.05655374377965927 19 20 0.023376475837907102
-1 0.0 0 0 0.0049162026120666835
-1 0.0 0 0 -0.005116627567395982
87 0.1430722326040268 22 23 -0.06168395246164248
-1 0.0 0 0 -0.0049541573622528005
-1 0.0 0 0 -0.021692750134981943
2 0.3907366394996643 25 26 0.017152743223082394
-1 0.0 0 0 0.00023988116050620043
-1 0.0 0 0 0.012332530780394941
-1 0.0 0 0 0.002528295378969573
-1 0.0 0 0 -0.021169824875225892
nodes 29
34 0.19945162534713745 1 10 0.0
35 -0.10610045492649078 2 3 -0.00804570404122649
-1 0.0 0 0 -0.006428660269245487
56 -0.07140430808067322 4 5 -0.0031851599296579013
-1 0.0 0 0 -0.0035619947449108125
95 -0.004364169202744961 6 7 0.005535128255448757
-1 0.0 0 0 -0.0019548116468314117
99 -0.15616926550865173 8 9 0.01804335608359827
-1 0.0 0 0 -0.00829985579362268
-1 0.0 0 0 0.0021909020273357927
21 0.016271956264972687 11 12 0.020850981039067903
-1 0.0 0 0 -0.004854922122238278
2 0.2713218033313751 13 14 0.03110081305484605
-1 0.0 0 0 -0.0030408247699666925
57 0.015434646978974342 15 22 0.04370567968209948
52 0.05425237491726875 16 21 0.012930075114258165
0 0.45026081800460815 17 20 0.03491516691708202
106 0.08253907412290573 18 19 0.007917240202989227
-1 0.0 0 0 -0.0033454426158472726
-1 0.0 0 0 0.008305871196903673
-1 0.0 0 0 0.011328219768603294
-1 0.0 0 0 -0.006118685684663249
30 0.01720307394862175 23 24 0.07246466604132551
-1 0.0 0 0 0.003454988827991815
108 -0.007998297922313213 25 26 0.11042318321180199
-1 0.0 0 0 0.002023562014078218
78 0.11075425148010254 27 28 0.1467365682347342
-1 0.0 0 0 0.01668974625350828
-1 0.0 0 0 -0.007503326906910028
nodes 29
47 -0.022850338369607925 1 16 0.0
5 1.2396756410598755 2 15 -0.01747437689850273
104 0.05236131697893143 3 12 -0.03467280236824243
93 -0.01942543312907219 4 5 -0.058232460887492114
-1 0.0 0 0 -0.0022881249242085984
70 0.08087721467018127 6 11 -0.09355959788590464
1 0.30226463079452515 7 8 -0.12513312629103895
-1 0.0 0 0 -0.0026363139828056506
46 0.027222285978496075 9 10 -0.16630886789464203
-1 0.0 0 0 -0.02153635971958561
-1 0.0 0 0 -0.007133377613748006
-1 0.0 0 0 -0.0005518654902754037
2 0.4432528018951416 13 14 0.01035743557499534
-1 0.0 0 0 -0.0017633852003164563
-1 0.0 0 0 0.010527814834004189
-1 0.0 0 0 0.0013183328202183708
39 0.020954331383109093 17 22 0.009368808553461973
2 0.44425368309020996 18 19 -0.011134948428751547
-1 0.0 0 0 -0.0025406417779038895
11 -0.03751661628484726 20 21 0.06975797645023717
-1 0.0 0 0 -0.0019526417791280782
-1 0.0 0 0 0.01207829009279311
37 -0.06316205859184265 23 28 0.022453052578524323
59 0.11159344762563705 24 27 0.04257360239533499
1 0.183804452419281 25 26 0.0609885838017772
-1 0.0 0 0 -0.0038311782506482077
-1 0.0 0 0 0.0077354380413033365
-1 0.0 0 0 -0.00019387574767941218
-1 0.0 0 0 -9.97460153091397e-06
nodes 29
62 0.05194362998008728 1 26 0.0
89 -0.1560894250869751 2 3 0.0075692491781518
-1 0.0 0 0 0.004383238368420402
14 0.08050141483545303 4 25 -0.0002446384503450104
55 0.07033278793096542 5 24 0.005525172988132948
76 -0.03065793588757515 6 7 0.013818860310379549
-1 0.0 0 0 -0.0018905111084140788
2 0.29110369086265564 8 9 0.024092539365558822
-1 0.0 0 0 -0.0018814252411100852
107 0.02106587216258049 10 19 0.034845065325842126
85 0.13932739198207855 11 16 0.053314231328648036
42 -0.06280595809221268 12 15 0.04097324573329913
41 0.11300288140773773 13 14 0.07746808051908527
-1 0.0 0 0 0.004169308580860501
-1 0.0 0 0 0.013939377822375443
-1 0.0 0 0 0.0014446234348500175
37 -0.14472970366477966 17 18 0.1267017081692823
-1 0.0 0 0 0.028062479423602956
-1 0.0 0 0 0.009010867261379146
5 1.2830379009246826 20 21 -0.005463358752120786
-1 0.0 0 0 -0.0029846968625510655
86 0.028860710561275482 22 23 0.06540649707259606
-1 0.0 0 0 -0.0016337055909511498
-1 0.0 0 0 0.018025205126230622
-1 0.0 0 0 -0.0030397415386893317
-1 0.0 0 0 -0.004523243145165226
71 -0.10364651679992676 27 28 -0.0212396462063897
-1 0.0 0 0 -0.00846394707401314
-1 0.0 0 0 -0.0012183316333888277
nodes 29
79 0.025992508977651596 1 26 0.0
15 0.053256385028362274 2 23 0.00762820533922691
5 1.1734683513641357 3 8 -0.0010008565739736196
80 0.17642389237880707 4 7 -0.018752046770073565
18 0.03296682611107826 5 6 -0.013147093398866707
-1 0.0 0 0 -1.1176774724532335e-05
-1 0.0 0 0 -0.0060287537645350815
-1 0.0 0 0 -0.015180744030740845
82 -0.17710956931114197 9 10 0.01615250863889483
-1 0.0 0 0 -0.013423928525906625
2 0.32496899366378784 11 12 0.020239034048729936
-1 0.0 0 0 -0.0006768260633152274
19 0.005847232416272163 13 22 0.04555432838021092
59 0.011608666740357876 14 19 0.08107417850734364
107 -0.025825239717960358 15 18 0.012525474632199596
106 0.06657811254262924 16 17 0.10261801741652594
-1 0.0 0 0 0.001647425312548876
-1 0.0 0 0 0.02602219498126281
-1 0.0 0 0 -0.006713732065649807
85 0.08579421788454056 20 21 0.11506029537909791
-1 0.0 0 0 0.007875920455127595
-1 0.0 0 0 0.02081710213531916
-1 0.0 0 0 -4.0443017419745285e-05
49 0.17231981456279755 24 25 0.03453194292867379
-1 0.0 0 0 0.0014396769817465703
-1 0.0 0 0 0.007628618955124285
6 1.0716638565063477 27 28 -0.020978279928201653
-1 0.0 0 0 -0.0034869932467326684
-1 0.0 0 0 0.0018422371749089372
nodes 29
72 0.022769471630454063 1 14 0.0
81 0.10189124941825867 2 13 -0.012878997397448055
37 0.06583234667778015 3 10 -0.0063971777432651105
9 -0.03428572788834572 4 7 -0.0009301738178046056
87 -0.011944430880248547 5 6 0.018844925610213517
-1 0.0 0 0 0.005397248581511818
-1 0.0 0 0 -0.0004912751794634525
97 0.07812446355819702 8 9 -0.01829864978236996
-1 0.0 0 0 -0.0005274478871116799
-1 0.0 0 0 -0.006551989842416395
70 0.02023739367723465 11 12 -0.06281832187535895
-1 0.0 0 0 -0.012242379542738276
-1 0.0 0 0 -0.00038350348948594135
-1 0.0 0 0 -0.006055412327727703
44 0.05935038626194 15 28 0.012383845850064449
31 0.11471126228570938 16 27 0.020906850514805682
84 0.17650152742862701 17 24 0.028685401940842247
75 0.029432421550154686 18 23 0.02319542614040256
9 0.010651377961039543 19 22 0.0005223200162598993
65 -0.03631645441055298 20 21 0.02225434434002369
-1 0.0 0 0 -0.0043874168431045964
-1 0.0 0 0 0.004453696415747037
-1 0.0 0 0 -0.004543454584169532
-1 0.0 0 0 0.004235980922676795
34 0.21521496772766113 25 26 0.091205208689177
-1 0.0 0 0 0.004762342940728359
-1 0.0 0 0 0.020255133990328276
-1 0.0 0 0 -0.0028139992604734455
-1 0.0 0 0 -0.00266213465764772
nodes 29
54 -0.05608132667839527 1 2 0.0
-1 0.0 0 0 -0.0024531176130948825
57 0.022556448355317116 3 10 0.006132794020430799
61 -0.07075414061546326 4 5 -0.006561871962104776
-1 0.0 0 0 0.0028007174020586566
106 0.14379802346229553 6 9 -0.019560903527858588
93 -0.11940445005893707 7 8 -0.02845331423424004
-1 0.0 0 0 0.0033344856763444274
-1 0.0 0 0 -0.0038281787257791935
-1 0.0 0 0 0.003612267173857012
84 -0.036082424223423004 11 12 0.021169362776654606
-1 0.0 0 0 -0.001703889049890453
108 -0.15205112099647522 13 14 0.0318590215592981
-1 0.0 0 0 -0.013925112144071387
2 0.313972532749176 15 16 0.035498623458941475
-1 0.0 0 0 -0.0005784147065038477
41 0.02263885922729969 17 20 0.051877147490662544
1 0.42063575983047485 18 19 0.008129144583143112
-1 0.0 0 0 -0.0013871782629043608
-1 0.0 0 0 0.016465723131053458
81 0.14015915989875793 21 26 0.06908828095375832
89 -0.007858443073928356 22 25 0.07759871132713285
58 0.038434114307165146 23 24 0.09830477825611503
-1 0.0 0 0 0.005357387179412264
-1 0.0 0 0 0.012946147719104066
-1 0.0 0 0 0.002381210739155777
91 -0.14478012919425964 27 28 -0.08319481371941957
-1 0.0 0 0 -0.05176524481749241
-1 0.0 0 0 -0.0038554448963499426
nodes 29
7 0.00800000037997961 1 2 0.0
-1 0.0 0 0 -0.004227452164537871
27 0.01691177673637867 3 18 0.003627150085870968
6 1.067649483680725 4 17 -0.01216695906249983
0 0.44546306133270264 5 12 -0.028036603432111305
41 -0.03590737283229828 6 7 -0.05274320747946409
-1 0.0 0 0 -0.017721641529546493
42 0.050478897988796234 8 11 -0.040667079166500184
99 -0.010717724449932575 9 10 -0.026285268938671315
-1 0.0 0 0 -0.007731355110606942
-1 0.0 0 0 0.0003266635430182104
-1 0.0 0 0 -0.014456601688827762
30 -0.07517477869987488 13 14 0.0023104362645525304
-1 0.0 0 0 -0.007607383539400173
60 0.07739464193582535 15 16 0.02154578702751334
-1 0.0 0 0 -0.0006526756356318459
-1 0.0 0 0 0.008651190451666764
-1 0.0 0 0 0.002214734195649938
72 -0.06771913170814514 19 20 0.01404310011704995
-1 0.0 0 0 -0.002534285865389289
2 0.32952550053596497 21 22 0.021363165702299115
-1 0.0 0 0 -0.0004666178268414305
5 1.1967012882232666 23 26 0.03522945603529264
93 -0.01942543312907219 24 25 0.016459382543894764
-1 0.0 0 0 0.004814303811300568
-1 0.0 0 0 -0.0018450870067204545
53 -0.012047083117067814 27 28 0.07612265799531501
-1 0.0 0 0 0.011273263755216617
-1 0.0 0 0 0.0004624594630828271
nodes 29
21 0.22075282037258148 1 18 0.0
7 0.026000000536441803 2 5 -0.005097579871607392
70 0.01740594394505024 3 4 -0.03586750097805663
-1 0.0 0 0 -0.007217157244078326
-1 0.0 0 0 -0.0006732583393001001
88 0.07885211706161499 6 11 0.002022864921746917
5 1.2625045776367188 7 8 -0.008053654443791036
-1 0.0 0 0 -0.0021155420508048683
2 0.3923978805541992 9 10 0.015103452018970929
-1 0.0 0 0 0.0003731386670053486
-1 0.0 0 0 0.012056031400160547
2 0.33218300342559814 12 13 0.024229981337119084
-1 0.0 0 0 -0.0009624590761816544
99 -0.0838068351149559 14 15 0.049071906318325045
-1 0.0 0 0 -0.004628618328252337
70 0.06923899054527283 16 17 0.06524432275528382
-1 0.0 0 0 0.0031917130530250875
-1 0.0 0 0 0.012251292498403966
77 -0.03219412453472614 19 24 0.02911207043643761
2 0.2111424058675766 20 21 0.06840038866357925
-1 0.0 0 0 -0.007541127066139551
37 -0.16208593547344208 22 23 0.0876004404684709
-1 0.0 0 0 0.020310121524754112
-1 0.0 0 0 0.006410628413311992
107 -0.011715831235051155 25 28 -0.0011039720039546055
2 0.32324516773223877 26 27 0.03736454125734169
-1 0.0 0 0 -0.004776951218725837
-1 0.0 0 0 0.007784622680524857
-1 0.0 0 0 -0.005254119880922288
nodes 29
43 -0.11934275925159454 1 2 0.0
-1 0.0 0 0 0.0016186821569419898
6 1.080673635005951 3 26 -0.009136345453704542
34 0.15949033200740814 4 25 -0.01762669644240218
2 0.3872755169868469 5 18 -0.03577863700649999
29 0.14619818329811096 6 17 -0.06596099853535276
3 0.6309710144996643 7 8 -0.08888880213263645
-1 0.0 0 0 -0.003928506651633596
76 -0.05760433152318001 9 10 -0.12912585244356026
-1 0.0 0 0 -0.028321657136264583
34 -0.05074799805879593 11 12 -0.10496666153168471
-1 0.0 0 0 -0.03818473778492934
20 -0.013695678673684597 13 14 -0.09020351960354667
-1 0.0 0 0 -0.016769433064131818
33 0.018045442178845406 15 16 -0.039912699029255684
-1 0.0 0 0 0.0007339332518988418
-1 0.0 0 0 -0.021471482859920694
-1 0.0 0 0 0.005242883003955338
89 -0.18988919258117676 19 20 -0.01171424489775
-1 0.0 0 0 0.009285947411250271
26 -0.025798780843615532 21 22 -0.025408864445715766
-1 0.0 0 0 -0.007922250941572211
107 0.05977771431207657 23 24 0.0003062410904344073
-1 0.0 0 0 0.0020488282565613593
-1 0.0 0 0 -0.008952000758055762
-1 0.0 0 0 0.0005849189998590427
1 0.30516353249549866 27 28 0.023587742010555135
-1 0.0 0 0 0.0031490984784812506
-1 0.0 0 0 -0.01615886086315532
nodes 29
68 0.07672770321369171 1 28 0.0
42 -0.06090825796127319 2 17 0.005019529562630242
33 -0.04130486026406288 3 16 0.021879100794303476
1 0.3641992509365082 4 15 0.044062703985250355
2 0.2630501687526703 5 6 0.06395935310197753
-1 0.0 0 0 -0.0014273550780749206
40 -0.020412098616361618 7 8 0.08550004274784621
-1 0.0 0 0 0.0006748105100415617
19 -0.005100864917039871 9 10 0.11038444781977508
-1 0.0 0 0 0.014681457418526868
29 0.12700101733207703 11 14 0.05855961995631461
55 -0.0869705080986023 12 13 0.03059271405126012
-1 0.0 0 0 0.01644852284314154
-1 0.0 0 0 -0.0008564530720294721
-1 0.0 0 0 0.023271717036506302
-1 0.0 0 0 -0.002458199954935908
-1 0.0 0 0 -4.2422787749252014e-05
2 0.43841150403022766 18 23 -0.006717751017383765
108 0.002358219353482127 19 20 -0.015554490613125905
-1 0.0 0 0 -0.004097782363952695
41 0.132689967751503 21 22 0.0012684885965833417
-1 0.0 0 0 -0.0017875754775789458
-1 0.0 0 0 0.004078550772870727
18 0.12940581142902374 24 27 0.03905847591286313
28 0.04231039434671402 25 26 0.04988623792547462
-1 0.0 0 0 0.008334153367517081
-1 0.0 0 0 -0.0022296755991010435
-1 0.0 0 0 -0.020563635515121182
-1 0.0 0 0 -0.002866632800804382
nodes 29
106 -0.06205496937036514 1 2 0.0
-1 0.0 0 0 -0.002886761760441074
47 0.051597513258457184 3 18 0.004899627253551087
32 -0.10237830877304077 4 9 -0.005193777378037648
34 0.2016960233449936 5 8 0.03407581793598875
58 0.09156157821416855 6 7 0.007208370710197827
-1 0.0 0 0 -0.0024290135663142098
-1 0.0 0 0 0.00709013158743482
-1 0.0 0 0 0.009051988402770043
1 0.4736008048057556 10 11 -0.01275100585168685
-1 0.0 0 0 -0.001174471653498549
50 -0.009862076491117477 12 15 -0.29909092863779185
24 0.02632729709148407 13 14 -0.6366221159696579
-1 0.0 0 0 -0.09810937470859953
-1 0.0 0 0 -0.01807037806686233
94 0.03019797056913376 16 17 -0.0028135530909316406
-1 0.0 0 0 0.03339264645452066
-1 0.0 0 0 -0.048517087565080545
21 0.14327190816402435 19 22 0.02568420301038679
88 0.10644374042749405 20 21 0.003967562945558135
-1 0.0 0 0 -0.0011526609998776859
-1 0.0 0 0 0.005911716323449183
29 -0.08463983982801437 23 24 0.052774986671763446
-1 0.0 0 0 -0.0042973374692451445
104 -0.08697249740362167 25 26 0.06600009214531953
-1 0.0 0 0 -0.0035043030702823206
77 -0.17242009937763214 27 28 0.08031867032298508
-1 0.0 0 0 0.024803477282647732
-1 0.0 0 0 0.0071636071479377166
nodes 29
52 0.017715582624077797 1 16 0.0
0 0.45026081800460815 2 13 0.009076814115641202
4 0.9295884966850281 3 12 -0.003127579981539859
6 0.9371002316474915 4 5 -0.024034832698890795
-1 0.0 0 0 -0.012445988172855669
41 0.2034425586462021 6 7 -0.01641497804615946
-1 0.0 0 0 -0.002601909122936217
58 0.08859478682279587 8 9 0.056039070181406414
-1 0.0 0 0 -0.0008628476640745247
2 0.2935492992401123 10 11 0.1434044976762338
-1 0.0 0 0 8.623100996052354e-07
-1 0.0 0 0 0.02405950348883394
-1 0.0 0 0 0.0021773842085431694
60 0.07739464193582535 14 15 0.0338236317546946
-1 0.0 0 0 0.0016426844687386058
-1 0.0 0 0 0.007912789080615166
70 -0.03903095796704292 17 22 -0.015287855928808186
6 1.0621976852416992 18 21 -0.0487954208840449
37 -0.06591235846281052 19 20 -0.08049267880415355
-1 0.0 0 0 -0.0028196753914933644
-1 0.0 0 0 -0.013402238613020626
-1 0.0 0 0 0.0004154062419008569
5 1.224204421043396 23 28 -0.0025110002373119164
84 0.09092829376459122 24 25 -0.021688891215150285
-1 0.0 0 0 -0.004348724792703055
93 0.12253359705209732 26 27 0.030352070254850157
-1 0.0 0 0 0.004352814791308845
-1 0.0 0 0 -0.01954468605772558
-1 0.0 0 0 0.0028130769704932633
nodes 29
49 0.24801526963710785 1 28 0.0
34 0.2496463805437088 2 27 -0.003801001825515888
6 1.0686558485031128 3 22 -0.008870522711347664
2 0.3672093152999878 4 13 -0.01701244658383623
33 0.002978401957079768 5 12 -0.04802178253092424
29 0.08840349316596985 6 9 -0.018586908796803442
40 0.061741434037685394 7 8 -0.05365401283681764
-1 0.0 0 0 -0.009473716580821363
-1 0.0 0 0 -0.0005915723093429238
17 -0.049461666494607925 10 11 0.05933429146925692
-1 0.0 0 0 0.013640423710027891
-1 0.0 0 0 -0.0012961685869641044
-1 0.0 0 0 -0.01280364974542727
26 0.06625882536172867 14 17 0.0002770610750343502
70 0.025806855410337448 15 16 -0.016220195959773035
-1 0.0 0 0 -0.004530730980866266
-1 0.0 0 0 0.0011623694038443014
85 -0.030246254056692123 18 19 0.03802050316240191
-1 0.0 0 0 -0.003960142364966337
9 0.07631123065948486 20 21 0.06178896968594658
-1 0.0 0 0 0.00792716317371321
-1 0.0 0 0 -0.007249165430522795
7 0.1979999989271164 23 24 0.01495494321371719
-1 0.0 0 0 0.008891954454018662
1 0.3135426342487335 25 26 0.0006972873261382516
-1 0.0 0 0 0.0008196072366868096
-1 0.0 0 0 -0.020355055672638296
-1 0.0 0 0 0.0031028941018158393
-1 0.0 0 0 0.0036587922731336647
nodes 29
73 0.1647678017616272 1 26 0.0
24 -0.08841925114393234 2 3 0.0018189027150833745
-1 0.0 0 0 -0.0029963703882918786
85 -0.08342649787664413 4 7 0.006727292973281663
6 1.0736864805221558 5 6 -0.03310058892259221
-1 0.0 0 0 -0.005859264985789702
-1 0.0 0 0 0.004108889184976625
13 -0.08936867862939835 8 9 0.011202371193167597
-1 0.0 0 0 -0.002133236873519791
105 -0.11771296709775925 10 13 0.017309590543387
63 0.0822470486164093 11 12 -0.030896851076344076
-1 0.0 0 0 -0.004991387485625015
-1 0.0 0 0 0.012217739863186847
2 0.21842606365680695 14 15 0.02234403649839488
-1 0.0 0 0 -0.004739267208948194
96 0.06085795536637306 16 25 0.026186143027016027
99 -0.045301128178834915 17 22 0.03180946668472599
0 0.45026081800460815 18 21 0.002898100453704147
58 -0.015118985436856747 19 20 -0.019819367267501206
-1 0.0 0 0 -0.00975753442162256
-1 0.0 0 0 -7.009403859481283e-05
-1 0.0 0 0 0.005183170643322033
20 -0.11079151183366776 23 24 0.04252891170268947
-1 0.0 0 0 -0.0016316442835810061
-1 0.0 0 0 0.004970411274307612
-1 0.0 0 0 -0.00294185651032052
6 1.072611927986145 27 28 -0.075515395235591
-1 0.0 0 0 -0.013467058250359161
-1 0.0 0 0 0.003731087664886503
nodes 29
74 -0.05151526629924774 1 4 0.0
49 0.11410298943519592 2 3 -0.026871483090667527
-1 0.0 0 0 -0.005920442868800848
-1 0.0 0 0 0.0002782149618852755
14 0.016423985362052917 5 16 0.005148491913458172
55 0.07033278793096542 6 15 0.013865162393080624
2 0.2697857916355133 7 8 0.022580680694668443
-1 0.0 0 0 -0.0022172118377839127
41 0.08707381039857864 9 12 0.0310267070798156
79 -0.029885808005928993 10 11 0.009956460145891383
-1 0.0 0 0 0.003708280329733725
-1 0.0 0 0 -0.0017861591850900584
108 -0.009044532664120197 13 14 0.05428658141757637
-1 0.0 0 0 0.001181402906382861
-1 0.0 0 0 0.007387667205766599
-1 0.0 0 0 -0.0023515071681377256
6 1.0580217838287354 17 28 -0.01605718813338053
0 0.4333851635456085 18 21 -0.03383088120739798
85 -0.0794520229101181 19 20 -0.0813206357022463
-1 0.0 0 0 -0.02275133726639076
-1 0.0 0 0 -0.006657179680345538
80 0.17642389237880707 22 27 0.001534940160518141
58 0.14157430827617645 23 26 0.012521945230743852
43 -0.161101296544075 24 25 -0.005052508875796272
-1 0.0 0 0 0.009277832586312101
-1 0.0 0 0 -0.0024508574484320765
-1 0.0 0 0 0.011146685513794054
-1 0.0 0 0 -0.021945684536592056
-1 0.0 0 0 0.002836686780212173
nodes 29
27 0.05962913855910301 1 10 0.0
62 0.048717040568590164 2 9 -0.009876554498368358
24 0.03759782016277313 3 8 0.00047503583436872245
57 -0.044491227716207504 4 5 -0.0147580168524293
-1 0.0 0 0 -0.005174637079276904
60 -0.019595105201005936 6 7 -0.002192283415375858
-1 0.0 0 0 -0.003588700325414418
-1 0.0 0 0 0.001719096401289643
-1 0.0 0 0 0.0023889043874580013
-1 0.0 0 0 -0.0036309065719081768
90 -0.07173771411180496 11 26 0.013443606164092441
7 0.006000000052154064 12 13 -0.015505337836163825
-1 0.0 0 0 -0.013910174597745252
72 -0.07235037535429001 14 23 -0.006726932225682935
5 1.1171244382858276 15 22 -0.08798032008463073
78 0.10233113169670105 16 19 -0.22251030777638434
67 -0.08370289206504822 17 18 -0.1649279880792776
-1 0.0 0 0 -0.04492565254625092
-1 0.0 0 0 -0.006562518547080569
35 0.00027748690627049655 20 21 -0.7328477294056439
-1 0.0 0 0 -0.13063972572917523
-1 0.0 0 0 -0.026171776007062626
-1 0.0 0 0 -0.003890955590119922
34 0.14466936886310577 24 25 0.007595337695693834
-1 0.0 0 0 -0.002605994686420016
-1 0.0 0 0 0.004263389241050605
42 -0.09261606633663177 27 28 0.026916920089127806
-1 0.0 0 0 0.006168780380014533
-1 0.0 0 0 0.0013428028065039079
nodes 29
7 0.8500000238418579 1 28 0.0
65 -0.019210562109947205 2 21 0.0006957698956129722
2 0.43841150403022766 3 6 -0.016398282892960057
80 -0.09907902032136917 4 5 -0.02687758431835263
-1 0.0 0 0 -0.009905820496803478
-1 0.0 0 0 -0.001679277871030971
2 0.49207547307014465 7 12 0.03387398898586592
30 -0.03470262140035629 8 11 0.050087637466648995
53 -0.20274969935417175 9 10 -0.025579554009312673
-1 0.0 0 0 -0.04555821519614639
-1 0.0 0 0 -0.0004869669697295251
-1 0.0 0 0 0.00882442029243443
26 0.07045914232730865 13 20 -0.1407944424643169
89 0.04862242937088013 14 19 -0.2500506204976277
103 0.08282200247049332 15 18 -0.14394252759949216
12 -0.00481345783919096 16 17 -0.2795695295453374
-1 0.0 0 0 0.0038616665539521616
-1 0.0 0 0 -0.06282203603298107
-1 0.0 0 0 0.024897687509655955
-1 0.0 0 0 -0.06826451530823341
-1 0.0 0 0 0.014088164152781246
95 -0.013429033569991589 22 23 0.008511344148827212
-1 0.0 0 0 -0.0017438836285902225
10 -0.02599170431494713 24 27 0.019588208670730568
73 -0.0793081745505333 25 26 -0.00472914806376461
-1 0.0 0 0 0.00376707143803566
-1 0.0 0 0 -0.00255583226503047
-1 0.0 0 0 0.0035469239616152276
-1 0.0 0 0 -0.018633915665422166
nodes 29
9 0.09433812648057938 1 26 0.0
77 0.052450764924287796 2 21 0.003488590373355088
21 0.10316485166549683 3 8 0.011196897942591969
57 0.03620761260390282 4 7 -0.009719764561695923
6 1.0912468433380127 5 6 -0.030221557445160002
-1 0.0 0 0 -0.004546988501628574
-1 0.0 0 0 0.0028320426983031183
-1 0.0 0 0 0.0017690776684633756
2 0.21481740474700928 9 10 0.02448798919894683
-1 0.0 0 0 -0.00597225548760826
29 0.21330341696739197 11 20 0.030550624036363012
23 0.01716659404337406 12 17 0.025741668292068268
75 0.006247078068554401 13 16 0.045339217846135704
89 -0.14799652993679047 14 15 0.003524923125505205
-1 0.0 0 0 0.009969629232100657
-1 0.0 0 0 -0.002049329352403704
-1 0.0 0 0 0.006719886163717654
58 0.16476036608219147 18 19 -0.0008654332703235347
-1 0.0 0 0 -0.0012626247878342255
-1 0.0 0 0 0.007704710894114806
-1 0.0 0 0 0.014825402728998028
107 0.05977771431207657 22 25 -0.018400580206917698
32 -0.10237830877304077 23 24 -0.0076066802143362235
-1 0.0 0 0 0.005121903615563657
-1 0.0 0 0 -0.0019422870003391502
-1 0.0 0 0 -0.0069560958584683865
6 1.0686558485031128 27 28 -0.03694945647968987
-1 0.0 0 0 -0.006310140515464338
-1 0.0 0 0 0.0025235658752492084
nodes 29
37 0.13109190762043 1 28 0.0
0 0.4943040609359741 2 17 0.001738722573191461
106 0.04006163775920868 3 6 -0.002530344432331073
74 -0.04284160956740379 4 5 -0.017311072619290834
-1 0.0 0 0 -0.0059361235530791066
-1 0.0 0 0 -0.0007938143371340706
29 0.19679152965545654 7 16 0.011307241632209886
62 0.0025292166974395514 8 15 0.006934894807646917
108 -0.05533890798687935 9 14 0.024125037329392446
7 0.0 10 11 -0.03849623243935251
-1 0.0 0 0 -0.04873465390795593
94 -0.05361209064722061 12 13 -0.02983399493691851
-1 0.0 0 0 0.004915119147971587
-1 0.0 0 0 -0.007954079294313528
-1 0.0 0 0 0.0036235282372597726
-1 0.0 0 0 -0.0013357768973188328
-1 0.0 0 0 0.010060088361458903
104 0.0030215345323085785 18 27 0.03594366156261719
2 0.46884456276893616 19 20 -0.006161480825020855
-1 0.0 0 0 0.0025151318359351795
15 0.08556525409221649 21 26 -0.10970624844465675
78 -0.03238306939601898 22 25 -0.17597044462339684
26 -0.02282680757343769 23 24 -0.3284187296796414
-1 0.0 0 0 -0.06407132526410038
-1 0.0 0 0 -0.018635533884231587
-1 0.0 0 0 -0.006419512099520167
-1 0.0 0 0 0.014517840089198823
-1 0.0 0 0 0.006892232723456741
-1 0.0 0 0 -0.007218655355272487
nodes 29
54 -0.05608132667839527 1 2 0.0
-1 0.0 0 0 -0.002233005959131042
68 -0.004892003256827593 3 16 0.005582514902969856
75 -0.10733503103256226 4 5 0.0167462528815809
-1 0.0 0 0 -0.0050921086838856084
73 0.1647678017616272 6 15 0.02123912699995872
83 -0.06267255544662476 7 8 0.023928272010619245
-1 0.0 0 0 -0.0007124727479027701
34 0.22702328860759735 9 12 0.034766136251951296
15 -0.03702105954289436 10 11 0.02443940072110702
-1 0.0 0 0 -0.0005757157130954052
-1 0.0 0 0 0.004254339587880549
2 0.30060023069381714 13 14 0.07906314416520836
-1 0.0 0 0 -0.00027168950501303246
-1 0.0 0 0 0.01089601906686792
-1 0.0 0 0 -0.009736045545213743
3 0.6915275454521179 17 20 -0.008961836879181435
2 0.3388058543205261 18 19 0.015729106605568297
-1 0.0 0 0 -0.0010576785886731537
-1 0.0 0 0 0.005172009922239659
47 -0.074984610080719 21 24 -0.024706634527708736
104 0.05337000638246536 22 23 -0.08722883441450113
-1 0.0 0 0 -0.013118391826822715
-1 0.0 0 0 0.000611621279472028
89 0.01754838228225708 25 28 -0.012517059617378154
96 -0.04460262507200241 26 27 0.0007962832956570889
-1 0.0 0 0 0.0023522684624394507
-1 0.0 0 0 -0.003899127366501676
-1 0.0 0 0 -0.006834896638023573
nodes 29
19 -0.047336287796497345 1 2 0.0
-1 0.0 0 0 0.001498362896398272
2 0.43268442153930664 3 16 -0.00831434954678224
6 1.0522103309631348 4 15 -0.015594594667683986
101 -0.042190492153167725 5 8 -0.030612893964932435
83 -0.07325135916471481 6 7 -0.0744228086931185
-1 0.0 0 0 -0.015863455212519365
-1 0.0 0 0 -0.0052807497739056535
43 0.040393490344285965 9 14 -0.01522441928711251
47 -0.0937967300415039 10 11 -0.006933466078349805
-1 0.0 0 0 -0.00824515852188373
79 0.1304151564836502 12 13 0.0034204157579181653
-1 0.0 0 0 0.000908817915745132
-1 0.0 0 0 -0.013998771058107595
-1 0.0 0 0 -0.01223616381032494
-1 0.0 0 0 0.0008761741038667125
104 0.13408656418323517 17 28 0.023609491781328325
82 0.05875764414668083 18 21 0.0047429420427035065
28 0.030637923628091812 19 20 0.0303576330222625
-1 0.0 0 0 0.007071414444510611
-1 0.0 0 0 -0.004017383162090322
70 0.07331693917512894 22 27 -0.0751544020607369
39 0.17266306281089783 23 26 -0.13249665505044744
88 0.15737663209438324 24 25 -0.1077047740824802
-1 0.0 0 0 -0.01378260937744452
-1 0.0 0 0 0.018882740693909394
-1 0.0 0 0 -0.051510212575801864
-1 0.0 0 0 0.004873676147834691
-1 0.0 0 0 0.01417175338532787
nodes 29
18 -0.10731594264507294 1 12 0.0
2 0.36961817741394043 2 5 0.020476370131239673
55 -0.034777890890836716 3 4 -0.006382877978001568
-1 0.0 0 0 0.004052210119277286
-1 0.0 0 0 -0.004078034274600731
21 0.07182713598012924 6 9 0.04695107728108191
49 -0.0853663980960846 7 8 -0.006924383555980135
-1 0.0 0 0 -0.040975620040854255
-1 0.0 0 0 0.00022860926584880004
82 0.013436398468911648 10 11 0.07665408392621728
-1 0.0 0 0 0.011696611422037803
-1 0.0 0 0 0.001640394135143111
15 0.053256385028362274 13 28 -0.006028885449605634
5 1.1734683513641357 14 25 -0.014424920346038862
17 -0.03459035977721214 15 18 -0.03587632332523908
83 -0.0287176463752985 16 17 -0.006686382613324235
-1 0.0 0 0 -0.005911936687659448
-1 0.0 0 0 0.002188370032751787
57 -0.04020383954048157 19 20 -0.05438303414384017
-1 0.0 0 0 -0.010548440182194438
108 0.015132554806768894 21 22 -0.034833144550727405
-1 0.0 0 0 -0.007870325917966374
74 0.018674129620194435 23 24 -0.005231700060199245
-1 0.0 0 0 -0.006566227108909611
-1 0.0 0 0 0.0028554364790937337
59 0.03668736666440964 26 27 0.004809667170307731
-1 0.0 0 0 -0.002016513468425399
-1 0.0 0 0 0.002251478875742474
-1 0.0 0 0 0.0019385926186960127
nodes 29
81 0.03913696110248566 1 28 0.0
0 0.453169584274292 2 17 0.0069299875454877195
19 0.11702566593885422 3 16 -0.0023443275664940294
80 -0.15418976545333862 4 5 0.002321156767471763
-1 0.0 0 0 -0.009146352385651297
99 -0.011587869375944138 6 7 0.005593806810819227
-1 0.0 0 0 -0.0016817974543406275
73 0.057782284915447235 8 15 0.020284415921617335
2 0.2744106948375702 9 10 0.030265602988246893
-1 0.0 0 0 -0.0022755565414274057
41 -0.03590737283229828 11 12 0.04589730635347044
-1 0.0 0 0 -0.005313889413355512
33 0.060317736119031906 13 14 0.05662238230556026
-1 0.0 0 0 0.006683024488884949
-1 0.0 0 0 -0.0024091475242882863
-1 0.0 0 0 -0.003645579517312618
-1 0.0 0 0 -0.0067892128601547246
60 0.035052575170993805 18 25 0.028401907395068204
70 -0.10493934899568558 19 22 0.0036263330070225295
61 -0.08634474128484726 20 21 -0.1024414046361336
-1 0.0 0 0 0.007666274560965064
-1 0.0 0 0 -0.016133872901549925
89 -0.2297854870557785 23 24 0.015277154174987727
-1 0.0 0 0 0.018366290845109948
-1 0.0 0 0 0.0008212928234356264
58 0.029747528955340385 26 27 0.05938562016991562
-1 0.0 0 0 0.0016066791041082673
-1 0.0 0 0 0.009194811670422423
-1 0.0 0 0 -0.001727788480627712
nodes 29
72 0.022769471630454063 1 26 0.0
6 0.9025515913963318 2 7 -0.010982490532991013
85 0.009127398021519184 3 6 -0.08088352918449589
4 0.7385457754135132 4 5 -0.1797695697664856
-1 0.0 0 0 0.00540289121419592
-1 0.0 0 0 -0.02412780812728091
-1 0.0 0 0 -0.0020648035160132456
35 0.017588511109352112 8 17 -0.007448563909496018
3 0.5681079626083374 9 10 -0.023974638198461913
-1 0.0 0 0 0.0021029531247718654
61 -0.08069299161434174 11 12 -0.03839808647185861
-1 0.0 0 0 0.001663882852256992
74 -0.05151526629924774 13 14 -0.05496656422061282
-1 0.0 0 0 -0.012763204236595353
13 0.028880365192890167 15 16 -0.03958650847714949
-1 0.0 0 0 -0.006890262062476685
-1 0.0 0 0 0.000787069306848155
2 0.3815954923629761 18 19 0.00847321168150601
-1 0.0 0 0 -0.0010933620214947427
18 0.05300327390432358 20 21 0.03542779514685554
-1 0.0 0 0 0.005365618082615937
107 0.07716982811689377 22 25 -0.05578013826721086
75 -0.04651322960853577 23 24 -0.018053880186667533
-1 0.0 0 0 -0.023100965732574967
-1 0.0 0 0 0.0024573247500800765
-1 0.0 0 0 -0.02829369718792959
44 0.05528073012828827 27 28 0.010560252947405929
-1 0.0 0 0 0.0018608374368081642
-1 0.0 0 0 -0.0023485934652750185
nodes 29
22 -0.0405297577381134 1 10 0.0
93 -0.047424402087926865 2 9 0.01516207817342941
101 -0.08683869242668152 3 4 0.041457988278496685
-1 0.0 0 0 -0.003917350939296767
38 0.0797077864408493 5 8 0.053538441867681565
43 -0.038373347371816635 6 7 0.07170400797217577
-1 0.0 0 0 0.009655868622540198
-1 0.0 0 0 0.0012168607791244038
-1 0.0 0 0 -0.0008574011965557726
-1 0.0 0 0 -0.0001634675181623888
7 0.004000000189989805 11 12 -0.007581266611854603
-1 0.0 0 0 -0.007540379605961244
58 0.19358806312084198 13 28 -0.00400636130461901
6 1.0657293796539307 14 27 -0.00764650523736235
89 0.11087572574615479 15 26 -0.01649111583339026
49 -0.14169229567050934 16 17 -0.012515336264478524
-1 0.0 0 0 -0.03172452438074738
0 0.44269806146621704 18 25 -0.011054297407091473
94 -0.15469181537628174 19 20 -0.029748006615852
-1 0.0 0 0 0.006125920606910675
58 -0.032881155610084534 21 22 -0.04106898337132258
-1 0.0 0 0 -0.010952389465941388
84 0.04496229439973831 23 24 -0.02916278908749697
-1 0.0 0 0 -0.006063498816014697
-1 0.0 0 0 0.0001392576675184253
-1 0.0 0 0 0.001425781389342141
-1 0.0 0 0 -0.013226302685934985
-1 0.0 0 0 0.0015448383536837192
-1 0.0 0 0 0.0050405127845682286
nodes 29
105 -0.04679105058312416 1 10 0.0
42 -0.011465061455965042 2 3 -0.01665326301172102
-1 0.0 0 0 8.668805287279666e-05
6 1.0856603384017944 4 7 -0.04653468895077582
2 0.4432528018951416 5 6 -0.06467507402989928
-1 0.0 0 0 -0.008445262651367951
-1 0.0 0 0 0.0015736745358143713
1 0.3239051401615143 8 9 0.02607693986570638
-1 0.0 0 0 0.0037089300144633832
-1 0.0 0 0 -0.07348416316653451
58 -0.028764575719833374 11 14 0.006938938259880219
0 0.48177462816238403 12 13 -0.021585637332439345
-1 0.0 0 0 -0.003907322667511075
-1 0.0 0 0 0.004370009703949531
70 -0.03903095796704292 15 16 0.013425538844063062
-1 0.0 0 0 -0.0013433791468859858
2 0.3206227719783783 17 18 0.022256598695100334
-1 0.0 0 0 -0.0009101525661775662
41 0.05069930478930473 19 24 0.03502722160421663
16 0.058833662420511246 20 21 0.003795927385963486
-1 0.0 0 0 0.0019771306759143142
15 -0.2183522880077362 22 23 -0.07811492755551756
-1 0.0 0 0 -0.08594051661050839
-1 0.0 0 0 -0.006900251605113621
5 1.1606252193450928 25 28 0.055628988401687174
93 -0.007467936724424362 26 27 0.02814458847570043
-1 0.0 0 0 0.005867566366687522
-1 0.0 0 0 -0.00162590927403476
-1 0.0 0 0 0.00921286858410849
nodes 29
106 0.13596953451633453 1 26 0.0
5 1.2569383382797241 2 13 -0.004608193885772528
93 -0.008407850749790668 3 8 -0.013655495918206577
40 -0.06066109612584114 4 7 0.0025898916162663144
85 -0.14480896294116974 5 6 -0.04752086547703329
-1 0.0 0 0 -0.03829257052635685
-1 0.0 0 0 -0.003914903310518237
-1 0.0 0 0 0.0012274015816047144
75 -0.08679451793432236 9 10 -0.03497894370011238
-1 0.0 0 0 -0.012312590476029152
83 -0.011260470375418663 11 12 -0.026789627919532655
-1 0.0 0 0 -0.005643606470230063
-1 0.0 0 0 -0.00028158139793051925
2 0.3915768265724182 14 15 0.013560653060052464
-1 0.0 0 0 0.0004026478465239453
6 0.8095192909240723 16 19 0.07944952264910032
7 0.004000000189989805 17 18 -0.1638444136573367
-1 0.0 0 0 -0.04341771405132022
-1 0.0 0 0 0.0007116994630957663
21 0.09542438387870789 20 21 0.1115518854908123
-1 0.0 0 0 0.002386928314147208
41 -0.051327288150787354 22 23 0.17848705517157623
-1 0.0 0 0 -0.0004114520859068514
6 1.0736864805221558 24 25 0.22365624333938156
-1 0.0 0 0 0.01996526634579941
-1 0.0 0 0 0.06612350171230533
87 0.06033552438020706 27 28 0.024769556747415506
-1 0.0 0 0 0.004236019880080674
-1 0.0 0 0 -0.002745933845868083
nodes 29
27 0.05962913855910301 1 22 0.0
49 0.2540131211280823 2 21 -0.009149874986109006
6 1.0630444288253784 3 20 -0.013451586759764704
89 0.10178611427545547 4 19 -0.023930678465888165
0 0.4419816732406616 5 12 -0.01874853635534805
41 0.08899284899234772 6 9 -0.0412398203378537
21 0.21794170141220093 7 8 -0.0750023967535909
-1 0.0 0 0 -0.009702860904424251
-1 0.0 0 0 0.001573761255013281
28 -0.0077536567114293575 10 11 -0.012302908546376737
-1 0.0 0 0 -0.006600088781905738
-1 0.0 0 0 0.0016188030448433068
88 0.07760120928287506 13 18 0.0052778503917031054
81 0.04125699773430824 14 17 -0.01460682407968158
105 0.12380608171224594 15 16 0.006944558683199709
-1 0.0 0 0 -0.0006762962776496895
-1 0.0 0 0 0.012589744198097228
-1 0.0 0 0 -0.006555939174521165
-1 0.0 0 0 0.0054333667238699946
-1 0.0 0 0 -0.012936813772126791
-1 0.0 0 0 0.0010932931392285475
-1 0.0 0 0 0.004381979437827309
99 0.07195556908845901 23 28 0.012454476479333343
14 0.08050141483545303 24 27 0.0029618426973098033
86 -0.10947979986667633 25 26 0.010321951790111594
-1 0.0 0 0 -0.0050053843723798334
-1 0.0 0 0 0.001787472534909771
-1 0.0 0 0 -0.005872488731803296
-1 0.0 0 0 0.004495390724047472
nodes 29
43 -0.11934275925159454 1 22 0.0
41 -0.10740414261817932 2 3 0.014222736901907177
-1 0.0 0 0 -0.010625368265013918
2 0.25544869899749756 4 5 0.017122569543050924
-1 0.0 0 0 -0.0033043268338723746
101 -0.08683869242668152 6 7 0.024671280673874738
-1 0.0 0 0 -0.003389998727728041
32 -0.10237830877304077 8 9 0.032599639686542226
-1 0.0 0 0 0.008318140145916213
33 -0.045859869569540024 10 13 0.022947790927987554
1 0.35162150859832764 11 12 0.050327942873645407
-1 0.0 0 0 0.007522141025563646
-1 0.0 0 0 -0.0017432861269783906
2 0.37843969464302063 14 15 -0.0022102172050694627
-1 0.0 0 0 -0.0028856097021098047
60 0.01930968649685383 16 17 0.03327902059020211
-1 0.0 0 0 -0.002456902556986887
83 -0.10764539986848831 18 21 0.0811828016826697
55 0.10443468391895294 19 20 -0.12758088499467463
-1 0.0 0 0 -0.02021640424317909
-1 0.0 0 0 0.039253850239574124
-1 0.0 0 0 0.01068338142792777
40 -0.11174891889095306 23 24 -0.008027755046205343
-1 0.0 0 0 -0.005742805683067423
62 0.07055899128317833 25 28 -0.00400884092924921
74 -0.05151526629924774 26 27 0.003214468403109047
-1 0.0 0 0 -0.003231020179765531
-1 0.0 0 0 0.0010603679934333807
-1 0.0 0 0 -0.003241803274471381
nodes 29
9 -0.04781492426991463 1 14 0.0
84 -0.05365384370088577 2 5 0.012523347860998303
96 -0.15154682099819183 3 4 -0.026983988376151652
-1 0.0 0 0 0.006706469149443679
-1 0.0 0 0 -0.004865206658163037
2 0.3552711606025696 6 7 0.02056184006083878
-1 0.0 0 0 -0.0002488768649754521
57 -0.013603596948087215 8 9 0.038507630890567975
-1 0.0 0 0 1.790516771276213e-05
34 0.06116233021020889 10 11 0.0613290834609299
-1 0.0 0 0 -0.0004966558300368705
38 0.11733655631542206 12 13 0.07761805561288221
-1 0.0 0 0 0.00895112279158908
-1 0.0 0 0 -0.003613210153816318
71 -0.11493562161922455 15 16 -0.00890936400168058
-1 0.0 0 0 -0.005455707130005629
100 0.1537669152021408 17 28 -0.0038480999289011134
35 0.018526289612054825 18 27 -0.008579988267134473
5 1.3124977350234985 19 26 -0.026013708952412888
62 0.2086685299873352 20 25 -0.04150110057431931
52 -0.012831362895667553 21 22 -0.038496100778763476
-1 0.0 0 0 -0.0010032380385035019
15 -0.07236229628324509 23 24 -0.06565215179118135
-1 0.0 0 0 -0.014260638603099266
-1 0.0 0 0 -0.0039318003192006365
-1 0.0 0 0 -0.03869672002590538
-1 0.0 0 0 0.0009286779314980437
-1 0.0 0 0 0.0007342657813941742
-1 0.0 0 0 0.004842701922318537
nodes 29
34 0.19945162534713745 1 22 0.0
75 0.03576016053557396 2 13 -0.006441862197759735
6 1.1084753274917603 3 10 -0.020648315153346575
37 0.08839891105890274 4 9 -0.030438761031430707
49 0.09092675149440765 5 6 -0.023693046180125424
-1 0.0 0 0 -0.005515588755370603
18 0.041787829250097275 7 8 -0.008004646698494986
-1 0.0 0 0 0.000511895423702091
-1 0.0 0 0 -0.006341703955923671
-1 0.0 0 0 -0.014252510982113348
1 0.3145797848701477 11 12 0.026829739080308553
-1 0.0 0 0 0.0031453456000061202
-1 0.0 0 0 -0.05963445524374644
21 0.14327190816402435 14 19 0.007500489688246077
87 0.008297727443277836 15 16 -0.011438204368928031
-1 0.0 0 0 0.0016878415807532283
6 1.0843803882598877 17 18 -0.038359033508282805
-1 0.0 0 0 -0.005736897253517699
-1 0.0 0 0 0.0036869209009823957
83 0.007538847159594297 20 21 0.02983837839964636
-1 0.0 0 0 5.213608559874998e-06
-1 0.0 0 0 0.006120946255714231
21 0.016271956264972687 23 24 0.016694517202205172
-1 0.0 0 0 -0.0042599612913081664
2 0.3429451584815979 25 26 0.02545176650983389
-1 0.0 0 0 -5.7385808469372504e-05
60 0.030350912362337112 27 28 0.04815138135528466
-1 0.0 0 0 0.0012841098490778316
-1 0.0 0 0 0.008907412837386284
nodes 29
46 -0.08716676384210587 1 2 0.0
-1 0.0 0 0 -0.0023455325986633468
72 -0.06486807018518448 3 16 0.004493966707683392
107 -0.041215065866708755 4 9 -0.02549902970154453
14 0.134970024228096 5 6 0.007322827637843203
-1 0.0 0 0 0.0015312121687116125
92 -0.04785812646150589 7 8 -0.23243921565335768
-1 0.0 0 0 0.01765239841864264
-1 0.0 0 0 -0.04274832032692547
1 0.2885059118270874 10 11 -0.05001249415196031
-1 0.0 0 0 -0.0009289498849622352
81 -0.0040767379105091095 12 15 -0.08524731788337017
88 0.17837031185626984 13 14 -0.02023929233610615
-1 0.0 0 0 -0.003773341700233466
-1 0.0 0 0 0.02833978627403469
-1 0.0 0 0 -0.014869250601572077
22 -0.03187309950590134 17 26 0.010461285344656148
15 0.06022677198052406 18 25 0.029552382133513876
93 0.10032963007688522 19 24 0.01727335381871912
45 0.053691357374191284 20 23 0.02558778928189291
53 -0.11497132480144501 21 22 0.040829427279012266
-1 0.0 0 0 0.00826143401982974
-1 0.0 0 0 0.002076259368013254
-1 0.0 0 0 -0.0018044360943021307
-1 0.0 0 0 -0.0058625564195110245
-1 0.0 0 0 0.007043853948093178
76 -0.13798414170742035 27 28 -0.0006932284170869845
-1 0.0 0 0 -0.008915525956528997
-1 0.0 0 0 0.00023921263186872652
nodes 29
7 0.8500000238418579 1 28 0.0
41 0.23447780311107635 2 27 0.0006250449415183471
52 0.01956191100180149 3 26 -0.0017709085385302064
2 0.37843969464302063 4 11 0.006695118177650622
82 -0.07786798477172852 5 6 -0.007115122321636467
-1 0.0 0 0 -0.00551926295550307
33 -0.038628220558166504 7 10 0.002428346503965576
29 -0.14066392183303833 8 9 0.026292170328418834
-1 0.0 0 0 -0.012962787599788184
-1 0.0 0 0 0.00332857351209054
-1 0.0 0 0 -0.0022192895085961207
60 0.07739464193582535 12 21 0.024256795587973622
82 0.054388727992773056 13 18 0.006356792064557206
85 -0.05864748731255531 14 15 0.02507937736008767
-1 0.0 0 0 -0.004671766322881603
9 0.026435324922204018 16 17 0.03990267788571382
-1 0.0 0 0 0.006104673850694511
-1 0.0 0 0 -0.0020353996382166573
57 -0.17800453305244446 19 20 -0.04545096093515811
-1 0.0 0 0 -0.0446290009414552
-1 0.0 0 0 -0.003803103550561685
59 0.10187104344367981 22 23 0.0681961327116957
-1 0.0 0 0 0.009681490686537389
103 0.058777693659067154 24 25 -0.009987745197211427
-1 0.0 0 0 0.004491006262989919
-1 0.0 0 0 -0.014039253788816763
-1 0.0 0 0 -0.0016673754936809466
-1 0.0 0 0 0.0045329338760261685
-1 0.0 0 0 -0.01673977799896371
nodes 29
8 82.5 1 28 0.0
6 0.9751198887825012 2 15 -0.001707939325243311
34 -0.07668910175561905 3 4 -0.02850089524488038
-1 0.0 0 0 -0.02970772658114179
70 -0.09248223155736923 5 6 -0.02366016711901751
-1 0.0 0 0 -0.01085236404024881
85 -2.195120259784744e-06 7 12 -0.014725934128947495
76 -0.10015969723463058 8 11 -0.05794600317350858
66 -0.012909801676869392 9 10 -0.23814070703567866
-1 0.0 0 0 -0.04420128478458162
-1 0.0 0 0 -0.00726114917907505
-1 0.0 0 0 -0.00420227575302072
8 60.5 13 14 0.007195003725701137
-1 0.0 0 0 0.0033974620371664214
-1 0.0 0 0 -0.00409364565802395
65 0.02349236235022545 16 17 0.0036742093052008315
-1 0.0 0 0 -0.0008616809333195423
95 -0.0012771525653079152 18 19 0.015844701107432028
-1 0.0 0 0 -0.0010128843822631392
1 0.21962887048721313 20 21 0.029694713704663447
-1 0.0 0 0 -0.0016854308620044434
39 0.04821660742163658 22 23 0.0448129215343634
-1 0.0 0 0 0.0017716851321850837
1 0.35162150859832764 24 27 0.07045060032574199
48 -0.0862358808517456 25 26 0.09840215981280707
-1 0.0 0 0 -0.0035858508180723566
-1 0.0 0 0 0.011391280580276632
-1 0.0 0 0 0.0012030078816001042
-1 0.0 0 0 0.00603087405736914
nodes 29
0 0.49756383895874023 1 28 0.0
106 0.04006163775920868 2 25 -0.003432353709409711
6 1.060505986213684 3 24 -0.016022661382819547
2 0.36876916885375977 4 13 -0.0288668464702987
53 -0.025943972170352936 5 10 -0.05828701767657555
39 -0.010435456410050392 6 7 -0.03261617437008262
-1 0.0 0 0 -0.01346838970443095
20 0.050887949764728546 8 9 -0.007982799184624986
-1 0.0 0 0 -0.004080356554024749
-1 0.0 0 0 0.005297602546059491
59 -0.0104071581736207 11 12 -0.13164608512068618
-1 0.0 0 0 -0.02948119397561401
-1 0.0 0 0 -0.010101519327120237
93 0.061882443726062775 14 19 -0.01171370011445704
28 0.07941213995218277 15 16 0.00229676163816302
-1 0.0 0 0 0.001979131262525026
54 -0.03200886771082878 17 18 -0.056096119586890474
-1 0.0 0 0 -0.01518518964039308
-1 0.0 0 0 -0.001736221292178517
52 0.07761219143867493 20 21 -0.07763312930451308
-1 0.0 0 0 -0.0050221963322903875
71 0.03862955793738365 22 23 -0.24341084622863193
-1 0.0 0 0 -0.012230177257043213
-1 0.0 0 0 -0.05212981042799808
-1 0.0 0 0 0.001398402084825727
29 0.19679152965545654 26 27 0.008512633417929037
-1 0.0 0 0 0.00046959605952623065
-1 0.0 0 0 0.008754274989669941
-1 0.0 0 0 0.0030231374928750654
nodes 29
89 -0.2259141057729721 1 4 0.0
2 0.3552711606025696 2 3 0.04722632253636924
-1 0.0 0 0 -0.0026083185362921297
-1 0.0 0 0 0.009321414284437383
34 0.2496463805437088 5 28 -0.002129197249578657
100 0.08524076640605927 6 27 -0.006517008447338144
6 1.0657293796539307 7 26 -0.01466543560640493
0 0.4461750388145447 8 17 -0.025404071946313053
49 0.0696142390370369 9 10 -0.04609812566973837
-1 0.0 0 0 -0.011089052435524285
73 0.07896719127893448 11 16 -0.031934357470413406
103 0.19978326559066772 12 15 -0.02129945651958032
96 -0.10270139575004578 13 14 -0.016977471666155014
-1 0.0 0 0 0.0015044626087785382
-1 0.0 0 0 -0.0043849138579251665
-1 0.0 0 0 -0.02339751044474019
-1 0.0 0 0 -0.012622414893628179
52 0.07337827980518341 18 21 -0.0015260145270812684
88 0.029093125835061073 19 20 0.011344892637118877
-1 0.0 0 0 -0.0017276642513235415
-1 0.0 0 0 0.004332331794403058
51 0.022641437128186226 22 23 -0.06010496885632411
-1 0.0 0 0 -0.012492756008503128
11 -0.09129684418439865 24 25 0.009772431792743516
-1 0.0 0 0 -0.01794623191965766
-1 0.0 0 0 0.005290213228794932
-1 0.0 0 0 0.0015077990323365692
-1 0.0 0 0 0.001661252027157831
-1 0.0 0 0 0.002730657185305776
nodes 29
24 0.06834910809993744 1 22 0.0
95 -0.11576087772846222 2 3 -0.006363625202669392
-1 0.0 0 0 -0.0068298495552480964
76 0.06673239171504974 4 21 -0.0028874641603960083
37 -0.1258210390806198 5 14 -0.01315739318233397
94 -0.06407427787780762 6 9 0.021366881045572054
0 0.21476057171821594 7 8 0.06444697858644753
-1 0.0 0 0 -0.008230887153236789
-1 0.0 0 0 0.008228281525546138
30 -0.09639318287372589 10 11 -0.004443011279581475
-1 0.0 0 0 -0.013590859335483658
2 0.3312810957431793 12 13 0.013205453577435812
-1 0.0 0 0 -0.004720642366965489
-1 0.0 0 0 0.004462251336774861
70 0.02398580126464367 15 20 -0.025468308600310584
5 1.2169338464736938 16 19 -0.04489520872038756
104 0.11210492253303528 17 18 -0.07126522575985185
-1 0.0 0 0 -0.008799274522154775
-1 0.0 0 0 0.0017337430328777691
-1 0.0 0 0 -0.0013692439554168856
-1 0.0 0 0 -0.0005452124219885325
-1 0.0 0 0 0.0016211335799663639
56 0.014438004232943058 23 24 0.015865826956104598
-1 0.0 0 0 -0.00031301516585217795
17 -0.1562107503414154 25 26 0.039307641364804996
-1 0.0 0 0 0.01691797440525405
2 0.4539714753627777 27 28 0.03196164347201257
-1 0.0 0 0 0.0022513169776490873
-1 0.0 0 0 0.013248542407523099
nodes 29
32 -0.10237830877304077 1 2 0.0
-1 0.0 0 0 0.002253937936070728
77 0.039320748299360275 3 28 -0.004444517671687132
21 0.0973677709698677 4 5 0.004156119747297091
-1 0.0 0 0 -0.0018396758635146869
29 0.04824473708868027 6 15 0.016768225421350823
2 0.38007909059524536 7 8 -0.002409988823740565
-1 0.0 0 0 -0.0026834013036926632
69 0.13715705275535583 9 12 0.03033801490911241
23 0.08081840723752975 10 11 0.0448131179191842
-1 0.0 0 0 0.006470560207844371
-1 0.0 0 0 -0.005388926674465087
9 0.13577616214752197 13 14 -0.09527801270984215
-1 0.0 0 0 -0.007054729920870415
-1 0.0 0 0 -0.0959901803961167
2 0.21481740474700928 16 17 0.0420393255233431
-1 0.0 0 0 -0.006334460808940171
1 0.35576730966567993 18 25 0.05386612551779906
39 0.055686116218566895 19 22 0.07878399581596295
2 0.41024595499038696 20 21 0.025369695421863105
-1 0.0 0 0 0.001457429201948605
-1 0.0 0 0 0.02947854151159687
17 -0.12211582064628601 23 24 0.12313495177601524
-1 0.0 0 0 0.02342189727102503
-1 0.0 0 0 0.00977775273944869
23 0.07202426344156265 26 27 -0.01297090339916128
-1 0.0 0 0 0.0018021895146604272
-1 0.0 0 0 -0.014614373817610798
-1 0.0 0 0 -0.002408630832874699
nodes 29
11 -0.01803620718419552 1 18 0.0
68 0.03135136887431145 2 17 -0.01111876965047369
29 0.04609900712966919 3 8 0.00040806587939037214
25 -0.046793222427368164 4 7 -0.017186044863656044
19 0.016115235164761543 5 6 -0.06944563006005379
-1 0.0 0 0 -0.0025165455962907683
-1 0.0 0 0 -0.014358788775308365
-1 0.0 0 0 -0.00016913771528740415
21 0.09238894283771515 9 10 0.02634032160010183
-1 0.0 0 0 -0.004009319389298868
94 -0.07943836599588394 11 16 0.050801857917069614
1 0.3819916248321533 12 15 0.10157222505949903
2 0.21481740474700928 13 14 0.12257867587930363
-1 0.0 0 0 -0.005236415273975581
-1 0.0 0 0 0.015580908487928891
-1 0.0 0 0 -0.00943510690391813
-1 0.0 0 0 0.001706748564432311
-1 0.0 0 0 -0.0038166581115003126
30 0.013372939079999924 19 20 0.00898968612096687
-1 0.0 0 0 -0.0007275318872991045
2 0.4374435544013977 21 28 0.0257722737681462
108 -0.03479881212115288 22 25 0.016327811099670554
7 0.012000000104308128 23 24 -0.03483487840394267
-1 0.0 0 0 -0.019790179659886997
-1 0.0 0 0 -0.0018340918922211955
34 0.20936203002929688 26 27 0.030417685160151944
-1 0.0 0 0 0.0011055305639756131
-1 0.0 0 0 0.006928717959602958
-1 0.0 0 0 0.007866630420175552
nodes 29
43 -0.13570423424243927 1 6 0.0
101 -0.08683869242668152 2 3 0.015212489875518915
-1 0.0 0 0 -0.003956058774149423
2 0.3355397880077362 4 5 0.02193712577507988
-1 0.0 0 0 -0.00019163795950946248
-1 0.0 0 0 0.004178513880170862
5 1.4709033966064453 7 22 -0.006458958426342714
37 0.0732792317867279 8 21 -0.012218295466344379
81 -0.0557493194937706 9 12 -0.007615514013695283
58 -0.08099208772182465 10 11 0.015680423328807654
-1 0.0 0 0 -0.007828608729197634
-1 0.0 0 0 0.0023431908445272227
57 -0.06873282045125961 13 14 -0.018815091939946696
-1 0.0 0 0 -0.005819811440448796
26 0.124419204890728 15 20 -0.009604064218506066
96 -0.04557818919420242 16 19 -0.01714403595606143
14 0.07289741188287735 17 18 -5.569639740642308e-05
-1 0.0 0 0 0.0009930501108491754
-1 0.0 0 0 -0.007023813435802015
-1 0.0 0 0 -0.004429903465416907
-1 0.0 0 0 0.004799947387091427
-1 0.0 0 0 -0.00680370691957387
2 0.4184110760688782 23 24 0.022724005558716717
-1 0.0 0 0 0.0014213569317215622
73 -0.034315917640924454 25 28 0.20804378056557718
55 -0.008653036318719387 26 27 -0.0004764142483639132
-1 0.0 0 0 0.024435774770540163
-1 0.0 0 0 -0.024097722820294775
-1 0.0 0 0 0.03725104130948828
nodes 29
54 -0.05608132667839527 1 4 0.0
35 -0.05384969711303711 2 3 -0.019758612795336125
-1 0.0 0 0 -0.006477850307784952
-1 0.0 0 0 -0.0008369669244353225
84 0.19483546912670135 5 28 0.0049396531808936
20 -0.12210466712713242 6 7 0.0022313687954747157
-1 0.0 0 0 -0.003635577886179714
57 0.06669314950704575 8 9 0.005964709351897474
-1 0.0 0 0 -0.00020948774882656045
84 -0.03997187316417694 10 11 0.02686522089123079
-1 0.0 0 0 -0.0021170184565040794
2 0.2729111909866333 12 13 0.03994529925024329
-1 0.0 0 0 -0.0029772104548989567
96 -0.10174105316400528 14 15 0.051370953906566076
-1 0.0 0 0 0.0088820382167981
80 0.0955180898308754 16 21 0.02478107184667929
79 -0.12954318523406982 17 20 0.04438812415916303
37 -0.01359678152948618 18 19 0.14116722745169552
-1 0.0 0 0 0.021625550281339462
-1 0.0 0 0 -0.002699922257710973
-1 0.0 0 0 0.002693983365250935
24 0.12366760522127151 22 27 -0.05527232088370219
1 0.34843844175338745 23 24 -0.0897082062548241
-1 0.0 0 0 -0.0015750661705209311
63 -0.12453153729438782 25 26 -0.21402947746092504
-1 0.0 0 0 0.01248413433082575
-1 0.0 0 0 -0.028634434243896403
-1 0.0 0 0 0.01887571154489509
-1 0.0 0 0 0.005484495569045063
nodes 29
9 0.09433812648057938 1 28 0.0
104 -0.12662509083747864 2 3 0.0030096645643593847
-1 0.0 0 0 -0.003763351327652499
27 0.01691177673637867 4 5 0.005920136891243643
-1 0.0 0 0 -0.000865886915269314
2 0.31957384943962097 6 7 0.015464163299925768
-1 0.0 0 0 -0.001118927433040915
49 0.02459252066910267 8 13 0.025760713508997366
39 -0.11281253397464752 9 10 -0.029396935307928338
-1 0.0 0 0 -0.024161850359594225
99 0.052983514964580536 11 12 -0.018071587818937907
-1 0.0 0 0 -0.005198986716290731
-1 0.0 0 0 0.0055916067187328465
34 -0.014750909060239792 14 15 0.03475375214937157
-1 0.0 0 0 -0.005289466140259987
5 1.3288384675979614 16 23 0.04090199518129349
68 0.08339004963636398 17 22 0.031783004195219906
57 -0.13445380330085754 18 19 0.04011226761877143
-1 0.0 0 0 -0.006233820311197761
84 -0.032386116683483124 20 21 0.045793650836109895
-1 0.0 0 0 1.6750000447560585e-05
-1 0.0 0 0 0.005931118775618649
-1 0.0 0 0 -0.0024601419784586005
76 -0.08451096713542938 24 25 0.10375652026024994
-1 0.0 0 0 -0.008558459215683293
3 0.28956660628318787 26 27 0.13067461985229523
-1 0.0 0 0 -0.016604793558461946
-1 0.0 0 0 0.014852544878738001
-1 0.0 0 0 -0.003187690744263087
nodes 29
78 0.09287197887897491 1 28 0.0
76 -0.03173484653234482 2 17 0.0037015873291419694
2 0.4059367775917053 3 4 -0.016618645049018284
-1 0.0 0 0 -0.0035907545272979183
23 0.026577576994895935 5 8 0.019406748942046678
60 -0.016704745590686798 6 7 0.056073297153911565
-1 0.0 0 0 -0.0026669066264200895
-1 0.0 0 0 0.009145060154837749
18 0.09115495532751083 9 12 -0.0496714287250103
7 0.012000000104308128 10 11 -0.023023942948537258
-1 0.0 0 0 -0.02035020193700244
-1 0.0 0 0 0.0013857987606476186
69 0.006562558468431234 13 14 -0.3011976969078168
-1 0.0 0 0 -0.0006013592910298174
55 0.02399892359972 15 16 -0.5068086934853987
-1 0.0 0 0 -0.07679202691992609
-1 0.0 0 0 -0.016694918223878457
95 -0.09847956150770187 18 19 0.010219357181699133
-1 0.0 0 0 -0.003734695913465985
27 -0.032732363790273666 20 21 0.014104668824353387
-1 0.0 0 0 -0.0013867589382837732
2 0.29110369086265564 22 23 0.021728232949174617
-1 0.0 0 0 -0.001276704855985055
5 1.2520055770874023 24 25 0.029867240402858534
-1 0.0 0 0 0.0016907057078275889
14 0.05785960331559181 26 27 0.06705721963472415
-1 0.0 0 0 0.00859262059896163
-1 0.0 0 0 -0.001727350295954379
-1 0.0 0 0 -0.002579548287202745
nodes 29
40 0.0030403409618884325 1 28 0.0
2 0.3865007758140564 2 11 -0.012828999899627635
6 1.0830591917037964 3 10 -0.029844749008143743
7 0.6940000057220459 4 9 -0.054647031534675386
37 0.0090972064062953 5 8 -0.051701665213801914
42 -0.009576335549354553 6 7 -0.032310930920112564
-1 0.0 0 0 -9.501687341283064e-05
-1 0.0 0 0 -0.009489372696599163
-1 0.0 0 0 -0.01366754502114996
-1 0.0 0 0 -0.06251201056556342
-1 0.0 0 0 0.002287586709521667
49 -0.05562940612435341 12 15 0.00891062991450513
9 0.05937519297003746 13 14 -0.1665009021825446
-1 0.0 0 0 -0.010238877506356082
-1 0.0 0 0 -0.050094148282384135
60 -0.007748299743980169 16 19 0.015624680559072922
26 0.06841479986906052 17 18 -0.027646230653306764
-1 0.0 0 0 -0.006292650007411348
-1 0.0 0 0 0.005777794832298973
5 1.428338646888733 20 21 0.04071417199810013
-1 0.0 0 0 0.0031620725338036555
76 0.16219845414161682 22 27 0.2011157722429973
38 -0.15155348181724548 23 24 0.25150322044388423
-1 0.0 0 0 -0.04819211681049479
7 0.5580000281333923 25 26 0.28716656280460967
-1 0.0 0 0 0.025148636041718964
-1 0.0 0 0 0.1095323146879673
-1 0.0 0 0 -0.043970921000417995
-1 0.0 0 0 0.0007617250580407272
nodes 29
19 -0.047336287796497345 1 4 0.0
1 0.3547671437263489 2 3 0.013043907310515078
-1 0.0 0 0 0.0024025674564184716
-1 0.0 0 0 -0.0015106260331642371
98 0.13487498462200165 5 28 -0.007238006606396401
81 -0.03649665787816048 6 7 -0.004172943030937624
-1 0.0 0 0 0.0013203898530175656
104 -0.028649114072322845 8 17 -0.015961513513316605
6 1.0522103309631348 9 16 -0.044945368137530944
70 -0.0659751445055008 10 11 -0.07345871184372527
-1 0.0 0 0 -0.017335818454358293
11 0.07454528659582138 12 15 -0.05272202837323921
58 0.19643771648406982 13 14 -0.07675332013890358
-1 0.0 0 0 -0.008936867427204766
-1 0.0 0 0 0.010997035797512468
-1 0.0 0 0 0.004935835372416701
-1 0.0 0 0 0.0003009795330219064
2 0.43841150403022766 18 23 -0.0025525300959243088
42 0.059877458959817886 19 22 -0.01267287969930275
73 -0.24050478637218475 20 21 -0.003204985413269334
-1 0.0 0 0 0.024748249213798378
-1 0.0 0 0 -0.0005815722104996218
-1 0.0 0 0 -0.007474443636264046
104 0.13862210512161255 24 27 0.04510739050135458
23 -0.06019510701298714 25 26 0.01767148958076598
-1 0.0 0 0 0.010858101561784494
-1 0.0 0 0 -0.0020835240474360384
-1 0.0 0 0 0.01620901053904667
-1 0.0 0 0 -0.006821564404733801
nodes 29
8 82.5 1 28 0.0
6 0.9751198887825012 2 25 -0.001636397382249109
34 -0.04443572461605072 3 4 -0.026245535457179336
-1 0.0 0 0 -0.020296058626055106
22 -0.029188264161348343 5 14 -0.020606885967576698
72 -0.11723078787326813 6 7 0.013764882959682267
-1 0.0 0 0 -0.015675350135591414
87 -0.03870651125907898 8 9 0.026572057747334357
-1 0.0 0 0 0.009656020053375345
15 0.10237756371498108 10 11 -0.0049371268681281805
-1 0.0 0 0 -0.0025079195750852654
93 0.06907105445861816 12 13 0.14524496567850165
-1 0.0 0 0 0.020583391544495677
-1 0.0 0 0 -0.027052058616717313
85 0.08469011634588242 15 24 -0.04179670085587458
70 -0.14113850891590118 16 17 -0.06696252784126312
-1 0.0 0 0 -0.02952936385916795
21 0.018397049978375435 18 21 -0.058455250945778435
23 0.11663713306188583 19 20 -0.18772939610984865
-1 0.0 0 0 -0.02381930989656215
-1 0.0 0 0 0.01823377581658187
42 -0.07118512690067291 22 23 -0.043531350144385
-1 0.0 0 0 0.001372645531137667
-1 0.0 0 0 -0.007488825842600778
-1 0.0 0 0 0.0015199221325629796
101 -0.10652630776166916 26 27 0.003307067578603581
-1 0.0 0 0 -0.003515730854329144
-1 0.0 0 0 0.0006827442753732875
-1 0.0 0 0 0.005778253770524868
nodes 29
0 0.4964250326156616 1 28 0.0
73 -0.027819499373435974 2 15 -0.003358067193757018
39 0.029697105288505554 3 4 0.00759074752264378
-1 0.0 0 0 -0.0013069245707155706
1 0.37894049286842346 5 12 0.02170601811221654
53 -0.10581158101558685 6 11 0.031562231535690904
2 0.2511189877986908 7 8 0.06307042122062471
-1 0.0 0 0 -0.0027017249886422015
34 0.05805186182260513 9 10 0.08615012908442758
-1 0.0 0 0 -0.0026120857254188007
-1 0.0 0 0 0.010824427362628342
-1 0.0 0 0 0.0012482180866617606
18 0.0711464062333107 13 14 -0.034299849436087354
-1 0.0 0 0 -0.0012276905451082877
-1 0.0 0 0 -0.018825729364122013
2 0.44425368309020996 16 27 -0.016463393256333766
6 1.0550416707992554 17 26 -0.02422121921262682
27 -0.1041257232427597 18 19 -0.04111696088224505
-1 0.0 0 0 -0.017066166105446923
14 0.134970024228096 20 25 -0.03463654920124119
9 0.04114667326211929 21 24 -0.02962396974642806
56 -0.058807119727134705 22 23 -0.01580694234959643
-1 0.0 0 0 -0.006711079686184274
-1 0.0 0 0 8.93291739856809e-06
-1 0.0 0 0 -0.008904527162539122
-1 0.0 0 0 -0.019351193562398446
-1 0.0 0 0 0.0006151394485654139
-1 0.0 0 0 0.00538133830536151
-1 0.0 0 0 0.0028357716735029183
nodes 29
24 -0.1321018785238266 1 2 0.0
-1 0.0 0 0 -0.003869466388481021
105 0.00017446708807256073 3 12 0.0024186991967007254
100 0.1537669152021408 4 11 -0.008066137939577231
56 -0.1212201789021492 5 6 -0.0131537718360523
-1 0.0 0 0 -0.006440623240709747
57 -0.06999165564775467 7 10 -0.00810150299553306
20 0.015916800126433372 8 9 -0.04072669088189299
-1 0.0 0 0 -0.008415102332703279
-1 0.0 0 0 0.0005233032523419501
-1 0.0 0 0 1.7051260585980074e-05
-1 0.0 0 0 0.004357763688522006
52 -0.0643465518951416 13 20 0.012560550815989592
2 0.32952550053596497 14 15 0.03923208494100665
-1 0.0 0 0 -0.0023021446818637624
58 0.05029449984431267 16 17 0.062026495075221545
-1 0.0 0 0 0.002198836467183091
10 -0.06428387016057968 18 19 0.09703632579433055
-1 0.0 0 0 0.0007826316735138494
-1 0.0 0 0 0.012615476949972174
70 -0.037964750081300735 21 22 0.0025350424609243685
-1 0.0 0 0 -0.0030235203807377417
93 0.05068974941968918 23 28 0.014070505539971575
107 -0.014560725539922714 24 27 0.026292849221934783
31 -0.13497599959373474 25 26 0.0461599622259466
-1 0.0 0 0 -0.006971878972373263
-1 0.0 0 0 0.005410190646360163
-1 0.0 0 0 -0.000173397090872474
-1 0.0 0 0 -0.0029808209998613104
nodes 29
35 -0.10610045492649078 1 18 0.0
1 0.29048919677734375 2 3 -0.032488351349025606
-1 0.0 0 0 0.0009600202227173677
7 0.5080000162124634 4 15 -0.06908011575464405
76 0.005661304574459791 5 10 -0.06266043340621555
34 0.15760888159275055 6 9 -0.12391413306164428
93 0.10241702944040298 7 8 -0.1837138198486642
-1 0.0 0 0 -0.014818093194381064
-1 0.0 0 0 -0.047091352539367914
-1 0.0 0 0 -0.0009419610798691533
73 0.04189421609044075 11 14 -0.02100293766494227
77 0.08042450249195099 12 13 0.017223240316456112
-1 0.0 0 0 0.005463488314075973
-1 0.0 0 0 -0.014475336537637393
-1 0.0 0 0 -0.01483337981241073
10 0.004483107477426529 16 17 -0.4902316577555168
-1 0.0 0 0 -0.0156193424604441
-1 0.0 0 0 -0.09979697721451522
79 0.025992508977651596 19 28 0.002765296133393315
23 0.046870872378349304 20 27 0.008991488332596907
75 0.03576016053557396 21 22 0.018206621467988977
-1 0.0 0 0 0.0001329407189805901
21 0.14690391719341278 23 24 0.03437331332986801
-1 0.0 0 0 0.001001068512818728
0 0.26624077558517456 25 26 0.06086400887073515
-1 0.0 0 0 -0.004974308234892185
-1 0.0 0 0 0.007339270499305556
-1 0.0 0 0 -0.001149230543390775
-1 0.0 0 0 -0.0014276190836494994
nodes 29
6 0.7125368714332581 1 10 0.0
4 0.9814891219139099 2 9 -0.15039669929170607
2 0.3446445167064667 3 4 -0.18984147051103342
-1 0.0 0 0 0.008692961192726004
89 -0.21244217455387115 5 6 -0.29542451307082684
-1 0.0 0 0 0.04118860626504535
77 0.1070956364274025 7 8 -0.3550772122280433
-1 0.0 0 0 -0.043718490521702486
-1 0.0 0 0 0.020171558085348807
-1 0.0 0 0 0.05852482839487493
5 1.381852149963379 11 22 0.0005933909426022722
87 0.11666929721832275 12 21 -0.0044490941971408494
65 0.021699918434023857 13 16 0.00012241804720980232
75 0.03207160905003548 14 15 -0.01319698019523674
-1 0.0 0 0 -0.004064229604545291
-1 0.0 0 0 0.001054372285221546
18 -0.1135360449552536 17 20 0.013044116015686745
98 -0.02337256260216236 18 19 0.05167000717665443
-1 0.0 0 0 0.009877964374450538
-1 0.0 0 0 2.2450392334137675e-05
-1 0.0 0 0 0.00022681277354916408
-1 0.0 0 0 -0.003920182062674841
7 0.1340000033378601 23 28 0.02018269518613575
2 0.4184110760688782 24 25 0.08441433796396368
-1 0.0 0 0 0.00683279414424675
1 0.2949203848838806 26 27 0.23432044099398547
-1 0.0 0 0 0.04134133718256697
-1 0.0 0 0 0.00771980184055934
-1 0.0 0 0 -0.00018667837674387776
nodes 29
72 0.022769471630454063 1 24 0.0
6 1.0475746393203735 2 23 -0.00955400440858833
0 0.42755356431007385 3 12 -0.020191995538217506
27 -0.12256591022014618 4 5 -0.04910990138023697
-1 0.0 0 0 -0.0296892695596086
4 0.9186004996299744 6 11 -0.04295219803355068
33 0.1100040078163147 7 10 -0.08303260468443295
101 -0.05021750181913376 8 9 -0.0733377145880349
-1 0.0 0 0 -0.017586960157610427
-1 0.0 0 0 -0.00486039292598221
-1 0.0 0 0 -0.03725343517248513
-1 0.0 0 0 -0.0012791621414937504
9 -0.0900215283036232 13 14 -0.0004035263004957763
-1 0.0 0 0 0.004577926312135678
104 -0.0033623247873038054 15 20 -0.017355071382661597
35 0.026682928204536438 16 19 -0.05599589287752201
61 -0.06248825788497925 17 18 -0.10436913451354844
-1 0.0 0 0 0.0002990775449014509
-1 0.0 0 0 -0.0153086600259899
-1 0.0 0 0 -0.0006434031007698956
53 -0.1733110249042511 21 22 0.008320489136528405
-1 0.0 0 0 -0.010812739970330144
-1 0.0 0 0 0.0021657364325728583
-1 0.0 0 0 0.0009344924607600801
44 0.05528073012828827 25 28 0.009186686949285398
31 0.11471126228570938 26 27 0.016583140128964623
-1 0.0 0 0 0.0023174460767923636
-1 0.0 0 0 -0.002497078704539734
-1 0.0 0 0 -0.0022102730713350637
nodes 29
81 0.14788803458213806 1 28 0.0
92 0.18019281327724457 2 27 0.0019880349770488898
46 -0.08423855900764465 3 4 0.003809110090202821
-1 0.0 0 0 -0.0019830125920973786
59 -0.09691804647445679 5 6 0.008617849682776523
-1 0.0 0 0 -0.00418785378265898
62 0.0318315289914608 7 22 0.01181142383830332
2 0.2923676371574402 8 9 0.021221891779976715
-1 0.0 0 0 -0.0008947227978322356
34 0.17878010869026184 10 17 0.028972240112346007
6 1.0572707653045654 11 16 0.013375896084877478
34 -0.07668910175561905 12 13 0.0020852505669113216
-1 0.0 0 0 -0.014403058651989948
85 -0.057032566517591476 14 15 0.007264214546831364
-1 0.0 0 0 -0.0055347164061939815
-1 0.0 0 0 0.0017813413568777963
-1 0.0 0 0 0.006084716238952026
32 -0.13203606009483337 18 19 0.05730801691669877
-1 0.0 0 0 0.015937744457999854
5 1.1747071743011475 20 21 0.04489232513965521
-1 0.0 0 0 0.0018212513753829978
-1 0.0 0 0 0.00829160530896094
17 -0.10876601934432983 23 24 -0.0061767741247909
-1 0.0 0 0 0.004592789371147681
71 -0.025764042511582375 25 26 -0.01565822486723813
-1 0.0 0 0 -0.0045633413616389135
-1 0.0 0 0 0.00020195085867276853
-1 0.0 0 0 -0.005456717612499323
-1 0.0 0 0 -0.004410598289008749
nodes 29
0 0.4826299548149109 1 28 0.0
78 0.09287197887897491 2 23 -0.004077547773947386
41 0.23447780311107635 3 22 0.0002700072830985589
61 0.009943561628460884 4 21 -0.003056334879561208
24 -0.11266490817070007 5 6 0.007737386703983465
-1 0.0 0 0 -0.004931620809825245
44 0.05130709707736969 7 20 0.012701100580161263
52 0.06794917583465576 8 17 0.021022316011872284
2 0.30060023069381714 9 10 0.02963407575385892
-1 0.0 0 0 -0.0008348024333671085
58 -0.032881155610084534 11 14 0.04235375030249756
82 0.01246847677975893 12 13 -0.017334606231447874
-1 0.0 0 0 -0.007614023243222497
-1 0.0 0 0 0.004261418251411276
21 0.17605526745319366 15 16 0.055017089759362967
-1 0.0 0 0 0.0036149174110933855
-1 0.0 0 0 0.009445863386869289
1 0.35162150859832764 18 19 -0.01723355205040279
-1 0.0 0 0 0.0007598872625151019
-1 0.0 0 0 -0.009661138566727685
-1 0.0 0 0 -0.002559970160635576
-1 0.0 0 0 -0.0021267742490884
-1 0.0 0 0 0.0056488827387269035
6 1.0830591917037964 24 27 -0.03529442545863161
89 -0.05927068740129471 25 26 -0.054500704078522
-1 0.0 0 0 -0.0016273802881781154
-1 0.0 0 0 -0.011089484544797138
-1 0.0 0 0 0.002403146505717171
-1 0.0 0 0 0.0021283490844389266
nodes 29
40 0.061741434037685394 1 28 0.0
2 0.3881100118160248 2 19 -0.007369056944058873
6 1.0856603384017944 3 14 -0.0183179479049571
42 -0.015978321433067322 4 11 -0.03182692684736578
59 -0.012883693911135197 5 6 -0.008801029990927956
-1 0.0 0 0 -0.00733006706231144
96 -0.10174105316400528 7 8 0.006732219339746588
-1 0.0 0 0 0.004277392054665802
34 0.24613967537879944 9 10 -0.02540366403074486
-1 0.0 0 0 -0.004768643836143739
-1 0.0 0 0 0.007028119044811128
82 -0.1037760004401207 12 13 -0.07215633766537134
-1 0.0 0 0 -0.0194331224622787
-1 0.0 0 0 -0.0057413380388019394
1 0.30120518803596497 15 16 0.013653427376636771
-1 0.0 0 0 0.00218472113177548
65 0.006772161461412907 17 18 -0.2554828363695535
-1 0.0 0 0 -0.05077273504997509
-1 0.0 0 0 -0.006316381454653009
28 -0.0868358388543129 20 21 0.008661562398940706
-1 0.0 0 0 0.006389496147837063
1 0.3505837917327881 22 27 -0.0035726694660331436
82 -0.18987973034381866 23 24 0.06186809319137584
-1 0.0 0 0 -0.0326743323931989
24 -0.04504632204771042 25 26 0.0730007888384421
-1 0.0 0 0 -0.002992776214118614
-1 0.0 0 0 0.011675408702422686
-1 0.0 0 0 -0.0017106108269961152
-1 0.0 0 0 0.0011612106039298577
nodes 29
49 0.24801526963710785 1 26 0.0
21 0.2661623954772949 2 23 -0.0029943682656730954
74 -0.040170688182115555 3 4 -0.00560926511423362
-1 0.0 0 0 -0.0028396838603873217
108 -0.032537706196308136 5 6 -0.00013713925368010274
-1 0.0 0 0 -0.0024281485949987757
25 -0.03916674852371216 7 8 0.008053142639297732
-1 0.0 0 0 -0.0018757239646070385
33 -0.059560392051935196 9 22 0.01751554757682321
2 0.2729111909866333 10 11 0.040198699433074865
-1 0.0 0 0 -0.003069994309352165
41 0.16391447186470032 12 13 0.05203620002459757
-1 0.0 0 0 0.0029499199042690577
3 0.723947286605835 14 19 0.1313112804511316
2 0.3176983892917633 15 16 0.21391503795295902
-1 0.0 0 0 0.008912838401526462
19 0.043505240231752396 17 18 0.29688220759659434
-1 0.0 0 0 0.03896603193531377
-1 0.0 0 0 0.004150811210509879
105 -0.08358336985111237 20 21 0.07661061234098143
-1 0.0 0 0 -0.010104920467487179
-1 0.0 0 0 0.011223391755238645
-1 0.0 0 0 3.780735283147956e-05
59 -0.025157966651022434 24 25 0.040611396469034555
-1 0.0 0 0 -0.0044865380091700215
-1 0.0 0 0 0.0076516853178946985
83 0.1526132971048355 27 28 0.02882337967409607
-1 0.0 0 0 0.0022203676966957428
-1 0.0 0 0 0.021388989904967067
nodes 29
8 92.5 1 28 0.0
41 -0.10740414261817932 2 17 -0.0007649337531528391
6 1.079498291015625 3 12 -0.053141349146619554
7 0.5680000185966492 4 11 -0.09035785271710703
88 0.08769070357084274 5 8 -0.08093548285034836
2 0.5074802041053772 6 7 -0.11659428305829726
-1 0.0 0 0 -0.010747735586190302
-1 0.0 0 0 -0.07197140822043786
37 0.04904748126864433 9 10 0.04138330921856869
-1 0.0 0 0 0.009914289867460698
-1 0.0 0 0 -0.02826704913659578
-1 0.0 0 0 -0.08773002249223216
1 0.30418661236763 13 14 0.051449859163543527
-1 0.0 0 0 0.008235510452020539
48 0.04268641769886017 15 16 -0.463189661340869
-1 0.0 0 0 -0.003732019175703709
-1 0.0 0 0 -0.10168199717998505
99 0.002989234635606408 18 19 0.0009190973521001096
-1 0.0 0 0 -0.0009469667281221056
85 0.0744868591427803 20 21 0.010101985098423465
-1 0.0 0 0 -0.0002483033461946789
71 -0.12362603098154068 22 23 0.034315304339023626
-1 0.0 0 0 -0.00533075197648523
2 0.3568324148654938 24 27 0.04281676523079003
53 -0.08813003450632095 25 26 0.011679539233857436
-1 0.0 0 0 0.0052051012229704695
-1 0.0 0 0 -0.003565615891554264
-1 0.0 0 0 0.007058060680039994
-1 0.0 0 0 0.0112223796742147
nodes 29
54 -0.0161763783544302 1 2 0.0
-1 0.0 0 0 -0.001255421765466593
98 0.08129584044218063 3 28 0.006615453357187022
2 0.3388058543205261 4 5 0.012175827269294937
-1 0.0 0 0 -0.0007367913883528756
27 -0.007418056484311819 6 17 0.02536414405766861
21 0.0342538096010685 7 10 -0.010184005917558548
29 0.16755187511444092 8 9 -0.08128154634602153
-1 0.0 0 0 -0.006696040307899876
-1 0.0 0 0 -0.04974626491664712
18 0.08911421149969101 11 14 0.007527887629662768
54 0.11486536264419556 12 13 0.019822646140048736
-1 0.0 0 0 -0.0002600612671361421
-1 0.0 0 0 0.009548253751880202
60 -0.007748299743980169 15 16 -0.11693078511234489
-1 0.0 0 0 -0.028661879830009854
-1 0.0 0 0 -0.00160249955329903
95 -0.004364169202744961 18 21 0.04023516995983681
34 0.16432100534439087 19 20 0.005607136020410815
-1 0.0 0 0 -0.0026910662187458016
-1 0.0 0 0 0.005111856864250211
81 0.1307879388332367 22 27 0.05812672573146064
3 0.7454621195793152 23 24 0.06562860355585141
-1 0.0 0 0 0.01055582273065803
87 0.11477776616811752 25 26 0.04548153008884604
-1 0.0 0 0 0.00612676289499748
-1 0.0 0 0 -0.0067410195295129136
-1 0.0 0 0 -0.00507135748898686
-1 0.0 0 0 -0.0028276170898217552
nodes 29
26 -0.10633779317140579 1 6 0.0
77 0.03193717449903488 2 5 -0.028832065009162827
19 -0.046351559460163116 3 4 -0.006190225302672611
-1 0.0 0 0 0.00471010884064907
-1 0.0 0 0 -0.0036630683171956038
-1 0.0 0 0 -0.0076687082103688055
73 0.15735465288162231 7 28 0.0028584879834429515
68 0.028106093406677246 8 27 0.004599303938759558
30 -0.0042518069967627525 9 14 0.011651748272093589
100 0.16430816054344177 10 11 -0.003836031242414802
-1 0.0 0 0 -0.0009845832123290316
96 -0.14685817062854767 12 13 0.07672633114542277
-1 0.0 0 0 0.019816069409716877
-1 0.0 0 0 0.0027685530722602277
9 -0.030587762594223022 15 26 0.023983966570319232
84 -0.05216046795248985 16 17 0.04371042914931063
-1 0.0 0 0 -0.0022315293788758507
95 -0.15567441284656525 18 19 0.055079700954290475
-1 0.0 0 0 -0.01791298697043051
2 0.31107234954833984 20 21 0.05931409136296153
-1 0.0 0 0 0.00016232158873193285
79 0.10724146664142609 22 23 0.0789669671733944
-1 0.0 0 0 0.008794187330184635
57 0.06042597442865372 24 25 -0.04385996836017033
-1 0.0 0 0 -0.013002859052224086
-1 0.0 0 0 0.015021350497782632
-1 0.0 0 0 0.0004721909862208364
-1 0.0 0 0 -0.0011639194646053087
-1 0.0 0 0 -0.005837462672315094
nodes 29
6 1.0522103309631348 1 26 0.0
27 -0.0748862475156784 2 3 -0.006237021109158871
-1 0.0 0 0 -0.005881089840073272
0 0.4461750388145447 4 25 -0.0009051216426189119
73 0.1057840883731842 5 24 -0.0158892329255461
33 -0.06498277932405472 6 9 -0.010405505238769564
29 0.08840349316596985 7 8 0.015392909617021975
-1 0.0 0 0 -0.0005161268837267311
-1 0.0 0 0 0.007020583591415427
14 0.134970024228096 10 23 -0.02949175174972024
4 0.8961055874824524 11 16 -0.024102273624980543
8 39.5 12 13 -0.0601764743304592
-1 0.0 0 0 -0.03467825651888289
34 0.2648753821849823 14 15 -0.05243854216399643
-1 0.0 0 0 -0.007209753452258318
-1 0.0 0 0 0.005543585034770072
5 1.8800028562545776 17 22 -0.0031620150909989404
84 0.09782454371452332 18 21 -0.008028925297037273
99 -0.14370712637901306 19 20 -0.03096900864708325
-1 0.0 0 0 -0.021721647448027456
-1 0.0 0 0 -0.0022533542564054884
-1 0.0 0 0 0.004735537759004183
-1 0.0 0 0 0.031633957877585835
-1 0.0 0 0 -0.023012535607612444
-1 0.0 0 0 -0.010989883163865464
-1 0.0 0 0 0.0018882327603931975
7 0.19599999487400055 27 28 0.013159114093776656
-1 0.0 0 0 0.005581537555183252
-1 0.0 0 0 5.69091378913061e-05
nodes 29
55 0.07033278793096542 1 26 0.0
65 -0.019210562109947205 2 5 0.004326075923470095
107 -0.025825239717960358 3 4 -0.013415367320595166
-1 0.0 0 0 0.0008569854957664972
-1 0.0 0 0 -0.003648364885078818
49 0.25855308771133423 6 25 0.012490254477143541
34 0.25127261877059937 7 22 0.00834925089597694
95 -0.0022880947217345238 8 13 0.00268243177300185
59 0.03769790753722191 9 12 -0.018900383300010256
2 0.44425368309020996 10 11 -0.0496101814741986
-1 0.0 0 0 -0.007015713338229733
-1 0.0 0 0 0.005471229707737538
-1 0.0 0 0 0.0004130242770715468
60 0.20115019381046295 14 21 0.014142769190842876
10 -0.02599170431494713 15 20 0.010695258068038978
99 -0.04842471703886986 16 19 -0.014115058524011527
1 0.34336036443710327 17 18 -0.06639387053356728
-1 0.0 0 0 -0.002051824021757799
-1 0.0 0 0 -0.015557714047423342
-1 0.0 0 0 0.0005073627738781415
-1 0.0 0 0 0.0027394898653614265
-1 0.0 0 0 0.016650684922897757
32 -0.06779751926660538 23 24 0.048316454420350104
-1 0.0 0 0 0.011376748899962033
-1 0.0 0 0 0.001982617738314358
-1 0.0 0 0 0.006263242776260652
40 -0.023808427155017853 27 28 -0.018656848297263297
-1 0.0 0 0 -0.005849980485741811
-1 0.0 0 0 -0.0002276401953767613
nodes 29
62 0.1614731103181839 1 26 0.0
6 0.7125368714332581 2 7 0.0016034927776045122
70 0.04732958972454071 3 6 -0.1466441244701855
1 0.2938568592071533 4 5 -0.2752925567908571
-1 0.0 0 0 -0.018985029861039383
-1 0.0 0 0 -0.08086593805840521
-1 0.0 0 0 0.006836968898883911
5 1.1734683513641357 8 25 0.0021904538351044944
15 -0.04278014972805977 9 14 -0.00761291953783515
47 -0.0955505445599556 10 11 -0.035431034617627484
-1 0.0 0 0 -0.011862531325818763
18 0.05300327390432358 12 13 -0.023440998221185654
-1 0.0 0 0 -0.0009251432985623344
-1 0.0 0 0 -0.00944838173043399
59 0.07427249103784561 15 24 0.007247957980723008
2 0.43268442153930664 16 19 0.02762879237426791
29 0.04932263866066933 17 18 0.0077963263621134244
-1 0.0 0 0 -0.002852251222259813
-1 0.0 0 0 0.005757092493850001
60 0.09779229015111923 20 23 0.06610920819722399
70 0.06419146060943604 21 22 0.03839662262302764
-1 0.0 0 0 -0.00019801812890843647
-1 0.0 0 0 0.011249609298661131
-1 0.0 0 0 0.015022483911117946
-1 0.0 0 0 -0.0020853152249633955
-1 0.0 0 0 0.0011568570350515893
0 0.4705188274383545 27 28 -0.0495119924562355
-1 0.0 0 0 -0.008150999123984653
-1 0.0 0 0 0.00410513301083681
nodes 29
106 -0.09703443199396133 1 2 0.0
-1 0.0 0 0 -0.0030525140156869046
37 0.13109190762043 3 20 0.0025981943175266424
87 -0.011944430880248547 4 19 0.004178051086528687
34 0.09564409404993057 5 10 0.01635061962159537
75 0.02316274121403694 6 9 -0.009327553467569524
6 1.0976545810699463 7 8 -0.04363356556754028
-1 0.0 0 0 -0.0071929060650277035
-1 0.0 0 0 0.003902477268112348
-1 0.0 0 0 0.0019266718504958313
85 0.12710106372833252 11 16 0.028993596013706865
9 0.0992179587483406 12 15 0.018682246413947935
73 0.17270009219646454 13 14 0.025590633811245954
-1 0.0 0 0 0.002810213304834759
-1 0.0 0 0 -0.021713238129118073
-1 0.0 0 0 -0.0065054199694700296
2 0.2744106948375702 17 18 0.078730272575157
-1 0.0 0 0 -0.0045374760216145655
-1 0.0 0 0 0.010696002129083575
-1 0.0 0 0 -0.00045151842714991
1 0.2602100372314453 21 22 -0.06502027610175669
-1 0.0 0 0 0.003270525634418138
59 0.05712437257170677 23 28 -0.11586014847247592
64 -0.03828873112797737 24 25 -0.19027900218647212
-1 0.0 0 0 -0.0038154396428759178
30 0.047612134367227554 26 27 -0.27835114236199016
-1 0.0 0 0 -0.018251012399730038
-1 0.0 0 0 -0.04939934336825422
-1 0.0 0 0 -0.001975633076234838
nodes 29
0 0.49756383895874023 1 26 0.0
4 0.9039457440376282 2 13 -0.0029923176336682355
28 -0.0007583241094835103 3 10 -0.013938815081445805
6 1.0944085121154785 4 7 -0.0413748428647136
34 0.24613967537879944 5 6 -0.05761833204078516
-1 0.0 0 0 -0.007119187380692434
-1 0.0 0 0 0.0013058312717789218
1 0.2949203848838806 8 9 0.022527070694284723
-1 0.0 0 0 0.0034867904545807845
-1 0.0 0 0 -0.034390076520478624
96 -0.17672742903232574 11 12 0.0038147929045276355
-1 0.0 0 0 0.005126634927749261
-1 0.0 0 0 -0.0006154920225674137
3 0.7065461277961731 14 25 0.008050654928625034
2 0.31107234954833984 15 16 0.06055875470104095
-1 0.0 0 0 0.00026659671837273133
41 -0.059036679565906525 17 18 0.11516873281124254
-1 0.0 0 0 -0.010462290357907711
34 0.13719314336776733 19 22 0.1416871741275499
66 0.06168147176504135 20 21 0.06967085436111983
-1 0.0 0 0 0.013259860558847581
-1 0.0 0 0 -0.01028857464887368
66 -0.10647878050804138 23 24 0.21692810522680517
-1 0.0 0 0 -0.006006094754436022
-1 0.0 0 0 0.025861635660347555
-1 0.0 0 0 0.00013309748124164825
107 0.023236265406012535 27 28 0.026355638253052253
-1 0.0 0 0 0.005079547832983123
-1 0.0 0 0 -0.00173819797885924
nodes 29
43 -0.09138130396604538 1 2 0.0
-1 0.0 0 0 0.0009292302357493116
6 1.080673635005951 3 28 -0.008390817094688871
75 -0.1132793053984642 4 5 -0.016651773423410163
-1 0.0 0 0 -0.00996952412356676
40 -0.11174891889095306 6 9 -0.011928379122764083
2 0.4016634523868561 7 8 -0.07446615384721265
-1 0.0 0 0 -0.01440946102650314
-1 0.0 0 0 -0.0007980494890083754
41 -0.03590737283229828 10 11 -0.006595646883567184
-1 0.0 0 0 -0.005618651030934429
21 0.24874496459960938 12 27 0.00045174033982744023
14 -0.01596081629395485 13 16 -0.005936089501675036
76 -0.0009873296367004514 14 15 0.013096651186152324
-1 0.0 0 0 -0.0026190206823476217
-1 0.0 0 0 0.0032935237090400264
2 0.4494783282279968 17 20 -0.03191009098253231
99 -0.07647204399108887 18 19 -0.048192129344334714
-1 0.0 0 0 -0.01316661727259261
-1 0.0 0 0 -0.0031788889739588107
38 0.07561402022838593 21 26 0.04475022147268602
73 0.05305440351366997 22 25 0.08500038160132724
33 -0.03776731714606285 23 24 0.03646246868063087
-1 0.0 0 0 -0.007988473998008483
-1 0.0 0 0 0.014644156089098196
-1 0.0 0 0 0.025078572053825122
-1 0.0 0 0 -0.011111600226009316
-1 0.0 0 0 0.006873600950447054
-1 0.0 0 0 0.0022152641890612825
nodes 29
89 -0.2259141057729721 1 10 0.0
2 0.3840238153934479 2 5 0.04178820146854796
28 -0.1262509673833847 3 4 -0.0060377232601294935
-1 0.0 0 0 -0.028536496533673596
-1 0.0 0 0 0.0009704520005482701
59 0.1438724398612976 6 9 0.09480344940825494
17 -0.22851447761058807 7 8 0.12330005281869347
-1 0.0 0 0 -0.05338228805498644
-1 0.0 0 0 0.013169047912984162
-1 0.0 0 0 -0.007040111189146343
6 0.9562504291534424 11 28 -0.0018840196860456008
4 0.7208066582679749 12 13 -0.02871782457638477
-1 0.0 0 0 0.007113009088180519
49 -0.10754616558551788 14 17 -0.0418291670102885
103 0.053230270743370056 15 16 -0.44809643584195263
-1 0.0 0 0 -0.072544313625743
-1 0.0 0 0 0.001992612110916525
79 0.21804077923297882 18 27 -0.03837362501448956
104 0.06879926472902298 19 22 -0.036768647991829745
6 0.7125368714332581 20 21 -0.05761034209585837
-1 0.0 0 0 -0.03196517594567523
-1 0.0 0 0 -0.004980469104108022
58 0.09255312383174896 23 26 0.0124827978618718
0 0.5062798261642456 24 25 -0.033028296274251946
-1 0.0 0 0 -0.0064856114852170944
-1 0.0 0 0 0.020911006488965763
-1 0.0 0 0 0.010318704435871724
-1 0.0 0 0 -0.0685885555036366
-1 0.0 0 0 0.00017945872446133732
nodes 29
7 0.8500000238418579 1 28 0.0
19 -0.047336287796497345 2 7 0.0005421654070053278
80 -0.09907902032136917 3 4 0.012403627025903424
-1 0.0 0 0 -0.003071531526304229
9 -0.055037353187799454 5 6 0.018703368618426898
-1 0.0 0 0 0.0042392443712590735
-1 0.0 0 0 0.00041137928137174667
50 0.004803553689271212 8 27 -0.006032156096835726
1 0.4736008048057556 9 24 -0.017579855918976883
26 -0.0672561377286911 10 11 -0.016407445909154342
-1 0.0 0 0 -0.005308161590232846
15 0.0591522678732872 12 17 -0.008324497011786253
81 0.12808920443058014 13 16 -0.018422511288486796
80 0.12672707438468933 14 15 -0.012302149118065453
-1 0.0 0 0 -0.00043552776917580644
-1 0.0 0 0 -0.0068221210069770765
-1 0.0 0 0 -0.009555664505350987
2 0.3743872046470642 18 19 0.029443836602631963
-1 0.0 0 0 -0.0013207603254543922
105 -0.11771296709775925 20 23 0.07010862089305857
103 -0.0026032724417746067 21 22 -0.09778227491603632
-1 0.0 0 0 -0.02861096725156087
-1 0.0 0 0 0.007416882724009501
-1 0.0 0 0 0.008854369964856702
47 -0.030698690563440323 25 26 -0.31644245972721907
-1 0.0 0 0 -0.07332001864910126
-1 0.0 0 0 -0.004027770102831973
-1 0.0 0 0 0.0008136082053481711
-1 0.0 0 0 -0.014520122415308256
nodes 29
8 82.5 1 28 0.0
7 0.0 2 15 -0.0014464384725169444
67 0.002636165590956807 3 8 -0.07183500548013266
85 -0.07175928354263306 4 7 -0.0109260495299143
28 0.016391856595873833 5 6 -0.25909630399148326
-1 0.0 0 0 -0.0465075422446301
-1 0.0 0 0 0.0061755784370828995
-1 0.0 0 0 0.0026035477730319374
23 0.07947679981589317 9 10 -0.16098277838302003
-1 0.0 0 0 -0.009779180094529587
38 0.012502660974860191 11 14 -0.42591680230710793
106 0.07652539014816284 12 13 -0.6569235411435855
-1 0.0 0 0 -0.09160404697833385
-1 0.0 0 0 -0.023697541541708958
-1 0.0 0 0 -0.01283487997380859
53 0.07714959979057312 16 17 -0.00017380103680098903
-1 0.0 0 0 0.00023079860962107158
101 -0.09792524576187134 18 21 -0.03498871389720417
3 0.7968555688858032 19 20 -0.16139177464416382
-1 0.0 0 0 -0.02590084042809307
-1 0.0 0 0 1.933282015450073e-05
98 -0.0626053735613823 22 23 -0.0193196519018693
-1 0.0 0 0 0.0036877660184074347
1 0.40014728903770447 24 27 -0.05558547622733424
6 1.0782663822174072 25 26 -0.08549775165798783
-1 0.0 0 0 -0.012604790338409581
-1 0.0 0 0 0.0011905685778860501
-1 0.0 0 0 0.004630800559221266
-1 0.0 0 0 0.005107492962547978
nodes 29
27 0.06722689419984818 1 2 0.0
-1 0.0 0 0 -0.0006864046223507813
90 -0.07057137787342072 3 12 0.010639577993404247
72 -0.09269102662801743 4 7 -0.016048579742565097
46 -0.0544239804148674 5 6 -0.09914154220623639
-1 0.0 0 0 0.006875689328323552
-1 0.0 0 0 -0.015048100405411277
7 0.006000000052154064 8 11 -0.0064600863185819025
65 0.04704570770263672 9 10 -0.11915616153674735
-1 0.0 0 0 -0.001874617026834526
-1 0.0 0 0 -0.02613496653007103
-1 0.0 0 0 0.0001494056193518166
2 0.2697857916355133 13 14 0.023380878329847133
-1 0.0 0 0 -0.0029621918794209556
42 -0.10451365262269974 15 26 0.03016784933430029
66 -0.14210377633571625 16 17 0.07081287408957804
-1 0.0 0 0 0.023159716511999138
50 0.11074256151914597 18 25 0.057538595722311375
29 0.04717431589961052 19 20 0.04006054943334638
-1 0.0 0 0 0.0002290852132055524
33 0.01926925592124462 21 24 0.10961710724512479
77 0.022041451185941696 22 23 0.15684257214418867
-1 0.0 0 0 0.022887751091564358
-1 0.0 0 0 0.0020298732980386126
-1 0.0 0 0 -0.003169508078189418
-1 0.0 0 0 0.0200109054637658
84 -0.008307982236146927 27 28 0.018169210716886597
-1 0.0 0 0 -0.0016078390222023274
-1 0.0 0 0 0.0034435222366851906
nodes 29
11 -0.01803620718419552 1 20 0.0
21 0.1872146874666214 2 13 -0.00949406977768114
91 0.1460171639919281 3 12 -0.019143014769056683
7 0.03799999877810478 4 11 -0.01517688985984757
4 0.713226318359375 5 6 -0.04979031771405222
-1 0.0 0 0 0.00879832092501563
26 0.18511871993541718 7 10 -0.06306318147128416
70 -0.0020790720591321588 8 9 -0.07079518602061825
-1 0.0 0 0 -0.012275046381060006
-1 0.0 0 0 -0.0040914745452778015
-1 0.0 0 0 0.015563738976030592
-1 0.0 0 0 -0.00038350018567217967
-1 0.0 0 0 -0.010112300435623167
75 -0.02521008625626564 14 19 0.01494087704387276
89 -0.10647524893283844 15 16 -0.04681670065718972
-1 0.0 0 0 0.005620847938769315
88 0.2294214367866516 17 18 -0.0908380361813914
-1 0.0 0 0 -0.008133509114625235
-1 0.0 0 0 -0.07009926449892849
-1 0.0 0 0 0.0031681230786482746
38 0.00781468115746975 21 28 0.00767609310301077
2 0.4494783282279968 22 27 0.02144000962569741
74 -0.03324566036462784 23 24 0.013506091451490385
-1 0.0 0 0 -0.003771411834189458
108 0.02526995912194252 25 26 0.02592526166597128
-1 0.0 0 0 0.00014738921240832687
-1 0.0 0 0 0.004641659110912479
-1 0.0 0 0 0.00853238892976782
-1 0.0 0 0 -0.0007778787172607001
nodes 29
82 -0.18987973034381866 1 6 0.0
1 0.388459175825119 2 5 -0.06051902103595464
53 -0.07575440406799316 3 4 -0.12073257484290525
-1 0.0 0 0 -0.003267136780867122
-1 0.0 0 0 -0.02052619152848572
-1 0.0 0 0 0.011781041306705466
5 1.1734683513641357 7 16 0.001210516197215889
15 -0.04278014972805977 8 13 -0.008254737991593505
18 -0.012590150348842144 9 12 -0.03314369318215268
93 -0.020258700475096703 10 11 -0.008997595676038509
-1 0.0 0 0 0.0025859152874065077
-1 0.0 0 0 -0.0047074186618718955
-1 0.0 0 0 -0.007200849420336639
59 0.07427249103784561 14 15 0.005085446896290455
-1 0.0 0 0 0.002376708625102644
-1 0.0 0 0 -0.0020658344509952376
59 0.03668736666440964 17 18 0.010170042221186882
-1 0.0 0 0 -0.0009260379992860562
2 0.32588279247283936 19 20 0.024343535082014086
-1 0.0 0 0 -0.0006005422237090265
6 0.8849597573280334 21 22 0.052669631540175676
-1 0.0 0 0 -0.0059658313882181135
34 0.03274541720747948 23 24 0.0635841540249469
-1 0.0 0 0 -0.0009883979963817876
49 0.16937032341957092 25 28 0.07951896379896811
43 -0.2630341947078705 26 27 0.056252742389339576
-1 0.0 0 0 0.03260438453958913
-1 0.0 0 0 0.004976137127994365
-1 0.0 0 0 0.01352444697271154
nodes 29
73 -0.07125408202409744 1 2 0.0
-1 0.0 0 0 0.0011464030929915373
2 0.4494783282279968 3 20 -0.006361340150925406
6 1.0550416707992554 4 19 -0.011897878506336905
7 0.550000011920929 5 18 -0.022640418536970016
75 -0.08679451793432236 6 7 -0.02037780242397358
-1 0.0 0 0 -0.00837149473040245
21 0.07305638492107391 8 11 -0.014610414899229906
57 -0.03262723609805107 9 10 -0.05163095494940691
-1 0.0 0 0 -0.01269403673035041
-1 0.0 0 0 -0.002296470934008214
34 0.26262766122817993 12 17 -0.002947622876473894
0 0.44682857394218445 13 16 -0.012051903737745832
76 0.22112074494361877 14 15 -0.030229738879861964
-1 0.0 0 0 -0.002613126130496204
-1 0.0 0 0 -0.023243957561873724
-1 0.0 0 0 0.0023010840940453563
-1 0.0 0 0 0.006524943867826517
-1 0.0 0 0 -0.028626711348321312
-1 0.0 0 0 0.0008845172803457232
39 0.06399556994438171 21 24 0.03614197460369814
38 0.083638496696949 22 23 0.07058567735213843
-1 0.0 0 0 0.009994240007594414
-1 0.0 0 0 -0.004720476428889002
6 0.9025515913963318 25 28 -0.02933476287151692
36 0.1104164719581604 26 27 -0.3518686209653699
-1 0.0 0 0 -0.021274576732598315
-1 0.0 0 0 -0.11100881733000278
-1 0.0 0 0 -0.0012184363986889127
nodes 29
79 -0.059709761291742325 1 24 0.0
89 0.01899617724120617 2 21 0.010730742983535558
60 0.024900594726204872 3 12 0.019494880634108404
77 0.16183491051197052 4 11 -9.278592268638579e-05
73 0.050171006470918655 5 8 0.004807679065693672
96 0.02048516646027565 6 7 0.01644313807078501
-1 0.0 0 0 0.0028646896607247433
-1 0.0 0 0 -0.00525370652340891
91 -0.027275944128632545 9 10 -0.05067468527911069
-1 0.0 0 0 0.0037280149960864325
-1 0.0 0 0 -0.009860484987568273
-1 0.0 0 0 -0.012757765480356365
2 0.29110369086265564 13 14 0.040069093979500904
-1 0.0 0 0 -0.0022197621933244447
43 -0.1523796170949936 15 20 0.05401480418706724
83 -0.07954973727464676 16 17 0.11026320233859095
-1 0.0 0 0 -0.001728856544697233
36 -0.029308879747986794 18 19 0.13988472857639533
-1 0.0 0 0 0.0029510585435337817
-1 0.0 0 0 0.018746766787256973
-1 0.0 0 0 0.003681497612227605
6 0.9025515913963318 22 23 -0.03005497813185055
-1 0.0 0 0 -0.020878739581218858
-1 0.0 0 0 -0.0020859741209389433
61 0.14813251793384552 25 26 -0.0068100293560292395
-1 0.0 0 0 -0.00043797959400711174
47 -0.05186379700899124 27 28 -0.0787901860575156
-1 0.0 0 0 -0.021784947790724485
-1 0.0 0 0 -0.0038481843875121514
nodes 29
84 0.17650152742862701 1 16 0.0
39 0.09925146400928497 2 15 -0.0024242456293645546
2 0.44425368309020996 3 14 -0.008681571939993438
6 1.0818469524383545 4 13 -0.01411910783854872
41 -0.0733170211315155 5 6 -0.022966446182750917
-1 0.0 0 0 -0.010624753320965012
43 -0.24148869514465332 7 8 -0.01804033999269488
-1 0.0 0 0 0.006501364890823622
14 -0.03735532984137535 9 12 -0.022493579308472927
72 -0.09910031408071518 10 11 -0.0035069879884936706
-1 0.0 0 0 -0.009119023597365009
-1 0.0 0 0 0.0005382309620457841
-1 0.0 0 0 -0.004231450305092057
-1 0.0 0 0 0.001457629459651257
-1 0.0 0 0 0.002450594413169779
-1 0.0 0 0 0.001280694568704564
101 -0.05021750181913376 17 20 0.03011596344603185
10 0.03354698047041893 18 19 -0.03752227170617592
-1 0.0 0 0 -0.009339799946968168
-1 0.0 0 0 0.006745636833435005
18 0.06581135094165802 21 28 0.04883674318396082
2 0.3404717445373535 22 25 0.06313594496422426
28 0.05717138200998306 23 24 0.015397514133294413
-1 0.0 0 0 -0.006124160728128554
-1 0.0 0 0 0.008454925513961913
38 -0.1010030135512352 26 27 0.10447128185506914
-1 0.0 0 0 0.026486668369326158
-1 0.0 0 0 0.008054857755099308
-1 0.0 0 0 -0.0060656106056305595
nodes 29
56 -0.17137740552425385 1 2 0.0
-1 0.0 0 0 -0.0050780689689802275
35 -0.10610045492649078 3 16 0.0014338101444595472
2 0.313972532749176 4 5 -0.029412461838465413
-1 0.0 0 0 0.003114240777442321
76 0.07811767607927322 6 7 -0.05247526636118236
-1 0.0 0 0 -0.008025849486449368
14 -0.07593490928411484 8 11 0.014075257728144759
34 0.04988803714513779 9 10 0.12327002037960669
-1 0.0 0 0 -0.016005162545479835
-1 0.0 0 0 0.018420616150141886
106 -0.024312125518918037 12 13 -0.0410248619155027
-1 0.0 0 0 0.012318938719392082
52 0.03865845128893852 14 15 -0.10486262627517628
-1 0.0 0 0 -0.0037847898922722407
-1 0.0 0 0 -0.028046603220799528
0 0.49756383895874023 17 18 0.004071441317220679
-1 0.0 0 0 8.008214118492594e-05
107 0.10435935109853745 19 22 0.03418253127536505
104 0.0030215345323085785 20 21 0.046570782836967084
-1 0.0 0 0 0.00027776810223401554
-1 0.0 0 0 0.008095313333381165
24 -0.004093144554644823 23 28 -0.0637173228503987
2 0.48406878113746643 24 25 -0.18098466831894863
-1 0.0 0 0 -0.01006286334573038
80 -0.08188846707344055 26 27 -0.6678477030689143
-1 0.0 0 0 0.0038014888408638182
-1 0.0 0 0 -0.09832331162822888
-1 0.0 0 0 0.004752442779170401
nodes 29
0 0.20887574553489685 1 4 0.0
6 1.038118839263916 2 3 -0.04732774724452252
-1 0.0 0 0 -0.02606916663824846
-1 0.0 0 0 -0.003442063621860322
81 -0.06842956691980362 5 6 0.0015332582680449751
-1 0.0 0 0 0.0016757096161561392
18 -0.10619496554136276 7 10 -0.004282331216046574
98 -0.027177751064300537 8 9 0.01787296206312206
-1 0.0 0 0 0.004548427214092265
-1 0.0 0 0 -0.0011035936170696863
6 1.0771117210388184 11 20 -0.01113219699527549
49 0.12638747692108154 12 15 -0.01830727139285422
88 -0.07291097939014435 13 14 -0.038749641199028254
-1 0.0 0 0 -0.009741744511640745
-1 0.0 0 0 -0.002700737975872725
72 -0.11723078787326813 16 17 -0.0011812865601961507
-1 0.0 0 0 -0.009292469170286876
42 0.007461376488208771 18 19 0.004872225780236771
-1 0.0 0 0 0.002062166216314186
-1 0.0 0 0 -0.0033335291594800785
1 0.30226463079452515 21 22 0.01683359247584718
-1 0.0 0 0 0.0025943726933665874
59 0.04739343002438545 23 28 -0.15610906969963606
16 0.005611071828752756 24 25 -0.30439418035402466
-1 0.0 0 0 -0.012052509788550254
104 0.03696450963616371 26 27 -0.5589821406950554
-1 0.0 0 0 -0.026054152944790465
-1 0.0 0 0 -0.10034681574461309
-1 0.0 0 0 -0.0001737629876597159
nodes 29
61 -0.026291050016880035 1 26 0.0
24 -0.15569449961185455 2 3 0.009331542394101446
-1 0.0 0 0 -0.007867235003128626
31 -0.14148348569869995 4 5 0.012392687815868827
-1 0.0 0 0 -0.00563325635492318
2 0.32238057255744934 6 7 0.01634128408500769
-1 0.0 0 0 -0.0009127919759964439
5 1.1747071743011475 8 17 0.027850740770226364
107 -0.07666820287704468 9 16 0.006834636714351552
26 0.08057846128940582 10 15 0.05114227512709759
6 1.0225573778152466 11 14 0.023231276623790834
98 0.09060060232877731 12 13 -0.013868471111891928
-1 0.0 0 0 0.001128902525369023
-1 0.0 0 0 -0.021148828982931064
-1 0.0 0 0 0.01019467660414105
-1 0.0 0 0 0.013573118008999886
-1 0.0 0 0 -0.0013890462097061382
49 0.27838584780693054 18 25 0.05881548064866524
108 -0.02825329452753067 19 20 0.05201370926694325
-1 0.0 0 0 -7.019614612375844e-05
40 -0.021539559587836266 21 24 0.07223775300760335
72 -0.07562839239835739 22 23 0.014141667049699685
-1 0.0 0 0 -0.014586600030329223
-1 0.0 0 0 0.00427687950895176
-1 0.0 0 0 0.010231672861837604
-1 0.0 0 0 0.024148926787865035
46 0.034916263073682785 27 28 -0.00766549297359086
-1 0.0 0 0 -0.001980592434077095
-1 0.0 0 0 0.0012346599657760363
nodes 29
106 0.13596953451633453 1 26 0.0
5 1.2569383382797241 2 23 -0.0036489729542087423
37 -0.08111928403377533 3 16 -0.010944851583133361
80 0.05603819340467453 4 13 0.006137425540265317
56 -0.09646353870630264 5 8 0.02047711313062649
10 -0.09955741465091705 6 7 -0.04650369585356499
-1 0.0 0 0 -0.019546392869658126
-1 0.0 0 0 -0.0016157092058245238
2 0.3421030342578888 9 12 0.03091917589867027
94 -0.11827728152275085 10 11 -0.010987933709525754
-1 0.0 0 0 0.007917409745012908
-1 0.0 0 0 -0.005376904145226026
-1 0.0 0 0 0.005023285163377216
14 0.1263934075832367 14 15 -0.025841559924492333
-1 0.0 0 0 -0.0014988424330188077
-1 0.0 0 0 -0.02281946920964697
70 0.025806855410337448 17 20 -0.02459593070610253
44 0.19079573452472687 18 19 -0.0451528061499337
-1 0.0 0 0 -0.004280692534680555
-1 0.0 0 0 -0.032974324342391385
95 -0.16391034424304962 21 22 -0.004322265342349532
-1 0.0 0 0 -0.02065207854214509
-1 0.0 0 0 -0.00010346966566321609
2 0.40514370799064636 24 25 0.011002654864674201
-1 0.0 0 0 0.0005130444346507344
-1 0.0 0 0 0.007348024351726343
61 0.14813251793384552 27 28 0.01961363691309314
-1 0.0 0 0 0.0023926998965888868
-1 0.0 0 0 -0.011644519431243845
nodes 29
54 -0.04979974776506424 1 2 0.0
-1 0.0 0 0 -0.00159353942459615
8 82.5 3 28 0.004484388422106026
52 -0.09389672428369522 4 27 0.0027678826306185614
2 0.35445094108581543 5 6 0.02517350741417744
-1 0.0 0 0 -0.0017996834413979087
34 -0.03332540765404701 7 8 0.05734778065837839
-1 0.0 0 0 -0.0176017078959879
21 -0.1927991807460785 9 10 0.0689707393845141
-1 0.0 0 0 -0.034848654692963006
49 -0.09432274103164673 11 12 0.0724010001172376
-1 0.0 0 0 -0.02478279272494392
58 0.13884934782981873 13 26 0.0763758474924479
85 0.06569672375917435 14 25 0.05944169279593174
25 0.07005602866411209 15 24 0.028430255137508326
69 -0.062367696315050125 16 21 -0.0013061546696104336
73 0.09727411717176437 17 20 -0.12134254258501881
3 0.9689882397651672 18 19 -0.17163770528629602
-1 0.0 0 0 -0.020441476842352507
-1 0.0 0 0 0.049073211227854095
-1 0.0 0 0 0.027866117327357644
96 -0.15276621282100677 22 23 0.02815031225781098
-1 0.0 0 0 0.016756734523575158
-1 0.0 0 0 -0.00027826139497488334
-1 0.0 0 0 0.01120603128929255
-1 0.0 0 0 0.011488254869139892
-1 0.0 0 0 0.014937321700120305
-1 0.0 0 0 -0.00023686664201842092
-1 0.0 0 0 0.0066646945797948194
nodes 29
74 -0.20699872076511383 1 6 0.0
100 -0.04238944873213768 2 3 -0.13356029359858843
-1 0.0 0 0 -0.03695096567018277
50 0.12665627896785736 4 5 -0.04528553187814574
-1 0.0 0 0 0.0007480433003168351
-1 0.0 0 0 -0.05314862082845399
22 -0.0405297577381134 7 28 0.0005269628593941291
57 0.11253468692302704 8 23 0.012507805313368765
50 -0.00532501470297575 9 16 0.00495082321733616
55 -0.05727994069457054 10 13 -0.01522075691635078
101 -0.11114797741174698 11 12 0.026444877464532595
-1 0.0 0 0 -0.014223636412664867
-1 0.0 0 0 0.004100981171895969
105 -0.07945423573255539 14 15 -0.033872279240747934
-1 0.0 0 0 -0.011018627982786054
-1 0.0 0 0 -0.0015519178062592303
33 0.04269867390394211 17 22 0.022934963171520252
45 0.007042083889245987 18 21 0.03478118604380679
2 0.22813083231449127 19 20 0.05925352749418817
-1 0.0 0 0 -0.00519249975881633
-1 0.0 0 0 0.00743478901694738
-1 0.0 0 0 0.0002446153402904291
-1 0.0 0 0 -0.0031990436998608884
95 -0.06309639662504196 24 25 0.060085913812972985
-1 0.0 0 0 -0.006982388347059009
18 -0.13792403042316437 26 27 0.08195984271903493
-1 0.0 0 0 0.019699178712945405
-1 0.0 0 0 0.005728965015221189
-1 0.0 0 0 -0.0005465804155771719
nodes 29
71 -0.04071974381804466 1 2 0.0
-1 0.0 0 0 -0.0012275012620693593
34 0.13532377779483795 3 14 0.005714307567348223
6 1.0542731285095215 4 13 -0.009010081260802934
0 0.3990655839443207 5 8 -0.02219630127173652
29 0.08722423762083054 6 7 -0.0730147171909173
-1 0.0 0 0 -0.012330075209184848
-1 0.0 0 0 0.0016670026959378333
75 -0.010119067505002022 9 12 -0.008603382700065467
98 -0.1436855047941208 10 11 -0.05232381769616715
-1 0.0 0 0 0.011536665299658728
-1 0.0 0 0 -0.0072691738404553966
-1 0.0 0 0 0.0008635597836466334
-1 0.0 0 0 0.001625327154811843
89 0.12907911837100983 15 28 0.018427754549151028
1 0.16938664019107819 16 17 0.021201257416039617
-1 0.0 0 0 -0.003247352893016045
5 2.3535637855529785 18 27 0.026797082903282587
58 0.17246581614017487 19 24 0.02619249933132033
99 0.07195556908845901 20 23 0.019605325742157786
55 0.03974698856472969 21 22 0.008550654865998255
-1 0.0 0 0 0.0023473270533201705
-1 0.0 0 0 -0.002576416304223036
-1 0.0 0 0 0.0054482190949459025
88 -0.06973791867494583 25 26 0.08067986032265136
-1 0.0 0 0 -0.008288736511621219
-1 0.0 0 0 0.010212781847821803
-1 0.0 0 0 0.06372753446921707
-1 0.0 0 0 -0.009139311950161705
nodes 29
41 0.23447780311107635 1 16 0.0
106 0.10446348041296005 2 9 -0.0019280691152588722
0 0.48177462816238403 3 8 -0.007235902730456454
6 1.0666753053665161 4 7 -0.01295966128046786
7 0.6480000019073486 5 6 -0.02201563777692947
-1 0.0 0 0 -0.0020672875887134522
-1 0.0 0 0 -0.03468234935141883
-1 0.0 0 0 0.0010274223887130585
-1 0.0 0 0 0.0018144643239511643
87 0.1430722326040268 10 11 0.013977102649375135
-1 0.0 0 0 0.0019825101157772227
62 -0.024333199486136436 12 15 -0.0759449488976742
83 0.18237413465976715 13 14 0.021332872001611936
-1 0.0 0 0 0.004602548038388066
-1 0.0 0 0 -0.06565914672206749
-1 0.0 0 0 -0.014984775943523869
98 -0.06160341203212738 17 26 0.035892038999123126
79 -0.12666486203670502 18 25 0.09717915403294122
70 0.0844581201672554 19 22 0.2579668105645939
71 0.09078104048967361 20 21 0.36999989499225083
-1 0.0 0 0 0.04494130897708237
-1 0.0 0 0 -0.023423093484471677
103 -0.011084528639912605 23 24 -0.058926771102207044
-1 0.0 0 0 -0.03302210675942343
-1 0.0 0 0 0.03731345159036142
-1 0.0 0 0 0.006631160965580446
86 -0.10745173692703247 27 28 0.006194380462060419
-1 0.0 0 0 -0.01270974044321212
-1 0.0 0 0 0.002461754065459398
nodes 29
59 -0.07445862889289856 1 26 0.0
2 0.43268442153930664 2 13 -0.026581165464634165
6 1.1416352987289429 3 12 -0.04820220476377841
53 0.07714959979057312 4 11 -0.0649328837976011
104 -0.15102678537368774 5 6 -0.05082347349813373
-1 0.0 0 0 -0.025872714288702872
66 -0.1844942569732666 7 8 -0.04108469245164608
-1 0.0 0 0 -0.032355150634075625
91 -0.023713281378149986 9 10 -0.034034970785208896
-1 0.0 0 0 -0.008814147292758881
-1 0.0 0 0 0.00035158334605058607
-1 0.0 0 0 -0.022087414403550512
-1 0.0 0 0 0.0035104830713365703
96 0.07173307985067368 14 19 0.03384313578240632
45 0.029608104377985 15 18 0.06473839965407989
6 0.8095192909240723 16 17 0.11944290117157154
-1 0.0 0 0 0.08193184703588485
-1 0.0 0 0 0.01082448920645751
-1 0.0 0 0 -0.002298220252674638
69 -0.06524743884801865 20 25 -0.16839824232359654
17 -0.030719958245754242 21 22 -0.4954694678978181
-1 0.0 0 0 -0.003547101106607553
6 1.0112111568450928 23 24 -0.7990684494067682
-1 0.0 0 0 -0.11792625808822257
-1 0.0 0 0 -0.0315185009347095
-1 0.0 0 0 -0.005138569179488796
9 0.09433812648057938 27 28 0.0026353278068684135
-1 0.0 0 0 0.0005661489578271599
-1 0.0 0 0 -0.002996483003382232
nodes 29
76 -0.03065793588757515 1 26 0.0
2 0.5074802041053772 2 21 -0.01435040299110902
2 0.4059367775917053 3 8 -0.012904129508764002
6 1.0830591917037964 4 7 -0.028992220166755775
43 0.004187501035630703 5 6 -0.049108158259859556
-1 0.0 0 0 -0.0034573838008301314
-1 0.0 0 0 -0.01302828890160785
-1 0.0 0 0 0.0014318743810886173
94 -0.012530576437711716 9 14 0.018421513146046512
18 0.005956131964921951 10 11 -0.024881033874338616
-1 0.0 0 0 0.0019776917419442866
34 0.14557106792926788 12 13 -0.11456712294587414
-1 0.0 0 0 -0.01944495694522212
-1 0.0 0 0 0.0007078960041928074
23 -0.021381198428571224 15 16 0.056989957524756336
-1 0.0 0 0 0.011129619476097474
87 0.0984106957912445 17 18 0.011295966620986704
-1 0.0 0 0 0.004401076582299104
53 -0.12704986333847046 19 20 -0.18284912380002483
-1 0.0 0 0 -0.065949854667997
-1 0.0 0 0 -0.007655796329717993
70 -0.10273951292037964 22 23 -0.3033042745757848
-1 0.0 0 0 -0.10224328970625288
108 -0.07160834968090057 24 25 -0.15809561041980766
-1 0.0 0 0 -0.0914449477257828
-1 0.0 0 0 0.006881054963159841
55 0.09888321906328201 27 28 0.004808757757209627
-1 0.0 0 0 0.0009076650701465025
-1 0.0 0 0 -0.0028709336227338
nodes 29
24 0.06834910809993744 1 26 0.0
25 0.001347496174275875 2 21 -0.005250158029621403
20 0.05507253110408783 3 18 -0.018992605077833468
6 1.0818469524383545 4 15 -0.032234177684815415
75 -0.1132793053984642 5 6 -0.044037292526388556
-1 0.0 0 0 -0.016116232487858026
2 0.36876916885375977 7 12 -0.037755693282234666
91 0.04328291490674019 8 11 -0.06912081936679766
7 0.4699999988079071 9 10 -0.10396725027975505
-1 0.0 0 0 -0.00887612116699962
-1 0.0 0 0 -0.0322336826172042
-1 0.0 0 0 0.00017418280831454477
83 -0.15867358446121216 13 14 -0.01616588006921501
-1 0.0 0 0 -0.02319083179581711
-1 0.0 0 0 -0.0007748774589208922
2 0.4094078540802002 16 17 0.01330036098156993
-1 0.0 0 0 0.0008448381249480911
-1 0.0 0 0 0.07532272701251454
15 -0.05270342528820038 19 20 0.006568673995869945
-1 0.0 0 0 -0.004332462380618877
-1 0.0 0 0 0.0026722872173440913
107 0.0627630278468132 22 25 0.005727382652698306
89 -0.18199974298477173 23 24 0.013107320823839226
-1 0.0 0 0 0.006812228529875826
-1 0.0 0 0 0.0006237152191624985
-1 0.0 0 0 -0.003408384545408655
108 -0.14088128507137299 27 28 0.013089723866446025
-1 0.0 0 0 -0.009597202638253637
-1 0.0 0 0 0.0016800620335094803
nodes 29
78 0.12551265954971313 1 28 0.0
61 -0.07075414061546326 2 27 0.002211319234380199
31 -0.17551778256893158 3 4 0.017935645602018425
-1 0.0 0 0 -0.010826266538460028
53 0.10717257112264633 5 26 0.0213345080237954
2 0.29110369086265564 6 7 0.025608548489639907
-1 0.0 0 0 -0.0020157915346974194
107 -0.07560789585113525 8 11 0.03552608934504947
43 0.09201047569513321 9 10 0.07296914987068293
-1 0.0 0 0 0.008193444151578029
-1 0.0 0 0 -0.014493302333388691
3 0.7065461277961731 12 17 0.0185589478730802
27 0.06998219341039658 13 14 0.05551825339470441
-1 0.0 0 0 0.00127805604880932
19 -0.14643673598766327 15 16 0.11820606851762873
-1 0.0 0 0 0.043381850129446474
-1 0.0 0 0 0.00990832628199056
23 0.09028051048517227 18 19 -0.002565062544895573
-1 0.0 0 0 0.0013379541032258017
80 0.14353634417057037 20 25 -0.09524064223176311
84 -0.12306182086467743 21 22 -0.06596288099271161
-1 0.0 0 0 -0.05008247772231698
7 0.02199999988079071 23 24 -0.04377604955238211
-1 0.0 0 0 -0.023447342096059993
-1 0.0 0 0 0.0007375715954763377
-1 0.0 0 0 -0.0433727412475083
-1 0.0 0 0 -0.007297365191431328
-1 0.0 0 0 -0.0003545513590574573
-1 0.0 0 0 -0.003096178639535196
nodes 29
32 -0.10237830877304077 1 16 0.0
29 0.10703323036432266 2 13 0.018430961738539815
84 0.08973988890647888 3 10 0.029971420375905437
7 0.3700000047683716 4 9 0.00893601620614454
26 -0.1708209216594696 5 6 0.025197624757280945
-1 0.0 0 0 -0.023026379780222973
62 0.2086685299873352 7 8 0.03028447108463082
-1 0.0 0 0 0.003348940840393534
-1 0.0 0 0 -0.03559104758915642
-1 0.0 0 0 -0.006499175805325251
2 0.27749669551849365 11 12 0.07274964629978674
-1 0.0 0 0 -0.002516243983627562
-1 0.0 0 0 0.00951780414973541
56 -0.16156458854675293 14 15 -0.04639776171169969
-1 0.0 0 0 -0.040815239748335445
-1 0.0 0 0 -0.0034384324243151585
77 0.039320748299360275 17 28 -0.0036343829617218114
47 -0.08851094543933868 18 19 0.0032751461397789445
-1 0.0 0 0 -0.0033013489589379073
21 0.09645739942789078 20 21 0.008714131684933032
-1 0.0 0 0 -0.001151611518303765
2 0.22813083231449127 22 23 0.019712902807303014
-1 0.0 0 0 -0.0040330668823855935
29 0.050453152507543564 24 25 0.026224656113415495
-1 0.0 0 0 0.0006026955224616409
1 0.3547671437263489 26 27 0.05538035411080303
-1 0.0 0 0 0.007993167998993552
-1 0.0 0 0 -0.0010154463525873098
-1 0.0 0 0 -0.001941408829507016
nodes 29
67 0.04617805778980255 1 20 0.0
11 0.0010019575711339712 2 3 0.00488602185890696
-1 0.0 0 0 -0.0005881322786988664
41 0.12009631842374802 4 7 0.016946443973985887
12 0.1771748960018158 5 6 0.00443565076427308
-1 0.0 0 0 0.0007451671769480004
-1 0.0 0 0 -0.014907155532951225
9 -0.15871278941631317 8 9 0.040926782994981065
-1 0.0 0 0 0.016993332072121576
38 -0.061711475253105164 10 15 0.03101671935052501
67 -0.012875054031610489 11 14 0.09683421707909713
74 -0.03324566036462784 12 13 0.14744224073532983
-1 0.0 0 0 -0.0012978134991996398
-1 0.0 0 0 0.01821367726207251
-1 0.0 0 0 -0.00023960893948389128
40 0.032068803906440735 16 17 0.010254176170740134
-1 0.0 0 0 -0.002786751967129378
62 0.03668095916509628 18 19 0.039649898900635125
-1 0.0 0 0 0.007684039056555823
-1 0.0 0 0 -0.004210375970513968
60 0.1513482630252838 21 26 -0.013437017929393119
6 1.0 22 25 -0.01900256346987946
97 0.009598084725439548 23 24 -0.04928082724083626
-1 0.0 0 0 -0.0005893407171556882
-1 0.0 0 0 -0.009140058839960196
-1 0.0 0 0 -0.0006688725465082171
2 0.3872755169868469 27 28 0.05769554370459535
-1 0.0 0 0 -0.0025006528950069808
-1 0.0 0 0 0.013343754093782828
nodes 29
92 0.18019281327724457 1 26 0.0
106 -0.09703443199396133 2 3 0.0014408457696654185
-1 0.0 0 0 -0.0028466574364976326
47 0.042663656175136566 4 15 0.003963597994214558
108 -0.03932603821158409 5 6 -0.0034698902287093724
-1 0.0 0 0 -0.0028797067200897744
12 0.009698574431240559 7 12 0.0040312985262893775
76 0.05274074524641037 8 9 0.01809149596741116
-1 0.0 0 0 4.043350601179436e-05
28 0.12382327765226364 10 11 0.04058236756257768
-1 0.0 0 0 0.002705350382447891
-1 0.0 0 0 0.010529156445318131
74 -0.01874314248561859 13 14 -0.01642382583949751
-1 0.0 0 0 -0.005551272602620821
-1 0.0 0 0 -0.0003818789231590505
39 0.02188861183822155 16 17 0.01703590422429998
-1 0.0 0 0 -0.0006998452003519778
37 -0.13030850887298584 18 25 0.03232652012367235
59 0.13833612203598022 19 22 0.06746941218562792
38 0.05689256638288498 20 21 0.08760376423839497
-1 0.0 0 0 0.005512370623260748
-1 0.0 0 0 0.015608690963478248
44 -0.02386391907930374 23 24 -0.02029976526127216
-1 0.0 0 0 -0.011224840058948464
-1 0.0 0 0 0.009055605698507925
-1 0.0 0 0 0.0018933963700061786
65 -0.13544440269470215 27 28 -0.04448984430388756
-1 0.0 0 0 -0.03128215563996863
-1 0.0 0 0 -0.003316820728190536
nodes 29
8 92.5 1 28 0.0
30 -0.07656833529472351 2 3 -0.0006550327303904605
-1 0.0 0 0 -0.0017861223150155753
98 -0.02247585728764534 4 19 0.003225202473099535
76 0.06673239171504974 5 6 0.014111628229303523
-1 0.0 0 0 0.00010201938835903398
80 0.10528147965669632 7 18 0.03731648853294827
26 -0.13232876360416412 8 9 0.05018875124424732
-1 0.0 0 0 -0.008125036296363382
2 0.30911338329315186 10 11 0.05647380395137244
-1 0.0 0 0 0.0009309741457972301
81 0.10821288824081421 12 17 0.07498359509467481
14 -0.07986459136009216 13 16 0.08876137560733359
41 0.18812669813632965 14 15 0.14672123943090618
-1 0.0 0 0 0.012272111596038877
-1 0.0 0 0 0.03291065425472486
-1 0.0 0 0 0.005935821640398394
-1 0.0 0 0 -0.0037945255836668496
-1 0.0 0 0 -0.002971219170865397
6 1.0502443313598633 20 27 -0.008741773014960688
70 0.07428573071956635 21 26 -0.020159247387279887
50 0.1720508188009262 22 25 -0.03516517961240111
96 0.17810086905956268 23 24 -0.039828295143319946
-1 0.0 0 0 -0.0037108708100074294
-1 0.0 0 0 -0.03157279579377382
-1 0.0 0 0 0.011593566057413365
-1 0.0 0 0 0.0012902542325957222
-1 0.0 0 0 0.0013839551925649326
-1 0.0 0 0 0.00961001594814003
nodes 29
89 -0.12854711711406708 1 4 0.0
58 0.19358806312084198 2 3 0.013308822537721254
-1 0.0 0 0 0.0008081593312889151
-1 0.0 0 0 0.008512964230282615
69 -0.062367696315050125 5 8 -0.0046476821330470085
4 0.9186004996299744 6 7 -0.029346996748686866
-1 0.0 0 0 -0.005975799893497338
-1 0.0 0 0 0.0015753185517132038
56 -0.09331312775611877 9 12 0.0002946603598702571
45 0.07070557773113251 10 11 -0.03014474646656081
-1 0.0 0 0 -0.0012537253004396062
-1 0.0 0 0 -0.009765254645310579
73 -0.07125408202409744 13 28 0.0055861057219393
76 -0.03636203706264496 14 15 0.022869232366485852
-1 0.0 0 0 -0.002258313497464305
2 0.33298853039741516 16 17 0.036371882768549295
-1 0.0 0 0 9.811044042074215e-05
66 0.15528729557991028 18 27 0.05957356050304116
1 0.3401806354522705 19 26 0.06736673837887282
37 -0.13030850887298584 20 23 0.11131901617429975
103 0.14357483386993408 21 22 0.22358757430522025
-1 0.0 0 0 0.025927132881307432
-1 0.0 0 0 -0.011875344550450488
33 -0.06403868645429611 24 25 0.07388389367621906
-1 0.0 0 0 0.014845596524675484
-1 0.0 0 0 0.0019445858445771202
-1 0.0 0 0 0.0027898000513118483
-1 0.0 0 0 -0.013862217032728089
-1 0.0 0 0 -0.000433302748003586
nodes 29
0 0.4964250326156616 1 12 0.0
99 -0.0919175073504448 2 9 -0.0027330785434346817
5 1.1616846323013306 3 8 -0.027321123239947707
77 0.15309257805347443 4 7 -0.06372534860317906
79 -0.1210140585899353 5 6 -0.05218211745895058
-1 0.0 0 0 0.005179859694097789
-1 0.0 0 0 -0.00735798954768398
-1 0.0 0 0 -0.030315255609238763
-1 0.0 0 0 -0.0003589708873798438
42 0.1225682869553566 10 11 0.0009815436035789818
-1 0.0 0 0 0.00031510550616802415
-1 0.0 0 0 -0.006025042783182298
104 0.06769222021102905 13 24 0.02307990383968627
27 0.11878179758787155 14 15 0.0035265034312552805
-1 0.0 0 0 -0.001289023332350987
100 0.08408509194850922 16 23 0.07778860058370078
86 -0.1242356151342392 17 20 0.03341583500942832
36 0.015488803386688232 18 19 -0.2445447171936516
-1 0.0 0 0 0.006643546738867034
-1 0.0 0 0 -0.05503418986996015
15 -0.16447536647319794 21 22 0.0686419326794672
-1 0.0 0 0 -0.03457851469840693
-1 0.0 0 0 0.008998980016493493
-1 0.0 0 0 0.02460552169907985
107 -0.13524360954761505 25 26 0.06816322011076428
-1 0.0 0 0 0.02226642803586227
96 0.12756164371967316 27 28 0.05047677306081807
-1 0.0 0 0 0.006513969948654559
-1 0.0 0 0 -0.014662537864180068
nodes 29
54 -0.0161763783544302 1 26 0.0
5 1.30817711353302 2 25 -0.010709696018542322
85 -0.11744723469018936 3 4 -0.020811156863250375
-1 0.0 0 0 -0.011574065414915412
14 0.15895037353038788 5 18 -0.01586135827897406
103 0.06098305806517601 6 11 -0.012305501222312743
26 -0.09249798208475113 7 10 0.0015183983229005125
25 0.19572171568870544 8 9 -0.0695287342401011
-1 0.0 0 0 -0.005631713986361125
-1 0.0 0 0 -0.05448525408075915
-1 0.0 0 0 0.0009443747158781366
107 0.05836286023259163 12 17 -0.04620789411673383
91 0.05992962047457695 13 14 -0.026725243220202588
-1 0.0 0 0 -0.0005243141833786092
6 0.9230248928070068 15 16 -0.10829415496119857
-1 0.0 0 0 -0.044398466985801174
-1 0.0 0 0 -0.00810251775606171
-1 0.0 0 0 -0.013594763352820236
51 -0.0078016286715865135 19 24 -0.17671565172197515
2 0.37929949164390564 20 21 -0.3485131273568585
-1 0.0 0 0 -0.0005473523925516813
68 -0.0832337960600853 22 23 -0.500706754231327
-1 0.0 0 0 -0.09971740352921188
-1 0.0 0 0 -0.0356279908831824
-1 0.0 0 0 -0.006347294270219671
-1 0.0 0 0 0.0016242564836459975
68 -0.004892003256827593 27 28 0.005643481489107444
-1 0.0 0 0 0.0016591980561493334
-1 0.0 0 0 -0.0008496095164558167
nodes 29
7 0.8500000238418579 1 28 0.0
5 1.381852149963379 2 3 0.00047759593965327607
-1 0.0 0 0 -0.0003509468039969542
7 0.1340000033378601 4 27 0.015902309810876477
6 0.9116334915161133 5 20 0.06121176993977459
4 0.984504759311676 6 19 -0.03779882840990229
4 0.7245029211044312 7 8 -0.06079438667906631
-1 0.0 0 0 0.008623120396702386
20 -0.15514816343784332 9 10 -0.13694714426509366
-1 0.0 0 0 -0.0705361514606259
25 -0.0005988257471472025 11 14 -0.1098014507466299
60 0.13125520944595337 12 13 -0.2602029440189027
-1 0.0 0 0 -0.03386311296323404
-1 0.0 0 0 0.03791055993148775
2 0.41756290197372437 15 16 0.006962690559864657
-1 0.0 0 0 -0.00851319059100304
52 -0.06230488047003746 17 18 0.3000809760984554
-1 0.0 0 0 0.0854615898595916
-1 0.0 0 0 0.007322578053131249
-1 0.0 0 0 0.04779586927699192
2 0.3355397880077362 21 22 0.08671988639072366
-1 0.0 0 0 0.0029870056578576993
101 0.09672332927584648 23 24 0.12568051105774702
-1 0.0 0 0 0.009592730370526574
10 0.10145126283168793 25 26 0.2629495547455216
-1 0.0 0 0 0.03191890948083128
-1 0.0 0 0 -0.017134467129492098
-1 0.0 0 0 -0.00011859339849607268
-1 0.0 0 0 -0.012790840058130594
nodes 29
72 0.022769471630454063 1 2 0.0
-1 0.0 0 0 -0.0007920198492119828
75 0.03207160905003548 3 28 0.007615695009478126
59 0.0037570656277239323 4 9 -0.006614155113759446
56 -0.0803692415356636 5 6 -0.04689710394978759
-1 0.0 0 0 -0.012287014885935126
84 0.1406472772359848 7 8 -0.02756223730463785
-1 0.0 0 0 -0.004503536518275165
-1 0.0 0 0 0.0073009095330386535
76 0.004698575008660555 10 13 0.009369323362336824
56 -0.032936908304691315 11 12 -0.023749548677382225
-1 0.0 0 0 -0.007905632507382592
-1 0.0 0 0 0.0004304416467487077
93 -0.012132522650063038 14 25 0.027141767020714032
2 0.28332558274269104 15 16 0.05478640519826906
-1 0.0 0 0 -0.005185287133526259
28 -0.0026991984341293573 17 18 0.07447922428262058
-1 0.0 0 0 0.0012300502856684042
16 -0.11874555796384811 19 20 0.11244623135266993
-1 0.0 0 0 0.02524673179246314
63 0.047523077577352524 21 24 0.08209737299552336
38 -0.059372302144765854 22 23 0.11130403970556953
-1 0.0 0 0 0.02376641235618553
-1 0.0 0 0 0.006745995519372227
-1 0.0 0 0 -0.006771811883370627
11 0.09464132785797119 26 27 -0.002651782370061766
-1 0.0 0 0 -0.0020810027193508044
-1 0.0 0 0 0.0087042503548558
-1 0.0 0 0 0.0020837512156453657
nodes 29
0 0.45026081800460815 1 22 0.0
6 1.0475746393203735 2 21 -0.0054447490946111276
73 -0.0007617812952958047 3 16 -0.01885334925791942
99 -0.045301128178834915 4 9 -0.005158666361034909
106 0.0944177508354187 5 8 -0.046102052861754755
27 0.055709466338157654 6 7 -0.07946991891880452
-1 0.0 0 0 -0.013416610930746179
-1 0.0 0 0 -0.0027349382097982735
-1 0.0 0 0 0.002391472001976829
19 0.11958258599042892 10 15 0.008779736207600562
41 -0.03590737283229828 11 12 0.01556700151597942
-1 0.0 0 0 -0.007710464547127565
2 0.2534385621547699 13 14 0.023411156117179522
-1 0.0 0 0 -0.009084356740303357
-1 0.0 0 0 0.0030089563796620224
-1 0.0 0 0 -0.010470510595136229
85 0.1376083642244339 17 20 -0.047472213156412826
51 0.11266910284757614 18 19 -0.06315705532237936
-1 0.0 0 0 -0.00797766546992683
-1 0.0 0 0 0.000898451250809083
-1 0.0 0 0 0.002598124378996765
-1 0.0 0 0 0.0011865359305207595
49 0.09309577196836472 23 24 0.011084041901938313
-1 0.0 0 0 -0.0008652754355044338
52 -0.14539913833141327 25 26 0.027958902672845374
-1 0.0 0 0 0.013411455839691645
37 0.0016921639908105135 27 28 0.019511109290706093
-1 0.0 0 0 0.0036680578127518426
-1 0.0 0 0 -0.002147852255137903
nodes 29
82 -0.18987973034381866 1 22 0.0
1 0.388459175825119 2 19 -0.05471754851415319
86 -0.03081252984702587 3 12 -0.10810596642189955
53 -0.08421757072210312 4 7 -0.20873306890092536
32 -0.13203606009483337 5 6 -0.07935052298088657
-1 0.0 0 0 -0.06525039574597032
-1 0.0 0 0 -0.0026033924424717593
6 1.0522103309631348 8 11 -0.3005907676659076
79 -0.13607431948184967 9 10 -0.42712908740801875
-1 0.0 0 0 0.005751068160558741
-1 0.0 0 0 -0.04980519804344002
-1 0.0 0 0 -0.013423269695599916
40 0.061741434037685394 13 18 -0.04482269975175667
90 -0.14533378183841705 14 15 -0.12385146151288703
-1 0.0 0 0 0.03168591967828217
72 0.07641740143299103 16 17 -0.16273769606839075
-1 0.0 0 0 -0.02381839385419913
-1 0.0 0 0 0.0020178733525878126
-1 0.0 0 0 0.006234195624893843
49 -0.050049178302288055 20 21 0.10339845280454617
-1 0.0 0 0 -0.045337462052702907
-1 0.0 0 0 0.012806561428126152
24 -0.08841925114393234 23 28 0.0010944737248071805
59 0.007195644546300173 24 25 -0.019538860369379747
-1 0.0 0 0 -0.005882606261341783
67 0.14577405154705048 26 27 0.001370062472220239
-1 0.0 0 0 0.0007380081939468016
-1 0.0 0 0 -0.017490958325395833
-1 0.0 0 0 0.0004265228136856923
nodes 29
66 -0.033724814653396606 1 22 0.0
29 -0.05595598742365837 2 17 -0.009970352778681843
19 0.01699749007821083 3 4 -0.0474237824111368
-1 0.0 0 0 -0.001992269066364005
6 1.0944085121154785 5 16 -0.08581038575380222
2 0.397416889667511 6 7 -0.10957211312039986
-1 0.0 0 0 -0.0162462511934774
78 0.003865001956000924 8 9 -0.04394199120388428
-1 0.0 0 0 0.004440961440625716
84 0.032709185034036636 10 15 -0.15029674932705112
56 -0.06538522988557816 11 12 -0.28213584713363726
-1 0.0 0 0 0.009269703424402647
106 0.1526186317205429 13 14 -0.39671358379929866
-1 0.0 0 0 -0.032947936880460195
-1 0.0 0 0 -0.10993111304938795
-1 0.0 0 0 -0.0011981344961544925
-1 0.0 0 0 0.004751417013193238
46 0.034916263073682785 18 21 0.0005025595878021791
36 0.07677127420902252 19 20 -0.015342939723511268
-1 0.0 0 0 -0.0029217549531794095
-1 0.0 0 0 0.0019732604957370613
-1 0.0 0 0 0.0027852366170644134
62 0.00606090622022748 23 26 0.005919921748765407
24 0.035797879099845886 24 25 0.017809910697540305
-1 0.0 0 0 0.0003863786364905401
-1 0.0 0 0 0.003827522924483886
96 0.15154998004436493 27 28 -0.008707376449359566
-1 0.0 0 0 -0.0006406751029184521
-1 0.0 0 0 -0.014324775646513539
nodes 29
13 -0.08936867862939835 1 10 0.0
76 -0.07906888425350189 2 5 -0.017823248294060245
90 -0.11156275123357773 3 4 -0.081925189336433
-1 0.0 0 0 -0.02470324077307745
-1 0.0 0 0 -0.005059021283158006
95 -0.08273979276418686 6 7 -0.00905800461674449
-1 0.0 0 0 -0.00823482211494796
82 0.15687210857868195 8 9 -0.00041991105213294084
-1 0.0 0 0 0.000589146273935368
-1 0.0 0 0 -0.011342539707060395
85 -0.025649765506386757 11 12 0.0033161351146118586
-1 0.0 0 0 -0.0013867096281819625
2 0.3576561510562897 13 14 0.009170204772870102
-1 0.0 0 0 -0.0004884020614463399
60 0.1373569667339325 15 28 0.02230275656666946
6 1.0991607904434204 16 27 0.01383366570473841
34 -0.014750909060239792 17 18 0.01646033596348456
-1 0.0 0 0 -0.007052479454724713
5 1.2520055770874023 19 24 0.02279233452396217
27 -0.06930895894765854 20 23 0.011404669890993691
108 0.08428122103214264 21 22 -0.06599882000246476
-1 0.0 0 0 -0.011492968385150397
-1 0.0 0 0 0.007017745035065248
-1 0.0 0 0 0.0020394437660960648
6 0.7125368714332581 25 26 0.0842267315247696
-1 0.0 0 0 -0.025142635535584754
-1 0.0 0 0 0.009574011983289292
-1 0.0 0 0 -0.021242723135564422
-1 0.0 0 0 0.008551555685844278
nodes 29
43 -0.13570423424243927 1 28 0.0
87 0.25284484028816223 2 27 0.011743539157477495
0 0.45026081800460815 3 20 0.01267067533527014
101 -0.04321742057800293 4 7 0.00338582853714427
83 -0.10226985812187195 5 6 -0.040048803230172556
-1 0.0 0 0 -0.016060991436411362
-1 0.0 0 0 -0.0019142073661095175
41 0.02948426455259323 8 9 0.01435402478465424
-1 0.0 0 0 -0.002712254784195121
2 0.2729111909866333 10 11 0.026229682465022445
-1 0.0 0 0 -0.0022005134017241182
108 -0.10100777447223663 12 13 0.04391110792552664
-1 0.0 0 0 -0.011170899933634633
20 0.05507253110408783 14 17 0.05324575692315747
38 -0.030843783169984818 15 16 0.03134118496035457
-1 0.0 0 0 0.008923891579968321
-1 0.0 0 0 -0.0007427695215980265
1 0.3692871332168579 18 19 0.11497369971715814
-1 0.0 0 0 0.013870307573876754
-1 0.0 0 0 -0.010046652447903462
49 0.0014468678273260593 21 26 0.04279637702697599
101 0.0580781027674675 22 23 -0.050743984260005856
-1 0.0 0 0 0.002115333549082665
87 0.07361431419849396 24 25 -0.21686850805288505
-1 0.0 0 0 -0.011306124068286322
-1 0.0 0 0 -0.05240819074317335
-1 0.0 0 0 0.005783601741291539
-1 0.0 0 0 -0.03371061176132364
-1 0.0 0 0 -0.000498610238627543
nodes 29
71 -0.04071974381804466 1 6 0.0
17 -0.05797572433948517 2 5 -0.01112062347318403
56 0.09681234508752823 3 4 0.01687890611870764
-1 0.0 0 0 0.0001937904494581997
-1 0.0 0 0 0.010439582313202361
-1 0.0 0 0 -0.002091022786695003
34 0.13532377779483795 7 16 0.005176912339083837
6 1.0991607904434204 8 11 -0.007643078866348422
35 0.013201560825109482 9 10 -0.015734381688892636
-1 0.0 0 0 -0.003923800492765107
-1 0.0 0 0 0.000427358843129776
1 0.31765449047088623 12 13 0.027988524026434727
-1 0.0 0 0 0.003343270978376597
100 0.0025124556850641966 14 15 -0.5064644235407271
-1 0.0 0 0 -0.10488732080169333
-1 0.0 0 0 -0.013452697132847139
49 0.11900600790977478 17 24 0.01624604942855218
74 -0.04284160956740379 18 21 -0.0022242332468222583
51 0.24448657035827637 19 20 -0.06478560897633223
-1 0.0 0 0 -0.007124245629556727
-1 0.0 0 0 0.05608111535095506
105 0.02914096973836422 22 23 0.010912313670878134
-1 0.0 0 0 -0.0012159762121336948
-1 0.0 0 0 0.004377402408756353
8 69.5 25 26 0.02939839677968144
-1 0.0 0 0 0.002283271499606687
69 -0.09710340946912766 27 28 0.09986332497299964
-1 0.0 0 0 -0.01720777571302008
-1 0.0 0 0 0.011749501896450389
nodes 29
78 0.01776251010596752 1 28 0.0
65 -0.008685970678925514 2 19 0.005806803590338522
79 -0.1487821340560913 3 4 -0.01050696768593689
-1 0.0 0 0 0.005086731703541388
4 0.8937262296676636 5 16 -0.01795761023341565
6 1.1151620149612427 6 13 -0.039873985833804984
0 0.4215336740016937 7 8 -0.05318989501499748
-1 0.0 0 0 -0.011296154733382373
30 0.08892340585589409 9 10 -0.025482487284420447
-1 0.0 0 0 -0.004698023201966652
105 0.09665559977293015 11 12 0.062252576767359784
-1 0.0 0 0 0.0022645202642082997
-1 0.0 0 0 0.029321605961837145
1 0.2938568592071533 14 15 0.03714457529445043
-1 0.0 0 0 0.004947042603920332
-1 0.0 0 0 -0.05302421670527228
104 0.10166914016008377 17 18 0.0034501392296942537
-1 0.0 0 0 -0.0011245223044574388
-1 0.0 0 0 0.00647533665311377
8 38.5 20 27 0.014806219280259
6 1.0696371793746948 21 26 -0.015629348476274604
7 0.6600000262260437 22 23 -0.057404625448906274
-1 0.0 0 0 -0.004771483091123339
73 -0.09175597876310349 24 25 -0.4387200627666475
-1 0.0 0 0 0.0028167552568695766
-1 0.0 0 0 -0.07188526319678534
-1 0.0 0 0 0.0020150682524645576
-1 0.0 0 0 0.0021906375824540967
-1 0.0 0 0 -0.000994601388313041
nodes 29
89 -0.0409989058971405 1 28 0.0
54 0.10916673392057419 2 15 0.006010970044288513
99 0.08762282878160477 3 8 0.00023738261633965332
84 -0.06925319880247116 4 7 -0.006799600985299313
26 0.18511871993541718 5 6 -0.045067648638040796
-1 0.0 0 0 -0.005193231093137995
-1 0.0 0 0 0.020696352413169673
-1 0.0 0 0 -9.580839780359306e-05
67 -0.020808164030313492 9 14 0.030217969275754677
9 -0.07222247868776321 10 11 0.06513822280132911
-1 0.0 0 0 0.013148122235743524
101 -0.12813472747802734 12 13 0.031507153399352755
-1 0.0 0 0 -0.02160783692907412
-1 0.0 0 0 0.004761941594293814
-1 0.0 0 0 0.0003690083270115933
95 0.004458085633814335 16 19 0.03746448612388892
51 -0.061411045491695404 17 18 -0.005083791330194657
-1 0.0 0 0 -0.01210042674815832
-1 0.0 0 0 0.0019562946366684744
16 -0.18772634863853455 20 23 0.06209844472977288
107 0.019924242049455643 21 22 -0.12254169949323335
-1 0.0 0 0 -0.000885483477516876
-1 0.0 0 0 -0.04257066720747389
2 0.334744930267334 24 27 0.07058321375934183
1 0.29807165265083313 25 26 0.012432782902797734
-1 0.0 0 0 0.0026287429733262025
-1 0.0 0 0 -0.03876976889919545
-1 0.0 0 0 0.010168584869784072
-1 0.0 0 0 -0.000947204251049417
nodes 29
6 1.0522103309631348 1 26 0.0
0 0.42460739612579346 2 19 -0.005202872719027936
77 0.07066816836595535 3 16 -0.022361173794077385
73 0.05167314410209656 4 13 -0.010299333824616473
20 -0.09960968047380447 5 6 0.0009332781330741572
-1 0.0 0 0 -0.007459887551222718
4 0.8559923768043518 7 8 0.010042918790723445
-1 0.0 0 0 -0.004298000018992243
33 -0.042227551341056824 9 12 0.02469293515729344
53 0.01589406095445156 10 11 0.05423279161458836
-1 0.0 0 0 0.0069869738709397436
-1 0.0 0 0 -0.004313128939564936
-1 0.0 0 0 -0.001114029724213639
108 -0.1171395480632782 14 15 -0.07535038176474448
-1 0.0 0 0 -0.03745317342109047
-1 0.0 0 0 -0.006282777738574233
68 -0.02345605194568634 17 18 -0.07936656334180513
-1 0.0 0 0 -0.003144526685135268
-1 0.0 0 0 -0.01270167898723116
43 -0.15595203638076782 20 21 0.007049836264933601
-1 0.0 0 0 0.004305832952412345
52 0.03329600766301155 22 23 -0.0008039227517123965
-1 0.0 0 0 0.0010866068129202428
104 0.12422560155391693 24 25 -0.028109470332465306
-1 0.0 0 0 -0.004126910184583908
-1 0.0 0 0 0.005164095257623162
7 0.19599999487400055 27 28 0.010977226411465516
-1 0.0 0 0 0.004908256677399789
-1 0.0 0 0 -2.6958904594696775e-05
nodes 29
27 0.06722689419984818 1 20 0.0
91 -0.1477125585079193 2 3 -0.006076791822422004
-1 0.0 0 0 -0.0051190101102381305
57 -0.044491227716207504 4 19 -0.002995712719767796
97 0.014167441986501217 5 10 -0.023008558545889526
50 0.004803553689271212 6 9 0.0024465618917323996
91 0.12427178770303726 7 8 -0.032918505631134735
-1 0.0 0 0 -0.004715773198787354
-1 0.0 0 0 0.013117820976157359
-1 0.0 0 0 0.003543350122976465
3 0.5023408532142639 11 12 -0.05188458214035695
-1 0.0 0 0 0.004277513325582403
105 -0.07025452703237534 13 18 -0.07239690256785984
6 1.0001041889190674 14 15 -0.14778064146234798
-1 0.0 0 0 -0.02679739926270788
35 -0.09280996024608612 16 17 -0.09270833506547893
-1 0.0 0 0 -0.03909149078615222
-1 0.0 0 0 -0.005226108104875297
-1 0.0 0 0 -0.004973284137795666
-1 0.0 0 0 0.0004226162332838567
90 -0.07057137787342072 21 28 0.009419298680654694
44 0.0758415088057518 22 25 -0.013000388682872777
52 -0.07416281849145889 23 24 -0.002021396683033894
-1 0.0 0 0 0.005054517683409472
-1 0.0 0 0 -0.0018453196324822894
84 0.21580646932125092 26 27 -0.080756986169145
-1 0.0 0 0 -0.009090786145404784
-1 0.0 0 0 0.046961078318418004
-1 0.0 0 0 0.0020122771470867562
nodes 29
88 -0.15642398595809937 1 28 0.0
21 0.09336332976818085 2 13 -0.041242989320794614
1 0.24624943733215332 3 4 -0.1172974690837907
-1 0.0 0 0 0.0024316645793927213
12 0.03363262116909027 5 10 -0.169617954876051
77 0.044659413397312164 6 9 -0.10641081801187131
62 -0.023476136848330498 7 8 -0.17668288288709053
-1 0.0 0 0 -3.540474751026802e-05
-1 0.0 0 0 -0.02781051077669182
-1 0.0 0 0 0.008113055257868188
22 0.07419265434145927 11 12 -0.32388622112082854
-1 0.0 0 0 -0.04101036024064972
-1 0.0 0 0 0.008617205572564427
26 0.06514566391706467 14 23 0.000500634320099587
73 0.1647678017616272 15 22 0.040111264212663644
65 -0.16254140436649323 16 17 0.0525625000095279
-1 0.0 0 0 -0.03874330548079391
101 0.14973792433738708 18 21 0.06441213224415848
75 -0.029734529554843903 19 20 0.09067256495398825
-1 0.0 0 0 -0.007565738881285824
-1 0.0 0 0 0.012736537302500298
-1 0.0 0 0 -0.014838208377872024
-1 0.0 0 0 -0.049053110842428665
54 -0.09948595613241196 24 25 -0.10768088341594552
-1 0.0 0 0 -0.05478434525430203
96 -0.02426963858306408 26 27 -0.05807239714137767
-1 0.0 0 0 0.0025185511147652125
-1 0.0 0 0 -0.025696628916517108
-1 0.0 0 0 0.00013361328216023155
nodes 29
89 -0.23877973854541779 1 28 0.0
2 0.3552711606025696 2 3 0.04127673600758434
-1 0.0 0 0 -0.002546929897665831
93 -0.0371551588177681 4 7 0.08299732856376293
68 -0.21062728762626648 5 6 0.1516890669906058
-1 0.0 0 0 -0.03742160707631189
-1 0.0 0 0 0.016546562526889245
60 0.03976941853761673 8 17 0.02290873019232077
107 0.08668085932731628 9 16 -0.07041604991667882
67 0.055541474372148514 10 13 -0.03654507274527004
11 0.02810663729906082 11 12 0.025485687893414117
-1 0.0 0 0 -0.007778128097123656
-1 0.0 0 0 0.0200748642093279
103 0.04889560118317604 14 15 -0.25652452945467774
-1 0.0 0 0 -0.004650186370734288
-1 0.0 0 0 -0.06281030919307318
-1 0.0 0 0 -0.04760416545791597
77 0.0435391329228878 18 23 0.1226050816340633
14 0.11536307632923126 19 22 0.2127434443511046
1 0.29705676436424255 20 21 0.254250788173734
-1 0.0 0 0 0.06980523934042443
-1 0.0 0 0 0.02072046816121958
-1 0.0 0 0 -0.026843428218530287
83 -0.003254636423662305 24 27 -0.0713635469975445
101 0.0433652400970459 25 26 -0.31131290222760544
-1 0.0 0 0 -0.008284045872278512
-1 0.0 0 0 -0.07005622504210031
-1 0.0 0 0 0.013471060514121372
-1 0.0 0 0 -0.0001337226115600637
nodes 29
74 -0.20699872076511383 1 4 0.0
49 0.09092675149440765 2 3 -0.11824058775396652
-1 0.0 0 0 -0.025642163655593422
-1 0.0 0 0 0.0002174326202033886
0 0.5076702833175659 5 6 0.0004665190344024395
-1 0.0 0 0 -0.00016605442552269944
3 0.8548468947410583 7 8 0.02862828963900017
-1 0.0 0 0 0.0038014944741709294
39 -0.013835391029715538 9 14 -0.09653352338011514
43 -0.007101827766746283 10 11 0.13142443300451095
-1 0.0 0 0 0.03026423106478019
26 0.045644696801900864 12 13 -0.14967954521581753
-1 0.0 0 0 -0.046323085301675095
-1 0.0 0 0 0.028705263350691113
15 0.02236608788371086 15 24 -0.22627165289805345
39 0.03890348970890045 16 19 -0.3823060520771059
57 0.02792036533355713 17 18 -0.7255341724538412
-1 0.0 0 0 -0.04212849592933288
-1 0.0 0 0 -0.1264885050329295
39 0.059385769069194794 20 21 -0.21744845095127235
-1 0.0 0 0 0.03412839781746946
11 -0.059493470937013626 22 23 -0.33451619800623683
-1 0.0 0 0 -0.08951173943501933
-1 0.0 0 0 -0.01404619377333289
93 -0.029224691912531853 25 26 0.012219949099197379
-1 0.0 0 0 0.038771339267492294
47 0.027939721941947937 27 28 -0.2449673410211626
-1 0.0 0 0 -0.05432884869653554
-1 0.0 0 0 0.01592096954193567
nodes 29
59 -0.07445862889289856 1 28 0.0
2 0.42551466822624207 2 13 -0.023566694155336975
6 1.1416352987289429 3 12 -0.044527350879103
100 0.04398030415177345 4 9 -0.06171616236582635
94 -0.12802578508853912 5 8 -0.1011819068442639
51 -0.022713202983140945 6 7 0.0531726037883664
-1 0.0 0 0 0.024376780521469535
-1 0.0 0 0 -0.0078104703316503035
-1 0.0 0 0 -0.012163480637164605
45 -0.07559392601251602 10 11 -0.014547344820621535
-1 0.0 0 0 0.00888566746233099
-1 0.0 0 0 -0.004903476989713274
-1 0.0 0 0 0.003586244613711172
96 0.07173307985067368 14 15 0.025161231372415445
-1 0.0 0 0 0.004984962596385381
80 0.09028118848800659 16 25 -0.1426205307216987
88 0.07885211706161499 17 24 -0.059168992478745554
18 -0.06422388553619385 18 19 -0.17482719076441652
-1 0.0 0 0 0.01156279186101316
23 -0.030859878286719322 20 21 -0.3596622603664017
-1 0.0 0 0 -0.003982662558555603
83 -0.02768343687057495 22 23 -0.6261919560171064
-1 0.0 0 0 -0.13084766000509263
-1 0.0 0 0 -0.03295464586110978
-1 0.0 0 0 0.02201032424061673
38 0.034927282482385635 26 27 -0.486244511722094
-1 0.0 0 0 -0.07898715378805286
-1 0.0 0 0 0.00042299151492233465
-1 0.0 0 0 0.00023364650099731376
nodes 29
104 -0.12662509083747864 1 28 0.0
76 0.09494428336620331 2 19 -0.027700414603557565
2 0.3446445167064667 3 4 -0.04472791716805334
-1 0.0 0 0 -0.0007759189760202563
93 0.09054987877607346 5 14 -0.080797666917277
78 -0.008518693037331104 6 7 -0.05701287249163677
-1 0.0 0 0 0.0002859872816489661
108 -0.1583637148141861 8 9 -0.13051888048852064
-1 0.0 0 0 -0.08066936433315278
2 0.4131585955619812 10 13 -0.11744006495964236
19 -0.1544255018234253 11 12 -0.19866915136572524
-1 0.0 0 0 0.036208719804006466
-1 0.0 0 0 -0.023314603360767256
-1 0.0 0 0 -0.0010770101379394797
37 -0.10350549221038818 15 16 -0.25263365864467163
-1 0.0 0 0 0.005359340247444132
98 -0.03368841111660004 17 18 -0.3867773712587963
-1 0.0 0 0 -0.017045846491744485
-1 0.0 0 0 -0.058830524126911525
55 0.012891378253698349 20 27 0.03717854718800247
16 -0.08602108806371689 21 24 0.09965299596073196
87 -0.0861561968922615 22 23 0.26962239601250204
-1 0.0 0 0 -0.025531080641916823
-1 0.0 0 0 0.03668322483146632
21 0.18504104018211365 25 26 0.03854040268369103
-1 0.0 0 0 0.009660413464171777
-1 0.0 0 0 -0.01693789904307136
-1 0.0 0 0 -0.006099558659771532
-1 0.0 0 0 0.00019787071056691103
nodes 29
68 0.14793531596660614 1 2 0.0
-1 0.0 0 0 0.00014178807562138237
87 0.14576195180416107 3 26 -0.03876009475949026
94 -0.013535813428461552 4 25 -0.024975683135056655
61 -0.17029674351215363 5 6 -0.06852407586685666
-1 0.0 0 0 0.035043097265057326
1 0.4526042342185974 7 24 -0.08399545221890711
64 -0.07214700430631638 8 9 -0.07513490998686917
-1 0.0 0 0 0.0023594206971581074
0 0.5332775115966797 10 23 -0.11570511014878695
1 0.3258805572986603 11 12 -0.1275431293953883
-1 0.0 0 0 -0.00601652126054286
79 -0.022146062925457954 13 16 -0.23483758486269607
40 0.009887552820146084 14 15 -0.37375407609844574
-1 0.0 0 0 -0.060099386621512624
-1 0.0 0 0 -0.017792141144504635
100 -0.09248659014701843 17 18 -0.09023814625821118
-1 0.0 0 0 -0.07397006272692054
39 0.0971384271979332 19 20 -0.0031967828237480416
-1 0.0 0 0 0.011038093615674994
94 -0.07272887974977493 21 22 -0.32165979878867373
-1 0.0 0 0 -0.06736276365816594
-1 0.0 0 0 0.01811513980584485
-1 0.0 0 0 0.04142739053529043
-1 0.0 0 0 -0.06349899117593412
-1 0.0 0 0 0.002683138259631806
58 0.13884934782981873 27 28 -0.20316318724724045
-1 0.0 0 0 -0.01450837120322175
-1 0.0 0 0 -0.06918318752632958
nodes 29
62 0.1614731103181839 1 22 0.0
79 0.04816180467605591 2 13 0.0013292943062772774
39 0.09925146400928497 3 8 0.005370550324098065
23 0.09028051048517227 4 7 -0.00175014250303766
2 0.44231709837913513 5 6 0.004253925207443078
-1 0.0 0 0 -0.00018310394867695543
-1 0.0 0 0 0.004058040369673717
-1 0.0 0 0 -0.0032956053450704198
47 0.042663656175136566 9 12 0.022699914624999654
96 -0.16642121970653534 10 11 0.006458574869192556
-1 0.0 0 0 0.006321678307545091
-1 0.0 0 0 -0.000713647032702601
-1 0.0 0 0 0.005054137804693212
6 1.0716638565063477 14 21 -0.015215733223321077
7 0.5680000185966492 15 16 -0.02922609377390793
-1 0.0 0 0 -0.00263569441850139
22 0.054420217871665955 17 20 -0.3297912491922916
62 -0.03063899464905262 18 19 -0.10046158674892715
-1 0.0 0 0 -0.052383779465324354
-1 0.0 0 0 0.019264501872329184
-1 0.0 0 0 -0.07884505740790204
-1 0.0 0 0 0.002347558889066358
87 -0.19839972257614136 23 24 -0.041045406745051805
-1 0.0 0 0 -0.04653835134994653
0 0.4705188274383545 25 26 -0.03486972278517192
-1 0.0 0 0 -0.006339072604737499
54 -0.12263090908527374 27 28 0.04629452530428158
-1 0.0 0 0 -0.026366991363465788
-1 0.0 0 0 0.0075393227735284065
end
