vecsearch-termination-model 1
kind gbdt
checkpoint 500
query_dim 100
bias 7.7813187078394295
trees 200
nodes 29
1 0.30622774362564087 1 20 0.0
6 1.0782663822174072 2 13 -1.1739320989778164
2 0.32148870825767517 3 6 -0.6004673751096988
1 0.23209716379642487 4 5 -0.9396695719065471
-1 0.0 0 0 -0.12152940650170581
-1 0.0 0 0 -0.06868874718815472
4 0.7508870363235474 7 8 -0.27398471619196707
-1 0.0 0 0 -0.0831174093181648
2 0.3865007758140564 9 12 -0.08038093197406099
6 1.0528929233551025 10 11 -0.21538524580834428
-1 0.0 0 0 -0.0063172201489855
-1 0.0 0 0 -0.06898757416408971
-1 0.0 0 0 0.07062803533036736
7 0.5979999899864197 14 17 -2.0492067966210197
6 1.1129523515701294 15 16 -1.7332314992795872
-1 0.0 0 0 -0.14995358065416212
-1 0.0 0 0 -0.1982255619175635
7 0.7480000257492065 18 19 -2.6951356235213297
-1 0.0 0 0 -0.2481218616047718
-1 0.0 0 0 -0.3105784117672849
1 0.35372185707092285 21 26 1.2019196302871733
4 0.7867555022239685 22 23 0.5505005596620135
-1 0.0 0 0 -0.010177385072373387
6 1.0515527725219727 24 25 0.6874921869036137
-1 0.0 0 0 0.07984123337411175
-1 0.0 0 0 -0.00304586181654023
1 0.37783876061439514 27 28 1.5764876723312653
-1 0.0 0 0 0.130664357221293
-1 0.0 0 0 0.16853814528908298
nodes 29
1 0.30832675099372864 1 18 0.0
6 1.072611927986145 2 11 -1.0405210796533029
2 0.32952550053596497 3 6 -0.48877130603130015
1 0.2496667504310608 4 5 -0.7602447376130519
-1 0.0 0 0 -0.09872031131646986
-1 0.0 0 0 -0.045955549041256614
4 0.7701389789581299 7 8 -0.15233566654418595
-1 0.0 0 0 -0.061875713737314236
2 0.3881100118160248 9 10 0.04789067852404033
-1 0.0 0 0 -0.008495328685812773
-1 0.0 0 0 0.07164433157865495
7 0.5419999957084656 12 15 -1.790555136300573
6 1.1009384393692017 13 14 -1.4565272882444262
-1 0.0 0 0 -0.12221893074305412
-1 0.0 0 0 -0.16659328560590275
7 0.734000027179718 16 17 -2.3143079656326253
-1 0.0 0 0 -0.21181832922171623
-1 0.0 0 0 -0.27512023656430146
1 0.3505837917327881 19 26 1.0992800170915764
4 0.7728350758552551 20 21 0.4847350518412386
-1 0.0 0 0 -0.016686176101094432
6 1.045029640197754 22 25 0.5928462561781346
1 0.3310249447822571 23 24 0.7111446814932642
-1 0.0 0 0 0.05239038603128107
-1 0.0 0 0 0.0897192674933053
-1 0.0 0 0 0.00648153292366724
1 0.37783876061439514 27 28 1.4028424599099405
-1 0.0 0 0 0.115295063374668
-1 0.0 0 0 0.15168433077708376
nodes 29
1 0.3032265901565552 1 18 0.0
6 1.0856603384017944 2 15 -0.9744143681613318
2 0.37208810448646545 3 14 -0.545339677700082
1 0.26250019669532776 4 9 -0.6400569691978754
6 1.056542158126831 5 8 -0.8544791594484192
4 0.7351712584495544 6 7 -0.7027783014319418
-1 0.0 0 0 -0.10189064878999393
-1 0.0 0 0 -0.054595743343795106
-1 0.0 0 0 -0.11256200599783649
6 1.0542731285095215 10 13 -0.32128000685230274
4 0.805396318435669 11 12 -0.1792482213882473
-1 0.0 0 0 -0.04876332586937855
-1 0.0 0 0 -6.910079560025701e-06
-1 0.0 0 0 -0.07649362185175809
-1 0.0 0 0 0.026935001842190512
7 0.578000009059906 16 17 -1.7335613111177404
-1 0.0 0 0 -0.1443772765103736
-1 0.0 0 0 -0.21892596489745375
1 0.3505837917327881 19 26 0.9517625276081486
6 1.0489447116851807 20 25 0.39097263900274004
4 0.7932910919189453 21 22 0.5056753938168216
-1 0.0 0 0 0.000806173948092849
2 0.3743872046470642 23 24 0.6245658262510985
-1 0.0 0 0 0.04383261153861808
-1 0.0 0 0 0.08264597224291172
-1 0.0 0 0 -0.015963746601958248
2 0.41495728492736816 27 28 1.2625582141285627
-1 0.0 0 0 0.10098820766693394
-1 0.0 0 0 0.13590078396340743
nodes 29
1 0.31031423807144165 1 18 0.0
6 1.0686558485031128 2 11 -0.8308532013405452
2 0.3303994834423065 3 6 -0.3590886855680796
3 0.6092641949653625 4 5 -0.5902653018584785
-1 0.0 0 0 -0.09111798518128345
-1 0.0 0 0 -0.04157862687293659
4 0.7508870363235474 7 8 -0.0831495873552284
-1 0.0 0 0 -0.055338014421176335
2 0.39580026268959045 9 10 0.06733170551016691
-1 0.0 0 0 -0.00224592017000886
-1 0.0 0 0 0.06893274673332275
7 0.4779999852180481 12 15 -1.4212410575418553
2 0.333871990442276 13 14 -1.0938590329273652
-1 0.0 0 0 -0.11898440057485345
-1 0.0 0 0 -0.07247295438094407
6 1.1348867416381836 16 17 -1.79453641487667
-1 0.0 0 0 -0.14387839277634826
-1 0.0 0 0 -0.2024882089181008
1 0.35576730966567993 19 26 0.9057711793959877
4 0.7867555022239685 20 21 0.45464594163675615
-1 0.0 0 0 -0.005539114899531969
6 1.0621976852416992 22 25 0.5535688564611201
2 0.38007909059524536 23 24 0.6091294487401765
-1 0.0 0 0 0.044529112356651024
-1 0.0 0 0 0.0803086093003845
-1 0.0 0 0 -0.017196167929184984
4 0.7975659370422363 27 28 1.1602554862331638
-1 0.0 0 0 0.044790712399047236
-1 0.0 0 0 0.11858524521402825
nodes 29
1 0.3001307547092438 1 18 0.0
6 1.0928704738616943 2 13 -0.8097850602335671
6 1.0522103309631348 3 10 -0.4834526164532697
4 0.713226318359375 4 5 -0.29569319187462867
-1 0.0 0 0 -0.0746808176216852
2 0.37929949164390564 6 9 -0.1617542594977755
1 0.2691858112812042 7 8 -0.24467967686008188
-1 0.0 0 0 -0.04050213482769495
-1 0.0 0 0 -0.0014195687425256531
-1 0.0 0 0 0.04740538871137248
2 0.3672093152999878 11 12 -0.7908811936496248
-1 0.0 0 0 -0.08458632761963579
-1 0.0 0 0 -0.008106125553206441
7 0.6600000262260437 14 17 -1.4656672525562537
7 0.3540000021457672 15 16 -1.2805843909641637
-1 0.0 0 0 -0.10138405700046929
-1 0.0 0 0 -0.14205011932487852
-1 0.0 0 0 -0.1948934535145065
1 0.34336036443710327 19 24 0.754593775338105
6 1.056542158126831 20 23 0.23857683135515012
4 0.8329603672027588 21 22 0.32750367041238493
-1 0.0 0 0 0.004071630566302521
-1 0.0 0 0 0.046812102298703175
-1 0.0 0 0 -0.032927885840943444
2 0.4084882438182831 25 26 0.9953938849147829
-1 0.0 0 0 0.07284593892442835
4 0.8133923411369324 27 28 1.0897011871811932
-1 0.0 0 0 0.05517128414809901
-1 0.0 0 0 0.11146987999057273
nodes 29
1 0.3145797848701477 1 20 0.0
6 1.0696371793746948 2 11 -0.6542081929115289
1 0.2758457064628601 3 8 -0.2781261496979061
2 0.3600446581840515 4 7 -0.46011287122408906
4 0.7056169509887695 5 6 -0.54783959522589
-1 0.0 0 0 -0.08187363041494418
-1 0.0 0 0 -0.045741210443510816
-1 0.0 0 0 0.00834173335543841
4 0.8346096277236938 9 10 -0.003303314389748185
-1 0.0 0 0 -0.021922725397068122
-1 0.0 0 0 0.01483296773760113
6 1.137887954711914 12 17 -1.1571179212946823
2 0.3421030342578888 13 16 -0.9335593052420391
7 0.4099999964237213 14 15 -1.0172727760010571
-1 0.0 0 0 -0.08582460405927717
-1 0.0 0 0 -0.12269425996294046
-1 0.0 0 0 -0.05313559740024276
7 0.6940000057220459 18 19 -1.5300702637100727
-1 0.0 0 0 -0.13461730542192593
-1 0.0 0 0 -0.18989554895867958
2 0.40080341696739197 21 26 0.7595623761522691
3 0.7200824022293091 22 23 0.4092076999881046
-1 0.0 0 0 0.006866615175461072
6 1.0462595224380493 24 25 0.5141159379437489
-1 0.0 0 0 0.058284108371945115
-1 0.0 0 0 0.010794346152242291
4 0.8530445098876953 27 28 0.9498704187508789
-1 0.0 0 0 0.06165101474780058
-1 0.0 0 0 0.10028792373971605
nodes 29
2 0.3632267713546753 1 16 0.0
6 1.0648610591888428 2 9 -0.6292770804544892
1 0.2758457064628601 3 6 -0.2604871584104433
4 0.8190411925315857 4 5 -0.46730524800827566
-1 0.0 0 0 -0.06270773725326326
-1 0.0 0 0 -0.03284542431005013
3 0.6498228907585144 7 8 0.00042021228610814536
-1 0.0 0 0 -0.03287654395353803
-1 0.0 0 0 0.007968830940980649
7 0.515999972820282 10 13 -1.0486879765889916
7 0.3059999942779541 11 12 -0.8315648087614675
-1 0.0 0 0 -0.06897699511920276
-1 0.0 0 0 -0.09772452843219485
7 0.7639999985694885 14 15 -1.3788233949053814
-1 0.0 0 0 -0.12731289676618027
-1 0.0 0 0 -0.18047713705779508
2 0.40343743562698364 17 24 0.6442795785305693
3 0.668027937412262 18 21 0.3147646015358923
4 0.7098034024238586 19 20 -0.09801562446463961
-1 0.0 0 0 -0.05358560041972023
-1 0.0 0 0 0.0010408418502371808
49 0.03852136805653572 22 23 0.4874698736235143
-1 0.0 0 0 0.0069405063260308255
-1 0.0 0 0 0.05498125605875075
6 0.8475961685180664 25 26 0.8539639831852492
-1 0.0 0 0 -0.0027842497059550678
4 0.8072726130485535 27 28 0.876393196813237
-1 0.0 0 0 0.039141346199269324
-1 0.0 0 0 0.09049593734336137
nodes 29
2 0.35850054025650024 1 14 0.0
6 1.0944085121154785 2 11 -0.5941035163214756
1 0.2519840896129608 3 6 -0.356388670722992
7 0.3240000009536743 4 5 -0.5903253947463678
-1 0.0 0 0 -0.049957854324645445
-1 0.0 0 0 -0.08148088312509712
6 1.0420279502868652 7 10 -0.15713848087250515
3 0.6705285310745239 8 9 -0.01560304569419899
-1 0.0 0 0 -0.02684357259108154
-1 0.0 0 0 0.010378086224914373
-1 0.0 0 0 -0.03932432928201073
7 0.6480000019073486 12 13 -1.1050445398982631
-1 0.0 0 0 -0.09570850501489093
-1 0.0 0 0 -0.14432784732343207
1 0.3380826711654663 15 20 0.5536121095037381
4 0.8035163879394531 16 17 0.1366665712889697
-1 0.0 0 0 -0.01711106962496294
6 1.0557838678359985 18 19 0.2773225960824012
-1 0.0 0 0 0.036539205155094276
-1 0.0 0 0 -0.0126705860059831
4 0.8530445098876953 21 24 0.7172386987980287
4 0.7677508592605591 22 23 0.41540442064876043
-1 0.0 0 0 -0.0004598779234076196
-1 0.0 0 0 0.0501310299928158
2 0.42637157440185547 25 26 0.7747309422550323
-1 0.0 0 0 0.0660763417563019
2 0.4981071352958679 27 28 0.8613418932186294
-1 0.0 0 0 0.08849238775329848
-1 0.0 0 0 0.03408209546596316
nodes 29
1 0.2959863245487213 1 16 0.0
6 1.0976545810699463 2 11 -0.5531454229348461
6 1.0482453107833862 3 8 -0.34411674606520803
4 0.7314875721931458 4 5 -0.18714371893506693
-1 0.0 0 0 -0.0484078111292284
2 0.37929949164390564 6 7 -0.07520703680244845
-1 0.0 0 0 -0.01383111698833818
-1 0.0 0 0 0.03882462684476851
2 0.3736247718334198 9 10 -0.536957058858753
-1 0.0 0 0 -0.057210565693927774
-1 0.0 0 0 0.0073931011130984065
7 0.671999990940094 12 15 -0.999589213709033
7 0.37599998712539673 13 14 -0.8789553168697879
-1 0.0 0 0 -0.06879684069725436
-1 0.0 0 0 -0.09831151764069196
-1 0.0 0 0 -0.13257630950583504
1 0.3380826711654663 17 22 0.48400872730747246
6 1.0482453107833862 18 21 0.11111232487316566
4 0.8693013191223145 19 20 0.1999746387796451
-1 0.0 0 0 0.005241217643843186
-1 0.0 0 0 0.03336224150974338
-1 0.0 0 0 -0.021441548456788483
1 0.36736246943473816 23 26 0.6449525522589198
4 0.8329603672027588 24 25 0.45496254655766816
-1 0.0 0 0 0.017505136677130162
-1 0.0 0 0 0.05329673739978422
21 -0.08486471325159073 27 28 0.7243500654887189
-1 0.0 0 0 0.0019081186617663022
-1 0.0 0 0 0.07375858211061517
nodes 29
2 0.35445094108581543 1 12 0.0
6 1.0613887310028076 2 7 -0.5041774379291056
3 0.5926269888877869 3 4 -0.21595441583634822
-1 0.0 0 0 -0.04687752434568345
1 0.26250019669532776 5 6 -0.1070834266607955
-1 0.0 0 0 -0.027486080368632065
-1 0.0 0 0 -0.0009260164774227489
7 0.4620000123977661 8 9 -0.7720783514299916
-1 0.0 0 0 -0.05805202584031839
7 0.800000011920929 10 11 -0.9919601424316568
-1 0.0 0 0 -0.09360269209533714
-1 0.0 0 0 -0.14981784520303607
2 0.3965984284877777 13 22 0.4342635820405833
3 0.6419153809547424 14 17 0.1467640945318424
49 0.08325910568237305 15 16 -0.1914145528688054
-1 0.0 0 0 -0.04027253307831233
-1 0.0 0 0 -0.0034654646792573324
49 0.03852136805653572 18 19 0.2750135146181077
-1 0.0 0 0 -0.013878118024600287
21 -0.06646370142698288 20 21 0.33810357800217505
-1 0.0 0 0 -0.03565188792895673
-1 0.0 0 0 0.03593066090706032
6 0.9025515913963318 23 24 0.6101460273433837
-1 0.0 0 0 0.012081843180838148
2 0.4273034334182739 25 28 0.6445559247271185
49 0.02645791694521904 26 27 0.5245384044253676
-1 0.0 0 0 0.02135865599120082
-1 0.0 0 0 0.05752133007998842
-1 0.0 0 0 0.0727542186456512
nodes 29
2 0.3672093152999878 1 18 0.0
6 1.0748132467269897 2 11 -0.40154739920521754
1 0.2691858112812042 3 6 -0.1858068316069449
1 0.20429250597953796 4 5 -0.34863423344771605
-1 0.0 0 0 -0.05354525048525084
-1 0.0 0 0 -0.026571228530459675
49 0.08879006654024124 7 8 -0.020495167684404535
-1 0.0 0 0 -0.028733287212447653
96 -0.03463350608944893 9 10 0.061819578118679296
-1 0.0 0 0 0.013824537580596619
-1 0.0 0 0 -0.013295163468225466
6 1.1416352987289429 12 15 -0.7330466263305646
1 0.212176114320755 13 14 -0.5903281209441684
-1 0.0 0 0 -0.07171856384668904
-1 0.0 0 0 -0.04811795218426683
7 0.7820000052452087 16 17 -0.9525355540067642
-1 0.0 0 0 -0.08820639945325037
-1 0.0 0 0 -0.13459828171037844
2 0.4084882438182831 19 24 0.44470633924884734
3 0.7277429103851318 20 23 0.24820824618674878
4 0.7098034024238586 21 22 0.029751852333719773
-1 0.0 0 0 -0.041598634425507465
-1 0.0 0 0 0.009231922952425727
-1 0.0 0 0 0.04046227182777369
6 0.9157595634460449 25 26 0.5830800098543341
-1 0.0 0 0 0.020684510499489238
21 -0.12579649686813354 27 28 0.6164766873669815
-1 0.0 0 0 -0.02177972774102344
-1 0.0 0 0 0.06270149543648405
nodes 29
1 0.3186608850955963 1 20 0.0
6 1.0912468433380127 2 15 -0.342868058458838
2 0.313972532749176 3 6 -0.1839420977506353
1 0.20746755599975586 4 5 -0.36791105329567386
-1 0.0 0 0 -0.055713707312473826
-1 0.0 0 0 -0.02665938009283172
4 0.8346096277236938 7 10 -0.0692184943914635
4 0.6931558847427368 8 9 -0.23050866569790998
-1 0.0 0 0 -0.045575389738209744
-1 0.0 0 0 -0.014812833825017295
2 0.4140511751174927 11 14 0.07070974602716172
6 1.0420279502868652 12 13 0.04031255380190088
-1 0.0 0 0 0.014723295955755273
-1 0.0 0 0 -0.012244726071415453
-1 0.0 0 0 0.07321200804285964
7 0.671999990940094 16 19 -0.7117385540485373
7 0.2840000092983246 17 18 -0.6209191192579672
-1 0.0 0 0 -0.040275168850917045
-1 0.0 0 0 -0.06902712686154423
-1 0.0 0 0 -0.09863477295196857
1 0.3653530180454254 21 26 0.4240887887156212
43 -0.0317063108086586 22 25 0.26569694588988435
21 0.01190290879458189 23 24 0.3435104817766802
-1 0.0 0 0 0.0005625472133323419
-1 0.0 0 0 0.038666547776312524
-1 0.0 0 0 0.005423821133339258
0 0.5420362949371338 27 28 0.5273906162840216
-1 0.0 0 0 0.05402175820789195
-1 0.0 0 0 -0.009197192698910507
nodes 29
2 0.37208810448646545 1 14 0.0
6 1.058838129043579 2 7 -0.3132165724313743
3 0.6445357799530029 3 4 -0.09334884162376975
-1 0.0 0 0 -0.027863437540470916
1 0.28018617630004883 5 6 0.01375072107668891
-1 0.0 0 0 -0.01191866387150643
-1 0.0 0 0 0.009435688271900531
7 0.42800000309944153 8 9 -0.5494501851134964
-1 0.0 0 0 -0.03909135673081985
2 0.2923676371574402 10 13 -0.7138684723909428
7 0.8199999928474426 11 12 -0.8072442831772466
-1 0.0 0 0 -0.07681472582838322
-1 0.0 0 0 -0.1269114360836015
-1 0.0 0 0 -0.053196891813625295
4 0.8500955700874329 15 20 0.38130773549438063
4 0.713226318359375 16 17 0.1240370006561168
-1 0.0 0 0 -0.036389720455366883
6 0.9230248928070068 18 19 0.1771040089746634
-1 0.0 0 0 -0.016529411304930842
-1 0.0 0 0 0.022944337776744345
21 -0.09535784274339676 21 22 0.4507270076879631
-1 0.0 0 0 -0.02224920514558855
6 0.8324276208877563 23 24 0.462649218151639
-1 0.0 0 0 -0.022567145772534696
2 0.43177488446235657 25 28 0.4729390947592873
49 0.11900600790977478 26 27 0.4004863503156885
-1 0.0 0 0 0.028179574706870353
-1 0.0 0 0 0.048759208995976196
-1 0.0 0 0 0.055743838611484776
nodes 29
2 0.35445094108581543 1 10 0.0
7 0.3440000116825104 2 7 -0.3360501707589826
1 0.24252641201019287 3 4 -0.18131256072397323
-1 0.0 0 0 -0.032674895464642646
49 0.11223061382770538 5 6 -0.07696613333611055
-1 0.0 0 0 -0.023838915849983024
-1 0.0 0 0 -0.00021697161732052547
6 1.1416352987289429 8 9 -0.5841073463666607
-1 0.0 0 0 -0.04751275411888916
-1 0.0 0 0 -0.07462729570944485
2 0.39580026268959045 11 20 0.2894503797197271
49 0.0790013000369072 12 15 0.09285949927965757
34 0.09670453518629074 13 14 -0.1610612687608159
-1 0.0 0 0 -0.042202612011936265
-1 0.0 0 0 -0.0028715292468101854
34 0.0463273786008358 16 17 0.1966743864103217
-1 0.0 0 0 -0.012056294688052095
4 0.8759956955909729 18 19 0.24623141567012266
-1 0.0 0 0 0.010913571564833345
-1 0.0 0 0 0.035515457049596987
6 0.9261155128479004 21 22 0.4060350382460841
-1 0.0 0 0 0.01085828654523693
21 -0.08486471325159073 23 24 0.4397891031527137
-1 0.0 0 0 -0.008221606246852763
49 -0.00895154383033514 25 26 0.4526811719971384
-1 0.0 0 0 0.021335351792275834
89 -0.09381916373968124 27 28 0.4756175152211874
-1 0.0 0 0 0.056290419815585704
-1 0.0 0 0 0.04115552846307321
nodes 29
1 0.2916117310523987 1 12 0.0
7 0.3100000023841858 2 7 -0.31126299953471526
4 0.7056169509887695 3 4 -0.15859685495272605
-1 0.0 0 0 -0.0372713369232625
6 1.0425784587860107 5 6 -0.0923458576626116
-1 0.0 0 0 0.0006407786022497828
-1 0.0 0 0 -0.020222344995788174
6 1.1151620149612427 8 9 -0.5024215967506352
-1 0.0 0 0 -0.037184295901059726
7 0.800000011920929 10 11 -0.6346142604621359
-1 0.0 0 0 -0.05946624150265553
-1 0.0 0 0 -0.09798957618574301
2 0.3865007758140564 13 20 0.25569024279009267
6 1.0420279502868652 14 19 0.0586145068299297
21 -0.045464612543582916 15 16 0.13825258124457626
-1 0.0 0 0 -0.04280588974351443
96 -0.03121953271329403 17 18 0.15845658864720877
-1 0.0 0 0 0.02265547044924237
-1 0.0 0 0 -0.0015113233445396362
-1 0.0 0 0 -0.01653134422013626
8 60.5 21 24 0.3564632922714566
89 -0.052535828202962875 22 23 0.40195945781725156
-1 0.0 0 0 0.046805804478060015
-1 0.0 0 0 0.03080639100771403
6 0.9441081285476685 25 26 0.18495660728986885
-1 0.0 0 0 -0.0056954099104270794
4 0.7508870363235474 27 28 0.25846996182669435
-1 0.0 0 0 -0.0191459192844079
-1 0.0 0 0 0.030835750408098512
nodes 29
2 0.3736247718334198 1 20 0.0
6 1.0528929233551025 2 13 -0.22782640072097163
4 0.8602426052093506 3 6 -0.0476272960063206
4 0.6638603210449219 4 5 -0.15998146351338188
-1 0.0 0 0 -0.03485770974045709
-1 0.0 0 0 -0.010321739926175386
21 -0.025799253955483437 7 8 0.06921795272537262
-1 0.0 0 0 -0.04854502864780703
96 0.018775874748826027 9 12 0.08757721353910468
2 0.334744930267334 10 11 0.1233609164638559
-1 0.0 0 0 0.0012367663891628767
-1 0.0 0 0 0.023225445432636146
-1 0.0 0 0 -0.02059062382947867
7 0.5080000162124634 14 19 -0.39431057616678944
4 0.7867555022239685 15 16 -0.30417337544110234
-1 0.0 0 0 -0.04333858416424115
2 0.31009483337402344 17 18 -0.22621191983008312
-1 0.0 0 0 -0.0316707094701903
-1 0.0 0 0 -0.011235697027046528
-1 0.0 0 0 -0.056157484298303355
4 0.8530445098876953 21 24 0.2863035400595713
4 0.7351712584495544 22 23 0.089840338800144
-1 0.0 0 0 -0.021620775035866048
-1 0.0 0 0 0.01411568947612017
89 -0.05159445479512215 25 26 0.34101237184619004
-1 0.0 0 0 0.04017670731611489
21 -0.045464612543582916 27 28 0.2546613307735982
-1 0.0 0 0 -0.015708032133579602
-1 0.0 0 0 0.02807507401666537
nodes 29
2 0.34955283999443054 1 10 0.0
1 0.2182057946920395 2 5 -0.26072193325416954
7 0.628000020980835 3 4 -0.42792887518633366
-1 0.0 0 0 -0.035884220731326126
-1 0.0 0 0 -0.06314675163502169
6 1.0420279502868652 6 9 -0.13093505022901755
21 0.20103158056735992 7 8 -0.022773182063201024
-1 0.0 0 0 -0.008460777999214198
-1 0.0 0 0 0.015492445472861636
-1 0.0 0 0 -0.022792978833798133
2 0.40080341696739197 11 22 0.20420537025285235
43 -0.007101827766746283 12 19 0.06997412627048319
49 0.08879006654024124 13 14 0.13990174553800783
-1 0.0 0 0 -0.00377945560576041
34 0.051506444811820984 15 16 0.21891565886157915
-1 0.0 0 0 -0.004093199532196981
96 0.001044522738084197 17 18 0.261182313315496
-1 0.0 0 0 0.031465561957828105
-1 0.0 0 0 0.00765822747046931
49 0.06113699823617935 20 21 -0.20045124138544834
-1 0.0 0 0 -0.043169867336281816
-1 0.0 0 0 -0.009661104426857631
6 0.8324276208877563 23 24 0.30991482817164656
-1 0.0 0 0 -0.031326061950508105
49 -0.018195442855358124 25 26 0.32235483483246685
-1 0.0 0 0 0.007099506765904024
89 -0.09381916373968124 27 28 0.34339742544637925
-1 0.0 0 0 0.04236593489107165
-1 0.0 0 0 0.02854986313121709
nodes 29
1 0.28018617630004883 1 10 0.0
7 0.42800000309944153 2 7 -0.25146514469261716
4 0.6795956492424011 3 4 -0.15866372061385628
-1 0.0 0 0 -0.033698254177178234
6 1.043129801750183 5 6 -0.11009458766550416
-1 0.0 0 0 -0.0011175233973312968
-1 0.0 0 0 -0.018714311554136095
2 0.29485687613487244 8 9 -0.4343707486625351
-1 0.0 0 0 -0.05005334090322775
-1 0.0 0 0 -0.029711101226725545
2 0.38246142864227295 11 20 0.1731994581744784
49 0.044580474495887756 12 13 0.016984200618572684
-1 0.0 0 0 -0.027019266853295656
43 -0.02486542984843254 14 19 0.06574156881655079
96 -0.03902360424399376 15 18 0.11662672908575054
21 0.15133215487003326 16 17 0.18586086403305888
-1 0.0 0 0 0.00896073896682968
-1 0.0 0 0 0.03089836828318005
-1 0.0 0 0 -0.0031012736555688326
-1 0.0 0 0 -0.013486311849159539
6 0.9261155128479004 21 22 0.25804657458393787
-1 0.0 0 0 0.0022499475877144656
58 0.060368794947862625 23 28 0.2840571579292839
34 -0.08829432725906372 24 25 0.21495631644521968
-1 0.0 0 0 -0.03727573850210369
43 -0.03288945555686951 26 27 0.22682834024740572
-1 0.0 0 0 0.02835203196221153
-1 0.0 0 0 0.011165649828393355
-1 0.0 0 0 0.03639962477374933
nodes 29
2 0.35445094108581543 1 10 0.0
7 0.26600000262260437 2 5 -0.20386979887305162
4 0.7952757477760315 3 4 -0.08551140446529176
-1 0.0 0 0 -0.019967907178242105
-1 0.0 0 0 -0.0013888256430794263
1 0.18573428690433502 6 9 -0.33300506471016694
7 0.8500000238418579 7 8 -0.4547334348712819
-1 0.0 0 0 -0.043520731580011414
-1 0.0 0 0 -0.0983329054556395
-1 0.0 0 0 -0.02485136666966303
4 0.8602426052093506 11 20 0.17559934760064283
6 1.0482453107833862 12 19 0.013463778526706934
6 0.9230248928070068 13 14 0.06667598761330149
-1 0.0 0 0 -0.019468438224105957
43 -0.00014889819431118667 15 18 0.11272043171874442
21 -0.07495424896478653 16 17 0.16942086048032048
-1 0.0 0 0 -0.028710767887522387
-1 0.0 0 0 0.019658729025329193
-1 0.0 0 0 -0.00754219000810307
-1 0.0 0 0 -0.022137689001308972
21 -0.09535784274339676 21 22 0.23884434331485685
-1 0.0 0 0 -0.03269803797155961
58 0.07373163104057312 23 28 0.24940294493066986
2 0.4236500859260559 24 27 0.19560774791181734
34 0.04988803714513779 25 26 0.11990852098900673
-1 0.0 0 0 -0.013546438541087714
-1 0.0 0 0 0.015821180620260774
-1 0.0 0 0 0.02720661064748421
-1 0.0 0 0 0.03240318069373181
nodes 29
2 0.3736247718334198 1 14 0.0
1 0.22378002107143402 2 5 -0.1534080640392563
7 0.628000020980835 3 4 -0.3064303901917248
-1 0.0 0 0 -0.025484224749973236
-1 0.0 0 0 -0.047385005042995754
49 0.11614961177110672 6 9 -0.057093010847959785
43 -0.05496050789952278 7 8 -0.18190501890165262
-1 0.0 0 0 -0.010831078800685545
-1 0.0 0 0 -0.029961136525632925
6 1.038118839263916 10 11 0.01876182906574665
-1 0.0 0 0 0.009770268879356343
4 0.7995002269744873 12 13 -0.08390400549585228
-1 0.0 0 0 -0.024972936761029227
-1 0.0 0 0 -0.0021311605842637923
21 -0.07495424896478653 15 16 0.19278394272596197
-1 0.0 0 0 -0.02198651993988457
6 0.897193431854248 17 18 0.20707202766107966
-1 0.0 0 0 -0.008636613480761602
49 0.02459252066910267 19 22 0.22555574791188748
2 0.4236500859260559 20 21 0.061256463382519284
-1 0.0 0 0 -0.009586217270561567
-1 0.0 0 0 0.018380534135580266
58 0.060368794947862625 23 28 0.25495808944341886
2 0.42637157440185547 24 27 0.19305780159562183
34 0.07645240426063538 25 26 0.12019340163886383
-1 0.0 0 0 -0.007520176256900858
-1 0.0 0 0 0.017591234324209115
-1 0.0 0 0 0.028084474589640807
-1 0.0 0 0 0.032542573035837435
nodes 29
2 0.34544211626052856 1 8 0.0
7 0.33799999952316284 2 5 -0.1827703944895355
4 0.7952757477760315 3 4 -0.09734997704157283
-1 0.0 0 0 -0.01896450233591061
-1 0.0 0 0 -0.003751940964382652
7 0.7200000286102295 6 7 -0.3047162562740844
-1 0.0 0 0 -0.02678330194767228
-1 0.0 0 0 -0.04825607891104025
4 0.8035163879394531 9 12 0.1321392258491019
49 0.05338047817349434 10 11 -0.08403816066250364
-1 0.0 0 0 -0.024721208998009114
-1 0.0 0 0 -0.0010811697682526207
21 0.018397049978375435 13 16 0.17191808764421565
21 -0.16412131488323212 14 15 -0.01853249054493171
-1 0.0 0 0 -0.04910622568900479
-1 0.0 0 0 0.0020446682716533226
18 0.054499588906764984 17 26 0.19953012956750907
2 0.43177488446235657 18 23 0.23038447522131233
43 -0.023656856268644333 19 22 0.1816175764723122
34 0.04988803714513779 20 21 0.22861198433365743
-1 0.0 0 0 0.0026737156484205383
-1 0.0 0 0 0.025798254954047323
-1 0.0 0 0 0.003023048342788324
2 0.4981071352958679 24 25 0.3206904900952466
-1 0.0 0 0 0.03367529601707804
-1 0.0 0 0 -0.011011504139250037
96 0.005117781925946474 27 28 0.052528511018993036
-1 0.0 0 0 0.012259556567634507
-1 0.0 0 0 -0.011223657102950037
nodes 29
6 1.0489447116851807 1 18 0.0
1 0.3289532959461212 2 11 0.10241417424018498
4 0.8693013191223145 3 6 -0.00654704852943663
49 0.05338047817349434 4 5 -0.08401616493619066
-1 0.0 0 0 -0.023052159755582356
-1 0.0 0 0 -0.005143747925423632
21 -0.05225032940506935 7 8 0.09289130652889584
-1 0.0 0 0 -0.04255142358047431
8 37.5 9 10 0.10734194413477581
-1 0.0 0 0 -0.006476005936243233
-1 0.0 0 0 0.01466170600347373
6 0.9562504291534424 12 13 0.18024240400311387
-1 0.0 0 0 0.005051302344582231
60 0.033177413046360016 14 15 0.20888663144994635
-1 0.0 0 0 0.015451413656113048
59 0.10603258013725281 16 17 0.2698112207316015
-1 0.0 0 0 0.031464216086469154
-1 0.0 0 0 0.015183390812108722
6 1.1026302576065063 19 26 -0.1977709949474102
4 0.7056169509887695 20 21 -0.12377455634364938
-1 0.0 0 0 -0.03408840320322345
2 0.4094078540802002 22 25 -0.08458669324273489
43 0.02959909848868847 23 24 -0.10311440123431156
-1 0.0 0 0 -0.007985998863204835
-1 0.0 0 0 -0.029908242212719906
-1 0.0 0 0 0.020193557815664277
7 0.8500000238418579 27 28 -0.3026040878194947
-1 0.0 0 0 -0.029064122355638773
-1 0.0 0 0 -0.07650225572706609
nodes 29
2 0.3736247718334198 1 14 0.0
1 0.23209716379642487 2 5 -0.11475417939548078
7 0.2280000001192093 3 4 -0.2243901008587104
-1 0.0 0 0 -0.011491319810474037
-1 0.0 0 0 -0.027388443044098362
49 0.044580474495887756 6 7 -0.03330701868529276
-1 0.0 0 0 -0.023186504134745996
96 -0.014725061133503914 8 13 0.00211472490166979
21 0.14772923290729523 9 12 0.048505083392309356
34 0.15760888159275055 10 11 -0.03603079075865532
-1 0.0 0 0 -0.012470258930578753
-1 0.0 0 0 0.004782072766790338
-1 0.0 0 0 0.014980840365586208
-1 0.0 0 0 -0.014908024179072572
43 -0.01887238398194313 15 22 0.1442086068117614
21 0.03245574235916138 16 17 0.1863219818668975
-1 0.0 0 0 0.004448925035971056
89 -0.2040782868862152 18 19 0.21394131286370693
-1 0.0 0 0 0.04102164791350912
6 0.9441081285476685 20 21 0.1946086735186803
-1 0.0 0 0 0.003562928531556499
-1 0.0 0 0 0.022152735704847576
2 0.4193296432495117 23 26 0.03616346973153819
34 0.10462762415409088 24 25 -0.08638682706409127
-1 0.0 0 0 -0.027716832900665067
-1 0.0 0 0 0.0017764854258800556
2 0.5074802041053772 27 28 0.13094409310943653
-1 0.0 0 0 0.014834972045750303
-1 0.0 0 0 -0.05407951182727229
nodes 29
6 1.0482453107833862 1 20 0.0
4 0.8667193055152893 2 9 0.08525647062893858
4 0.7056169509887695 3 4 -0.019177138023751268
-1 0.0 0 0 -0.01550137240386188
6 0.941961407661438 5 6 0.01697392871904662
-1 0.0 0 0 -0.0138002961513699
0 0.42755356431007385 7 8 0.049927615980844844
-1 0.0 0 0 -0.0061895945383933955
-1 0.0 0 0 0.011044123584174436
34 -0.1024610698223114 10 11 0.143322837368235
-1 0.0 0 0 -0.044572275184688315
18 -0.014678502455353737 12 17 0.1481057464638979
0 0.2728525996208191 13 14 0.1902824676193723
-1 0.0 0 0 -0.015958536089120814
21 0.009683112613856792 15 16 0.20018076478791683
-1 0.0 0 0 0.0019244981301679291
-1 0.0 0 0 0.022042012409951576
96 0.06085795536637306 18 19 0.08325772391056196
-1 0.0 0 0 0.010819372047469559
-1 0.0 0 0 -0.012346746047939276
2 0.31009483337402344 21 24 -0.16179928505290847
7 0.7480000257492065 22 23 -0.22642863549438752
-1 0.0 0 0 -0.020426983695469587
-1 0.0 0 0 -0.04137731597807181
4 0.8035163879394531 25 26 -0.07796998846083893
-1 0.0 0 0 -0.01972044914553274
49 0.031781647354364395 27 28 -0.01427353368508635
-1 0.0 0 0 -0.020778657517456195
-1 0.0 0 0 0.0037886924406009166
nodes 29
2 0.38246142864227295 1 14 0.0
7 0.257999986410141 2 11 -0.08737686473730352
43 -0.057942502200603485 3 10 -0.017378214255367397
2 0.31209689378738403 4 5 0.02965576190051301
-1 0.0 0 0 -0.006885324290323892
34 0.13532377779483795 6 7 0.07795220300357623
-1 0.0 0 0 -0.0028031875216436124
41 0.09292328357696533 8 9 0.14452567495595395
-1 0.0 0 0 0.005367891723289067
-1 0.0 0 0 0.0237492768632664
-1 0.0 0 0 -0.011320212376445968
1 0.1894749402999878 12 13 -0.18204863295429574
-1 0.0 0 0 -0.026226619467916018
-1 0.0 0 0 -0.013158473633777874
6 0.8095192909240723 15 16 0.1310652969902556
-1 0.0 0 0 -0.04070406927049769
49 0.09618797898292542 17 24 0.1395094974278071
2 0.4202040731906891 18 21 0.06359694274355118
43 -0.01887238398194313 19 20 -0.04434668878848928
-1 0.0 0 0 0.0036933795160668925
-1 0.0 0 0 -0.023071491708081232
1 0.33906328678131104 22 23 0.1316721666464418
-1 0.0 0 0 0.06004463634495591
-1 0.0 0 0 0.011096685576127075
89 -0.2040782868862152 25 26 0.19186691436475367
-1 0.0 0 0 0.038942874765615865
96 0.058299534022808075 27 28 0.17323128082721811
-1 0.0 0 0 0.01950985647130818
-1 0.0 0 0 0.000639134745168599
nodes 29
6 1.0420279502868652 1 20 0.0
4 0.8784291744232178 2 11 0.07700821272391324
21 -0.07495424896478653 3 4 -0.004795567640378175
-1 0.0 0 0 -0.0327786006524102
6 0.9157595634460449 5 6 0.008395890647008228
-1 0.0 0 0 -0.015250546234939877
2 0.33635616302490234 7 8 0.031716069115860245
-1 0.0 0 0 -0.008729881088352391
43 0.02959909848868847 9 10 0.07960642115846074
-1 0.0 0 0 0.010813497592687245
-1 0.0 0 0 -0.01048129190461565
21 0.21653962135314941 12 19 0.13048355334076814
34 -0.14054812490940094 13 14 0.10671272260450458
-1 0.0 0 0 -0.07634044668081102
21 -0.16412131488323212 15 16 0.11064734277199062
-1 0.0 0 0 -0.05961284350690454
18 -0.014678502455353737 17 18 0.11462435830471082
-1 0.0 0 0 0.015601113600649755
-1 0.0 0 0 0.004772819206996457
-1 0.0 0 0 0.02460188455608761
2 0.4059367775917053 21 28 -0.1233722426299226
6 1.1151620149612427 22 27 -0.13948337187291726
4 0.7056169509887695 23 24 -0.10018851568926505
-1 0.0 0 0 -0.025478687941770797
41 0.0306084007024765 25 26 -0.07079938623230661
-1 0.0 0 0 -0.01672571634951233
-1 0.0 0 0 -0.00342933117392684
-1 0.0 0 0 -0.02215814938186242
-1 0.0 0 0 0.015052450069735336
nodes 29
2 0.3404717445373535 1 10 0.0
1 0.18767064809799194 2 3 -0.1097011710624139
-1 0.0 0 0 -0.020581640343101136
94 -0.1783384084701538 4 5 -0.06673006666379759
-1 0.0 0 0 0.016489025549632667
96 -0.02306787297129631 6 9 -0.08801914083529502
21 0.20103158056735992 7 8 -0.055304280311736856
-1 0.0 0 0 -0.008742914125315564
-1 0.0 0 0 0.006136889104403448
-1 0.0 0 0 -0.01845498924069351
49 0.02645791694521904 11 14 0.07194734387338926
2 0.4374435544013977 12 13 -0.07744863767055943
-1 0.0 0 0 -0.015162323564759628
-1 0.0 0 0 0.007490287100149979
58 -0.018685614690184593 15 18 0.09966801166988325
2 0.4067988991737366 16 17 -0.010457032123353706
-1 0.0 0 0 -0.008985105556981269
-1 0.0 0 0 0.007892049352514136
21 0.0017747421516105533 19 20 0.1313972573326593
-1 0.0 0 0 -0.0054375717021178695
96 0.08105668425559998 21 28 0.15000246257590796
34 0.19840990006923676 22 27 0.16643390066653194
2 0.43268442153930664 23 26 0.1327601584794271
43 -0.09609956294298172 24 25 0.09134999717440932
-1 0.0 0 0 0.01669105510014524
-1 0.0 0 0 0.0027720908596792285
-1 0.0 0 0 0.023266826918826623
-1 0.0 0 0 0.02585946125851134
-1 0.0 0 0 -0.005119486632151864
nodes 29
2 0.38246142864227295 1 16 0.0
7 0.40400001406669617 2 15 -0.06654607442313996
49 0.18451125919818878 3 10 -0.027579921841523927
41 0.06961523741483688 4 5 -0.07121948548442159
-1 0.0 0 0 -0.015040748244455846
2 0.29613396525382996 6 7 -0.017217734135930328
-1 0.0 0 0 -0.012814746727872037
34 0.11998621001839638 8 9 0.020849833976637536
-1 0.0 0 0 -0.008867265457858799
-1 0.0 0 0 0.007975443406905484
21 0.13148266077041626 11 12 0.05957108164004877
-1 0.0 0 0 -0.0025838388541566514
2 0.28605228662490845 13 14 0.117532052751263
-1 0.0 0 0 -0.0030202449346620704
-1 0.0 0 0 0.018556312326871834
-1 0.0 0 0 -0.017275031332845112
6 0.8324276208877563 17 18 0.0998191114937571
-1 0.0 0 0 -0.03099402416134502
89 -0.20154337584972382 19 20 0.1084270178573692
-1 0.0 0 0 0.028365578285082294
49 0.12638747692108154 21 24 0.09159733035114365
43 -0.03623368963599205 22 23 0.0404248943261471
-1 0.0 0 0 0.009427772128842868
-1 0.0 0 0 -0.004904794297675104
80 0.09414446353912354 25 28 0.15180642844364048
58 -0.05369165167212486 26 27 0.18165129759503743
-1 0.0 0 0 -1.4947116868443773e-05
-1 0.0 0 0 0.02078776326896846
-1 0.0 0 0 0.001876913036198971
nodes 29
6 1.0420279502868652 1 20 0.0
4 0.8972382545471191 2 13 0.05838931176524809
49 0.13751979172229767 3 8 0.0016192309515344924
2 0.4202040731906891 4 7 -0.05413237039017101
34 0.10668908804655075 5 6 -0.09107705068898268
-1 0.0 0 0 -0.01905902392430317
-1 0.0 0 0 -0.004334728253666125
-1 0.0 0 0 0.005691146993467801
6 0.9261155128479004 9 10 0.060667455652999074
-1 0.0 0 0 -0.009425564790827533
2 0.3421030342578888 11 12 0.08465233049218572
-1 0.0 0 0 -0.0009674208081836354
-1 0.0 0 0 0.013878436354519179
0 0.5480470657348633 14 19 0.10828011302719921
93 0.023595161736011505 15 18 0.11069302435670685
85 -0.037664126604795456 16 17 0.14298680729612498
-1 0.0 0 0 0.00294450858754048
-1 0.0 0 0 0.017013259833942307
-1 0.0 0 0 0.003588673608730421
-1 0.0 0 0 -0.10188941794713693
2 0.4184110760688782 21 28 -0.09354353383345078
7 0.1979999989271164 22 23 -0.10417000801299049
-1 0.0 0 0 -0.002536017547293251
7 0.8500000238418579 24 27 -0.1329098837961831
49 0.10721303522586823 25 26 -0.12739362091470577
-1 0.0 0 0 -0.01743256691658347
-1 0.0 0 0 -0.008688788479506167
-1 0.0 0 0 -0.053110951974585256
-1 0.0 0 0 0.017232696503635996
nodes 29
2 0.3312810957431793 1 8 0.0
1 0.19432614743709564 2 3 -0.09175687196896519
-1 0.0 0 0 -0.015883228079314783
94 -0.17155519127845764 4 5 -0.051300188022002924
-1 0.0 0 0 0.016591496310046184
21 0.22985096275806427 6 7 -0.07488104732814764
-1 0.0 0 0 -0.009386206725749578
-1 0.0 0 0 0.0062554138467339915
49 -0.015116029419004917 9 10 0.05005113675945202
-1 0.0 0 0 -0.014391625371254489
58 0.07373163104057312 11 22 0.06633368766331466
43 -0.0317063108086586 12 19 0.022773283190002602
106 0.04006163775920868 13 18 0.060297604910736824
2 0.4193296432495117 14 17 0.006357918677050415
41 0.09567608684301376 15 16 -0.04753498276171147
-1 0.0 0 0 -0.011450143736889922
-1 0.0 0 0 0.004923329719422475
-1 0.0 0 0 0.010435137087134685
-1 0.0 0 0 0.012013924080469973
2 0.41756290197372437 20 21 -0.06388561696733393
-1 0.0 0 0 -0.013536679509767634
-1 0.0 0 0 0.0036095324268196408
85 -0.029038678854703903 23 24 0.1302501280536006
-1 0.0 0 0 0.0024714145546856445
89 0.06258772313594818 25 28 0.1625535733577055
37 -0.020205141976475716 26 27 0.18039634833263446
-1 0.0 0 0 0.022079190604221827
-1 0.0 0 0 0.01006167133463981
-1 0.0 0 0 -0.0035066209448058995
nodes 29
2 0.3865007758140564 1 18 0.0
96 -0.03121953271329403 2 17 -0.049269672088259706
2 0.29110369086265564 3 8 -0.015441418858771344
94 -0.15719835460186005 4 7 -0.10695022406748056
1 0.18767064809799194 5 6 0.021893056889593122
-1 0.0 0 0 -0.012069690984031751
-1 0.0 0 0 0.016779906935740867
-1 0.0 0 0 -0.013739290858955764
21 0.13957388699054718 9 12 0.032383974170669905
41 0.09475559741258621 10 11 -0.03648374437567709
-1 0.0 0 0 -0.011432934947578384
-1 0.0 0 0 0.0034160979861670945
34 0.0910559743642807 13 14 0.11887806664211208
-1 0.0 0 0 -0.000894384814057901
49 0.1538085639476776 15 16 0.16223326098768115
-1 0.0 0 0 0.008959049608723043
-1 0.0 0 0 0.02400309108157651
-1 0.0 0 0 -0.013063335106103163
6 0.8324276208877563 19 20 0.0802544268706463
-1 0.0 0 0 -0.028413450980220547
104 0.06452476233243942 21 26 0.08784280716364827
70 0.0036957724951207638 22 25 0.05100155664790849
35 0.05714818835258484 23 24 -0.03000450160485497
-1 0.0 0 0 -0.008765109220697873
-1 0.0 0 0 0.0064160075377047675
-1 0.0 0 0 0.010198539861044728
89 -0.0620138980448246 27 28 0.16045902100510923
-1 0.0 0 0 0.022943063990097493
-1 0.0 0 0 0.007656934917965534
nodes 29
2 0.313972532749176 1 4 0.0
29 0.14857666194438934 2 3 -0.09111546490742503
-1 0.0 0 0 -0.011196825157224217
-1 0.0 0 0 0.002474589768492018
43 -0.03512344881892204 5 18 0.0351601946367781
21 0.06209590286016464 6 9 0.07195923266126798
85 0.03816618397831917 7 8 -0.019849744009022514
-1 0.0 0 0 -0.009523544864099141
-1 0.0 0 0 0.006404314428054373
93 -0.0211802888661623 10 15 0.10118872476509155
58 -0.018685614690184593 11 12 0.15555158479894393
-1 0.0 0 0 0.003962436092614951
84 -0.026419594883918762 13 14 0.18484160602316208
-1 0.0 0 0 0.0076621971161524235
-1 0.0 0 0 0.022043667026355507
96 0.06339111924171448 16 17 0.04509550545599007
-1 0.0 0 0 0.006749193862071136
-1 0.0 0 0 -0.012648734749352642
2 0.4202040731906891 19 24 -0.043870089782245006
34 0.12387137860059738 20 21 -0.09836129963479404
-1 0.0 0 0 -0.018675729493919793
41 0.03169163316488266 22 23 -0.02868840562664328
-1 0.0 0 0 -0.015355329251775095
-1 0.0 0 0 0.0029834989542722587
1 0.4736008048057556 25 28 0.05165148944408599
18 0.07488401979207993 26 27 0.06495803668750834
-1 0.0 0 0 0.009362346959658525
-1 0.0 0 0 -0.015774794800631237
-1 0.0 0 0 -0.04946562001608651
nodes 29
2 0.3865007758140564 1 14 0.0
49 0.11799216270446777 2 5 -0.041548929979364796
41 0.06961523741483688 3 4 -0.10027001792305212
-1 0.0 0 0 -0.015170897890997355
-1 0.0 0 0 -0.005770774004898932
1 0.212176114320755 6 7 0.000514373924232169
-1 0.0 0 0 -0.008370022245098521
96 -0.020772654563188553 8 13 0.03301626801821482
21 0.1522797793149948 9 12 0.06964371012186138
34 0.11795616894960403 10 11 0.012353417561542606
-1 0.0 0 0 -0.009228631209901724
-1 0.0 0 0 0.006291670535395796
-1 0.0 0 0 0.013864895096935665
-1 0.0 0 0 -0.007756684564357382
34 -0.07668910175561905 15 16 0.06767825772547903
-1 0.0 0 0 -0.027932722312110882
84 -0.032386116683483124 17 20 0.0750758238898552
96 0.058299534022808075 18 19 -0.012743283971756
-1 0.0 0 0 0.0020303019933609378
-1 0.0 0 0 -0.022012273153801207
104 0.015868589282035828 21 26 0.10341633930779898
70 0.01740594394505024 22 23 0.04833870291685614
-1 0.0 0 0 -0.003353942824260804
85 -0.055398497730493546 24 25 0.11160365428033378
-1 0.0 0 0 -0.007933096673933611
-1 0.0 0 0 0.014715973380205938
21 0.07544481009244919 27 28 0.15170976773697004
-1 0.0 0 0 0.0065109968954005885
-1 0.0 0 0 0.01889548627811731
nodes 29
6 1.0420279502868652 1 18 0.0
21 -0.10869596153497696 2 3 0.03791317956497815
-1 0.0 0 0 -0.030968296293186533
58 0.10311853140592575 4 15 0.04393225984019985
6 0.9562504291534424 5 6 0.013897028338351037
-1 0.0 0 0 -0.007724706445786634
96 -0.0858045145869255 7 10 0.03617423283484947
21 0.1750727891921997 8 9 0.08344566068401311
-1 0.0 0 0 0.004329644187767929
-1 0.0 0 0 0.016994427424243282
18 -0.006697018630802631 11 14 -0.0036651004778890284
2 0.35029783844947815 12 13 0.04063755516642614
-1 0.0 0 0 -0.009347985999981084
-1 0.0 0 0 0.006909834644123579
-1 0.0 0 0 -0.0070462115333138516
4 0.7621574401855469 16 17 0.11184735950137462
-1 0.0 0 0 -0.002529165887472246
-1 0.0 0 0 0.01296283498313653
4 0.7621574401855469 19 20 -0.060739417663948254
-1 0.0 0 0 -0.012417192250222213
7 0.6940000057220459 21 28 -0.03592349383730383
37 -0.019110780209302902 22 27 -0.017980922503820128
2 0.2923676371574402 23 24 0.012435199185230486
-1 0.0 0 0 -0.005169491846247844
96 -0.09560729563236237 25 26 0.05260481780456353
-1 0.0 0 0 0.01310692427122483
-1 0.0 0 0 -0.0003296541171692359
-1 0.0 0 0 -0.008378153635702525
-1 0.0 0 0 -0.018264723164539944
nodes 29
2 0.37929949164390564 1 12 0.0
106 -0.0028854080010205507 2 3 -0.03788092384887444
-1 0.0 0 0 -0.010808294935358226
34 0.11998621001839638 4 5 -0.007682901521115671
-1 0.0 0 0 -0.007409744990313246
2 0.29110369086265564 6 7 0.029183454570816458
-1 0.0 0 0 -0.005823004478891491
41 0.04864181578159332 8 9 0.07917661242529007
-1 0.0 0 0 -0.0023596965391148653
43 -0.06757336109876633 10 11 0.12649107127324252
-1 0.0 0 0 0.01739957690949981
-1 0.0 0 0 0.0038378092225456444
60 0.016441749408841133 13 18 0.05324908882561006
70 -0.012896646745502949 14 15 0.0010240348550831031
-1 0.0 0 0 -0.007773345398350354
85 -0.05864748731255531 16 17 0.0424349285107585
-1 0.0 0 0 -0.010904284856571245
-1 0.0 0 0 0.007217025317157357
89 -0.1492772251367569 19 22 0.09828617837868814
21 0.14690391719341278 20 21 0.20033780527443298
-1 0.0 0 0 0.011687131507720796
-1 0.0 0 0 0.03274964479932666
6 0.897193431854248 23 24 0.06923429932801736
-1 0.0 0 0 -0.018077398864606985
34 0.18076899647712708 25 28 0.08453531964013777
2 0.43559539318084717 26 27 0.04820497201849755
-1 0.0 0 0 -0.0013428016827185746
-1 0.0 0 0 0.012744914683908216
-1 0.0 0 0 0.016858555312788712
nodes 29
2 0.4193296432495117 1 16 0.0
49 0.1761818826198578 2 13 -0.022421533969980745
34 0.11998621001839638 3 4 -0.05573848561322668
-1 0.0 0 0 -0.011455796476819657
89 0.013299450278282166 5 12 -0.017204770678070618
2 0.3355397880077362 6 7 0.006415128094572765
-1 0.0 0 0 -0.005435002646384695
41 0.09387606382369995 8 11 0.061010613620714756
43 -0.11628756672143936 9 10 -0.005058386732217594
-1 0.0 0 0 0.01052875170842102
-1 0.0 0 0 -0.007139406629314291
-1 0.0 0 0 0.01425309599519013
-1 0.0 0 0 -0.010596487823418889
2 0.3285961151123047 14 15 0.04580159583621076
-1 0.0 0 0 -0.0012897328581266655
-1 0.0 0 0 0.010052489589075148
1 0.35576730966567993 17 20 0.07448616342621864
6 0.7125368714332581 18 19 0.3131319138450286
-1 0.0 0 0 -0.05306586122876683
-1 0.0 0 0 0.03676928050084962
104 0.047514744102954865 21 28 0.0589287589516072
2 0.4981071352958679 22 27 0.006755291918793228
93 -0.07602763175964355 23 24 0.020874320634395194
-1 0.0 0 0 0.012725631167455119
26 0.004490136168897152 25 26 -0.02424648872389152
-1 0.0 0 0 -0.01144041535509162
-1 0.0 0 0 0.004298942359039686
-1 0.0 0 0 -0.03766330659501754
-1 0.0 0 0 0.013117996005886265
nodes 29
49 0.0696142390370369 1 8 0.0
2 0.4374435544013977 2 5 -0.062280951435422886
43 -0.07351357489824295 3 4 -0.08865913361038265
-1 0.0 0 0 -0.004051327306145068
-1 0.0 0 0 -0.013376911936318148
49 -0.12260763347148895 6 7 0.04123481206245381
-1 0.0 0 0 -0.05252208188668681
-1 0.0 0 0 0.005778605357303149
2 0.31009483337402344 9 16 0.02310443045801309
29 0.14619818329811096 10 11 -0.0498821456502393
-1 0.0 0 0 -0.007398228882344831
1 0.20746755599975586 12 13 0.06236763750456741
-1 0.0 0 0 -0.00368267867170067
94 -0.07385839521884918 14 15 0.18913038222408549
-1 0.0 0 0 0.031217960693470354
-1 0.0 0 0 -0.004201816139118768
96 0.006559284869581461 17 26 0.05038744880322132
37 -0.020205141976475716 18 25 0.07595933250834051
21 0.21653962135314941 19 24 0.10921358226670938
85 -0.026730354875326157 20 21 0.08721553292956533
-1 0.0 0 0 -0.0010929402061013237
6 0.897193431854248 22 23 0.11686866017181896
-1 0.0 0 0 -0.009182193380818422
-1 0.0 0 0 0.01288858361512206
-1 0.0 0 0 0.023347865580913386
-1 0.0 0 0 0.0005708531246902458
18 0.06581135094165802 27 28 -0.0364620961113166
-1 0.0 0 0 -0.000584464402968304
-1 0.0 0 0 -0.015416673339586377
nodes 29
21 0.14327190816402435 1 14 0.0
34 0.0463273786008358 2 3 -0.03225418724787106
-1 0.0 0 0 -0.011885957625526038
2 0.3923978805541992 4 9 -0.011984881151650707
41 0.11610431969165802 5 6 -0.04692378997723213
-1 0.0 0 0 -0.0085721802096705
2 0.29485687613487244 7 8 0.006713895501698813
-1 0.0 0 0 -0.009184380221213642
-1 0.0 0 0 0.005149763344881511
15 -0.03795233368873596 10 11 0.04605901937242949
-1 0.0 0 0 -0.002865643335564272
89 0.11607331782579422 12 13 0.09246473282322044
-1 0.0 0 0 0.010717553051277529
-1 0.0 0 0 -0.02670149517248941
96 0.06085795536637306 15 28 0.041843970828634613
2 0.313972532749176 16 21 0.058284781887929696
94 -0.14338895678520203 17 20 -0.016738356001461244
1 0.18767064809799194 18 19 0.08652801207962245
-1 0.0 0 0 -0.006541512758851569
-1 0.0 0 0 0.019899247572044962
-1 0.0 0 0 -0.005176848809791738
89 -0.158896803855896 22 23 0.09392997680963125
-1 0.0 0 0 0.023017369030008616
49 0.2024528533220291 24 27 0.06679964791349659
6 0.9562504291534424 25 26 0.03839696710636101
-1 0.0 0 0 -0.008408637442881117
-1 0.0 0 0 0.006115707420601171
-1 0.0 0 0 0.017350541278044196
-1 0.0 0 0 -0.010242756138627998
nodes 29
43 0.025612203404307365 1 26 0.0
2 0.31009483337402344 2 5 0.013633896378048948
29 0.15333649516105652 3 4 -0.047597417134891434
-1 0.0 0 0 -0.006550287149575915
-1 0.0 0 0 0.005568730728072565
85 -2.195120259784744e-06 6 11 0.03606791949106912
21 0.055615078657865524 7 8 -0.023045891399794304
-1 0.0 0 0 -0.010928235450320914
107 -0.006983180996030569 9 10 0.004466986501759701
-1 0.0 0 0 0.004576667819314876
-1 0.0 0 0 -0.005469154622958248
58 -0.018685614690184593 12 13 0.06756532569336525
-1 0.0 0 0 -0.0014291886236881702
93 -0.030167333781719208 14 17 0.09038934463638235
84 -0.026419594883918762 15 16 0.13653626462721538
-1 0.0 0 0 0.005230931486174966
-1 0.0 0 0 0.016233354198545855
7 0.00800000037997961 18 19 0.04502510073349098
-1 0.0 0 0 -0.010249745766822655
34 0.1437273770570755 20 21 0.06161563142927257
-1 0.0 0 0 0.0012345930626164194
21 -0.05225032940506935 22 23 0.11075175570858237
-1 0.0 0 0 -0.021316255072537905
84 0.014219545759260654 24 25 0.12510413083794675
-1 0.0 0 0 0.0039108265705617385
-1 0.0 0 0 0.018177496164144987
34 0.2496463805437088 27 28 -0.09172037625818484
-1 0.0 0 0 -0.010756334409986053
-1 0.0 0 0 0.007797859874097668
nodes 29
2 0.43177488446235657 1 18 0.0
96 -0.0897878110408783 2 13 -0.015701599885522378
21 0.17108295857906342 3 10 0.025675785965306765
79 0.07769089937210083 4 9 -0.004925910363710659
85 0.027940483763813972 5 6 0.011765720868219993
-1 0.0 0 0 -0.003739814005362277
2 0.31493258476257324 7 8 0.04960103966531611
-1 0.0 0 0 -0.0032660858507204123
-1 0.0 0 0 0.00951579162639153
-1 0.0 0 0 -0.012690446736117335
1 0.20746755599975586 11 12 0.08351041285120596
-1 0.0 0 0 -0.0028047056201375192
-1 0.0 0 0 0.012671461830172355
34 0.13913105428218842 14 15 -0.05308604504831501
-1 0.0 0 0 -0.01029036686864712
106 0.07049734145402908 16 17 -0.011141506344799306
-1 0.0 0 0 -0.004687117250657114
-1 0.0 0 0 0.004939154816419014
59 0.09443177282810211 19 26 0.0732744296925654
2 0.5074802041053772 20 25 0.11280904399048454
70 0.03979763016104698 21 24 0.12419766460697373
104 0.048500508069992065 22 23 0.06543875200355682
-1 0.0 0 0 -0.00046030479310492606
-1 0.0 0 0 0.01566641541933934
-1 0.0 0 0 0.019544129331323084
-1 0.0 0 0 -0.034121729792021806
53 -0.09376796334981918 27 28 -0.03332990416941894
-1 0.0 0 0 -0.018614347825412537
-1 0.0 0 0 0.0035195114792109013
nodes 29
27 -0.033997368067502975 1 4 0.0
89 -0.04190826788544655 2 3 -0.06252469949393696
-1 0.0 0 0 -0.0028764102838012354
-1 0.0 0 0 -0.010906828742551269
43 -0.023656856268644333 5 24 0.016798213160239318
2 0.31957384943962097 6 7 0.03864598282577531
-1 0.0 0 0 -0.0022481454326089725
34 -0.03332540765404701 8 9 0.06588255395788048
-1 0.0 0 0 -0.01230330598953571
84 -0.032386116683483124 10 13 0.07606328051122466
106 0.011079734191298485 11 12 -0.000724741560326623
-1 0.0 0 0 -0.0071696261701347415
-1 0.0 0 0 0.005225704696499803
93 0.04714437574148178 14 23 0.10021503209907803
21 0.06209590286016464 15 16 0.12474082949097574
-1 0.0 0 0 0.004478376865870384
18 -0.013641689904034138 17 20 0.15109742634516
93 -0.05615868791937828 18 19 0.19411839816631687
-1 0.0 0 0 0.025554949507885595
-1 0.0 0 0 0.013919352222083396
70 -0.10743126273155212 21 22 0.08834512425450641
-1 0.0 0 0 -0.01600459078593931
-1 0.0 0 0 0.010851412127291496
-1 0.0 0 0 0.0012561295297831066
34 0.19945162534713745 25 28 -0.04546590289985445
18 -0.0899600237607956 26 27 -0.07325156852768071
-1 0.0 0 0 0.00014769064622677808
-1 0.0 0 0 -0.010116718940377117
-1 0.0 0 0 0.0044116642337620445
nodes 29
49 0.17231981456279755 1 20 0.0
2 0.42910218238830566 2 11 -0.021923293835775858
34 0.19840990006923676 3 6 -0.041864704415421894
96 -0.09560729563236237 4 5 -0.06601530478336493
-1 0.0 0 0 -0.0018053972619162092
-1 0.0 0 0 -0.01018746167685344
21 -0.06646370142698288 7 8 0.016869109364419044
-1 0.0 0 0 -0.01974448879708926
2 0.29110369086265564 9 10 0.03051698046631282
-1 0.0 0 0 -0.00670131528022073
-1 0.0 0 0 0.005920484759679352
2 0.5074802041053772 12 19 0.052348739830086845
59 0.09546220302581787 13 16 0.06225740309165297
26 0.01328822411596775 14 15 0.10191751497418142
-1 0.0 0 0 0.00270162157588107
-1 0.0 0 0 0.016359061573378294
53 -0.07959181815385818 17 18 -0.0409261947554601
-1 0.0 0 0 -0.017474689053265935
-1 0.0 0 0 0.003906933209574158
-1 0.0 0 0 -0.03408258955941533
106 0.013096011243760586 21 24 0.046254632283604595
18 0.0711464062333107 22 23 -0.005244093015364884
-1 0.0 0 0 0.0021165977781315466
-1 0.0 0 0 -0.015060512268029354
47 -0.055342867970466614 25 26 0.07447059894158431
-1 0.0 0 0 -0.0014242585606609847
1 0.20261700451374054 27 28 0.10014681888747404
-1 0.0 0 0 -0.0005516855744878938
-1 0.0 0 0 0.012480140667583904
nodes 29
21 0.18609517812728882 1 22 0.0
2 0.44425368309020996 2 15 -0.01792713430029543
34 0.16432100534439087 3 6 -0.03035431760144861
41 0.12532761693000793 4 5 -0.06121168605360231
-1 0.0 0 0 -0.008738711892899036
-1 0.0 0 0 -0.0009578743382422999
14 0.02120724320411682 7 14 0.010148612224845572
2 0.334744930267334 8 9 0.03616593560403485
-1 0.0 0 0 -0.0018744335010471868
27 -0.030301477760076523 10 11 0.07716336708907018
-1 0.0 0 0 -0.005080357012421124
89 0.06258772313594818 12 13 0.10911777148071805
-1 0.0 0 0 0.0130600635721047
-1 0.0 0 0 -0.008123928184546025
-1 0.0 0 0 -0.0063704121003679455
59 0.09338003396987915 16 21 0.063941134068788
49 -0.09432274103164673 17 18 0.11237330844805217
-1 0.0 0 0 -0.041930025143848436
15 0.03624751418828964 19 20 0.1233984417229615
-1 0.0 0 0 0.006708603030150826
-1 0.0 0 0 0.0222729472851545
-1 0.0 0 0 -0.006098157588197803
89 -0.07411938905715942 23 28 0.05133773868372586
2 0.31957384943962097 24 25 0.10686123451901801
-1 0.0 0 0 0.0018101957025573835
96 -0.0030352079775184393 26 27 0.15402240600888334
-1 0.0 0 0 0.020294399943356273
-1 0.0 0 0 0.003288218645261859
-1 0.0 0 0 0.00035500109957231564
nodes 29
43 -0.10462893545627594 1 14 0.0
2 0.2923676371574402 2 3 0.03549428759812686
-1 0.0 0 0 -0.003987222797904248
68 0.0356685072183609 4 13 0.05789733735001219
49 0.020776407793164253 5 6 0.08519264497784097
-1 0.0 0 0 -0.003732132569649896
42 -0.050054244697093964 7 10 0.10083996920021283
27 -0.04769464582204819 8 9 0.15769345320090547
-1 0.0 0 0 0.0009798687400109324
-1 0.0 0 0 0.018388315131146315
2 0.4506138563156128 11 12 0.05644273866882988
-1 0.0 0 0 0.0034723002405588504
-1 0.0 0 0 0.024829433524237724
-1 0.0 0 0 -0.001506786155517625
96 -0.04755719378590584 15 26 -0.025661637857402424
2 0.376844197511673 16 19 0.003030660860578286
37 -0.08111928403377533 17 18 -0.03095361353940576
-1 0.0 0 0 0.0012733573462158825
-1 0.0 0 0 -0.00718054499551531
6 0.9486059546470642 20 21 0.04696810724152409
-1 0.0 0 0 -0.009230174751037634
107 0.07224331051111221 22 25 0.07241333672813874
46 -0.09976593405008316 23 24 0.09455618932429558
-1 0.0 0 0 -0.004555079129350297
-1 0.0 0 0 0.01167700885268836
-1 0.0 0 0 -0.006776468711563156
2 0.42816007137298584 27 28 -0.06685947744021
-1 0.0 0 0 -0.009047875449155888
-1 0.0 0 0 0.00011935886103290237
nodes 29
58 0.08956682682037354 1 18 0.0
37 -0.08111928403377533 2 7 -0.02102622200150473
21 0.20103158056735992 3 6 0.01755736535318441
79 0.06904160976409912 4 5 -0.005655456966768796
-1 0.0 0 0 0.0009678930792378035
-1 0.0 0 0 -0.009874229540043137
-1 0.0 0 0 0.00990562901783916
2 0.4374435544013977 8 13 -0.05026553287925369
49 0.2124018371105194 9 12 -0.06592340668414937
42 -0.014132323674857616 10 11 -0.0829174788998698
-1 0.0 0 0 -0.005488982436324907
-1 0.0 0 0 -0.012535220940256312
-1 0.0 0 0 0.0013881688140332203
104 0.03973591327667236 14 15 0.02376992116778761
-1 0.0 0 0 -0.004658166364221251
53 -0.19057369232177734 16 17 0.10995843475130126
-1 0.0 0 0 -0.03335318309562709
-1 0.0 0 0 0.013802948103471983
2 0.2923676371574402 19 20 0.03990345416830693
-1 0.0 0 0 -0.003972076722950594
21 0.06713581830263138 21 22 0.0612104793256338
-1 0.0 0 0 -0.002227374384069174
89 -0.07411938905715942 23 26 0.08552242820825753
77 0.09980745613574982 24 25 0.13564130945909295
-1 0.0 0 0 0.015881502822310416
-1 0.0 0 0 -0.001524135060919759
74 -0.0272442065179348 27 28 0.034433906691866266
-1 0.0 0 0 -0.0065037255370642595
-1 0.0 0 0 0.006553584031638972
nodes 29
96 0.06085795536637306 1 28 0.0
21 0.12235009670257568 2 13 0.009327121116805696
34 0.06813209503889084 3 4 -0.022020406859593854
-1 0.0 0 0 -0.008116213673278574
85 0.08052170276641846 5 10 -0.00220362894084637
79 -0.059709761291742325 6 9 -0.028575218832243766
49 0.03852136805653572 7 8 0.024765916903713943
-1 0.0 0 0 -0.010266174449038885
-1 0.0 0 0 0.00532793588253307
-1 0.0 0 0 -0.006111531060092045
2 0.3303994834423065 11 12 0.05397798565423465
-1 0.0 0 0 -0.002826939661886406
-1 0.0 0 0 0.009427360304487929
89 -0.158896803855896 14 17 0.03786676364190595
2 0.3268566131591797 15 16 0.11941778666583507
-1 0.0 0 0 0.0009293996348295474
-1 0.0 0 0 0.01722780693956772
49 0.19992457330226898 18 27 0.02234077466369787
37 -0.09152141213417053 19 24 0.002468550131603109
2 0.34955283999443054 20 23 0.041248643881670106
94 -0.11827728152275085 21 22 -0.006214223334813089
-1 0.0 0 0 0.011000611711714146
-1 0.0 0 0 -0.005658353832254732
-1 0.0 0 0 0.008890373071267008
104 -0.006223869975656271 25 26 -0.02524175656175326
-1 0.0 0 0 -0.008016318930269804
-1 0.0 0 0 0.0012395436711511727
-1 0.0 0 0 0.00814595472644897
-1 0.0 0 0 -0.008581845771824312
nodes 29
99 -0.045301128178834915 1 6 0.0
6 0.9230248928070068 2 3 -0.04545458157682532
-1 0.0 0 0 -0.018991441771587857
96 -0.09083697944879532 4 5 -0.035148505767505986
-1 0.0 0 0 0.0010311245885604905
-1 0.0 0 0 -0.0065193726993610784
27 -0.033997368067502975 7 8 0.017199047784619986
-1 0.0 0 0 -0.004137291977879853
49 -0.018195442855358124 9 10 0.03334596462201119
-1 0.0 0 0 -0.008362383663074485
2 0.29110369086265564 11 12 0.04188206996030639
-1 0.0 0 0 -0.0027741958675176768
85 -0.017564939334988594 13 16 0.057931124617912194
42 -0.04188454523682594 14 15 -0.0046134240772919
-1 0.0 0 0 0.004824326426140002
-1 0.0 0 0 -0.005285862730517855
34 0.021486863493919373 17 20 0.08157667383668644
2 0.43559539318084717 18 19 -0.037138298268102055
-1 0.0 0 0 -0.009009024961234954
-1 0.0 0 0 0.013835069812806872
9 -0.026943976059556007 21 28 0.09735513714615579
2 0.3576561510562897 22 25 0.13710647579523338
43 -0.12252333015203476 23 24 0.0696694168284546
-1 0.0 0 0 0.015217203615556181
-1 0.0 0 0 0.00030769627311544773
62 0.015737630426883698 26 27 0.17256973293643066
-1 0.0 0 0 0.02193968234238042
-1 0.0 0 0 0.00985872064130003
-1 0.0 0 0 0.0052311405953881064
nodes 29
106 0.021962391212582588 1 14 0.0
2 0.4140511751174927 2 7 -0.03125519460363631
42 -0.029296308755874634 3 4 -0.054911359966386165
-1 0.0 0 0 -0.002060678858701793
6 1.079498291015625 5 6 -0.0966979463615403
-1 0.0 0 0 -0.013424569926808431
-1 0.0 0 0 -0.0017223593331619344
7 0.0560000017285347 8 11 0.02694399719117469
11 -0.034656137228012085 9 10 -0.03148416014982858
-1 0.0 0 0 -0.014334852482636481
-1 0.0 0 0 0.003456495439432783
1 0.34843844175338745 12 13 0.0860442943865527
-1 0.0 0 0 0.03615908084079766
-1 0.0 0 0 0.006545860462479672
47 0.011066475883126259 15 22 0.02296305555167283
87 0.13792970776557922 16 21 -0.007729034630574249
72 -0.04765354096889496 17 18 0.0020427165056532428
-1 0.0 0 0 -0.006313247869794535
9 -0.05968423932790756 19 20 0.020306369607839023
-1 0.0 0 0 0.007073135964024856
-1 0.0 0 0 -0.000869417686462628
-1 0.0 0 0 -0.01235909899244347
27 -0.03144127130508423 23 24 0.05404412795360274
-1 0.0 0 0 -0.0019816860670602075
1 0.19432614743709564 25 26 0.07495205193856669
-1 0.0 0 0 -0.003630669658280012
43 -0.057942502200603485 27 28 0.09423885102521413
-1 0.0 0 0 0.012550551899120622
-1 0.0 0 0 0.0038412055147428884
nodes 29
37 0.0090972064062953 1 22 0.0
21 0.2445645034313202 2 19 0.014076905358152658
9 -0.030587762594223022 3 14 0.004661820799022601
2 0.3285961151123047 4 5 0.03425314261518862
-1 0.0 0 0 -0.002076865513485261
18 -0.13976722955703735 6 7 0.059910238760454926
-1 0.0 0 0 0.017197086985030426
14 -0.01879199966788292 8 13 0.039023881505184606
27 -0.029050974175333977 9 10 0.07821730734834789
-1 0.0 0 0 -0.0018094141347852818
84 -0.046682534739375114 11 12 0.10511640273761495
-1 0.0 0 0 -0.001668574354110439
-1 0.0 0 0 0.013202697850969093
-1 0.0 0 0 -0.0010183469085613861
43 -0.10462893545627594 15 16 -0.024074851018579514
-1 0.0 0 0 0.0013951803920847002
6 0.9525459408760071 17 18 -0.0517871286902398
-1 0.0 0 0 -0.016944028939480535
-1 0.0 0 0 -0.0036906045669175868
89 -0.062935471534729 20 21 0.1031744856484136
-1 0.0 0 0 0.01720915863604468
-1 0.0 0 0 0.0035854558021608655
70 -0.03903095796704292 23 24 -0.04890137551831157
-1 0.0 0 0 -0.011890101243378923
107 0.05179981514811516 25 28 -0.021929714985090342
2 0.3965984284877777 26 27 0.0015696798213205205
-1 0.0 0 0 -0.0044453365763658485
-1 0.0 0 0 0.006832972659475051
-1 0.0 0 0 -0.011625590600883464
nodes 29
41 0.005397006403654814 1 14 0.0
2 0.41756290197372437 2 9 -0.04810084157661204
6 1.0771117210388184 3 8 -0.0776125589840594
49 0.11799216270446777 4 7 -0.11231402382755458
7 0.6179999709129333 5 6 -0.1849015353157611
-1 0.0 0 0 -0.01746331023885809
-1 0.0 0 0 -0.0945296697768158
-1 0.0 0 0 -0.0058750125284045005
-1 0.0 0 0 -0.0006786475453198838
82 0.05875764414668083 10 13 0.015588263170316244
2 0.48786455392837524 11 12 0.06015629118616313
-1 0.0 0 0 0.008612480970719729
-1 0.0 0 0 -0.021209964184327777
-1 0.0 0 0 -0.012885060054311443
21 0.2445645034313202 15 26 0.013847259011577611
87 0.0984106957912445 16 25 0.0053228870022888255
34 0.0463273786008358 17 18 0.01703560704974378
-1 0.0 0 0 -0.005033765294035366
2 0.2729111909866333 19 20 0.030835889852536446
-1 0.0 0 0 -0.004207490313624738
85 0.03535308316349983 21 22 0.044068840730456575
-1 0.0 0 0 0.0005780244073697697
9 -0.024229267612099648 23 24 0.07900421792340653
-1 0.0 0 0 0.01158989022973924
-1 0.0 0 0 0.003561692445752609
-1 0.0 0 0 -0.00555448548836656
1 0.20746755599975586 27 28 0.10040863810202254
-1 0.0 0 0 -0.0030243389514120864
-1 0.0 0 0 0.014048474343800497
nodes 29
43 0.025612203404307365 1 28 0.0
79 -0.0211593359708786 2 15 0.009658163946186498
89 -0.04585501551628113 3 14 0.031967729369467554
2 0.2697857916355133 4 5 0.05617890025522158
-1 0.0 0 0 -0.0029994936387680513
84 -0.033669471740722656 6 9 0.07134872327303446
96 -0.0030352079775184393 7 8 -0.006500790009494533
-1 0.0 0 0 0.0037548448278834183
-1 0.0 0 0 -0.012318246345330157
14 0.004687109030783176 10 13 0.09214938683721526
18 -0.07022341340780258 11 12 0.12098758128922452
-1 0.0 0 0 0.018344637936106804
-1 0.0 0 0 0.008158337106650619
-1 0.0 0 0 0.0033738548672835665
-1 0.0 0 0 -0.0005925325431115031
2 0.44425368309020996 16 19 -0.017969239216572074
41 0.07625414431095123 17 18 -0.029448400724582383
-1 0.0 0 0 -0.0063899606057339605
-1 0.0 0 0 0.00018255019459959752
104 -0.034921180456876755 20 27 0.058926600798092386
73 -0.024092938750982285 21 26 -0.07680516051826478
70 0.0017199941212311387 22 25 -0.2153783101750819
17 0.12316347658634186 23 24 -0.4610929696934928
-1 0.0 0 0 -0.055279855119560156
-1 0.0 0 0 0.062190627852188686
-1 0.0 0 0 -0.005297722071451058
-1 0.0 0 0 0.007726630192911744
-1 0.0 0 0 0.010517914366704212
-1 0.0 0 0 -0.006497412059839419
nodes 29
58 0.043905846774578094 1 8 0.0
7 0.006000000052154064 2 3 -0.02635743600751026
-1 0.0 0 0 -0.015303459005893805
47 0.0005790959694422781 4 5 -0.017589354570737972
-1 0.0 0 0 -0.00492194422473322
100 0.0755530297756195 6 7 0.00744777746913737
-1 0.0 0 0 -0.001726108452816626
-1 0.0 0 0 0.006116983351461042
89 0.01754838228225708 9 26 0.023063065255901512
2 0.2697857916355133 10 11 0.03687058431571483
-1 0.0 0 0 -0.0043549383968316795
37 0.0090972064062953 12 23 0.05087439233187381
21 0.2251036912202835 13 22 0.06979322802999527
34 0.17597362399101257 14 19 0.05585881213752176
18 -0.10619496554136276 15 16 0.027532164956180123
-1 0.0 0 0 0.01102609915956784
79 0.06738393008708954 17 18 0.0024117165238002843
-1 0.0 0 0 0.0020795845475619404
-1 0.0 0 0 -0.012488244515893941
57 0.02433403581380844 20 21 0.10261598553383185
-1 0.0 0 0 0.005231968952968665
-1 0.0 0 0 0.01570607681942493
-1 0.0 0 0 0.01622664160720408
70 -0.05486396327614784 24 25 -0.015723742837028952
-1 0.0 0 0 -0.013736807925552553
-1 0.0 0 0 0.0013726032092153141
1 0.4736008048057556 27 28 -0.04205721997335521
-1 0.0 0 0 -0.0038547206820781924
-1 0.0 0 0 -0.08572577746585013
nodes 29
49 0.1953890472650528 1 26 0.0
58 0.19643771648406982 2 25 -0.013570872732236212
34 0.19945162534713745 3 24 -0.020211090731309073
6 0.9025515913963318 4 5 -0.035424256286081465
-1 0.0 0 0 -0.01640746286225082
2 0.4374435544013977 6 15 -0.029088635400452104
96 -0.12002646923065186 7 8 -0.04375226057692368
-1 0.0 0 0 0.0002806105578602513
5 1.2520055770874023 9 14 -0.0670572063628295
37 -0.13030850887298584 10 11 -0.1035576788752438
-1 0.0 0 0 -0.001404803242049421
74 -0.040170688182115555 12 13 -0.1358906353049634
-1 0.0 0 0 -0.02462482706628569
-1 0.0 0 0 -0.01084014340429972
-1 0.0 0 0 -0.002500458195030517
5 1.381852149963379 16 23 0.03452150444207046
28 0.07609126716852188 17 20 0.023324102155700813
53 -0.11300130933523178 18 19 0.05669774308943666
-1 0.0 0 0 -0.006624869326708416
-1 0.0 0 0 0.009464582660285381
1 0.4736008048057556 21 22 -0.0996655240139992
-1 0.0 0 0 -0.00724448669743661
-1 0.0 0 0 -0.08675318196096193
-1 0.0 0 0 0.052812237734458624
-1 0.0 0 0 0.002102872767331006
-1 0.0 0 0 0.009070723836591698
80 0.11633358150720596 27 28 0.044106346245757724
-1 0.0 0 0 0.00597178805089967
-1 0.0 0 0 -0.004635309543086754
nodes 29
99 -0.045301128178834915 1 4 0.0
6 0.9562504291534424 2 3 -0.03963030547319847
-1 0.0 0 0 -0.012996052918686968
-1 0.0 0 0 -0.002702757064955177
96 0.06085795536637306 5 28 0.014995265614652276
73 0.0622389130294323 6 23 0.023009877083283885
21 0.12326378375291824 7 10 0.03458344036272619
105 -0.02251291647553444 8 9 0.004165905494940047
-1 0.0 0 0 -0.0039677061058200035
-1 0.0 0 0 0.0032923442832054773
2 0.2111424058675766 11 12 0.06214619143702966
-1 0.0 0 0 -0.007823399433533215
68 0.05689481273293495 13 22 0.07260998089905765
29 0.16152752935886383 14 21 0.08977230361892198
2 0.31493258476257324 15 16 0.07824461345485516
-1 0.0 0 0 0.0007442767205914564
107 -0.02110677771270275 17 20 0.10338433024071111
83 -0.0005208852817304432 18 19 0.1467675868317275
-1 0.0 0 0 0.008627259515986231
-1 0.0 0 0 0.02022625254912555
-1 0.0 0 0 0.004953558430276876
-1 0.0 0 0 0.01902171771950689
-1 0.0 0 0 -0.00053812681580008
2 0.44425368309020996 24 25 -0.039424455125997473
-1 0.0 0 0 -0.0062313592327621105
38 0.09078273177146912 26 27 0.10342101172265575
-1 0.0 0 0 0.016566232116643823
-1 0.0 0 0 -0.019690595701624587
-1 0.0 0 0 -0.0070787839877154025
nodes 29
43 -0.11934275925159454 1 10 0.0
2 0.29110369086265564 2 3 0.031611218407478194
-1 0.0 0 0 -0.002683945555539224
89 0.05317464843392372 4 9 0.049119261654794064
9 0.015324561856687069 5 8 0.061882387387941905
41 0.0306084007024765 6 7 0.08609092357093776
-1 0.0 0 0 0.0025250227428344264
-1 0.0 0 0 0.011321900453648236
-1 0.0 0 0 0.0004087381398822236
-1 0.0 0 0 -0.006475902066401787
34 0.19945162534713745 11 26 -0.01784235454317988
37 -0.01580268144607544 12 25 -0.03337670915230153
89 -0.20663154125213623 13 16 -0.013328850816849104
2 0.3552711606025696 14 15 0.11855198292079704
-1 0.0 0 0 -0.005188513305794235
-1 0.0 0 0 0.02012392966134528
1 0.4736008048057556 17 22 -0.022435445281174266
6 0.897193431854248 18 19 -0.019986251299496584
-1 0.0 0 0 -0.01755998487593704
96 -0.07575865834951401 20 21 -0.012798208350757125
-1 0.0 0 0 0.0019526295275783723
-1 0.0 0 0 -0.004582998703043375
0 0.5420362949371338 23 24 -0.506815580520292
-1 0.0 0 0 -0.018748770753510904
-1 0.0 0 0 -0.10757997905666179
-1 0.0 0 0 -0.007710673063517502
21 -0.021530987694859505 27 28 0.026788795026665084
-1 0.0 0 0 -0.013280589411856537
-1 0.0 0 0 0.004084592218238949
nodes 29
68 0.028106093406677246 1 26 0.0
42 -0.06090825796127319 2 11 0.015286975680704072
49 0.09618797898292542 3 4 0.04665412368843484
-1 0.0 0 0 -0.0004206933349215156
2 0.2647554874420166 5 6 0.07300164117169364
-1 0.0 0 0 -0.001215421291770398
34 0.19840990006923676 7 10 0.09067580769770896
79 0.08972315490245819 8 9 0.061441971518131355
-1 0.0 0 0 0.007669148902084472
-1 0.0 0 0 -0.011550111868438996
-1 0.0 0 0 0.016256047761825872
2 0.44425368309020996 12 17 -0.006357822163722112
58 0.14157430827617645 13 16 -0.020684420002722404
73 0.04876979812979698 14 15 -0.03450713636215931
-1 0.0 0 0 -0.0018881483951480472
-1 0.0 0 0 -0.009721055545155061
-1 0.0 0 0 0.0042069082029451196
18 0.12940581142902374 18 25 0.0849064919430715
26 0.018675168976187706 19 24 0.10383600066765906
34 -0.07668910175561905 20 21 0.019576233473678834
-1 0.0 0 0 -0.07043497082777321
104 -0.04482445865869522 22 23 0.037346648945242644
-1 0.0 0 0 -0.01481554260457352
-1 0.0 0 0 0.009382497098973985
-1 0.0 0 0 0.018017954774092373
-1 0.0 0 0 -0.03239098335766504
99 0.012631389312446117 27 28 -0.035338854389245576
-1 0.0 0 0 -0.006482038773389554
-1 0.0 0 0 -0.00028615638979371415
nodes 29
106 0.021962391212582588 1 14 0.0
2 0.4140511751174927 2 5 -0.02612525877446014
74 -0.04284160956740379 3 4 -0.04410430013502804
-1 0.0 0 0 -0.011932755443193235
-1 0.0 0 0 -0.0027425661513939843
1 0.35576730966567993 6 9 0.018107002049950086
6 0.776975691318512 7 8 0.203892007913307
-1 0.0 0 0 -0.033999516064356465
-1 0.0 0 0 0.026761892673493583
33 -0.023288989439606667 10 13 0.0022418818365588715
52 0.07337827980518341 11 12 -0.0508865792865608
-1 0.0 0 0 -0.0019368128494730988
-1 0.0 0 0 -0.021190330627477997
-1 0.0 0 0 0.005832407621570324
47 -0.055342867970466614 15 16 0.019194113979925397
-1 0.0 0 0 -0.0032000734322592743
73 0.03265483304858208 17 26 0.03418962206144886
72 -0.05661403760313988 18 19 0.05149318633368008
-1 0.0 0 0 -0.0018790945997407512
27 -0.033997368067502975 20 21 0.06802512330174175
-1 0.0 0 0 -8.761819188951952e-05
1 0.20746755599975586 22 23 0.08606958557644732
-1 0.0 0 0 0.00024789030736374525
20 -0.10879097878932953 24 25 0.10479813677933406
-1 0.0 0 0 -0.002070851138487102
-1 0.0 0 0 0.011890977549307796
2 0.4432528018951416 27 28 -0.023637208077262863
-1 0.0 0 0 -0.004674154216862202
-1 0.0 0 0 0.012419390940498546
nodes 29
24 -0.04504632204771042 1 8 0.0
6 0.9441081285476685 2 3 -0.03767148682719643
-1 0.0 0 0 -0.015223920808740103
37 -0.09343960136175156 4 5 -0.02594097011398327
-1 0.0 0 0 0.00227265222728445
5 1.2800170183181763 6 7 -0.0532232320475496
-1 0.0 0 0 -0.008463367318207132
-1 0.0 0 0 0.00012257176007919108
93 0.05068974941968918 9 26 0.013155566008765496
9 -0.04694864898920059 10 21 0.02622938103966028
27 -0.03914494439959526 11 12 0.056884269194912324
-1 0.0 0 0 -0.0018994703835986165
2 0.3568324148654938 13 14 0.0750512100306126
-1 0.0 0 0 0.0025356672198819743
14 0.09569395333528519 15 20 0.11282247699698028
13 -0.0735519602894783 16 17 0.1290391089965844
-1 0.0 0 0 0.002067043345968234
60 0.05334227904677391 18 19 0.1565040748006579
-1 0.0 0 0 0.011001197953069471
-1 0.0 0 0 0.022982429725735037
-1 0.0 0 0 -0.004508875005455838
35 -0.008265743032097816 22 23 0.003961373167503325
-1 0.0 0 0 -0.0036663894636375914
2 0.43647414445877075 24 25 0.026642685507357565
-1 0.0 0 0 0.0010932374753133249
-1 0.0 0 0 0.011364027984668512
47 -0.01648748479783535 27 28 -0.03133563699900358
-1 0.0 0 0 -0.008504161053027513
-1 0.0 0 0 0.0003554298177280133
nodes 29
87 0.11666929721832275 1 24 0.0
89 -0.13078050315380096 2 7 0.008016030278287357
58 0.19926384091377258 3 6 0.04843565221412093
84 -0.020635291934013367 4 5 0.03856568041324366
-1 0.0 0 0 -0.002418109442635409
-1 0.0 0 0 0.006011157546836224
-1 0.0 0 0 0.019949824404497093
49 0.2024528533220291 8 23 -0.005632018466870096
41 0.023799387738108635 9 14 -0.018970922982091513
6 1.079498291015625 10 11 -0.061068694109131155
-1 0.0 0 0 -0.008379029242535425
1 0.30516353249549866 12 13 0.0074569520568418275
-1 0.0 0 0 0.0029658261569329852
-1 0.0 0 0 -0.04442205369514598
40 -0.10589540004730225 15 16 -0.001819811716263225
-1 0.0 0 0 -0.009867659968687385
27 0.024305418133735657 17 18 0.0051383549535112425
-1 0.0 0 0 -0.002548892781090929
34 0.06813209503889084 19 20 0.029478493665769618
-1 0.0 0 0 -0.004319986870949451
2 0.333871990442276 21 22 0.05130445807870661
-1 0.0 0 0 -0.0008750266904029955
-1 0.0 0 0 0.00868646133807505
-1 0.0 0 0 0.0045959647347592674
7 0.02800000086426735 25 26 -0.06012431605265199
-1 0.0 0 0 -0.01599634960485352
5 1.52202570438385 27 28 -0.03582142718989763
-1 0.0 0 0 -0.005820555044331314
-1 0.0 0 0 0.007966957332007496
nodes 29
7 0.00800000037997961 1 4 0.0
6 0.8095192909240723 2 3 -0.0734940535610484
-1 0.0 0 0 -0.03137041087570693
-1 0.0 0 0 -0.00558397077030064
79 0.03673739731311798 5 28 0.006305783135276273
104 -0.11840683966875076 6 7 0.018423546070464432
-1 0.0 0 0 -0.0067615901817278615
89 -0.042990945279598236 8 25 0.025698368305476588
2 0.3429451584815979 9 10 0.04536445103742335
-1 0.0 0 0 0.0009946872916230677
5 1.224204421043396 11 22 0.07297513231412561
80 0.13075649738311768 12 21 0.04867259316020134
70 -0.05350674316287041 13 14 0.06465900569909122
-1 0.0 0 0 -0.003979676407824363
21 0.1769767701625824 15 20 0.08698938831627294
34 -0.14054812490940094 16 17 0.058421007285065905
-1 0.0 0 0 -0.05807777730302072
37 0.0090972064062953 18 19 0.06323006878791473
-1 0.0 0 0 0.009167497120422332
-1 0.0 0 0 -0.002747041011078071
-1 0.0 0 0 0.016275735675273503
-1 0.0 0 0 -0.008504112687560815
43 -0.07825815677642822 23 24 0.16612264989849024
-1 0.0 0 0 0.025166194141345306
-1 0.0 0 0 0.009135778670515375
49 0.04904421791434288 26 27 -0.005330719980794229
-1 0.0 0 0 -0.006650342862987642
-1 0.0 0 0 0.0012832965370519617
-1 0.0 0 0 -0.0033832001562862295
nodes 29
14 0.09091822803020477 1 28 0.0
18 -0.061281438916921616 2 13 0.006924743025247177
2 0.34955283999443054 3 4 0.03362918652218703
-1 0.0 0 0 -0.0006612114695743793
49 -0.07635042816400528 5 6 0.06343347445619789
-1 0.0 0 0 -0.02106069750800982
93 -0.12443123012781143 7 8 0.06957443691079276
-1 0.0 0 0 0.01638614929610654
68 0.036731187254190445 9 12 0.05224733917589973
9 -0.1664533168077469 10 11 0.07862701577806945
-1 0.0 0 0 0.02261179302565309
-1 0.0 0 0 0.006557553015280957
-1 0.0 0 0 -0.001435363642437009
43 0.06479663401842117 14 25 -0.010860539122765323
42 -0.060052450746297836 15 20 -0.0042938740959820206
21 0.07420774549245834 16 17 0.02604492034456992
-1 0.0 0 0 -0.0036846277940167076
68 0.05689481273293495 18 19 0.045478739974222304
-1 0.0 0 0 0.006495542804242128
-1 0.0 0 0 -0.0033391111519583683
85 -0.04821763187646866 21 22 -0.02569233951674639
-1 0.0 0 0 -0.008417461319463079
99 -0.12522774934768677 23 24 -0.011616796039607339
-1 0.0 0 0 -0.011645951892072865
-1 0.0 0 0 -0.0001811843021998483
1 0.29911091923713684 26 27 -0.10252287294917105
-1 0.0 0 0 -0.0021983265227736057
-1 0.0 0 0 -0.01854458414797831
-1 0.0 0 0 -0.006665662936306271
nodes 29
72 -0.04765354096889496 1 6 0.0
107 0.05977771431207657 2 5 -0.039981724790991845
35 0.030318671837449074 3 4 -0.02222281191714166
-1 0.0 0 0 -0.006088279837263524
-1 0.0 0 0 0.0025599282988115687
-1 0.0 0 0 -0.01204638972662247
106 -0.031702011823654175 7 8 0.010995216441426852
-1 0.0 0 0 -0.0033766744017662306
34 0.19945162534713745 9 20 0.0241555031118492
95 -0.0022880947217345238 10 11 0.008812914898136699
-1 0.0 0 0 -0.0028006626602927343
47 -0.04739028215408325 12 13 0.027068387221725
-1 0.0 0 0 -0.0024566402362707837
6 0.8475961685180664 14 15 0.04429502608354153
-1 0.0 0 0 -0.020057819533249855
41 0.004148405510932207 16 17 0.04890834668571831
-1 0.0 0 0 -0.0016736959730392317
29 -0.06238562613725662 18 19 0.06598550813159129
-1 0.0 0 0 -0.0017475928041706939
-1 0.0 0 0 0.00847632746438504
2 0.29110369086265564 21 22 0.06274376302324998
-1 0.0 0 0 -0.000816580472560963
84 0.012202216312289238 23 24 0.08577193933505312
-1 0.0 0 0 0.002330139525104534
41 0.08115493506193161 25 26 0.1251064036143163
-1 0.0 0 0 0.006273585730774825
68 -0.022531190887093544 27 28 0.183324952769031
-1 0.0 0 0 0.02710858703759927
-1 0.0 0 0 0.009869388243763856
nodes 29
85 0.08052170276641846 1 18 0.0
7 0.019999999552965164 2 9 -0.014212890391468053
6 0.9196611046791077 3 4 -0.06993414159865519
-1 0.0 0 0 -0.01575148283596072
35 0.016684798523783684 5 8 -0.037492151625181644
104 0.01051025278866291 6 7 -0.09847211151860265
-1 0.0 0 0 -0.017864161770865847
-1 0.0 0 0 -0.0028800482942958183
-1 0.0 0 0 0.0014557377236740063
79 -0.0211593359708786 10 17 -0.004116766615623276
58 0.09466920047998428 11 14 0.016268729994549588
40 0.015773842111229897 12 13 -0.0025011441085730874
-1 0.0 0 0 -0.003925132294631415
-1 0.0 0 0 0.0027834343152159007
104 -0.08697249740362167 15 16 0.05503934949341069
-1 0.0 0 0 -0.005475742395718219
-1 0.0 0 0 0.007452327687054075
-1 0.0 0 0 -0.002888849815919714
99 -0.022174499928951263 19 22 0.029986918012064306
93 -0.06321527063846588 20 21 -0.007473096027948642
-1 0.0 0 0 0.005583294282915852
-1 0.0 0 0 -0.003809297712067679
2 0.313972532749176 23 24 0.05242567132514218
-1 0.0 0 0 -0.0002914208169442226
71 -0.12362603098154068 25 26 0.07373076267326385
-1 0.0 0 0 -0.004729565743685823
34 0.1437273770570755 27 28 0.08653296338402157
-1 0.0 0 0 0.004361723595929086
-1 0.0 0 0 0.013526244929709198
nodes 29
43 -0.11934275925159454 1 12 0.0
20 0.06596492230892181 2 7 0.02656355710058578
88 0.014390009455382824 3 4 0.010004637753196296
-1 0.0 0 0 -0.002324289269343536
2 0.313972532749176 5 6 0.032790107460829956
-1 0.0 0 0 -0.0027300706397730724
-1 0.0 0 0 0.006371403506055709
83 -0.06497520953416824 8 9 0.07626786436527097
-1 0.0 0 0 -0.002179752960225628
1 0.19773125648498535 10 11 0.10565779575614441
-1 0.0 0 0 -0.000949488998022618
-1 0.0 0 0 0.013206353301343019
62 0.07055899128317833 13 26 -0.014993297616242194
14 0.15186378359794617 14 25 -0.0029122217024810434
40 -0.06540340930223465 15 16 0.0016815415293363546
-1 0.0 0 0 -0.005347736739056406
99 -0.05067998543381691 17 18 0.013160404757024248
-1 0.0 0 0 -0.0032971548264990346
75 -0.1132793053984642 19 20 0.028953216586439002
-1 0.0 0 0 -0.007882936728493098
34 0.14737841486930847 21 24 0.03576595669586946
89 -0.23877973854541779 22 23 0.009308218186004736
-1 0.0 0 0 0.020966503746406462
-1 0.0 0 0 0.00024130162141211168
-1 0.0 0 0 0.006550544224394682
-1 0.0 0 0 -0.014835688279693011
58 0.24088263511657715 27 28 -0.06275680117268613
-1 0.0 0 0 -0.006830234770645967
-1 0.0 0 0 0.023882096762321253
nodes 29
24 0.05292176827788353 1 20 0.0
96 -0.13644690811634064 2 3 -0.014178822418010276
-1 0.0 0 0 0.0024990701707379697
15 0.0352105051279068 4 15 -0.029093152828597087
5 1.244441032409668 5 14 -0.04646943534385418
18 0.024614771828055382 6 11 -0.07438706092085035
107 -0.016329819336533546 7 10 -0.04996708533183663
58 0.03655821830034256 8 9 -0.011390417446690797
-1 0.0 0 0 -0.008138475410330236
-1 0.0 0 0 0.004011377238828021
-1 0.0 0 0 -0.009816528129866497
43 0.02747383713722229 12 13 -0.1456619639725843
-1 0.0 0 0 -0.01215900631882641
-1 0.0 0 0 -0.0330252925927594
-1 0.0 0 0 0.00013094408203016448
2 0.42460739612579346 16 19 0.009150382174107694
49 0.14550316333770752 17 18 -0.02049847470121474
-1 0.0 0 0 -0.006219921550328531
-1 0.0 0 0 0.003836333214648869
-1 0.0 0 0 0.008980450324970865
2 0.46006345748901367 21 24 0.026908495096046415
73 -0.06064920499920845 22 23 0.017773098841653172
-1 0.0 0 0 0.005494976813380059
-1 0.0 0 0 -0.0006474893021279636
34 -0.11979801952838898 25 26 0.1426259263041706
-1 0.0 0 0 -0.07519599083397124
104 -0.013869795948266983 27 28 0.15556489377993588
-1 0.0 0 0 0.0014868453860690351
-1 0.0 0 0 0.022220619155104093
nodes 29
96 0.10024803876876831 1 28 0.0
49 0.25855308771133423 2 27 0.004432379965428329
21 0.2661623954772949 3 24 -0.0013864238929554996
58 0.19926384091377258 4 23 -0.00666984246023556
85 0.01204553060233593 5 12 -0.01181190218573456
5 1.2652307748794556 6 11 -0.03870168015180371
15 0.002798301400616765 7 10 -0.06082199417694718
81 0.050571851432323456 8 9 -0.0935538154196648
-1 0.0 0 0 -0.006427237705737572
-1 0.0 0 0 -0.01849572583677067
-1 0.0 0 0 -0.002016365343942406
-1 0.0 0 0 0.0006840530178390974
68 0.08339004963636398 13 22 0.00569678287171757
2 0.43647414445877075 14 17 0.015418923221019924
73 -0.004779517184942961 15 16 0.003611765933623671
-1 0.0 0 0 0.0025585534222270414
-1 0.0 0 0 -0.003180553019450467
28 0.07824254035949707 18 21 0.07983313743621377
70 0.08320450782775879 19 20 0.11857992561311674
-1 0.0 0 0 0.007310248056331183
-1 0.0 0 0 0.023374514658475218
-1 0.0 0 0 -0.006661414237462722
-1 0.0 0 0 -0.006251622962309972
-1 0.0 0 0 0.007861764975321286
75 -0.08066486567258835 25 26 0.08771039493317685
-1 0.0 0 0 -0.014555720119395469
-1 0.0 0 0 0.011168090402589086
-1 0.0 0 0 0.007635764534093752
-1 0.0 0 0 -0.008251112754158274
nodes 29
7 0.8500000238418579 1 28 0.0
7 0.02199999988079071 2 5 0.0011642179363025714
23 0.07829426974058151 3 4 -0.042586010308118635
-1 0.0 0 0 -0.0022142971902804286
-1 0.0 0 0 -0.012908424270049706
2 0.43647414445877075 6 23 0.009874034458634237
41 0.13378509879112244 7 18 0.0016737023938135451
49 0.2562120258808136 8 17 -0.01450149286402166
37 -0.08681544661521912 9 10 -0.022275749447318603
-1 0.0 0 0 0.0009939029133292378
1 0.2602100372314453 11 12 -0.04466687611293539
-1 0.0 0 0 0.0003749443893502498
34 0.06538651138544083 13 14 -0.0791417109209296
-1 0.0 0 0 -0.018550927488754605
79 -0.005934698041528463 15 16 -0.05388548568684715
-1 0.0 0 0 -0.0015095179337311715
-1 0.0 0 0 -0.011273974359648713
-1 0.0 0 0 0.007033461713370726
2 0.29485687613487244 19 20 0.03816132007382832
-1 0.0 0 0 -0.002065491366868824
9 -0.05042528733611107 21 22 0.06689714942607948
-1 0.0 0 0 0.012141229515375204
-1 0.0 0 0 0.002757537164874261
5 1.369197964668274 24 27 0.062404693593542296
70 0.04931483045220375 25 26 0.05186356325603413
-1 0.0 0 0 0.00025899081586164274
-1 0.0 0 0 0.012179755640379325
-1 0.0 0 0 0.05032412016396375
-1 0.0 0 0 -0.0311797580694259
nodes 29
72 -0.04765354096889496 1 2 0.0
-1 0.0 0 0 -0.0035852225513225613
106 -0.031702011823654175 3 4 0.00985957908203281
-1 0.0 0 0 -0.0029021347184995184
27 -0.0748862475156784 5 8 0.02129080618731797
6 1.0613887310028076 6 7 -0.045984426505985
-1 0.0 0 0 -0.009544311574809875
-1 0.0 0 0 0.0034575896487314575
2 0.35191941261291504 9 16 0.029256728027243516
29 0.09382117539644241 10 11 0.003612597335017739
-1 0.0 0 0 -0.0019100580698345315
100 0.09434747695922852 12 13 0.06667682662178886
-1 0.0 0 0 0.0018193986114082622
6 1.0462595224380493 14 15 0.15331539988420514
-1 0.0 0 0 0.02678103508527062
-1 0.0 0 0 0.004771949558553155
60 0.027715297415852547 17 24 0.05162800704806651
91 0.09710871428251266 18 23 0.01192161042496221
70 -0.08884762227535248 19 20 0.030420750125268712
-1 0.0 0 0 -0.01053520785932551
38 0.07695312052965164 21 22 0.04773359406909835
-1 0.0 0 0 0.007255281337559413
-1 0.0 0 0 -0.005051752079100061
-1 0.0 0 0 -0.01161763901805375
34 0.19004178047180176 25 28 0.09444203433959789
5 1.2864623069763184 26 27 0.062541408145985
-1 0.0 0 0 0.004295166159847409
-1 0.0 0 0 0.019281625515543827
-1 0.0 0 0 0.01724301098522543
nodes 29
87 0.12034694105386734 1 28 0.0
9 0.09433812648057938 2 25 0.006566018731089504
18 0.06766070425510406 3 24 0.012861346462785951
49 0.0696142390370369 4 7 0.021961821860730365
74 -0.040170688182115555 5 6 -0.015607688237759166
-1 0.0 0 0 -0.00891810470329405
-1 0.0 0 0 0.00034245847370333
2 0.334744930267334 8 9 0.03512950256342846
-1 0.0 0 0 -7.682014474917349e-05
34 -0.018927454948425293 10 11 0.057496672530464185
-1 0.0 0 0 -0.0085003240617745
5 1.273943543434143 12 19 0.06629848777720007
83 0.008394657634198666 13 16 0.05019473905837324
18 -0.08052261918783188 14 15 0.014861369613291917
-1 0.0 0 0 0.006915901835710613
-1 0.0 0 0 -0.002089441900695531
21 -0.10869596153497696 17 18 0.08640388563050144
-1 0.0 0 0 -0.030862618472805636
-1 0.0 0 0 0.009239987776987242
2 0.40514370799064636 20 23 0.15474163081679468
4 0.8642157912254333 21 22 0.11043309725472927
-1 0.0 0 0 0.0031319675989516012
-1 0.0 0 0 0.021881798144197315
-1 0.0 0 0 0.03418109548478023
-1 0.0 0 0 -0.004151438428330234
6 0.9544470310211182 26 27 -0.060004350413513326
-1 0.0 0 0 -0.02217544191860953
-1 0.0 0 0 -0.0040013034389904225
-1 0.0 0 0 -0.005323378681444867
nodes 29
84 -0.031187700107693672 1 12 0.0
29 0.14857666194438934 2 11 -0.03185420773439585
5 1.2652307748794556 3 6 -0.04425661627383537
52 0.016779635101556778 4 5 -0.07137116436880465
-1 0.0 0 0 -0.003797013512485524
-1 0.0 0 0 -0.013021996929634704
2 0.41118934750556946 7 8 0.0052353880716105245
-1 0.0 0 0 -0.0013605585659766282
6 0.8095192909240723 9 10 0.24171290995800776
-1 0.0 0 0 -0.022870057485588305
-1 0.0 0 0 0.03318342302065637
-1 0.0 0 0 0.005667023002899492
9 0.04114667326211929 13 28 0.010452228004470225
27 -0.033997368067502975 14 15 0.021593868363638677
-1 0.0 0 0 -0.002546306895368684
2 0.3285961151123047 16 17 0.034683051715374585
-1 0.0 0 0 -0.0006894135770875449
14 0.004687109030783176 18 23 0.054308045490325446
18 -0.05543525516986847 19 20 0.08131888783335439
-1 0.0 0 0 0.012964736600733329
5 1.1674301624298096 21 22 0.04183988720152356
-1 0.0 0 0 5.793993521448957e-05
-1 0.0 0 0 0.01036032156165507
81 0.14788803458213806 24 27 0.0030499943644132564
2 0.4184110760688782 25 26 0.014112515184927558
-1 0.0 0 0 -0.0025938012313462423
-1 0.0 0 0 0.00744509009547215
-1 0.0 0 0 -0.02178152665821025
-1 0.0 0 0 -0.0030186803767910577
nodes 29
58 -0.018685614690184593 1 8 0.0
1 0.2602100372314453 2 3 -0.03384883145246407
-1 0.0 0 0 0.001368930690753122
93 0.10430330038070679 4 7 -0.058303918482778716
9 -0.006284042727202177 5 6 -0.042616721390185235
-1 0.0 0 0 -0.0007422766790008961
-1 0.0 0 0 -0.009708627911204092
-1 0.0 0 0 -0.020419594615409303
24 -0.08841925114393234 9 10 0.009744393568592063
-1 0.0 0 0 -0.004467099998318774
21 0.22075282037258148 11 24 0.01786607005684965
85 -2.195120259784744e-06 12 13 0.008741859715000123
-1 0.0 0 0 -0.002167765382674019
13 -0.08253678679466248 14 15 0.024049443896564403
-1 0.0 0 0 -0.003276604089706099
20 -0.09791126102209091 16 17 0.0359085562395002
-1 0.0 0 0 -0.0035488394476570757
2 0.287321001291275 18 19 0.04738424497843449
-1 0.0 0 0 -0.0017522699453349129
93 0.14014990627765656 20 23 0.06302709265657365
70 -0.05764616094529629 21 22 0.06986127392169604
-1 0.0 0 0 -0.0012857510987211254
-1 0.0 0 0 0.008632019112408375
-1 0.0 0 0 -0.012974079230415759
1 0.20098313689231873 25 26 0.0672460851421976
-1 0.0 0 0 -0.0034597655747021666
77 -0.03695357218384743 27 28 0.09205494637143738
-1 0.0 0 0 0.016521641536523697
-1 0.0 0 0 0.004536004901093227
nodes 29
6 0.9562504291534424 1 2 0.0
-1 0.0 0 0 -0.004823503845025564
7 0.8500000238418579 3 28 0.006675470561024253
58 0.19926384091377258 4 27 0.007868760670818273
96 -0.1503673493862152 5 6 0.0034471221193351042
-1 0.0 0 0 0.00403973518040009
104 -0.12662509083747864 7 8 -0.007362834627911292
-1 0.0 0 0 -0.008385928431040666
2 0.44425368309020996 9 20 -0.0015744074501688227
47 -0.061730191111564636 10 13 -0.009937454752316714
5 1.1711188554763794 11 12 -0.057036275920885726
-1 0.0 0 0 -0.011564235616031796
-1 0.0 0 0 -0.001449577161083557
42 -0.010527695529162884 14 15 0.0023025788863324536
-1 0.0 0 0 0.002257680155023203
6 1.0843803882598877 16 17 -0.03326357680869003
-1 0.0 0 0 -0.005802582512485813
1 0.31765449047088623 18 19 0.03385905286311961
-1 0.0 0 0 0.004549530948525425
-1 0.0 0 0 -0.052297839817659154
3 0.6525752544403076 21 22 0.052845007957853456
-1 0.0 0 0 0.04621139998340773
24 -0.0013095439644530416 23 26 0.043335724552958615
1 0.4736008048057556 24 25 -0.02902773663894861
-1 0.0 0 0 -0.0010708863836484538
-1 0.0 0 0 -0.04685386771321759
-1 0.0 0 0 0.009491648928493052
-1 0.0 0 0 0.00851810920552574
-1 0.0 0 0 -0.02739113014653002
nodes 29
43 -0.11934275925159454 1 10 0.0
89 0.05317464843392372 2 9 0.023657777582799643
2 0.25544869899749756 3 4 0.0318069130587856
-1 0.0 0 0 -0.00375859254116031
49 -0.02149396389722824 5 6 0.042316530507578554
-1 0.0 0 0 -0.008095219042739186
20 0.0478128157556057 7 8 0.04935113658151025
-1 0.0 0 0 0.002914422043677835
-1 0.0 0 0 0.009618739955264128
-1 0.0 0 0 -0.005403619901073186
52 0.05425237491726875 11 18 -0.013353185485235577
62 0.020485203713178635 12 17 -0.0010817781019132025
34 0.1418818086385727 13 14 0.018683248536998966
-1 0.0 0 0 -0.00137904150900728
2 0.3743872046470642 15 16 0.05085566822092051
-1 0.0 0 0 0.0011009395300369052
-1 0.0 0 0 0.009673180067603926
-1 0.0 0 0 -0.003232560320059424
1 0.27694740891456604 19 20 -0.05261249885801289
-1 0.0 0 0 -0.0003474572179276291
15 -0.04171057790517807 21 24 -0.08857839740441323
93 0.136222243309021 22 23 -0.17032825952004385
-1 0.0 0 0 -0.015255235493642594
-1 0.0 0 0 -0.05810593881566698
99 -0.11534818261861801 25 26 -0.042184949704763386
-1 0.0 0 0 -0.026019413611626515
49 0.11900600790977478 27 28 -0.021634903444662814
-1 0.0 0 0 -0.009329303123190491
-1 0.0 0 0 0.004105612602452704
nodes 29
99 -0.045301128178834915 1 6 0.0
5 1.1747071743011475 2 5 -0.028351015185267874
52 0.02154536359012127 3 4 -0.06399767717902724
-1 0.0 0 0 -0.002135799705119413
-1 0.0 0 0 -0.014329149477385908
-1 0.0 0 0 0.00014869322294374762
107 0.0755225419998169 7 24 0.010727421773123693
105 -0.04587613418698311 8 9 0.019236508423517686
-1 0.0 0 0 -0.0016282290243327061
2 0.3743872046470642 10 15 0.03410641004063274
33 0.022763555869460106 11 14 0.008174191150179795
19 -0.049150239676237106 12 13 0.025424568882593018
-1 0.0 0 0 0.007374336236579581
-1 0.0 0 0 -0.0003898652895321094
-1 0.0 0 0 -0.005422918891301971
89 -0.23877973854541779 16 17 0.06601313832632177
-1 0.0 0 0 0.027935606555456734
15 0.05442061647772789 18 23 0.057414568565393016
82 0.07250271737575531 19 22 0.03306339292266389
9 -0.05141323618590832 20 21 0.05828656688088952
-1 0.0 0 0 0.011866047474374785
-1 0.0 0 0 0.001203599502657796
-1 0.0 0 0 -0.005987815668234766
-1 0.0 0 0 0.01272686709565795
2 0.48406878113746643 25 26 -0.0441179381486738
-1 0.0 0 0 -0.0033673560363806747
50 -0.03769046068191528 27 28 -0.4343429191659505
-1 0.0 0 0 -0.08100976155449947
-1 0.0 0 0 -0.015638739033761652
nodes 29
14 0.09091822803020477 1 24 0.0
37 -0.06591235846281052 2 13 0.005598315995193607
87 -0.001717070583254099 3 10 0.02386387210026532
98 0.11321797966957092 4 9 0.05165319397895992
1 0.21063260734081268 5 6 0.06178077191265822
-1 0.0 0 0 -0.0013574730597220865
96 -0.07471463084220886 7 8 0.07936752808105961
-1 0.0 0 0 0.011531452925296042
-1 0.0 0 0 0.003772154975763465
-1 0.0 0 0 -0.007261205453386244
100 0.12155825644731522 11 12 0.0013725144646312018
-1 0.0 0 0 -0.001302857783162853
-1 0.0 0 0 0.007135440325793083
70 -0.010024105198681355 14 19 -0.012647490948397302
1 0.2813057005405426 15 16 -0.0503780974840703
-1 0.0 0 0 -0.0005536957066129813
88 -0.07448064535856247 17 18 -0.08819668899566305
-1 0.0 0 0 -0.01930477827733199
-1 0.0 0 0 -0.0064234719031009205
24 -0.011777021922171116 20 21 0.009970365761153269
-1 0.0 0 0 -0.0027234319496536098
2 0.45627593994140625 22 23 0.03374546601230699
-1 0.0 0 0 0.0021997563806174215
-1 0.0 0 0 0.015234800375316866
80 0.06780913472175598 25 26 -0.05388862415870067
-1 0.0 0 0 -0.0018962145165416736
6 1.0639995336532593 27 28 -0.11899047559931664
-1 0.0 0 0 -0.01908688884053896
-1 0.0 0 0 0.0043449032706471295
nodes 29
6 0.8095192909240723 1 2 0.0
-1 0.0 0 0 -0.015844406486198486
68 0.07998449355363846 3 28 0.0018870977284662
103 0.07891535758972168 4 21 0.009060155698928714
73 0.0622389130294323 5 20 0.019188206185609003
20 -0.1172986850142479 6 7 0.02820185160211446
-1 0.0 0 0 -0.004255268285918104
2 0.2111424058675766 8 9 0.03547910899360021
-1 0.0 0 0 -0.006194136257310444
21 0.12235009670257568 10 15 0.04075853111670256
57 0.03709189593791962 11 12 0.013843790226563249
-1 0.0 0 0 -0.0013920003350994749
81 0.03913696110248566 13 14 0.05035959114286456
-1 0.0 0 0 0.008217116678392648
-1 0.0 0 0 -0.002374253777509227
77 -0.02663794346153736 16 19 0.064059859409609
17 -0.05058860033750534 17 18 0.10489673368704876
-1 0.0 0 0 0.01657284731041175
-1 0.0 0 0 0.0067206528875706556
-1 0.0 0 0 0.0033589631363729077
-1 0.0 0 0 -0.003046431714313149
5 1.3005125522613525 22 25 -0.026094531659474736
26 0.03559892997145653 23 24 -0.049139082686373965
-1 0.0 0 0 -0.007981556872523823
-1 0.0 0 0 0.0001656137053422364
2 0.39491647481918335 26 27 0.04278726840453553
-1 0.0 0 0 0.0014977244585487827
-1 0.0 0 0 0.026895055232258765
-1 0.0 0 0 -0.004170709401925628
nodes 29
41 0.0306084007024765 1 18 0.0
37 0.03809627890586853 2 15 -0.025838359955831638
2 0.4140511751174927 3 10 -0.012696034139735116
6 1.0856603384017944 4 9 -0.03410267014770812
21 0.0914374515414238 5 6 -0.05648115658153269
-1 0.0 0 0 -0.012817070998522249
41 -0.08767027407884598 7 8 -0.025868482371978835
-1 0.0 0 0 -0.017620924641945764
-1 0.0 0 0 -0.0006631475493348352
-1 0.0 0 0 0.0027801965435490256
5 1.6453007459640503 11 14 0.032334072329061096
82 0.05765976384282112 12 13 0.022838504427514193
-1 0.0 0 0 0.006130109612500079
-1 0.0 0 0 -0.009845273817314464
-1 0.0 0 0 0.04862449618982163
1 0.2602100372314453 16 17 -0.08861871674381
-1 0.0 0 0 0.0023295717654272913
-1 0.0 0 0 -0.014635413351602455
99 -0.1201571449637413 19 20 0.011386805976806618
-1 0.0 0 0 -0.006170356047287896
72 -0.04765354096889496 21 22 0.017127868230569446
-1 0.0 0 0 -0.002526000260632766
93 -0.01115066185593605 23 28 0.028329377709155407
2 0.35445094108581543 24 25 0.04821536609520916
-1 0.0 0 0 0.0015464303596858756
89 0.06258772313594818 26 27 0.07835286617580862
-1 0.0 0 0 0.009386425842541068
-1 0.0 0 0 -0.006083246110665515
-1 0.0 0 0 0.0004462065922159358
nodes 29
7 0.00800000037997961 1 6 0.0
104 0.07918692380189896 2 5 -0.057933928545279664
93 -0.06120643764734268 3 4 -0.09120146572536833
-1 0.0 0 0 -0.0004928564510188862
-1 0.0 0 0 -0.013613573956929012
-1 0.0 0 0 0.003397952417799388
27 0.05197925493121147 7 26 0.004970725723203414
49 0.2562120258808136 8 25 -0.010530307232402005
5 1.218727707862854 9 14 -0.017157508393938814
79 0.06738393008708954 10 13 -0.03689445733238034
15 0.012864168733358383 11 12 -0.022703468638028582
-1 0.0 0 0 -0.005009269022514536
-1 0.0 0 0 0.001695064935127128
-1 0.0 0 0 -0.012466589770052027
2 0.3881100118160248 15 16 0.007918437556148891
-1 0.0 0 0 -0.000715273655892871
21 0.09542438387870789 17 20 0.10013694178206256
43 -0.07640844583511353 18 19 -0.0067240096272538265
-1 0.0 0 0 0.017680278717170414
-1 0.0 0 0 -0.013892551579599476
6 1.0716638565063477 21 22 0.17779603415470419
-1 0.0 0 0 0.014480955909226507
91 -0.07497387379407883 23 24 0.6567107832093758
-1 0.0 0 0 0.15385954930232124
-1 0.0 0 0 0.037708880204889106
-1 0.0 0 0 0.00767446332893343
99 0.0694354698061943 27 28 0.023648488839932688
-1 0.0 0 0 0.0010118281074433068
-1 0.0 0 0 0.006811738289680106
nodes 29
81 0.03590865433216095 1 18 0.0
46 -0.08423855900764465 2 3 0.010810642387409761
-1 0.0 0 0 -0.0033053751421276084
10 -0.021391432732343674 4 9 0.019927232992990068
62 0.1614731103181839 5 8 -0.008014665540566495
16 -0.02901456505060196 6 7 -0.0027157092257789643
-1 0.0 0 0 0.0025170310021306007
-1 0.0 0 0 -0.0034175211164248482
-1 0.0 0 0 -0.01696013334012737
95 -0.051128678023815155 10 11 0.03936192106191448
-1 0.0 0 0 -0.001821438577221158
2 0.19801852107048035 12 13 0.05138439647328634
-1 0.0 0 0 -0.007385569719331735
22 0.00046137324534356594 14 17 0.05793292847967831
14 0.08050141483545303 15 16 0.08679855693830339
-1 0.0 0 0 0.010048995827488878
-1 0.0 0 0 -0.0036695869676323664
-1 0.0 0 0 0.0028402003629401738
104 -0.02654050476849079 19 24 -0.025463029028507132
7 0.029999999329447746 20 23 -0.06791737945268105
42 -0.17458923161029816 21 22 -0.16307053340958644
-1 0.0 0 0 0.026032944220712347
-1 0.0 0 0 -0.019124861555045756
-1 0.0 0 0 -0.004513699140298534
32 -0.09794368594884872 25 26 -0.005215213552901321
-1 0.0 0 0 0.00585193781263319
72 -0.09058529138565063 27 28 -0.02090384953347463
-1 0.0 0 0 -0.011761761858874127
-1 0.0 0 0 -0.0007855489186447136
nodes 29
106 0.04958377406001091 1 22 0.0
2 0.4494783282279968 2 11 -0.015131012395387913
14 0.13045194745063782 3 6 -0.0234895199279957
74 -0.04284160956740379 4 5 -0.017968963334729915
-1 0.0 0 0 -0.00677651431908801
-1 0.0 0 0 -0.0006606607238026441
6 1.0782663822174072 7 10 -0.1357241614247074
80 0.04791414737701416 8 9 -0.2088214266520532
-1 0.0 0 0 -0.010325849728603634
-1 0.0 0 0 -0.03387791506194605
-1 0.0 0 0 0.00539239550364683
104 -0.039254628121852875 12 13 0.04403967942491951
-1 0.0 0 0 -0.007346614440252113
34 -0.11979801952838898 14 15 0.0822249750341157
-1 0.0 0 0 -0.06537420731037856
39 0.07150843739509583 16 17 0.0899298847388008
-1 0.0 0 0 0.013517423193818696
93 0.13245832920074463 18 19 -0.00760129064081624
-1 0.0 0 0 0.002126057169411719
14 -0.07187748700380325 20 21 -0.48917281386976164
-1 0.0 0 0 0.03661506857190813
-1 0.0 0 0 -0.08817803218777552
34 0.2496463805437088 23 28 0.017567721892429795
29 0.19679152965545654 24 27 0.008080205101022996
9 -0.028774531558156013 25 26 0.0026224401702288347
-1 0.0 0 0 0.002657340628129751
-1 0.0 0 0 -0.002126196408231713
-1 0.0 0 0 0.011419598276769926
-1 0.0 0 0 0.007859503838171016
nodes 29
89 -0.13078050315380096 1 4 0.0
21 0.17798924446105957 2 3 0.027998628606704642
-1 0.0 0 0 0.0008790324053305814
-1 0.0 0 0 0.007967831640527718
24 -0.0013095439644530416 5 14 -0.009382218987062187
5 1.2169338464736938 6 13 -0.029654817954365746
37 -0.07641932368278503 7 8 -0.05361197076743345
-1 0.0 0 0 -0.0011320051798385572
41 -0.10740414261817932 9 10 -0.0894914118678111
-1 0.0 0 0 -0.03456511654707334
95 0.01927555538713932 11 12 -0.08069940957315895
-1 0.0 0 0 -0.013009555106581715
-1 0.0 0 0 -0.003812079136254812
-1 0.0 0 0 5.5586237103902524e-05
10 -0.011972172185778618 15 16 0.006721051898064695
-1 0.0 0 0 -0.0018070179581670472
72 -0.1088658794760704 17 18 0.02744820069801218
-1 0.0 0 0 -0.007591342075949849
2 0.4140511751174927 19 20 0.03565313974168866
-1 0.0 0 0 0.0017486485909159084
34 -0.14054812490940094 21 22 0.09319765125830246
-1 0.0 0 0 -0.07835899962112308
69 0.13020816445350647 23 26 0.10019236723332865
5 1.2934157848358154 24 25 0.1276433894689949
-1 0.0 0 0 0.011056713314813317
-1 0.0 0 0 0.04159881747726884
9 -0.1431370973587036 27 28 -0.09014051162219265
-1 0.0 0 0 0.04397286131870056
-1 0.0 0 0 -0.015508006688300026
nodes 29
57 0.022556448355317116 1 20 0.0
21 0.16147035360336304 2 17 -0.01479884612260799
5 1.237412929534912 3 10 -0.03311597120900084
93 0.14014990627765656 4 9 -0.06094280182341164
15 0.044520292431116104 5 8 -0.053140702558896996
24 0.04041305184364319 6 7 -0.0754862274964975
-1 0.0 0 0 -0.01100086937944661
-1 0.0 0 0 -0.0027421515875105857
-1 0.0 0 0 0.0005083835536019612
-1 0.0 0 0 -0.024242759573615314
2 0.41118934750556946 11 12 0.011426126658521015
-1 0.0 0 0 2.2447886512711876e-05
6 0.8324276208877563 13 16 0.15492799728023415
79 0.013964667916297913 14 15 -0.2479593123284966
-1 0.0 0 0 0.0063377854898760124
-1 0.0 0 0 -0.08187441189118005
-1 0.0 0 0 0.023266035335858956
104 -0.039254628121852875 18 19 0.016103799169619234
-1 0.0 0 0 -0.003729869949039519
-1 0.0 0 0 0.003839994373966467
84 -0.0802065059542656 21 22 0.017455297311712987
-1 0.0 0 0 -0.00519042444071957
54 -0.05608132667839527 23 24 0.0260354213650599
-1 0.0 0 0 -0.0021852494962028013
2 0.313972532749176 25 26 0.03806573234013012
-1 0.0 0 0 -0.0011455501931824264
95 -0.00632384093478322 27 28 0.05732914257301474
-1 0.0 0 0 0.000981819703382732
-1 0.0 0 0 0.008072095727632681
nodes 29
47 -0.023761996999382973 1 8 0.0
93 0.06053602695465088 2 3 -0.022079204652376568
-1 0.0 0 0 -0.0007761435864436818
6 1.072611927986145 4 7 -0.07826745767833533
15 -0.04072887450456619 5 6 -0.1137102305246656
-1 0.0 0 0 -0.019704018963270724
-1 0.0 0 0 -0.0063440242638395684
-1 0.0 0 0 0.0017017639005377867
6 0.7125368714332581 9 10 0.011634651802108695
-1 0.0 0 0 -0.030747733422053714
73 0.056180380284786224 11 28 0.012960635767090327
96 0.003807034809142351 12 27 0.021679850175022473
37 -0.06499826163053513 13 26 0.03419487679231359
2 0.2744106948375702 14 15 0.05744776575876605
-1 0.0 0 0 -0.0005704496954330836
100 0.0954832211136818 16 21 0.07397918216407776
18 -0.10731594264507294 17 18 0.05246541833222687
-1 0.0 0 0 0.012139488540046626
50 -0.03394579887390137 19 20 0.02810502430651483
-1 0.0 0 0 -0.0032081196311512343
-1 0.0 0 0 0.00642090749644252
29 0.09931479394435883 22 23 0.14071856564427893
-1 0.0 0 0 0.009649931304206312
21 0.028681807219982147 24 25 0.26443267253398517
-1 0.0 0 0 -0.029048259872070048
-1 0.0 0 0 0.029707474731367256
-1 0.0 0 0 0.0007997778750258073
-1 0.0 0 0 -0.002394918537224031
-1 0.0 0 0 -0.0031218609775761404
nodes 29
85 -0.08342649787664413 1 4 0.0
6 1.0830591917037964 2 3 -0.04714231797808516
-1 0.0 0 0 -0.007569000452395964
-1 0.0 0 0 0.004585519785945668
62 0.006904472131282091 5 20 0.005352941590342744
89 -0.1560894250869751 6 7 0.021027004869477194
-1 0.0 0 0 0.007329913866929556
80 0.11305075138807297 8 17 0.009370218642438364
2 0.3728448152542114 9 10 0.019977571109413894
-1 0.0 0 0 -0.000688348450089543
34 0.013891118578612804 11 12 0.050816125975260855
-1 0.0 0 0 -0.010979296635114573
52 0.07761219143867493 13 16 0.06841181321372335
91 0.08864301443099976 14 15 0.08868143451692763
-1 0.0 0 0 0.010701716058890013
-1 0.0 0 0 -0.002067283577631627
-1 0.0 0 0 -0.003820272058953544
6 1.0020830631256104 18 19 -0.05128909772329814
-1 0.0 0 0 -0.014208152521385357
-1 0.0 0 0 -0.0011436387346582073
42 -0.01862831972539425 21 24 -0.014046699522432277
43 -0.08777499198913574 22 23 0.004849930303596185
-1 0.0 0 0 0.003646614775464436
-1 0.0 0 0 -0.0027286119726390636
104 0.06665174663066864 25 28 -0.04375039962322862
5 1.2520055770874023 26 27 -0.06774519939890787
-1 0.0 0 0 -0.010245332930495038
-1 0.0 0 0 -0.0011406898511976686
-1 0.0 0 0 0.0019368540875568403
nodes 29
35 0.013201560825109482 1 8 0.0
73 0.07676367461681366 2 7 -0.017176823221238372
72 0.009277185425162315 3 4 -0.00807997452172482
-1 0.0 0 0 -0.0034933727777825283
34 0.13532377779483795 5 6 0.013823540153374706
-1 0.0 0 0 -0.0019011536763721062
-1 0.0 0 0 0.004039680387660464
-1 0.0 0 0 -0.007897679552387848
96 0.0882098376750946 9 28 0.014335079663763396
2 0.4483833312988281 10 25 0.019640067324319575
53 -0.019683687016367912 11 24 0.011866749471554833
2 0.2994961440563202 12 13 0.027008146428889712
-1 0.0 0 0 -0.0012145435377685751
5 1.1905969381332397 14 19 0.04241684650202217
79 0.024854416027665138 15 18 0.012988221213437021
68 -0.016016751527786255 16 17 0.040973279797294655
-1 0.0 0 0 0.008266871874650675
-1 0.0 0 0 -0.000916021175625518
-1 0.0 0 0 -0.006784901245670118
2 0.34378039836883545 20 21 0.08758916773835422
-1 0.0 0 0 0.00276419230622843
6 0.8602556586265564 22 23 0.13369275999208993
-1 0.0 0 0 -0.010465179269301763
-1 0.0 0 0 0.015546867229776365
-1 0.0 0 0 -0.002592562380230493
94 -0.040703918784856796 26 27 0.08655882877923464
-1 0.0 0 0 9.000805293981727e-05
-1 0.0 0 0 0.013727883408811065
-1 0.0 0 0 -0.006865598531362142
nodes 29
87 0.12034694105386734 1 24 0.0
9 0.09433812648057938 2 23 0.0054333327378535915
18 0.06766070425510406 3 18 0.010538180048030199
2 0.44425368309020996 4 9 0.017914497151981026
73 -0.05401292443275452 5 8 0.010764770906684207
33 -0.10541050881147385 6 7 0.03634619708538423
-1 0.0 0 0 0.008545329129054365
-1 0.0 0 0 0.0019477386467389862
-1 0.0 0 0 -0.0008392531258140054
28 0.01734725758433342 10 15 0.06849707013983025
82 0.09657149761915207 11 14 0.11645527628577032
49 -0.09432274103164673 12 13 0.14345679327567507
-1 0.0 0 0 -0.043819896767244626
-1 0.0 0 0 0.015270669779963959
-1 0.0 0 0 -0.0047135504473150465
15 0.011882485821843147 16 17 0.000452079586255083
-1 0.0 0 0 -0.006555671523788728
-1 0.0 0 0 0.008625074519906682
5 1.1784924268722534 19 22 -0.03353563095669967
15 -0.05904985964298248 20 21 -0.07898353155516498
-1 0.0 0 0 -0.01908035683353961
-1 0.0 0 0 -0.0031272070652641815
-1 0.0 0 0 0.0005533616926191573
-1 0.0 0 0 -0.004854822062183349
6 1.0686558485031128 25 28 -0.04405057143187004
93 -0.05615868791937828 26 27 -0.0724531904430415
-1 0.0 0 0 -0.00023478390895372822
-1 0.0 0 0 -0.011074232072253075
-1 0.0 0 0 0.0036020116250058535
nodes 29
40 -0.06540340930223465 1 4 0.0
43 0.02747383713722229 2 3 -0.03622838047825453
-1 0.0 0 0 -0.0019167992037471358
-1 0.0 0 0 -0.011748699776534576
93 -0.008407850749790668 5 18 0.00654168084480189
27 0.05197925493121147 6 9 0.02253448992221628
49 0.25855308771133423 7 8 0.0020136539631198545
-1 0.0 0 0 -0.0005595742526212916
-1 0.0 0 0 0.010699893363248893
74 -0.029627718031406403 10 11 0.047649948922388746
-1 0.0 0 0 -0.00100941459151502
2 0.31957384943962097 12 13 0.06397891980386955
-1 0.0 0 0 0.0011117052097618467
96 0.12117522209882736 14 17 0.08697956859578146
34 0.04988803714513779 15 16 0.09499891943033234
-1 0.0 0 0 -8.76376666442352e-05
-1 0.0 0 0 0.011414703865510696
-1 0.0 0 0 -0.01523290701524695
5 1.244441032409668 19 24 -0.013366047866048572
106 0.05218615010380745 20 23 -0.03389286071061663
75 0.007223877124488354 21 22 -0.06357962241501838
-1 0.0 0 0 -0.011763127858903604
-1 0.0 0 0 -0.0033134362832954985
-1 0.0 0 0 -4.4748032642468887e-05
2 0.4122196137905121 25 26 0.02230789069534268
-1 0.0 0 0 0.0009121156280467697
49 -0.10754616558551788 27 28 0.23075478275096406
-1 0.0 0 0 -0.09309597075695084
-1 0.0 0 0 0.02612879545866711
nodes 29
7 0.02199999988079071 1 4 0.0
23 0.07829426974058151 2 3 -0.03474190280970939
-1 0.0 0 0 -0.0016916121406666852
-1 0.0 0 0 -0.011016604240215281
7 0.8500000238418579 5 28 0.006885606200816132
107 0.0755225419998169 6 27 0.007982931252027018
2 0.3840238153934479 7 14 0.014375164407970334
33 -0.04130486026406288 8 9 -0.00020015353299715534
-1 0.0 0 0 0.0025187320826268993
6 1.0716638565063477 10 13 -0.02742126770109013
34 0.23528693616390228 11 12 -0.06231870517388298
-1 0.0 0 0 -0.009396397390121053
-1 0.0 0 0 0.004591790326403755
-1 0.0 0 0 0.002126921340879469
5 1.2769173383712769 15 22 0.04147233470521882
82 0.05765976384282112 16 21 0.02678564406259518
28 0.08403538912534714 17 20 0.05234120544928047
60 -0.07166937738656998 18 19 0.07559626708465662
-1 0.0 0 0 -0.003595264468770204
-1 0.0 0 0 0.009517759951491254
-1 0.0 0 0 -0.0037457560692518393
-1 0.0 0 0 -0.005003152787864567
41 -0.026318209245800972 23 24 0.16331325053532159
-1 0.0 0 0 -0.003050691265079286
43 0.040393490344285965 25 26 0.2222532616054123
-1 0.0 0 0 0.027653319511493458
-1 0.0 0 0 -0.0032892250028633318
-1 0.0 0 0 -0.0033189897048940143
-1 0.0 0 0 -0.02382043038259551
nodes 29
85 0.08052170276641846 1 24 0.0
81 0.03913696110248566 2 19 -0.01047657154962417
27 -0.032732363790273666 3 6 0.0017669898889633175
6 1.0818469524383545 4 5 -0.041463321327908545
-1 0.0 0 0 -0.006835719996361828
-1 0.0 0 0 0.0036305728541635423
79 -0.059709761291742325 7 14 0.013734147119799296
26 0.024750780314207077 8 9 0.04240051510579634
-1 0.0 0 0 0.0010536466142897654
18 0.022357461974024773 10 13 0.08274435474017897
2 0.31957384943962097 11 12 0.1159232069696135
-1 0.0 0 0 0.0012805140453030234
-1 0.0 0 0 0.015369023626889076
-1 0.0 0 0 -0.00035793846886153274
14 0.09330166131258011 15 18 -0.004644060907368936
21 0.23333188891410828 16 17 0.004736707312274716
-1 0.0 0 0 -0.0006544236053469104
-1 0.0 0 0 0.00776364536412283
-1 0.0 0 0 -0.008963677296733964
32 -0.10237830877304077 20 21 -0.04058729229742917
-1 0.0 0 0 0.001964506624331939
24 -0.043822478502988815 22 23 -0.054244782740302346
-1 0.0 0 0 -0.010688380563506192
-1 0.0 0 0 -0.0034561696747255006
46 0.06878148764371872 25 28 0.022103884831882015
71 -0.12362603098154068 26 27 0.006687508615672036
-1 0.0 0 0 -0.008455284843112537
-1 0.0 0 0 0.0015554649837817387
-1 0.0 0 0 0.006318084122062338
nodes 29
7 0.0 1 2 0.0
-1 0.0 0 0 -0.010897286227790818
47 -0.05921700969338417 3 10 0.0019997260772649066
104 0.06351342052221298 4 7 -0.026951042081650774
5 1.1998283863067627 5 6 -0.04884012965364329
-1 0.0 0 0 -0.008551967521275265
-1 0.0 0 0 -0.0005831850679417581
2 0.4122196137905121 8 9 0.030108404136882233
-1 0.0 0 0 -0.0014757893558072959
-1 0.0 0 0 0.011414753009857441
42 -0.01951134018599987 11 26 0.009946833679812236
7 0.39800000190734863 12 25 0.02427821222944735
73 0.050171006470918655 13 24 0.034612429242534444
39 0.03890348970890045 14 17 0.04609236809588521
89 -0.18003113567829132 15 16 0.015548420655410837
-1 0.0 0 0 0.012994550771368785
-1 0.0 0 0 0.00018105194093532483
1 0.3631735146045685 18 23 0.07069906991235668
37 0.007880028337240219 19 22 0.09466270090282912
2 0.25732943415641785 20 21 0.11315162847674509
-1 0.0 0 0 0.0012696770807097146
-1 0.0 0 0 0.013221291567064558
-1 0.0 0 0 0.000640269921686558
-1 0.0 0 0 -0.0002955672128682832
-1 0.0 0 0 -0.002097669442111375
-1 0.0 0 0 -0.0023737593818840726
62 0.0318315289914608 27 28 -0.011293080035622112
-1 0.0 0 0 0.000777502580633034
-1 0.0 0 0 -0.004956968854610989
nodes 29
68 0.028106093406677246 1 14 0.0
26 0.019533542916178703 2 3 0.009678696383290249
-1 0.0 0 0 -0.0009810467439166054
2 0.42816007137298584 4 11 0.03231567337531155
34 0.19004178047180176 5 8 0.014449112574382292
19 -0.03882525488734245 6 7 -0.009983727307746578
-1 0.0 0 0 0.0035205992864458142
-1 0.0 0 0 -0.004110759063748075
2 0.3277474641799927 9 10 0.06034763205019804
-1 0.0 0 0 -0.000524050925894304
-1 0.0 0 0 0.010839938638962161
58 -0.19374141097068787 12 13 0.09913760729113107
-1 0.0 0 0 -0.08169538735279015
-1 0.0 0 0 0.010291808797837247
6 1.079498291015625 15 24 -0.022374212414163985
89 0.13682502508163452 16 23 -0.036887250944245366
104 0.09498465806245804 17 22 -0.031114019140487052
7 0.734000027179718 18 21 -0.04803464097728307
96 0.058299534022808075 19 20 -0.04661118643524893
-1 0.0 0 0 -0.0033808311998652927
-1 0.0 0 0 -0.014513551603329945
-1 0.0 0 0 -0.10788434821367264
-1 0.0 0 0 0.003365666356206257
-1 0.0 0 0 -0.022875490384095157
1 0.30418661236763 25 28 0.02908229767149111
2 0.4016634523868561 26 27 0.04231250907720113
-1 0.0 0 0 0.0037019619709553276
-1 0.0 0 0 0.12012727671656116
-1 0.0 0 0 -0.029059769686269152
nodes 29
41 0.005397006403654814 1 16 0.0
6 1.0818469524383545 2 11 -0.027368515590143812
37 0.06583234667778015 3 10 -0.04471806872788194
2 0.40429091453552246 4 5 -0.03069144018024522
-1 0.0 0 0 -0.006586876254617572
84 -0.020635291934013367 6 9 0.008233746437756383
2 0.48786455392837524 7 8 -0.0787640839625003
-1 0.0 0 0 -0.004528543896373264
-1 0.0 0 0 -0.04121770510784327
-1 0.0 0 0 0.004296461951179871
-1 0.0 0 0 -0.016428162638569513
1 0.30418661236763 12 13 0.0373764616040106
-1 0.0 0 0 0.005117294498860652
30 0.0365007184445858 14 15 -0.29005526186391245
-1 0.0 0 0 -0.0529075919162482
-1 0.0 0 0 0.016263537695913606
72 -0.04765354096889496 17 20 0.007878841850350631
107 0.02106587216258049 18 19 -0.02533578504813728
-1 0.0 0 0 -0.00010741993233970764
-1 0.0 0 0 -0.00815703436320151
99 -0.12256703525781631 21 22 0.016836699740869012
-1 0.0 0 0 -0.005572920451024676
2 0.35445094108581543 23 24 0.02208278035014029
-1 0.0 0 0 0.00030406860769808267
5 1.2680257558822632 25 28 0.040533856402979705
34 -0.14054812490940094 26 27 0.02469832725186973
-1 0.0 0 0 -0.04526105034142146
-1 0.0 0 0 0.002866856665466486
-1 0.0 0 0 0.012997170385547322
nodes 29
43 -0.11934275925159454 1 2 0.0
-1 0.0 0 0 0.0019361060805550554
6 1.0759118795394897 3 22 -0.010927984647905746
34 0.19945162534713745 4 19 -0.021244238275850483
96 -0.05816212296485901 5 16 -0.03736274158017121
87 0.10615961998701096 6 15 -0.01007531904656736
2 0.35361531376838684 7 12 0.004615671547609045
29 0.04094643518328667 8 9 -0.04878927283727532
-1 0.0 0 0 -0.012991417244747545
33 0.005070307292044163 10 11 0.02731638837977574
-1 0.0 0 0 0.007595831991853339
-1 0.0 0 0 -0.014463641038774112
104 0.11067447811365128 13 14 0.02856455547151724
-1 0.0 0 0 0.0007454668796920061
-1 0.0 0 0 0.01286952464237294
-1 0.0 0 0 -0.009778280079972413
18 -0.0943542942404747 17 18 -0.072602419393542
-1 0.0 0 0 -0.0011654302510214086
-1 0.0 0 0 -0.0094040823940354
21 -0.10869596153497696 20 21 0.02122986176245566
-1 0.0 0 0 -0.025377161003399436
-1 0.0 0 0 0.0028301799446230017
1 0.30418661236763 23 24 0.02523016077636288
-1 0.0 0 0 0.003572046137674838
6 1.1084753274917603 25 28 -0.17362816762306849
108 -0.08204373717308044 26 27 -0.09035602521185358
-1 0.0 0 0 -0.057680392855560626
-1 0.0 0 0 -0.0017055656214849753
-1 0.0 0 0 -0.05717096289059496
nodes 29
49 0.2150391787290573 1 28 0.0
105 0.006287484895437956 2 13 -0.00654918366140512
1 0.30226463079452515 3 6 -0.0223589471500163
2 0.42551466822624207 4 5 0.0008323927962674513
-1 0.0 0 0 -0.00019141812609818924
-1 0.0 0 0 0.03961163618463419
34 -0.14054812490940094 7 8 -0.04543837639871219
-1 0.0 0 0 -0.0416778307212683
26 0.07589688897132874 9 12 -0.04153833211409434
84 -0.031187700107693672 10 11 -0.0631560496058697
-1 0.0 0 0 -0.012645520837821795
-1 0.0 0 0 -0.004193399194106127
-1 0.0 0 0 0.0018188812543845332
93 0.05068974941968918 14 27 0.010554923167213626
2 0.36876916885375977 15 20 0.024084949789850048
6 1.0696371793746948 16 19 -0.0062109605554523314
28 -0.017537740990519524 17 18 -0.04168595356470078
-1 0.0 0 0 -0.011671823808510005
-1 0.0 0 0 -0.0007937974897653196
-1 0.0 0 0 0.004127240649718362
9 -0.04781492426991463 21 22 0.053111239453886704
-1 0.0 0 0 0.009900940474110397
43 0.01702451892197132 23 26 0.017339288090947595
60 0.15408384799957275 24 25 0.041394632292450745
-1 0.0 0 0 0.0024547848000982145
-1 0.0 0 0 0.021323702367846333
-1 0.0 0 0 -0.010017300828050833
-1 0.0 0 0 -0.003414617507677769
-1 0.0 0 0 0.0031408296556968496
nodes 29
89 -0.2442222386598587 1 4 0.0
2 0.3552711606025696 2 3 0.08496164862422283
-1 0.0 0 0 -0.003154367805153708
-1 0.0 0 0 0.015709053601192798
6 0.8095192909240723 5 8 -0.0023989212749954184
4 0.7447970509529114 6 7 -0.14213750392814214
-1 0.0 0 0 0.009515698584468938
-1 0.0 0 0 -0.023404937694612077
57 0.022556448355317116 9 22 -0.000742964913949441
5 1.381852149963379 10 17 -0.014666913696697195
17 -0.06338099390268326 11 14 -0.025411547501162052
100 0.10499546676874161 12 13 0.018506937683575555
-1 0.0 0 0 -0.0008306412857954752
-1 0.0 0 0 0.010177978052646624
15 0.053256385028362274 15 16 -0.04283951781256587
-1 0.0 0 0 -0.005835610391105125
-1 0.0 0 0 0.00042099593176967614
2 0.42995402216911316 18 21 0.027783146538500537
7 0.14000000059604645 19 20 0.018289582752688167
-1 0.0 0 0 0.010327900382920537
-1 0.0 0 0 -0.0009036656459856844
-1 0.0 0 0 0.04475869003257811
65 0.02349236235022545 23 24 0.015627824107852795
-1 0.0 0 0 -0.0006806137353105326
18 -0.10509593039751053 25 28 0.03790188274430461
1 0.24252641201019287 26 27 0.09989310037980742
-1 0.0 0 0 -0.0008998615874909019
-1 0.0 0 0 0.013890750530911026
-1 0.0 0 0 0.0016087567579527442
nodes 29
58 0.14157430827617645 1 24 0.0
42 -0.015978321433067322 2 9 -0.006415673965549826
47 -0.0707133412361145 3 4 0.006684645537770979
-1 0.0 0 0 -0.0038586707921514246
49 0.1761818826198578 5 6 0.01625883781763994
-1 0.0 0 0 0.00015325397804461871
39 0.11274838447570801 7 8 0.048522285917625425
-1 0.0 0 0 0.0024637376879889723
-1 0.0 0 0 0.011414249863057961
6 1.079498291015625 10 23 -0.026758237222909622
2 0.43647414445877075 11 18 -0.042379940460226945
34 0.0802750438451767 12 13 -0.06449362600244878
-1 0.0 0 0 -0.012890052165924577
14 0.14582230150699615 14 17 -0.044291815086407275
7 0.5580000281333923 15 16 -0.03695221768492565
-1 0.0 0 0 -0.00316534875781644
-1 0.0 0 0 -0.03263206108693389
-1 0.0 0 0 -0.026192153720668816
28 0.059236571192741394 19 22 0.029090902004958976
18 0.10081260651350021 20 21 0.06987599964547844
-1 0.0 0 0 0.009182629996912174
-1 0.0 0 0 -0.01710462482616065
-1 0.0 0 0 -0.008813336250375987
-1 0.0 0 0 0.0028734402470960247
2 0.37122464179992676 25 26 0.03163244534985942
-1 0.0 0 0 1.2088387033530865e-05
21 -0.1927991807460785 27 28 0.06906443514420783
-1 0.0 0 0 -0.06686794429784641
-1 0.0 0 0 0.007291336629392831
nodes 29
24 0.05292176827788353 1 18 0.0
89 -0.1744900345802307 2 3 -0.010296982643886555
-1 0.0 0 0 0.003905036383176472
6 0.9441081285476685 4 5 -0.016942689774335242
-1 0.0 0 0 -0.008159993280675399
96 -0.14920222759246826 6 7 -0.010187196893685267
-1 0.0 0 0 0.0024637391671131635
6 1.0830591917037964 8 13 -0.020964075433714553
7 0.5320000052452087 9 12 -0.032853877389099825
43 -0.10462893545627594 10 11 -0.02788688867870109
-1 0.0 0 0 0.0008635645159682482
-1 0.0 0 0 -0.005295023706855745
-1 0.0 0 0 -0.02396890128624033
1 0.30516353249549866 14 17 0.01752283101258989
2 0.41118934750556946 15 16 0.02932445565540365
-1 0.0 0 0 0.00266533719568471
-1 0.0 0 0 0.10353213536242645
-1 0.0 0 0 -0.028292133791387387
2 0.46006345748901367 19 26 0.019541560432595053
101 -0.05514563247561455 20 21 0.012207984764999574
-1 0.0 0 0 -0.0035601805011437095
56 0.026150066405534744 22 25 0.024705353696937663
84 0.10007693618535995 23 24 0.0022196636432019073
-1 0.0 0 0 -0.001868835619650842
-1 0.0 0 0 0.00612762938353674
-1 0.0 0 0 0.005858616458265064
38 0.22702495753765106 27 28 0.11243545514640645
-1 0.0 0 0 0.012047317135443963
-1 0.0 0 0 -0.08020374388857321
nodes 29
104 -0.12662509083747864 1 2 0.0
-1 0.0 0 0 -0.005254474023727854
87 -0.01730719581246376 3 16 0.003753396862597788
2 0.43647414445877075 4 7 0.023208845339031444
65 -0.009579128585755825 5 6 0.012133569082317974
-1 0.0 0 0 -0.002616725936804406
-1 0.0 0 0 0.0033289571568452213
88 0.03886806592345238 8 15 0.07875349989361241
31 0.07933852076530457 9 10 0.02627655840307396
-1 0.0 0 0 0.007387757287246522
29 0.04824473708868027 11 12 -0.1538719963571019
-1 0.0 0 0 -0.002534295051540219
65 -0.0004131227033212781 13 14 -0.3887699077229669
-1 0.0 0 0 -0.008628790598498503
-1 0.0 0 0 -0.06462013985638025
-1 0.0 0 0 0.015029638808013416
20 -0.11512148380279541 17 18 -0.008921872229199126
-1 0.0 0 0 -0.007295556811789296
83 0.008394657634198666 19 26 -0.002005655571012393
5 1.1698124408721924 20 25 -0.020030929680659653
99 -0.08854987472295761 21 22 -0.04996584643465232
-1 0.0 0 0 -0.015556026513117696
79 0.09205097705125809 23 24 -0.03355616084032432
-1 0.0 0 0 -0.002040341132481185
-1 0.0 0 0 -0.016312363842058832
-1 0.0 0 0 0.0005208584755290655
107 -0.025825239717960358 27 28 0.01985536558886566
-1 0.0 0 0 0.005162332171566356
-1 0.0 0 0 -0.001150179800180985
nodes 29
52 0.05425237491726875 1 24 0.0
37 0.0681830570101738 2 23 0.007765252202763079
77 0.18527701497077942 3 22 0.012663829624969886
73 -0.06535392999649048 4 9 0.015109621913128507
2 0.2923676371574402 5 6 0.03804956699481539
-1 0.0 0 0 -0.0014041367091655991
34 0.20062857866287231 7 8 0.05300489944398989
-1 0.0 0 0 0.003119305477774203
-1 0.0 0 0 0.01151038129867652
2 0.4193296432495117 10 13 0.0013175701669765828
42 -0.01862831972539425 11 12 -0.01299405885883999
-1 0.0 0 0 0.0007320440356937584
-1 0.0 0 0 -0.0044994490733860845
5 1.5841354131698608 14 21 0.04556172299126756
60 0.0025135972537100315 15 16 0.037965234820834456
-1 0.0 0 0 -0.003582049837576818
59 0.0762828141450882 17 20 0.08390224061837208
8 71.5 18 19 0.12555359637824154
-1 0.0 0 0 0.013624736454534235
-1 0.0 0 0 -0.029633612275266875
-1 0.0 0 0 0.00015586063694196417
-1 0.0 0 0 0.04745963488367724
-1 0.0 0 0 -0.011104091478585149
-1 0.0 0 0 -0.00442488282379254
6 1.0064301490783691 25 28 -0.0252376474510989
70 -0.06313107162714005 26 27 -0.0669868657851727
-1 0.0 0 0 -0.01950813408584791
-1 0.0 0 0 -0.004126428283925657
-1 0.0 0 0 -0.0004873849143856076
nodes 29
27 0.04560087248682976 1 18 0.0
49 0.25855308771133423 2 17 -0.013502509639671489
6 1.0630444288253784 3 16 -0.01880805157699558
79 0.04816180467605591 4 9 -0.0334211807331464
85 0.002025638008490205 5 6 -0.01956776851971211
-1 0.0 0 0 -0.005750384773900293
0 0.45026081800460815 7 8 0.001924385216954838
-1 0.0 0 0 -0.002546364826443869
-1 0.0 0 0 0.004226062500349534
104 0.15039919316768646 10 15 -0.09215982146957111
105 0.1046084612607956 11 14 -0.108799663027358
106 -0.08968096971511841 12 13 -0.13029200049965373
-1 0.0 0 0 -0.030482701225768738
-1 0.0 0 0 -0.01106878677287892
-1 0.0 0 0 0.002521926427806718
-1 0.0 0 0 0.006744513813346578
-1 0.0 0 0 0.0014375126268763002
-1 0.0 0 0 0.00619688244187637
58 0.157437264919281 19 28 0.014490669000262324
23 0.0743737667798996 20 25 0.006251419416411617
49 0.09618797898292542 21 22 0.017467445184432433
-1 0.0 0 0 -0.0016326049223484116
90 -0.1084778681397438 23 24 0.035705204071244535
-1 0.0 0 0 -0.0025165549927098746
-1 0.0 0 0 0.005062740347375102
5 1.1698124408721924 26 27 -0.034355416644738936
-1 0.0 0 0 -0.008856837575584859
-1 0.0 0 0 0.0014364352038411193
-1 0.0 0 0 0.007363361739488549
nodes 29
32 -0.10237830877304077 1 2 0.0
-1 0.0 0 0 0.0031360248138873423
100 0.1537669152021408 3 26 -0.006183895988624907
40 -0.08508455008268356 4 5 -0.01126042489131036
-1 0.0 0 0 -0.005844440152475858
107 -0.025825239717960358 6 11 -0.00553020453429422
99 0.073021300137043 7 8 0.011716834332025963
-1 0.0 0 0 -0.00015946739216449822
67 -0.018241116777062416 9 10 0.053466006968596845
-1 0.0 0 0 0.010686766596455045
-1 0.0 0 0 0.00122729330053985
2 0.5074802041053772 12 23 -0.024488479227497802
101 -0.05021750181913376 13 22 -0.02280622277209777
6 1.079498291015625 14 21 -0.06637182162094855
2 0.42460739612579346 15 16 -0.09388513808953576
-1 0.0 0 0 -0.013349738011430147
49 0.11121758073568344 17 20 -0.008495905550420445
74 -0.13790163397789001 18 19 -0.10634228113040789
-1 0.0 0 0 -0.08309365689754487
-1 0.0 0 0 -0.00782260947949573
-1 0.0 0 0 0.009115850088267546
-1 0.0 0 0 0.0033956762390203277
-1 0.0 0 0 -0.0009810164819783885
76 -0.04502883180975914 24 25 -0.3727048504860348
-1 0.0 0 0 -0.08924532340879136
-1 0.0 0 0 -0.01506305411288684
29 0.15606865286827087 27 28 0.052466263222968754
-1 0.0 0 0 0.0030841060014032517
-1 0.0 0 0 0.017857627782949633
nodes 29
41 0.1651771366596222 1 20 0.0
27 -0.032732363790273666 2 7 -0.006612195785393185
6 1.0666753053665161 3 6 -0.036676104147798656
0 0.434835284948349 4 5 -0.06142931884122069
-1 0.0 0 0 -0.010945428173465924
-1 0.0 0 0 -0.0025943402700657524
-1 0.0 0 0 0.0015330129325731457
13 -0.08936867862939835 8 9 0.0018747107691916586
-1 0.0 0 0 -0.0038541213879663364
0 0.4871175289154053 10 19 0.01007493200884496
4 0.9017693400382996 11 14 0.001513633303749233
101 -0.056357938796281815 12 13 -0.022410696260786137
-1 0.0 0 0 -0.008522272227741575
-1 0.0 0 0 -0.000653391031097406
93 0.03570597246289253 15 18 0.02313207682414842
8 37.5 16 17 0.040825239765450966
-1 0.0 0 0 -0.0016543929386634662
-1 0.0 0 0 0.006213548430801573
-1 0.0 0 0 -0.0025099356594865054
-1 0.0 0 0 0.00593227208392609
2 0.29485687613487244 21 22 0.028516082765032157
-1 0.0 0 0 -0.0028445777419856227
108 -0.050100818276405334 23 24 0.05085258026523763
-1 0.0 0 0 -0.00534382454878757
5 1.1563632488250732 25 28 0.07271278823978983
70 0.0723029151558876 26 27 0.028516541877352787
-1 0.0 0 0 -0.0017424088290068581
-1 0.0 0 0 0.012505033974436936
-1 0.0 0 0 0.011714690460417758
nodes 29
81 0.03590865433216095 1 18 0.0
0 0.20887574553489685 2 3 0.008968702026426668
-1 0.0 0 0 -0.00790657184009458
21 0.2582823634147644 4 17 0.01203807052965134
46 -0.08423855900764465 5 6 0.00705723917231451
-1 0.0 0 0 -0.0031867396663834363
72 -0.04160936176776886 7 8 0.015314523671503693
-1 0.0 0 0 -0.0019941781127761
10 -0.06198778375983238 9 10 0.02572900670294503
-1 0.0 0 0 -0.0009197960710907714
84 -0.026419594883918762 11 14 0.03824776837094577
2 0.5074802041053772 12 13 -0.009003404024790917
-1 0.0 0 0 -0.0005797536962595314
-1 0.0 0 0 -0.07728012315928937
57 0.10329651087522507 15 16 0.05473614466364222
-1 0.0 0 0 0.004199083364051624
-1 0.0 0 0 0.011604595118484464
-1 0.0 0 0 0.007888116617717673
32 -0.06881171464920044 19 20 -0.02112458436212925
-1 0.0 0 0 0.0016092111808204117
72 -0.08105617016553879 21 22 -0.036143415928654
-1 0.0 0 0 -0.010469336930747617
15 -0.06228604540228844 23 26 -0.02494376871324486
5 1.153168797492981 24 25 -0.07411805457832174
-1 0.0 0 0 -0.016356780569198242
-1 0.0 0 0 -0.0016772033908011058
2 0.4494783282279968 27 28 -0.0050188886987788
-1 0.0 0 0 -0.0018830557850076234
-1 0.0 0 0 0.009471360076144427
nodes 29
75 0.03576016053557396 1 18 0.0
65 0.02349236235022545 2 11 -0.01369628330149838
9 -0.17580099403858185 3 4 -0.03566952107357959
-1 0.0 0 0 0.009239753989821206
6 1.080673635005951 5 8 -0.0426323797201312
26 0.028419798240065575 6 7 -0.05742564533781803
-1 0.0 0 0 -0.008874936231478272
-1 0.0 0 0 -0.0018235511521849748
1 0.3032265901565552 9 10 0.006503572924945606
-1 0.0 0 0 0.002021593098658798
-1 0.0 0 0 -0.030077248555203176
18 0.005956131964921951 12 15 0.00730692998604092
105 -0.04485050216317177 13 14 0.02761074100184953
-1 0.0 0 0 -0.0022652877820632826
-1 0.0 0 0 0.005079032117727834
6 1.0032963752746582 16 17 -0.0364533492023216
-1 0.0 0 0 -0.01085516168311176
-1 0.0 0 0 -0.0006454244113041928
21 0.13776791095733643 19 20 0.013804636859147887
-1 0.0 0 0 -0.0009246953094643175
23 0.026577576994895935 21 26 0.0380363390992883
83 -0.06267255544662476 22 23 0.06437243969667382
-1 0.0 0 0 -0.0007281271256886428
0 0.2791755199432373 24 25 0.08307219480804275
-1 0.0 0 0 -0.0024914385560017866
-1 0.0 0 0 0.009691611073637196
99 0.09412021189928055 27 28 -0.006244956493775702
-1 0.0 0 0 -0.002612938846156342
-1 0.0 0 0 0.01001353601136945
nodes 29
68 0.09964754432439804 1 28 0.0
9 -0.030587762594223022 2 23 0.004472060200477737
30 -0.0042518069967627525 3 16 0.019285842087475975
85 -0.019971445202827454 4 5 -0.005653708139577649
-1 0.0 0 0 -0.006279553312777907
79 0.10446249693632126 6 15 0.015437334284429763
2 0.3592771887779236 7 8 0.02585600389866296
-1 0.0 0 0 -0.0011836864218285161
80 0.1851210743188858 9 14 0.05869715619596993
90 0.23320160806179047 10 13 0.06864963760412561
37 -0.1281602829694748 11 12 0.07206125761860314
-1 0.0 0 0 0.016473787784505606
-1 0.0 0 0 0.00439672151409174
-1 0.0 0 0 -0.06802559817029584
-1 0.0 0 0 -0.024234338763656212
-1 0.0 0 0 -0.010662181372274373
2 0.2923676371574402 17 18 0.03917852447947614
-1 0.0 0 0 -0.0026140654589352236
84 0.12953968346118927 19 22 0.05298998557871615
21 0.16052335500717163 20 21 0.03573697159720342
-1 0.0 0 0 0.0011075674891462756
-1 0.0 0 0 0.008234089541364228
-1 0.0 0 0 0.012976103974745865
71 -0.11292167752981186 24 25 -0.009798389532679879
-1 0.0 0 0 -0.007078778366291002
103 0.05991770327091217 26 27 -0.0029053881852255815
-1 0.0 0 0 0.001039853417677632
-1 0.0 0 0 -0.003694457293711198
-1 0.0 0 0 -0.0041147242723800145
nodes 29
62 0.05194362998008728 1 22 0.0
55 0.07033278793096542 2 17 0.007967346453897864
14 0.09091822803020477 3 16 0.016353393225766066
57 0.011910038068890572 4 5 0.023353074605422155
-1 0.0 0 0 0.0002995008625915804
2 0.29110369086265564 6 7 0.04236385663121651
-1 0.0 0 0 -0.0009037436235154495
98 0.020522620528936386 8 13 0.055240665862145814
41 0.14289245009422302 9 10 0.0755260123285315
-1 0.0 0 0 0.005511669328209266
102 0.0685129314661026 11 12 0.13648556163011036
-1 0.0 0 0 0.0185399117954709
-1 0.0 0 0 0.002854250667533922
22 0.005813912954181433 14 15 0.006449362582300834
-1 0.0 0 0 0.005799899543833163
-1 0.0 0 0 -0.004614906058461098
-1 0.0 0 0 -0.005107116571434079
7 0.006000000052154064 18 21 -0.02733440244288537
93 -0.07602763175964355 19 20 -0.15730458761294766
-1 0.0 0 0 0.008225165873139711
-1 0.0 0 0 -0.024739706642544622
-1 0.0 0 0 -0.0017929118905914126
20 0.07900333404541016 23 28 -0.022356724537165078
6 1.0657293796539307 24 27 -0.0356556355722336
8 26.5 25 26 -0.05386190065547843
-1 0.0 0 0 -0.07095423407460515
-1 0.0 0 0 -0.005218372616073594
-1 0.0 0 0 0.0013608181145472152
-1 0.0 0 0 0.002368804454586938
nodes 29
81 0.1518973708152771 1 28 0.0
79 -0.04025116190314293 2 13 0.0026853845403941538
100 0.13418695330619812 3 12 0.01770574661513244
70 -0.0659751445055008 4 5 0.009997486113856521
-1 0.0 0 0 -0.004995818961531753
58 0.09054677188396454 6 7 0.021930094225237944
-1 0.0 0 0 0.00031963725980716645
80 0.07230357080698013 8 11 0.053628963930292914
1 0.23870933055877686 9 10 0.07828401157076663
-1 0.0 0 0 -0.00042917632640795955
-1 0.0 0 0 0.01064200126619103
-1 0.0 0 0 -0.0009765623736352144
-1 0.0 0 0 0.00708096328868558
0 0.49756383895874023 14 25 -0.010709819726230108
21 0.2661623954772949 15 24 -0.017736680612849453
5 1.2169338464736938 16 23 -0.02258378096317425
87 0.07028200477361679 17 22 -0.041310606419732526
74 -0.057763855904340744 18 19 -0.025016928273467954
-1 0.0 0 0 -0.011003808106115348
46 -0.07603442668914795 20 21 -0.012160410585898177
-1 0.0 0 0 -0.007929411632133189
-1 0.0 0 0 0.0005104061007822222
-1 0.0 0 0 -0.008865318197776308
-1 0.0 0 0 0.0003256840258191407
-1 0.0 0 0 0.0059890199374060486
2 0.5074802041053772 26 27 0.04416673375813695
-1 0.0 0 0 0.005500262388004863
-1 0.0 0 0 -0.026700204907263603
-1 0.0 0 0 -0.006580185012710307
nodes 29
35 0.013201560825109482 1 10 0.0
106 0.13294059038162231 2 9 -0.01450917634554384
52 -0.0038787571247667074 3 4 -0.024273156759011802
-1 0.0 0 0 -0.00031389365392181967
3 0.7124351859092712 5 6 -0.04754388033902537
-1 0.0 0 0 -0.0008401020212299229
11 -0.02070431411266327 7 8 -0.08140799478272598
-1 0.0 0 0 -0.013564137771966404
-1 0.0 0 0 -0.003997596868054333
-1 0.0 0 0 0.0031415563525475534
24 -0.039346352219581604 11 12 0.012108770089225791
-1 0.0 0 0 -0.0017157603925759082
19 -0.0379360057413578 13 16 0.023770118922586406
56 -0.07796037197113037 14 15 0.05024612082861097
-1 0.0 0 0 -0.002908449672105635
-1 0.0 0 0 0.006743614008478279
2 0.39995792508125305 17 20 0.0072522616321344675
39 0.05189202353358269 18 19 -0.013842581283031254
-1 0.0 0 0 -0.005133862513136428
-1 0.0 0 0 0.0021796391204968696
59 0.2267356961965561 21 24 0.04694977248005229
92 0.032475538551807404 22 23 0.05531341054777648
-1 0.0 0 0 0.009141640632072484
-1 0.0 0 0 -0.0008977216289137072
83 -0.09922020882368088 25 26 -0.23861376863397352
-1 0.0 0 0 -0.09708363209636167
30 -0.08969967067241669 27 28 -0.09438811438722564
-1 0.0 0 0 -0.07397148480845822
-1 0.0 0 0 0.004901782643440916
nodes 29
7 0.8500000238418579 1 28 0.0
6 0.9751198887825012 2 17 0.0007982312575031029
4 0.7208066582679749 3 4 -0.028019443482347674
-1 0.0 0 0 0.007571017448718609
34 -0.07668910175561905 5 6 -0.04028817665113569
-1 0.0 0 0 -0.039034848738429294
52 -0.17217442393302917 7 8 -0.034663606927779284
-1 0.0 0 0 0.013835832995676778
70 -0.045069288462400436 9 12 -0.042537445157086386
52 0.1596522480249405 10 11 -0.1188213897378804
-1 0.0 0 0 -0.010594665814140897
-1 0.0 0 0 -0.059909776967207465
21 0.01190290879458189 13 14 -0.022463072054948574
-1 0.0 0 0 -0.015584928911482963
8 59.5 15 16 -0.007397091092029376
-1 0.0 0 0 0.002553279966298693
-1 0.0 0 0 -0.006714811324380371
77 0.05590331554412842 18 27 0.006834784225540264
106 0.050431832671165466 19 20 0.01551271663778704
-1 0.0 0 0 -0.00010928176963649027
29 -0.06238562613725662 21 22 0.03476153615987202
-1 0.0 0 0 -0.0015180728597633396
1 0.17367197573184967 23 24 0.04683961279480318
-1 0.0 0 0 -0.002445451976210891
37 -0.13965336978435516 25 26 0.058346046121486556
-1 0.0 0 0 0.01146937142952048
-1 0.0 0 0 0.004181554545240535
-1 0.0 0 0 -0.0019766492057998355
-1 0.0 0 0 -0.021378004505306542
nodes 29
9 0.09433812648057938 1 22 0.0
73 0.1647678017616272 2 21 0.003971958119125442
104 -0.12662509083747864 3 4 0.006221455845397751
-1 0.0 0 0 -0.004683752878581054
89 -0.04403747618198395 5 18 0.010022264626387084
21 0.22075282037258148 6 13 0.02279698930022858
76 -0.10015969723463058 7 8 0.014478663039170817
-1 0.0 0 0 -0.005185938856656799
99 -0.0919175073504448 9 10 0.020550830676034762
-1 0.0 0 0 -0.003294593604822914
32 -0.06983581930398941 11 12 0.02908234324964052
-1 0.0 0 0 0.006711767093509741
-1 0.0 0 0 0.0014105649472108356
2 0.31957384943962097 14 15 0.07113817432147393
-1 0.0 0 0 9.710168451969369e-05
107 -0.011715831235051155 16 17 0.1104181405418158
-1 0.0 0 0 0.016264736215446943
-1 0.0 0 0 0.0033588000968528438
75 0.013269481249153614 19 20 -0.009458725514882676
-1 0.0 0 0 -0.004094825476641156
-1 0.0 0 0 0.0013322580110707175
-1 0.0 0 0 -0.008863011579404832
6 1.0686558485031128 23 28 -0.04206905481285086
66 0.10774025321006775 24 27 -0.07128045401953072
59 0.10080548375844955 25 26 -0.04873414875730155
-1 0.0 0 0 -0.001024080335449695
-1 0.0 0 0 -0.013197228709114734
-1 0.0 0 0 -0.022961091475138046
-1 0.0 0 0 0.002739094024672894
nodes 29
82 -0.18987973034381866 1 4 0.0
1 0.3894507884979248 2 3 -0.09114462811475375
-1 0.0 0 0 -0.014891582619317643
-1 0.0 0 0 0.008371111309180683
34 0.25127261877059937 5 24 0.0018230970680313604
40 0.03855176270008087 6 21 -0.0033178266327078616
0 0.48613548278808594 7 16 -0.017572521379292567
4 0.9017693400382996 8 15 -0.02740879762681483
6 1.0912468433380127 9 14 -0.04934167175819428
39 0.06504088640213013 10 13 -0.0705282858752694
22 0.1074308305978775 11 12 -0.10737493218729088
-1 0.0 0 0 -0.009032710257760344
-1 0.0 0 0 -0.025475474412388944
-1 0.0 0 0 -0.0023765011895499166
-1 0.0 0 0 0.0016682999061239476
-1 0.0 0 0 -0.0007101863935438661
91 0.1648724526166916 17 20 0.026857129470530785
107 0.05836286023259163 18 19 0.03704903283806658
-1 0.0 0 0 0.006305444918600152
-1 0.0 0 0 -0.005346293805182165
-1 0.0 0 0 -0.025356376107145764
21 0.22822152078151703 22 23 0.012191092406291196
-1 0.0 0 0 0.00042780187848876454
-1 0.0 0 0 0.007093125819323514
2 0.2713218033313751 25 26 0.0376586789523956
-1 0.0 0 0 -0.005315653201121061
21 0.022625064477324486 27 28 0.05602410476450598
-1 0.0 0 0 -0.004223826465306996
-1 0.0 0 0 0.007531579305404175
nodes 29
41 0.23447780311107635 1 26 0.0
52 0.05425237491726875 2 15 -0.0029989668285368212
0 0.45026081800460815 3 6 0.004486883779216492
4 0.9174636602401733 4 5 -0.00698879919443003
-1 0.0 0 0 -0.002780791572029541
-1 0.0 0 0 0.0013857033919269176
60 0.07739464193582535 7 12 0.027217735312012045
85 0.07338138669729233 8 11 0.008980946261991363
40 -0.12182425707578659 9 10 -0.012541971874098251
-1 0.0 0 0 -0.01458485090080575
-1 0.0 0 0 -0.00011342631538424856
-1 0.0 0 0 0.005548375141912642
10 0.0366862453520298 13 14 0.07429353765507352
-1 0.0 0 0 0.0036934811534727295
-1 0.0 0 0 0.01491921830118699
6 1.0580217838287354 16 25 -0.02758635298723971
70 0.035129740834236145 17 22 -0.047170814829450916
55 0.11280672997236252 18 21 -0.08426999137606779
35 0.018526289612054825 19 20 -0.06867093320043813
-1 0.0 0 0 -0.012456599149148755
-1 0.0 0 0 -0.0020545288011844603
-1 0.0 0 0 -0.02599422894991951
58 0.03655821830034256 23 24 -0.002729664088935141
-1 0.0 0 0 -0.006908118962081076
-1 0.0 0 0 0.0046148384749997865
-1 0.0 0 0 0.0012424710628026504
33 -0.039492156356573105 27 28 0.055827373071929476
-1 0.0 0 0 0.010890390424014303
-1 0.0 0 0 -0.0013809998660334365
nodes 29
72 0.025483399629592896 1 24 0.0
68 0.14793531596660614 2 23 -0.012665962768996654
107 0.02106587216258049 3 4 -0.009171763038558694
-1 0.0 0 0 0.0003245379586150898
1 0.30832675099372864 5 6 -0.03778698228688379
-1 0.0 0 0 -0.000251686350520564
57 0.10329651087522507 7 22 -0.07836830517248913
35 0.061970680952072144 8 21 -0.10325556207294483
104 0.05337000638246536 9 16 -0.1450560006544285
7 0.0 10 13 -0.19750261996703386
87 -0.02775033563375473 11 12 -0.7324619583785534
-1 0.0 0 0 0.005016959607601166
-1 0.0 0 0 -0.10455145801603793
85 -0.0617428794503212 14 15 -0.1812776833600987
-1 0.0 0 0 -0.038290658735992814
-1 0.0 0 0 -0.014141229030149206
38 0.15115544199943542 17 20 -0.05355338823669149
101 -0.1247875839471817 18 19 -0.02155837796393987
-1 0.0 0 0 -0.043807126205134134
-1 0.0 0 0 0.0011520783624555725
-1 0.0 0 0 -0.0462055337577682
-1 0.0 0 0 -0.0021340716219969223
-1 0.0 0 0 0.004181374738099348
-1 0.0 0 0 -0.011055808897427792
75 0.03487866744399071 25 28 0.012766165585004962
65 0.013737577944993973 26 27 -0.006540215429074459
-1 0.0 0 0 -0.0036089594188483914
-1 0.0 0 0 0.0017653229214569769
-1 0.0 0 0 0.0031616683401998105
nodes 29
41 0.005397006403654814 1 10 0.0
6 1.0771117210388184 2 9 -0.02316766327929385
96 0.005117781925946474 3 8 -0.03819735660247341
0 0.46236106753349304 4 7 -0.015906505086235652
49 0.12920230627059937 5 6 -0.04907207947909024
-1 0.0 0 0 -0.010648823924670895
-1 0.0 0 0 -0.0004099260826433905
-1 0.0 0 0 0.0034144328668785835
-1 0.0 0 0 -0.009664664007131805
-1 0.0 0 0 0.002818453133529241
77 0.17821867763996124 11 28 0.006669501441789236
105 -0.04374264180660248 12 17 0.008933428289055793
42 -0.057376619428396225 13 14 -0.014009172645730497
-1 0.0 0 0 0.001931177782694886
38 -0.05180428549647331 15 16 -0.039808992269506356
-1 0.0 0 0 0.002276418829957545
-1 0.0 0 0 -0.006191684639430647
9 -0.15871278941631317 18 19 0.01905694516785513
-1 0.0 0 0 0.009241959875806583
22 0.01937265880405903 20 27 0.013339848176576737
104 -0.07704085111618042 21 22 0.02915678020207375
-1 0.0 0 0 -0.0025577773758723664
2 0.35361531376838684 23 24 0.04027705319890173
-1 0.0 0 0 0.0007746196581256979
3 0.7332020998001099 25 26 0.06992877481278616
-1 0.0 0 0 0.013768798680300837
-1 0.0 0 0 0.004437132326891518
-1 0.0 0 0 -0.0009512460279838975
-1 0.0 0 0 -0.0091401690380868
nodes 29
74 -0.05151526629924774 1 8 0.0
49 0.098223976790905 2 3 -0.028382292574609485
-1 0.0 0 0 -0.00735557587710917
106 -0.05406051129102707 4 5 0.0038631458306176833
-1 0.0 0 0 -0.010205880933475056
2 0.3872755169868469 6 7 0.026036032552525137
-1 0.0 0 0 -0.001679312051640577
-1 0.0 0 0 0.008352951520484
108 -0.042760446667671204 9 12 0.005437958195790618
94 -0.05465298518538475 10 11 -0.022798908024521447
-1 0.0 0 0 0.002615204202794671
-1 0.0 0 0 -0.0054398103599536006
14 0.0008452818146906793 13 28 0.013365948365119123
2 0.31493258476257324 14 15 0.02638868645474449
-1 0.0 0 0 -0.0011728801813241777
41 0.11402719467878342 16 21 0.043715406549361714
107 -0.026770764961838722 17 20 0.01861251213708123
91 -0.021050065755844116 18 19 0.05156611203201606
-1 0.0 0 0 0.009982373363452788
-1 0.0 0 0 0.0009019286190573702
-1 0.0 0 0 -0.0015215685669757086
55 0.2080758512020111 22 27 0.09120630167089362
7 0.026000000536441803 23 24 0.09521093386239234
-1 0.0 0 0 0.0013852221994913013
65 -0.1964082419872284 25 26 0.12228755979664714
-1 0.0 0 0 -0.05204191280698235
-1 0.0 0 0 0.012698633260439086
-1 0.0 0 0 -0.04784667283873743
-1 0.0 0 0 -0.0011133933068786248
nodes 29
5 1.273943543434143 1 20 0.0
21 0.2661623954772949 2 17 -0.00858987156404102
43 -0.10942842066287994 3 4 -0.013239848471267657
-1 0.0 0 0 0.0008889045073874696
99 -0.0919175073504448 5 6 -0.028607327566567368
-1 0.0 0 0 -0.009564464733416272
100 0.09773675352334976 7 16 -0.01873442040480642
62 -0.12188684195280075 8 9 -0.031404514581405286
-1 0.0 0 0 0.0051513695267556515
84 -0.05365384370088577 10 13 -0.04107324574923383
105 0.006287484895437956 11 12 -0.10297598341680206
-1 0.0 0 0 -0.017330992789603285
-1 0.0 0 0 -0.0031746293337988635
98 -0.04407380148768425 14 15 -0.02837714335489402
-1 0.0 0 0 0.0008200236310667288
-1 0.0 0 0 -0.005698864720097792
-1 0.0 0 0 0.00245946272529503
59 -0.06776204705238342 18 19 0.06210193422817571
-1 0.0 0 0 -0.010751855751340073
-1 0.0 0 0 0.008703410289380502
2 0.41118934750556946 21 26 0.019492616866584385
7 0.13600000739097595 22 25 0.01107838082110566
6 0.8602556586265564 23 24 0.051800451695284376
-1 0.0 0 0 -0.010202235049399615
-1 0.0 0 0 0.0071126200752503746
-1 0.0 0 0 -0.0005231981992916858
6 0.8324276208877563 27 28 0.14073815520856323
-1 0.0 0 0 -0.014903230085998538
-1 0.0 0 0 0.01953954568023314
nodes 29
20 -0.132066547870636 1 4 0.0
6 0.7125368714332581 2 3 -0.04416063959626613
-1 0.0 0 0 -0.0731821167149714
-1 0.0 0 0 -0.00407340851451883
19 -0.047336287796497345 5 26 0.0033540629449694244
1 0.3547671437263489 6 17 0.020892351642702246
33 -0.04130486026406288 7 12 0.03589247270377471
2 0.287321001291275 8 9 0.06845089597312266
-1 0.0 0 0 -0.0012522453330983073
40 -0.07044284045696259 10 11 0.10421928563262377
-1 0.0 0 0 -0.003783595314912753
-1 0.0 0 0 0.012316610984788711
2 0.4140511751174927 13 16 5.408975692206693e-05
80 -0.06367277354001999 14 15 -0.007515483325785335
-1 0.0 0 0 -0.008328740647738945
-1 0.0 0 0 0.0015536281659702094
-1 0.0 0 0 0.025332791344318595
82 -0.0023716799914836884 18 21 -0.018148127551663198
62 -0.02167142741382122 19 20 0.038791679480378566
-1 0.0 0 0 0.012289375538645567
-1 0.0 0 0 -0.002895721499951687
29 0.10850611329078674 22 25 -0.07630576546304589
107 -0.05600804090499878 23 24 -0.049120972804084284
-1 0.0 0 0 0.003998761882365866
-1 0.0 0 0 -0.010176268204951659
-1 0.0 0 0 -0.02206922124230403
52 0.10654963552951813 27 28 -0.006469474853461891
-1 0.0 0 0 -8.19248581512301e-05
-1 0.0 0 0 -0.005984097919677671
nodes 29
89 -0.21582011878490448 1 8 0.0
2 0.3872755169868469 2 3 0.05032361658086328
-1 0.0 0 0 -4.610321342294232e-05
59 0.09758403152227402 4 5 0.11112700551866135
-1 0.0 0 0 0.01695443450526338
11 -0.007003375794738531 6 7 -0.031814181147914
-1 0.0 0 0 -0.019977241094430827
-1 0.0 0 0 0.01302268210404772
6 0.9712924957275391 9 28 -0.0029238165606084478
4 0.7416664361953735 10 11 -0.03413718580625796
-1 0.0 0 0 0.005696416970061046
34 -0.07668910175561905 12 13 -0.04814794599800393
-1 0.0 0 0 -0.0410652905866264
49 -0.09432274103164673 14 15 -0.042448537382391495
-1 0.0 0 0 -0.043659551605759635
22 -0.030119383707642555 16 21 -0.03854486505782965
72 -0.106202132999897 17 18 0.010451592578627699
-1 0.0 0 0 -0.019920314944012446
46 0.001987551571801305 19 20 0.03012467453518184
-1 0.0 0 0 -0.003444680177852596
-1 0.0 0 0 0.00917008638120361
6 0.776975691318512 22 23 -0.06814290169082261
-1 0.0 0 0 -0.03419100094602486
21 -0.04020831733942032 24 25 -0.05542802876103795
-1 0.0 0 0 -0.0330793770341498
67 0.10385017842054367 26 27 -0.04525580954818746
-1 0.0 0 0 -0.002853468090803644
-1 0.0 0 0 -0.019324455857766428
-1 0.0 0 0 0.0002991449269474429
nodes 29
62 0.015737630426883698 1 12 0.0
89 -0.1560894250869751 2 3 0.00989708030534705
-1 0.0 0 0 0.004646611699230904
85 0.1376083642244339 4 5 0.0019264909931082917
-1 0.0 0 0 -0.0005831929165403125
37 -0.14472970366477966 6 11 0.0482401221084883
2 0.3277474641799927 7 8 0.15281405555547625
-1 0.0 0 0 0.0013870407888657407
41 0.08309942483901978 9 10 0.24766488514352603
-1 0.0 0 0 0.010750357163043976
-1 0.0 0 0 0.03923814413457877
-1 0.0 0 0 0.002273064618918025
5 1.1424479484558105 13 28 -0.014369985771541053
17 -0.022964535281062126 14 25 -0.043356227207227135
75 -0.005913727451115847 15 24 -0.006612104329155783
37 0.0065590082667768 16 17 -0.1013620291975049
-1 0.0 0 0 -0.005153666798756675
14 -0.09468789398670197 18 19 -0.2820084809776124
-1 0.0 0 0 -0.06819053205676313
74 -0.05464904010295868 20 21 -0.15454136335829388
-1 0.0 0 0 -0.06135885496106413
16 -0.019176963716745377 22 23 -0.04201228657269901
-1 0.0 0 0 0.018199823190926865
-1 0.0 0 0 -0.036112161007059634
-1 0.0 0 0 0.0031943629117376945
18 -0.14659519493579865 26 27 -0.07378770165858357
-1 0.0 0 0 0.006363212907652994
-1 0.0 0 0 -0.009552565953353829
-1 0.0 0 0 0.00023122758721602247
nodes 29
58 0.19926384091377258 1 26 0.0
20 0.06488209217786789 2 21 -0.002871670624161524
11 -0.019808445125818253 3 16 -0.010861633301684204
2 0.4981071352958679 4 5 -0.032116192526774265
-1 0.0 0 0 -0.002980258700794458
22 -0.07016386836767197 6 7 -0.31251934878997695
-1 0.0 0 0 0.024652660419307058
79 -0.10538385808467865 8 9 -0.5137758918638741
-1 0.0 0 0 0.011061423556192926
54 -0.05727941542863846 10 11 -0.6869643943615421
-1 0.0 0 0 -0.1174722080632132
4 0.9936971664428711 12 15 -0.41537204632450914
61 -0.00565669871866703 13 14 -0.7152968719291191
-1 0.0 0 0 -0.12447275108988248
-1 0.0 0 0 -0.014935377509943372
-1 0.0 0 0 0.022732400854251215
62 0.16680410504341125 17 20 0.0047080192584713085
59 -0.1212581992149353 18 19 0.008168441804377875
-1 0.0 0 0 -0.009882797370791363
-1 0.0 0 0 0.0011828596389876493
-1 0.0 0 0 -0.011395217678902878
39 0.055686116218566895 22 23 0.01849235591707842
-1 0.0 0 0 -0.0008125446154023229
47 0.05876915529370308 24 25 0.046275360891268734
-1 0.0 0 0 0.0018577134119880758
-1 0.0 0 0 0.010214318885896523
89 -0.1034441813826561 27 28 0.04943562749227196
-1 0.0 0 0 0.01196143406834544
-1 0.0 0 0 0.0006529182063087048
nodes 29
24 0.05292176827788353 1 18 0.0
95 -0.11576087772846222 2 3 -0.00856759453020486
-1 0.0 0 0 -0.00787600388663475
55 0.07033278793096542 4 13 -0.004592578321691597
65 -0.016245519742369652 5 8 0.003504028746139244
11 -0.04909064993262291 6 7 -0.023593242353659595
-1 0.0 0 0 -0.006815536658083156
-1 0.0 0 0 -0.0003301630308227111
31 -0.11559594422578812 9 10 0.016866165508829783
-1 0.0 0 0 -0.005332098511877214
14 0.12252430617809296 11 12 0.022872604936855487
-1 0.0 0 0 0.0027605648273256542
-1 0.0 0 0 -0.008321665612262611
15 0.04880116879940033 14 17 -0.0399750738938905
50 0.008479112759232521 15 16 -0.06505495032376664
-1 0.0 0 0 -0.010487854645154615
-1 0.0 0 0 -0.0018667816523674212
-1 0.0 0 0 0.0026492150800088645
2 0.46006345748901367 19 26 0.016259535787281777
108 -0.15205112099647522 20 23 0.009427732929841422
29 0.1440260261297226 21 22 -0.13892362017683016
-1 0.0 0 0 -0.020353210819645726
-1 0.0 0 0 0.024570821971571614
44 0.05661843717098236 24 25 0.012960812530077134
-1 0.0 0 0 0.002300149317603114
-1 0.0 0 0 -0.003652989102962519
49 -0.12260763347148895 27 28 0.10279750909119162
-1 0.0 0 0 -0.05151132694323009
-1 0.0 0 0 0.011223884788648423
nodes 29
54 -0.04979974776506424 1 2 0.0
-1 0.0 0 0 -0.0022363631427382413
57 0.022556448355317116 3 16 0.006293362264704064
83 0.008394657634198666 4 9 -0.00766720407389168
3 0.7181267738342285 5 6 -0.02693098920934863
-1 0.0 0 0 0.0007141827211955949
93 0.07839494943618774 7 8 -0.05516328306861793
-1 0.0 0 0 -0.0038082972843765345
-1 0.0 0 0 -0.01588988316472618
21 0.09834150224924088 10 11 0.016266496743522686
-1 0.0 0 0 -0.002524312280908804
93 0.03678851202130318 12 15 0.03677473425098235
96 0.11524312198162079 13 14 0.0591029432956774
-1 0.0 0 0 0.0068228675113117185
-1 0.0 0 0 -0.015908500833947407
-1 0.0 0 0 -0.0019556645822157346
20 -0.15119393169879913 17 18 0.022817675787814996
-1 0.0 0 0 -0.007494012646959095
84 0.013220452703535557 19 20 0.027636823443065728
-1 0.0 0 0 -4.255992804786884e-05
2 0.31209689378738403 21 22 0.04548774344619659
-1 0.0 0 0 -0.00033856119490009425
95 -0.007419273257255554 23 24 0.06474514806317525
-1 0.0 0 0 0.0013291592317288827
68 -0.024380629882216454 25 28 0.08972210539331806
34 0.21645373106002808 26 27 0.1302488901768463
-1 0.0 0 0 0.009959089357528615
-1 0.0 0 0 0.02498840049700311
-1 0.0 0 0 0.004938033768998458
nodes 29
27 0.04560087248682976 1 24 0.0
6 1.0621976852416992 2 23 -0.011274691336914515
89 0.09772855788469315 3 22 -0.02313213526853249
0 0.4574972987174988 4 15 -0.016964829467761264
21 0.22075282037258148 5 14 -0.0368350320352143
14 0.014386788010597229 6 13 -0.05200288800321914
18 0.03296682611107826 7 12 -0.030399540967024827
49 0.24370478093624115 8 11 -0.009100545293712486
62 0.0497724674642086 9 10 -0.025725026500720418
-1 0.0 0 0 0.00011585998755078802
-1 0.0 0 0 -0.010364745141972184
-1 0.0 0 0 0.010468344935294326
-1 0.0 0 0 -0.012247608097998953
-1 0.0 0 0 -0.011144230212952879
-1 0.0 0 0 0.0041706442333853955
53 -0.14916203916072845 16 21 0.017057656383389692
34 0.19945162534713745 17 20 -0.07353984777718452
45 0.1772276610136032 18 19 -0.11665407268176994
-1 0.0 0 0 -0.00971927260280718
-1 0.0 0 0 -0.07602054222529248
-1 0.0 0 0 0.016671376981379528
-1 0.0 0 0 0.0031820457061352385
-1 0.0 0 0 -0.014170725123470866
-1 0.0 0 0 0.0015809660513741615
99 0.0707094669342041 25 28 0.012099811281219501
2 0.49207547307014465 26 27 0.001420897593857064
-1 0.0 0 0 0.0003524816860849872
-1 0.0 0 0 -0.021995481393195924
-1 0.0 0 0 0.00475600414231232
nodes 29
82 -0.18987973034381866 1 6 0.0
1 0.3894507884979248 2 3 -0.08268995136134026
-1 0.0 0 0 -0.01350200845347528
49 0.03361695632338524 4 5 0.07569735109781797
-1 0.0 0 0 -0.02643733143185576
-1 0.0 0 0 0.016917227222012016
24 -0.08841925114393234 7 8 0.0016539845593876474
-1 0.0 0 0 -0.0030255540581660394
73 0.1647678017616272 9 26 0.006557567623837474
34 0.19945162534713745 10 13 0.008804389952749748
75 0.03576016053557396 11 12 0.0003305568411879397
-1 0.0 0 0 -0.0017003688831794869
-1 0.0 0 0 0.0016793917476265676
2 0.3285961151123047 14 15 0.03036084806733387
-1 0.0 0 0 -0.0006516786102349917
5 1.1734683513641357 16 19 0.0533438225429258
26 0.036498621106147766 17 18 0.023141240986552493
-1 0.0 0 0 -0.0014733462888911477
-1 0.0 0 0 0.007327008955893873
46 -0.08571737259626389 20 21 0.1062545485449098
-1 0.0 0 0 -0.0011717690687215697
19 0.025599507614970207 22 25 0.13749924831256835
25 -0.09703893214464188 23 24 0.18816392703556145
-1 0.0 0 0 -0.007477442227321229
-1 0.0 0 0 0.021830972504548456
-1 0.0 0 0 0.004982964933573452
6 1.072611927986145 27 28 -0.08451670560490669
-1 0.0 0 0 -0.015253211694459408
-1 0.0 0 0 0.004798594011736615
nodes 29
40 -0.11174891889095306 1 2 0.0
-1 0.0 0 0 -0.004376148716637853
0 0.4871175289154053 3 26 0.0031259879346747944
106 0.04006163775920868 4 23 -0.002162053671786786
6 1.060505986213684 5 22 -0.019977509094769468
53 -0.019683687016367912 6 15 -0.03655994478637741
79 0.07769089937210083 7 14 -0.018078949565628912
39 0.007376701571047306 8 9 -0.0058777658182124146
-1 0.0 0 0 -0.005560751207238173
81 0.03700209781527519 10 11 0.016381764696837914
-1 0.0 0 0 0.00416111923500598
87 -0.062171392142772675 12 13 -0.049492444466515045
-1 0.0 0 0 0.008915394117604936
-1 0.0 0 0 -0.008970492985457629
-1 0.0 0 0 -0.011181387084575832
2 0.46723872423171997 16 21 -0.08040792201927975
26 0.00175346655305475 17 18 -0.09188032640214222
-1 0.0 0 0 -0.014602510965838977
9 -0.024229267612099648 19 20 -0.05114412708863521
-1 0.0 0 0 0.000856113212735031
-1 0.0 0 0 -0.012211736426435629
-1 0.0 0 0 0.01752388434830443
-1 0.0 0 0 0.0016967728414258483
29 0.21330341696739197 24 25 0.014432779482198087
-1 0.0 0 0 0.0010561952052378508
-1 0.0 0 0 0.01189347425338956
45 0.03524094074964523 27 28 0.036850576733388984
-1 0.0 0 0 0.0009953962345142168
-1 0.0 0 0 0.009013046296382984
nodes 29
7 0.8500000238418579 1 28 0.0
5 1.273943543434143 2 23 0.0007074299678700101
87 0.10128366202116013 3 20 -0.007348775127736383
43 0.06479663401842117 4 19 -8.688353082875133e-05
15 0.05442061647772789 5 14 0.004481099047688256
9 -0.03428572788834572 6 11 -0.006752690761903847
37 0.1480714976787567 7 10 0.014243618004288092
18 0.02931172586977482 8 9 0.017722819090248833
-1 0.0 0 0 0.0034913568728987543
-1 0.0 0 0 -0.004056619713928195
-1 0.0 0 0 -0.02675716699585319
62 0.2086685299873352 12 13 -0.02686033953827191
-1 0.0 0 0 -0.0024104098607419695
-1 0.0 0 0 -0.03396126192802673
26 0.051357466727495193 15 16 0.03844914838463657
-1 0.0 0 0 0.0012322478779034037
2 0.3743872046470642 17 18 0.08944484599182327
-1 0.0 0 0 0.00035872751072388645
-1 0.0 0 0 0.014360161873458302
-1 0.0 0 0 -0.0077560590492812
85 -0.055398497730493546 21 22 -0.048834359385469414
-1 0.0 0 0 -0.013925265380229047
-1 0.0 0 0 -0.002911196214701364
2 0.41118934750556946 24 25 0.0191947661536008
-1 0.0 0 0 0.0011659233772238417
6 0.7125368714332581 26 27 0.12644987767532948
-1 0.0 0 0 -0.030234956404437192
-1 0.0 0 0 0.015281989681851967
-1 0.0 0 0 -0.01894619158281452
nodes 29
72 0.025483399629592896 1 14 0.0
104 0.07333961129188538 2 13 -0.011412029735014942
6 1.0475746393203735 3 12 -0.02091144602917962
35 0.12870655953884125 4 11 -0.040288799979444456
70 0.08087721467018127 5 10 -0.05255204601202169
27 -0.062035635113716125 6 7 -0.07427392782514815
-1 0.0 0 0 -0.018827690882090423
87 -0.01730719581246376 8 9 -0.059627494582054456
-1 0.0 0 0 -0.0009499119994735151
-1 0.0 0 0 -0.009229877454068492
-1 0.0 0 0 -6.112357176612544e-05
-1 0.0 0 0 0.004526931449084351
-1 0.0 0 0 0.0010443269875389048
-1 0.0 0 0 0.0017602583509483197
84 0.19848395884037018 15 28 0.011502312225995941
75 0.03207160905003548 16 27 0.007624264429895756
56 -0.024443963542580605 17 18 -0.011452420225107153
-1 0.0 0 0 -0.0047869302127250685
26 0.07942645996809006 19 20 0.011870989000102172
-1 0.0 0 0 -0.0006157570753900428
2 0.3355397880077362 21 22 0.07725101288462084
-1 0.0 0 0 -0.002650456805314101
57 -0.13148371875286102 23 26 0.12595365724385654
53 -0.02911759354174137 24 25 -0.2414537248286334
-1 0.0 0 0 -0.06545188874006272
-1 0.0 0 0 0.017161143774336036
-1 0.0 0 0 0.014704698293695357
-1 0.0 0 0 0.0025049014312461073
-1 0.0 0 0 0.008572309758362706
nodes 29
73 -0.07325596362352371 1 6 0.0
76 -0.056198641657829285 2 3 0.015610527827217634
-1 0.0 0 0 -0.0033556425825689365
77 0.13546282052993774 4 5 0.026133477002018037
-1 0.0 0 0 0.0032610158718795884
-1 0.0 0 0 -0.006958420059824379
2 0.4494783282279968 7 18 -0.008369514264082022
5 1.1698124408721924 8 15 -0.0151993945889079
87 -0.000717395800165832 9 10 -0.03604865809906946
-1 0.0 0 0 -0.0003359611468024585
14 0.140019953250885 11 14 -0.06479866841762011
27 -0.0838397964835167 12 13 -0.058649967763848246
-1 0.0 0 0 -0.018793811377481186
-1 0.0 0 0 -0.004763369970137561
-1 0.0 0 0 -0.02859107664375728
59 -0.07445862889289856 16 17 0.0005569966547539317
-1 0.0 0 0 -0.007579126518908252
-1 0.0 0 0 0.0008028097183114362
39 0.06399556994438171 19 26 0.04422476330811362
88 0.03202774375677109 20 25 0.09080997229507715
38 0.0718362033367157 21 22 0.026377052078438372
-1 0.0 0 0 0.007375029485199247
85 -0.11108208447694778 23 24 -0.12838545688822736
-1 0.0 0 0 -0.09525746681489224
-1 0.0 0 0 -0.006872192812693127
-1 0.0 0 0 0.017085050115651416
15 0.07956304401159286 27 28 -0.04449691188212048
-1 0.0 0 0 -0.008901997089504614
-1 0.0 0 0 0.013027524902330277
nodes 29
41 0.23447780311107635 1 24 0.0
9 0.09433812648057938 2 17 -0.0026526503945277203
59 -0.07445862889289856 3 4 0.0011256464477507023
-1 0.0 0 0 -0.003996348719753633
83 -0.06385929137468338 5 8 0.005249846220037533
57 -0.03577163442969322 6 7 -0.019050011641866614
-1 0.0 0 0 -0.00630823077077697
-1 0.0 0 0 9.300935126838945e-05
77 0.044659413397312164 9 16 0.013259408877607074
21 0.2511688768863678 10 13 0.024909955071853243
6 0.8324276208877563 11 12 0.017877813390524227
-1 0.0 0 0 -0.015011319262393463
-1 0.0 0 0 0.0020516182243937495
1 0.20261700451374054 14 15 0.09451506789795527
-1 0.0 0 0 -0.005067336045219843
-1 0.0 0 0 0.013639820545666051
-1 0.0 0 0 -0.001549620469884664
6 1.0716638565063477 18 23 -0.04238987866461663
49 -0.06850579380989075 19 20 -0.06908201647730747
-1 0.0 0 0 -0.038494069607197645
59 0.10080548375844955 21 22 -0.059942650813595594
-1 0.0 0 0 -0.002194997679701429
-1 0.0 0 0 -0.014190813355712817
-1 0.0 0 0 0.0025031469006891287
33 -0.039492156356573105 25 28 0.04938050680419777
2 0.2612323462963104 26 27 0.09624169783077782
-1 0.0 0 0 -0.005720185850199656
-1 0.0 0 0 0.013405717142937626
-1 0.0 0 0 -0.0012102225912308407
nodes 29
32 -0.10237830877304077 1 14 0.0
60 0.156801238656044 2 13 0.025696384075419364
62 0.2086685299873352 3 12 0.017324339040180336
30 -0.06863169372081757 4 5 0.020230241318553437
-1 0.0 0 0 -0.004190715493383514
2 0.31009483337402344 6 7 0.035306133316524116
-1 0.0 0 0 -0.0024481138241184298
88 0.07317541539669037 8 9 0.05548295214447173
-1 0.0 0 0 0.002770904966467012
93 0.1814211905002594 10 11 0.1164597324668515
-1 0.0 0 0 0.01246799279256939
-1 0.0 0 0 -0.045073375419327405
-1 0.0 0 0 -0.03314296966051962
-1 0.0 0 0 0.014245678348248714
35 -0.12231641262769699 15 16 -0.005067044369580799
-1 0.0 0 0 -0.006453915003283954
100 0.1537669152021408 17 28 -0.0016877935467652543
47 -0.08227803558111191 18 25 -0.005715154186909772
70 0.08087721467018127 19 22 -0.037643410235223156
6 1.072611927986145 20 21 -0.05915884096145367
-1 0.0 0 0 -0.008931561032233961
-1 0.0 0 0 0.003457694563982302
18 -0.2370322197675705 23 24 0.023819650545157074
-1 0.0 0 0 0.05768008053649304
-1 0.0 0 0 0.001544409941544582
20 -0.132066547870636 26 27 4.704893670202401e-05
-1 0.0 0 0 -0.005377280515499554
-1 0.0 0 0 0.00041150253339927517
-1 0.0 0 0 0.004453181191817979
nodes 29
58 -0.018685614690184593 1 2 0.0
-1 0.0 0 0 -0.002117802264065172
71 -0.04071974381804466 3 4 0.006096724142938552
-1 0.0 0 0 -0.0015595541186754587
49 0.1538085639476776 5 8 0.01598009809215142
38 -0.1114230826497078 6 7 0.0013728485275311692
-1 0.0 0 0 0.006351195203833027
-1 0.0 0 0 -0.0006768665088734686
2 0.3429451584815979 9 10 0.03672329374690954
-1 0.0 0 0 0.0005044267700331602
80 0.03512405976653099 11 12 0.06629056996492864
-1 0.0 0 0 0.010529235872702561
3 0.747340202331543 13 16 0.010401322944552848
34 -0.03833065554499626 14 15 0.13702291762558902
-1 0.0 0 0 -0.03834987757406358
-1 0.0 0 0 0.015832867501108024
82 -0.05242016538977623 17 20 -0.04776337719700067
75 -0.14265067875385284 18 19 0.08444768708584574
-1 0.0 0 0 -0.08799031064623879
-1 0.0 0 0 0.010807821994992146
1 0.3412341773509979 21 22 -0.097519619991831
-1 0.0 0 0 0.006259099060973834
88 -0.057885441929101944 23 24 -0.15370203459782464
-1 0.0 0 0 0.01031002332727669
26 -0.008779560215771198 25 28 -0.20966247237780544
67 0.05912354215979576 26 27 -0.3571997280485828
-1 0.0 0 0 -0.04444859948992649
-1 0.0 0 0 0.00011775406556597984
-1 0.0 0 0 -0.012133971841931303
nodes 29
80 -0.10118664801120758 1 2 0.0
-1 0.0 0 0 -0.0031895960899005872
19 -0.045470740646123886 3 28 0.004093027647368846
14 0.140019953250885 4 27 0.02245987205271889
2 0.2760244607925415 5 6 0.02688717789578213
-1 0.0 0 0 -0.002370914056724884
1 0.35263460874557495 7 16 0.03848627036415193
33 0.01363896019756794 8 13 0.06112575646965705
40 -0.06540340930223465 9 10 0.0822891844346719
-1 0.0 0 0 -0.004121793362421421
106 -0.04527982324361801 11 12 0.09944263189957622
-1 0.0 0 0 0.0014632071986765969
-1 0.0 0 0 0.011701196122277763
2 0.39580026268959045 14 15 -0.0012444999651269094
-1 0.0 0 0 -0.002273933540102189
-1 0.0 0 0 0.020462461092726165
82 -0.00712172407656908 17 22 -0.003870478554790835
62 -0.022554149851202965 18 19 0.051378349627256306
-1 0.0 0 0 0.013101681838193591
88 -0.14245764911174774 20 21 -0.012480464777636747
-1 0.0 0 0 -0.037994862275152676
-1 0.0 0 0 0.0007661506448204815
53 -0.04940660670399666 23 26 -0.05617597293801638
60 0.10472708195447922 24 25 -0.1184634509188237
-1 0.0 0 0 -0.015819750872629164
-1 0.0 0 0 0.004862780527589949
-1 0.0 0 0 0.0013835034844277183
-1 0.0 0 0 -0.010904215850659718
-1 0.0 0 0 -0.0006282042295527924
nodes 29
81 0.1518973708152771 1 28 0.0
105 -0.1197487860918045 2 3 0.0022806048858897113
-1 0.0 0 0 -0.003556187170104103
0 0.4568142890930176 4 21 0.006036061002988701
73 -0.061555415391922 5 8 -0.0026862863586917794
72 0.2600864768028259 6 7 0.01719745082674678
-1 0.0 0 0 0.001851689344366426
-1 0.0 0 0 -0.047164647756279376
6 1.056542158126831 9 20 -0.016626438299897038
73 0.1958083212375641 10 19 -0.03590426042199673
27 -0.06038110703229904 11 12 -0.03266587991396637
-1 0.0 0 0 -0.0120164013071523
98 -0.01183866336941719 13 16 -0.02183042222336978
99 -0.036857206374406815 14 15 0.005882550861305272
-1 0.0 0 0 -0.00598280655409912
-1 0.0 0 0 0.0033138240429132814
101 -0.05881531909108162 17 18 -0.059120020552097495
-1 0.0 0 0 -0.01624687418826737
-1 0.0 0 0 -0.0035951163629121975
-1 0.0 0 0 -0.03523324575202177
-1 0.0 0 0 0.0017226731016885294
79 -0.12666486203670502 22 23 0.027554759700319818
-1 0.0 0 0 0.009250139560145252
60 0.1513482630252838 24 27 0.01642553410774583
2 0.4981071352958679 25 26 0.00780217609148002
-1 0.0 0 0 0.0013238596619805241
-1 0.0 0 0 -0.01890768631557959
-1 0.0 0 0 0.010312416439454769
-1 0.0 0 0 -0.005588325628572956
nodes 29
74 -0.04284160956740379 1 16 0.0
49 0.098223976790905 2 7 -0.02362234180129579
51 0.24448657035827637 3 6 -0.06122452931058509
6 1.0818469524383545 4 5 -0.06636464478370341
-1 0.0 0 0 -0.009492087692722813
-1 0.0 0 0 0.0012974134591987115
-1 0.0 0 0 0.04110392508659194
2 0.4067988991737366 8 11 0.002854938160866497
94 -0.14553166925907135 9 10 -0.027428382434148472
-1 0.0 0 0 0.009257353149639852
-1 0.0 0 0 -0.004784928399593033
5 1.462321400642395 12 15 0.06401338070255781
38 0.04831462725996971 13 14 0.04822045200385778
-1 0.0 0 0 0.009902571072921227
-1 0.0 0 0 -0.006953975638466919
-1 0.0 0 0 0.043045201010347624
108 -0.032537706196308136 17 18 0.0053379636146470314
-1 0.0 0 0 -0.002010692849399641
11 -0.029832368716597557 19 20 0.01403389529067638
-1 0.0 0 0 -0.0007597711175766903
2 0.2647554874420166 21 22 0.027424889769903173
-1 0.0 0 0 -0.002944450855261096
41 0.12423872947692871 23 24 0.03530569364927395
-1 0.0 0 0 0.001773308691856919
67 -0.021709399297833443 25 28 0.07041097299848753
38 -0.05826328694820404 26 27 0.11379801593608312
-1 0.0 0 0 0.021575799589472044
-1 0.0 0 0 0.007705368665926621
-1 0.0 0 0 0.003408845358530005
nodes 29
34 0.25127261877059937 1 24 0.0
0 0.4871175289154053 2 9 -0.004219322701396867
93 -0.05615868791937828 3 4 -0.009583261008784615
-1 0.0 0 0 0.0010244968420241285
6 1.056542158126831 5 8 -0.020409643943610358
49 0.020776407793164253 6 7 -0.035771523811840955
-1 0.0 0 0 -0.013341365543574396
-1 0.0 0 0 -0.00255795856599858
-1 0.0 0 0 0.0008833037688963125
107 0.0672982782125473 10 13 0.02549089548286829
91 0.1648724526166916 11 12 0.04425376635313328
-1 0.0 0 0 0.005176320472794322
-1 0.0 0 0 -0.01783474426144468
2 0.48406878113746643 14 15 -0.05047429518666438
-1 0.0 0 0 -0.0020671933996788227
47 0.13535486161708832 16 23 -0.25218646417855345
47 0.0973527580499649 17 22 -0.3265654985988691
18 -0.02680460922420025 18 21 -0.2487972021115707
52 -0.018071521073579788 19 20 0.0742556398026934
-1 0.0 0 0 0.04999982117276107
-1 0.0 0 0 -0.025234140167395547
-1 0.0 0 0 -0.050604298363589206
-1 0.0 0 0 -0.13105035106772964
-1 0.0 0 0 0.06128141583391914
2 0.2713218033313751 25 26 0.029403457003229324
-1 0.0 0 0 -0.004534247709509081
21 0.022625064477324486 27 28 0.044563276475293484
-1 0.0 0 0 -0.004442686021706155
-1 0.0 0 0 0.006225291642448045
nodes 29
43 -0.1378355771303177 1 12 0.0
0 0.45815759897232056 2 5 0.017447268966920632
19 0.07333970814943314 3 4 0.005168412285018602
-1 0.0 0 0 0.001621989797014698
-1 0.0 0 0 -0.005544255998531125
59 0.25451186299324036 6 9 0.06751879214657536
70 0.13426636159420013 7 8 0.0744352042906818
-1 0.0 0 0 0.005467589474374506
-1 0.0 0 0 0.022035917987014902
4 0.8530445098876953 10 11 -0.3330626864677545
-1 0.0 0 0 0.0008235958677812899
-1 0.0 0 0 -0.08406350305303932
37 0.13109190762043 13 28 -0.00713327343492309
40 -0.07219361513853073 14 15 -0.004809714702254858
-1 0.0 0 0 -0.003897399555043422
98 0.2064957469701767 16 27 0.0011667574462558442
62 0.07055899128317833 17 24 0.0025987591878995487
47 0.0639481320977211 18 19 0.0102333644318746
-1 0.0 0 0 -7.341086771776848e-05
29 -0.07843135297298431 20 21 0.03829924319367011
-1 0.0 0 0 -0.0042242571115757984
97 0.14591321349143982 22 23 0.05386732373328265
-1 0.0 0 0 0.006484240813051461
-1 0.0 0 0 -0.008142966674708837
58 0.27287620306015015 25 26 -0.027202173671195002
-1 0.0 0 0 -0.0029941558042176353
-1 0.0 0 0 0.038816576165696365
-1 0.0 0 0 -0.016083537757012257
-1 0.0 0 0 -0.009710193565625098
nodes 29
7 0.0 1 14 0.0
4 0.7208066582679749 2 3 -0.08097745186407516
-1 0.0 0 0 0.02317167436912545
53 -0.10180087387561798 4 13 -0.10609796877319637
91 0.0389413945376873 5 8 -0.23163681623501722
62 -0.08101551234722137 6 7 -0.13118871232526436
-1 0.0 0 0 0.02105776098830735
-1 0.0 0 0 -0.022029956320780645
2 0.4094078540802002 9 10 -0.4662059679788151
-1 0.0 0 0 -0.014024146463853835
83 -0.09148521721363068 11 12 -0.7571205247233632
-1 0.0 0 0 -0.15155923927202822
-1 0.0 0 0 -0.05493200129433854
-1 0.0 0 0 -0.0037928400354982836
68 0.08339004963636398 15 26 0.0014859911740947686
85 0.08052170276641846 16 17 0.005902747405327059
-1 0.0 0 0 -0.0003090388216083867
2 0.34955283999443054 18 19 0.0242247606661372
-1 0.0 0 0 -0.00040334620771730935
73 0.24129889905452728 20 25 0.04902859038727753
34 -0.018927454948425293 21 22 0.050994877254671334
-1 0.0 0 0 -0.008723577681199584
91 0.13582174479961395 23 24 0.060366951303530605
-1 0.0 0 0 0.006895127482369617
-1 0.0 0 0 -0.011124194991134574
-1 0.0 0 0 -0.07210831845448794
104 0.12984177470207214 27 28 -0.027210447616397515
-1 0.0 0 0 -0.0038796317300173427
-1 0.0 0 0 0.00682973461564934
nodes 29
54 -0.04979974776506424 1 2 0.0
-1 0.0 0 0 -0.0020598894439155632
98 0.08129584044218063 3 26 0.005796746635764809
18 0.005956131964921951 4 21 0.011304756431347306
2 0.32408785820007324 5 6 0.021538401060944852
-1 0.0 0 0 -0.0011809139788224506
82 0.09507761895656586 7 18 0.038171355772283776
21 0.16147035360336304 8 17 0.050215564434668264
14 -0.050438471138477325 9 12 0.02987097436933732
57 -0.03262723609805107 10 11 0.06933636694574292
-1 0.0 0 0 -0.0013885002761126243
-1 0.0 0 0 0.010138181168658533
1 0.41646963357925415 13 14 -0.0001315413116285181
-1 0.0 0 0 -0.001702467213855168
14 -0.04466351494193077 15 16 0.1096548564109858
-1 0.0 0 0 -0.05550160872853465
-1 0.0 0 0 0.013280516017749891
-1 0.0 0 0 0.009429134708541224
3 0.7085459232330322 19 20 -0.03186207935791133
-1 0.0 0 0 0.008405112701292511
-1 0.0 0 0 -0.008559287940773819
76 0.04077557101845741 22 25 -0.00964148366974619
1 0.30832675099372864 23 24 -0.034582515688404064
-1 0.0 0 0 0.00010175069306918945
-1 0.0 0 0 -0.00782415985460749
-1 0.0 0 0 0.0022363815901591884
6 0.9700363278388977 27 28 -0.02926528381758733
-1 0.0 0 0 -0.01157449458953029
-1 0.0 0 0 -0.0013358978780161938
nodes 29
82 -0.18987973034381866 1 10 0.0
1 0.388459175825119 2 7 -0.07652448498092312
102 -0.05371324345469475 3 4 -0.12319663371504849
-1 0.0 0 0 -0.028723677735723242
86 0.007175693288445473 5 6 -0.0707805662146207
-1 0.0 0 0 -0.016951595852363527
-1 0.0 0 0 0.004684502935667084
49 0.03361695632338524 8 9 0.06170050500741586
-1 0.0 0 0 -0.02491980872299766
-1 0.0 0 0 0.014743800338216068
24 -0.08841925114393234 11 12 0.0015306614773895734
-1 0.0 0 0 -0.0027258854673713733
0 0.20887574553489685 13 14 0.00595478822976964
-1 0.0 0 0 -0.006311052115548058
5 1.1711188554763794 15 20 0.008196018731513112
15 -0.030549300834536552 16 17 -0.0059263864535601405
-1 0.0 0 0 -0.003803973400104579
59 0.1278350055217743 18 19 0.015374006091220251
-1 0.0 0 0 0.003386820982861697
-1 0.0 0 0 -0.004749830494195454
2 0.3881100118160248 21 24 0.022005874711361024
86 -0.1242356151342392 22 23 0.010714413331238994
-1 0.0 0 0 -0.008015703715130607
-1 0.0 0 0 0.001808461865583344
49 0.1673867106437683 25 28 0.06553814047320355
43 -0.03288945555686951 26 27 0.030881091354955773
-1 0.0 0 0 0.007827261394443277
-1 0.0 0 0 -0.004592248958386673
-1 0.0 0 0 0.016492692528659016
nodes 29
81 0.03590865433216095 1 26 0.0
27 -0.032732363790273666 2 3 0.007090735456152284
-1 0.0 0 0 -0.0018925552293418539
85 -0.15798936784267426 4 5 0.014280479765140373
-1 0.0 0 0 -0.011569861486522564
0 0.20887574553489685 6 7 0.01656756543119914
-1 0.0 0 0 -0.007214831665038647
37 -0.06591235846281052 8 23 0.019645064777075144
29 0.15086211264133453 9 22 0.03627328589437846
14 -0.012072464916855097 10 21 0.02692348809015321
2 0.334744930267334 11 12 0.047691433384588644
-1 0.0 0 0 0.00044890016063510126
6 1.0522103309631348 13 18 0.07537302883951119
108 -0.006094124633818865 14 15 0.06036043083259433
-1 0.0 0 0 -0.00044310992032686996
61 -0.21559377014636993 16 17 0.09196029221860737
-1 0.0 0 0 -0.03899962107055163
-1 0.0 0 0 0.009833389046809015
61 0.11109994351863861 19 20 0.21641866175055674
-1 0.0 0 0 0.025615243654366
-1 0.0 0 0 -0.02641708047945969
-1 0.0 0 0 -0.0005395219965365585
-1 0.0 0 0 0.010680261900438442
16 -0.02901456505060196 24 25 0.0029409069680472466
-1 0.0 0 0 0.0027348523342366825
-1 0.0 0 0 -0.002175691732177922
108 0.1221550852060318 27 28 -0.016701283403479063
-1 0.0 0 0 -0.002639236391538466
-1 0.0 0 0 0.0034463782839002696
nodes 29
96 -0.20001135766506195 1 2 0.0
-1 0.0 0 0 0.003136873967180403
34 0.25127261877059937 3 28 -0.0035618747001767135
6 1.072611927986145 4 15 -0.008141734015396987
7 0.5979999899864197 5 14 -0.016372793264387273
43 0.005721812602132559 6 11 -0.01426891297598513
27 -0.0748862475156784 7 8 -0.004284215948561316
-1 0.0 0 0 -0.006678105010417445
34 -0.06713980436325073 9 10 0.002440358032997757
-1 0.0 0 0 -0.013402578463827279
-1 0.0 0 0 0.0006124547126296629
76 0.047247327864170074 12 13 -0.06145668110568619
-1 0.0 0 0 -0.010390406884917056
-1 0.0 0 0 -0.001066997713464425
-1 0.0 0 0 -0.027653958801735448
1 0.3092730641365051 16 23 0.018956538631601433
2 0.39580026268959045 17 18 0.026987000629680475
-1 0.0 0 0 0.0023719560190740624
98 0.05152801796793938 19 22 0.4662931011953615
41 0.08899284899234772 20 21 0.24425248233977742
-1 0.0 0 0 -0.001618653672989713
-1 0.0 0 0 0.0975485112804633
-1 0.0 0 0 0.1199027143418789
6 1.0976545810699463 24 27 -0.15299966540324555
51 0.019956674426794052 25 26 -0.06271330835892165
-1 0.0 0 0 -0.024662539521296697
-1 0.0 0 0 0.010235064537033024
-1 0.0 0 0 -0.042209705152071834
-1 0.0 0 0 0.0028245517695186595
nodes 29
0 0.4953945577144623 1 26 0.0
42 -0.015978321433067322 2 3 -0.0037704281003507548
-1 0.0 0 0 0.0006565089378525486
6 1.0716638565063477 4 25 -0.020557950712552956
2 0.3815954923629761 5 10 -0.035334384066520654
40 0.03761244937777519 6 9 -0.06962543874624338
7 0.6819999814033508 7 8 -0.11241510497556566
-1 0.0 0 0 -0.01082336673470835
-1 0.0 0 0 -0.11479572237509748
-1 0.0 0 0 -0.00313110343051139
8 58.5 11 22 -0.0036935679115874627
80 0.12113365530967712 12 17 0.022268983816297685
9 0.026435324922204018 13 14 0.042631570992406574
-1 0.0 0 0 0.007357024943770697
93 0.10032963007688522 15 16 -0.046625852402146756
-1 0.0 0 0 -0.0011476148218169829
-1 0.0 0 0 -0.04071225769556879
14 0.134970024228096 18 19 -0.12378659393183043
-1 0.0 0 0 -0.008725040969809488
25 -0.0016383561305701733 20 21 -0.6564931813397525
-1 0.0 0 0 0.00963705168278129
-1 0.0 0 0 -0.10329250304235355
6 0.9157595634460449 23 24 -0.09912398791208904
-1 0.0 0 0 -0.03208231057259731
-1 0.0 0 0 -0.006534560076262252
-1 0.0 0 0 0.002230662010014128
88 0.08652883768081665 27 28 0.030568624303557255
-1 0.0 0 0 0.000787174735190892
-1 0.0 0 0 0.011034366714183438
nodes 29
89 -0.2442222386598587 1 4 0.0
2 0.3552711606025696 2 3 0.0629375652346477
-1 0.0 0 0 -0.00303972569432032
-1 0.0 0 0 0.012072150585183135
41 0.0306084007024765 5 6 -0.0017770638770993445
-1 0.0 0 0 -0.0019356774756231774
95 -0.00632384093478322 7 8 0.0059611953283118324
-1 0.0 0 0 -0.0017462137717708136
54 -0.04861433431506157 9 10 0.01718215028335813
-1 0.0 0 0 -0.0018872463058122063
2 0.3268566131591797 11 12 0.027445642775641613
-1 0.0 0 0 -0.00045163431821865707
5 1.172289252281189 13 20 0.04666085004817988
80 0.0757395550608635 14 15 0.017978430264396782
-1 0.0 0 0 0.003817829969501907
88 -0.11544280499219894 16 17 -0.04584502047855811
-1 0.0 0 0 -0.04158843320155783
3 0.7577064633369446 18 19 -0.024969172793523123
-1 0.0 0 0 0.01346024723299821
-1 0.0 0 0 -0.0059740379328091404
49 0.20368927717208862 21 28 0.09230825974727473
7 0.014000000432133675 22 25 0.06599752065109363
45 -0.021435780450701714 23 24 -0.08046327614066179
-1 0.0 0 0 0.009953697592884836
-1 0.0 0 0 -0.022323326024615453
59 0.07427249103784561 26 27 0.09009346362161841
-1 0.0 0 0 0.003998221554040649
-1 0.0 0 0 0.015191519135026433
-1 0.0 0 0 0.021543484184392593
nodes 29
8 92.5 1 28 0.0
41 -0.10740414261817932 2 3 -0.0008767159694870327
-1 0.0 0 0 -0.006129977146715409
32 -0.10237830877304077 4 5 0.0010660344873376444
-1 0.0 0 0 0.002637075057515388
6 0.9700363278388977 6 27 -0.0039031077983507144
46 0.07991485297679901 7 26 -0.035422784311563635
58 -0.08382581919431686 8 9 -0.056298572929391985
-1 0.0 0 0 -0.02102738386678208
81 -0.06307758390903473 10 11 -0.04465658097580442
-1 0.0 0 0 0.002368917034485794
3 0.7162739634513855 12 15 -0.07422855400453231
42 -0.05108986794948578 13 14 -0.010243644720152987
-1 0.0 0 0 0.008755397656498277
-1 0.0 0 0 -0.008976667399872323
23 0.17811505496501923 16 23 -0.11381473449329899
56 -0.1283566951751709 17 18 -0.10418267026478015
-1 0.0 0 0 -0.031742941889570504
85 0.06569672375917435 19 22 -0.08582680565802188
64 -0.11480166018009186 20 21 -0.14442802385556583
-1 0.0 0 0 -0.03762150276587517
-1 0.0 0 0 -0.009887077867598645
-1 0.0 0 0 1.9369837648765333e-05
9 -0.07512994855642319 24 25 -0.5291578117758036
-1 0.0 0 0 0.011789220451347289
-1 0.0 0 0 -0.08634669868585965
-1 0.0 0 0 0.004998204534838366
-1 0.0 0 0 0.00018762647043956424
-1 0.0 0 0 0.012862345608463891
nodes 29
79 -0.04025116190314293 1 26 0.0
68 0.12212738394737244 2 25 0.011115987160447245
53 0.08009985089302063 3 24 0.01544716089037149
2 0.29110369086265564 4 5 0.01998307347529565
-1 0.0 0 0 -0.0018916900170849104
43 -0.07163594663143158 6 13 0.030040874764481612
70 -0.037964750081300735 7 10 0.050817199566215505
6 1.0133640766143799 8 9 -0.009914872155840146
-1 0.0 0 0 -0.00782803060047888
-1 0.0 0 0 0.004815867208547935
42 -0.1242225170135498 11 12 0.06934717535716335
-1 0.0 0 0 0.014113843150275918
-1 0.0 0 0 0.005440540678453481
95 -0.15567441284656525 14 15 0.004466669096895712
-1 0.0 0 0 -0.022846437724744137
73 -0.08231734484434128 16 17 0.009150312226805258
-1 0.0 0 0 0.005685122321957393
7 0.03400000184774399 18 23 -0.011843008180365244
92 0.15571370720863342 19 22 -0.07120706553312076
23 0.07694713026285172 20 21 -0.08994598875414686
-1 0.0 0 0 -0.005338301868775604
-1 0.0 0 0 -0.024511566659687865
-1 0.0 0 0 0.02290812693131359
-1 0.0 0 0 0.0010316447247103486
-1 0.0 0 0 -0.0053258865350464465
-1 0.0 0 0 -0.005951448109436741
0 0.4986869990825653 27 28 -0.009880947332840565
-1 0.0 0 0 -0.0015509080829657557
-1 0.0 0 0 0.0035224618379432917
nodes 29
80 -0.10118664801120758 1 6 0.0
67 -0.024528292939066887 2 5 -0.029124749467532206
77 0.16691581904888153 3 4 0.012853225690400755
-1 0.0 0 0 0.002534543713668524
-1 0.0 0 0 -0.027038726700123535
-1 0.0 0 0 -0.005880926477359979
19 -0.045470740646123886 7 10 0.0037374138216937918
14 0.140019953250885 8 9 0.019877311601199
-1 0.0 0 0 0.0023809175073859455
-1 0.0 0 0 -0.009690884432859091
52 0.09155377745628357 11 26 -0.0053796976775898776
2 0.3991543650627136 12 13 0.0007856144843883661
-1 0.0 0 0 -0.0012418461720922298
91 0.05992962047457695 14 23 0.0271032896279428
1 0.3156543970108032 15 16 0.048455191296535575
-1 0.0 0 0 0.022481283396931586
26 0.04754363372921944 17 22 0.04009426021843409
18 0.07308624684810638 18 21 0.008999633820006748
99 -0.08694549649953842 19 20 0.0285716576170362
-1 0.0 0 0 -0.009656605391350055
-1 0.0 0 0 0.0050641878128908566
-1 0.0 0 0 -0.013484295071237837
-1 0.0 0 0 0.00890379597920892
12 -0.0875171609222889 24 25 -0.05408243549926042
-1 0.0 0 0 -0.019386554502809038
-1 0.0 0 0 -0.0014219138545305177
6 1.0509153604507446 27 28 -0.04721059916422165
-1 0.0 0 0 -0.009335282330713516
-1 0.0 0 0 0.0028981243981383714
nodes 29
55 0.07033278793096542 1 26 0.0
76 -0.05473347380757332 2 3 0.004993417294302712
-1 0.0 0 0 -0.0024304850825659745
95 -0.09847956150770187 4 5 0.011257598876397618
-1 0.0 0 0 -0.004201424624956293
85 -0.023369763046503067 6 7 0.015668456592448428
-1 0.0 0 0 -0.001263753302936016
2 0.30911338329315186 8 9 0.02533990029314197
-1 0.0 0 0 -0.0009749530003317648
5 1.2396756410598755 10 23 0.03867344201915061
70 0.07331693917512894 11 22 0.021212851399474205
27 -0.1364264190196991 12 13 0.0027457628124971725
-1 0.0 0 0 -0.021632114862484383
47 -0.0792015790939331 14 21 0.00753360608131256
93 0.11175044625997543 15 16 -0.06521573462810003
-1 0.0 0 0 -0.004104398885227465
42 -0.09678603708744049 17 20 -0.34914863571314747
1 0.40908172726631165 18 19 -0.7467372622610866
-1 0.0 0 0 -0.037843234154085324
-1 0.0 0 0 -0.15885770810501917
-1 0.0 0 0 -0.01586374188255933
-1 0.0 0 0 0.0021749415785217497
-1 0.0 0 0 0.00611139879364792
49 0.24801526963710785 24 25 0.08948146866175564
-1 0.0 0 0 0.0075804248891608575
-1 0.0 0 0 0.026103288235017175
40 -0.0406675711274147 27 28 -0.021534857628720233
-1 0.0 0 0 -0.007528388759043942
-1 0.0 0 0 -0.00048545112612058503
nodes 29
74 -0.04284160956740379 1 4 0.0
101 -0.17128966748714447 2 3 -0.021803988905733637
-1 0.0 0 0 -0.020250473734190207
-1 0.0 0 0 -0.0017333436114601438
108 -0.0012335858773440123 5 10 0.00492706846392454
29 0.15086211264133453 6 9 -0.012041800593614939
93 -0.0211802888661623 7 8 -0.0209148837130943
-1 0.0 0 0 0.0003715165251177014
-1 0.0 0 0 -0.004520396294414687
-1 0.0 0 0 0.004990354080958876
0 0.425388902425766 11 26 0.015153199235161
6 1.0515527725219727 12 25 -0.0005515521950108671
14 0.015395977534353733 13 24 -0.02394017904734699
84 -0.02170119248330593 14 15 0.00013861766188250462
-1 0.0 0 0 -0.007264468415697206
68 -0.001216626726090908 16 23 0.02070679041125115
2 0.24659641087055206 17 18 0.05572647886286738
-1 0.0 0 0 -0.020134057144428497
41 0.11197002232074738 19 22 0.06742829780140477
44 0.13274304568767548 20 21 0.016125675475927415
-1 0.0 0 0 0.0029640607576724275
-1 0.0 0 0 -0.05147636995821352
-1 0.0 0 0 0.012271296240233367
-1 0.0 0 0 -0.003646922316098548
-1 0.0 0 0 -0.009684304678836865
-1 0.0 0 0 0.002863087468548813
18 -0.15032687783241272 27 28 0.035254971515513135
-1 0.0 0 0 0.010458361717522083
-1 0.0 0 0 0.0025372676594728723
nodes 29
34 0.19945162534713745 1 22 0.0
105 -0.17915983498096466 2 3 -0.0064671162851662025
-1 0.0 0 0 -0.00967145896354859
35 -0.026143692433834076 4 13 -0.00406738193944933
7 0.03799999877810478 5 12 -0.025281273874102672
108 0.24508775770664215 6 11 -0.0831907109595254
18 -0.061281438916921616 7 8 -0.08881950160937735
-1 0.0 0 0 -0.0018233637908709151
85 0.13932739198207855 9 10 -0.13440669657542867
-1 0.0 0 0 -0.016296629143060928
-1 0.0 0 0 0.004104055200985729
-1 0.0 0 0 0.0546977987703444
-1 0.0 0 0 -0.0007041214154567152
2 0.46434226632118225 14 17 0.004817881060452206
37 -0.022407948970794678 15 16 0.0004285143188143098
-1 0.0 0 0 0.0012511019044102278
-1 0.0 0 0 -0.0026107843464005
49 -0.07635042816400528 18 21 0.0652793461154143
26 -0.07236211001873016 19 20 -0.3497367565135609
-1 0.0 0 0 -0.10159611174416157
-1 0.0 0 0 -0.016367409715527536
-1 0.0 0 0 0.00836325963718187
21 -0.010844659060239792 23 26 0.016759965150679984
91 0.029009178280830383 24 25 -0.06326861407470029
-1 0.0 0 0 -0.0008356365548608559
-1 0.0 0 0 -0.01625165078273454
99 0.035973064601421356 27 28 0.0246788019093644
-1 0.0 0 0 0.0006394301932444904
-1 0.0 0 0 0.005524551899616234
nodes 29
39 0.09313220530748367 1 26 0.0
2 0.4483833312988281 2 15 -0.006946234716171354
6 1.080673635005951 3 14 -0.013985533746794922
49 0.02459252066910267 4 7 -0.023377690981611233
7 0.6079999804496765 5 6 -0.0925952601453156
-1 0.0 0 0 -0.00857586563273592
-1 0.0 0 0 -0.06921306525877978
34 0.11998621001839638 8 9 -0.01458903811041055
-1 0.0 0 0 -0.004649456430768822
58 -0.028764575719833374 10 11 0.0019955292351468623
-1 0.0 0 0 -0.006100984413618857
87 -0.018207212910056114 12 13 0.014178490447681973
-1 0.0 0 0 0.005483990256359508
-1 0.0 0 0 -0.001024356076823625
-1 0.0 0 0 0.0016715960171532424
88 0.1697690188884735 16 25 0.044102990774204445
75 -0.03851542994379997 17 20 0.029738560379469238
68 0.040094807744026184 18 19 -0.0665591823817355
-1 0.0 0 0 -0.0007572426927937827
-1 0.0 0 0 -0.02377131461928665
38 0.11733655631542206 21 24 0.05748401938748857
104 0.07688810676336288 22 23 0.079110537809309
-1 0.0 0 0 0.003998644909996376
-1 0.0 0 0 0.016615459848099975
-1 0.0 0 0 -0.011511099929347889
-1 0.0 0 0 0.024163290927111874
96 -0.09764178842306137 27 28 0.015475439933059972
-1 0.0 0 0 0.004297621832917467
-1 0.0 0 0 -0.0005688550889516901
nodes 29
8 82.5 1 28 0.0
41 0.23447780311107635 2 27 -0.001741741608237615
52 -0.15406854450702667 3 10 -0.004230159484321018
2 0.3865007758140564 4 5 0.04222063058050727
-1 0.0 0 0 -0.0007661296586504792
9 0.05511927232146263 6 7 0.10162834574058582
-1 0.0 0 0 0.013543726793054045
60 0.07519259303808212 8 9 -0.05938857592207478
-1 0.0 0 0 -0.016960564232128977
-1 0.0 0 0 0.02017410890852961
6 0.9751198887825012 11 26 -0.00719222021999635
104 -0.04369930922985077 12 23 -0.033771094604948676
47 0.10593602806329727 13 22 -0.09117443240575342
41 0.15113598108291626 14 19 -0.11443387164162964
19 0.015082036145031452 15 18 -0.1444773175977862
9 -0.04958982765674591 16 17 -0.08464797426848929
-1 0.0 0 0 0.0034993515337536345
-1 0.0 0 0 -0.01779139536659138
-1 0.0 0 0 -0.02395003922972578
70 0.046382710337638855 20 21 0.028077046722889926
-1 0.0 0 0 -0.011175865598649762
-1 0.0 0 0 0.021391930097302836
-1 0.0 0 0 0.006472940108417625
22 -0.030119383707642555 24 25 -0.01510278683586198
-1 0.0 0 0 0.003151080082727479
-1 0.0 0 0 -0.004374777727324131
-1 0.0 0 0 -0.00018691615446802973
-1 0.0 0 0 0.004421602365433898
-1 0.0 0 0 0.00615023221935645
nodes 29
72 0.025483399629592896 1 8 0.0
68 0.1527627408504486 2 7 -0.010325304722683452
39 0.09313220530748367 3 4 -0.007656161895222331
-1 0.0 0 0 -0.0017700461358904616
85 0.1713000386953354 5 6 0.015417826039403365
-1 0.0 0 0 0.0006228783870667498
-1 0.0 0 0 0.012305071531816224
-1 0.0 0 0 -0.009522672562729153
75 0.03487866744399071 9 14 0.010406989873566277
98 -0.1565874218940735 10 11 -0.0050228697680551465
-1 0.0 0 0 0.007401499380866105
56 -0.09331312775611877 12 13 -0.012970495341523476
-1 0.0 0 0 -0.0080372076141282
-1 0.0 0 0 -8.35008822232037e-05
41 0.16000503301620483 15 16 0.025472518927197513
-1 0.0 0 0 0.001481942452941845
53 0.10717257112264633 17 28 0.07101522225385525
2 0.29485687613487244 18 19 0.07850340826140055
-1 0.0 0 0 -0.000686157773046592
53 -0.2371661216020584 20 21 0.10761066709530345
-1 0.0 0 0 -0.024044816792650404
5 1.2306110858917236 22 23 0.11808941596549954
-1 0.0 0 0 0.008237654047424919
37 -0.22811008989810944 24 25 0.21592535081018321
-1 0.0 0 0 0.0820062301059564
100 0.13258346915245056 26 27 0.1952357292263003
-1 0.0 0 0 0.023371433910680344
-1 0.0 0 0 -0.014081079706342684
-1 0.0 0 0 -0.029027045316173283
nodes 29
61 -0.08186359703540802 1 4 0.0
107 -0.1712527573108673 2 3 0.01890051209292309
-1 0.0 0 0 0.012789406310571468
-1 0.0 0 0 0.0012422832954948147
59 -0.08211776614189148 5 6 -0.005564903312366256
-1 0.0 0 0 -0.005254321445244264
30 0.004212979692965746 7 14 -0.0014606571479053477
73 0.0353456512093544 8 11 -0.01582373102095474
85 -0.13923697173595428 9 10 -0.005041016888963736
-1 0.0 0 0 -0.01323818965413973
-1 0.0 0 0 -0.00010800727469780806
88 0.07317541539669037 12 13 -0.05291060359065414
-1 0.0 0 0 -0.008342066640533904
-1 0.0 0 0 0.0008708463201155498
0 0.45026081800460815 15 20 0.01182858205544935
9 0.15230287611484528 16 17 -0.0016952058495896367
-1 0.0 0 0 0.00018083738785591033
2 0.3576561510562897 18 19 -0.16291216557918015
-1 0.0 0 0 -0.003521423863736808
-1 0.0 0 0 -0.038090155601520286
81 0.21247048676013947 21 28 0.04094927377611777
25 0.14288556575775146 22 25 0.044804600451173696
37 0.13109190762043 23 24 0.055832442943176804
-1 0.0 0 0 0.006274107585046891
-1 0.0 0 0 -0.014558381473113384
60 -0.03215709328651428 26 27 -0.06896651358655922
-1 0.0 0 0 -0.02482675606229139
-1 0.0 0 0 0.000613600542173358
-1 0.0 0 0 -0.031328181286771145
nodes 29
29 -0.059772003442049026 1 6 0.0
66 -0.017487147822976112 2 3 -0.019288138829099914
-1 0.0 0 0 -0.005018294221438662
4 0.9186004996299744 4 5 0.0036651397425627847
-1 0.0 0 0 -0.0026418866866045
-1 0.0 0 0 0.004629394207565838
106 -0.05406051129102707 7 8 0.005304355047455916
-1 0.0 0 0 -0.002398400694220604
77 0.05478920415043831 9 28 0.011151365565956778
22 0.04394824430346489 10 27 0.01972930690760976
2 0.2111424058675766 11 12 0.03225102821564043
-1 0.0 0 0 -0.005289881585690578
21 0.08952725678682327 13 16 0.03845101373176948
88 -0.15642398595809937 14 15 0.004462580006520329
-1 0.0 0 0 -0.02056711599640244
-1 0.0 0 0 0.0010696410013505055
97 0.055533260107040405 17 26 0.05505012673125984
37 -0.08681544661521912 18 25 0.07268191579532278
89 0.014733275398612022 19 24 0.11271633707936372
29 0.057904716581106186 20 21 0.1356311848429138
-1 0.0 0 0 0.00847758264027343
88 -0.01940462365746498 22 23 0.1844097806376278
-1 0.0 0 0 0.02649202932646278
-1 0.0 0 0 0.012721577081572153
-1 0.0 0 0 0.00039307243257764
-1 0.0 0 0 0.0038181806548858565
-1 0.0 0 0 0.0009913448606405386
-1 0.0 0 0 -0.0008643050840986539
-1 0.0 0 0 -0.0015359051158831483
nodes 29
5 1.273943543434143 1 12 0.0
99 0.073021300137043 2 9 -0.006778348168894215
55 0.18370461463928223 3 8 -0.01571761732140393
23 0.027529379352927208 4 5 -0.01348169490592558
-1 0.0 0 0 6.105264538837501e-05
4 0.8277952075004578 6 7 -0.03559439127247436
-1 0.0 0 0 0.0014087177333524249
-1 0.0 0 0 -0.005074315477657542
-1 0.0 0 0 -0.016268287462530392
105 -0.07945423573255539 10 11 0.019881496299594608
-1 0.0 0 0 -0.004335863022112225
-1 0.0 0 0 0.003379370443668519
7 0.20399999618530273 13 28 0.015381806697907566
6 0.870360791683197 14 15 0.04571455889750768
-1 0.0 0 0 -0.006802340493070536
2 0.3576561510562897 16 17 0.05967930527184881
-1 0.0 0 0 0.0025612720728042946
41 -0.03393799066543579 18 19 0.10818659005056469
-1 0.0 0 0 -0.0038401959944808677
21 0.09933066368103027 20 23 0.14242103331689138
14 -0.06892716884613037 21 22 0.060080873555594716
-1 0.0 0 0 0.020548659005361063
-1 0.0 0 0 -0.0007087511055080452
95 -0.04299681819975376 24 25 0.21196369698335385
-1 0.0 0 0 0.0033304582644400893
34 0.07902451604604721 26 27 0.25562851783858304
-1 0.0 0 0 0.010442969186662404
-1 0.0 0 0 0.03312279308245625
-1 0.0 0 0 -0.0005272868935726825
nodes 29
26 -0.12060554325580597 1 2 0.0
-1 0.0 0 0 -0.0037410728420081913
75 -0.11021985113620758 3 14 0.0026723380670581427
6 1.058838129043579 4 13 -0.0398353824414748
60 0.09650954604148865 5 12 -0.08772082951879508
70 -0.009005839005112648 6 9 -0.12069965436108625
7 0.18000000715255737 7 8 -0.2403580627895969
-1 0.0 0 0 -0.017275548994697354
-1 0.0 0 0 -0.04661674866000195
43 -0.029450682923197746 10 11 -0.0539817997682173
-1 0.0 0 0 0.00012194881963165815
-1 0.0 0 0 -0.020798781730159366
-1 0.0 0 0 0.005133274362575731
-1 0.0 0 0 0.003659105958259268
0 0.4953945577144623 15 26 0.005530392068523772
34 0.18899551033973694 16 17 0.0010847468036759799
-1 0.0 0 0 -0.0009287446852101582
21 -0.010844659060239792 18 19 0.021118587290415877
-1 0.0 0 0 -0.006101487524139083
2 0.3285961151123047 20 21 0.028306521893872644
-1 0.0 0 0 -0.0005187885404008372
5 1.1734683513641357 22 23 0.05088779238773095
-1 0.0 0 0 0.00263740395966013
64 0.04017629846930504 24 25 0.09690889432579512
-1 0.0 0 0 0.012880515789708481
-1 0.0 0 0 -0.0009784243512583736
107 -0.07455680519342422 27 28 0.042826749739765094
-1 0.0 0 0 0.01149864741940399
-1 0.0 0 0 0.0018421003853937097
nodes 29
81 -0.05878472700715065 1 2 0.0
-1 0.0 0 0 0.0014760038469244386
71 -0.11493562161922455 3 4 -0.006747587554121944
-1 0.0 0 0 -0.004900589432733816
8 55.5 5 16 -0.001662600300214136
11 -0.048064641654491425 6 7 0.009375352532884813
-1 0.0 0 0 -0.0020715423445042
38 -0.04661611095070839 8 15 0.023057116740139574
2 0.36406171321868896 9 10 0.05833708136019178
-1 0.0 0 0 0.00166018072163224
6 1.0991607904434204 11 14 0.10232643764316615
94 -0.16848193109035492 12 13 0.10959220649311052
-1 0.0 0 0 -0.017266006731647958
-1 0.0 0 0 0.012220287535307715
-1 0.0 0 0 -0.06352377075633807
-1 0.0 0 0 0.00071334520480859
3 0.7181267738342285 17 22 -0.023016179456398948
28 0.00023651232186239213 18 19 -0.002899744762618469
-1 0.0 0 0 -0.0046327880285564945
73 0.011877168901264668 20 21 0.028148598491614038
-1 0.0 0 0 0.005752958667132673
-1 0.0 0 0 -0.0034732317036770266
84 -0.1455751657485962 23 28 -0.060311620316074
15 0.07956304401159286 24 27 -0.36081190665296076
82 0.05981934815645218 25 26 -0.5355660890873808
-1 0.0 0 0 -0.030740370843559506
-1 0.0 0 0 -0.10489314455538988
-1 0.0 0 0 0.019328672057812718
-1 0.0 0 0 -0.00531177873378285
nodes 29
57 0.10329651087522507 1 16 0.0
7 0.0 2 3 -0.0043573214006623765
-1 0.0 0 0 -0.009682213914633643
61 -0.02275385707616806 4 5 -0.0026642704259590873
-1 0.0 0 0 0.0011282211357480079
96 -0.1941172033548355 6 7 -0.014993339089873143
-1 0.0 0 0 0.00396003978751251
6 1.0818469524383545 8 13 -0.02217449570602028
21 0.08952725678682327 9 10 -0.033650414555406204
-1 0.0 0 0 -0.007343183711489256
37 0.0732792317867279 11 12 -0.014722172648971616
-1 0.0 0 0 -0.000566374923037343
-1 0.0 0 0 -0.013092828235521171
1 0.30516353249549866 14 15 0.01972897070263266
-1 0.0 0 0 0.002825273155081449
-1 0.0 0 0 -0.02238503873432751
84 -0.07272405177354813 17 18 0.022743819751926866
-1 0.0 0 0 -0.006652374830226182
2 0.4202040731906891 19 20 0.03483528836265666
-1 0.0 0 0 0.0015128244703954726
80 0.08895129710435867 21 22 0.09930674793388516
-1 0.0 0 0 0.013248870167859243
59 0.2267356961965561 23 28 -0.053633424655933015
71 -0.09692251682281494 24 27 -0.014051468542742508
65 0.09826622158288956 25 26 -0.43717729357235574
-1 0.0 0 0 -0.021559170180788408
-1 0.0 0 0 -0.11573304668068887
-1 0.0 0 0 0.006056615620314364
-1 0.0 0 0 -0.09887571378300587
nodes 29
27 0.05962913855910301 1 10 0.0
60 0.14633075892925262 2 7 -0.00853046527239507
6 1.0630444288253784 3 6 -0.012818903162733737
89 0.10178611427545547 4 5 -0.022621545611345096
-1 0.0 0 0 -0.001737095471876753
-1 0.0 0 0 -0.013025253219869215
-1 0.0 0 0 0.0010005409461358258
0 0.4169468879699707 8 9 0.03689351740880127
-1 0.0 0 0 -0.002896294331196539
-1 0.0 0 0 0.008424278747419868
34 0.14466936886310577 11 20 0.011611358586358613
23 0.0743737667798996 12 13 -0.00723498793981361
-1 0.0 0 0 0.0005506768095784989
86 -0.03081252984702587 14 19 -0.053043970798650586
18 -0.03912392258644104 15 18 -0.1264080345305841
85 0.10508407652378082 16 17 -0.22269547869868347
-1 0.0 0 0 -0.014455537391555348
-1 0.0 0 0 -0.04472569947810431
-1 0.0 0 0 -0.004453901789945145
-1 0.0 0 0 -0.0005195535884547874
72 -0.053983159363269806 21 24 0.030147012251102747
102 -0.014477738179266453 22 23 -0.02845456277920851
-1 0.0 0 0 -0.00995433298065579
-1 0.0 0 0 0.0009702441250889033
25 0.010987426154315472 25 26 0.04486436550200595
-1 0.0 0 0 0.0015348392871108053
93 -0.009276853874325752 27 28 0.07055658981531054
-1 0.0 0 0 0.010402695773641996
-1 0.0 0 0 0.002994067997994196
nodes 29
7 0.800000011920929 1 28 0.0
5 1.4709033966064453 2 15 0.001069907123842138
62 0.01045214757323265 3 14 -0.003823747210168343
66 -0.033724814653396606 4 11 0.007172026957604078
46 0.034916263073682785 5 10 -0.01677621538882481
58 -0.05208969488739967 6 9 -0.03728748962869331
86 -0.060608383268117905 7 8 -0.12319872569177277
-1 0.0 0 0 -0.028357647285723177
-1 0.0 0 0 -0.007057044941986049
-1 0.0 0 0 -0.0023735542852794216
-1 0.0 0 0 0.0019434492090004665
57 -0.036964260041713715 12 13 0.021297479661905754
-1 0.0 0 0 -0.0014012202519712155
-1 0.0 0 0 0.0034949990571575213
-1 0.0 0 0 -0.0018423106382110443
4 0.8784291744232178 16 17 0.027781050417060048
-1 0.0 0 0 0.0004007894944829842
0 0.33725064992904663 18 19 0.08096274036011848
-1 0.0 0 0 0.002791902054022133
6 0.776975691318512 20 25 0.16029039311451876
99 -0.015449732542037964 21 24 -0.20243056571333234
104 0.03331839665770531 22 23 0.340245299379934
-1 0.0 0 0 -0.039022420942783353
-1 0.0 0 0 0.09489698900530735
-1 0.0 0 0 -0.056978038208415877
95 -0.040488507598638535 26 27 0.18242733853010432
-1 0.0 0 0 0.0029797952280357144
-1 0.0 0 0 0.023097587393500544
-1 0.0 0 0 -0.00931120597559283
nodes 29
24 0.05292176827788353 1 16 0.0
61 0.12199132144451141 2 15 -0.007125686575091158
40 -0.0687713772058487 3 14 -0.003342881274461506
37 -0.24791696667671204 4 5 -0.03746996519523873
-1 0.0 0 0 0.021144787834535512
43 -0.13890565931797028 6 7 -0.04341192925678652
-1 0.0 0 0 0.0028869713808623645
72 -0.05153849720954895 8 11 -0.06413713522990253
6 1.0976545810699463 9 10 -0.14175700898370558
-1 0.0 0 0 -0.018344595370311818
-1 0.0 0 0 0.004469645898467048
34 0.33286991715431213 12 13 -0.03894903188741913
-1 0.0 0 0 -0.004539085754585572
-1 0.0 0 0 0.03360677050236104
-1 0.0 0 0 0.00025762728492867735
-1 0.0 0 0 -0.006571440744352912
56 0.026150066405534744 17 18 0.013523090920746075
-1 0.0 0 0 -0.00033536147588546786
17 0.06942053139209747 19 24 0.03918515058314681
105 -0.150774285197258 20 21 0.05561021433641844
-1 0.0 0 0 -0.009975135089985616
35 0.07094374299049377 22 23 0.06402150926959255
-1 0.0 0 0 0.004087983761406442
-1 0.0 0 0 0.01179097128773418
101 0.07124754041433334 25 26 -0.025630951792931952
-1 0.0 0 0 -0.006619159381710513
0 0.4025825262069702 27 28 0.08952526765711309
-1 0.0 0 0 -0.007075080497751335
-1 0.0 0 0 0.020973232213308296
nodes 29
0 0.4419816732406616 1 22 0.0
6 1.0475746393203735 2 19 -0.007540419663232334
73 0.11217252910137177 3 18 -0.026143400539975766
33 -0.0011739389738067985 4 11 -0.019912126433786582
29 0.04717431589961052 5 8 -0.002399417246553815
84 -0.009367705322802067 6 7 -0.03016051343184869
-1 0.0 0 0 -0.009029344687614013
-1 0.0 0 0 -0.000704708966176911
100 0.09434747695922852 9 10 0.038263921806941784
-1 0.0 0 0 0.000709636742482664
-1 0.0 0 0 0.011341720370991383
2 0.37122464179992676 12 15 -0.06229002481247128
101 0.055095888674259186 13 14 -0.10908622181713294
-1 0.0 0 0 -0.015956087239079552
-1 0.0 0 0 -0.003013057718936611
91 -0.06578967720270157 16 17 -0.011577784825966646
-1 0.0 0 0 0.008022378136730311
-1 0.0 0 0 -0.004986673593223342
-1 0.0 0 0 -0.014861715768312045
7 0.19599999487400055 20 21 0.014645391449882285
-1 0.0 0 0 0.005888816224631911
-1 0.0 0 0 0.00010170470304104383
104 -0.039254628121852875 23 24 0.01248885150861504
-1 0.0 0 0 -0.002293270079258043
88 0.029093125835061073 25 28 0.025828275493916055
62 -0.11792882531881332 26 27 0.00324152308963496
-1 0.0 0 0 0.00970387943652646
-1 0.0 0 0 -0.0009566958537403475
-1 0.0 0 0 0.005162805800678046
nodes 29
58 0.19926384091377258 1 22 0.0
20 0.06488209217786789 2 17 -0.002350543531631574
11 -0.019808445125818253 3 10 -0.008748254685127434
91 0.1460171639919281 4 5 -0.02564067758451913
-1 0.0 0 0 -0.0021267597448872935
1 0.29911091923713684 6 9 -0.1255153757972322
94 -0.16559456288814545 7 8 0.008640461855206859
-1 0.0 0 0 0.05647487961191763
-1 0.0 0 0 -0.004152670073674433
-1 0.0 0 0 -0.024238733252512395
108 0.1054343655705452 11 12 0.0036259918309928807
-1 0.0 0 0 -0.0006028893206474832
2 0.3857119083404541 13 14 0.0394472303855934
-1 0.0 0 0 0.0007754202037230073
37 0.03640628233551979 15 16 0.09326653748804777
-1 0.0 0 0 0.012526659656219167
-1 0.0 0 0 -0.004980903311841346
43 0.09201047569513321 18 21 0.014756028351486511
22 0.10041841119527817 19 20 0.019788571125118285
-1 0.0 0 0 0.002822535250511104
-1 0.0 0 0 -0.004409956521429083
-1 0.0 0 0 -0.009833384023590123
2 0.4016634523868561 23 26 0.04046445506774664
88 -0.07134450972080231 24 25 0.005260174051355598
-1 0.0 0 0 -0.017906553639370288
-1 0.0 0 0 0.0023637557757404844
6 1.0657293796539307 27 28 0.1116286400832691
-1 0.0 0 0 0.010363320702283697
-1 0.0 0 0 0.0830018300563097
nodes 29
82 -0.18987973034381866 1 14 0.0
3 0.9061203598976135 2 13 -0.06903880454772997
77 0.18527701497077942 3 12 -0.09673096595115793
88 -0.07609673589468002 4 5 -0.10675499879174062
-1 0.0 0 0 -0.028508811161033005
102 -0.05371324345469475 6 9 -0.07211385415587158
35 0.02942913956940174 7 8 -0.2325302062781146
-1 0.0 0 0 -0.04071180924773216
-1 0.0 0 0 -0.004348599829171209
83 0.1653081476688385 10 11 -0.02438305602668735
-1 0.0 0 0 -0.00022325758713613518
-1 0.0 0 0 -0.05314364387127368
-1 0.0 0 0 0.05598431851070088
-1 0.0 0 0 0.013733941556661036
24 -0.1321018785238266 15 16 0.0013809310528904036
-1 0.0 0 0 -0.003903510106070025
76 -0.03065793588757515 17 28 0.0038994881858357465
1 0.46372976899147034 18 25 -0.015206440828786973
2 0.4059367775917053 19 20 -0.012648228858547836
-1 0.0 0 0 -0.0030572069281249678
18 0.0048313746228814125 21 22 0.0233338454233323
-1 0.0 0 0 0.005936765427707892
26 0.052297722548246384 23 24 -0.054674400221747806
-1 0.0 0 0 -0.012691563469736081
-1 0.0 0 0 0.0066102658083976714
58 -0.06492696702480316 26 27 -0.27061430229419053
-1 0.0 0 0 -0.07774474170743204
-1 0.0 0 0 -0.013264306549293302
-1 0.0 0 0 0.001027549420938722
nodes 29
52 0.018666857853531837 1 2 0.0
-1 0.0 0 0 0.000737731250984115
1 0.30418661236763 3 4 -0.012636014622178018
-1 0.0 0 0 0.0007186738938121726
84 0.07272738963365555 5 22 -0.0346659640654735
96 0.10024803876876831 6 19 -0.068352688709375
35 -0.1292487233877182 7 10 -0.057438709326844195
102 0.08455165475606918 8 9 -0.2462429813301516
-1 0.0 0 0 -0.014858541373666753
-1 0.0 0 0 -0.06043207291729266
87 0.0924610048532486 11 12 -0.048039523916960064
-1 0.0 0 0 -0.002881067816622855
55 0.18370461463928223 13 18 -0.13929469313808204
6 0.9371002316474915 14 17 -0.12560797514162364
64 0.05706056207418442 15 16 -0.4024876331656494
-1 0.0 0 0 -0.053327599716438946
-1 0.0 0 0 0.024438454553082186
-1 0.0 0 0 -0.008534787946066815
-1 0.0 0 0 -0.09571940823747166
60 0.14633075892925262 20 21 -0.251597195624916
-1 0.0 0 0 -0.03155351105521088
-1 0.0 0 0 0.024658572484946087
18 -0.04008810967206955 23 24 0.026538651329004518
-1 0.0 0 0 0.008362437030067995
91 -0.02278219535946846 25 28 -0.037587444083165326
27 0.04927720129489899 26 27 0.03956487881726815
-1 0.0 0 0 -0.00729223525914243
-1 0.0 0 0 0.01550751051294474
-1 0.0 0 0 -0.011198803541312573
nodes 29
0 0.4964250326156616 1 24 0.0
78 0.01776251010596752 2 23 -0.0033381439000229724
74 -0.022314270958304405 3 12 0.00553484323653995
100 -0.07040153443813324 4 5 -0.025495228043383694
-1 0.0 0 0 -0.010968551661229307
4 0.8747338056564331 6 9 -0.011160997403359756
37 -0.16699489951133728 7 8 -0.052286749147372816
-1 0.0 0 0 0.00966947448803408
-1 0.0 0 0 -0.007751133099991346
99 -0.15616926550865173 10 11 0.015022971454578824
-1 0.0 0 0 -0.022490784884593232
-1 0.0 0 0 0.002229778149674118
9 -0.14501598477363586 13 22 0.015475729440080936
2 0.37122464179992676 14 15 0.06733024406990427
-1 0.0 0 0 0.0015318301669805022
4 0.8072726130485535 16 19 0.12336478497089791
103 0.04676133021712303 17 18 0.3860142924852339
-1 0.0 0 0 0.013785698994528504
-1 0.0 0 0 0.08138717106575596
55 0.16319318115711212 20 21 0.10119671756317083
-1 0.0 0 0 0.011584061221514647
-1 0.0 0 0 -0.03650957174076323
-1 0.0 0 0 0.0009818019525618712
-1 0.0 0 0 -0.00186438574173173
104 0.0030215345323085785 25 26 0.028189471285316525
-1 0.0 0 0 -0.0012601785676830744
107 0.109726682305336 27 28 0.06035392863317184
-1 0.0 0 0 0.00753318759643579
-1 0.0 0 0 -0.008588530258222654
nodes 29
79 0.06738393008708954 1 24 0.0
40 0.03855176270008087 2 23 0.003941937620901423
2 0.3881100118160248 3 4 -0.007933394978577852
-1 0.0 0 0 -0.0023196512796735433
18 0.12940581142902374 5 22 0.01406702722176377
96 0.13452380895614624 6 19 0.021886320493993958
28 0.08167453110218048 7 14 0.02773932635277179
70 0.0454169437289238 8 11 0.04392901726976721
25 0.2268354892730713 9 10 0.01171950340359162
-1 0.0 0 0 0.0016168844857661709
-1 0.0 0 0 -0.043849452719558035
33 -0.1404189020395279 12 13 0.08737388074572106
-1 0.0 0 0 -0.005976154524327055
-1 0.0 0 0 0.010892761748260725
95 -0.1483759731054306 15 16 -0.032902721073055016
-1 0.0 0 0 -0.03919053880292607
99 0.09549740701913834 17 18 -0.020605967894293833
-1 0.0 0 0 -0.005289767550618441
-1 0.0 0 0 0.011877660338727709
32 0.06812091171741486 20 21 -0.17370355315437438
-1 0.0 0 0 -0.007777220439148669
-1 0.0 0 0 -0.05680879869573571
-1 0.0 0 0 -0.01587413386867245
-1 0.0 0 0 0.0016798250801253638
6 1.0706408023834229 25 28 -0.023226975432377586
7 0.6480000019073486 26 27 -0.04190315809189422
-1 0.0 0 0 -0.003960766056022146
-1 0.0 0 0 -0.07506717783125008
-1 0.0 0 0 0.002623180147736071
nodes 29
98 -0.02247585728764534 1 12 0.0
76 0.059271346777677536 2 5 0.009282583810172603
18 -0.061281438916921616 3 4 -0.0045307697973954245
-1 0.0 0 0 0.0020217477328450827
-1 0.0 0 0 -0.0020336902185658554
80 0.10528147965669632 6 11 0.030851893842357106
58 -0.05369165167212486 7 8 0.04560953389188929
-1 0.0 0 0 -0.0029320399674982165
12 0.09039650857448578 9 10 0.055759285022092396
-1 0.0 0 0 0.006675937637023824
-1 0.0 0 0 -0.002125909649774805
-1 0.0 0 0 -0.004449232343771672
75 -0.03729501739144325 13 16 -0.009961914477074202
6 1.0912468433380127 14 15 -0.045852405829509266
-1 0.0 0 0 -0.006613311445241012
-1 0.0 0 0 0.0021009027245551845
73 0.0353456512093544 17 28 -0.0008095310211441392
17 0.0402703694999218 18 21 0.009400425616477297
100 0.14926089346408844 19 20 0.023509256769034464
-1 0.0 0 0 0.0014900708283635527
-1 0.0 0 0 0.009892510412322211
3 0.6892478466033936 22 23 -0.024356259289270592
-1 0.0 0 0 0.0024107728047790353
25 -0.05034473165869713 24 27 -0.053524891317435964
102 -0.1829376518726349 25 26 -0.14833081883934293
-1 0.0 0 0 -0.07998750004917383
-1 0.0 0 0 -0.013026373581258674
-1 0.0 0 0 -0.002732735402922961
-1 0.0 0 0 -0.0035891526531530815
nodes 29
89 -0.04403747618198395 1 26 0.0
54 0.10916673392057419 2 19 0.00772715901464453
104 -0.11840683966875076 3 6 0.00030717596726040564
12 0.1954030990600586 4 5 -0.06112142920448164
-1 0.0 0 0 -0.005555987928434384
-1 0.0 0 0 -0.062212495191786926
99 0.08762282878160477 7 16 0.005530638680428035
59 0.2624282240867615 8 11 -0.002884954149023338
13 0.04919362813234329 9 10 -0.0004054479060309238
-1 0.0 0 0 -0.0012668450528533536
-1 0.0 0 0 0.0028466405019958777
30 -0.06337732076644897 12 15 -0.14493234652341747
1 0.362102746963501 13 14 -0.34686453581405624
-1 0.0 0 0 -0.02405652761661405
-1 0.0 0 0 -0.09248667601495981
-1 0.0 0 0 -0.005081915422959034
67 -0.02922568842768669 17 18 0.0410383863079088
-1 0.0 0 0 0.008634172964469871
-1 0.0 0 0 0.0010847401731269213
95 -0.02188786491751671 20 21 0.04815745357291899
-1 0.0 0 0 -0.0013812451307099948
76 -0.015226123854517937 22 23 0.07095202899335525
-1 0.0 0 0 0.0007398686891918679
68 -0.014146259985864162 24 25 0.10022450458012386
-1 0.0 0 0 0.014724326768225224
-1 0.0 0 0 0.004549309121077832
75 0.06286197900772095 27 28 -0.011590738664824221
-1 0.0 0 0 -0.0025262092078591823
-1 0.0 0 0 0.0011645118325046163
nodes 29
8 82.5 1 28 0.0
107 0.0755225419998169 2 15 -0.0015937602747853137
0 0.4953945577144623 3 8 0.002350647839545312
4 0.8784291744232178 4 5 -0.0016083578839448083
-1 0.0 0 0 -0.0017579370232951677
8 72.5 6 7 0.009256071081230423
-1 0.0 0 0 0.0010379252091399537
-1 0.0 0 0 -0.05166473837626959
10 -0.006456894334405661 9 12 0.04073463373145123
85 0.13606944680213928 10 11 -0.004093150803248072
-1 0.0 0 0 -0.0026037531080659346
-1 0.0 0 0 0.016110718383925495
88 0.10777568817138672 13 14 0.0854715818233244
-1 0.0 0 0 0.005854764114948354
-1 0.0 0 0 0.02186315534692482
87 0.1701260656118393 16 25 -0.0274279339076945
2 0.48406878113746643 17 18 -0.020666156767857845
-1 0.0 0 0 -0.0015118493134748299
24 0.0500364750623703 19 24 -0.208346438321869
15 -0.006949485745280981 20 23 -0.3677115461985773
44 -0.04317833483219147 21 22 -0.7304730843122039
-1 0.0 0 0 -0.13188390193446992
-1 0.0 0 0 -0.04498677922197833
-1 0.0 0 0 -0.01116445781183703
-1 0.0 0 0 0.009470852091908455
1 0.26471981406211853 26 27 -0.17873957117481964
-1 0.0 0 0 0.0003007836050779463
-1 0.0 0 0 -0.031091950370252808
-1 0.0 0 0 0.005627698437924958
nodes 29
9 0.09433812648057938 1 6 0.0
59 -0.07445862889289856 2 3 0.002881408494677323
-1 0.0 0 0 -0.0033729718540645177
2 0.19215179979801178 4 5 0.006452721648161372
-1 0.0 0 0 -0.0063296050175360346
-1 0.0 0 0 0.0008484959180617527
2 0.31678783893585205 7 8 -0.030518481718939786
-1 0.0 0 0 0.0024320759485138245
77 -0.19935590028762817 9 14 -0.05577034155897572
84 -0.03997187316417694 10 11 -0.4496437914226027
-1 0.0 0 0 0.022426291362003047
1 0.3863197863101959 12 13 -0.6829191893219757
-1 0.0 0 0 -0.037151437144659995
-1 0.0 0 0 -0.1475585998459296
88 -0.13501408696174622 15 18 -0.04864233186651091
83 0.06529947370290756 16 17 -0.23860786748635032
-1 0.0 0 0 -0.037018994620554774
-1 0.0 0 0 0.00680145911804033
66 0.10774025321006775 19 28 -0.0359639922029695
11 -0.04233108088374138 20 23 -0.017728199576598665
55 0.15258556604385376 21 22 -0.09270046706959778
-1 0.0 0 0 -0.00705610508782294
-1 0.0 0 0 -0.059747915623279725
72 -0.06628698855638504 24 25 0.018493567385196977
-1 0.0 0 0 -0.01145739473166367
41 0.132689967751503 26 27 0.04694318008111593
-1 0.0 0 0 0.0001842750512553355
-1 0.0 0 0 0.01687080144702926
-1 0.0 0 0 -0.016147381710533922
nodes 29
89 -0.2442222386598587 1 20 0.0
2 0.3552711606025696 2 3 0.055179981139132576
-1 0.0 0 0 -0.0025890280975034417
1 0.29911091923713684 4 9 0.10537088633953078
80 0.017250586301088333 5 6 0.3770728997586595
-1 0.0 0 0 0.014407410545566355
60 0.06773436069488525 7 8 0.6993878985444705
-1 0.0 0 0 0.03786788256838918
-1 0.0 0 0 0.13408060442656278
84 -0.10229451954364777 10 13 0.08035260693261809
99 -0.022174499928951263 11 12 -0.2655541063611244
-1 0.0 0 0 -0.08064631927013398
-1 0.0 0 0 -0.004387005458234764
91 -0.023713281378149986 14 15 0.10063071009775909
-1 0.0 0 0 0.018982166395079585
104 0.06665174663066864 16 17 0.01788588300151212
-1 0.0 0 0 -0.006450606718468648
29 -0.00034245685674250126 18 19 0.17389801681416195
-1 0.0 0 0 -0.0034567427949915674
-1 0.0 0 0 0.033840136098173344
6 0.7125368714332581 21 28 -0.0015580257394537003
2 0.35029783844947815 22 23 -0.15488148147073183
-1 0.0 0 0 0.014193328844908721
10 -0.13716541230678558 24 25 -0.2874285352135518
-1 0.0 0 0 0.04230477172467444
108 0.14685092866420746 26 27 -0.36905772166643686
-1 0.0 0 0 -0.043810130117740924
-1 0.0 0 0 0.02994096617807042
-1 0.0 0 0 -9.581848132895258e-05
nodes 29
32 -0.10237830877304077 1 16 0.0
57 0.0922154113650322 2 15 0.020797024642352047
76 0.09168287366628647 3 6 0.0068842738784125525
89 -0.19199606776237488 4 5 -0.012041095020149734
-1 0.0 0 0 0.010002729742877367
-1 0.0 0 0 -0.002431722971870017
55 0.07164297252893448 7 14 0.057482176999512954
2 0.32238057255744934 8 9 0.08379416640125302
-1 0.0 0 0 -0.0018094637037348188
41 0.16000503301620483 10 11 0.12983618025669236
-1 0.0 0 0 0.009158327792391015
86 -0.0888347178697586 12 13 0.2863253261635287
-1 0.0 0 0 -0.019723506883125415
-1 0.0 0 0 0.036431893825946145
-1 0.0 0 0 -0.005974033895009615
-1 0.0 0 0 0.007622070892617275
29 0.19679152965545654 17 28 -0.004100944385184191
6 1.0771117210388184 18 27 -0.0066349800921297695
27 -0.0748862475156784 19 20 -0.013507426435276474
-1 0.0 0 0 -0.006831462958048498
2 0.36489763855934143 21 26 -0.007611711292332961
33 -0.0011739389738067985 22 25 -0.03076723454856539
29 0.04824473708868027 23 24 -0.007189267795646883
-1 0.0 0 0 -0.0038298505657218193
-1 0.0 0 0 0.004074430349177343
-1 0.0 0 0 -0.009301275613112198
-1 0.0 0 0 0.0007221729522960329
-1 0.0 0 0 0.0018787151049650755
-1 0.0 0 0 0.004780572684343022
nodes 29
43 -0.1523796170949936 1 20 0.0
2 0.25732943415641785 2 3 0.016787830732342766
-1 0.0 0 0 -0.00414117452497291
41 -0.10740414261817932 4 5 0.02652230970119089
-1 0.0 0 0 -0.014378178246458352
10 -0.021391432732343674 6 15 0.03085958493947665
61 -0.027136072516441345 7 12 -0.0004757800541413077
83 -0.1164611354470253 8 11 0.044949534730141814
54 -0.09948595613241196 9 10 -0.1071938198016205
-1 0.0 0 0 -0.06996870123040981
-1 0.0 0 0 -0.005204528875723715
-1 0.0 0 0 0.006518818020662952
93 -0.04645346850156784 13 14 -0.038757083353663555
-1 0.0 0 0 0.0020943018665277196
-1 0.0 0 0 -0.008125808053800561
87 0.25284484028816223 16 19 0.05419152133922885
79 0.19815346598625183 17 18 0.0557749138746188
-1 0.0 0 0 0.00584249673000687
-1 0.0 0 0 -0.034009425111396825
-1 0.0 0 0 -0.06160526744745396
5 1.4709033966064453 21 22 -0.005279063024329671
-1 0.0 0 0 -0.0010615339691891026
2 0.4273034334182739 23 24 0.02211608980404263
-1 0.0 0 0 0.0016305197443821477
84 -0.009367705322802067 25 26 0.21376409592004875
-1 0.0 0 0 -0.0016936186530913872
55 0.0011944263242185116 27 28 0.38596143593129356
-1 0.0 0 0 0.05981962804505525
-1 0.0 0 0 0.009413852471731265
nodes 29
8 92.5 1 28 0.0
25 -0.05275678262114525 2 15 -0.0007549789516957642
29 0.05146964266896248 3 12 -0.018283821844400663
6 1.080673635005951 4 11 -0.04461050258037235
2 0.4236500859260559 5 6 -0.06227715453118627
-1 0.0 0 0 -0.008963763829262995
107 -0.09739268571138382 7 10 -0.0037357196869551475
28 0.05216176062822342 8 9 0.12674899707802292
-1 0.0 0 0 0.02409588444479718
-1 0.0 0 0 -0.016920347697627933
-1 0.0 0 0 -0.00440123923505844
-1 0.0 0 0 0.002615264430458175
94 -0.08519085496664047 13 14 0.019486731910663663
-1 0.0 0 0 0.007556863860353594
-1 0.0 0 0 -0.0018198194566442724
88 -0.07934414595365524 16 17 0.004622491639168116
-1 0.0 0 0 -0.0035566679789760304
2 0.3404717445373535 18 19 0.010707701201697688
-1 0.0 0 0 -0.0010180505841503045
93 0.06907105445861816 20 25 0.024424007412743896
52 0.08678167313337326 21 24 0.03513903633507445
43 -0.24148869514465332 22 23 0.045486334798739876
-1 0.0 0 0 0.016990909848236813
-1 0.0 0 0 0.004055009670321631
-1 0.0 0 0 -0.002942873210316967
57 -0.09326094388961792 26 27 -0.03221402289180415
-1 0.0 0 0 -0.01827300101659649
-1 0.0 0 0 -0.0009000796158152636
-1 0.0 0 0 0.01107633359570925
nodes 29
54 -0.06712435930967331 1 28 0.0
1 0.44288915395736694 2 21 -0.020337329918359015
90 0.177904412150383 3 20 -0.025972496789319007
53 0.08305656909942627 4 15 -0.02201413617258262
104 0.11538486182689667 5 12 -0.014973505069441364
6 1.0509153604507446 6 11 -0.02563198599371424
75 -0.22132332623004913 7 8 -0.04796315807218912
-1 0.0 0 0 -0.08443604099253814
42 -0.06379347667098045 9 10 -0.04567630307763581
-1 0.0 0 0 0.0007501016023111176
-1 0.0 0 0 -0.007850053835847614
-1 0.0 0 0 0.001647822421140982
14 0.16711196303367615 13 14 0.05383189745479023
-1 0.0 0 0 0.006661747118904
-1 0.0 0 0 -0.046265200818500794
10 -0.06909169256687164 16 17 -0.1254862682776764
-1 0.0 0 0 -0.032300858815130964
101 -0.12813472747802734 18 19 -0.05894691914252675
-1 0.0 0 0 -0.05539987624926103
-1 0.0 0 0 -0.002900707488928682
-1 0.0 0 0 -0.020698169239048412
12 -0.13662658631801605 22 23 0.11075530025384409
-1 0.0 0 0 -0.04345200796508127
11 -0.10457365214824677 24 27 0.1485051342472434
25 0.03280532360076904 25 26 -0.19122467783239225
-1 0.0 0 0 0.023986616417906198
-1 0.0 0 0 -0.0777066078514625
-1 0.0 0 0 0.020451793480517618
-1 0.0 0 0 0.0004125099436646602
nodes 29
34 0.25127261877059937 1 28 0.0
49 0.2520052492618561 2 27 -0.0034590603452966315
6 1.0686558485031128 3 16 -0.0068836717865544145
7 0.5 4 15 -0.014248378814239971
49 -0.018195442855358124 5 6 -0.01122063536904383
-1 0.0 0 0 -0.008293598346684401
0 0.4419816732406616 7 10 -0.006110670767162148
33 -0.06403868645429611 8 9 -0.024828320309860846
-1 0.0 0 0 0.0011391283594269256
-1 0.0 0 0 -0.005330703520179655
43 -0.15719804167747498 11 12 0.014579914367046495
-1 0.0 0 0 0.007419964387720164
105 0.00017446708807256073 13 14 0.002956235402148831
-1 0.0 0 0 -0.002691365213690469
-1 0.0 0 0 0.0031282930258226768
-1 0.0 0 0 -0.016086228473281977
1 0.3135426342487335 17 18 0.014741062317882692
-1 0.0 0 0 0.002142041155874547
6 1.1105940341949463 19 26 -0.1256843038650181
51 0.019956674426794052 20 21 -0.07957483431841396
-1 0.0 0 0 -0.022505392509385908
88 -0.062228959053754807 22 23 0.06418870114128299
-1 0.0 0 0 -0.03481229113584215
17 0.08191557973623276 24 25 0.17217507584358654
-1 0.0 0 0 0.0037005674479396716
-1 0.0 0 0 0.06952218898180602
-1 0.0 0 0 -0.06055643387759725
-1 0.0 0 0 0.003387377175582915
-1 0.0 0 0 0.0024105369526244815
nodes 29
7 0.8500000238418579 1 28 0.0
5 1.2396756410598755 2 5 0.0005649199437429867
15 0.044520292431116104 3 4 -0.006515472295107556
-1 0.0 0 0 -0.0015866537684701512
-1 0.0 0 0 0.0017131365966037316
2 0.41118934750556946 6 17 0.013450712759299516
59 0.08515255898237228 7 8 0.007638149806535685
-1 0.0 0 0 -0.0010189537952376762
2 0.32588279247283936 9 10 0.035953959078000614
-1 0.0 0 0 -9.915437886647195e-05
63 0.05476157367229462 11 16 0.08545435752393876
27 -0.0021719548385590315 12 13 0.10959851679264723
-1 0.0 0 0 0.002887046103625415
38 0.15770390629768372 14 15 0.14903418510513208
-1 0.0 0 0 0.01635287845779688
-1 0.0 0 0 -0.01754471894572348
-1 0.0 0 0 -0.005339722174979765
75 0.029432421550154686 18 23 0.08475337666389436
6 0.776975691318512 19 22 0.006277365110564581
7 0.014000000432133675 20 21 -0.3464039531799982
-1 0.0 0 0 -0.05885306743857188
-1 0.0 0 0 0.03280919130359377
-1 0.0 0 0 0.003787856522789312
29 0.15333649516105652 24 25 0.15837461312113024
-1 0.0 0 0 0.01952109770586456
98 0.05152801796793938 26 27 -0.2033178737299062
-1 0.0 0 0 0.005436379657308946
-1 0.0 0 0 -0.07637755066389218
-1 0.0 0 0 -0.015129527315385992
nodes 29
81 0.1566474884748459 1 26 0.0
84 0.18837076425552368 2 25 0.0017430588421477723
79 -0.10904671251773834 3 4 -0.0008345278703854165
-1 0.0 0 0 0.002083515334388125
96 -0.1707260012626648 5 6 -0.006536345977369793
-1 0.0 0 0 0.002196617879935677
6 1.0522103309631348 7 24 -0.012402123135206757
85 -0.057032566517591476 8 9 -0.024016374047178983
-1 0.0 0 0 -0.007426411906898721
27 -0.0748862475156784 10 11 -0.014797581448971586
-1 0.0 0 0 -0.008376554236176717
104 -0.0033623247873038054 12 21 -0.007881126182516057
52 0.06926803290843964 13 14 -0.03618194637135485
-1 0.0 0 0 -0.001997965888710829
70 0.02398580126464367 15 20 -0.10680874333217293
3 0.8444747924804688 16 17 -0.20033175963228853
-1 0.0 0 0 -0.012754092446057203
38 -0.0025035766884684563 18 19 -0.3828488389204204
-1 0.0 0 0 -0.06067407178012906
-1 0.0 0 0 -0.011034885475620334
-1 0.0 0 0 -0.0008459806262122533
10 -0.0019361732993274927 22 23 0.011009526074892924
-1 0.0 0 0 -0.0018078456781473143
-1 0.0 0 0 0.004026136713822802
-1 0.0 0 0 0.0011619943476301967
-1 0.0 0 0 0.004324672859917482
44 -0.1611330658197403 27 28 -0.047649372110005035
-1 0.0 0 0 0.014978927067695333
-1 0.0 0 0 -0.006283232541556303
nodes 29
9 -0.04694864898920059 1 28 0.0
2 0.37843969464302063 2 5 0.010729261337585238
40 0.040483489632606506 3 4 -0.0057185898035591425
-1 0.0 0 0 -0.0032613307755547725
-1 0.0 0 0 0.0020632200304057137
18 0.14302054047584534 6 25 0.031261975043119276
77 0.15717223286628723 7 18 0.03648880882545339
9 -0.17580099403858185 8 9 0.0425906617415682
-1 0.0 0 0 0.010922446268165633
6 0.8475961685180664 10 13 0.031494718380781654
8 48.5 11 12 -0.17952129262282202
-1 0.0 0 0 0.03608549866891866
-1 0.0 0 0 -0.027438358616975772
26 0.1587299406528473 14 17 0.03694301114629745
108 -0.051442041993141174 15 16 0.02840431665195208
-1 0.0 0 0 -0.003753672164177738
-1 0.0 0 0 0.004449739451972458
-1 0.0 0 0 0.015495125423957671
73 0.01086083147674799 19 24 -0.09741296350039927
59 -0.057372577488422394 20 23 -0.19100237765857442
82 0.04022800922393799 21 22 -0.5793626621508827
-1 0.0 0 0 -0.014926061808235117
-1 0.0 0 0 -0.11658654495170623
-1 0.0 0 0 -0.012682419505179466
-1 0.0 0 0 0.011529025049545333
98 -0.1610860377550125 26 27 -0.16218410131650504
-1 0.0 0 0 0.04661719809389777
-1 0.0 0 0 -0.02119001869455103
-1 0.0 0 0 -0.0007757034677699456
nodes 29
101 -0.10652630776166916 1 10 0.0
107 -0.026770764961838722 2 3 -0.029060860402413815
-1 0.0 0 0 0.00135894893929377
53 0.08009985089302063 4 5 -0.07102472491708595
-1 0.0 0 0 -0.005594274669260095
4 0.939777135848999 6 7 -0.2571437384051325
-1 0.0 0 0 -0.038006102393555924
79 -0.08454222232103348 8 9 0.08588124447047703
-1 0.0 0 0 -0.03826874363439856
-1 0.0 0 0 0.036355157384201045
68 0.01891315169632435 11 14 0.002744135017501548
29 -0.09266924858093262 12 13 0.010422900013036772
-1 0.0 0 0 -0.0027127118101143034
-1 0.0 0 0 0.001627817168362714
6 1.0462595224380493 15 28 -0.012253293877659858
104 0.13408656418323517 16 27 -0.028092176337217667
100 0.03575923293828964 17 26 -0.039575069001306605
93 0.05068974941968918 18 21 -0.06917417379887436
43 0.08721140772104263 19 20 -0.046869861178636854
-1 0.0 0 0 -0.003742433564236745
-1 0.0 0 0 -0.028958488403284854
80 0.17642389237880707 22 25 -0.14888140501685745
61 -0.08759614080190659 23 24 -0.1309502786866401
-1 0.0 0 0 0.00210120641077659
-1 0.0 0 0 -0.017636431216542812
-1 0.0 0 0 -0.050769071418714395
-1 0.0 0 0 -0.00041735725981479726
-1 0.0 0 0 0.006178639849842853
-1 0.0 0 0 0.0013302439946351738
nodes 29
27 0.05962913855910301 1 2 0.0
-1 0.0 0 0 -0.0007628928048857961
34 0.14466936886310577 3 4 0.010384219093162847
-1 0.0 0 0 -0.0007318020299158282
25 0.010987426154315472 5 8 0.027794626888158338
72 -0.06349536776542664 6 7 -0.0011372374607173147
-1 0.0 0 0 -0.007890895467999311
-1 0.0 0 0 0.0014326033955166994
93 -0.2280115932226181 9 10 0.05246855632418315
-1 0.0 0 0 0.04160075213693015
59 0.10282732546329498 11 14 0.04893286674913644
84 -0.034888289868831635 12 13 0.02479430624694486
-1 0.0 0 0 -0.004807129300913533
-1 0.0 0 0 0.0048179139723592
2 0.31957384943962097 15 16 0.09503739421520403
-1 0.0 0 0 0.0004690498296156466
6 0.9544470310211182 17 18 0.13705528193250482
-1 0.0 0 0 -0.0026699748351273335
62 0.13200432062149048 19 26 0.16607607225984106
39 0.08909755945205688 20 25 0.18296732506194163
1 0.22529134154319763 21 24 0.13337202932452585
47 0.03240850195288658 22 23 0.5982279095210528
-1 0.0 0 0 0.09715175911619822
-1 0.0 0 0 0.004640838013880927
-1 0.0 0 0 0.011459330135060522
-1 0.0 0 0 0.028909836608603252
23 -0.09814964979887009 27 28 -0.13712191553786396
-1 0.0 0 0 -0.08251468963921071
-1 0.0 0 0 4.830806329846383e-05
nodes 29
8 82.5 1 24 0.0
41 0.23447780311107635 2 9 -0.0015093880100294924
52 -0.15406854450702667 3 8 -0.003701586529251907
2 0.3632267713546753 4 5 0.03733371206508112
-1 0.0 0 0 -0.0018362770906165027
60 0.07519259303808212 6 7 0.0776776253616838
-1 0.0 0 0 0.003952611451317712
-1 0.0 0 0 0.017080497212171888
-1 0.0 0 0 -0.0006318313749033294
20 -0.11512148380279541 10 11 0.038977600097435366
-1 0.0 0 0 -0.01172371551166806
98 -0.06160341203212738 12 15 0.054444407544377536
85 0.13144738972187042 13 14 0.12467088745926183
-1 0.0 0 0 0.00806207879668394
-1 0.0 0 0 0.030057761809900208
33 -0.08207187801599503 16 21 0.01991888509196642
72 -0.14270345866680145 17 18 0.09887775250174075
-1 0.0 0 0 -0.060409224021714183
7 0.492000013589859 19 20 0.11296276146332128
-1 0.0 0 0 0.015471370097553706
-1 0.0 0 0 -0.01149482495210096
46 -0.15747298300266266 22 23 -0.025973139557201843
-1 0.0 0 0 0.04964257130442664
-1 0.0 0 0 -0.003789625561976189
1 0.30726686120033264 25 28 0.05329773051934093
7 0.06400000303983688 26 27 0.08151877889549043
-1 0.0 0 0 0.015896766348101266
-1 0.0 0 0 0.0014488145282132356
-1 0.0 0 0 -0.006004910312257097
nodes 29
22 -0.03187309950590134 1 24 0.0
20 0.09072995185852051 2 11 0.011616085416432137
31 -0.10245200246572495 3 4 0.002297858958073035
-1 0.0 0 0 -0.005205570370794582
34 0.0751662626862526 5 8 0.009379506010565229
3 0.6027610301971436 6 7 -0.03308013315544904
-1 0.0 0 0 0.002965163300774156
-1 0.0 0 0 -0.0063312309619637285
38 0.15115544199943542 9 10 0.023468602402871398
-1 0.0 0 0 0.0029585766660443335
-1 0.0 0 0 -0.008066910398566515
33 0.05116606503725052 12 23 0.04942336066399862
2 0.2744106948375702 13 14 0.0668794716242402
-1 0.0 0 0 -0.0012718226296582556
19 -0.07560807466506958 15 22 0.09102388294550157
2 0.4122196137905121 16 17 0.17510380433376774
-1 0.0 0 0 0.023591580314255317
56 0.12366928905248642 18 21 -0.0008032965149581889
57 0.10329651087522507 19 20 0.0621959662922542
-1 0.0 0 0 -0.0026893598201914656
-1 0.0 0 0 0.05022984148934484
-1 0.0 0 0 -0.06460026431957196
-1 0.0 0 0 0.006031958935076493
-1 0.0 0 0 -0.0048163559830733445
7 0.004000000189989805 25 28 -0.00678213650046364
80 -0.18339063227176666 26 27 -0.07577931229776222
-1 0.0 0 0 -0.052219261813482624
-1 0.0 0 0 -0.006728031744639509
-1 0.0 0 0 -0.00031493136596715487
nodes 29
0 0.4964250326156616 1 28 0.0
19 0.05132602900266647 2 25 -0.0030896498694436398
106 -0.08968096971511841 3 6 0.0031606796486354245
70 0.05906260386109352 4 5 -0.04407055599012853
-1 0.0 0 0 -0.007868337276878568
-1 0.0 0 0 0.0023187612192398918
33 0.10046876221895218 7 14 0.00735254832500421
2 0.2647554874420166 8 9 0.010820299283844596
-1 0.0 0 0 -0.0021589224066364573
41 0.13378509879112244 10 13 0.016932733171390834
0 0.35219520330429077 11 12 0.0037770356138938474
-1 0.0 0 0 0.005133129043204945
-1 0.0 0 0 -0.0006646459188672481
-1 0.0 0 0 0.004677803008244902
2 0.43465113639831543 15 24 -0.045045869129261056
6 1.0696371793746948 16 23 -0.07249665546977303
60 0.009855996817350388 17 20 -0.11959161233632394
59 -0.04842763766646385 18 19 -0.20648820532960688
-1 0.0 0 0 -0.046873533316397084
-1 0.0 0 0 -0.016166998948724445
0 0.4169468879699707 21 22 -0.043038054304013855
-1 0.0 0 0 -0.015885482837538132
-1 0.0 0 0 0.005546206383706877
-1 0.0 0 0 0.0023421107104152393
-1 0.0 0 0 0.008469225430730212
59 0.2624282240867615 26 27 -0.02369054136085313
-1 0.0 0 0 -0.0020215710897077558
-1 0.0 0 0 -0.020377318917768936
-1 0.0 0 0 0.0026091025757519534
nodes 29
81 -0.06842956691980362 1 2 0.0
-1 0.0 0 0 0.0014244178570614406
6 0.9658477306365967 3 28 -0.0054966311203856035
79 0.21804077923297882 4 27 -0.0356384586649783
17 0.1361987441778183 5 26 -0.03381406759047039
14 0.07110090553760529 6 21 -0.024837466874446164
3 0.7162739634513855 7 8 -0.010063194787684858
-1 0.0 0 0 0.004170982246769541
8 60.5 9 10 -0.04363380143094625
-1 0.0 0 0 -0.001224982207568173
1 0.3463553190231323 11 12 -0.16038688880855342
-1 0.0 0 0 -0.03940544558862361
23 0.1482696682214737 13 20 -0.09620471521171073
34 0.17500528693199158 14 19 -0.06620410031890907
99 -0.04423442855477333 15 18 -0.15695531673954574
25 0.07116048783063889 16 17 -0.4474818527760605
-1 0.0 0 0 -0.021162358784339336
-1 0.0 0 0 -0.11678057429758278
-1 0.0 0 0 -0.00469073864226841
-1 0.0 0 0 0.01327925429167039
-1 0.0 0 0 -0.061469360303295695
15 -0.16447536647319794 22 23 -0.11645992299019044
-1 0.0 0 0 -0.059512756942686706
28 0.15239942073822021 24 25 -0.09605161248320035
-1 0.0 0 0 -0.0067950866298926845
-1 0.0 0 0 -0.04752538166103069
-1 0.0 0 0 -0.01711716576938048
-1 0.0 0 0 -0.0820050604408607
-1 0.0 0 0 -4.530816681065967e-05
nodes 29
35 0.013201560825109482 1 28 0.0
86 -0.02982540801167488 2 3 -0.009683805083264146
-1 0.0 0 0 -0.0031886887524212627
72 0.12925554811954498 4 27 0.0027059073015010308
1 0.34741273522377014 5 6 -0.005530920583602748
-1 0.0 0 0 0.0010850436105471503
9 -0.04694864898920059 7 8 -0.044793242575241705
-1 0.0 0 0 0.0007567402383053699
15 0.07279843837022781 9 26 -0.08717863885348802
23 0.059426914900541306 10 19 -0.11920834356221206
47 0.16008330881595612 11 12 -0.07831498163079123
-1 0.0 0 0 -0.006044130051928516
27 -0.026640884578227997 13 14 -0.40760318364661474
-1 0.0 0 0 -0.128454077264501
51 0.045869603753089905 15 18 -0.17772633992858883
19 -0.0379360057413578 16 17 -0.5574400885670912
-1 0.0 0 0 -0.11327871404189085
-1 0.0 0 0 -0.010994793712678884
-1 0.0 0 0 0.04453936578371587
53 0.04543404281139374 20 25 -0.2460581456222091
2 0.47846487164497375 21 22 -0.3039094026185942
-1 0.0 0 0 -0.026288970664972457
11 0.025144029408693314 23 24 -0.8516932592028752
-1 0.0 0 0 -0.13505430168339186
-1 0.0 0 0 -0.015330359851941467
-1 0.0 0 0 0.0072817982941865925
-1 0.0 0 0 0.004105539474654742
-1 0.0 0 0 0.006223433740153677
-1 0.0 0 0 0.0008081710904729941
nodes 29
26 -0.12060554325580597 1 2 0.0
-1 0.0 0 0 -0.003306022077869589
73 0.1647678017616272 3 24 0.002361570773654998
47 -0.0792015790939331 4 23 0.0039004456118146404
0 0.5076702833175659 5 14 -0.020246136397347302
44 0.1593344360589981 6 13 -0.02914290885307514
31 -0.15797059237957 7 8 -0.024750147106564088
-1 0.0 0 0 -0.015978974222715474
4 0.9455028176307678 9 10 -0.018332884666082967
-1 0.0 0 0 -0.003947967640822763
67 -0.12650252878665924 11 12 0.021546498529311585
-1 0.0 0 0 -0.013512464754253488
-1 0.0 0 0 0.00402838856622744
-1 0.0 0 0 -0.022381241639029922
1 0.4736008048057556 15 20 0.0769999082590212
98 0.1079866960644722 16 17 0.10542974475227038
-1 0.0 0 0 0.0067787216090049555
47 -0.1760009527206421 18 19 0.41932488045624405
-1 0.0 0 0 0.09907082583134375
-1 0.0 0 0 0.027795167356374263
50 -0.015194366686046124 21 22 -0.42496439232490957
-1 0.0 0 0 -0.09209799474477769
-1 0.0 0 0 -0.010700570314358442
-1 0.0 0 0 0.0008374535891738053
6 1.089808702468872 25 28 -0.06114837923870795
0 0.4826299548149109 26 27 -0.10520385127789533
-1 0.0 0 0 -0.015944890774337295
-1 0.0 0 0 0.00301094242320157
-1 0.0 0 0 0.005043532034214586
nodes 29
60 0.21695318818092346 1 20 0.0
98 -0.02247585728764534 2 9 -0.0011105138835052833
76 0.05743354186415672 3 4 0.007772303372997785
-1 0.0 0 0 -0.0005022767895697081
80 0.10528147965669632 5 8 0.027039827294391524
12 0.03161440044641495 6 7 0.040112105540739317
-1 0.0 0 0 0.00582778272556534
-1 0.0 0 0 -2.0534157473545465e-05
-1 0.0 0 0 -0.003993639794789356
75 -0.021779324859380722 10 13 -0.010633975560798186
6 1.089808702468872 11 12 -0.03816487681289214
-1 0.0 0 0 -0.0055833288910038205
-1 0.0 0 0 0.002137896161960662
17 0.11870267242193222 14 19 -0.0013554984972001932
33 0.03858942538499832 15 18 0.00410018149007817
53 0.16570807993412018 16 17 0.01364888332179408
-1 0.0 0 0 0.001552191720894179
-1 0.0 0 0 -0.0261115664021654
-1 0.0 0 0 -0.003391141639095081
-1 0.0 0 0 -0.006463558243474914
2 0.38486748933792114 21 24 0.06971307150109968
71 -0.1052989512681961 22 23 -0.03742713186588485
-1 0.0 0 0 -0.03479986858607235
-1 0.0 0 0 -6.978612587108238e-05
64 0.09471152722835541 25 26 0.16719630160479934
-1 0.0 0 0 0.020044422877694756
28 0.04922139272093773 27 28 -0.21950266673587837
-1 0.0 0 0 0.004013976123597887
-1 0.0 0 0 -0.08036981296725572
nodes 29
0 0.44269806146621704 1 20 0.0
6 1.0475746393203735 2 9 -0.006861868006619975
73 -0.06064920499920845 3 8 -0.022867049984414963
96 0.02048516646027565 4 7 0.008046754577933858
42 0.10471094399690628 5 6 0.021569594241948573
-1 0.0 0 0 0.0027979267693711927
-1 0.0 0 0 -0.016768113271097587
-1 0.0 0 0 -0.007414882271449217
-1 0.0 0 0 -0.00454742540082758
2 0.31009483337402344 10 11 0.012376928031401923
-1 0.0 0 0 -0.0005436873780811509
33 0.0784442350268364 12 19 0.041637621502414096
39 -0.003986125346273184 13 16 0.05730890662865987
42 -0.14689643681049347 14 15 -0.008271233350403855
-1 0.0 0 0 0.025686484642604864
-1 0.0 0 0 -0.003791175332541267
43 0.01702451892197132 17 18 0.08326751284576994
-1 0.0 0 0 0.010526900214150536
-1 0.0 0 0 -0.0035110732816121823
-1 0.0 0 0 -0.00824623650969879
60 0.07739464193582535 21 22 0.011557770447193914
-1 0.0 0 0 -9.664679214140019e-05
104 0.1318507194519043 23 28 0.04424336269348432
49 0.17922773957252502 24 27 0.029714266664405083
26 -0.13940824568271637 25 26 0.005907745849829942
-1 0.0 0 0 -0.02267514162925532
-1 0.0 0 0 0.001699668544693441
-1 0.0 0 0 0.011082764079064458
-1 0.0 0 0 0.014966648348048329
nodes 29
80 -0.10118664801120758 1 28 0.0
2 0.4084882438182831 2 7 -0.024514663454689122
18 -0.261996328830719 3 4 -0.04624342624541709
-1 0.0 0 0 0.03154500343223822
6 1.0572707653045654 5 6 -0.04999474348118657
-1 0.0 0 0 -0.008133448858625575
-1 0.0 0 0 -0.0005310654680105454
49 -0.10754616558551788 8 11 0.020963867531833158
46 -0.060222215950489044 9 10 -0.6096457554673662
-1 0.0 0 0 -0.1186399339981701
-1 0.0 0 0 -0.009944066147391614
33 0.2164202779531479 12 27 0.029480921425703268
93 0.15879492461681366 13 22 0.03454095725060737
45 0.0008621822926215827 14 19 0.04387488499341915
84 0.24254538118839264 15 18 -0.014116873726367047
58 -0.0781664103269577 16 17 -0.004904049769067438
-1 0.0 0 0 -0.025988294856888906
-1 0.0 0 0 0.002429837646782313
-1 0.0 0 0 -0.07612330260730926
28 0.19628728926181793 20 21 0.10026393859348198
-1 0.0 0 0 0.011360793729757764
-1 0.0 0 0 -0.041214561164379125
76 -0.03286495804786682 23 24 -0.2854663497750081
-1 0.0 0 0 -0.09343141391873361
96 -0.11595111340284348 25 26 -0.08582087610967648
-1 0.0 0 0 -0.05127477119950688
-1 0.0 0 0 0.024407713343812663
-1 0.0 0 0 -0.05984869728442924
-1 0.0 0 0 0.0003145827811701352
nodes 29
59 -0.18453744053840637 1 2 0.0
-1 0.0 0 0 -0.009845704755869659
7 0.800000011920929 3 28 0.0007790030440138998
88 -0.15642398595809937 4 19 0.0017633196176124937
56 -0.052232686430215836 5 12 -0.051388753456499285
54 -0.09122460335493088 6 9 -0.15209233441384554
87 0.052914708852767944 7 8 -0.4549716390464284
-1 0.0 0 0 -0.06376891628346022
-1 0.0 0 0 0.019215292437002065
93 -0.10890884697437286 10 11 -0.10559396229419549
-1 0.0 0 0 -0.03667343473639484
-1 0.0 0 0 -0.004761270640091129
30 -0.015676435083150864 13 16 -0.014519628376451646
24 0.028225399553775787 14 15 0.07238592361696575
-1 0.0 0 0 -0.0022164585283073533
-1 0.0 0 0 0.020625671626630024
49 -0.03634049743413925 17 18 -0.08541255025419878
-1 0.0 0 0 -0.04459510080476282
-1 0.0 0 0 -0.005597437942470894
30 -0.05749013274908066 20 21 0.003472364316480223
-1 0.0 0 0 -0.0014396493139750388
108 -0.042760446667671204 22 23 0.009174120017587727
-1 0.0 0 0 -0.0018202691976974496
89 -0.22251690924167633 24 25 0.016597054998877123
-1 0.0 0 0 0.009631691394814155
74 -0.028350958600640297 26 27 0.012569471265613695
-1 0.0 0 0 -0.00160896097366252
-1 0.0 0 0 0.0020906371737076986
-1 0.0 0 0 -0.008574471698595784
nodes 29
82 -0.18987973034381866 1 10 0.0
3 0.9061203598976135 2 9 -0.06159089294613658
77 0.18527701497077942 3 8 -0.08658418372461417
53 -0.07575440406799316 4 7 -0.09550237153005986
99 0.16717886924743652 5 6 -0.016494376686514062
-1 0.0 0 0 0.0004878748659776696
-1 0.0 0 0 -0.06030679278569382
-1 0.0 0 0 -0.01603987779897852
-1 0.0 0 0 0.04975571175320791
-1 0.0 0 0 0.012467376117450024
61 -0.08634474128484726 11 14 0.0012319561069739386
107 -0.10980828106403351 12 13 0.01935445471040442
-1 0.0 0 0 0.007230956608856371
-1 0.0 0 0 0.0007163282136039951
70 -0.06453125178813934 15 24 -0.00363017194653893
2 0.333871990442276 16 17 -0.0300585245569831
-1 0.0 0 0 0.0009846045295663392
52 0.03644036874175072 18 19 -0.06215305775122381
-1 0.0 0 0 -0.0031687889610699745
96 -0.1941172033548355 20 21 -0.1366341905400254
-1 0.0 0 0 0.017721979351668263
108 -0.010941589251160622 22 23 -0.16146053107576108
-1 0.0 0 0 -0.02895152764424777
-1 0.0 0 0 -0.010547589503122462
79 -0.10904671251773834 25 28 0.0020809200466814647
2 0.3388058543205261 26 27 0.031015937221127422
-1 0.0 0 0 -0.0012175128732332733
-1 0.0 0 0 0.0057536122779235505
-1 0.0 0 0 -0.000556445283588411
nodes 29
58 0.19926384091377258 1 10 0.0
87 -0.17980258166790009 2 9 -0.0020830182328564
107 -0.01736431010067463 3 4 -0.06786354296404319
-1 0.0 0 0 0.00045017565584002175
96 -0.13866886496543884 5 6 -0.1426805630167552
-1 0.0 0 0 0.004112724720679678
2 0.35278087854385376 7 8 -0.19845130885381582
-1 0.0 0 0 -0.0038228405988453016
-1 0.0 0 0 -0.02991947118155637
-1 0.0 0 0 -7.617135611951986e-05
89 -0.1034441813826561 11 18 0.03585902618545587
88 -0.048338863998651505 12 15 0.09630828664312945
39 0.14463667571544647 13 14 -0.06133928067254782
-1 0.0 0 0 0.0002811472676292961
-1 0.0 0 0 -0.06427054828964174
56 -0.05663295090198517 16 17 0.12513424727666042
-1 0.0 0 0 0.02517372937533008
-1 0.0 0 0 0.008448450692257036
27 0.17071005702018738 19 28 -0.0010989455002893807
4 0.9251276254653931 20 25 -0.01587709550945365
4 0.9083946347236633 21 22 -0.05860073174749892
-1 0.0 0 0 -0.0035212645882292805
88 -0.06826059520244598 23 24 -0.2579283379152857
-1 0.0 0 0 -0.07435402733219021
-1 0.0 0 0 -0.015786284819513448
22 -0.13300572335720062 26 27 0.04822527240115267
-1 0.0 0 0 -0.032148607278493446
-1 0.0 0 0 0.007256070271719892
-1 0.0 0 0 0.018632835461593857
nodes 29
78 0.03467060625553131 1 28 0.0
74 -0.028350958600640297 2 27 0.005666704673986706
1 0.40455102920532227 3 8 -0.01824021931116566
29 0.1587531417608261 4 5 -0.030074222524316404
-1 0.0 0 0 -0.004111051787622496
32 0.038995783776044846 6 7 0.055029114268774174
-1 0.0 0 0 -0.0017088715788293172
-1 0.0 0 0 0.016919610256758436
91 0.003041169373318553 9 12 0.04771322497801976
14 -0.011085052974522114 10 11 0.10747984499747343
-1 0.0 0 0 0.0012606036047243404
-1 0.0 0 0 0.020184630737577713
38 -0.020216980949044228 13 18 -0.042633073977425905
11 -0.01803620718419552 14 17 0.10139589207634951
66 -0.06214310973882675 15 16 -0.1027737169948973
-1 0.0 0 0 -0.05625125905312598
-1 0.0 0 0 0.005685783631633967
-1 0.0 0 0 0.026781985913442465
25 0.045496728271245956 19 20 -0.1547421070138781
-1 0.0 0 0 -0.002345332814361793
45 0.056987214833498 21 26 -0.3754594743899677
2 0.48786455392837524 22 25 -0.5183898751399939
9 0.05230637639760971 23 24 -0.39896388690834655
-1 0.0 0 0 -0.023322345355812176
-1 0.0 0 0 -0.09933433720263941
-1 0.0 0 0 -0.11537361325323581
-1 0.0 0 0 0.008541814435501489
-1 0.0 0 0 0.0012947037446754985
-1 0.0 0 0 -0.0013099703648760098
nodes 29
55 0.07033278793096542 1 26 0.0
14 0.02599596232175827 2 25 0.004137034548490668
49 0.24801526963710785 3 12 0.010938137970802175
74 -0.040170688182115555 4 5 0.005932484433264203
-1 0.0 0 0 -0.0024998265090229923
57 0.01270107738673687 6 7 0.013606138236818704
-1 0.0 0 0 -0.0003594975493716269
108 0.006853939034044743 8 9 0.029535014050262865
-1 0.0 0 0 -0.0004191809667294922
2 0.31493258476257324 10 11 0.0496067034177448
-1 0.0 0 0 0.0001776818724984427
-1 0.0 0 0 0.007065788677117663
2 0.31009483337402344 13 14 0.05680104429371718
-1 0.0 0 0 -0.0021846376201701393
84 0.14246729016304016 15 22 0.10196635805683159
98 -0.23923125863075256 16 17 0.07695884310284126
-1 0.0 0 0 -0.0448131062478448
42 -0.09261606633663177 18 21 0.08498825229936942
5 1.4207485914230347 19 20 0.1963624215242197
-1 0.0 0 0 0.016030465967413726
-1 0.0 0 0 0.06366160621776455
-1 0.0 0 0 0.004567125031870028
61 -0.012351462617516518 23 24 0.24033259097066345
-1 0.0 0 0 0.04142017360543021
-1 0.0 0 0 0.0067666692565804334
-1 0.0 0 0 -0.0015382093365629039
40 -0.0406675711274147 27 28 -0.017841580045795894
-1 0.0 0 0 -0.006160170096594225
-1 0.0 0 0 -0.00042611679983185215
nodes 29
0 0.4826299548149109 1 18 0.0
71 -0.04071974381804466 2 5 -0.0038183055475741125
25 0.15483230352401733 3 4 -0.020322423100734646
-1 0.0 0 0 -0.0025921513220502628
-1 0.0 0 0 0.006573573132094797
106 0.04006163775920868 6 17 0.0037241498136621025
74 -0.053105246275663376 7 16 -0.012144511722206026
25 0.10598962754011154 8 9 -0.06387421529914718
-1 0.0 0 0 -0.0038848933037335396
2 0.36406171321868896 10 11 -0.19226825900544905
-1 0.0 0 0 -0.003523426248029489
81 0.07807374745607376 12 13 -0.32786734799304507
-1 0.0 0 0 -0.023596078999552822
97 0.019306335598230362 14 15 -0.7124609445365002
-1 0.0 0 0 -0.11311921085630144
-1 0.0 0 0 -0.022394125317223373
-1 0.0 0 0 -0.0003581464221508483
-1 0.0 0 0 0.0017832171095821206
91 0.1597837209701538 19 20 0.019930329474765862
-1 0.0 0 0 0.002507723495118791
108 -0.019923236221075058 21 22 -0.1140016663091711
-1 0.0 0 0 0.010210490822265413
32 -0.06983581930398941 23 24 -0.19902720382988923
-1 0.0 0 0 0.009656755612619843
5 1.1480768918991089 25 28 -0.2991031727178437
28 0.08403538912534714 26 27 -0.5261537802460439
-1 0.0 0 0 -0.03295683124675774
-1 0.0 0 0 -0.11650565505260602
-1 0.0 0 0 -0.01303661091996184
nodes 29
98 0.08129584044218063 1 6 0.0
54 0.10916673392057419 2 3 0.003314140948253336
-1 0.0 0 0 -0.00011968083631147353
89 -0.04585501551628113 4 5 0.0282377981696617
-1 0.0 0 0 0.005843572646387179
-1 0.0 0 0 -0.00157575557417698
100 -0.07212582230567932 7 18 -0.02154253740581047
105 -0.17915983498096466 8 9 -0.09434859271275936
-1 0.0 0 0 -0.07338534052927143
6 1.0976545810699463 10 17 -0.08378853267015689
88 0.20491118729114532 11 16 -0.11781640532542405
25 0.2268354892730713 12 15 -0.13616374536416648
4 0.7170456647872925 13 14 -0.1452734064429156
-1 0.0 0 0 0.00744036680233537
-1 0.0 0 0 -0.017598904948000874
-1 0.0 0 0 0.055244381708854984
-1 0.0 0 0 0.031156231641458972
-1 0.0 0 0 0.01141815741354868
19 0.04458010941743851 19 22 -0.00798532443806634
42 -0.13151666522026062 20 21 0.010489131390722403
-1 0.0 0 0 0.009201749207868187
-1 0.0 0 0 -0.0004793736860788509
26 0.11554833501577377 23 28 -0.05732696381358376
94 0.15791350603103638 24 25 -0.07710668677569694
-1 0.0 0 0 -0.006717290812739575
40 -0.011533091776072979 26 27 -0.4810803518066126
-1 0.0 0 0 0.013286777550265902
-1 0.0 0 0 -0.07675894778842729
-1 0.0 0 0 0.01170135430640165
nodes 29
72 0.025483399629592896 1 6 0.0
5 1.3944270610809326 2 5 -0.008418811479102208
55 0.18370461463928223 3 4 -0.015524509100213843
-1 0.0 0 0 -0.0013125444482046588
-1 0.0 0 0 -0.016205141663985657
-1 0.0 0 0 0.0018348682114120518
44 0.06931786239147186 7 12 0.008485414096771789
24 -0.07589156925678253 8 11 0.01468049971139883
59 -0.07957004010677338 9 10 -0.020579395239421157
-1 0.0 0 0 -0.014015332508280435
-1 0.0 0 0 -0.0008768908473448457
-1 0.0 0 0 0.002143723796853792
2 0.4483833312988281 13 20 -0.02626082842889716
31 -0.15797059237957 14 15 -0.04158912437858522
-1 0.0 0 0 -0.030367678224574774
53 -0.03997822105884552 16 19 -0.033382214785124674
87 0.040293898433446884 17 18 -0.0010005823300944538
-1 0.0 0 0 0.004130406363577147
-1 0.0 0 0 -0.006514672470941497
-1 0.0 0 0 -0.008823022656892955
41 -0.10740414261817932 21 24 0.08013272838943292
54 0.006799003574997187 22 23 -0.45866543944608773
-1 0.0 0 0 -0.08755549614628157
-1 0.0 0 0 0.00851035023148617
101 0.1252174973487854 25 26 0.11200360215648938
-1 0.0 0 0 0.015308342594929856
91 -0.09918759763240814 27 28 -0.23032826278358698
-1 0.0 0 0 -0.08937318736517971
-1 0.0 0 0 -0.0033100162255200183
nodes 29
62 0.006904472131282091 1 2 0.0
-1 0.0 0 0 0.0007606321626460082
3 0.6525752544403076 3 18 -0.009408154599181453
2 0.43647414445877075 4 17 0.013809391191813281
53 -0.03308482840657234 5 16 0.010209573742254216
2 0.3568324148654938 6 7 0.032192239291717654
-1 0.0 0 0 0.0007394485181962294
6 0.776975691318512 8 9 0.1303754325690592
-1 0.0 0 0 -0.034725851116990544
14 -0.04852116480469704 10 13 0.14922591061545526
19 -0.03882525488734245 11 12 0.25996452980609297
-1 0.0 0 0 0.04769157135516836
-1 0.0 0 0 0.01307580470420524
39 0.013294272124767303 14 15 0.07567334023721484
-1 0.0 0 0 -0.007353599687893585
-1 0.0 0 0 0.017537649297069205
-1 0.0 0 0 -0.0030224230364394727
-1 0.0 0 0 0.02459489705066222
95 -0.0012771525653079152 19 24 -0.020597092203500127
11 0.10523980855941772 20 21 -0.05005199156076473
-1 0.0 0 0 -0.006345897883007186
58 -0.06492696702480316 22 23 0.04843567049353438
-1 0.0 0 0 -0.022230785232347748
-1 0.0 0 0 0.008671232310668403
10 -0.0678500384092331 25 26 -0.005756580348870348
-1 0.0 0 0 -0.005015658916292383
22 0.11335009336471558 27 28 0.00792010468227132
-1 0.0 0 0 0.0017609447153539997
-1 0.0 0 0 -0.0084238226691132
end
