vecsearch-termination-model 1
kind gbdt
checkpoint 1000
query_dim 100
bias 7.7813187078394295
trees 200
nodes 29
6 1.1043202877044678 1 14 0.0
2 0.3757968544960022 2 9 1.0261054023630316
1 0.29500922560691833 3 6 0.2033510566892041
2 0.3073822259902954 4 5 -0.1952976767538569
-1 0.0 0 0 -0.047572964388792105
-1 0.0 0 0 -0.0032148605504888415
4 0.7641242742538452 7 8 0.6328122459124057
-1 0.0 0 0 0.011957944619391335
-1 0.0 0 0 0.07454178406761038
1 0.36402803659439087 10 13 1.627378957353099
4 0.7739970088005066 11 12 1.2232733931946596
-1 0.0 0 0 0.05819411757306634
-1 0.0 0 0 0.13355768588140537
-1 0.0 0 0 0.1902111222024282
7 0.6340000033378601 15 24 -1.44239296992749
2 0.3594459891319275 16 21 -0.9054489718957416
6 1.138213038444519 17 18 -1.0876924439871596
-1 0.0 0 0 -0.07678132008220723
7 0.42500001192092896 19 20 -1.335794587746235
-1 0.0 0 0 -0.10642745580811507
-1 0.0 0 0 -0.1536052981436036
2 0.3896554410457611 22 23 -0.1319613729419236
-1 0.0 0 0 -0.03988453917034281
-1 0.0 0 0 0.04760223574695586
7 0.7960000038146973 25 28 -2.2607035781367832
6 1.1560472249984741 26 27 -1.920871070451979
-1 0.0 0 0 -0.14018425251971375
-1 0.0 0 0 -0.20685774664324127
-1 0.0 0 0 -0.27715629034145944
nodes 29
6 1.1066855192184448 1 16 0.0
1 0.3321366012096405 2 11 0.9019196086199291
2 0.3406869173049927 3 6 0.21536312722372247
1 0.268935889005661 4 5 -0.20270231947608777
-1 0.0 0 0 -0.04389283071653981
-1 0.0 0 0 0.005654281368929132
4 0.7468901872634888 7 8 0.5471075849928115
-1 0.0 0 0 -0.0036331916587355817
2 0.39270904660224915 9 10 0.6597855918271944
-1 0.0 0 0 0.05451565045628364
-1 0.0 0 0 0.11695607881430228
2 0.4082120954990387 12 15 1.5110086265925913
4 0.7619710564613342 13 14 1.1884401769277126
-1 0.0 0 0 0.05270665183899388
-1 0.0 0 0 0.1253169893131175
-1 0.0 0 0 0.1739654581337735
7 0.6449999809265137 17 24 -1.3309968347660903
6 1.1406861543655396 18 21 -0.8611979817459506
2 0.3657405972480774 19 20 -0.5235845722557427
-1 0.0 0 0 -0.07121018132083705
-1 0.0 0 0 0.012606406106427917
7 0.414000004529953 22 23 -1.1795655901590143
-1 0.0 0 0 -0.09056523297238515
-1 0.0 0 0 -0.1357002450822873
7 0.828000009059906 25 28 -2.0661071995495877
6 1.1560472249984741 26 27 -1.8242801961254764
-1 0.0 0 0 -0.1311084410671248
-1 0.0 0 0 -0.19444748496137557
-1 0.0 0 0 -0.26431435538821585
nodes 29
6 1.1011730432510376 1 14 0.0
1 0.32845109701156616 2 9 0.8605846287057716
2 0.3470698595046997 3 6 0.21110613202784753
1 0.2749198377132416 4 5 -0.09316138750291798
-1 0.0 0 0 -0.03284040459068466
-1 0.0 0 0 0.01604418581758586
4 0.7700183391571045 7 8 0.5519586070604471
-1 0.0 0 0 0.010361652254572666
-1 0.0 0 0 0.06848828827078211
1 0.3682096004486084 10 13 1.3501523571333836
4 0.8029528856277466 11 12 1.056792760552555
-1 0.0 0 0 0.06879926723192661
-1 0.0 0 0 0.11485035478504278
-1 0.0 0 0 0.15698516202505003
7 0.5979999899864197 15 22 -1.1344187994614332
2 0.3568562865257263 16 19 -0.6559998838842815
6 1.1290810108184814 17 18 -0.8286058102019078
-1 0.0 0 0 -0.054315692432675915
-1 0.0 0 0 -0.1005199551617402
2 0.3974915146827698 20 21 -0.06669349823259528
-1 0.0 0 0 -0.024367233152314968
-1 0.0 0 0 0.06358300066752506
7 0.7770000100135803 23 26 -1.762215404963376
6 1.1517301797866821 24 25 -1.4542982269339149
-1 0.0 0 0 -0.10238635544636299
-1 0.0 0 0 -0.1590175870952346
7 0.8640000224113464 27 28 -2.197634520065078
-1 0.0 0 0 -0.19935997089380694
-1 0.0 0 0 -0.258041810134206
nodes 29
6 1.0988136529922485 1 14 0.0
2 0.37863266468048096 2 9 0.7934383830664443
1 0.29868900775909424 3 8 0.2083507127689721
4 0.7372388243675232 4 5 -0.09514292110428017
-1 0.0 0 0 -0.0434806573476092
7 0.47999998927116394 6 7 0.00665972999043678
-1 0.0 0 0 0.008112215707475738
-1 0.0 0 0 -0.05837259360189559
-1 0.0 0 0 0.05368276215210104
2 0.41414549946784973 10 13 1.229434955329232
3 0.6774056553840637 11 12 0.991254458064994
-1 0.0 0 0 0.057408077758918236
-1 0.0 0 0 0.11206711357833082
-1 0.0 0 0 0.14349005667104073
7 0.5680000185966492 15 22 -0.9970934756781361
2 0.3694188594818115 16 19 -0.5317497730693235
6 1.123824119567871 17 18 -0.6641050430601928
-1 0.0 0 0 -0.03818769578469833
-1 0.0 0 0 -0.08314998441405909
2 0.41414549946784973 20 21 0.13934121351801848
-1 0.0 0 0 0.0017550783449064714
-1 0.0 0 0 0.10529009621777947
7 0.7710000276565552 23 26 -1.5415820695288882
2 0.3671664893627167 24 25 -1.2645402091148434
-1 0.0 0 0 -0.1326585522631354
-1 0.0 0 0 -0.037676746447064424
7 0.8889999985694885 27 28 -1.961926154585109
-1 0.0 0 0 -0.1838120396336935
-1 0.0 0 0 -0.24979839383272037
nodes 29
6 1.112533688545227 1 16 0.0
2 0.37153810262680054 2 9 0.6236238691252114
1 0.29130876064300537 3 6 0.0420872624791485
7 0.414000004529953 4 5 -0.2120280347508341
-1 0.0 0 0 -0.011982375488897514
-1 0.0 0 0 -0.05831494263136153
6 1.0816025733947754 7 8 0.3353492516464067
-1 0.0 0 0 0.04877568915638691
-1 0.0 0 0 0.0029695729791936174
1 0.35453909635543823 10 13 1.036698778352697
4 0.7619710564613342 11 12 0.6954307188736197
-1 0.0 0 0 0.0191889766171944
-1 0.0 0 0 0.07826456285033609
2 0.4221988320350647 14 15 1.222751632852967
-1 0.0 0 0 0.10764545968233474
-1 0.0 0 0 0.1343844190756483
7 0.6809999942779541 17 24 -1.0328796217118394
7 0.3790000081062317 18 21 -0.7203438498968192
2 0.38441747426986694 19 20 -0.4319008539715371
-1 0.0 0 0 -0.0497697423731722
-1 0.0 0 0 0.028962560762194646
2 0.3406869173049927 22 23 -0.9193396475334887
-1 0.0 0 0 -0.1021962262850828
-1 0.0 0 0 -0.05654784725877058
7 0.8420000076293945 25 28 -1.592224857790118
6 1.1876087188720703 26 27 -1.4300893063604616
-1 0.0 0 0 -0.11435637340695987
-1 0.0 0 0 -0.15494539982410716
-1 0.0 0 0 -0.20037702886738368
nodes 29
6 1.0988136529922485 1 14 0.0
2 0.36791354417800903 2 7 0.6449937968782853
1 0.2786099314689636 3 4 0.08479659393876039
-1 0.0 0 0 -0.019947033047782923
4 0.7795849442481995 5 6 0.277230930090522
-1 0.0 0 0 -0.005528198064465577
-1 0.0 0 0 0.03825410666620716
1 0.35347890853881836 8 11 0.9485367063537817
4 0.8121904730796814 9 10 0.6564284156798957
-1 0.0 0 0 0.03779221453060221
-1 0.0 0 0 0.07789380381015346
4 0.8318280577659607 12 13 1.104776345401061
-1 0.0 0 0 0.08262934803518136
-1 0.0 0 0 0.11571685269296395
6 1.1681981682777405 15 22 -0.810547008611653
2 0.3533935248851776 16 19 -0.4364394791891666
7 0.414000004529953 17 18 -0.6029413028139693
-1 0.0 0 0 -0.040176454453811614
-1 0.0 0 0 -0.08310527166977777
2 0.3982846438884735 20 21 -0.028897224851713525
-1 0.0 0 0 -0.01560924922768566
-1 0.0 0 0 0.053336256220593285
7 0.7409999966621399 23 26 -1.2653308267540986
7 0.5090000033378601 24 25 -0.9960890876197914
-1 0.0 0 0 -0.07660254925769297
-1 0.0 0 0 -0.11087050806496218
7 0.871999979019165 27 28 -1.613403633382275
-1 0.0 0 0 -0.1493333621403998
-1 0.0 0 0 -0.19694112188978663
nodes 29
6 1.1143425703048706 1 18 0.0
1 0.32845109701156616 2 11 0.49912588141331826
2 0.334133043885231 3 6 0.07073651308566162
1 0.24544605612754822 4 5 -0.20931189184452803
-1 0.0 0 0 -0.04382341901294892
-1 0.0 0 0 -0.00772345256259812
4 0.7468901872634888 7 8 0.26664869206072683
-1 0.0 0 0 -0.01276820193533797
6 1.0816025733947754 9 10 0.35231070572561346
-1 0.0 0 0 0.048361271302088456
-1 0.0 0 0 0.012084041709566149
2 0.4023624062538147 12 15 0.8801585844727692
6 1.0822395086288452 13 14 0.6426641502204355
-1 0.0 0 0 0.07317036292414958
-1 0.0 0 0 0.028884285664728383
4 0.7867006063461304 16 17 1.0222553883213579
-1 0.0 0 0 0.05296794751715355
-1 0.0 0 0 0.10474413965502855
7 0.6990000009536743 19 26 -0.8549131870676211
7 0.3790000081062317 20 23 -0.6143313152509937
1 0.2941070795059204 21 22 -0.36697444174695343
-1 0.0 0 0 -0.04669044791424489
-1 0.0 0 0 -0.002669624398661146
2 0.37221404910087585 24 25 -0.7681078702161039
-1 0.0 0 0 -0.08078588362565889
-1 0.0 0 0 -0.02167639294102458
7 0.8560000061988831 27 28 -1.3303275173262818
-1 0.0 0 0 -0.1211372513364305
-1 0.0 0 0 -0.1690363631398455
nodes 29
6 1.1143425703048706 1 18 0.0
2 0.381452351808548 2 13 0.4492132935712671
1 0.3094746172428131 3 10 0.07642047000950014
7 0.414000004529953 4 9 -0.09428133393240182
4 0.699729859828949 5 6 -0.019241374017429546
-1 0.0 0 0 -0.040145984386330526
6 1.0828765630722046 7 8 0.05080125542827643
-1 0.0 0 0 0.01670997173109161
-1 0.0 0 0 -0.010395734609946193
-1 0.0 0 0 -0.042928844154628026
6 1.084860920906067 11 12 0.388734066333974
-1 0.0 0 0 0.048336196535748936
-1 0.0 0 0 0.009679168987466461
2 0.4221988320350647 14 17 0.8107019641303188
3 0.7297372221946716 15 16 0.6687646240596692
-1 0.0 0 0 0.04473179343603173
-1 0.0 0 0 0.08063652722650543
-1 0.0 0 0 0.09934257797585899
7 0.675000011920929 19 24 -0.7694218679113477
6 1.150236964225769 20 23 -0.5337221833422776
2 0.35056087374687195 21 22 -0.3530705761954574
-1 0.0 0 0 -0.04740446598878837
-1 0.0 0 0 -0.007319559128560216
-1 0.0 0 0 -0.07056956686302182
7 0.828000009059906 25 28 -1.1641358948924923
2 0.3568562865257263 26 27 -1.0259486419826778
-1 0.0 0 0 -0.10673811206466798
-1 0.0 0 0 -0.039832331703538885
-1 0.0 0 0 -0.14376427015596482
nodes 29
6 1.0951415300369263 1 14 0.0
2 0.3829681873321533 2 9 0.49192717020264815
1 0.3140110969543457 3 8 0.1630785349999523
4 0.7372388243675232 4 5 0.009296249943655252
-1 0.0 0 0 -0.027243963563089113
7 0.5630000233650208 6 7 0.08458996018750614
-1 0.0 0 0 0.012062058037057063
-1 0.0 0 0 -0.05832947066205183
-1 0.0 0 0 0.042798283099126117
4 0.8318280577659607 10 11 0.7587334952137023
-1 0.0 0 0 0.049467768968084073
2 0.4232085645198822 12 13 0.8287571662168502
-1 0.0 0 0 0.07360100505475385
-1 0.0 0 0 0.09195935848055041
6 1.1607387065887451 15 22 -0.5711474928681127
2 0.3568562865257263 16 19 -0.27363139834064215
7 0.35499998927116394 17 18 -0.4050960905921492
-1 0.0 0 0 -0.02441709543622282
-1 0.0 0 0 -0.05518091121544825
2 0.4091390520334244 20 21 0.05326782230168841
-1 0.0 0 0 -0.003318162364681517
-1 0.0 0 0 0.06474636807877364
7 0.7409999966621399 23 26 -0.9119501927659098
7 0.49799999594688416 24 25 -0.7184582359226197
-1 0.0 0 0 -0.05333477651622176
-1 0.0 0 0 -0.08109035221042223
7 0.8980000019073486 27 28 -1.1849499109948398
-1 0.0 0 0 -0.11218060182272221
-1 0.0 0 0 -0.1617754450798872
nodes 29
6 1.1198477745056152 1 18 0.0
1 0.3213159441947937 2 11 0.3472828712517608
2 0.331892192363739 3 6 0.0034723291165289225
1 0.24211859703063965 4 5 -0.189324316960235
-1 0.0 0 0 -0.03897179854804994
-1 0.0 0 0 -0.007507149250222865
2 0.3974915146827698 7 10 0.1542361313761392
4 0.8029528856277466 8 9 0.09584903010604451
-1 0.0 0 0 -0.009030507903099385
-1 0.0 0 0 0.02085294817906072
-1 0.0 0 0 0.05863971385570105
2 0.39506009221076965 12 15 0.6205147838308003
6 1.0791484117507935 13 14 0.4113328352564544
-1 0.0 0 0 0.04989020081451119
-1 0.0 0 0 0.018148897795969877
4 0.7576608061790466 16 17 0.7306358757243894
-1 0.0 0 0 0.011981102990979577
-1 0.0 0 0 0.07480865124002732
7 0.7110000252723694 19 24 -0.659071619144264
7 0.46299999952316284 20 23 -0.48736752295748836
2 0.40152427554130554 21 22 -0.3325988725599553
-1 0.0 0 0 -0.035231800461474616
-1 0.0 0 0 0.047390601491649066
-1 0.0 0 0 -0.06265990071748496
7 0.8889999985694885 25 28 -0.9984367531894569
2 0.3757968544960022 26 27 -0.9384929570513136
-1 0.0 0 0 -0.09562985457867285
-1 0.0 0 0 0.0013576684952587696
-1 0.0 0 0 -0.13966263601005116
nodes 29
6 1.0908663272857666 1 12 0.0
1 0.3377564251422882 2 9 0.4215720490604163
2 0.3470698595046997 3 6 0.16350280916245513
3 0.6194266676902771 4 5 -0.009035785412906124
-1 0.0 0 0 -0.02554975861549267
-1 0.0 0 0 0.00797693720254338
4 0.7916994690895081 7 8 0.3024423469877441
-1 0.0 0 0 0.006654028020054957
-1 0.0 0 0 0.039191024032679156
4 0.8318280577659607 10 11 0.6347736417117925
-1 0.0 0 0 0.04303741669016595
-1 0.0 0 0 0.06805336563891154
6 1.1431140899658203 13 22 -0.4453785118120891
2 0.3621513843536377 14 17 -0.15498785856414457
2 0.3142848312854767 15 16 -0.2689008645611106
-1 0.0 0 0 -0.03968046346325595
-1 0.0 0 0 -0.015807086484870263
4 0.7238520979881287 18 19 0.12989278039584815
-1 0.0 0 0 -0.03543420066029692
2 0.4099505841732025 20 21 0.2053681880001171
-1 0.0 0 0 0.011922511166068787
-1 0.0 0 0 0.05946040863849709
7 0.7350000143051147 23 26 -0.6924327202330112
7 0.5260000228881836 24 25 -0.5425550121202345
-1 0.0 0 0 -0.041417175924040074
-1 0.0 0 0 -0.06498210995141773
7 0.9089999794960022 27 28 -0.9474791152518636
-1 0.0 0 0 -0.0907836472933389
-1 0.0 0 0 -0.14091689781962818
nodes 29
6 1.0901503562927246 1 14 0.0
2 0.39270904660224915 2 11 0.3825405089910623
1 0.30319657921791077 3 8 0.17122691902872808
7 0.5740000009536743 4 7 -0.0005920954557645759
4 0.699729859828949 5 6 0.029197357498241823
-1 0.0 0 0 -0.027678641029785886
-1 0.0 0 0 0.008299599496181418
-1 0.0 0 0 -0.0667577947095968
4 0.8318280577659607 9 10 0.31423619768477684
-1 0.0 0 0 0.014033439212130945
-1 0.0 0 0 0.040549926135324446
4 0.8107221126556396 12 13 0.5981331258791248
-1 0.0 0 0 0.03739134566087903
-1 0.0 0 0 0.06289819033489467
6 1.176249384880066 15 26 -0.39785180612780485
1 0.30319657921791077 16 21 -0.20869802666942391
7 0.35499998927116394 17 18 -0.3015319137449529
-1 0.0 0 0 -0.016501883148651596
2 0.3091345429420471 19 20 -0.4137194132063237
-1 0.0 0 0 -0.05282129942992484
-1 0.0 0 0 -0.031124926689759913
4 0.7238520979881287 22 23 0.09029959417091309
-1 0.0 0 0 -0.0317772697687062
2 0.39506009221076965 24 25 0.1520128303661144
-1 0.0 0 0 0.006306510145659311
-1 0.0 0 0 0.04134568120231992
7 0.7900000214576721 27 28 -0.7117705194951184
-1 0.0 0 0 -0.059479928242167274
-1 0.0 0 0 -0.0943537048597777
nodes 29
6 1.1198477745056152 1 20 0.0
2 0.36500078439712524 2 11 0.2550980018919221
1 0.2621214687824249 3 6 -0.028947626400381506
7 0.5210000276565552 4 5 -0.2133154664381664
-1 0.0 0 0 -0.01639459398192265
-1 0.0 0 0 -0.049294031713058684
4 0.759864330291748 7 8 0.06929709603846931
-1 0.0 0 0 -0.015260423559835194
6 1.0785142183303833 9 10 0.13091651234261611
-1 0.0 0 0 0.02410543155579688
-1 0.0 0 0 0.0003891760920123218
2 0.41414549946784973 12 17 0.43683514295439985
49 0.03852136805653572 13 14 0.32071512992031753
-1 0.0 0 0 0.0005301229449245973
3 0.6849653124809265 15 16 0.38064979291288487
-1 0.0 0 0 0.02052832670055466
-1 0.0 0 0 0.04500435344007184
21 -0.08486471325159073 18 19 0.5857360500046183
-1 0.0 0 0 -0.0025769808159342832
-1 0.0 0 0 0.05982164891181169
7 0.5680000185966492 21 24 -0.4841236557169588
7 0.21899999678134918 22 23 -0.2817622354092714
-1 0.0 0 0 -0.008651748313962551
-1 0.0 0 0 -0.03408979846652004
7 0.8149999976158142 25 28 -0.6442669204901469
2 0.3224964439868927 26 27 -0.5625074653846281
-1 0.0 0 0 -0.06204932105478317
-1 0.0 0 0 -0.03810437616969309
-1 0.0 0 0 -0.08565728393862548
nodes 29
6 1.0901503562927246 1 14 0.0
2 0.39270904660224915 2 11 0.311763117514835
3 0.6499269008636475 3 6 0.13910027203942993
7 0.5860000252723694 4 5 -0.07010099791790514
-1 0.0 0 0 -0.004667975962289947
-1 0.0 0 0 -0.07552476082988435
2 0.3568562865257263 7 8 0.21797173547897933
-1 0.0 0 0 0.009476606758842872
58 0.04574652388691902 9 10 0.32738006057536445
-1 0.0 0 0 0.019628925568299593
-1 0.0 0 0 0.04350592098579317
8 76.5 12 13 0.4879223257418918
-1 0.0 0 0 0.05121650955374596
-1 0.0 0 0 0.024594825663791484
6 1.1418253183364868 15 22 -0.32424152864809114
2 0.3326716423034668 16 17 -0.10554767434819935
-1 0.0 0 0 -0.02532975071428825
4 0.7209718823432922 18 19 0.02374737268763111
-1 0.0 0 0 -0.02965410641894547
2 0.3859165906906128 20 21 0.08097114225821585
-1 0.0 0 0 0.0002715044403231575
-1 0.0 0 0 0.02864004113226979
7 0.7110000252723694 23 26 -0.5075635013911153
7 0.2619999945163727 24 25 -0.38474437023719216
-1 0.0 0 0 -0.016307180909042675
-1 0.0 0 0 -0.04210042459147501
7 0.8790000081062317 27 28 -0.6810794183145096
-1 0.0 0 0 -0.06284042191740628
-1 0.0 0 0 -0.09322488438610245
nodes 29
1 0.29130876064300537 1 12 0.0
7 0.5260000228881836 2 9 -0.2912239349934136
6 1.0842121839523315 3 6 -0.11374080129485963
4 0.7576608061790466 4 5 0.0658567315368091
-1 0.0 0 0 -0.015254317233830828
-1 0.0 0 0 0.014926071640721524
7 0.2280000001192093 7 8 -0.1940061045107894
-1 0.0 0 0 -0.008090707622949776
-1 0.0 0 0 -0.025513374351344875
7 0.7590000033378601 10 11 -0.5115542103360458
-1 0.0 0 0 -0.04207228307660734
-1 0.0 0 0 -0.06492786762882788
1 0.3445521593093872 13 20 0.284453963110643
6 1.0791484117507935 14 17 0.11804593387796702
49 0.09204859286546707 15 16 0.2296969086348687
-1 0.0 0 0 0.0066764204532331175
-1 0.0 0 0 0.02892004031292362
7 0.2770000100135803 18 19 -0.012969256758894177
-1 0.0 0 0 0.009094333813729141
-1 0.0 0 0 -0.012768257774300254
4 0.729356586933136 21 22 0.42039300074657365
-1 0.0 0 0 -0.02440737422245244
21 -0.09535784274339676 23 24 0.4315305348914661
-1 0.0 0 0 -0.017546719265098137
1 0.388459175825119 25 28 0.4406654254460748
49 0.02645791694521904 26 27 0.3819075682594666
-1 0.0 0 0 0.0159960752271729
-1 0.0 0 0 0.04149310263897006
-1 0.0 0 0 0.05185836737242292
nodes 29
2 0.3568562865257263 1 14 0.0
7 0.49799999594688416 2 9 -0.2480236901361164
1 0.268935889005661 3 6 -0.08298809631762327
7 0.1809999942779541 4 5 -0.18389163611220807
-1 0.0 0 0 -0.007112585017081188
-1 0.0 0 0 -0.02440185972339363
4 0.7641242742538452 7 8 0.031983512667506424
-1 0.0 0 0 -0.01413555876964997
-1 0.0 0 0 0.009427671351388351
7 0.7289999723434448 10 11 -0.45541135629794766
-1 0.0 0 0 -0.035979047072296995
7 0.9240000247955322 12 13 -0.5729352550997773
-1 0.0 0 0 -0.05526377317639103
-1 0.0 0 0 -0.11136118753877267
4 0.7758975028991699 15 18 0.27468166340348615
4 0.699729859828949 16 17 -0.04400064590420805
-1 0.0 0 0 -0.032493551412300994
-1 0.0 0 0 0.005393637065540206
2 0.3982846438884735 19 26 0.32796392194195556
49 0.11900600790977478 20 23 0.20624639219068377
43 -0.01887238398194313 21 22 0.06702024699837236
-1 0.0 0 0 0.014459465850418438
-1 0.0 0 0 -0.015477022071617205
34 0.08758729696273804 24 25 0.3139597327321126
-1 0.0 0 0 0.010587331568589976
-1 0.0 0 0 0.03739739496398466
21 -0.09535784274339676 27 28 0.41611078853381944
-1 0.0 0 0 -0.012493996079673525
-1 0.0 0 0 0.04248550901758036
nodes 29
6 1.123824119567871 1 22 0.0
2 0.3621513843536377 2 11 0.16519126163185693
1 0.24544605612754822 3 4 -0.03184623799964531
-1 0.0 0 0 -0.020005787157077792
96 -0.02897018939256668 5 10 0.02784204916101041
43 -0.026029027998447418 6 9 0.07946033762358579
6 1.076109766960144 7 8 0.1213012731603765
-1 0.0 0 0 0.021493292072118416
-1 0.0 0 0 0.003402042889183592
-1 0.0 0 0 -0.012000314025658964
-1 0.0 0 0 -0.012578121432716525
4 0.8121904730796814 12 15 0.28619009974138654
4 0.7064749002456665 13 14 0.09867713186193151
-1 0.0 0 0 -0.02486819368934868
-1 0.0 0 0 0.014787411286501405
89 -0.050597745925188065 16 17 0.33358994926445357
-1 0.0 0 0 0.03981365921877108
21 -0.045464612543582916 18 19 0.24076559385923132
-1 0.0 0 0 -0.017117805410165794
2 0.4221988320350647 20 21 0.26514475383822805
-1 0.0 0 0 0.019570709269756455
-1 0.0 0 0 0.03756341395838439
6 1.2032853364944458 23 26 -0.3362848971609172
2 0.3896554410457611 24 25 -0.23021053583478487
-1 0.0 0 0 -0.02469799338823742
-1 0.0 0 0 0.020656482020932274
7 0.8489999771118164 27 28 -0.4777273975224044
-1 0.0 0 0 -0.04263934371035307
-1 0.0 0 0 -0.06647755157986754
nodes 29
6 1.0867522954940796 1 14 0.0
2 0.39270904660224915 2 9 0.21803963749101996
4 0.8331456780433655 3 6 0.10318015409431121
4 0.699729859828949 4 5 -0.015523931804036105
-1 0.0 0 0 -0.01958692928226405
-1 0.0 0 0 0.003430864626325662
8 44.5 7 8 0.1845647388268708
-1 0.0 0 0 0.000349390654092013
-1 0.0 0 0 0.023846595778878665
89 -0.09288651496171951 10 11 0.3303411270672259
-1 0.0 0 0 0.04040381314048207
21 -0.10869596153497696 12 13 0.27486381915592567
-1 0.0 0 0 -0.029189829803444447
-1 0.0 0 0 0.028506398683986436
6 1.1850559711456299 15 26 -0.20965678743536786
2 0.3311530351638794 16 19 -0.11189312325010957
7 0.20600000023841858 17 18 -0.21330516354562865
-1 0.0 0 0 -0.006682904245876288
-1 0.0 0 0 -0.02550225611588149
49 0.03852136805653572 20 21 -0.008887345348622872
-1 0.0 0 0 -0.018660486743992104
2 0.39423733949661255 22 25 0.04795897994913954
43 -0.051013484597206116 23 24 0.0033963106595218087
-1 0.0 0 0 0.007207860571211303
-1 0.0 0 0 -0.010046820438650628
-1 0.0 0 0 0.029630849465237565
7 0.8090000152587891 27 28 -0.4074684761242922
-1 0.0 0 0 -0.034763241629017255
-1 0.0 0 0 -0.054542807222487666
nodes 29
1 0.2814633250236511 1 14 0.0
7 0.5329999923706055 2 11 -0.2146779890414885
2 0.40152427554130554 3 10 -0.08975944247518397
4 0.6931215524673462 4 5 -0.10568144389605043
-1 0.0 0 0 -0.02411179603630034
2 0.3073822259902954 6 7 -0.06543105187302437
-1 0.0 0 0 -0.0146183418626879
49 0.05478651821613312 8 9 0.009822205942595618
-1 0.0 0 0 -0.017357395730650253
-1 0.0 0 0 0.005240328320761229
-1 0.0 0 0 0.03361907821722127
7 0.8640000224113464 12 13 -0.35790325644918525
-1 0.0 0 0 -0.03294486908349684
-1 0.0 0 0 -0.05530202778038153
6 1.0785142183303833 15 22 0.17634947684533417
4 0.8398009538650513 16 17 0.24970850141156278
-1 0.0 0 0 0.012720952282133971
58 0.07273389399051666 18 21 0.29624921928671594
2 0.38813161849975586 19 20 0.2430121134122782
-1 0.0 0 0 0.013407692169301065
-1 0.0 0 0 0.028670211049480622
-1 0.0 0 0 0.03640180405919575
4 0.7267070412635803 23 24 0.01648805971195551
-1 0.0 0 0 -0.020987569744691778
2 0.4213363826274872 25 28 0.05601164593334224
43 -0.0016037500463426113 26 27 0.030647198639383595
-1 0.0 0 0 0.00760584538150923
-1 0.0 0 0 -0.013589181931506353
-1 0.0 0 0 0.038112474010158284
nodes 29
2 0.34850990772247314 1 12 0.0
7 0.5450000166893005 2 7 -0.18432805795629198
7 0.27300000190734863 3 6 -0.07874185297039103
4 0.777703583240509 4 5 -0.009716417399190496
-1 0.0 0 0 -0.011010611614658926
-1 0.0 0 0 0.004085061823239003
-1 0.0 0 0 -0.01605184939759177
7 0.9089999794960022 8 11 -0.329196309655837
2 0.2935008406639099 9 10 -0.31538021399754973
-1 0.0 0 0 -0.03616194938278995
-1 0.0 0 0 -0.02372095369029404
-1 0.0 0 0 -0.06768207450321212
6 1.0773768424987793 13 20 0.16908872663494814
4 0.8463580012321472 14 17 0.23593717105358775
4 0.7238520979881287 15 16 0.12930779159336098
-1 0.0 0 0 -0.012205666802353394
-1 0.0 0 0 0.015974145547524524
89 -0.010332481935620308 18 19 0.2810926702518119
-1 0.0 0 0 0.03128567330094679
-1 0.0 0 0 0.018423315929124013
49 0.03852136805653572 21 24 0.02644684676718701
2 0.4213363826274872 22 23 -0.139475705238756
-1 0.0 0 0 -0.01798550085400221
-1 0.0 0 0 0.02673588856849094
2 0.39270904660224915 25 28 0.08359958622540989
41 0.03490940481424332 26 27 0.028396349316510156
-1 0.0 0 0 -0.009822922540801948
-1 0.0 0 0 0.010353213823346348
-1 0.0 0 0 0.02328118054024419
nodes 29
7 0.3499999940395355 1 18 0.0
2 0.3621513843536377 2 7 0.12328570856404687
1 0.22910290956497192 3 4 -0.008457486494578137
-1 0.0 0 0 -0.014391109702888611
4 0.7883746027946472 5 6 0.02679445733485264
-1 0.0 0 0 -0.007163790255678086
-1 0.0 0 0 0.007689234139618518
21 -0.08486471325159073 8 9 0.20537311102920586
-1 0.0 0 0 -0.02181439333102269
8 71.5 10 17 0.21674231874613228
58 0.04215164855122566 11 16 0.2477368294785203
2 0.41414549946784973 12 15 0.18383225031492614
34 0.07376856356859207 13 14 0.11482814029617289
-1 0.0 0 0 -0.00857394952079519
-1 0.0 0 0 0.016478752532294135
-1 0.0 0 0 0.026109197946270986
-1 0.0 0 0 0.02999771380205716
-1 0.0 0 0 0.008851103917808854
2 0.3099612891674042 19 24 -0.20784264475900577
7 0.7229999899864197 20 21 -0.29667694215067386
-1 0.0 0 0 -0.023503437806536746
7 0.9240000247955322 22 23 -0.3761681452975347
-1 0.0 0 0 -0.03590254375370478
-1 0.0 0 0 -0.07851988986217777
2 0.3904688358306885 25 28 -0.10044564221079927
49 0.044580474495887756 26 27 -0.13718519397578943
-1 0.0 0 0 -0.028355857909826532
-1 0.0 0 0 -0.008530549899605621
-1 0.0 0 0 0.012180482902668205
nodes 29
2 0.334133043885231 1 6 0.0
7 0.6100000143051147 2 5 -0.17754433554206797
7 0.1809999942779541 3 4 -0.10061626478323817
-1 0.0 0 0 -0.000139998745844429
-1 0.0 0 0 -0.014532886344605648
-1 0.0 0 0 -0.02960511857329487
6 1.0749385356903076 7 18 0.11836289059602376
4 0.8463580012321472 8 11 0.18935866015117203
49 0.07076451182365417 9 10 0.0961738212585997
-1 0.0 0 0 -0.0032463094737167544
-1 0.0 0 0 0.014679182171326036
6 0.9215871095657349 12 13 0.2306682314901446
-1 0.0 0 0 -0.005827575558541107
21 0.03245574235916138 14 15 0.24077125006229116
-1 0.0 0 0 0.010541442832313279
18 -0.0602766964584589 16 17 0.26099052633868
-1 0.0 0 0 0.03309303406195768
-1 0.0 0 0 0.021084235818994535
4 0.7267070412635803 19 20 0.005542910892999248
-1 0.0 0 0 -0.017210207687965173
43 0.025612203404307365 21 28 0.04331024830706868
2 0.3896554410457611 22 27 0.07797227492636778
41 0.06961523741483688 23 24 0.031252354247159886
-1 0.0 0 0 -0.0047625976836672395
34 0.07376856356859207 25 26 0.1058585432247344
-1 0.0 0 0 -0.007123900117830106
-1 0.0 0 0 0.01628807824726011
-1 0.0 0 0 0.02078796711707722
-1 0.0 0 0 -0.013647446858979444
nodes 29
7 0.32100000977516174 1 20 0.0
1 0.31851616501808167 2 13 0.10753417418526053
2 0.41849568486213684 3 12 0.009481700807697918
4 0.6931215524673462 4 5 -0.0006520918173544049
-1 0.0 0 0 -0.014046176608630466
96 0.0023810151033103466 6 11 0.02484109835120093
2 0.3073822259902954 7 8 0.051703970994669564
-1 0.0 0 0 -0.006648966567312527
43 -0.028187572956085205 9 10 0.09623183034679382
-1 0.0 0 0 0.013990844642950995
-1 0.0 0 0 -0.005672892654218122
-1 0.0 0 0 -0.010503807723840308
-1 0.0 0 0 0.040891271752019336
21 0.08532427251338959 14 17 0.18065824580824505
21 -0.10869596153497696 15 16 0.0951454408115015
-1 0.0 0 0 -0.027375302735708457
-1 0.0 0 0 0.011193706189740686
89 -0.09288651496171951 18 19 0.22184075912006207
-1 0.0 0 0 0.029681962049193152
-1 0.0 0 0 0.016649454280844644
1 0.24211859703063965 21 24 -0.16181976738377393
7 0.8560000061988831 22 23 -0.23467870909639443
-1 0.0 0 0 -0.021230422834809044
-1 0.0 0 0 -0.03844022225708321
2 0.41414549946784973 25 28 -0.06550646703562042
49 0.07780861854553223 26 27 -0.08644819689507822
-1 0.0 0 0 -0.01980212814254112
-1 0.0 0 0 -0.0031955391150730083
-1 0.0 0 0 0.02103960761498662
nodes 29
6 1.127000331878662 1 26 0.0
2 0.39270904660224915 2 19 0.08138675995849656
49 0.0696142390370369 3 6 0.015678153569863865
43 -0.07163594663143158 4 5 -0.13703192663510624
-1 0.0 0 0 -0.005572942154774047
-1 0.0 0 0 -0.024899769394626917
2 0.3142848312854767 7 10 0.04899605483058659
1 0.19874975085258484 8 9 -0.08083057306887942
-1 0.0 0 0 -0.025158956481803125
-1 0.0 0 0 -0.004281196782572421
96 -0.03463350608944893 11 16 0.09203643228422734
34 0.11998621001839638 12 13 0.15394159794507095
-1 0.0 0 0 0.00452877558972734
21 -0.05867210403084755 14 15 0.2106989084768736
-1 0.0 0 0 -0.027365306222265646
-1 0.0 0 0 0.022852890923886624
58 -0.041139714419841766 17 18 -0.03969253747372909
-1 0.0 0 0 -0.02294151410415288
-1 0.0 0 0 -0.0002737971643890842
49 -0.018195442855358124 20 21 0.17965769003384882
-1 0.0 0 0 -0.0026601439900313553
2 0.4352329969406128 22 25 0.19694065014645015
43 -0.005682202521711588 23 24 0.1607389568834324
-1 0.0 0 0 0.01957026209233746
-1 0.0 0 0 0.0046944336244126895
-1 0.0 0 0 0.027367731713231026
6 1.212748408317566 27 28 -0.17483651154658703
-1 0.0 0 0 -0.012253362456779455
-1 0.0 0 0 -0.025091233579523947
nodes 29
7 0.32100000977516174 1 20 0.0
2 0.3671664893627167 2 7 0.08903108412987729
4 0.7932788729667664 3 4 0.003706462448556999
-1 0.0 0 0 -0.0071694633252905315
8 44.5 5 6 0.04604418251028939
-1 0.0 0 0 -0.0042892497703886255
-1 0.0 0 0 0.008687914904433568
21 0.03770561143755913 8 11 0.1473857879733679
89 0.08605621755123138 9 10 0.026100590022274165
-1 0.0 0 0 0.006196203376927069
-1 0.0 0 0 -0.024975289587288518
6 0.9215871095657349 12 13 0.17366707391891406
-1 0.0 0 0 -0.01355623476127735
43 -0.03623368963599205 14 15 0.18384074258320643
-1 0.0 0 0 0.02232664994522994
2 0.41498878598213196 16 19 0.10582076894267925
34 0.10352975875139236 17 18 0.026113697293460858
-1 0.0 0 0 -0.013442991733464678
-1 0.0 0 0 0.009751895740787692
-1 0.0 0 0 0.019035334979444492
2 0.2935008406639099 21 22 -0.13397591469257636
-1 0.0 0 0 -0.021659221221306937
4 0.7033377289772034 23 24 -0.07273167895923581
-1 0.0 0 0 -0.02051639319120705
49 0.044580474495887756 25 26 -0.03967233854805235
-1 0.0 0 0 -0.01601558231953878
2 0.3708310127258301 27 28 -0.004013244059648335
-1 0.0 0 0 -0.004510927554575751
-1 0.0 0 0 0.011454948344130278
nodes 29
2 0.334133043885231 1 8 0.0
7 0.6520000100135803 2 7 -0.12105719081564849
1 0.2107211798429489 3 4 -0.07167504619967047
-1 0.0 0 0 -0.014721967829481892
21 0.20103158056735992 5 6 -0.040080169021925204
-1 0.0 0 0 -0.007360721453166446
-1 0.0 0 0 0.006787248696887795
-1 0.0 0 0 -0.021551002651272085
4 0.8029528856277466 9 14 0.08070479385051647
49 0.044580474495887756 10 11 -0.03270792542762943
-1 0.0 0 0 -0.015773816545247496
43 -0.12047092616558075 12 13 0.011597386858863063
-1 0.0 0 0 0.012506768727734215
-1 0.0 0 0 -0.0033083312482976956
21 -0.045464612543582916 15 16 0.11897757326140457
-1 0.0 0 0 -0.013787429778894876
43 -0.040508221834897995 17 24 0.131339781022058
58 0.0630563497543335 18 21 0.16975813054985286
96 -0.00034538150066509843 19 20 0.11954898324493497
-1 0.0 0 0 0.015393976062462825
-1 0.0 0 0 0.0023702397981276023
85 -0.004915893077850342 22 23 0.228579643844267
-1 0.0 0 0 0.013147767631186408
-1 0.0 0 0 0.02718289617720057
2 0.4041031002998352 25 28 0.05230500353991374
96 -0.05499299615621567 26 27 -0.03283946809759762
-1 0.0 0 0 0.004551541181255465
-1 0.0 0 0 -0.013129419351503056
-1 0.0 0 0 0.01295393090342862
nodes 29
7 0.2800000011920929 1 16 0.0
2 0.38738423585891724 2 11 0.08063429400383647
96 0.0023810151033103466 3 10 0.02903426257603422
2 0.3142848312854767 4 5 0.05559418130535818
-1 0.0 0 0 -0.0038071179802610725
49 0.1597096472978592 6 7 0.08798674250109202
-1 0.0 0 0 0.002460843919248683
21 0.13691829144954681 8 9 0.17373289552408933
-1 0.0 0 0 0.008614145523949278
-1 0.0 0 0 0.025951024563659376
-1 0.0 0 0 -0.009478910901238693
6 0.9332584142684937 12 13 0.13900662123099383
-1 0.0 0 0 -0.010941222601567428
89 -0.02385837770998478 14 15 0.15023425728352605
-1 0.0 0 0 0.018393070125108574
-1 0.0 0 0 0.007341321230238367
2 0.381452351808548 17 24 -0.10299271918682286
7 0.7049999833106995 18 21 -0.12554685713826932
4 0.7033377289772034 19 20 -0.09019933794603173
-1 0.0 0 0 -0.016412340412229262
-1 0.0 0 0 -0.006413000827830273
6 1.074352502822876 22 23 -0.20161201043330035
-1 0.0 0 0 -0.0934993117061608
-1 0.0 0 0 -0.019549049874131284
49 0.12730517983436584 25 28 0.06964378253928637
43 -0.09417866170406342 26 27 -0.01991288216015413
-1 0.0 0 0 0.017339885275447515
-1 0.0 0 0 -0.011558865632118505
-1 0.0 0 0 0.02098194316340628
nodes 29
7 0.30000001192092896 1 18 0.0
4 0.7419448494911194 2 3 0.06967635911685649
-1 0.0 0 0 -0.006922730662958726
58 0.04215164855122566 4 11 0.0898664977302504
2 0.4213363826274872 5 10 0.037716292331826766
49 -0.00895154383033514 6 7 0.00013671363809970448
-1 0.0 0 0 -0.024080456058077106
106 0.050431832671165466 8 9 0.013158878287087988
-1 0.0 0 0 -0.0036826973383754973
-1 0.0 0 0 0.006934393881621444
-1 0.0 0 0 0.013452209648980439
2 0.3142848312854767 12 13 0.1316514334183628
-1 0.0 0 0 -0.0018354091496943328
85 -2.195120259784744e-06 14 15 0.1506848052964876
-1 0.0 0 0 0.007896599317572825
34 0.1838017851114273 16 17 0.1865980123021658
-1 0.0 0 0 0.014811849924517126
-1 0.0 0 0 0.026314973822412713
1 0.2107211798429489 19 22 -0.09676264228182267
7 0.9240000247955322 20 21 -0.16540911423546686
-1 0.0 0 0 -0.01569059651548988
-1 0.0 0 0 -0.054786290796422166
2 0.41414549946784973 23 28 -0.05145744067999652
49 0.14100974798202515 24 25 -0.06462813142070162
-1 0.0 0 0 -0.011104896704749734
4 0.7619710564613342 26 27 -0.003727899634613325
-1 0.0 0 0 -0.0112323868852745
-1 0.0 0 0 0.003702648538592799
-1 0.0 0 0 0.016117176646498286
nodes 29
2 0.36500078439712524 1 14 0.0
7 0.4740000069141388 2 11 -0.06503967606462045
41 0.09938300400972366 3 6 -0.013361792079381552
21 0.17605526745319366 4 5 -0.058988799852339936
-1 0.0 0 0 -0.010221177685986816
-1 0.0 0 0 0.0015560122346495496
2 0.3091345429420471 7 8 0.03340444882065133
-1 0.0 0 0 -0.005973953634363272
34 0.11795616894960403 9 10 0.0891026702522232
-1 0.0 0 0 -0.002102430868433829
-1 0.0 0 0 0.014336910076559517
7 0.9240000247955322 12 13 -0.13068206359305537
-1 0.0 0 0 -0.012529921433532806
-1 0.0 0 0 -0.04834930356542794
49 0.13751979172229767 15 24 0.0871177132613157
2 0.4250650107860565 16 23 0.039918548084641126
34 0.0814829096198082 17 18 -0.011125877060772355
-1 0.0 0 0 -0.014724661427398087
43 -0.016218574717640877 19 22 0.037301061528104286
21 0.060864873230457306 20 21 0.07956749444195885
-1 0.0 0 0 -0.004316873401249737
-1 0.0 0 0 0.012291348611380966
-1 0.0 0 0 -0.007067825936842215
-1 0.0 0 0 0.014345019846076666
60 0.014646097086369991 25 26 0.15475964072335668
-1 0.0 0 0 0.009361828120148746
34 0.18076899647712708 27 28 0.20303372421668545
-1 0.0 0 0 0.015929368416157354
-1 0.0 0 0 0.03047037665256215
nodes 29
2 0.3694188594818115 1 16 0.0
1 0.23164011538028717 2 5 -0.0558984074228853
7 0.8980000019073486 3 4 -0.1190076186547998
-1 0.0 0 0 -0.011003119981941483
-1 0.0 0 0 -0.03102254663481306
43 -0.10942842066287994 6 9 -0.010725938130003184
96 0.0023810151033103466 7 8 0.052562347766250926
-1 0.0 0 0 0.008092542444291665
-1 0.0 0 0 -0.007643667410154414
21 0.13866150379180908 10 13 -0.06138936720248523
41 0.11912941187620163 11 12 -0.11274871798923616
-1 0.0 0 0 -0.01632250913029729
-1 0.0 0 0 -0.0032192597371223965
96 -0.046563770622015 14 15 0.0006355695886081495
-1 0.0 0 0 0.005360545946937831
-1 0.0 0 0 -0.009369229349210154
49 0.0696142390370369 17 22 0.08249139146443196
2 0.42595577239990234 18 21 0.0022673585106080495
34 0.0802750438451767 19 20 -0.0621802155098049
-1 0.0 0 0 -0.0221104618686934
-1 0.0 0 0 -0.0003398065689772271
-1 0.0 0 0 0.011479373609053633
89 -0.13194040954113007 23 24 0.11803346686939678
-1 0.0 0 0 0.020491403163419644
21 -0.12579649686813354 25 26 0.08613539100063644
-1 0.0 0 0 -0.03125783264631641
18 -0.014678502455353737 27 28 0.0930295763170134
-1 0.0 0 0 0.01368184790702114
-1 0.0 0 0 0.0026033380791033183
nodes 29
7 0.2800000011920929 1 16 0.0
8 72.5 2 13 0.05522523799256153
6 1.069566011428833 3 10 0.0759270618368539
18 -0.014678502455353737 4 7 0.11072715755966149
7 0.02199999988079071 5 6 0.1494149826182112
-1 0.0 0 0 0.00715265493069452
-1 0.0 0 0 0.017627328155308934
96 0.02048516646027565 8 9 0.048919356644707514
-1 0.0 0 0 0.00781642261216499
-1 0.0 0 0 -0.007576553448231745
37 -0.06412757933139801 11 12 0.02400795360412544
-1 0.0 0 0 0.0066675842858214
-1 0.0 0 0 -0.0020801098503974613
6 0.9676146507263184 14 15 -0.027828089246933956
-1 0.0 0 0 -0.021067565496177568
-1 0.0 0 0 -0.0007835933717248146
2 0.2935008406639099 17 18 -0.07053819351627433
-1 0.0 0 0 -0.012521410660117978
49 0.11799216270446777 19 22 -0.03385456720299226
2 0.4331451654434204 20 21 -0.08169389828119036
-1 0.0 0 0 -0.009194772443793159
-1 0.0 0 0 0.020145942825899002
4 0.7619710564613342 23 24 0.01672614404971978
-1 0.0 0 0 -0.008875610691611571
96 -0.012069765478372574 25 28 0.05611329141068598
6 1.1393979787826538 26 27 0.09897070724246813
-1 0.0 0 0 0.01395622387648677
-1 0.0 0 0 -0.0049107889692291155
-1 0.0 0 0 -0.00466161534775486
nodes 29
2 0.334133043885231 1 6 0.0
1 0.19874975085258484 2 3 -0.0703781883259298
-1 0.0 0 0 -0.012339780131749465
21 0.1872146874666214 4 5 -0.03891449176634166
-1 0.0 0 0 -0.006621297844051687
-1 0.0 0 0 0.0033506740852530326
43 -0.01887238398194313 7 24 0.0469187921561197
21 0.01190290879458189 8 11 0.07838824189643588
21 -0.12579649686813354 9 10 -0.059162551904512674
-1 0.0 0 0 -0.02242819314175191
-1 0.0 0 0 -0.002348311724783878
58 -0.018685614690184593 12 13 0.09778096598274445
-1 0.0 0 0 4.2462067621532825e-05
96 -0.046563770622015 14 19 0.12517705714565022
34 0.0463273786008358 15 16 0.16752018129615842
-1 0.0 0 0 0.003972162354901313
85 0.006078834645450115 17 18 0.19035847481621304
-1 0.0 0 0 0.011997012292684378
-1 0.0 0 0 0.022905718709703857
2 0.38661983609199524 20 23 0.06750136325072376
34 0.14737841486930847 21 22 0.001812095732165034
-1 0.0 0 0 -0.009905458111595178
-1 0.0 0 0 0.00793875140716342
-1 0.0 0 0 0.012188121214305028
2 0.41414549946784973 25 28 -0.038273295602419294
34 0.10462762415409088 26 27 -0.08995271237899623
-1 0.0 0 0 -0.018603179083192558
-1 0.0 0 0 -0.003438822694335597
-1 0.0 0 0 0.006340837315985558
nodes 29
2 0.3694188594818115 1 14 0.0
7 0.5740000009536743 2 13 -0.04296942398715589
106 -0.0028854080010205507 3 4 -0.0132189257793994
-1 0.0 0 0 -0.007983616867046486
43 -0.04367762804031372 5 12 0.012843194792207994
2 0.3091345429420471 6 7 0.03985432812626673
-1 0.0 0 0 -0.003315737671692526
49 0.07780861854553223 8 9 0.08424288993355725
-1 0.0 0 0 -0.00338439827964896
37 -0.035636577755212784 10 11 0.11725156216354679
-1 0.0 0 0 0.01609986901536598
-1 0.0 0 0 0.0029213863599592696
-1 0.0 0 0 -0.00626057920133373
-1 0.0 0 0 -0.010180758084823488
21 0.05959879979491234 15 20 0.06341160210093985
34 0.051506444811820984 16 17 -0.02073618889771302
-1 0.0 0 0 -0.01561672730949189
89 0.07952684164047241 18 19 0.013129874527549578
-1 0.0 0 0 0.004062061225560771
-1 0.0 0 0 -0.018567915013080628
18 0.054499588906764984 21 28 0.09186974716170875
49 -0.0063802036456763744 22 23 0.11580218572569381
-1 0.0 0 0 -0.004561660190919368
89 -0.14667601138353348 24 25 0.1315750787120802
-1 0.0 0 0 0.021602686768550417
34 0.18076899647712708 26 27 0.10688761214513907
-1 0.0 0 0 0.007455852345482604
-1 0.0 0 0 0.01842292699501097
-1 0.0 0 0 -0.0019045065649203536
nodes 29
7 0.2800000011920929 1 16 0.0
58 0.10311853140592575 2 9 0.04205396618141676
2 0.4232085645198822 3 8 0.016678393942609664
49 0.1761818826198578 4 7 -0.004524303591080267
41 0.09387606382369995 5 6 -0.039924789457083595
-1 0.0 0 0 -0.008847042104156022
-1 0.0 0 0 0.0017332646645482983
-1 0.0 0 0 0.0061905530463069736
-1 0.0 0 0 0.008847481958201809
2 0.3073822259902954 10 11 0.10064683616858089
-1 0.0 0 0 -0.002694568812665905
34 0.18076899647712708 12 15 0.11602339277532528
89 -0.050597745925188065 13 14 0.07985329335794515
-1 0.0 0 0 0.012319170104230405
-1 0.0 0 0 0.0010854889144905195
-1 0.0 0 0 0.01830298149281336
2 0.3896554410457611 17 24 -0.053714767062920235
7 0.746999979019165 18 19 -0.06493027351369517
-1 0.0 0 0 -0.00470220347266182
6 1.0915472507476807 20 21 -0.12103484690272642
-1 0.0 0 0 -0.07543988471105695
1 0.3167044520378113 22 23 -0.11441108618103804
-1 0.0 0 0 -0.01180831193035672
-1 0.0 0 0 0.07179164215922355
43 -0.023656856268644333 25 28 0.05881226901555827
6 1.1117005348205566 26 27 0.13637314615248194
-1 0.0 0 0 0.009167961524396388
-1 0.0 0 0 0.04119414055462942
-1 0.0 0 0 -0.007964665161165818
nodes 29
2 0.3829681873321533 1 18 0.0
1 0.19874975085258484 2 3 -0.03067240760397969
-1 0.0 0 0 -0.009283336558960962
96 -0.10174105316400528 4 13 -0.010646183634950469
21 0.18609517812728882 5 10 0.039015903467476354
43 -0.026029027998447418 6 9 0.007328900507197954
33 -0.06230410002171993 7 8 0.03276204060363999
-1 0.0 0 0 0.008887630072832655
-1 0.0 0 0 -0.0010462828140901353
-1 0.0 0 0 -0.008344135049527263
6 1.1217997074127197 11 12 0.12169836755016422
-1 0.0 0 0 0.01614674055453726
-1 0.0 0 0 -4.134823153624516e-05
34 0.1848301887512207 14 15 -0.04894063512762739
-1 0.0 0 0 -0.008150652648995095
41 0.0014913883060216904 16 17 0.0024424726047344225
-1 0.0 0 0 -0.011267702017051752
-1 0.0 0 0 0.0030244576302467935
49 -0.018195442855358124 19 20 0.062440757380341966
-1 0.0 0 0 -0.00938863117010609
89 0.07622063905000687 21 28 0.07576973490423321
96 0.06085795536637306 22 27 0.08913337236816413
60 -0.03762573376297951 23 24 0.10487684469169056
-1 0.0 0 0 0.0028242943569683214
104 0.06452476233243942 25 26 0.13031987652349059
-1 0.0 0 0 0.009939438798248282
-1 0.0 0 0 0.018904361115254353
-1 0.0 0 0 -0.0029816240778674868
-1 0.0 0 0 -0.008791878299748208
nodes 29
2 0.32565993070602417 1 2 0.0
-1 0.0 0 0 -0.005465212926850795
49 0.17922773957252502 3 24 0.03032622556956791
2 0.4250650107860565 4 21 0.003954638649169393
41 0.09387606382369995 5 12 -0.02026387613438557
34 0.1838017851114273 6 11 -0.06753551833633874
21 0.1451270431280136 7 10 -0.10603261478224227
6 1.1058831214904785 8 9 -0.14993123294618155
-1 0.0 0 0 -0.02099123984996694
-1 0.0 0 0 -0.006526779082171676
-1 0.0 0 0 -0.004739431460705328
-1 0.0 0 0 0.0007612009454916174
34 0.1437273770570755 13 16 0.04381934010080822
37 -0.11063655465841293 14 15 -0.018900421022813686
-1 0.0 0 0 0.009825870326734943
-1 0.0 0 0 -0.006597021582560649
21 0.007279686629772186 17 18 0.10334046345028834
-1 0.0 0 0 -0.008280018270624879
84 0.009163051843643188 19 20 0.13397835304166056
-1 0.0 0 0 0.003920085844583809
-1 0.0 0 0 0.019102036367803523
6 0.8444223403930664 22 23 0.09091097508696984
-1 0.0 0 0 -0.05928435572054393
-1 0.0 0 0 0.009693524409395141
21 0.13691829144954681 25 26 0.10367452750215561
-1 0.0 0 0 0.005512828397522061
96 -0.0379592590034008 27 28 0.15886927026823613
-1 0.0 0 0 0.021660982147604535
-1 0.0 0 0 0.007039377086740604
nodes 29
7 0.22499999403953552 1 16 0.0
58 0.04215164855122566 2 9 0.037379428931054365
96 0.04254639148712158 3 8 -0.003951458733840575
34 -0.007242201827466488 4 5 0.012733459902237839
-1 0.0 0 0 -0.01456218448961625
43 -0.005682202521711588 6 7 0.0252970120580307
-1 0.0 0 0 0.004698332914940242
-1 0.0 0 0 -0.006384347985900177
-1 0.0 0 0 -0.011217780742936492
85 -0.03893343359231949 10 11 0.07110413373189407
-1 0.0 0 0 -0.0010428840905526073
9 0.04361893609166145 12 15 0.0910543592603329
2 0.3547711670398712 13 14 0.10983408348467806
-1 0.0 0 0 0.004333204362174484
-1 0.0 0 0 0.014057931563657639
-1 0.0 0 0 0.0008440106546338995
2 0.4099505841732025 17 26 -0.03723169894252469
96 -0.0323333702981472 18 25 -0.04560023913952981
2 0.2998763918876648 19 20 -0.026386156089806146
-1 0.0 0 0 -0.006940390269984171
37 -0.03472490608692169 21 24 0.011623828632909505
4 0.7700183391571045 22 23 0.0524679294447769
-1 0.0 0 0 -0.003580872909698794
-1 0.0 0 0 0.00910148740717638
-1 0.0 0 0 -0.005381375576183312
-1 0.0 0 0 -0.008585698943629113
6 1.1227973699569702 27 28 0.08537617302221948
-1 0.0 0 0 0.006456156602148876
-1 0.0 0 0 0.05580990253499261
nodes 29
2 0.3829681873321533 1 16 0.0
49 0.20368927717208862 2 11 -0.02390684329986064
96 -0.09560729563236237 3 10 -0.04162039423126967
2 0.2957744002342224 4 5 -0.008054406789841607
-1 0.0 0 0 -0.0064772253148994655
37 -0.0405709482729435 6 9 0.024246378133674706
73 0.011877168901264668 7 8 0.0671933939083534
-1 0.0 0 0 0.010765063252061188
-1 0.0 0 0 -0.001275873225497757
-1 0.0 0 0 -0.004901571894496279
-1 0.0 0 0 -0.006945938168535382
2 0.3183991014957428 12 13 0.034872168838429474
-1 0.0 0 0 -0.0019022335124911816
21 0.14327190816402435 14 15 0.09321150583616193
-1 0.0 0 0 0.001819230097960906
-1 0.0 0 0 0.01785759622798713
89 -0.1296660453081131 17 20 0.04866789108035214
21 0.07305638492107391 18 19 0.1182888894850705
-1 0.0 0 0 0.0028448370566104032
-1 0.0 0 0 0.015257248022832163
43 -0.03400348126888275 21 24 0.022202694225734673
70 0.03220734745264053 22 23 0.05746153175623219
-1 0.0 0 0 0.001170495325817014
-1 0.0 0 0 0.010249560653535056
49 0.1702203005552292 25 28 -0.03968240616110762
34 0.13813619315624237 26 27 -0.07704243124876792
-1 0.0 0 0 -0.014227104791470125
-1 0.0 0 0 -0.0003309404192549538
-1 0.0 0 0 0.007870824119319608
nodes 29
2 0.4221988320350647 1 22 0.0
34 0.07645240426063538 2 3 -0.012677182388172815
-1 0.0 0 0 -0.007260903545084249
2 0.3117337226867676 4 5 0.005601709509441652
-1 0.0 0 0 -0.004417266405237223
41 0.03914095461368561 6 11 0.031015007774389612
96 -0.03121953271329403 7 10 -0.03851797587485748
14 0.08244776725769043 8 9 0.007155552557419826
-1 0.0 0 0 0.0028337853243719487
-1 0.0 0 0 -0.018015046770192174
-1 0.0 0 0 -0.010526523273440612
49 0.14550316333770752 12 17 0.06735130135470666
43 0.03361787647008896 13 16 0.023260223883167848
21 -0.05867210403084755 14 15 0.04250817406051007
-1 0.0 0 0 -0.014774452238338074
-1 0.0 0 0 0.005444099716603801
-1 0.0 0 0 -0.011914437504668711
14 0.02599596232175827 18 21 0.12360398358813972
84 0.010128415189683437 19 20 0.15526236390749817
-1 0.0 0 0 0.006940223142933618
-1 0.0 0 0 0.01983626524552195
-1 0.0 0 0 0.002698623894607571
6 1.1091890335083008 23 28 0.07712364190465862
6 0.8444223403930664 24 25 0.0722174886909427
-1 0.0 0 0 -0.04640959034400896
1 0.3386502265930176 26 27 0.07670514312989529
-1 0.0 0 0 0.02925042306681169
-1 0.0 0 0 0.006467521912730766
-1 0.0 0 0 0.05741027417201279
nodes 29
2 0.4352329969406128 1 26 0.0
49 0.02459252066910267 2 9 -0.009122993724339098
6 1.105071783065796 3 8 -0.08487792889122622
7 0.5040000081062317 4 7 -0.14833763632662844
34 0.1768537163734436 5 6 -0.12670941054185816
-1 0.0 0 0 -0.01901687961870173
-1 0.0 0 0 -0.002272949933177309
-1 0.0 0 0 -0.05594504831824452
-1 0.0 0 0 -0.004650148109350335
106 -0.030328381806612015 10 11 0.0035149732212814066
-1 0.0 0 0 -0.005576270593288495
2 0.2935008406639099 12 13 0.020011228895926048
-1 0.0 0 0 -0.004607945012730443
34 0.17778049409389496 14 19 0.041978898075203434
43 -0.059802573174238205 15 18 0.008580232835920623
85 -0.004915893077850342 16 17 0.04398209247594951
-1 0.0 0 0 -0.003053054829005166
-1 0.0 0 0 0.007624828650301509
-1 0.0 0 0 -0.004614265244209885
58 -0.016182316467165947 20 21 0.09711154505406702
-1 0.0 0 0 5.1026993784558134e-05
21 0.026720715686678886 22 23 0.12169866410740035
-1 0.0 0 0 -0.0012236607629021545
93 -0.016738345846533775 24 25 0.14170285521914344
-1 0.0 0 0 0.018882962703567867
-1 0.0 0 0 0.008783043705205749
2 0.48455941677093506 27 28 0.09203005732490956
-1 0.0 0 0 0.010487752344846842
-1 0.0 0 0 -0.019071251983820862
nodes 29
2 0.3657405972480774 1 14 0.0
21 0.2445645034313202 2 11 -0.023538528083506035
43 -0.11934275925159454 3 10 -0.03250816072278934
1 0.2518320083618164 4 5 -0.0009391863381751211
-1 0.0 0 0 -0.003994283986580258
79 0.020367462188005447 6 9 0.04231652111452226
103 0.040486741811037064 7 8 0.07550531965126575
-1 0.0 0 0 0.011949333138988995
-1 0.0 0 0 -0.0013849404744516393
-1 0.0 0 0 -0.004704850188302219
-1 0.0 0 0 -0.005342346509359698
1 0.2107211798429489 12 13 0.05814425554463767
-1 0.0 0 0 -0.005325602831765528
-1 0.0 0 0 0.012050038927887712
6 0.9423370361328125 15 16 0.03203978717795229
-1 0.0 0 0 -0.016364901306091462
37 -0.020205141976475716 17 24 0.04039382675681376
18 -0.04113386943936348 18 21 0.0717716139429912
21 -0.004331821575760841 19 20 0.11518636556313955
-1 0.0 0 0 -0.004919266625753378
-1 0.0 0 0 0.013509514103860679
43 0.02959909848868847 22 23 0.02808020630536909
-1 0.0 0 0 0.004950971394967632
-1 0.0 0 0 -0.010019436008232442
60 0.024900594726204872 25 26 -0.014343450917019279
-1 0.0 0 0 -0.006359222789800984
34 0.0463273786008358 27 28 0.03766949748663315
-1 0.0 0 0 -0.009628665363085225
-1 0.0 0 0 0.006907372636291553
nodes 29
96 0.06085795536637306 1 28 0.0
21 0.14327190816402435 2 21 0.008868289713076091
85 0.08052170276641846 3 14 -0.01701038642925579
2 0.43640458583831787 4 13 -0.03920773382935305
34 0.11795616894960403 5 10 -0.049798285066833176
6 1.1043202877044678 6 9 -0.09033206750629552
43 -0.0016037500463426113 7 8 -0.15817225615514788
-1 0.0 0 0 -0.011734705058322992
-1 0.0 0 0 -0.032207700160216755
-1 0.0 0 0 -0.004197667652235746
79 -0.029885808005928993 11 12 -0.0238237577106453
-1 0.0 0 0 0.0018378473843610153
-1 0.0 0 0 -0.006971262098688169
-1 0.0 0 0 0.0065549324838696495
2 0.3224964439868927 15 16 0.028859604449116876
-1 0.0 0 0 -0.003839089550456427
34 0.06668571382761002 17 18 0.06314262059105413
-1 0.0 0 0 -0.004309195730711576
84 -0.006134689319878817 19 20 0.0969393437734133
-1 0.0 0 0 0.0006173797011037291
-1 0.0 0 0 0.013588089104522763
2 0.3183991014957428 22 23 0.042723950555335996
-1 0.0 0 0 -0.0015540240739193626
89 -0.158896803855896 24 25 0.07663512521323712
-1 0.0 0 0 0.01895240975526709
49 0.1742914915084839 26 27 0.053962931876944606
-1 0.0 0 0 0.002256864912651243
-1 0.0 0 0 0.012583891969961966
-1 0.0 0 0 -0.008159676868487066
nodes 29
58 0.08452820032835007 1 22 0.0
37 -0.08111928403377533 2 9 -0.01960819977683104
43 -0.017576253041625023 3 8 0.013121691728322286
2 0.33701416850090027 4 5 0.03122728839983101
-1 0.0 0 0 -0.0013032698204366762
68 0.0356685072183609 6 7 0.07034399766622941
-1 0.0 0 0 0.010298938225554437
-1 0.0 0 0 -0.0008811529196000137
-1 0.0 0 0 -0.004661283458394907
2 0.43099653720855713 10 21 -0.044359648663185175
49 0.21784596145153046 11 20 -0.05539437310859059
6 1.1066855192184448 12 19 -0.06894372733210918
34 0.021486863493919373 13 14 -0.10589482153873378
-1 0.0 0 0 -0.030430728385543827
49 -0.018195442855358124 15 16 -0.0866888003598703
-1 0.0 0 0 -0.03220098634694957
79 0.03555683046579361 17 18 -0.07391381359019292
-1 0.0 0 0 -0.004308195349724264
-1 0.0 0 0 -0.017255979083059085
-1 0.0 0 0 -0.003330717407337186
-1 0.0 0 0 0.00169862067390524
-1 0.0 0 0 0.0034407679104704264
2 0.32565993070602417 23 24 0.034157086095973045
-1 0.0 0 0 -0.0019592589857820105
85 0.02149907685816288 25 28 0.06588469972639636
107 0.006728391163051128 26 27 0.015382315792020514
-1 0.0 0 0 0.005491321786177626
-1 0.0 0 0 -0.005768028047423895
-1 0.0 0 0 0.010405632013832183
nodes 29
43 0.025612203404307365 1 26 0.0
2 0.3568562865257263 2 11 0.00970417224821949
21 0.22822152078151703 3 8 -0.016675357978454087
7 0.9240000247955322 4 7 -0.026322595341180574
33 -0.03155266493558884 5 6 -0.024247480705062663
-1 0.0 0 0 -0.0003168851674799079
-1 0.0 0 0 -0.005158543135148903
-1 0.0 0 0 -0.0309876277015127
1 0.2107211798429489 9 10 0.04065511303657542
-1 0.0 0 0 -0.004073491115823097
-1 0.0 0 0 0.009109455412185453
84 -0.026419594883918762 12 15 0.040135415602349254
96 0.0882098376750946 13 14 -0.026896913782917503
-1 0.0 0 0 -0.0010896032096837666
-1 0.0 0 0 -0.019817147792544426
9 0.04236634448170662 16 23 0.06407810519913476
68 0.05952733755111694 17 22 0.08466223543008922
41 0.013086685910820961 18 19 0.10634504022767467
-1 0.0 0 0 0.0037985681890464595
34 0.18688362836837769 20 21 0.13407845169291555
-1 0.0 0 0 0.010505829377003258
-1 0.0 0 0 0.020544047289583547
-1 0.0 0 0 -0.00015183815817619358
21 0.05003133788704872 24 25 -0.016146528637521713
-1 0.0 0 0 -0.013894745151358748
-1 0.0 0 0 0.0019523843400953576
6 0.9072489738464355 27 28 -0.06528363561634926
-1 0.0 0 0 -0.04665285864687465
-1 0.0 0 0 -0.006092704694516638
nodes 29
96 -0.04755719378590584 1 16 0.0
2 0.300839900970459 2 3 0.019683747721021858
-1 0.0 0 0 -0.0029891888521283425
21 0.16147035360336304 4 11 0.03920385801344821
85 0.01204553060233593 5 6 0.01270632675189347
-1 0.0 0 0 -0.0038026138699313833
34 0.06538651138544083 7 8 0.04428199460075109
-1 0.0 0 0 -0.004085298805516352
41 0.1360849142074585 9 10 0.07078043438365596
-1 0.0 0 0 0.0037341012365302976
-1 0.0 0 0 0.014229691771838238
89 -0.13078050315380096 12 13 0.09358266617159194
-1 0.0 0 0 0.018477409772365047
49 0.1742914915084839 14 15 0.06333470730322693
-1 0.0 0 0 0.002868134336287801
-1 0.0 0 0 0.013637103464110192
2 0.43099653720855713 17 28 -0.031017506030437167
41 0.06961523741483688 18 27 -0.04389627733452597
6 1.1058831214904785 19 26 -0.0760690354031675
43 -0.07640844583511353 20 21 -0.12598798004837936
-1 0.0 0 0 -0.006534638690990896
49 0.044580474495887756 22 23 -0.201745370139258
-1 0.0 0 0 -0.03895680687716521
27 -0.1316731721162796 24 25 -0.16273697375016583
-1 0.0 0 0 -0.07041691398425472
-1 0.0 0 0 -0.0147637271906952
-1 0.0 0 0 -0.00278196014914066
-1 0.0 0 0 -0.0009928975346957297
-1 0.0 0 0 0.00469288885762169
nodes 29
106 0.021962391212582588 1 14 0.0
2 0.4041031002998352 2 11 -0.028382126863070754
41 0.16256141662597656 3 10 -0.045454935967913494
6 1.1011730432510376 4 9 -0.05954651186230124
34 0.018893323838710785 5 6 -0.09904745221801997
-1 0.0 0 0 -0.03310300727838462
96 -0.02897018939256668 7 8 -0.08313326217013767
-1 0.0 0 0 -0.0040970024107212216
-1 0.0 0 0 -0.016707863038942405
-1 0.0 0 0 -0.003120138737515626
-1 0.0 0 0 0.0012704882551982364
6 0.8444223403930664 12 13 0.021435414079950012
-1 0.0 0 0 -0.05981625285053599
-1 0.0 0 0 0.0025415700649020524
2 0.27054551243782043 15 16 0.020852224887243146
-1 0.0 0 0 -0.00435172811202242
49 0.12638747692108154 17 20 0.03358355234080618
43 -0.013645054772496223 18 19 -0.0019915712023124647
-1 0.0 0 0 0.0018728876938362326
-1 0.0 0 0 -0.006014063372498072
34 0.08986260741949081 21 22 0.06640999269378493
-1 0.0 0 0 0.0003811022504896125
6 0.9676146507263184 23 24 0.08899258395083665
-1 0.0 0 0 -0.009027281178427896
6 1.1418253183364868 25 28 0.09801010214443244
58 -0.05208969488739967 26 27 0.11289395682855076
-1 0.0 0 0 -0.0014772442495035796
-1 0.0 0 0 0.012737414720882946
-1 0.0 0 0 -0.0014700674075829134
nodes 29
93 -0.0211802888661623 1 20 0.0
58 -0.021127143874764442 2 3 0.023661052234163673
-1 0.0 0 0 -0.0034268679227574686
2 0.32565993070602417 4 5 0.03842115841119524
-1 0.0 0 0 -0.0011289075562556218
49 0.11994585394859314 6 11 0.06440817733029508
89 0.07952684164047241 7 10 0.01839450901802693
43 0.005721812602132559 8 9 0.03307725586046398
-1 0.0 0 0 0.005972712487134433
-1 0.0 0 0 -0.006656475646885516
-1 0.0 0 0 -0.013994747095103038
18 0.021234892308712006 12 19 0.10614299193866415
21 0.007279686629772186 13 14 0.1348534339472181
-1 0.0 0 0 -0.0029243854416092304
20 -0.12944470345973969 15 16 0.15489034892031586
-1 0.0 0 0 -0.0028203874931373783
34 0.15573729574680328 17 18 0.1698998552120666
-1 0.0 0 0 0.012496225994241975
-1 0.0 0 0 0.022494633062299537
-1 0.0 0 0 0.0021077173763711116
47 -0.023761996999382973 21 22 -0.023476273828046797
-1 0.0 0 0 -0.006048698548582156
106 0.04006163775920868 23 24 -0.0029061002151278483
-1 0.0 0 0 -0.003354044888343377
2 0.25158408284187317 25 26 0.026507341240152027
-1 0.0 0 0 -0.00569756463044504
49 0.18451125919818878 27 28 0.041380231942214546
-1 0.0 0 0 0.0014791840828088012
-1 0.0 0 0 0.011082762476176481
nodes 29
37 -0.030795155093073845 1 18 0.0
2 0.3547711670398712 2 5 0.017490863964291132
21 0.2445645034313202 3 4 -0.008204714211513222
-1 0.0 0 0 -0.0017220929055137162
-1 0.0 0 0 0.006656095831591886
85 0.028872396796941757 6 13 0.04814220682292129
58 -0.008450518362224102 7 8 0.004394694350832236
-1 0.0 0 0 -0.007143372825973663
49 0.09204859286546707 9 12 0.03208933114654988
90 -0.13151519000530243 10 11 -0.030401000759962903
-1 0.0 0 0 0.016781925478928063
-1 0.0 0 0 -0.005700620717444049
-1 0.0 0 0 0.007130581504626765
96 -0.12321236729621887 14 15 0.08792387418717179
-1 0.0 0 0 0.015993777831527257
58 0.062119968235492706 16 17 0.060710677744540205
-1 0.0 0 0 0.002153341913091244
-1 0.0 0 0 0.010840234557457777
2 0.4399811327457428 19 28 -0.03098982771949275
49 0.2520052492618561 20 27 -0.04042032610540587
41 0.01786773093044758 21 26 -0.049628412853556896
6 1.1544904708862305 22 25 -0.09428520181329596
34 0.19629748165607452 23 24 -0.13890123883058458
-1 0.0 0 0 -0.018240940955639773
-1 0.0 0 0 -0.004956039176543665
-1 0.0 0 0 -0.0009688171838825807
-1 0.0 0 0 -0.003179870760107064
-1 0.0 0 0 0.006933383498914355
-1 0.0 0 0 0.00642669110536629
nodes 29
43 -0.09609956294298172 1 12 0.0
1 0.253987580537796 2 3 0.02545196822151163
-1 0.0 0 0 -0.001851799214367094
68 0.05077586695551872 4 11 0.04983114392236426
73 0.04189421609044075 5 8 0.07079862534448383
84 -0.014951483346521854 6 7 0.0892804823097605
-1 0.0 0 0 0.0027752793238931964
-1 0.0 0 0 0.011470605686317983
21 0.22075282037258148 9 10 -0.0009414603335928771
-1 0.0 0 0 -0.002929221037795608
-1 0.0 0 0 0.01915228660907031
-1 0.0 0 0 -0.002486918628918148
96 -0.12002646923065186 13 14 -0.021241179978088283
-1 0.0 0 0 0.0019042128579079846
2 0.4099505841732025 15 24 -0.03895430221098586
6 1.1043202877044678 16 23 -0.0548150674398754
34 0.06116233021020889 17 18 -0.09541683382910268
-1 0.0 0 0 -0.026942044104999063
41 0.006664433516561985 19 20 -0.06898772763263776
-1 0.0 0 0 -0.01792021502338679
93 0.023595161736011505 21 22 -0.04123762744008051
-1 0.0 0 0 -0.0006155483892583861
-1 0.0 0 0 -0.012767108389335514
-1 0.0 0 0 -0.002297970695355109
107 0.0530230775475502 25 26 0.009499426758580969
-1 0.0 0 0 0.0036504740881635914
34 0.08758729696273804 27 28 -0.09920495662480328
-1 0.0 0 0 -0.02633515637928957
-1 0.0 0 0 -0.0013977568602122408
nodes 29
79 -0.0211593359708786 1 10 0.0
43 -0.11934275925159454 2 7 0.020747436262450316
2 0.3142848312854767 3 4 0.05444728069666826
-1 0.0 0 0 -0.00036869440959817567
70 -0.05350674316287041 5 6 0.08598069353874206
-1 0.0 0 0 -0.0013682679930725784
-1 0.0 0 0 0.010717547672168646
58 0.10097797960042953 8 9 0.0016616580574444551
-1 0.0 0 0 -0.0017223911401692072
-1 0.0 0 0 0.004480945895836737
6 0.9423370361328125 11 12 -0.025257788576302374
-1 0.0 0 0 -0.019510837135063512
2 0.4099505841732025 13 24 -0.02124447725986956
41 0.09292328357696533 14 23 -0.03460954577435585
6 1.1027727127075195 15 22 -0.06176932199374517
7 0.5920000076293945 16 21 -0.11402555598256948
49 0.1538085639476776 17 20 -0.10206545348351345
76 -0.060537077486515045 18 19 -0.1603312191324947
-1 0.0 0 0 -0.033948793544540494
-1 0.0 0 0 -0.013074941136710575
-1 0.0 0 0 -0.003591253174860474
-1 0.0 0 0 -0.05048394935252536
-1 0.0 0 0 -0.002447667526411941
-1 0.0 0 0 -0.00016222270113641244
5 1.2413122653961182 25 28 0.031070858413343238
49 -0.12260763347148895 26 27 0.010764948818076393
-1 0.0 0 0 -0.057397309507453635
-1 0.0 0 0 0.0015470173830580223
-1 0.0 0 0 0.01627202739612878
nodes 29
21 0.18609517812728882 1 24 0.0
85 -0.02119711972773075 2 7 -0.0130559060875891
79 -0.10904671251773834 3 4 -0.051653800862641736
-1 0.0 0 0 0.0020811182353482486
6 1.105071783065796 5 6 -0.06948363272205534
-1 0.0 0 0 -0.010551417950562114
-1 0.0 0 0 -0.0028893826808762376
6 0.9332584142684937 8 9 0.0012270058978778894
-1 0.0 0 0 -0.018402363268121447
34 0.09896891564130783 10 17 0.005032664177686069
2 0.4213363826274872 11 16 -0.03093356152376388
6 1.1027727127075195 12 15 -0.04825255704090543
34 -0.007242201827466488 13 14 -0.10306498985803444
-1 0.0 0 0 -0.027379342750550012
-1 0.0 0 0 -0.006530068153059632
-1 0.0 0 0 -0.0012174532381641168
-1 0.0 0 0 0.0046646865343632025
2 0.3568562865257263 18 19 0.022768086912533386
-1 0.0 0 0 -0.0010109176587174433
21 -0.1927991807460785 20 21 0.0599491323996887
-1 0.0 0 0 -0.03668246406957692
9 -0.031551580876111984 22 23 0.06411340982201408
-1 0.0 0 0 0.010435647906488004
-1 0.0 0 0 0.002063303403811313
89 -0.07411938905715942 25 28 0.037388055880692043
1 0.24211859703063965 26 27 0.07736039044572213
-1 0.0 0 0 -0.0002466036792334189
-1 0.0 0 0 0.01133882469867918
-1 0.0 0 0 0.00029848359373031057
nodes 29
37 -0.08681544661521912 1 12 0.0
2 0.3414051830768585 2 3 0.026226073411604277
-1 0.0 0 0 -0.0004172783584302109
6 0.9676146507263184 4 5 0.054885825598665644
-1 0.0 0 0 -0.009896324308599203
96 0.003807034809142351 6 11 0.06530048892992794
14 0.1263934075832367 7 10 0.08775233580939804
89 -0.004166307859122753 8 9 0.09885628471487162
-1 0.0 0 0 0.012387764091280569
-1 0.0 0 0 0.003226325534721808
-1 0.0 0 0 -0.012746210866965197
-1 0.0 0 0 -0.0006958716184624895
89 -0.14667601138353348 13 14 -0.018063504120937796
-1 0.0 0 0 0.0029333002243213157
24 -0.04041491076350212 15 26 -0.030185269930537207
6 1.1058831214904785 16 25 -0.06686613775821418
7 0.6990000009536743 17 24 -0.10866658378590477
96 -0.04865829274058342 18 23 -0.10166543247187207
14 0.03346004709601402 19 20 -0.05543909275916584
-1 0.0 0 0 -0.0016771211409737702
1 0.3801753520965576 21 22 -0.19169328106431724
-1 0.0 0 0 -0.028598957702408112
-1 0.0 0 0 0.004295942465094133
-1 0.0 0 0 -0.016348638157266532
-1 0.0 0 0 -0.08362789906399407
-1 0.0 0 0 -0.0021750569892907117
70 0.08320450782775879 27 28 -0.014778134553645636
-1 0.0 0 0 -0.003115130122276811
-1 0.0 0 0 0.0031806520173891222
nodes 29
41 0.008069679141044617 1 10 0.0
2 0.4023624062538147 2 7 -0.038422998222426605
6 1.1100233793258667 3 6 -0.059098591531271095
21 0.11780012398958206 4 5 -0.11629252445378524
-1 0.0 0 0 -0.020788079144488516
-1 0.0 0 0 -0.006122819820603997
-1 0.0 0 0 -0.0013210511083116064
6 1.1198477745056152 8 9 0.007678610866836651
-1 0.0 0 0 -8.137611967677174e-05
-1 0.0 0 0 0.03968290718990603
93 -0.007467936724424362 11 26 0.011566591047069289
2 0.28662872314453125 12 13 0.030971661810672964
-1 0.0 0 0 -0.0027131087237534566
21 0.18609517812728882 14 23 0.04510161053246246
18 0.047341238707304 15 22 0.02801885736510363
4 0.7419448494911194 16 17 0.04362001800165268
-1 0.0 0 0 -0.004083537641803367
20 -0.12447371333837509 18 19 0.060230234845261826
-1 0.0 0 0 -0.007534402007443968
14 0.09091822803020477 20 21 0.0731585454652148
-1 0.0 0 0 0.008454730661436939
-1 0.0 0 0 -0.004505153312914538
-1 0.0 0 0 -0.0051242614771752374
89 0.03875371068716049 24 25 0.10415326469457738
-1 0.0 0 0 0.012605239755551351
-1 0.0 0 0 -0.004358999403256988
47 -0.023761996999382973 27 28 -0.01353515810553931
-1 0.0 0 0 -0.005012213066781651
-1 0.0 0 0 0.0006665541255995891
nodes 29
68 0.07672770321369171 1 28 0.0
27 -0.033997368067502975 2 5 0.008778230266896322
6 0.9621775150299072 3 4 -0.03397596194365973
-1 0.0 0 0 -0.02142413501810536
-1 0.0 0 0 -0.002803932736454519
43 -0.05496050789952278 6 25 0.02014907343109086
2 0.3512759804725647 7 8 0.03860664210173104
-1 0.0 0 0 0.0009001355110205369
58 -0.055508602410554886 9 12 0.07170990489642791
72 -0.06349536776542664 10 11 -0.02957416820389469
-1 0.0 0 0 -0.02211499155934285
-1 0.0 0 0 0.0009635063517541254
14 0.009937762282788754 13 22 0.08596538218499995
1 0.3619132339954376 14 21 0.11302327695471456
34 0.03274541720747948 15 16 0.14729590362797926
-1 0.0 0 0 -0.003578696447098628
72 -0.04642577841877937 17 18 0.16923776222085624
-1 0.0 0 0 0.006245853251410404
102 -0.018294449895620346 19 20 0.20075001006063867
-1 0.0 0 0 0.011175073499203263
-1 0.0 0 0 0.02504300310679773
-1 0.0 0 0 0.006028226515712145
21 0.22216904163360596 23 24 0.03420439950342478
-1 0.0 0 0 0.0010566326563775353
-1 0.0 0 0 0.018395044409683498
96 -0.1118147224187851 26 27 -0.011666300508038137
-1 0.0 0 0 0.003172769718600508
-1 0.0 0 0 -0.003315167902342041
-1 0.0 0 0 -0.005013211359138468
nodes 29
96 0.08105668425559998 1 28 0.0
21 0.08532427251338959 2 13 0.0056321151262877294
14 0.004687109030783176 3 6 -0.025917680042181812
18 -0.022245850414037704 4 5 -0.005003469168560814
-1 0.0 0 0 0.0022884941479279003
-1 0.0 0 0 -0.005107251652409449
6 1.107531726360321 7 12 -0.06373163343313801
21 -0.1927991807460785 8 9 -0.10704436815787141
-1 0.0 0 0 -0.05992367700133743
2 0.3998569846153259 10 11 -0.0948609508563361
-1 0.0 0 0 -0.01718911853773581
-1 0.0 0 0 -0.0019444058130394085
-1 0.0 0 0 -0.0014429849515544479
2 0.36006689071655273 14 19 0.020770551377553504
68 0.01891315169632435 15 18 -0.0013230893584933686
29 0.08722423762083054 16 17 0.015941816797796677
-1 0.0 0 0 -0.0002997892503207586
-1 0.0 0 0 0.0065545949338521444
-1 0.0 0 0 -0.00404133534437247
60 0.027715297415852547 20 25 0.04977664181691299
91 0.09710871428251266 21 24 0.010147567619784723
30 -0.006059459410607815 22 23 0.026528078324882926
-1 0.0 0 0 -0.001961488201107453
-1 0.0 0 0 0.006625528570052135
-1 0.0 0 0 -0.011327092922975974
72 -0.05011777579784393 26 27 0.08891550129150323
-1 0.0 0 0 0.0010768879496775498
-1 0.0 0 0 0.011120529971874824
-1 0.0 0 0 -0.007416549346753587
nodes 29
106 0.021962391212582588 1 8 0.0
89 -0.2040782868862152 2 3 -0.02356774195449549
-1 0.0 0 0 0.00619851593208182
74 -0.04708787798881531 4 5 -0.02988659594574774
-1 0.0 0 0 -0.008051960494638556
58 0.09466920047998428 6 7 -0.018571290174541795
-1 0.0 0 0 -0.003454174556837647
-1 0.0 0 0 0.001814179926130574
27 -0.032732363790273666 9 12 0.017315117400529566
6 0.9215871095657349 10 11 -0.029783168486214828
-1 0.0 0 0 -0.03666898774026777
-1 0.0 0 0 -0.0025294819324963034
47 0.011066475883126259 13 24 0.029918986152682944
85 -0.055398497730493546 14 15 0.004604997500751912
-1 0.0 0 0 -0.006170609631895571
99 -0.019418856129050255 16 17 0.017317540323996076
-1 0.0 0 0 -0.0021525957529811833
2 0.35758376121520996 18 19 0.04176994799486706
-1 0.0 0 0 0.0005774180082871661
102 -0.10612863302230835 20 21 0.0837628186353498
-1 0.0 0 0 -0.008263739903343063
91 0.0389413945376873 22 23 0.10340728877680305
-1 0.0 0 0 0.013865550523366348
-1 0.0 0 0 0.0008213125964737895
1 0.21497726440429688 25 26 0.05589272190259935
-1 0.0 0 0 -0.00205987068655387
49 0.09517768025398254 27 28 0.07634802436707715
-1 0.0 0 0 0.0025748673267111475
-1 0.0 0 0 0.010192945265845655
nodes 29
34 0.19840990006923676 1 20 0.0
2 0.4352329969406128 2 19 -0.012428024783035684
96 -0.12002646923065186 3 4 -0.020283289652583587
-1 0.0 0 0 0.001542787929998957
6 1.1043202877044678 5 16 -0.03908391981842898
21 0.08952725678682327 6 9 -0.0701434995230381
73 0.0302366241812706 7 8 -0.14187129036299134
-1 0.0 0 0 -0.010802260138634652
-1 0.0 0 0 -0.026584962454372016
18 0.10623668134212494 10 15 -0.0405974989052215
37 0.06105855852365494 11 14 -0.02711970364564574
47 -0.0707133412361145 12 13 -0.014461896277222936
-1 0.0 0 0 -0.010366949052339439
-1 0.0 0 0 0.0005559821413703466
-1 0.0 0 0 -0.01675378477686977
-1 0.0 0 0 -0.02003054120021087
2 0.4056834280490875 17 18 -0.006204466641023837
-1 0.0 0 0 -0.0011208592285279514
-1 0.0 0 0 0.02209373455568725
-1 0.0 0 0 0.005366831514383585
2 0.3280889391899109 21 22 0.0315883546489183
-1 0.0 0 0 -0.0010891725907991871
21 -0.10869596153497696 23 24 0.06121510795784669
-1 0.0 0 0 -0.02298947990866833
46 -0.08571737259626389 25 26 0.07085187464654519
-1 0.0 0 0 -0.0018451293884855502
68 0.027030929923057556 27 28 0.09248692974943834
-1 0.0 0 0 0.012320015495391998
-1 0.0 0 0 0.0027023756820243588
nodes 29
49 0.18451125919818878 1 20 0.0
37 -0.08017195016145706 2 5 -0.0122108372408208
18 -0.10619496554136276 3 4 0.011681641506366615
-1 0.0 0 0 0.005667084034464791
-1 0.0 0 0 -0.00023722362986707031
70 -0.010024105198681355 6 17 -0.029982605515757384
6 1.1058831214904785 7 16 -0.059027598235018505
7 0.7049999833106995 8 13 -0.09954349234065941
34 0.0463273786008358 9 10 -0.0941284084229796
-1 0.0 0 0 -0.02087214229447475
93 -0.05239250883460045 11 12 -0.07442869103868652
-1 0.0 0 0 -0.0005146647572175009
-1 0.0 0 0 -0.011343855692465406
35 0.011365129612386227 14 15 -0.8949477998715527
-1 0.0 0 0 -0.027292990994950136
-1 0.0 0 0 -0.140972122601394
-1 0.0 0 0 -0.0017796284550259545
79 -0.0211593359708786 18 19 -0.012665264092441019
-1 0.0 0 0 0.0016132568503666265
-1 0.0 0 0 -0.00442865499689201
68 0.03135136887431145 21 28 0.03227308669479846
2 0.3183991014957428 22 23 0.04838641783502689
-1 0.0 0 0 0.0007926028792304556
6 0.9423370361328125 24 25 0.07522647789307042
-1 0.0 0 0 -0.015952731225980784
41 0.12210617959499359 26 27 0.0838701654239391
-1 0.0 0 0 0.005269596767616427
-1 0.0 0 0 0.015456740345465661
-1 0.0 0 0 -0.00137184599800911
nodes 29
85 0.07338138669729233 1 18 0.0
41 0.0306084007024765 2 5 -0.014252579623757184
6 1.1575943231582642 3 4 -0.04530224918516767
-1 0.0 0 0 -0.006146877007992372
-1 0.0 0 0 0.0002616822609298038
21 0.24669533967971802 6 17 0.0008546388030096522
95 -0.01242267619818449 7 8 -0.006784693010050182
-1 0.0 0 0 -0.00435678089280805
54 -0.052276283502578735 9 10 0.009393712260786101
-1 0.0 0 0 -0.004546963379352313
2 0.32565993070602417 11 12 0.024495918686405636
-1 0.0 0 0 -0.0014404990088208408
88 -0.011864115484058857 13 14 0.046968983299040645
-1 0.0 0 0 -0.0003109564034978141
35 -0.008265743032097816 15 16 0.0725444004123075
-1 0.0 0 0 0.001699973776890371
-1 0.0 0 0 0.010672042643394067
-1 0.0 0 0 0.007821063695883097
2 0.34779348969459534 19 20 0.026584587246574743
-1 0.0 0 0 -1.4687444848267455e-05
34 -0.023556960746645927 21 22 0.052342984031274215
-1 0.0 0 0 -0.009774942976941224
91 0.13582174479961395 23 28 0.062321526842456294
9 -0.031551580876111984 24 27 0.07172213650016779
8 68.5 25 26 0.10784437758579431
-1 0.0 0 0 0.013542683275814905
-1 0.0 0 0 0.0019069426195214496
-1 0.0 0 0 0.003110582515734414
-1 0.0 0 0 -0.01154589394322332
nodes 29
73 0.0546417273581028 1 26 0.0
106 0.024905823171138763 2 7 0.008703767794776064
89 -0.19908998906612396 3 4 -0.015254994061243043
-1 0.0 0 0 0.007270338090721078
88 -0.07770255953073502 5 6 -0.022505775365467627
-1 0.0 0 0 -0.008157804287296974
-1 0.0 0 0 -0.001197802363792101
27 -0.03530456870794296 8 9 0.026898773928086258
-1 0.0 0 0 -0.0021145576499299714
2 0.27054551243782043 10 11 0.0390988057488729
-1 0.0 0 0 -0.0021955229741081484
34 0.1418818086385727 12 15 0.051488198691075716
47 0.05059392750263214 13 14 0.018104703460637812
-1 0.0 0 0 -0.0008411323540273753
-1 0.0 0 0 0.007091122624860145
68 -0.025347420945763588 16 19 0.08154494224833961
85 0.03913303092122078 17 18 0.12058105780107976
-1 0.0 0 0 0.006638219270073996
-1 0.0 0 0 0.017175081866338187
40 -0.08901912719011307 20 21 0.04343512334265917
-1 0.0 0 0 -0.00856601246213427
24 -0.07299048453569412 22 23 0.061882379315488734
-1 0.0 0 0 -0.00513213399817694
77 0.11323492974042892 24 25 0.08630406871702274
-1 0.0 0 0 0.010497700832281095
-1 0.0 0 0 -0.007882993425475817
2 0.4412658214569092 27 28 -0.04174116001480632
-1 0.0 0 0 -0.005571881912953388
-1 0.0 0 0 0.009416963976761297
nodes 29
79 0.027149533852934837 1 26 0.0
49 0.03852136805653572 2 3 0.011137414870938542
-1 0.0 0 0 -0.003864697541826918
42 -0.015978321433067322 4 15 0.021250605417628344
2 0.27054551243782043 5 6 0.03841436871725947
-1 0.0 0 0 -0.0018965861974668203
34 0.19840990006923676 7 12 0.050694590167404026
43 0.03809216618537903 8 11 0.031055828461268427
95 -0.09613475948572159 9 10 0.041986653862133946
-1 0.0 0 0 -0.006642091980791408
-1 0.0 0 0 0.005016193964498745
-1 0.0 0 0 -0.006383232793340654
68 0.017148518934845924 13 14 0.09795595667449479
-1 0.0 0 0 0.013103201012450258
-1 0.0 0 0 0.00390897637812703
2 0.38661983609199524 16 19 -0.006957318762780052
19 -0.046351559460163116 17 18 -0.02925399676157224
-1 0.0 0 0 0.00168657527596016
-1 0.0 0 0 -0.005434581013472352
60 0.1513482630252838 20 25 0.038726970315897405
18 0.10623668134212494 21 24 0.019858435405217426
105 0.009889364242553711 22 23 0.035246724800490015
-1 0.0 0 0 -0.0022800896756717225
-1 0.0 0 0 0.009436315970700456
-1 0.0 0 0 -0.018145585260948036
-1 0.0 0 0 0.02088669609992884
6 0.9900560975074768 27 28 -0.03125207596284305
-1 0.0 0 0 -0.013866266820498963
-1 0.0 0 0 -0.002438423530075156
nodes 29
37 0.0090972064062953 1 22 0.0
18 0.03910796344280243 2 21 0.009682890275581372
9 -0.033342957496643066 3 20 0.020381178272892184
2 0.3414051830768585 4 5 0.045154764187795
-1 0.0 0 0 0.000770687990711626
14 0.09330166131258011 6 17 0.07272762430037723
107 0.014803079888224602 7 14 0.0869139396140241
58 0.21351248025894165 8 13 0.11343453907743097
18 -0.13976722955703735 9 10 0.10411960158893346
-1 0.0 0 0 0.01875122331070982
89 -0.00020902612595818937 11 12 0.08285700323296234
-1 0.0 0 0 0.010882954018951415
-1 0.0 0 0 -0.00014754292971733422
-1 0.0 0 0 0.03188076944637402
38 0.11934013664722443 15 16 0.02680699223802198
-1 0.0 0 0 0.004987487954284049
-1 0.0 0 0 -0.01460350039444587
80 0.06780913472175598 18 19 -0.06599207327170095
-1 0.0 0 0 0.0007839597037351472
-1 0.0 0 0 -0.025433817099887547
-1 0.0 0 0 -0.00025780438884478806
-1 0.0 0 0 -0.0029307819598575102
70 -0.010024105198681355 23 28 -0.03363712691370603
6 1.118859052658081 24 27 -0.06929819316854331
88 -0.07448064535856247 25 26 -0.1117460475613146
-1 0.0 0 0 -0.025832275689752594
-1 0.0 0 0 -0.007700277516344015
-1 0.0 0 0 -0.0018141997369198989
-1 0.0 0 0 -0.0010419765562684033
nodes 29
43 -0.09609956294298172 1 10 0.0
89 0.04650842025876045 2 9 0.019711962497832334
2 0.3142848312854767 3 4 0.02778207866626852
-1 0.0 0 0 -0.0009277643247956595
41 0.07339809834957123 5 8 0.047550435729947396
49 -0.02149396389722824 6 7 0.014676253596489218
-1 0.0 0 0 -0.014282029127987659
-1 0.0 0 0 0.002446990086456345
-1 0.0 0 0 0.008024140582259552
-1 0.0 0 0 -0.004740072997971357
34 0.2496463805437088 11 28 -0.016450804211424707
6 0.8444223403930664 12 13 -0.024213769517804833
-1 0.0 0 0 -0.03967473636976726
40 0.03855176270008087 14 27 -0.022654564694588247
6 1.150236964225769 15 26 -0.04171439795982671
2 0.40488994121551514 16 25 -0.059254269144339775
49 0.0696142390370369 17 20 -0.09037701763927199
20 -0.02745875157415867 18 19 -0.18035510505805014
-1 0.0 0 0 -0.02968215866908715
-1 0.0 0 0 -0.012224407461061411
33 -0.05489485710859299 21 22 -0.06211543059491742
-1 0.0 0 0 -0.000617046692399752
34 0.07230566442012787 23 24 -0.10648101089219925
-1 0.0 0 0 -0.024546715708832996
-1 0.0 0 0 -0.006826767991995323
-1 0.0 0 0 -0.0009771665691303752
-1 0.0 0 0 0.0005469745703292069
-1 0.0 0 0 0.00012285733153228124
-1 0.0 0 0 0.004312414835066658
nodes 29
84 -0.028825625777244568 1 4 0.0
29 0.15086211264133453 2 3 -0.030340534914255504
-1 0.0 0 0 -0.004059874536618624
-1 0.0 0 0 0.0045702258802185515
93 -0.03099161386489868 5 18 0.010380096112180623
89 -0.2442222386598587 6 7 0.03150497915242206
-1 0.0 0 0 0.018878251497775337
58 -0.021127143874764442 8 9 0.026634321494685365
-1 0.0 0 0 -0.0028360715407940783
2 0.27054551243782043 10 11 0.03982913130581853
-1 0.0 0 0 -0.0031249392950011405
8 79.5 12 17 0.050873738894115644
20 -0.12944470345973969 13 14 0.0603547162426638
-1 0.0 0 0 -0.005798730691628755
74 -0.05151526629924774 15 16 0.06993045560774422
-1 0.0 0 0 -0.0006546463008526923
-1 0.0 0 0 0.008318681764981031
-1 0.0 0 0 -0.005353906365655347
87 0.12230446934700012 19 28 -0.007792799052590025
9 0.04236634448170662 20 27 0.00011589443512012439
2 0.3859165906906128 21 22 0.012181969905594994
-1 0.0 0 0 -0.0006522685163208516
6 1.105071783065796 23 24 0.055290028029109685
-1 0.0 0 0 0.004067934787822074
7 0.7289999723434448 25 26 0.30106801027383273
-1 0.0 0 0 0.025305765791794096
-1 0.0 0 0 0.12487506176466528
-1 0.0 0 0 -0.004398666322712948
-1 0.0 0 0 -0.007399896290303024
nodes 29
49 0.20368927717208862 1 26 0.0
103 0.05991770327091217 2 15 -0.008936512831883354
79 0.06431759148836136 3 12 0.003277258536417156
27 0.0372517928481102 4 5 0.012390229695169059
-1 0.0 0 0 -0.0008575834621662829
2 0.3512759804725647 6 7 0.03257157065322407
-1 0.0 0 0 0.000331718794989328
49 0.010477112606167793 8 9 0.0602813863857417
-1 0.0 0 0 -0.00488157592275093
88 -0.07934414595365524 10 11 0.07825843914808367
-1 0.0 0 0 -0.0029481835888449854
-1 0.0 0 0 0.009617959380762589
6 1.1161704063415527 13 14 -0.04516921379926154
-1 0.0 0 0 -0.008587915242925138
-1 0.0 0 0 0.0007092837593496203
2 0.4250650107860565 16 25 -0.03852194277309566
6 1.1027727127075195 17 24 -0.0512758267544427
43 0.10275857895612717 18 23 -0.09068691234598442
47 -0.10322342067956924 19 20 -0.08303599179480606
-1 0.0 0 0 -0.022506844902409593
2 0.370120108127594 21 22 -0.0665510809084616
-1 0.0 0 0 -0.012844822070270188
-1 0.0 0 0 -0.0026210903337094533
-1 0.0 0 0 -0.04162286563132902
-1 0.0 0 0 -0.0007963329679020422
-1 0.0 0 0 0.0027092676700890424
23 0.04898151382803917 27 28 0.03406056603459734
-1 0.0 0 0 0.005536011462772334
-1 0.0 0 0 -0.0012339811654511067
nodes 29
73 0.0622389130294323 1 26 0.0
96 0.003807034809142351 2 17 0.007323596809097997
21 0.18609517812728882 3 12 0.017887287966708375
14 0.02120724320411682 4 11 0.005167854979238372
34 0.17296777665615082 5 6 0.019937429213367067
-1 0.0 0 0 4.4478567561557014e-05
2 0.29784074425697327 7 8 0.049796456833173054
-1 0.0 0 0 -0.0019145050331988629
89 0.13682502508163452 9 10 0.0771667509496163
-1 0.0 0 0 0.008468678857158038
-1 0.0 0 0 -0.018552244856171678
-1 0.0 0 0 -0.0035237944202440143
2 0.2137904167175293 13 14 0.05336322263377693
-1 0.0 0 0 -0.004857040512269126
89 -0.07596179842948914 15 16 0.0644649048646794
-1 0.0 0 0 0.010742419771233462
-1 0.0 0 0 0.002885787416910538
6 1.1058831214904785 18 21 -0.029389513597012484
85 -0.057032566517591476 19 20 -0.056604630885754514
-1 0.0 0 0 -0.016131193710026696
-1 0.0 0 0 -0.0035808901671826165
2 0.38738423585891724 22 23 0.007177009149413938
-1 0.0 0 0 -0.0006012643441756051
7 0.6930000185966492 24 25 0.2040852546377091
-1 0.0 0 0 0.013776972119992903
-1 0.0 0 0 0.10983975912843431
2 0.4412658214569092 27 28 -0.04056182759891297
-1 0.0 0 0 -0.0053413033910524235
-1 0.0 0 0 0.008336243535167662
nodes 29
41 0.11402719467878342 1 20 0.0
2 0.43640458583831787 2 17 -0.013123618437512419
73 -0.04188188165426254 3 6 -0.01992259737584619
37 -0.13030850887298584 4 5 0.002008648673186313
-1 0.0 0 0 0.0050971430236860776
-1 0.0 0 0 -0.0014036985766957607
6 1.1058831214904785 7 16 -0.04129483850581784
49 -0.06148838624358177 8 9 -0.06619703079241823
-1 0.0 0 0 -0.042300875106086565
21 0.07544481009244919 10 11 -0.059650236027231913
-1 0.0 0 0 -0.014224198617663247
96 0.10957023501396179 12 15 -0.034771712835236286
58 -0.015118985436856747 13 14 -0.02518289570373613
-1 0.0 0 0 -0.011455616498326864
-1 0.0 0 0 -0.00023402592942570037
-1 0.0 0 0 -0.028305128661595843
-1 0.0 0 0 -0.0010562133699646185
49 -0.14169229567050934 18 19 0.045592211050112345
-1 0.0 0 0 -0.07304838311213714
-1 0.0 0 0 0.005021030162757464
2 0.294642835855484 21 22 0.022861077008927193
-1 0.0 0 0 -0.0017969571967099156
72 -0.05153849720954895 23 26 0.038245980456762856
40 0.01870620809495449 24 25 -0.02776656426855718
-1 0.0 0 0 -0.010031699062828133
-1 0.0 0 0 0.00341539548006408
14 0.02599596232175827 27 28 0.054123863176251626
-1 0.0 0 0 0.007395340558279164
-1 0.0 0 0 0.00035125107222278604
nodes 29
6 0.9676146507263184 1 2 0.0
-1 0.0 0 0 -0.00848906160647392
106 0.04958377406001091 3 22 0.0034653198880427094
2 0.42033088207244873 4 19 -0.012697338029309547
6 1.10193932056427 5 18 -0.021536824384881605
7 0.47999998927116394 6 15 -0.04683944267732198
14 0.1263934075832367 7 14 -0.03549869182287952
68 0.07201499491930008 8 13 -0.026338540709161654
96 0.04899406060576439 9 12 -0.0076227425095492345
73 0.10277155786752701 10 11 0.00695996291899075
-1 0.0 0 0 0.0017301697055339003
-1 0.0 0 0 -0.014731126085652323
-1 0.0 0 0 -0.014019543620930136
-1 0.0 0 0 -0.012197815999384777
-1 0.0 0 0 -0.023292061849822174
101 -0.012965084053575993 16 17 -0.2248142509211301
-1 0.0 0 0 -0.04851480525538543
-1 0.0 0 0 -0.00904063232611272
-1 0.0 0 0 7.133970730636756e-05
3 0.578287661075592 20 21 0.03257933336173106
-1 0.0 0 0 0.030406244279690305
-1 0.0 0 0 0.001965478010956563
43 0.02959909848868847 23 28 0.02221365424567011
2 0.3568562865257263 24 25 0.02996669422844164
-1 0.0 0 0 0.0007998177738035135
60 0.028598755598068237 26 27 0.06185792498793214
-1 0.0 0 0 0.0023128599355729516
-1 0.0 0 0 0.01013725010271957
-1 0.0 0 0 -0.00403274295941553
nodes 29
107 -0.016329819336533546 1 22 0.0
21 0.2511688768863678 2 17 0.015406625608519143
9 -0.033342957496643066 3 16 0.008442799937431389
2 0.37863266468048096 4 7 0.030773955215141927
76 -0.040151551365852356 5 6 0.008505926012487458
-1 0.0 0 0 -0.005967368540556521
-1 0.0 0 0 0.0025910152385727886
1 0.34753867983818054 8 13 0.06937983465262487
26 -0.03970688581466675 9 12 0.14551046266766587
41 0.016637681052088737 10 11 -0.002875665900684789
-1 0.0 0 0 -0.02687336799897588
-1 0.0 0 0 0.011310266239320656
-1 0.0 0 0 0.02012529404563617
18 0.08067496120929718 14 15 0.043000600096492016
-1 0.0 0 0 0.005889675252951545
-1 0.0 0 0 -0.011230228597534793
-1 0.0 0 0 -0.0013129127155506678
2 0.31259971857070923 18 19 0.09466419279072234
-1 0.0 0 0 0.0005707745364508214
68 0.010233066976070404 20 21 0.14232380251907228
-1 0.0 0 0 0.02053355817396262
-1 0.0 0 0 0.0032957167841817375
6 0.8444223403930664 23 24 -0.019056243267121985
-1 0.0 0 0 -0.04127059929649642
72 -0.018627595156431198 25 26 -0.01750035034460362
-1 0.0 0 0 -0.00499027654692563
85 0.02149907685816288 27 28 -0.001972421547200056
-1 0.0 0 0 -0.0028565777421867664
-1 0.0 0 0 0.0021865102752953998
nodes 29
99 -0.04208788648247719 1 4 0.0
6 1.1143425703048706 2 3 -0.026592974330900444
-1 0.0 0 0 -0.0046221590637637805
-1 0.0 0 0 0.00023418894098323458
96 0.06085795536637306 5 28 0.010666699294640179
73 0.0622389130294323 6 25 0.016622954008335196
85 0.08052170276641846 7 14 0.025166941638916442
49 0.07195771485567093 8 9 0.011168311638264622
-1 0.0 0 0 -0.002853762765092366
21 0.24874496459960938 10 11 0.026097153741850627
-1 0.0 0 0 0.0017636340313132702
1 0.21762268245220184 12 13 0.09629779704797017
-1 0.0 0 0 -0.0013909397113226775
-1 0.0 0 0 0.014813090632179
2 0.3224964439868927 15 16 0.05552695850098913
-1 0.0 0 0 0.0007431297334874728
46 0.06110795587301254 17 20 0.08237175002462055
88 -0.053713563829660416 18 19 0.05519073521056617
-1 0.0 0 0 -0.003923806178848893
-1 0.0 0 0 0.007828249342867572
41 0.12109433859586716 21 22 0.15058071172781362
-1 0.0 0 0 0.009277893589057173
98 -0.09832054376602173 23 24 0.25792686685412003
-1 0.0 0 0 0.049046548028618346
-1 0.0 0 0 0.01929764265506816
2 0.4412658214569092 26 27 -0.029587372495422936
-1 0.0 0 0 -0.004228897608487964
-1 0.0 0 0 0.011121510145887468
-1 0.0 0 0 -0.005327343063912301
nodes 29
43 -0.11934275925159454 1 4 0.0
79 0.09909960627555847 2 3 0.021605612657168132
-1 0.0 0 0 0.0028049916656321004
-1 0.0 0 0 -0.005276483620618731
74 -0.04146343097090721 5 6 -0.012194879711316572
-1 0.0 0 0 -0.004972003407539329
34 0.2496463805437088 7 24 -0.002576846337457995
6 0.8444223403930664 8 9 -0.010206011776087879
-1 0.0 0 0 -0.03496999256689139
58 0.09054677188396454 10 23 -0.00869657394457463
6 1.1108274459838867 11 22 -0.023105955287841488
7 0.46799999475479126 12 17 -0.04371601641116039
89 -0.18788553774356842 13 14 -0.03407922365086626
-1 0.0 0 0 0.0074302258236587345
58 -0.06492696702480316 15 16 -0.04701317928134811
-1 0.0 0 0 -0.013287244415511488
-1 0.0 0 0 -0.0031616284761626016
40 0.0567551888525486 18 19 -0.19430708792351092
-1 0.0 0 0 -0.03092875465960171
46 -0.002549518598243594 20 21 0.0027167188642730857
-1 0.0 0 0 -0.025597932498483734
-1 0.0 0 0 0.024828098383779418
-1 0.0 0 0 0.0005109715116070004
-1 0.0 0 0 0.002098756353025121
2 0.3280889391899109 25 26 0.05292164109714167
-1 0.0 0 0 -0.0014582402314355421
21 -0.025799253955483437 27 28 0.09546064194261585
-1 0.0 0 0 -0.013004031894772426
-1 0.0 0 0 0.012087107470371021
nodes 29
37 -0.08681544661521912 1 12 0.0
58 0.2023707777261734 2 11 0.019489356921208782
42 -0.04462740942835808 3 8 0.01459425739782982
100 0.043149787932634354 4 5 0.03566672920918149
-1 0.0 0 0 0.0007629912429240782
7 0.4569999873638153 6 7 0.06709314387270744
-1 0.0 0 0 0.009408589460590783
-1 0.0 0 0 -1.3446816438918643e-05
85 0.1410234570503235 9 10 -0.007133999025651558
-1 0.0 0 0 -0.0018494100543072003
-1 0.0 0 0 0.006910878671489911
-1 0.0 0 0 0.011048601247036147
107 0.06427059322595596 13 26 -0.013423514611832107
70 0.07331693917512894 14 25 -0.005019576114019638
5 1.2367513179779053 15 20 -0.01822542127513536
105 -0.04485050216317177 16 17 -0.03787511274150988
-1 0.0 0 0 -0.008756113009917799
20 -0.15903256833553314 18 19 -0.01755825428699361
-1 0.0 0 0 -0.018687803624392315
-1 0.0 0 0 -0.0009693311150785181
2 0.4091390520334244 21 24 0.009906053454283102
7 0.9240000247955322 22 23 -0.0006173170495358945
-1 0.0 0 0 0.0003027520592445516
-1 0.0 0 0 -0.031574092703731425
-1 0.0 0 0 0.014375892485314432
-1 0.0 0 0 0.0027150365010053207
6 0.9423370361328125 27 28 -0.05625919906994688
-1 0.0 0 0 -0.03629214878020765
-1 0.0 0 0 -0.004931675492154129
nodes 29
47 -0.0707133412361145 1 14 0.0
6 1.1035683155059814 2 9 -0.034169019837313123
2 0.4041031002998352 3 6 -0.05988991789188319
34 0.06668571382761002 4 5 -0.10512739025060182
-1 0.0 0 0 -0.023228665999389497
-1 0.0 0 0 -0.00809931801833591
104 -0.015825172886252403 7 8 0.0038796904983782925
-1 0.0 0 0 -0.008239429111588389
-1 0.0 0 0 0.004824318381805612
2 0.39907801151275635 10 11 0.0018375000813034479
-1 0.0 0 0 -0.0007183569673645663
83 -0.1110854521393776 12 13 0.2942003474283653
-1 0.0 0 0 0.10045436292886734
-1 0.0 0 0 0.018491676560370252
42 -0.015978321433067322 15 26 0.007520853057995599
89 -0.04783093184232712 16 23 0.021609702317708767
2 0.26273393630981445 17 18 0.040631752412932126
-1 0.0 0 0 -0.002328871034887839
43 -0.040508221834897995 19 22 0.05337614448063794
96 -0.17369508743286133 20 21 0.07266314562456612
-1 0.0 0 0 0.01406036483785475
-1 0.0 0 0 0.005798023584768098
-1 0.0 0 0 0.0010489180492171022
73 0.04876979812979698 24 25 -0.0036188554678721757
-1 0.0 0 0 0.0009538633449495611
-1 0.0 0 0 -0.006623120318341686
105 -0.0781332403421402 27 28 -0.014666948913043995
-1 0.0 0 0 -0.0064016367073917654
-1 0.0 0 0 -0.00031216031772371845
nodes 29
72 -0.04765354096889496 1 2 0.0
-1 0.0 0 0 -0.0029790889317236266
41 0.008069679141044617 3 4 0.008192674986052362
-1 0.0 0 0 -0.002559515311675451
2 0.34850990772247314 5 12 0.01818066864106308
29 0.09382117539644241 6 7 -0.001348808102058497
-1 0.0 0 0 -0.001553612151172939
100 0.06660301238298416 8 9 0.03994852480352947
-1 0.0 0 0 -0.001051297935735197
6 1.1227973699569702 10 11 0.098200866759026
-1 0.0 0 0 0.016983678760898804
-1 0.0 0 0 0.00168855436742409
60 -0.02769341506063938 13 20 0.03852694756853001
7 0.8489999771118164 14 19 -0.014355880917461148
73 -0.061555415391922 15 18 -0.016834493591634088
24 0.06710498034954071 16 17 0.03808944864741749
-1 0.0 0 0 -0.00036934132994150817
-1 0.0 0 0 0.015455188339718174
-1 0.0 0 0 -0.005326448236795009
-1 0.0 0 0 0.10292580840843064
91 0.005713988095521927 21 24 0.06107688785582082
34 0.14008933305740356 22 23 0.09118001360015623
-1 0.0 0 0 0.004395110885343931
-1 0.0 0 0 0.013832429251983065
14 0.0843333974480629 25 26 0.017724569998840013
-1 0.0 0 0 0.0034809685201615385
80 0.0688837468624115 27 28 -0.09386494901345145
-1 0.0 0 0 -0.0007920542123368247
-1 0.0 0 0 -0.02938120838665568
nodes 29
79 -0.0211593359708786 1 10 0.0
81 0.1518973708152771 2 9 0.013864315616305271
58 0.09466920047998428 3 6 0.01771309864224928
47 -0.005613163113594055 4 5 0.0028015292004838536
-1 0.0 0 0 -0.0026719465863612075
-1 0.0 0 0 0.0023584321332053254
89 -0.14667601138353348 7 8 0.046241976160007525
-1 0.0 0 0 0.010408431420145522
-1 0.0 0 0 0.0030183948158088525
-1 0.0 0 0 -0.00826220797482436
6 1.1027727127075195 11 28 -0.01687832421702689
7 0.7049999833106995 12 25 -0.03366511780549822
21 -0.14419633150100708 13 14 -0.0310854241610876
-1 0.0 0 0 -0.03693916906315954
85 -0.051151957362890244 15 18 -0.02737517224398954
2 0.3982846438884735 16 17 -0.09720713050862564
-1 0.0 0 0 -0.016152962533019625
-1 0.0 0 0 -0.002737803555264538
106 -0.005149593576788902 19 20 -0.01394516903453245
-1 0.0 0 0 -0.005641764339566288
43 0.09201047569513321 21 24 0.0066920033090450285
49 -0.050049178302288055 22 23 0.01277879161720837
-1 0.0 0 0 -0.020865043552177262
-1 0.0 0 0 0.0018512947635919833
-1 0.0 0 0 -0.02057793746107963
96 -0.12534256279468536 26 27 -0.5275573879265442
-1 0.0 0 0 0.024822758379741572
-1 0.0 0 0 -0.07808749297139596
-1 0.0 0 0 0.000403849379133828
nodes 29
49 0.20368927717208862 1 26 0.0
74 -0.040170688182115555 2 3 -0.007776752756459877
-1 0.0 0 0 -0.0042099447429086116
27 -0.032732363790273666 4 15 0.0006970862503264557
6 1.1134586334228516 5 14 -0.03234433875869848
41 0.09387606382369995 6 11 -0.0655693695945395
2 0.40152427554130554 7 10 -0.10740289763417898
7 0.7049999833106995 8 9 -0.17633127675518098
-1 0.0 0 0 -0.016594630494743492
-1 0.0 0 0 -0.08409694724509287
-1 0.0 0 0 -0.0029596623083699143
95 0.004458085633814335 12 13 -0.009422362526738719
-1 0.0 0 0 -0.00988840655864493
-1 0.0 0 0 0.0041254133394174036
-1 0.0 0 0 0.0005646153070078316
93 -0.008407850749790668 16 25 0.010412658333640112
2 0.3311530351638794 17 18 0.029294594970843902
-1 0.0 0 0 -0.0007407076806568965
53 -0.0217642392963171 19 24 0.04929281781760665
34 0.18688362836837769 20 23 0.07829215937880073
88 -0.1384204775094986 21 22 0.05116309619786052
-1 0.0 0 0 -0.014962990542873741
-1 0.0 0 0 0.0061843575007785945
-1 0.0 0 0 0.013994558273405079
-1 0.0 0 0 -0.0002873978792080787
-1 0.0 0 0 -0.001346213577052043
23 0.04898151382803917 27 28 0.029640263366929456
-1 0.0 0 0 0.00483952178122031
-1 0.0 0 0 -0.0011216798274441251
nodes 29
6 0.9900560975074768 1 2 0.0
-1 0.0 0 0 -0.005873436452905775
106 -0.05406051129102707 3 4 0.00393233546537413
-1 0.0 0 0 -0.003072908309766207
85 -0.08132045716047287 5 6 0.01078869336431817
-1 0.0 0 0 -0.003955244114401034
37 0.03001842275261879 7 28 0.016760626260429765
2 0.3594459891319275 8 11 0.024616815420155584
29 0.10850611329078674 9 10 0.006514206296036513
-1 0.0 0 0 -0.0005125171323059418
-1 0.0 0 0 0.004989577809617438
18 -0.042935773730278015 12 23 0.0514208595419795
20 -0.1269722878932953 13 14 0.08573829627830815
-1 0.0 0 0 -0.005528390189499544
49 -0.02149396389722824 15 16 0.09876155781765454
-1 0.0 0 0 -0.00563232640977126
5 1.2688450813293457 17 18 0.10972808345741025
-1 0.0 0 0 0.008991774935526544
41 0.0001902333606267348 19 20 0.21452635743506968
-1 0.0 0 0 0.0018347169286233374
21 -0.07495424896478653 21 22 0.2857580864653019
-1 0.0 0 0 -0.02355729729721421
-1 0.0 0 0 0.032177732329916164
34 0.17878010869026184 24 25 0.01764473440164202
-1 0.0 0 0 -0.0010158513682573184
6 1.1058831214904785 26 27 0.08191957325636175
-1 0.0 0 0 0.005993116062833699
-1 0.0 0 0 0.0322485869830296
-1 0.0 0 0 -0.00254727457441559
nodes 29
84 -0.028825625777244568 1 14 0.0
6 1.0936890840530396 2 13 -0.025375788011622553
100 0.1026126891374588 3 10 -0.05173785190245338
7 0.7649999856948853 4 9 -0.07569252124016333
15 0.044520292431116104 5 8 -0.07358050217170824
52 0.07473491877317429 6 7 -0.09908136162540276
-1 0.0 0 0 -0.007897826511251116
-1 0.0 0 0 -0.020863074013615132
-1 0.0 0 0 -0.0004967222678292285
-1 0.0 0 0 -0.10774935660440298
37 0.1480714976787567 11 12 0.03350831898133297
-1 0.0 0 0 0.0042597526085018135
-1 0.0 0 0 -0.06111262156031071
-1 0.0 0 0 0.00011585091366814246
9 0.04236634448170662 15 28 0.008681558078385913
27 0.05962913855910301 16 17 0.017632267583204984
-1 0.0 0 0 0.00015107724933550128
18 0.06416309624910355 18 27 0.04044896684381502
2 0.32165929675102234 19 20 0.05153739423151311
-1 0.0 0 0 0.0008835741395811134
49 0.02645791694521904 21 22 0.07019111764644058
-1 0.0 0 0 -0.002057834508660093
89 -0.18385007977485657 23 24 0.08474239544721258
-1 0.0 0 0 0.018073273325385747
65 0.053484197705984116 25 26 0.07069416149625862
-1 0.0 0 0 0.004142409698168905
-1 0.0 0 0 0.011917990812816866
-1 0.0 0 0 -0.0021402215175750946
-1 0.0 0 0 -0.00247380255867165
nodes 29
68 0.09964754432439804 1 28 0.0
107 0.0755225419998169 2 21 0.004874930361186496
9 -0.030587762594223022 3 18 0.011198316601627043
2 0.37863266468048096 4 7 0.028332822790667237
42 -0.06280595809221268 5 6 0.010514088008101188
-1 0.0 0 0 0.00453461530803646
-1 0.0 0 0 -0.001457554439870541
62 -0.05018206313252449 8 11 0.0591310542163572
4 0.686136782169342 9 10 0.1125353643108191
-1 0.0 0 0 -0.045273077590985505
-1 0.0 0 0 0.011803702274742539
74 -0.07401026040315628 12 13 0.031209178168684425
-1 0.0 0 0 -0.007137649282625737
18 0.0048313746228814125 14 15 0.047899653252638924
-1 0.0 0 0 0.007774045418602576
52 0.09155377745628357 16 17 -0.019399588138120243
-1 0.0 0 0 0.0009007039406379201
-1 0.0 0 0 -0.024186726263536504
21 0.09049885720014572 19 20 -0.005656501135962278
-1 0.0 0 0 -0.0037199327639104
-1 0.0 0 0 0.0009551181112937489
6 1.0930484533309937 22 27 -0.036110116438271424
89 0.11087572574615479 23 26 -0.08131386089251555
24 -0.033935774117708206 24 25 -0.06854552546096761
-1 0.0 0 0 -0.015489323676304005
-1 0.0 0 0 -0.00315781947041517
-1 0.0 0 0 -0.03796435522631035
-1 0.0 0 0 0.0004119019361500301
-1 0.0 0 0 -0.0044854033347795025
nodes 29
73 -0.06064920499920845 1 6 0.0
96 0.04254639148712158 2 5 0.018064979042812797
24 0.03952550329267979 3 4 0.027910334374390527
-1 0.0 0 0 0.0008068990590553281
-1 0.0 0 0 0.005866045308155993
-1 0.0 0 0 -0.004314961027792078
2 0.42595577239990234 7 26 -0.012043319482262397
6 1.1043202877044678 8 25 -0.020233795882054765
34 -0.007242201827466488 9 10 -0.041879105293092335
-1 0.0 0 0 -0.02045585663620598
7 0.7049999833106995 11 24 -0.03370483205715311
21 0.04413175955414772 12 15 -0.030771384916919133
27 0.04560087248682976 13 14 -0.11184794112029206
-1 0.0 0 0 -0.017956919924230052
-1 0.0 0 0 -0.0035055833312794223
101 -0.056357938796281815 16 17 -0.016855482452546467
-1 0.0 0 0 -0.008343740301431549
18 0.16091448068618774 18 23 0.000553729207871938
58 0.2023707777261734 19 22 0.005365196615959444
106 -0.06377817690372467 20 21 -0.003308180179852688
-1 0.0 0 0 -0.009976336597236284
-1 0.0 0 0 0.0008886196929320131
-1 0.0 0 0 0.013372792473825024
-1 0.0 0 0 -0.023545993661790884
-1 0.0 0 0 -0.043722030678512276
-1 0.0 0 0 0.0003289269460046904
1 0.3321366012096405 27 28 0.03892457464732311
-1 0.0 0 0 0.03097234471906516
-1 0.0 0 0 0.0025477018808363287
nodes 29
99 -0.04208788648247719 1 6 0.0
5 1.2345788478851318 2 5 -0.02302576356164236
24 -0.09561240673065186 3 4 -0.042680819140605356
-1 0.0 0 0 -0.014751138833163362
-1 0.0 0 0 -0.00307615190926149
-1 0.0 0 0 0.00024205700157390404
18 -0.059374772012233734 7 20 0.00923585664204341
2 0.4465023875236511 8 19 0.029436366820138886
20 -0.09960968047380447 9 10 0.023477980210572527
-1 0.0 0 0 -0.0048169345298186995
93 0.053054701536893845 11 18 0.0335396138809391
2 0.3091345429420471 12 13 0.04791419223080391
-1 0.0 0 0 0.00022059359824537405
84 0.05191156640648842 14 15 0.06589561449887464
-1 0.0 0 0 0.0031451636823894113
41 0.132689967751503 16 17 0.10627260142612488
-1 0.0 0 0 0.007232942542037448
-1 0.0 0 0 0.017994453582778982
-1 0.0 0 0 -0.0026515120221481175
-1 0.0 0 0 0.013991232712556404
42 0.1225682869553566 21 28 -0.0050825311718411545
40 -0.059173379093408585 22 23 -0.0010357420801048324
-1 0.0 0 0 -0.0046304901307291785
21 0.23333188891410828 24 27 0.008137827848049494
73 0.05167314410209656 25 26 -0.00020521543772543337
-1 0.0 0 0 0.0010089804995160382
-1 0.0 0 0 -0.0049056899823255225
-1 0.0 0 0 0.006303767590830598
-1 0.0 0 0 -0.009734471073796864
nodes 29
7 0.9240000247955322 1 28 0.0
96 -0.1329512745141983 2 5 0.0008894570180833054
93 -0.05141652747988701 3 4 0.024051714292278963
-1 0.0 0 0 0.005790273523994152
-1 0.0 0 0 0.0005403997670549958
24 0.03952550329267979 6 23 -0.008393293577112349
6 1.1058831214904785 7 20 -0.02256372222967767
7 0.6930000185966492 8 19 -0.045445034127121024
18 0.007987342774868011 9 18 -0.04132559162430727
21 0.02063147723674774 10 13 -0.02087495494152973
38 -0.006262271199375391 11 12 -0.10257654050039146
-1 0.0 0 0 -0.000845320619614755
-1 0.0 0 0 -0.01851470860308464
77 0.12468540668487549 14 17 -0.006945119570291711
58 0.12483786791563034 15 16 0.0029658227464798843
-1 0.0 0 0 -0.0017077306933601746
-1 0.0 0 0 0.006570739520102552
-1 0.0 0 0 -0.012272177357254378
-1 0.0 0 0 -0.00876542013960793
-1 0.0 0 0 -0.057475048487928386
2 0.42033088207244873 21 22 0.009476558051608538
-1 0.0 0 0 0.0006386656282251717
-1 0.0 0 0 0.0483440620759907
2 0.4412658214569092 24 27 0.012795477269046602
73 0.03393535688519478 25 26 0.005324501861351985
-1 0.0 0 0 0.0019473996723963745
-1 0.0 0 0 -0.004375086915210178
-1 0.0 0 0 0.009205780943556962
-1 0.0 0 0 -0.02331781504277483
nodes 29
34 0.2496463805437088 1 24 0.0
6 0.9676146507263184 2 3 -0.0055962308872942014
-1 0.0 0 0 -0.008363883461823223
2 0.4352329969406128 4 19 -0.0023953540288226497
33 0.04269867390394211 5 14 -0.0073655567611021315
40 0.039501260966062546 6 13 0.0012432744283647908
49 0.06113699823617935 7 12 -0.017138194235798643
6 1.1591581106185913 8 11 -0.059510607421141073
20 -0.05891778692603111 9 10 -0.10131347586655093
-1 0.0 0 0 -0.02059772825418016
-1 0.0 0 0 -0.006831345730687776
-1 0.0 0 0 0.0009303789701848753
-1 0.0 0 0 -0.00032504159275019494
-1 0.0 0 0 0.0019754223670990978
6 1.10193932056427 15 18 -0.04543689812535006
2 0.37788546085357666 16 17 -0.09244351975413923
-1 0.0 0 0 -0.017487051279036048
-1 0.0 0 0 -0.004109457079627918
-1 0.0 0 0 -0.00025270363785609987
49 -0.16991260647773743 20 21 0.045793809436340094
-1 0.0 0 0 -0.1087356747615905
3 0.6170344352722168 22 23 0.04884538185210018
-1 0.0 0 0 0.028740731745544743
-1 0.0 0 0 0.0038869445199615524
2 0.3280889391899109 25 26 0.03764796119763804
-1 0.0 0 0 -0.0007787798482311685
89 -0.021644769236445427 27 28 0.07221004723445422
-1 0.0 0 0 0.011114636277771556
-1 0.0 0 0 7.753362969576735e-07
nodes 29
104 -0.11840683966875076 1 2 0.0
-1 0.0 0 0 -0.004885503447871198
89 -0.04585501551628113 3 14 0.004158371508054148
21 0.22075282037258148 4 11 0.0167951960581209
57 0.011005258187651634 5 6 0.008022215534496864
-1 0.0 0 0 -0.0011284730473582287
84 -0.036082424223423004 7 8 0.02680541188749333
-1 0.0 0 0 -0.0028584479017892722
2 0.28662872314453125 9 10 0.04136894209139093
-1 0.0 0 0 -0.0018655143157690181
-1 0.0 0 0 0.005575058109199765
2 0.31683874130249023 12 13 0.06844195695182992
-1 0.0 0 0 0.0008379811200526227
-1 0.0 0 0 0.010272579613884858
6 1.105071783065796 15 24 -0.014230758470610992
24 -0.030916502699255943 16 19 -0.03425750909616107
7 0.7049999833106995 17 18 -0.09067733795244438
-1 0.0 0 0 -0.00856075976623748
-1 0.0 0 0 -0.06224367639330763
75 -0.08066486567258835 20 21 -0.00788951986397206
-1 0.0 0 0 -0.01177856265769371
65 0.011968569830060005 22 23 0.0037309143806012806
-1 0.0 0 0 -0.0037561388466508545
-1 0.0 0 0 0.0036451710319015023
2 0.39506009221076965 25 26 0.011053165088891505
-1 0.0 0 0 0.0003239536051125403
8 72.5 27 28 0.23513239067820882
-1 0.0 0 0 0.0327104414605808
-1 0.0 0 0 -0.018192886634001343
nodes 29
72 -0.04765354096889496 1 10 0.0
35 0.026682928204536438 2 9 -0.027155391252446273
6 1.1444929838180542 3 8 -0.05144172630466816
34 0.0463273786008358 4 5 -0.07853998493626504
-1 0.0 0 0 -0.020603918244141244
93 0.11425017565488815 6 7 -0.055043892221915316
-1 0.0 0 0 -0.0042855963642794434
-1 0.0 0 0 -0.022780164496757516
-1 0.0 0 0 0.0007614245368586805
-1 0.0 0 0 0.00017391834152682712
46 -0.08423855900764465 11 12 0.007467897183781083
-1 0.0 0 0 -0.0029037660336033834
34 0.19840990006923676 13 22 0.014988039787541584
29 -0.07069263607263565 14 15 0.004012759907401943
-1 0.0 0 0 -0.003594248709923037
6 0.8444223403930664 16 17 0.012599692255915892
-1 0.0 0 0 -0.02943879867212907
41 0.17836827039718628 18 19 0.013838835230954097
-1 0.0 0 0 0.0005529829848749357
2 0.3099612891674042 20 21 0.05777574546634589
-1 0.0 0 0 -0.0004620172651245921
-1 0.0 0 0 0.009407236087481811
2 0.33701416850090027 23 24 0.043245780944339306
-1 0.0 0 0 0.0005636192494154179
89 0.01616525836288929 25 28 0.07769087264097578
60 0.04739263653755188 26 27 0.10026232713317401
-1 0.0 0 0 0.006286987461564636
-1 0.0 0 0 0.015534997749986757
-1 0.0 0 0 -0.0003836037052311368
nodes 29
43 -0.11934275925159454 1 20 0.0
0 0.24793636798858643 2 3 0.018490580544103
-1 0.0 0 0 -0.0053451818042604985
41 -0.10740414261817932 4 5 0.024442960140272314
-1 0.0 0 0 -0.010762752417667354
9 0.015324561856687069 6 19 0.027774995003969797
89 0.05317464843392372 7 18 0.04166332214360942
2 0.33701416850090027 8 9 0.05014808840458307
-1 0.0 0 0 0.0018549771253874464
32 -0.096662238240242 10 11 0.0752384406010945
-1 0.0 0 0 0.015878975852958978
3 0.7074937224388123 12 15 0.056605205819598436
21 0.12772208452224731 13 14 0.11897268460490597
-1 0.0 0 0 0.004945335212943425
-1 0.0 0 0 0.019751855881499775
6 1.1027727127075195 16 17 0.027744693894165447
-1 0.0 0 0 0.0014327655985484483
-1 0.0 0 0 0.022276280180170013
-1 0.0 0 0 -0.003952548215284476
-1 0.0 0 0 -0.0004595994180695466
62 0.03764220327138901 21 28 -0.010436658599931696
55 0.06782810389995575 22 27 0.0018381969008576724
76 -0.08877110481262207 23 24 0.012026380077414755
-1 0.0 0 0 -0.00480789816421881
82 -0.18987973034381866 25 26 0.01915944215135886
-1 0.0 0 0 -0.012964231335992041
-1 0.0 0 0 0.0022355767194329954
-1 0.0 0 0 -0.003671785211245617
-1 0.0 0 0 -0.003673707539343718
nodes 29
14 0.13045194745063782 1 28 0.0
37 -0.06699730455875397 2 11 0.0029264978877958123
18 -0.10619496554136276 3 8 0.01774731107210756
2 0.3073822259902954 4 5 0.050450563619802886
-1 0.0 0 0 -0.0010998667199504744
14 -0.08298579603433609 6 7 0.07284492681431637
-1 0.0 0 0 0.013820512337674954
-1 0.0 0 0 0.004155949457186419
100 0.0755530297756195 9 10 0.0076159680201100975
-1 0.0 0 0 -0.0006207593839734855
-1 0.0 0 0 0.0036339347175601967
88 -0.08112429082393646 12 19 -0.0114834406627271
1 0.26113030314445496 13 14 -0.056813426050031264
-1 0.0 0 0 0.0008066344560391452
70 -0.08529072999954224 15 18 -0.09457156684805884
2 0.34205687046051025 16 17 -0.2454840041861754
-1 0.0 0 0 0.009904735695327753
-1 0.0 0 0 -0.031912918361189486
-1 0.0 0 0 -0.006829968692756028
70 0.07331693917512894 20 27 -0.003882439238063495
5 1.145135521888733 21 26 -0.016302624930265273
26 0.01683645136654377 22 25 -0.04833245847295113
98 0.020522620528936386 23 24 -0.08639188341619489
-1 0.0 0 0 -0.004856338065462484
-1 0.0 0 0 -0.016469957975041888
-1 0.0 0 0 -0.0009010470671877946
-1 0.0 0 0 8.295724549030103e-05
-1 0.0 0 0 0.002546897093546985
-1 0.0 0 0 -0.006492645485327519
nodes 29
49 0.25855308771133423 1 28 0.0
103 0.05991770327091217 2 17 -0.0038962189394415618
68 0.07836367934942245 3 16 0.005498745534475212
20 -0.14798128604888916 4 5 0.012370133902558419
-1 0.0 0 0 -0.005914259617112745
27 -0.052425745874643326 6 7 0.016333477033621542
-1 0.0 0 0 -0.002066697809973333
72 -0.05938172712922096 8 9 0.023619029524512718
-1 0.0 0 0 -0.0017724535456019913
2 0.331892192363739 10 11 0.03272945825239428
-1 0.0 0 0 0.0003529768261501429
88 -0.08300895243883133 12 13 0.052874812284080495
-1 0.0 0 0 -0.002904199513410207
85 -0.023369763046503067 14 15 0.06577537483542244
-1 0.0 0 0 0.0009077465249478353
-1 0.0 0 0 0.008485016281531898
-1 0.0 0 0 -0.0033519032553987528
5 1.2460968494415283 18 27 -0.027064506733557047
2 0.42595577239990234 19 26 -0.046940138711800555
39 0.02188861183822155 20 25 -0.06345043699396474
54 -0.027982058003544807 21 22 -0.11275601866817385
-1 0.0 0 0 -0.020151315729090985
96 -0.05600297823548317 23 24 -0.07458913023218604
-1 0.0 0 0 -0.0014898447364319841
-1 0.0 0 0 -0.014818255343623077
-1 0.0 0 0 -0.0035704154802841588
-1 0.0 0 0 0.0014141565591787508
-1 0.0 0 0 0.0007621301103461929
-1 0.0 0 0 0.004840202184421641
nodes 29
47 -0.0707133412361145 1 12 0.0
0 0.5076702833175659 2 11 -0.028902474919050947
6 1.1011730432510376 3 10 -0.037890050489759
1 0.4024927318096161 4 9 -0.06520747036670699
34 0.013891118578612804 5 6 -0.08169796194523213
-1 0.0 0 0 -0.02535868246532455
89 -0.019414566457271576 7 8 -0.06838436376443151
-1 0.0 0 0 -0.004240473911760831
-1 0.0 0 0 -0.014499883871415166
-1 0.0 0 0 0.004862789464027154
-1 0.0 0 0 -0.00012862555838202066
-1 0.0 0 0 0.0068778280625749755
42 -0.010527695529162884 13 28 0.006361647706131218
95 -0.12777595221996307 14 15 0.017779311599064398
-1 0.0 0 0 -0.008061527756904805
0 0.21476057171821594 16 17 0.021583205883325813
-1 0.0 0 0 -0.006820268416502165
41 0.02263885922729969 18 19 0.025891275989389586
-1 0.0 0 0 -0.000762418149134937
55 0.07033278793096542 20 27 0.03805352723596333
2 0.34629401564598083 21 22 0.04820051013887311
-1 0.0 0 0 0.002699792992464773
1 0.3330027163028717 23 26 0.07106735268733758
76 -0.056198641657829285 24 25 0.11701794056015505
-1 0.0 0 0 -0.004332372729504065
-1 0.0 0 0 0.014948353242831515
-1 0.0 0 0 0.0039830717849863246
-1 0.0 0 0 -0.0009547082371521951
-1 0.0 0 0 -0.0013498195425395091
nodes 29
107 -0.025825239717960358 1 16 0.0
62 0.03568924218416214 2 15 0.01312473251383563
14 0.004687109030783176 3 12 0.026109121741491298
2 0.31683874130249023 4 5 0.04138336520367543
-1 0.0 0 0 -0.00025191541611268816
34 0.02404744178056717 6 7 0.0628904748847206
-1 0.0 0 0 -0.004598564418727086
49 -0.050049178302288055 8 9 0.07715281525897444
-1 0.0 0 0 -0.013498829789592407
96 -0.04460262507200241 10 11 0.08333385916581251
-1 0.0 0 0 0.01117188581233787
-1 0.0 0 0 0.004092735469908715
82 0.054388727992773056 13 14 -0.005354203758393777
-1 0.0 0 0 0.0019250776303323146
-1 0.0 0 0 -0.0063480409294605356
-1 0.0 0 0 -0.0012569240069499922
6 0.8857801556587219 17 18 -0.013865895358476842
-1 0.0 0 0 -0.024345358722711274
65 -0.009579128585755825 19 28 -0.012119963263247059
6 1.1043202877044678 20 27 -0.036706223640146425
2 0.4099505841732025 21 26 -0.0629242355755042
101 -0.037535492330789566 22 23 -0.09629876265606246
-1 0.0 0 0 -0.019397601604706865
89 -0.005413717124611139 24 25 -0.05761583169864297
-1 0.0 0 0 -0.002307611337823544
-1 0.0 0 0 -0.01584515661358767
-1 0.0 0 0 -0.0006401333277789988
-1 0.0 0 0 -0.0004365911150309353
-1 0.0 0 0 0.00015037053776348992
nodes 29
54 -0.06712435930967331 1 2 0.0
-1 0.0 0 0 -0.0029549834954025723
41 0.1651771366596222 3 12 0.005993707629542533
87 0.14576195180416107 4 9 -0.0012091223434438682
79 -0.0211593359708786 5 8 0.003251510434555501
68 0.1194256842136383 6 7 0.018091044265575562
-1 0.0 0 0 0.002331294902275561
-1 0.0 0 0 -0.005894407186221591
-1 0.0 0 0 -0.0014488524872730327
5 1.1184889078140259 10 11 -0.0627008731053597
-1 0.0 0 0 -0.016004804935216225
-1 0.0 0 0 -0.00316973321601096
2 0.2957744002342224 13 14 0.03682337530432815
-1 0.0 0 0 -0.0016518036598354156
42 0.13149680197238922 15 28 0.061427256246911074
40 -0.09829356521368027 16 17 0.06849357224222732
-1 0.0 0 0 -0.008048977046913859
14 0.04907825216650963 18 25 0.08033178281941614
55 0.05467972531914711 19 24 0.10151843637438349
74 0.011768671683967113 20 21 0.12571470211948033
-1 0.0 0 0 0.004532435153723004
9 -0.05141323618590832 22 23 0.16928823848763733
-1 0.0 0 0 0.024463200997363942
-1 0.0 0 0 0.011490704858443421
-1 0.0 0 0 0.001990940347430164
61 -0.11225544661283493 26 27 -0.0002509197859373923
-1 0.0 0 0 0.023775642519943754
-1 0.0 0 0 -0.0029340706395260996
-1 0.0 0 0 -0.018446175948379443
nodes 29
73 -0.06064920499920845 1 4 0.0
96 0.04254639148712158 2 3 0.01627764344431173
-1 0.0 0 0 0.002473213813728767
-1 0.0 0 0 -0.0036289115511041014
8 70.5 5 28 -0.010851762302711818
60 -0.025510231032967567 6 13 -0.0021508317802805357
6 1.099649429321289 7 12 -0.0314374541838562
107 0.11255461722612381 8 11 -0.06382675986932931
23 0.0743737667798996 9 10 -0.05127728852990952
-1 0.0 0 0 -0.0028705926589491365
-1 0.0 0 0 -0.014452265542402129
-1 0.0 0 0 -0.025961456752505337
-1 0.0 0 0 0.00023355649760599214
2 0.3708310127258301 14 15 0.011407164198890873
-1 0.0 0 0 -0.0014362336384251783
5 1.417890191078186 16 17 0.04701206763579912
-1 0.0 0 0 0.003541851442670651
49 0.17922773957252502 18 25 0.17635455581035075
91 -0.05736667290329933 19 24 0.1185200239702506
8 45.5 20 21 0.3061018733952481
-1 0.0 0 0 0.0869571404501063
55 -0.0981590673327446 22 23 0.175906262041253
-1 0.0 0 0 -0.043531500460535645
-1 0.0 0 0 0.02915427178933143
-1 0.0 0 0 0.001536587665531967
23 -0.07855547219514847 26 27 0.41498712862806125
-1 0.0 0 0 -0.02165041896987532
-1 0.0 0 0 0.05213435611883669
-1 0.0 0 0 -0.0046396601027324956
nodes 29
99 -0.0919175073504448 1 6 0.0
6 1.1152571439743042 2 5 -0.03310447739437365
52 0.023471960797905922 3 4 -0.06462362582402405
-1 0.0 0 0 -0.0031861087140200384
-1 0.0 0 0 -0.012847398046455433
-1 0.0 0 0 0.0011156454443007756
49 0.11223061382770538 7 18 0.005093290437649895
74 -0.059470098465681076 8 15 -0.011857353463666526
6 1.1444929838180542 9 14 -0.06609895759472832
101 -0.033084481954574585 10 11 -0.09905354390530885
-1 0.0 0 0 -0.018276922090791903
10 -0.12972566485404968 12 13 -0.0552439526261009
-1 0.0 0 0 -0.026048289643198764
-1 0.0 0 0 -0.003051957208989952
-1 0.0 0 0 0.00031933188338487215
40 -0.10108424723148346 16 17 -0.0017247265014092503
-1 0.0 0 0 -0.007172872118799085
-1 0.0 0 0 0.00047807199771652745
83 0.00928544718772173 19 20 0.017755702985928074
-1 0.0 0 0 0.00013941447122254872
21 0.14866620302200317 21 22 0.03792926277316526
-1 0.0 0 0 0.0012812664856154169
1 0.18612165749073029 23 24 0.06693393928140329
-1 0.0 0 0 -0.004119482355710256
75 0.06286197900772095 25 26 0.08231587274967733
-1 0.0 0 0 0.004903213687263659
47 0.030554354190826416 27 28 0.12669992384941264
-1 0.0 0 0 0.007375948997493104
-1 0.0 0 0 0.019915667198748144
nodes 29
65 0.02349236235022545 1 20 0.0
75 0.044948406517505646 2 19 -0.012818860801853718
89 -0.2040782868862152 3 4 -0.031644640598455606
-1 0.0 0 0 0.006058161297753637
6 1.1035683155059814 5 18 -0.03797775793071022
9 -0.05141323618590832 6 11 -0.06232490304677525
14 -0.03735532984137535 7 10 -0.01814814908173937
40 -0.08719682693481445 8 9 0.036368908928912494
-1 0.0 0 0 -0.016224899548931037
-1 0.0 0 0 0.006348703241287091
-1 0.0 0 0 -0.007483541255884134
58 -0.024845441803336143 12 15 -0.0969806540786049
12 -0.06990617513656616 13 14 -0.18568187083980975
-1 0.0 0 0 -0.0023909084382617383
-1 0.0 0 0 -0.024213459253406896
68 0.10176853835582733 16 17 -0.07515907534570532
-1 0.0 0 0 -0.005902440229635741
-1 0.0 0 0 -0.022503954072797264
-1 0.0 0 0 -0.0008790972833244544
-1 0.0 0 0 0.00085939387324727
57 0.10942462831735611 21 26 0.012718753329826369
21 0.07305638492107391 22 25 0.005277364923888096
6 0.9676146507263184 23 24 -0.0266070569379257
-1 0.0 0 0 -0.02081175181313505
-1 0.0 0 0 -0.0019352711895340641
-1 0.0 0 0 0.001654140875477451
84 -0.028825625777244568 27 28 0.056201418424157705
-1 0.0 0 0 -0.0021975910523042274
-1 0.0 0 0 0.00787496661198019
nodes 29
34 0.2496463805437088 1 28 0.0
2 0.4399811327457428 2 25 -0.004846478515910008
39 0.003385337069630623 3 20 -0.009169386500266045
6 1.112533688545227 4 19 -0.03285575164729175
34 0.005683573894202709 5 6 -0.06108586472332955
-1 0.0 0 0 -0.02102856284537006
43 -0.108475461602211 7 12 -0.0493523443682811
21 0.1623537540435791 8 9 0.0013878312233312636
-1 0.0 0 0 -0.004905306098554584
41 -0.10740414261817932 10 11 0.07895071110801331
-1 0.0 0 0 -0.0453862391492413
-1 0.0 0 0 0.009557557006383225
40 -0.05767372250556946 13 16 -0.08240387713205609
58 -0.016182316467165947 14 15 -0.18108139523149838
-1 0.0 0 0 -0.03705288681021581
-1 0.0 0 0 -0.012336993923921782
2 0.4032982289791107 17 18 -0.057039585507903674
-1 0.0 0 0 -0.010086084908663593
-1 0.0 0 0 0.001384181318396278
-1 0.0 0 0 0.0003228239392796766
47 -0.05414861813187599 21 22 0.0015590069266954805
-1 0.0 0 0 -0.003368430547605559
37 0.0090972064062953 23 24 0.011966734132336024
-1 0.0 0 0 0.002242896326296892
-1 0.0 0 0 -0.0028516866283436757
49 -0.09432274103164673 26 27 0.04404724899323682
-1 0.0 0 0 -0.030935124558036344
-1 0.0 0 0 0.00510285891167528
-1 0.0 0 0 0.0032604093407461914
nodes 29
35 0.013201560825109482 1 12 0.0
6 0.9837455749511719 2 7 -0.01368124222610729
58 -0.05208969488739967 3 4 -0.09746080961863575
-1 0.0 0 0 -0.03572098110877524
99 -0.08694549649953842 5 6 -0.0646009961797716
-1 0.0 0 0 -0.030877292126478342
-1 0.0 0 0 -0.0029089792637683894
34 0.09896891564130783 8 11 -0.008951373941591807
6 1.1560472249984741 9 10 -0.03693680439610645
-1 0.0 0 0 -0.006261102233634496
-1 0.0 0 0 0.001456697309093573
-1 0.0 0 0 0.0005121433610713338
88 0.08652883768081665 13 22 0.011417809548329536
24 -0.004093144554644823 14 15 0.0003354558261171161
-1 0.0 0 0 -0.0023286485283792293
10 -0.025058412924408913 16 17 0.017763994156962105
-1 0.0 0 0 -0.0015335228937075696
104 -0.06297876685857773 18 19 0.037566617382205215
-1 0.0 0 0 -0.0029099418953037305
2 0.38221442699432373 20 21 0.0536921909132444
-1 0.0 0 0 0.002426293278148212
-1 0.0 0 0 0.011169194932719966
2 0.32565993070602417 23 24 0.04310577719712227
-1 0.0 0 0 -0.001294174016931059
84 0.038203321397304535 25 26 0.07514273020829014
-1 0.0 0 0 0.0026433137879490563
24 -0.14278092980384827 27 28 0.12287576979377163
-1 0.0 0 0 -0.01624005009643856
-1 0.0 0 0 0.01353389777597523
nodes 29
7 0.9240000247955322 1 28 0.0
5 1.2282440662384033 2 17 0.0007706360282844764
21 0.21931111812591553 3 14 -0.010009774564238787
105 -0.04485050216317177 4 7 -0.018342417649279113
79 0.039072435349226 5 6 -0.051069113317771864
-1 0.0 0 0 -0.0034548419002257734
-1 0.0 0 0 -0.011091108154358572
93 0.14828765392303467 8 13 -0.004425060130944153
84 -0.005086707882583141 9 10 3.947660365806169e-05
-1 0.0 0 0 -0.003515325008112738
85 0.09115580469369888 11 12 0.016569139161094277
-1 0.0 0 0 -2.688765493815898e-05
-1 0.0 0 0 0.00556757705163503
-1 0.0 0 0 -0.013955409915171486
41 -0.07027368992567062 15 16 0.03269127493958466
-1 0.0 0 0 -0.011003923407895348
-1 0.0 0 0 0.004289080151446148
2 0.4041031002998352 18 19 0.01682407939676185
-1 0.0 0 0 0.0009005919252470216
6 0.8857801556587219 20 21 0.09988550255041961
-1 0.0 0 0 -0.02415995724499226
32 -0.10873240232467651 22 23 0.1165280892089803
-1 0.0 0 0 0.027895033960042805
91 0.1548953801393509 24 25 0.0893229398724327
-1 0.0 0 0 0.010459499523177295
14 0.018941668793559074 26 27 -0.278842680397377
-1 0.0 0 0 -0.0030602420643462166
-1 0.0 0 0 -0.08029054509889749
-1 0.0 0 0 -0.020202830984061095
nodes 29
9 0.09433812648057938 1 28 0.0
27 -0.050812870264053345 2 9 0.003837417652212211
6 1.1134586334228516 3 8 -0.026693227836695924
7 0.7649999856948853 4 7 -0.06089202144794614
89 0.16657395660877228 5 6 -0.05774671591588122
-1 0.0 0 0 -0.005376070874728821
-1 0.0 0 0 -0.05071549889382342
-1 0.0 0 0 -0.07866488065038409
-1 0.0 0 0 0.001275307691029647
93 0.04827923700213432 10 25 0.009902294533210978
2 0.3568562865257263 11 12 0.018052242873970448
-1 0.0 0 0 -4.318683250086919e-06
105 0.02191651612520218 13 22 0.0370629786009427
64 -0.12207314372062683 14 15 0.01099894022781079
-1 0.0 0 0 0.009288618329505376
38 0.05260623246431351 16 19 -0.00450882430201328
91 0.1597837209701538 17 18 0.018973507462824862
-1 0.0 0 0 0.002601362839192426
-1 0.0 0 0 -0.017448227064278673
21 0.036040954291820526 20 21 -0.058697067811751366
-1 0.0 0 0 -0.017308096408802306
-1 0.0 0 0 -0.003024836170971591
96 0.0882098376750946 23 24 0.07095667918303629
-1 0.0 0 0 0.008054862067872773
-1 0.0 0 0 -0.006083614344807148
29 0.15086211264133453 26 27 -0.017638603453144764
-1 0.0 0 0 -0.0028486617400520376
-1 0.0 0 0 0.007954048716582245
-1 0.0 0 0 -0.004064406616399363
nodes 29
96 -0.1941172033548355 1 2 0.0
-1 0.0 0 0 0.0034471558847419615
85 0.03816618397831917 3 28 -0.004423539468661739
6 1.1004362106323242 4 27 -0.01729597356976425
89 0.06742627173662186 5 22 -0.03485112412581521
104 -0.12093877047300339 6 9 -0.025485397615542946
68 0.03352532535791397 7 8 -0.14624324228486527
-1 0.0 0 0 -0.008208119305170123
-1 0.0 0 0 -0.02971959206146754
0 0.4574972987174988 10 21 -0.017095246690696883
18 0.17693392932415009 11 20 -0.04211118684352724
21 0.2582823634147644 12 19 -0.03775916836620454
58 -0.050440236926078796 13 14 -0.04871747956254083
-1 0.0 0 0 -0.01531601767257316
48 -0.08268357813358307 15 18 -0.035938192681000146
2 0.36430948972702026 16 17 -0.141154152182553
-1 0.0 0 0 -0.029859245271315595
-1 0.0 0 0 -0.0054116741193340825
-1 0.0 0 0 -0.0022501860421634823
-1 0.0 0 0 0.008617559547645105
-1 0.0 0 0 -0.03748869997065734
-1 0.0 0 0 0.002189574820486744
7 0.6449999809265137 23 26 -0.13950825168381173
68 0.011151990853250027 24 25 -0.13001293116795642
-1 0.0 0 0 -0.005417220664971693
-1 0.0 0 0 -0.022385960450507773
-1 0.0 0 0 -0.09485886873056493
-1 0.0 0 0 0.0004589534341958971
-1 0.0 0 0 0.0009092322802877301
nodes 29
99 0.035973064601421356 1 26 0.0
41 0.23447780311107635 2 25 -0.009713901573298
24 -0.10393726825714111 3 6 -0.01368545109787352
1 0.26312196254730225 4 5 -0.06372545994407619
-1 0.0 0 0 0.0002833550731013369
-1 0.0 0 0 -0.01089212356020347
6 1.0087697505950928 7 8 -0.007976476958744462
-1 0.0 0 0 -0.0059326152352069395
82 -0.18987973034381866 9 10 -0.0018763510012868927
-1 0.0 0 0 -0.012805305817461123
2 0.3694188594818115 11 12 0.0005499127712315173
-1 0.0 0 0 -0.0012884301820134689
34 0.06257964670658112 13 14 0.025141903816032245
-1 0.0 0 0 -0.0033770267109960042
5 1.2261074781417847 15 18 0.042123654031338525
6 1.1227973699569702 16 17 0.019852749595453453
-1 0.0 0 0 0.0014291633966178206
-1 0.0 0 0 0.029077889563706823
41 0.004148405510932207 19 24 0.11662897442675114
56 0.1591329723596573 20 23 0.012918449475430924
7 0.7289999723434448 21 22 0.04184092934590074
-1 0.0 0 0 0.001648920036585134
-1 0.0 0 0 0.07390134762972593
-1 0.0 0 0 -0.056050115143475326
-1 0.0 0 0 0.016784272850065052
-1 0.0 0 0 0.0061971830052680345
34 0.20936203002929688 27 28 0.01556231227991711
-1 0.0 0 0 0.00036395971205414743
-1 0.0 0 0 0.005446620458476389
nodes 29
73 -0.06064920499920845 1 2 0.0
-1 0.0 0 0 0.0015109850053782322
2 0.42595577239990234 3 26 -0.01007323347255474
6 1.1027727127075195 4 25 -0.01689903113158221
49 -0.03237389773130417 5 6 -0.03541962025035729
-1 0.0 0 0 -0.0215706521518828
14 0.134970024228096 7 22 -0.029824315610240994
89 -0.06756450235843658 8 15 -0.02434083157472301
98 0.07606294751167297 9 14 0.0035394647593286663
58 0.039392463862895966 10 11 0.01758766434945057
-1 0.0 0 0 -0.00291785539966651
73 0.1958083212375641 12 13 0.04634492539346881
-1 0.0 0 0 0.005079418047852009
-1 0.0 0 0 -0.03926282013086854
-1 0.0 0 0 -0.009390611306149361
53 -0.018610699102282524 16 17 -0.058214297885718205
-1 0.0 0 0 -0.003087457478524511
106 -0.12206006050109863 18 19 -0.12357177378612368
-1 0.0 0 0 -0.044296575409394724
34 0.02649187482893467 20 21 -0.10998268228232407
-1 0.0 0 0 -0.032882567838806026
-1 0.0 0 0 -0.008905053106640939
72 0.012887338176369667 23 24 -0.19904940119331344
-1 0.0 0 0 -0.03618423743553016
-1 0.0 0 0 -0.00921955772454241
-1 0.0 0 0 0.0002498111672365991
1 0.3321366012096405 27 28 0.03240250486717164
-1 0.0 0 0 0.02560263288932504
-1 0.0 0 0 0.00212976068582951
nodes 29
106 0.04958377406001091 1 16 0.0
0 0.4871175289154053 2 15 -0.011340621351085654
6 1.0973436832427979 3 14 -0.018627214888754327
21 0.18504104018211365 4 13 -0.03746047628283528
14 0.054818637669086456 5 12 -0.05630224597636705
46 -0.061399247497320175 6 7 -0.03985304939124627
-1 0.0 0 0 -0.010865114264614678
74 -0.053105246275663376 8 11 -0.016080710532001486
2 0.3912229537963867 9 10 -0.11897957247076414
-1 0.0 0 0 -0.023606597255781105
-1 0.0 0 0 -0.001604342452693858
-1 0.0 0 0 0.00022519781935520495
-1 0.0 0 0 -0.01348310220958611
-1 0.0 0 0 0.0012437324357847449
-1 0.0 0 0 0.00021500794930326373
-1 0.0 0 0 0.0025359248527513888
80 -0.10318894684314728 17 18 0.013166923664498339
-1 0.0 0 0 -0.0038105976546685253
81 0.12030509859323502 19 28 0.019186648401936148
2 0.2691305875778198 20 21 0.02448089354877135
-1 0.0 0 0 -0.0019528009748473328
43 -0.005682202521711588 22 27 0.0339563741594398
10 -0.12499506026506424 23 24 0.04514725253566715
-1 0.0 0 0 -0.003298488624874047
95 0.0025403706822544336 25 26 0.05255787650537125
-1 0.0 0 0 0.0019125904439589688
-1 0.0 0 0 0.007162525666687134
-1 0.0 0 0 -0.0012662783763154623
-1 0.0 0 0 -0.004381981673806333
nodes 29
72 -0.04765354096889496 1 2 0.0
-1 0.0 0 0 -0.0023258233804911567
49 0.2150391787290573 3 26 0.006396155203401293
27 0.104347825050354 4 25 -0.00021075056389568142
98 0.016260143369436264 5 20 -0.009347168224007657
2 0.37153810262680054 6 7 0.0037075977450003687
-1 0.0 0 0 -0.001475343426562658
91 0.1648724526166916 8 19 0.03203196393519102
26 -0.05150758475065231 9 10 0.03847680586023609
-1 0.0 0 0 -0.003300340472947881
6 0.8444223403930664 11 12 0.058690381431346354
-1 0.0 0 0 -0.052909485340989285
102 0.13093896210193634 13 18 0.0618560812979175
70 -0.07515078783035278 14 15 0.04839752912312168
-1 0.0 0 0 -0.006289276504882342
21 -0.1927991807460785 16 17 0.06533653402490536
-1 0.0 0 0 -0.0374281350914159
-1 0.0 0 0 0.007010475157713677
-1 0.0 0 0 0.018417842906842334
-1 0.0 0 0 -0.017695546223840588
6 1.092250108718872 21 24 -0.03496837709108646
0 0.4653030037879944 22 23 -0.06972511382076037
-1 0.0 0 0 -0.010153072150625718
-1 0.0 0 0 -0.0014500347411005193
-1 0.0 0 0 -8.980482833379947e-06
-1 0.0 0 0 0.002807165435319432
2 0.3073822259902954 27 28 0.03827890450814391
-1 0.0 0 0 -0.0007527276356500769
-1 0.0 0 0 0.006230497514171136
nodes 29
54 -0.06712435930967331 1 2 0.0
-1 0.0 0 0 -0.002707272194297554
95 -0.013429033569991589 3 4 0.005491265105204492
-1 0.0 0 0 -0.0016152756879377842
2 0.34850990772247314 5 6 0.014912952005386785
-1 0.0 0 0 -0.0005004471707293498
85 -0.0540105402469635 7 8 0.03410189532126757
-1 0.0 0 0 -0.0033555502195775824
84 0.13269676268100739 9 18 0.048273002402055315
82 0.10131990164518356 10 17 0.035915911792451335
76 -0.08877110481262207 11 14 0.04715736426728339
75 0.024932395666837692 12 13 -0.03654811798659392
-1 0.0 0 0 -0.013200390476221832
-1 0.0 0 0 0.00439494703178502
6 1.0803248882293701 15 16 0.05777578194504429
-1 0.0 0 0 0.0038625491410977752
-1 0.0 0 0 0.010866857411674508
-1 0.0 0 0 -0.0038684578805029952
105 0.055528730154037476 19 20 0.11985190570764492
-1 0.0 0 0 0.007567596323253526
6 1.094388484954834 21 22 0.219890335439916
-1 0.0 0 0 0.016179391611328
13 0.05976332351565361 23 28 0.5714481549549442
8 52.5 24 27 0.3660802009418452
41 0.08210199326276779 25 26 0.8454339517788454
-1 0.0 0 0 0.02351508943930916
-1 0.0 0 0 0.15138392051060995
-1 0.0 0 0 0.008855960835200294
-1 0.0 0 0 0.12560080016652744
nodes 29
37 -0.09061706811189651 1 10 0.0
100 0.04491715133190155 2 3 0.015091843054951908
-1 0.0 0 0 -0.00012452957380841025
99 -0.08080226182937622 4 5 0.03530426412886211
-1 0.0 0 0 -0.003677543719768827
6 1.1323636770248413 6 9 0.04713245791142991
33 0.04269867390394211 7 8 0.06860079301494754
-1 0.0 0 0 0.008739683915025106
-1 0.0 0 0 -0.0027426426236713715
-1 0.0 0 0 -0.0006788710247358506
76 0.05367453396320343 11 22 -0.009736801371939016
89 -0.19199606776237488 12 13 -0.023125856100306617
-1 0.0 0 0 0.004359491184802813
6 1.1575943231582642 14 21 -0.030634033766806276
43 0.025612203404307365 15 20 -0.04394552158293545
24 -0.05826766416430473 16 17 -0.032209762521097036
-1 0.0 0 0 -0.008532745320019247
81 0.1518973708152771 18 19 -0.018660687293474157
-1 0.0 0 0 -0.0012950141880550897
-1 0.0 0 0 -0.015623064408772184
-1 0.0 0 0 -0.013242928904987584
-1 0.0 0 0 0.0008691996502077396
53 0.0055850776843726635 23 26 0.010225520942931488
80 -0.12129200994968414 24 25 0.024682054358123727
-1 0.0 0 0 -0.005714449776435659
-1 0.0 0 0 0.0032741838094177828
1 0.2776663601398468 27 28 -0.03443782638555333
-1 0.0 0 0 0.0031606060860129414
-1 0.0 0 0 -0.0074874316117711425
nodes 29
40 -0.06540340930223465 1 8 0.0
26 -0.0043430873192846775 2 7 -0.02811687029748051
84 -0.032386116683483124 3 6 -0.062301728853720026
6 1.1117005348205566 4 5 -0.13897630762374363
-1 0.0 0 0 -0.021185398909363534
-1 0.0 0 0 -0.002884762700728027
-1 0.0 0 0 -0.003439304091029124
-1 0.0 0 0 -0.0003960129699771865
104 -0.11840683966875076 9 10 0.0050770029933595055
-1 0.0 0 0 -0.0041334331597210686
79 0.09415294229984283 11 28 0.008951193882703972
9 -0.030587762594223022 12 25 0.013377457313671494
2 0.2924491763114929 13 14 0.028707884212408715
-1 0.0 0 0 -0.0017437671094187182
96 -0.12002646923065186 15 22 0.03990165683360846
14 -0.03007587417960167 16 19 0.08090321496816956
98 0.06846403330564499 17 18 0.1196035965934516
-1 0.0 0 0 0.014466438007779733
-1 0.0 0 0 -0.003022865140573161
7 0.6629999876022339 20 21 0.03701903078686585
-1 0.0 0 0 0.0024554243476627422
-1 0.0 0 0 0.025901095716920744
95 0.024805448949337006 23 24 0.01969078777333996
-1 0.0 0 0 -0.0009089031437008359
-1 0.0 0 0 0.0043694548842501384
29 0.21330341696739197 26 27 -0.0014293384182964167
-1 0.0 0 0 -0.000561250592243969
-1 0.0 0 0 0.00958166723256732
-1 0.0 0 0 -0.0034972528542079498
nodes 29
74 -0.040170688182115555 1 2 0.0
-1 0.0 0 0 -0.0024210201848152927
93 -0.05239250883460045 3 20 0.005758853818325246
2 0.3568562865257263 4 5 0.02371410790850874
-1 0.0 0 0 0.0003271523029907718
88 -0.16164307296276093 6 7 0.04503358650844385
-1 0.0 0 0 -0.017714421985794582
77 0.13546282052993774 8 19 0.05160661524799731
96 0.12756164371967316 9 18 0.061296064140721446
7 0.7590000033378601 10 15 0.06746545037946636
25 -0.10914336889982224 11 12 0.06474512183103605
-1 0.0 0 0 -0.0044375187888426966
29 0.11308757960796356 13 14 0.0755051904306544
-1 0.0 0 0 0.008934231117781988
-1 0.0 0 0 -0.001014211230351102
2 0.37363141775131226 16 17 0.5990176487427491
-1 0.0 0 0 0.005309245680890432
-1 0.0 0 0 0.15316398516297342
-1 0.0 0 0 -0.014433940511206578
-1 0.0 0 0 -0.007840008219121659
34 0.25127261877059937 21 28 -0.004690255981778013
6 0.9900560975074768 22 25 -0.011058154801987337
80 0.11954407393932343 23 24 -0.08495316434393618
-1 0.0 0 0 -0.0056020129186972085
-1 0.0 0 0 -0.026002123536053984
73 -0.034315917640924454 26 27 -0.0063655325223456955
-1 0.0 0 0 0.0011543488363288557
-1 0.0 0 0 -0.002534683815469162
-1 0.0 0 0 0.0036042529026635095
nodes 29
107 -0.025825239717960358 1 12 0.0
0 0.4953945577144623 2 7 0.011450844197093557
76 -0.09310704469680786 3 4 0.005423406879227892
-1 0.0 0 0 -0.005500772353821414
19 0.05132602900266647 5 6 0.011473388395730661
-1 0.0 0 0 0.0022431660013567567
-1 0.0 0 0 -0.002226936644876105
4 0.7064749002456665 8 9 0.0684495695762995
-1 0.0 0 0 -0.0020296902029393812
1 0.3619132339954376 10 11 0.11685673590667767
-1 0.0 0 0 0.02529172975496193
-1 0.0 0 0 0.006727930378871311
100 0.09665746986865997 13 26 -0.012097481325962391
6 1.1091890335083008 14 21 -0.021844233492258867
7 0.7829999923706055 15 20 -0.04290473696134337
87 0.11666929721832275 16 19 -0.040996799962199
98 0.02493000403046608 17 18 -0.029060689771207054
-1 0.0 0 0 -0.0010041905304845765
-1 0.0 0 0 -0.0074852070832523085
-1 0.0 0 0 -0.013380127466758904
-1 0.0 0 0 -0.08471937084241826
1 0.31488293409347534 22 23 0.007584754301721879
-1 0.0 0 0 -0.00018222675932007607
34 0.08986260741949081 24 25 0.13713854817643234
-1 0.0 0 0 -0.002055144694557036
-1 0.0 0 0 0.025613486382312006
39 0.04360252618789673 27 28 0.01882117342241284
-1 0.0 0 0 -0.0020927184161737295
-1 0.0 0 0 0.005402300312887423
nodes 29
20 -0.132066547870636 1 2 0.0
-1 0.0 0 0 -0.004188323281859412
47 -0.0707133412361145 3 8 0.003181090546406376
0 0.5076702833175659 4 5 -0.023134460272381547
-1 0.0 0 0 -0.0032099149601772198
3 0.8367021083831787 6 7 0.07514725283013717
-1 0.0 0 0 0.009304074969031208
-1 0.0 0 0 -0.04580789536030756
42 -0.0647120550274849 9 24 0.008895314592062773
68 0.022881612181663513 10 23 0.02572428370241194
6 1.1323636770248413 11 22 0.043790600486714765
27 -0.046285443007946014 12 15 0.06127561665825004
33 -0.04313797503709793 13 14 -0.022145086610374926
-1 0.0 0 0 0.005546649131013952
-1 0.0 0 0 -0.009661394218551644
95 -0.12777595221996307 16 17 0.0758822779872801
-1 0.0 0 0 -0.011072543710931363
5 1.2261074781417847 18 19 0.08216373128022993
-1 0.0 0 0 0.00624268739446527
89 -0.25680968165397644 20 21 0.14446256450574238
-1 0.0 0 0 0.06601491384208202
-1 0.0 0 0 0.013541854274863475
-1 0.0 0 0 -0.0004314124483186803
-1 0.0 0 0 -0.0010173951258027455
105 -0.0653870552778244 25 26 -0.0023706022019663354
-1 0.0 0 0 -0.003248744538350045
99 0.073021300137043 27 28 0.00669966260510281
-1 0.0 0 0 -0.000516484359692518
-1 0.0 0 0 0.004602231724253112
nodes 29
62 0.0497724674642086 1 28 0.0
107 0.0530230775475502 2 27 0.007003063634686981
14 0.15186378359794617 3 26 0.014405771899156488
2 0.3896554410457611 4 13 0.017261520986330443
76 -0.03761312738060951 5 6 0.007031922736310631
-1 0.0 0 0 -0.0038694851968355225
33 -0.04130486026406288 7 12 0.019013147544285222
2 0.2842836380004883 8 9 0.042000160304155564
-1 0.0 0 0 -0.0012068547466092963
19 -0.021491514518857002 10 11 0.061474782978177746
-1 0.0 0 0 0.011065745952147151
-1 0.0 0 0 0.0018382412918878878
-1 0.0 0 0 -0.0005640224009084273
6 1.1784940958023071 14 25 0.0413022817735531
60 -0.10059341043233871 15 16 0.03990420128583762
-1 0.0 0 0 -0.0077612796653771556
49 -0.06850579380989075 17 18 0.052460517820472445
-1 0.0 0 0 -0.01598487835431843
5 1.3285390138626099 19 24 0.05787483132914401
82 0.04518604278564453 20 21 0.04581355824264912
-1 0.0 0 0 0.006867473131618416
6 1.107531726360321 22 23 -0.010968938766385796
-1 0.0 0 0 -0.00213583007602912
-1 0.0 0 0 0.03785807035199487
-1 0.0 0 0 0.017498590226575572
-1 0.0 0 0 0.11189681413498792
-1 0.0 0 0 -0.008769937381039131
-1 0.0 0 0 -0.002292094911749876
-1 0.0 0 0 -0.0018878610863613896
nodes 29
41 0.11402719467878342 1 22 0.0
16 0.06180456280708313 2 9 -0.008647059607720466
52 0.03644036874175072 3 8 -0.002280936971064256
0 0.4568142890930176 4 5 0.007821992026831256
-1 0.0 0 0 -0.0005974539880882767
88 0.02127573825418949 6 7 0.03677972137687024
-1 0.0 0 0 0.0005168714080334358
-1 0.0 0 0 0.00703444571472742
-1 0.0 0 0 -0.0026757637237996294
6 1.1198477745056152 10 21 -0.043010017646468994
7 0.47999998927116394 11 14 -0.07067435600538559
51 0.0669475719332695 12 13 -0.057926558954875876
-1 0.0 0 0 -0.002843168617685452
-1 0.0 0 0 -0.01312399639921991
106 0.07350211590528488 15 18 -0.2896981211933215
58 -0.05920528247952461 16 17 -0.45579838441206816
-1 0.0 0 0 -0.09929729443457391
-1 0.0 0 0 -0.035401794147726734
49 0.0971657857298851 19 20 0.005881874770747395
-1 0.0 0 0 -0.042732210254863554
-1 0.0 0 0 0.025189894831015004
-1 0.0 0 0 0.0007545142828339294
32 -0.11346025764942169 23 28 0.015063002237943532
2 0.320002943277359 24 25 0.06372264075481691
-1 0.0 0 0 -0.001992930409168156
84 0.014219545759260654 26 27 0.11100299202090289
-1 0.0 0 0 0.0030310072676684287
-1 0.0 0 0 0.015934321203366412
-1 0.0 0 0 0.0007664991049842587
nodes 29
65 0.02349236235022545 1 16 0.0
75 0.044948406517505646 2 15 -0.011396078448027928
74 0.07775363326072693 3 12 -0.02851716255894354
1 0.26113030314445496 4 5 -0.04384721072137777
-1 0.0 0 0 -0.0004885670305080909
41 0.016637681052088737 6 7 -0.06821216699061078
-1 0.0 0 0 -0.012576783688233088
47 -0.024723444133996964 8 11 -0.04429734062652293
91 0.0575435534119606 9 10 -0.10020846168682424
-1 0.0 0 0 -0.006161740313257235
-1 0.0 0 0 -0.02227696411343669
-1 0.0 0 0 -0.0015954890172072051
14 0.07289741188287735 13 14 0.0014625100825694077
-1 0.0 0 0 0.001626106966680023
-1 0.0 0 0 -0.00921528876794398
-1 0.0 0 0 0.0008077767832886902
18 -0.15032687783241272 17 20 0.011307081981669463
57 0.022556448355317116 18 19 0.05710451250233333
-1 0.0 0 0 0.0007802826496265884
-1 0.0 0 0 0.010354288296599233
39 0.06783055514097214 21 22 0.005302993226673241
-1 0.0 0 0 -0.0009755795753763571
73 0.10020633786916733 23 28 0.025479833128121108
96 -0.13644690811634064 24 27 0.0324175249892534
2 0.2790086567401886 25 26 0.07049830685545527
-1 0.0 0 0 -0.00017423451069553653
-1 0.0 0 0 0.010037069001446472
-1 0.0 0 0 0.0015707849447016782
-1 0.0 0 0 -0.006614447039519232
nodes 29
58 0.2023707777261734 1 28 0.0
73 -0.06064920499920845 2 3 -0.002614938723717613
-1 0.0 0 0 0.0012373480197239337
2 0.4221988320350647 4 25 -0.01272189448628171
6 1.1043202877044678 5 24 -0.01942331172335304
27 -0.050812870264053345 6 11 -0.04099271629224393
58 -0.07129280269145966 7 8 -0.11862243729956902
-1 0.0 0 0 -0.03654573566290428
7 0.746999979019165 9 10 -0.09948794742906718
-1 0.0 0 0 -0.009345303773049766
-1 0.0 0 0 -0.09460995651426769
53 0.006737042218446732 12 17 -0.029298694803273555
68 -0.004892003256827593 13 16 -0.013871756000344173
14 0.08244776725769043 14 15 0.012406082877050792
-1 0.0 0 0 0.0024732621550710445
-1 0.0 0 0 -0.010763061345403785
-1 0.0 0 0 -0.0053106406025779365
34 0.008687829598784447 18 19 -0.0897479836282863
-1 0.0 0 0 -0.03026635386580348
88 0.013381476514041424 20 23 -0.07418042004242556
41 0.12636685371398926 21 22 -0.1493748826888045
-1 0.0 0 0 -0.02069786640085462
-1 0.0 0 0 -0.0003628932863179587
-1 0.0 0 0 -0.0019216925606975078
-1 0.0 0 0 0.00030220310802569475
1 0.3321366012096405 26 27 0.023770119072011993
-1 0.0 0 0 0.019781542186516423
-1 0.0 0 0 0.0013743937467932629
-1 0.0 0 0 0.004867848492647474
nodes 29
34 0.19945162534713745 1 10 0.0
6 1.0103386640548706 2 7 -0.0070263746095331385
79 0.06738393008708954 3 6 -0.04964422103817109
105 -0.19512033462524414 4 5 -0.03128516755948456
-1 0.0 0 0 -0.03606859037142902
-1 0.0 0 0 -0.002582793148289002
-1 0.0 0 0 -0.01676097995696182
40 0.040483489632606506 8 9 -0.001808363390297079
-1 0.0 0 0 -0.0015689561722527015
-1 0.0 0 0 0.0013850201791185245
2 0.2660045623779297 11 12 0.018209320550501836
-1 0.0 0 0 -0.003364014786641285
32 -0.07096501439809799 13 18 0.027515691713869944
60 -0.005046085454523563 14 15 0.07121075339742025
-1 0.0 0 0 0.001194919685219253
68 -0.19232428073883057 16 17 0.11051336585423245
-1 0.0 0 0 0.05210507206414661
-1 0.0 0 0 0.010278136717015919
21 -0.0074564008973538876 19 20 0.010671627555074404
-1 0.0 0 0 -0.007071392827414687
75 -0.09893379360437393 21 22 0.02001147739310464
-1 0.0 0 0 -0.00791798274477085
5 1.1649218797683716 23 26 0.027983521897522855
58 -0.03548246994614601 24 25 -0.0009781441534908917
-1 0.0 0 0 -0.010906432910383256
-1 0.0 0 0 0.0017731067968930377
4 0.8628295063972473 27 28 0.059390308715772624
-1 0.0 0 0 0.002006271288121877
-1 0.0 0 0 0.011017628240489095
nodes 29
37 0.0267451461404562 1 22 0.0
106 -0.05406051129102707 2 5 0.005122029690305216
52 0.09503918886184692 3 4 -0.02606594061588566
-1 0.0 0 0 -0.0014247602760632957
-1 0.0 0 0 -0.011109476564537481
9 -0.03428572788834572 6 19 0.011029314324620459
2 0.36006689071655273 7 8 0.025986021115162412
-1 0.0 0 0 0.0005577014366003474
105 -0.056246962398290634 9 10 0.05108016618135049
-1 0.0 0 0 -0.0006595037884221687
3 0.7127552628517151 11 18 0.07055113220889189
30 -0.08512968569993973 12 13 0.1277166645441313
-1 0.0 0 0 -0.005105431589232741
49 0.02459252066910267 14 17 0.16478868096375435
6 1.071320652961731 15 16 -0.0008057236454988015
-1 0.0 0 0 0.018621635820055684
-1 0.0 0 0 -0.013837789910513971
-1 0.0 0 0 0.020378791516795752
-1 0.0 0 0 0.0046961894218920976
29 0.21330341696739197 20 21 -0.0025527373793853957
-1 0.0 0 0 -0.0006504432893706513
-1 0.0 0 0 0.00863298573460795
6 1.0965864658355713 23 28 -0.0245640123421321
64 -0.0731642097234726 24 25 -0.05279307239243516
-1 0.0 0 0 0.001150762079080253
7 0.5860000252723694 26 27 -0.08114449489666621
-1 0.0 0 0 -0.007554083955009186
-1 0.0 0 0 -0.04734647789884402
-1 0.0 0 0 0.0005524001614740243
nodes 29
49 0.25855308771133423 1 22 0.0
72 0.025483399629592896 2 19 -0.0031850962188281757
74 0.04233595356345177 3 18 -0.01524192445509611
6 1.1560472249984741 4 17 -0.03362080862414821
43 -0.11151112616062164 5 8 -0.048530226914562824
68 0.11391259729862213 6 7 -0.004645490181341753
-1 0.0 0 0 0.0008454360017915414
-1 0.0 0 0 -0.01629748041358174
34 0.06408421695232391 9 16 -0.07401332673550212
2 0.4412658214569092 10 13 -0.14635152718369482
20 -0.09960968047380447 11 12 -0.18244747761399124
-1 0.0 0 0 -0.04028364814866519
-1 0.0 0 0 -0.014417381472770857
105 -0.06311794370412827 14 15 0.003980365691918872
-1 0.0 0 0 -0.027579967898006243
-1 0.0 0 0 0.010792341634404814
-1 0.0 0 0 -0.005548956594921618
-1 0.0 0 0 0.0009674833947787499
-1 0.0 0 0 0.00041948193056117757
105 0.011733084917068481 20 21 0.008937045279824743
-1 0.0 0 0 -0.0005763617777451742
-1 0.0 0 0 0.002685975210585802
2 0.3191814422607422 23 24 0.03956787352014855
-1 0.0 0 0 -0.0009771718965061855
84 0.13902395963668823 25 26 0.07447764248687891
-1 0.0 0 0 0.004880930560088457
7 0.0820000022649765 27 28 0.22083842055264077
-1 0.0 0 0 0.004716572776922713
-1 0.0 0 0 0.03312383986285294
nodes 29
7 0.9089999794960022 1 28 0.0
5 1.2282440662384033 2 17 0.0009775452575229923
15 -0.07236229628324509 3 8 -0.008731113390753284
81 0.10603481531143188 4 7 -0.037673105670285215
18 0.056124649941921234 5 6 -0.026726262917043157
-1 0.0 0 0 -0.0011402071844258982
-1 0.0 0 0 -0.010423103209167346
-1 0.0 0 0 -0.01349916585837491
21 0.18504104018211365 9 16 0.0005708214850954796
1 0.4024927318096161 10 15 -0.011847383385445852
93 0.14404544234275818 11 14 -0.022258560314732136
105 -0.04485050216317177 12 13 -0.017563922276286146
-1 0.0 0 0 -0.005572112705838364
-1 0.0 0 0 -2.9402685051960743e-05
-1 0.0 0 0 -0.015389301796021292
-1 0.0 0 0 0.005052837210012245
-1 0.0 0 0 0.0030582895056942643
2 0.4041031002998352 18 19 0.015563059120072619
-1 0.0 0 0 0.0009394736327261333
8 57.5 20 21 0.080433462839185
-1 0.0 0 0 0.017654594435729167
89 -0.2647778391838074 22 23 0.03038195413342184
-1 0.0 0 0 0.06557064199254715
6 0.8444223403930664 24 27 0.01856213974851361
66 0.0420229434967041 25 26 -0.36473677285453854
-1 0.0 0 0 -0.0693936281479322
-1 0.0 0 0 0.021358668824305406
-1 0.0 0 0 0.0037003879883188763
-1 0.0 0 0 -0.012467095464155493
nodes 29
54 -0.06712435930967331 1 2 0.0
-1 0.0 0 0 -0.0024452765083121013
46 -0.08423855900764465 3 4 0.0049598491863628745
-1 0.0 0 0 -0.0022154102277387694
55 0.07033278793096542 5 28 0.01049140942198712
76 -0.03761312738060951 6 11 0.01724680657068806
2 0.39423733949661255 7 8 -0.010970329801577654
-1 0.0 0 0 -0.003266340088134957
28 0.08167453110218048 9 10 0.039987119519141474
-1 0.0 0 0 0.007216584067855776
-1 0.0 0 0 -0.00976046537142247
2 0.3224964439868927 12 13 0.02559214208032082
-1 0.0 0 0 1.1250956095037392e-05
85 -0.023369763046503067 14 15 0.04086430319159519
-1 0.0 0 0 -0.0007063440726528988
5 1.180679440498352 16 21 0.05788507974218202
70 0.07331693917512894 17 20 0.030613924417951025
93 -0.07602763175964355 18 19 0.004949913442143574
-1 0.0 0 0 0.006524601877458215
-1 0.0 0 0 -0.002089579936713845
-1 0.0 0 0 0.008400318131535363
38 0.1736418604850769 22 27 0.09957340410913566
95 -0.09847956150770187 23 24 0.10761506864640237
-1 0.0 0 0 -0.00321195501762208
49 0.22835612297058105 25 26 0.12047616547672527
-1 0.0 0 0 0.01051137053809622
-1 0.0 0 0 0.02469225883493716
-1 0.0 0 0 -0.01349546826437457
-1 0.0 0 0 -0.0018837371747390367
nodes 29
79 -0.0211593359708786 1 10 0.0
53 0.07714959979057312 2 9 0.009735774200586847
39 0.09206334501504898 3 8 0.01434152943435457
60 0.14399310946464539 4 7 0.0033915363589777456
43 -0.11934275925159454 5 6 -0.002702606156275029
-1 0.0 0 0 0.0024447971681387237
-1 0.0 0 0 -0.0017881466005961362
-1 0.0 0 0 0.006655338568345554
-1 0.0 0 0 0.003698518732640506
-1 0.0 0 0 -0.0055299113320896225
6 1.0930484533309937 11 28 -0.011852265607573692
2 0.39584359526634216 12 25 -0.02837075030690447
43 0.10275857895612717 13 24 -0.05616046647250598
27 -0.07915697246789932 14 15 -0.051231000275115283
-1 0.0 0 0 -0.019515110221673904
68 0.028106093406677246 16 21 -0.04033169190876464
76 0.011580188758671284 17 18 -0.013146174612060222
-1 0.0 0 0 -0.0070926441479172405
85 -0.0469277948141098 19 20 0.022084459493933853
-1 0.0 0 0 -0.01130247223998486
-1 0.0 0 0 0.004534921196600639
37 -0.05295225977897644 22 23 -0.1030583003287533
-1 0.0 0 0 -0.00470524876665243
-1 0.0 0 0 -0.017780120071950498
-1 0.0 0 0 -0.04209087463461009
82 0.04818101227283478 26 27 -0.00015312169769104566
-1 0.0 0 0 0.002346646280287345
-1 0.0 0 0 -0.0059165520124798004
-1 0.0 0 0 0.0004999193384657052
nodes 29
82 -0.18987973034381866 1 2 0.0
-1 0.0 0 0 -0.007619035842515137
77 0.17821867763996124 3 26 0.0015239780988196279
0 0.4986869990825653 4 21 0.0032934284213357932
106 0.050431832671165466 5 20 -0.0005311758105786515
74 -0.040170688182115555 6 7 -0.01324621820984716
-1 0.0 0 0 -0.004638045456696181
53 -0.014242127537727356 8 13 -0.005510258741672836
79 -0.051347486674785614 9 12 0.006033326851921469
2 0.3434485197067261 10 11 0.031588300232485
-1 0.0 0 0 -0.001233324162380372
-1 0.0 0 0 0.007262387392588651
-1 0.0 0 0 -0.001199378733668168
11 0.02239781618118286 14 19 -0.03609922958517604
6 1.1472973823547363 15 18 -0.06670716480475138
21 0.1905885636806488 16 17 -0.09551573279852492
-1 0.0 0 0 -0.01272319814593265
-1 0.0 0 0 -4.209260145229205e-05
-1 0.0 0 0 0.0018647521210827197
-1 0.0 0 0 0.0013384910413772357
-1 0.0 0 0 0.0013797949041597197
4 0.9183170199394226 22 23 0.039120355749211924
-1 0.0 0 0 0.004556513294278195
70 0.15387208759784698 24 25 -0.16395820448057016
-1 0.0 0 0 -0.009833458615255287
-1 0.0 0 0 -0.10301899664103985
6 1.1108274459838867 27 28 -0.07160948184168767
-1 0.0 0 0 -0.014023402012664105
-1 0.0 0 0 0.0026189467483779924
nodes 29
35 0.013201560825109482 1 18 0.0
34 0.13434664905071259 2 13 -0.011771101989118175
6 1.1544904708862305 3 8 -0.03096303204706133
21 0.1986028105020523 4 7 -0.048200107358001405
18 -0.15032687783241272 5 6 -0.06397502467460557
-1 0.0 0 0 0.0032747470348783213
-1 0.0 0 0 -0.007592155252701215
-1 0.0 0 0 0.0013571256207474025
2 0.39584359526634216 9 10 0.010610199071173974
-1 0.0 0 0 0.0006210358893224291
7 0.5509999990463257 11 12 0.5057922118258747
-1 0.0 0 0 0.005613002161878874
-1 0.0 0 0 0.12338167102563949
73 0.06407904624938965 14 17 0.005137699439288819
99 0.035973064601421356 15 16 0.014357977342047605
-1 0.0 0 0 -0.00045226877367339686
-1 0.0 0 0 0.004671227186587354
-1 0.0 0 0 -0.005521556424931542
88 0.029093125835061073 19 22 0.00982368422644058
53 0.05961301177740097 20 21 -0.005563125633820602
-1 0.0 0 0 0.00012212047453059857
-1 0.0 0 0 -0.00740017301580056
2 0.3492251932621002 23 24 0.026913916715568625
-1 0.0 0 0 6.543662051385897e-05
25 -0.05275678262114525 25 26 0.05137255421888892
-1 0.0 0 0 -0.0005142960712648574
96 0.09601900726556778 27 28 0.06771366772445014
-1 0.0 0 0 0.007649078414954657
-1 0.0 0 0 -0.007473222508816129
nodes 29
81 0.03590865433216095 1 28 0.0
16 0.06180456280708313 2 27 0.006913947221628231
27 -0.033997368067502975 3 4 0.01309495202531067
-1 0.0 0 0 -0.0016677048150904655
2 0.37863266468048096 5 12 0.021206332901783483
19 0.025599507614970207 6 11 0.008365069286544874
1 0.1770218312740326 7 8 0.023519699827595223
-1 0.0 0 0 -0.003011461395936615
4 0.8582319021224976 9 10 0.034685960219911105
-1 0.0 0 0 0.000754208734629106
-1 0.0 0 0 0.006431199728748934
-1 0.0 0 0 -0.0025866547977938708
7 0.8149999976158142 13 26 0.04611899634095453
84 0.06672223657369614 14 25 0.04488976979578823
26 0.02387637086212635 15 16 0.020565200371119793
-1 0.0 0 0 -0.001524771416758437
94 -0.13719423115253448 17 20 0.05991000415504514
46 -0.0553731694817543 18 19 -0.10411776167529752
-1 0.0 0 0 -0.036384022946266414
-1 0.0 0 0 0.0005542835834923954
82 0.13761618733406067 21 24 0.07657692161750682
105 -0.17278125882148743 22 23 0.09092166006956014
-1 0.0 0 0 -0.022565998392164468
-1 0.0 0 0 0.01005984846746591
-1 0.0 0 0 -0.015047510265984096
-1 0.0 0 0 0.008813769167711484
-1 0.0 0 0 0.1024952094256878
-1 0.0 0 0 -0.0028063081953450123
-1 0.0 0 0 -0.0016284882296122576
nodes 29
9 0.09433812648057938 1 28 0.0
33 0.0784442350268364 2 27 0.0032588828041200664
104 -0.06862174719572067 3 4 0.007334995357355684
-1 0.0 0 0 -0.0018430656662373663
79 0.10446249693632126 5 26 0.013311658129517952
20 -0.10120610147714615 6 7 0.017129640955556805
-1 0.0 0 0 -0.002148525215257597
2 0.34779348969459534 8 9 0.02260516467624897
-1 0.0 0 0 0.0005949857161733434
89 -0.07684490084648132 10 19 0.038350254231427613
6 1.0785142183303833 11 12 0.06919725040175567
-1 0.0 0 0 0.004775024649665842
74 -0.05151526629924774 13 14 0.13223198095937216
-1 0.0 0 0 -0.003487692421510624
18 0.057817116379737854 15 18 0.1755952702473092
54 -0.09715715795755386 16 17 0.21330071058685474
-1 0.0 0 0 -0.0036788230283340446
-1 0.0 0 0 0.02480086107734479
-1 0.0 0 0 0.0012178789777796675
49 0.2150391787290573 20 25 0.012393235945774494
37 -0.12925641238689423 21 22 -0.0018507320294377434
-1 0.0 0 0 0.006191069135700708
88 -0.06826059520244598 23 24 -0.02112759021359972
-1 0.0 0 0 -0.010433183210946429
-1 0.0 0 0 -8.224731362791323e-05
-1 0.0 0 0 0.01010610826365561
-1 0.0 0 0 -0.0035831611101568316
-1 0.0 0 0 -0.0031595351912091178
-1 0.0 0 0 -0.003451650547939414
nodes 29
5 1.2282440662384033 1 28 0.0
47 -0.005613163113594055 2 15 -0.008693063452161517
1 0.4175012707710266 3 12 -0.02701045951723818
6 1.1004362106323242 4 11 -0.03312426244962245
93 -0.030167333781719208 5 8 -0.04966444029624711
70 -0.045069288462400436 6 7 -0.01857337925081778
-1 0.0 0 0 -0.010061536413669052
-1 0.0 0 0 0.00015138945355292534
9 -0.15871278941631317 9 10 -0.07843835414756373
-1 0.0 0 0 0.00855921230393635
-1 0.0 0 0 -0.009248471243513431
-1 0.0 0 0 0.0010193901860931895
29 0.19679152965545654 13 14 0.05469793263431039
-1 0.0 0 0 0.006839985781679667
-1 0.0 0 0 -0.055864350777119404
37 0.0090972064062953 16 25 0.004520767947446171
29 0.032700374722480774 17 22 0.014430318013281188
2 0.3555141091346741 18 21 -0.006867859989016419
103 0.021144583821296692 19 20 -0.04549250299452355
-1 0.0 0 0 -0.0007295824739343285
-1 0.0 0 0 -0.011063018435364275
-1 0.0 0 0 0.0017112448473826797
39 0.05755230784416199 23 24 0.038708541786995704
-1 0.0 0 0 0.0005818090826426352
-1 0.0 0 0 0.0070302963547434335
88 -0.05237145349383354 26 27 -0.036542334939739456
-1 0.0 0 0 -0.012166181326450056
-1 0.0 0 0 -0.0011273770867603673
-1 0.0 0 0 0.001282868212558556
nodes 29
34 0.2496463805437088 1 24 0.0
2 0.4399811327457428 2 21 -0.0041109416601290225
33 0.03858942538499832 3 8 -0.00774891121755122
41 0.23447780311107635 4 7 -0.0007431840073296845
20 0.09360241144895554 5 6 -0.0044871590078330815
-1 0.0 0 0 -0.0012001883415725112
-1 0.0 0 0 0.0027057244952755385
-1 0.0 0 0 0.005999095981119041
6 1.1560472249984741 9 14 -0.03624540792800821
49 0.0696142390370369 10 11 -0.061443524683407934
-1 0.0 0 0 -0.012634044215729999
2 0.3859165906906128 12 13 -0.039353092691402566
-1 0.0 0 0 -0.007502232537880505
-1 0.0 0 0 0.0006004674820551128
2 0.38661983609199524 15 16 0.02658814306055603
-1 0.0 0 0 0.0019680171576384807
63 -0.04471473768353462 17 18 0.48550427852393085
-1 0.0 0 0 0.12388484052249366
72 0.03362061828374863 19 20 0.14158630763868923
-1 0.0 0 0 0.06738998958996187
-1 0.0 0 0 -0.04391194250095975
6 1.1083896160125732 22 23 0.03703587267662569
-1 0.0 0 0 0.0034358348751777055
-1 0.0 0 0 0.07917763166129589
2 0.27196717262268066 25 26 0.027655858656579928
-1 0.0 0 0 -0.00419223837022376
99 0.05702325329184532 27 28 0.04274259367110115
-1 0.0 0 0 0.0020469159030485438
-1 0.0 0 0 0.009977213104352465
nodes 29
32 -0.10237830877304077 1 2 0.0
-1 0.0 0 0 0.002372619527447872
77 0.13546282052993774 3 26 -0.0046785447174516595
21 0.14327190816402435 4 15 -0.0012730801265944014
91 0.13270382583141327 5 10 -0.01302848504278121
85 0.07651665806770325 6 7 -0.008573405321610965
-1 0.0 0 0 -0.002097972581314865
103 0.0060852160677313805 8 9 0.01516517158257738
-1 0.0 0 0 0.004364549051809374
-1 0.0 0 0 -0.001446986633671318
6 1.1517301797866821 11 14 -0.08509615763236575
34 0.1585826575756073 12 13 -0.12654842250367015
-1 0.0 0 0 -0.019956514684062742
-1 0.0 0 0 -0.0031608334954988312
-1 0.0 0 0 0.002225758632712275
75 0.03207160905003548 16 17 0.01350047620171071
-1 0.0 0 0 -0.0010753676580828432
78 0.06992978602647781 18 25 0.033152390203469544
2 0.2268991619348526 19 20 0.04542000286713268
-1 0.0 0 0 -0.004383502666239458
29 0.15086211264133453 21 22 0.053926668535885715
-1 0.0 0 0 0.003932095034731483
91 0.027968602254986763 23 24 0.14827477470435316
-1 0.0 0 0 0.006860602428463413
-1 0.0 0 0 0.02486052804899339
-1 0.0 0 0 -0.00245419000677224
6 1.1117005348205566 27 28 -0.055485973553260286
-1 0.0 0 0 -0.009268660194669643
-1 0.0 0 0 6.172685984084545e-05
nodes 29
62 0.01045214757323265 1 22 0.0
107 0.05690572038292885 2 21 0.009109443923786143
89 -0.22251690924167633 3 4 0.016647411298697946
-1 0.0 0 0 0.008922015039705519
34 0.034738682210445404 5 6 0.012642767029790428
-1 0.0 0 0 -0.0028125930467415867
14 0.014386788010597229 7 18 0.019434460664892406
2 0.334133043885231 8 9 0.031851186331104744
-1 0.0 0 0 4.853503334779097e-05
96 -0.11795197427272797 10 15 0.053454408348272676
25 -0.10698745399713516 11 12 0.10367445799979116
-1 0.0 0 0 -0.006449359653314817
43 -0.16500014066696167 13 14 0.11947574640659335
-1 0.0 0 0 0.023373706704503512
-1 0.0 0 0 0.009234445186376658
49 -0.02149396389722824 16 17 0.03233471013505006
-1 0.0 0 0 -0.01103595502035614
-1 0.0 0 0 0.004070220732541555
24 0.05870387330651283 19 20 -0.011841058105686673
-1 0.0 0 0 -0.0036411879023963653
-1 0.0 0 0 0.0035632696880454444
-1 0.0 0 0 -0.0022908830749992504
6 1.0973436832427979 23 28 -0.012008028293795417
49 0.12920230627059937 24 25 -0.027579744801060235
-1 0.0 0 0 -0.006030258681332857
29 0.15333649516105652 26 27 0.0011282541543197568
-1 0.0 0 0 -0.0012582050216881056
-1 0.0 0 0 0.011137773273159778
-1 0.0 0 0 0.0005747823294890272
nodes 29
72 -0.04765354096889496 1 4 0.0
25 -0.06147782877087593 2 3 -0.019881231864027748
-1 0.0 0 0 -0.006964942582949172
-1 0.0 0 0 -0.0007675511180158979
41 0.008069679141044617 5 6 0.005467459166811615
-1 0.0 0 0 -0.0017265528214136464
2 0.370120108127594 7 10 0.012187539931679888
33 -0.033303435891866684 8 9 0.00029591802319247176
-1 0.0 0 0 0.0017392348855205257
-1 0.0 0 0 -0.0022015920460205685
5 1.2413122653961182 11 20 0.03277228831337538
26 0.07942645996809006 12 17 0.01557530674581789
18 0.056124649941921234 13 14 -0.0019701338054460165
-1 0.0 0 0 0.001334183200243348
75 -0.010119067505002022 15 16 -0.09261475455746894
-1 0.0 0 0 -0.023564681104940453
-1 0.0 0 0 -0.0035629459454752745
38 0.06710133701562881 18 19 0.06677692708981371
-1 0.0 0 0 0.010060564511688824
-1 0.0 0 0 -0.004451923876726868
6 0.9072489738464355 21 22 0.10639929850814318
-1 0.0 0 0 -0.020024102009009833
21 -0.12579649686813354 23 24 0.11950293448302456
-1 0.0 0 0 -0.016059896970138498
76 -0.05039486289024353 25 28 0.13345688954281126
106 0.13444940745830536 26 27 0.017682855886162
-1 0.0 0 0 -0.0037797849290769577
-1 0.0 0 0 0.04241857149709876
-1 0.0 0 0 0.016723731850058023
nodes 29
19 -0.047336287796497345 1 4 0.0
56 -0.030186638236045837 2 3 0.013843620038661499
-1 0.0 0 0 -0.0013464912535194017
-1 0.0 0 0 0.002922089193956319
2 0.3982846438884735 5 20 -0.007681763571123221
6 1.1043202877044678 6 19 -0.017484972172086388
101 -0.04550446942448616 7 8 -0.038852655692209144
-1 0.0 0 0 -0.010543595486109142
37 0.03001842275261879 9 18 -0.01879297488869489
47 -0.13973188400268555 10 11 -0.003656457442299105
-1 0.0 0 0 -0.019510011638902366
68 -0.00583299295976758 12 17 0.00477662944095569
14 -0.042839232832193375 13 14 0.038387546054729854
-1 0.0 0 0 0.008087583990132124
29 -0.15745802223682404 15 16 -0.008002273713018806
-1 0.0 0 0 -0.034498990008123516
-1 0.0 0 0 0.00037520323976001095
-1 0.0 0 0 -0.004084438739213678
-1 0.0 0 0 -0.011632728838909551
-1 0.0 0 0 4.1293077720275846e-05
104 0.06665174663066864 21 26 0.019213150921845168
70 -0.048677850514650345 22 25 -0.007799598430431968
37 0.023963764309883118 23 24 -0.08753088371733016
-1 0.0 0 0 -0.004036284289274007
-1 0.0 0 0 -0.024847903090971846
-1 0.0 0 0 0.0012117641679762477
7 0.6880000233650208 27 28 0.06970191023224692
-1 0.0 0 0 0.00665528006749917
-1 0.0 0 0 0.10093962021172048
nodes 29
42 -0.01951134018599987 1 6 0.0
49 0.1761818826198578 2 5 0.008462225440210391
34 0.19945162534713745 3 4 -0.0015813442276506507
-1 0.0 0 0 -0.0012386577896598883
-1 0.0 0 0 0.002620570369356338
-1 0.0 0 0 0.003073621385809947
0 0.4953945577144623 7 28 -0.01228666011215016
6 1.1198477745056152 8 27 -0.01929261519304238
58 0.17447897791862488 9 26 -0.03487345069573521
27 -0.062035635113716125 10 11 -0.04502919340977284
-1 0.0 0 0 -0.01279406572496415
24 -0.043822478502988815 12 17 -0.03481193353176028
99 0.03863272815942764 13 14 -0.09236625339641186
-1 0.0 0 0 -0.014219223249448574
6 0.8857801556587219 15 16 -0.013729115747101428
-1 0.0 0 0 -0.07977310298857365
-1 0.0 0 0 -0.00024632489208114417
83 -0.016627643257379532 18 23 -0.018200710527502734
93 -0.02740783616900444 19 22 -0.058952024236016656
60 0.07094200700521469 20 21 -0.008121020265001565
-1 0.0 0 0 -0.005466325195566838
-1 0.0 0 0 0.00900483246165387
-1 0.0 0 0 -0.010486124381994187
75 -0.14265067875385284 24 25 0.011751199260508311
-1 0.0 0 0 -0.02588707170418525
-1 0.0 0 0 0.0017523821565080323
-1 0.0 0 0 0.00502736531447139
-1 0.0 0 0 0.0008011811935458315
-1 0.0 0 0 0.003281002376011378
nodes 29
40 -0.06540340930223465 1 2 0.0
-1 0.0 0 0 -0.002395174386860565
0 0.23486119508743286 3 4 0.004324914940308246
-1 0.0 0 0 -0.004294856634460608
21 0.2511688768863678 5 22 0.0071089408714184715
5 1.2367513179779053 6 19 0.0036216255103261237
93 0.14404544234275818 7 18 -0.006857205698961197
84 0.047882355749607086 8 13 -0.003206411222792942
52 0.055544476956129074 9 10 -0.018826648986209057
-1 0.0 0 0 -0.0005841733651461845
6 1.0901503562927246 11 12 -0.0645288735089091
-1 0.0 0 0 -0.0104088227717678
-1 0.0 0 0 0.0008546943922019175
85 0.10150766372680664 14 17 0.014551079179802811
98 -0.03549015522003174 15 16 -0.0012575218747965214
-1 0.0 0 0 0.003104807602825195
-1 0.0 0 0 -0.003262193636101398
-1 0.0 0 0 0.0058079066996745005
-1 0.0 0 0 -0.010591796132311784
2 0.41162559390068054 20 21 0.02082476634034353
-1 0.0 0 0 0.0014864630523529808
-1 0.0 0 0 0.011200998741667176
75 0.03207160905003548 23 26 0.04995351473059208
89 -0.05351414903998375 24 25 -0.0018058793259227508
-1 0.0 0 0 0.006885958634803961
-1 0.0 0 0 -0.007986266153630591
77 -0.03401990979909897 27 28 0.09080728905870601
-1 0.0 0 0 0.01595747682082838
-1 0.0 0 0 0.0035697590832304543
nodes 29
35 -0.12231641262769699 1 2 0.0
-1 0.0 0 0 -0.004191666242828552
2 0.4412658214569092 3 28 0.0024353700360758195
39 0.003385337069630623 4 13 -0.0005147505350871865
6 1.1472973823547363 5 12 -0.019230170815942325
49 0.08768223971128464 6 9 -0.03383604413072059
7 0.20900000631809235 7 8 -0.078344589101165
-1 0.0 0 0 -0.003134603915358618
-1 0.0 0 0 -0.014478670159050867
14 0.1263934075832367 10 11 -0.01519635549942842
-1 0.0 0 0 -0.0008873230604867608
-1 0.0 0 0 -0.01672419377526453
-1 0.0 0 0 0.0015520122974578114
53 -0.03899094834923744 14 27 0.007987360375782774
2 0.28662872314453125 15 16 0.02107487133163275
-1 0.0 0 0 -0.001210572218577682
41 0.21944284439086914 17 22 0.0326322735516567
19 -0.047336287796497345 18 19 0.025763859073623354
-1 0.0 0 0 0.005624851770806131
81 0.007755721919238567 20 21 0.007271475948811049
-1 0.0 0 0 0.003219988319533279
-1 0.0 0 0 -0.0028648927070330146
29 -0.14066392183303833 23 24 0.12014047485360506
-1 0.0 0 0 -0.032045606626245705
103 -0.014858971349895 25 26 0.14158446104941944
-1 0.0 0 0 0.02405171485239542
-1 0.0 0 0 0.0066182182885804065
-1 0.0 0 0 -0.0015347423973872652
-1 0.0 0 0 0.004163384282244034
nodes 29
65 0.02349236235022545 1 28 0.0
89 -0.20663154125213623 2 3 -0.010148898804263102
-1 0.0 0 0 0.005045920965231655
6 1.1043202877044678 4 9 -0.014439980508537722
24 0.05396082624793053 5 8 -0.028891901304337102
74 -0.0972084179520607 6 7 -0.047742472799528035
-1 0.0 0 0 -0.015081858913758696
-1 0.0 0 0 -0.003993992352906139
-1 0.0 0 0 0.0005908388003271936
2 0.3982846438884735 10 11 0.005465760121415554
-1 0.0 0 0 6.054100667793539e-05
8 70.5 12 23 0.17734869718369872
42 -0.053839217871427536 13 16 0.275347623398446
16 -0.05488363280892372 14 15 0.5348530793028652
-1 0.0 0 0 0.09282856146720324
-1 0.0 0 0 0.032270808474105954
101 -0.10652630776166916 17 18 0.12826330362590507
-1 0.0 0 0 0.080668481867257
21 -0.025799253955483437 19 20 0.02367332005621089
-1 0.0 0 0 -0.06557884824372107
89 -0.007858443073928356 21 22 0.12445473573705333
-1 0.0 0 0 -0.004978208607193869
-1 0.0 0 0 0.04937327759889469
13 -0.07726696878671646 24 25 -0.2316083602893811
-1 0.0 0 0 -0.09712017707526684
67 0.03961717337369919 26 27 -0.05551469113145556
-1 0.0 0 0 0.028098544515317903
-1 0.0 0 0 -0.06308213757471212
-1 0.0 0 0 0.0010069642233595931
nodes 29
54 -0.04979974776506424 1 2 0.0
-1 0.0 0 0 -0.0018984255654102937
98 0.08129584044218063 3 24 0.00534237038532777
84 0.12953968346118927 4 5 0.010241610953245715
-1 0.0 0 0 0.0004011835016198126
2 0.3142848312854767 6 7 0.03951339887747718
-1 0.0 0 0 -0.0005833760864268906
9 -0.01983780600130558 8 15 0.06427513992522357
25 -0.057757582515478134 9 10 0.10858501554763932
-1 0.0 0 0 0.0003804024015152143
38 0.12761196494102478 11 12 0.1376285880668938
-1 0.0 0 0 0.015618853046275506
51 0.0363948829472065 13 14 -0.07867149248637648
-1 0.0 0 0 -0.025959667369487207
-1 0.0 0 0 0.017397177857053175
34 0.25127261877059937 16 23 0.007514664567426997
56 -0.14250023663043976 17 22 -0.02245920839406357
10 0.047818638384342194 18 21 -0.3197172500697371
102 0.07062647491693497 19 20 -0.501179974879925
-1 0.0 0 0 -0.07230084186162929
-1 0.0 0 0 -0.004167819856887772
-1 0.0 0 0 0.01304498941709216
-1 0.0 0 0 -0.00026711592792063053
-1 0.0 0 0 0.01981379794540995
6 1.1004362106323242 25 26 -0.025844451781983028
-1 0.0 0 0 -0.005638478778782016
2 0.3896554410457611 27 28 0.010928476198417489
-1 0.0 0 0 -4.817149188444385e-05
-1 0.0 0 0 0.023492081169350785
nodes 29
43 -0.11934275925159454 1 22 0.0
0 0.45815759897232056 2 19 0.013332504381257233
41 -0.10740414261817932 3 4 0.004470939386824287
-1 0.0 0 0 -0.014031673989462493
78 0.08296889066696167 5 18 0.007008094639747955
2 0.28662872314453125 6 7 0.014608180083609573
-1 0.0 0 0 -0.0019207355058474315
61 0.09174584597349167 8 17 0.0275004611101203
49 0.1953890472650528 9 12 0.03685458814330157
83 -0.1781591773033142 10 11 0.01924354604819281
-1 0.0 0 0 -0.01769868439264146
-1 0.0 0 0 0.0024262668741140084
9 -0.0992639809846878 13 16 0.08498177909087494
87 -0.12687990069389343 14 15 0.19168683347298066
-1 0.0 0 0 -0.022069125344525233
-1 0.0 0 0 0.022082704089975088
-1 0.0 0 0 0.005219988834368424
-1 0.0 0 0 -0.006051588940410847
-1 0.0 0 0 -0.004072846688264373
49 -0.018195442855358124 20 21 0.047374375167037144
-1 0.0 0 0 -0.005943856050341492
-1 0.0 0 0 0.006034623958931778
62 0.06307554990053177 23 26 -0.007525279938671279
59 -0.07445862889289856 24 25 -0.00037012282899910305
-1 0.0 0 0 -0.0046595687111050076
-1 0.0 0 0 0.0004814944956208051
105 -0.16755911707878113 27 28 -0.03216468644438702
-1 0.0 0 0 -0.018871625628556155
-1 0.0 0 0 -0.0026713930397834363
nodes 29
96 -0.1941172033548355 1 2 0.0
-1 0.0 0 0 0.0027909619589564817
32 -0.10237830877304077 3 8 -0.0035814830485421953
60 0.1513482630252838 4 7 0.021076098308164547
63 0.017722049728035927 5 6 0.013251625217983171
-1 0.0 0 0 0.003067103590341518
-1 0.0 0 0 -0.0034953123899657047
-1 0.0 0 0 0.011653467000837737
100 0.13418695330619812 9 28 -0.008518141672616955
6 1.1662837266921997 10 27 -0.012935307539871863
70 -0.061754658818244934 11 12 -0.020700033262092278
-1 0.0 0 0 -0.006161598259607114
107 -0.030271099880337715 13 24 -0.012152863314996121
43 0.04761197417974472 14 23 0.006881070186977669
2 0.3492251932621002 15 16 0.014292930715278061
-1 0.0 0 0 -0.002610737479840725
21 0.18504104018211365 17 20 0.036304873513985876
51 0.24448657035827637 18 19 0.016971359294836837
-1 0.0 0 0 0.0013391100817997876
-1 0.0 0 0 0.03922055461093463
3 0.7037067413330078 21 22 0.09386668286842657
-1 0.0 0 0 0.019797359665591138
-1 0.0 0 0 0.005573575041050532
-1 0.0 0 0 -0.00828165768620069
87 0.1430722326040268 25 26 -0.03260350489650789
-1 0.0 0 0 -0.0025292404222399885
-1 0.0 0 0 -0.01264416550632369
-1 0.0 0 0 0.0015916186718637798
-1 0.0 0 0 0.00244745765220279
nodes 29
73 0.0546417273581028 1 20 0.0
77 0.0733589455485344 2 15 0.004566968630281509
76 -0.03761312738060951 3 4 0.010209968766694038
-1 0.0 0 0 -0.0016868907635595228
58 0.09255312383174896 5 6 0.018319399067897427
-1 0.0 0 0 0.0005969499008038031
74 0.03391549736261368 7 8 0.043493268220493056
-1 0.0 0 0 0.0014107426953641209
2 0.294642835855484 9 10 0.06616929620845251
-1 0.0 0 0 -5.546989639061928e-05
0 0.4053398072719574 11 14 0.09011126799178497
31 -0.14148348569869995 12 13 0.14078867575112847
-1 0.0 0 0 -0.014544734865784701
-1 0.0 0 0 0.01553591557837506
-1 0.0 0 0 0.0055520962599746254
64 0.037703558802604675 16 19 -0.01898811085359055
97 -0.07608866691589355 17 18 -0.004684657949534068
-1 0.0 0 0 -0.007712856647887647
-1 0.0 0 0 0.0008122193861798844
-1 0.0 0 0 -0.006850743106383968
6 1.1742117404937744 21 28 -0.021902074648008692
71 -0.03854157775640488 22 25 -0.03515980745573908
2 0.43640458583831787 23 24 -0.08525313178896644
-1 0.0 0 0 -0.010831131330647961
-1 0.0 0 0 0.005111324744040271
14 0.08050141483545303 26 27 -0.01195182471407527
-1 0.0 0 0 9.594185635506703e-05
-1 0.0 0 0 -0.010389688299443055
-1 0.0 0 0 0.002945853205402931
nodes 29
0 0.4986869990825653 1 20 0.0
8 69.5 2 3 -0.0032781184202490296
-1 0.0 0 0 0.00020308529461700428
4 0.7950323820114136 4 11 -0.03026953763304757
29 0.020899087190628052 5 6 -0.005955700804221303
-1 0.0 0 0 -0.004451435843348502
6 1.0719282627105713 7 10 0.033622441726492515
94 -0.07272887974977493 8 9 0.10324108730397492
-1 0.0 0 0 0.021849136855559087
-1 0.0 0 0 0.003465210116685455
-1 0.0 0 0 -0.0005977360211310186
89 -0.119838185608387 12 15 -0.07895137334114909
13 0.006589569617062807 13 14 -0.008751764260964454
-1 0.0 0 0 -0.009385487815459106
-1 0.0 0 0 0.008684663981793513
95 -0.00331984949298203 16 19 -0.11210467709279263
43 0.03809216618537903 17 18 -0.20101150797422562
-1 0.0 0 0 -0.016673994837270525
-1 0.0 0 0 -0.0520330173876853
-1 0.0 0 0 -0.007028221784869899
88 0.005421173293143511 21 22 0.03016183212401653
-1 0.0 0 0 -0.0007986480040105608
4 0.9208068251609802 23 24 0.0649828671101167
-1 0.0 0 0 0.0072336690098901875
93 -0.04361756145954132 25 26 -0.2553880300534808
-1 0.0 0 0 0.011630720394302388
96 0.009522144682705402 27 28 -0.5313435825660373
-1 0.0 0 0 -0.02175535932183266
-1 0.0 0 0 -0.12037507025968462
nodes 29
27 0.05197925493121147 1 28 0.0
49 0.2562120258808136 2 27 -0.009058580788389312
6 1.1058831214904785 3 24 -0.013071460949858931
41 0.0001902333606267348 4 9 -0.02709726350353158
1 0.3958006799221039 5 8 -0.07549695672044096
21 0.08532427251338959 6 7 -0.10685822971477152
-1 0.0 0 0 -0.019867534873137034
-1 0.0 0 0 -0.007550265579772977
-1 0.0 0 0 0.001983357496554673
21 0.0342538096010685 10 19 -0.014210211108317272
38 0.01628103479743004 11 12 -0.07589680019391401
-1 0.0 0 0 -0.0014012549125520047
8 44.5 13 14 -0.14738248657958608
-1 0.0 0 0 -0.040404349404315226
9 0.02753063291311264 15 18 -0.1159546081146596
14 -0.05220962315797806 16 17 -0.059609794634187856
-1 0.0 0 0 0.006929619188438978
-1 0.0 0 0 -0.014917177606504012
-1 0.0 0 0 -0.028653274207608777
0 0.502253532409668 20 23 -0.002404101808619641
99 -0.1201571449637413 21 22 -0.010035509833551469
-1 0.0 0 0 -0.011418689290825535
-1 0.0 0 0 -0.00029780372732183624
-1 0.0 0 0 0.008557579232641709
2 0.4221988320350647 25 26 0.00429505754026583
-1 0.0 0 0 0.0002396738799993988
-1 0.0 0 0 0.03895511499916514
-1 0.0 0 0 0.004386297361591643
-1 0.0 0 0 0.0010854764445080193
nodes 29
55 0.07033278793096542 1 26 0.0
79 0.018178163096308708 2 25 0.004746161586618072
95 -0.12777595221996307 3 4 0.012509538829753369
-1 0.0 0 0 -0.0066266131759823085
31 -0.13497599959373474 5 6 0.015552504651116744
-1 0.0 0 0 -0.004759145046536416
2 0.26439517736434937 7 8 0.01955128492383833
-1 0.0 0 0 -0.0017335965063689054
34 0.19840990006923676 9 16 0.025407646900093738
96 -0.20879687368869781 10 11 0.014215162977642944
-1 0.0 0 0 0.008298899105100024
75 0.0385931134223938 12 15 0.007391049556367378
76 0.12802563607692719 13 14 -0.01285362848136557
-1 0.0 0 0 -0.0025685674962517384
-1 0.0 0 0 0.005506448144686689
-1 0.0 0 0 0.002752138201552722
32 -0.13203606009483337 17 18 0.0541677864519604
-1 0.0 0 0 0.015063258392868038
27 0.0224306657910347 19 22 0.04343712514782252
72 0.012887338176369667 20 21 0.004266453912243174
-1 0.0 0 0 -0.005052679719102662
-1 0.0 0 0 0.004610504572634492
82 0.07250271737575531 23 24 0.06926476438140132
-1 0.0 0 0 0.009001982973718157
-1 0.0 0 0 -0.0010992116829711723
-1 0.0 0 0 -0.0013852365063243954
40 -0.04198119044303894 27 28 -0.020468530980400277
-1 0.0 0 0 -0.006548195341870926
-1 0.0 0 0 -0.0006813649128701645
nodes 29
57 0.022556448355317116 1 18 0.0
21 0.14690391719341278 2 15 -0.009018573828202724
5 1.180679440498352 3 14 -0.02176216794729998
1 0.4010559320449829 4 11 -0.04820135555028026
42 -0.02394227124750614 5 8 -0.0637464285616432
93 0.14404544234275818 6 7 -0.03637327200676366
-1 0.0 0 0 -0.00282804832938221
-1 0.0 0 0 -0.024645274197069522
62 0.034696415066719055 9 10 -0.10189183349485226
-1 0.0 0 0 -0.006525445016046303
-1 0.0 0 0 -0.01834647034583105
38 0.15115544199943542 12 13 0.01672557894261348
-1 0.0 0 0 0.003282752254186538
-1 0.0 0 0 -0.02452406573067539
-1 0.0 0 0 5.318589171514962e-05
23 0.04898151382803917 16 17 0.007419815996224129
-1 0.0 0 0 0.0022024409143069005
-1 0.0 0 0 -0.002826705957897455
95 -0.10684794187545776 19 20 0.010637443274596321
-1 0.0 0 0 -0.005405681334971245
84 -0.0802065059542656 21 22 0.015086021088594912
-1 0.0 0 0 -0.003175740311633448
70 0.07753744721412659 23 28 0.020780366330529664
98 -0.0843375101685524 24 27 0.010079273342967468
0 0.37120720744132996 25 26 0.04192764201796184
-1 0.0 0 0 -0.001870233445297358
-1 0.0 0 0 0.007179397064314765
-1 0.0 0 0 -0.0003486756676118413
-1 0.0 0 0 0.004755463805338998
nodes 29
7 0.9240000247955322 1 28 0.0
80 -0.10118664801120758 2 3 0.0005987174596195254
-1 0.0 0 0 -0.0026578554855418352
19 -0.045470740646123886 4 5 0.004085950790956402
-1 0.0 0 0 0.0020064794006612106
2 0.38738423585891724 6 15 -0.004929236400925456
6 1.105071783065796 7 14 -0.015081540457345314
21 -0.0074564008973538876 8 9 -0.0373829708691667
-1 0.0 0 0 -0.018609107852382803
101 -0.05388941615819931 10 11 -0.028480998468906647
-1 0.0 0 0 -0.010028307905963804
37 0.10400771349668503 12 13 -0.010874184600940676
-1 0.0 0 0 -0.000432616424582937
-1 0.0 0 0 -0.024040834131036803
-1 0.0 0 0 0.0001948809151353741
52 0.07895544171333313 16 25 0.017179158887619998
7 0.6880000233650208 17 20 0.030635240136334365
34 -0.14054812490940094 18 19 0.028076179654909734
-1 0.0 0 0 -0.0348142628163959
-1 0.0 0 0 0.003069457997701121
21 0.041018296033144 21 22 0.5807235696219972
-1 0.0 0 0 -0.013679894102229315
89 -0.05351414903998375 23 24 0.909588053667297
-1 0.0 0 0 0.14904282083329948
-1 0.0 0 0 0.0375215111374855
15 -0.10881461203098297 26 27 -0.05969747763422998
-1 0.0 0 0 -0.026157077632577963
-1 0.0 0 0 -0.003003339083040019
-1 0.0 0 0 -0.015695851718207306
nodes 29
73 -0.06064920499920845 1 26 0.0
83 -0.2375710904598236 2 3 0.01170976078008532
-1 0.0 0 0 -0.03070795266545034
42 0.10774094611406326 4 25 0.012596862760712545
96 0.03854142874479294 5 24 0.016311998396362916
2 0.27054551243782043 6 7 0.02306942970690442
-1 0.0 0 0 -0.0016730453091614401
53 -0.03899094834923744 8 23 0.032115814369895045
39 0.005399471614509821 9 10 0.05073762698879827
-1 0.0 0 0 0.0010920921224077153
93 0.19222252070903778 11 22 0.06890135838732225
6 1.1431140899658203 12 21 0.07210012618452244
5 1.2164515256881714 13 14 0.08509572676661405
-1 0.0 0 0 0.005720723847310457
22 -0.03373732417821884 15 18 0.15678750491350252
68 -0.10711853206157684 16 17 0.2525318264889681
-1 0.0 0 0 0.047695533154281176
-1 0.0 0 0 0.0198033349136193
18 -0.24824504554271698 19 20 0.10505377006460029
-1 0.0 0 0 0.08506053507975911
-1 0.0 0 0 0.00947424733978181
-1 0.0 0 0 -0.0005198272916013541
-1 0.0 0 0 -0.027758916940540074
-1 0.0 0 0 0.00040251638363670867
-1 0.0 0 0 -0.0024525461768849684
-1 0.0 0 0 -0.005690590939536519
58 0.2023707777261734 27 28 -0.007806507342795839
-1 0.0 0 0 -0.0011130988263947387
-1 0.0 0 0 0.0048968094372115545
nodes 29
82 -0.18987973034381866 1 2 0.0
-1 0.0 0 0 -0.006735631952177696
81 0.14394918084144592 3 28 0.0013472775937974257
34 0.2496463805437088 4 5 0.003563284503635221
-1 0.0 0 0 -4.2324795836272415e-05
2 0.3280889391899109 6 7 0.030413131844763457
-1 0.0 0 0 -0.0006979658999607167
91 -0.002347109839320183 8 19 0.058826858240420284
108 -0.06868753582239151 9 10 0.10007321945214327
-1 0.0 0 0 -0.004852164653845345
99 0.05503629148006439 11 12 0.12209407023185505
-1 0.0 0 0 0.008457491170778248
46 -0.09976593405008316 13 14 0.20870622371949957
-1 0.0 0 0 -0.004738348520050447
1 0.29500922560691833 15 18 0.2550433242478477
0 0.389507919549942 16 17 0.5159528472780949
-1 0.0 0 0 0.09047057470306755
-1 0.0 0 0 0.032877552517500054
-1 0.0 0 0 0.01926434383213312
79 -0.11034541577100754 20 25 0.01003703084016653
3 0.6946248412132263 21 24 0.1415128723138772
61 -0.1169629842042923 22 23 0.35992858563458513
-1 0.0 0 0 0.10466349472602209
-1 0.0 0 0 0.02551767677594881
-1 0.0 0 0 0.0022057629639817148
97 0.09440448135137558 26 27 -0.019515583312669883
-1 0.0 0 0 -0.005790686210652596
-1 0.0 0 0 0.014118488064868321
-1 0.0 0 0 -0.004352277995964775
nodes 29
41 0.1651771366596222 1 4 0.0
0 0.4986869990825653 2 3 -0.004573919819208945
-1 0.0 0 0 -0.0008699337720710987
-1 0.0 0 0 0.002940386503161935
108 -0.050100818276405334 5 6 0.019725712652334446
-1 0.0 0 0 -0.0038227198138413316
2 0.3099612891674042 7 8 0.03146661989214157
-1 0.0 0 0 -0.0011939683057875102
88 -0.09445787221193314 9 10 0.05768477418476283
-1 0.0 0 0 -0.007748696045078128
5 1.1351656913757324 11 20 0.069493849285528
6 1.1066855192184448 12 13 0.02298310154674775
-1 0.0 0 0 0.0006975580941995767
41 0.2544986605644226 14 17 0.23212350485021235
35 0.1188541054725647 15 16 0.1350540406457106
-1 0.0 0 0 0.004113221105378072
-1 0.0 0 0 0.07504039586618029
75 0.022251473739743233 18 19 0.7382714253451143
-1 0.0 0 0 0.011594752186820621
-1 0.0 0 0 0.13605953288220227
69 0.04771077632904053 21 26 0.10169089905906416
39 0.06690282374620438 22 23 0.06165324917680802
-1 0.0 0 0 0.0007343277305427219
73 0.0546417273581028 24 25 0.13288271265249849
-1 0.0 0 0 0.01760979407912599
-1 0.0 0 0 -0.006594290487480699
19 0.059820614755153656 27 28 0.16008609911913732
-1 0.0 0 0 0.019858950816430323
-1 0.0 0 0 0.001605796242711022
nodes 29
40 0.040483489632606506 1 12 0.0
15 -0.0734562799334526 2 11 -0.009044738861577422
6 1.1004362106323242 3 10 -0.03387239886393612
7 0.6520000100135803 4 7 -0.06007113153244989
65 -0.07941185683012009 5 6 -0.055670747963432396
-1 0.0 0 0 -0.01716715947118482
-1 0.0 0 0 -0.0037445356679900892
75 0.07573933154344559 8 9 -0.5451610344979498
-1 0.0 0 0 -0.023010957743539368
-1 0.0 0 0 -0.12225216671824456
-1 0.0 0 0 -1.3467035586105435e-05
-1 0.0 0 0 -0.00013364005316680503
6 1.0103386640548706 13 14 0.01001688155743316
-1 0.0 0 0 -0.0034060353368502447
7 0.125 15 22 0.015164481814034849
3 0.6610203385353088 16 17 0.04086154017277026
-1 0.0 0 0 0.009851841041061217
96 -0.10866536945104599 18 19 0.023004452121229875
-1 0.0 0 0 0.007244470957390845
32 0.00336682447232306 20 21 -0.007075674864897585
-1 0.0 0 0 0.003486071478500478
-1 0.0 0 0 -0.00581091942334312
2 0.4289911687374115 23 24 0.005778586040642432
-1 0.0 0 0 0.0001714512140460338
6 1.0965864658355713 25 28 0.09363169516921538
49 -0.10754616558551788 26 27 0.07426344340786614
-1 0.0 0 0 -0.06414173935052185
-1 0.0 0 0 0.008577132822806123
-1 0.0 0 0 0.06181555745020813
nodes 29
72 -0.07235037535429001 1 2 0.0
-1 0.0 0 0 -0.0022985914543350175
69 -0.07459065318107605 3 14 0.0039013406912717604
6 0.8857801556587219 4 5 -0.023997800030918105
-1 0.0 0 0 -0.048917003242298966
2 0.4056834280490875 6 9 -0.019976601618123573
7 0.014999999664723873 7 8 -0.03897138312441658
-1 0.0 0 0 -0.021354715377169334
-1 0.0 0 0 -0.0030977059326641704
6 1.1198477745056152 10 13 0.02806084154452713
96 0.13452380895614624 11 12 0.019841427584902288
-1 0.0 0 0 0.0030468404682121087
-1 0.0 0 0 -0.033861907944709106
-1 0.0 0 0 0.05811589059109489
27 0.05197925493121147 15 16 0.00831096348591985
-1 0.0 0 0 -0.00026578701540138315
93 -0.008407850749790668 17 28 0.02120647917159356
88 -0.09852425009012222 18 19 0.04033557081606351
-1 0.0 0 0 -0.0035864596300138243
2 0.3355870246887207 20 21 0.049357752075372005
-1 0.0 0 0 0.001265541441730204
1 0.37037646770477295 22 27 0.07259164261070379
36 -0.11785993725061417 23 24 0.09597174231257798
-1 0.0 0 0 -0.006473488045402949
53 -0.014242127537727356 25 26 0.1114119893972643
-1 0.0 0 0 0.014512106361404403
-1 0.0 0 0 0.0037337909111984004
-1 0.0 0 0 0.0015455375727374098
-1 0.0 0 0 -0.00014832043007788256
nodes 29
16 0.06180456280708313 1 28 0.0
81 0.03590865433216095 2 3 0.003930151907030614
-1 0.0 0 0 0.0011346181462267046
104 -0.023601382970809937 4 9 -0.01345717882389335
5 1.173629641532898 5 8 -0.04226841816314383
70 0.0723029151558876 6 7 -0.08478011742384864
-1 0.0 0 0 -0.012085922687263953
-1 0.0 0 0 -0.00020670164612112457
-1 0.0 0 0 -0.001128707594077312
2 0.3594459891319275 10 11 0.0009705327480210402
-1 0.0 0 0 -0.00239942641242304
85 0.027940483763813972 12 19 0.0264771365640776
88 -0.06826059520244598 13 18 -0.01994962245981886
100 0.03667609393596649 14 17 -0.1375781881906019
71 0.13465462625026703 15 16 -0.2616550587351072
-1 0.0 0 0 -0.0310193649609882
-1 0.0 0 0 0.031019021500833334
-1 0.0 0 0 0.002880686116252156
-1 0.0 0 0 0.0006230800212182105
7 0.6930000185966492 20 25 0.06726695486419451
84 -0.046682534739375114 21 22 0.0602600784049301
-1 0.0 0 0 -0.005932530459408141
96 0.17810086905956268 23 24 0.08822466027546817
-1 0.0 0 0 0.009444160662947005
-1 0.0 0 0 -0.03887232458826317
80 -0.0013804453192278743 26 27 0.6504241635776916
-1 0.0 0 0 -0.014819412082433701
-1 0.0 0 0 0.11344352450334666
-1 0.0 0 0 -0.002244493676690539
nodes 29
9 0.09433812648057938 1 24 0.0
59 -0.07445862889289856 2 3 0.002876409331927248
-1 0.0 0 0 -0.00330389745415691
14 0.15895037353038788 4 23 0.006379854683830672
62 0.05194362998008728 5 22 0.008107066031918336
108 -0.04399985447525978 6 7 0.01484217904709268
-1 0.0 0 0 -0.0012075632075755891
2 0.3664647340774536 8 9 0.022061201649874376
-1 0.0 0 0 0.0006336251815416733
91 0.1597837209701538 10 21 0.04515053437254822
74 0.05651262775063515 11 12 0.05128453572784107
-1 0.0 0 0 0.0026029528348788912
6 1.0908663272857666 13 14 0.0866559606430864
-1 0.0 0 0 0.006915868395114568
39 0.03427305072546005 15 16 0.20179044994738066
-1 0.0 0 0 0.007100548565892192
34 -0.05870264023542404 17 18 0.3186932113225393
-1 0.0 0 0 -0.02772913713473827
7 0.05900000035762787 19 20 0.36665977733219096
-1 0.0 0 0 -0.019580794604391688
-1 0.0 0 0 0.041058350410342725
-1 0.0 0 0 -0.012352083127537085
-1 0.0 0 0 -0.0010898773920091393
-1 0.0 0 0 -0.006597526222722343
2 0.3176412582397461 25 26 -0.030465532094642065
-1 0.0 0 0 0.0019772582380636703
66 0.10774025321006775 27 28 -0.056706015392123124
-1 0.0 0 0 -0.003814083753110384
-1 0.0 0 0 -0.01865313353285598
nodes 29
35 0.013201560825109482 1 16 0.0
73 0.14013244211673737 2 13 -0.010244459267082263
106 0.027806024998426437 3 10 -0.006745368395666671
6 1.1011730432510376 4 9 -0.024840708505041213
43 -0.06863843649625778 5 6 -0.048561347041145196
-1 0.0 0 0 -0.0017965417578301949
85 0.22641703486442566 7 8 -0.08679965923003945
-1 0.0 0 0 -0.009381903852681717
-1 0.0 0 0 0.025989663994993823
-1 0.0 0 0 0.00035576225247526945
34 0.0463273786008358 11 12 0.007503716320843572
-1 0.0 0 0 -0.0048898208337946145
-1 0.0 0 0 0.0017849972691727153
6 1.1607387065887451 14 15 -0.08477337958761114
-1 0.0 0 0 -0.014448530578900987
-1 0.0 0 0 0.0030784232989196476
53 -0.019683687016367912 17 28 0.008549610106421704
2 0.3621513843536377 18 19 0.018125623838186136
-1 0.0 0 0 0.00038308161334864175
6 1.0958354473114014 20 23 0.03870959412053847
26 0.07942645996809006 21 22 0.026803838226499545
-1 0.0 0 0 0.000594259418370557
-1 0.0 0 0 0.008566798773328995
39 -0.010435456410050392 24 27 0.12490144985475969
88 -0.12439863383769989 25 26 -0.014473040206034155
-1 0.0 0 0 -0.04604598589531787
-1 0.0 0 0 0.004729132138304882
-1 0.0 0 0 0.019548069162154572
-1 0.0 0 0 -0.0013218814551578314
nodes 29
54 0.10916673392057419 1 26 0.0
43 -0.10462893545627594 2 3 -0.004027167576702894
-1 0.0 0 0 0.0009086663423447496
6 1.1575943231582642 4 25 -0.013462119016578608
100 0.09773675352334976 5 22 -0.022528434307938366
85 -0.17731067538261414 6 7 -0.03315214030751355
-1 0.0 0 0 -0.023043672928405513
2 0.370120108127594 8 11 -0.030655393769105515
39 0.05395467206835747 9 10 -0.05713989218497205
-1 0.0 0 0 -0.009286004512514164
-1 0.0 0 0 -0.0023217872461197813
18 -0.0943542942404747 12 13 -0.011951669899838927
-1 0.0 0 0 0.003954925127195096
82 0.09066464006900787 14 17 -0.033637192452570096
39 -0.10889878869056702 15 16 -0.016441958598979945
-1 0.0 0 0 -0.015290306723706952
-1 0.0 0 0 -0.0007295216176166566
43 0.08721140772104263 18 21 -0.122954357527343
99 -0.043144192546606064 19 20 -0.09774915614360594
-1 0.0 0 0 -0.02574075931006042
-1 0.0 0 0 -0.004008073017648827
-1 0.0 0 0 -0.038190779555311784
37 -0.16208593547344208 23 24 0.013657739870110918
-1 0.0 0 0 0.01011615394911566
-1 0.0 0 0 -0.0003895194380959149
-1 0.0 0 0 0.0015236327016545641
89 -0.04585501551628113 27 28 0.021646474612760105
-1 0.0 0 0 0.004645970181220229
-1 0.0 0 0 -0.0013154371070390773
nodes 29
65 -0.019210562109947205 1 10 0.0
75 0.044948406517505646 2 3 -0.013481772794826383
-1 0.0 0 0 -0.0030291801179916384
41 0.30229708552360535 4 7 0.005450728167791418
93 -0.11940445005893707 5 6 0.003294764900230935
-1 0.0 0 0 0.006981647554506861
-1 0.0 0 0 -0.0006893480428501182
56 0.04688635095953941 8 9 0.36478610595540056
-1 0.0 0 0 0.05781746833762598
-1 0.0 0 0 -0.01729531091451645
95 0.0054186247289180756 11 22 0.006163225169162261
59 0.03769790753722191 12 15 -0.010187123639716867
6 1.1472973823547363 13 14 -0.03469386123469178
-1 0.0 0 0 -0.005476154569470138
-1 0.0 0 0 0.000797057015621505
19 0.0748497024178505 16 19 0.00824971997896723
55 -0.027623873203992844 17 18 0.02044827904163654
-1 0.0 0 0 0.005310144427466899
-1 0.0 0 0 -0.000492775747943248
100 0.010979317128658295 20 21 -0.047785521403458445
-1 0.0 0 0 -0.011051159877911772
-1 0.0 0 0 0.0010377821468019895
57 0.10942462831735611 23 26 0.01595811921758788
10 -0.02041707932949066 24 25 0.008934888198565086
-1 0.0 0 0 -0.0012262171231947352
-1 0.0 0 0 0.002428791247618065
22 -0.011214128695428371 27 28 0.057810517458075604
-1 0.0 0 0 0.010257510407463014
-1 0.0 0 0 0.0016493655473354242
nodes 29
0 0.48344340920448303 1 16 0.0
8 65.5 2 7 -0.003999835429629043
24 -0.043822478502988815 3 6 0.002002751498176968
6 1.10193932056427 4 5 -0.017827641045083633
-1 0.0 0 0 -0.004773292510977395
-1 0.0 0 0 0.0008350345748386
-1 0.0 0 0 0.0008944484490116148
19 0.12212201207876205 8 15 -0.027567924179943745
101 0.0027747824788093567 9 12 -0.02049132715152698
96 -0.19049488008022308 10 11 -0.048803117644787154
-1 0.0 0 0 0.005156512266144202
-1 0.0 0 0 -0.006402884128357269
33 0.07420424371957779 13 14 0.0008916155304897476
-1 0.0 0 0 0.0011049403492786436
-1 0.0 0 0 -0.010523931298971868
-1 0.0 0 0 -0.012142129226932108
88 -0.011864115484058857 17 18 0.021499562195746384
-1 0.0 0 0 -0.0011123478026620398
35 0.005975023843348026 19 24 0.04298151340159332
53 -0.16817866265773773 20 21 0.00831044837196201
-1 0.0 0 0 -0.015816726463387564
10 0.01558726653456688 22 23 0.02356986308774878
-1 0.0 0 0 -0.0021232289134718676
-1 0.0 0 0 0.00896759525418545
4 0.6581808924674988 25 26 0.072620888271992
-1 0.0 0 0 -0.0006201935336608471
43 -0.05199018493294716 27 28 0.098491364371715
-1 0.0 0 0 0.015182462554423105
-1 0.0 0 0 0.004262655106887687
nodes 29
20 -0.132066547870636 1 2 0.0
-1 0.0 0 0 -0.0032976996681603507
68 0.09964754432439804 3 28 0.002504649500669636
30 -0.0014535656664520502 4 11 0.00573462218512572
41 0.0001902333606267348 5 8 -0.006626126417794794
6 1.1108274459838867 6 7 -0.0413434467599078
-1 0.0 0 0 -0.007457852523416835
-1 0.0 0 0 0.0007898894074020656
99 -0.15149272978305817 9 10 0.0027926904743097126
-1 0.0 0 0 -0.010047503411588641
-1 0.0 0 0 0.0006412231608014727
88 -0.1752157211303711 12 13 0.016285421585881883
-1 0.0 0 0 -0.011344321403228892
2 0.3142848312854767 14 15 0.018640621895073213
-1 0.0 0 0 -0.0006036446758661758
108 -0.04520175978541374 16 17 0.029401810558146734
-1 0.0 0 0 -0.0014839862390335203
32 0.009005838073790073 18 27 0.04131582131237788
74 0.03586224839091301 19 22 0.06225037585996123
38 0.0922655388712883 20 21 0.027244348612208803
-1 0.0 0 0 0.004572721329539998
-1 0.0 0 0 -0.00674597414623599
62 0.1569296419620514 23 26 0.09414620044812022
56 -0.07272361218929291 24 25 0.10266854323247541
-1 0.0 0 0 0.002363662163376046
-1 0.0 0 0 0.012338564889427448
-1 0.0 0 0 -0.014356512319213192
-1 0.0 0 0 0.0011066292523549816
-1 0.0 0 0 -0.0027428976054603947
nodes 29
76 -0.09776145219802856 1 2 0.0
-1 0.0 0 0 -0.0030123892349620063
46 -0.08423855900764465 3 4 0.0027036788105637985
-1 0.0 0 0 -0.002030928737666415
29 -0.09104215353727341 5 8 0.007416857561362312
40 0.1547722965478897 6 7 -0.02312501809311033
-1 0.0 0 0 -0.0013039896064068698
-1 0.0 0 0 -0.011958070799759229
37 0.11334210634231567 9 28 0.012012694083421078
2 0.21015067398548126 10 11 0.014295404907324921
-1 0.0 0 0 -0.004043809800879643
42 -0.12558358907699585 12 13 0.017249836613037074
-1 0.0 0 0 0.004667823592674608
23 0.07829426974058151 14 17 0.010965693063601458
47 -0.025771748274564743 15 16 0.018802027738644072
-1 0.0 0 0 -0.00039909672286709413
-1 0.0 0 0 0.0030529861787155963
6 1.10193932056427 18 27 -0.01873371568618003
38 0.15115544199943542 19 26 -0.04599069566211067
0 0.4826299548149109 20 21 -0.036168427166379795
-1 0.0 0 0 -0.005549620234831398
108 -0.0003406857722438872 22 25 0.061153107469363824
88 -0.11825451254844666 23 24 -0.07995146191775954
-1 0.0 0 0 -0.07681353368929456
-1 0.0 0 0 -0.0005839352305047214
-1 0.0 0 0 0.015418908728504958
-1 0.0 0 0 -0.02215075719191577
-1 0.0 0 0 0.001485181619197266
-1 0.0 0 0 -0.005702234151783137
nodes 29
54 -0.05727941542863846 1 10 0.0
90 0.08149218559265137 2 3 -0.018241139188597988
-1 0.0 0 0 -0.0008310043438252897
1 0.2786099314689636 4 5 -0.07217653260610023
-1 0.0 0 0 -0.0005569974487886913
37 0.09591421484947205 6 9 -0.11998315516531363
107 -0.13016724586486816 7 8 -0.10043754797423854
-1 0.0 0 0 0.011055172372366017
-1 0.0 0 0 -0.012880705139848304
-1 0.0 0 0 -0.04618276809342206
87 0.14576195180416107 11 26 0.004449102609800037
99 -0.11534818261861801 12 13 0.007416776829916678
-1 0.0 0 0 -0.002975415241757836
34 0.11891715228557587 14 15 0.010816474617310888
-1 0.0 0 0 -0.00046839450889741115
2 0.3594459891319275 16 17 0.0209140439007439
-1 0.0 0 0 0.0005630937128221718
95 -0.0012771525653079152 18 21 0.04218077593917065
26 0.07149544358253479 19 20 -0.00280219294218067
-1 0.0 0 0 -0.003165451325842906
-1 0.0 0 0 0.006658189213911932
60 0.016441749408841133 22 25 0.0672781037407542
16 0.05287984386086464 23 24 0.031831446371955466
-1 0.0 0 0 0.005558548374517468
-1 0.0 0 0 -0.006410089835356671
-1 0.0 0 0 0.009984282018454254
5 1.145135521888733 27 28 -0.03785405161479244
-1 0.0 0 0 -0.009730497806146335
-1 0.0 0 0 -0.0006068407772017889
nodes 29
71 -0.04071974381804466 1 16 0.0
20 -0.13773329555988312 2 3 -0.013118188547097002
-1 0.0 0 0 -0.009140434543421514
76 0.05367453396320343 4 11 -0.008457054789808616
37 -0.12466505169868469 5 8 -0.024292787211113206
21 0.20845776796340942 6 7 0.01856928778078451
-1 0.0 0 0 -0.00051304285904267
-1 0.0 0 0 0.013222930595637221
106 -0.13032017648220062 9 10 -0.03927719918372974
-1 0.0 0 0 -0.016136453706916295
-1 0.0 0 0 -0.0032782011608494797
0 0.4341178238391876 12 15 0.012872960243929196
12 0.005819071549922228 13 14 -0.010497728968980448
-1 0.0 0 0 0.0020026999957045775
-1 0.0 0 0 -0.005995803092272305
-1 0.0 0 0 0.004781031478213436
34 0.11998621001839638 17 20 0.006106825744596768
6 0.8444223403930664 18 19 -0.00865974702918846
-1 0.0 0 0 -0.03317744585688823
-1 0.0 0 0 -0.000744008875643629
49 0.11994585394859314 21 22 0.01600905192341859
-1 0.0 0 0 -0.0003593685873100995
2 0.2691305875778198 23 24 0.0303590672987607
-1 0.0 0 0 -0.0015647383075681857
18 -0.02680460922420025 25 28 0.04163175280574491
37 -0.06591235846281052 26 27 0.06502815437366381
-1 0.0 0 0 0.00965960482343405
-1 0.0 0 0 0.0031043794323042935
-1 0.0 0 0 0.0014173065769354438
nodes 29
5 1.2282440662384033 1 28 0.0
22 0.04494057595729828 2 23 -0.0074885681935026645
106 -0.05406051129102707 3 4 0.0017580544912305695
-1 0.0 0 0 -0.003732492999603309
26 -0.060924142599105835 5 10 0.008903606205355857
43 -0.03288945555686951 6 7 -0.02814804141872571
-1 0.0 0 0 -0.0004702213736021065
71 0.04244567081332207 8 9 -0.09581667669419255
-1 0.0 0 0 -0.015202698447346803
-1 0.0 0 0 0.002592168357731934
33 0.0784442350268364 11 22 0.017733001032327864
10 -0.06198778375983238 12 15 0.025091193947597026
20 0.12308716028928757 13 14 -0.010582718263451139
-1 0.0 0 0 -0.0023912017122647514
-1 0.0 0 0 0.010853435425964795
24 -0.039346352219581604 16 19 0.03773228157105473
77 0.11106329411268234 17 18 -0.0021578846943953807
-1 0.0 0 0 0.0014396182704809425
-1 0.0 0 0 -0.01642451024489676
52 0.10654963552951813 20 21 0.051077610306188445
-1 0.0 0 0 0.006062595391280751
-1 0.0 0 0 -0.003667002588959663
-1 0.0 0 0 -0.004657240278972701
89 -0.09107119590044022 24 25 -0.02948756257178409
-1 0.0 0 0 -0.00013631831443042345
46 0.06878148764371872 26 27 -0.05055156834168126
-1 0.0 0 0 -0.006770154231259067
-1 0.0 0 0 0.0014982318811019384
-1 0.0 0 0 0.0011051162921482797
nodes 29
0 0.4574972987174988 1 26 0.0
6 1.099649429321289 2 17 -0.005818029693095212
34 -0.1024610698223114 3 4 -0.021604028670638233
-1 0.0 0 0 -0.041231647955785905
4 0.8867964744567871 5 10 -0.019667781993627967
14 -0.03268188238143921 6 9 -0.049799354396815994
22 0.0049116467125713825 7 8 -0.019539124936269164
-1 0.0 0 0 0.0017647463594254132
-1 0.0 0 0 -0.006555433132149443
-1 0.0 0 0 -0.008738433396349702
5 1.2413122653961182 11 16 0.0017727770627506418
21 0.21931111812591553 12 15 -0.011060937949361197
8 41.5 13 14 -0.024848797356496595
-1 0.0 0 0 -0.009917945166467408
-1 0.0 0 0 -0.0010891512923083355
-1 0.0 0 0 0.005130673736073102
-1 0.0 0 0 0.00763557699178859
1 0.3406345546245575 18 19 0.009965745465810678
-1 0.0 0 0 0.0005945094395970736
82 0.11286130547523499 20 25 0.2228219461008782
42 0.0632689967751503 21 24 0.2756628791419916
22 0.05876718834042549 22 23 0.33903753080974436
-1 0.0 0 0 0.04311493219847909
-1 0.0 0 0 0.00820941133214567
-1 0.0 0 0 -0.010458503086452506
-1 0.0 0 0 -0.022104189144447447
52 0.08517911285161972 27 28 0.014231005986815422
-1 0.0 0 0 0.002300869423072881
-1 0.0 0 0 -0.003573663214153194
nodes 29
107 0.0755225419998169 1 14 0.0
0 0.4986869990825653 2 13 0.0034902322395669863
76 -0.09310704469680786 3 4 1.619443464086809e-05
-1 0.0 0 0 -0.003684428793067166
73 -0.0007617812952958047 5 10 0.0035967037532802803
44 0.1593344360589981 6 9 0.012931757792597729
99 0.05988864228129387 7 8 0.014964654842481039
-1 0.0 0 0 0.0006088341271458943
-1 0.0 0 0 0.003745545244120311
-1 0.0 0 0 -0.010947578538250952
8 70.5 11 12 -0.013911014896734122
-1 0.0 0 0 -0.0004979123656376612
-1 0.0 0 0 -0.006278489577409134
-1 0.0 0 0 0.003765645377199952
6 1.0930484533309937 15 28 -0.022687164748757264
89 0.11087572574615479 16 27 -0.0549953634428673
53 0.11756493896245956 17 24 -0.04482657189172325
43 -0.24923120439052582 18 19 -0.0355902576766403
-1 0.0 0 0 0.0224420378726355
15 -0.003408391959965229 20 21 -0.04333999465313507
-1 0.0 0 0 -0.00857585778052722
70 0.11896339803934097 22 23 -0.0006022462390148155
-1 0.0 0 0 -0.002450357914399424
-1 0.0 0 0 0.014395253231509053
84 -0.06118833273649216 25 26 -0.26058986347483526
-1 0.0 0 0 -0.07470241079435629
-1 0.0 0 0 -0.01829430826676205
-1 0.0 0 0 -0.028501648661291887
-1 0.0 0 0 0.0006106085236362363
nodes 29
40 0.06468652188777924 1 28 0.0
82 -0.18987973034381866 2 3 -0.006885498744191676
-1 0.0 0 0 -0.009551516967422992
0 0.4609275460243225 4 25 -0.005130068246395131
6 1.1058831214904785 5 18 -0.013336149610212211
73 -0.023208308964967728 6 11 -0.030076191347986843
96 -0.16642121970653534 7 10 -0.007538102670394569
67 0.14986364543437958 8 9 0.069119765541805
-1 0.0 0 0 0.008216848925412234
-1 0.0 0 0 -0.030474134175063568
-1 0.0 0 0 -0.0024918520910023707
58 -0.023659825325012207 12 17 -0.06193664313945617
7 0.5450000166893005 13 14 -0.16773080993655518
-1 0.0 0 0 -0.015081524755305789
37 -0.03472490608692169 15 16 -0.6053874239857707
-1 0.0 0 0 -0.10227008888143159
-1 0.0 0 0 0.02292395056713195
-1 0.0 0 0 -0.003973390056012201
1 0.3406345546245575 19 20 0.007037128092658062
-1 0.0 0 0 0.00028323243787076825
67 0.08949397504329681 21 24 0.2436257583645762
82 0.11796948313713074 22 23 0.3259722871237061
-1 0.0 0 0 0.03973547273368206
-1 0.0 0 0 -0.0326315528616823
-1 0.0 0 0 -0.030659877470779147
43 -0.0488617941737175 26 27 0.014187917905641863
-1 0.0 0 0 0.003997163989666193
-1 0.0 0 0 -0.001362756961118444
-1 0.0 0 0 0.001140413604184001
nodes 29
104 -0.11840683966875076 1 2 0.0
-1 0.0 0 0 -0.003020501966100396
2 0.4465023875236511 3 18 0.0025709468115215706
6 1.0051454305648804 4 9 2.814019367011829e-05
79 0.03673739731311798 5 6 -0.03535835419424535
-1 0.0 0 0 -0.0015942975458611488
59 -0.13946299254894257 7 8 -0.10761773046360802
-1 0.0 0 0 0.04625388055574149
-1 0.0 0 0 -0.011867531176825817
42 -0.06090825796127319 10 15 0.0035811501992179086
7 0.13899999856948853 11 12 0.01792745047337759
-1 0.0 0 0 0.0049040859998810485
48 -0.15771274268627167 13 14 0.004516706147871032
-1 0.0 0 0 -0.014055722062978254
-1 0.0 0 0 0.0007685347113202671
86 -0.12191606312990189 16 17 -0.006799691629510859
-1 0.0 0 0 -0.005557067326814266
-1 0.0 0 0 -0.0001932878757020857
38 -0.03678249940276146 19 24 0.04584141227083892
21 0.2445645034313202 20 21 0.10676296428200727
-1 0.0 0 0 0.013056797603467257
48 -0.0653475821018219 22 23 -0.17592155028089312
-1 0.0 0 0 -0.06850532053038479
-1 0.0 0 0 -0.00419395358011682
49 -0.09432274103164673 25 28 0.01120524010625563
46 -0.0468950979411602 26 27 -0.3677893974493409
-1 0.0 0 0 -0.08893886901438236
-1 0.0 0 0 -0.008836120493443948
-1 0.0 0 0 0.002147092162744659
nodes 29
80 -0.10118664801120758 1 8 0.0
105 0.013636975549161434 2 3 -0.02455544135575483
-1 0.0 0 0 -0.00481938234445288
2 0.45124784111976624 4 7 0.008727480704449887
26 -0.0672561377286911 5 6 -0.0042369555249179
-1 0.0 0 0 -0.010496116729431055
-1 0.0 0 0 0.0015929659152499
-1 0.0 0 0 0.021366707405267662
19 -0.039746761322021484 9 12 0.0031510604814101147
14 0.15186378359794617 10 11 0.015853790634781418
-1 0.0 0 0 0.0018657155424523831
-1 0.0 0 0 -0.009111823250170407
2 0.39506009221076965 13 18 -0.004795601612152523
29 0.15086211264133453 14 17 -0.013171170390681025
6 1.1058831214904785 15 16 -0.01931708380081837
-1 0.0 0 0 -0.004269652186207073
-1 0.0 0 0 5.554385512461326e-05
-1 0.0 0 0 0.0039060946445870653
104 0.11711981892585754 19 28 0.017049611198026716
26 -0.024815235286951065 20 23 0.0015620420524554161
99 -0.14731547236442566 21 22 -0.05129978093152761
-1 0.0 0 0 -0.0351070953421744
-1 0.0 0 0 -0.00375347781130993
18 0.10918274521827698 24 25 0.025751045873251218
-1 0.0 0 0 0.003550170600294341
85 -0.12521834671497345 26 27 -0.1308261878326076
-1 0.0 0 0 -0.10732574559748174
-1 0.0 0 0 -0.009147623926717089
-1 0.0 0 0 0.008813887142337008
nodes 29
72 0.025483399629592896 1 22 0.0
6 0.995628297328949 2 9 -0.008703471623781775
104 0.09633902460336685 3 8 -0.06323124807791815
63 0.05183045566082001 4 5 -0.09155551082721335
-1 0.0 0 0 -0.006366979766286501
76 0.18633921444416046 6 7 -0.23658639825533648
-1 0.0 0 0 -0.020069668670572964
-1 0.0 0 0 -0.08919637395959834
-1 0.0 0 0 0.004558938097426915
49 0.24801526963710785 10 21 -0.0046642042206744665
74 -0.030761541798710823 11 20 -0.009433358817768427
6 1.1643245220184326 12 19 -0.03912549224232669
2 0.41667723655700684 13 18 -0.057578368585092965
29 0.15606865286827087 14 17 -0.0825585279872889
34 0.19945162534713745 15 16 -0.10128040658686635
-1 0.0 0 0 -0.013785821618163158
-1 0.0 0 0 -0.0016135818490492168
-1 0.0 0 0 0.006254361700976036
-1 0.0 0 0 0.001442797450751558
-1 0.0 0 0 0.0012705066569800132
-1 0.0 0 0 -4.004061522668203e-05
-1 0.0 0 0 0.00405411793201657
44 0.06931786239147186 23 26 0.008772326075161083
62 0.1614731103181839 24 25 0.014920678729984205
-1 0.0 0 0 0.001772965851199239
-1 0.0 0 0 -0.007113796757044759
2 0.43099653720855713 27 28 -0.025711806310906977
-1 0.0 0 0 -0.003979460126691778
-1 0.0 0 0 0.007407658198254299
nodes 29
55 0.07033278793096542 1 28 0.0
79 -0.05326645076274872 2 23 0.004204246124758826
68 0.12212738394737244 3 22 0.01741543461099659
2 0.3224964439868927 4 5 0.02209161705926232
-1 0.0 0 0 -0.0002844935271235219
16 -0.10724195092916489 6 7 0.0358628579180179
-1 0.0 0 0 0.00860076444913191
53 0.07714959979057312 8 19 0.02169191485032812
58 0.10202277451753616 9 16 0.030104247691216342
4 0.9521161317825317 10 11 0.0104724465107648
-1 0.0 0 0 -0.0006647074636797473
3 0.5866271257400513 12 13 0.08379466866387283
-1 0.0 0 0 0.05853123312990647
18 0.030485637485980988 14 15 0.06649163340314385
-1 0.0 0 0 0.01094158480768022
-1 0.0 0 0 -0.0064817014548222435
35 -0.11936571449041367 17 18 0.07322105886266732
-1 0.0 0 0 -0.015918897618744026
-1 0.0 0 0 0.008720622863371191
90 0.08149218559265137 20 21 -0.0807136616632567
-1 0.0 0 0 -0.0035087969075652467
-1 0.0 0 0 -0.038287626729059804
-1 0.0 0 0 -0.006152339251753387
82 0.0748186707496643 24 25 -0.005159020685008694
-1 0.0 0 0 0.00031271630594635055
6 1.0901503562927246 26 27 -0.03142187425391554
-1 0.0 0 0 -0.007227717932964371
-1 0.0 0 0 3.105870874538818e-05
-1 0.0 0 0 -0.0018131439282675179
nodes 29
89 -0.13078050315380096 1 4 0.0
37 0.092315174639225 2 3 0.015028250564179644
-1 0.0 0 0 0.0019751037299507172
-1 0.0 0 0 -0.007813271519428773
65 -0.019210562109947205 5 26 -0.005035901507216651
6 1.1043202877044678 6 17 -0.0217582825645589
0 0.46167799830436707 7 10 -0.044320822051134995
4 0.8821378946304321 8 9 -0.07321358809898629
-1 0.0 0 0 -0.012277366572038994
-1 0.0 0 0 -0.004068670322440515
100 0.1415107250213623 11 16 0.0036875734714433236
41 0.04021596163511276 12 15 -0.010655347639307184
12 0.21018338203430176 13 14 -0.06458078662919171
-1 0.0 0 0 -0.005456554799772948
-1 0.0 0 0 -0.06481157198329184
-1 0.0 0 0 0.0031956322778189817
-1 0.0 0 0 0.015215794732762489
2 0.41162559390068054 18 19 0.007195129370251835
-1 0.0 0 0 0.00018386184103834474
3 0.6753267645835876 20 23 0.37261630705247323
8 71.5 21 22 0.590530893804195
-1 0.0 0 0 0.07902204882710764
-1 0.0 0 0 -0.004326651472112407
54 -0.026009581983089447 24 25 -0.014787402728365527
-1 0.0 0 0 0.05133835117778053
-1 0.0 0 0 -0.04066561457490729
95 -0.013429033569991589 27 28 0.0027079256546853813
-1 0.0 0 0 -0.0019708952146585395
-1 0.0 0 0 0.0012366894523386548
nodes 29
41 -0.10740414261817932 1 18 0.0
6 1.14875328540802 2 17 -0.048208268823373
5 1.1088666915893555 3 8 -0.0903064502603572
53 0.08640167117118835 4 7 0.02692710902001437
47 0.19275860488414764 5 6 0.054741968830823044
-1 0.0 0 0 0.008087152878200233
-1 0.0 0 0 -0.06024164639413357
-1 0.0 0 0 -0.05549597582221031
88 0.21536314487457275 9 16 -0.13117412868633915
0 0.4826299548149109 10 15 -0.14146265909947914
12 -0.18473631143569946 11 12 -0.20837486390806773
-1 0.0 0 0 -0.08556419923901559
13 0.03064880520105362 13 14 -0.19473382853436724
-1 0.0 0 0 -0.012841063511405371
-1 0.0 0 0 -0.032510035560117105
-1 0.0 0 0 -0.0030057287175901224
-1 0.0 0 0 0.06287073318269991
-1 0.0 0 0 0.003946181432633871
106 0.10446348041296005 19 20 0.001561784304892846
-1 0.0 0 0 -0.0003749231949347781
77 0.17821867763996124 21 28 0.017184060275199753
2 0.27054551243782043 22 23 0.020470698019952945
-1 0.0 0 0 -0.0019491678250767109
49 0.12185395509004593 24 27 0.029973782808399022
62 0.048717040568590164 25 26 0.0016690909887897832
-1 0.0 0 0 0.002454243381288946
-1 0.0 0 0 -0.006159542736741084
-1 0.0 0 0 0.005170180381720371
-1 0.0 0 0 -0.01255855815050194
nodes 29
42 0.10471094399690628 1 28 0.0
2 0.48455941677093506 2 17 0.00216268948827378
40 -0.06540340930223465 3 8 0.0027280039245567034
31 -0.11559594422578812 4 7 -0.019665002845717244
25 0.18113254010677338 5 6 -0.10649620488348538
-1 0.0 0 0 -0.009083509627176248
-1 0.0 0 0 -0.06311433433762027
-1 0.0 0 0 -0.0011352658701204524
7 0.8790000081062317 9 16 0.006729097199649578
14 -0.14021530747413635 10 15 0.008315414235550711
18 0.03296682611107826 11 14 0.03587717849876817
2 0.2924491763114929 12 13 0.051987271832138554
-1 0.0 0 0 -0.0016767770562160196
-1 0.0 0 0 0.007649290765447764
-1 0.0 0 0 -0.0032065033304333763
-1 0.0 0 0 0.00041331098887850844
-1 0.0 0 0 -0.007106329163073972
104 -0.034921180456876755 18 23 -0.15422262768038777
49 -0.012031269259750843 19 20 -0.4182366052422152
-1 0.0 0 0 -0.091133020019957
43 -0.02712935023009777 21 22 -0.2058270566452008
-1 0.0 0 0 -0.055438233694682516
-1 0.0 0 0 0.022686225683267777
96 0.05132424086332321 24 25 -0.05441246543140425
-1 0.0 0 0 0.005455794853102314
60 0.003447997849434614 26 27 -0.3709455726555981
-1 0.0 0 0 -0.08498003706336021
-1 0.0 0 0 -0.0034453011914297965
-1 0.0 0 0 -0.0034605237618565233
nodes 29
34 0.2496463805437088 1 2 0.0
-1 0.0 0 0 -0.0003316801568917514
2 0.3280889391899109 3 4 0.022313378496343347
-1 0.0 0 0 -0.0009828126134297363
91 -0.002347109839320183 5 20 0.046762786984766776
65 0.15379326045513153 6 19 0.08424856584407125
106 0.07049734145402908 7 12 0.07200618677217836
70 -0.047450363636016846 8 11 0.03589877008659319
28 0.14505736529827118 9 10 -0.09533349318974275
-1 0.0 0 0 -0.005359224828733953
-1 0.0 0 0 -0.06275343656953838
-1 0.0 0 0 0.006833010824025584
8 33.5 13 14 0.144394892133809
-1 0.0 0 0 0.08060487319122661
38 -0.05609956383705139 15 18 0.13250242115739883
21 0.16797983646392822 16 17 0.28286933845396495
-1 0.0 0 0 0.01762105911337317
-1 0.0 0 0 0.05697445898670061
-1 0.0 0 0 0.007904972962672582
-1 0.0 0 0 0.02826705019703353
97 0.09698601812124252 21 26 0.002612869661585945
79 -0.11034541577100754 22 25 -0.022583739639823245
85 -0.0019209489692002535 23 24 0.10916079561245924
-1 0.0 0 0 0.0306983331343825
-1 0.0 0 0 -0.0009042762889564269
-1 0.0 0 0 -0.00529184920673903
84 -0.056606002151966095 27 28 0.11501910241884346
-1 0.0 0 0 -0.0177649823171952
-1 0.0 0 0 0.018050739665995214
nodes 29
9 0.09433812648057938 1 28 0.0
59 -0.07445862889289856 2 3 0.002630370004831227
-1 0.0 0 0 -0.0031175677667089293
21 0.2534213662147522 4 23 0.005928055503602025
57 0.011910038068890572 5 8 0.0028904697208813326
5 1.2719460725784302 6 7 -0.008200358693273607
-1 0.0 0 0 -0.0020667239851907544
-1 0.0 0 0 0.0017381649183188963
32 0.01179989892989397 9 22 0.013535104036132497
2 0.3265356719493866 10 11 0.02669944453509085
-1 0.0 0 0 -0.00011944487965159632
14 -0.14546771347522736 12 15 0.04252023705590301
81 0.026472993195056915 13 14 0.1289937101675365
-1 0.0 0 0 0.0191569640323946
-1 0.0 0 0 0.0017959590194883144
108 -0.029364850372076035 16 17 0.031037549104409284
-1 0.0 0 0 -0.002781886938793707
54 -0.07009917497634888 18 19 0.050242488446018724
-1 0.0 0 0 -0.003029015609218622
89 -0.007858443073928356 20 21 0.06616607346945146
-1 0.0 0 0 0.009064986960156824
-1 0.0 0 0 0.0008356845437990693
-1 0.0 0 0 -0.0007832031780067528
2 0.2890266329050064 24 25 0.043757485167400904
-1 0.0 0 0 -0.0030393387248115107
107 -0.011715831235051155 26 27 0.07327710495866598
-1 0.0 0 0 0.011645400482536199
-1 0.0 0 0 0.001225500874575649
-1 0.0 0 0 -0.0027859604102969913
nodes 29
53 -0.10581158101558685 1 2 0.0
-1 0.0 0 0 0.001206840199252203
2 0.4399811327457428 3 26 -0.006141457220598443
16 -0.07372364401817322 4 5 -0.010146847343696235
-1 0.0 0 0 0.0009727529848970433
1 0.2941070795059204 6 7 -0.02013317737614374
-1 0.0 0 0 -0.00028113098251468256
74 -0.057763855904340744 8 13 -0.039627940687644414
92 0.19900959730148315 9 12 -0.1032369454992326
49 0.04904421791434288 10 11 -0.09414543716125162
-1 0.0 0 0 -0.021766572019926173
-1 0.0 0 0 -0.006317578476257939
-1 0.0 0 0 -0.056053981489967555
37 -0.13030850887298584 14 15 -0.02727924836282143
-1 0.0 0 0 0.0027797108179075524
24 -0.14689910411834717 16 17 -0.043429289290074245
-1 0.0 0 0 -0.019577607659030688
0 0.425388902425766 18 23 -0.03650502582703818
14 -0.1215992346405983 19 20 -0.07691272144985055
-1 0.0 0 0 0.004048045134394094
8 62.5 21 22 -0.10447859661749428
-1 0.0 0 0 -0.008199560728703486
-1 0.0 0 0 -0.0244940274381825
92 0.07325133681297302 24 25 -0.012133357599034325
-1 0.0 0 0 0.001176402637605896
-1 0.0 0 0 -0.008465592055047572
104 -0.12093877047300339 27 28 0.03551859649222036
-1 0.0 0 0 -0.013519590188349999
-1 0.0 0 0 0.0047156795481083326
nodes 29
60 0.1513482630252838 1 16 0.0
69 -0.034951116889715195 2 3 -0.0024043018339651675
-1 0.0 0 0 -0.0018800499623483052
11 -0.04137470945715904 4 15 0.0031177778658627838
1 0.362994521856308 5 8 -0.014372545888349462
29 0.053680215030908585 6 7 -0.002647389277599856
-1 0.0 0 0 -0.002493028557866688
-1 0.0 0 0 0.0025944473141404057
104 -0.0381888784468174 9 14 -0.06723238654285524
82 0.1349293738603592 10 13 -0.1736789521385389
101 0.1669388711452484 11 12 -0.14433710110783662
-1 0.0 0 0 -0.011872340646873057
-1 0.0 0 0 -0.06240117461674593
-1 0.0 0 0 -0.05766651340159057
-1 0.0 0 0 -0.0028560787805846565
-1 0.0 0 0 0.001243345735419313
0 0.4268812835216522 17 20 0.029868205878380145
31 -0.15797059237957 18 19 -0.02101174096946023
-1 0.0 0 0 -0.03164062373713272
-1 0.0 0 0 -0.0012165517060772491
8 67.5 21 28 0.07514645385966477
26 -0.04073591157793999 22 23 0.12285117325508647
-1 0.0 0 0 0.0006998711535174471
8 43.5 24 27 0.16034240736186675
6 1.094388484954834 25 26 0.4840863834847422
-1 0.0 0 0 0.024293029355624367
-1 0.0 0 0 0.11746697319163518
-1 0.0 0 0 0.014413614236160503
-1 0.0 0 0 0.0003981385735015464
nodes 29
54 0.10916673392057419 1 26 0.0
85 -0.15798936784267426 2 5 -0.003643610233058131
6 1.1544904708862305 3 4 -0.07643094015401863
-1 0.0 0 0 -0.012780253178533336
-1 0.0 0 0 0.003316841297816734
73 -0.0007617812952958047 6 7 -0.0022176848397774092
-1 0.0 0 0 0.0005250677467455235
2 0.4099505841732025 8 21 -0.015950446893488682
6 1.10193932056427 9 18 -0.026513847357586304
101 -0.033084481954574585 10 11 -0.054871614548128306
-1 0.0 0 0 -0.012103761931978383
49 -0.03634049743413925 12 13 -0.028274209116354344
-1 0.0 0 0 -0.03016584087260223
79 -0.04754849150776863 14 17 -0.020754185287549725
78 0.11283846944570541 15 16 0.022656615587214237
-1 0.0 0 0 0.004052243279568646
-1 0.0 0 0 -0.016530927245576792
-1 0.0 0 0 -0.005957062731803745
7 0.0820000022649765 19 20 -0.0035485325137638328
-1 0.0 0 0 0.014015316159869569
-1 0.0 0 0 -0.0009641165838152387
70 0.04732958972454071 22 25 0.019696072377984163
94 -0.15719835460186005 23 24 -0.014635126013789688
-1 0.0 0 0 -0.021985557910179858
-1 0.0 0 0 -6.930571213151832e-05
-1 0.0 0 0 0.00672457658525506
89 -0.04585501551628113 27 28 0.019584812119216536
-1 0.0 0 0 0.00411714968326184
-1 0.0 0 0 -0.001069076942782296
nodes 29
35 -0.1292487233877182 1 28 0.0
72 0.12074437737464905 2 27 -0.037852164208791415
2 0.32410359382629395 3 4 -0.055447345975851506
-1 0.0 0 0 0.0006930898870413791
13 -0.12577009201049805 5 8 -0.08956337553328714
44 -0.12543143332004547 6 7 -0.2882354086499832
-1 0.0 0 0 0.01403061305769015
-1 0.0 0 0 -0.03816939358218038
52 0.055544476956129074 9 14 -0.0708792295030106
51 0.07122023403644562 10 11 -0.03554671444972031
-1 0.0 0 0 -0.007760230776902595
45 -0.15877488255500793 12 13 0.07133140992565795
-1 0.0 0 0 -0.05920236001794155
-1 0.0 0 0 0.010541684522749967
42 0.007461376488208771 15 20 -0.1916894987596329
54 -0.04164760187268257 16 19 -0.07862257424238987
88 0.04883706569671631 17 18 -0.3698301255112378
-1 0.0 0 0 -0.011588196703591028
-1 0.0 0 0 -0.08100069335351388
-1 0.0 0 0 0.0012867920792267312
4 0.6966195702552795 21 22 -0.3781412060164327
-1 0.0 0 0 0.01438335274399903
86 -0.10190150886774063 23 24 -0.452709025081636
-1 0.0 0 0 0.0035221269289995062
11 -0.05218200013041496 25 26 -0.5451925449298537
-1 0.0 0 0 -0.09231023156061406
-1 0.0 0 0 -0.04068505753072844
-1 0.0 0 0 0.00860961162391652
-1 0.0 0 0 0.00018692917594802466
nodes 29
41 0.1651771366596222 1 6 0.0
47 -0.005613163113594055 2 5 -0.004041152281407732
6 1.1531040668487549 3 4 -0.016202515791673366
-1 0.0 0 0 -0.0026524672478577295
-1 0.0 0 0 0.0017522842631226198
-1 0.0 0 0 0.0005123480183286311
2 0.2957744002342224 7 8 0.017428072697777148
-1 0.0 0 0 -0.0020443995636754654
108 -0.050100818276405334 9 10 0.03399402973635662
-1 0.0 0 0 -0.003554736895511538
88 -0.09852425009012222 11 14 0.04859239043367015
97 0.04224386438727379 12 13 -0.06842324551618778
-1 0.0 0 0 0.001801122381682547
-1 0.0 0 0 -0.020376142776130063
58 0.17889896035194397 15 26 0.057680531033181166
23 0.022754989564418793 16 17 0.047827082354155524
-1 0.0 0 0 0.00792074300951309
103 0.0414920300245285 18 23 0.006833602264352925
59 0.21520677208900452 19 22 0.043697532959090034
98 0.08882594853639603 20 21 0.026561612242714014
-1 0.0 0 0 0.005029572596557159
-1 0.0 0 0 -0.013270094526206859
-1 0.0 0 0 0.027171583281409357
88 0.18475928902626038 24 25 -0.0670330540449057
-1 0.0 0 0 -0.009110684976978754
-1 0.0 0 0 0.02721886129875202
37 -0.07641932368278503 27 28 0.16521520226335426
-1 0.0 0 0 0.028080504380060867
-1 0.0 0 0 0.007080022393874343
nodes 29
89 -0.2442222386598587 1 10 0.0
2 0.3512759804725647 2 5 0.04985797499917013
5 1.1907882690429688 3 4 -0.05091386491787691
-1 0.0 0 0 -0.01670236712209892
-1 0.0 0 0 0.0013699541936993112
5 1.2413122653961182 6 7 0.11885268257427718
-1 0.0 0 0 0.00801656084981659
96 -0.14920222759246826 8 9 0.28228077113938826
-1 0.0 0 0 0.07854503621022368
-1 0.0 0 0 0.020184845734235304
65 -0.09729858487844467 11 12 -0.0014077570637837072
-1 0.0 0 0 -0.0030149333600349958
76 0.09494428336620331 13 18 0.0014473621300686679
35 -0.14563357830047607 14 17 -0.004142911275866033
108 -0.16611312329769135 15 16 -0.07098602701655571
-1 0.0 0 0 -0.06082958262036177
-1 0.0 0 0 -0.006150559660648355
-1 0.0 0 0 -0.00019281953445133583
55 0.061540912836790085 19 26 0.018413491329808733
49 0.2610425055027008 20 23 0.029507299238768925
32 -0.09794368594884872 21 22 0.0226397735083726
-1 0.0 0 0 0.007298745955192174
-1 0.0 0 0 0.001101901839696197
47 0.059735994786024094 24 25 0.13192630532474395
-1 0.0 0 0 0.0070991483054958756
-1 0.0 0 0 0.03033990332558588
46 0.08111612126231194 27 28 -0.023060614831676762
-1 0.0 0 0 -0.004343670616781428
-1 0.0 0 0 0.00802905571029315
nodes 29
81 -0.06842956691980362 1 4 0.0
69 0.040298014879226685 2 3 0.013506908337458202
-1 0.0 0 0 -0.00028171499657279333
-1 0.0 0 0 0.003632909750597259
70 0.07331693917512894 5 12 -0.005212128631982083
37 -0.11787315458059311 6 7 -0.012524880957749451
-1 0.0 0 0 0.000895982042369937
6 1.1662837266921997 8 11 -0.021036222338038132
72 -0.057983145117759705 9 10 -0.031953185791986166
-1 0.0 0 0 -0.00865414984414644
-1 0.0 0 0 -0.0020068671441408103
-1 0.0 0 0 0.0015047604579520601
2 0.3526970446109772 13 14 0.012881202956645571
-1 0.0 0 0 -0.0015322592288605275
91 0.13905516266822815 15 22 0.03614605048870909
85 -0.057032566517591476 16 21 0.044182020217566856
49 -0.018195442855358124 17 18 -0.035418828122094605
-1 0.0 0 0 -0.029039228474083426
17 0.042247213423252106 19 20 -0.011308643752706016
-1 0.0 0 0 0.004657867779141024
-1 0.0 0 0 -0.013582545376800915
-1 0.0 0 0 0.005896991003773042
57 0.02433403581380844 23 28 -0.10978661864460525
75 0.05045361444354057 24 27 0.0020823483107578955
104 -0.04482445865869522 25 26 -0.14317653528288812
-1 0.0 0 0 -0.04881698864121591
-1 0.0 0 0 -0.0009491611720295623
-1 0.0 0 0 0.026859038267265392
-1 0.0 0 0 -0.02626593503804202
nodes 29
34 0.19945162534713745 1 2 0.0
-1 0.0 0 0 -0.0005202242284666225
26 -0.12928488850593567 3 4 0.013481959470708915
-1 0.0 0 0 -0.007473296737427236
2 0.33701416850090027 5 6 0.01793164471902024
-1 0.0 0 0 -0.0004725862093612531
21 -0.09535784274339676 7 10 0.03769554608436615
38 0.01628103479743004 8 9 -0.13942543620645415
-1 0.0 0 0 -3.34044536471032e-05
-1 0.0 0 0 -0.029225424927594182
53 -0.010977456346154213 11 26 0.04431470787584548
9 -0.15406422317028046 12 13 0.06716175879478303
-1 0.0 0 0 0.01814490456195006
42 -0.021278016269207 14 21 0.055649588088766445
59 0.16742965579032898 15 20 0.09018118454445624
87 0.1430722326040268 16 19 0.07320548669685079
41 -0.09639747440814972 17 18 0.0869883402383088
-1 0.0 0 0 -0.018274857007932886
-1 0.0 0 0 0.00968862698096274
-1 0.0 0 0 -0.010319653815925957
-1 0.0 0 0 0.022467842837750756
8 33.5 22 25 0.009297175570998503
100 0.08304474502801895 23 24 0.42843301290025315
-1 0.0 0 0 0.004847366274579576
-1 0.0 0 0 0.1084726435894316
-1 0.0 0 0 0.0001878842166940899
89 0.026705093681812286 27 28 0.001548605619122075
-1 0.0 0 0 0.0024889181238267645
-1 0.0 0 0 -0.010029638912536637
nodes 29
27 0.05197925493121147 1 2 0.0
-1 0.0 0 0 -0.0007487901237448508
58 0.157437264919281 3 14 0.008972642371099657
49 0.09092675149440765 4 5 0.003685588199043942
-1 0.0 0 0 -0.0016249285829239746
1 0.45234888792037964 6 13 0.013445679930830762
36 -0.12910373508930206 7 8 0.01440166843179017
-1 0.0 0 0 -0.006772338267388177
23 0.046870872378349304 9 10 0.01912780001647158
-1 0.0 0 0 0.0033179835935129355
5 1.1430352926254272 11 12 -0.010807484216771914
-1 0.0 0 0 -0.005602454719180782
-1 0.0 0 0 0.0016066051140951967
-1 0.0 0 0 -0.05089337509505603
2 0.3671664893627167 15 16 0.0471535249940583
-1 0.0 0 0 0.0008242945128973039
4 0.8076215982437134 17 28 0.09858798851693644
24 -0.13889180123806 18 19 0.24774796004849048
-1 0.0 0 0 -0.04785686674572173
79 0.05230722203850746 20 25 0.29107934975763783
43 -0.040508221834897995 21 22 0.38075001962509347
-1 0.0 0 0 0.05600509732937464
73 0.01086083147674799 23 24 0.16502855974249542
-1 0.0 0 0 0.03488700442637007
-1 0.0 0 0 -0.018594154707071455
36 0.012557915411889553 26 27 -0.07016534885125501
-1 0.0 0 0 -0.04374571331974232
-1 0.0 0 0 0.02574192155655977
-1 0.0 0 0 0.00709080535013794
nodes 29
7 0.9240000247955322 1 28 0.0
5 1.2282440662384033 2 27 0.0005022909867633634
99 0.073021300137043 3 18 -0.006262310100198751
68 0.1527627408504486 4 17 -0.013831569611278753
93 0.1814211905002594 5 16 -0.01094617046745838
26 -0.04592985287308693 6 11 -0.008947670575748875
20 0.09072995185852051 7 10 -0.0370216547756914
40 -0.1181844100356102 8 9 -0.05548208984276531
-1 0.0 0 0 -0.020530346034713383
-1 0.0 0 0 -0.004644067364004396
-1 0.0 0 0 0.00430593266128348
80 0.17642389237880707 12 13 0.0005090892734841814
-1 0.0 0 0 0.0004426178411604239
3 0.7873194217681885 14 15 -0.0932280500936347
-1 0.0 0 0 -0.0005382401037309475
-1 0.0 0 0 -0.01914170508630596
-1 0.0 0 0 -0.014660192069258835
-1 0.0 0 0 -0.01080915793118616
105 0.02191651612520218 19 24 0.016065224632299084
94 0.14396779239177704 20 23 -0.00746106799152674
27 0.019610892981290817 21 22 -7.51220999778265e-05
-1 0.0 0 0 -0.0045096640653955475
-1 0.0 0 0 0.003059065057837044
-1 0.0 0 0 -0.019296021814048856
1 0.29040321707725525 25 26 0.0473972582951226
-1 0.0 0 0 -0.003335007445440833
-1 0.0 0 0 0.006648102799538431
-1 0.0 0 0 0.0010575668018914881
-1 0.0 0 0 -0.013167954589321438
nodes 29
81 0.14788803458213806 1 26 0.0
82 -0.18987973034381866 2 5 0.0017185972036120338
77 0.17215831577777863 3 4 -0.05882904249677855
-1 0.0 0 0 -0.006982185897720219
-1 0.0 0 0 0.04097717158431404
24 -0.08841925114393234 6 7 0.0029294080048819565
-1 0.0 0 0 -0.0020450373566650933
58 0.08956682682037354 8 9 0.006500066198986086
-1 0.0 0 0 -0.00013602280888277916
2 0.34779348969459534 10 11 0.021230761801371
-1 0.0 0 0 0.00015812328793978316
18 0.0100899962708354 12 25 0.040560920490060035
6 1.0936890840530396 13 14 0.060636943843424405
-1 0.0 0 0 0.004526590502727734
104 0.07105720043182373 15 18 0.14750921939985112
42 -0.012360913679003716 16 17 0.08133352857437795
-1 0.0 0 0 0.019743795329288705
-1 0.0 0 0 -0.006970061713995381
45 -0.06976824253797531 19 20 0.31581554313864235
-1 0.0 0 0 -0.0033862961912710294
72 -0.05011777579784393 21 24 0.42556079703168226
18 -0.08155103027820587 22 23 0.044216680537227174
-1 0.0 0 0 0.047192646935582165
-1 0.0 0 0 -0.034881393621499474
-1 0.0 0 0 0.053215698707540796
-1 0.0 0 0 -0.0007430789492899363
32 -0.11512495577335358 27 28 -0.03812831125301991
-1 0.0 0 0 0.0062165589151801145
-1 0.0 0 0 -0.005598999469031664
nodes 29
78 0.11075425148010254 1 2 0.0
-1 0.0 0 0 0.00025482502983320223
0 0.49982646107673645 3 28 -0.025705994928245574
6 1.1290810108184814 4 23 -0.036714323091873086
96 0.17810086905956268 5 22 -0.0646405435024296
43 0.13586750626564026 6 19 -0.06126318738598816
64 -0.21589654684066772 7 8 -0.05685305554574256
-1 0.0 0 0 0.024221680404072438
97 -0.15739504992961884 9 16 -0.06199618220793324
51 -0.004960030782967806 10 13 -0.2911833315826187
37 -0.03755364939570427 11 12 -0.5272792374857495
-1 0.0 0 0 -0.021671051217096025
-1 0.0 0 0 -0.08743854598963963
98 -0.01183866336941719 14 15 -0.061468396109302305
-1 0.0 0 0 0.02755284443911579
-1 0.0 0 0 -0.03807285607939488
19 0.029447132721543312 17 18 -0.05518541000994747
-1 0.0 0 0 -0.0024540453808815617
-1 0.0 0 0 -0.011315650431862187
72 0.028167247772216797 20 21 -0.5062541373841026
-1 0.0 0 0 -0.09212119149473998
-1 0.0 0 0 -0.007469804871827364
-1 0.0 0 0 -0.06915019626862237
1 0.31851616501808167 24 25 0.015435248618333435
-1 0.0 0 0 0.0007583874305966182
87 0.03448944538831711 26 27 0.4144013803430695
-1 0.0 0 0 -0.0029802003429785116
-1 0.0 0 0 0.09296773055195809
-1 0.0 0 0 0.006296851998820376
nodes 29
107 -0.025825239717960358 1 22 0.0
61 -0.08409646153450012 2 3 0.007828074022011574
-1 0.0 0 0 0.0037671054145309553
57 0.10942462831735611 4 13 -0.00044832768601860227
104 0.009586376138031483 5 12 -0.00698613289989288
14 0.06760180741548538 6 7 -0.025524370610219557
-1 0.0 0 0 -0.0014870194416549245
1 0.3958006799221039 8 11 -0.09171953328801695
6 1.1043202877044678 9 10 -0.11723409811519242
-1 0.0 0 0 -0.01894280927372709
-1 0.0 0 0 -0.003435043476151863
-1 0.0 0 0 0.008261547962667695
-1 0.0 0 0 0.0010151410354518682
71 -0.04593672975897789 14 21 0.038679721198198395
96 -0.13529232144355774 15 18 -0.024940875960547674
59 0.20858879387378693 16 17 0.10869463836635099
-1 0.0 0 0 0.007361693065539495
-1 0.0 0 0 0.07444780906274294
37 -0.029695961624383926 19 20 -0.07420890895335609
-1 0.0 0 0 -0.014027442475269823
-1 0.0 0 0 0.00492453152707602
-1 0.0 0 0 0.006542108714750854
87 -0.17980258166790009 23 24 -0.008270130917874915
-1 0.0 0 0 -0.011240099588956168
101 -0.05388941615819931 25 28 -0.0060256766530285754
104 0.22276344895362854 26 27 -0.03408242076346127
-1 0.0 0 0 -0.0030814971103768026
-1 0.0 0 0 -0.032902608788973685
-1 0.0 0 0 0.00019993071341101008
nodes 29
54 -0.04979974776506424 1 14 0.0
90 0.08149218559265137 2 5 -0.015063047660004521
82 -0.20923110842704773 3 4 -0.00656844494004047
-1 0.0 0 0 -0.020206791667130478
-1 0.0 0 0 -0.00041802744831607617
1 0.2786099314689636 6 7 -0.06143608327331415
-1 0.0 0 0 -0.00025530815916001865
65 0.026171782985329628 8 13 -0.10433356238358162
95 0.0967077985405922 9 12 -0.17372203340835268
67 0.14577405154705048 10 11 -0.23093574869768044
-1 0.0 0 0 -0.02050959612642704
-1 0.0 0 0 -0.06878588191665164
-1 0.0 0 0 -0.0011404604106037706
-1 0.0 0 0 -0.0027119323950001786
98 0.09867089986801147 15 28 0.004238900942149188
76 0.08109236508607864 16 27 0.007736173237699449
21 0.12957549095153809 17 18 0.00036885325558234905
-1 0.0 0 0 -0.0014756412026913665
96 0.12756164371967316 19 26 0.015306726958292787
2 0.34418395161628723 20 21 0.01974004545843851
-1 0.0 0 0 -0.0007715541414264945
18 0.022357461974024773 22 23 0.045426033958487246
-1 0.0 0 0 0.007091604835082134
95 -0.016637224704027176 24 25 -0.015537525166429913
-1 0.0 0 0 -0.010268530440990672
-1 0.0 0 0 0.0023963874972009244
-1 0.0 0 0 -0.011112258624010753
-1 0.0 0 0 0.0024667756256109667
-1 0.0 0 0 -0.0027177941214449313
nodes 29
0 0.4986869990825653 1 28 0.0
31 -0.19195428490638733 2 3 -0.0026550232011305357
-1 0.0 0 0 -0.00843709236939698
86 -0.03081252984702587 4 27 -0.0014404466613330577
83 -0.06497520953416824 5 6 -0.01469962449178465
-1 0.0 0 0 -0.004565028490129848
60 0.027715297415852547 7 8 -0.004480989500080308
-1 0.0 0 0 -0.0025164808412178885
2 0.3512759804725647 9 10 0.018296797981161957
-1 0.0 0 0 -0.0019016985994839881
43 0.023705627769231796 11 26 0.044574355042544124
89 0.0023973542265594006 12 25 0.06251330514052345
6 1.1058831214904785 13 14 0.08624868725090587
-1 0.0 0 0 0.006875150001055749
10 -0.11866466701030731 15 16 0.2678650611380662
-1 0.0 0 0 -0.026820277199149135
10 0.1226012259721756 17 24 0.3455560514466977
37 -0.049119383096694946 18 23 0.4056613252230006
34 0.17878010869026184 19 22 0.6099029888486163
27 -0.013636653311550617 20 21 0.42352128646978043
-1 0.0 0 0 0.09580650335424758
-1 0.0 0 0 0.017993173084171678
-1 0.0 0 0 0.11594900599656961
-1 0.0 0 0 0.021387342157455663
-1 0.0 0 0 -0.03623505063630916
-1 0.0 0 0 -0.0030100013076637174
-1 0.0 0 0 -0.008142222605607432
-1 0.0 0 0 0.000556629503871022
-1 0.0 0 0 0.0024428759852172647
nodes 29
40 0.040483489632606506 1 28 0.0
57 -0.10871823877096176 2 3 -0.007635379421299668
-1 0.0 0 0 -0.004823455212796438
75 0.05509178712964058 4 15 -0.0032991801585625256
31 -0.13497599959373474 5 12 -0.01496017019736418
6 1.1280546188354492 6 11 -0.09203325446092704
26 -0.003415681654587388 7 10 -0.14088208367337457
73 -0.12723472714424133 8 9 -0.25997378221609524
-1 0.0 0 0 0.010063283480958987
-1 0.0 0 0 -0.032979946667995474
-1 0.0 0 0 -0.006017234821520544
-1 0.0 0 0 0.0012817604388141463
54 0.20893730223178864 13 14 -0.010204801375722206
-1 0.0 0 0 -0.0007763712353977061
-1 0.0 0 0 -0.015594789386436412
54 -0.035191915929317474 16 21 0.013609526177694582
72 0.022769471630454063 17 20 -0.022732226168426913
79 0.14929553866386414 18 19 -0.06700110615320724
-1 0.0 0 0 -0.005761923802379347
-1 0.0 0 0 -0.04284069827906248
-1 0.0 0 0 0.0022960898630398205
108 0.1094176396727562 22 25 0.027536640263799244
83 0.040073461830616 23 24 0.015413544294169239
-1 0.0 0 0 -0.0004846826526784659
-1 0.0 0 0 0.005323154840429482
32 0.00804082676768303 26 27 0.08129584628583579
-1 0.0 0 0 0.013222995028928299
-1 0.0 0 0 0.0009167044833906396
-1 0.0 0 0 0.0008456041987111263
nodes 29
16 0.06180456280708313 1 2 0.0
-1 0.0 0 0 0.00033251567688626283
92 0.08456066995859146 3 4 -0.01898983327993625
-1 0.0 0 0 -0.000679125361995608
6 1.118859052658081 5 26 -0.06431373321279295
96 -0.04460262507200241 6 9 -0.1199988186047837
65 -0.14954568445682526 7 8 -0.04750537532211749
-1 0.0 0 0 -0.0600827159551794
-1 0.0 0 0 -0.0030449218781946137
3 0.6170344352722168 10 15 -0.215953469375903
101 -0.033084481954574585 11 12 -0.03075327503623213
-1 0.0 0 0 -0.03523107608817222
51 -0.09272544085979462 13 14 0.1215634287853158
-1 0.0 0 0 0.07223384004263651
-1 0.0 0 0 0.0008918121602619067
21 0.0542357936501503 16 17 -0.27070345141297014
-1 0.0 0 0 -0.051959965511442247
1 0.42196500301361084 18 25 -0.20824459274826607
11 0.03902790695428848 19 20 -0.2463635172623578
-1 0.0 0 0 -0.01679252134304377
46 0.06776957213878632 21 24 -0.45493809790632717
7 0.30000001192092896 22 23 -0.5928626350656736
-1 0.0 0 0 -0.04546953297288316
-1 0.0 0 0 -0.1159348586946726
-1 0.0 0 0 0.0014005328435450794
-1 0.0 0 0 0.01834881847050596
1 0.3406345546245575 27 28 0.031173749985156842
-1 0.0 0 0 0.0017594154107604687
-1 0.0 0 0 0.07702917541776386
nodes 29
39 0.08812636137008667 1 26 0.0
2 0.4399811327457428 2 23 -0.005550698089094224
40 -0.07557858526706696 3 20 -0.0098130676764929
6 1.150236964225769 4 19 -0.042745416532693044
49 0.0854501873254776 5 14 -0.07093591500583941
69 0.07822056114673615 6 13 -0.14857607937137665
43 -0.07351357489824295 7 12 -0.2006147776029989
44 0.05130709707736969 8 11 -0.0823897779397186
92 0.04034769535064697 9 10 0.0117200319301337
-1 0.0 0 0 -0.011665585484834875
-1 0.0 0 0 0.02426050223302402
-1 0.0 0 0 -0.03559648066311497
-1 0.0 0 0 -0.02815732012854626
-1 0.0 0 0 -0.002519560937670825
76 -0.056198641657829285 15 18 -0.0381582306724002
34 0.16040384769439697 16 17 -0.14861640389434383
-1 0.0 0 0 -0.026124046825942288
-1 0.0 0 0 -0.0007157865218928292
-1 0.0 0 0 -0.0014016657359521363
-1 0.0 0 0 0.003136851460144432
45 -0.16309036314487457 21 22 -0.0047416034908419405
-1 0.0 0 0 -0.008309818092886381
-1 0.0 0 0 -0.00020451652302571298
104 0.08376120030879974 24 25 0.040992165555175736
-1 0.0 0 0 0.0011642143328184863
-1 0.0 0 0 0.010981290732880952
30 0.1987968534231186 27 28 0.011299725538951802
-1 0.0 0 0 0.0014084832817033701
-1 0.0 0 0 -0.011022982686764904
nodes 29
12 0.21018338203430176 1 24 0.0
13 -0.08513850718736649 2 7 0.0007034746377092561
49 0.25855308771133423 3 4 -0.017336317595097427
-1 0.0 0 0 -0.002418857454537256
105 0.12855160236358643 5 6 0.07243055950138211
-1 0.0 0 0 0.009870649335559445
-1 0.0 0 0 -0.02192859306351795
27 -0.050812870264053345 8 13 0.004360505482862495
6 1.1100233793258667 9 12 -0.018784477495608704
7 0.7649999856948853 10 11 -0.04660456423766653
-1 0.0 0 0 -0.0044389830184498585
-1 0.0 0 0 -0.06828533630317543
-1 0.0 0 0 0.0011910465117681368
9 0.09433812648057938 14 23 0.008985529788956916
2 0.37863266468048096 15 16 0.012674049493708045
-1 0.0 0 0 0.0002909050581203191
7 0.7229999899864197 17 18 0.030514391138667146
-1 0.0 0 0 0.0028520216407051917
58 0.023033015429973602 19 20 0.4274270248825888
-1 0.0 0 0 -0.0061453758885024815
94 -0.034035325050354004 21 22 0.8429756910850604
-1 0.0 0 0 0.01144835056648368
-1 0.0 0 0 0.12352407140036424
-1 0.0 0 0 -0.0029705710496341943
7 0.13899999856948853 25 26 -0.08902543444618255
-1 0.0 0 0 0.003215406265241612
80 -0.10318894684314728 27 28 -0.1649511774415701
-1 0.0 0 0 -0.06421530806858626
-1 0.0 0 0 -0.011094911448782802
nodes 29
59 -0.07957004010677338 1 4 0.0
43 -0.23168405890464783 2 3 -0.026276006320586572
-1 0.0 0 0 0.012944548271715019
-1 0.0 0 0 -0.0032611907188687564
14 0.14582230150699615 5 28 0.0023583234058169476
86 -0.12191606312990189 6 9 0.00402122695433209
93 -0.10333020985126495 7 8 -0.02680478538335289
-1 0.0 0 0 0.004682074552411352
-1 0.0 0 0 -0.00435822344553904
9 -0.15871278941631317 10 15 0.007055329784004988
2 0.36865687370300293 11 12 0.04447151016869558
-1 0.0 0 0 0.0005452315330107602
30 -0.1570703089237213 13 14 0.08848058107678851
-1 0.0 0 0 -0.020455923604991613
-1 0.0 0 0 0.01020879144497653
84 0.1073814406991005 16 27 0.004009948837734915
5 1.1698108911514282 17 26 -0.0018119473076160502
29 -0.003197720041498542 18 23 -0.016581403938541312
62 0.01854710467159748 19 22 -0.043610249417136565
1 0.34254974126815796 20 21 -0.018272714548824644
-1 0.0 0 0 -0.0064767631643983655
-1 0.0 0 0 0.0017906530273488414
-1 0.0 0 0 -0.008630690913457499
100 0.13258346915245056 24 25 0.002481422693391944
-1 0.0 0 0 -0.0009917434383104717
-1 0.0 0 0 0.007200746994032606
-1 0.0 0 0 0.001022763196728384
-1 0.0 0 0 0.0022913432149961155
-1 0.0 0 0 -0.004883456841315787
nodes 29
53 -0.10581158101558685 1 2 0.0
-1 0.0 0 0 0.001100131935383947
0 0.46459388732910156 3 28 -0.005598432144553006
6 1.0973436832427979 4 15 -0.013315230495208955
34 -0.014750909060239792 5 6 -0.030896375797109302
-1 0.0 0 0 -0.01866939641847067
21 -0.09535784274339676 7 8 -0.026399594091461445
-1 0.0 0 0 -0.027084856915276886
43 -0.19510005414485931 9 12 -0.02373392592839974
86 0.1931169182062149 10 11 0.03305100069657387
-1 0.0 0 0 0.002479447192417034
-1 0.0 0 0 0.04911409095511772
98 -0.06160341203212738 13 14 -0.0324579750305365
-1 0.0 0 0 -0.00015828906723670653
-1 0.0 0 0 -0.0052252977301780554
1 0.3406345546245575 16 17 0.005570147266796709
-1 0.0 0 0 0.00018971201133683347
42 0.0632689967751503 18 27 0.1399177172496303
81 -0.04981685057282448 19 24 0.21042364851117737
76 0.080094113945961 20 23 0.4264660644511106
7 0.22200000286102295 21 22 0.5833133152542779
-1 0.0 0 0 0.019555170524188065
-1 0.0 0 0 0.08676718292633694
-1 0.0 0 0 0.00016714268591992248
34 0.12867914140224457 25 26 0.09597260673347462
-1 0.0 0 0 -0.012474870468211023
-1 0.0 0 0 0.028956615920412727
-1 0.0 0 0 -0.022987869773440216
-1 0.0 0 0 0.0014219123649906386
nodes 29
73 0.1647678017616272 1 18 0.0
80 -0.06367277354001999 2 5 0.0012209981193124877
54 -0.10157708078622818 3 4 -0.01503806116347124
-1 0.0 0 0 -0.009199567445823072
-1 0.0 0 0 -0.000703832669513013
69 0.03936922922730446 6 7 0.0054783776921889715
-1 0.0 0 0 -0.00043208808220161375
106 0.018189355731010437 8 11 0.017383106702577075
5 1.1419872045516968 9 10 -0.003315600049906531
-1 0.0 0 0 -0.004263005593499088
-1 0.0 0 0 0.0018182175971569034
103 0.18702031672000885 12 17 0.031128680538063787
6 1.1418253183364868 13 16 0.03484009105290347
17 -0.1200677827000618 14 15 0.04852329174297346
-1 0.0 0 0 0.012237391083109854
-1 0.0 0 0 0.003926512910292871
-1 0.0 0 0 -0.000786991956707915
-1 0.0 0 0 -0.01068413183463219
6 1.1431140899658203 19 28 -0.05069219040375842
68 -0.12934966385364532 20 27 -0.10879358542124734
60 -0.005921827629208565 21 24 -0.34314127271514266
99 0.04805326089262962 22 23 -0.6465674179373309
-1 0.0 0 0 -0.0944069273193906
-1 0.0 0 0 -0.013270057703961025
31 -0.05693383514881134 25 26 -0.15150370731165536
-1 0.0 0 0 0.04401934983208776
-1 0.0 0 0 -0.030928962881366415
-1 0.0 0 0 -0.007911720345184068
-1 0.0 0 0 0.0031652952174984882
nodes 29
74 0.07589468359947205 1 2 0.0
-1 0.0 0 0 -0.0005944576637534884
2 0.3568562865257263 3 4 0.010355331627948374
-1 0.0 0 0 -0.00044300000166142277
7 0.7110000252723694 5 22 0.030040436924969743
46 -0.08868525922298431 6 9 0.026932902593994532
25 -0.05275678262114525 7 8 -0.03706769258213833
-1 0.0 0 0 -0.017410697968832444
-1 0.0 0 0 -0.0003488119974440205
5 1.2413122653961182 10 13 0.040803887832875176
108 0.020638838410377502 11 12 0.025376788498634003
-1 0.0 0 0 -0.001373044538046647
-1 0.0 0 0 0.005809801453331489
19 0.02463705651462078 14 19 0.10203056465979331
90 -0.17636248469352722 15 16 0.16373618884685462
-1 0.0 0 0 0.0571566381136474
12 -0.048453859984874725 17 18 0.13762428874646315
-1 0.0 0 0 0.027190919061569854
-1 0.0 0 0 0.007572633012207117
55 -0.00952653493732214 20 21 -0.0026741365923570763
-1 0.0 0 0 -0.013297690677390573
-1 0.0 0 0 0.010692160421925554
16 -0.08817466348409653 23 26 0.34258978272026236
85 0.01204553060233593 24 25 1.0880356956273318
-1 0.0 0 0 0.054942772015929224
-1 0.0 0 0 0.16266436710953713
30 0.09166709333658218 27 28 0.08102981327918538
-1 0.0 0 0 -0.010318366263775115
-1 0.0 0 0 0.09468331500887872
nodes 29
41 0.11402719467878342 1 2 0.0
-1 0.0 0 0 -0.0005980407738686165
2 0.3064703047275543 3 4 0.010417749239314765
-1 0.0 0 0 -0.0012306623752235451
108 -0.050100818276405334 5 6 0.021543716606455737
-1 0.0 0 0 -0.0031730687286503642
84 0.05694179981946945 7 20 0.03324152843012522
21 0.1769767701625824 8 13 0.007065407486113947
55 0.19386671483516693 9 12 -0.012572754353940565
68 0.06912155449390411 10 11 -0.008285358688902128
-1 0.0 0 0 0.0009517207829218066
-1 0.0 0 0 -0.009041296025527647
-1 0.0 0 0 -0.0368846927460468
7 0.3499999940395355 14 15 0.06785795611981571
-1 0.0 0 0 0.003475940973492342
36 -0.12602905929088593 16 17 0.21113647133595526
-1 0.0 0 0 -0.022816436752384785
6 1.1418253183364868 18 19 0.2589069250285991
-1 0.0 0 0 0.03532850441181053
-1 0.0 0 0 -0.0006579491271962965
34 0.10983046889305115 21 26 0.06728608453757239
9 -0.033342957496643066 22 25 0.013263760527546619
10 -0.042750317603349686 23 24 0.07789315646929584
-1 0.0 0 0 -0.004181641738000765
-1 0.0 0 0 0.013991277928467303
-1 0.0 0 0 -0.004990140743817807
38 0.11934013664722443 27 28 0.0976833162781707
-1 0.0 0 0 0.011297972325153293
-1 0.0 0 0 -0.005417318582724335
nodes 29
71 -0.11493562161922455 1 2 0.0
-1 0.0 0 0 -0.002302042589386108
103 0.05991770327091217 3 26 0.0026139358996684916
2 0.21015067398548126 4 5 0.008898263470886063
-1 0.0 0 0 -0.004306889390019683
94 -0.17155519127845764 6 11 0.011831113434008785
17 -0.038438357412815094 7 10 0.05945411808737912
30 0.10858500748872757 8 9 0.1182616624870236
-1 0.0 0 0 0.013892808190082137
-1 0.0 0 0 -0.01735957570042354
-1 0.0 0 0 -0.0004961441228958927
105 -0.0767270103096962 12 13 0.008453946813586187
-1 0.0 0 0 -0.0018035100279435508
41 -0.0011381024960428476 14 15 0.01454938715452731
-1 0.0 0 0 -0.001520961205025158
2 0.3547711670398712 16 17 0.022079133113645528
-1 0.0 0 0 0.0005140171507237431
80 0.13689269125461578 18 25 0.0420359960448024
88 0.10910340398550034 19 22 0.05093773623194498
85 -0.21225474774837494 20 21 0.03554562146865948
-1 0.0 0 0 -0.04527657286391831
-1 0.0 0 0 0.003758108357372691
74 -0.024719856679439545 23 24 0.11012631901182782
-1 0.0 0 0 -8.087945603546781e-05
-1 0.0 0 0 0.014385964946540986
-1 0.0 0 0 -0.005583889020317656
49 0.2662124037742615 27 28 -0.013101170079889733
-1 0.0 0 0 -0.0017806504779221905
-1 0.0 0 0 0.006447430711032695
nodes 29
34 0.2496463805437088 1 4 0.0
79 0.08753004670143127 2 3 -0.0030043708043912378
-1 0.0 0 0 1.4776138539969277e-05
-1 0.0 0 0 -0.003035368090769897
1 0.23164011538028717 5 6 0.02021153771642535
-1 0.0 0 0 -0.0023023558548188
41 0.08210199326276779 7 14 0.03545928672832098
86 -0.08263015002012253 8 13 0.005230091474750644
50 -0.08142330124974251 9 12 -0.08338968518138345
37 0.08204855024814606 10 11 0.11185499609806963
-1 0.0 0 0 0.020173407688856736
-1 0.0 0 0 -0.06200175189102689
-1 0.0 0 0 -0.0139931131343759
-1 0.0 0 0 0.0023576316424144027
106 0.08450952917337418 15 20 0.06834722613012109
84 0.13113878667354584 16 17 0.03455585069689265
-1 0.0 0 0 0.0009996977394604153
104 -0.07264232635498047 18 19 0.14276838618510132
-1 0.0 0 0 -0.015389938256106316
-1 0.0 0 0 0.01892344222537777
76 0.047247327864170074 21 24 0.1400272963610975
79 -0.1526193469762802 22 23 0.06703877352739593
-1 0.0 0 0 0.04243970278989185
-1 0.0 0 0 0.003908044637172916
59 0.2267356961965561 25 28 0.21795025454130282
19 -0.005994501523673534 26 27 0.19898142183233908
-1 0.0 0 0 0.009786030914444322
-1 0.0 0 0 0.03197470818895396
-1 0.0 0 0 0.08403086229449228
nodes 29
20 -0.15119393169879913 1 2 0.0
-1 0.0 0 0 -0.0034168140848280515
41 0.23447780311107635 3 24 0.0016873597901591213
99 -0.04423442855477333 4 5 -0.00028317641529270105
-1 0.0 0 0 -0.0014983798204547087
18 -0.15032687783241272 6 23 0.005369800651529487
2 0.3657405972480774 7 8 0.04063674741615448
-1 0.0 0 0 0.0003565541088660926
91 0.06368685513734818 9 18 0.079862091408624
49 -0.0853663980960846 10 11 0.11312849646870896
-1 0.0 0 0 -0.03885031090822162
6 1.1544904708862305 12 17 0.12033483698293038
3 0.7074937224388123 13 14 0.1267855171729385
-1 0.0 0 0 0.023348789100550545
28 0.2342861145734787 15 16 0.08953167113656815
-1 0.0 0 0 0.009678901186906431
-1 0.0 0 0 -0.05919985994696617
-1 0.0 0 0 -0.03707885709968773
13 -0.05975912883877754 19 22 -0.039772992627333664
40 0.12031161785125732 20 21 -0.21571969315064726
-1 0.0 0 0 -0.013836767625004527
-1 0.0 0 0 -0.07571838114548612
-1 0.0 0 0 0.002475075493299866
-1 0.0 0 0 7.145318895017287e-05
33 -0.07240583002567291 25 28 0.03821216535640184
2 0.25741422176361084 26 27 0.09648818124849358
-1 0.0 0 0 -0.004732159362391692
-1 0.0 0 0 0.01301628925074369
-1 0.0 0 0 -0.00018412568426940821
nodes 29
5 1.2282440662384033 1 28 0.0
15 -0.035109613090753555 2 7 -0.006230457844531517
81 0.10821288824081421 3 6 -0.02203448214703683
18 -0.13976722955703735 4 5 -0.014784405301945224
-1 0.0 0 0 0.0035461453256828736
-1 0.0 0 0 -0.0023725569447868573
-1 0.0 0 0 -0.009068002471961274
83 -0.2375710904598236 8 9 0.0036392507345410392
-1 0.0 0 0 -0.03304821442336437
60 -0.12976078689098358 10 11 0.004643907363207369
-1 0.0 0 0 -0.005989334581018307
68 0.14339785277843475 12 27 0.008865320725686179
1 0.4053405225276947 13 26 0.012228148583471187
16 -0.005239567719399929 14 21 0.0057211823246365355
73 0.05305440351366997 15 20 0.020333238897446378
60 0.09779229015111923 16 17 0.0313740805718204
-1 0.0 0 0 0.0018635677165957775
74 0.21631433069705963 18 19 0.07985873398458407
-1 0.0 0 0 0.006919288624459945
-1 0.0 0 0 0.03946536115675588
-1 0.0 0 0 -0.0032697927959598433
49 0.14454615116119385 22 23 -0.020047283318693047
-1 0.0 0 0 -0.005477762410438362
69 -0.09508118033409119 24 25 0.015820660151692593
-1 0.0 0 0 -0.01341986401861582
-1 0.0 0 0 0.0029064133718946774
-1 0.0 0 0 0.006030483415780577
-1 0.0 0 0 -0.008119371238154809
-1 0.0 0 0 0.0009194522209368795
nodes 29
35 0.013201560825109482 1 24 0.0
73 0.1647678017616272 2 15 -0.008326155014480443
60 -0.16093026101589203 3 10 -0.006059327447533135
39 0.009482388384640217 4 9 -0.08739091439157813
24 0.13511493802070618 5 8 -0.1977156944597352
73 -0.05491477996110916 6 7 -0.152032101630182
-1 0.0 0 0 0.0009005840388056472
-1 0.0 0 0 -0.02983633822768918
-1 0.0 0 0 -0.08342404212181767
-1 0.0 0 0 -0.002386199219294783
86 -0.031815074384212494 11 12 -0.003739838145772239
-1 0.0 0 0 -0.0022878878798496243
72 0.12232095748186111 13 14 0.006593063696039425
-1 0.0 0 0 -7.849111131079635e-05
-1 0.0 0 0 0.005304962175332373
6 1.1431140899658203 16 23 -0.08687457262621648
68 -0.12934966385364532 17 18 -0.1701731044739664
-1 0.0 0 0 -0.04821798492495607
1 0.4175012707710266 19 22 -0.1298824697155432
41 0.09475559741258621 20 21 -0.16832879399300718
-1 0.0 0 0 -0.02921520129635425
-1 0.0 0 0 -0.003740460189154512
-1 0.0 0 0 0.023189113905928177
-1 0.0 0 0 0.0019968088080110353
53 0.002003182889893651 25 26 0.0069486711983706645
-1 0.0 0 0 0.0014033805591080997
37 -0.14096587896347046 27 28 -0.016648929819441566
-1 0.0 0 0 0.003989220252243327
-1 0.0 0 0 -0.0029263684445517226
nodes 29
54 0.10916673392057419 1 2 0.0
-1 0.0 0 0 -0.0003266544775533911
89 -0.052535828202962875 3 28 0.017558042922105374
88 0.06291092932224274 4 5 0.03773723543131892
-1 0.0 0 0 0.001505497889963963
1 0.25796210765838623 6 7 0.07685703974329954
-1 0.0 0 0 -0.001296265950063058
35 -0.059027086943387985 8 11 0.11936838910921121
80 -0.05363067612051964 9 10 -0.02601739657558588
-1 0.0 0 0 0.024118644924413776
-1 0.0 0 0 -0.010041846741760473
91 -0.056314367800951004 12 23 0.1549441658928263
89 -0.12518802285194397 13 22 0.2565580366234609
96 -0.08288823068141937 14 17 0.11538210248429816
17 0.08324326574802399 15 16 0.2943803556028941
-1 0.0 0 0 0.014654523367062211
-1 0.0 0 0 0.08315146319568158
55 0.06404699385166168 18 21 -0.05740093351212434
89 -0.14410260319709778 19 20 -0.18750467425081552
-1 0.0 0 0 -0.0026026921700043927
-1 0.0 0 0 -0.07078218769144129
-1 0.0 0 0 0.04369932812949022
-1 0.0 0 0 0.03943262758006438
7 0.5450000166893005 24 25 0.1052643468410741
-1 0.0 0 0 0.00813248226869856
58 0.038434114307165146 26 27 0.46047512415444125
-1 0.0 0 0 0.0007228718873000506
-1 0.0 0 0 0.08252832064541375
-1 0.0 0 0 -0.000769563577573198
end
