vecsearch-termination-model 1
kind gbdt
checkpoint 250
query_dim 100
bias 7.7813187078394295
trees 200
nodes 29
1 0.30721187591552734 1 20 0.0
1 0.22298870980739594 2 9 -1.3204781730260835
6 1.024709701538086 3 6 -1.9066226959429977
2 0.36376190185546875 4 5 -1.585966521492934
-1 0.0 0 0 -0.1665380630448552
-1 0.0 0 0 -0.055123202947582106
7 0.4659999907016754 7 8 -2.545587927540656
-1 0.0 0 0 -0.22890791597332538
-1 0.0 0 0 -0.2929204615656818
1 0.2696346342563629 10 15 -0.841797631063847
6 1.020297646522522 11 14 -1.1275163711924683
4 0.8073484301567078 12 13 -1.0188374426714144
-1 0.0 0 0 -0.13793541355444952
-1 0.0 0 0 -0.08435680747915468
-1 0.0 0 0 -0.18852044813799076
4 0.8159964084625244 16 17 -0.5363828131843384
-1 0.0 0 0 -0.09574391848500936
6 1.00456964969635 18 19 -0.3879013500552989
-1 0.0 0 0 -0.026460239286327944
-1 0.0 0 0 -0.0986536677034937
1 0.3545577824115753 21 24 0.9858727753712182
4 0.8361015319824219 22 23 0.30602495644504374
-1 0.0 0 0 -0.025843766570272715
-1 0.0 0 0 0.044071999292506756
1 0.38722363114356995 25 26 1.260419008641964
-1 0.0 0 0 0.09969538309631205
0 0.5420362949371338 27 28 1.3775156799609583
-1 0.0 0 0 0.14079087310922497
-1 0.0 0 0 0.035237638337759884
nodes 29
1 0.31079867482185364 1 18 0.0
1 0.23935291171073914 2 11 -1.1604275623306033
6 1.0321584939956665 3 10 -1.6284696770400644
2 0.3656638264656067 4 9 -1.3822478062379755
4 0.7495713829994202 5 6 -1.4521041410314863
-1 0.0 0 0 -0.17493598891146608
6 1.0040414333343506 7 8 -1.3169582990027973
-1 0.0 0 0 -0.11541642768991674
-1 0.0 0 0 -0.16301239605201856
-1 0.0 0 0 -0.04449498461297585
-1 0.0 0 0 -0.23301815244773658
1 0.28301146626472473 12 17 -0.6393749040286637
6 1.0105072259902954 13 16 -0.8528375954351415
4 0.8132572174072266 14 15 -0.7493856881791681
-1 0.0 0 0 -0.1086826018986231
-1 0.0 0 0 -0.05820991251186494
-1 0.0 0 0 -0.13953357839731434
-1 0.0 0 0 -0.03385674461141452
1 0.3651483356952667 19 24 0.9088822607090513
4 0.863202691078186 20 21 0.394112762761
-1 0.0 0 0 -0.006522287496653892
1 0.33470290899276733 22 23 0.5373161116245176
-1 0.0 0 0 0.026823932144796777
-1 0.0 0 0 0.07173342171180463
0 0.5299081802368164 25 28 1.1772293572466714
1 0.39767488837242126 26 27 1.209833830076593
-1 0.0 0 0 0.1040894182862307
-1 0.0 0 0 0.1305883069660216
-1 0.0 0 0 0.05028537845139063
nodes 29
1 0.30721187591552734 1 14 0.0
1 0.2197413593530655 2 7 -1.0701265490165754
6 1.0393028259277344 3 6 -1.5693162371976699
2 0.33807018399238586 4 5 -1.3514996527737548
-1 0.0 0 0 -0.14484128990795414
-1 0.0 0 0 -0.07034778217443242
-1 0.0 0 0 -0.2184617578505567
6 1.0105072259902954 8 13 -0.6916999498328158
4 0.8184172511100769 9 10 -0.5876483509639442
-1 0.0 0 0 -0.0948973550965212
1 0.28301146626472473 11 12 -0.4120469126095374
-1 0.0 0 0 -0.05735193606655149
-1 0.0 0 0 -0.01248047929337155
-1 0.0 0 0 -0.12653634795194615
1 0.3534952402114868 15 20 0.7989595397785536
4 0.8044410943984985 16 17 0.23610846970359528
-1 0.0 0 0 -0.037826630821896856
1 0.3334908187389374 18 19 0.3259411259750132
-1 0.0 0 0 0.015437297789181046
-1 0.0 0 0 0.05313445338384089
4 0.8575617074966431 21 22 1.0187360966239292
-1 0.0 0 0 0.041202067139106804
21 -0.08486471325159073 23 24 1.0579539206771444
-1 0.0 0 0 0.01615517496489903
2 0.4237402677536011 25 26 1.077830798376027
-1 0.0 0 0 0.08492829985572263
2 0.5132841467857361 27 28 1.1483307248685297
-1 0.0 0 0 0.1177551763738042
-1 0.0 0 0 0.0576566855495022
nodes 29
1 0.3167572617530823 1 18 0.0
1 0.24247992038726807 2 11 -0.904331011739277
6 1.0167213678359985 3 8 -1.3105426413062267
4 0.7447479367256165 4 5 -1.061431045114612
-1 0.0 0 0 -0.14054113914380326
2 0.3656638264656067 6 7 -0.9027548932014832
-1 0.0 0 0 -0.09786634467737254
-1 0.0 0 0 -0.015671733938733397
7 0.39800000190734863 9 10 -1.7817559096251647
-1 0.0 0 0 -0.15264621631590217
-1 0.0 0 0 -0.20769039574030673
1 0.2882193922996521 12 17 -0.4618468533448247
6 1.028324007987976 13 16 -0.6451634505027145
4 0.8044410943984985 14 15 -0.5946151634422555
-1 0.0 0 0 -0.08915353652913004
-1 0.0 0 0 -0.047562762441740444
-1 0.0 0 0 -0.14002129255720583
-1 0.0 0 0 -0.01988424094623135
1 0.367193341255188 19 24 0.7667354031865724
4 0.8287536799907684 20 21 0.3758051172814671
-1 0.0 0 0 -0.011466779255153924
1 0.3380841314792633 22 23 0.4591091737569952
-1 0.0 0 0 0.026127475997295813
-1 0.0 0 0 0.05879271489385704
21 -0.08486471325159073 25 26 0.9622005461391251
-1 0.0 0 0 0.01168977128463271
6 0.9160948991775513 27 28 0.9831866464770953
-1 0.0 0 0 0.07017260503444746
-1 0.0 0 0 0.1031944634169469
nodes 29
1 0.3035811483860016 1 16 0.0
1 0.21255627274513245 2 9 -0.8894498022576145
6 1.0146758556365967 3 6 -1.3101640280447717
2 0.37698498368263245 4 5 -1.0517796213488089
-1 0.0 0 0 -0.11010904554825035
-1 0.0 0 0 -0.011548380374634813
7 0.585999995470047 7 8 -1.659554241255912
-1 0.0 0 0 -0.15370872038891606
-1 0.0 0 0 -0.22067791877810305
6 1.009075403213501 10 15 -0.6022926748614826
4 0.7447479367256165 11 12 -0.5056255328725622
-1 0.0 0 0 -0.09512653192936125
2 0.3609820604324341 13 14 -0.39800281604918547
-1 0.0 0 0 -0.048079765741003117
-1 0.0 0 0 -0.003342652252466853
-1 0.0 0 0 -0.10484115351403506
1 0.3501853942871094 17 20 0.6327726526865334
4 0.8685005307197571 18 19 0.14609677561824816
-1 0.0 0 0 -0.017146063040367143
-1 0.0 0 0 0.027643459165127993
4 0.8756661415100098 21 22 0.8175398756602054
-1 0.0 0 0 0.03862727945085884
2 0.5248068571090698 23 28 0.8615160339365092
2 0.42553332448005676 24 25 0.8778395932139617
-1 0.0 0 0 0.06815078827365717
6 0.8457242846488953 26 27 0.9493150290591561
-1 0.0 0 0 0.029136747269228283
-1 0.0 0 0 0.0972067477244935
-1 0.0 0 0 0.005882738210387314
nodes 29
1 0.3167572617530823 1 16 0.0
1 0.24555599689483643 2 11 -0.7344085516392496
6 1.0341813564300537 3 8 -1.0558258368208748
2 0.35324186086654663 4 7 -0.8974769329618268
1 0.17810039222240448 5 6 -0.9606202221343896
-1 0.0 0 0 -0.11956404338076534
-1 0.0 0 0 -0.08369610851370535
-1 0.0 0 0 -0.03426032292511403
7 0.5020000040531158 9 10 -1.5645132532928818
-1 0.0 0 0 -0.13897071969455604
-1 0.0 0 0 -0.1890067138613223
4 0.8336666226387024 12 13 -0.35942930775686627
-1 0.0 0 0 -0.062252032481445986
6 1.0019903182983398 14 15 -0.24143424627624785
-1 0.0 0 0 -0.012886697573795902
-1 0.0 0 0 -0.06346240425080213
1 0.37328964471817017 17 24 0.6226669546848466
4 0.8738812208175659 18 19 0.33424275024734296
-1 0.0 0 0 0.0026632655372705897
2 0.3833458423614502 20 21 0.43374487335580547
-1 0.0 0 0 0.022005042828693977
6 0.8724886775016785 22 23 0.547184458055552
-1 0.0 0 0 0.010850409308675974
-1 0.0 0 0 0.06185327258014294
21 -0.10869596153497696 25 26 0.7970641786104085
-1 0.0 0 0 -0.011108300955913988
49 -0.018195442855358124 27 28 0.8135973817523153
-1 0.0 0 0 0.044250072500562156
-1 0.0 0 0 0.08434487764397289
nodes 29
1 0.29976361989974976 1 14 0.0
6 1.024709701538086 2 11 -0.7411718154032696
1 0.25562116503715515 3 8 -0.598242268724668
4 0.8336666226387024 4 5 -0.7606480322741328
-1 0.0 0 0 -0.0967587542001609
2 0.3741876482963562 6 7 -0.5861177542062015
-1 0.0 0 0 -0.0643302557097845
-1 0.0 0 0 0.02387223317585093
49 0.08879006654024124 9 10 -0.33083438878799803
-1 0.0 0 0 -0.05832179195997157
-1 0.0 0 0 -0.023195267390383703
6 1.061484456062317 12 13 -1.3045492394842413
-1 0.0 0 0 -0.10989744090606486
-1 0.0 0 0 -0.15788055523737404
1 0.3446720838546753 15 20 0.5022590156965416
49 0.03852136805653572 16 17 0.07129220348146988
-1 0.0 0 0 -0.03737577725656018
4 0.8044410943984985 18 19 0.14342134252169506
-1 0.0 0 0 -0.0260642647242827
-1 0.0 0 0 0.02048178489751927
3 0.7237483859062195 21 22 0.6510010648924279
-1 0.0 0 0 0.013011373433854091
2 0.4211920201778412 23 24 0.6807490137782793
-1 0.0 0 0 0.04935430944119811
2 0.5132841467857361 25 28 0.7486628907031337
89 -0.052535828202962875 26 27 0.7768561690544218
-1 0.0 0 0 0.08650095075420894
-1 0.0 0 0 0.06542174522414904
-1 0.0 0 0 0.021004228533833026
nodes 29
1 0.29600051045417786 1 14 0.0
6 1.0157395601272583 2 11 -0.6842496775170849
4 0.7447479367256165 3 4 -0.5335267831836797
-1 0.0 0 0 -0.08760359130019586
2 0.38711297512054443 5 8 -0.41943568086607896
1 0.26272889971733093 6 7 -0.46313592790147984
-1 0.0 0 0 -0.05707277239989303
-1 0.0 0 0 -0.025276871935859497
6 0.7063673734664917 9 10 0.2575707957270167
-1 0.0 0 0 -0.057140977109201276
-1 0.0 0 0 0.057647631776326806
6 1.061484456062317 12 13 -1.1145499842235713
-1 0.0 0 0 -0.09541826117349407
-1 0.0 0 0 -0.14207017081967194
1 0.3446720838546753 15 20 0.44145721513950054
4 0.8044410943984985 16 17 0.05285084030593824
-1 0.0 0 0 -0.03323387743910646
49 0.03852136805653572 18 19 0.12187501023625025
-1 0.0 0 0 -0.026279671795420314
-1 0.0 0 0 0.017614574584485353
6 0.9160948991775513 21 24 0.5859009585078936
3 0.716752827167511 22 23 0.31404037113426186
-1 0.0 0 0 -0.02507064783995922
-1 0.0 0 0 0.03978699816119433
2 0.4281599521636963 25 26 0.6399597556075931
-1 0.0 0 0 0.04788055384888454
2 0.5180861353874207 27 28 0.7223952713489203
-1 0.0 0 0 0.07477253900535132
-1 0.0 0 0 0.01233073227126771
nodes 29
1 0.3223341107368469 1 18 0.0
2 0.31427088379859924 2 9 -0.5180854160047819
7 0.26600000262260437 3 6 -0.7917646273243695
3 0.63620525598526 4 5 -0.6226872441066335
-1 0.0 0 0 -0.08308134553872243
-1 0.0 0 0 -0.04640743578000891
1 0.18512405455112457 7 8 -1.118745950729243
-1 0.0 0 0 -0.12810454138823438
-1 0.0 0 0 -0.08756758422573463
4 0.8514394164085388 10 11 -0.2532309353619467
-1 0.0 0 0 -0.047018041586629644
2 0.3732672333717346 12 15 -0.11090309200151241
49 0.11121758073568344 13 14 -0.20238794514845374
-1 0.0 0 0 -0.04501997372652229
-1 0.0 0 0 -0.00662478855324107
6 0.7661007046699524 16 17 0.2419324696393043
-1 0.0 0 0 -0.03535651544171306
-1 0.0 0 0 0.037085710615534534
1 0.37424159049987793 19 24 0.47525267770403756
49 0.02645791694521904 20 21 0.27950256876048307
-1 0.0 0 0 -0.011864254057252726
4 0.7784885168075562 22 23 0.33197891291645437
-1 0.0 0 0 -0.022658783028647305
-1 0.0 0 0 0.035835792289077566
0 0.5420362949371338 25 28 0.5857919121157175
89 -0.11349193751811981 26 27 0.6033558831793965
-1 0.0 0 0 0.0734854806457975
-1 0.0 0 0 0.053547022392546134
-1 0.0 0 0 -0.00838035622027789
nodes 29
2 0.3627558946609497 1 12 0.0
1 0.19903768599033356 2 5 -0.5320448906840277
7 0.4060000032186508 3 4 -0.8778061592083867
-1 0.0 0 0 -0.07538288909740654
-1 0.0 0 0 -0.12143256534920631
1 0.27508413791656494 6 9 -0.36625865693807036
49 0.11799216270446777 7 8 -0.505750369366856
-1 0.0 0 0 -0.07041892307314644
-1 0.0 0 0 -0.03779164447663502
49 0.11121758073568344 10 11 -0.15559414278670852
-1 0.0 0 0 -0.0393357081156556
-1 0.0 0 0 -0.004235726987012723
3 0.7260985374450684 13 20 0.37850753968395495
6 0.8415420651435852 14 15 -0.025872122803477487
-1 0.0 0 0 -0.041565281584415255
2 0.400075227022171 16 17 0.10362328945847114
-1 0.0 0 0 -0.011220322297292355
4 0.8407691121101379 18 19 0.4067481793076013
-1 0.0 0 0 0.010866919198686938
-1 0.0 0 0 0.06860309901524275
2 0.4080648720264435 21 24 0.4663740399598642
34 0.0463273786008358 22 23 0.2672026744385103
-1 0.0 0 0 -0.01453618979817745
-1 0.0 0 0 0.0313966828439993
21 -0.09535784274339676 25 26 0.5368294079370299
-1 0.0 0 0 -0.016424970556020758
6 0.9160948991775513 27 28 0.5507017815374354
-1 0.0 0 0 0.03486296280161379
-1 0.0 0 0 0.05881975759817515
nodes 29
2 0.3627558946609497 1 12 0.0
6 1.0105072259902954 2 9 -0.4788404020832604
3 0.6430625915527344 3 6 -0.3424128253476597
2 0.2984793782234192 4 5 -0.579548739530799
-1 0.0 0 0 -0.07428439979239229
-1 0.0 0 0 -0.046692032675539945
1 0.28566789627075195 7 8 -0.1804595014745282
-1 0.0 0 0 -0.02860506810593741
-1 0.0 0 0 -0.0024256563089232147
7 0.5380000174045563 10 11 -0.8267132469806389
-1 0.0 0 0 -0.07436336889120991
-1 0.0 0 0 -0.11884721091144775
3 0.7260985374450684 13 18 0.34065678605624583
6 0.8724886775016785 14 15 -0.023284910257731686
-1 0.0 0 0 -0.03242893716735581
2 0.400075227022171 16 17 0.11449141554755571
-1 0.0 0 0 -0.009198550503562069
-1 0.0 0 0 0.041412698786353216
2 0.41596490144729614 19 22 0.41973663632092334
21 -0.09535784274339676 20 21 0.26267833443607225
-1 0.0 0 0 -0.06203449489086959
-1 0.0 0 0 0.028062357040489917
2 0.5248068571090698 23 28 0.49331207002022354
59 0.09443177282810211 24 27 0.5080013205502243
89 -0.10744752734899521 25 26 0.5691250953244148
-1 0.0 0 0 0.07013668799751539
-1 0.0 0 0 0.049056770149329056
-1 0.0 0 0 0.03715187890272951
-1 0.0 0 0 -0.012379107592959803
nodes 29
2 0.3741876482963562 1 16 0.0
1 0.26133933663368225 2 9 -0.3924623075579897
7 0.2980000078678131 3 6 -0.5680555454035168
49 0.0696142390370369 4 5 -0.4592313135094196
-1 0.0 0 0 -0.06702013525409349
-1 0.0 0 0 -0.03923688176109012
6 1.0815104246139526 7 8 -0.8322658892733202
-1 0.0 0 0 -0.07387857976100641
-1 0.0 0 0 -0.11277478293476358
49 0.08325910568237305 10 11 -0.1316423609520552
-1 0.0 0 0 -0.040259888340545225
96 -0.007076529320329428 12 15 -0.0462171730663876
21 0.15133215487003326 13 14 0.022566815614985747
-1 0.0 0 0 -0.010302693393216142
-1 0.0 0 0 0.01744991016346206
-1 0.0 0 0 -0.03165854462357705
6 0.869629442691803 17 18 0.3380398933132986
-1 0.0 0 0 -0.010649079855766226
2 0.41246384382247925 19 22 0.3857473691484957
49 0.11994585394859314 20 21 0.21254582370988703
-1 0.0 0 0 0.003690180517657582
-1 0.0 0 0 0.03452788811936522
34 -0.08829432725906372 23 24 0.4589651710088846
-1 0.0 0 0 -0.028073217296203896
21 -0.12579649686813354 25 26 0.47194309182570454
-1 0.0 0 0 -0.027405317653310148
104 -0.0033623247873038054 27 28 0.4830119560303986
-1 0.0 0 0 0.03807632965757438
-1 0.0 0 0 0.0547841957131435
nodes 29
2 0.35520797967910767 1 10 0.0
1 0.18512405455112457 2 5 -0.4162907679129495
7 0.3659999966621399 3 4 -0.7057119389214493
-1 0.0 0 0 -0.05934417034011457
-1 0.0 0 0 -0.09202971146793698
6 1.0040414333343506 6 9 -0.3036212602460105
4 0.8884772658348083 7 8 -0.22306043541736326
-1 0.0 0 0 -0.03633540690883467
-1 0.0 0 0 -0.007154785543601672
-1 0.0 0 0 -0.05362795636302752
4 0.8837922811508179 11 16 0.25985717901348004
4 0.762966513633728 12 13 -0.04071915889383321
-1 0.0 0 0 -0.03883888620582431
6 0.8778034448623657 14 15 0.0426694947819821
-1 0.0 0 0 -0.024946309404345186
-1 0.0 0 0 0.011843979890771517
2 0.38711297512054443 17 18 0.3370598794493151
-1 0.0 0 0 0.010338739273010761
6 0.8140664100646973 19 20 0.38316840205299024
-1 0.0 0 0 -0.01740112857176328
34 -0.11979801952838898 21 22 0.3990377983889409
-1 0.0 0 0 -0.048056253573893676
21 -0.09535784274339676 23 24 0.40702564577410094
-1 0.0 0 0 -0.01745643384663793
59 0.09338003396987915 25 28 0.4179831600146951
89 -0.1296660453081131 26 27 0.4697916620063409
-1 0.0 0 0 0.06116241850876071
-1 0.0 0 0 0.041265356928062984
-1 0.0 0 0 0.031021306245509497
nodes 29
1 0.29600051045417786 1 12 0.0
6 0.9998196363449097 2 5 -0.37048152131944634
4 0.7350889444351196 3 4 -0.22597537852115335
-1 0.0 0 0 -0.047648928696342914
-1 0.0 0 0 -0.013209260034576942
6 1.0520464181900024 6 11 -0.5341797020093709
4 0.8985434770584106 7 8 -0.455247786660914
-1 0.0 0 0 -0.06617304517045983
2 0.3542475700378418 9 10 -0.3093529922853995
-1 0.0 0 0 -0.03557905769649145
-1 0.0 0 0 0.020294536195518072
-1 0.0 0 0 -0.07959334973445005
2 0.39544016122817993 13 20 0.23902348186178923
43 0.0026966675650328398 14 19 0.039842678253785006
21 0.009683112613856792 15 16 0.09577571896189319
-1 0.0 0 0 -0.028930607035591645
96 0.018775874748826027 17 18 0.13492114908167052
-1 0.0 0 0 0.018323428689366476
-1 0.0 0 0 -0.014638599204945715
-1 0.0 0 0 -0.031312960403115334
6 0.8371302485466003 21 22 0.3181070825496532
-1 0.0 0 0 -0.01700705747201169
49 0.020776407793164253 23 24 0.3414684091956489
-1 0.0 0 0 0.012774999096249854
89 -0.05446525663137436 25 26 0.3785063322515112
-1 0.0 0 0 0.04500540739846212
21 -0.045464612543582916 27 28 0.2823273230444365
-1 0.0 0 0 -0.014343172279883588
-1 0.0 0 0 0.03113056874212037
nodes 29
2 0.3627558946609497 1 12 0.0
1 0.19903768599033356 2 5 -0.3188078103822903
7 0.6500000059604645 3 4 -0.5426513153965657
-1 0.0 0 0 -0.051088221886492695
-1 0.0 0 0 -0.11028507783037081
49 0.11799216270446777 6 7 -0.2114789247520693
-1 0.0 0 0 -0.03768216432299415
96 -0.019569894298911095 8 11 -0.11193201151179955
21 0.15865148603916168 9 10 -0.04469796210935866
-1 0.0 0 0 -0.015510178154044624
-1 0.0 0 0 0.00850146986188339
-1 0.0 0 0 -0.03522490206435288
4 0.8837922811508179 13 18 0.22680635080771874
49 0.02459252066910267 14 15 -0.0236405771315683
-1 0.0 0 0 -0.03390293632696272
6 0.9199085235595703 16 17 0.05371101534222519
-1 0.0 0 0 -0.012989244624440606
-1 0.0 0 0 0.016306068759691796
21 -0.10869596153497696 19 20 0.28636608416322
-1 0.0 0 0 -0.03334041412811883
34 -0.08829432725906372 21 22 0.29785321624919825
-1 0.0 0 0 -0.03466144074388952
6 0.904538094997406 23 24 0.3073495644361377
-1 0.0 0 0 0.011972054104109627
2 0.43238407373428345 25 26 0.3372225812827645
-1 0.0 0 0 0.02564192941848545
53 -0.11300130933523178 27 28 0.40118327707216145
-1 0.0 0 0 0.02471993483660802
-1 0.0 0 0 0.04518660085923668
nodes 29
1 0.2920900285243988 1 12 0.0
6 0.9998196363449097 2 5 -0.3112153225430487
4 0.7350889444351196 3 4 -0.18735445826608882
-1 0.0 0 0 -0.039571656434785725
-1 0.0 0 0 -0.01066393022927914
6 1.0520464181900024 6 11 -0.4479987729806738
4 0.8985434770584106 7 8 -0.3822929994086715
-1 0.0 0 0 -0.056249291066006096
2 0.3327009677886963 9 10 -0.25378612341712925
-1 0.0 0 0 -0.031542563496184235
-1 0.0 0 0 0.00381144205931218
-1 0.0 0 0 -0.06616352545500369
2 0.3926086723804474 13 18 0.19106892972859604
34 0.0751662626862526 14 15 0.01948975654125134
-1 0.0 0 0 -0.026523178805850263
43 0.0026966675650328398 16 17 0.08109019213604281
-1 0.0 0 0 0.01231503124570203
-1 0.0 0 0 -0.020552973621527436
8 58.5 19 28 0.25737929469802096
6 0.8065197467803955 20 21 0.2814881562050666
-1 0.0 0 0 -0.02162834101869225
49 -0.018195442855358124 22 23 0.293234442560822
-1 0.0 0 0 0.0032269803098061525
89 -0.05351414903998375 24 27 0.3130650801393686
59 0.14530237019062042 25 26 0.37631285812453774
-1 0.0 0 0 0.04171398226990851
-1 0.0 0 0 0.016189010412179426
-1 0.0 0 0 0.02273309347670486
-1 0.0 0 0 -0.013773398849857675
nodes 29
2 0.3815332353115082 1 18 0.0
1 0.2696346342563629 2 11 -0.22381675412418026
1 0.15701603889465332 3 4 -0.3379075814868001
-1 0.0 0 0 -0.05463086772685352
94 -0.1783384084701538 5 6 -0.2760525152418255
-1 0.0 0 0 0.006422722620929061
49 0.062324829399585724 7 8 -0.31327670230778376
-1 0.0 0 0 -0.04718647190595497
2 0.33049872517585754 9 10 -0.26261123162438377
-1 0.0 0 0 -0.030678093321507754
-1 0.0 0 0 -0.006128891656872607
49 0.03687518090009689 12 13 -0.04534149286560688
-1 0.0 0 0 -0.0399336685832318
43 -0.05496050789952278 14 17 0.0026868524051757523
106 0.03364001214504242 15 16 0.08022818937519997
-1 0.0 0 0 -0.005374859932114093
-1 0.0 0 0 0.017970737443527715
-1 0.0 0 0 -0.018065697111863326
6 0.8724886775016785 19 20 0.21861377096082593
-1 0.0 0 0 -0.007624209072298648
21 -0.12579649686813354 21 22 0.2510462983249719
-1 0.0 0 0 -0.03403016309035343
58 0.060368794947862625 23 28 0.26180024069426666
34 -0.07668910175561905 24 25 0.191971873235216
-1 0.0 0 0 -0.03452419005738681
43 -0.022528892382979393 26 27 0.20764060830464762
-1 0.0 0 0 0.026197218009515102
-1 0.0 0 0 0.007021369142278614
-1 0.0 0 0 0.03422260582094765
nodes 29
2 0.3502277135848999 1 8 0.0
7 0.21800000220537186 2 5 -0.26400623964869707
49 0.1683666855096817 3 4 -0.1761259288464184
-1 0.0 0 0 -0.026119589399456272
-1 0.0 0 0 -0.00608292083849982
1 0.14441192150115967 6 7 -0.43021525937360294
-1 0.0 0 0 -0.06138939844891053
-1 0.0 0 0 -0.03650834777658507
4 0.8287536799907684 9 10 0.15156183090247402
-1 0.0 0 0 -0.015834156507534114
21 -0.014126992784440517 11 14 0.18882565134283236
21 -0.16412131488323212 12 13 -0.09257885302622704
-1 0.0 0 0 -0.054787545319107414
-1 0.0 0 0 -0.0013364847180148069
2 0.4272238612174988 15 20 0.2122567650664428
34 0.11998621001839638 16 17 0.13738462742181168
-1 0.0 0 0 -0.00022310030858051336
96 0.08105668425559998 18 19 0.20619069738317575
-1 0.0 0 0 0.02336817856890943
-1 0.0 0 0 -0.020321141634818934
53 -0.07390758395195007 21 24 0.27997889684243465
59 0.07816049456596375 22 23 0.1780981142254346
-1 0.0 0 0 0.025920763278995337
-1 0.0 0 0 0.003538617137254292
104 -0.03281157836318016 25 28 0.34763010481663853
70 -0.0020790720591321588 26 27 0.18820964708388996
-1 0.0 0 0 -0.003761298556282189
-1 0.0 0 0 0.03222549393102233
-1 0.0 0 0 0.040863875408039735
nodes 29
2 0.3824716806411743 1 16 0.0
6 1.0050921440124512 2 11 -0.18181111480998594
4 0.8929303288459778 3 6 -0.10481867436480623
4 0.6931301951408386 4 5 -0.2179870526423885
-1 0.0 0 0 -0.037970356846486725
-1 0.0 0 0 -0.015902851311780153
21 0.1872146874666214 7 10 0.023931005229062385
34 0.04818181321024895 8 9 -0.04596094274754422
-1 0.0 0 0 -0.03877347625670377
-1 0.0 0 0 -0.0008103338639637385
-1 0.0 0 0 0.016573688439338922
7 0.6340000033378601 12 15 -0.3745142366050461
4 0.8944041728973389 13 14 -0.3458362580696613
-1 0.0 0 0 -0.04659658241626213
-1 0.0 0 0 -0.02708529905415326
-1 0.0 0 0 -0.07581148210788641
6 0.9160948991775513 17 20 0.18039128142641014
8 54.5 18 19 0.006316326427360704
-1 0.0 0 0 0.008825590120522064
-1 0.0 0 0 -0.021953773154518002
49 0.0014468678273260593 21 22 0.22481761277725532
-1 0.0 0 0 0.0016177159850457928
89 -0.19411447644233704 23 24 0.24932136619752887
-1 0.0 0 0 0.04606711805152713
58 0.11067438870668411 25 28 0.2254707387903802
60 0.05239896476268768 26 27 0.18218622168048818
-1 0.0 0 0 0.012623734509860776
-1 0.0 0 0 0.02721914763904908
-1 0.0 0 0 0.03428445205285846
nodes 29
2 0.34531310200691223 1 12 0.0
7 0.2019999995827675 2 7 -0.22668159480076522
94 -0.17155519127845764 3 4 -0.14650313342095192
-1 0.0 0 0 0.011594409166795272
34 0.11998621001839638 5 6 -0.18199416772978333
-1 0.0 0 0 -0.030007157354856092
-1 0.0 0 0 -0.012132089676777126
7 0.6820000112056732 8 11 -0.3578020033879131
4 0.8265906572341919 9 10 -0.3381498775887424
-1 0.0 0 0 -0.04802852643781123
-1 0.0 0 0 -0.02700000177595778
-1 0.0 0 0 -0.08018338187421496
4 0.8102315664291382 13 14 0.11945002036077283
-1 0.0 0 0 -0.01742511404299088
21 -0.045464612543582916 15 16 0.14859435656867692
-1 0.0 0 0 -0.017105420253145414
43 -0.03512344881892204 17 26 0.16499700364584616
34 -0.07668910175561905 18 19 0.21087492794352009
-1 0.0 0 0 -0.02657227170800054
2 0.4415722191333771 20 25 0.22018100047206934
27 -0.058726660907268524 21 22 0.1702078941042994
-1 0.0 0 0 -0.0026678265483117128
96 0.06085795536637306 23 24 0.19567674547083735
-1 0.0 0 0 0.021929470882006672
-1 0.0 0 0 -0.0054912994726266096
-1 0.0 0 0 0.03093772266991366
2 0.4177689552307129 27 28 0.06283359039943733
-1 0.0 0 0 -0.007300517541595769
-1 0.0 0 0 0.01362580180270219
nodes 29
2 0.37787532806396484 1 14 0.0
6 1.0 2 9 -0.1547972447402296
3 0.6430625915527344 3 4 -0.08187723005928045
-1 0.0 0 0 -0.021211923633667248
21 0.20103158056735992 5 8 0.0027882006021148643
43 -0.06863843649625778 6 7 -0.053927299492134206
-1 0.0 0 0 0.001296866981848402
-1 0.0 0 0 -0.019704970341379264
-1 0.0 0 0 0.015191389654723136
7 0.49799999594688416 10 13 -0.2984285367696033
4 0.9094405174255371 11 12 -0.2562208959765229
-1 0.0 0 0 -0.03716100663761511
-1 0.0 0 0 -0.017539411906613178
-1 0.0 0 0 -0.04744517370603862
6 0.8415420651435852 15 16 0.1420050649912457
-1 0.0 0 0 -0.01685437215237327
49 0.02645791694521904 17 20 0.16287989134077926
21 0.12592093646526337 18 19 0.0010946230995941913
-1 0.0 0 0 -0.01169694161822516
-1 0.0 0 0 0.015158886710017864
18 0.005956131964921951 21 26 0.19322249195035998
21 0.0017747421516105533 22 23 0.2359164773457326
-1 0.0 0 0 0.005144949090634161
59 0.18561910092830658 24 25 0.25816115595373146
-1 0.0 0 0 0.027871461833444196
-1 0.0 0 0 0.002017750774386466
96 0.058299534022808075 27 28 0.10224766366721973
-1 0.0 0 0 0.01421554368810365
-1 0.0 0 0 -0.013334234206980787
nodes 29
2 0.3411175608634949 1 8 0.0
5 1.1802815198898315 2 5 -0.19293766815876023
96 -0.046563770622015 3 4 -0.04078576763038514
-1 0.0 0 0 0.002835744258205713
-1 0.0 0 0 -0.027023574703769728
2 0.2968824505805969 6 7 -0.24770431228652734
-1 0.0 0 0 -0.03185345419432294
-1 0.0 0 0 -0.014749270633618179
4 0.8972446322441101 9 14 0.09477993167927197
34 0.0814829096198082 10 11 -0.04293967128969354
-1 0.0 0 0 -0.020045232947901934
6 0.9330530166625977 12 13 0.028715355131652562
-1 0.0 0 0 -0.008017828376084751
-1 0.0 0 0 0.010756290751487829
34 -0.11979801952838898 15 16 0.14337786126004498
-1 0.0 0 0 -0.04989199521100311
96 0.09601900726556778 17 28 0.1502934436630181
21 0.026720715686678886 18 19 0.1649612938567592
-1 0.0 0 0 0.0012098512224388222
89 -0.1662992238998413 20 21 0.18986902780924828
-1 0.0 0 0 0.03271148294774361
43 -0.04474553465843201 22 27 0.16270936163976163
27 -0.033997368067502975 23 24 0.2091298716153181
-1 0.0 0 0 0.006479098887857116
18 -0.024129968136548996 25 26 0.24399165779823326
-1 0.0 0 0 0.0315513695845757
-1 0.0 0 0 0.015593888027003422
-1 0.0 0 0 0.007242329763987388
-1 0.0 0 0 -0.010383418658078535
nodes 29
2 0.38428422808647156 1 18 0.0
49 0.08325910568237305 2 7 -0.12219547644020642
41 0.08899284899234772 3 4 -0.27108001975543833
-1 0.0 0 0 -0.034360592449796265
2 0.3026839941740036 5 6 -0.1863329588257036
-1 0.0 0 0 -0.03336318837750176
-1 0.0 0 0 -0.008782794923942515
2 0.30531132221221924 8 13 -0.062208135069518555
94 -0.14338895678520203 9 12 -0.17506743722876011
1 0.18734782934188843 10 11 0.04726644675062328
-1 0.0 0 0 -0.01421775820446917
-1 0.0 0 0 0.019341490198856174
-1 0.0 0 0 -0.023741483069363828
96 -0.03463350608944893 14 17 0.016304068266502308
21 0.14960481226444244 15 16 0.08493206114815258
-1 0.0 0 0 -0.0009368252081907617
-1 0.0 0 0 0.020456983665454533
-1 0.0 0 0 -0.013592794136715837
7 0.02199999988079071 19 22 0.1251087196784489
6 0.9160948991775513 20 21 0.010589913399778232
-1 0.0 0 0 -0.01292861933882762
-1 0.0 0 0 0.009651516567794081
58 0.10952147841453552 23 28 0.17152531547700792
34 -0.07668910175561905 24 25 0.13040735106598692
-1 0.0 0 0 -0.02836707507735301
85 -0.04821763187646866 26 27 0.14139059104586352
-1 0.0 0 0 0.00032187280206651575
-1 0.0 0 0 0.0173313102953234
-1 0.0 0 0 0.028194903122232846
nodes 29
2 0.38428422808647156 1 14 0.0
49 0.0696142390370369 2 3 -0.10997592852067616
-1 0.0 0 0 -0.026019853133069256
2 0.30531132221221924 4 9 -0.06121936620734745
94 -0.14338895678520203 5 8 -0.16403857433260308
29 0.058975670486688614 6 7 0.03322137413092073
-1 0.0 0 0 -0.02478008067088233
-1 0.0 0 0 0.012115057993273127
-1 0.0 0 0 -0.02180720451383002
106 -0.0063121807761490345 10 11 0.010013992635213976
-1 0.0 0 0 -0.013479115845333303
34 0.1585826575756073 12 13 0.06995245368302076
-1 0.0 0 0 -0.003133018711507805
-1 0.0 0 0 0.017006135172794534
8 60.5 15 28 0.11259784767140765
49 -0.0853663980960846 16 17 0.12816878974944154
-1 0.0 0 0 -0.03311729455085041
60 0.016441749408841133 18 21 0.1366502604114981
70 -0.013886291533708572 19 20 0.07249422204463041
-1 0.0 0 0 -0.0035927057881040823
-1 0.0 0 0 0.012852632723929364
59 0.07526769489049911 22 25 0.19222503340579175
89 -0.0409989058971405 23 24 0.25475698786911094
-1 0.0 0 0 0.0313793479702961
-1 0.0 0 0 0.014539504619218532
83 -0.04696936532855034 26 27 0.09728842217379012
-1 0.0 0 0 -0.004993367652552901
-1 0.0 0 0 0.01613045704769972
-1 0.0 0 0 -0.019769983329915326
nodes 29
2 0.34531310200691223 1 10 0.0
21 0.09542438387870789 2 3 -0.13940983534331997
-1 0.0 0 0 -0.025531716138498195
1 0.18258729577064514 4 5 -0.08245049378060168
-1 0.0 0 0 -0.022368735368824028
96 -0.02192750945687294 6 9 -0.02714659704866551
29 0.1587531417608261 7 8 0.02639660426396865
-1 0.0 0 0 -0.0018112865813960926
-1 0.0 0 0 0.026611655704554146
-1 0.0 0 0 -0.02230616057182339
49 0.02645791694521904 11 16 0.07346210765360027
2 0.4028462767601013 12 13 -0.09076227661644914
-1 0.0 0 0 -0.026460168118214403
6 0.8415420651435852 14 15 -0.013918427033436206
-1 0.0 0 0 -0.04463774276607969
-1 0.0 0 0 0.0020308772186341073
4 0.9246423244476318 17 22 0.10349852328683704
2 0.42631056904792786 18 21 0.020905480657807677
34 0.09896891564130783 19 20 -0.028879929688301886
-1 0.0 0 0 -0.016185827080004867
-1 0.0 0 0 0.0032797107404642445
-1 0.0 0 0 0.015465415014850343
80 0.09414446353912354 23 26 0.1465009874726171
58 0.10202277451753616 24 25 0.17765589710513158
-1 0.0 0 0 0.013551287864573436
-1 0.0 0 0 0.027115050355509547
96 0.09192591160535812 27 28 0.014425511452435265
-1 0.0 0 0 0.004815121307683938
-1 0.0 0 0 -0.038827318280395054
nodes 29
2 0.32612961530685425 1 6 0.0
5 1.1767148971557617 2 3 -0.14970093617617938
-1 0.0 0 0 -0.0011411031243593812
7 0.5060000121593475 4 5 -0.1927781986175562
-1 0.0 0 0 -0.01679460246736687
-1 0.0 0 0 -0.03715348350220859
43 -0.023656856268644333 7 20 0.05664365320627678
21 -0.14419633150100708 8 9 0.100052525630013
-1 0.0 0 0 -0.03584607262453286
58 -0.018685614690184593 10 11 0.10865187230502184
-1 0.0 0 0 -0.0003577582359877446
70 -0.037964750081300735 12 13 0.14059958675740689
-1 0.0 0 0 0.0027729240924666953
2 0.4442764222621918 14 17 0.17445155120797118
34 0.18792860209941864 15 16 0.13570983395654057
-1 0.0 0 0 0.008102862593941785
-1 0.0 0 0 0.022946329897933056
15 -0.06781640648841858 18 19 0.27551237254208516
-1 0.0 0 0 0.008663442304833761
-1 0.0 0 0 0.033784532556170685
2 0.4314854145050049 21 24 -0.057237969099266754
34 0.09896891564130783 22 23 -0.1500923352603168
-1 0.0 0 0 -0.029943857618488
-1 0.0 0 0 -0.007245423714508887
18 0.07488401979207993 25 28 0.05054765171103479
8 61.5 26 27 0.0897425535188402
-1 0.0 0 0 0.010718961728707288
-1 0.0 0 0 -0.0551275493076968
-1 0.0 0 0 -0.02362717733672683
nodes 29
2 0.38800278306007385 1 16 0.0
49 0.14550316333770752 2 9 -0.08017132620312103
41 0.06961523741483688 3 4 -0.15235438240723526
-1 0.0 0 0 -0.023766874719940406
2 0.2926456332206726 5 6 -0.08776795724327136
-1 0.0 0 0 -0.02177067968795939
34 0.1257801055908203 7 8 -0.022385993485529696
-1 0.0 0 0 -0.014683357934966411
-1 0.0 0 0 0.005806238254987859
1 0.1950557678937912 10 11 3.791317819221674e-05
-1 0.0 0 0 -0.013708167194134918
21 0.1939595341682434 12 15 0.03813890170879669
34 0.11193446815013885 13 14 -0.015542705657670117
-1 0.0 0 0 -0.014770834859858906
-1 0.0 0 0 0.003922124557721778
-1 0.0 0 0 0.017509405319903505
7 0.041999999433755875 17 24 0.08740036936877077
6 0.7987437844276428 18 19 0.015948000439447132
-1 0.0 0 0 -0.028124060254705402
99 -0.04423442855477333 20 21 0.03671626398131625
-1 0.0 0 0 -0.007557797764401095
107 0.0466625802218914 22 23 0.07913593092549616
-1 0.0 0 0 0.01199231957659762
-1 0.0 0 0 -0.006952620840913047
26 0.07360440492630005 25 28 0.14427472766965962
104 0.01051025278866291 26 27 0.10633282287365341
-1 0.0 0 0 0.003533007738608446
-1 0.0 0 0 0.016460427398760892
-1 0.0 0 0 0.02418563414926947
nodes 29
2 0.3315906226634979 1 10 0.0
94 -0.1783384084701538 2 5 -0.11853698262678544
37 -0.07825995981693268 3 4 0.09195886048604367
-1 0.0 0 0 0.020536046309798342
-1 0.0 0 0 -0.01124848775561713
96 -0.07371680438518524 6 9 -0.14396461095799756
2 0.2812027037143707 7 8 -0.09011629690812135
-1 0.0 0 0 -0.016485228213951066
-1 0.0 0 0 -0.0018200719156484394
-1 0.0 0 0 -0.02184970961537697
43 0.018629945814609528 11 22 0.049390969046090465
6 0.9199085235595703 12 15 0.0771433879171118
21 0.14327190816402435 13 14 -0.03423417140671585
-1 0.0 0 0 -0.010265263253384909
-1 0.0 0 0 0.0058318528735178485
93 -0.01942543312907219 16 19 0.10926233861768211
21 0.07544481009244919 17 18 0.16375895212697278
-1 0.0 0 0 0.004807431710400876
-1 0.0 0 0 0.021311024604541377
58 0.09466920047998428 20 21 0.050239436438070786
-1 0.0 0 0 0.0009328371908271346
-1 0.0 0 0 0.01398848682618257
34 0.13059362769126892 23 26 -0.10354170185116472
49 0.05338047817349434 24 25 -0.20622760642735563
-1 0.0 0 0 -0.03647927232275342
-1 0.0 0 0 -0.012266947616720132
2 0.4115924537181854 27 28 0.005269463750277707
-1 0.0 0 0 -0.013909567854836444
-1 0.0 0 0 0.010184855387397301
nodes 29
2 0.39544016122817993 1 18 0.0
34 0.11998621001839638 2 7 -0.06345937499475206
21 0.1750727891921997 3 4 -0.15695147320707561
-1 0.0 0 0 -0.020606360464199478
29 0.08471868187189102 5 6 -0.030671712271638122
-1 0.0 0 0 -0.013330958314456846
-1 0.0 0 0 0.01125918597920002
96 -0.00034538150066509843 8 17 -0.008594543555166333
21 -0.021530987694859505 9 10 0.026228813746587247
-1 0.0 0 0 -0.025929347923298752
2 0.2926456332206726 11 14 0.046833627338079414
29 0.15333649516105652 12 13 -0.06418364490290882
-1 0.0 0 0 -0.010787723436062763
-1 0.0 0 0 0.01463732852222709
27 -0.033997368067502975 15 16 0.10498215915621911
-1 0.0 0 0 -0.004512043756293701
-1 0.0 0 0 0.014024476603480615
-1 0.0 0 0 -0.015550770093619024
104 0.06452476233243942 19 26 0.0784920288116554
70 -0.005125413183122873 20 23 0.036337661549127154
52 0.03644036874175072 21 22 -0.06146735619381465
-1 0.0 0 0 -0.0001053381636661681
-1 0.0 0 0 -0.020567396634446435
0 0.5420362949371338 24 25 0.09070028244152809
-1 0.0 0 0 0.010084051085601762
-1 0.0 0 0 -0.03334767390570293
89 -0.05738672986626625 27 28 0.16437890278240105
-1 0.0 0 0 0.02408261542642337
-1 0.0 0 0 0.006660028753930138
nodes 29
2 0.32612961530685425 1 8 0.0
21 0.18947593867778778 2 5 -0.10404583412916038
7 0.6099999845027924 3 4 -0.14591087197412597
-1 0.0 0 0 -0.013235014430135243
-1 0.0 0 0 -0.04054679577810723
94 -0.11827728152275085 6 7 -0.001079472619097559
-1 0.0 0 0 0.013991152974586649
-1 0.0 0 0 -0.00798848560627759
49 0.09618797898292542 9 20 0.03936873273574115
43 -0.0317063108086586 10 17 -0.039418428659605195
2 0.4398999512195587 11 14 0.01765822924092841
21 0.056990381330251694 12 13 -0.0485037327648808
-1 0.0 0 0 -0.019462171252596208
-1 0.0 0 0 0.0002819891705190115
2 0.5132841467857361 15 16 0.1221058877942678
-1 0.0 0 0 0.015209007498076155
-1 0.0 0 0 -0.02497096326169729
34 0.20714019238948822 18 19 -0.14581184408041414
-1 0.0 0 0 -0.018907577818795956
-1 0.0 0 0 0.0036886916355209614
96 0.058299534022808075 21 28 0.08732059067678022
83 0.008394657634198666 22 25 0.10787039063123441
18 0.005956131964921951 23 24 0.04960422416300913
-1 0.0 0 0 0.009207358223221395
-1 0.0 0 0 -0.004482046233759408
21 -0.010844659060239792 26 27 0.1720209835198016
-1 0.0 0 0 -0.007120305791436282
-1 0.0 0 0 0.019185694397563204
-1 0.0 0 0 -0.00825932299906078
nodes 29
2 0.4072035849094391 1 16 0.0
49 0.18235492706298828 2 11 -0.04860320450442782
41 0.01898030936717987 3 4 -0.09387384260219873
-1 0.0 0 0 -0.020971087667171862
34 0.19945162534713745 5 8 -0.05621202807819975
96 -0.1329512745141983 6 7 -0.10110628734501517
-1 0.0 0 0 -0.000662400991253844
-1 0.0 0 0 -0.01477501090502306
2 0.2926456332206726 9 10 0.04028362835054414
-1 0.0 0 0 -0.010277118120101611
-1 0.0 0 0 0.009978230826421726
106 -0.0028854080010205507 12 13 0.049224118595261664
-1 0.0 0 0 -0.007154317330006131
1 0.19903768599033356 14 15 0.09098270392414386
-1 0.0 0 0 -0.004487474689302696
-1 0.0 0 0 0.012658655893427984
104 0.04356054589152336 17 24 0.07411046896057917
70 0.0007535701151937246 18 21 0.021948617272250188
52 0.03644036874175072 19 20 -0.0757841899301813
-1 0.0 0 0 -0.0012238499441645395
-1 0.0 0 0 -0.02279146903287335
28 -0.046638354659080505 22 23 0.08125858548099973
-1 0.0 0 0 0.019411423197764507
-1 0.0 0 0 0.003494752389957226
53 -0.11300130933523178 25 26 0.14783056096099292
-1 0.0 0 0 0.001227665240241988
89 -0.0620138980448246 27 28 0.19454035445577897
-1 0.0 0 0 0.026779752942149845
-1 0.0 0 0 0.010530850931763293
nodes 29
4 0.8685005307197571 1 6 0.0
6 0.9998196363449097 2 5 -0.09088132236449321
49 0.010477112606167793 3 4 -0.05090206074741507
-1 0.0 0 0 -0.019239978218619697
-1 0.0 0 0 -0.002856967751233419
-1 0.0 0 0 -0.02035617784620363
6 1.0190331935882568 7 28 0.0343875610843872
21 0.20103158056735992 8 25 0.051702720228031775
34 -0.14054812490940094 9 10 0.023402057858991857
-1 0.0 0 0 -0.05546664498793285
85 -2.195120259784744e-06 11 16 0.02911720023217467
15 0.0018396429950371385 12 13 -0.051748679239342385
-1 0.0 0 0 -0.010851050395825065
53 -0.11399997770786285 14 15 0.020529900427250974
-1 0.0 0 0 -0.012164288050018039
-1 0.0 0 0 0.007632818956362149
99 -0.04423442855477333 17 18 0.07010709385255819
-1 0.0 0 0 -0.001993132749383529
27 -0.0748862475156784 19 20 0.10408136667392351
-1 0.0 0 0 -0.009241470077499462
9 -0.026943976059556007 21 22 0.12396442537072729
-1 0.0 0 0 0.017544439515266252
83 -0.06385929137468338 23 24 0.06407090087661352
-1 0.0 0 0 -0.0067977137077721425
-1 0.0 0 0 0.010901392783507022
89 -0.02385837770998478 26 27 0.15348941158494897
-1 0.0 0 0 0.020664554333280932
-1 0.0 0 0 0.0035777169239193107
-1 0.0 0 0 -0.013431793440135821
nodes 29
2 0.4281599521636963 1 18 0.0
34 0.0463273786008358 2 3 -0.034164390387077664
-1 0.0 0 0 -0.017469656374482914
96 0.006559284869581461 4 15 -0.007810872295815275
21 0.009683112613856792 5 6 0.01973119329256117
-1 0.0 0 0 -0.014910306815152697
2 0.294132262468338 7 10 0.038756149576799764
29 0.15333649516105652 8 9 -0.05431614921525689
-1 0.0 0 0 -0.009335945992283273
-1 0.0 0 0 0.011012086183229408
43 -0.026029027998447418 11 14 0.07416250371856253
27 -0.032732363790273666 12 13 0.10689095901351764
-1 0.0 0 0 -0.0021602676285667893
-1 0.0 0 0 0.01370137938659885
-1 0.0 0 0 -0.0040076822929340904
41 0.06061730906367302 16 17 -0.13070089715069808
-1 0.0 0 0 -0.020508925536419996
-1 0.0 0 0 -0.005260020563206525
2 0.5059531927108765 19 28 0.07897771593495982
87 0.06582029163837433 20 25 0.09914568838677486
28 -0.027067266404628754 21 22 0.13933386718509264
-1 0.0 0 0 0.02275223685574311
18 0.056124649941921234 23 24 0.08360794752092564
-1 0.0 0 0 0.011743465454481544
-1 0.0 0 0 -0.01047069479743362
53 -0.002984437393024564 26 27 -0.015544977169282489
-1 0.0 0 0 -0.00791168695647016
-1 0.0 0 0 0.013682432580760826
-1 0.0 0 0 -0.015977952256348328
nodes 29
4 0.7711651921272278 1 2 0.0
-1 0.0 0 0 -0.012765910734141237
21 0.18504104018211365 3 24 0.0183204321949061
49 0.012597434222698212 4 5 -0.011395772982618048
-1 0.0 0 0 -0.014897807852632642
2 0.44941946864128113 6 17 0.008726120588162956
34 0.16432100534439087 7 10 -0.021491326490722107
43 -0.023656856268644333 8 9 -0.07358227178410925
-1 0.0 0 0 -0.004135310199967348
-1 0.0 0 0 -0.01746514452506447
21 -0.05867210403084755 11 12 0.0339656116374507
-1 0.0 0 0 -0.024753722245266105
96 0.09601900726556778 13 16 0.04965980101822192
27 0.055709466338157654 14 15 0.06268183604534805
-1 0.0 0 0 0.0005821528169410303
-1 0.0 0 0 0.013397697087239946
-1 0.0 0 0 -0.021827538936350664
28 0.030637923628091812 18 21 0.1072904094273342
15 0.041368234902620316 19 20 0.17326922240934686
-1 0.0 0 0 0.010683447141184015
-1 0.0 0 0 0.03055955937756182
27 -0.06930895894765854 22 23 0.0016009101598881235
-1 0.0 0 0 -0.03153563627286889
-1 0.0 0 0 0.004926420342786595
89 -0.14799652993679047 25 26 0.09887206521377889
-1 0.0 0 0 0.02440796619982494
96 0.12756164371967316 27 28 0.06570554506212135
-1 0.0 0 0 0.007792560992485602
-1 0.0 0 0 -0.02977826342923949
nodes 29
2 0.31918132305145264 1 6 0.0
94 -0.1819509118795395 2 3 -0.07773466304600447
-1 0.0 0 0 0.008260452331149746
7 0.722000002861023 4 5 -0.09774652259631561
-1 0.0 0 0 -0.009195637988537725
-1 0.0 0 0 -0.05405718120099563
43 0.018629945814609528 7 24 0.0260485482241953
93 -0.0184662826359272 8 17 0.047801352681486754
21 0.06209590286016464 9 12 0.09544495968471789
85 -2.195120259784744e-06 10 11 -0.003780269577044969
-1 0.0 0 0 -0.012476410855130703
-1 0.0 0 0 0.0060899383372225255
18 -0.08052261918783188 13 14 0.1292751018672926
-1 0.0 0 0 0.021622791893250285
89 -0.19199606776237488 15 16 0.08806655655349703
-1 0.0 0 0 0.02558337465339631
-1 0.0 0 0 0.006877327420147891
6 0.9395260810852051 18 19 -0.004721580397279685
-1 0.0 0 0 -0.008993960745293446
87 0.008297727443277836 20 21 0.032179822173210415
-1 0.0 0 0 0.008952091814000805
47 -0.010048608295619488 22 23 -0.026504130825538322
-1 0.0 0 0 -0.011286240092799806
-1 0.0 0 0 0.004224306643927102
34 0.13059362769126892 25 26 -0.09530859959392717
-1 0.0 0 0 -0.017118812122445443
96 0.07775632292032242 27 28 -0.01499785657727438
-1 0.0 0 0 0.0015043706415283696
-1 0.0 0 0 -0.03600350405640362
nodes 29
49 0.18451125919818878 1 22 0.0
2 0.4398999512195587 2 7 -0.027162486300414148
34 0.11998621001839638 3 4 -0.058112173087424945
-1 0.0 0 0 -0.012115189333184461
106 0.04866607114672661 5 6 -0.018305007452986726
-1 0.0 0 0 -0.006732065419891568
-1 0.0 0 0 0.0033667833286669837
2 0.5248068571090698 8 21 0.055040405848154235
53 -0.07390758395195007 9 14 0.07091200861401495
59 0.06095033138990402 10 13 -0.017703316712473858
49 -0.09432274103164673 11 12 0.06359887232415855
-1 0.0 0 0 -0.06120125346776584
-1 0.0 0 0 0.00820933526396094
-1 0.0 0 0 -0.012583898632175137
104 -0.04141730070114136 15 18 0.12890235609485118
15 -0.060050077736377716 16 17 -0.01593608865477437
-1 0.0 0 0 -0.023725690882177748
-1 0.0 0 0 0.008039578227448893
107 0.05977771431207657 19 20 0.17703708830984438
-1 0.0 0 0 0.021456427440720658
-1 0.0 0 0 0.0009242029715518905
-1 0.0 0 0 -0.03611265171551758
15 0.02341683954000473 23 26 0.07179010551961122
42 -0.05294468626379967 24 25 0.031089964196153213
-1 0.0 0 0 0.009372141473497304
-1 0.0 0 0 -0.00206490601620023
2 0.3502277135848999 27 28 0.144975680743444
-1 0.0 0 0 0.0044274947486724605
-1 0.0 0 0 0.021480389505247936
nodes 29
27 -0.033997368067502975 1 4 0.0
89 -0.03133614361286163 2 3 -0.08204589896042494
-1 0.0 0 0 -0.003890037943104019
-1 0.0 0 0 -0.015358503702784963
99 -0.045301128178834915 5 12 0.022042880801278864
96 -0.0897878110408783 6 7 -0.05193549063895251
-1 0.0 0 0 0.0012168576115701624
84 -0.032386116683483124 8 9 -0.09517028531817844
-1 0.0 0 0 -0.02027377170997184
9 -0.030587762594223022 10 11 -0.05418520149285134
-1 0.0 0 0 0.0027927414708249078
-1 0.0 0 0 -0.012822143657321051
4 0.9012946486473083 13 16 0.05059826421032669
6 0.9998196363449097 14 15 -0.013980196677309297
-1 0.0 0 0 0.001864276763426175
-1 0.0 0 0 -0.01272651564619094
9 -0.03428572788834572 17 22 0.08443719081741821
6 1.0167213678359985 18 21 0.13620234250338703
18 -0.12596182525157928 19 20 0.15271107163891673
-1 0.0 0 0 0.026897962555178564
-1 0.0 0 0 0.0125908932872238
-1 0.0 0 0 -0.0077833009557254935
34 -0.03332540765404701 23 24 0.03648521647276043
-1 0.0 0 0 -0.023404849010620482
43 -0.07163594663143158 25 26 0.049466736501732146
-1 0.0 0 0 0.009704710599136003
93 0.12567494809627533 27 28 -0.016162204089187195
-1 0.0 0 0 0.00043472022190919744
-1 0.0 0 0 -0.03339491408998483
nodes 29
21 0.14327190816402435 1 16 0.0
2 0.44853663444519043 2 9 -0.03671009790976353
34 0.14737841486930847 3 4 -0.061488433686172114
-1 0.0 0 0 -0.011198568115198758
21 -0.06646370142698288 5 6 -0.010840938070339359
-1 0.0 0 0 -0.021367117086140468
84 -0.006134689319878817 7 8 0.007471179068904897
-1 0.0 0 0 -0.008180146002139328
-1 0.0 0 0 0.004454987638125591
49 -0.0853663980960846 10 11 0.04856799227179303
-1 0.0 0 0 -0.04533655837252551
15 -0.010519868694245815 12 13 0.06491456613476844
-1 0.0 0 0 -0.0020656915400966485
34 -0.14054812490940094 14 15 0.14379472376705352
-1 0.0 0 0 -0.08464633329495998
-1 0.0 0 0 0.015489136550109429
96 0.06085795536637306 17 28 0.04762470818865757
89 -0.158896803855896 18 21 0.06681271225691336
2 0.3315906226634979 19 20 0.195003723593261
-1 0.0 0 0 0.003652599085660801
-1 0.0 0 0 0.02599037796157591
75 0.006247078068554401 22 23 0.04310415847274912
-1 0.0 0 0 -0.002454649500577045
1 0.15098364651203156 24 25 0.07853143318168693
-1 0.0 0 0 -0.013586713296634854
21 0.24874496459960938 26 27 0.09216511270380387
-1 0.0 0 0 0.006359510163885507
-1 0.0 0 0 0.020693118525834303
-1 0.0 0 0 -0.012075401334090984
nodes 29
49 0.098223976790905 1 8 0.0
89 -0.037231165915727615 2 7 -0.05116526681602271
21 0.16147035360336304 3 4 -0.008057850902496467
-1 0.0 0 0 -0.005106160802306226
2 0.4237402677536011 5 6 0.08941516164133252
-1 0.0 0 0 0.0006612505030123716
-1 0.0 0 0 0.02034849121276882
-1 0.0 0 0 -0.011048573404928007
2 0.35520797967910767 9 14 0.030379504601782466
106 0.07049734145402908 10 11 -0.023044796437537915
-1 0.0 0 0 -0.007648090067111514
29 0.21330341696739197 12 13 0.041499227253433475
-1 0.0 0 0 0.0024035115826735254
-1 0.0 0 0 0.031180789927890057
80 0.0877002403140068 15 24 0.06714078210135625
58 -0.03009163774549961 16 17 0.09865630667001919
-1 0.0 0 0 -0.0012131271473384308
6 0.7516716718673706 18 19 0.123763446252627
-1 0.0 0 0 -0.02516413320855128
70 0.0036957724951207638 20 21 0.13166179420497848
-1 0.0 0 0 0.006953033657730755
27 -0.029050974175333977 22 23 0.1717843440989547
-1 0.0 0 0 0.004931129818717891
-1 0.0 0 0 0.020597956981811993
14 0.14582230150699615 25 28 -0.048856668105529584
96 0.10024803876876831 26 27 -0.028443990375227615
-1 0.0 0 0 -0.0002152123731398394
-1 0.0 0 0 -0.03339283577194197
-1 0.0 0 0 -0.04824974185442135
nodes 29
43 -0.03623368963599205 1 14 0.0
27 -0.033997368067502975 2 3 0.025408583299542428
-1 0.0 0 0 -0.0060349318809083405
2 0.2812027037143707 4 5 0.04786453192469961
-1 0.0 0 0 -0.005990844507471654
85 0.011120702140033245 6 9 0.06652850934398086
21 0.14866620302200317 7 8 0.007907812887861718
-1 0.0 0 0 -0.004499724736986528
-1 0.0 0 0 0.008207270975812827
34 -0.028014304116368294 10 11 0.1019737682415412
-1 0.0 0 0 -0.009865169902912788
99 -0.03902503103017807 12 13 0.11393446842260371
-1 0.0 0 0 0.003924622487046133
-1 0.0 0 0 0.01457186713238256
34 0.19945162534713745 15 26 -0.05765857807831106
2 0.42292043566703796 16 19 -0.08646136913857069
37 -0.014778689481317997 17 18 -0.12648975890640288
-1 0.0 0 0 -0.00875494449565683
-1 0.0 0 0 -0.020808427335906002
49 0.09925040602684021 20 25 -0.026040027671420576
8 49.5 21 24 -0.11364194467842292
52 0.013788839802145958 22 23 -0.050083070141634246
-1 0.0 0 0 0.004012249762949577
-1 0.0 0 0 -0.020167547498602716
-1 0.0 0 0 -0.02973371453387902
-1 0.0 0 0 0.005268788272037792
21 -0.07495424896478653 27 28 0.03732952210088714
-1 0.0 0 0 -0.033237709662750026
-1 0.0 0 0 0.005656628925423414
nodes 29
96 0.06085795536637306 1 28 0.0
21 0.21653962135314941 2 23 0.012268595731634148
2 0.4415722191333771 3 10 -0.004883716546121341
34 0.19945162534713745 4 7 -0.02682515599394369
49 0.20368927717208862 5 6 -0.055373313876373245
-1 0.0 0 0 -0.007855114866432833
-1 0.0 0 0 0.0030341818637650703
21 -0.05867210403084755 8 9 0.03722676269255124
-1 0.0 0 0 -0.019418232614914488
-1 0.0 0 0 0.005276885322816483
6 0.7987437844276428 11 12 0.06492797361358353
-1 0.0 0 0 -0.041862444456493494
5 1.5681183338165283 13 22 0.07623051997344728
53 -0.09583017230033875 14 15 0.07136202919397108
-1 0.0 0 0 -0.003526430101406194
34 -0.2050442397594452 16 17 0.11775033665901935
-1 0.0 0 0 -0.10333462998552144
82 0.0880112573504448 18 21 0.12273384603128323
28 0.06436824798583984 19 20 0.1538113396784832
-1 0.0 0 0 0.02020633989058585
-1 0.0 0 0 0.0026534572970013477
-1 0.0 0 0 -0.00394089128502227
-1 0.0 0 0 0.13394606863422429
89 -0.05927068740129471 24 27 0.10256034974436493
1 0.20099541544914246 25 26 0.16790159162920995
-1 0.0 0 0 -0.0030939859937799082
-1 0.0 0 0 0.02114355004666841
-1 0.0 0 0 0.0031428057846227143
-1 0.0 0 0 -0.011288284498735989
nodes 29
58 0.060368794947862625 1 14 0.0
43 0.015179508365690708 2 13 -0.0337398241554922
21 0.22822152078151703 3 12 -0.014907067879503385
93 0.04714437574148178 4 11 -0.03062757855733686
2 0.45468080043792725 5 8 -0.006846816342434718
34 0.05499843880534172 6 7 -0.03178590643877204
-1 0.0 0 0 -0.01255082205364608
-1 0.0 0 0 -0.001021333841035573
28 -0.05279076099395752 9 10 0.10277310452127965
-1 0.0 0 0 0.026164277343462425
-1 0.0 0 0 0.003686826642205038
-1 0.0 0 0 -0.010434344883621332
-1 0.0 0 0 0.008884192833746049
-1 0.0 0 0 -0.013062169089914828
2 0.2698497176170349 15 16 0.0391733108999596
-1 0.0 0 0 -0.010112841216445467
89 0.07622063905000687 17 28 0.05944941012741805
87 0.08873703330755234 18 27 0.07205136828964982
18 0.011176307685673237 19 26 0.09418896697332219
6 0.7661007046699524 20 21 0.1268346059924584
-1 0.0 0 0 -0.01831358436222782
49 0.20368927717208862 22 25 0.13568372901787196
2 0.4476621747016907 23 24 0.10969365546360416
-1 0.0 0 0 0.00771126664593632
-1 0.0 0 0 0.02036837980569644
-1 0.0 0 0 0.022936091974177994
-1 0.0 0 0 0.0017233692732800184
-1 0.0 0 0 -0.002562609842601965
-1 0.0 0 0 -0.011465063627509653
nodes 29
99 -0.04423442855477333 1 6 0.0
52 0.05187869444489479 2 5 -0.055925672903402564
24 -0.04626932367682457 3 4 -0.029301593301930984
-1 0.0 0 0 -0.011299107980973302
-1 0.0 0 0 -7.469723989618043e-05
-1 0.0 0 0 -0.013056110326277987
27 -0.0748862475156784 7 8 0.021580941734671014
-1 0.0 0 0 -0.008715750573585262
49 -0.015116029419004917 9 10 0.03539234144150436
-1 0.0 0 0 -0.009986659215077031
2 0.3105638027191162 11 16 0.04617728879080743
29 0.16438566148281097 12 13 -0.026760831836931138
-1 0.0 0 0 -0.005434581607065092
2 0.2148454338312149 14 15 0.11641710227902664
-1 0.0 0 0 -0.008422470156805998
-1 0.0 0 0 0.02198982963510772
18 -0.0602766964584589 17 22 0.06627261336919488
89 -0.07876867800951004 18 19 0.11870240125026456
-1 0.0 0 0 0.018293721863190098
9 -0.009975244291126728 20 21 0.06599411451240503
-1 0.0 0 0 0.011863382697186203
-1 0.0 0 0 -0.0012317181855851186
85 -0.04821763187646866 23 24 0.029031087501132168
-1 0.0 0 0 -0.007032011861438734
106 -0.04670780152082443 25 28 0.052517633088029675
2 0.4237402677536011 26 27 -0.03658770091326363
-1 0.0 0 0 -0.01351888283308931
-1 0.0 0 0 0.007888354501046397
-1 0.0 0 0 0.007285981627773157
nodes 29
104 -0.02959383837878704 1 8 0.0
96 -0.03121953271329403 2 5 -0.0499983644432592
34 0.0366516150534153 3 4 -0.012471832711769305
-1 0.0 0 0 -0.012726783803081058
-1 0.0 0 0 0.0007992056504575787
41 -0.011354508809745312 6 7 -0.1219831124959472
-1 0.0 0 0 -0.02425403872632305
-1 0.0 0 0 -0.008455026736895183
2 0.44853663444519043 9 20 0.02327541665440387
49 0.1987382024526596 10 17 0.002633711319193831
41 0.02145640179514885 11 12 -0.02116846736582774
-1 0.0 0 0 -0.008990415600333403
21 0.2445645034313202 13 16 0.0017268150788208598
27 0.0372517928481102 14 15 -0.012102781132091123
-1 0.0 0 0 -0.00561487810858461
-1 0.0 0 0 0.0028648090627106442
-1 0.0 0 0 0.015097143147539802
42 -0.050054244697093964 18 19 0.07665361898445466
-1 0.0 0 0 0.013712098405280763
-1 0.0 0 0 0.0020021735976720892
53 -0.16054663062095642 21 22 0.09791117621455046
-1 0.0 0 0 -0.012814993963811347
34 -0.14054812490940094 23 24 0.12691504858123706
-1 0.0 0 0 -0.054394806458018044
82 0.09348364174365997 25 28 0.13473686389182113
28 -0.02270914800465107 26 27 0.16385851450268438
-1 0.0 0 0 0.025174447020566856
-1 0.0 0 0 0.009956147486501227
-1 0.0 0 0 -0.0032678482402625645
nodes 29
84 -0.031187700107693672 1 12 0.0
96 0.08105668425559998 2 11 -0.058224050970842774
97 0.06828045099973679 3 8 -0.03955783694628043
21 0.14234097301959991 4 5 -0.010328274962553058
-1 0.0 0 0 -0.0063813784349688865
37 -0.08111928403377533 6 7 0.048274843843459175
-1 0.0 0 0 0.014545107245408934
-1 0.0 0 0 -0.0024157738596972634
7 0.02199999988079071 9 10 -0.12299458035032557
-1 0.0 0 0 -0.027767099516899957
-1 0.0 0 0 -0.0077687787978241545
-1 0.0 0 0 -0.02201245885871721
9 -0.025159915909171104 13 24 0.019104887459205275
2 0.3238759934902191 14 15 0.05486831188129031
-1 0.0 0 0 -0.0035537500219493877
27 -0.049371689558029175 16 17 0.08399161517194118
-1 0.0 0 0 -0.0037330678543215177
18 -0.061281438916921616 18 19 0.10763180080109011
-1 0.0 0 0 0.016677571517557128
85 -0.055398497730493546 20 21 0.06508033390678859
-1 0.0 0 0 -0.0069344286855940315
2 0.5356968641281128 22 23 0.08966751437766174
-1 0.0 0 0 0.009324371795631668
-1 0.0 0 0 -0.08344387082343407
21 0.24075637757778168 25 28 -0.01968445199468828
58 -0.018685614690184593 26 27 -0.03390944965259879
-1 0.0 0 0 -0.01131516899886592
-1 0.0 0 0 -0.0010796734276236383
-1 0.0 0 0 0.010306540782702524
nodes 29
43 -0.0607003141194582 1 16 0.0
89 0.01899617724120617 2 15 0.026467045525672438
83 0.008394657634198666 3 6 0.04339057166469087
42 -0.04642242193222046 4 5 0.0074284091757996756
-1 0.0 0 0 0.005428339000683053
-1 0.0 0 0 -0.003391682271252214
2 0.34531310200691223 7 8 0.08938826499702532
-1 0.0 0 0 0.0019385430389134914
107 -0.02488129585981369 9 12 0.12289819178649444
70 0.08681545406579971 10 11 0.1792337731685964
-1 0.0 0 0 0.01361768720028396
-1 0.0 0 0 0.02963633137386161
72 -0.01263440027832985 13 14 0.05961790481686927
-1 0.0 0 0 -0.004455868404345429
-1 0.0 0 0 0.011702892098933673
-1 0.0 0 0 -0.005562567098193085
34 0.19945162534713745 17 26 -0.03970056858114131
89 -0.18199974298477173 18 19 -0.06269649988255746
-1 0.0 0 0 0.006710129199658381
93 0.11175044625997543 20 25 -0.07714173033940645
18 -0.09901079535484314 21 24 -0.06476928178478801
2 0.3806103467941284 22 23 0.009998990459102523
-1 0.0 0 0 -0.00973809931794152
-1 0.0 0 0 0.007621521873100572
-1 0.0 0 0 -0.008885062535199825
-1 0.0 0 0 -0.020881013016660663
21 -0.07495424896478653 27 28 0.03238694564738324
-1 0.0 0 0 -0.02425026648239732
-1 0.0 0 0 0.00465497364477553
nodes 29
87 0.0984106957912445 1 24 0.0
18 0.03910796344280243 2 19 0.014090300755191201
34 -0.014750909060239792 3 4 0.03273253401539688
-1 0.0 0 0 -0.010314261779100808
4 0.9291630983352661 5 12 0.04404500542189398
6 0.9998196363449097 6 9 -0.0004943375693828092
6 0.9395260810852051 7 8 0.020659724019132356
-1 0.0 0 0 -0.0035681304861795815
-1 0.0 0 0 0.006957959909590902
2 0.400075227022171 10 11 -0.07757899879378315
-1 0.0 0 0 -0.010879436593079488
-1 0.0 0 0 0.025903545396731183
9 -0.046045489609241486 13 14 0.07759117724229583
-1 0.0 0 0 0.012567808710102627
59 0.18119250237941742 15 18 0.04031968795539505
93 -0.12265724688768387 16 17 0.055859224633318924
-1 0.0 0 0 0.017012064939426322
-1 0.0 0 0 0.003772201429576472
-1 0.0 0 0 -0.010940103360685082
96 -0.043490756303071976 20 23 -0.05303073205537283
21 0.1451270431280136 21 22 -0.008276729052924217
-1 0.0 0 0 -0.006746722661475326
-1 0.0 0 0 0.005675764803057658
-1 0.0 0 0 -0.011037809508227234
93 -0.05048854276537895 25 26 -0.07354684711794976
-1 0.0 0 0 -8.869536037910526e-05
5 1.2841178178787231 27 28 -0.11429592049250513
-1 0.0 0 0 -0.01534076532913016
-1 0.0 0 0 -0.0018751918144108278
nodes 29
24 -0.05214983969926834 1 6 0.0
37 0.0090972064062953 2 5 -0.057209453403876585
89 -0.03920098766684532 3 4 -0.028561894746914146
-1 0.0 0 0 0.001816076189051304
-1 0.0 0 0 -0.008595271420261666
-1 0.0 0 0 -0.014290914753713064
58 -0.01740790531039238 7 8 0.017603484109139
-1 0.0 0 0 -0.004630015660403363
2 0.294132262468338 9 10 0.03590958407320318
-1 0.0 0 0 -0.0041641899237534925
6 0.9256544709205627 11 14 0.05294751844907419
7 0.018000000156462193 12 13 -0.018629977698663206
-1 0.0 0 0 -0.009385186433146876
-1 0.0 0 0 0.0036985673859229583
85 -2.195120259784744e-06 15 16 0.07582789597477253
-1 0.0 0 0 0.0019989674765736177
5 1.1634941101074219 17 20 0.10458887514521156
80 0.12113365530967712 18 19 0.06610682488439613
-1 0.0 0 0 0.008590197524083477
-1 0.0 0 0 -0.007470018802838422
43 0.06794789433479309 21 28 0.1666966345473855
2 0.3521703779697418 22 23 0.18600435472582585
-1 0.0 0 0 0.009911865003119486
5 1.4562476873397827 24 25 0.2508359199356052
-1 0.0 0 0 0.021689386093281315
2 0.4289567768573761 26 27 0.5215844513025202
-1 0.0 0 0 0.04212264045749584
-1 0.0 0 0 0.14248068718505758
-1 0.0 0 0 -0.014314462272199194
nodes 29
99 -0.055165234953165054 1 2 0.0
-1 0.0 0 0 -0.005403763800738414
49 0.1953890472650528 3 26 0.016991618873075303
107 0.07224331051111221 4 23 -0.0020997330749078728
2 0.4381830394268036 5 16 0.01370326749949048
106 -0.057230688631534576 6 7 -0.01025799269688254
-1 0.0 0 0 -0.011041157336138712
73 0.0353456512093544 8 15 0.0075619711096841765
41 0.0014913883060216904 9 10 0.029911556668662416
-1 0.0 0 0 -0.006660744815791636
2 0.27179768681526184 11 12 0.05013731253792606
-1 0.0 0 0 -0.005765357112318205
33 -0.03155266493558884 13 14 0.07325926708801099
-1 0.0 0 0 0.01185257483902904
-1 0.0 0 0 0.0012506711018755398
-1 0.0 0 0 -0.006958046239565237
1 0.4980233907699585 17 22 0.07742794816531823
53 -0.15331922471523285 18 19 0.08595273892660545
-1 0.0 0 0 -0.007821877869215796
46 0.05690780654549599 20 21 0.11168132431047187
-1 0.0 0 0 0.007125981804053029
-1 0.0 0 0 0.021597132896083206
-1 0.0 0 0 -0.04400151732492529
2 0.49836939573287964 24 25 -0.0912510130979855
-1 0.0 0 0 -0.0070626421566458075
-1 0.0 0 0 -0.04449008413880686
15 0.028338363394141197 27 28 0.07919612909338185
-1 0.0 0 0 0.00413849650482758
-1 0.0 0 0 0.015289606719912833
nodes 29
72 -0.053983159363269806 1 6 0.0
107 0.02106587216258049 2 5 -0.060323539734557306
35 0.027599826455116272 3 4 -0.021387237452726617
-1 0.0 0 0 -0.0074999516254308125
-1 0.0 0 0 0.004120486151071131
-1 0.0 0 0 -0.014658615761378536
21 0.06209590286016464 7 12 0.014713204775431823
89 0.07952684164047241 8 11 -0.0424964567094908
79 -0.10778029263019562 9 10 -0.02259506561237407
-1 0.0 0 0 0.008119854382759355
-1 0.0 0 0 -0.0044589871625780415
-1 0.0 0 0 -0.016218279550307503
93 -0.021982789039611816 13 20 0.033137069677983085
2 0.3026839941740036 14 15 0.07079174588036714
-1 0.0 0 0 -0.0031758214606190244
98 0.08129584044218063 16 19 0.09460641922727289
18 0.021234892308712006 17 18 0.11384605669293928
-1 0.0 0 0 0.014474647409972747
-1 0.0 0 0 0.003354509480584805
-1 0.0 0 0 -0.003018350005904958
83 -0.0287176463752985 21 22 -0.0015745891024327768
-1 0.0 0 0 -0.005911788468988736
87 0.11477776616811752 23 28 0.03349286890536444
34 0.25127261877059937 24 27 0.05268331773066619
104 -0.09024295955896378 25 26 0.03303251171577204
-1 0.0 0 0 -0.009932529153545195
-1 0.0 0 0 0.005267342259491477
-1 0.0 0 0 0.017751931672256804
-1 0.0 0 0 -0.01087562303675077
nodes 29
85 0.002025638008490205 1 8 0.0
21 0.18504104018211365 2 5 -0.039499548267774735
79 -0.024022338911890984 3 4 -0.061856432268539874
-1 0.0 0 0 -0.0022651878388273987
-1 0.0 0 0 -0.0104816811205194
96 -0.0016442430205643177 6 7 0.02270637847182108
-1 0.0 0 0 0.006626918890998149
-1 0.0 0 0 -0.01017664269870109
99 -0.007946907542645931 9 16 0.021918125198159947
84 -0.031187700107693672 10 11 -0.015214972829745375
-1 0.0 0 0 -0.01019029460386489
68 0.08499328792095184 12 15 0.01253962244210839
2 0.2968824505805969 13 14 0.03001541471906306
-1 0.0 0 0 -0.0061857266552880095
-1 0.0 0 0 0.005253746437047583
-1 0.0 0 0 -0.010951034884992597
27 -0.0748862475156784 17 18 0.049786141309304026
-1 0.0 0 0 -0.005798733178227957
34 0.04988803714513779 19 24 0.06257771910940733
2 0.4195275902748108 20 21 -0.020229843898672523
-1 0.0 0 0 -0.009390982471165054
34 -0.2050442397594452 22 23 0.09161159679294327
-1 0.0 0 0 -0.08329781002186715
-1 0.0 0 0 0.011102013442561226
1 0.17320135235786438 25 26 0.08017501412064959
-1 0.0 0 0 -0.005426071321144473
93 0.06053602695465088 27 28 0.09140398438504725
-1 0.0 0 0 0.011001819100223345
-1 0.0 0 0 -0.00025678087597845375
nodes 29
104 -0.02959383837878704 1 8 0.0
96 -0.03121953271329403 2 7 -0.041662828148610234
47 0.019156139343976974 3 4 -0.011176977003532524
-1 0.0 0 0 -0.00525394458590258
37 -0.08206641674041748 5 6 0.03854348492590349
-1 0.0 0 0 0.010753652691824347
-1 0.0 0 0 -0.002348530848559544
-1 0.0 0 0 -0.010014188849856179
2 0.45377564430236816 9 18 0.01939502802715549
21 0.2445645034313202 10 17 0.003347408000944445
34 0.19629748165607452 11 14 -0.008072817734730791
96 -0.09560729563236237 12 13 -0.03035219992524169
-1 0.0 0 0 0.0006331233195378144
-1 0.0 0 0 -0.006136750528941245
89 0.021961824968457222 15 16 0.038666128500907636
-1 0.0 0 0 0.0061310434696059506
-1 0.0 0 0 -0.006825234817310843
-1 0.0 0 0 0.011123154122958546
53 -0.07390758395195007 19 24 0.08695505498029167
59 0.059021443128585815 20 21 -0.005799723292558887
-1 0.0 0 0 0.007976579522122667
38 -0.09145147353410721 22 23 -0.12508173274414958
-1 0.0 0 0 0.018288362599074997
-1 0.0 0 0 -0.019615066168297255
2 0.5356968641281128 25 28 0.1424562360727723
45 -0.049175046384334564 26 27 0.15414881898054758
-1 0.0 0 0 0.003719506084776663
-1 0.0 0 0 0.020330840965062533
-1 0.0 0 0 -0.035277723576183674
nodes 29
43 -0.10462893545627594 1 12 0.0
68 0.03352532535791397 2 11 0.03257075895840886
2 0.26604989171028137 3 4 0.056485546787272585
-1 0.0 0 0 -0.005555047064015942
21 0.14960481226444244 5 10 0.0746376793488155
70 -0.06313107162714005 6 7 0.037661803069490414
-1 0.0 0 0 -0.009331305652458015
79 0.08753004670143127 8 9 0.05979085274928514
-1 0.0 0 0 0.007793743216407058
-1 0.0 0 0 -0.009764664767010421
-1 0.0 0 0 0.01247047018119696
-1 0.0 0 0 -0.0031810837910215385
15 -0.028574055060744286 13 20 -0.023547986898841817
52 0.05297210067510605 14 19 -0.06310178627092262
85 0.04203115776181221 15 16 -0.03615455673765879
-1 0.0 0 0 -0.007830867070173561
2 0.42292043566703796 17 18 0.016305047003876607
-1 0.0 0 0 -0.003615608823876989
-1 0.0 0 0 0.010618845871961095
-1 0.0 0 0 -0.014526565202071073
34 0.20062857866287231 21 28 0.004863484823496602
104 0.10467731952667236 22 25 -0.017225698348595057
37 -0.014778689481317997 23 24 -0.035243047782204495
-1 0.0 0 0 -0.0005920737938670013
-1 0.0 0 0 -0.010289259065213663
2 0.41687846183776855 26 27 0.07301504325905565
-1 0.0 0 0 -0.0025579528021043817
-1 0.0 0 0 0.016911354944345643
-1 0.0 0 0 0.00708728185959958
nodes 29
9 -0.04694864898920059 1 16 0.0
2 0.368681937456131 2 5 0.03212991036127098
96 -0.12745621800422668 3 4 -0.015138666761308327
-1 0.0 0 0 0.00454142906482364
-1 0.0 0 0 -0.005314389635216392
6 0.9532519578933716 6 9 0.06450143621562604
80 0.1851210743188858 7 8 0.0008914385381003432
-1 0.0 0 0 0.0013617265365216571
-1 0.0 0 0 -0.037649515012810504
18 0.14302054047584534 10 15 0.10562547213315372
105 -0.04587613418698311 11 12 0.1146885937179816
-1 0.0 0 0 0.003456210513083142
82 0.050340499728918076 13 14 0.14784916648391908
-1 0.0 0 0 0.01899899738749426
-1 0.0 0 0 0.003919696429501514
-1 0.0 0 0 -0.020486566523797725
35 -0.0016398064326494932 17 24 -0.023229262777406952
15 -0.0734562799334526 18 23 -0.062228628745184394
1 0.37328964471817017 19 20 -0.14058262801125063
-1 0.0 0 0 -0.008417813853890196
52 0.03025658056139946 21 22 -0.27074430161556723
-1 0.0 0 0 -0.016456604541429096
-1 0.0 0 0 -0.049169437791930226
-1 0.0 0 0 -0.0036193339052389933
24 -0.09561240673065186 25 26 0.0018546135583697263
-1 0.0 0 0 -0.009581583275647157
58 -0.01740790531039238 27 28 0.015107219051718182
-1 0.0 0 0 -0.004788731660560046
-1 0.0 0 0 0.0034601549272815905
nodes 29
87 0.11300212144851685 1 28 0.0
18 0.03910796344280243 2 25 0.010272330226367745
34 -0.014750909060239792 3 4 0.025655035216430255
-1 0.0 0 0 -0.008167877309980722
2 0.4476621747016907 5 16 0.03453521934494691
14 0.018941668793559074 6 13 0.01807153969094103
49 0.0854501873254776 7 8 0.03811948683255364
-1 0.0 0 0 -0.0024968932908375607
27 0.05962913855910301 9 10 0.06064731860065179
-1 0.0 0 0 0.0025764668628077618
72 -0.11723078787326813 11 12 0.10669042728216344
-1 0.0 0 0 -0.01104009457970761
-1 0.0 0 0 0.012251227469931155
21 0.18504104018211365 14 15 -0.04362873770234302
-1 0.0 0 0 -0.0076687374401473414
-1 0.0 0 0 0.0058404501798189085
21 -0.1927991807460785 17 18 0.09557785537257257
-1 0.0 0 0 -0.05600523603522879
49 -0.16991260647773743 19 20 0.10134629688556766
-1 0.0 0 0 -0.10730073499742301
82 0.0748186707496643 21 24 0.10453410651359908
62 -0.1309504508972168 22 23 0.13355452073614113
-1 0.0 0 0 0.03168798973235697
-1 0.0 0 0 0.011282711438837308
-1 0.0 0 0 -0.0013341942401016345
15 0.03729614242911339 26 27 -0.04487940973354649
-1 0.0 0 0 -0.007414782086414064
-1 0.0 0 0 0.002340672948236262
-1 0.0 0 0 -0.00715854290925862
nodes 29
106 0.021962391212582588 1 18 0.0
2 0.4115924537181854 2 5 -0.03086665007939078
42 -0.0284214299172163 3 4 -0.060974525186674025
-1 0.0 0 0 -0.002570538698984563
-1 0.0 0 0 -0.01051753744000818
80 0.13473929464817047 6 15 0.011076488171827912
7 0.026000000536441803 7 10 0.032056344728611685
6 0.8323132395744324 8 9 -0.05439635310572811
-1 0.0 0 0 -0.02897028107368433
-1 0.0 0 0 -0.0026523269758799133
5 1.3474245071411133 11 14 0.0745368586830178
82 0.07134491205215454 12 13 0.05858784945414983
-1 0.0 0 0 0.009196357587133127
-1 0.0 0 0 -0.006782233054542327
-1 0.0 0 0 0.05207661276455388
11 -0.03751661628484726 16 17 -0.19700071964027127
-1 0.0 0 0 -0.04094739035998773
-1 0.0 0 0 -0.006471010860636246
47 -0.055342867970466614 19 20 0.02267759346788832
-1 0.0 0 0 -0.004008236699239323
72 -0.06349536776542664 21 22 0.0410606442138743
-1 0.0 0 0 -0.0040057569962156534
27 -0.07112295180559158 23 24 0.05748073308972143
-1 0.0 0 0 -0.004486321140965307
26 -0.003415681654587388 25 28 0.07066238390180221
29 0.06675899773836136 26 27 0.02767790141943978
-1 0.0 0 0 -0.001098570149941823
-1 0.0 0 0 0.011081924745619332
-1 0.0 0 0 0.01033215640082653
nodes 29
84 -0.031187700107693672 1 14 0.0
96 0.05132424086332321 2 9 -0.045200572836411615
100 0.1026126891374588 3 6 -0.026916986032682177
107 0.016819044947624207 4 5 -0.05254768028897976
-1 0.0 0 0 -0.0021830941911573963
-1 0.0 0 0 -0.011959500952295291
29 0.1291418969631195 7 8 0.06254542433817135
-1 0.0 0 0 0.0012424577477621694
-1 0.0 0 0 0.02306776571182753
3 0.7237483859062195 10 11 -0.1456953966487588
-1 0.0 0 0 -0.0034051483194395336
15 0.0036583144683390856 12 13 -0.22998217210392202
-1 0.0 0 0 -0.033157701351139816
-1 0.0 0 0 -0.007378307752779072
9 0.04114667326211929 15 28 0.014831531702710081
27 -0.052425745874643326 16 17 0.029918144771573604
-1 0.0 0 0 -0.004777349460914474
2 0.3039979040622711 18 19 0.045309349677883144
-1 0.0 0 0 -0.002954678315717643
81 0.14788803458213806 20 27 0.06239828429870225
68 0.02489057555794716 21 24 0.07053523563378684
26 0.019533542916178703 22 23 0.09583326107628995
-1 0.0 0 0 0.005321091753727691
-1 0.0 0 0 0.014254323489436997
99 0.012631389312446117 25 26 0.0142889941244318
-1 0.0 0 0 -0.004151249312677238
-1 0.0 0 0 0.00759258017368927
-1 0.0 0 0 -0.010316985785920739
-1 0.0 0 0 -0.004019675211176756
nodes 29
58 0.07373163104057312 1 8 0.0
43 -0.0317063108086586 2 7 -0.021354142320609202
42 -0.058271266520023346 3 4 -0.0014060438851401904
-1 0.0 0 0 0.0038282437380342937
83 0.06769949942827225 5 6 -0.03067179331475855
-1 0.0 0 0 -0.005217456430423913
-1 0.0 0 0 0.004600587440065743
-1 0.0 0 0 -0.0067419601332034855
70 -0.037964750081300735 9 10 0.031004975068841232
-1 0.0 0 0 -0.003078468525512734
2 0.2698497176170349 11 12 0.050798710343718016
-1 0.0 0 0 -0.006576275228893043
85 -0.06023085117340088 13 14 0.0667974266168491
-1 0.0 0 0 -0.004417023180914514
21 -0.045464612543582916 15 16 0.08442952799409033
-1 0.0 0 0 -0.014945520356000176
24 -0.09561240673065186 17 18 0.09375876633232481
-1 0.0 0 0 -0.0033277886776021423
6 0.9174297451972961 19 20 0.1090471163435246
-1 0.0 0 0 0.0024774800673773058
5 1.2219624519348145 21 24 0.13101696237888003
80 0.12113365530967712 22 23 0.10428817291293578
-1 0.0 0 0 0.012631464796466303
-1 0.0 0 0 -0.004147728815705176
2 0.38523557782173157 25 28 0.2176918670123966
41 0.1815253347158432 26 27 0.16392113515711348
-1 0.0 0 0 0.010431625038942577
-1 0.0 0 0 0.03864780839267863
-1 0.0 0 0 0.04087537289921253
nodes 29
49 0.20368927717208862 1 24 0.0
107 0.05977771431207657 2 19 -0.012855498139888982
62 0.015737630426883698 3 16 8.148359386981815e-05
2 0.4357823431491852 4 7 0.026486585139485385
41 0.09475559741258621 5 6 0.002243426346402634
-1 0.0 0 0 -0.003231730564697868
-1 0.0 0 0 0.00393136878084295
26 0.05614844709634781 8 13 0.08396140335282247
82 0.07363218814134598 9 12 0.03389888940377919
10 0.0025902141351252794 10 11 0.07246234610400226
-1 0.0 0 0 -0.0004820955090798411
-1 0.0 0 0 0.015824425232169568
-1 0.0 0 0 -0.012059730549089938
60 0.05239896476268768 14 15 0.17332847568865195
-1 0.0 0 0 0.009081611830158381
-1 0.0 0 0 0.029361270781594468
7 0.026000000536441803 17 18 -0.03653216622123861
-1 0.0 0 0 -0.010656527176093921
-1 0.0 0 0 -0.0013107596196548566
2 0.4962959289550781 20 21 -0.07146389095384291
-1 0.0 0 0 -0.005605708087849398
24 0.06599482893943787 22 23 -0.3153839287272579
-1 0.0 0 0 -0.044625347689234894
-1 0.0 0 0 0.002968663203283253
23 0.04585917294025421 25 28 0.048997360163552585
2 0.294132262468338 26 27 0.07733240751464901
-1 0.0 0 0 -0.0018662564188517156
-1 0.0 0 0 0.010236477575652205
-1 0.0 0 0 -0.0009006197403279179
nodes 29
72 -0.053983159363269806 1 8 0.0
107 0.02106587216258049 2 7 -0.0497560157110159
52 -0.04753481224179268 3 6 -0.017378521927133017
2 0.3926086723804474 4 5 0.059195853086441146
-1 0.0 0 0 -0.003972154493275527
-1 0.0 0 0 0.013374894893642176
-1 0.0 0 0 -0.005142431441071314
-1 0.0 0 0 -0.012148772135553177
22 0.00046137324534356594 9 20 0.012135734213349583
106 0.04958377406001091 10 19 0.039686251276773936
2 0.42979511618614197 11 14 0.007009163619838655
42 0.037485431879758835 12 13 -0.021868462187033963
-1 0.0 0 0 -6.050874434238526e-05
-1 0.0 0 0 -0.012002388113447336
94 -0.09368900209665298 15 16 0.06732923119412088
-1 0.0 0 0 -0.00867436942491046
18 0.16091448068618774 17 18 0.10620846454646088
-1 0.0 0 0 0.011690045190731508
-1 0.0 0 0 -0.050643138856310214
-1 0.0 0 0 0.007801598973435662
62 0.07055899128317833 21 28 -0.015868107300601668
96 0.10024803876876831 22 27 0.0004585417969176975
99 -0.1201571449637413 23 24 0.00881513045625695
-1 0.0 0 0 -0.012025294676065439
89 -0.23877973854541779 25 26 0.0185160107308393
-1 0.0 0 0 0.02106290890844695
-1 0.0 0 0 0.0012315401350181266
-1 0.0 0 0 -0.014953329241756463
-1 0.0 0 0 -0.008133472865041859
nodes 29
24 -0.05214983969926834 1 10 0.0
37 -0.06699730455875397 2 7 -0.043813480705131524
77 0.05838492140173912 3 6 0.0009088795100454558
89 -0.04585501551628113 4 5 0.031122544785462405
-1 0.0 0 0 0.008947917441981493
-1 0.0 0 0 -0.0033744280499360562
-1 0.0 0 0 -0.010022548509449392
5 1.3474245071411133 8 9 -0.08234405845380853
-1 0.0 0 0 -0.011199435976937617
-1 0.0 0 0 0.00017821455824073464
87 0.08101440966129303 11 28 0.01348151171354518
73 0.0622389130294323 12 21 0.027477209865964483
18 0.03170447796583176 13 18 0.04046728146066989
9 -0.022441288456320763 14 17 0.05985024982389768
27 -0.050812870264053345 15 16 0.08916232685159088
-1 0.0 0 0 -0.0003822034762098681
-1 0.0 0 0 0.01072560118547911
-1 0.0 0 0 0.0026999745382014395
75 0.03576016053557396 19 20 -0.01764025940629714
-1 0.0 0 0 -0.006934018403736357
-1 0.0 0 0 0.0033409964632484454
2 0.4332645833492279 22 23 -0.04059684849829102
-1 0.0 0 0 -0.008960863589970723
34 -0.04443572461605072 24 25 0.07015555592686125
-1 0.0 0 0 -0.04919317222507761
30 -0.16653931140899658 26 27 0.11218458652743958
-1 0.0 0 0 -0.045409519026761345
-1 0.0 0 0 0.013373479657126036
-1 0.0 0 0 -0.0038437123922020013
nodes 29
104 -0.09522291272878647 1 6 0.0
70 0.06419146060943604 2 5 -0.06437932321313632
81 0.0797748938202858 3 4 -0.09751884704392295
-1 0.0 0 0 -0.007149394508813409
-1 0.0 0 0 -0.02391162789360071
-1 0.0 0 0 0.0014081482931388185
79 0.03183276951313019 7 26 0.008909753102562121
89 0.013299450278282166 8 23 0.023691158477088834
83 -0.06056245416402817 9 10 0.03859122496864768
-1 0.0 0 0 -0.0013970112509232799
77 0.09980745613574982 11 22 0.057047338574739
21 0.18609517812728882 12 15 0.06965353384249057
15 0.011882485821843147 13 14 0.04711446860686274
-1 0.0 0 0 0.001515220624754653
-1 0.0 0 0 0.009425704378646354
2 0.22262179851531982 16 17 0.12647867074844557
-1 0.0 0 0 -0.008671492764309126
36 0.0389726459980011 18 21 0.1458534314442351
77 0.008606460876762867 19 20 0.08757403338047666
-1 0.0 0 0 0.014515576863596447
-1 0.0 0 0 -0.00231380605784458
-1 0.0 0 0 0.022954112920643623
-1 0.0 0 0 -0.003087736815625223
65 -0.03631645441055298 24 25 -0.037652168891419785
-1 0.0 0 0 -0.011699947901576272
-1 0.0 0 0 -0.0008549496163376383
85 0.028872396796941757 27 28 -0.03636911222528177
-1 0.0 0 0 -0.007947830101144965
-1 0.0 0 0 0.00019313384337078842
nodes 29
6 0.8778034448623657 1 2 0.0
-1 0.0 0 0 -0.006703700376270244
99 -0.0919175073504448 3 10 0.008269395780415826
5 1.2715837955474854 4 7 -0.05599343027062427
52 0.02154536359012127 5 6 -0.09191802827220454
-1 0.0 0 0 -0.003808078241106821
-1 0.0 0 0 -0.018596955604013116
2 0.3964132070541382 8 9 0.029633520027410928
-1 0.0 0 0 -0.0004937999603154538
-1 0.0 0 0 0.04019154210156142
49 0.1953890472650528 11 28 0.018152908980442292
27 0.04098823666572571 12 25 0.004311615117727253
5 1.247575283050537 13 20 -0.022884557348111983
89 0.011965847574174404 14 19 -0.048358792546605786
35 -0.008265743032097816 15 16 -0.023366873516513176
-1 0.0 0 0 -0.009234289674616725
97 0.06195491552352905 17 18 0.015199582167181867
-1 0.0 0 0 0.005469852480274651
-1 0.0 0 0 -0.009029794608425576
-1 0.0 0 0 -0.014076574469907434
2 0.4010032117366791 21 22 0.03161329850468899
-1 0.0 0 0 5.410663622220915e-07
5 1.4280284643173218 23 24 0.3027757047201565
-1 0.0 0 0 0.018168131592926847
-1 0.0 0 0 0.05895142574423931
99 0.0694354698061943 26 27 0.03293906556998475
-1 0.0 0 0 0.0009618342030253109
-1 0.0 0 0 0.009195640962855944
-1 0.0 0 0 0.0063301691093535315
nodes 29
43 0.02959909848868847 1 26 0.0
93 -0.04645346850156784 2 15 0.008662096557419736
2 0.3026839941740036 3 4 0.04118319988472244
-1 0.0 0 0 -0.003593129285465088
105 0.006287484895437956 5 10 0.05786196302863832
20 -0.132066547870636 6 7 0.018148192306915577
-1 0.0 0 0 -0.0177083137188359
98 0.04346943274140358 8 9 0.03245488499822657
-1 0.0 0 0 0.005930834659902998
-1 0.0 0 0 -0.0059430538943904335
72 0.0018691502627916634 11 14 0.09919670398390078
18 -0.08052261918783188 12 13 0.03116455198552911
-1 0.0 0 0 0.013312209384803592
-1 0.0 0 0 -0.002420128093218292
-1 0.0 0 0 0.014705741583177438
47 -0.0030078121926635504 16 21 -0.011928717284229347
52 0.06794917583465576 17 18 -0.0459939689759839
-1 0.0 0 0 -0.0026697042419105916
5 1.2219624519348145 19 20 -0.12483464014614766
-1 0.0 0 0 -0.01951100428112543
-1 0.0 0 0 -0.0023069111821507056
106 0.021962391212582588 22 23 0.015244016318494692
-1 0.0 0 0 -0.0029822525637785455
73 -0.02882920205593109 24 25 0.04682799743371627
-1 0.0 0 0 0.00901046542562276
-1 0.0 0 0 -0.00027849195385039023
5 1.3474245071411133 27 28 -0.06259568971506196
-1 0.0 0 0 -0.009407935158967498
-1 0.0 0 0 0.002317413914188008
nodes 29
81 0.03590865433216095 1 18 0.0
27 -0.030301477760076523 2 3 0.014998731733580644
-1 0.0 0 0 -0.0034325275719066664
9 0.0992179587483406 4 17 0.029263289040409608
99 0.073021300137043 5 16 0.0375248993006597
18 0.07488401979207993 6 15 0.0212162226387793
2 0.45644092559814453 7 8 0.03489336640788589
-1 0.0 0 0 0.0020863735388002083
49 -0.12260763347148895 9 10 0.1103774259633581
-1 0.0 0 0 -0.06346352738136911
104 -0.0043091983534395695 11 14 0.12112138627227248
73 -0.018307074904441833 12 13 0.020699976317578646
-1 0.0 0 0 -0.010351821044308929
-1 0.0 0 0 0.015743027534801272
-1 0.0 0 0 0.018796986022368598
-1 0.0 0 0 -0.006036110510694056
-1 0.0 0 0 0.009005097560785758
-1 0.0 0 0 -0.00667023200391497
104 0.01051025278866291 19 28 -0.035327516643621285
70 0.0017199941212311387 20 27 -0.07804072263008588
1 0.3752598464488983 21 22 -0.13555849633886224
-1 0.0 0 0 -0.008768574808024293
52 0.017715582624077797 23 26 -0.24740664454309097
62 -0.052207909524440765 24 25 -0.13780331823661207
-1 0.0 0 0 0.013157314041531401
-1 0.0 0 0 -0.026836843850157624
-1 0.0 0 0 -0.04281124119945662
-1 0.0 0 0 -0.003299259431360889
-1 0.0 0 0 0.00035711300442700937
nodes 29
58 0.14157430827617645 1 20 0.0
85 0.03816618397831917 2 11 -0.01035407533346544
72 -0.04765354096889496 3 4 -0.03475560068719649
-1 0.0 0 0 -0.009480158733663393
41 0.004148405510932207 5 6 -0.018504696245897567
-1 0.0 0 0 -0.007669898042909854
95 -0.004364169202744961 7 8 0.00024539932135320884
-1 0.0 0 0 -0.0053667225100528185
73 0.0622389130294323 9 10 0.02756202183272403
-1 0.0 0 0 0.004484600049205051
-1 0.0 0 0 -0.008282438446727323
83 0.00928544718772173 12 17 0.015535532331928724
99 0.02248283661901951 13 16 -0.009880499129800628
5 1.1563764810562134 14 15 -0.043206235190362506
-1 0.0 0 0 -0.010172648612962607
-1 0.0 0 0 -0.00028255214942665105
-1 0.0 0 0 0.003421528345352257
75 0.06286197900772095 18 19 0.04906604793710562
-1 0.0 0 0 0.0015910294977655897
-1 0.0 0 0 0.010269404384503123
2 0.3824716806411743 21 22 0.05105071221711829
-1 0.0 0 0 0.00018851081170061392
21 -0.12579649686813354 23 24 0.10062622487928473
-1 0.0 0 0 -0.04797563121201248
80 0.0688837468624115 25 28 0.10826007265688044
35 0.020401639863848686 26 27 0.1459659899237237
-1 0.0 0 0 0.0062631582265314685
-1 0.0 0 0 0.021780425018714106
-1 0.0 0 0 0.00012374413408936037
nodes 29
68 0.07672770321369171 1 28 0.0
43 -0.10462893545627594 2 15 0.009494012522878625
70 -0.06313107162714005 3 4 0.038142421288616946
-1 0.0 0 0 -0.003773627368271949
2 0.26604989171028137 5 6 0.05340164076076568
-1 0.0 0 0 -0.004789611836159554
42 -0.060052450746297836 7 12 0.06817181214781025
94 -0.02028404176235199 8 9 0.11579213227406694
-1 0.0 0 0 0.017493594227512236
49 0.020776407793164253 10 11 0.06312910920103251
-1 0.0 0 0 -0.014320487743977076
-1 0.0 0 0 0.009377108744367292
85 -0.01539208646863699 13 14 0.03607065499165038
-1 0.0 0 0 -0.004218820202861867
-1 0.0 0 0 0.006452966203573532
9 -0.05968423932790756 16 23 -0.0115386786778724
2 0.3833458423614502 17 18 0.029912624480489418
-1 0.0 0 0 -0.0024795719906690523
107 -0.07247205823659897 19 20 0.0706994593208151
-1 0.0 0 0 0.016463113676528657
87 -0.051405441015958786 21 22 0.026372301744803626
-1 0.0 0 0 0.013996423929737285
-1 0.0 0 0 -0.0014322285591990595
100 0.139842227101326 24 27 -0.0354924671139521
5 1.3474245071411133 25 26 -0.048541005134262266
-1 0.0 0 0 -0.006683872041675489
-1 0.0 0 0 0.0011517918940109476
-1 0.0 0 0 0.006612684805354395
-1 0.0 0 0 -0.005421991573436889
nodes 29
37 0.0090972064062953 1 22 0.0
21 0.22985096275806427 2 19 0.012096981816356836
87 0.03278135880827904 3 8 0.0008594126734236707
18 -0.04670387879014015 4 7 0.022600749211663274
73 0.040486015379428864 5 6 0.059119634756873235
-1 0.0 0 0 0.008433491578348695
-1 0.0 0 0 -0.002263492035969819
-1 0.0 0 0 -0.000966852435669349
5 1.1722968816757202 9 18 -0.03174817626366873
59 0.09443177282810211 10 15 -0.07309177550276107
80 0.05603819340467453 11 12 -0.024086882050972706
-1 0.0 0 0 0.002072348759949573
14 0.06249956414103508 13 14 -0.12825506363180098
-1 0.0 0 0 -0.006767652066077472
-1 0.0 0 0 -0.041470111523688
27 -0.027797937393188477 16 17 -0.15582807575890917
-1 0.0 0 0 -0.03262480977113735
-1 0.0 0 0 -0.010577216894775462
-1 0.0 0 0 0.000877610923547524
77 -0.030362365767359734 20 21 0.08850251922329053
-1 0.0 0 0 0.016042159094996383
-1 0.0 0 0 0.002730646209501693
70 -0.037964750081300735 23 24 -0.042023373811098615
-1 0.0 0 0 -0.013286335372854965
2 0.40192925930023193 25 26 -0.006394637994207346
-1 0.0 0 0 -0.00632376118602714
1 0.2985428273677826 27 28 0.05204964754089818
-1 0.0 0 0 0.05287185890038231
-1 0.0 0 0 0.0038869005644026435
nodes 29
6 0.9289436340332031 1 4 0.0
7 0.006000000284984708 2 3 -0.03974928379447947
-1 0.0 0 0 -0.012898632160943321
-1 0.0 0 0 -0.0016664319909108962
7 0.722000002861023 5 28 0.012230948686821577
58 0.09466920047998428 6 21 0.013799467957862422
5 1.5364670753479004 7 16 -0.002154442327182005
100 0.14343474805355072 8 15 -0.012381063706633723
93 0.053054701536893845 9 12 -0.022491553584310535
2 0.4054267704486847 10 11 -0.004144223600687536
-1 0.0 0 0 -0.0032188598971593495
-1 0.0 0 0 0.002925427126690389
47 -0.06944891065359116 13 14 -0.08684385696281742
-1 0.0 0 0 -0.021625960727574788
-1 0.0 0 0 -0.0051249063510119194
-1 0.0 0 0 0.007286632989356761
2 0.41507071256637573 17 20 0.0793020141056968
2 0.2984793782234192 18 19 0.053991396589992274
-1 0.0 0 0 -0.0019145637937012636
-1 0.0 0 0 0.012980450263280416
-1 0.0 0 0 0.09031552134765236
2 0.2698497176170349 22 23 0.04702579884912781
-1 0.0 0 0 -0.00479390507007911
10 -0.06659093499183655 24 25 0.06282711018735879
-1 0.0 0 0 -0.001329132157202509
80 0.11305075138807297 26 27 0.08736794740814072
-1 0.0 0 0 0.01066836884141472
-1 0.0 0 0 -0.0020012063018532015
-1 0.0 0 0 -0.033794442839549084
nodes 29
84 -0.031187700107693672 1 12 0.0
7 0.0020000000949949026 2 3 -0.03755160047149173
-1 0.0 0 0 -0.020820482537224107
49 0.23652653396129608 4 11 -0.029007334110854082
41 -0.008244565688073635 5 10 -0.04143915243698909
1 0.2526635229587555 6 7 -0.10951078011170778
-1 0.0 0 0 0.0018801444936525234
15 0.04346415027976036 8 9 -0.1591304732461936
-1 0.0 0 0 -0.02119607630393884
-1 0.0 0 0 -0.0003324831362007886
-1 0.0 0 0 -0.0022414247386800777
-1 0.0 0 0 0.00847454125230215
89 -0.13078050315380096 13 22 0.012321696703890345
21 0.17798924446105957 14 21 0.053871595171965006
104 0.08376120030879974 15 16 0.02788261004483996
-1 0.0 0 0 0.00036121584067712125
38 0.014434798620641232 17 20 0.10972884114807087
2 0.44513657689094543 18 19 0.20246953365311998
-1 0.0 0 0 0.011165993239766359
-1 0.0 0 0 0.04089019858429432
-1 0.0 0 0 0.00039234875956834815
-1 0.0 0 0 0.012336377474955822
9 0.026435324922204018 23 28 -0.0021457743892585577
57 0.02433403581380844 24 25 0.014333817228279396
-1 0.0 0 0 -0.0015462998879129134
6 0.8371302485466003 26 27 0.04837792123027673
-1 0.0 0 0 -0.01339238552295776
-1 0.0 0 0 0.006088440898493918
-1 0.0 0 0 -0.0046620698478473345
nodes 29
24 0.03952550329267979 1 8 0.0
72 -0.04395817965269089 2 3 -0.017439172721020576
-1 0.0 0 0 -0.006991830495765058
41 0.02145640179514885 4 7 -0.0019489587115296123
37 0.06583234667778015 5 6 -0.04949510451932003
-1 0.0 0 0 -0.0029411624037632388
-1 0.0 0 0 -0.0193950520426726
-1 0.0 0 0 0.0016359015452327619
2 0.46876227855682373 9 18 0.026158759206486686
34 0.19004178047180176 10 17 0.014002399147580155
21 0.2351711243391037 11 16 -0.01087232807218651
5 1.3427772521972656 12 15 -0.024263259624092186
73 0.03393535688519478 13 14 -0.046091454554839324
-1 0.0 0 0 -0.0020841416579355666
-1 0.0 0 0 -0.01284111182877091
-1 0.0 0 0 0.004569812424783898
-1 0.0 0 0 0.009408536643123732
-1 0.0 0 0 0.006628758415731193
49 -0.12260763347148895 19 20 0.11480140461115004
-1 0.0 0 0 -0.06425265620842024
104 -0.010918102227151394 21 24 0.12773489929854695
93 0.12889938056468964 22 23 -0.0037471543015565345
-1 0.0 0 0 0.0036817283622240533
-1 0.0 0 0 -0.049335048645157226
27 -0.1041257232427597 25 28 0.20025002601420758
38 0.09363678097724915 26 27 -0.187427936181358
-1 0.0 0 0 0.0021463516259813587
-1 0.0 0 0 -0.09730414421014165
-1 0.0 0 0 0.023016597869948908
nodes 29
104 -0.12662509083747864 1 2 0.0
-1 0.0 0 0 -0.007719693460125751
9 0.09433812648057938 3 28 0.005514362279217973
87 -0.000717395800165832 4 9 0.012510675422561415
34 0.0933506190776825 5 6 0.038572019651839526
-1 0.0 0 0 -0.0009893757292759383
2 0.2148454338312149 7 8 0.060960217789959074
-1 0.0 0 0 -0.010033718447059626
-1 0.0 0 0 0.006898077200034581
5 1.242843508720398 10 17 -0.010150220221822619
27 -0.06737271696329117 11 12 -0.0315860278210246
-1 0.0 0 0 -0.014696477138675078
49 -0.018195442855358124 13 14 -0.017110680660404203
-1 0.0 0 0 -0.01986698920999149
96 0.11524312198162079 15 16 -0.006341863310137042
-1 0.0 0 0 0.00016601370765967309
-1 0.0 0 0 -0.02252364106857678
2 0.3167288601398468 18 19 0.03643496632021266
-1 0.0 0 0 -0.003230986084201871
6 0.8269710540771484 20 21 0.09252518663779828
-1 0.0 0 0 -0.009497874128693238
2 0.40192925930023193 22 25 0.14202119316280304
53 -0.040940698236227036 23 24 0.09886543301472947
-1 0.0 0 0 0.01765900159553735
-1 0.0 0 0 4.90250850277134e-05
5 1.3531250357627869 26 27 0.30421601815700655
-1 0.0 0 0 0.014490846693483751
-1 0.0 0 0 0.05816766698689511
-1 0.0 0 0 -0.006844480370063144
nodes 29
81 0.03590865433216095 1 22 0.0
26 0.027503950521349907 2 15 0.013472824137776701
1 0.3620705008506775 3 8 -0.006557921261979358
29 0.07019051909446716 4 5 0.01691257294011798
-1 0.0 0 0 -0.0011805887400413385
94 -0.09117439389228821 6 7 0.07631729613659434
-1 0.0 0 0 0.015414103065594934
-1 0.0 0 0 0.002461717021688223
82 0.0748186707496643 9 14 -0.05075924875297466
18 0.07488401979207993 10 13 -0.018364457331859138
105 0.03468209505081177 11 12 0.003725884020295553
-1 0.0 0 0 -0.004790668574216464
-1 0.0 0 0 0.008688410935887327
-1 0.0 0 0 -0.01799744845593741
-1 0.0 0 0 -0.018036174521987903
2 0.4341302216053009 16 17 0.04006801085416867
-1 0.0 0 0 0.00135554979976458
65 -0.026479918509721756 18 19 0.10432955002014355
-1 0.0 0 0 0.021026528522666454
94 -0.05264251306653023 20 21 0.05565352786145545
-1 0.0 0 0 -0.007292317917407466
-1 0.0 0 0 0.01181530155955447
15 0.007399098947644234 23 28 -0.03173344383512403
85 0.016932982951402664 24 25 -0.06374981840513162
-1 0.0 0 0 -0.012113231471629661
47 -0.0578547939658165 26 27 -0.021593638165927815
-1 0.0 0 0 -0.013412783524056004
-1 0.0 0 0 0.0010253996044778655
-1 0.0 0 0 0.0010836596924340457
nodes 29
68 0.02489057555794716 1 26 0.0
26 0.019533542916178703 2 5 0.013921669728219205
22 -0.03656213730573654 3 4 -0.011969514748342486
-1 0.0 0 0 0.002791466897500516
-1 0.0 0 0 -0.0032768217201155896
2 0.4398999512195587 6 11 0.044047515776798614
34 0.19945162534713745 7 10 0.02014827819726545
33 -0.039492156356573105 8 9 -0.009718243701716004
-1 0.0 0 0 0.003382712811293254
-1 0.0 0 0 -0.005546377921153915
-1 0.0 0 0 0.008529159904908832
15 -0.0360267236828804 12 15 0.11040709663074467
52 0.045097287744283676 13 14 0.02071363972248206
-1 0.0 0 0 0.008356434521510933
-1 0.0 0 0 -0.015631058353690275
59 0.1900549679994583 16 23 0.1612350619520097
2 0.5356968641281128 17 22 0.1830679309214333
39 0.1971268653869629 18 19 0.19168857242097356
-1 0.0 0 0 0.020566893089639608
93 0.11961658298969269 20 21 -0.2160157370942095
-1 0.0 0 0 -0.0053578848712950026
-1 0.0 0 0 -0.14018050222774037
-1 0.0 0 0 -0.04809867150508441
103 -0.055935777723789215 24 25 -0.22193556577434512
-1 0.0 0 0 0.042654404422948856
-1 0.0 0 0 -0.046165788606012254
7 0.026000000536441803 27 28 -0.030454429192558894
-1 0.0 0 0 -0.008489172587415378
-1 0.0 0 0 -0.0012305578666784063
nodes 29
62 0.0318315289914608 1 28 0.0
107 0.05836286023259163 2 25 0.014692895858000295
14 0.16711196303367615 3 24 0.027207056220420914
2 0.2984793782234192 4 5 0.03116626354362244
-1 0.0 0 0 -0.002825950566630661
5 1.5828040838241577 6 19 0.0436275183414224
85 -0.037664126604795456 7 8 0.034823852692784776
-1 0.0 0 0 -0.0030915724558646237
34 0.018893323838710785 9 10 0.05155818969574639
-1 0.0 0 0 -0.005430877755839649
46 0.06214284151792526 11 18 0.06406443225968805
68 0.06783903390169144 12 17 0.03981601801734768
9 -0.17221248149871826 13 14 0.05911559756433365
-1 0.0 0 0 0.02251399097569704
106 0.0072058094665408134 15 16 0.047599346898800084
-1 0.0 0 0 -0.001201944610604182
-1 0.0 0 0 0.008265573419110111
-1 0.0 0 0 -0.005646377531807103
-1 0.0 0 0 0.013640348158597247
6 0.7316566109657288 20 21 0.16995204933777625
-1 0.0 0 0 -0.018073050130733303
2 0.4115924537181854 22 23 0.2367907890493126
-1 0.0 0 0 0.018310189543461003
-1 0.0 0 0 0.08896596003529611
-1 0.0 0 0 -0.017422670148503416
37 0.025293774902820587 26 27 -0.04042792549880449
-1 0.0 0 0 -0.0014394383937388724
-1 0.0 0 0 -0.015042047550775227
-1 0.0 0 0 -0.0028373305725170684
nodes 29
79 0.06738393008708954 1 22 0.0
89 -0.14799652993679047 2 7 0.008199110754131853
21 0.17798924446105957 3 6 0.05243999277912177
70 -0.037964750081300735 4 5 0.026318194623855318
-1 0.0 0 0 -0.0061047211521151196
-1 0.0 0 0 0.005269126300459082
-1 0.0 0 0 0.012267404383313113
6 0.9532519578933716 8 11 -0.002699704350299789
7 0.006000000284984708 9 10 -0.03539125263654428
-1 0.0 0 0 -0.011084412424584812
-1 0.0 0 0 -0.001849490840852802
81 0.1890484094619751 12 21 0.01446670208593812
105 -0.1197487860918045 13 14 0.017756102883106167
-1 0.0 0 0 -0.006629454543742025
7 0.4259999990463257 15 20 0.026135263553525002
43 -0.12157952785491943 16 17 0.03441058434720523
-1 0.0 0 0 0.007302635224836968
52 0.05425237491726875 18 19 0.012863868317715044
-1 0.0 0 0 0.003367481796174224
-1 0.0 0 0 -0.005364100946871986
-1 0.0 0 0 -0.006297147380223332
-1 0.0 0 0 -0.018462979349641515
27 0.104347825050354 23 28 -0.048311405769943194
11 -0.018883701413869858 24 27 -0.07208871978211989
5 1.1881879568099976 25 26 -0.1301575280912717
-1 0.0 0 0 -0.0206316961292376
-1 0.0 0 0 -0.005689997064977402
-1 0.0 0 0 -0.0024652228487319827
-1 0.0 0 0 0.003289760066908879
nodes 29
104 0.06351342052221298 1 18 0.0
47 -0.05921700969338417 2 9 -0.012897960533212627
70 0.08320450782775879 3 8 -0.06222601182340787
5 1.242843508720398 4 7 -0.08875428388058382
99 0.05988864228129387 5 6 -0.13250411024137754
-1 0.0 0 0 -0.01742917230188077
-1 0.0 0 0 -0.002181848858853277
-1 0.0 0 0 -0.0008918525251717115
-1 0.0 0 0 0.001704646738507161
42 -0.01951134018599987 10 17 0.001175640038128986
68 0.02489057555794716 11 14 0.027529554885881838
49 0.05478651821613312 12 13 0.049807030567286
-1 0.0 0 0 -0.0023833859879579438
-1 0.0 0 0 0.0067879884824925685
97 0.09698601812124252 15 16 -0.01891591620218325
-1 0.0 0 0 0.0007251672032899587
-1 0.0 0 0 -0.013230879855420888
-1 0.0 0 0 -0.0036912758049422486
2 0.45468080043792725 19 22 0.030379429663699064
95 -0.041650913655757904 20 21 0.009776054366027291
-1 0.0 0 0 -0.006415871847067402
-1 0.0 0 0 0.0029604143010538656
107 0.11553920060396194 23 26 0.10752237623748731
12 -0.002135278657078743 24 25 0.13260348287791757
-1 0.0 0 0 0.004120597074853014
-1 0.0 0 0 0.022167732944469346
37 -0.1991269439458847 27 28 -0.2121656898030078
-1 0.0 0 0 -0.12549849943472788
-1 0.0 0 0 -0.014925779672145085
nodes 29
35 0.007834681309759617 1 8 0.0
72 0.009277185425162315 2 3 -0.0222847353213852
-1 0.0 0 0 -0.005932548088200102
106 0.13749763369560242 4 5 0.007772179401607159
-1 0.0 0 0 -0.0007910049566151344
34 0.0463273786008358 6 7 0.08738380106875578
-1 0.0 0 0 -0.011209772179634977
-1 0.0 0 0 0.01206406194088746
24 -0.01366877555847168 9 12 0.01690617486787051
107 0.05977771431207657 10 11 -0.01619700476728957
-1 0.0 0 0 0.00013165930398288594
-1 0.0 0 0 -0.009811426821382448
2 0.4592397212982178 13 14 0.03746377978184301
-1 0.0 0 0 0.002117503056010285
52 0.023471960797905922 15 22 0.12423721403777263
49 -0.10754616558551788 16 17 0.18522425791806985
-1 0.0 0 0 -0.05115855697483297
25 -0.10698745399713516 18 21 0.19739476502729725
9 0.011618106625974178 19 20 -0.05557570126894004
-1 0.0 0 0 0.012162099704167944
-1 0.0 0 0 -0.04180234932679344
-1 0.0 0 0 0.022912460198551483
70 0.057298824191093445 23 28 0.004801541123850095
15 -0.18688581883907318 24 25 -0.09909161949336219
-1 0.0 0 0 -0.10680766729337554
27 -0.10119054466485977 26 27 -0.07339569420965629
-1 0.0 0 0 -0.06357988365704105
-1 0.0 0 0 -0.002985480576882371
-1 0.0 0 0 0.018977452738594913
nodes 29
93 0.08013942837715149 1 28 0.0
27 0.04560087248682976 2 17 0.007755805374289339
49 0.25855308771133423 3 16 -0.012636387004418194
79 -0.04299626499414444 4 5 -0.0206763979122011
-1 0.0 0 0 0.001045027424481414
5 1.3647352457046509 6 15 -0.04700547535667236
85 -0.042950088158249855 7 8 -0.0680058044977433
-1 0.0 0 0 -0.015761458930165832
59 0.19498717784881592 9 10 -0.04613477116113607
-1 0.0 0 0 -0.0031982611126622693
1 0.35892099142074585 11 12 -0.18732154122154163
-1 0.0 0 0 -0.002588318287428249
75 0.1996372640132904 13 14 -0.39471892771090333
-1 0.0 0 0 -0.03363692588399619
-1 0.0 0 0 -0.13483713283203544
-1 0.0 0 0 0.0024643923476360755
-1 0.0 0 0 0.009913139328746197
99 0.073021300137043 18 27 0.029482433083134755
40 -0.1181844100356102 19 24 0.012801667198944296
81 -0.017107954248785973 20 21 -0.1084234493606047
-1 0.0 0 0 0.004648318229371256
90 -0.16636361181735992 22 23 -0.2116557425817763
-1 0.0 0 0 -0.07502992398416003
-1 0.0 0 0 -0.017259215293360212
23 0.0531143993139267 25 26 0.021814113016772267
-1 0.0 0 0 0.004254567973861885
-1 0.0 0 0 -0.0027563769544941682
-1 0.0 0 0 0.008559030464574076
-1 0.0 0 0 -0.004718366826991716
nodes 29
22 -0.03187309950590134 1 4 0.0
57 0.11253468692302704 2 3 0.024946067339099508
-1 0.0 0 0 0.0013474284245579944
-1 0.0 0 0 0.009754671768025426
58 0.14447695016860962 5 28 -0.014564944047583385
5 1.2876254320144653 6 21 -0.0257657592374201
43 0.08721140772104263 7 20 -0.04175965883557476
27 -0.18979279696941376 8 9 -0.03564412196111845
-1 0.0 0 0 -0.04156079459856768
24 0.034829430282115936 10 19 -0.033375254110952976
37 -0.049119383096694946 11 14 -0.059079815671131054
21 0.19984836876392365 12 13 -0.02440276322030434
-1 0.0 0 0 -0.005305190431688779
-1 0.0 0 0 0.006612811970339307
41 0.02948426455259323 15 18 -0.10345189089779457
102 -0.07298600673675537 16 17 -0.19192156976479843
-1 0.0 0 0 -0.03720392002039126
-1 0.0 0 0 -0.01346258033158008
-1 0.0 0 0 -0.006095924975129896
-1 0.0 0 0 2.732797691708262e-05
-1 0.0 0 0 -0.019724645632345113
6 0.7661007046699524 22 23 0.018511633489584373
-1 0.0 0 0 -0.012956917544987654
2 0.41687846183776855 24 25 0.03547310414362804
-1 0.0 0 0 0.0016741615982931305
5 1.4562476873397827 26 27 0.34910681013568823
-1 0.0 0 0 0.018522861096850474
-1 0.0 0 0 0.0676171739275257
-1 0.0 0 0 0.004339667290348168
nodes 29
96 0.10024803876876831 1 28 0.0
62 0.06307554990053177 2 27 0.004333950581660369
14 0.140019953250885 3 22 0.015417458154634786
107 -0.01736431010067463 4 19 0.019938729920888583
21 0.2511688768863678 5 16 0.04140966705283503
70 -0.01691584847867489 6 7 0.03158642829942783
-1 0.0 0 0 -0.0020839026830345494
105 0.026413610205054283 8 9 0.05495395850093682
-1 0.0 0 0 0.0026515861481177187
2 0.40192925930023193 10 11 0.09698303391688855
-1 0.0 0 0 0.004742665812313234
52 -0.028736025094985962 12 13 0.15743360291177944
-1 0.0 0 0 0.024578949900339035
99 -0.05864894390106201 14 15 0.0820194625547489
-1 0.0 0 0 -0.013503616783882996
-1 0.0 0 0 0.014086260286186892
2 0.32033032178878784 17 18 0.15018488844849714
-1 0.0 0 0 0.0014517547357655474
-1 0.0 0 0 0.02118071349457879
72 -0.06628698855638504 20 21 -0.005895096300217907
-1 0.0 0 0 -0.007931205121497503
-1 0.0 0 0 0.0008474129785211879
80 0.06449002772569656 23 24 -0.1114733669084778
-1 0.0 0 0 -0.002505300020532082
1 0.31438273191452026 25 26 -0.2451984303049959
-1 0.0 0 0 -0.003793502914222136
-1 0.0 0 0 -0.04186855735005035
-1 0.0 0 0 -0.003361055693301405
-1 0.0 0 0 -0.008067881030131036
nodes 29
89 -0.2442222386598587 1 2 0.0
-1 0.0 0 0 0.010974770256502822
18 -0.15032687783241272 3 6 -0.0030987640055788568
2 0.4573010504245758 4 5 0.05081979935027665
-1 0.0 0 0 0.002280830131140605
-1 0.0 0 0 0.018644584091308345
15 0.053256385028362274 7 28 -0.010003927472944575
1 0.3568130433559418 8 15 -0.022417719779605615
33 -0.000126256825751625 9 12 0.0013167082847904182
42 -0.009576335549354553 10 11 0.024642611179160046
-1 0.0 0 0 0.0052174223593272956
-1 0.0 0 0 -0.0027135559252279107
2 0.3982301354408264 13 14 -0.05050535844796771
-1 0.0 0 0 -0.0070098206278507245
-1 0.0 0 0 0.012784182552282872
82 -0.06052415445446968 16 19 -0.06122897067520891
83 0.0012442574370652437 17 18 0.02095525413218704
-1 0.0 0 0 -0.006396108286328051
-1 0.0 0 0 0.009700343224656434
13 0.12663081288337708 20 27 -0.09069611699747669
80 0.03613846376538277 21 22 -0.10821009830756254
-1 0.0 0 0 -0.00637950661503045
52 0.027355095371603966 23 24 -0.17708259596827586
-1 0.0 0 0 -0.010855272803575294
99 -0.10052163898944855 25 26 -0.3170447732986992
-1 0.0 0 0 -0.06707662406384293
-1 0.0 0 0 -0.02646840590625641
-1 0.0 0 0 0.008615970162059772
-1 0.0 0 0 0.0027754812034850736
nodes 29
6 0.9532519578933716 1 12 0.0
7 0.02199999988079071 2 11 -0.025335672845558183
1 0.28163468837738037 3 8 -0.0607695956314167
6 0.6746454834938049 4 5 0.03458056638265402
-1 0.0 0 0 -0.017830565216154292
2 0.42292043566703796 6 7 0.07633429367092881
-1 0.0 0 0 0.005771256346472816
-1 0.0 0 0 0.12253346680960758
107 0.017845505848526955 9 10 -0.09093557311298188
-1 0.0 0 0 -0.005647187246419122
-1 0.0 0 0 -0.016774238901847278
-1 0.0 0 0 8.553943065955687e-05
7 0.722000002861023 13 28 0.01335065018581859
81 0.14788803458213806 14 27 0.014948621470662104
43 0.023705627769231796 15 26 0.019458145372435225
2 0.315464049577713 16 17 0.027874687627628483
-1 0.0 0 0 -0.0015048224732340256
5 1.2383124828338623 18 21 0.04550955258221268
70 0.08203162252902985 19 20 0.023179812238992754
-1 0.0 0 0 -2.6577543018309483e-05
-1 0.0 0 0 0.008189397623103143
2 0.39352700114250183 22 25 0.1418933604634612
53 -0.031124480068683624 23 24 0.09300873268842175
-1 0.0 0 0 0.016710610627203096
-1 0.0 0 0 -0.0011682238721537148
-1 0.0 0 0 0.03084532552207843
-1 0.0 0 0 -0.0036343313362957146
-1 0.0 0 0 -0.008417182735300285
-1 0.0 0 0 -0.029194621560969487
nodes 29
87 0.11666929721832275 1 26 0.0
9 0.10730597376823425 2 25 0.006624433510806476
2 0.1884964108467102 3 4 0.011936961764521404
-1 0.0 0 0 -0.011483310463896477
18 0.06766070425510406 5 24 0.015178367462802142
2 0.4592397212982178 6 15 0.023734438441711657
73 0.03265483304858208 7 14 0.013420933031056587
106 -0.0028854080010205507 8 9 0.028991089939802414
-1 0.0 0 0 -0.0019489423501576984
77 0.05590331554412842 10 13 0.049610598208975384
37 -0.1421736478805542 11 12 0.06830889891052469
-1 0.0 0 0 0.013983012005925952
-1 0.0 0 0 0.004791876578889565
-1 0.0 0 0 -0.0008914806793362851
-1 0.0 0 0 -0.00363239083368241
34 -0.2050442397594452 16 17 0.07697910114029309
-1 0.0 0 0 -0.08260961111424671
49 -0.16991260647773743 18 19 0.08202921958184907
-1 0.0 0 0 -0.07919271657925232
21 -0.2725256383419037 20 21 0.08646594858021411
-1 0.0 0 0 -0.08045809307694435
60 -0.007748299743980169 22 23 0.09052316959537511
-1 0.0 0 0 0.001356399521838984
-1 0.0 0 0 0.013503714367802407
-1 0.0 0 0 -0.0035565004893515157
-1 0.0 0 0 -0.006763462930571971
5 1.5828040838241577 27 28 -0.04968663006426913
-1 0.0 0 0 -0.006819700080623464
-1 0.0 0 0 0.010476249197254399
nodes 29
34 0.19945162534713745 1 24 0.0
35 -0.00635784724727273 2 3 -0.011262663336895748
-1 0.0 0 0 -0.004078274913597804
2 0.4592397212982178 4 7 0.006458946865361112
96 -0.12002646923065186 5 6 -0.005965250752286579
-1 0.0 0 0 0.003530384929899453
-1 0.0 0 0 -0.002910320902791486
86 -0.04189904034137726 8 9 0.0620690759883154
-1 0.0 0 0 0.015690962679757257
102 0.028426583856344223 10 23 0.0026696316635762187
27 -0.052425745874643326 11 14 -0.06904441929597373
59 0.17899660766124725 12 13 -0.3297183761788024
-1 0.0 0 0 -0.02533002263220894
-1 0.0 0 0 -0.11872998356819153
43 0.02747383713722229 15 22 -0.009971211102502035
52 0.007184180896729231 16 19 0.04675540916095224
24 -0.0013095439644530416 17 18 0.15264387357385467
-1 0.0 0 0 -0.0030823485804376107
-1 0.0 0 0 0.029918878465287832
13 -0.079847551882267 20 21 -0.10566581364563514
-1 0.0 0 0 -0.05182933338234822
-1 0.0 0 0 -0.0010590348166868537
-1 0.0 0 0 -0.024431331679973176
-1 0.0 0 0 0.01050151396724833
21 -0.07495424896478653 25 26 0.029187946636267843
-1 0.0 0 0 -0.01548428014244646
106 0.07049734145402908 27 28 0.03745503383242099
-1 0.0 0 0 0.0007440496760799429
-1 0.0 0 0 0.008141084034297
nodes 29
84 -0.031187700107693672 1 8 0.0
29 0.14857666194438934 2 5 -0.03105954279666563
7 0.0020000000949949026 3 4 -0.04432151431628554
-1 0.0 0 0 -0.01985062529414346
-1 0.0 0 0 -0.003648592096553604
1 0.35563480854034424 6 7 0.06360018145569388
-1 0.0 0 0 0.013062658055568525
-1 0.0 0 0 -0.012122013685467831
57 0.022556448355317116 9 12 0.010191476836777395
79 0.039072435349226 10 11 -0.008780589051438113
-1 0.0 0 0 0.0005017567065543782
-1 0.0 0 0 -0.005938825633398539
6 0.8371302485466003 13 14 0.0318949065203976
-1 0.0 0 0 -0.009827166778600368
54 -0.05608132667839527 15 16 0.04040866844147885
-1 0.0 0 0 -0.0023423523534985675
2 0.315464049577713 17 18 0.05644667628737236
-1 0.0 0 0 -0.0011863166007364506
5 1.2183371782302856 19 26 0.07877166075730677
75 0.0003458724240772426 20 25 0.05494837363344731
37 0.16022682189941406 21 24 -0.000781890374147629
89 -0.05351414903998375 22 23 0.006634136565703926
-1 0.0 0 0 0.007449122203310083
-1 0.0 0 0 -0.007850730086036954
-1 0.0 0 0 -0.07847415074580708
-1 0.0 0 0 0.008589475960143934
43 -0.07734446972608566 27 28 0.16461945312434215
-1 0.0 0 0 0.026412179791197168
-1 0.0 0 0 0.006878560625560111
nodes 29
58 0.19926384091377258 1 28 0.0
93 -0.047424402087926865 2 5 -0.004260407852393518
18 -0.08155103027820587 3 4 0.019250456842329303
-1 0.0 0 0 0.005877503781769552
-1 0.0 0 0 -5.396609408305359e-05
5 1.242843508720398 6 19 -0.018879958476650926
87 0.11666929721832275 7 18 -0.03724756618114702
34 -0.08829432725906372 8 9 -0.025231425021104877
-1 0.0 0 0 -0.026241614730205004
75 0.008270058780908585 10 11 -0.020412201220006775
-1 0.0 0 0 -0.006617409644230876
83 -0.10074782371520996 12 13 0.005742641374019797
-1 0.0 0 0 -0.010776821476496279
17 -0.05371786281466484 14 15 0.021719273218483052
-1 0.0 0 0 0.007857029406784356
15 0.09029535949230194 16 17 -0.0055217476422227355
-1 0.0 0 0 -0.002473659872638638
-1 0.0 0 0 0.011222720504310127
-1 0.0 0 0 -0.012746186488390713
6 0.8140664100646973 20 21 0.01806502600384628
-1 0.0 0 0 -0.009352072484073852
2 0.41334015130996704 22 23 0.03517732406816364
-1 0.0 0 0 0.0018024645100404902
5 1.6771644353866577 24 25 0.2380457825018239
-1 0.0 0 0 0.016210906944924563
2 0.4314854145050049 26 27 0.7752277155774703
-1 0.0 0 0 0.03572573371972126
-1 0.0 0 0 0.12143611510909057
-1 0.0 0 0 0.007334264727981385
nodes 29
81 0.03590865433216095 1 24 0.0
2 0.18196013569831848 2 3 0.011486014109580023
-1 0.0 0 0 -0.0125221304555586
21 0.2661623954772949 4 21 0.014527980395973791
41 0.09387606382369995 5 18 0.009194141763871122
30 -0.04085872322320938 6 15 -0.010243104092499036
27 -0.0010725094471126795 7 14 -0.05052728751028962
1 0.3568130433559418 8 9 -0.11597502343766135
-1 0.0 0 0 -0.004872135061576905
76 0.09058241546154022 10 11 -0.21693754934467285
-1 0.0 0 0 -0.012577421793945854
59 0.11932666599750519 12 13 -0.48344853254364867
-1 0.0 0 0 -0.02711030584321932
-1 0.0 0 0 -0.09486634262076771
-1 0.0 0 0 -0.0013374421087084688
26 -0.030560128390789032 16 17 0.008611551518653783
-1 0.0 0 0 -0.003998962165655565
-1 0.0 0 0 0.003053584116253386
67 0.04617805778980255 19 20 0.032909023383357695
-1 0.0 0 0 0.0053751228880015225
-1 0.0 0 0 -0.002143354858482567
59 -0.06776204705238342 22 23 0.10039667289630592
-1 0.0 0 0 -0.011063048787964151
-1 0.0 0 0 0.013724464452053543
104 0.01051025278866291 25 28 -0.027053777288140915
66 -0.023980168625712395 26 27 -0.06000065886891713
-1 0.0 0 0 -0.011076249442403074
-1 0.0 0 0 -0.0023444515002816312
-1 0.0 0 0 0.00029507394995835446
nodes 29
99 -0.11534818261861801 1 6 0.0
5 1.167675495147705 2 5 -0.05672070413584784
28 0.05826656520366669 3 4 -0.11854810935011602
-1 0.0 0 0 -0.005205484632271254
-1 0.0 0 0 -0.0254576125354126
-1 0.0 0 0 -0.0006620528110353988
24 -0.07589156925678253 7 8 0.005355976078035093
-1 0.0 0 0 -0.0036572017681319926
35 0.05809113755822182 9 22 0.013685032073757365
34 0.19840990006923676 10 19 -0.0014003880985164804
62 -0.14384137094020844 11 14 -0.018007490617880786
2 0.4098866581916809 12 13 0.09001681193010881
-1 0.0 0 0 -0.004379864627001104
-1 0.0 0 0 0.021742052679144742
5 1.382660150527954 15 18 -0.02511818015188764
85 0.09329916536808014 16 17 -0.038541852603616894
-1 0.0 0 0 -0.0060867959087547874
-1 0.0 0 0 0.0016201384644190407
-1 0.0 0 0 0.003205546929751528
73 -0.0520743690431118 20 21 0.041526700352597035
-1 0.0 0 0 0.009513483589344214
-1 0.0 0 0 0.0003509669592017561
2 0.4592397212982178 23 24 0.04146647592564899
-1 0.0 0 0 0.002749891395414226
88 0.03886806592345238 25 28 0.11709571391770983
66 -0.023080913349986076 26 27 0.04889849028252337
-1 0.0 0 0 -0.007570290190221177
-1 0.0 0 0 0.013766510924711636
-1 0.0 0 0 0.021558510000920354
nodes 29
9 -0.04694864898920059 1 14 0.0
2 0.368681937456131 2 3 0.020410703684348698
-1 0.0 0 0 -0.0011927595538446913
105 -0.04587613418698311 4 5 0.04255734217236323
-1 0.0 0 0 -0.002096204065471947
82 0.06332255154848099 6 9 0.06899305028742171
93 -0.0028028872329741716 7 8 0.09536468849091188
-1 0.0 0 0 0.013338813349382583
-1 0.0 0 0 0.003826880348090038
70 -0.0040407064370810986 10 11 -0.01324693433030081
-1 0.0 0 0 -0.013021464082469725
30 -0.08969967067241669 12 13 0.053003300015754984
-1 0.0 0 0 -0.018716042698248773
-1 0.0 0 0 0.00961309273218003
5 1.2748160362243652 15 20 -0.014756517673100756
49 0.18451125919818878 16 19 -0.02935574329437725
52 0.06926803290843964 17 18 -0.04968431539118782
-1 0.0 0 0 -0.0032840120478323043
-1 0.0 0 0 -0.012368057910251971
-1 0.0 0 0 0.0019794196498943385
6 0.7892550230026245 21 22 0.020572042683659773
-1 0.0 0 0 -0.010035210381981793
2 0.4072035849094391 23 24 0.03718584204912652
-1 0.0 0 0 0.0017564327668225306
5 1.4370115995407104 25 28 0.29746166617436964
7 0.006000000284984708 26 27 0.15167150354682235
-1 0.0 0 0 -0.04056015797846374
-1 0.0 0 0 0.023350880949060317
-1 0.0 0 0 0.054268819613250044
nodes 29
58 -0.018685614690184593 1 2 0.0
-1 0.0 0 0 -0.003195215307867673
62 0.006904472131282091 3 28 0.009198378191581267
80 0.11464066803455353 4 27 0.027323946988922418
2 0.3833458423614502 5 10 0.03994393998137041
86 0.022211648523807526 6 7 0.009168109210051463
-1 0.0 0 0 -0.003294662640952592
28 0.012757288292050362 8 9 0.053167216061551496
-1 0.0 0 0 -0.002538337942897166
-1 0.0 0 0 0.010315262488415375
53 -0.17869706451892853 11 14 0.06903571521420286
83 0.013814798556268215 12 13 -0.07600889847197717
-1 0.0 0 0 -0.019243416170378353
-1 0.0 0 0 0.0072468663949152405
21 -0.1927991807460785 15 16 0.08319993291909134
-1 0.0 0 0 -0.03796868347976159
23 0.060498084872961044 17 24 0.08777573215541115
60 0.018297353759407997 18 23 0.11180521086009958
75 -0.08679451793432236 19 20 0.05985641956884081
-1 0.0 0 0 -0.014011894586639338
82 -0.026275236159563065 21 22 0.08141263640680137
-1 0.0 0 0 0.016800473955533475
-1 0.0 0 0 0.0019946975287190266
-1 0.0 0 0 0.015539434320386063
99 0.12134504318237305 25 26 0.006980518863326578
-1 0.0 0 0 -0.002338449299673653
-1 0.0 0 0 0.023531220587193157
-1 0.0 0 0 -0.004541464614219005
-1 0.0 0 0 -0.0013605385890945799
nodes 29
37 0.0090972064062953 1 24 0.0
21 0.2445645034313202 2 23 0.009137230720285836
93 0.14404544234275818 3 22 0.0024078609820209276
85 -0.06481701880693436 4 5 0.006637190247821667
-1 0.0 0 0 -0.004737509204969755
26 0.07831991463899612 6 19 0.015136364111527053
1 0.3620705008506775 7 10 0.0018783719779409216
73 -0.03711149841547012 8 9 0.02175961676741184
-1 0.0 0 0 0.006017473731121992
-1 0.0 0 0 -0.001692220136417607
59 0.18783211708068848 11 18 -0.033781305652761155
2 0.46387916803359985 12 15 -0.01398699232774614
23 0.014251974411308765 13 14 -0.052454914755839424
-1 0.0 0 0 0.000298171030412425
-1 0.0 0 0 -0.012655205805703756
49 -0.0853663980960846 16 17 0.05990113774403099
-1 0.0 0 0 -0.03958447712897155
-1 0.0 0 0 0.007531552668038021
-1 0.0 0 0 -0.025995842475586256
2 0.47072654962539673 20 21 0.05990806559016769
-1 0.0 0 0 0.0037981129777436614
-1 0.0 0 0 0.022943616264655478
-1 0.0 0 0 -0.010394103251814578
-1 0.0 0 0 0.007281913997902856
70 -0.03903095796704292 25 26 -0.031741574855593264
-1 0.0 0 0 -0.010627685278887493
2 0.40192925930023193 27 28 -0.0030222799742042335
-1 0.0 0 0 -0.004683275622648411
-1 0.0 0 0 0.004204968239171478
nodes 29
72 -0.053983159363269806 1 10 0.0
35 0.03489701822400093 2 9 -0.03432843509296559
52 -0.0730777308344841 3 4 -0.06579043389046091
-1 0.0 0 0 0.002668574693759772
1 0.27381110191345215 5 6 -0.09035682953131846
-1 0.0 0 0 -0.0008893257596134133
32 0.004291636403650045 7 8 -0.13957500972119882
-1 0.0 0 0 -0.008193064833616004
-1 0.0 0 0 -0.021967757498770626
-1 0.0 0 0 0.0009204323272350679
22 0.00046137324534356594 11 24 0.008372872154251424
57 0.022556448355317116 12 19 0.029326525660020548
21 0.13691829144954681 13 14 0.0043361252801252855
-1 0.0 0 0 -0.0029521846062616625
83 0.0067108068615198135 15 18 0.04237600230398614
97 0.06828045099973679 16 17 -0.005710595288016195
-1 0.0 0 0 0.003331135140502502
-1 0.0 0 0 -0.013530925726300162
-1 0.0 0 0 0.009415937587687563
2 0.30531132221221924 20 21 0.05995513807641678
-1 0.0 0 0 -0.0017038242264008471
106 -0.0028854080010205507 22 23 0.07909393007628249
-1 0.0 0 0 0.001849539537466938
-1 0.0 0 0 0.011007139864447497
2 0.5132841467857361 25 26 -0.01292555903536902
-1 0.0 0 0 -0.000979444138619092
26 -0.01898624747991562 27 28 -0.24225514611139118
-1 0.0 0 0 -0.05576729123731544
-1 0.0 0 0 -0.006529110864476236
nodes 29
60 0.21695318818092346 1 26 0.0
89 -0.21582011878490448 2 3 -0.002142685243846735
-1 0.0 0 0 0.006968179250853967
106 -0.06377817690372467 4 5 -0.006299453465246681
-1 0.0 0 0 -0.005057060591404407
72 -0.008761444129049778 6 13 0.0010102398292254923
107 -0.01736431010067463 7 8 -0.02506524032848556
-1 0.0 0 0 0.0008696329642258407
2 0.49836939573287964 9 10 -0.06448650345705881
-1 0.0 0 0 -0.0052368776864746116
13 -0.024629978463053703 11 12 -0.32839070964461586
-1 0.0 0 0 -0.062328255626382036
-1 0.0 0 0 -0.01628655859292041
34 0.2496463805437088 14 23 0.015315878577736442
100 0.09665746986865997 15 16 0.005984578175544661
-1 0.0 0 0 -0.0007873730522562149
94 -0.04557959735393524 17 22 0.05215069940769494
1 0.3620705008506775 18 21 0.10565102631434294
29 0.05146964266896248 19 20 0.15156285126074562
-1 0.0 0 0 0.0039029693698025103
-1 0.0 0 0 0.02278052592841447
-1 0.0 0 0 -0.0013325137676407795
-1 0.0 0 0 0.00030606153033627397
84 0.10999641567468643 24 25 0.07537258544888682
-1 0.0 0 0 0.0037654024974482104
-1 0.0 0 0 0.018067109271094835
2 0.3732672333717346 27 28 0.13450815792174933
-1 0.0 0 0 -0.007187158811466843
-1 0.0 0 0 0.023958504497975222
nodes 29
43 -0.1183081865310669 1 16 0.0
89 0.05317464843392372 2 15 0.021854002027269087
2 0.25955942273139954 3 4 0.03139081467278364
-1 0.0 0 0 -0.004878903468606269
5 1.242843508720398 5 10 0.04291375046745843
66 0.17300353944301605 6 9 0.023333023435763052
83 -0.1164611354470253 7 8 0.030710662274698555
-1 0.0 0 0 -0.008491003791716042
-1 0.0 0 0 0.004358226739738522
-1 0.0 0 0 -0.019581253023687004
2 0.3327009677886963 11 12 0.09881010855820517
-1 0.0 0 0 0.0032902453931223127
6 0.8269710540771484 13 14 0.1633239983503581
-1 0.0 0 0 -0.001958615623018531
-1 0.0 0 0 0.02237152202741029
-1 0.0 0 0 -0.006890246502576343
5 1.5828040838241577 17 28 -0.012546039076202156
96 0.010906539391726255 18 27 -0.020711227820945758
87 0.11477776616811752 19 26 -0.008300943938452762
34 0.06116233021020889 20 23 0.002006585981492736
21 0.2557993531227112 21 22 -0.0551555077799708
-1 0.0 0 0 -0.007130827864090871
-1 0.0 0 0 0.017553763695951446
52 0.05425237491726875 24 25 0.01705947433962763
-1 0.0 0 0 0.0034112551960861943
-1 0.0 0 0 -0.004023848114185901
-1 0.0 0 0 -0.007725884950751523
-1 0.0 0 0 -0.006837594617131059
-1 0.0 0 0 0.005314983949570188
nodes 29
104 0.06351342052221298 1 10 0.0
47 -0.061730191111564636 2 3 -0.010722258099592631
-1 0.0 0 0 -0.0053823733233864055
42 -0.04815787822008133 4 5 0.0010056359444993812
-1 0.0 0 0 0.0028966523421196213
99 0.073021300137043 6 9 -0.023453728421539553
108 -0.02196049690246582 7 8 -0.03915606656829806
-1 0.0 0 0 -0.009018799184412306
-1 0.0 0 0 -0.001684342047332264
-1 0.0 0 0 0.003141694015206992
2 0.45377564430236816 11 16 0.025254852197437103
105 0.062125157564878464 12 15 0.007573748806631803
65 0.17617559432983398 13 14 -0.012349808181760758
-1 0.0 0 0 -0.0020455502333721685
-1 0.0 0 0 0.018441032925154338
-1 0.0 0 0 0.006554347669232404
107 0.11553920060396194 17 28 0.08985824667611499
12 0.036712463945150375 18 27 0.11167042143885271
94 -0.07708769291639328 19 20 0.05373144453192802
-1 0.0 0 0 -0.008941327049324174
38 0.06478772312402725 21 22 0.10119912205322783
-1 0.0 0 0 0.015513218338456845
31 0.10096357017755508 23 26 -0.061422896440994725
59 0.09651318937540054 24 25 0.024734786889772088
-1 0.0 0 0 0.01614129684284466
-1 0.0 0 0 -0.034771325780311606
-1 0.0 0 0 -0.04722227305620909
-1 0.0 0 0 0.021889786069770756
-1 0.0 0 0 -0.018808315620186058
nodes 29
6 0.9532519578933716 1 26 0.0
49 0.08768223971128464 2 15 -0.022364482847651086
3 0.5562953352928162 3 4 -0.06301042987450817
-1 0.0 0 0 0.003792508058770694
34 0.24788835644721985 5 14 -0.09168871152338484
107 0.0016968544805422425 6 13 -0.11362375936983772
99 0.03332464396953583 7 10 -0.06463545727111604
9 -0.11766263097524643 8 9 -0.1270671746579374
-1 0.0 0 0 0.006307077114542499
-1 0.0 0 0 -0.017084726391922034
2 0.46876227855682373 11 12 0.02552915500518912
-1 0.0 0 0 -0.0039172437898638965
-1 0.0 0 0 0.025145189352114412
-1 0.0 0 0 -0.01904571770480345
-1 0.0 0 0 0.006393403740395633
108 0.0005242060869932175 16 21 -0.002847803586846239
29 0.16755187511444092 17 20 -0.04644512959638546
31 0.17015916109085083 18 19 -0.06412697819890852
-1 0.0 0 0 -0.005214384051320374
-1 0.0 0 0 -0.03331289775741691
-1 0.0 0 0 0.012580121175343784
68 0.05689481273293495 22 25 0.023415465311683745
60 -0.01474896539002657 23 24 0.04327399274722978
-1 0.0 0 0 -0.0019978515181974126
-1 0.0 0 0 0.007667383642577955
-1 0.0 0 0 -0.005677502878573243
7 0.722000002861023 27 28 0.01178497958269443
-1 0.0 0 0 0.0013159715459275982
-1 0.0 0 0 -0.025086213954754417
nodes 29
104 -0.12662509083747864 1 2 0.0
-1 0.0 0 0 -0.005987575647573236
9 0.09433812648057938 3 28 0.004277068922966404
87 -0.013723155483603477 4 15 0.009645752648157244
98 0.09461164474487305 5 14 0.03200779231938743
2 0.41866058111190796 6 7 0.0434273292022828
-1 0.0 0 0 0.00144557030534536
92 -0.09450233727693558 8 9 0.09514778420021075
-1 0.0 0 0 0.02248614296022466
18 0.08490510284900665 10 13 0.07080384473674085
28 -0.05678609386086464 11 12 0.09072148339926503
-1 0.0 0 0 0.019146710865788688
-1 0.0 0 0 0.005196293372475647
-1 0.0 0 0 -0.011005003878985859
-1 0.0 0 0 -0.005310007690219124
5 1.242843508720398 16 21 -0.005882318298953773
100 0.10027532279491425 17 20 -0.02231028170933456
82 0.09507761895656586 18 19 -0.03964832589270187
-1 0.0 0 0 -0.0024614441892571253
-1 0.0 0 0 -0.011499879623590782
-1 0.0 0 0 0.003950680532878418
2 0.33049872517585754 22 23 0.029999538760204315
-1 0.0 0 0 -0.0016911159935575717
6 0.8269710540771484 24 25 0.08270946384675533
-1 0.0 0 0 -0.005928994072982394
53 -0.040940698236227036 26 27 0.12468630733057003
-1 0.0 0 0 0.019360259883902418
-1 0.0 0 0 0.004534223238787787
-1 0.0 0 0 -0.005247616132695268
nodes 29
105 -0.04485050216317177 1 16 0.0
1 0.3023855686187744 2 3 -0.024136501771884936
-1 0.0 0 0 0.0011435440170470526
38 -0.0337701216340065 4 7 -0.05093266822140707
63 -0.0036220599431544542 5 6 0.01345140443507923
-1 0.0 0 0 -0.0037409149784231248
-1 0.0 0 0 0.010930494770848764
6 1.00456964969635 8 15 -0.08427371086964128
58 0.040334805846214294 9 12 -0.0708489309396968
30 0.010578375309705734 10 11 -0.12513801799387017
-1 0.0 0 0 -0.01979523162329573
-1 0.0 0 0 -0.004805995466201998
21 -0.014126992784440517 13 14 -0.02262631126453071
-1 0.0 0 0 -0.030411990425723085
-1 0.0 0 0 -2.9927959447402515e-05
-1 0.0 0 0 -0.02781019620486491
104 0.06351342052221298 17 26 0.010441527592195878
70 -0.0335325188934803 18 19 -0.003507415210658211
-1 0.0 0 0 -0.004783581204014054
43 -0.07058343291282654 20 21 0.013570640519170757
-1 0.0 0 0 0.004079321013764621
15 -0.024927036836743355 22 25 -0.02329780749943062
5 1.302557110786438 23 24 -0.07098134883619951
-1 0.0 0 0 -0.011077842688238589
-1 0.0 0 0 0.004066547044552173
-1 0.0 0 0 0.0017596649681301856
2 0.41866058111190796 27 28 0.04277225846525909
-1 0.0 0 0 0.0013165272066338026
-1 0.0 0 0 0.008817748146504953
nodes 29
24 0.05292176827788353 1 16 0.0
72 -0.053983159363269806 2 5 -0.01143983805341886
40 -0.07557858526706696 3 4 -0.05382050840693571
-1 0.0 0 0 -0.01572310837048574
-1 0.0 0 0 -0.003443701105529712
41 0.004148405510932207 6 7 -0.0011224795451351829
-1 0.0 0 0 -0.0045100053405731
95 -0.10103445500135422 8 9 0.011451898292684963
-1 0.0 0 0 -0.00812401127324902
22 -0.04350447282195091 10 15 0.018572680084029
0 0.4766801595687866 11 14 0.055370066401538694
14 0.03969372436404228 12 13 0.03658704904994248
-1 0.0 0 0 0.005926947623115797
-1 0.0 0 0 -0.006290823502816846
-1 0.0 0 0 0.015243314489442418
-1 0.0 0 0 0.0001313779286877845
2 0.46876227855682373 17 18 0.021710464489583237
-1 0.0 0 0 0.0010242201675005923
28 0.07717492431402206 19 24 0.10440310614044694
104 -0.01677657663822174 20 23 0.1492746351134229
40 0.14734336733818054 21 22 0.030810523566935654
-1 0.0 0 0 0.007300998713072284
-1 0.0 0 0 -0.04426581830113799
-1 0.0 0 0 0.02084800697380044
52 0.06794917583465576 25 26 -0.06850254303140149
-1 0.0 0 0 0.0021242177752922244
77 -0.004269880708307028 27 28 -0.43863313703538753
-1 0.0 0 0 -0.08178233622118485
-1 0.0 0 0 -0.004573724106941597
nodes 29
81 0.03590865433216095 1 22 0.0
2 0.1884964108467102 2 3 0.010182108180498703
-1 0.0 0 0 -0.010209150062108381
10 -0.02041707932949066 4 7 0.013163767904452344
79 0.05368085950613022 5 6 -0.009525199726603468
-1 0.0 0 0 0.00043866660190243283
-1 0.0 0 0 -0.007292699455800799
58 -0.018685614690184593 8 9 0.02949039891493019
-1 0.0 0 0 -0.0019527141935869866
84 -0.0275870468467474 10 13 0.043501750564709424
24 -0.050953131169080734 11 12 -0.004127021314439942
-1 0.0 0 0 -0.010024001564451341
-1 0.0 0 0 0.0028992015522723916
0 0.46167799830436707 14 15 0.060141376047337325
-1 0.0 0 0 0.003937325714427496
45 -0.07328092306852341 16 17 0.1301753397729065
-1 0.0 0 0 -0.00021501761505051572
28 -0.0325629860162735 18 21 0.16551971857285086
103 0.11331968009471893 19 20 0.26428534362795814
-1 0.0 0 0 0.02082794233666616
-1 0.0 0 0 0.05564608071597824
-1 0.0 0 0 0.010646634368474501
11 0.09143759310245514 23 28 -0.02398260097196491
6 0.9502329230308533 24 27 -0.03739714382934139
77 0.11982711404561996 25 26 -0.08055339230619105
-1 0.0 0 0 -0.006206040722469609
-1 0.0 0 0 -0.02570346712564983
-1 0.0 0 0 -0.0015851436699621602
-1 0.0 0 0 0.00449666016956671
nodes 29
32 -0.10237830877304077 1 6 0.0
38 0.12559112906455994 2 5 0.03518788472062265
15 0.07552254945039749 3 4 0.04874598518317113
-1 0.0 0 0 0.002905540636125451
-1 0.0 0 0 0.014152913103554966
-1 0.0 0 0 -0.010484099742937084
100 0.1537669152021408 7 26 -0.006938663819294003
93 0.08013942837715149 8 17 -0.012361025491185812
85 -0.08342649787664413 9 10 -0.00410930407337184
-1 0.0 0 0 -0.0065139460741676205
91 -0.008481964468955994 11 16 0.0024536296858006026
2 0.37787532806396484 12 13 0.02356800883187195
-1 0.0 0 0 -0.0011972707332159214
2 0.5356968641281128 14 15 0.05356333458663697
-1 0.0 0 0 0.0057256951585731
-1 0.0 0 0 -0.05253143924332801
-1 0.0 0 0 -0.001979818763009569
1 0.27104103565216064 18 19 -0.06198805261301135
-1 0.0 0 0 0.00048559532823354095
9 0.05230637639760971 20 23 -0.09824147207834577
57 -0.09326094388961792 21 22 -0.06643461192285742
-1 0.0 0 0 -0.02504254799429624
-1 0.0 0 0 -0.0037879287408072457
47 -0.11176607757806778 24 25 -0.24538912361319806
-1 0.0 0 0 -0.06251532335565571
-1 0.0 0 0 -0.019030094810010882
29 0.15606865286827087 27 28 0.05570697091570491
-1 0.0 0 0 0.002834123501750736
-1 0.0 0 0 0.021529360325837646
nodes 29
5 1.4562476873397827 1 20 0.0
37 -0.06591235846281052 2 11 -0.006373193333399027
48 0.05205594748258591 3 8 0.013611054274273254
77 0.04578620567917824 4 5 0.03654368258214349
-1 0.0 0 0 0.006091728942451652
0 0.44269806146621704 6 7 -0.028158130812475857
-1 0.0 0 0 -0.007840128665955626
-1 0.0 0 0 0.004562647007159849
20 0.0013515222817659378 9 10 -0.024394137510538132
-1 0.0 0 0 -0.007354334983065258
-1 0.0 0 0 0.001813839892323542
70 0.025806855410337448 12 19 -0.026601564287782743
59 -0.0019142783712595701 13 16 -0.06087317503084211
35 0.03489701822400093 14 15 -0.11786736191255247
-1 0.0 0 0 -0.018712113648451097
-1 0.0 0 0 -0.003983729753813928
103 0.05767827481031418 17 18 -0.038232101952639444
-1 0.0 0 0 -0.000853486653359945
-1 0.0 0 0 -0.010056483613919531
-1 0.0 0 0 0.0009052563528905296
2 0.4115924537181854 21 26 0.03755260002717792
2 0.25739794969558716 22 23 0.02270563341008316
-1 0.0 0 0 -0.005675099183057786
59 0.02475760132074356 24 25 0.04984636864962025
-1 0.0 0 0 -0.0016990863639222973
-1 0.0 0 0 0.009569800347973759
6 0.7063673734664917 27 28 0.2492194490225204
-1 0.0 0 0 -0.014381846502576382
-1 0.0 0 0 0.049402975384781694
nodes 29
68 0.07672770321369171 1 28 0.0
42 -0.060052450746297836 2 9 0.006429116523225867
34 0.19945162534713745 3 6 0.028336107413963408
20 0.016927121207118034 4 5 0.01187204319927934
-1 0.0 0 0 -0.0021135313316019773
-1 0.0 0 0 0.004717800003231604
14 0.08050141483545303 7 8 0.06907128422414675
-1 0.0 0 0 0.008318990425900114
-1 0.0 0 0 -0.007533221228278203
108 -0.009966487064957619 10 11 -0.009071851046002761
-1 0.0 0 0 -0.004437888433912091
88 -0.15148894488811493 12 13 0.010164243720266445
-1 0.0 0 0 -0.014690682040111432
30 -0.05512509122490883 14 19 0.015740432874732875
25 -0.04029204696416855 15 16 -0.03799667312310792
-1 0.0 0 0 -0.013190386217767053
91 0.0074793389067053795 17 18 -0.0007881642524321678
-1 0.0 0 0 0.005618738051158773
-1 0.0 0 0 -0.007845742419264804
26 0.02658369205892086 20 21 0.033145847710511496
-1 0.0 0 0 0.00023532545679068618
2 0.37787532806396484 22 23 0.07103679028655827
-1 0.0 0 0 0.0009894899723483688
28 -0.14668002724647522 24 25 0.12239000705526547
-1 0.0 0 0 0.04302713709931515
60 -0.02363070286810398 26 27 0.10364940229382893
-1 0.0 0 0 0.0007314218038111432
-1 0.0 0 0 0.014401457794941442
-1 0.0 0 0 -0.003671642090572789
nodes 29
62 0.06307554990053177 1 26 0.0
14 0.08050141483545303 2 15 0.008093668739963727
66 -0.02495948225259781 3 10 0.015281383571753333
96 0.003807034809142351 4 7 -0.011144357410216884
48 0.107857346534729 5 6 0.005773734742153781
-1 0.0 0 0 0.0022701011212902873
-1 0.0 0 0 -0.006663323130197231
3 0.7621102333068848 8 9 -0.06663084082287282
-1 0.0 0 0 0.0008480455614300662
-1 0.0 0 0 -0.012611536877051667
32 -0.06543604284524918 11 12 0.033438427046844584
-1 0.0 0 0 0.0075754162367889085
9 -0.17580099403858185 13 14 0.016302748693482715
-1 0.0 0 0 0.01387775748712791
-1 0.0 0 0 0.0009382914326452976
80 0.05187734588980675 16 21 -0.04771090550937526
2 0.41866058111190796 17 18 0.0012502397258569314
-1 0.0 0 0 -0.008274194191544985
25 0.19572171568870544 19 20 0.09596116100214376
-1 0.0 0 0 0.011460973522996187
-1 0.0 0 0 -0.050794609207404806
5 1.1573692560195923 22 25 -0.1167894192630294
76 0.09168287366628647 23 24 -0.23605873205724728
-1 0.0 0 0 -0.015326996342143618
-1 0.0 0 0 -0.04879017316606727
-1 0.0 0 0 -0.003075909528031485
20 0.07900333404541016 27 28 -0.02811637358877322
-1 0.0 0 0 -0.004586918709582727
-1 0.0 0 0 0.0033875766181839955
nodes 29
60 0.21695318818092346 1 26 0.0
7 0.041999999433755875 2 25 -0.0018883035672933356
3 0.6575028300285339 3 8 -0.022852794310206533
6 0.6746454834938049 4 5 0.03589197748739086
-1 0.0 0 0 -0.01494778043587669
1 0.36912599205970764 6 7 0.061993398993007216
-1 0.0 0 0 0.007102266744434652
-1 0.0 0 0 -0.04743451470165469
104 -0.04261427000164986 9 14 -0.038297338950477516
80 0.16221144795417786 10 13 -0.10084335856566282
35 -0.0016398064326494932 11 12 -0.08271060109452553
-1 0.0 0 0 -0.016780849665911212
-1 0.0 0 0 -0.0028456975215355737
-1 0.0 0 0 -0.04206038128953957
83 -0.06497520953416824 15 22 -0.01723700922917453
101 -0.0009702519164420664 16 17 -0.09720784760265197
-1 0.0 0 0 -0.021460247315502397
73 -0.05590284243226051 18 19 -0.011623654867717043
-1 0.0 0 0 0.011324213129340108
64 -0.011329317465424538 20 21 -0.09043543304555542
-1 0.0 0 0 -0.019584648481310352
-1 0.0 0 0 0.006981465165053719
89 0.11607331782579422 23 24 0.006689643852275457
-1 0.0 0 0 0.0014675479766975306
-1 0.0 0 0 -0.02129208438019704
-1 0.0 0 0 0.0009553637311490629
2 0.3732672333717346 27 28 0.11853921753546663
-1 0.0 0 0 -0.006224975331610734
-1 0.0 0 0 0.021058673012495907
nodes 29
81 -0.06511624157428741 1 2 0.0
-1 0.0 0 0 0.0023282654820919626
70 0.07331693917512894 3 20 -0.009519056585529161
104 -0.02959383837878704 4 15 -0.022337490940331644
1 0.41272562742233276 5 6 -0.05764645758765052
-1 0.0 0 0 -0.0035721362925462755
13 -0.09235644340515137 7 8 -0.1774978299199596
-1 0.0 0 0 -0.04519891264389499
15 -0.05687583237886429 9 12 -0.12340958776914478
27 -0.0838397964835167 10 11 -0.3415848167319501
-1 0.0 0 0 -0.08811879670619965
-1 0.0 0 0 -0.027083265541245106
70 -0.19189028441905975 13 14 -0.026326112432875817
-1 0.0 0 0 -0.1266141528121965
-1 0.0 0 0 -0.0006398960398739513
60 -0.013755750842392445 16 17 -0.005600979002548292
-1 0.0 0 0 -0.003931709696686116
49 0.098223976790905 18 19 0.015551755063474868
-1 0.0 0 0 -0.002987254365075402
-1 0.0 0 0 0.004119309079508211
2 0.3338510990142822 21 22 0.022247821477166287
-1 0.0 0 0 -0.005187771821935355
18 -0.14494021236896515 23 24 0.048127563321495336
-1 0.0 0 0 0.015842850036531398
42 -0.12862864136695862 25 26 0.02789004690120313
-1 0.0 0 0 0.01356475234867618
97 0.012342264875769615 27 28 0.008053646495838573
-1 0.0 0 0 0.005415538037665232
-1 0.0 0 0 -0.004035974127757439
nodes 29
79 0.08753004670143127 1 28 0.0
15 0.044520292431116104 2 13 0.004996903298763999
5 1.1634941101074219 3 12 -0.004895106535784169
52 0.14942172169685364 4 11 -0.02917701000065885
18 0.18728837370872498 5 10 -0.022687833069627333
80 0.17642389237880707 6 9 -0.01954975466665385
84 -0.028825625777244568 7 8 -0.012801921047726773
-1 0.0 0 0 -0.006612400343297656
-1 0.0 0 0 0.0004570128123920387
-1 0.0 0 0 -0.016898749220835313
-1 0.0 0 0 -0.03603960195800283
-1 0.0 0 0 -0.020920427009953987
-1 0.0 0 0 0.001657304433728626
2 0.4237402677536011 14 17 0.030903485089513585
106 -0.12578849494457245 15 16 0.00032729228745465044
-1 0.0 0 0 -0.021293443173239633
-1 0.0 0 0 0.0007545171494524462
91 -0.023713281378149986 18 25 0.08798304833910581
1 0.3190125524997711 19 20 0.16537951237114376
-1 0.0 0 0 0.10122038133087613
35 -0.19633863866329193 21 22 0.1513915913016446
-1 0.0 0 0 -0.06879869654774666
93 -0.12443123012781143 23 24 0.16028802539575282
-1 0.0 0 0 0.03513747044233927
-1 0.0 0 0 0.012572979620990306
105 -0.11771296709775925 26 27 0.025194579820124605
-1 0.0 0 0 -0.01946010167881072
-1 0.0 0 0 0.005116481292427928
-1 0.0 0 0 -0.004401156316924072
nodes 29
89 -0.2442222386598587 1 6 0.0
2 0.40370115637779236 2 3 0.08684909039958585
-1 0.0 0 0 -0.0015250503394466076
59 0.1497243493795395 4 5 0.18865166719350965
-1 0.0 0 0 0.024246107870918375
-1 0.0 0 0 -0.01132501753006811
22 -0.030119383707642555 7 12 -0.002452213958738247
73 0.1647678017616272 8 11 0.01719049404669971
97 0.06828045099973679 9 10 0.020911708334465248
-1 0.0 0 0 0.0035316562186111645
-1 0.0 0 0 -0.002028387338088733
-1 0.0 0 0 -0.014204275800621486
24 -0.16054563224315643 13 14 -0.01430974380243646
-1 0.0 0 0 -0.0116502155442398
58 0.19358806312084198 15 26 -0.010991943928463793
5 1.1148016452789307 16 25 -0.015941473130151457
26 0.08404819667339325 17 24 -0.05008945597164844
11 0.11317558586597443 18 23 -0.07526065630488389
17 -0.04737859591841698 19 20 -0.09245680858830384
-1 0.0 0 0 -0.0010209325331282273
99 -0.045301128178834915 21 22 -0.13194779854084873
-1 0.0 0 0 -0.02442287492228072
-1 0.0 0 0 -0.009356652000134842
-1 0.0 0 0 0.008610695880524979
-1 0.0 0 0 0.0036051624058358756
-1 0.0 0 0 -0.0004636653157493392
0 0.4268812835216522 27 28 0.063600372628735
-1 0.0 0 0 -0.00100712599404409
-1 0.0 0 0 0.015790741569295767
nodes 29
6 0.9567990303039551 1 22 0.0
24 -0.10393726825714111 2 3 -0.019186935406310952
-1 0.0 0 0 -0.00978627644269167
108 0.0005242060869932175 4 13 -0.010197060347893382
23 0.09467589855194092 5 12 -0.045101416491278974
80 -0.10318894684314728 6 7 -0.026905699660129574
-1 0.0 0 0 -0.016038656946146864
21 0.07305638492107391 8 9 -0.010636836776308861
-1 0.0 0 0 -0.009730688233153836
29 0.17052288353443146 10 11 0.014808341373161633
-1 0.0 0 0 -0.00021837965287975787
-1 0.0 0 0 0.017975398455030597
-1 0.0 0 0 -0.015056899853878779
91 0.05641419067978859 14 17 0.01121319291026654
34 -0.04443572461605072 15 16 0.03294236092431485
-1 0.0 0 0 -0.015437221168884416
-1 0.0 0 0 0.004052149014582811
3 0.7561843395233154 18 19 -0.05731554888342433
-1 0.0 0 0 0.0032583373639829757
11 0.015736188739538193 20 21 -0.14041360729144406
-1 0.0 0 0 -0.02218289029777254
-1 0.0 0 0 -0.00239055117403863
81 0.14788803458213806 23 28 0.01101491802159473
2 0.2148454338312149 24 25 0.014954998859238096
-1 0.0 0 0 -0.005666575001477368
43 0.023705627769231796 26 27 0.01966439441354258
-1 0.0 0 0 0.0027779789127188787
-1 0.0 0 0 -0.0033165841747223542
-1 0.0 0 0 -0.0075572811460706026
nodes 29
13 -0.08513850718736649 1 4 0.0
72 -0.07235037535429001 2 3 -0.03212365707749617
-1 0.0 0 0 -0.012414196660272665
-1 0.0 0 0 -0.001688374074221918
27 -0.033997368067502975 5 14 0.006515765843422171
5 1.302557110786438 6 13 -0.028880427854806417
87 0.09979042410850525 7 12 -0.05417714503115446
67 0.036317288875579834 8 9 -0.03512291894309024
-1 0.0 0 0 -0.00011658407711728481
52 0.09331066161394119 10 11 -0.11452239811798874
-1 0.0 0 0 -0.008376345440310866
-1 0.0 0 0 -0.03405801284598808
-1 0.0 0 0 -0.015218638276365805
-1 0.0 0 0 0.003051476064049714
9 -0.006284042727202177 15 26 0.016159570851720307
2 0.295565128326416 16 17 0.032991479260846925
-1 0.0 0 0 -0.002980032425258555
98 -0.01950550451874733 18 23 0.04434153980693274
87 -0.001717070583254099 19 22 0.07189613670885134
15 0.22674372792243958 20 21 0.11537213788154016
-1 0.0 0 0 0.011884451416824142
-1 0.0 0 0 -0.06963221250158368
-1 0.0 0 0 0.003661344436809916
85 -0.0540105402469635 24 25 0.013637135900438878
-1 0.0 0 0 -0.00917622040514327
-1 0.0 0 0 0.003323339099006929
83 -0.2375710904598236 27 28 -0.008362620232203747
-1 0.0 0 0 -0.047125530803391526
-1 0.0 0 0 -0.0006422393348056403
nodes 29
98 0.2064957469701767 1 28 0.0
79 -0.024022338911890984 2 19 0.001265769259093724
70 -0.0659751445055008 3 10 0.014987061942732546
1 0.31205636262893677 4 5 -0.03723386711167373
-1 0.0 0 0 0.0024726825443675492
60 0.14633075892925262 6 9 -0.1001011694947601
35 0.051340822130441666 7 8 -0.1234535272997267
-1 0.0 0 0 -0.018535024816183274
-1 0.0 0 0 -0.002548504608181785
-1 0.0 0 0 0.018119161910751563
2 0.25955942273139954 11 12 0.025920744887056146
-1 0.0 0 0 -0.005457752975929589
43 -0.11934275925159454 13 14 0.0341778562650346
-1 0.0 0 0 0.007090584576288203
9 -0.04958982765674591 15 18 0.013347228235783666
2 0.3806103467941284 16 17 0.048863173309049754
-1 0.0 0 0 -0.0011944309236099904
-1 0.0 0 0 0.008637823652028542
-1 0.0 0 0 -0.0012827636188444248
59 -0.13275456428527832 20 21 -0.014652435888795385
-1 0.0 0 0 -0.014524760025449458
21 0.1939595341682434 22 27 -0.010770153903616209
5 1.2748160362243652 23 26 -0.02297764003200105
18 -0.15408168733119965 24 25 -0.04080994767684635
-1 0.0 0 0 0.004720215582734671
-1 0.0 0 0 -0.005302170366804807
-1 0.0 0 0 0.0018543598134970207
-1 0.0 0 0 0.003403962894774826
-1 0.0 0 0 -0.016018440162306247
nodes 29
0 0.45815759897232056 1 10 0.0
73 -0.061555415391922 2 7 -0.008968697705844
96 0.009522144682705402 3 6 0.020501347788493298
33 0.009381667710840702 4 5 0.03571113216841604
-1 0.0 0 0 0.005518054590492024
-1 0.0 0 0 -0.0021498141472877253
-1 0.0 0 0 -0.004294848455759061
6 0.9581364989280701 8 9 -0.02943966313506099
-1 0.0 0 0 -0.006659008323915916
-1 0.0 0 0 -0.0010941747942921924
60 0.06666309386491776 11 24 0.022360808501771808
107 -0.026770764961838722 12 13 -0.0042290435958227835
-1 0.0 0 0 0.003890388689701563
2 0.49836939573287964 14 15 -0.04313071145250171
-1 0.0 0 0 -0.002360503478866917
33 0.018045442178845406 16 19 -0.1704894316481277
24 0.05980531498789787 17 18 -0.033557478059512404
-1 0.0 0 0 -0.014492049220664677
-1 0.0 0 0 0.02578424089588225
81 -0.018073340877890587 20 23 -0.40725623586111187
82 -0.1076437458395958 21 22 -0.14191770086883496
-1 0.0 0 0 0.06651036744005978
-1 0.0 0 0 -0.02972801046640199
-1 0.0 0 0 -0.06193368570198135
59 0.07816049456596375 25 28 0.0801037390319016
2 0.38800278306007385 26 27 0.12074086187281248
-1 0.0 0 0 -0.00660757399735453
-1 0.0 0 0 0.014634664684025049
-1 0.0 0 0 0.0005903457125767532
nodes 29
62 0.015737630426883698 1 10 0.0
108 0.0005242060869932175 2 5 0.011729849281291668
93 0.053054701536893845 3 4 -0.014904352176069268
-1 0.0 0 0 0.0004087841649760329
-1 0.0 0 0 -0.00788291186731079
34 0.018893323838710785 6 7 0.02822781632743358
-1 0.0 0 0 -0.005402841688667741
41 0.16134629398584366 8 9 0.038220668336668165
-1 0.0 0 0 0.002424231170079152
-1 0.0 0 0 0.009255231141793153
1 0.35563480854034424 11 16 -0.017031060224666158
33 0.012466185726225376 12 13 0.004373821094962974
-1 0.0 0 0 0.0024359163484210574
2 0.3982301354408264 14 15 -0.05808078645075843
-1 0.0 0 0 -0.00802201786559039
-1 0.0 0 0 0.013669571099159741
18 -0.14494021236896515 17 18 -0.05085339974009456
-1 0.0 0 0 0.007909512788935985
48 -0.06970760226249695 19 22 -0.07191916237962896
70 -0.10743126273155212 20 21 0.03392595022694403
-1 0.0 0 0 -0.03424048667820527
-1 0.0 0 0 0.006794847796391975
26 0.07831991463899612 23 28 -0.09418449840044571
28 0.030637923628091812 24 25 -0.12514835619660505
-1 0.0 0 0 -0.007661569765266031
46 0.20764541625976562 26 27 -0.19877192801690954
-1 0.0 0 0 -0.018960709188721975
-1 0.0 0 0 -0.10526728028431537
-1 0.0 0 0 -0.0006871050311751691
nodes 29
75 0.044948406517505646 1 20 0.0
26 -0.019950488582253456 2 5 -0.013038740983541046
5 1.1526261568069458 3 4 -0.04328509617196604
-1 0.0 0 0 -0.009555924523294415
-1 0.0 0 0 -0.000918374029239603
68 0.06783903390169144 6 19 0.0032407480121958558
34 0.19945162534713745 7 18 0.01686368211365203
2 0.4677373170852661 8 9 -0.002228893591710158
-1 0.0 0 0 -0.0016715778667182194
6 0.8457242846488953 10 13 0.07977314978332889
19 -0.11731106787919998 11 12 -0.42841323919813423
-1 0.0 0 0 0.06612811136990786
-1 0.0 0 0 -0.06162915759045502
38 0.1422121673822403 14 17 0.10350712948850711
39 0.2544487416744232 15 16 0.13381635192975713
-1 0.0 0 0 0.014216994197386932
-1 0.0 0 0 -0.09175426236220768
-1 0.0 0 0 -0.022207258254169457
-1 0.0 0 0 0.006369770572343426
-1 0.0 0 0 -0.0055699840605111205
21 0.13776791095733643 21 22 0.015379246348360333
-1 0.0 0 0 -0.0014128571656769268
23 0.033904168754816055 23 28 0.04618584477800403
2 0.2775428891181946 24 25 0.07455185381199343
-1 0.0 0 0 -0.00237120510976481
83 -0.09008882939815521 26 27 0.09012962041588066
-1 0.0 0 0 -0.0014144023098197067
-1 0.0 0 0 0.010681188680846103
-1 0.0 0 0 -0.0008539860240722223
nodes 29
5 1.5828040838241577 1 18 0.0
17 -0.06338099390268326 2 9 -0.004851949810587092
75 0.020406216382980347 3 6 0.02350767231811424
71 0.24129050970077515 4 5 -0.02320108848590785
-1 0.0 0 0 -0.0018584899196225917
-1 0.0 0 0 -0.06742236628549907
37 -0.15167614817619324 7 8 0.05489912082520509
-1 0.0 0 0 0.01408581451549851
-1 0.0 0 0 0.0032138842348331887
57 0.023494107648730278 10 13 -0.014859562267624048
89 -0.17618738114833832 11 12 -0.03541886914856162
-1 0.0 0 0 0.00366443932836621
-1 0.0 0 0 -0.004632426377730831
108 0.002358219353482127 14 15 0.008582574885154836
-1 0.0 0 0 -0.003657348647520143
20 -0.132066547870636 16 17 0.032807505404975776
-1 0.0 0 0 -0.009319657055047984
-1 0.0 0 0 0.004264882793427217
2 0.2812027037143707 19 20 0.040973039762027784
-1 0.0 0 0 -0.003471274549836074
6 0.6746454834938049 21 22 0.08500059396040736
-1 0.0 0 0 -0.013522197295964539
2 0.4272238612174988 23 28 0.11604270455234253
59 -0.08478035032749176 24 25 0.09431773483124811
-1 0.0 0 0 -0.010744886557739902
4 0.8575617074966431 26 27 0.11953353280936685
-1 0.0 0 0 0.005227785831446582
-1 0.0 0 0 0.020426962360316787
-1 0.0 0 0 0.06658890234126873
nodes 29
8 69.5 1 28 0.0
6 0.8724886775016785 2 3 -0.002143251636657541
-1 0.0 0 0 -0.005179253040172278
99 -0.1201571449637413 4 5 0.00302252710476536
-1 0.0 0 0 -0.005412938559088449
41 0.0014913883060216904 6 7 0.007891158384004967
-1 0.0 0 0 -0.0024985893899910835
2 0.25955942273139954 8 9 0.016495079303297654
-1 0.0 0 0 -0.0038697437646552195
5 1.2219624519348145 10 21 0.023847628562348153
34 -0.14054812490940094 11 12 0.007541710893719265
-1 0.0 0 0 -0.031193400500996272
17 -0.06463227421045303 13 16 0.01029221524345834
75 -0.11021985113620758 14 15 0.06014940981785793
-1 0.0 0 0 -0.021516543325227518
-1 0.0 0 0 0.007405758509163824
57 -0.05020923912525177 17 18 -0.00636652861059348
-1 0.0 0 0 -0.006384033931815365
80 0.17642389237880707 19 20 0.010977724820202431
-1 0.0 0 0 0.0018280309064537537
-1 0.0 0 0 -0.015681256935779337
2 0.3991613984107971 22 25 0.068255007580752
39 0.03700251877307892 23 24 0.044772938642639676
-1 0.0 0 0 -0.0018507643731986549
-1 0.0 0 0 0.00947442309395837
5 1.4189019203186035 26 27 0.1937391373660249
-1 0.0 0 0 0.012858029186404578
-1 0.0 0 0 0.04639607887548297
-1 0.0 0 0 0.009007928245918298
nodes 29
49 0.24370478093624115 1 20 0.0
72 0.009277185425162315 2 5 -0.004654795729076585
74 -0.05464904010295868 3 4 -0.022527944363991727
-1 0.0 0 0 -0.008088040226972402
-1 0.0 0 0 -0.0011119666442315971
75 0.0385931134223938 6 13 0.008869724695884242
26 0.04754363372921944 7 12 -0.011187809406478953
77 0.039320748299360275 8 11 -0.03304958155908694
14 0.014386788010597229 9 10 -0.00949911394337174
-1 0.0 0 0 0.0017566922041813626
-1 0.0 0 0 -0.007391643332873197
-1 0.0 0 0 -0.00887368684843058
-1 0.0 0 0 0.0029073990444773204
41 0.16256141662597656 14 19 0.029839767451992114
83 0.007538847159594297 15 16 0.015400175104358774
-1 0.0 0 0 -0.0018330494173150879
21 0.12326378375291824 17 18 0.05341371486841268
-1 0.0 0 0 -0.0004181493550754037
-1 0.0 0 0 0.00971439945758969
-1 0.0 0 0 0.009550545633677885
5 1.0827370882034302 21 22 0.04099835952783927
-1 0.0 0 0 -0.010326416257106287
100 0.08624991029500961 23 28 0.05677290361546811
2 0.294132262468338 24 25 0.02340466881993803
-1 0.0 0 0 -0.008802926133481385
11 0.03285559266805649 26 27 0.052895006756332005
-1 0.0 0 0 0.0005743519517912718
-1 0.0 0 0 0.015153758713829943
-1 0.0 0 0 0.0143064226371915
nodes 29
0 0.4574972987174988 1 8 0.0
73 -0.061555415391922 2 5 -0.00883250270081343
96 0.009522144682705402 3 4 0.017776722237031087
-1 0.0 0 0 0.003128391678606646
-1 0.0 0 0 -0.0038594135753759065
6 0.9581364989280701 6 7 -0.02731051357288373
-1 0.0 0 0 -0.006118642667321783
-1 0.0 0 0 -0.001049356835764679
60 0.06666309386491776 9 18 0.021604461947307245
84 -0.06925319880247116 10 11 -0.002376070214936802
-1 0.0 0 0 -0.009165804579026568
70 -0.09450749307870865 12 15 0.015094362720207928
108 -0.09426755458116531 13 14 -0.10058715454447675
-1 0.0 0 0 -0.04320965283468627
-1 0.0 0 0 -0.00575192700846796
38 0.055750805884599686 16 17 0.030778517563355045
-1 0.0 0 0 0.00567474326081198
-1 0.0 0 0 -0.003125566086841618
43 -0.08487773686647415 19 24 0.07359456983049552
49 -0.0063802036456763744 20 23 0.13485502990134413
58 0.007380867376923561 21 22 -0.08899615015534935
-1 0.0 0 0 -0.03481145570871278
-1 0.0 0 0 0.010510361592269871
-1 0.0 0 0 0.016790969013401474
104 0.1318507194519043 25 28 0.03238136038911379
38 0.24835099279880524 26 27 0.00401778552397163
-1 0.0 0 0 0.0009060699417597503
-1 0.0 0 0 -0.10898360826752403
-1 0.0 0 0 0.023175816083411602
nodes 29
105 -0.04587613418698311 1 4 0.0
42 -0.009576335549354553 2 3 -0.021015880649016345
-1 0.0 0 0 -1.666693247763214e-05
-1 0.0 0 0 -0.00577027706495587
99 0.035973064601421356 5 26 0.00892297730764944
104 0.08149179071187973 6 19 -0.006531158171990245
5 1.1444146633148193 7 18 -0.01979671166400129
67 -0.2581826448440552 8 9 -0.06764522454180283
-1 0.0 0 0 -0.08137369542382658
80 0.1806010752916336 10 17 -0.06378259141604861
82 -0.028126323595643044 11 16 -0.05421499236849184
94 -0.16559456288814545 12 15 0.005931313529844867
40 -0.11174891889095306 13 14 -0.30216344643706156
-1 0.0 0 0 -0.13067565026382608
-1 0.0 0 0 -0.020713437355316437
-1 0.0 0 0 0.002359696399514885
-1 0.0 0 0 -0.009087879276713784
-1 0.0 0 0 -0.027737472713433478
-1 0.0 0 0 0.0008666384751315952
2 0.4592397212982178 20 21 0.0384502071803098
-1 0.0 0 0 0.0010888915202058617
86 0.00811267364770174 22 23 0.14947115352668394
-1 0.0 0 0 0.025856639486687552
45 -0.0027115840930491686 24 25 0.017148386283937445
-1 0.0 0 0 -0.01788455102459013
-1 0.0 0 0 0.01878125631351318
67 -0.027321454137563705 27 28 0.033564143946903435
-1 0.0 0 0 0.00674381437527985
-1 0.0 0 0 0.0009129520597925302
nodes 29
27 0.04560087248682976 1 18 0.0
49 0.25855308771133423 2 17 -0.013266410174517055
6 1.021686315536499 3 14 -0.019086286267523806
89 0.11087572574615479 4 13 -0.027438145040141103
79 0.04288601502776146 5 12 -0.02174603478528608
0 0.4574972987174988 6 7 -0.008451460160817673
-1 0.0 0 0 -0.0028185741548779394
105 0.0027061093132942915 8 9 0.03191767498003258
-1 0.0 0 0 -0.001804321285441012
13 0.046159155666828156 10 11 0.08216259287606963
-1 0.0 0 0 0.0029924278186798693
-1 0.0 0 0 0.018097172290750155
-1 0.0 0 0 -0.007225883688567966
-1 0.0 0 0 -0.014449725487218235
1 0.2985428273677826 15 16 0.043853356819660454
-1 0.0 0 0 0.006084310374704992
-1 0.0 0 0 -0.023354193016912345
-1 0.0 0 0 0.006952132724850398
58 0.157437264919281 19 28 0.014237290476773662
90 -0.07057137787342072 20 23 0.005355513853547373
72 -0.09269102662801743 21 22 -0.03137880330749752
-1 0.0 0 0 -0.017221568960337386
-1 0.0 0 0 -0.001510690520488304
42 -0.06928946822881699 24 25 0.02254889132987401
-1 0.0 0 0 0.006044080029480474
84 -0.031187700107693672 26 27 -0.00036293677617441246
-1 0.0 0 0 -0.006319098785119668
-1 0.0 0 0 0.0021490708108027868
-1 0.0 0 0 0.007799242389446294
nodes 29
52 -0.15406854450702667 1 6 0.0
2 0.400075227022171 2 3 0.05446197349549914
-1 0.0 0 0 -0.0030325104140549964
1 0.26133933663368225 4 5 0.14450923786186043
-1 0.0 0 0 0.09311309479962802
-1 0.0 0 0 0.0135586198257358
106 -0.057230688631534576 7 8 -0.003404271136330012
-1 0.0 0 0 -0.0036540790120938617
85 -0.08132045716047287 9 10 0.002783234659340902
-1 0.0 0 0 -0.0048845245149113465
95 -0.10684794187545776 11 14 0.00877985479668766
1 0.4802774488925934 12 13 -0.06086605837386688
-1 0.0 0 0 -0.005024296577253961
-1 0.0 0 0 -0.057668963434513325
47 0.042663656175136566 15 22 0.013333875058432169
11 -0.05325114354491234 16 17 6.29195578242351e-06
-1 0.0 0 0 -0.003589926924776202
107 -0.09618573635816574 18 21 0.014886852358334073
0 0.45536428689956665 19 20 0.06493923228231714
-1 0.0 0 0 0.0030321813373995867
-1 0.0 0 0 0.016892878188680405
-1 0.0 0 0 -5.878247316470393e-05
30 -0.16653931140899658 23 24 0.036484718821958896
-1 0.0 0 0 -0.011722015621355015
37 -0.09061706811189651 25 28 0.04227761612229215
76 0.12196831405162811 26 27 0.0773660528067973
-1 0.0 0 0 0.010019916574592738
-1 0.0 0 0 -0.003231350735354567
-1 0.0 0 0 0.0015373225312586948
nodes 29
32 -0.10237830877304077 1 6 0.0
30 -0.04085872322320938 2 3 0.030143056551863938
-1 0.0 0 0 -0.0031144512347704143
88 0.07428448647260666 4 5 0.05399233064333793
-1 0.0 0 0 0.002459922502528769
-1 0.0 0 0 0.011371046340759958
85 0.0744868591427803 7 22 -0.005943879145850646
40 -0.12182425707578659 8 9 -0.01813618888718646
-1 0.0 0 0 -0.011656380132103324
5 1.1025201082229614 10 19 -0.01218369282790227
59 0.10603258013725281 11 12 -0.05558423275920065
-1 0.0 0 0 -0.0019751381065291063
105 -0.016884833574295044 13 18 -0.13933978060781316
21 0.22822152078151703 14 17 -0.2530312986679696
5 1.07062566280365 15 16 -0.308146153123043
-1 0.0 0 0 -0.05488577685942121
-1 0.0 0 0 -0.021034676899864192
-1 0.0 0 0 0.020388862374989738
-1 0.0 0 0 -0.006319290339542931
81 0.03700209781527519 20 21 -0.002245231513391077
-1 0.0 0 0 0.0012840040076741764
-1 0.0 0 0 -0.003975672901515247
91 0.1460171639919281 23 26 0.017010533931147306
47 -0.06051106005907059 24 25 0.022762334995088115
-1 0.0 0 0 -0.0036627471691880772
-1 0.0 0 0 0.003944880662067725
75 0.08403103053569794 27 28 -0.14373535494372197
-1 0.0 0 0 -0.024552192453627233
-1 0.0 0 0 0.010703294107667898
nodes 29
52 0.09331066161394119 1 20 0.0
0 0.45815759897232056 2 5 0.005090740043270037
4 0.9632257223129272 3 4 -0.005774678046351318
-1 0.0 0 0 -0.002639583395511552
-1 0.0 0 0 0.0017104035205403453
85 0.10613524913787842 6 19 0.03240709794639469
13 0.05111484229564667 7 18 0.014672196942167275
88 -0.11825451254844666 8 9 -0.009475038732750827
-1 0.0 0 0 -0.015548841099907588
10 0.007220302242785692 10 15 0.004030420370408588
3 0.7561843395233154 11 12 -0.037640202290894015
-1 0.0 0 0 0.004414233641029797
96 0.13452380895614624 13 14 -0.08799538987547074
-1 0.0 0 0 -0.007183169198129694
-1 0.0 0 0 -0.04929589347211187
60 0.0832434743642807 16 17 0.055961722853825946
-1 0.0 0 0 0.0013568564688230327
-1 0.0 0 0 0.01782654002337709
-1 0.0 0 0 0.0071022531306275715
-1 0.0 0 0 0.01010253071732773
1 0.3681282103061676 21 22 -0.03547615774483581
-1 0.0 0 0 -1.0887620142208404e-05
25 0.0850873813033104 23 26 -0.10523062326165393
67 -0.1286696493625641 24 25 -0.04705055285665492
-1 0.0 0 0 -0.03194307521745727
-1 0.0 0 0 -0.0013940339139067496
27 -0.062035635113716125 27 28 -0.2734434166814529
-1 0.0 0 0 -0.07553276958046701
-1 0.0 0 0 -0.02095610540001913
nodes 29
9 -0.17580099403858185 1 6 0.0
2 0.3676583170890808 2 3 0.057202771854153386
-1 0.0 0 0 -0.005297258410159001
31 -0.06454789638519287 4 5 0.10934586143968002
-1 0.0 0 0 0.026527848966424034
-1 0.0 0 0 0.006995354348790908
20 -0.132066547870636 7 8 -0.00307348640078225
-1 0.0 0 0 -0.005402809951525471
98 -0.02247585728764534 9 24 0.0008183139861296049
80 0.08643250167369843 10 23 0.015338456129560744
58 -0.026083622127771378 11 12 0.02779859244161029
-1 0.0 0 0 -0.0027503738691384795
2 0.3390514850616455 13 14 0.04150309361287097
-1 0.0 0 0 -0.00014664923950582782
21 0.06346751004457474 15 18 0.06261970416619293
76 -0.09776145219802856 16 17 -0.000246049851478615
-1 0.0 0 0 -0.02937782077366396
-1 0.0 0 0 0.0024540829832420887
70 -0.07851402461528778 19 20 0.08513325419295717
-1 0.0 0 0 -0.003418651973732647
87 0.09010617434978485 21 22 0.10426017662357319
-1 0.0 0 0 0.012621725832082514
-1 0.0 0 0 0.0008784094826847959
-1 0.0 0 0 -0.002883692512207705
75 -0.03729501739144325 25 26 -0.014783834984789685
-1 0.0 0 0 -0.006284307918288475
73 0.0353456512093544 27 28 -0.00242249410910749
-1 0.0 0 0 0.0011610392968924024
-1 0.0 0 0 -0.005204791992330025
nodes 29
5 1.4562476873397827 1 14 0.0
37 0.08839891105890274 2 11 -0.005519682546918122
21 0.26347675919532776 3 8 -0.0015096429195589286
62 0.007772059179842472 4 7 -0.0060422315098899795
66 -0.033724814653396606 5 6 0.00920097949589455
-1 0.0 0 0 -0.002331806451246039
-1 0.0 0 0 0.002879204236335642
-1 0.0 0 0 -0.002539718547419018
107 -0.011715831235051155 9 10 0.06388876438664594
-1 0.0 0 0 0.01227209083854318
-1 0.0 0 0 -0.001318731310624953
70 -0.010024105198681355 12 13 -0.07457492377688306
-1 0.0 0 0 -0.017586832494566964
-1 0.0 0 0 -0.0008343249766273559
2 0.289504736661911 15 20 0.03252348086914494
6 1.0365744829177856 16 17 -0.021532118301696514
-1 0.0 0 0 -0.008353623711286355
7 0.6620000004768372 18 19 0.054657079902698864
-1 0.0 0 0 0.009868005815446583
-1 0.0 0 0 -0.018895966172491778
6 0.6746454834938049 21 22 0.06642265217825623
-1 0.0 0 0 -0.011905946208488078
2 0.4272238612174988 23 28 0.09107190786612833
59 -0.035487860441207886 24 25 0.07323689356496672
-1 0.0 0 0 -0.005274790617350381
41 0.20801620185375214 26 27 0.1060914629211646
-1 0.0 0 0 0.008474254532859311
-1 0.0 0 0 0.03284555720223357
-1 0.0 0 0 0.04653581158120144
nodes 29
24 0.05292176827788353 1 10 0.0
61 0.12199132144451141 2 9 -0.009585189614279776
40 -0.11174891889095306 3 4 -0.004391814865209849
-1 0.0 0 0 -0.007342246807196385
95 -0.12325095385313034 5 8 0.0006482548036278573
1 0.4802774488925934 6 7 -0.08888593739425654
-1 0.0 0 0 -0.007530135835215327
-1 0.0 0 0 -0.0791604890759724
-1 0.0 0 0 0.0004783341852510114
-1 0.0 0 0 -0.00900210459053253
2 0.46876227855682373 11 16 0.018190723060925194
101 -0.056357938796281815 12 13 0.007624148409151647
-1 0.0 0 0 -0.004511585003241173
19 -0.04162988066673279 14 15 0.020803166454989586
-1 0.0 0 0 0.005896642702759472
-1 0.0 0 0 -0.00021083917371044164
15 0.10049654543399811 17 28 0.09438168461140084
94 -0.08061713725328445 18 25 0.06375573742739356
104 -0.008993473369628191 19 24 -0.09089121841118387
94 -0.08867300301790237 20 23 -0.31584504047762535
52 0.06294149160385132 21 22 -0.21571852242850875
-1 0.0 0 0 -0.004849393982343723
-1 0.0 0 0 -0.07920461017638446
-1 0.0 0 0 -0.11468951402852932
-1 0.0 0 0 0.002239780028292654
49 -0.16991260647773743 26 27 0.10987851373012718
-1 0.0 0 0 -0.07763290499095564
-1 0.0 0 0 0.011852912986110022
-1 0.0 0 0 0.028684214299824734
nodes 29
8 75.5 1 28 0.0
7 0.018000000156462193 2 19 -0.0012502967165682975
99 0.08639689534902573 3 18 -0.02936525647079766
1 0.31325405836105347 4 5 -0.04796104173248513
-1 0.0 0 0 0.00037039193129232204
83 -0.04508872330188751 6 13 -0.07240382380343378
62 0.06929749995470047 7 10 -0.15278199682999602
60 0.19529642164707184 8 9 -0.10559277489686701
-1 0.0 0 0 -0.01253416728872438
-1 0.0 0 0 0.049387377422874724
79 -0.12243416160345078 11 12 -0.3212080814529939
-1 0.0 0 0 0.004853143559189559
-1 0.0 0 0 -0.04008542471211575
82 0.03612292557954788 14 15 -0.03710199739523035
-1 0.0 0 0 0.0005526526430352627
73 -0.019333582371473312 16 17 -0.12197054980026424
-1 0.0 0 0 -0.02090931491324159
-1 0.0 0 0 1.7446757187668365e-05
-1 0.0 0 0 0.004388376180008504
59 -0.13946299254894257 20 21 0.005503867259786629
-1 0.0 0 0 -0.00956704479628546
8 30.5 22 23 0.007911483018775362
-1 0.0 0 0 -0.004085532136937895
88 -0.16814015805721283 24 25 0.013180294903272305
-1 0.0 0 0 -0.010062071971849253
14 0.16711196303367615 26 27 0.015886731209201962
-1 0.0 0 0 0.0018373092779627208
-1 0.0 0 0 -0.010665563440686624
-1 0.0 0 0 0.01355436474372756
nodes 29
22 0.00046137324534356594 1 22 0.0
20 0.09072995185852051 2 21 0.012697484272176757
10 -0.007412745617330074 3 8 0.0021954397075815324
105 -0.03663911297917366 4 7 -0.02167589716827769
1 0.30961984395980835 5 6 -0.06440356968930318
-1 0.0 0 0 -0.0002621702816278792
-1 0.0 0 0 -0.011090571855105551
-1 0.0 0 0 0.00015840395897381235
72 -0.11151313781738281 9 14 0.024713905495878447
5 1.1408898830413818 10 13 -0.09546905666389821
104 -0.045851949602365494 11 12 -0.24278830593550066
-1 0.0 0 0 -0.06343992700427771
-1 0.0 0 0 -0.011254075689760383
-1 0.0 0 0 -0.0013412644419011225
14 0.08050141483545303 15 18 0.035099553169785386
104 -0.07704085111618042 16 17 0.04721769015973331
-1 0.0 0 0 -0.0028586394962957667
-1 0.0 0 0 0.006386854524159729
0 0.46756815910339355 19 20 -0.06406653337431373
-1 0.0 0 0 -0.014108066378173018
-1 0.0 0 0 0.009693234946279631
-1 0.0 0 0 0.005608077927557964
71 -0.04391762614250183 23 24 -0.01320570453783441
-1 0.0 0 0 -0.004527149347824896
107 -0.07150443643331528 25 26 0.0008070978699622496
-1 0.0 0 0 0.0034433582515252165
49 0.20472827553749084 27 28 -0.016102440227726493
-1 0.0 0 0 -0.0031266460249393738
-1 0.0 0 0 0.004639439860706005
nodes 29
98 0.2064957469701767 1 28 0.0
68 0.02489057555794716 2 27 0.0011270524217029698
9 -0.033342957496643066 3 12 0.010087447809401177
30 -0.01091810129582882 4 7 0.02980887666389157
27 0.06813987344503403 5 6 -0.0026788958444488274
-1 0.0 0 0 -0.0034127752755904656
-1 0.0 0 0 0.004972144053878286
2 0.3226681053638458 8 9 0.0527656161934644
-1 0.0 0 0 -0.001092497955730204
21 0.14690391719341278 10 11 0.07274330425901519
-1 0.0 0 0 0.003754525693897641
-1 0.0 0 0 0.0124740690881514
83 -0.09922020882368088 13 22 -0.008182719474360858
1 0.28951823711395264 14 15 -0.06828108330079365
-1 0.0 0 0 0.001078013094889113
66 0.09071236848831177 16 21 -0.1343513923864677
59 0.24191349744796753 17 18 -0.08904539894653885
-1 0.0 0 0 -0.006896604181730963
11 -0.0017153921071439981 19 20 -0.6210329642669222
-1 0.0 0 0 -0.118651876822114
-1 0.0 0 0 -0.0015155317173117684
-1 0.0 0 0 -0.03199197764760394
43 -0.10647468268871307 23 24 0.002799263452579277
-1 0.0 0 0 0.00351526287024307
35 -0.03027321957051754 25 26 -0.020130647904196997
-1 0.0 0 0 -0.007878171690345444
-1 0.0 0 0 0.00045645390428587725
-1 0.0 0 0 -0.0018498230286607357
-1 0.0 0 0 -0.014262964438796412
nodes 29
82 -0.1986338496208191 1 2 0.0
-1 0.0 0 0 -0.010000404574326018
77 0.17215831577777863 3 26 0.0015940745156799337
13 -0.08513850718736649 4 5 0.003919500590077796
-1 0.0 0 0 -0.002478683246376579
37 0.13109190762043 6 25 0.009722707493214737
0 0.4826299548149109 7 22 0.012087724942244357
97 0.06720973551273346 8 17 0.005224481367515502
79 0.02158321440219879 9 16 0.01613366593408237
23 0.06505361199378967 10 11 0.029347978089601098
-1 0.0 0 0 0.0044497547083615354
1 0.363139808177948 12 13 -0.015937519530593896
-1 0.0 0 0 0.0014187661260064393
56 -0.010674843564629555 14 15 -0.0991761419601873
-1 0.0 0 0 0.00016269448647104076
-1 0.0 0 0 -0.018617927826775047
-1 0.0 0 0 -0.002086266142705647
34 0.25127261877059937 18 21 -0.02468989906979372
105 0.03468209505081177 19 20 -0.040740965511439825
-1 0.0 0 0 -0.0069346446963939115
-1 0.0 0 0 0.0008954998028919125
-1 0.0 0 0 0.006247630896747888
104 0.1762557327747345 23 24 0.05004396968954155
-1 0.0 0 0 0.004004420023053688
-1 0.0 0 0 0.02299122311865983
-1 0.0 0 0 -0.008823462684741327
16 -0.18047146499156952 27 28 -0.08041875067339162
-1 0.0 0 0 -0.04239251950743381
-1 0.0 0 0 -0.006018095391001164
nodes 29
5 1.5828040838241577 1 20 0.0
27 -0.10119054466485977 2 7 -0.004326766443422435
6 0.9685481190681458 3 6 -0.06320907814106723
46 0.008213681168854237 4 5 -0.13377276103092345
-1 0.0 0 0 -0.022068002131664433
-1 0.0 0 0 -0.003176172967324186
-1 0.0 0 0 -0.0010895780429696787
106 -0.05406051129102707 8 15 -0.0004718197041428945
2 0.4177689552307129 9 12 -0.03552184420775663
74 -0.07401026040315628 10 11 -0.07450328897452006
-1 0.0 0 0 -0.023227353627108697
-1 0.0 0 0 -0.005387814129656222
80 0.13473929464817047 13 14 0.010613310641767638
-1 0.0 0 0 0.0034033377544992827
-1 0.0 0 0 -0.021680361487368797
73 0.1511753499507904 16 19 0.006285699873521725
47 -0.07777498662471771 17 18 0.009426442529709565
-1 0.0 0 0 -0.003382803230454156
-1 0.0 0 0 0.0017707289278033227
-1 0.0 0 0 -0.010094509035412626
2 0.2812027037143707 21 22 0.036538047101763525
-1 0.0 0 0 -0.0024440710777168615
6 0.6267572045326233 23 24 0.07201030332831891
-1 0.0 0 0 -0.012326740778716967
2 0.42979511618614197 25 28 0.09539920281956846
4 0.9012946486473083 26 27 0.07846336100082613
-1 0.0 0 0 0.0037372665939906626
-1 0.0 0 0 0.01642742825386457
-1 0.0 0 0 0.05628770566584418
nodes 29
81 -0.06511624157428741 1 2 0.0
-1 0.0 0 0 0.00196336817976928
26 0.12073392421007156 3 26 -0.008027182821045083
5 1.129093050956726 4 25 -0.014343073586231884
82 -0.0321868434548378 5 10 -0.040113027952888645
76 0.22112074494361877 6 9 0.005933816419777928
28 0.0633087232708931 7 8 0.014969210239759645
-1 0.0 0 0 0.005599819103720113
-1 0.0 0 0 -0.008139313828731473
-1 0.0 0 0 -0.04053204780871606
99 0.0694354698061943 11 24 -0.06666704757177556
11 0.11110445857048035 12 21 -0.09185427493751996
96 0.15154998004436493 13 20 -0.10975049146684332
104 -0.051723938435316086 14 19 -0.10256777318729994
13 0.05111484229564667 15 18 -0.1969801155017711
1 0.31205636262893677 16 17 -0.2669081114796968
-1 0.0 0 0 0.01375514396395681
-1 0.0 0 0 -0.03282839001405912
-1 0.0 0 0 2.489503983909844e-05
-1 0.0 0 0 -0.0075384861539175
-1 0.0 0 0 -0.050436614137517925
43 0.01362060196697712 22 23 0.05226646397253813
-1 0.0 0 0 0.01215171531572973
-1 0.0 0 0 -0.02701465807565045
-1 0.0 0 0 0.0004979679937946664
-1 0.0 0 0 -0.0002323435686747299
1 0.4194914698600769 27 28 0.04030123730028189
-1 0.0 0 0 0.0013118164704200258
-1 0.0 0 0 0.01557988605316179
nodes 29
105 -0.2051367312669754 1 2 0.0
-1 0.0 0 0 -0.011442819503970768
89 -0.23877973854541779 3 10 0.0013628607422387804
2 0.3676583170890808 4 5 0.07282368268473463
-1 0.0 0 0 -0.00414027036385563
59 0.1438724398612976 6 7 0.13555409953726585
-1 0.0 0 0 0.01856043091854222
61 0.06962360441684723 8 9 -0.10925030824180473
-1 0.0 0 0 -0.020906019135801052
-1 0.0 0 0 0.0512968750333691
95 -0.004364169202744961 11 12 -0.000953718138742881
-1 0.0 0 0 -0.0020009406349215785
41 0.0306084007024765 13 16 0.00876092875869548
37 0.03640628233551979 14 15 -0.019946568440069874
-1 0.0 0 0 -0.0005121373326356243
-1 0.0 0 0 -0.00985309166771189
73 0.0622389130294323 17 24 0.021048715254509024
54 -0.05608132667839527 18 19 0.031223009096144567
-1 0.0 0 0 -0.0020143991465142387
99 -0.08854987472295761 20 21 0.04389103794809591
-1 0.0 0 0 -0.0026908142642681028
2 0.25739794969558716 22 23 0.05491051344659142
-1 0.0 0 0 -0.0026919717148938473
-1 0.0 0 0 0.006597307789595667
0 0.44269806146621704 25 26 -0.0352227027887115
-1 0.0 0 0 -0.007824173462640515
101 0.026580926030874252 27 28 0.04330580420677913
-1 0.0 0 0 0.014575360806502846
-1 0.0 0 0 -0.009012143124879725
nodes 29
107 0.0755225419998169 1 20 0.0
46 0.06214284151792526 2 3 0.00483591841742717
-1 0.0 0 0 -0.00043958383470355845
2 0.4211920201778412 4 9 0.030813132939080133
96 -0.09764178842306137 5 8 0.005776467014880362
33 -0.09859819710254669 6 7 0.050236154054929975
-1 0.0 0 0 0.014634934768804765
-1 0.0 0 0 0.001429278332730656
-1 0.0 0 0 -0.003873549137505305
28 -0.05678609386086464 10 17 0.08260741859644898
13 -0.19988374412059784 11 12 0.19326068632635948
-1 0.0 0 0 -0.08113094119727612
53 -0.21164505183696747 13 16 0.20634784237507134
99 -0.0348522774875164 14 15 -0.2903028870981775
-1 0.0 0 0 0.04491282054062548
-1 0.0 0 0 -0.061520442774406436
-1 0.0 0 0 0.023221506786846972
23 0.013359597884118557 18 19 0.04321720572940155
-1 0.0 0 0 0.009852090087075188
-1 0.0 0 0 -0.0036608172582006148
2 0.48069071769714355 21 22 -0.031434376948418476
-1 0.0 0 0 -0.0017738570110699522
13 0.05217083916068077 23 28 -0.15483030627234126
73 0.07086431980133057 24 27 -0.25664695562476897
24 0.06086891144514084 25 26 -0.33234789955067334
-1 0.0 0 0 -0.045486213233560904
-1 0.0 0 0 -0.006617759734977334
-1 0.0 0 0 0.009128622895775316
-1 0.0 0 0 0.003882096798619771
nodes 29
11 -0.01160234585404396 1 20 0.0
5 1.2035239934921265 2 15 -0.012917423836275796
52 0.14942172169685364 3 14 -0.03027377513812754
27 0.05197925493121147 4 9 -0.024483415107993473
89 0.13682502508163452 5 8 -0.053519467692286486
100 0.18376296758651733 6 7 -0.04722426692501462
-1 0.0 0 0 -0.005635527664588882
-1 0.0 0 0 0.017486817062163564
-1 0.0 0 0 -0.040332363988178584
67 0.010787900537252426 10 11 0.006325494878924962
-1 0.0 0 0 -0.002838277064988694
1 0.4194914698600769 12 13 0.06022491459311327
-1 0.0 0 0 0.0021826232203982373
-1 0.0 0 0 0.018924838246867994
-1 0.0 0 0 -0.018917202712785307
2 0.49836939573287964 16 19 0.012349981492871689
2 0.38711297512054443 17 18 0.015137265553121185
-1 0.0 0 0 -0.0002450210097580061
-1 0.0 0 0 0.007776155489172463
-1 0.0 0 0 -0.03837953463886623
38 -0.04076148569583893 21 28 0.011664250100005822
71 -0.10713251680135727 22 25 0.040483519569135526
21 -0.0074564008973538876 23 24 -0.05436374641252223
-1 0.0 0 0 0.017163622712595732
-1 0.0 0 0 -0.010080753488559385
77 -0.14538797736167908 26 27 0.05336208199700636
-1 0.0 0 0 -0.00817396719097147
-1 0.0 0 0 0.00637943904786861
-1 0.0 0 0 -0.0002386428665402682
nodes 29
81 0.14788803458213806 1 26 0.0
6 0.9567990303039551 2 25 0.002599902659492247
24 -0.10393726825714111 3 4 -0.01469333115741153
-1 0.0 0 0 -0.00853045253372927
5 1.0651826858520508 5 10 -0.006640663708353371
85 -0.057032566517591476 6 7 -0.21740002718475154
-1 0.0 0 0 -0.08730203871216093
93 0.07060334086418152 8 9 -0.11763171154218624
-1 0.0 0 0 -0.001478064934702251
-1 0.0 0 0 -0.07029477563982998
16 -0.04404526203870773 11 12 -0.0037509350149762914
-1 0.0 0 0 0.002374666148694037
35 -0.009178689680993557 13 14 -0.02792662936291809
-1 0.0 0 0 -0.008678018657871104
1 0.40046682953834534 15 16 0.003894294981357187
-1 0.0 0 0 -0.0017071317321239881
29 0.10703323036432266 17 22 0.08123145045928659
26 -0.02380228601396084 18 21 0.12605330076247398
77 -0.09543582797050476 19 20 -0.024485271986308666
-1 0.0 0 0 -0.0477948134622394
-1 0.0 0 0 0.006959767708398193
-1 0.0 0 0 0.020447904108159786
104 -0.03703544661402702 23 24 -0.13441653339737522
-1 0.0 0 0 -0.054590977021321964
-1 0.0 0 0 0.0002747878874572894
-1 0.0 0 0 0.0012538873178018523
15 -0.06897604465484619 27 28 -0.057680706278513405
-1 0.0 0 0 -0.015850263442753417
-1 0.0 0 0 -0.00185460923912527
nodes 29
8 69.5 1 26 0.0
6 0.8826463222503662 2 7 -0.0019214643537619474
7 0.0020000000949949026 3 4 -0.04192950423454717
-1 0.0 0 0 -0.015096582323086397
65 -0.009579128585755825 5 6 -0.024940508416034277
-1 0.0 0 0 -0.008459942284747755
-1 0.0 0 0 0.0006777389743738672
57 0.09620047360658646 8 15 0.0029911259628868764
5 1.3474245071411133 9 10 -0.0035328336205656986
-1 0.0 0 0 -0.0011049499242248388
2 0.39544016122817993 11 12 0.03049291299933137
-1 0.0 0 0 0.0014342100073215013
96 0.1632748395204544 13 14 0.2291146113453541
-1 0.0 0 0 0.02634362829520765
-1 0.0 0 0 -0.05292308946317506
84 -0.07454929500818253 16 17 0.032605042215338366
-1 0.0 0 0 -0.007173408531531288
1 0.4337610900402069 18 21 0.04613715607936974
108 0.049753326922655106 19 20 0.032051109757357296
-1 0.0 0 0 -0.0006522441078492062
-1 0.0 0 0 0.008265074261468925
86 -0.04081901162862778 22 23 0.1689911209242223
-1 0.0 0 0 0.03136492187282305
27 -0.06737271696329117 24 25 0.06999659227389399
-1 0.0 0 0 -0.03840420791032639
-1 0.0 0 0 0.01375801563489784
2 0.37698498368263245 27 28 0.0807577203393931
-1 0.0 0 0 0.013171159054279725
-1 0.0 0 0 -0.00964517897129084
nodes 29
7 0.7700000107288361 1 28 0.0
52 -0.15406854450702667 2 17 0.00043390580930252235
2 0.400075227022171 3 4 0.04835629977494495
-1 0.0 0 0 -0.0026276399040638092
105 0.06775342673063278 5 16 0.12751457058320093
26 0.030301567167043686 6 15 0.080860672146768
48 0.16508914530277252 7 12 -0.00012255232790500572
98 -0.005962564144283533 8 9 -0.027056626469329353
-1 0.0 0 0 0.008249211655173356
57 -0.11312398314476013 10 11 -0.16221696167016925
-1 0.0 0 0 -0.0738696729018226
-1 0.0 0 0 -0.010766833852325637
5 1.160434365272522 13 14 0.5019109279802833
-1 0.0 0 0 0.010375499969813974
-1 0.0 0 0 0.12603031723272234
-1 0.0 0 0 0.018407120716874486
-1 0.0 0 0 0.026701951443927587
48 0.16843099892139435 18 27 -0.0025634424977777673
59 -0.07445862889289856 19 26 0.0005905575700558475
70 0.08203162252902985 20 25 -0.045313399201274876
75 -0.039848919957876205 21 24 -0.07538975334251596
6 1.023139476776123 22 23 -0.18021965039845989
-1 0.0 0 0 -0.02435093193402719
-1 0.0 0 0 0.008712099131896007
-1 0.0 0 0 -0.004069081305826414
-1 0.0 0 0 0.00619606384825044
-1 0.0 0 0 0.0005162759952456661
-1 0.0 0 0 -0.0056278852822428446
-1 0.0 0 0 -0.034393578543076446
nodes 29
34 0.19945162534713745 1 24 0.0
6 1.03019118309021 2 19 -0.00749087066159743
43 -0.1183081865310669 3 10 -0.012578847212897558
49 0.02459252066910267 4 7 0.0135889895555278
70 -0.06453125178813934 5 6 -0.06720305672683248
-1 0.0 0 0 -0.027807854626139085
-1 0.0 0 0 -0.002366920195645099
0 0.49756383895874023 8 9 0.024901863539271825
-1 0.0 0 0 0.0015241239589239282
-1 0.0 0 0 0.016166344822787573
96 -0.07575865834951401 11 14 -0.026675070436991667
75 0.044948406517505646 12 13 -0.0028755876259434305
-1 0.0 0 0 -0.003601856914588595
-1 0.0 0 0 0.0033954388220456366
89 -0.20663154125213623 15 18 -0.04939733057683772
21 0.10584573447704315 16 17 0.06972973575508949
-1 0.0 0 0 -0.006413333885130167
-1 0.0 0 0 0.0188165613287995
-1 0.0 0 0 -0.005854974037087373
1 0.2328747808933258 20 23 0.048896893579494165
7 0.5980000197887421 21 22 0.08151897304425178
-1 0.0 0 0 0.011501214855073024
-1 0.0 0 0 -0.006462635884635135
-1 0.0 0 0 -0.00952678314598612
21 -0.004331821575760841 25 26 0.019413092739740408
-1 0.0 0 0 -0.007533857201512333
32 -0.06881171464920044 27 28 0.029646528934762103
-1 0.0 0 0 0.007553036070729515
-1 0.0 0 0 0.0010560799169458735
nodes 29
0 0.19463582336902618 1 2 0.0
-1 0.0 0 0 -0.007864176034210966
5 1.2949990034103394 3 18 0.0018950306611663684
15 0.044520292431116104 4 15 -0.005562501604873112
18 0.14302054047584534 5 14 -0.0179949673569012
81 0.033823173493146896 6 9 -0.014038258540122125
27 -0.030301477760076523 7 8 0.0007029864479924246
-1 0.0 0 0 -0.005214099223927881
-1 0.0 0 0 0.0014657908439761071
108 0.11196522414684296 10 13 -0.04775616584189125
23 0.027529379352927208 11 12 -0.06791932490765458
-1 0.0 0 0 -0.0033777717621596044
-1 0.0 0 0 -0.012284802213044715
-1 0.0 0 0 0.00333030898261375
-1 0.0 0 0 -0.013735606919952565
26 0.04754363372921944 16 17 0.026389385286129254
-1 0.0 0 0 -2.301934643919121e-05
-1 0.0 0 0 0.007536459546470527
59 0.02263898029923439 19 22 0.025218023087913984
6 1.0263746976852417 20 21 -0.017705739738109905
-1 0.0 0 0 -0.0049073785518437465
-1 0.0 0 0 0.008812378515703552
2 0.3315906226634979 23 24 0.052121007214930945
-1 0.0 0 0 0.0012919346030493978
6 0.8208140134811401 25 26 0.10177685204752435
-1 0.0 0 0 -0.0026708818494270343
41 0.1864568144083023 27 28 0.14340345187224943
-1 0.0 0 0 0.011828093191584574
-1 0.0 0 0 0.03392314431839623
nodes 29
60 0.21695318818092346 1 22 0.0
107 0.10706234723329544 2 19 -0.0015172167147562005
79 -0.12666486203670502 3 12 0.0019710092512721963
2 0.4658086895942688 4 5 0.03283988326364668
-1 0.0 0 0 0.0017798007616543722
88 0.03886806592345238 6 11 0.14823061028214768
105 -0.16283735632896423 7 8 0.057716645433547493
-1 0.0 0 0 -0.06495103344853435
8 55.5 9 10 0.08459280645109493
-1 0.0 0 0 0.010940368302146387
-1 0.0 0 0 -0.07066969355967428
-1 0.0 0 0 0.02720236723640673
10 -0.03976922854781151 13 18 -0.0038029986857425996
61 -0.027136072516441345 14 17 -0.02816354053532346
16 0.06180456280708313 15 16 0.003665469234073481
-1 0.0 0 0 0.00209677572901251
-1 0.0 0 0 -0.009263478650486856
-1 0.0 0 0 -0.005475116488562492
-1 0.0 0 0 0.0008524074342294953
101 -0.0065024239011108875 20 21 -0.04469290190503484
-1 0.0 0 0 -0.010284317749433704
-1 0.0 0 0 -0.0005245155645321163
2 0.3732672333717346 23 24 0.09524405507846143
-1 0.0 0 0 -0.0054631057686774535
26 -0.09061604738235474 25 28 0.17155198063458252
35 -0.061968203634023666 26 27 -0.22131354952701562
-1 0.0 0 0 -0.10241214318878272
-1 0.0 0 0 0.0017359064147820244
-1 0.0 0 0 0.021154677479737514
nodes 29
21 -0.42694708704948425 1 2 0.0
-1 0.0 0 0 0.018908565981419045
89 0.07622063905000687 3 28 -0.0007460386446479364
18 -0.21563488245010376 4 7 0.0031217515938105913
36 0.057716093957424164 5 6 0.09529972360076755
-1 0.0 0 0 0.016226025282597496
-1 0.0 0 0 -0.002536713398470345
34 0.19945162534713745 8 25 0.0006034693885380896
90 0.01631222851574421 9 10 -0.00800037449074513
-1 0.0 0 0 -0.0020650367057059244
2 0.4677373170852661 11 12 0.0173307682590415
-1 0.0 0 0 0.00026834384157794887
58 0.07373163104057312 13 24 0.09530208183843948
86 0.006211240775883198 14 15 0.0284023584939256
-1 0.0 0 0 0.013079440007008775
49 0.05478651821613312 16 21 -0.10663326700662404
83 -0.07954973727464676 17 18 -0.31680924625817075
-1 0.0 0 0 -0.08989270965435675
62 -0.12410788238048553 19 20 -0.1999683874195248
-1 0.0 0 0 0.06414629811277757
-1 0.0 0 0 -0.028643959525442526
40 -0.10589540004730225 22 23 0.00955312416378544
-1 0.0 0 0 -0.0533816016788284
-1 0.0 0 0 0.008630017797057491
-1 0.0 0 0 0.02148558871928451
32 -0.06661579012870789 26 27 0.022807125929734454
-1 0.0 0 0 0.006930229326820615
-1 0.0 0 0 0.00026276160818939227
-1 0.0 0 0 -0.004813676121647927
nodes 29
8 69.5 1 26 0.0
9 -0.17580099403858185 2 7 -0.001812008333031759
2 0.3676583170890808 3 4 0.05095762839905706
-1 0.0 0 0 -0.0051188960908148265
31 -0.06454789638519287 5 6 0.09825600527662658
-1 0.0 0 0 0.024397929352023565
-1 0.0 0 0 0.006166539890843966
6 0.9330530166625977 8 25 -0.004663805509557645
7 0.0020000000949949026 9 10 -0.028413096368154905
-1 0.0 0 0 -0.011654581544864623
61 -0.08186359703540802 11 18 -0.017552908330095065
40 -0.11488404124975204 12 15 0.03824913162572078
98 0.07606294751167297 13 14 -0.1781760470366862
-1 0.0 0 0 -0.025389857596343608
-1 0.0 0 0 0.04223212172428883
99 -0.0950956717133522 16 17 0.05801774927709192
-1 0.0 0 0 -0.010981909729107113
-1 0.0 0 0 0.00815522352211495
31 0.0013785527553409338 19 24 -0.03439077477648001
80 -0.08828702569007874 20 23 0.0047692434193501556
60 0.15408384799957275 21 22 -0.11656355055302615
-1 0.0 0 0 -0.008151890672379118
-1 0.0 0 0 -0.06393128210057815
-1 0.0 0 0 0.0024292885920381225
-1 0.0 0 0 -0.006683966538012041
-1 0.0 0 0 0.0002832279367044295
2 0.37698498368263245 27 28 0.07615736636904587
-1 0.0 0 0 0.01220690788658811
-1 0.0 0 0 -0.008351631582129626
nodes 29
22 -0.03187309950590134 1 20 0.0
66 0.15942323207855225 2 19 0.01535817146382529
57 0.11253468692302704 3 16 0.019663401344616842
38 0.12559112906455994 4 15 0.0108568264874064
52 0.018666857853531837 5 14 0.019427109583477178
0 0.46236106753349304 6 11 0.03872387215571398
14 0.04218684509396553 7 10 0.01804368877338378
4 0.9188401103019714 8 9 0.039882507636808694
-1 0.0 0 0 -0.0016488974298771502
-1 0.0 0 0 0.00718364915221725
-1 0.0 0 0 -0.007986883487235773
34 0.002637268975377083 12 13 0.09415117245359167
-1 0.0 0 0 -0.006120917265934898
-1 0.0 0 0 0.012083288668063847
-1 0.0 0 0 -0.0010406452255043981
-1 0.0 0 0 -0.005862968449740276
80 0.14353634417057037 17 18 0.07542200634203537
-1 0.0 0 0 0.009476623223435614
-1 0.0 0 0 -0.013424291634905975
-1 0.0 0 0 -0.009668827687797775
67 0.09833452850580215 21 22 -0.008966981064086166
-1 0.0 0 0 -0.00032011348431529047
60 0.1513482630252838 23 28 -0.05260914690220059
10 0.023825976997613907 24 27 -0.06750014705802404
7 0.02199999988079071 25 26 -0.10986272588595015
-1 0.0 0 0 -0.023131992584204623
-1 0.0 0 0 -0.007670235950052166
-1 0.0 0 0 -0.0009905750721920226
-1 0.0 0 0 0.01395128513346311
nodes 29
19 -0.047336287796497345 1 14 0.0
1 0.3802894651889801 2 7 0.015708909555998646
33 -0.05396394431591034 3 6 0.03371159277122089
2 0.2794410288333893 4 5 0.07089071680669706
-1 0.0 0 0 -0.002754677766103673
-1 0.0 0 0 0.010069895376781386
-1 0.0 0 0 0.00011687079359804223
29 0.07251626253128052 8 9 -0.03120976493913039
-1 0.0 0 0 0.0004365619104324247
31 0.044837430119514465 10 11 -0.134347541058807
-1 0.0 0 0 -0.005569915383466399
107 0.15095791220664978 12 13 -0.27529168053969694
-1 0.0 0 0 -0.024724779851970097
-1 0.0 0 0 -0.13555907879186713
2 0.4398999512195587 15 16 -0.008716804374274792
-1 0.0 0 0 -0.0020798979325488453
18 0.07488401979207993 17 28 0.025009009688094292
39 0.06399556994438171 18 21 0.04255475471757794
11 -0.026231981813907623 19 20 0.0782497534157485
-1 0.0 0 0 0.0010994618914133517
-1 0.0 0 0 0.01237764859170156
40 -0.01707492768764496 22 23 -0.02227435402915591
-1 0.0 0 0 0.008714139384069019
59 -0.04660286009311676 24 25 -0.0840423484070655
-1 0.0 0 0 0.011542859504816346
33 -0.08811929076910019 26 27 -0.12809816109825634
-1 0.0 0 0 -0.030894811485459053
-1 0.0 0 0 -0.006746738889752569
-1 0.0 0 0 -0.010559281767422456
nodes 29
20 -0.132066547870636 1 4 0.0
45 -0.1674019694328308 2 3 -0.04180876160224702
-1 0.0 0 0 -0.03598262629752589
-1 0.0 0 0 -0.00341501361520918
49 0.19992457330226898 5 20 0.0031754344203565516
74 -0.05464904010295868 6 7 -0.003686699017021147
-1 0.0 0 0 -0.004267935379070714
108 -0.042760446667671204 8 11 0.0037641635343538798
94 -0.05465298518538475 9 10 -0.032026511202586073
-1 0.0 0 0 0.0020047751997125207
-1 0.0 0 0 -0.0064603448971985835
91 0.008382802829146385 12 19 0.014011075472253382
0 0.425388902425766 13 14 0.03145540081340208
-1 0.0 0 0 0.0004122561420413723
18 -0.1520364135503769 15 16 0.06182975695141768
-1 0.0 0 0 0.01631485796429556
63 -0.03126003220677376 17 18 0.04794153659498669
-1 0.0 0 0 0.009079166934220574
-1 0.0 0 0 0.00030770478726377284
-1 0.0 0 0 -0.0009010943716001324
0 0.4964250326156616 21 28 0.02728671382370153
36 -0.023819373920559883 22 25 0.0196069341344127
85 -0.11108208447694778 23 24 -0.04020207772746801
-1 0.0 0 0 -0.034218287340491635
-1 0.0 0 0 -0.0027201809982141893
51 -0.00026799109764397144 26 27 0.04419623021050085
-1 0.0 0 0 0.009209972241532027
-1 0.0 0 0 0.0011984069507115776
-1 0.0 0 0 0.018347672022990112
nodes 29
5 1.5828040838241577 1 22 0.0
37 -0.06591235846281052 2 19 -0.003953447364696458
87 0.03278135880827904 3 4 0.009893113969978246
-1 0.0 0 0 0.0029824444166713458
27 0.05197925493121147 5 18 -0.019718863413997825
80 0.05603819340467453 6 7 -0.05587054266305227
-1 0.0 0 0 -0.0019379767146595823
2 0.4177689552307129 8 9 -0.13628744137588764
-1 0.0 0 0 -0.005018970523035929
59 0.01276142243295908 10 13 -0.32598019552877755
76 0.1763671338558197 11 12 -0.05781556882213281
-1 0.0 0 0 0.0022477583620767994
-1 0.0 0 0 -0.09639811463920134
53 -0.005286641418933868 14 17 -0.4834010685442823
79 -0.05234457552433014 15 16 -0.6338287547633762
-1 0.0 0 0 -0.03306914434228805
-1 0.0 0 0 -0.08792894980169635
-1 0.0 0 0 -0.013580262976682793
-1 0.0 0 0 0.00210505595746558
70 -0.09248223155736923 20 21 -0.017833499441647988
-1 0.0 0 0 -0.009302205811570754
-1 0.0 0 0 -0.0008593049643078164
2 0.25739794969558716 23 24 0.03338549775635066
-1 0.0 0 0 -0.0037452017289321435
6 0.5334320068359375 25 26 0.05780167959962652
-1 0.0 0 0 -0.01744149977740966
2 0.4272238612174988 27 28 0.06938155124466285
-1 0.0 0 0 0.005800641738083555
-1 0.0 0 0 0.0336808717964838
nodes 29
58 0.19926384091377258 1 24 0.0
5 1.242843508720398 2 19 -0.0027539310359933965
93 0.14404544234275818 3 18 -0.011249517509353768
17 -0.08578117191791534 4 7 -0.007419426080318637
97 -0.0733952671289444 5 6 0.03523044833444311
-1 0.0 0 0 0.012742001159545217
-1 0.0 0 0 0.0011679712570684705
82 0.08529093116521835 8 13 -0.017669557700701864
57 -0.0337102897465229 9 12 -0.00758633322656149
92 0.014009678736329079 10 11 -0.043691571830456355
-1 0.0 0 0 -1.3580203122824406e-05
-1 0.0 0 0 -0.009157591326075036
-1 0.0 0 0 0.0007263503057701649
43 0.11671724915504456 14 17 -0.06279273622396787
27 -0.030301477760076523 15 16 -0.053813278054588715
-1 0.0 0 0 -0.015670784064484532
-1 0.0 0 0 -0.0024740205031039656
-1 0.0 0 0 -0.04213643428525544
-1 0.0 0 0 -0.011247055048337043
59 0.09123461693525314 20 21 0.015105037653689913
-1 0.0 0 0 -0.0005139356462622457
2 0.3315906226634979 22 23 0.050843734319584374
-1 0.0 0 0 -2.2315874116839694e-05
-1 0.0 0 0 0.01104820677150129
89 -0.10155868530273438 25 26 0.047408749051718636
-1 0.0 0 0 0.012350112291186563
27 0.17071005702018738 27 28 -0.000865394650565737
-1 0.0 0 0 -0.0019505857729357349
-1 0.0 0 0 0.023605869525701415
nodes 29
82 -0.1986338496208191 1 2 0.0
-1 0.0 0 0 -0.009062365171405469
77 0.17215831577777863 3 18 0.0014445499758344918
73 -0.07325596362352371 4 7 0.0035083843502019788
96 -0.04007985442876816 5 6 0.020025133804496383
-1 0.0 0 0 0.004046504952258156
-1 0.0 0 0 -0.0013775657792858224
2 0.4520031809806824 8 9 -0.0053469366098303295
-1 0.0 0 0 -0.0014619231852131258
53 -0.17691677808761597 10 13 0.031027976534356128
71 -0.10179447382688522 11 12 -0.14641116870583198
-1 0.0 0 0 -0.05935289103345111
-1 0.0 0 0 -0.007461485360488131
49 -0.16991260647773743 14 15 0.04704625754148139
-1 0.0 0 0 -0.0765897048995472
21 -0.16412131488323212 16 17 0.050704045197440685
-1 0.0 0 0 -0.044338022902098706
-1 0.0 0 0 0.005671890893157639
5 1.1990772485733032 19 28 -0.07134249306445024
66 -0.11533615738153458 20 25 -0.14461304126247565
100 -0.09684261679649353 21 22 -0.4507131157995717
-1 0.0 0 0 0.03714746818656013
27 0.10778976231813431 23 24 -0.5758286502268807
-1 0.0 0 0 -0.039860748235134136
-1 0.0 0 0 -0.12419357984487354
0 0.4283096194267273 26 27 -0.10720342415917183
-1 0.0 0 0 -0.024553287070498815
-1 0.0 0 0 -0.0026861412678126652
-1 0.0 0 0 0.0013964524773761177
nodes 29
9 0.09433812648057938 1 10 0.0
104 -0.12662509083747864 2 3 0.0034891540678129752
-1 0.0 0 0 -0.004776327597282633
2 0.1884964108467102 4 5 0.007159358693613621
-1 0.0 0 0 -0.008982158168057619
89 -0.038252100348472595 6 9 0.009276912451918777
21 0.26347675919532776 7 8 0.02039450449146415
-1 0.0 0 0 0.001510285087644001
-1 0.0 0 0 0.010503853275995761
-1 0.0 0 0 -0.000922673078871286
69 0.10099385678768158 11 12 -0.03695542690336021
-1 0.0 0 0 -0.001401559122260373
2 0.3741876482963562 13 14 -0.13468751952619287
-1 0.0 0 0 -0.0017541393708226131
79 -0.08342377841472626 15 18 -0.2319606418571831
25 0.12176454812288284 16 17 0.04514065886253555
-1 0.0 0 0 0.016287118770647795
-1 0.0 0 0 -0.06906751464121044
19 -0.02057245559990406 19 20 -0.32877916861467515
-1 0.0 0 0 -0.05253239896366674
54 0.11631408333778381 21 28 -0.1638121858732246
41 0.07530166953802109 22 23 -0.23449704051664513
-1 0.0 0 0 -0.04890158199515671
44 -0.014934727922081947 24 27 0.03741122074302297
108 0.012379234656691551 25 26 -0.26739592003830515
-1 0.0 0 0 -0.08293782319341388
-1 0.0 0 0 0.008384302489659084
-1 0.0 0 0 0.04336605037587496
-1 0.0 0 0 0.06768326925645982
nodes 29
98 0.2064957469701767 1 26 0.0
68 0.07672770321369171 2 25 0.001000915776372165
42 -0.060052450746297836 3 4 0.006016081217037219
-1 0.0 0 0 0.002302331676923871
2 0.44076260924339294 5 6 -0.006027599881426668
-1 0.0 0 0 -0.001809247271940338
18 0.14302054047584534 7 24 0.028589028454649747
15 0.09029535949230194 8 23 0.03881821908774316
80 0.12672707438468933 9 20 0.016878774677194334
62 -0.11398417502641678 10 11 0.03620525799645576
-1 0.0 0 0 0.018256018884615054
84 -0.17362435162067413 12 13 0.012970244559944813
-1 0.0 0 0 -0.047223214117961154
39 0.11390159279108047 14 17 0.019808419371662788
60 -0.02261842042207718 15 16 0.04614069334942522
-1 0.0 0 0 -0.004706913790236871
-1 0.0 0 0 0.0088504952935843
29 0.19207724928855896 18 19 -0.0953279218271484
-1 0.0 0 0 -0.006916296877947605
-1 0.0 0 0 -0.08363193921372294
93 0.04475368931889534 21 22 -0.149663686328173
-1 0.0 0 0 -0.005446837602718042
-1 0.0 0 0 -0.043882838829509795
-1 0.0 0 0 0.015094712622112212
-1 0.0 0 0 -0.026796145116672044
-1 0.0 0 0 -0.002765683306603946
48 -0.10806187242269516 27 28 -0.1266669197995762
-1 0.0 0 0 -0.05957939045531957
-1 0.0 0 0 -0.00835438264935332
nodes 29
72 0.022769471630454063 1 20 0.0
35 0.14434166252613068 2 15 -0.01151230351889093
5 1.4280284643173218 3 14 -0.01757672137540581
52 -0.19262467324733734 4 5 -0.02721057503017946
-1 0.0 0 0 0.012598740169360773
107 0.013775856234133244 6 7 -0.03084412756914268
-1 0.0 0 0 -0.0014817177921136067
101 -0.05514563247561455 8 11 -0.06464900804895997
37 -0.0829714983701706 9 10 -0.15280939589684323
-1 0.0 0 0 -0.004185343021698468
-1 0.0 0 0 -0.022231904085813308
20 0.18702873587608337 12 13 -0.03896754600972759
-1 0.0 0 0 -0.004640721739024383
-1 0.0 0 0 0.025226596152756065
-1 0.0 0 0 0.002971374466300658
2 0.4080648720264435 16 17 0.0543859422233256
-1 0.0 0 0 -0.0025621499837090336
11 -0.0794266015291214 18 19 0.14518508577096043
-1 0.0 0 0 -0.0057412663229148495
-1 0.0 0 0 0.019550775245808425
75 0.03487866744399071 21 26 0.011069696463400941
98 -0.1719440370798111 22 23 -0.008951382003206807
-1 0.0 0 0 0.011216882649333515
56 -0.09481402486562729 24 25 -0.01747597145750888
-1 0.0 0 0 -0.009413435431278507
-1 0.0 0 0 -0.000425518896487828
41 0.16000503301620483 27 28 0.030617316590616145
-1 0.0 0 0 0.001696313489786025
-1 0.0 0 0 0.008935976732635733
nodes 29
21 -0.42694708704948425 1 2 0.0
-1 0.0 0 0 0.017893788177708436
41 -0.10740414261817932 3 8 -0.0007060005067409413
88 0.04482990875840187 4 7 -0.06887646483218511
56 0.20405128598213196 5 6 -0.12229323823211245
-1 0.0 0 0 -0.01120157061240215
-1 0.0 0 0 -0.08409863763621876
-1 0.0 0 0 0.00292601789904381
95 -0.00632384093478322 9 14 0.0014597216196951192
85 0.04952538013458252 10 11 -0.01613295121475077
-1 0.0 0 0 -0.003895657190107576
62 -0.06592024862766266 12 13 0.012699637036663937
-1 0.0 0 0 0.007222889535461456
-1 0.0 0 0 -0.0008160059570641138
99 -0.1201571449637413 15 18 0.010027620478009867
90 -0.2050865888595581 16 17 -0.05064278448096046
-1 0.0 0 0 -0.04203654439832137
-1 0.0 0 0 -0.0041465007060420165
54 0.11780890077352524 19 28 0.015175744206063662
104 0.1318507194519043 20 25 0.007795707862487006
61 0.07360965013504028 21 24 0.001846548609016529
73 -0.03520806133747101 22 23 0.01007160761128815
-1 0.0 0 0 0.0032945040785942615
-1 0.0 0 0 -0.001451216639686421
-1 0.0 0 0 -0.004631295571319404
59 0.21520677208900452 26 27 0.061845362140472815
-1 0.0 0 0 0.007588637427828945
-1 0.0 0 0 -0.023844915397222277
-1 0.0 0 0 0.00635949365352604
nodes 29
8 65.5 1 26 0.0
6 0.8724886775016785 2 25 -0.002305385802276656
7 0.014000000432133675 3 20 -0.043391459351066516
2 0.46202293038368225 4 5 -0.09884854701725132
-1 0.0 0 0 -0.006862320886763598
41 0.08210199326276779 6 11 -0.2721045031962964
3 0.8297833204269409 7 8 -0.45713231020937956
-1 0.0 0 0 -0.06688780243118095
20 -0.026531392708420753 9 10 0.13420633039374769
-1 0.0 0 0 -0.06388046876169168
-1 0.0 0 0 0.04931043030415562
40 0.006030119489878416 12 17 0.026049113285925643
30 0.048589177429676056 13 16 0.4192081701963447
37 -0.07360124588012695 14 15 0.10271348634309936
-1 0.0 0 0 -0.06600678632543847
-1 0.0 0 0 0.05821760489472321
-1 0.0 0 0 0.10412839281147923
64 -0.08810032904148102 18 19 -0.28994788572618685
-1 0.0 0 0 -0.09560047352108463
-1 0.0 0 0 -0.004231136476394171
2 0.38711297512054443 21 22 -0.007392626664752181
-1 0.0 0 0 -0.0064686588015867436
72 -0.07742556184530258 23 24 0.06135530423256667
-1 0.0 0 0 -0.01661936465448213
-1 0.0 0 0 0.009818596570313656
-1 0.0 0 0 0.0001748897913487394
2 0.37698498368263245 27 28 0.054971281578713706
-1 0.0 0 0 0.010723786456330167
-1 0.0 0 0 -0.00802603497976311
nodes 29
24 0.03952550329267979 1 24 0.0
59 -0.07445862889289856 2 23 -0.0090781551525805
60 0.09522750601172447 3 14 -0.06281038593636787
6 1.0449284315109253 4 13 -0.08993389599197253
75 -0.07670991122722626 5 6 -0.1104228993700528
-1 0.0 0 0 -0.029591597841987224
98 -0.08654630929231644 7 10 -0.08218276714291682
18 -0.020325399935245514 8 9 0.035344227393340547
-1 0.0 0 0 0.015719952805902458
-1 0.0 0 0 -0.013033095971862398
94 -0.10289812088012695 11 12 -0.12259585428065356
-1 0.0 0 0 0.003667937136682061
-1 0.0 0 0 -0.01641083112819862
-1 0.0 0 0 0.010015118050918495
2 0.41507071256637573 15 16 0.056110031087241996
-1 0.0 0 0 -0.012104168491827647
96 0.04254639148712158 17 18 0.17926215714395544
-1 0.0 0 0 0.02593913134571829
43 -0.0607003141194582 19 20 -0.1847728892101039
-1 0.0 0 0 0.022705448540075432
102 0.031312327831983566 21 22 -0.674303542049426
-1 0.0 0 0 -0.11510758061300626
-1 0.0 0 0 0.011237069368362426
-1 0.0 0 0 -0.000325239057276398
52 0.09331066161394119 25 28 0.013617232976520609
2 0.46876227855682373 26 27 0.021628685020530832
-1 0.0 0 0 0.001211077346290743
-1 0.0 0 0 0.009063241982752376
-1 0.0 0 0 -0.004157803722018099
nodes 29
5 1.167675495147705 1 16 0.0
73 0.21216915547847748 2 15 -0.011376513081354931
17 -0.05903651937842369 3 6 -0.00967233458562747
28 0.07717492431402206 4 5 0.027343732160159836
-1 0.0 0 0 0.005242666433062717
-1 0.0 0 0 -0.0048414699898875315
18 0.14798051118850708 7 14 -0.024222353566459912
15 -0.006949485745280981 8 9 -0.019948757817172633
-1 0.0 0 0 -0.00466776132443329
70 0.07975419610738754 10 13 0.007243769558083227
62 -0.007145872339606285 11 12 -0.017694315185305495
-1 0.0 0 0 0.0024263187201988574
-1 0.0 0 0 -0.006393736723352555
-1 0.0 0 0 0.0071427195588095824
-1 0.0 0 0 -0.018617392551677443
-1 0.0 0 0 -0.03535345415990506
76 -0.056198641657829285 17 18 0.010768844373563026
-1 0.0 0 0 -0.003584706863266038
2 0.3349543809890747 19 20 0.020794589943836435
-1 0.0 0 0 -0.0004509441081597757
6 0.9147838950157166 21 22 0.042966778307961674
-1 0.0 0 0 -0.0016693961617333067
53 -0.02485220693051815 23 28 0.07473039156026583
5 1.4031345844268799 24 25 0.11622164490251935
-1 0.0 0 0 0.008624845742264789
39 0.055686116218566895 26 27 0.24847540230166323
-1 0.0 0 0 0.01430650974809261
-1 0.0 0 0 0.0387599338133502
-1 0.0 0 0 0.0009462435734043736
nodes 29
105 -0.2051367312669754 1 6 0.0
29 -0.14413313567638397 2 5 -0.10031379475246421
91 -0.0006714129121974111 3 4 -0.5634397227549925
-1 0.0 0 0 -0.011740002292208375
-1 0.0 0 0 -0.10094794225879014
-1 0.0 0 0 -0.007368301362743114
19 -0.042562857270240784 7 16 0.001194755675469762
80 -0.11158253252506256 8 9 0.015649126442761757
-1 0.0 0 0 -0.0064210126538976845
2 0.22611212730407715 10 11 0.024811302967341898
-1 0.0 0 0 -0.006863121860213152
1 0.3802894651889801 12 13 0.03128203521913401
-1 0.0 0 0 0.004975330228353002
82 -0.00712172407656908 14 15 -0.01325242578568311
-1 0.0 0 0 0.005129642997530353
-1 0.0 0 0 -0.007292890155966507
0 0.4475291669368744 17 20 -0.007535815650016962
19 0.13742083311080933 18 19 -0.021530935096138164
-1 0.0 0 0 -0.001504487932405066
-1 0.0 0 0 -0.010832745244841086
79 -0.12666486203670502 21 24 0.016929268707578656
15 -0.07827772200107574 22 23 0.09717463892211532
-1 0.0 0 0 -0.004797259526362837
-1 0.0 0 0 0.014266049802491444
96 0.12117522209882736 25 28 0.0036607105075349322
94 -0.13544894754886627 26 27 0.011465967971952587
-1 0.0 0 0 -0.008979462345778764
-1 0.0 0 0 0.0022647929980852514
-1 0.0 0 0 -0.013764777890040773
nodes 29
6 1.0263746976852417 1 24 0.0
2 0.1884964108467102 2 3 -0.003287221864346007
-1 0.0 0 0 -0.014548593547022355
49 0.12638747692108154 4 13 -0.0017522244602180123
88 -0.08475865423679352 5 8 -0.017921078485197067
82 -0.10937529802322388 6 7 -0.08001199814876844
-1 0.0 0 0 -0.0247046763144596
-1 0.0 0 0 -0.005262152701528665
67 0.08623635768890381 9 12 -0.008317744960487088
52 -0.19262467324733734 10 11 0.0018495601720099285
-1 0.0 0 0 0.015961434055153947
-1 0.0 0 0 -0.0002866525524844007
-1 0.0 0 0 -0.006778017129266899
97 -0.039605651050806046 14 17 0.012885222017598867
37 -0.06788970530033112 15 16 0.04767176660352192
-1 0.0 0 0 0.009792496206815044
-1 0.0 0 0 -0.0002792007950153235
80 0.05187734588980675 18 23 -0.0007137914714597633
2 0.3627558946609497 19 20 0.01894175860870162
-1 0.0 0 0 -0.0025881663530184507
60 -0.016704745590686798 21 22 0.048572406896721425
-1 0.0 0 0 -0.0016323594113549585
-1 0.0 0 0 0.00814560997163319
-1 0.0 0 0 -0.0035966516617269885
1 0.2985428273677826 25 28 0.036630467480528936
49 0.0766565352678299 26 27 0.049913216228901935
-1 0.0 0 0 0.011029434209044644
-1 0.0 0 0 3.459923509232544e-05
-1 0.0 0 0 -0.02263075816065821
nodes 29
34 0.24788835644721985 1 22 0.0
100 0.09665746986865997 2 17 -0.004323047992221064
88 0.03886806592345238 3 12 -0.011722066322209079
6 1.021686315536499 4 11 -0.027088959467572497
55 0.08920460939407349 5 8 -0.03616545807612688
41 0.05069930478930473 6 7 -0.02499227369122026
-1 0.0 0 0 -0.005936967631577424
-1 0.0 0 0 -4.1996337255540697e-05
14 -0.21869134902954102 9 10 -0.10085551036441384
-1 0.0 0 0 -0.05832189680742366
-1 0.0 0 0 -0.008855348476058426
-1 0.0 0 0 0.005125492025966541
0 0.4568142890930176 13 14 0.006105004948154441
-1 0.0 0 0 -0.001312614642299277
52 0.09683769196271896 15 16 0.050848037135486086
-1 0.0 0 0 0.007065222260531837
-1 0.0 0 0 -0.007491938796088228
71 -0.10007451474666595 18 19 0.021739148539253624
-1 0.0 0 0 -0.00656977757172372
21 0.0542357936501503 20 21 0.03559839260892591
-1 0.0 0 0 -0.004042738708877854
-1 0.0 0 0 0.005147019769451902
108 -0.037064820528030396 23 24 0.02810062279290061
-1 0.0 0 0 -0.005870536488982979
106 0.07049734145402908 25 28 0.048479691025510495
21 0.08313245326280594 26 27 0.01221732037825613
-1 0.0 0 0 -0.005887615602449288
-1 0.0 0 0 0.0055785667642772666
-1 0.0 0 0 0.010463201904454185
nodes 29
98 0.09461164474487305 1 18 0.0
87 -0.013723155483603477 2 17 0.003768209579902739
2 0.41866058111190796 3 8 0.01979711262882228
33 -0.0251606572419405 4 7 0.0012805784784446213
40 -0.03814185410737991 5 6 0.029551244517341573
-1 0.0 0 0 -0.006207524046866977
-1 0.0 0 0 0.00482137455836548
-1 0.0 0 0 -0.003749304002295103
94 -0.0019365909975022078 9 14 0.0525772314126944
38 -0.04554254189133644 10 13 0.0059524732509749325
104 0.040684282779693604 11 12 0.0876104115801635
-1 0.0 0 0 9.443629894805841e-05
-1 0.0 0 0 0.019776368762504413
-1 0.0 0 0 -0.00303138502222596
25 -0.05275678262114525 15 16 0.10775771118994826
-1 0.0 0 0 -0.0009519603265302125
-1 0.0 0 0 0.01446696946240709
-1 0.0 0 0 -0.0007000746038928773
100 -0.06882952153682709 19 28 -0.03182122563751882
25 -0.09335490316152573 20 27 -0.1282582371260601
5 1.0992070436477661 21 24 -0.456518737762289
65 0.02349236235022545 22 23 -1.0995276673756382
-1 0.0 0 0 -0.05387814923155087
-1 0.0 0 0 -0.1856535003706813
23 -0.08733675628900528 25 26 -0.2776937691715943
-1 0.0 0 0 -0.08943599965423346
-1 0.0 0 0 -0.011662423217177406
-1 0.0 0 0 -0.008233578366917835
-1 0.0 0 0 -0.0012594997701425405
nodes 29
32 -0.10237830877304077 1 8 0.0
38 0.12559112906455994 2 7 0.024576070962209387
16 -0.10358113795518875 3 4 0.035498161430635805
-1 0.0 0 0 0.01030917312990405
62 0.2086685299873352 5 6 0.01769272080654232
-1 0.0 0 0 0.002163936803664311
-1 0.0 0 0 -0.04337960589243081
-1 0.0 0 0 -0.008822794043005988
35 -0.1292487233877182 9 14 -0.004846130890235666
72 0.1362302005290985 10 13 -0.07414617508892664
2 0.4784027934074402 11 12 -0.0958923339212715
-1 0.0 0 0 -0.007151926618137582
-1 0.0 0 0 -0.028128450512102263
-1 0.0 0 0 0.01382453818213629
29 0.19679152965545654 15 16 -0.001513127108194127
-1 0.0 0 0 -0.0004876409964344258
1 0.3620705008506775 17 22 0.06584659544561373
2 0.2148454338312149 18 19 0.10922460570340961
-1 0.0 0 0 -0.008017873422148328
82 -0.035198237746953964 20 21 0.15224565660910552
-1 0.0 0 0 -0.0033217760043428553
-1 0.0 0 0 0.020254916293046696
65 0.12859602272510529 23 26 -0.0839630075481137
92 0.10613591223955154 24 25 -0.036422565054118394
-1 0.0 0 0 0.003697505026830186
-1 0.0 0 0 -0.038438163028633295
82 -0.04704218730330467 27 28 -0.56875041455925
-1 0.0 0 0 0.023794676400721075
-1 0.0 0 0 -0.08568565497615575
nodes 29
93 -0.2280115932226181 1 6 0.0
1 0.441461980342865 2 5 0.09930179325674111
54 0.08160720020532608 3 4 0.06272660516341909
-1 0.0 0 0 -0.00025084471139678394
-1 0.0 0 0 0.027255746229186445
-1 0.0 0 0 0.04688492125770042
20 -0.132066547870636 7 12 -0.0011827023699927228
40 -0.08508455008268356 8 11 -0.04212143286661272
26 0.0009408849291503429 9 10 -0.18004210532819956
-1 0.0 0 0 -0.03925364190776412
-1 0.0 0 0 -0.0018588092430339505
-1 0.0 0 0 -0.0026322606633776193
79 0.09665564447641373 13 28 0.001931488764837327
9 -0.025159915909171104 14 15 0.005651946672848731
-1 0.0 0 0 0.0018563207206004691
1 0.3568130433559418 16 21 -0.008029236881057389
39 0.05841808766126633 17 18 0.008016650569376607
-1 0.0 0 0 -0.002649860982928269
37 -0.019110780209302902 19 20 0.04483761471768157
-1 0.0 0 0 0.0072886723007564505
-1 0.0 0 0 -0.002828953448826653
52 0.05425237491726875 22 23 -0.03449764810456262
-1 0.0 0 0 -0.0009773015228362245
70 0.018339578062295914 24 25 -0.12132034689042202
-1 0.0 0 0 -0.023117950119644615
23 0.06862502545118332 26 27 -0.028083049445233443
-1 0.0 0 0 0.0038893019644183242
-1 0.0 0 0 -0.024052750388722937
-1 0.0 0 0 -0.0037559852100142715
nodes 29
8 30.5 1 2 0.0
-1 0.0 0 0 -0.003622452290944578
6 1.0263746976852417 3 26 0.0032585368880401477
41 0.23447780311107635 4 19 -0.0002829727111900717
49 -0.015116029419004917 5 6 -0.0035768006766428956
-1 0.0 0 0 -0.005602610345502303
24 -0.0836266502737999 7 10 0.0006136848868014492
59 -0.00902083981782198 8 9 -0.04047064560180648
-1 0.0 0 0 -0.012608614308016157
-1 0.0 0 0 -0.0007517678365782446
0 0.45815759897232056 11 18 0.00731507689582561
42 -0.009576335549354553 12 13 -0.004566787839648701
-1 0.0 0 0 0.0014793944273221063
66 -0.02495948225259781 14 15 -0.04200940772014014
-1 0.0 0 0 -0.009058498519548713
35 0.10767831653356552 16 17 -0.007186897895719587
-1 0.0 0 0 -0.0032010078901413505
-1 0.0 0 0 0.010006907925814238
-1 0.0 0 0 0.003467575451511545
33 -0.040387533605098724 20 25 0.06153102326344972
1 0.3523586094379425 21 22 0.12145597652971936
-1 0.0 0 0 0.017948370738925908
53 -0.195165753364563 23 24 -0.007409812107103364
-1 0.0 0 0 -0.05972271318338356
-1 0.0 0 0 0.003318154837970826
-1 0.0 0 0 -0.0014649506018514441
1 0.29600051045417786 27 28 0.062334657121258366
-1 0.0 0 0 0.008008964251274914
-1 0.0 0 0 -0.02190357444886978
nodes 29
81 -0.07061410695314407 1 2 0.0
-1 0.0 0 0 0.0017591727100060358
71 -0.11493562161922455 3 4 -0.006526021569429766
-1 0.0 0 0 -0.0050251729338402044
85 0.08052170276641846 5 10 -0.0013135833496859244
40 -0.11488404124975204 6 7 -0.01257747701275896
-1 0.0 0 0 -0.008654596983737993
14 0.08050141483545303 8 9 -0.006863141840937964
-1 0.0 0 0 0.00010060773403765569
-1 0.0 0 0 -0.006324666205155278
70 -0.0335325188934803 11 18 0.022292866793520532
108 -0.08799702674150467 12 17 -0.027831878123756065
2 0.32612961530685425 13 14 -0.21457788297269015
-1 0.0 0 0 0.0045135416251061294
65 0.08697255700826645 15 16 -0.3440624504939874
-1 0.0 0 0 -0.022895775161229582
-1 0.0 0 0 -0.0802836893179587
-1 0.0 0 0 -0.0007064674097391503
11 -0.09550538659095764 19 20 0.038844864578032566
-1 0.0 0 0 -0.003995002323058025
2 0.3338510990142822 21 22 0.05222974424865589
-1 0.0 0 0 -0.00041998896562075826
23 -0.06135057657957077 23 28 0.07884842273119375
21 0.08208569139242172 24 25 0.16260319600369505
-1 0.0 0 0 0.00161232975090192
30 -0.11367403715848923 26 27 0.23199354046690807
-1 0.0 0 0 -0.013245780669211402
-1 0.0 0 0 0.026563112846777717
-1 0.0 0 0 0.005225865308828271
nodes 29
8 65.5 1 26 0.0
6 0.9679938554763794 2 25 -0.0021966537751266224
27 -0.10119054466485977 3 4 -0.016275525290297767
-1 0.0 0 0 -0.011201503991264274
31 0.05573616176843643 5 20 -0.010403413793086859
84 -0.05365384370088577 6 13 0.005151289106438468
15 -0.1174527257680893 7 10 -0.05659489470147141
1 0.3995419442653656 8 9 -0.221000298518396
-1 0.0 0 0 -0.010842436694179015
-1 0.0 0 0 -0.06240693682192505
104 -0.10692431032657623 11 12 -0.02811419131610098
-1 0.0 0 0 -0.027239444990915962
-1 0.0 0 0 -0.0006909063953323252
32 -0.11867809295654297 14 15 0.01782039509033709
-1 0.0 0 0 0.00951263608292019
73 0.1057840883731842 16 19 0.005906535960026801
54 -0.06423133611679077 17 18 0.01483121916590581
-1 0.0 0 0 -0.005477875123665916
-1 0.0 0 0 0.0029801837451197523
-1 0.0 0 0 -0.010965581768869692
34 0.13913105428218842 21 24 -0.045079435246717245
3 0.6575028300285339 22 23 -0.09716153889895561
-1 0.0 0 0 0.0005602940148610927
-1 0.0 0 0 -0.012944396635486029
-1 0.0 0 0 -2.1367658212775802e-05
-1 0.0 0 0 0.0007889645567212618
1 0.3620705008506775 27 28 0.052378595866759935
-1 0.0 0 0 0.007543320675585607
-1 0.0 0 0 -0.020834296703194796
nodes 29
62 0.06307554990053177 1 24 0.0
108 -0.05533890798687935 2 13 0.005650756849471244
94 -0.04164246842265129 3 12 -0.02766830167501709
36 -0.05112708359956741 4 7 0.023829587145780713
68 -0.14513258635997772 5 6 -0.10603021963362018
-1 0.0 0 0 -0.05119515691291202
-1 0.0 0 0 -0.00658761293058279
23 0.06986917555332184 8 11 0.05726588800638499
42 0.059877458959817886 9 10 0.09389210660905452
-1 0.0 0 0 0.012272015288132453
-1 0.0 0 0 -0.009602000230296079
-1 0.0 0 0 -0.007520131118109103
-1 0.0 0 0 -0.006586134261978176
38 0.010574941523373127 14 23 0.012989191391622391
84 0.07379613071680069 15 18 0.02806181545063942
35 -0.18208326399326324 16 17 0.007209975422296449
-1 0.0 0 0 -0.028168867666916883
-1 0.0 0 0 0.001019341584299298
2 0.34732648730278015 19 20 0.06591956455882386
-1 0.0 0 0 0.001673003868694321
89 0.1833387017250061 21 22 0.09561226731059587
-1 0.0 0 0 0.010025381834240212
-1 0.0 0 0 -0.048526643066987646
-1 0.0 0 0 -0.0005138236013496775
22 0.09207811206579208 25 28 -0.019630009734460784
20 0.07900333404541016 26 27 -0.007305514207094238
-1 0.0 0 0 -0.002425321858130612
-1 0.0 0 0 0.004980555321949249
-1 0.0 0 0 -0.008832819774465218
nodes 29
7 0.7819999754428864 1 28 0.0
5 1.2748160362243652 2 27 0.0003293600876193275
15 0.053256385028362274 3 18 -0.006334373040943655
93 0.11175044625997543 4 9 -0.01566874158255099
18 -0.13976722955703735 5 6 -0.01024421877810867
-1 0.0 0 0 0.0038689866687480444
17 -0.0413515642285347 7 8 -0.018611833856563235
-1 0.0 0 0 0.001491751948728079
-1 0.0 0 0 -0.0036769419570613898
43 -0.07734446972608566 10 11 -0.08456045419961285
-1 0.0 0 0 -0.0002893479624574686
9 0.03306400030851364 12 13 -0.17018448836746214
-1 0.0 0 0 -0.010153860840005004
1 0.3752598464488983 14 15 -0.38731759367210894
-1 0.0 0 0 -0.011894094051313323
86 0.06049389764666557 16 17 -0.6466351192982922
-1 0.0 0 0 -0.08413932373906738
-1 0.0 0 0 -0.0017149059035416162
2 0.4794997572898865 19 22 0.021742994963435888
79 -0.0029907061252743006 20 21 0.008287016995407393
-1 0.0 0 0 0.003999110753841718
-1 0.0 0 0 -0.004528457275268553
89 0.13682502508163452 23 26 0.11317642320613769
88 0.07107337564229965 24 25 0.1371246117920867
-1 0.0 0 0 0.0075199264293986465
-1 0.0 0 0 0.030134820491204868
-1 0.0 0 0 -0.05020442835708288
-1 0.0 0 0 0.0018000578689698324
-1 0.0 0 0 -0.03290307432413101
nodes 29
61 0.12199132144451141 1 2 0.0
-1 0.0 0 0 0.0002604668534769259
1 0.4477875828742981 3 20 -0.04167735407133967
30 0.0023334515281021595 4 5 -0.05760627780111
-1 0.0 0 0 -0.011942575885676187
1 0.32691267132759094 6 9 -0.0043054826111623345
1 0.30721187591552734 7 8 -0.08966017200553839
-1 0.0 0 0 -0.0037607888805022112
-1 0.0 0 0 -0.041589159398952275
21 0.018397049978375435 10 17 0.071908067248862
18 -0.06615391373634338 11 12 -0.2295674874693296
-1 0.0 0 0 0.008871157090270929
56 -0.058807119727134705 13 14 -0.5246989779597656
-1 0.0 0 0 -0.11860784397670819
4 0.9980531930923462 15 16 -0.2651703283898061
-1 0.0 0 0 0.0022162264212965965
-1 0.0 0 0 -0.10096229546788066
108 0.1252051442861557 18 19 0.12069647763073729
-1 0.0 0 0 0.016043605763580045
-1 0.0 0 0 -0.013704308411638652
73 -0.04000803455710411 21 28 0.12361989120954586
104 0.02588474750518799 22 27 -0.13944617511940674
40 0.0841289833188057 23 26 -0.4887867307044425
81 -0.04484517127275467 24 25 -0.7891491893927256
-1 0.0 0 0 -0.010613434475201827
-1 0.0 0 0 -0.11515652294061623
-1 0.0 0 0 0.023789663708979086
-1 0.0 0 0 0.02066295154601614
-1 0.0 0 0 0.030793920742029225
nodes 29
58 0.24873843789100647 1 10 0.0
98 -0.02247585728764534 2 9 -0.001304618173723085
40 0.021634504199028015 3 8 0.00927377795917
72 -0.08669859915971756 4 5 -0.013705650656600859
-1 0.0 0 0 -0.009383036877541384
87 -0.06721291691064835 6 7 -0.0010326850487769562
-1 0.0 0 0 0.006734060095429265
-1 0.0 0 0 -0.0017141982284688475
-1 0.0 0 0 0.0029561646419649316
-1 0.0 0 0 -0.0012629808396018107
1 0.39113444089889526 11 24 0.08189807747783107
23 -0.06367310136556625 12 13 0.014252689171683817
-1 0.0 0 0 0.02326509820633564
83 0.05590604618191719 14 23 -0.04555866149524015
80 0.108327716588974 15 20 0.025152715725482392
45 -0.03887641429901123 16 19 0.10893201862022074
65 0.08585583418607712 17 18 -0.13238371233736357
-1 0.0 0 0 -0.0276443803761126
-1 0.0 0 0 0.04068126298487187
-1 0.0 0 0 0.021604007032866725
107 -0.12845762073993683 21 22 -0.27248428140056175
-1 0.0 0 0 0.038505024214585626
-1 0.0 0 0 -0.03957720045655151
-1 0.0 0 0 -0.030583670956300615
86 0.10030253976583481 25 26 0.25154121012031666
-1 0.0 0 0 0.03120740214823674
60 0.04256357252597809 27 28 -0.19845742528813612
-1 0.0 0 0 0.03248792871539763
-1 0.0 0 0 -0.09959228918665931
nodes 29
81 0.1890484094619751 1 10 0.0
27 0.05962913855910301 2 3 0.001300593089328391
-1 0.0 0 0 -0.000827411778837629
34 0.1437273770570755 4 5 0.01433275551427494
-1 0.0 0 0 -0.0008346224891882446
40 -0.12497671693563461 6 7 0.036242721257537254
-1 0.0 0 0 -0.010625723957395026
2 0.3359261155128479 8 9 0.04517708957308834
-1 0.0 0 0 -0.0007877454870259238
-1 0.0 0 0 0.006942063386855889
105 0.0396578386425972 11 22 -0.08164540192573978
70 0.018339578062295914 12 21 -0.006690869146628053
27 0.1113615483045578 13 18 -0.1198312152451503
54 0.04052756354212761 14 17 -0.03411116536776295
55 0.04398162662982941 15 16 -0.15865670506817647
-1 0.0 0 0 -0.03337798834457035
-1 0.0 0 0 0.016684398517700965
-1 0.0 0 0 0.02279326501619071
51 -0.012518276460468769 19 20 -0.40655000276606656
-1 0.0 0 0 0.00891624209357471
-1 0.0 0 0 -0.06775394610563915
-1 0.0 0 0 0.010944504619686525
99 -0.15616926550865173 23 24 -0.2118020513414748
-1 0.0 0 0 -0.08525431339036335
93 -0.16762292385101318 25 26 -0.17264565185156514
-1 0.0 0 0 0.056904132276152576
31 0.14482443034648895 27 28 -0.20714272043822052
-1 0.0 0 0 -0.01660307534716912
-1 0.0 0 0 -0.08731565852959951
nodes 29
60 0.21695318818092346 1 18 0.0
5 1.1148016452789307 2 17 -0.001300485210889261
82 -0.03026002272963524 3 8 -0.020217397471037696
28 0.06961636990308762 4 5 0.022126118790465246
-1 0.0 0 0 0.00581301601810065
52 0.14942172169685364 6 7 -0.07383712816333379
-1 0.0 0 0 -0.005291718743261606
-1 0.0 0 0 -0.05512459642728264
74 0.0016538652125746012 9 10 -0.045696185781304244
-1 0.0 0 0 0.0012952389078372526
99 0.073021300137043 11 16 -0.0755816898220778
102 0.0038234887178987265 12 13 -0.10277090720031094
-1 0.0 0 0 -0.00416774496566454
13 0.139903262257576 14 15 -0.15486792681887465
-1 0.0 0 0 -0.01729972584538222
-1 0.0 0 0 0.015037399594464177
-1 0.0 0 0 0.0008531196402267405
-1 0.0 0 0 0.000501472225890608
77 0.021046912297606468 19 22 0.08163863171485362
52 0.1258252114057541 20 21 0.007367183217012943
-1 0.0 0 0 0.003395888218387818
-1 0.0 0 0 -0.05117249403653356
10 0.06114773824810982 23 28 0.20712298295048495
64 0.09940249472856522 24 27 0.11171293585313144
2 0.4314854145050049 25 26 0.15337381850818368
-1 0.0 0 0 0.0010505487714878848
-1 0.0 0 0 0.03560474970754301
-1 0.0 0 0 -0.05301732561654515
-1 0.0 0 0 0.050902763197996796
nodes 29
82 -0.1986338496208191 1 12 0.0
103 -0.17912064492702484 2 3 -0.08160021588680583
-1 0.0 0 0 -0.07903855939706167
74 -0.12783530354499817 4 5 -0.07058995758647478
-1 0.0 0 0 -0.04972470167392333
87 -0.18810124695301056 6 7 -0.05034182596566591
-1 0.0 0 0 -0.07205696404696658
5 1.0744541883468628 8 9 -0.03831565400079082
-1 0.0 0 0 0.029098536068736348
99 0.16717886924743652 10 11 -0.06351476582313845
-1 0.0 0 0 -0.004465113836297584
-1 0.0 0 0 -0.057361869172503556
68 0.02489057555794716 13 28 0.0013007154805952748
26 -0.10633779317140579 14 15 0.008527161241252341
-1 0.0 0 0 -0.004429798258119484
54 0.11780890077352524 16 27 0.013869310521087736
73 0.14013244211673737 17 26 0.006948853519129294
34 0.22165530920028687 18 25 0.010713883142238251
0 0.4826299548149109 19 22 0.0013994847960535327
21 0.21378193795681 20 21 -0.008092503144300716
-1 0.0 0 0 -0.001919939550115278
-1 0.0 0 0 0.004419029436242328
107 -0.029372818768024445 23 24 0.04798140187276885
-1 0.0 0 0 0.010450986915855833
-1 0.0 0 0 0.00031343104850812425
-1 0.0 0 0 0.004669564025218261
-1 0.0 0 0 -0.008617626291225079
-1 0.0 0 0 0.0061002137579533044
-1 0.0 0 0 -0.0014467158363946978
nodes 29
21 -0.42694708704948425 1 4 0.0
6 1.0146758556365967 2 3 0.1622618391482102
-1 0.0 0 0 -0.004600044845993222
-1 0.0 0 0 0.031297796833831326
89 0.07622063905000687 5 24 -0.0006402050628930109
18 -0.21563488245010376 6 13 0.0025222374584933363
93 -0.18692649900913239 7 8 0.0777896955560027
-1 0.0 0 0 0.052209680363097616
36 0.05479447543621063 9 12 0.061814186170904235
86 -0.10745173692703247 10 11 0.12339341141388661
-1 0.0 0 0 -0.014625996737143931
-1 0.0 0 0 0.016406039429334413
-1 0.0 0 0 -0.004278614163909323
97 0.06720973551273346 14 15 0.00046594682596839927
-1 0.0 0 0 0.0008126424527967642
84 -0.06270650774240494 16 21 -0.02062867543278007
5 1.2297848463058472 17 20 -0.0939732910416716
7 0.026000000536441803 18 19 -0.1559387141786906
-1 0.0 0 0 -0.030839902677561072
-1 0.0 0 0 -0.009679379291093304
-1 0.0 0 0 0.00020270030600460042
0 0.47918701171875 22 23 -0.007622336330769479
-1 0.0 0 0 -0.002352500526877722
-1 0.0 0 0 0.007311062586919432
86 0.10170168429613113 25 26 -0.039388541177447306
-1 0.0 0 0 -0.005852450465892695
11 -0.05325114354491234 27 28 0.0690938640427598
-1 0.0 0 0 -0.0131193829697983
-1 0.0 0 0 0.014010933237631647
nodes 29
13 -0.08513850718736649 1 2 0.0
-1 0.0 0 0 -0.002254356194136286
89 -0.14799652993679047 3 22 0.004572598200928744
21 0.0914374515414238 4 11 0.031335637998151915
79 0.07965905964374542 5 6 -0.015523817731000441
-1 0.0 0 0 0.0006463308276753662
31 0.1163647249341011 7 8 -0.17711278558500224
-1 0.0 0 0 -0.011682553873478396
2 0.34927263855934143 9 10 -0.5420092796784286
-1 0.0 0 0 -0.0015984621275599827
-1 0.0 0 0 -0.08352033515750873
39 -0.07162117213010788 12 15 0.055555521149669815
76 0.1825694441795349 13 14 0.2048002576284489
-1 0.0 0 0 0.02395261747184939
-1 0.0 0 0 -0.038432187967108594
83 -0.016627643257379532 16 21 0.03995937764989741
82 -0.07255922257900238 17 18 -0.006958634392064073
-1 0.0 0 0 0.010367621218906916
5 1.1815465688705444 19 20 -0.03645067814353402
-1 0.0 0 0 -0.009800996499611017
-1 0.0 0 0 0.004102705035141275
-1 0.0 0 0 0.007841733589562035
94 0.14396779239177704 23 24 -0.002012665953013294
-1 0.0 0 0 0.00013174430975365737
105 0.1959300935268402 25 28 -0.07331637479050078
64 -0.21589654684066772 26 27 -0.08341073500148641
-1 0.0 0 0 0.05373705612813554
-1 0.0 0 0 -0.009224824651106854
-1 0.0 0 0 0.045321266407180316
nodes 29
14 0.15895037353038788 1 26 0.0
48 0.16843099892139435 2 19 0.0015719825834607677
59 -0.0935724601149559 3 16 0.004274937523120639
60 0.10183077305555344 4 13 -0.04265818941935846
20 -0.21919146180152893 5 6 -0.06918674861927271
-1 0.0 0 0 -0.08711313009262085
33 0.08300647884607315 7 8 -0.06515856334188333
-1 0.0 0 0 -0.003987525975210761
1 0.4617869257926941 9 12 -0.20490753373017923
69 -0.14556728303432465 10 11 -0.1483301874715146
-1 0.0 0 0 -0.07546609339157218
-1 0.0 0 0 -0.011221644395289412
-1 0.0 0 0 -0.08878769278526306
2 0.4028462767601013 14 15 0.07843510076884329
-1 0.0 0 0 -0.010841251571593144
-1 0.0 0 0 0.01707972748266581
105 -0.06428582221269608 17 18 0.00745516862231122
-1 0.0 0 0 -0.0016315902916974004
-1 0.0 0 0 0.0014542091890345633
92 -0.0911962166428566 20 23 -0.044584400490190565
54 0.07323844730854034 21 22 -0.1676152501738518
-1 0.0 0 0 -0.025300505239037444
-1 0.0 0 0 0.005179941552164762
66 0.060485925525426865 24 25 -0.02253499477303583
-1 0.0 0 0 -0.005261295455281322
-1 0.0 0 0 0.008841788859064658
33 -0.008570579811930656 27 28 -0.06526400617486634
-1 0.0 0 0 -0.012501200129900393
-1 0.0 0 0 0.004912341943454206
nodes 29
8 75.5 1 28 0.0
6 0.9679938554763794 2 27 -0.000961175476745856
27 -0.15553933382034302 3 4 -0.012595126688751452
-1 0.0 0 0 -0.01738630074983295
108 0.002358219353482127 5 14 -0.009992545921616016
31 0.17015916109085083 6 13 -0.035059938867513074
23 0.09467589855194092 7 12 -0.027722450484555322
94 0.004058098886162043 8 11 -0.01283304339248894
104 0.015868589282035828 9 10 0.01827835660556149
-1 0.0 0 0 -0.0038244517130225867
-1 0.0 0 0 0.00734903507260301
-1 0.0 0 0 -0.006097281848219141
-1 0.0 0 0 -0.011242461375895213
-1 0.0 0 0 -0.019078113077360404
91 0.05641419067978859 15 18 0.005530977010036634
24 -0.09760411083698273 16 17 0.021248996141308096
-1 0.0 0 0 -0.006730940813206867
-1 0.0 0 0 0.0032255395756040496
3 0.7418375015258789 19 20 -0.043328043662466745
-1 0.0 0 0 0.0031086144319979387
11 0.015736188739538193 21 22 -0.0962649660077028
-1 0.0 0 0 -0.016042802771303214
77 0.13831418752670288 23 26 -0.0020589991560654346
19 -0.03697396442294121 24 25 0.025058071441910818
-1 0.0 0 0 0.01687847189125879
-1 0.0 0 0 -0.007961433399879035
-1 0.0 0 0 -0.046337591101561326
-1 0.0 0 0 0.0007845360044222278
-1 0.0 0 0 0.010420027279535246
nodes 29
2 0.21058809757232666 1 2 0.0
-1 0.0 0 0 -0.004897259144609084
5 1.5828040838241577 3 26 0.0019991102251689743
105 -0.11771296709775925 4 5 -0.0021425557684098045
-1 0.0 0 0 -0.004288005408524984
43 -0.12157952785491943 6 25 0.002081316193211635
80 -0.11158253252506256 7 8 0.022446074461937797
-1 0.0 0 0 -0.006106584158086622
61 0.04201503470540047 9 14 0.029868052643332442
94 0.09294849634170532 10 11 0.044601132972485254
-1 0.0 0 0 0.00566141663571455
89 -0.050597745925188065 12 13 -0.04832448331253937
-1 0.0 0 0 0.003837340269926283
-1 0.0 0 0 -0.016671638929039893
79 -0.09465999901294708 15 18 -0.016436254290622048
102 0.0010246410965919495 16 17 0.08175963575041106
-1 0.0 0 0 0.02148726616863908
-1 0.0 0 0 -1.6648906267921714e-05
25 -0.10698745399713516 19 20 -0.05034255422216381
-1 0.0 0 0 -0.0253347025404304
93 -0.05431104451417923 21 22 -0.03052660464853724
-1 0.0 0 0 0.005347044160708747
0 0.4766801595687866 23 24 -0.08050276882727399
-1 0.0 0 0 -0.011587790976644734
-1 0.0 0 0 0.011529247642063829
-1 0.0 0 0 -0.0009158606352274586
3 0.41884711384773254 27 28 0.03990784952917679
-1 0.0 0 0 0.0001328199264152891
-1 0.0 0 0 0.008081420633097657
nodes 29
50 -0.00532501470297575 1 28 0.0
55 0.07989897578954697 2 27 -0.010138310517626438
66 0.0031705398578196764 3 4 -0.0011321757488269987
-1 0.0 0 0 -0.002146506229384271
14 0.09330166131258011 5 26 0.021605304734819943
30 0.01906699687242508 6 7 0.03135910327923995
-1 0.0 0 0 0.00027854726557089067
2 0.36965224146842957 8 9 0.06440336673471327
-1 0.0 0 0 0.00093468092521003
18 -0.0909499078989029 10 11 0.1043716397932937
-1 0.0 0 0 0.019651352922789574
98 0.00480393273755908 12 17 0.06384264346847482
51 0.07852279394865036 13 16 0.12310895825415143
3 0.9045087099075317 14 15 0.18680588068688972
-1 0.0 0 0 0.025422307054997196
-1 0.0 0 0 0.0008561407975716199
-1 0.0 0 0 -0.0024889800866394456
9 -0.0026398836635053158 18 19 -0.04581286709169047
-1 0.0 0 0 0.006670818150643601
75 -0.005913727451115847 20 25 -0.2253408322707237
96 -0.1503673493862152 21 22 -0.5402868170853999
-1 0.0 0 0 -0.1403109612024349
23 -0.06489749997854233 23 24 -0.36920988360612556
-1 0.0 0 0 0.041121683690858925
-1 0.0 0 0 -0.056221864244309805
-1 0.0 0 0 -0.008227713328627932
-1 0.0 0 0 -0.007409909677833788
-1 0.0 0 0 -0.00574363112374826
-1 0.0 0 0 0.0009748528382029992
nodes 29
81 -0.0882522463798523 1 10 0.0
90 0.11922500282526016 2 9 0.018975179885238457
28 -0.014544944278895855 3 4 0.02596597612980041
-1 0.0 0 0 0.006243573683312272
92 -0.01239833701401949 5 6 0.00647883620560724
-1 0.0 0 0 -0.004206453016627703
55 0.10854025930166245 7 8 0.037152686806557284
-1 0.0 0 0 0.005012203893037134
-1 0.0 0 0 -0.012114714789531354
-1 0.0 0 0 -0.00794785338923424
26 0.12073392421007156 11 22 -0.005097971065244281
107 0.10706234723329544 12 13 -0.010393747830302207
-1 0.0 0 0 -0.0006163296035126753
82 -0.11147542297840118 14 21 -0.06062645738490588
20 0.07780591398477554 15 20 -0.19748256841933434
5 1.0818283557891846 16 17 -0.27374537711340824
-1 0.0 0 0 0.04299327138720489
2 0.4893527626991272 18 19 -0.3278744610353665
-1 0.0 0 0 -0.02711693485953573
-1 0.0 0 0 -0.09580744606527415
-1 0.0 0 0 0.010030554171943037
-1 0.0 0 0 -0.003960978942839408
4 0.9552146196365356 23 24 0.035492699564680846
-1 0.0 0 0 -0.0011093220569497288
66 0.08903073519468307 25 28 0.08635265559987923
12 0.07102592289447784 26 27 0.058116826652572486
-1 0.0 0 0 0.002623804185192388
-1 0.0 0 0 0.018787447347562634
-1 0.0 0 0 0.024057985799259787
nodes 29
22 -0.03187309950590134 1 28 0.0
66 0.15942323207855225 2 27 0.012906062045981409
92 0.21783655881881714 3 24 0.01682648267814891
76 0.006645528133958578 4 7 0.019121715751560648
79 -0.0421031229197979 5 6 -0.006459277420377938
-1 0.0 0 0 0.003142379701452586
-1 0.0 0 0 -0.0036801178514030094
0 0.4871175289154053 8 11 0.03585773488599864
93 -0.026515929028391838 9 10 0.02388991121996361
-1 0.0 0 0 0.0057169100689097654
-1 0.0 0 0 -0.0006962453070264133
25 0.08614019304513931 12 19 0.11555236399109595
14 -0.22513028979301453 13 14 0.1611227859045208
-1 0.0 0 0 -0.07419903540451613
27 0.18710412085056305 15 16 0.17307889366744805
-1 0.0 0 0 0.01984093903369016
56 -0.017782047390937805 17 18 -0.24804061346221715
-1 0.0 0 0 -0.06816378567171726
-1 0.0 0 0 0.014426165424464716
42 -0.14190229773521423 20 21 -0.04120110978172826
-1 0.0 0 0 -0.058260511697512375
15 0.06630978733301163 22 23 0.03065796753666787
-1 0.0 0 0 -0.006620746202363899
-1 0.0 0 0 0.038148990149038435
35 -0.0346088670194149 25 26 -0.16034629938730124
-1 0.0 0 0 0.02008166069475313
-1 0.0 0 0 -0.026500145974569025
-1 0.0 0 0 -0.008912547169398493
-1 0.0 0 0 -0.0007535298898416595
nodes 29
3 0.7480453848838806 1 8 0.0
76 -0.056198641657829285 2 3 0.012527984610878909
-1 0.0 0 0 -0.004331003567862947
59 0.09225639700889587 4 5 0.024666995454372058
-1 0.0 0 0 0.0003634461510275803
2 0.3349543809890747 6 7 0.05992116827210996
-1 0.0 0 0 0.0010966327594936168
-1 0.0 0 0 0.011103578133210026
8 52.5 9 28 -0.007691487223555721
96 0.15154998004436493 10 25 -0.0016966890746231349
66 -0.033724814653396606 11 14 0.0007800993222017246
50 -0.032933350652456284 12 13 -0.025312415161532795
-1 0.0 0 0 -0.00676806449719124
-1 0.0 0 0 -6.7130096731025416e-06
62 -0.059420883655548096 15 22 0.01621203731692768
74 0.0692264586687088 16 21 0.05640390754237904
2 0.41596490144729614 17 20 0.0935892229992883
32 -0.034150805324316025 18 19 0.024317356050993444
-1 0.0 0 0 0.012379442322098685
-1 0.0 0 0 -0.007131661491332414
-1 0.0 0 0 0.014600473711321735
-1 0.0 0 0 -0.0001309133337691066
38 0.013432477600872517 23 24 0.00038220817310640376
-1 0.0 0 0 0.0025740146276164743
-1 0.0 0 0 -0.0032157499854026817
26 0.12257649004459381 26 27 -0.16440792681047847
-1 0.0 0 0 -0.022563309857889624
-1 0.0 0 0 0.03086956732182039
-1 0.0 0 0 -0.008736036373049563
nodes 29
74 -0.056088171899318695 1 28 0.0
49 0.10518055409193039 2 25 -0.023474831096326757
67 0.05307621508836746 3 12 -0.06661666622343655
45 -0.03887641429901123 4 5 -0.03771125008566043
-1 0.0 0 0 -0.010938694545701663
2 0.4502229541540146 6 7 0.010990536860296466
-1 0.0 0 0 -0.004376549368989051
53 -0.14400382339954376 8 11 0.136346637842709
2 0.49836939573287964 9 10 -0.19876583303356993
-1 0.0 0 0 -0.0022568521421339554
-1 0.0 0 0 -0.09688133430425767
-1 0.0 0 0 0.020053594864463828
2 0.3370398283004761 13 14 -0.15317657524659667
-1 0.0 0 0 0.0031233213996008443
1 0.42052942514419556 15 16 -0.22837582940474868
-1 0.0 0 0 -0.03198696197253594
89 -0.038252100348472595 17 22 -0.03676579731970011
60 -0.051672209054231644 18 21 0.15990660320208427
24 0.048062678426504135 19 20 -0.34492852474285063
-1 0.0 0 0 -0.07666140490815648
-1 0.0 0 0 0.043518969528377055
-1 0.0 0 0 0.03291748519836213
66 -0.04812444746494293 23 24 -0.32479570001934566
-1 0.0 0 0 -0.0838747926631031
-1 0.0 0 0 -0.010113130510500116
14 -0.09468789398670197 26 27 0.011263361282825133
-1 0.0 0 0 -0.006579165488462756
-1 0.0 0 0 0.004222144724855668
-1 0.0 0 0 0.0004110812569517522
nodes 29
6 1.021686315536499 1 20 0.0
2 0.25955942273139954 2 3 -0.003147368675393636
-1 0.0 0 0 -0.005528024290821584
41 0.1651771366596222 4 5 0.00034792939324511396
-1 0.0 0 0 -0.0006446441729258678
1 0.3523586094379425 6 11 0.030854497561170993
33 -0.040387533605098724 7 10 0.06618183051685358
108 -0.041617583483457565 8 9 0.11741896227972443
-1 0.0 0 0 -0.0017781313031853584
-1 0.0 0 0 0.014730500532211028
-1 0.0 0 0 -7.25720085501442e-05
53 -0.12583395838737488 12 13 -0.02100327590297974
-1 0.0 0 0 -0.016022042462744402
96 -0.08085232973098755 14 19 0.020836996274899926
40 0.10097012668848038 15 18 -0.06667687679490661
67 0.14986364543437958 16 17 -0.009150248644663966
-1 0.0 0 0 0.0018196222113507025
-1 0.0 0 0 -0.051270250329512296
-1 0.0 0 0 -0.02557089292185638
-1 0.0 0 0 0.009456283274632778
1 0.2972976267337799 21 24 0.030296140931587362
49 -0.00895154383033514 22 23 0.04343839731407894
-1 0.0 0 0 0.014080788782801296
-1 0.0 0 0 0.0018186160268774607
59 0.15278364717960358 25 28 -0.14654896799410577
2 0.400075227022171 26 27 -0.22392142360975817
-1 0.0 0 0 -0.03648065603345091
-1 0.0 0 0 0.001831475535065544
-1 0.0 0 0 0.02029384798291376
nodes 29
8 30.5 1 2 0.0
-1 0.0 0 0 -0.0032509140403322668
6 1.0263746976852417 3 24 0.002924323728956099
37 0.1480714976787567 4 23 -0.0002503477160398338
83 0.00928544718772173 5 6 0.0013650745146808045
-1 0.0 0 0 -0.001056902177964143
49 0.06358954310417175 7 8 0.01545935119340354
-1 0.0 0 0 -0.003067655162525124
2 0.35520797967910767 9 12 0.03052755367797368
91 0.0309512410312891 10 11 -0.012729700170458777
-1 0.0 0 0 -0.005185932617856253
-1 0.0 0 0 0.0051566998071931975
35 -0.08701743185520172 13 14 0.049540802585762905
-1 0.0 0 0 -0.005464542899467051
82 -0.09216207265853882 15 16 0.06240259458927301
-1 0.0 0 0 0.014536854455901103
18 0.16091448068618774 17 22 0.04617947246006415
77 -0.09402445703744888 18 21 0.051665741983359326
71 0.11378133296966553 19 20 -0.025028049007046204
-1 0.0 0 0 0.0008148755215776422
-1 0.0 0 0 -0.026594745911109465
-1 0.0 0 0 0.006821377987340534
-1 0.0 0 0 -0.022528187021079615
-1 0.0 0 0 -0.010838980574176899
1 0.29600051045417786 25 26 0.055881196139046276
-1 0.0 0 0 0.0070369416772641654
89 -0.12518802285194397 27 28 -0.17371946916153486
-1 0.0 0 0 0.028556612005922945
-1 0.0 0 0 -0.0294187820432555
nodes 29
100 0.18376296758651733 1 16 0.0
62 0.0318315289914608 2 13 -0.001959484930179499
108 -0.058020394295454025 3 8 0.005813766477343655
47 0.0650121346116066 4 5 -0.03127710308960499
-1 0.0 0 0 -0.005508107216762386
97 0.17345371842384338 6 7 0.030546874993584026
-1 0.0 0 0 0.004440895646751704
-1 0.0 0 0 -0.03612251557891248
52 -0.10368035733699799 9 12 0.013478670848731384
38 0.045253686606884 10 11 0.0533062048709785
-1 0.0 0 0 0.00970866112739268
-1 0.0 0 0 -0.0033607995304326963
-1 0.0 0 0 0.0006007740194506162
18 -0.28424447774887085 14 15 -0.016975389569996058
-1 0.0 0 0 0.03745810049967359
-1 0.0 0 0 -0.0018366268482592242
21 0.14772923290729523 17 24 0.04801462355396527
16 -0.1498488187789917 18 21 -0.010760123805496713
10 -0.04077191650867462 19 20 -0.2709952596198307
-1 0.0 0 0 0.005010153596167979
-1 0.0 0 0 -0.04742583687494108
27 0.20075921714305878 22 23 0.014238178501546702
-1 0.0 0 0 -0.00033213156391603273
-1 0.0 0 0 0.03840327634409602
51 0.054334286600351334 25 28 0.11117415365294267
49 0.1616048514842987 26 27 0.17376740288340475
-1 0.0 0 0 0.008738433709071512
-1 0.0 0 0 0.03002799152850118
-1 0.0 0 0 -0.0034143389815318123
nodes 29
8 65.5 1 10 0.0
6 0.7661007046699524 2 5 -0.0019883203632808702
57 0.15817689895629883 3 4 -0.07524854010027572
-1 0.0 0 0 -0.005795541866291946
-1 0.0 0 0 -0.04209414284411526
5 1.3474245071411133 6 7 -0.00031675003209061985
-1 0.0 0 0 -0.0005716345412166097
2 0.41334015130996704 8 9 0.02428161982726566
-1 0.0 0 0 0.0012059286438753512
-1 0.0 0 0 0.02540700847177338
2 0.37698498368263245 11 12 0.04741094250258825
-1 0.0 0 0 0.009191614682831256
66 0.06904635578393936 13 26 -0.06773933214765922
65 0.1901797652244568 14 25 -0.00850636297990531
77 0.021046912297606468 15 24 -0.026784557618780413
102 -0.045731671154499054 16 17 0.07858836478843582
-1 0.0 0 0 0.0318707541170968
70 0.16150881350040436 18 23 -0.02590153617341533
61 -0.08409646153450012 19 22 -0.09126131688446476
78 0.024365831166505814 20 21 0.3089121391079319
-1 0.0 0 0 0.0024564791391504573
-1 0.0 0 0 0.09771284062415363
-1 0.0 0 0 -0.019599421356997482
-1 0.0 0 0 0.08537321792294583
-1 0.0 0 0 -0.017255043361542956
-1 0.0 0 0 0.07382884465512776
4 0.8593611717224121 27 28 -0.28200180086558385
-1 0.0 0 0 -0.016378573184617645
-1 0.0 0 0 -0.11543548619053488
nodes 29
95 -0.00632384093478322 1 2 0.0
-1 0.0 0 0 -0.0013826001611419655
106 0.021962391212582588 3 6 0.006791973213315943
52 0.09331066161394119 4 5 -0.010938280522732203
-1 0.0 0 0 -0.00011030248698042788
-1 0.0 0 0 -0.007995916987016908
47 0.10744955390691757 7 20 0.01992523880421317
29 0.05146964266896248 8 19 0.0101823127278057
76 0.019813314080238342 9 12 -0.006309004976677082
60 -0.005921827629208565 10 11 -0.039939011575521446
-1 0.0 0 0 -0.009678836409536056
-1 0.0 0 0 -0.0006728449128689737
91 -0.025554049760103226 13 16 0.020344975869333422
97 0.06828045099973679 14 15 0.06562390304804694
-1 0.0 0 0 0.010308775475681426
-1 0.0 0 0 -0.0034752929109197702
28 0.1274714171886444 17 18 -0.016256537420520873
-1 0.0 0 0 -0.004162415259419087
-1 0.0 0 0 0.01313877843315963
-1 0.0 0 0 0.0038840049295848556
43 0.05585293471813202 21 24 0.07970013848099053
13 -0.12100185453891754 22 23 0.09429711650744718
-1 0.0 0 0 -0.00980872993572103
-1 0.0 0 0 0.011181302233158646
41 0.13953909277915955 25 28 -0.1361388026879898
64 0.04135487228631973 26 27 -0.24102404839160646
-1 0.0 0 0 -0.011852834908552866
-1 0.0 0 0 -0.08110040369994787
-1 0.0 0 0 0.03108337059258842
nodes 29
57 0.10329651087522507 1 8 0.0
80 -0.10118664801120758 2 7 -0.004246653015045234
63 -0.1712139993906021 3 6 -0.03932411454943254
76 0.048186056315898895 4 5 0.13172996889892197
-1 0.0 0 0 -0.0009015163688201841
-1 0.0 0 0 0.03371263209264726
-1 0.0 0 0 -0.005069764136405552
-1 0.0 0 0 3.397234263799515e-05
80 0.046060290187597275 9 22 0.022166165736472974
65 0.12000890076160431 10 17 0.0498643164157424
63 -0.03033239208161831 11 12 0.03234858331449026
-1 0.0 0 0 0.007556650407844274
56 -0.09481402486562729 13 14 -0.016220230590571892
-1 0.0 0 0 -0.01553432581807905
64 -0.09720567613840103 15 16 0.012798780605694992
-1 0.0 0 0 0.014736838375386847
-1 0.0 0 0 -0.0025239699694816244
33 0.12868836522102356 18 21 0.16279225093566033
2 0.3390514850616455 19 20 0.18656068968380152
-1 0.0 0 0 -0.002766153170996029
-1 0.0 0 0 0.025082735610193002
-1 0.0 0 0 -0.03724220573037331
71 0.007946527563035488 23 24 -0.021161340142677662
-1 0.0 0 0 -0.00677957322761936
3 0.8088436126708984 25 28 0.02860968766351787
2 0.4415722191333771 26 27 0.09175120393789676
-1 0.0 0 0 0.006519992976567754
-1 0.0 0 0 0.045792790686954625
-1 0.0 0 0 -0.005202373514633085
nodes 29
89 -0.2442222386598587 1 28 0.0
0 0.43690207600593567 2 17 0.057227367543182465
93 -0.059121884405612946 3 10 -0.014403186911019961
9 -0.03246239945292473 4 7 0.10751454466042405
0 0.3506959080696106 5 6 0.23028961503217396
-1 0.0 0 0 -0.010998169275147743
-1 0.0 0 0 0.034421304847515856
92 -0.029506022110581398 8 9 -0.06713731600924837
-1 0.0 0 0 0.024417492062658877
-1 0.0 0 0 -0.023287188803120484
26 0.01328822411596775 11 14 -0.0782707498459084
41 -0.07027368992567062 12 13 0.05973442819166784
-1 0.0 0 0 0.07303774715214968
-1 0.0 0 0 0.0019236659874649186
42 -0.12035892903804779 15 16 -0.18923095709590101
-1 0.0 0 0 0.020562311665752883
-1 0.0 0 0 -0.02580119892981114
51 -0.10364481061697006 18 19 0.14358677496146185
-1 0.0 0 0 0.051630874470517535
30 -0.11798934638500214 20 23 0.10309516293231401
33 -0.07818208634853363 21 22 -0.24525242866676988
-1 0.0 0 0 -0.10702858620456286
-1 0.0 0 0 -0.003396337865511092
47 -0.13602805137634277 24 27 0.13827143933888816
39 0.06690282374620438 25 26 -0.21522532525504456
-1 0.0 0 0 -0.050350333481199216
-1 0.0 0 0 0.025650232674723324
-1 0.0 0 0 0.01712341601531134
-1 0.0 0 0 -0.00016158343690623688
nodes 29
4 1.0 1 2 0.0
-1 0.0 0 0 -0.0005816624838201784
35 0.051340822130441666 3 24 0.015925328547809776
1 0.3752598464488983 4 5 -0.0076212795868758725
-1 0.0 0 0 0.00245780767386137
94 -0.07708769291639328 6 19 -0.04796402597365417
20 -0.05779574438929558 7 10 -0.16380538492703245
23 0.13712088763713837 8 9 0.03530734314183812
-1 0.0 0 0 0.00912960297357352
-1 0.0 0 0 -0.07910084452094704
95 -0.0713396891951561 11 12 -0.22866248879550988
-1 0.0 0 0 0.010409305996515536
78 -0.07475801557302475 13 16 -0.27301197631207674
91 -0.013001550920307636 14 15 -0.045719141692914314
-1 0.0 0 0 0.02272982217258598
-1 0.0 0 0 -0.03345891262134237
24 -0.014668355695903301 17 18 -0.3519090538349416
-1 0.0 0 0 -0.05751637412184799
-1 0.0 0 0 -0.02458362007602589
87 -0.03164709731936455 20 21 -0.007825254056127426
-1 0.0 0 0 0.00890864967812743
67 0.08306773006916046 22 23 -0.058661949255411995
-1 0.0 0 0 -0.009539125963553502
-1 0.0 0 0 0.01363720053257788
43 0.12514713406562805 25 26 0.05255088656340067
-1 0.0 0 0 0.005827148478568275
78 -0.07838895171880722 27 28 -0.3183885327556446
-1 0.0 0 0 0.04084576160618753
-1 0.0 0 0 -0.050875300030309024
nodes 29
0 0.19463582336902618 1 2 0.0
-1 0.0 0 0 -0.006226129951361455
9 0.09433812648057938 3 4 0.0015003107432511468
-1 0.0 0 0 0.000476728083615096
59 0.16742965579032898 5 18 -0.03313787941353868
30 -0.06863169372081757 6 17 -0.01689938634176646
36 0.12250523269176483 7 16 0.06661358377465303
44 -0.13046202063560486 8 11 0.022385952337973122
27 0.1113615483045578 9 10 -0.3241216251359428
-1 0.0 0 0 -0.053714309800218074
-1 0.0 0 0 0.0391021890914999
35 -0.1292487233877182 12 13 0.05726542795828479
-1 0.0 0 0 -0.04810697640581378
28 0.18271984159946442 14 15 0.0843221360492315
-1 0.0 0 0 0.010412705782010952
-1 0.0 0 0 -0.0568075286991456
-1 0.0 0 0 0.03323778195247927
-1 0.0 0 0 -0.003931936244617446
2 0.3521703779697418 19 20 -0.14534220372149861
-1 0.0 0 0 -0.0008063360442527143
66 0.09715908765792847 21 28 -0.24949259887033812
33 0.052609555423259735 22 27 -0.18035589300366536
30 0.030462808907032013 23 26 -0.2513637604306475
47 0.1401810199022293 24 25 -0.3887609271364516
-1 0.0 0 0 -0.03176931824293677
-1 0.0 0 0 -0.12609559758142994
-1 0.0 0 0 0.0014331422867993548
-1 0.0 0 0 0.026902246799852165
-1 0.0 0 0 -0.0635004882670372
nodes 29
55 0.18370461463928223 1 12 0.0
101 -0.05514563247561455 2 11 0.0012131658789085132
107 -0.026770764961838722 3 6 -0.018784491605042607
2 0.44076260924339294 4 5 0.015237433568280346
-1 0.0 0 0 -0.0012127737664484495
-1 0.0 0 0 0.007632577500154817
85 -0.018820229917764664 7 8 -0.05209776149845708
-1 0.0 0 0 -0.010981620356049951
8 40.5 9 10 -0.024295952737456376
-1 0.0 0 0 0.0038679398980307985
-1 0.0 0 0 -0.006741582794021811
-1 0.0 0 0 0.000657409311160422
88 0.04183289408683777 13 26 -0.0761571107356888
103 -0.16813933849334717 14 15 -0.16528418374657453
-1 0.0 0 0 -0.09981504915201146
54 -0.09715715795755386 16 17 -0.14455266309853188
-1 0.0 0 0 0.02057311769209004
6 0.9832358360290527 18 19 -0.1795810471004751
-1 0.0 0 0 -0.02938917551181038
43 -0.05496050789952278 20 25 -0.05854617978769181
57 -0.11312398314476013 21 22 0.0915139296033361
-1 0.0 0 0 -0.0751023074053228
63 -0.11894513666629791 23 24 0.1749334349158672
-1 0.0 0 0 0.06967062349705136
-1 0.0 0 0 0.006933655871433162
-1 0.0 0 0 -0.023765018131891868
15 0.08254055678844452 27 28 0.059758087559494424
-1 0.0 0 0 -0.00043749220939398316
-1 0.0 0 0 0.03713477099323118
nodes 29
61 -0.08409646153450012 1 28 0.0
107 -0.1712527573108673 2 5 0.018062323866900574
44 0.06637826561927795 3 4 0.151957567842302
-1 0.0 0 0 0.010959617358308828
-1 0.0 0 0 0.04237339828185827
71 -0.14888489246368408 6 7 0.010111284535799797
-1 0.0 0 0 -0.010981492811591822
41 0.09292328357696533 8 9 0.01692840037095991
-1 0.0 0 0 -0.0008046432086605903
67 -0.021709399297833443 10 15 0.04933688039496296
77 0.08810699731111526 11 12 0.09847996960507538
-1 0.0 0 0 0.012839631038463634
72 -0.05536822974681854 13 14 -0.049703774443217205
-1 0.0 0 0 -0.03650306167236219
-1 0.0 0 0 0.002278515481664594
55 0.07705926895141602 16 17 0.009501273404284348
-1 0.0 0 0 0.003294561412188214
76 0.1311955749988556 18 23 -0.12318442328415395
0 0.41047126054763794 19 20 -0.059876082008137044
-1 0.0 0 0 -0.02207951892365874
29 0.0645444318652153 21 22 0.09318052812446066
-1 0.0 0 0 0.02504477655005065
-1 0.0 0 0 -0.024729493423605087
1 0.3986018896102905 24 27 -0.47108989506703586
102 -0.027873335406184196 25 26 -0.18281455518239562
-1 0.0 0 0 0.04093701208642285
-1 0.0 0 0 -0.04737122907842461
-1 0.0 0 0 -0.149206505715847
-1 0.0 0 0 -0.0005082928883277356
nodes 29
0 0.45026081800460815 1 6 0.0
73 -0.061555415391922 2 3 -0.006716510749339326
-1 0.0 0 0 0.0014292935965364
6 1.009075403213501 4 5 -0.021445293633369965
-1 0.0 0 0 -0.003318289812640105
-1 0.0 0 0 0.00253077913343841
62 -0.14100562036037445 7 8 0.013673006367977561
-1 0.0 0 0 0.010270036486443155
29 0.10062576830387115 9 16 0.006085414076011875
48 0.06069991737604141 10 15 0.018066329306121415
37 -0.06591235846281052 11 14 0.0366135559005751
85 -0.04423711821436882 12 13 0.08460249294302144
-1 0.0 0 0 -0.0015823100503032643
-1 0.0 0 0 0.011350014097688332
-1 0.0 0 0 3.974768850500878e-05
-1 0.0 0 0 -0.0020670410331641935
31 0.04858916252851486 17 20 -0.04782761903501738
59 0.19498717784881592 18 19 -0.004382539326985041
-1 0.0 0 0 0.0013956727878602852
-1 0.0 0 0 -0.028971510206617687
3 0.7072261571884155 21 22 -0.13448204823020288
-1 0.0 0 0 0.006056318413469083
53 -0.14916203916072845 23 24 -0.23074018964853374
-1 0.0 0 0 -0.05222475979632388
52 0.14146265387535095 25 26 -0.16888793012399908
-1 0.0 0 0 -0.013970738864182555
47 0.029627636075019836 27 28 -0.864238882028475
-1 0.0 0 0 -0.013789080118849165
-1 0.0 0 0 -0.16269043669104577
nodes 29
98 0.2064957469701767 1 16 0.0
81 0.14788803458213806 2 3 0.0008475530933789825
-1 0.0 0 0 0.0002957083763234273
32 0.045529138296842575 4 11 -0.04595602559417691
70 0.04355331137776375 5 10 -0.013107027024271677
95 0.11909078806638718 6 9 -0.07032677687129858
5 1.069284439086914 7 8 -0.03465621757780379
-1 0.0 0 0 0.03850302727272113
-1 0.0 0 0 -0.005713942241557246
-1 0.0 0 0 -0.02978471010135897
-1 0.0 0 0 0.007395264013947706
14 0.015395977534353733 12 13 -0.13951068249245915
-1 0.0 0 0 -0.0053166055929822695
21 0.1939595341682434 14 15 -0.30191016146778055
-1 0.0 0 0 -0.03899240719320173
-1 0.0 0 0 0.01762987520545721
48 -0.10806187242269516 17 20 -0.10725870965807746
3 0.8158183693885803 18 19 -0.5278649896058734
-1 0.0 0 0 -0.013620795226289015
-1 0.0 0 0 -0.09195220269488566
56 0.02163352258503437 21 24 -0.06859573684950569
9 -0.06342736631631851 22 23 -0.18669101501798432
-1 0.0 0 0 -0.04601178182946408
-1 0.0 0 0 -0.006793995812045832
19 0.0764680728316307 25 26 0.0742087072126854
-1 0.0 0 0 0.01792934042757398
72 0.014669553376734257 27 28 -0.4095432603017202
-1 0.0 0 0 -0.0959032379090786
-1 0.0 0 0 -0.0021668588215320865
nodes 29
13 0.14602965116500854 1 8 0.0
5 1.1118040084838867 2 7 -0.00220209939738054
26 0.12257649004459381 3 6 -0.02316192466989324
48 -0.07119277119636536 4 5 -0.03469557103171169
-1 0.0 0 0 0.0035431070215335286
-1 0.0 0 0 -0.00477288223284458
-1 0.0 0 0 0.005993053091574903
-1 0.0 0 0 0.0004213926390002167
1 0.38621893525123596 9 16 0.040993260697423026
37 0.04151202738285065 10 11 0.002004221186556747
-1 0.0 0 0 0.002889587686554883
105 -0.0396132618188858 12 13 -0.18196784029507865
-1 0.0 0 0 -0.045353865950951366
57 -0.043379154056310654 14 15 -0.07025141633730102
-1 0.0 0 0 -0.04069506965358468
-1 0.0 0 0 0.006348427906866343
69 0.02568628080189228 17 22 0.11310881784748257
98 -0.10705875605344772 18 19 0.21394592469986023
-1 0.0 0 0 0.047477221218034674
89 0.11607331782579422 20 21 0.1539420048406526
-1 0.0 0 0 0.01831092021292444
-1 0.0 0 0 -0.07307963129132987
78 -0.0736442357301712 23 26 0.005152424515943966
90 -0.05949868634343147 24 25 -0.24865340568281255
-1 0.0 0 0 -0.06381271761757407
-1 0.0 0 0 -0.00524299793275969
35 0.18228082358837128 27 28 0.08011456626880009
-1 0.0 0 0 0.01128231723422738
-1 0.0 0 0 -0.059093941639988656
nodes 29
78 0.03467060625553131 1 2 0.0
-1 0.0 0 0 0.0006285677424678021
42 -0.13726943731307983 3 6 -0.014530580996299211
24 0.029139932245016098 4 5 0.041683143435609464
-1 0.0 0 0 -0.0010828536072548546
-1 0.0 0 0 0.011818609651905718
11 -0.048064641654491425 7 12 -0.022943912454202617
105 -0.06428582221269608 8 11 -0.0583845941249978
5 1.1881879568099976 9 10 -0.1493001577409216
-1 0.0 0 0 -0.022783207506967013
-1 0.0 0 0 -0.004800961262909047
-1 0.0 0 0 -0.003205526384075749
107 0.08092275261878967 13 28 -0.006862509435595273
2 0.4237402677536011 14 15 0.0037138143285187107
-1 0.0 0 0 -0.0017780014568217002
15 -0.06228604540228844 16 23 0.047450013426851574
108 -0.011927858926355839 17 20 -0.05944140370778993
44 0.10380646586418152 18 19 -0.23436674514772265
-1 0.0 0 0 -0.01695878382306546
-1 0.0 0 0 -0.0883595345583227
7 0.23399999737739563 21 22 0.03517470245819332
-1 0.0 0 0 -0.00032292794125417023
-1 0.0 0 0 0.06872893750083213
37 0.0732792317867279 24 27 0.0870612309488155
18 -0.05839462950825691 25 26 0.11177607913011482
-1 0.0 0 0 0.020190638803013264
-1 0.0 0 0 0.004477815990760035
-1 0.0 0 0 -0.01637727983999856
-1 0.0 0 0 -0.00828663585062105
nodes 29
74 0.17607015371322632 1 2 0.0
-1 0.0 0 0 0.0002751045939769882
1 0.3512877821922302 3 8 -0.03232540170863169
53 -0.08716683089733124 4 7 0.01720901452918971
1 0.2361474335193634 5 6 0.08144379113006348
-1 0.0 0 0 -0.004210806599764289
-1 0.0 0 0 0.015903505642667116
-1 0.0 0 0 -0.004068779664356338
69 0.020240357145667076 9 10 -0.11285406767811973
-1 0.0 0 0 -0.001648323196291538
34 0.32645922899246216 11 28 -0.2037699504283125
76 -0.03516875579953194 12 13 -0.18482588079415826
-1 0.0 0 0 0.0034025480407585207
37 -0.0032184093724936247 14 25 -0.25408747113089136
87 0.19014368951320648 15 24 -0.34627795279631035
96 -0.16090741753578186 16 19 -0.3137255946810501
41 0.10608011484146118 17 18 -0.6401955078330797
-1 0.0 0 0 -0.026306360742698116
-1 0.0 0 0 -0.11351811271160842
47 0.002385422820225358 20 23 -0.23961892727844214
27 -0.0838397964835167 21 22 -0.07518317658908753
-1 0.0 0 0 0.07701443821191789
-1 0.0 0 0 -0.014805624199497255
-1 0.0 0 0 -0.03933199998812514
-1 0.0 0 0 -0.13107922673225403
60 -0.01474896539002657 26 27 -0.015832695076824166
-1 0.0 0 0 -0.04058123377858308
-1 0.0 0 0 0.020592043509104235
-1 0.0 0 0 -0.12632345855236055
nodes 29
68 0.17079725861549377 1 22 0.0
9 -0.17580099403858185 2 21 0.001331781450298147
2 0.3676583170890808 3 4 0.044938433874284284
-1 0.0 0 0 -0.00392779848062057
31 -0.027705209329724312 5 8 0.08499894072671896
14 0.10319212824106216 6 7 0.1750445144707427
-1 0.0 0 0 0.021226126391290026
-1 0.0 0 0 -0.023750711232423782
34 0.011435055173933506 9 12 0.03967693285201315
96 -0.12745621800422668 10 11 -0.2097896926291287
-1 0.0 0 0 0.015457360891741701
-1 0.0 0 0 -0.04369252572295728
6 0.849768340587616 13 18 0.07075150005195609
36 0.029464272782206535 14 17 -0.2570374558645843
52 -0.08129291236400604 15 16 0.03913461975162795
-1 0.0 0 0 0.0741441028378904
-1 0.0 0 0 -0.024752105723909693
-1 0.0 0 0 -0.06093800975459403
37 0.023963764309883118 19 20 0.09289469015908408
-1 0.0 0 0 0.013373398725325293
-1 0.0 0 0 -0.007490155224956613
-1 0.0 0 0 -0.00010151116810305063
61 0.04637914523482323 23 24 -0.06661626342143531
-1 0.0 0 0 -0.0030410666870813777
35 0.05809113755822182 25 28 -0.21617760205201328
60 0.14884628355503082 26 27 -0.0784983569719484
-1 0.0 0 0 -0.014056186339866114
-1 0.0 0 0 0.05759895289824768
-1 0.0 0 0 -0.0489384854007767
end
