vecsearch-termination-model 1
kind gbdt
checkpoint 500
query_dim 100
bias 7.423904277816994
trees 200
nodes 29
1 0.2949203848838806 1 20 0.0
6 1.0856603384017944 2 13 -0.9709060846626968
6 1.0557838678359985 3 10 -0.46314261666732415
4 0.7351712584495544 4 5 -0.2806002673053312
-1 0.0 0 0 -0.07239167740275577
2 0.31493258476257324 6 7 -0.11452622944056169
-1 0.0 0 0 -0.03611480294079238
2 0.37929949164390564 8 9 0.07600644877793318
-1 0.0 0 0 -0.0022944781639731306
-1 0.0 0 0 0.04797473087277021
2 0.3736247718334198 11 12 -0.8684366888178672
-1 0.0 0 0 -0.09128946391591242
-1 0.0 0 0 -0.006217024746771542
7 0.5879999995231628 14 17 -1.796594434469144
7 0.37599998712539673 15 16 -1.4570927575224042
-1 0.0 0 0 -0.12341938229661063
-1 0.0 0 0 -0.16674007549104738
7 0.7480000257492065 18 19 -2.3620026122309965
-1 0.0 0 0 -0.21537818182558
-1 0.0 0 0 -0.27730115388900883
1 0.33906328678131104 21 26 0.8362713632373812
6 1.0557838678359985 22 25 0.3337172450367883
4 0.7728350758552551 23 24 0.4562570612455424
-1 0.0 0 0 -0.0025965319729449304
-1 0.0 0 0 0.056031752718536415
-1 0.0 0 0 -0.03273564847264789
1 0.3641992509365082 27 28 1.0661712627332467
-1 0.0 0 0 0.08411830956523698
-1 0.0 0 0 0.11433147464696845
nodes 29
1 0.2916117310523987 1 18 0.0
6 1.079498291015625 2 11 -0.8953959278031097
1 0.24252641201019287 3 6 -0.39813785681141145
2 0.3600446581840515 4 5 -0.6287807031171633
-1 0.0 0 0 -0.07202246053730073
-1 0.0 0 0 0.004643453943268409
4 0.8015424013137817 7 8 -0.1935410088458339
-1 0.0 0 0 -0.04494083418297995
6 1.0522103309631348 9 10 -0.041886308358462646
-1 0.0 0 0 0.010326333052327366
-1 0.0 0 0 -0.040632337404324474
7 0.5979999899864197 12 15 -1.5703631322102198
6 1.1151620149612427 13 14 -1.2839947069986555
-1 0.0 0 0 -0.10838405607746858
-1 0.0 0 0 -0.14960414567342237
7 0.734000027179718 16 17 -2.1294444512459454
-1 0.0 0 0 -0.19137551989648344
-1 0.0 0 0 -0.24527703762813013
1 0.3380826711654663 19 24 0.735532339762886
6 1.0515527725219727 20 23 0.26946019523211695
4 0.7952757477760315 21 22 0.40177603446796495
-1 0.0 0 0 0.002845800520588403
-1 0.0 0 0 0.0520458150422521
-1 0.0 0 0 -0.027287800049158713
4 0.8015424013137817 25 26 0.9563079647839438
-1 0.0 0 0 0.04387466914221298
1 0.36105817556381226 27 28 0.9891356979824465
-1 0.0 0 0 0.08064433666734877
-1 0.0 0 0 0.1037710178497418
nodes 29
1 0.3001307547092438 1 20 0.0
6 1.0883917808532715 2 13 -0.7573683725092158
6 1.0528929233551025 3 10 -0.363008709535561
4 0.713226318359375 4 5 -0.1873019135896156
-1 0.0 0 0 -0.061933918533916235
2 0.31493258476257324 6 9 -0.059501036881026585
1 0.212176114320755 7 8 -0.2751719836217552
-1 0.0 0 0 -0.05995675777166796
-1 0.0 0 0 -0.015258528641491116
-1 0.0 0 0 0.008009895429162656
2 0.313972532749176 11 12 -0.6883171998327733
-1 0.0 0 0 -0.08473855600654004
-1 0.0 0 0 -0.048702414007759064
7 0.550000011920929 14 17 -1.4762721673220194
7 0.3240000009536743 15 16 -1.1586716016974417
-1 0.0 0 0 -0.09542513705922755
-1 0.0 0 0 -0.13060668037945475
7 0.7200000286102295 18 19 -1.8705751652324225
-1 0.0 0 0 -0.1676702643972907
-1 0.0 0 0 -0.21887921206053695
1 0.34843844175338745 21 26 0.7057495719290908
6 1.0482453107833862 22 25 0.366888026039363
4 0.8190411925315857 23 24 0.47113452981139625
-1 0.0 0 0 0.017032258348881696
-1 0.0 0 0 0.058675452173650916
-1 0.0 0 0 -0.008789000059952755
4 0.8133923411369324 27 28 0.8931181601837807
-1 0.0 0 0 0.052086892421446845
-1 0.0 0 0 0.09179053949224258
nodes 29
1 0.28238368034362793 1 18 0.0
6 1.0944085121154785 2 11 -0.7824061468883532
6 1.060505986213684 3 10 -0.4312122841159122
4 0.7508870363235474 4 5 -0.27831496109810416
-1 0.0 0 0 -0.057419171729715036
2 0.37208810448646545 6 9 -0.1414734839824152
1 0.23209716379642487 7 8 -0.21529016082268176
-1 0.0 0 0 -0.039865038540264505
-1 0.0 0 0 -0.009871397377991122
-1 0.0 0 0 0.03819806854298416
-1 0.0 0 0 -0.07490311549693128
7 0.6480000019073486 12 15 -1.3877564907459476
7 0.4480000138282776 13 14 -1.1815837072427842
-1 0.0 0 0 -0.09999626192544497
-1 0.0 0 0 -0.1378793819160662
7 0.800000011920929 16 17 -1.8523594526755873
-1 0.0 0 0 -0.17334520995293135
-1 0.0 0 0 -0.22480225733385126
1 0.3310249447822571 19 24 0.5566196224406439
6 1.0696371793746948 20 23 0.12326921020986704
4 0.7776793837547302 21 22 0.21360068343497052
-1 0.0 0 0 -0.01187111621960397
-1 0.0 0 0 0.03064094388111374
-1 0.0 0 0 -0.05504651187733278
4 0.7867555022239685 25 26 0.7562966586362802
-1 0.0 0 0 0.024026603461372687
1 0.3682495057582855 27 28 0.7844299321383006
-1 0.0 0 0 0.06477784627646557
-1 0.0 0 0 0.08516030680212755
nodes 29
1 0.30120518803596497 1 22 0.0
6 1.0748132467269897 2 13 -0.6105637709556906
1 0.2519840896129608 3 8 -0.2343703326069364
2 0.3600446581840515 4 7 -0.41843133923269576
4 0.6973335146903992 5 6 -0.4918226496734053
-1 0.0 0 0 -0.07258023080837274
-1 0.0 0 0 -0.04101154673713881
-1 0.0 0 0 0.00962160351010952
4 0.8072726130485535 9 10 -0.05813784847973057
-1 0.0 0 0 -0.026232205040396896
6 1.0425784587860107 11 12 0.06274743967743344
-1 0.0 0 0 0.018279437491578624
-1 0.0 0 0 -0.0152885456534404
7 0.515999972820282 14 17 -1.112600506395857
6 1.1084753274917603 15 16 -0.8434626716875606
-1 0.0 0 0 -0.07069052796442257
-1 0.0 0 0 -0.10050555856055071
6 1.1416352987289429 18 19 -1.4547527269676628
-1 0.0 0 0 -0.11658242235470134
7 0.7820000052452087 20 21 -1.631757633933997
-1 0.0 0 0 -0.15230874656956261
-1 0.0 0 0 -0.20206778415181825
1 0.3505837917327881 23 28 0.5779509270262972
6 1.045029640197754 24 27 0.3147138662816027
4 0.7952757477760315 25 26 0.408025381785665
-1 0.0 0 0 0.00991143515393727
-1 0.0 0 0 0.04870087573574039
-1 0.0 0 0 -0.004770960947872634
-1 0.0 0 0 0.07301802180766331
nodes 29
1 0.28238368034362793 1 16 0.0
6 1.0991607904434204 2 11 -0.6352847606440148
6 1.0639995336532593 3 10 -0.36460373585153116
4 0.7056169509887695 4 5 -0.23332842721768518
-1 0.0 0 0 -0.053814720607805046
2 0.37208810448646545 6 9 -0.14252685124958195
7 0.3199999928474426 7 8 -0.2036844516447967
-1 0.0 0 0 -0.014171986865928196
-1 0.0 0 0 -0.04753449684773018
-1 0.0 0 0 0.030077838361516063
-1 0.0 0 0 -0.06511519016740995
7 0.6380000114440918 12 15 -1.154158119375407
7 0.42800000309944153 13 14 -0.9735713481155438
-1 0.0 0 0 -0.0812339275281973
-1 0.0 0 0 -0.1121268862267894
-1 0.0 0 0 -0.1504527006713503
1 0.3239051401615143 17 22 0.45195447961003743
6 1.0666753053665161 18 21 0.05511132307137456
4 0.7776793837547302 19 20 0.14011299336716201
-1 0.0 0 0 -0.011966623019261071
-1 0.0 0 0 0.021819022924376458
-1 0.0 0 0 -0.044907666649130984
4 0.8500955700874329 23 26 0.5975827812468479
4 0.7677508592605591 24 25 0.35233106839268546
-1 0.0 0 0 0.006312796363342019
-1 0.0 0 0 0.04345578627554273
2 0.39826223254203796 27 28 0.6509831242855456
-1 0.0 0 0 0.05060979009288196
-1 0.0 0 0 0.06969260541038523
nodes 29
1 0.30622774362564087 1 22 0.0
6 1.0696371793746948 2 13 -0.4774659402755833
1 0.23209716379642487 3 6 -0.15466608965732778
2 0.3462967872619629 4 5 -0.3807210777997191
-1 0.0 0 0 -0.04662119829311188
-1 0.0 0 0 0.0007829675205712077
4 0.8294677138328552 7 8 -0.05115551885737532
-1 0.0 0 0 -0.02041049267535394
2 0.3728448152542114 9 12 0.06608074597079881
6 1.0420279502868652 10 11 0.01589191859364582
-1 0.0 0 0 0.010905693463667845
-1 0.0 0 0 -0.015054250431690525
-1 0.0 0 0 0.04239964150815918
7 0.4779999852180481 14 17 -0.8742131988411537
2 0.3380363881587982 15 16 -0.6304356561056746
-1 0.0 0 0 -0.06876553370404247
-1 0.0 0 0 -0.03486209261077539
7 0.6940000057220459 18 21 -1.1453771427383717
6 1.1284337043762207 19 20 -1.0040236046904607
-1 0.0 0 0 -0.08425352133697075
-1 0.0 0 0 -0.11314126897440453
-1 0.0 0 0 -0.14121672254340126
1 0.35372185707092285 23 28 0.4888491319619659
6 1.045029640197754 24 27 0.29649883582693654
4 0.8693013191223145 25 26 0.36535963435225294
-1 0.0 0 0 0.02143955679502972
-1 0.0 0 0 0.047956896341755414
-1 0.0 0 0 -0.00014979984292540314
-1 0.0 0 0 0.05994511653669065
nodes 29
1 0.2748650908470154 1 16 0.0
6 1.0991607904434204 2 11 -0.5478819566670384
7 0.3100000023841858 3 8 -0.32258621861704634
4 0.7056169509887695 4 5 -0.22523341832086943
-1 0.0 0 0 -0.047748737490460685
2 0.35191941261291504 6 7 -0.14104082690652836
-1 0.0 0 0 -0.020823351267686228
-1 0.0 0 0 0.01637701401895809
2 0.37760499119758606 9 10 -0.563891651066018
-1 0.0 0 0 -0.060207244866781945
-1 0.0 0 0 0.016218699995700397
7 0.671999990940094 12 15 -0.9458054372884317
7 0.3540000021457672 13 14 -0.8183839835626104
-1 0.0 0 0 -0.06218870937764376
-1 0.0 0 0 -0.09046317622415871
-1 0.0 0 0 -0.12710187856486396
1 0.3218042552471161 17 22 0.3477012080705057
6 1.058838129043579 18 21 0.017870958898411397
4 0.7245029211044312 19 20 0.11107018283702523
-1 0.0 0 0 -0.020454577145531033
-1 0.0 0 0 0.016091677376311484
-1 0.0 0 0 -0.0322884092847597
4 0.8500955700874329 23 26 0.4814169931135792
4 0.7245029211044312 24 25 0.27041159428388944
-1 0.0 0 0 -0.0155582609162367
-1 0.0 0 0 0.03141275436044039
2 0.40514370799064636 27 28 0.5285726490272018
-1 0.0 0 0 0.042360966716178984
-1 0.0 0 0 0.05747009832650277
nodes 29
1 0.2748650908470154 1 16 0.0
7 0.42800000309944153 2 9 -0.49309376051366977
6 1.067649483680725 3 8 -0.29564721464165405
4 0.7677508592605591 4 5 -0.17225677459761007
-1 0.0 0 0 -0.03612719404703335
2 0.34705013036727905 6 7 -0.0643875524874531
-1 0.0 0 0 -0.013497473925312876
-1 0.0 0 0 0.020609696403130116
-1 0.0 0 0 -0.05115905317092894
6 1.137887954711914 10 13 -0.8637688107978194
2 0.3487255871295929 11 12 -0.6730592701218484
-1 0.0 0 0 -0.0728495044335768
-1 0.0 0 0 -0.021324137529352794
7 0.800000011920929 14 15 -1.0529860134174156
-1 0.0 0 0 -0.09854387504312712
-1 0.0 0 0 -0.14590387630660095
1 0.3289532959461212 17 24 0.31293108701462413
6 1.0420279502868652 18 21 0.04498145506314741
4 0.8587902784347534 19 20 0.16034734920799787
-1 0.0 0 0 0.003464517917350686
-1 0.0 0 0 0.02779817155534138
6 1.0961110591888428 22 23 -0.1786355489766982
-1 0.0 0 0 -0.011107992066664029
-1 0.0 0 0 -0.061304572416964034
4 0.8329603672027588 25 26 0.4469059029903625
-1 0.0 0 0 0.02307296277945324
6 1.0696371793746948 27 28 0.47849641083147976
-1 0.0 0 0 0.04846623346889286
-1 0.0 0 0 -0.011318026624692286
nodes 29
2 0.35445094108581543 1 14 0.0
6 1.0736864805221558 2 7 -0.3831017982032368
3 0.6092641949653625 3 4 -0.14581504289694427
-1 0.0 0 0 -0.03481707071673269
6 1.0425784587860107 5 6 -0.045289219806582744
-1 0.0 0 0 0.005261354858874636
-1 0.0 0 0 -0.02043017639147747
7 0.5320000052452087 8 11 -0.6877648282875315
7 0.23800000548362732 9 10 -0.5309983697681165
-1 0.0 0 0 -0.036972552566279085
-1 0.0 0 0 -0.06036304411023166
7 0.7820000052452087 12 13 -0.9079560265521025
-1 0.0 0 0 -0.08431967753304202
-1 0.0 0 0 -0.12159163455448299
3 0.6915275454521179 15 24 0.32997739776849616
2 0.3907366394996643 16 19 0.06699183093654038
49 0.0766565352678299 17 18 -0.06359087464588402
-1 0.0 0 0 -0.025869419204243495
-1 0.0 0 0 0.004873061814360813
6 0.8475961685180664 20 21 0.2574283673764427
-1 0.0 0 0 -0.021094726899000646
4 0.7952757477760315 22 23 0.31726343802652135
-1 0.0 0 0 0.011654122260595355
-1 0.0 0 0 0.046228401175947446
2 0.3857119083404541 25 28 0.40334615122523304
49 0.03852136805653572 26 27 0.2467266131658726
-1 0.0 0 0 -0.011066217061930471
-1 0.0 0 0 0.029497432131654046
-1 0.0 0 0 0.04467923082066674
nodes 29
2 0.34544211626052856 1 14 0.0
6 1.0736864805221558 2 9 -0.3774585570378402
1 0.22378002107143402 3 4 -0.15892445805541178
-1 0.0 0 0 -0.036503428233861976
49 0.08987566083669662 5 6 -0.07353554578385786
-1 0.0 0 0 -0.027668238768244504
96 0.006559284869581461 7 8 -0.020032449648676003
-1 0.0 0 0 0.0018587263728837376
-1 0.0 0 0 -0.025947467258925896
7 0.6480000019073486 10 13 -0.6288870107102744
7 0.3059999942779541 11 12 -0.5330728072365021
-1 0.0 0 0 -0.03780274622100097
-1 0.0 0 0 -0.06145066933322849
-1 0.0 0 0 -0.09185422377891302
2 0.38246142864227295 15 22 0.27289475237183713
6 1.045029640197754 16 19 0.06273554588282913
3 0.668027937412262 17 18 0.16342798414578943
-1 0.0 0 0 -0.001984955186537382
-1 0.0 0 0 0.024827278849484866
4 0.7888734340667725 20 21 -0.17108230937640959
-1 0.0 0 0 -0.04182130964965067
-1 0.0 0 0 -0.006027226585843595
4 0.7952757477760315 23 24 0.3676713005182175
-1 0.0 0 0 0.008172707842124309
6 0.8849597573280334 25 26 0.39124076797796165
-1 0.0 0 0 0.004776383931615323
49 0.02459252066910267 27 28 0.4073956867057511
-1 0.0 0 0 0.026580364867276836
-1 0.0 0 0 0.043270463692793144
nodes 29
1 0.2691858112812042 1 14 0.0
7 0.421999990940094 2 9 -0.3805551026662874
6 1.0528929233551025 3 6 -0.22791636541665486
4 0.669711172580719 4 5 -0.1119086393934701
-1 0.0 0 0 -0.03430101181801264
-1 0.0 0 0 -0.005015923686328723
4 0.6973335146903992 7 8 -0.34611612698764616
-1 0.0 0 0 -0.05174369319974335
-1 0.0 0 0 -0.028738153516468697
6 1.1416352987289429 10 11 -0.6458249937019493
-1 0.0 0 0 -0.05085900286398451
7 0.8199999928474426 12 13 -0.789742123830985
-1 0.0 0 0 -0.07445370892855709
-1 0.0 0 0 -0.11899456155711208
2 0.3743872046470642 15 22 0.22218988518118157
6 1.0489447116851807 16 19 0.018278090043983754
49 0.11614961177110672 17 18 0.10346556907554467
-1 0.0 0 0 -0.005086062206954816
-1 0.0 0 0 0.017661633594885755
6 1.1009384393692017 20 21 -0.1905528501024699
-1 0.0 0 0 -0.013883324908308
-1 0.0 0 0 -0.05027815731155996
4 0.8514336347579956 23 26 0.32405376479168607
4 0.713226318359375 24 25 0.16542168094964865
-1 0.0 0 0 -0.02231087810300518
-1 0.0 0 0 0.019839809560278605
6 0.897193431854248 27 28 0.36282799584251213
-1 0.0 0 0 0.01098794509889558
-1 0.0 0 0 0.037594489482950876
nodes 29
2 0.34544211626052856 1 14 0.0
7 0.4099999964237213 2 9 -0.30887971087023847
1 0.24252641201019287 3 6 -0.17225140407337894
6 1.0666753053665161 4 5 -0.2996540000274244
-1 0.0 0 0 -0.021782836783403887
-1 0.0 0 0 -0.03948157446163755
49 0.11223061382770538 7 8 -0.05477844567976087
-1 0.0 0 0 -0.01956910090413856
-1 0.0 0 0 0.0009852432017006816
7 0.6600000262260437 10 13 -0.5811715454074033
1 0.21522484719753265 11 12 -0.486629203323278
-1 0.0 0 0 -0.05678903583992298
-1 0.0 0 0 -0.03588429375464208
-1 0.0 0 0 -0.07659135766944193
2 0.3991543650627136 15 24 0.22331366083519275
49 0.05478651821613312 16 19 0.09338770262322572
43 -0.040508221834897995 17 18 -0.15888108905651804
-1 0.0 0 0 -0.005022339204658808
-1 0.0 0 0 -0.03269027456469427
3 0.5926269888877869 20 21 0.16137951203465362
-1 0.0 0 0 -0.006805463776819919
43 -0.005682202521711588 22 23 0.21001595111425017
-1 0.0 0 0 0.02476381100314083
-1 0.0 0 0 0.001384425805341258
6 0.870360791683197 25 26 0.3278936327346934
-1 0.0 0 0 -0.004133234250623755
49 0.031781647354364395 27 28 0.34199605512548603
-1 0.0 0 0 0.022852521617425188
-1 0.0 0 0 0.036746699497783274
nodes 29
6 1.0613887310028076 1 20 0.0
1 0.31031423807144165 2 13 0.14695274332563135
4 0.8190411925315857 3 6 -0.051064816111225576
1 0.2182057946920395 4 5 -0.17176278438009654
-1 0.0 0 0 -0.03317823426732898
-1 0.0 0 0 -0.01165991333712955
2 0.3312810957431793 7 12 0.041694032018314287
1 0.1818045973777771 8 9 -0.040808417140166926
-1 0.0 0 0 -0.0354057282390744
21 0.20103158056735992 10 11 -0.006727414771371882
-1 0.0 0 0 -0.008044543833783585
-1 0.0 0 0 0.015205228389927706
-1 0.0 0 0 0.014213179621124795
4 0.8747338056564331 14 17 0.2604104551665311
4 0.7098034024238586 15 16 0.15670316640660178
-1 0.0 0 0 -0.019542569666676057
-1 0.0 0 0 0.01775595625518326
21 -0.10869596153497696 18 19 0.30065246609886515
-1 0.0 0 0 -0.02234931662874924
-1 0.0 0 0 0.030632873066642953
6 1.1151620149612427 21 26 -0.3883942261272785
1 0.212176114320755 22 23 -0.25896345201253795
-1 0.0 0 0 -0.04006374703489387
4 0.7677508592605591 24 25 -0.1857980802073318
-1 0.0 0 0 -0.03547461187403293
-1 0.0 0 0 -0.012898736527368077
7 0.6940000057220459 27 28 -0.5609759264642235
-1 0.0 0 0 -0.04896210777585063
-1 0.0 0 0 -0.0750148216235867
nodes 29
6 1.0580217838287354 1 20 0.0
2 0.37122464179992676 2 13 0.13770999012886107
3 0.6445357799530029 3 6 -0.028614473524630833
49 0.07780861854553223 4 5 -0.16820417635728266
-1 0.0 0 0 -0.03196131536988971
-1 0.0 0 0 -0.01162377895116831
21 0.02063147723674774 7 8 0.05213931062429939
-1 0.0 0 0 -0.02252000018282596
1 0.263717383146286 9 10 0.07390672819281786
-1 0.0 0 0 -0.005734880550824158
96 -0.012069765478372574 11 12 0.1227375353126828
-1 0.0 0 0 0.01656683689208098
-1 0.0 0 0 -0.005209540359932301
6 0.9069956541061401 14 15 0.24483428625182044
-1 0.0 0 0 0.0003429108792979453
4 0.7728350758552551 16 17 0.2643289568857
-1 0.0 0 0 0.0031704953686399633
21 -0.06646370142698288 18 19 0.2775544121325398
-1 0.0 0 0 -0.001162913690402232
-1 0.0 0 0 0.028613302517805375
6 1.1348867416381836 21 26 -0.33684113266561255
2 0.2923676371574402 22 23 -0.2436529763888553
-1 0.0 0 0 -0.03688118311379692
4 0.7649762630462646 24 25 -0.16863773317857078
-1 0.0 0 0 -0.03253644272448481
-1 0.0 0 0 -0.010803604963353761
7 0.8500000238418579 27 28 -0.5434896663761286
-1 0.0 0 0 -0.05227688572913726
-1 0.0 0 0 -0.10822927409303403
nodes 29
2 0.333871990442276 1 10 0.0
7 0.42800000309944153 2 7 -0.2580984970578425
1 0.20429250597953796 3 4 -0.15260407366429313
-1 0.0 0 0 -0.029860220804891827
21 0.18947593867778778 5 6 -0.09108420941878975
-1 0.0 0 0 -0.014664763265368114
-1 0.0 0 0 0.004846693462166574
7 0.7080000042915344 8 9 -0.45996044972965017
-1 0.0 0 0 -0.040387435793299654
-1 0.0 0 0 -0.06219133943027201
2 0.3815954923629761 11 22 0.14817028871623478
49 0.03852136805653572 12 13 0.016685805119375115
-1 0.0 0 0 -0.024278969236397687
43 -0.011193078011274338 14 21 0.06786927711971341
96 -0.00034538150066509843 15 20 0.11078125147606212
21 -0.014126992784440517 16 17 0.15551423498014214
-1 0.0 0 0 -0.01477729342473904
34 0.11498714238405228 18 19 0.1826370367354214
-1 0.0 0 0 0.005692865505483064
-1 0.0 0 0 0.02447772617570043
-1 0.0 0 0 -0.004491509282299583
-1 0.0 0 0 -0.011685363856962512
6 0.8324276208877563 23 24 0.2234861061300925
-1 0.0 0 0 -0.020681344371384393
49 0.09517768025398254 25 28 0.2325136736537381
2 0.4076039791107178 26 27 0.16353874378867217
-1 0.0 0 0 0.002764771574783994
-1 0.0 0 0 0.021386356952205275
-1 0.0 0 0 0.027917017627825814
nodes 29
6 1.0489447116851807 1 16 0.0
2 0.36876916885375977 2 9 0.1283583553433402
4 0.8642157912254333 3 6 -0.006334067350944319
1 0.20746755599975586 4 5 -0.09027097581659814
-1 0.0 0 0 -0.027388892601170153
-1 0.0 0 0 -0.005466923005264441
8 36.5 7 8 0.08906033306929101
-1 0.0 0 0 -0.012503033144014207
-1 0.0 0 0 0.01307008031004376
6 0.9025515913963318 10 11 0.2020086388300607
-1 0.0 0 0 -0.0017489343995632117
21 -0.07495424896478653 12 13 0.21890291832439454
-1 0.0 0 0 -0.007587923193060446
43 -0.03400348126888275 14 15 0.22739953970475768
-1 0.0 0 0 0.025803337925073767
-1 0.0 0 0 0.016275095947672548
6 1.1026302576065063 17 24 -0.2478715459724742
2 0.3568324148654938 18 23 -0.14390453984420923
4 0.7621574401855469 19 20 -0.20136198104203049
-1 0.0 0 0 -0.03484503324611385
7 0.4620000123977661 21 22 -0.14967543344368558
-1 0.0 0 0 -0.010810144621051506
-1 0.0 0 0 -0.029695878367880648
-1 0.0 0 0 0.002338842458214803
7 0.578000009059906 25 26 -0.3951648889324019
-1 0.0 0 0 -0.031626876776651436
7 0.8500000238418579 27 28 -0.4910336418444736
-1 0.0 0 0 -0.04668745465306709
-1 0.0 0 0 -0.0899363070224111
nodes 29
6 1.0482453107833862 1 16 0.0
1 0.3166303038597107 2 9 0.11653580287690089
4 0.8441416025161743 3 6 -0.004547744704272062
4 0.6586642265319824 4 5 -0.08655648298931903
-1 0.0 0 0 -0.02203263394776006
-1 0.0 0 0 -0.0044944782635284305
8 36.5 7 8 0.08023561779202344
-1 0.0 0 0 -0.012337674331741023
-1 0.0 0 0 0.011401920597122188
21 -0.10869596153497696 10 11 0.18351122592770552
-1 0.0 0 0 -0.02107184992775067
4 0.8747338056564331 12 13 0.18924985697888574
-1 0.0 0 0 0.011561225711171175
2 0.49207547307014465 14 15 0.21564252007678844
-1 0.0 0 0 0.022386431128367017
-1 0.0 0 0 -0.0010575505832595559
6 1.1151620149612427 17 26 -0.22116103808822155
2 0.3672093152999878 18 25 -0.1405451509970247
4 0.7595893144607544 19 20 -0.18254080707788148
-1 0.0 0 0 -0.03166451637139386
1 0.18767064809799194 21 22 -0.1362539900463326
-1 0.0 0 0 -0.029129836393806327
49 0.098223976790905 23 24 -0.09781915068625928
-1 0.0 0 0 -0.02023525246691882
-1 0.0 0 0 -0.004853853490525407
-1 0.0 0 0 0.004499401844834224
7 0.7639999985694885 27 28 -0.3770270999625221
-1 0.0 0 0 -0.03428824901940928
-1 0.0 0 0 -0.05794414945025748
nodes 29
2 0.333871990442276 1 10 0.0
7 0.33799999952316284 2 5 -0.1920687997207839
3 0.6363762617111206 3 4 -0.0913827225290242
-1 0.0 0 0 -0.01737185258230684
-1 0.0 0 0 -0.0028847126690340775
1 0.1894749402999878 6 9 -0.31892776660268063
7 0.8199999928474426 7 8 -0.3973175856189783
-1 0.0 0 0 -0.03738606836448924
-1 0.0 0 0 -0.06794225112324385
-1 0.0 0 0 -0.023488115787308573
4 0.8113836646080017 11 14 0.11026367797132927
49 0.09092675149440765 12 13 -0.04830192273047472
-1 0.0 0 0 -0.015291979107829737
-1 0.0 0 0 0.00325315243586426
21 -0.09535784274339676 15 16 0.14775331260914315
-1 0.0 0 0 -0.021201286122387225
6 1.0883917808532715 17 28 0.1561144693555312
34 -0.11979801952838898 18 19 0.16397956480557477
-1 0.0 0 0 -0.03372047240175677
2 0.4084882438182831 20 27 0.16812796417288758
34 0.11599381268024445 21 22 0.1219933130416464
-1 0.0 0 0 0.0018599629547392115
96 0.0746719241142273 23 26 0.16581080557052902
49 0.11799216270446777 24 25 0.183067785243949
-1 0.0 0 0 0.01033686182556779
-1 0.0 0 0 0.023275183484913323
-1 0.0 0 0 -0.006413959496705302
-1 0.0 0 0 0.020952707611704768
-1 0.0 0 0 -0.01877015597968199
nodes 29
6 1.0482453107833862 1 18 0.0
2 0.37208810448646545 2 11 0.09607179498135365
49 0.05338047817349434 3 4 -0.0005745086075335618
-1 0.0 0 0 -0.0197003808645762
4 0.8705727458000183 5 8 0.027476232786342862
1 0.20746755599975586 6 7 -0.034576189736119395
-1 0.0 0 0 -0.02028583018005863
-1 0.0 0 0 -0.0005517255682025849
8 36.5 9 10 0.0975547167879105
-1 0.0 0 0 -0.006920972644141448
-1 0.0 0 0 0.01301947314929777
6 0.9319071173667908 12 15 0.15283354947288072
6 0.8324276208877563 13 14 0.007176821648958883
-1 0.0 0 0 -0.02098596933762195
-1 0.0 0 0 0.005448298420534507
21 0.11056694388389587 16 17 0.17330859953603775
-1 0.0 0 0 0.012632967229665799
-1 0.0 0 0 0.02099746845503039
7 0.5080000162124634 19 26 -0.18232455105152928
4 0.7056169509887695 20 21 -0.11847321313074803
-1 0.0 0 0 -0.026563515731194316
2 0.31009483337402344 22 23 -0.07988930273661952
-1 0.0 0 0 -0.01637735693366425
49 0.03527563065290451 24 25 -0.014588142117758189
-1 0.0 0 0 -0.016440148413167162
-1 0.0 0 0 0.0027419475694715244
2 0.2923676371574402 27 28 -0.32564186866931893
-1 0.0 0 0 -0.03783886921256164
-1 0.0 0 0 -0.02218117414470845
nodes 29
6 1.0666753053665161 1 24 0.0
2 0.36489763855934143 2 15 0.06930450332264389
49 0.115137979388237 3 6 -0.029822725909983656
43 -0.0607003141194582 4 5 -0.13594048086299682
-1 0.0 0 0 -0.007499182630287315
-1 0.0 0 0 -0.024751647219623092
1 0.26471981406211853 7 10 0.018417097775695616
94 -0.1598876267671585 8 9 -0.05069759329663543
-1 0.0 0 0 0.011912456940696897
-1 0.0 0 0 -0.00882172321200846
96 -0.030156634747982025 11 14 0.08047816415680542
21 0.17605526745319366 12 13 0.12678629220772708
-1 0.0 0 0 0.006722391623416317
-1 0.0 0 0 0.023315872840838133
-1 0.0 0 0 -0.0048197418895126465
43 0.021936865523457527 16 21 0.12911611009520244
21 -0.12579649686813354 17 18 0.14928200242260492
-1 0.0 0 0 -0.018502804528572413
6 0.9525459408760071 19 20 0.154654262910279
-1 0.0 0 0 0.006531763659268761
-1 0.0 0 0 0.01730644236550886
1 0.3641992509365082 22 23 0.01361816888651518
-1 0.0 0 0 -0.010242999314448845
-1 0.0 0 0 0.008866283046074968
7 0.24199999868869781 25 26 -0.20683105888729938
-1 0.0 0 0 -0.005482501946481831
6 1.1627334356307983 27 28 -0.25193416838889116
-1 0.0 0 0 -0.021051958639529217
-1 0.0 0 0 -0.034387164669908675
nodes 29
2 0.3312810957431793 1 10 0.0
1 0.212176114320755 2 5 -0.14737676449702652
7 0.578000009059906 3 4 -0.2368559881550868
-1 0.0 0 0 -0.01877448459480134
-1 0.0 0 0 -0.033307636631761575
94 -0.1783384084701538 6 7 -0.06502958994990524
-1 0.0 0 0 0.017715084723156044
43 -0.06953966617584229 8 9 -0.08695716483651474
-1 0.0 0 0 -0.003952867686401671
-1 0.0 0 0 -0.01697175589956913
4 0.8208990097045898 11 16 0.08039043176921784
7 0.2619999945163727 12 15 -0.038365966428813895
34 0.13628919422626495 13 14 0.0010720427527332866
-1 0.0 0 0 -0.006761082390377331
-1 0.0 0 0 0.007620528445237741
-1 0.0 0 0 -0.018874882249926273
21 0.0017747421516105533 17 20 0.11314104775557121
2 0.3881100118160248 18 19 -0.03461124832040491
-1 0.0 0 0 -0.01780452029682569
-1 0.0 0 0 0.0043704886583504025
96 0.06085795536637306 21 28 0.12866443915522166
49 0.01695338822901249 22 23 0.1431984503816098
-1 0.0 0 0 0.002360405587419572
34 -0.1024610698223114 24 25 0.15855305002252873
-1 0.0 0 0 -0.021605546122442025
58 0.09054677188396454 26 27 0.16278844265760592
-1 0.0 0 0 0.013466004718883992
-1 0.0 0 0 0.02117609365579588
-1 0.0 0 0 0.00047195258961809836
nodes 29
6 1.0420279502868652 1 18 0.0
4 0.7508870363235474 2 3 0.07900198840390736
-1 0.0 0 0 -0.007409362369236474
6 0.9562504291534424 4 7 0.09926344215199509
6 0.8324276208877563 5 6 0.0174981010124561
-1 0.0 0 0 -0.016674757347501932
-1 0.0 0 0 0.004077336191651156
2 0.36167922616004944 8 13 0.11834709143483504
106 -0.05120689794421196 9 10 0.04445535547803338
-1 0.0 0 0 -0.016180358653430565
21 -0.01757693476974964 11 12 0.07053917860636302
-1 0.0 0 0 -0.035601984346905285
-1 0.0 0 0 0.008375497573738733
2 0.5074802041053772 14 17 0.14286456631515748
89 -0.08713632076978683 15 16 0.1466987645271104
-1 0.0 0 0 0.01876724090783794
-1 0.0 0 0 0.011443355497749838
-1 0.0 0 0 -0.02627070258401575
7 0.5 19 26 -0.12656640279706474
4 0.8294677138328552 20 21 -0.07979251009657262
-1 0.0 0 0 -0.015836005677072443
2 0.30911338329315186 22 23 -0.024624513724350375
-1 0.0 0 0 -0.010154492702578297
49 0.10610869526863098 24 25 0.02748286302823299
-1 0.0 0 0 -0.005504285451837508
-1 0.0 0 0 0.009481556144492158
7 0.8500000238418579 27 28 -0.24073507168423602
-1 0.0 0 0 -0.022869747793079653
-1 0.0 0 0 -0.05920701390988118
nodes 29
6 1.0420279502868652 1 18 0.0
4 0.8747338056564331 2 7 0.07110178957382642
43 -0.02486542984843254 3 6 0.005408905449651232
1 0.2613618075847626 4 5 0.038933346910668014
-1 0.0 0 0 -0.006169512518043484
-1 0.0 0 0 0.007343859439628137
-1 0.0 0 0 -0.008448991769174161
34 -0.1024610698223114 8 9 0.11170427699419254
-1 0.0 0 0 -0.034256522191865
21 -0.16412131488323212 10 11 0.11529001350986089
-1 0.0 0 0 -0.04362401010815141
85 -0.055398497730493546 12 13 0.11781424596002762
-1 0.0 0 0 0.003023026022251808
21 0.14411240816116333 14 17 0.13323428988927902
2 0.3624352216720581 15 16 0.10217893485518084
-1 0.0 0 0 -5.626334062903995e-05
-1 0.0 0 0 0.012306316876544304
-1 0.0 0 0 0.016988079528051904
7 0.257999986410141 19 22 -0.11390976257808307
4 0.713226318359375 20 21 -0.02609486125386191
-1 0.0 0 0 -0.01571235064546357
-1 0.0 0 0 6.179055120886238e-05
2 0.39491647481918335 23 28 -0.16637312514907945
1 0.18767064809799194 24 25 -0.17948071666970106
-1 0.0 0 0 -0.024480185160560122
49 0.13387376070022583 26 27 -0.13502479800663678
-1 0.0 0 0 -0.018503337004864565
-1 0.0 0 0 -0.007038997303796009
-1 0.0 0 0 0.012998192984954813
nodes 29
2 0.3268566131591797 1 10 0.0
1 0.19432614743709564 2 3 -0.11679018041075549
-1 0.0 0 0 -0.0200414659690062
94 -0.15231853723526 4 7 -0.06275164461295189
29 0.058975670486688614 5 6 0.11242346757529716
-1 0.0 0 0 -0.008982030295266539
-1 0.0 0 0 0.022105071656142096
96 -0.07371680438518524 8 9 -0.08985304056224021
-1 0.0 0 0 -0.004863405628459332
-1 0.0 0 0 -0.014922076770858661
2 0.40514370799064636 11 22 0.05839684217451455
43 -0.030553773045539856 12 19 0.012751504623218649
49 0.1427803933620453 13 18 0.05586802487898372
34 0.06813209503889084 14 15 -0.004158800753653134
-1 0.0 0 0 -0.01411922877513597
41 0.02263885922729969 16 17 0.031009192978996892
-1 0.0 0 0 -0.00852090411733644
-1 0.0 0 0 0.007323327538713687
-1 0.0 0 0 0.012259540975937996
49 0.05338047817349434 20 21 -0.09897157046789576
-1 0.0 0 0 -0.022336383472324067
-1 0.0 0 0 -0.005392510712542712
2 0.5074802041053772 23 28 0.11621592518677286
6 0.8324276208877563 24 25 0.12127388653314762
-1 0.0 0 0 -0.016153766925252732
5 1.407386064529419 26 27 0.12680849536501543
-1 0.0 0 0 0.011772078693829959
-1 0.0 0 0 0.035458375144488
-1 0.0 0 0 -0.025821514703376142
nodes 29
2 0.3576561510562897 1 14 0.0
7 0.23399999737739563 2 7 -0.07853886878626302
21 0.1872146874666214 3 6 -0.008733143387896459
41 0.08210199326276779 4 5 -0.04234358959539065
-1 0.0 0 0 -0.010851292023173233
-1 0.0 0 0 0.0003861035334086128
-1 0.0 0 0 0.006952616763564673
7 0.6480000019073486 8 13 -0.1446348779132047
4 0.7677508592605591 9 10 -0.11815395558973274
-1 0.0 0 0 -0.01876379324784099
96 -0.08187410980463028 11 12 -0.08229547433600563
-1 0.0 0 0 -0.0034795786497633704
-1 0.0 0 0 -0.014002256500813015
-1 0.0 0 0 -0.02425125770495691
49 -0.015116029419004917 15 16 0.07204566367838318
-1 0.0 0 0 -0.00828936310307954
43 0.021936865523457527 17 26 0.08517720474325086
21 0.14327190816402435 18 23 0.10068806360980201
2 0.4131585955619812 19 22 0.07192297984649691
34 0.11193446815013885 20 21 0.029800866025590466
-1 0.0 0 0 -0.007036846970918402
-1 0.0 0 0 0.007676518444118594
-1 0.0 0 0 0.011556967896598838
89 -0.16034217178821564 24 25 0.13965947411205965
-1 0.0 0 0 0.024265861202858365
-1 0.0 0 0 0.011795851030944595
2 0.40080341696739197 27 28 -0.005654101677898818
-1 0.0 0 0 -0.011526978527266092
-1 0.0 0 0 0.005108701824390835
nodes 29
1 0.25315627455711365 1 8 0.0
7 0.20399999618530273 2 3 -0.10116249236413781
-1 0.0 0 0 -0.002090400406289946
7 0.8500000238418579 4 7 -0.14197091210572813
2 0.30060023069381714 5 6 -0.13598950953304328
-1 0.0 0 0 -0.016165419073195502
-1 0.0 0 0 -0.007020306302770599
-1 0.0 0 0 -0.04758835278573584
49 0.044580474495887756 9 14 0.04624667943256031
2 0.42910218238830566 10 13 -0.04380280133561998
34 0.09896891564130783 11 12 -0.10288310591779407
-1 0.0 0 0 -0.019835686833837764
-1 0.0 0 0 -0.005259159392112271
-1 0.0 0 0 0.006092755889794604
96 0.02048516646027565 15 26 0.0669070825174418
21 0.14690391719341278 16 23 0.08512806956432702
2 0.38326647877693176 17 22 0.05101809185536134
41 0.03285210579633713 18 19 -0.0037001148173832045
-1 0.0 0 0 -0.013972485945628095
34 0.10773152858018875 20 21 0.037574912368108684
-1 0.0 0 0 -0.007110778323118199
-1 0.0 0 0 0.007978775681152295
-1 0.0 0 0 0.009505022469928815
43 0.004187501035630703 24 25 0.13249887246406364
-1 0.0 0 0 0.01506564209435078
-1 0.0 0 0 0.0030085754919419896
2 0.4084882438182831 27 28 -0.014734031266024728
-1 0.0 0 0 -0.008881170983448565
-1 0.0 0 0 0.007288592330305709
nodes 29
2 0.3206227719783783 1 10 0.0
1 0.17996124923229218 2 3 -0.09444011355911648
-1 0.0 0 0 -0.016837808070958537
94 -0.1598876267671585 4 7 -0.05716208556965162
17 -0.010121090337634087 5 6 0.10512093463290992
-1 0.0 0 0 0.017524275848652526
-1 0.0 0 0 -0.00803594880225265
106 0.05131428316235542 8 9 -0.08147792880932074
-1 0.0 0 0 -0.012378771522492543
-1 0.0 0 0 -0.004070890068663473
4 0.8747338056564331 11 18 0.04161917620050481
43 -0.030553773045539856 12 17 -0.012507569025521302
49 0.18347583711147308 13 16 0.024764451873576652
2 0.38007909059524536 14 15 -0.0036193352689119934
-1 0.0 0 0 -0.004605541377720456
-1 0.0 0 0 0.005448428019266603
-1 0.0 0 0 0.010774595241918199
-1 0.0 0 0 -0.008646025585526225
85 -0.055398497730493546 19 20 0.07547199945640498
-1 0.0 0 0 -0.0013422589620447041
58 -0.018685614690184593 21 22 0.0920969555456075
-1 0.0 0 0 0.0017877360658772397
34 0.016467459499835968 23 24 0.11240913357624072
-1 0.0 0 0 -0.0003915911234699371
96 -0.046563770622015 25 28 0.12364061064918147
27 -0.032732363790273666 26 27 0.15288165593217554
-1 0.0 0 0 0.006382274083775254
-1 0.0 0 0 0.01735675390935499
-1 0.0 0 0 0.007932786253380045
nodes 29
2 0.37208810448646545 1 20 0.0
7 0.20200000703334808 2 13 -0.05247869329818861
43 -0.06757336109876633 3 12 0.004607642217147406
106 -0.0028854080010205507 4 5 0.041889743311660114
-1 0.0 0 0 -0.003862003890782011
2 0.29110369086265564 6 9 0.0713616072219263
29 0.10998404771089554 7 8 -0.02395508616854689
-1 0.0 0 0 -0.00899322634554409
-1 0.0 0 0 0.013422575677183204
21 0.13866150379180908 10 11 0.10206930483483648
-1 0.0 0 0 0.004173313836430544
-1 0.0 0 0 0.016112335982065584
-1 0.0 0 0 -0.006259283557822386
7 0.6600000262260437 14 19 -0.10439882663590552
4 0.8329603672027588 15 16 -0.08523437972176476
-1 0.0 0 0 -0.013219293854878175
96 -0.08187410980463028 17 18 -0.04476868399971831
-1 0.0 0 0 0.0003546437143912846
-1 0.0 0 0 -0.010197484314144344
-1 0.0 0 0 -0.019693439546783723
49 -0.09432274103164673 21 22 0.06388720610583563
-1 0.0 0 0 -0.024141407828911172
6 0.9230248928070068 23 24 0.06862391679394206
-1 0.0 0 0 -0.004267370458651475
70 0.0220880638808012 25 28 0.08030753621678723
49 0.12825895845890045 26 27 0.044203119386320454
-1 0.0 0 0 0.0004447307060993401
-1 0.0 0 0 0.009060929424282854
-1 0.0 0 0 0.011216099276663423
nodes 29
6 1.038118839263916 1 18 0.0
21 -0.035263411700725555 2 3 0.04433130488778753
-1 0.0 0 0 -0.012876125696050691
6 0.9562504291534424 4 7 0.05305362211817014
4 0.9128627777099609 5 6 -0.014452908632674661
-1 0.0 0 0 -0.005538903074301165
-1 0.0 0 0 0.004859232612403816
4 0.6840150356292725 8 9 0.07055947578623271
-1 0.0 0 0 -0.0075171208318586345
96 0.06339111924171448 10 17 0.07832943172834284
49 0.1742914915084839 11 16 0.08827638816788366
2 0.42551466822624207 12 15 0.06480592078490391
34 0.11599381268024445 13 14 0.03810022392674961
-1 0.0 0 0 -0.0036141518243384347
-1 0.0 0 0 0.006994498097267425
-1 0.0 0 0 0.010883408113748105
-1 0.0 0 0 0.013349923267967106
-1 0.0 0 0 -0.0025964785368833895
2 0.4084882438182831 19 26 -0.06333166615704401
7 0.1979999989271164 20 21 -0.07520728212029186
-1 0.0 0 0 -0.0012619003661422554
49 0.13294343650341034 22 23 -0.0996217900204784
-1 0.0 0 0 -0.012945031495738564
1 0.23209716379642487 24 25 -0.06155803568017086
-1 0.0 0 0 -0.010238144101217136
-1 0.0 0 0 -0.00010425577129869032
5 1.347695231437683 27 28 0.11029740790349167
-1 0.0 0 0 0.006967585650238695
-1 0.0 0 0 0.04011879601968516
nodes 29
2 0.2923676371574402 1 8 0.0
29 0.15333649516105652 2 3 -0.0969338441658143
-1 0.0 0 0 -0.011703474549354184
1 0.20746755599975586 4 5 0.008713777044634774
-1 0.0 0 0 -0.006127995586620689
94 -0.07385839521884918 6 7 0.14629886056789404
-1 0.0 0 0 0.025772230493123383
-1 0.0 0 0 -0.01309976724916798
43 -0.016218574717640877 9 22 0.024233461026235387
21 0.14690391719341278 10 15 0.04623592246203526
34 0.04988803714513779 11 12 0.01639336630693694
-1 0.0 0 0 -0.006752360481417659
4 0.8693013191223145 13 14 0.03392245900949598
-1 0.0 0 0 -0.001475548635694145
-1 0.0 0 0 0.006362202459435098
96 -0.013454473577439785 16 19 0.08857381082015545
89 -0.05838429182767868 17 18 0.12033659270779389
-1 0.0 0 0 0.01578392604978808
-1 0.0 0 0 0.0074336929897891165
2 0.36489763855934143 20 21 0.011804293585267992
-1 0.0 0 0 -0.008959167816395918
-1 0.0 0 0 0.006756883717886599
2 0.41666287183761597 23 26 -0.04229181051910392
34 0.1437273770570755 24 25 -0.08692778213381636
-1 0.0 0 0 -0.014093454845769654
-1 0.0 0 0 -0.0022837650129060544
0 0.5561773777008057 27 28 0.03716296501597774
-1 0.0 0 0 0.004657982155925088
-1 0.0 0 0 -0.04837300839327921
nodes 29
7 0.2619999945163727 1 18 0.0
4 0.7098034024238586 2 3 0.028847723561833644
-1 0.0 0 0 -0.006905836820370956
34 -0.07668910175561905 4 5 0.03919931015854514
-1 0.0 0 0 -0.018035574833504753
87 0.10291610658168793 6 17 0.043499122994364224
21 -0.10869596153497696 7 8 0.05607465027274681
-1 0.0 0 0 -0.01630095821824681
18 0.07679402083158493 9 16 0.06013261004142821
49 0.20115996897220612 10 15 0.0705737907805781
2 0.4140511751174927 11 14 0.05508071150241016
41 0.02948426455259323 12 13 0.027896871644306043
-1 0.0 0 0 -0.005518744696697428
-1 0.0 0 0 0.005377331815238612
-1 0.0 0 0 0.00947985410861951
-1 0.0 0 0 0.01205757746945135
-1 0.0 0 0 -0.0019955836510722378
-1 0.0 0 0 -0.0029871521365064414
2 0.39491647481918335 19 28 -0.0709506695946454
7 0.8500000238418579 20 27 -0.08524574549641871
96 -0.04557818919420242 21 26 -0.08103874166567893
2 0.2923676371574402 22 23 -0.05372443335035317
-1 0.0 0 0 -0.009525814851487662
43 -0.0317063108086586 24 25 -0.0072667869538250475
-1 0.0 0 0 0.003685070055114271
-1 0.0 0 0 -0.011092052247122616
-1 0.0 0 0 -0.012690729383349912
-1 0.0 0 0 -0.03781284593388964
-1 0.0 0 0 0.005984325170044194
nodes 29
2 0.37208810448646545 1 16 0.0
49 0.11614961177110672 2 7 -0.03727607865910017
41 0.0715034157037735 3 4 -0.0855707271580562
-1 0.0 0 0 -0.012788136812059628
2 0.29485687613487244 5 6 -0.04984898843060755
-1 0.0 0 0 -0.011484096023225261
-1 0.0 0 0 -0.0010393286849374442
1 0.20911891758441925 8 9 -0.004359272231728154
-1 0.0 0 0 -0.00713600061270943
96 -0.07371680438518524 10 15 0.023732454355856896
29 0.15606865286827087 11 14 0.06867357156354338
34 0.1087966188788414 12 13 0.048933000160341876
-1 0.0 0 0 -0.004084982137369702
-1 0.0 0 0 0.008326325544632153
-1 0.0 0 0 0.022904387729928654
-1 0.0 0 0 -0.003900536398958857
6 0.8324276208877563 17 18 0.04537964579861336
-1 0.0 0 0 -0.018955262822641452
89 -0.119838185608387 19 22 0.05021780026052101
58 0.09054677188396454 20 21 0.09974125903237648
-1 0.0 0 0 0.006742010986566527
-1 0.0 0 0 0.01574796846132589
34 0.07085677236318588 23 26 0.028670407283139708
0 0.5420362949371338 24 25 -0.03410490833020921
-1 0.0 0 0 -0.0020987712668623423
-1 0.0 0 0 -0.030480322594162536
27 -0.032732363790273666 27 28 0.04807334697571428
-1 0.0 0 0 -0.0022177747635227204
-1 0.0 0 0 0.006612793836006752
nodes 29
7 0.2619999945163727 1 24 0.0
43 -0.11934275925159454 2 9 0.024196013095509207
2 0.30911338329315186 3 4 0.06411213311600186
-1 0.0 0 0 -0.0013421028150655849
96 0.09601900726556778 5 8 0.0811913230954631
89 0.05317464843392372 6 7 0.08979072322387513
-1 0.0 0 0 0.010138620130552585
-1 0.0 0 0 -0.001984202248712629
-1 0.0 0 0 -0.007728789057782082
2 0.3881100118160248 10 19 0.0017594209359854981
37 -0.06316205859184265 11 14 -0.0334726105828691
21 0.20103158056735992 12 13 0.009681538373003023
-1 0.0 0 0 -0.002467751814747248
-1 0.0 0 0 0.01136668261897382
34 0.1418818086385727 15 16 -0.08592793657861912
-1 0.0 0 0 -0.015183809079594627
41 0.02263885922729969 17 18 -0.031525325879693304
-1 0.0 0 0 -0.014797950945259262
-1 0.0 0 0 0.0007330913881414235
104 -0.031660303473472595 20 21 0.0345406324815231
-1 0.0 0 0 -0.0033649210694229404
89 -0.1679161787033081 22 23 0.06138204441669694
-1 0.0 0 0 0.01557307488558166
-1 0.0 0 0 0.004308362958158503
2 0.39491647481918335 25 28 -0.05950983735111613
7 0.8500000238418579 26 27 -0.07138425998247391
-1 0.0 0 0 -0.006766107234465696
-1 0.0 0 0 -0.033058471317456026
-1 0.0 0 0 0.004913612645784494
nodes 29
2 0.29110369086265564 1 6 0.0
94 -0.14553166925907135 2 5 -0.07002057304974216
1 0.18767064809799194 3 4 0.015377562320640093
-1 0.0 0 0 -0.008191463433339055
-1 0.0 0 0 0.011266975897467073
-1 0.0 0 0 -0.008959276355338544
49 0.044580474495887756 7 12 0.01707835856442938
2 0.43647414445877075 8 11 -0.05096266489645284
74 -0.04146343097090721 9 10 -0.07989579577275864
-1 0.0 0 0 -0.016662056589234517
-1 0.0 0 0 -0.005662590519566542
-1 0.0 0 0 0.0033037205737065627
96 -0.07575865834951401 13 20 0.03384545253458756
27 0.009106788784265518 14 15 0.06733745976799939
-1 0.0 0 0 0.0015012816233030194
34 0.002637268975377083 16 17 0.09486082717656699
-1 0.0 0 0 -0.00216901474423139
21 -0.014126992784440517 18 19 0.10651718071103422
-1 0.0 0 0 -0.002984256858834069
-1 0.0 0 0 0.011598606205176764
2 0.4131585955619812 21 28 0.002557051846791563
34 0.14646600186824799 22 25 -0.026841397083983583
43 -0.11239554733037949 23 24 -0.08369728806990645
-1 0.0 0 0 -0.00040033175005244244
-1 0.0 0 0 -0.012700283569039371
106 -0.00945331808179617 26 27 0.018928784613470643
-1 0.0 0 0 -0.005318698300612129
-1 0.0 0 0 0.005386685836706177
-1 0.0 0 0 0.005640594310331499
nodes 29
7 0.2619999945163727 1 24 0.0
21 0.20460361242294312 2 15 0.02021457859417749
34 -0.010866254568099976 3 4 0.0064056341474501045
-1 0.0 0 0 -0.010461244070610123
85 -2.195120259784744e-06 5 6 0.014345370069760192
-1 0.0 0 0 -0.002405983535208154
2 0.30911338329315186 7 8 0.03440775788727015
-1 0.0 0 0 -0.004277258203160157
43 -0.11934275925159454 9 10 0.04648713350416069
-1 0.0 0 0 0.009198698801993517
6 0.8849597573280334 11 12 0.021524351329105372
-1 0.0 0 0 -0.012760799470769926
14 0.08050141483545303 13 14 0.029739337285219377
-1 0.0 0 0 0.0043281718904735755
-1 0.0 0 0 -0.00694246603731363
96 -0.03121953271329403 16 21 0.07508231106215012
1 0.20098313689231873 17 18 0.1074068362199153
-1 0.0 0 0 -0.002687685227487861
77 0.005977397318929434 19 20 0.1250545573598212
-1 0.0 0 0 0.01664913336742952
-1 0.0 0 0 0.006461195329648298
41 -0.013113133609294891 22 23 0.008460564885813966
-1 0.0 0 0 -0.011137845285857031
-1 0.0 0 0 0.005192712428361661
2 0.39491647481918335 25 28 -0.049717541244098766
49 0.1683666855096817 26 27 -0.059743679042861174
-1 0.0 0 0 -0.007907140047316642
-1 0.0 0 0 -0.001613977920228127
-1 0.0 0 0 0.004201739511831376
nodes 29
2 0.3404717445373535 1 12 0.0
29 0.14857666194438934 2 7 -0.036535614115606636
41 0.02719556726515293 3 4 -0.0496868877487116
-1 0.0 0 0 -0.009919146771817471
2 0.2729111909866333 5 6 -0.034390124160138216
-1 0.0 0 0 -0.008354631554576417
-1 0.0 0 0 -0.0007051843160149039
94 -0.07385839521884918 8 11 0.04647254478959767
2 0.21481740474700928 9 10 0.10770859855196377
-1 0.0 0 0 -0.008304517472359349
-1 0.0 0 0 0.01816547273773898
-1 0.0 0 0 -0.004927942947962033
49 0.11799216270446777 13 22 0.023961826183671472
49 -0.09432274103164673 14 15 -0.011066710232854292
-1 0.0 0 0 -0.022530955131507595
2 0.42910218238830566 16 19 -0.0034923526879109975
43 -0.02486542984843254 17 18 -0.03276546491011567
-1 0.0 0 0 -0.0003006476407334714
-1 0.0 0 0 -0.010125130930104684
5 1.4709033966064453 20 21 0.049693550835576625
-1 0.0 0 0 0.004040251026846527
-1 0.0 0 0 0.039773090829547775
58 -0.032881155610084534 23 24 0.05643092453523938
-1 0.0 0 0 -0.0022440623228868694
27 -0.03664861619472504 25 26 0.07338482174224742
-1 0.0 0 0 0.00034664921735874654
80 0.12113365530967712 27 28 0.08930787190578261
-1 0.0 0 0 0.010298703707658568
-1 0.0 0 0 -0.0004176624147777913
nodes 29
2 0.37208810448646545 1 18 0.0
106 -0.031702011823654175 2 3 -0.02448235389146585
-1 0.0 0 0 -0.008842630149982277
49 0.1813126504421234 4 13 -0.007993497146854378
34 0.2028307318687439 5 8 -0.03260585702944707
29 0.08840349316596985 6 7 -0.05383922792975467
-1 0.0 0 0 -0.007709612879943358
-1 0.0 0 0 0.0007865188403116451
2 0.29110369086265564 9 10 0.01964280581852213
-1 0.0 0 0 -0.005940258032640284
41 0.06763500720262527 11 12 0.064155514887843
-1 0.0 0 0 -0.0015754348513309325
-1 0.0 0 0 0.011507369004284555
73 -0.0268582534044981 14 17 0.040983379290290105
7 0.4860000014305115 15 16 0.08266976269964124
-1 0.0 0 0 0.010382937939229682
-1 0.0 0 0 -0.00456659416282217
-1 0.0 0 0 -0.0013117711723419976
70 0.01740594394505024 19 24 0.0298046517439052
104 -0.034921180456876755 20 23 -0.004374847864039142
52 0.049535270780324936 21 22 -0.07438623804607332
-1 0.0 0 0 -0.0037548307912939924
-1 0.0 0 0 -0.018880412399326963
-1 0.0 0 0 0.002115744423219923
85 -0.06023085117340088 25 26 0.05777696348707871
-1 0.0 0 0 -0.002514036062103569
6 0.8095192909240723 27 28 0.07256632228889662
-1 0.0 0 0 -0.0203659638078739
-1 0.0 0 0 0.0076344590012463
nodes 29
21 0.14327190816402435 1 16 0.0
34 0.11599381268024445 2 7 -0.02301971931499101
2 0.4202040731906891 3 4 -0.05967772911283268
-1 0.0 0 0 -0.008353783365373147
0 0.5420362949371338 5 6 0.0053510595865981295
-1 0.0 0 0 0.0020832107747516273
-1 0.0 0 0 -0.03118736693362439
21 -0.06646370142698288 8 9 0.001544714068603956
-1 0.0 0 0 -0.011308307351499333
2 0.3552711606025696 10 15 0.01108509504384617
40 0.0030403409618884325 11 12 -0.027522469110162495
-1 0.0 0 0 -0.010109920806490022
2 0.27749669551849365 13 14 0.003308454740512962
-1 0.0 0 0 -0.006942651913713161
-1 0.0 0 0 0.00354517098432045
-1 0.0 0 0 0.004130306573092149
1 0.19432614743709564 17 18 0.02986391983345963
-1 0.0 0 0 -0.004880294195734339
96 0.06596817076206207 19 28 0.044266115387582676
89 -0.158896803855896 20 21 0.0560549870013526
-1 0.0 0 0 0.013334454122726214
49 0.2024528533220291 22 25 0.041287855014830115
29 0.15333649516105652 23 24 0.01788403520018819
-1 0.0 0 0 0.0005553898845719931
-1 0.0 0 0 0.011380156089837454
100 0.06760674715042114 26 27 0.11555186324631223
-1 0.0 0 0 0.007065392114917019
-1 0.0 0 0 0.01899766366907786
-1 0.0 0 0 -0.0064096800612341845
nodes 29
89 -0.04403747618198395 1 16 0.0
2 0.2935492992401123 2 3 0.019498476841521634
-1 0.0 0 0 -0.0037347624877913884
58 0.05481463670730591 4 9 0.03463376342121939
43 -0.013645054772496223 5 8 -0.0012848870293669084
99 -0.08080226182937622 6 7 0.018998678778071442
-1 0.0 0 0 -0.006015087281787049
-1 0.0 0 0 0.003459925953179637
-1 0.0 0 0 -0.0070693478883343975
21 0.12235009670257568 10 13 0.07091812217437402
57 -0.043379154056310654 11 12 0.027784413038822533
-1 0.0 0 0 -0.0046041981975044
-1 0.0 0 0 0.005280672740560852
96 -0.05703534558415413 14 15 0.10712485718577684
-1 0.0 0 0 0.014212017641310404
-1 0.0 0 0 0.005948427888257189
49 0.11799216270446777 17 20 -0.029247715402621954
6 0.9025515913963318 18 19 -0.05803040907162845
-1 0.0 0 0 -0.019429210122200634
-1 0.0 0 0 -0.005168499441561905
37 -0.020205141976475716 21 28 -0.0007171998541722612
2 0.32238057255744934 22 25 0.021289044771237803
29 0.16152752935886383 23 24 -0.031276105559775634
-1 0.0 0 0 -0.0058397326908791085
-1 0.0 0 0 0.009848408421607923
9 -0.0071951719000935555 26 27 0.04923615457697635
-1 0.0 0 0 0.008660784788503587
-1 0.0 0 0 -0.0010304653823708018
-1 0.0 0 0 -0.00531320734165126
nodes 29
21 0.01190290879458189 1 4 0.0
11 -0.01803620718419552 2 3 -0.06037216183303
-1 0.0 0 0 -0.010963261824075683
-1 0.0 0 0 -0.002813792697830341
2 0.29485687613487244 5 8 0.008664043723731672
94 -0.1783384084701538 6 7 -0.03923718817258768
-1 0.0 0 0 0.0041551429561681895
-1 0.0 0 0 -0.005255750815917032
34 0.20062857866287231 9 24 0.021289957956951207
96 -0.08678823709487915 10 15 0.003004493480184135
6 0.9261155128479004 11 12 0.036592477633876644
-1 0.0 0 0 -0.0071019279880749926
21 0.18609517812728882 13 14 0.047037790532267115
-1 0.0 0 0 0.0026618423016492266
-1 0.0 0 0 0.010299918249088576
2 0.43268442153930664 16 21 -0.022801249752706906
41 0.0001902333606267348 17 18 -0.048584400628314095
-1 0.0 0 0 -0.01174794810119077
42 -0.0758834183216095 19 20 -0.027434120123970413
-1 0.0 0 0 0.002898768589178271
-1 0.0 0 0 -0.005575743849487646
2 0.49207547307014465 22 23 0.04260014472653649
-1 0.0 0 0 0.005782131827682513
-1 0.0 0 0 -0.01334870217073112
84 -0.014951483346521854 25 26 0.07255276922804606
-1 0.0 0 0 0.00045588381927008745
14 -0.03352104499936104 27 28 0.10148148363877538
-1 0.0 0 0 0.014311488744216467
-1 0.0 0 0 0.005544573542133583
nodes 29
49 0.09517768025398254 1 8 0.0
2 0.4337219297885895 2 5 -0.029347442069184694
74 -0.059470098465681076 3 4 -0.044762624103956414
-1 0.0 0 0 -0.011516566113397061
-1 0.0 0 0 -0.003205039562035921
1 0.4736008048057556 6 7 0.02768290834785145
-1 0.0 0 0 0.0038226374509645945
-1 0.0 0 0 -0.02695386054298837
2 0.3404717445373535 9 18 0.01656460882428305
96 -0.013454473577439785 10 17 -0.013222195294620806
29 0.14857666194438934 11 12 0.003645521776620675
-1 0.0 0 0 -0.0011554109348369966
2 0.21481740474700928 13 14 0.08491484008319926
-1 0.0 0 0 -0.00652513417380101
94 -0.07272887974977493 15 16 0.13294017749067757
-1 0.0 0 0 0.020108097529257477
-1 0.0 0 0 0.0011385786573099653
-1 0.0 0 0 -0.008511885019320846
14 0.134970024228096 19 28 0.038035068100750254
37 -0.0405709482729435 20 25 0.04469669541453097
83 0.008394657634198666 21 24 0.0707199623977046
6 0.9116334915161133 22 23 0.03501321900862458
-1 0.0 0 0 -0.01298176301095588
-1 0.0 0 0 0.004859817910078255
-1 0.0 0 0 0.010689092462972019
43 -0.12047092616558075 26 27 0.008207491970124225
-1 0.0 0 0 0.006553513479282647
-1 0.0 0 0 -0.002061060815909037
-1 0.0 0 0 -0.010986470883137695
nodes 29
43 0.005721812602132559 1 26 0.0
2 0.31009483337402344 2 9 0.009974485626595917
29 0.137434184551239 3 4 -0.02903906163743869
-1 0.0 0 0 -0.00439526816256247
100 0.06959790736436844 5 6 0.039374744169227385
-1 0.0 0 0 -0.003185317534191433
1 0.183804452419281 7 8 0.101461469326246
-1 0.0 0 0 -0.0035388247589554973
-1 0.0 0 0 0.018578824417065327
93 0.08013942837715149 10 25 0.024485788558060627
27 -0.032732363790273666 11 14 0.03542087082424916
87 0.1430722326040268 12 13 -0.02016677904186827
-1 0.0 0 0 -0.0009174226014966895
-1 0.0 0 0 -0.01729477836467454
84 0.002023126697167754 15 18 0.049652105644032066
96 -0.0016442430205643177 16 17 0.008496711367180164
-1 0.0 0 0 0.0033105142708088585
-1 0.0 0 0 -0.0053786472069171035
9 0.009739155881106853 19 24 0.07295196800924547
21 0.01190290879458189 20 21 0.09782914824145231
-1 0.0 0 0 0.00019827092945989635
42 -0.05556142330169678 22 23 0.1103387402099256
-1 0.0 0 0 0.015182414154970254
-1 0.0 0 0 0.00807088729322293
-1 0.0 0 0 0.002017773214040159
-1 0.0 0 0 -0.004531581406015831
58 0.08452820032835007 27 28 -0.04654778779226234
-1 0.0 0 0 -0.0069276486722638225
-1 0.0 0 0 -0.00016042494990270656
nodes 29
21 0.18609517812728882 1 22 0.0
34 0.11795616894960403 2 15 -0.01248837842361716
2 0.4202040731906891 3 12 -0.04109195835959011
41 0.1651771366596222 4 11 -0.06226224160176588
6 1.079498291015625 5 8 -0.07807954132800483
96 -0.06961002945899963 6 7 -0.10609733506837499
-1 0.0 0 0 -0.005989909763168813
-1 0.0 0 0 -0.016561635065897858
1 0.3207519054412842 9 10 -0.03425329300674391
-1 0.0 0 0 -0.002496890039418156
-1 0.0 0 0 -0.045912787522078606
-1 0.0 0 0 -2.409202192323417e-05
49 -0.09432274103164673 13 14 0.015236490623053649
-1 0.0 0 0 -0.0363592446257826
-1 0.0 0 0 0.0023663423496035805
27 0.01691177673637867 16 17 0.006538689532893446
-1 0.0 0 0 -0.0026580894446898286
96 0.036863431334495544 18 21 0.029064307234383985
2 0.2744106948375702 19 20 0.04075970826624736
-1 0.0 0 0 -0.004346293526442373
-1 0.0 0 0 0.005269238466214663
-1 0.0 0 0 -0.00385833299248217
96 -0.013454473577439785 23 28 0.0357628325704803
2 0.287321001291275 24 25 0.05588033262185909
-1 0.0 0 0 -0.0003459157101978851
77 0.005977397318929434 26 27 0.07843925377876748
-1 0.0 0 0 0.011511612651072345
-1 0.0 0 0 0.003255567628089944
-1 0.0 0 0 -0.001975609043592502
nodes 29
106 -0.0028854080010205507 1 14 0.0
2 0.4184110760688782 2 9 -0.029954014435944146
42 -0.0284214299172163 3 4 -0.051568960191257354
-1 0.0 0 0 -0.00207050861010032
6 1.079498291015625 5 8 -0.0886511582505642
74 -0.07589875906705856 6 7 -0.11759096041702907
-1 0.0 0 0 -0.026627678997068367
-1 0.0 0 0 -0.010029658338529143
-1 0.0 0 0 -0.0028044855794435754
5 1.4138867855072021 10 11 0.026770476879831036
-1 0.0 0 0 0.0017907665198084303
6 0.7125368714332581 12 13 0.26821241901496296
-1 0.0 0 0 -0.04538570185441797
-1 0.0 0 0 0.037508912276920436
49 0.12825895845890045 15 18 0.014455199020005126
41 0.0306084007024765 16 17 -0.010339984654941719
-1 0.0 0 0 -0.004575688914221555
-1 0.0 0 0 0.000583933440255928
87 0.12034694105386734 19 28 0.03709152807549403
1 0.2182057946920395 20 21 0.046275532497928984
-1 0.0 0 0 -0.0012584012822370273
47 -0.06051106005907059 22 23 0.06280197584689508
-1 0.0 0 0 6.913175618967865e-05
34 0.0596066415309906 24 25 0.079611916744694
-1 0.0 0 0 -0.00012627756283817537
39 0.1037958562374115 26 27 0.09592860929345565
-1 0.0 0 0 0.0074692414142886205
-1 0.0 0 0 0.01498376576512235
-1 0.0 0 0 -0.004440718829038139
nodes 29
89 -0.04585501551628113 1 20 0.0
99 -0.045301128178834915 2 5 0.017056160203736504
96 -0.09083697944879532 3 4 -0.021265122246346545
-1 0.0 0 0 0.0017718209480467513
-1 0.0 0 0 -0.004794651641649064
2 0.30911338329315186 6 7 0.03185735970613415
-1 0.0 0 0 -0.0011646298535863589
107 0.0530230775475502 8 17 0.04735442436229869
21 0.1305534392595291 9 14 0.062177106534231696
41 0.09475559741258621 10 13 0.031538769792316346
2 0.4131585955619812 11 12 -0.010329159354745163
-1 0.0 0 0 -0.005952929657998339
-1 0.0 0 0 0.005855740377220703
-1 0.0 0 0 0.008129972309406595
60 0.01930968649685383 15 16 0.09608118152820336
-1 0.0 0 0 0.00519934262492747
-1 0.0 0 0 0.013420482843732533
37 0.03318341448903084 18 19 -0.022585061288820932
-1 0.0 0 0 0.0002850578392633462
-1 0.0 0 0 -0.014308640427971114
106 -0.031702011823654175 21 22 -0.024764554437013378
-1 0.0 0 0 -0.006797252049901065
27 -0.032732363790273666 23 24 -0.010410826898942162
-1 0.0 0 0 -0.00555307250003468
34 0.0596066415309906 25 26 0.0031556224728401666
-1 0.0 0 0 -0.005049283666210958
2 0.32496899366378784 27 28 0.017655675543584853
-1 0.0 0 0 -0.0028879051676789433
-1 0.0 0 0 0.003841525571931727
nodes 29
37 0.0090972064062953 1 24 0.0
21 0.22985096275806427 2 23 0.010692645452546732
34 0.13434664905071259 3 12 0.0020515750405549933
93 -0.02289392240345478 4 7 -0.022281453011174738
2 0.397416889667511 5 6 0.0035140984208983568
-1 0.0 0 0 -0.0026572371113562266
-1 0.0 0 0 0.005341157543198165
7 0.009999999776482582 8 9 -0.04825978357686966
-1 0.0 0 0 -0.015645134362926017
81 0.054187338799238205 10 11 -0.03761760735207229
-1 0.0 0 0 -0.0018586310866695772
-1 0.0 0 0 -0.010070611849342772
2 0.27749669551849365 13 14 0.02211615709334518
-1 0.0 0 0 -0.003970550034514296
14 -0.01879199966788292 15 22 0.03423574505180439
84 -0.05059675872325897 16 17 0.06175907687209907
-1 0.0 0 0 -0.0026735780674429954
27 0.0186916533857584 18 19 0.07872024637580619
-1 0.0 0 0 0.0032341493523861697
42 9.870291250990704e-05 20 21 0.10759824706757519
-1 0.0 0 0 0.013656932874421041
-1 0.0 0 0 0.004145963889831724
-1 0.0 0 0 -0.00030118987544634535
-1 0.0 0 0 0.006944428650603657
2 0.3991543650627136 25 26 -0.037144887541948425
-1 0.0 0 0 -0.006572578263488358
5 1.6453007459640503 27 28 0.010708791080991792
-1 0.0 0 0 0.000164853777567721
-1 0.0 0 0 0.028848792082802294
nodes 29
58 0.09255312383174896 1 20 0.0
42 -0.05646994709968567 2 7 -0.013889269777803765
37 -0.04727248102426529 3 6 0.012736807376677095
49 0.1761818826198578 4 5 0.03951152006646628
-1 0.0 0 0 0.0016455923032785025
-1 0.0 0 0 0.008560659133870035
-1 0.0 0 0 -0.0026868897995458037
2 0.4193296432495117 8 9 -0.034083035043014714
-1 0.0 0 0 -0.0050346057958285985
5 1.4709033966064453 10 17 0.014386749158425775
60 0.02023693174123764 11 16 0.0038380492201016427
28 -0.05551581084728241 12 13 -0.04512021605844005
-1 0.0 0 0 0.00709619505047374
1 0.4736008048057556 14 15 -0.0899550107922103
-1 0.0 0 0 -0.0077846515958626865
-1 0.0 0 0 -0.05301852872417796
-1 0.0 0 0 0.004755976015454147
6 0.776975691318512 18 19 0.33435241406397453
-1 0.0 0 0 -0.034831032323715996
-1 0.0 0 0 0.04468217539258473
89 -0.12083949148654938 21 26 0.027778956236026543
2 0.2647554874420166 22 23 0.07114602671391401
-1 0.0 0 0 -0.003950895065977828
58 0.19926384091377258 24 25 0.08865353419222873
-1 0.0 0 0 0.006938960750828825
-1 0.0 0 0 0.018430844483731605
81 0.07362652570009232 27 28 0.008624744752086104
-1 0.0 0 0 0.0021310918314602495
-1 0.0 0 0 -0.00511488195655708
nodes 29
43 -0.11934275925159454 1 6 0.0
1 0.18767064809799194 2 3 0.025484447382571638
-1 0.0 0 0 -0.004317509175387951
79 0.025992508977651596 4 5 0.037132484998503974
-1 0.0 0 0 0.00535861113192947
-1 0.0 0 0 -0.0010213833054195022
96 -0.08884384483098984 7 16 -0.01438421450198194
6 0.9261155128479004 8 9 0.009570205502733495
-1 0.0 0 0 -0.008901751847300963
2 0.35361531376838684 10 11 0.017039262643752925
-1 0.0 0 0 -0.0014406735968754464
5 1.2897300720214844 12 15 0.04700828476782097
93 0.006687667686492205 13 14 0.028412532548045533
-1 0.0 0 0 0.006033708070971131
-1 0.0 0 0 -0.002889032503659654
-1 0.0 0 0 0.01747250212074011
2 0.4193296432495117 17 28 -0.03269051654190702
34 0.23665989935398102 18 27 -0.04893943786152885
6 1.0759118795394897 19 24 -0.06080768201518449
41 0.09292328357696533 20 23 -0.08663155621895931
7 0.5979999899864197 21 22 -0.1303030371577461
-1 0.0 0 0 -0.012373612092827009
-1 0.0 0 0 -0.057152122929373876
-1 0.0 0 0 -0.002987783819816747
1 0.29705676436424255 25 26 -0.01307223195171858
-1 0.0 0 0 0.0001919044286445819
-1 0.0 0 0 -0.02293706054728704
-1 0.0 0 0 0.0014998596640359418
-1 0.0 0 0 0.0007452412450016932
nodes 29
49 0.20368927717208862 1 28 0.0
34 0.19423095881938934 2 25 -0.009518063261566729
2 0.4337219297885895 3 20 -0.021797688561371455
96 -0.09560729563236237 4 5 -0.03326734873582223
-1 0.0 0 0 -0.0005623883301823896
6 1.058838129043579 6 17 -0.054422514357434115
2 0.370433509349823 7 14 -0.07918544735589554
29 0.13509511947631836 8 13 -0.1257636295028081
41 0.09094738215208054 9 12 -0.1534497066859128
8 64.5 10 11 -0.2153816314019266
-1 0.0 0 0 -0.028825024174983012
-1 0.0 0 0 -0.010830645446072717
-1 0.0 0 0 -0.008723384866332586
-1 0.0 0 0 0.0003367005751595525
70 -0.012896646745502949 15 16 -0.04805397638092901
-1 0.0 0 0 -0.011791428479907067
-1 0.0 0 0 -0.0014463222635979968
1 0.3289532959461212 18 19 -0.019925834817614445
-1 0.0 0 0 -0.0010476647914240656
-1 0.0 0 0 -0.02374508526889026
104 0.024881839752197266 21 24 0.022112499801576178
2 0.4981071352958679 22 23 -0.02546536538466817
-1 0.0 0 0 -0.0010679413491615235
-1 0.0 0 0 -0.02621746073220927
-1 0.0 0 0 0.006671179733713325
21 -0.06646370142698288 26 27 0.02043488200040214
-1 0.0 0 0 -0.010768362656345372
-1 0.0 0 0 0.0027588140924572507
-1 0.0 0 0 0.0036277083099918155
nodes 29
87 0.11300212144851685 1 24 0.0
34 0.0463273786008358 2 7 0.006768603262956097
2 0.41756290197372437 3 4 -0.034486162872909495
-1 0.0 0 0 -0.005526125742320977
21 0.11056694388389587 5 6 0.02034202144027426
-1 0.0 0 0 -0.006005782442100285
-1 0.0 0 0 0.00814021678721069
18 0.03296682611107826 8 21 0.01535524837731613
9 -0.023324983194470406 9 16 0.02670533896542363
2 0.32588279247283936 10 11 0.04857489819209228
-1 0.0 0 0 0.00033402058439414547
84 -0.0072651575319468975 12 13 0.06833921742642983
-1 0.0 0 0 0.001840010020658707
37 -0.03472490608692169 14 15 0.09095074694571059
-1 0.0 0 0 0.012144291641108567
-1 0.0 0 0 0.004175558105616954
101 -0.09792524576187134 17 18 0.0020692750457537157
-1 0.0 0 0 -0.007611209174562367
6 0.9525459408760071 19 20 0.010693590498600223
-1 0.0 0 0 -0.00641040239838894
-1 0.0 0 0 0.0020177404126675066
83 -0.023793701082468033 22 23 -0.021828233058451676
-1 0.0 0 0 -0.005800845419089399
-1 0.0 0 0 0.00030298937590744605
93 -0.059121884405612946 25 26 -0.04716878883521342
-1 0.0 0 0 0.0006948436643815054
5 1.2396756410598755 27 28 -0.0729194996770515
-1 0.0 0 0 -0.010697866153224638
-1 0.0 0 0 -0.0019957912357149612
nodes 29
43 -0.016218574717640877 1 26 0.0
27 -0.032732363790273666 2 3 0.009903800652698845
-1 0.0 0 0 -0.0028156985513276196
93 0.03570597246289253 4 23 0.0202001713123954
2 0.2697857916355133 5 6 0.03290910683489057
-1 0.0 0 0 -0.0027494813115493677
4 0.9006785154342651 7 12 0.04247473844741108
41 -0.024458931758999825 8 9 0.014078340410333116
-1 0.0 0 0 -0.006690585312567828
70 -0.00702122924849391 10 11 0.02669517189265757
-1 0.0 0 0 -0.0015565519133725763
-1 0.0 0 0 0.004939828744120612
3 0.6777459383010864 13 18 0.0704506479187226
2 0.31302300095558167 14 15 0.2160106147722537
-1 0.0 0 0 0.002943405615854901
41 -0.06176242604851723 16 17 0.2930458048442606
-1 0.0 0 0 -0.012149536881957038
-1 0.0 0 0 0.033559082003607486
18 -0.020325399935245514 19 22 0.060800983822721436
8 29.5 20 21 0.08687875706446549
-1 0.0 0 0 -0.015810945997608104
-1 0.0 0 0 0.009460701508037288
-1 0.0 0 0 0.002472916671251074
104 -0.031660303473472595 24 25 -0.014396858173315468
-1 0.0 0 0 -0.005991660353090001
-1 0.0 0 0 0.000608989940469243
34 0.23819823563098907 27 28 -0.03149831767801167
-1 0.0 0 0 -0.004065494383708554
-1 0.0 0 0 0.0035743958971148127
nodes 29
99 -0.04634563997387886 1 6 0.0
6 0.9261155128479004 2 3 -0.028662241849102977
-1 0.0 0 0 -0.011454069732842609
96 -0.1503673493862152 4 5 -0.022180398170437054
-1 0.0 0 0 0.002833858137809634
-1 0.0 0 0 -0.003443899186441368
40 -0.04198119044303894 7 10 0.010632862223556281
2 0.40245017409324646 8 9 -0.03125346058620409
-1 0.0 0 0 -0.006173465613233809
-1 0.0 0 0 0.0018088270880857874
73 0.0353456512093544 11 22 0.021622576035985407
27 0.01691177673637867 12 13 0.03461377808526256
-1 0.0 0 0 0.0005331687174095639
1 0.1601371169090271 14 15 0.05474132760041557
-1 0.0 0 0 -0.004695735547838344
21 0.2511688768863678 16 21 0.06264554267596227
106 -0.05563661456108093 17 18 0.053524179628588006
-1 0.0 0 0 -0.0015876136055841931
29 0.16152752935886383 19 20 0.06571572962992547
-1 0.0 0 0 0.005722397064513953
-1 0.0 0 0 0.01565065670232995
-1 0.0 0 0 0.015224073660899829
2 0.4494783282279968 23 26 -0.02181718309420543
85 0.14438283443450928 24 25 -0.03401470244587584
-1 0.0 0 0 -0.004853597402400995
-1 0.0 0 0 0.005045823089243947
93 0.12253359705209732 27 28 0.07554059965805376
-1 0.0 0 0 0.010292298323920465
-1 0.0 0 0 -0.02907984738839452
nodes 29
79 -0.03554364666342735 1 22 0.0
58 0.08357731252908707 2 13 0.017665262152395902
42 -0.015978321433067322 3 10 0.00012456956488584596
95 -0.09613475948572159 4 5 0.0216208890589127
-1 0.0 0 0 -0.008449142166453295
7 0.5 6 9 0.03012266965023984
39 0.0802062377333641 7 8 0.03985522308126007
-1 0.0 0 0 0.0015887002585214896
-1 0.0 0 0 0.007743423900104381
-1 0.0 0 0 -0.005377378647349058
40 -0.0406675711274147 11 12 -0.035236363553003455
-1 0.0 0 0 -0.00959497213890323
-1 0.0 0 0 -0.0015297658188133565
2 0.29110369086265564 14 15 0.04522999634135035
-1 0.0 0 0 -0.0014729571129160838
89 -0.07321477681398392 16 19 0.061334129855091166
41 0.193648099899292 17 18 0.09625223073516967
-1 0.0 0 0 0.008050055472307811
-1 0.0 0 0 0.02119036091374137
72 -0.048860836774110794 20 21 0.025999947708668175
-1 0.0 0 0 -0.005792587920222779
-1 0.0 0 0 0.004803118658504097
107 -0.007895915769040585 23 28 -0.016986095578832718
21 0.21247033774852753 24 27 0.0003076206193698543
43 0.005721812602132559 25 26 -0.009904675730546443
-1 0.0 0 0 0.00018522621693784278
-1 0.0 0 0 -0.006299792666659691
-1 0.0 0 0 0.005089293378914374
-1 0.0 0 0 -0.004172497302946768
nodes 29
106 -0.0028854080010205507 1 6 0.0
104 0.05748085677623749 2 3 -0.023760534480200234
-1 0.0 0 0 -0.004081141778331176
2 0.42910218238830566 4 5 0.011326323082473132
-1 0.0 0 0 -0.0012928545574922956
-1 0.0 0 0 0.00782735303198073
85 -0.07738379389047623 7 8 0.011466351430872176
-1 0.0 0 0 -0.004476513814937648
49 0.17231981456279755 9 22 0.0186503005335604
34 0.20500284433364868 10 19 0.004061267806932307
6 0.9562504291534424 11 14 -0.007865185000296756
9 -0.026100413873791695 12 13 -0.07468556984132614
-1 0.0 0 0 -0.0014352581146990027
-1 0.0 0 0 -0.013996446051583747
107 -0.012673295103013515 15 18 0.0013717884841937373
2 0.3865007758140564 16 17 0.022807014163127005
-1 0.0 0 0 -0.00044083071017681516
-1 0.0 0 0 0.006409027252592115
-1 0.0 0 0 -0.0025923088619915235
84 0.11398874223232269 20 21 0.03961873873453151
-1 0.0 0 0 0.0017869326375494527
-1 0.0 0 0 0.01204452387411959
47 -0.03983284533023834 23 24 0.04676451541359308
-1 0.0 0 0 7.057985133555938e-06
39 0.1037958562374115 25 26 0.06485175756342193
-1 0.0 0 0 0.004271035570083636
42 0.017086831852793694 27 28 0.11723013783798449
-1 0.0 0 0 0.0149734167059307
-1 0.0 0 0 -0.0002554518029030674
nodes 29
14 0.08050141483545303 1 28 0.0
96 0.06085795536637306 2 27 0.00584487877053486
21 0.12957549095153809 3 16 0.011472786200825931
57 0.022556448355317116 4 7 -0.006066347122454957
74 -0.016525309532880783 5 6 -0.031192799257430705
-1 0.0 0 0 -0.007428270319981014
-1 0.0 0 0 -0.0014738771347900823
65 0.011968569830060005 8 9 0.02032025787111942
-1 0.0 0 0 -0.0010293813371972298
2 0.31493258476257324 10 11 0.044269211629299664
-1 0.0 0 0 -0.0016511066776294582
14 -0.08714993298053741 12 15 0.0656956743009435
37 -0.00905404333025217 13 14 0.12703428139475414
-1 0.0 0 0 0.017488707062914475
-1 0.0 0 0 0.0014888480857716006
-1 0.0 0 0 0.003496434421625257
83 -0.06056245416402817 17 18 0.02917115085154657
-1 0.0 0 0 -0.001250909594254078
75 0.0003458724240772426 19 20 0.04247780480362487
-1 0.0 0 0 0.0002977246377080653
1 0.15466570854187012 21 22 0.06094939904725169
-1 0.0 0 0 -0.004564134535170879
77 -0.046921081840991974 23 26 0.06925011362751418
100 0.09773675352334976 24 25 0.11261343843051189
-1 0.0 0 0 0.007908999079373159
-1 0.0 0 0 0.018681076436344115
-1 0.0 0 0 0.004450966435881477
-1 0.0 0 0 -0.004864414518784913
-1 0.0 0 0 -0.004555222654070753
nodes 29
89 -0.04403747618198395 1 22 0.0
104 -0.1159764975309372 2 3 0.013219656120409793
-1 0.0 0 0 -0.005626721970259313
21 0.19984836876392365 4 15 0.019381221670225903
103 -0.0026032724417746067 5 10 0.008579433040413203
2 0.2630501687526703 6 7 0.033829829441747866
-1 0.0 0 0 -0.003080449871389283
41 0.12740950286388397 8 9 0.043875863503283305
-1 0.0 0 0 0.0019244074367814942
-1 0.0 0 0 0.008852771921765236
43 -0.1183081865310669 11 12 -0.01290440660694542
-1 0.0 0 0 0.002244488044053992
58 0.08061714470386505 13 14 -0.03269317476479169
-1 0.0 0 0 -0.0055642671224006394
-1 0.0 0 0 0.0005817715765774962
37 -0.09061706811189651 16 17 0.06034630058431471
-1 0.0 0 0 0.010259133154569368
60 0.0016403624322265387 18 19 0.030650289630121622
-1 0.0 0 0 -0.002407474947205232
2 0.31957384943962097 20 21 0.06913034234559727
-1 0.0 0 0 -0.003776017227335224
-1 0.0 0 0 0.010863737192842145
6 0.9025515913963318 23 24 -0.019829484279435563
-1 0.0 0 0 -0.012611427261743722
65 0.009493944235146046 25 26 -0.01476300144090327
-1 0.0 0 0 -0.0036845517232306953
49 0.11223061382770538 27 28 0.003015976451953488
-1 0.0 0 0 -0.002468919329807135
-1 0.0 0 0 0.0026930965738466294
nodes 29
72 -0.04279028996825218 1 2 0.0
-1 0.0 0 0 -0.002887579641992978
21 0.22822152078151703 3 28 0.008692568223129861
99 -0.12775819003582 4 5 0.0017988956202710576
-1 0.0 0 0 -0.00709131748132159
49 0.21644285321235657 6 27 0.007021708143965712
41 0.08707381039857864 7 20 -0.0007499445644969573
2 0.41495728492736816 8 13 -0.018844722334939838
5 1.2830379009246826 9 12 -0.038261564080074466
106 0.07652539014816284 10 11 -0.06779850433347501
-1 0.0 0 0 -0.00957733499919073
-1 0.0 0 0 -0.001715475360870104
-1 0.0 0 0 0.0004926968585569693
5 1.407386064529419 14 17 0.025266867566965827
34 -0.14054812490940094 15 16 0.016265573169457273
-1 0.0 0 0 -0.06150157945469405
-1 0.0 0 0 0.0019389538826219044
6 0.7125368714332581 18 19 0.25824154609071664
-1 0.0 0 0 -0.044974815960535236
-1 0.0 0 0 0.03467402593027252
70 -0.005125413183122873 21 22 0.018358697392408783
-1 0.0 0 0 -0.0014661141287886513
2 0.29734256863594055 23 24 0.03747587677828076
-1 0.0 0 0 -0.0027364158748032093
55 0.06657665967941284 25 26 0.05502449065999874
-1 0.0 0 0 0.007415507392091288
-1 0.0 0 0 -0.002332418767691794
-1 0.0 0 0 0.004741395193720554
-1 0.0 0 0 0.005536354014119033
nodes 29
7 0.00800000037997961 1 4 0.0
104 0.06769222021102905 2 3 -0.05315121681634922
-1 0.0 0 0 -0.008637997634203299
-1 0.0 0 0 0.002302571439628082
24 -0.03823336586356163 5 12 0.004560369567206171
107 0.05977771431207657 6 9 -0.021014959741546817
27 0.024305418133735657 7 8 -0.008862789260098008
-1 0.0 0 0 -0.0037934227826693723
-1 0.0 0 0 0.0014773630815069958
2 0.48406878113746643 10 11 -0.07069756543404052
-1 0.0 0 0 -0.006297827966037781
-1 0.0 0 0 -0.04100752873427905
87 0.08101440966129303 13 28 0.014665365619015672
9 -0.030587762594223022 14 23 0.0235570367678534
2 0.32588279247283936 15 16 0.04350136353630645
-1 0.0 0 0 -0.00022944208915634686
37 -0.04727248102426529 17 22 0.06487396644309175
89 0.16657395660877228 18 21 0.09319569835033642
14 0.13045194745063782 19 20 0.09740425071040548
-1 0.0 0 0 0.010583365083374938
-1 0.0 0 0 -0.00813188657871283
-1 0.0 0 0 -0.03292713236668088
-1 0.0 0 0 0.00300428779057267
100 0.11308958381414413 24 27 0.004573747002477233
58 0.09054677188396454 25 26 -0.007520498982366291
-1 0.0 0 0 -0.002687057682892763
-1 0.0 0 0 0.0029300453979581283
-1 0.0 0 0 0.005707757395493435
-1 0.0 0 0 -0.0018233057984426435
nodes 29
42 -0.06090825796127319 1 10 0.0
68 0.030242236331105232 2 9 0.018591881259203916
49 0.02645791694521904 3 4 0.0342360424868765
-1 0.0 0 0 -0.0028630704931442057
79 0.08753004670143127 5 8 0.0445666879867713
2 0.2744106948375702 6 7 0.0522756613846876
-1 0.0 0 0 -0.0007145508867099723
-1 0.0 0 0 0.006551091424111411
-1 0.0 0 0 -0.004077273647228557
-1 0.0 0 0 -0.0018030052999685289
2 0.42103877663612366 11 20 -0.013014601252776526
106 0.01516604982316494 12 19 -0.02444983037326046
6 1.079498291015625 13 18 -0.05053446321199235
41 0.16391447186470032 14 17 -0.07422186927423118
39 0.04265156760811806 15 16 -0.0932171978632594
-1 0.0 0 0 -0.013721981955212948
-1 0.0 0 0 -0.005412543160188657
-1 0.0 0 0 0.0007256779669161769
-1 0.0 0 0 0.00040152037033540453
-1 0.0 0 0 -0.0007926288780136947
5 1.5328330993652344 21 26 0.0231111172725167
104 0.05236131697893143 22 25 0.016123485592318406
28 -0.0799628496170044 23 24 -0.01738580385237555
-1 0.0 0 0 0.007057329708295221
-1 0.0 0 0 -0.0041593992863226195
-1 0.0 0 0 0.006743286053709408
6 0.7125368714332581 27 28 0.33491727544084915
-1 0.0 0 0 -0.03550335377454757
-1 0.0 0 0 0.04227291971191087
nodes 29
37 0.0090972064062953 1 22 0.0
93 0.08013942837715149 2 21 0.007996695381596553
20 -0.1172986850142479 3 4 0.014773826622812538
-1 0.0 0 0 -0.004200158323389668
2 0.2630501687526703 5 6 0.020352450556908087
-1 0.0 0 0 -0.002552634750773936
42 -0.05646994709968567 7 12 0.02729478519253491
65 -0.019210562109947205 8 9 0.05255058490033896
-1 0.0 0 0 0.0008130103075828399
49 0.031781647354364395 10 11 0.07257328164507394
-1 0.0 0 0 -0.0006376381393102601
-1 0.0 0 0 0.00859339938515346
85 -0.037664126604795456 13 14 0.008351058804259976
-1 0.0 0 0 -0.003924933694408852
14 0.140019953250885 15 20 0.020770966352007286
89 -0.05838429182767868 16 19 0.026057096582004568
83 -0.014856135472655296 17 18 0.04833892849807754
-1 0.0 0 0 0.0009638155227593173
-1 0.0 0 0 0.008166880542212648
-1 0.0 0 0 -0.0004022811262889888
-1 0.0 0 0 -0.01222447929897065
-1 0.0 0 0 -0.003468394467586593
70 -0.012896646745502949 23 24 -0.027779500897851712
-1 0.0 0 0 -0.00626388655828873
2 0.397416889667511 25 26 -0.006242186410918899
-1 0.0 0 0 -0.0033470044358364054
41 -0.09639747440814972 27 28 0.03326404920237787
-1 0.0 0 0 -0.019176841127319377
-1 0.0 0 0 0.004582439256662592
nodes 29
43 -0.11934275925159454 1 8 0.0
27 -0.032732363790273666 2 3 0.01942471256668894
-1 0.0 0 0 -0.0021745901864429246
2 0.29110369086265564 4 5 0.030167375249480967
-1 0.0 0 0 -0.0013637154817619298
107 0.054368238896131516 6 7 0.04259339784321246
-1 0.0 0 0 0.005489917605089023
-1 0.0 0 0 -0.0018895765097653593
52 0.05425237491726875 9 28 -0.010963911906614837
2 0.3881100118160248 10 21 -0.0011336449503428201
73 -0.034315917640924454 11 14 -0.017448087571935715
34 0.12770427763462067 12 13 0.007483731196367425
-1 0.0 0 0 -0.0033984608419203133
-1 0.0 0 0 0.0037838064150263746
6 1.0869578123092651 15 20 -0.04581755450923571
21 0.055615078657865524 16 17 -0.06923565703994898
-1 0.0 0 0 -0.01621947573470134
34 0.26262766122817993 18 19 -0.047005774743711294
-1 0.0 0 0 -0.006589443005969604
-1 0.0 0 0 0.007754601840989199
-1 0.0 0 0 0.0010084105768291384
1 0.29911091923713684 22 25 0.021973220417989478
6 1.0686558485031128 23 24 0.21121132625013977
-1 0.0 0 0 0.01643359221344371
-1 0.0 0 0 0.051977963391825456
18 -0.09206843376159668 26 27 0.011530447457409039
-1 0.0 0 0 0.006096900973136945
-1 0.0 0 0 -0.0009901339970870408
-1 0.0 0 0 -0.004241340412205899
nodes 29
87 0.12034694105386734 1 26 0.0
58 0.09255312383174896 2 13 0.005082424143053415
37 -0.10555674880743027 3 10 -0.005826722948026522
20 0.006691126152873039 4 5 0.019164855203162738
-1 0.0 0 0 -0.001802315700252373
17 -0.05797572433948517 6 9 0.050296769409326404
32 0.014644350856542587 7 8 0.10081022363297365
-1 0.0 0 0 0.004516878335617415
-1 0.0 0 0 0.016513351866609953
-1 0.0 0 0 0.002047521612298291
24 -0.009881413541734219 11 12 -0.018494384822928873
-1 0.0 0 0 -0.004456157172099562
-1 0.0 0 0 -4.438945378210489e-05
89 0.009225456044077873 14 25 0.026696126149359144
2 0.26638659834861755 15 16 0.037544910270864915
-1 0.0 0 0 -0.002039146246969896
34 0.24613967537879944 17 22 0.04748044715163294
18 -0.04113386943936348 18 21 0.035947661159596286
81 0.10603481531143188 19 20 0.06406685574661831
-1 0.0 0 0 0.007820931723976392
-1 0.0 0 0 -0.004876045251094695
-1 0.0 0 0 0.0007727477321532206
37 0.08839891105890274 23 24 0.11815785722023514
-1 0.0 0 0 0.013429923403753045
-1 0.0 0 0 -0.01945107706392614
-1 0.0 0 0 -0.0020992258841560515
5 1.2830379009246826 27 28 -0.04120559158737012
-1 0.0 0 0 -0.006568635971358302
-1 0.0 0 0 0.0013094072298673017
nodes 29
6 0.9562504291534424 1 8 0.0
89 -0.21582011878490448 2 3 -0.03895614178321797
-1 0.0 0 0 0.011819156078252947
83 0.00928544718772173 4 7 -0.04964157811686363
52 0.010990382637828588 5 6 -0.08143810577664123
-1 0.0 0 0 -0.004342431917208658
-1 0.0 0 0 -0.013797857892522497
-1 0.0 0 0 -0.0012875901883622003
96 -0.1503673493862152 9 12 0.005391321112696594
93 -0.04844946786761284 10 11 0.0325130456630118
-1 0.0 0 0 0.006770663218553669
-1 0.0 0 0 0.0012368912348401614
107 -0.007895915769040585 13 26 -0.002630535433184486
2 0.3429451584815979 14 15 0.011789080077132062
-1 0.0 0 0 -0.0016487704170824132
5 1.3879892826080322 16 21 0.030951849542594483
9 -0.04694864898920059 17 18 0.02151320585584444
-1 0.0 0 0 0.005249723382223157
83 -0.09148521721363068 19 20 -0.003953776318008791
-1 0.0 0 0 -0.008611579677647073
-1 0.0 0 0 0.0011006819570051095
2 0.42460739612579346 22 25 0.11612101816162686
6 0.9900162816047668 23 24 0.09003943948887683
-1 0.0 0 0 0.03585137577863843
-1 0.0 0 0 0.006258183875390447
-1 0.0 0 0 0.037990342995143055
101 -0.04893795773386955 27 28 -0.022682129975600127
-1 0.0 0 0 -0.0062443722535163
-1 0.0 0 0 -0.0009874407331466608
nodes 29
79 -0.03554364666342735 1 16 0.0
73 0.057782284915447235 2 13 0.014408962066715656
40 -0.0406675711274147 3 6 0.02290028602508683
58 0.09054677188396454 4 5 -0.01745418075052581
-1 0.0 0 0 -0.004654176685339645
-1 0.0 0 0 0.004348608336824207
99 0.003825209103524685 7 10 0.034432834801562125
68 0.13168373703956604 8 9 0.010554255408165018
-1 0.0 0 0 0.0017512755827957943
-1 0.0 0 0 -0.012495236418730111
7 0.5080000162124634 11 12 0.05470631967408941
-1 0.0 0 0 0.006352847677824937
-1 0.0 0 0 -0.003217755586675403
2 0.40429091453552246 14 15 -0.030077275441039542
-1 0.0 0 0 -0.005787482789755921
-1 0.0 0 0 0.002797633941803633
57 0.023494107648730278 17 28 -0.013854988705992098
21 0.1623537540435791 18 27 -0.03038222001849123
5 1.30438232421875 19 26 -0.04830544690305904
2 0.43177488446235657 20 21 -0.06927739991252137
-1 0.0 0 0 -0.009111666104825845
53 -0.04371262714266777 22 25 -0.01090995237345514
65 0.22004127502441406 23 24 -0.07352335566998494
-1 0.0 0 0 -0.006263030129202158
-1 0.0 0 0 -0.09760907184155215
-1 0.0 0 0 0.005740615865826046
-1 0.0 0 0 -0.0001803236249698477
-1 0.0 0 0 0.0002750603038241425
-1 0.0 0 0 0.0005831923036232648
nodes 29
72 -0.04279028996825218 1 8 0.0
107 -0.0356769822537899 2 5 -0.02575705142327136
44 -0.13836506009101868 3 4 0.00012503360993950383
-1 0.0 0 0 -0.00901132721803745
-1 0.0 0 0 0.0011357066591460383
6 0.9025515913963318 6 7 -0.04773014327182755
-1 0.0 0 0 -0.01847995015153196
-1 0.0 0 0 -0.004052446164156576
100 0.14926089346408844 9 26 0.0077537230322562295
9 -0.009065494872629642 10 15 0.0028506862010096883
18 0.02014695480465889 11 14 0.016167103119681416
87 0.0001180178442155011 12 13 0.02768244472106161
-1 0.0 0 0 0.005322661971000585
-1 0.0 0 0 0.0005058061879536219
-1 0.0 0 0 -0.0014425802824660629
104 -0.002438492840155959 16 25 -0.016208567959347563
1 0.289544939994812 17 22 -0.0386360121526828
2 0.40080341696739197 18 19 -0.00812221469568747
-1 0.0 0 0 -0.0013610304753094058
6 1.0420279502868652 20 21 0.35369568135704577
-1 0.0 0 0 0.011693371813474358
-1 0.0 0 0 0.09371448050120047
34 -0.028014304116368294 23 24 -0.07149313159053547
-1 0.0 0 0 -0.027998375501760653
-1 0.0 0 0 -0.006175632990618094
-1 0.0 0 0 9.299141123491417e-05
94 -0.08173999190330505 27 28 0.06008902412981765
-1 0.0 0 0 0.012014281029824873
-1 0.0 0 0 0.002715265786810992
nodes 29
7 0.00800000037997961 1 10 0.0
104 0.06769222021102905 2 9 -0.04733482257764833
6 0.8095192909240723 3 4 -0.07622754397415754
-1 0.0 0 0 -0.02381213369449348
83 -0.016627643257379532 5 8 -0.06360338065080932
65 0.2329900562763214 6 7 -0.1200910352403074
-1 0.0 0 0 -0.011217139765298461
-1 0.0 0 0 -0.08276934370641476
-1 0.0 0 0 -0.002481245327573431
-1 0.0 0 0 0.0018901741223849057
89 -0.12854711711406708 11 16 0.00406132341301124
58 0.19358806312084198 12 15 0.028526197991195264
93 -0.09686185419559479 13 14 0.02146246994085704
-1 0.0 0 0 0.006654869259914247
-1 0.0 0 0 0.0009331833357865645
-1 0.0 0 0 0.01255405797608094
81 0.028517959639430046 17 22 -0.0044263879878265015
106 -0.030328381806612015 18 19 0.006507274786032094
-1 0.0 0 0 -0.002544778835291041
24 0.047065768390893936 20 21 0.016388014957982325
-1 0.0 0 0 9.537312936440208e-05
-1 0.0 0 0 0.004328986655373664
32 -0.06983581930398941 23 26 -0.02690203503321782
34 0.19945162534713745 24 25 0.00859135565476062
-1 0.0 0 0 -0.0024951502288947575
-1 0.0 0 0 0.007925758039594498
29 0.1231173500418663 27 28 -0.04112916540601899
-1 0.0 0 0 -0.005357510519101331
-1 0.0 0 0 0.0032677147358010188
nodes 29
84 0.002023126697167754 1 10 0.0
29 0.1879161149263382 2 9 -0.01808262384650971
99 0.028728965669870377 3 6 -0.024193180178569362
5 1.2543702125549316 4 5 -0.043338956875285134
-1 0.0 0 0 -0.0063840747745933
-1 0.0 0 0 -0.0009889798468177776
40 0.0040062591433525085 7 8 0.003137695248211981
-1 0.0 0 0 -0.0038902716493796233
-1 0.0 0 0 0.002749477909873848
-1 0.0 0 0 0.0070842256915907235
14 0.08050141483545303 11 28 0.010380949903845197
27 -0.033997368067502975 12 13 0.016430700726638242
-1 0.0 0 0 -0.0019870482331538334
2 0.3285961151123047 14 15 0.026425957979643026
-1 0.0 0 0 -0.0003940855151368689
5 1.316317081451416 16 21 0.04209891839137591
93 0.08875079452991486 17 20 0.02986211948945736
70 0.0220880638808012 18 19 0.03985097012737486
-1 0.0 0 0 0.0009672508749555865
-1 0.0 0 0 0.00656599919481023
-1 0.0 0 0 -0.00522578985651885
6 0.9196611046791077 22 23 0.11741559587149143
-1 0.0 0 0 -0.005959303559202396
59 0.007195644546300173 24 27 0.14068823016258758
34 0.06116233021020889 25 26 0.044106284342214454
-1 0.0 0 0 -0.014772550215190448
-1 0.0 0 0 0.010565860953619357
-1 0.0 0 0 0.019738681777892213
-1 0.0 0 0 -0.004060916570571844
nodes 29
85 -2.195120259784744e-06 1 10 0.0
5 1.347695231437683 2 9 -0.018484143764329698
21 0.20460361242294312 3 6 -0.030612470014524565
11 0.06686745584011078 4 5 -0.04234602416201688
-1 0.0 0 0 -0.0056424244455471955
-1 0.0 0 0 0.00038435487369962865
77 0.005977397318929434 7 8 0.013305505806032125
-1 0.0 0 0 0.0055807198514650855
-1 0.0 0 0 -0.005221391416686354
-1 0.0 0 0 0.0019961346327685863
35 0.020401639863848686 11 18 0.0099101905539303
84 -0.02520737610757351 12 13 -0.007534230185665921
-1 0.0 0 0 -0.004802279463165108
105 -0.04587613418698311 14 15 0.005922555535042102
-1 0.0 0 0 -0.003309635024429838
93 -0.03099161386489868 16 17 0.02337473482544644
-1 0.0 0 0 0.005674933091540975
-1 0.0 0 0 -0.0005515852924313871
2 0.3206227719783783 19 20 0.02625424615419051
-1 0.0 0 0 -0.0008505370100729899
104 -0.039254628121852875 21 22 0.04146836231624491
-1 0.0 0 0 -0.00010165352627284046
49 -0.04496179521083832 23 24 0.05616733453826533
-1 0.0 0 0 -0.008195719101210612
89 0.11607331782579422 25 28 0.06130627627716538
5 1.30817711353302 26 27 0.06637172548333756
-1 0.0 0 0 0.005513952364094424
-1 0.0 0 0 0.01314514523414921
-1 0.0 0 0 -0.007936873320627253
nodes 29
42 -0.015978321433067322 1 14 0.0
41 0.01898030936717987 2 3 0.010721302480777377
-1 0.0 0 0 -0.0020608247459295063
2 0.2647554874420166 4 5 0.02131230138959336
-1 0.0 0 0 -0.002350836057061203
33 -0.06230410002171993 6 13 0.02989788287930824
1 0.362102746963501 7 12 0.05692733106664497
96 0.04458651319146156 8 11 0.08314438407893082
73 -0.0017313049174845219 9 10 0.09550113783325638
-1 0.0 0 0 0.012339498330552626
-1 0.0 0 0 0.0039272849099809435
-1 0.0 0 0 -0.0046613887095241805
-1 0.0 0 0 -0.0016080496220110371
-1 0.0 0 0 0.0011115216185244917
2 0.43268442153930664 15 26 -0.016618497303782547
6 1.0818469524383545 16 23 -0.028185141036256082
14 0.134970024228096 17 22 -0.04404765735000602
58 0.14157430827617645 18 21 -0.037536708115577896
7 0.6480000019073486 19 20 -0.05118568650790613
-1 0.0 0 0 -0.004836438689227395
-1 0.0 0 0 -0.04312042954757258
-1 0.0 0 0 0.002541284756646161
-1 0.0 0 0 -0.020231981589377637
1 0.29911091923713684 24 25 0.01706836586104062
-1 0.0 0 0 0.002630215001343091
-1 0.0 0 0 -0.018063127720335977
18 -0.05634128302335739 27 28 0.02943502333988082
-1 0.0 0 0 0.008612800484818951
-1 0.0 0 0 -0.0012433644982509694
nodes 29
34 0.20062857866287231 1 20 0.0
6 0.8324276208877563 2 3 -0.008068395724937788
-1 0.0 0 0 -0.014014499107007028
95 -0.0003138009342364967 4 13 -0.0058320058399202665
5 1.347695231437683 5 10 -0.02807029438556525
1 0.38304322957992554 6 9 -0.044160087867771154
103 0.02503344416618347 7 8 -0.06644882658686548
-1 0.0 0 0 -0.0031772468500591653
-1 0.0 0 0 -0.011425103671043107
-1 0.0 0 0 0.0003063050970069149
2 0.39491647481918335 11 12 0.016098673821417022
-1 0.0 0 0 5.5685654600534076e-05
-1 0.0 0 0 0.01719060406642336
56 -0.052232686430215836 14 15 0.0059687105581881965
-1 0.0 0 0 -0.0022912745927707555
68 0.11643362045288086 16 19 0.01714962737520352
73 0.057782284915447235 17 18 0.022801549258998657
-1 0.0 0 0 0.0032432747381183585
-1 0.0 0 0 -0.0022856614126322656
-1 0.0 0 0 -0.0060492410046878685
21 -0.010844659060239792 21 22 0.02132466733537118
-1 0.0 0 0 -0.006443348196136839
106 0.0932823121547699 23 28 0.02980058385647322
57 -0.02550080232322216 24 25 0.012475064520590367
-1 0.0 0 0 -0.0031340894894015345
2 0.31302300095558167 26 27 0.03223933993667132
-1 0.0 0 0 -0.0022811780079026733
-1 0.0 0 0 0.005318163544412679
-1 0.0 0 0 0.006587528642431517
nodes 29
104 -0.10482882708311081 1 2 0.0
-1 0.0 0 0 -0.0038637644264830164
49 0.25855308771133423 3 28 0.004387248345575908
21 0.2661623954772949 4 25 0.00031782281359569705
5 1.4709033966064453 5 18 -0.00349831445453897
58 -0.021127143874764442 6 7 -0.009963148698425687
-1 0.0 0 0 -0.004313255815889541
105 -0.0016454632859677076 8 17 -0.000936957001225157
37 0.0681830570101738 9 16 -0.02025891505347807
56 -0.13950499892234802 10 11 -0.0123887191244884
-1 0.0 0 0 -0.010662602487558626
57 0.05139505863189697 12 15 -0.006237135648033517
59 0.06458255648612976 13 14 -0.023302725093723147
-1 0.0 0 0 0.0006941539604284391
-1 0.0 0 0 -0.0055397340379994674
-1 0.0 0 0 0.002822046072353392
-1 0.0 0 0 -0.011564249625372664
-1 0.0 0 0 0.0016574881423811205
2 0.3907366394996643 19 20 0.03033939581212203
-1 0.0 0 0 0.0014001613614701488
6 1.060505986213684 21 22 0.17236212284618055
-1 0.0 0 0 0.012685241302907586
26 0.0571797676384449 23 24 0.4658212861495799
-1 0.0 0 0 0.0711210788693279
-1 0.0 0 0 0.002253702348999439
75 0.0003458724240772426 26 27 0.0633138510343862
-1 0.0 0 0 -0.0025289251965296953
-1 0.0 0 0 0.010464370649853519
-1 0.0 0 0 0.005449016509767795
nodes 29
99 -0.04634563997387886 1 2 0.0
-1 0.0 0 0 -0.0021161423458134873
40 -0.04198119044303894 3 6 0.007850275562764512
2 0.40245017409324646 4 5 -0.025182064433449725
-1 0.0 0 0 -0.004962121857785936
-1 0.0 0 0 0.0014379053805842503
73 0.0353456512093544 7 24 0.01651697005304
2 0.20674219727516174 8 9 0.026506976084452495
-1 0.0 0 0 -0.005586243825510241
21 0.05003133788704872 10 13 0.030834104029595823
11 -0.01803620718419552 11 12 -0.006126503955958414
-1 0.0 0 0 -0.005099564822536475
-1 0.0 0 0 0.0022499427371763486
47 -0.046301864087581635 14 15 0.04095042451656966
-1 0.0 0 0 0.0003166254190406264
100 0.0954832211136818 16 19 0.0541050271721799
34 0.24447594583034515 17 18 0.038869999495595824
-1 0.0 0 0 0.002750599318448274
-1 0.0 0 0 0.010783487164685003
29 0.003531556809321046 20 21 0.09744428962537775
-1 0.0 0 0 0.002825326259155301
32 -0.16701115667819977 22 23 0.1377715029583958
-1 0.0 0 0 -0.016352095502459876
-1 0.0 0 0 0.014754023978858225
2 0.4494783282279968 25 26 -0.016887441183706088
-1 0.0 0 0 -0.0027154832044103735
93 0.12253359705209732 27 28 0.06506450166623352
-1 0.0 0 0 0.00888274693813555
-1 0.0 0 0 -0.025285170718267996
nodes 29
81 0.011582684703171253 1 12 0.0
79 0.024854416027665138 2 11 0.010233227705391196
80 -0.09907902032136917 3 4 0.01999955880644941
-1 0.0 0 0 -0.00260660924003498
1 0.2182057946920395 5 6 0.025992520015339086
-1 0.0 0 0 -0.0009898806233425226
41 0.05965986102819443 7 10 0.036001865792071326
100 0.05779067054390907 8 9 0.01111977170895452
-1 0.0 0 0 -0.0012503171890351841
-1 0.0 0 0 0.005513087214396882
-1 0.0 0 0 0.005392005924820534
-1 0.0 0 0 -0.001558435511657544
104 -0.028649114072322845 13 22 -0.015861959771441544
6 1.058838129043579 14 21 -0.04541555881562776
7 0.6480000019073486 15 20 -0.06893330324825166
19 0.05249413847923279 16 19 -0.0666405761493039
43 -0.13066913187503815 17 18 -0.04405907360158854
-1 0.0 0 0 0.002567670005543429
-1 0.0 0 0 -0.007314213326256206
-1 0.0 0 0 -0.013816975742372778
-1 0.0 0 0 -0.0790348703113313
-1 0.0 0 0 7.351225638360329e-06
21 0.0342538096010685 23 24 -0.00211481581104108
-1 0.0 0 0 -0.004651463123781156
34 0.1952468603849411 25 28 0.008276325463627505
2 0.35850054025650024 26 27 -0.00804630149004625
-1 0.0 0 0 -0.004537652534691191
-1 0.0 0 0 0.00165487092029194
-1 0.0 0 0 0.004375666251320662
nodes 29
52 0.01573965512216091 1 18 0.0
29 -0.11044277250766754 2 3 0.00990283341107429
-1 0.0 0 0 -0.004295943470835977
27 0.01691177673637867 4 5 0.015545504024305297
-1 0.0 0 0 -0.0005454711172190192
2 0.32408785820007324 6 7 0.029435547538549635
-1 0.0 0 0 -0.0007390439864772778
5 1.2897300720214844 8 13 0.04488545943296736
34 -0.07668910175561905 9 10 0.032787320601864324
-1 0.0 0 0 -0.0145691243581876
68 0.0545133613049984 11 12 0.03686683064034982
-1 0.0 0 0 0.005024009364286714
-1 0.0 0 0 -0.0013355586396277712
41 -0.06176242604851723 14 15 0.1037323847255609
-1 0.0 0 0 -0.005409367982282498
6 0.8095192909240723 16 17 0.12113394203451623
-1 0.0 0 0 -0.009938596417128609
-1 0.0 0 0 0.013440745776135575
2 0.48786455392837524 19 28 -0.016130535837571857
70 -0.03903095796704292 20 25 -0.013337086287718434
6 1.0580217838287354 21 24 -0.048677274370361394
29 0.220309779047966 22 23 -0.07948581449111768
-1 0.0 0 0 -0.009031794326433421
-1 0.0 0 0 0.01565027031364483
-1 0.0 0 0 -0.00026136580881168397
41 0.1651771366596222 26 27 7.953020917353873e-05
-1 0.0 0 0 -0.0011050440229409082
-1 0.0 0 0 0.004121805762264743
-1 0.0 0 0 -0.019343882768920042
nodes 29
72 -0.04279028996825218 1 2 0.0
-1 0.0 0 0 -0.0022912369003933934
99 -0.12775819003582 3 4 0.006897379671753407
-1 0.0 0 0 -0.004774777748732002
41 0.004148405510932207 5 6 0.010704349955909518
-1 0.0 0 0 -0.0017930504938658749
43 0.06479663401842117 7 28 0.01839116240417338
2 0.28605228662490845 8 9 0.02220875893933692
-1 0.0 0 0 -0.0010012027425070013
21 0.24874496459960938 10 27 0.03034136021069523
5 1.224204421043396 11 20 0.02434114424897321
49 -0.09432274103164673 12 13 0.009751614652788404
-1 0.0 0 0 -0.0208682735784171
14 -0.06690414994955063 14 17 0.012133474271083263
18 0.03910796344280243 15 16 0.042660754181301316
-1 0.0 0 0 0.0060936842423954
-1 0.0 0 0 -0.004540864363162449
1 0.3809051215648651 18 19 -0.005198096902504891
-1 0.0 0 0 -0.002795669672497542
-1 0.0 0 0 0.0036450477826093877
4 0.8190411925315857 21 22 0.056967680077133126
-1 0.0 0 0 0.001528415939770823
49 0.2635282278060913 23 26 0.08987507850515657
7 0.009999999776482582 24 25 0.07763083539346656
-1 0.0 0 0 -0.007680583185354218
-1 0.0 0 0 0.009195593110838384
-1 0.0 0 0 0.027906933740728453
-1 0.0 0 0 0.010622225741946836
-1 0.0 0 0 -0.004248254411794075
nodes 29
89 -0.21582011878490448 1 4 0.0
2 0.3965984284877777 2 3 0.051649076916491427
-1 0.0 0 0 0.0007689022665755504
-1 0.0 0 0 0.01135594866529445
6 0.9562504291534424 5 6 -0.0030008261178901146
-1 0.0 0 0 -0.004173629498542852
87 0.13315050303936005 7 28 0.002303481103907994
74 -0.028350958600640297 8 13 0.006460673949645576
75 0.03576016053557396 9 10 -0.019764836100323983
-1 0.0 0 0 -0.00504488291751493
21 0.14327190816402435 11 12 0.01402325719248121
-1 0.0 0 0 -0.0024662225211322278
-1 0.0 0 0 0.0056267050685950455
55 0.07033278793096542 14 27 0.014114670010024897
65 -0.01051321066915989 15 16 0.021842372637979546
-1 0.0 0 0 -0.0001505085255270744
2 0.26805564761161804 17 18 0.03412897328912817
-1 0.0 0 0 -0.0016366188843243779
9 0.10730597376823425 19 26 0.044915434022971434
20 -0.047637227922677994 20 21 0.05123626437272617
-1 0.0 0 0 0.0014474848918591037
43 0.09699159115552902 22 25 0.06618896903543231
41 0.08992515504360199 23 24 0.07198135055328314
-1 0.0 0 0 0.004543393635050079
-1 0.0 0 0 0.009969654919399834
-1 0.0 0 0 -0.009788222114999273
-1 0.0 0 0 -0.004839427479215803
-1 0.0 0 0 -0.0018953096026507043
-1 0.0 0 0 -0.004162208832874349
nodes 29
95 -0.11576087772846222 1 4 0.0
89 -0.18988919258117676 2 3 -0.052585930257746584
-1 0.0 0 0 0.01084475303874257
-1 0.0 0 0 -0.006614520102438241
9 -0.030587762594223022 5 20 0.002825425048319023
84 0.10616878420114517 6 17 0.016266298500701326
68 0.07672770321369171 7 16 0.006407571020247632
2 0.5074802041053772 8 15 0.014288285355532076
2 0.3624352216720581 9 12 0.015481355879541393
19 0.025599507614970207 10 11 -0.004909401935681841
-1 0.0 0 0 0.0015679089532135107
-1 0.0 0 0 -0.005313948187608139
18 -0.15032687783241272 13 14 0.03323221022173202
-1 0.0 0 0 0.010818874607580284
-1 0.0 0 0 0.0022152947102915418
-1 0.0 0 0 -0.032103206418489794
-1 0.0 0 0 -0.0038506191312259867
30 0.015288877300918102 18 19 0.04661891510806572
-1 0.0 0 0 0.0008860066477636273
-1 0.0 0 0 0.008055289034928501
71 -0.11292167752981186 21 22 -0.010119708108552177
-1 0.0 0 0 -0.006043332648203446
7 0.00800000037997961 23 24 -0.004292135931510952
-1 0.0 0 0 -0.0060612353083574644
100 0.11308958381414413 25 28 0.0003941747666105597
103 0.05991770327091217 26 27 -0.007776459093266498
-1 0.0 0 0 0.0003603710025766673
-1 0.0 0 0 -0.0037090566583805225
-1 0.0 0 0 0.003643848771496552
nodes 29
81 0.1518973708152771 1 28 0.0
85 -0.055398497730493546 2 7 0.0024375485074923826
3 0.6190997362136841 3 4 -0.026024915219036764
-1 0.0 0 0 0.00218528782305876
18 -0.011638876516371965 5 6 -0.04610896930480612
-1 0.0 0 0 -0.0017651634468267238
-1 0.0 0 0 -0.008494036242539896
35 0.017588511109352112 8 17 0.008011790102844071
79 -0.04387125372886658 9 16 -0.0066121778125910625
73 -0.03246515989303589 10 13 0.01349708686813024
40 -0.08508455008268356 11 12 0.03922678243452777
-1 0.0 0 0 -0.006955947732997772
-1 0.0 0 0 0.005183794512237043
70 0.07331693917512894 14 15 -0.013929468882954873
-1 0.0 0 0 -0.00396085417305585
-1 0.0 0 0 0.004862264790090241
-1 0.0 0 0 -0.002419472288998919
2 0.31957384943962097 18 19 0.02105383923979351
-1 0.0 0 0 -0.0007789364637487203
58 -0.01069809589534998 20 23 0.03343781715654331
22 -0.0005140826688148081 21 22 -0.004565328250971825
-1 0.0 0 0 0.0034500733991391108
-1 0.0 0 0 -0.004536623207317653
107 0.05977771431207657 24 27 0.04617384027370193
106 -0.08968096971511841 25 26 0.05673983253272468
-1 0.0 0 0 -0.002186816536525378
-1 0.0 0 0 0.006449205519795315
-1 0.0 0 0 -0.001076966839529492
-1 0.0 0 0 -0.005972895213544044
nodes 29
14 0.13045194745063782 1 22 0.0
62 0.047598883509635925 2 15 0.002512534823146751
89 -0.1546171009540558 3 4 0.01038922277490273
-1 0.0 0 0 0.004496766124224584
9 -0.05592738091945648 5 12 0.0027197486289364777
107 0.02106587216258049 6 11 0.02177692343494034
2 0.2994961440563202 7 8 0.036140834339577696
-1 0.0 0 0 -0.0021868069401797404
18 -0.05634128302335739 9 10 0.04865447630755095
-1 0.0 0 0 0.008354043182782211
-1 0.0 0 0 0.0021418993377429318
-1 0.0 0 0 -0.0011645434098698788
34 0.1437273770570755 13 14 -0.009124178566998582
-1 0.0 0 0 -0.0026130330856706098
-1 0.0 0 0 0.0007808906501024235
37 -0.06316205859184265 16 19 -0.017870868715148803
65 -0.009579128585755825 17 18 0.002630676854940671
-1 0.0 0 0 -0.003838744475522418
-1 0.0 0 0 0.0024835728848639663
5 1.324377179145813 20 21 -0.03881060102548121
-1 0.0 0 0 -0.005820680137632194
-1 0.0 0 0 0.0011165241841079128
6 1.0782663822174072 23 28 -0.05574238601284625
2 0.43935316801071167 24 27 -0.08217736986086042
81 0.1518973708152771 25 26 -0.12048369036372521
-1 0.0 0 0 -0.010721921228670241
-1 0.0 0 0 -0.048299407357459564
-1 0.0 0 0 0.0012526551875174888
-1 0.0 0 0 0.004028673898606241
nodes 29
43 -0.11934275925159454 1 4 0.0
20 0.024547560140490532 2 3 0.015640946146055146
-1 0.0 0 0 -0.00010717578435632273
-1 0.0 0 0 0.003913747443447367
62 0.12175056338310242 5 28 -0.008828236374134284
6 1.0716638565063477 6 27 -0.0042111422903883325
2 0.3576561510562897 7 16 -0.01267724781109684
40 -0.002097802236676216 8 11 -0.04531711518987277
34 0.23978237807750702 9 10 -0.10747584166210974
-1 0.0 0 0 -0.014017544860575958
-1 0.0 0 0 0.0022148189454580637
100 0.06760674715042114 12 13 -0.015546888098729932
-1 0.0 0 0 -0.005327573142659735
29 -0.00034245685674250126 14 15 0.0417667857945853
-1 0.0 0 0 -0.0053921761748513325
-1 0.0 0 0 0.008650826839279955
58 -0.042636871337890625 17 18 0.0015836385823555482
-1 0.0 0 0 -0.005756183708855878
82 0.1349293738603592 19 22 0.012700668401780276
52 -0.09797719120979309 20 21 0.019476375824272883
-1 0.0 0 0 0.0068274327091328154
-1 0.0 0 0 0.0007723368882807486
33 0.12473863363265991 23 24 -0.07952193906493893
-1 0.0 0 0 -0.00597939759133198
11 0.06324473768472672 25 26 -0.5602173792381941
-1 0.0 0 0 -0.02552518766745925
-1 0.0 0 0 -0.1286325718675341
-1 0.0 0 0 0.002316686546909221
-1 0.0 0 0 -0.006193249392878554
nodes 29
106 0.0932823121547699 1 20 0.0
93 -0.030167333781719208 2 9 -0.00743427710727818
2 0.43465113639831543 3 8 0.007632792600613459
74 -0.0272442065179348 4 5 -0.002501458884048675
-1 0.0 0 0 -0.004848105431438564
25 -0.021138403564691544 6 7 0.010293925873140769
-1 0.0 0 0 -0.0024515100071776826
-1 0.0 0 0 0.0027245241097604554
-1 0.0 0 0 0.005376701568509196
5 1.2396756410598755 10 15 -0.020416821198585462
56 -0.1362946778535843 11 12 -0.03910031701696721
-1 0.0 0 0 -0.01284340287212289
15 0.053256385028362274 13 14 -0.03328176871446035
-1 0.0 0 0 -0.004661523770397232
-1 0.0 0 0 0.0008471938873928149
2 0.3881100118160248 16 17 0.010597208346731637
-1 0.0 0 0 -0.0003220696120975945
6 1.0495867729187012 18 19 0.09003064222183031
-1 0.0 0 0 0.00541636826208758
-1 0.0 0 0 0.026460960027951497
47 -0.05304700881242752 21 22 0.018184376297353425
-1 0.0 0 0 -0.002307640755778538
29 0.04932263866066933 23 28 0.030860557471822845
34 0.16134312748908997 24 27 0.01113231420799147
107 -0.03748901188373566 25 26 -0.01670070244859045
-1 0.0 0 0 0.0028739062842072084
-1 0.0 0 0 -0.005502241994155623
-1 0.0 0 0 0.004226966797884993
-1 0.0 0 0 0.006269798855319255
nodes 29
7 0.8500000238418579 1 28 0.0
58 0.19926384091377258 2 25 0.0007090072147857655
20 0.06935607641935349 3 20 -0.0020821578768126306
57 0.00928907748311758 4 7 -0.009449651330160019
6 1.0630444288253784 5 6 -0.024132924200524895
-1 0.0 0 0 -0.0035268528026405977
-1 0.0 0 0 0.0006668163523754371
59 0.014746741391718388 8 13 0.00391965254992249
60 0.06452731043100357 9 10 -0.02314574982506607
-1 0.0 0 0 -0.0050296438363458575
2 0.41756290197372437 11 12 0.03834879668266966
-1 0.0 0 0 -0.0013651300285545736
-1 0.0 0 0 0.012645782568246854
72 -0.05153849720954895 14 15 0.016008203107317
-1 0.0 0 0 -0.0029707628501100007
108 -0.007998297922313213 16 17 0.027658549294767937
-1 0.0 0 0 -0.0007639709717512157
87 0.040293898433446884 18 19 0.044099115216252545
-1 0.0 0 0 0.006634289655049085
-1 0.0 0 0 0.0005960654730306401
37 -0.1258210390806198 21 24 0.019265581328550944
17 -0.062349457293748856 22 23 0.059074737890735196
-1 0.0 0 0 0.011960022998013962
-1 0.0 0 0 0.0025336137644002897
-1 0.0 0 0 0.00029479158469460066
89 -0.1034441813826561 26 27 0.04881994641492543
-1 0.0 0 0 0.0112676671457404
-1 0.0 0 0 0.0009710529513171297
-1 0.0 0 0 -0.018988434826706098
nodes 29
24 -0.03823336586356163 1 2 0.0
-1 0.0 0 0 -0.001826825158084527
93 0.11175044625997543 3 28 0.00718775925339019
2 0.4374435544013977 4 19 0.011353583472126848
39 -0.002917488571256399 5 6 0.004897329559699198
-1 0.0 0 0 -0.0027069295309095093
33 -0.07910867780447006 7 14 0.016698169539953157
41 0.2419654130935669 8 13 0.04454668905833621
75 -0.02292429655790329 9 12 0.03698148484781777
41 0.07530166953802109 10 11 -0.014946622734376106
-1 0.0 0 0 -0.008819096260922546
-1 0.0 0 0 0.003516993758708918
-1 0.0 0 0 0.00534133345406732
-1 0.0 0 0 0.015879063340727896
73 -0.024092938750982285 15 16 0.0017353787893756602
-1 0.0 0 0 0.0020807058764097104
5 1.2680257558822632 17 18 -0.021771389757360537
-1 0.0 0 0 -0.004381269099921767
-1 0.0 0 0 0.00200113438755897
104 0.015022572129964828 20 25 0.04769447705629349
70 0.027663327753543854 21 24 -0.0034638266326765645
82 0.2009851187467575 22 23 -0.05980271984719013
-1 0.0 0 0 -0.005035727964911952
-1 0.0 0 0 -0.06892956053057024
-1 0.0 0 0 0.0049396423510873755
30 -0.03362397849559784 26 27 0.08705820202620793
-1 0.0 0 0 0.0023261766789057273
-1 0.0 0 0 0.011999592525529974
-1 0.0 0 0 -0.004083849216219885
nodes 29
42 -0.015978321433067322 1 10 0.0
37 0.0732792317867279 2 9 0.009219922780725434
2 0.48786455392837524 3 8 0.013539935785752879
0 0.20887574553489685 4 5 0.015300234560916427
-1 0.0 0 0 -0.006054301307650286
49 0.17720839381217957 6 7 0.01836705044692617
-1 0.0 0 0 0.0007478625769074521
-1 0.0 0 0 0.004241015087194308
-1 0.0 0 0 -0.013553519978799911
-1 0.0 0 0 -0.00472874884696544
58 0.16089960932731628 11 28 -0.014291291832450438
6 1.079498291015625 12 27 -0.02136054349565152
2 0.3815954923629761 13 20 -0.0329618981311386
7 0.6480000019073486 14 19 -0.06686087430402925
81 0.10401330143213272 15 18 -0.06317450609715575
80 0.02098846435546875 16 17 -0.05192885960661317
-1 0.0 0 0 -0.008675116100851789
-1 0.0 0 0 -0.0017583401842675022
-1 0.0 0 0 -0.01730948907967179
-1 0.0 0 0 -0.04262667892375825
18 -0.014678502455353737 21 22 -0.0051677660023777645
-1 0.0 0 0 0.0021759632091201825
60 0.10326036065816879 23 26 -0.044245549433471705
76 0.029768791049718857 24 25 -0.06678052567596414
-1 0.0 0 0 -0.011165208560646657
-1 0.0 0 0 -0.0015197152298244971
-1 0.0 0 0 0.004785309186812397
-1 0.0 0 0 0.0019976680236014474
-1 0.0 0 0 0.0036671841677559784
nodes 29
72 0.022769471630454063 1 20 0.0
93 -0.030167333781719208 2 7 -0.011510148908963229
40 -0.06219780817627907 3 4 0.006272808665681012
-1 0.0 0 0 -0.004489820399752642
95 -0.007419273257255554 5 6 0.01653833605562826
-1 0.0 0 0 -0.0019100974759135834
-1 0.0 0 0 0.0032435661044719582
5 1.1734683513641357 8 19 -0.02741427176516726
47 -0.04842414706945419 9 16 -0.051386204036240675
87 -0.050305698066949844 10 11 -0.1126192755438936
-1 0.0 0 0 -0.00137465908474098
70 0.04931483045220375 12 15 -0.14493454601919586
104 0.06452476233243942 13 14 -0.19944228887446946
-1 0.0 0 0 -0.024993813574935724
-1 0.0 0 0 -0.006411341924977024
-1 0.0 0 0 -0.006397047186888028
59 0.06185956671833992 17 18 -0.029087376569446634
-1 0.0 0 0 0.00023803654806344538
-1 0.0 0 0 -0.006425283819030176
-1 0.0 0 0 -0.0005891397187794267
44 0.05935038626194 21 28 0.011067624481275448
21 0.18609517812728882 22 25 0.018660611190824326
105 -0.02699093706905842 23 24 0.009186683476158931
-1 0.0 0 0 -0.001441161127438857
-1 0.0 0 0 0.0024228856825470645
75 0.025814957916736603 26 27 0.04609265998697557
-1 0.0 0 0 0.000705516856031524
-1 0.0 0 0 0.0072863151282389
-1 0.0 0 0 -0.0023681377701409516
nodes 29
9 0.0992179587483406 1 22 0.0
73 -0.0520743690431118 2 7 0.003217047981853782
76 0.0009747310541570187 3 4 0.016905364333143366
-1 0.0 0 0 -0.0007975471795056799
95 -0.02966965176165104 5 6 0.03187559071029842
-1 0.0 0 0 -0.0008017933023388261
-1 0.0 0 0 0.004461512296935171
2 0.4202040731906891 8 17 -0.007333710470111523
59 -0.13275456428527832 9 10 -0.01729786666598968
-1 0.0 0 0 -0.014273122915270636
19 0.10173411667346954 11 16 -0.014392175102644972
39 0.003385337069630623 12 15 -0.008524095075791237
30 0.019986290484666824 13 14 -0.03604940167721145
-1 0.0 0 0 -0.007077922522842648
-1 0.0 0 0 2.015369807659377e-05
-1 0.0 0 0 0.0003158825400918562
-1 0.0 0 0 -0.006427447492134516
1 0.2938568592071533 18 19 0.023711590107603594
-1 0.0 0 0 0.03850923257549226
60 0.0060143847949802876 20 21 0.01769729421766992
-1 0.0 0 0 -0.0027913848993880077
-1 0.0 0 0 0.004906191752786468
35 -0.17159757018089294 23 24 -0.03780103310607069
-1 0.0 0 0 -0.03393564688757674
6 0.9463928937911987 25 28 -0.03255931194987153
85 0.1410234570503235 26 27 -0.150730921705381
-1 0.0 0 0 -0.020390317591647875
-1 0.0 0 0 0.020468361960037762
-1 0.0 0 0 -0.0020198619139795318
nodes 29
7 0.00800000037997961 1 4 0.0
104 0.06769222021102905 2 3 -0.03763809462034757
-1 0.0 0 0 -0.006206199634204113
-1 0.0 0 0 0.0018353700076634899
27 0.04098823666572571 5 18 0.003229345150015668
5 1.224204421043396 6 11 -0.009454752142998542
79 0.06904160976409912 7 10 -0.024634635565059085
15 -0.07118638604879379 8 9 -0.014683460010264623
-1 0.0 0 0 -0.00539701233658587
-1 0.0 0 0 -0.0001512872563996123
-1 0.0 0 0 -0.008874322437194087
2 0.3881100118160248 12 13 0.010964911565981382
-1 0.0 0 0 -0.000155201500771443
6 1.0482453107833862 14 17 0.09080858728344282
41 0.05171439051628113 15 16 0.051791926188534405
-1 0.0 0 0 -0.0022683548405422146
-1 0.0 0 0 0.011980575406011728
-1 0.0 0 0 0.025161135815436594
37 -0.10555674880743027 19 26 0.015884278538794497
20 -0.009044589474797249 20 21 0.039554535156884195
-1 0.0 0 0 -0.00036424741477294103
2 0.29613396525382996 22 23 0.06779544154239078
-1 0.0 0 0 0.001110198066725156
65 -0.12789399921894073 24 25 0.08745501385990746
-1 0.0 0 0 -0.009433198363354831
-1 0.0 0 0 0.009603769163537435
76 0.09494428336620331 27 28 0.0034731249397445575
-1 0.0 0 0 -0.0007164207186392086
-1 0.0 0 0 0.0037561981166572833
nodes 29
84 0.002023126697167754 1 10 0.0
100 0.16705268621444702 2 7 -0.014500252761494607
52 0.016779635101556778 3 4 -0.019722050306502644
-1 0.0 0 0 -0.0004557606146498119
5 1.244441032409668 5 6 -0.04350356500433475
-1 0.0 0 0 -0.0069984569668580165
-1 0.0 0 0 -0.0005570921476119594
94 -0.08635606616735458 8 9 0.05986181023005739
-1 0.0 0 0 0.01500816129985206
-1 0.0 0 0 0.00014952482188010786
14 -0.03352104499936104 11 26 0.008324367085559862
2 0.34378039836883545 12 15 0.022337384068125556
28 0.0531189888715744 13 14 -0.002274974315558405
-1 0.0 0 0 -0.0033286764884260436
-1 0.0 0 0 0.0033395104643628663
5 1.2800170183181763 16 25 0.04231884105778084
6 1.0961110591888428 17 24 0.02839037169061662
27 -0.050812870264053345 18 21 0.030698568082704426
36 -0.07308563590049744 19 20 -0.04171274141196744
-1 0.0 0 0 0.011696493001742664
-1 0.0 0 0 -0.007488216211359363
18 -0.04113386943936348 22 23 0.04292864552663341
-1 0.0 0 0 0.007354776068703413
-1 0.0 0 0 0.000823691488666601
-1 0.0 0 0 -0.034904884897727285
-1 0.0 0 0 0.011919385132301806
85 0.08469011634588242 27 28 -0.006915801916542421
-1 0.0 0 0 -0.002109994847123459
-1 0.0 0 0 0.002433231633798466
nodes 29
89 -0.04585501551628113 1 24 0.0
104 -0.12093877047300339 2 5 0.00903929207603548
61 0.1531502902507782 3 4 -0.04305395804916848
-1 0.0 0 0 -0.0035198425115627488
-1 0.0 0 0 -0.035283835401167855
37 0.023963764309883118 6 21 0.013186883158767447
87 -0.011944430880248547 7 10 0.020483739216768222
18 -0.0602766964584589 8 9 0.03913988776882048
-1 0.0 0 0 0.006731811661104566
-1 0.0 0 0 0.0019429257063639323
103 -0.0054892124608159065 11 12 0.007083281317965929
-1 0.0 0 0 0.0027617310377148017
21 0.17798924446105957 13 20 -0.010347368034538763
5 1.1937007904052734 14 19 -0.028628217014824344
59 0.06185956671833992 15 16 -0.056497068517133674
-1 0.0 0 0 0.0007050158920658715
34 0.17878010869026184 17 18 -0.11179604428125316
-1 0.0 0 0 -0.01530226383671969
-1 0.0 0 0 -0.003782539857168716
-1 0.0 0 0 0.0008443664011549847
-1 0.0 0 0 0.004027207138872037
107 0.06882840394973755 22 23 -0.0218905601930025
-1 0.0 0 0 -0.0009144472909821551
-1 0.0 0 0 -0.009625503324965083
56 -0.17137740552425385 25 26 -0.013124527197056824
-1 0.0 0 0 -0.01015869066757114
6 0.8915331959724426 27 28 -0.010086787866240232
-1 0.0 0 0 -0.009289369330832012
-1 0.0 0 0 -0.0006825676607001849
nodes 29
81 0.011582684703171253 1 18 0.0
41 0.16391447186470032 2 9 0.008579618111465124
27 -0.032732363790273666 3 4 0.0018325721995990734
-1 0.0 0 0 -0.002798080274458617
37 -0.08396761119365692 5 8 0.01035829998860563
94 -0.08752118796110153 6 7 0.03003038148256596
-1 0.0 0 0 0.006677875964204653
-1 0.0 0 0 0.001282195681481284
-1 0.0 0 0 -0.000411209397509803
2 0.2935492992401123 10 11 0.036258760880265396
-1 0.0 0 0 -0.002212023986231519
33 -0.047664545476436615 12 13 0.06170150725668717
-1 0.0 0 0 0.009907583024672888
105 -0.042715951800346375 14 15 0.025401618355929138
-1 0.0 0 0 -0.005258516526887864
75 -0.14265067875385284 16 17 0.057527673468731534
-1 0.0 0 0 -0.027898656332905853
-1 0.0 0 0 0.00682439454609076
105 -0.14049462974071503 19 20 -0.01329879096084016
-1 0.0 0 0 -0.008741681772253755
15 -0.07002420723438263 21 24 -0.008576194398608641
108 -0.04057146608829498 22 23 -0.039137962864994005
-1 0.0 0 0 -0.010711082703713945
-1 0.0 0 0 -0.0021621672294981783
58 0.16279444098472595 25 28 0.002125181477864915
49 0.20115996897220612 26 27 -0.005163685112522109
-1 0.0 0 0 -0.0016603518154161075
-1 0.0 0 0 0.0035138801595275613
-1 0.0 0 0 0.00568177855354124
nodes 29
92 0.18019281327724457 1 28 0.0
73 0.17270009219646454 2 25 0.001895078829074458
31 -0.16883037984371185 3 4 0.0034490812608072383
-1 0.0 0 0 -0.006394182865972937
24 0.0071506621316075325 5 10 0.005348619296532503
107 0.05836286023259163 6 7 -0.007189243951040111
-1 0.0 0 0 0.0001178001068535441
2 0.48406878113746643 8 9 -0.042295912102624955
-1 0.0 0 0 -0.0036233060714671293
-1 0.0 0 0 -0.028590128087060296
2 0.4374435544013977 11 18 0.01617516389436379
101 -0.05514563247561455 12 13 0.009602790152181311
-1 0.0 0 0 -0.0029682838982345006
29 -0.04739963635802269 14 15 0.019487387712628822
-1 0.0 0 0 -0.0014197395974118135
76 -0.060537077486515045 16 17 0.030435573909114638
-1 0.0 0 0 -0.002754969865221225
-1 0.0 0 0 0.004033242724929584
28 0.07717492431402206 19 22 0.05281634371030722
104 -0.04261427000164986 20 21 0.07914510799181995
-1 0.0 0 0 -0.0006053707287359962
-1 0.0 0 0 0.010465723714877731
2 0.48786455392837524 23 24 -0.055026559614509654
-1 0.0 0 0 -0.0024149265873833915
-1 0.0 0 0 -0.033481264983614284
6 1.072611927986145 26 27 -0.07527755971457577
-1 0.0 0 0 -0.013907786396194591
-1 0.0 0 0 0.0035938178679333446
-1 0.0 0 0 -0.005851546626388373
nodes 29
20 -0.11512148380279541 1 2 0.0
-1 0.0 0 0 -0.003171843401187515
62 0.03568924218416214 3 24 0.0034476863523926716
89 -0.0620138980448246 4 13 0.011307951734477231
93 -0.09435909986495972 5 6 0.02400625720880779
-1 0.0 0 0 0.0060056172292985875
57 -0.13776624202728271 7 8 0.013826469546236418
-1 0.0 0 0 -0.00749047125159211
54 0.10916673392057419 9 12 0.018678580747253152
81 0.1890484094619751 10 11 0.009938201919422126
-1 0.0 0 0 0.0012572539491664562
-1 0.0 0 0 -0.01657896763996299
-1 0.0 0 0 0.006667386994728123
95 -0.11576087772846222 14 15 -0.003156865350614667
-1 0.0 0 0 -0.008318199735060901
108 0.023373529314994812 16 21 0.0012249910021912681
29 0.13285408914089203 17 20 -0.019209753433948
0 0.48910292983055115 18 19 -0.030919233693594155
-1 0.0 0 0 -0.004423150625551629
-1 0.0 0 0 0.0039198253029189695
-1 0.0 0 0 0.004375422811169293
34 0.028594443574547768 22 23 0.01960477273361407
-1 0.0 0 0 -0.0051231588589011525
-1 0.0 0 0 0.0031337335200385774
42 0.10774094611406326 25 28 -0.01296168048524408
77 -0.020061438903212547 26 27 -0.008629185399361737
-1 0.0 0 0 0.0011541021112099071
-1 0.0 0 0 -0.0026728596944461894
-1 0.0 0 0 -0.009145696448888727
nodes 29
52 0.05425237491726875 1 18 0.0
34 0.13434664905071259 2 13 0.005751343215505235
2 0.43177488446235657 3 8 -0.008435059378168222
33 -0.039492156356573105 4 5 -0.017745133290660374
-1 0.0 0 0 0.0006029043104993718
6 1.067649483680725 6 7 -0.04187245209619182
-1 0.0 0 0 -0.007402771523339475
-1 0.0 0 0 0.0014383005228154493
34 -0.14054812490940094 9 10 0.024290537184023565
-1 0.0 0 0 -0.03247408172696508
65 0.22004127502441406 11 12 0.028505016016040146
-1 0.0 0 0 0.0033131099574261872
-1 0.0 0 0 -0.03196421238457747
27 0.05197925493121147 14 17 0.01784772947590686
97 0.07926624268293381 15 16 0.002099367148160229
-1 0.0 0 0 0.0014653177060225753
-1 0.0 0 0 -0.003895543597305538
-1 0.0 0 0 0.003662581339238766
5 1.1784924268722534 19 28 -0.01869229287901297
93 0.04827923700213432 20 27 -0.04227246131451641
84 0.10867162048816681 21 26 -0.025230513522912248
87 0.04520919546484947 22 25 -0.04558183153959916
18 -0.014678502455353737 23 24 -0.014851151804634935
-1 0.0 0 0 0.0027319548022259814
-1 0.0 0 0 -0.007912125651593887
-1 0.0 0 0 -0.010753162565432175
-1 0.0 0 0 0.004369355855045824
-1 0.0 0 0 -0.010846524185012382
-1 0.0 0 0 0.0002460085901395907
nodes 29
8 82.5 1 28 0.0
7 0.026000000536441803 2 13 -0.0017522645097088757
70 0.0220880638808012 3 10 -0.026654270124726386
52 -0.029640154913067818 4 5 -0.05831753111928975
-1 0.0 0 0 -0.0012900091041418028
35 -0.03027321957051754 6 7 -0.09267389722985692
-1 0.0 0 0 -0.018082878424987955
50 0.0010647589806467295 8 9 -0.06154458483693354
-1 0.0 0 0 -0.011986705333513613
-1 0.0 0 0 8.289850896746177e-05
9 -0.15871278941631317 11 12 0.00220338546525541
-1 0.0 0 0 0.011233148311426534
-1 0.0 0 0 -0.0008208072829190516
96 -0.09660734236240387 14 27 0.0038920476980720655
2 0.31009483337402344 15 16 0.017934786779604864
-1 0.0 0 0 -0.0008756161246131427
5 1.198249101638794 17 18 0.03338089116674767
-1 0.0 0 0 0.0012153798099272277
74 0.03298113867640495 19 20 0.07250357170892395
-1 0.0 0 0 0.0025198726606184343
4 0.868010401725769 21 24 0.11249514330262946
58 0.2023707777261734 22 23 0.05823270079997191
-1 0.0 0 0 0.003998360770861131
-1 0.0 0 0 0.03950262313342787
95 -0.1425512582063675 25 26 0.17443221098900494
-1 0.0 0 0 -0.03213185100835197
-1 0.0 0 0 0.018749231063016285
-1 0.0 0 0 -0.0006577317193944154
-1 0.0 0 0 0.006187389837764991
nodes 29
89 -0.2442222386598587 1 4 0.0
2 0.3552711606025696 2 3 0.061225498199593636
-1 0.0 0 0 -0.002501713561415229
-1 0.0 0 0 0.011461863823758493
6 0.7125368714332581 5 6 -0.0017287228923435554
-1 0.0 0 0 -0.01812911644322419
5 1.3753472566604614 7 24 -0.001026228282344882
34 0.17296777665615082 8 13 -0.0067677505668363724
81 -0.022592373192310333 9 10 -0.018406097658293465
-1 0.0 0 0 0.00012848352614099602
75 0.03668847680091858 11 12 -0.03667967986951488
-1 0.0 0 0 -0.006012101601599106
-1 0.0 0 0 -0.0013147707305224308
89 0.13682502508163452 14 23 0.010724401212371455
14 0.006777194328606129 15 22 0.014168013663567259
30 -0.0014535656664520502 16 17 0.027950032287891297
-1 0.0 0 0 -0.0002057876526618127
1 0.23468071222305298 18 19 0.049814150269834545
-1 0.0 0 0 -0.0025547994272177525
108 0.014166709966957569 20 21 0.06469132100603045
-1 0.0 0 0 0.0022637363529575644
-1 0.0 0 0 0.009171764889153734
-1 0.0 0 0 -0.001707353482992119
-1 0.0 0 0 -0.014835136285259024
2 0.38983094692230225 25 28 0.02059266909522832
7 0.13600000739097595 26 27 0.00854090761710272
-1 0.0 0 0 0.005719152679667219
-1 0.0 0 0 -0.0005298646685245264
-1 0.0 0 0 0.012695572592972493
nodes 29
99 -0.04634563997387886 1 10 0.0
6 1.0736864805221558 2 9 -0.016878999875752435
7 0.7200000286102295 3 8 -0.028267813173513318
0 0.44682857394218445 4 7 -0.027236256277102192
43 0.005721812602132559 5 6 -0.04845911369922894
-1 0.0 0 0 -0.0035487842830549104
-1 0.0 0 0 -0.014006362255550246
-1 0.0 0 0 0.0001273938117994349
-1 0.0 0 0 -0.0677923004841432
-1 0.0 0 0 0.001656342031850177
96 0.06085795536637306 11 28 0.006261620375778319
47 -0.09923263639211655 12 15 0.010476604980514982
0 0.5076702833175659 13 14 -0.03042312079367632
-1 0.0 0 0 -0.004305343887481063
-1 0.0 0 0 0.011471154509892474
105 -0.04679105058312416 16 17 0.015210512056591784
-1 0.0 0 0 -0.0006921682279429671
85 -2.195120259784744e-06 18 19 0.0247062428291516
-1 0.0 0 0 2.039253345555141e-05
1 0.17996124923229218 20 21 0.037522482872923
-1 0.0 0 0 -0.00302071706750292
89 -0.0620138980448246 22 25 0.046389883683268754
41 -0.10740414261817932 23 24 0.06791037398117045
-1 0.0 0 0 -0.012151199795093992
-1 0.0 0 0 0.007217758126095975
73 -0.07839389145374298 26 27 0.02149666515096851
-1 0.0 0 0 0.006748947377414667
-1 0.0 0 0 -0.00013896499910438155
-1 0.0 0 0 -0.003884087850586566
nodes 29
43 -0.11934275925159454 1 2 0.0
-1 0.0 0 0 0.001348512723270822
6 1.0818469524383545 3 20 -0.007611425161127591
2 0.36489763855934143 4 17 -0.014888638662364123
29 0.08840349316596985 5 12 -0.0413598127693624
34 0.23528693616390228 6 9 -0.0622464206360603
59 -0.0007391492836177349 7 8 -0.08270010123960209
-1 0.0 0 0 -0.015818694727617943
-1 0.0 0 0 -0.006354742717952718
106 0.07863511890172958 10 11 0.0064190176648081555
-1 0.0 0 0 -0.005527552789369459
-1 0.0 0 0 0.008434404639905043
77 -0.029427645727992058 13 16 0.008094260034983636
60 0.12567448616027832 14 15 0.06898605284227799
-1 0.0 0 0 0.008908775720980424
-1 0.0 0 0 -0.023231491262181637
-1 0.0 0 0 -0.005814379052163987
82 0.15060792863368988 18 19 0.00017643593555500184
-1 0.0 0 0 0.0004943309277500792
-1 0.0 0 0 -0.009129719878457865
1 0.289544939994812 21 26 0.02112334277392452
2 0.38983094692230225 22 23 0.03292258936231794
-1 0.0 0 0 0.0029489645814282425
51 0.029962118715047836 24 25 0.42589559839465296
-1 0.0 0 0 0.08261329055315367
-1 0.0 0 0 -0.0006360693313181401
7 0.5080000162124634 27 28 -0.13493078969305408
-1 0.0 0 0 -0.006696139066672523
-1 0.0 0 0 -0.04060614693255527
nodes 29
7 0.8500000238418579 1 28 0.0
5 1.2897300720214844 2 17 0.0006239030725356699
49 -0.018195442855358124 3 4 -0.0058405118987959
-1 0.0 0 0 -0.006487590080942761
0 0.44269806146621704 5 14 -0.0020882663323682224
37 0.0090972064062953 6 13 -0.013518927178315572
21 0.2445645034313202 7 12 -0.003732816058345432
99 -0.11534818261861801 8 9 -0.011883155146881009
-1 0.0 0 0 -0.008788437711101275
42 0.11856073886156082 10 11 -0.005699574814336976
-1 0.0 0 0 -0.00018365224950844821
-1 0.0 0 0 -0.014116933625074123
-1 0.0 0 0 0.00567563007935059
-1 0.0 0 0 -0.005958572034266896
54 -0.035191915929317474 15 16 0.01587238569478511
-1 0.0 0 0 -0.002214913132539638
-1 0.0 0 0 0.003254073033034844
2 0.32496899366378784 18 21 0.01693548041877038
6 1.0912468433380127 19 20 -0.00275868445669753
-1 0.0 0 0 -0.004960030879819491
-1 0.0 0 0 0.0027763858291695483
6 0.870360791683197 22 23 0.041094524471848505
-1 0.0 0 0 -0.009941807405433961
59 0.007195644546300173 24 25 0.053092138653699945
-1 0.0 0 0 -0.0007219935736935284
96 -0.04973659664392471 26 27 0.08532449316410501
-1 0.0 0 0 0.013052328172150749
-1 0.0 0 0 0.0029956966358159385
-1 0.0 0 0 -0.016709195704434708
nodes 29
72 0.022769471630454063 1 16 0.0
35 0.016684798523783684 2 11 -0.010265918097690754
5 1.3753472566604614 3 10 -0.02516811562543849
9 -0.05329170078039169 4 5 -0.03757335068208487
-1 0.0 0 0 -0.0004929988125954519
34 0.17199264466762543 6 9 -0.0600097343754117
2 0.31209689378738403 7 8 -0.08748417279713586
-1 0.0 0 0 -0.0008457823475391552
-1 0.0 0 0 -0.010727106164188241
-1 0.0 0 0 -0.001680059828028631
-1 0.0 0 0 0.001327551348279841
2 0.3815954923629761 12 15 0.0038098574322073513
74 -0.05464904010295868 13 14 -0.013147097410348538
-1 0.0 0 0 -0.008558251965216842
-1 0.0 0 0 -0.0002424427725926674
-1 0.0 0 0 0.002672119904796068
75 0.03207160905003548 17 26 0.009871230096865155
59 0.0049531771801412106 18 19 -0.00541534338251272
-1 0.0 0 0 -0.00444440067017806
98 -0.17813076078891754 20 21 0.010388618985768953
-1 0.0 0 0 0.012040331316499368
108 -0.03585096821188927 22 23 0.0036550703955292
-1 0.0 0 0 -0.004735717209529408
9 0.009739155881106853 24 25 0.01914489563061177
-1 0.0 0 0 0.0038172428908757323
-1 0.0 0 0 -0.0023163327126663118
21 0.2557993531227112 27 28 0.024074913030818244
-1 0.0 0 0 0.001860977029768591
-1 0.0 0 0 0.008761209321491244
nodes 29
106 0.0932823121547699 1 24 0.0
0 0.48177462816238403 2 23 -0.0063523323554153435
6 1.056542158126831 3 22 -0.01230800228561363
7 0.6480000019073486 4 21 -0.024358882504028137
14 0.0843333974480629 5 20 -0.02311325379457462
18 -0.13976722955703735 6 7 -0.015917106239189783
-1 0.0 0 0 0.003482418144923201
21 0.056990381330251694 8 11 -0.02534253472541283
11 -0.01803620718419552 9 10 -0.07492329245001084
-1 0.0 0 0 -0.013691890079293495
-1 0.0 0 0 -0.0033736304699159693
2 0.3268566131591797 12 15 -0.014498606617176744
94 -0.13930685818195343 13 14 -0.06165707147946485
-1 0.0 0 0 0.003045153117566028
-1 0.0 0 0 -0.009069965482942628
3 0.6190997362136841 16 19 -0.0025116182262166446
41 0.15374335646629333 17 18 0.07429850842868853
-1 0.0 0 0 0.0028782417262974706
-1 0.0 0 0 0.02597614078985838
-1 0.0 0 0 -0.001094561920851914
-1 0.0 0 0 -0.008768409131856832
-1 0.0 0 0 -0.047122818202047646
-1 0.0 0 0 0.0012045105439657299
-1 0.0 0 0 0.0020457414495924464
69 0.033014263957738876 25 26 0.015537919786853626
-1 0.0 0 0 -0.00039326022724838253
34 0.13719314336776733 27 28 0.03611098948087645
-1 0.0 0 0 -0.00010879543281105565
-1 0.0 0 0 0.006228004001509924
nodes 29
49 0.20368927717208862 1 24 0.0
6 0.9562504291534424 2 3 -0.005094786404015693
-1 0.0 0 0 -0.0036038239507625797
107 -0.009869772009551525 4 23 -0.000824164013715843
2 0.3624352216720581 5 16 0.009770502375610852
41 0.2013951987028122 6 15 -0.006866679211080201
6 1.0883917808532715 7 14 -0.01632664552421878
39 -0.011609531007707119 8 13 -0.03684109749399788
7 0.6600000262260437 9 12 -0.11970552129517095
28 0.06013968586921692 10 11 -0.10880669658240666
-1 0.0 0 0 -0.017164850414234243
-1 0.0 0 0 -0.0009173867141926718
-1 0.0 0 0 -0.06732101192077002
-1 0.0 0 0 -0.0015854823417664457
-1 0.0 0 0 0.0017595162211336982
-1 0.0 0 0 0.005078770969524638
18 -0.14659519493579865 17 18 0.026923836716516974
-1 0.0 0 0 0.009779175502718215
30 0.01906699687242508 19 22 0.015525234700003054
41 -0.0917777419090271 20 21 -0.00829105110473166
-1 0.0 0 0 -0.01597565509335593
-1 0.0 0 0 7.474822492263668e-05
-1 0.0 0 0 0.0044104153876114134
-1 0.0 0 0 -0.0014810663303165294
23 0.033904168754816055 25 28 0.01941823534876539
1 0.20746755599975586 26 27 0.03729155050655685
-1 0.0 0 0 -0.0027348067493919164
-1 0.0 0 0 0.005040352289336598
-1 0.0 0 0 -0.0009988452323981235
nodes 29
56 0.015320410020649433 1 14 0.0
108 -0.03585096821188927 2 3 -0.00880286289423883
-1 0.0 0 0 -0.0037351680911171764
84 0.015207136049866676 4 9 -0.0002441480841301427
11 -0.05424082279205322 5 6 -0.02049894665959612
-1 0.0 0 0 -0.00568369729784643
99 0.03139796853065491 7 8 -0.005905491744360549
-1 0.0 0 0 -0.0027534114574503847
-1 0.0 0 0 0.002660537434560966
76 0.08202153444290161 10 11 0.01349284053804926
-1 0.0 0 0 3.317521135979631e-05
14 0.05945904180407524 12 13 0.041709760289437514
-1 0.0 0 0 0.005723733392416531
-1 0.0 0 0 -0.005414420133554286
24 0.05680447444319725 15 22 0.011062329876062251
85 -0.026730354875326157 16 19 -0.001745840611668047
50 -0.08950820565223694 17 18 -0.031824866395361445
-1 0.0 0 0 -0.010852217058703949
-1 0.0 0 0 -0.0014927589714311988
35 -0.11936571449041367 20 21 0.00833417117765838
-1 0.0 0 0 -0.008002678547590332
-1 0.0 0 0 0.0013353725427563603
35 0.061970680952072144 23 28 0.03704369320618274
94 -0.19882088899612427 24 27 0.019985395584619463
16 0.10169962048530579 25 26 0.15849859088368873
-1 0.0 0 0 0.01920665446260482
-1 0.0 0 0 -0.04082833973046106
-1 0.0 0 0 0.0013070888250849499
-1 0.0 0 0 0.007142748354808068
nodes 29
8 82.5 1 24 0.0
85 0.08052170276641846 2 15 -0.0016530052846982606
6 0.9261155128479004 3 8 -0.008688169829271838
7 0.014000000432133675 4 5 -0.05636958501625345
-1 0.0 0 0 -0.010620235293097016
54 0.012055433355271816 6 7 0.0013006735896068365
-1 0.0 0 0 -0.007328091752659079
-1 0.0 0 0 0.007182969016469554
40 0.0030403409618884325 9 10 -0.005272713476888808
-1 0.0 0 0 -0.0020514522787531543
61 -0.039657171815633774 11 12 0.004340455052617756
-1 0.0 0 0 0.0026948295902320344
73 0.0353456512093544 13 14 -0.010170789078457136
-1 0.0 0 0 0.0002178629669951989
-1 0.0 0 0 -0.005416436628115626
99 -0.007946907542645931 16 23 0.013117140491097948
70 -0.03684709593653679 17 18 -0.011665502211775309
-1 0.0 0 0 -0.006179002669929232
82 0.1636182963848114 19 20 0.0037466809711896006
-1 0.0 0 0 0.0009742649829325182
33 0.11337699741125107 21 22 -0.14980226065671723
-1 0.0 0 0 -0.011276237574572905
-1 0.0 0 0 -0.08368921257555485
-1 0.0 0 0 0.0032086209177075043
6 1.0088231563568115 25 28 0.058368972983633485
33 0.060317736119031906 26 27 0.10688904268558443
-1 0.0 0 0 0.014039883507386228
-1 0.0 0 0 -0.007178621750972525
-1 0.0 0 0 -0.0011049414471673202
nodes 29
87 0.13792970776557922 1 28 0.0
9 -0.05329170078039169 2 19 0.0028192532983829888
2 0.30287396907806396 3 4 0.016059123794730335
-1 0.0 0 0 -0.0019391968975786711
41 0.09292328357696533 5 10 0.02482512309900884
2 0.4122196137905121 6 9 0.004192865281960293
101 0.06205245852470398 7 8 -0.017854218637529493
-1 0.0 0 0 -0.004285137968822376
-1 0.0 0 0 0.0037382953721682554
-1 0.0 0 0 0.003968076808803839
107 -0.0905831977725029 11 12 0.05286797258002705
-1 0.0 0 0 0.010794879892212311
20 -0.032560430467128754 13 14 0.032530058355263826
-1 0.0 0 0 -0.001625480853390206
14 0.046276435256004333 15 18 0.059584792795273234
5 1.1452993154525757 16 17 0.08241016704629943
-1 0.0 0 0 0.00286553382426929
-1 0.0 0 0 0.013109125525181087
-1 0.0 0 0 -0.0029066639571212398
83 -0.06056245416402817 20 23 -0.00570550304624436
6 1.0572707653045654 21 22 -0.028888320403342715
-1 0.0 0 0 -0.004917030912012924
-1 0.0 0 0 0.0007250912694503344
85 -0.10533060878515244 24 27 0.0025840593970275706
1 0.2949203848838806 25 26 -0.055127299360074135
-1 0.0 0 0 0.0009136642876399443
-1 0.0 0 0 -0.011273474630095391
-1 0.0 0 0 0.0007049917887297697
-1 0.0 0 0 -0.003312685485789749
nodes 29
79 0.024854416027665138 1 28 0.0
15 0.06377638876438141 2 21 0.005843933219763727
39 0.09925146400928497 3 4 -0.0007766838442699647
-1 0.0 0 0 -0.0010127464974119846
81 0.1671118289232254 5 18 0.02072674858779701
35 -0.04021439328789711 6 9 0.024602971755313827
9 -0.045158613473176956 7 8 -0.02020243237039946
-1 0.0 0 0 0.0038480533876089126
-1 0.0 0 0 -0.006323660761782442
47 -0.0792015790939331 10 11 0.03876039042683373
-1 0.0 0 0 -0.002460928736465823
2 0.2994961440563202 12 15 0.04970689349112265
25 -0.05889405310153961 13 14 0.003696428946040749
-1 0.0 0 0 0.008440799407594148
-1 0.0 0 0 -0.003312467851837298
21 0.07182713598012924 16 17 0.06763926584547388
-1 0.0 0 0 0.0013005035746466121
-1 0.0 0 0 0.008849737136049432
97 0.14864936470985413 19 20 -0.14424415234017618
-1 0.0 0 0 -0.019210928640930672
-1 0.0 0 0 0.03738255340551191
4 0.8329603672027588 22 23 0.031074064730109773
-1 0.0 0 0 -0.001376500660894205
60 -0.03762573376297951 24 25 0.05007666863217953
-1 0.0 0 0 -0.00019571137060301312
68 0.128151074051857 26 27 0.06919180104995275
-1 0.0 0 0 0.007735984959227406
-1 0.0 0 0 -0.00777932285725999
-1 0.0 0 0 -0.0015753868486134558
nodes 29
0 0.20887574553489685 1 2 0.0
-1 0.0 0 0 -0.005282993393573308
42 -0.06090825796127319 3 12 0.001711510563187708
68 0.042442675679922104 4 11 0.014189449086306559
20 0.07647617906332016 5 8 0.024479165155847863
95 -0.08682858198881149 6 7 0.013264642788245786
-1 0.0 0 0 -0.005640859376498127
-1 0.0 0 0 0.0020550132383384207
15 0.016619550064206123 9 10 0.06110938437388492
-1 0.0 0 0 0.0028104245354439866
-1 0.0 0 0 0.01110844859392756
-1 0.0 0 0 -0.001638062158595032
6 1.0818469524383545 13 26 -0.006874669863593895
2 0.42103877663612366 14 21 -0.013599679324181895
76 -0.013059113174676895 15 18 -0.026425502004287893
7 0.5979999899864197 16 17 -0.06671703684494262
-1 0.0 0 0 -0.006158087126604887
-1 0.0 0 0 -0.03858055752264151
49 -0.015116029419004917 19 20 -0.009764955843385544
-1 0.0 0 0 -0.01212435853773942
-1 0.0 0 0 -0.0003916946651285104
82 0.11796948313713074 22 25 0.016008298444757093
5 1.5328330993652344 23 24 0.026130095757908197
-1 0.0 0 0 0.002116162096169162
-1 0.0 0 0 0.02535919492022176
-1 0.0 0 0 -0.008402346559531294
1 0.2938568592071533 27 28 0.02253087478060077
-1 0.0 0 0 0.003359708669497743
-1 0.0 0 0 -0.01482292875289344
nodes 29
54 -0.06570985913276672 1 2 0.0
-1 0.0 0 0 -0.0020880559439933884
47 0.05876915529370308 3 24 0.0043542696917314395
0 0.4419816732406616 4 21 -0.0032774653250736935
6 1.0502443313598633 5 16 -0.014364811906518124
84 0.10616878420114517 6 13 -0.03222659160451621
7 0.6480000019073486 7 10 -0.04828887033583762
14 0.08640319854021072 8 9 -0.04654438734657472
-1 0.0 0 0 -0.003877010170893998
-1 0.0 0 0 -0.013344487648287355
60 0.02303854003548622 11 12 -0.47385830924876277
-1 0.0 0 0 -0.07602621039784536
-1 0.0 0 0 0.00853110042711099
90 -0.012579996138811111 14 15 0.010856740626599689
-1 0.0 0 0 -0.003240056024046449
-1 0.0 0 0 0.005598732770948765
82 -0.02414238639175892 17 18 0.008356374482960954
-1 0.0 0 0 -0.002581548259247726
2 0.313972532749176 19 20 0.02717190978845295
-1 0.0 0 0 0.00043748371831011626
-1 0.0 0 0 0.007413889550347418
70 -0.10273951292037964 22 23 0.016508881507073195
-1 0.0 0 0 -0.005235535468629159
-1 0.0 0 0 0.0023555369912067786
20 0.09635608643293381 25 26 0.022352142774505868
-1 0.0 0 0 0.0010913206580244411
100 0.015805678442120552 27 28 0.07347568136168901
-1 0.0 0 0 0.0013537363412746703
-1 0.0 0 0 0.011277371856158359
nodes 29
80 -0.09907902032136917 1 4 0.0
2 0.4140511751174927 2 3 -0.026021132551242936
-1 0.0 0 0 -0.004781185467119385
-1 0.0 0 0 0.0025624938723599194
104 -0.132681205868721 5 6 0.0034695826797283783
-1 0.0 0 0 -0.003934821634821897
43 -0.02486542984843254 7 18 0.006205874171235232
1 0.16257748007774353 8 9 0.012977168851512934
-1 0.0 0 0 -0.0030964114891234
5 1.4709033966064453 10 13 0.01698438057779102
87 0.1430722326040268 11 12 0.011919538645847383
-1 0.0 0 0 0.0015740136230006374
-1 0.0 0 0 -0.004278707197163875
2 0.39995792508125305 14 15 0.06705057792089308
-1 0.0 0 0 0.004868699709543371
6 1.0550416707992554 16 17 0.22701700526162089
-1 0.0 0 0 0.017130914261885066
-1 0.0 0 0 0.06079604777452701
6 1.0818469524383545 19 24 -0.013196270946624239
7 0.734000027179718 20 23 -0.02590599140912759
84 0.05790618434548378 21 22 -0.024955062173054696
-1 0.0 0 0 -0.0045750750651979
-1 0.0 0 0 0.0005838314845185385
-1 0.0 0 0 -0.07447652698240496
1 0.29705676436424255 25 26 0.030870973455222175
-1 0.0 0 0 0.004300510432094982
24 -0.11737889051437378 27 28 -0.15388756644962406
-1 0.0 0 0 -0.06904810120468029
-1 0.0 0 0 -0.008884593668026906
nodes 29
106 -0.05563661456108093 1 2 0.0
-1 0.0 0 0 -0.002157869057250368
34 0.20062857866287231 3 18 0.004134409433716637
35 -0.09280996024608612 4 7 -0.0024026379153237335
15 -0.10552504658699036 5 6 -0.04354668276278842
-1 0.0 0 0 -0.014863831816692562
-1 0.0 0 0 -0.0024291392781512415
95 -0.00632384093478322 8 9 0.0022123942867352782
-1 0.0 0 0 -0.0017806085970622444
99 -0.1201571449637413 10 11 0.011741704114195879
-1 0.0 0 0 -0.00492369045641858
33 0.060317736119031906 12 17 0.01688062213729264
100 0.16430816054344177 13 16 0.023991003097537673
2 0.32496899366378784 14 15 0.019086367036873678
-1 0.0 0 0 -0.0007025236541802151
-1 0.0 0 0 0.0031925601711089604
-1 0.0 0 0 0.008983748272156708
-1 0.0 0 0 -0.002835902321663252
2 0.25544869899749756 19 20 0.02122335478832902
-1 0.0 0 0 -0.003704415375269201
21 -0.16412131488323212 21 24 0.03024777643344687
1 0.28018617630004883 22 23 -0.171464948629448
-1 0.0 0 0 -0.0011309958111630958
-1 0.0 0 0 -0.03619195319479331
14 -0.054137714207172394 25 28 0.033551533531838235
108 0.02252020873129368 26 27 0.05917807644985931
-1 0.0 0 0 0.0014356655789708492
-1 0.0 0 0 0.009155411270135659
-1 0.0 0 0 0.0014003929951526305
nodes 29
8 82.5 1 28 0.0
7 0.026000000536441803 2 9 -0.0015788364703942749
70 0.0220880638808012 3 8 -0.02231668462757809
20 -0.11512148380279541 4 5 -0.05046491697411079
-1 0.0 0 0 -0.015809403233398907
52 -0.029640154913067818 6 7 -0.03893570950113765
-1 0.0 0 0 0.0005411971562383843
-1 0.0 0 0 -0.007269606297348162
-1 0.0 0 0 0.00033374005490086756
61 0.07360965013504028 10 27 0.003121623859038423
2 0.34955283999443054 11 14 0.00798842455122805
86 -0.02394057996571064 12 13 -0.004849613872628951
-1 0.0 0 0 -0.003107467042059069
-1 0.0 0 0 0.0007695803984651302
95 -0.00331984949298203 15 16 0.02045389368616499
-1 0.0 0 0 -0.000946778527716644
5 1.1851956844329834 17 18 0.03573907664831987
-1 0.0 0 0 0.001717350903751253
54 -0.06570985913276672 19 22 0.07517198300288469
5 1.5841354131698608 20 21 -0.022521221596180266
-1 0.0 0 0 -0.007037677255748484
-1 0.0 0 0 0.016447598267384896
96 0.025648880749940872 23 24 0.09930062178097157
-1 0.0 0 0 0.012566169562571778
59 0.04453535005450249 25 26 0.002317380748929516
-1 0.0 0 0 -0.008381471644467965
-1 0.0 0 0 0.010488457776040051
-1 0.0 0 0 -0.0024238885712279897
-1 0.0 0 0 0.005575001228301787
nodes 29
49 0.25855308771133423 1 26 0.0
62 0.03568924218416214 2 11 -0.0026615616070198287
66 -0.033724814653396606 3 6 0.004321430586529753
46 0.001987551571801305 4 5 -0.01413557067464799
-1 0.0 0 0 -0.003502569100741834
-1 0.0 0 0 0.0006440830353373811
32 -0.06543604284524918 7 8 0.015215252892533896
-1 0.0 0 0 0.004256277810632062
10 -0.034595683217048645 9 10 0.004318790341251334
-1 0.0 0 0 -0.0021378665246920125
-1 0.0 0 0 0.0018268190919283186
50 0.08432886004447937 12 25 -0.01705790473759654
6 1.0542731285095215 13 24 -0.025445442119710955
7 0.6600000262260437 14 23 -0.03981281678213146
19 0.0003548575041349977 15 16 -0.03862017473635645
-1 0.0 0 0 -0.001688376656731193
2 0.38246142864227295 17 20 -0.06616221591507508
53 -0.0861305445432663 18 19 -0.12391055875729291
-1 0.0 0 0 -0.004590270968896955
-1 0.0 0 0 -0.01863168380119516
37 0.09591421484947205 21 22 -0.02565557302875532
-1 0.0 0 0 -0.0013427295586312272
-1 0.0 0 0 -0.02257769809723514
-1 0.0 0 0 -0.05774365108762239
-1 0.0 0 0 0.0004011817153810595
-1 0.0 0 0 0.0021858077940724975
83 0.13367219269275665 27 28 0.03306409708356181
-1 0.0 0 0 0.0023736736311900652
-1 0.0 0 0 0.019702560850361043
nodes 29
72 -0.04279028996825218 1 2 0.0
-1 0.0 0 0 -0.001692717563330862
31 -0.15797059237957 3 4 0.0050956388730592495
-1 0.0 0 0 -0.00576325190642861
57 0.022556448355317116 5 14 0.007399537955369388
100 0.1537669152021408 6 13 -0.0030115184928710416
61 0.0020088758319616318 7 12 -0.008121020904988377
21 0.1769767701625824 8 9 0.006972802717462396
-1 0.0 0 0 -0.0006021941400071158
2 0.287321001291275 10 11 0.03495708981515953
-1 0.0 0 0 -0.0027324137948068063
-1 0.0 0 0 0.005501396080087748
-1 0.0 0 0 -0.002894345642771955
-1 0.0 0 0 0.005575013281526685
34 0.05656524375081062 15 16 0.01984163662233539
-1 0.0 0 0 -0.0018180116465557794
2 0.313972532749176 17 18 0.027662339199440323
-1 0.0 0 0 -0.00028032670357611123
14 -0.07986459136009216 19 24 0.03923983988904788
55 0.11058568209409714 20 23 0.07821379024859855
54 -0.030947918072342873 21 22 0.08997847219475198
-1 0.0 0 0 0.0028183839965849745
-1 0.0 0 0 0.011516748650506697
-1 0.0 0 0 -0.004477090668396722
66 -0.05016852170228958 25 28 0.021655867861658386
54 -0.020054947584867477 26 27 -0.017804716050654246
-1 0.0 0 0 -0.008484851257138265
-1 0.0 0 0 0.0014761436430375387
-1 0.0 0 0 0.0038709530674586783
nodes 29
89 -0.2442222386598587 1 4 0.0
2 0.3552711606025696 2 3 0.055079621307325514
-1 0.0 0 0 -0.0018757836631862338
-1 0.0 0 0 0.010079267014939348
74 -0.028350958600640297 5 6 -0.0015551919815972985
-1 0.0 0 0 -0.0019580430962994016
55 0.07033278793096542 7 28 0.003729852956701165
14 0.014386788010597229 8 19 0.009688680087830637
2 0.29110369086265564 9 10 0.018854476529456644
-1 0.0 0 0 -0.0009416300669141579
41 0.09938300400972366 11 12 0.027266304600717394
-1 0.0 0 0 0.0007235378240156262
78 0.06081797182559967 13 18 0.0551470510542356
59 0.038685329258441925 14 15 0.06944547978501368
-1 0.0 0 0 0.002734340634893917
76 -0.0009873296367004514 16 17 0.09576784822083577
-1 0.0 0 0 0.003465998024657066
-1 0.0 0 0 0.012357647075081808
-1 0.0 0 0 -8.576796096792814e-05
6 1.058838129043579 20 27 -0.01191016941622253
0 0.46167799830436707 21 26 -0.02908309329741481
85 -0.08560537546873093 22 23 -0.05151580988854097
-1 0.0 0 0 -0.018612796582487195
14 0.1769195944070816 24 25 -0.03974518744366253
-1 0.0 0 0 -0.0032139125438507225
-1 0.0 0 0 -0.02151644912912666
-1 0.0 0 0 0.0011483591708774759
-1 0.0 0 0 0.0030123196617887096
-1 0.0 0 0 -0.0021646725518033347
nodes 29
5 1.244441032409668 1 16 0.0
49 -0.018195442855358124 2 3 -0.006786262310030156
-1 0.0 0 0 -0.006707632712418987
27 0.019610892981290817 4 9 -0.0031208574342519962
64 0.0675518810749054 5 6 -0.02140837589359798
-1 0.0 0 0 -0.001203955647626502
79 0.07412192225456238 7 8 -0.07593627261333967
-1 0.0 0 0 -0.0048247170200210795
-1 0.0 0 0 -0.025045436799331612
93 -0.01115066185593605 10 11 0.0081177151438028
-1 0.0 0 0 0.0025613975035775976
47 -0.017509562894701958 12 13 -0.013441277401028127
-1 0.0 0 0 -0.004810967085789985
97 0.1288939267396927 14 15 0.007576906237054554
-1 0.0 0 0 0.0019338754836525753
-1 0.0 0 0 -0.01030237152351074
2 0.3881100118160248 17 18 0.012658615463983182
-1 0.0 0 0 0.0004698956783023837
6 0.776975691318512 19 20 0.06151877432556447
-1 0.0 0 0 -0.014070570525681654
21 0.10039611905813217 21 24 0.07870740630072025
43 -0.01887238398194313 22 23 0.015317519651759736
-1 0.0 0 0 0.008487309531122969
-1 0.0 0 0 -0.01042428752655994
6 1.0621976852416992 25 26 0.12984632046980948
-1 0.0 0 0 0.010583058922600603
107 0.032194219529628754 27 28 0.3596239524550136
-1 0.0 0 0 0.054703567135179
-1 0.0 0 0 0.003865445687317814
nodes 29
92 0.18019281327724457 1 26 0.0
9 0.10730597376823425 2 25 0.0016658218440152675
87 -0.011944430880248547 3 4 0.004247767716422795
-1 0.0 0 0 0.0016600049182257381
5 1.2495155334472656 5 10 -0.004570171487060918
47 -0.12976054847240448 6 9 -0.014861182969595104
15 -0.03420403227210045 7 8 -0.08350936777944887
-1 0.0 0 0 -0.016783519066337484
-1 0.0 0 0 -0.002079331518994854
-1 0.0 0 0 -0.0010324875922390444
2 0.3736247718334198 11 12 0.015388414511975314
-1 0.0 0 0 0.0003018896765961874
6 1.0557838678359985 13 18 0.06885878312511914
6 0.7125368714332581 14 15 0.031660577007751836
-1 0.0 0 0 -0.03426588768754335
85 -0.029038678854703903 16 17 0.04612228134007295
-1 0.0 0 0 -0.006293802977182638
-1 0.0 0 0 0.008450354701535599
65 0.1592264026403427 19 24 0.23995817305699635
91 0.01021121721714735 20 21 0.20473416160381092
-1 0.0 0 0 0.032147586185859854
36 0.08835910260677338 22 23 0.03538354063334639
-1 0.0 0 0 -0.008664541159504357
-1 0.0 0 0 0.046013816281293446
-1 0.0 0 0 0.08887617388559926
-1 0.0 0 0 -0.0034406795349884826
17 0.198086217045784 27 28 -0.051436564868742006
-1 0.0 0 0 -0.004506266212059277
-1 0.0 0 0 -0.060047746548015216
nodes 29
105 -0.12194018810987473 1 2 0.0
-1 0.0 0 0 -0.0029634830049276636
99 0.02520342729985714 3 26 0.002798333368274564
70 -0.03903095796704292 4 15 -0.0060609785707396915
37 -0.06591235846281052 5 6 -0.02964842970776739
-1 0.0 0 0 1.661948182043489e-05
6 1.0706408023834229 7 10 -0.05535981600837296
7 0.5680000185966492 8 9 -0.08769120054575144
-1 0.0 0 0 -0.00816226602855765
-1 0.0 0 0 -0.052058040577156295
1 0.30120518803596497 11 12 0.011027293575044173
-1 0.0 0 0 0.0026078265488563572
6 1.089808702468872 13 14 -0.26553431533587474
-1 0.0 0 0 0.0010831773852308592
-1 0.0 0 0 -0.07261444639828471
84 -0.033669471740722656 16 21 0.0020084126077171524
82 -0.20923110842704773 17 20 -0.026112712444713762
67 -0.07324948906898499 18 19 -0.41228682663114297
-1 0.0 0 0 -0.10798027543794542
-1 0.0 0 0 -0.018978151738170593
-1 0.0 0 0 -0.002249515633992286
58 0.14157430827617645 22 23 0.01060865936728979
-1 0.0 0 0 0.00019515425612454056
93 -0.10752725601196289 24 25 0.04783395156462713
-1 0.0 0 0 0.013785684103832133
-1 0.0 0 0 0.002771490089346848
85 0.0826241746544838 27 28 0.014429922593457514
-1 0.0 0 0 0.00039733113275348904
-1 0.0 0 0 0.0038017190350138584
nodes 29
81 0.1518973708152771 1 28 0.0
39 0.09925146400928497 2 23 0.0018256159242766754
2 0.4483833312988281 3 10 -0.0044448439743462916
59 -0.07206962257623672 4 5 -0.009519473107338914
-1 0.0 0 0 -0.005425171875103161
67 -0.009197738952934742 6 9 -0.004979261819043983
90 -0.06960853934288025 7 8 0.009218405340947871
-1 0.0 0 0 -0.0021181076876551955
-1 0.0 0 0 0.0021743669710021247
-1 0.0 0 0 -0.002028889523465975
65 0.22004127502441406 11 20 0.032996161320171975
34 -0.11979801952838898 12 13 0.03779030819849927
-1 0.0 0 0 -0.033919680570463906
28 0.06744138896465302 14 17 0.041951209493303755
21 -0.16412131488323212 15 16 0.06163531288728036
-1 0.0 0 0 -0.04961853150743992
-1 0.0 0 0 0.006452277003622467
2 0.4981071352958679 18 19 -0.027586606589794945
-1 0.0 0 0 -0.0007385083349967877
-1 0.0 0 0 -0.030105846664629694
98 0.062334366142749786 21 22 -0.33859631931633116
-1 0.0 0 0 -0.010608551212464505
-1 0.0 0 0 -0.1315141709521413
95 -0.02735055983066559 24 25 0.017326604298268482
-1 0.0 0 0 -0.00216471451292076
78 0.10233113169670105 26 27 0.02852879206987671
-1 0.0 0 0 0.0035676829083061954
-1 0.0 0 0 -0.003282067763178584
-1 0.0 0 0 -0.004473434276551796
nodes 29
8 90.5 1 28 0.0
24 -0.03707798570394516 2 27 -0.000863726655786414
6 1.0869578123092651 3 20 -0.015081241499577873
2 0.3355397880077362 4 5 -0.02514346954322932
-1 0.0 0 0 -0.006824013680262499
70 0.026720838621258736 6 17 -0.012599997051297681
59 -0.028067370876669884 7 14 -0.039402975243147405
68 0.0437033548951149 8 9 -0.11343908991436491
-1 0.0 0 0 -0.006370478905821889
79 0.09205097705125809 10 11 -0.25318272349643794
-1 0.0 0 0 -0.020013318296576075
83 0.018488839268684387 12 13 -0.6295818444045763
-1 0.0 0 0 -0.020049625004713353
-1 0.0 0 0 -0.1326845935235421
49 -0.0853663980960846 15 16 -0.01775479303002843
-1 0.0 0 0 -0.03454953696704784
-1 0.0 0 0 -0.0011061074250363217
107 0.005713873542845249 18 19 0.014290654433702954
-1 0.0 0 0 0.004028693960122292
-1 0.0 0 0 -0.0030694942706263814
1 0.30120518803596497 21 22 0.020965306503399374
-1 0.0 0 0 0.003344261836109865
29 -0.004129837267100811 23 24 -0.28129120727392787
-1 0.0 0 0 -0.005311294133979374
74 0.0787777304649353 25 26 -0.5113397868632599
-1 0.0 0 0 -0.0716694992836998
-1 0.0 0 0 -0.0020769017037107714
-1 0.0 0 0 0.00048254087649555615
-1 0.0 0 0 0.009405129138600327
nodes 29
56 -0.1283566951751709 1 4 0.0
55 -0.03116254135966301 2 3 -0.031635657378075735
-1 0.0 0 0 0.0009399181970259542
-1 0.0 0 0 -0.005938610216572385
72 0.022769471630454063 5 26 0.0025469458752951316
74 -0.0972084179520607 6 11 -0.007387098213805454
104 0.09498465806245804 7 8 -0.059657206707304775
-1 0.0 0 0 -0.008471309149037527
49 0.07430530339479446 9 10 0.04824218284264798
-1 0.0 0 0 -0.013710112141435424
-1 0.0 0 0 0.012767502752422036
93 -0.030167333781719208 12 13 -0.003238795085021459
-1 0.0 0 0 0.0011373400501862075
57 0.06239784508943558 14 25 -0.01620566190096502
35 0.020401639863848686 15 24 -0.028999475935713472
1 0.28548797965049744 16 17 -0.05171147430147991
-1 0.0 0 0 -0.0018620563928700676
73 0.08321107923984528 18 23 -0.08252401970636207
44 0.003251842223107815 19 20 -0.062466425982363516
-1 0.0 0 0 -0.0022249640247958627
104 0.018609171733260155 21 22 -0.12931207843425196
-1 0.0 0 0 -0.0238364636823473
-1 0.0 0 0 -0.0027065851705939344
-1 0.0 0 0 -0.02254247688625893
-1 0.0 0 0 -0.0005038215261279988
-1 0.0 0 0 0.001586027922964646
44 0.05935038626194 27 28 0.012139819068486884
-1 0.0 0 0 0.0018382742279025748
-1 0.0 0 0 -0.0016638770114850256
nodes 29
79 -0.04025116190314293 1 20 0.0
68 0.12212738394737244 2 19 0.009365979502921668
2 0.29110369086265564 3 4 0.013153241602622398
-1 0.0 0 0 -0.0016874068461105768
53 -0.030120428651571274 5 18 0.020603016722300947
43 -0.07058343291282654 6 15 0.03656085282291487
73 0.10020633786916733 7 14 0.0588417373118388
1 0.35372185707092285 8 11 0.06761927199312252
19 -0.08987163007259369 9 10 0.08952681772449095
-1 0.0 0 0 0.016543293536676062
-1 0.0 0 0 0.006652768784844544
35 0.15848906338214874 12 13 0.02371297034779343
-1 0.0 0 0 0.0009271548617472563
-1 0.0 0 0 0.019613479343101835
-1 0.0 0 0 -0.005106784825803158
100 0.14926089346408844 16 17 0.008047633060708492
-1 0.0 0 0 -0.0002739254450681563
-1 0.0 0 0 0.01137639142144647
-1 0.0 0 0 -0.0006010153057569507
-1 0.0 0 0 -0.005239466834582067
0 0.4953945577144623 21 28 -0.008325374190002122
61 0.1281464695930481 22 27 -0.0137428687824691
4 0.9295884966850281 23 26 -0.01047627649592457
6 1.0630444288253784 24 25 -0.022466328595951175
-1 0.0 0 0 -0.003886157820285048
-1 0.0 0 0 0.0010571724525005551
-1 0.0 0 0 0.0007026389401653331
-1 0.0 0 0 -0.007588707309778906
-1 0.0 0 0 0.0030077999241945614
nodes 29
106 0.1129661574959755 1 24 0.0
0 0.4759984612464905 2 19 -0.004764102619090596
6 1.056542158126831 3 18 -0.010619070939258698
73 0.10277155786752701 4 15 -0.022031189242087273
7 0.6480000019073486 5 14 -0.01687504660811801
27 -0.05548478662967682 6 9 -0.015747667452375443
39 -0.15158797800540924 7 8 -0.06497297235468891
-1 0.0 0 0 -0.04433216951884233
-1 0.0 0 0 -0.005868485414657374
84 -0.006134689319878817 10 13 -0.008788930850841845
52 0.008128934539854527 11 12 -0.037001874262010945
-1 0.0 0 0 -0.0010543621602603858
-1 0.0 0 0 -0.007684311681394034
-1 0.0 0 0 0.0004296787860625673
-1 0.0 0 0 -0.03741415010629377
108 -0.041617583483457565 16 17 -0.0963966067092553
-1 0.0 0 0 -0.023730253045165278
-1 0.0 0 0 -0.0061750873221958335
-1 0.0 0 0 0.001180552163912695
60 0.029457632452249527 20 21 0.017627377033677793
-1 0.0 0 0 -0.0006729804463827874
4 0.7170456647872925 22 23 0.04735059782646785
-1 0.0 0 0 -0.0020907739423848366
-1 0.0 0 0 0.006910584739214985
61 0.14813251793384552 25 26 0.016549885299614438
-1 0.0 0 0 0.002078349875149362
72 0.19246602058410645 27 28 -0.11940869069502999
-1 0.0 0 0 -0.009532789428198532
-1 0.0 0 0 -0.0834170511500402
nodes 29
64 0.036461781710386276 1 28 0.0
9 0.0992179587483406 2 27 0.004930703870231948
97 0.13121725618839264 3 24 0.008188279129772406
81 0.1518973708152771 4 23 0.01186357243421565
40 -0.11174891889095306 5 6 0.014332794542533656
-1 0.0 0 0 -0.003155340706764942
98 0.2064957469701767 7 22 0.017519291986524282
0 0.4880489706993103 8 21 0.018625358337925717
21 0.2511688768863678 9 20 0.013856207316156454
41 0.20801620185375214 10 13 0.009533544581527546
34 0.20714019238948822 11 12 0.004643946520502154
-1 0.0 0 0 -0.00043450688504386445
-1 0.0 0 0 0.002900758556424973
2 0.29613396525382996 14 15 0.049119260589171286
-1 0.0 0 0 -0.0019705317961658535
70 0.02398580126464367 16 17 0.08320728801040089
-1 0.0 0 0 0.0024184566887724603
74 -0.0023587008472532034 18 19 0.1346813479972112
-1 0.0 0 0 0.0010392854534759498
-1 0.0 0 0 0.017952963408531267
-1 0.0 0 0 0.006245880445582896
-1 0.0 0 0 0.005403111316330263
-1 0.0 0 0 -0.012997000429193979
-1 0.0 0 0 -0.004863040171191943
78 0.16460099816322327 25 26 -0.027889910650025287
-1 0.0 0 0 -0.00222945568836694
-1 0.0 0 0 -0.027563974130478328
-1 0.0 0 0 -0.0033693031844053826
-1 0.0 0 0 -0.0016025154540013399
nodes 29
77 0.05478920415043831 1 24 0.0
21 0.11056694388389587 2 7 0.0050778405167312655
11 -0.008945676498115063 3 6 -0.008801893543508344
6 1.1026302576065063 4 5 -0.029480940789603068
-1 0.0 0 0 -0.004374334049781764
-1 0.0 0 0 0.0034966030209179905
-1 0.0 0 0 0.0008161546126552832
2 0.21842606365680695 8 9 0.015149721260778426
-1 0.0 0 0 -0.004876812826722822
29 0.21330341696739197 10 23 0.02021134112021903
97 0.06720973551273346 11 20 0.01591803201082984
29 -0.06357556581497192 12 17 0.025546273123377126
93 0.04231027886271477 13 16 -0.015827310286643723
4 0.9151181578636169 14 15 0.00969268995928138
-1 0.0 0 0 -0.004030541273513775
-1 0.0 0 0 0.007026212828272549
-1 0.0 0 0 -0.008783832268051359
39 0.08812636137008667 18 19 0.03535322700888725
-1 0.0 0 0 0.001910407445694461
-1 0.0 0 0 0.0066771103862699735
84 0.10360502451658249 21 22 -0.013074738920344345
-1 0.0 0 0 -0.0030773900517290786
-1 0.0 0 0 0.004658156324702008
-1 0.0 0 0 0.012277254462198904
62 0.10107570886611938 25 28 -0.015154211717276461
41 0.16000503301620483 26 27 -0.007748817278325157
-1 0.0 0 0 -0.0017835857365324508
-1 0.0 0 0 0.0035626177490621913
-1 0.0 0 0 -0.007192719767501019
nodes 29
7 0.8500000238418579 1 28 0.0
57 -0.13445380330085754 2 9 0.0005324636385653779
100 0.0755530297756195 3 8 -0.03582164020122405
6 1.067649483680725 4 5 -0.059989224223469015
-1 0.0 0 0 -0.008765093227930966
1 0.3423367142677307 6 7 0.017949507258190105
-1 0.0 0 0 0.0034631993760449835
-1 0.0 0 0 -0.07509614615277811
-1 0.0 0 0 0.0026732544882531726
58 0.19926384091377258 10 25 0.002649724792674098
49 0.23488295078277588 11 24 0.00037515089009649313
81 0.009671404957771301 12 13 -0.0035686567577920257
-1 0.0 0 0 0.0005167349627016512
6 1.058838129043579 14 23 -0.01656271021980185
104 -0.011819112114608288 15 16 -0.028995047503484132
-1 0.0 0 0 -0.00628425383837853
32 -0.06983581930398941 17 18 -0.0102560919669872
-1 0.0 0 0 0.003588696692056316
2 0.388934463262558 19 22 -0.028064197289188998
29 0.09931479394435883 20 21 -0.06773951866902568
-1 0.0 0 0 -0.009858146069011309
-1 0.0 0 0 0.005001764081361545
-1 0.0 0 0 0.0003186155846338016
-1 0.0 0 0 0.0013314045599931035
-1 0.0 0 0 0.0028485507047742555
89 -0.1034441813826561 26 27 0.04121034540919806
-1 0.0 0 0 0.009526845226106737
-1 0.0 0 0 0.0008150839375018608
-1 0.0 0 0 -0.014260291268179593
nodes 29
0 0.4419816732406616 1 22 0.0
6 1.0509153604507446 2 21 -0.006754888881199282
34 0.028594443574547768 3 4 -0.019515312752948058
-1 0.0 0 0 -0.011451328905720086
47 0.029627636075019836 5 16 -0.012490926238695362
28 0.0462806336581707 6 13 -0.03142232833150869
2 0.35850054025650024 7 12 -0.05356890956594971
7 0.6480000019073486 8 11 -0.09405367994486141
100 0.08408509194850922 9 10 -0.08992454513486513
-1 0.0 0 0 -0.012086598061606682
-1 0.0 0 0 -0.0018493172931730304
-1 0.0 0 0 -0.07733675481687333
-1 0.0 0 0 -0.0022022335244719807
41 0.08707381039857864 14 15 -0.0002715929196152535
-1 0.0 0 0 -0.0042847421295854286
-1 0.0 0 0 0.0034937069843103403
39 0.029697105288505554 17 18 0.012546216863387678
-1 0.0 0 0 -0.003070662034691659
73 0.0622389130294323 19 20 0.036977076684857405
-1 0.0 0 0 0.00496361316061215
-1 0.0 0 0 -0.006646072734283992
-1 0.0 0 0 0.0009967427443263136
89 -0.2442222386598587 23 24 0.011187812664333234
-1 0.0 0 0 0.010634459194032015
52 -0.0038787571247667074 25 26 0.008213674573227634
-1 0.0 0 0 0.00237598509945789
70 0.025806855410337448 27 28 -0.010291190970852748
-1 0.0 0 0 -0.0034832604228887416
-1 0.0 0 0 0.0015122419558565416
nodes 29
42 -0.015978321433067322 1 28 0.0
37 0.08839891105890274 2 27 0.00695823402002605
2 0.48786455392837524 3 24 0.009894449750922888
0 0.4419816732406616 4 23 0.01125542909882426
33 0.0784442350268364 5 22 0.0015823033154710106
43 0.042699869722127914 6 21 0.006868448149452528
39 -0.0007117143250070512 7 8 0.011236715886372208
-1 0.0 0 0 -0.002125141441353795
2 0.28605228662490845 9 10 0.022363816695385813
-1 0.0 0 0 -0.0010485559316068594
1 0.3505837917327881 11 20 0.03667154491370818
53 -0.11094821989536285 12 15 0.05183634105555589
20 0.05191878601908684 13 14 0.10150972455764516
-1 0.0 0 0 0.006191099519821047
-1 0.0 0 0 0.017752191071378126
47 0.030554354190826416 16 17 0.024569478044727547
-1 0.0 0 0 -0.0006269157437163666
73 0.008740443736314774 18 19 0.06478670594349803
-1 0.0 0 0 0.010137981114128626
-1 0.0 0 0 -0.003050856420526159
-1 0.0 0 0 -0.0024416917256029364
-1 0.0 0 0 -0.005394696423928969
-1 0.0 0 0 -0.005574950646142001
-1 0.0 0 0 0.003079879806633779
26 -0.10418527573347092 25 26 -0.1035191674747792
-1 0.0 0 0 -0.04246223493220492
-1 0.0 0 0 -0.0054785126384974325
-1 0.0 0 0 -0.004612497058886503
-1 0.0 0 0 -0.0010785573304157318
nodes 29
101 -0.10652630776166916 1 2 0.0
-1 0.0 0 0 -0.002794316205985504
43 -0.13570423424243927 3 22 0.002638593907075768
2 0.313972532749176 4 5 0.01747487534473629
-1 0.0 0 0 -0.0009184630875552103
49 -0.0010336667764931917 6 7 0.03145767960145314
-1 0.0 0 0 -0.006141212225585918
5 1.1967012882232666 8 9 0.039494542968088464
-1 0.0 0 0 0.00205975115463844
88 0.06801258772611618 10 15 0.07963036392356003
53 0.00932451244443655 11 12 0.04527971341817122
-1 0.0 0 0 0.007619800648778966
33 0.19387133419513702 13 14 -0.04843913104805093
-1 0.0 0 0 -0.006433737277833251
-1 0.0 0 0 0.062405649414286016
70 0.0723029151558876 16 21 0.1446971685433714
13 0.026095595210790634 17 20 0.09189628504612501
71 0.09078104048967361 18 19 0.010261282655312778
-1 0.0 0 0 0.00577170206723031
-1 0.0 0 0 -0.027823201578460854
-1 0.0 0 0 0.019763727546176044
-1 0.0 0 0 0.026084077859721017
5 1.5328330993652344 23 26 -0.003782760689227694
37 0.07586623728275299 24 25 -0.008661835420299557
-1 0.0 0 0 -0.0004775368367154799
-1 0.0 0 0 -0.0057921178267593704
7 0.14399999380111694 27 28 0.025684502439859824
-1 0.0 0 0 0.008177408086450918
-1 0.0 0 0 0.0005754408370658414
nodes 29
75 0.03207160905003548 1 20 0.0
98 -0.01859370805323124 2 19 -0.008778168202615549
18 0.023500429466366768 3 14 0.006210107505729046
4 0.879717230796814 4 7 0.01811503703859467
101 0.0692664235830307 5 6 -0.006702263121345421
-1 0.0 0 0 -0.0027541046950228815
-1 0.0 0 0 0.00429829101810436
8 71.5 8 13 0.038101762854812704
35 0.055206749588251114 9 10 0.03994420968226639
-1 0.0 0 0 0.0017213304527840317
65 -0.13544440269470215 11 12 0.07729446348412752
-1 0.0 0 0 -0.016735248466192017
-1 0.0 0 0 0.008592548625101913
-1 0.0 0 0 -0.04450579837541141
6 1.0716638565063477 15 18 -0.02715913747053803
51 -0.2208820879459381 16 17 -0.05548613715743655
-1 0.0 0 0 -0.06808887284926393
-1 0.0 0 0 -0.00527054465734886
-1 0.0 0 0 0.0038291903182128464
-1 0.0 0 0 -0.0027615941185289705
21 0.14327190816402435 21 22 0.008309288214943596
-1 0.0 0 0 -0.0005917898639864784
83 0.013814798556268215 23 26 0.024870215564828595
23 0.037918221205472946 24 25 0.0017592537041480288
-1 0.0 0 0 0.002164590376891459
-1 0.0 0 0 -0.0034853916458809074
43 -0.2693083882331848 27 28 0.05283747022129689
-1 0.0 0 0 0.02901756023203856
-1 0.0 0 0 0.004856353930490727
nodes 29
8 82.5 1 28 0.0
6 0.9751198887825012 2 9 -0.001434512298872211
34 -0.07668910175561905 3 4 -0.02189385945656554
-1 0.0 0 0 -0.020738896462171398
83 -0.011260470375418663 5 8 -0.018550559482376747
88 -0.16164307296276093 6 7 -0.043976912532824444
-1 0.0 0 0 -0.028428840213492814
-1 0.0 0 0 -0.0038601980225706684
-1 0.0 0 0 0.0001704186566917379
96 -0.1503673493862152 10 25 0.0026753458151350922
2 0.2713218033313751 11 12 0.022787386940430414
-1 0.0 0 0 -0.0017121052029170543
37 -0.03472490608692169 13 24 0.03478527412908514
65 0.022679999470710754 14 15 0.052804018302385916
-1 0.0 0 0 0.0020785826381795464
26 -0.1577780395746231 16 17 0.08042592998517509
-1 0.0 0 0 -0.021555555522597084
55 0.07033278793096542 18 23 0.08804932882748996
57 0.13935977220535278 19 22 0.10575264193112956
87 -0.06086479127407074 20 21 0.09142893893792416
-1 0.0 0 0 0.017745192918432223
-1 0.0 0 0 0.00657661138644174
-1 0.0 0 0 0.023933283951939353
-1 0.0 0 0 -0.0006429492399187689
-1 0.0 0 0 9.385695897277734e-05
61 0.12493280321359634 26 27 -0.003333751444257475
-1 0.0 0 0 -3.095906095429781e-05
-1 0.0 0 0 -0.005486874224277472
-1 0.0 0 0 0.005065380838932047
nodes 29
89 -0.1296660453081131 1 20 0.0
88 -0.11544280499219894 2 3 0.014504436510626962
-1 0.0 0 0 -0.0058013240446372
84 -0.09043176472187042 4 5 0.019276892233766
-1 0.0 0 0 -0.004342165773635139
79 0.09909960627555847 6 15 0.024808445987158374
2 0.26805564761161804 7 8 0.030163062529084246
-1 0.0 0 0 -0.0024768899839044418
103 0.040486741811037064 9 12 0.03802368650370936
68 0.0816119983792305 10 11 0.05461185490466127
-1 0.0 0 0 0.00659173146838951
-1 0.0 0 0 -0.0035463069271175493
83 -0.05830332264304161 13 14 0.009529045507743207
-1 0.0 0 0 -0.005712154447954445
-1 0.0 0 0 0.0037056141027902063
77 -0.20704570412635803 16 17 -0.04375889875134716
-1 0.0 0 0 -0.0647756634199101
10 -0.033670343458652496 18 19 -0.0349048847836618
-1 0.0 0 0 -0.013022947846110368
-1 0.0 0 0 0.002115137931208083
82 -0.18987973034381866 21 26 -0.004962254189057098
36 -0.1772269904613495 22 23 -0.08316060284779588
-1 0.0 0 0 -0.057250772172417974
1 0.38414761424064636 24 25 -0.06992583333588258
-1 0.0 0 0 -0.01144292831548406
-1 0.0 0 0 0.00633379596122992
56 -0.1362946778535843 27 28 -0.003376400073326253
-1 0.0 0 0 -0.004620591690270002
-1 0.0 0 0 -3.907745245268018e-05
nodes 29
108 -0.15205112099647522 1 8 0.0
26 0.20580215752124786 2 7 -0.05429528278682116
29 0.15333649516105652 3 4 -0.04669873406070788
-1 0.0 0 0 -0.007409266251781111
32 -0.096662238240242 5 6 0.1265377128802814
-1 0.0 0 0 -0.03263693840434665
-1 0.0 0 0 0.018075898504720897
-1 0.0 0 0 -0.07914770320833972
105 -0.0653870552778244 9 12 0.0013083535460482853
12 0.011521445587277412 10 11 -0.015035978047347161
-1 0.0 0 0 0.0002441816129974995
-1 0.0 0 0 -0.00426583682406557
40 0.061741434037685394 13 14 0.006118173282764644
-1 0.0 0 0 -0.00033439400684400644
99 -0.02888777107000351 15 16 0.021008558457235014
-1 0.0 0 0 -0.0010766623651630549
28 0.0087820366024971 17 18 0.035817906897971104
-1 0.0 0 0 0.001027971912111266
2 0.28332558274269104 19 20 0.058042890442624645
-1 0.0 0 0 -5.768434329291391e-05
1 0.3310249447822571 21 28 0.07504806001386047
33 -0.0251606572419405 22 25 0.1054762819518512
76 -0.027015889063477516 23 24 0.15018010788875788
-1 0.0 0 0 0.0028705701088472236
-1 0.0 0 0 0.01830471383252628
101 0.17759624123573303 26 27 0.032904809604585014
-1 0.0 0 0 0.001714644184982192
-1 0.0 0 0 0.034695980932892244
-1 0.0 0 0 0.003581918935513044
nodes 29
73 -0.06442335993051529 1 10 0.0
77 0.13831418752670288 2 9 0.010587664204446866
76 -0.056198641657829285 3 4 0.014837358441855509
-1 0.0 0 0 -0.0021803049874145716
9 0.0992179587483406 5 8 0.022662867966039738
2 0.2923676371574402 6 7 0.028324601912378976
-1 0.0 0 0 -0.0012165742272616884
-1 0.0 0 0 0.003991009923032684
-1 0.0 0 0 -0.004259706789147018
-1 0.0 0 0 -0.00567333027904359
2 0.44425368309020996 11 26 -0.006609035751293241
6 1.0550416707992554 12 25 -0.0122206772105107
0 0.3943747878074646 13 22 -0.023118967199905346
101 -0.04096405580639839 14 15 -0.051787202366126946
-1 0.0 0 0 -0.013829774304522141
73 0.09225013852119446 16 21 -0.03017507087747862
34 0.09564409404993057 17 20 -0.014619381476363444
39 0.04360252618789673 18 19 -0.10586265187774686
-1 0.0 0 0 -0.023380661031748688
-1 0.0 0 0 -0.0030305196106246873
-1 0.0 0 0 0.00031142368248675864
-1 0.0 0 0 -0.015583534708084719
61 -0.009073401801288128 23 24 -0.01069000586400895
-1 0.0 0 0 0.0010802220504977321
-1 0.0 0 0 -0.003585418345878964
-1 0.0 0 0 0.0008090306126405291
34 -0.1024610698223114 27 28 0.02882203380886451
-1 0.0 0 0 -0.02503582035915719
-1 0.0 0 0 0.0033372236881309154
nodes 29
46 -0.08423855900764465 1 2 0.0
-1 0.0 0 0 -0.001849926307790217
76 -0.0009873296367004514 3 20 0.0037522772101245367
37 -0.10555674880743027 4 5 -0.010267636116931905
-1 0.0 0 0 0.0016907898337302487
2 0.4432528018951416 6 13 -0.023400482502965
6 1.0991607904434204 7 10 -0.03348920002821639
43 0.005721812602132559 8 9 -0.04880698609852279
-1 0.0 0 0 -0.003672297270585599
-1 0.0 0 0 -0.010858659505900412
1 0.2949203848838806 11 12 0.023755386120021992
-1 0.0 0 0 0.0033948571974495353
-1 0.0 0 0 -0.03187356585902827
104 0.03331839665770531 14 19 0.03052089284162394
18 0.14302054047584534 15 18 -0.023842019268010915
6 0.8849597573280334 16 17 -0.005646088462337175
-1 0.0 0 0 -0.040594215935160376
-1 0.0 0 0 0.0009863044544728596
-1 0.0 0 0 -0.043390973525094814
-1 0.0 0 0 0.008583754025142784
73 -0.05491477996110916 21 22 0.011793414234574537
-1 0.0 0 0 0.0027701209690523297
37 0.12432367354631424 23 26 0.0006293658098431224
0 0.4943040609359741 24 25 0.0033026712138667477
-1 0.0 0 0 -0.0002420623141962763
-1 0.0 0 0 0.00526458653918329
79 -0.20012445747852325 27 28 -0.10765379880393736
-1 0.0 0 0 -0.07451351579317513
-1 0.0 0 0 -0.008652182004831923
nodes 29
107 -0.011715831235051155 1 4 0.0
14 0.140019953250885 2 3 0.007245050198989312
-1 0.0 0 0 0.0009658568188103588
-1 0.0 0 0 -0.0061940381276527415
100 0.0656009241938591 5 26 -0.009704418036424479
6 1.0596075057983398 6 23 -0.02060241618320079
0 0.4333851635456085 7 14 -0.03476367323410012
101 -0.046748384833335876 8 9 -0.07061030242187638
-1 0.0 0 0 -0.014783201435839386
28 -0.016520466655492783 10 13 -0.049702851533256744
2 0.3592771887779236 11 12 -0.11016749897549306
-1 0.0 0 0 -0.0190265628980785
-1 0.0 0 0 -0.0043337157375985666
-1 0.0 0 0 -0.0020475944582540673
104 -0.03703544661402702 15 22 -0.008254641121150067
59 0.02162003144621849 16 21 -0.058378604153855734
61 0.14813251793384552 17 18 -0.1294252952743402
-1 0.0 0 0 -0.011012166212394233
78 0.005770795047283173 19 20 -0.5934846362099051
-1 0.0 0 0 -0.10040629784865628
-1 0.0 0 0 -0.002649549687547343
-1 0.0 0 0 -0.0011685450724539961
-1 0.0 0 0 0.0011826748637003715
7 0.10000000149011612 24 25 0.011849478555426136
-1 0.0 0 0 0.014132638002894469
-1 0.0 0 0 0.0001158725222750291
29 0.14857666194438934 27 28 0.010109274928610478
-1 0.0 0 0 -1.5393886359590543e-06
-1 0.0 0 0 0.008119612202345852
nodes 29
56 0.015320410020649433 1 26 0.0
108 -0.03585096821188927 2 3 -0.007413749481756126
-1 0.0 0 0 -0.0033274683614691125
11 -0.06387735158205032 4 17 0.0003391585313012477
19 -0.0962248295545578 5 10 -0.02620638148977609
2 0.36489763855934143 6 7 0.03792713175028374
-1 0.0 0 0 -0.0027228863382745194
84 -0.034888289868831635 8 9 0.10459136751139206
-1 0.0 0 0 -0.005642660164465286
-1 0.0 0 0 0.016027047834105242
89 -0.2040782868862152 11 12 -0.03958251573910487
-1 0.0 0 0 0.0068941385188032575
1 0.45753729343414307 13 14 -0.04844875596714798
-1 0.0 0 0 -0.00450893310053297
39 -0.01952497288584709 15 16 -0.34427122300726243
-1 0.0 0 0 0.009668660872886259
-1 0.0 0 0 -0.05883728798611888
84 -0.10753875225782394 18 23 0.008558262733584438
91 -0.1477125585079193 19 22 -0.051442123844665864
52 -0.09389672428369522 20 21 -0.3108420431125546
-1 0.0 0 0 -0.08469032687135042
-1 0.0 0 0 -0.018088780660323347
-1 0.0 0 0 -0.003501257180040721
41 0.005397006403654814 24 25 0.012600835029061841
-1 0.0 0 0 -0.0018464808234259578
-1 0.0 0 0 0.0020600177626222847
24 0.05680447444319725 27 28 0.009316667101140938
-1 0.0 0 0 -0.00019265704600921328
-1 0.0 0 0 0.0032123565273295043
nodes 29
92 0.18019281327724457 1 26 0.0
106 -0.09954255819320679 2 5 0.001473517043771602
74 -0.03324566036462784 3 4 -0.02933972413492052
-1 0.0 0 0 -0.009041488943867861
-1 0.0 0 0 -0.0008901588235845347
96 0.08105668425559998 6 23 0.00393114334949174
67 0.04286821931600571 7 22 0.00645366844372549
2 0.3268566131591797 8 9 0.012674648224096276
-1 0.0 0 0 -0.0005011009054555762
5 1.273943543434143 10 21 0.021405564676503886
82 0.15687210857868195 11 16 0.01169669753648105
9 -0.055037353187799454 12 15 0.016210317320140395
87 0.10459917038679123 13 14 0.03919239242242644
-1 0.0 0 0 0.005179139528150115
-1 0.0 0 0 -0.003430939507979054
-1 0.0 0 0 -7.464081099980467e-05
33 0.12868836522102356 17 18 -0.09501817020575061
-1 0.0 0 0 -0.007059091969181915
68 0.00924331322312355 19 20 -0.6887882596213155
-1 0.0 0 0 -0.02465938517198083
-1 0.0 0 0 -0.13962993122637274
-1 0.0 0 0 0.006266602350902133
-1 0.0 0 0 -0.0008941963637743019
60 0.14633075892925262 24 25 -0.03330923458799499
-1 0.0 0 0 -0.004542015632490535
-1 0.0 0 0 0.008945901315602786
17 0.198086217045784 27 28 -0.0454986569001552
-1 0.0 0 0 -0.003985189956991995
-1 0.0 0 0 -0.053190405915180844
nodes 29
20 -0.11512148380279541 1 8 0.0
66 -0.10487620532512665 2 3 -0.02494090409069051
-1 0.0 0 0 -0.009987037434084077
22 0.03421039879322052 4 5 -0.013820412254338119
-1 0.0 0 0 -0.0038592706821746064
87 -0.019124018028378487 6 7 0.028480264545828193
-1 0.0 0 0 0.009210435143181662
-1 0.0 0 0 -0.0015806754513057787
31 -0.17551778256893158 9 10 0.002710991898456807
-1 0.0 0 0 -0.0058135257149358665
41 -0.10740414261817932 11 14 0.004164251081999055
55 -0.020268404856324196 12 13 -0.04895899547345798
-1 0.0 0 0 -0.010943554603527476
-1 0.0 0 0 -5.379678196875735e-05
24 -0.08050277084112167 15 18 0.005867705195083068
59 0.007195644546300173 16 17 -0.016554425068116035
-1 0.0 0 0 -0.005123743686006323
-1 0.0 0 0 0.00018881288212527117
73 0.1647678017616272 19 28 0.00994169056942684
81 0.03058004193007946 20 27 0.011823579647255276
2 0.23140104115009308 21 22 0.01914115519274737
-1 0.0 0 0 -0.003083139733728798
27 -0.030301477760076523 23 24 0.023319021760836584
-1 0.0 0 0 -0.0005927867201966746
21 0.2351711243391037 25 26 0.031216478246622496
-1 0.0 0 0 0.0024556219068002138
-1 0.0 0 0 0.008075235515338388
-1 0.0 0 0 -0.0004331362787966726
-1 0.0 0 0 -0.006620783825207064
nodes 29
80 -0.09907902032136917 1 8 0.0
1 0.37894049286842346 2 7 -0.02235686204060987
37 -0.10456324368715286 3 4 -0.039599372501594454
-1 0.0 0 0 0.0007504394979795033
1 0.17996124923229218 5 6 -0.06207999999187633
-1 0.0 0 0 0.0031694147943186327
-1 0.0 0 0 -0.0077981072993968895
-1 0.0 0 0 0.0029611864473323194
7 0.006000000052154064 9 14 0.002980999408814419
108 -0.21004226803779602 10 11 -0.033642137516920086
-1 0.0 0 0 -0.0654221697208973
5 1.1326125860214233 12 13 -0.030818853430832006
-1 0.0 0 0 0.0013040785126778379
-1 0.0 0 0 -0.006439444328123625
0 0.49756383895874023 15 28 0.005529711182890616
79 0.0018696507904678583 16 27 0.002235940168316378
19 0.043505240231752396 17 26 0.010187367785634383
2 0.2511189877986908 18 19 0.017870773552591326
-1 0.0 0 0 -0.0020464463991873034
53 -0.03899094834923744 20 25 0.023642046731873752
39 0.10154526680707932 21 22 0.03643358725038527
-1 0.0 0 0 0.0020774823823161144
47 0.044702380895614624 23 24 0.07033035228282215
-1 0.0 0 0 0.004138245147089072
-1 0.0 0 0 0.012051009792524957
-1 0.0 0 0 0.0002536379242010955
-1 0.0 0 0 -0.0012719610225386388
-1 0.0 0 0 -0.0012587971063112073
-1 0.0 0 0 0.003759725537866089
nodes 29
5 1.244441032409668 1 18 0.0
15 0.06377638876438141 2 17 -0.006008706407883549
18 0.03170447796583176 3 12 -0.012966928425073774
93 0.03451501578092575 4 11 -0.004710936491138077
27 -0.033997368067502975 5 8 0.00538452350758005
30 -0.12758897244930267 6 7 -0.03473566968381747
-1 0.0 0 0 -0.016792893004058763
-1 0.0 0 0 -0.0022706301434839388
84 -0.08421411365270615 9 10 0.015097040623715792
-1 0.0 0 0 -0.004837978900518194
-1 0.0 0 0 0.0021748419000573657
-1 0.0 0 0 -0.0033367238312772447
63 0.1027388945221901 13 14 -0.040722854168470914
-1 0.0 0 0 -0.005051746108835274
98 -0.05287347733974457 15 16 0.06870795162663293
-1 0.0 0 0 -0.006548891508357664
-1 0.0 0 0 0.01447674135405628
-1 0.0 0 0 0.001933803900604045
7 0.1459999978542328 19 28 0.0112082173578179
6 1.0621976852416992 20 27 0.03582617086312704
33 -0.11376731097698212 21 22 0.02174933727133452
-1 0.0 0 0 0.008065888038195452
6 0.7125368714332581 23 24 0.006548028332649949
-1 0.0 0 0 -0.015932549523512043
5 1.407386064529419 25 26 0.013363312170769467
-1 0.0 0 0 -0.0019308666443070344
-1 0.0 0 0 0.0059602891063944285
-1 0.0 0 0 0.01198330810076953
-1 0.0 0 0 -0.00018499639086362054
nodes 29
34 0.24613967537879944 1 16 0.0
33 0.04269867390394211 2 3 -0.003268498804856107
-1 0.0 0 0 0.00017273805937107476
6 1.0856603384017944 4 15 -0.024134823601138368
2 0.40429091453552246 5 8 -0.03797891626039982
59 -0.0655573159456253 6 7 -0.08234821316349471
-1 0.0 0 0 -0.02416096882460317
-1 0.0 0 0 -0.006625442199725939
98 -0.017564095556735992 9 10 0.008965816021601748
-1 0.0 0 0 0.005119810423117815
82 0.15687210857868195 11 12 -0.0452427927250187
-1 0.0 0 0 -0.0029569852195747543
107 -0.10980828106403351 13 14 -0.40977377158686007
-1 0.0 0 0 -0.11319016559515149
-1 0.0 0 0 -0.025933046234422365
-1 0.0 0 0 0.0029073001280795004
63 0.21956093609333038 17 28 0.020545700721378606
82 -0.17175310850143433 18 19 0.021647807680379196
-1 0.0 0 0 -0.01218703712245382
65 -0.020161118358373642 20 21 0.02642020376672127
-1 0.0 0 0 -0.0014163566757594004
2 0.2697857916355133 22 23 0.04430704320367369
-1 0.0 0 0 -0.0025887262261911157
58 0.10743822902441025 24 25 0.058685850540537605
-1 0.0 0 0 0.0036937408248309505
85 0.10982496291399002 26 27 0.11404093451866805
-1 0.0 0 0 0.007822391146892727
-1 0.0 0 0 0.02552552983317516
-1 0.0 0 0 -0.06659166474233974
nodes 29
72 -0.06486807018518448 1 2 0.0
-1 0.0 0 0 -0.0018465384789031914
89 0.013299450278282166 3 28 0.003641170792142081
79 0.09909960627555847 4 27 0.008601343946368703
31 -0.15797059237957 5 6 0.012058173517715392
-1 0.0 0 0 -0.004840472847348211
2 0.3285961151123047 7 8 0.014346280825543428
-1 0.0 0 0 -0.0002955367175371094
88 -0.08656173199415207 9 14 0.023942628678137137
15 -0.0437505804002285 10 13 -0.03287777544004302
83 -0.11829894781112671 11 12 -0.10407255056421685
-1 0.0 0 0 -0.03585358996184603
-1 0.0 0 0 -0.007718651163892189
-1 0.0 0 0 0.0004786257583900219
5 1.1734683513641357 15 18 0.03196618524628764
6 1.0928704738616943 16 17 0.016958172521018455
-1 0.0 0 0 0.001929769108235834
-1 0.0 0 0 -0.03744017752037654
96 -0.20223093032836914 19 20 0.057361271326257804
-1 0.0 0 0 0.017230951839466765
34 0.04455869644880295 21 22 0.04699641877942453
-1 0.0 0 0 -0.0031660742014750394
76 -0.07906888425350189 23 24 0.06547569935028309
-1 0.0 0 0 -0.002389758185602429
6 1.0469379425048828 25 26 0.07849882287815653
-1 0.0 0 0 0.005600844522866373
-1 0.0 0 0 0.014774853161014071
-1 0.0 0 0 -0.0031277122122025922
-1 0.0 0 0 -0.0015627796603303547
nodes 29
52 0.10654963552951813 1 24 0.0
75 -0.08897343277931213 2 11 0.0026778513607369965
6 1.058838129043579 3 10 -0.027409190272849836
93 -0.028333280235528946 4 5 -0.052684860740690315
-1 0.0 0 0 -0.000885752325182638
21 0.16609910130500793 6 7 -0.09404691049580566
-1 0.0 0 0 -0.00559077428843947
53 0.04036278277635574 8 9 -0.17738143832120712
-1 0.0 0 0 -0.012668017939891842
-1 0.0 0 0 -0.038751677650515085
-1 0.0 0 0 0.001899097283946705
54 -0.10617988556623459 12 15 0.005673351409761788
24 -0.09959045052528381 13 14 -0.028968245255670377
-1 0.0 0 0 -0.013407869338377877
-1 0.0 0 0 -0.0016359194497216857
2 0.3388058543205261 16 17 0.0087654639713095
-1 0.0 0 0 -0.00045119511567474175
49 -0.09432274103164673 18 19 0.017196122451374644
-1 0.0 0 0 -0.011896631518459839
43 0.06479663401842117 20 23 0.0192668742965802
3 0.6915275454521179 21 22 0.023594901492892877
-1 0.0 0 0 0.005419252326927436
-1 0.0 0 0 0.0014234752078953112
-1 0.0 0 0 -0.0041448795732646196
15 -0.07236229628324509 25 28 -0.024638798973675543
4 0.9262117147445679 26 27 -0.07606724439591188
-1 0.0 0 0 -0.001973239109904341
-1 0.0 0 0 -0.017944527391761632
-1 0.0 0 0 -0.0007428299470904009
nodes 29
26 -0.10633779317140579 1 2 0.0
-1 0.0 0 0 -0.0025733195883709463
96 -0.15154682099819183 3 8 0.002551257822640154
94 0.12315671890974045 4 7 0.019479755063368465
93 0.04475368931889534 5 6 0.02475649943934531
-1 0.0 0 0 0.0035705763737522477
-1 0.0 0 0 -0.0010665856835147959
-1 0.0 0 0 -0.005338332236233667
108 -0.03585096821188927 9 18 -0.0022932163513291015
7 0.00800000037997961 10 17 -0.021050969812338248
99 -0.16601312160491943 11 12 -0.10172968125142119
-1 0.0 0 0 -0.05578899345233698
108 -0.1583637148141861 13 16 -0.08646652448794914
43 -0.15595203638076782 14 15 -0.3382504244942096
-1 0.0 0 0 -0.10084144966909664
-1 0.0 0 0 -0.018418971824208166
-1 0.0 0 0 -0.006416447374236151
-1 0.0 0 0 -0.0014192749455441162
74 -0.053105246275663376 19 20 0.003800919205874634
-1 0.0 0 0 -0.0025524108464699937
34 0.26262766122817993 21 28 0.009419706032457741
89 -0.20154337584972382 22 27 0.004575021448156395
2 0.36167922616004944 23 26 0.05096413195346781
3 0.7143641710281372 24 25 -0.017058181429436336
-1 0.0 0 0 0.004802273895819208
-1 0.0 0 0 -0.01121575225629652
-1 0.0 0 0 0.010003064277038815
-1 0.0 0 0 6.314139637522535e-05
-1 0.0 0 0 0.004671653522882153
nodes 29
62 0.0318315289914608 1 28 0.0
89 -0.15197861194610596 2 3 0.005786750668399755
-1 0.0 0 0 0.002890735356751216
106 -0.0028854080010205507 4 11 0.00037717655636379136
25 -0.018137432634830475 5 10 -0.017314221857636907
91 -0.18267376720905304 6 9 -0.04779147177349521
3 0.8735977411270142 7 8 -0.2642309417592033
-1 0.0 0 0 -0.014283094377938232
-1 0.0 0 0 -0.11255928321874567
-1 0.0 0 0 -0.0041426706179727634
-1 0.0 0 0 -0.00017272405711748313
33 -0.10304895788431168 12 17 0.009067228614989372
96 -0.012069765478372574 13 16 0.03671317272861315
7 0.800000011920929 14 15 0.05848626767836867
-1 0.0 0 0 0.006224783504781338
-1 0.0 0 0 -0.029156076634877966
-1 0.0 0 0 -0.0035442638306949687
98 -0.09475025534629822 18 27 0.00069034053397796
33 -0.09859819710254669 19 20 0.030589674126582013
-1 0.0 0 0 -0.021167056358267444
58 -0.08941829204559326 21 22 0.035531614739574655
-1 0.0 0 0 -0.01193592539677099
77 -0.029427645727992058 23 26 0.04349527668406236
37 -0.17533929646015167 24 25 0.001661897778690031
-1 0.0 0 0 0.01458890040590932
-1 0.0 0 0 -0.0019059659230840653
-1 0.0 0 0 0.007091715663638778
-1 0.0 0 0 -0.000963426166081452
-1 0.0 0 0 -0.001117473673707871
nodes 29
64 0.036461781710386276 1 26 0.0
105 -0.1022098958492279 2 7 0.004433522171444112
6 1.0475746393203735 3 6 -0.022562704791283823
57 -0.10658837109804153 4 5 -0.044109640973498544
-1 0.0 0 0 -0.014979380301959342
-1 0.0 0 0 -0.0032287216841823175
-1 0.0 0 0 0.0015106594710188504
99 0.0323667973279953 8 11 0.008392887832299441
54 0.12257971614599228 9 10 -0.0010036983148655856
-1 0.0 0 0 -0.0006963658469495465
-1 0.0 0 0 0.004119478743468618
18 0.10081260651350021 12 25 0.02259480781032499
76 -0.19852469861507416 13 14 0.02734696667776014
-1 0.0 0 0 -0.018156441804235694
67 -0.01907084509730339 15 22 0.02882038003519601
98 0.11321797966957092 16 21 0.04817679446757371
61 0.1083681732416153 17 20 0.05604310767441469
85 0.14438283443450928 18 19 0.06411776980485052
-1 0.0 0 0 0.0053280308962481504
-1 0.0 0 0 0.014083196853181434
-1 0.0 0 0 -0.0035934897070013534
-1 0.0 0 0 -0.0062633763931232295
21 0.11242861300706863 23 24 0.012899990119402752
-1 0.0 0 0 -0.0013913238671581425
-1 0.0 0 0 0.00343669792246081
-1 0.0 0 0 -0.004645044778115239
80 -0.16954044997692108 27 28 -0.014409276679083774
-1 0.0 0 0 -0.012738911322865146
-1 0.0 0 0 -0.001156902895822718
nodes 29
8 82.5 1 26 0.0
6 0.9751198887825012 2 23 -0.0013533078173362841
34 0.17296777665615082 3 22 -0.020189498828635265
49 0.05338047817349434 4 17 -0.03783787487993403
4 0.7279753088951111 5 6 -0.09918913338424318
-1 0.0 0 0 0.008564219365563567
85 0.002025638008490205 7 12 -0.11938079096002827
61 -0.03505292534828186 8 11 -0.21196298477321898
68 -0.14961077272891998 9 10 -0.08202751211198726
-1 0.0 0 0 -0.07229205124080182
-1 0.0 0 0 -0.0034199676268999884
-1 0.0 0 0 -0.030916146821850406
107 -0.03212029114365578 13 16 -0.06876518053250806
11 -0.09129684418439865 14 15 0.012094705748672645
-1 0.0 0 0 -0.026528640329367022
-1 0.0 0 0 0.006017409798267874
-1 0.0 0 0 -0.014975654630357688
4 0.9128627777099609 18 19 -0.021161702684168147
-1 0.0 0 0 -0.005027119774147308
59 0.2624282240867615 20 21 0.016370162481054707
-1 0.0 0 0 0.002355720285044952
-1 0.0 0 0 -0.03698752973709376
-1 0.0 0 0 0.0007124714505575293
71 -0.12850579619407654 24 25 0.0024304919231001314
-1 0.0 0 0 -0.0032579659612039474
-1 0.0 0 0 0.0005374837371294129
33 0.0009249282884411514 27 28 0.04778640420397559
-1 0.0 0 0 0.008557906511719863
-1 0.0 0 0 -0.0020952140773299074
nodes 29
95 -0.11576087772846222 1 2 0.0
-1 0.0 0 0 -0.003373608524898389
55 0.07033278793096542 3 24 0.0018126289450940446
65 -0.01051321066915989 4 5 0.00599397214031229
-1 0.0 0 0 -0.0009648229706552556
68 0.10176853835582733 6 23 0.014435840079881699
1 0.1601371169090271 7 8 0.018593288210322283
-1 0.0 0 0 -0.002596409629211293
36 0.02581002190709114 9 14 0.022948722929953605
85 0.04661371186375618 10 11 0.00937855336194914
-1 0.0 0 0 -0.0012113028324637295
74 -0.10261797904968262 12 13 0.032241630506478235
-1 0.0 0 0 -0.007985899454797619
-1 0.0 0 0 0.003924720413389845
27 0.07183481007814407 15 20 0.0374747097353635
77 -0.06579020619392395 16 19 0.02013493401287855
79 -0.04025116190314293 17 18 0.06381347780749512
-1 0.0 0 0 0.012249893482259425
-1 0.0 0 0 0.00147045860534709
-1 0.0 0 0 0.0004305354805671808
5 2.1979775428771973 21 22 0.0645492905972466
-1 0.0 0 0 0.006257726728829677
-1 0.0 0 0 0.06346101026844096
-1 0.0 0 0 -0.002891171251729151
101 -0.17128966748714447 25 28 -0.01609295041169743
36 -0.13234034180641174 26 27 -0.16242200456096453
-1 0.0 0 0 -0.08090456117060968
-1 0.0 0 0 -0.010279100908936734
-1 0.0 0 0 -0.0012939558046736255
nodes 29
0 0.44682857394218445 1 28 0.0
6 1.0502443313598633 2 27 -0.005824965141208542
106 0.1129661574959755 3 16 -0.018226909207440325
73 0.09225013852119446 4 11 -0.03018882800687368
7 0.550000011920929 5 8 -0.02450501790033395
53 -0.019683687016367912 6 7 -0.022256108800381497
-1 0.0 0 0 -0.0009861835882812094
-1 0.0 0 0 -0.00554725449476843
4 0.8133923411369324 9 10 -0.25140388244910844
-1 0.0 0 0 -0.06986199006704348
-1 0.0 0 0 -0.01619606788048432
51 0.11123188585042953 12 15 -0.09995134813384339
2 0.41024595499038696 13 14 -0.1337234296962058
-1 0.0 0 0 -0.017737060460858687
-1 0.0 0 0 0.000574812668625048
-1 0.0 0 0 0.0027213232327626003
29 0.05146964266896248 17 24 0.0163238005014701
66 -0.031766314059495926 18 19 -0.00788842628687074
-1 0.0 0 0 -0.006421369658569977
96 -0.15538544952869415 20 23 0.023998872244350784
5 1.1905969381332397 21 22 0.10955850623106501
-1 0.0 0 0 0.003909516261795867
-1 0.0 0 0 0.023593914129049706
-1 0.0 0 0 -0.0008645997259185003
47 -0.10119882971048355 25 26 0.054939198097234215
-1 0.0 0 0 -0.013524656543574695
-1 0.0 0 0 0.007048723132036844
-1 0.0 0 0 0.001090262451920215
-1 0.0 0 0 0.0010865001100229415
nodes 29
77 0.05478920415043831 1 24 0.0
86 -0.053722791373729706 2 15 0.004404001945253407
2 0.4076039791107178 3 8 -0.01442627938959016
29 0.08601702004671097 4 7 -0.03130329621871323
53 -0.20003525912761688 5 6 -0.04994298990422832
-1 0.0 0 0 0.005416457197970983
-1 0.0 0 0 -0.005875745377500552
-1 0.0 0 0 0.0019506616089463526
52 0.05425237491726875 9 10 0.018186808012604312
-1 0.0 0 0 0.0038741707704301265
71 0.18406587839126587 11 14 -0.05669175515000601
11 -0.004370726179331541 12 13 -0.042770963417657556
-1 0.0 0 0 -0.01367453965190206
-1 0.0 0 0 0.004667925350963711
-1 0.0 0 0 -0.05905729299662887
27 0.04927720129489899 16 23 0.011181043411158817
5 1.1734683513641357 17 22 -0.0016572614419622653
87 0.13315050303936005 18 21 -0.02161082386443037
91 -0.14478012919425964 19 20 -0.01379320718162301
-1 0.0 0 0 -0.010981991935793
-1 0.0 0 0 -0.0006838349600307449
-1 0.0 0 0 -0.011156042266254135
-1 0.0 0 0 0.0015030162646460024
-1 0.0 0 0 0.002618762900911299
107 0.0627630278468132 25 26 -0.013143220729863557
-1 0.0 0 0 -0.0004661259063690005
6 1.0782663822174072 27 28 -0.05431842582310774
-1 0.0 0 0 -0.008511711784530208
-1 0.0 0 0 0.003747711864415677
nodes 29
49 0.25855308771133423 1 10 0.0
21 0.2661623954772949 2 7 -0.0021509308044652593
6 1.0869578123092651 3 4 -0.0042597817357037686
-1 0.0 0 0 -0.0009017450575360981
1 0.2949203848838806 5 6 0.016280638889616207
-1 0.0 0 0 0.0024519011314026295
-1 0.0 0 0 -0.016726562447238264
59 -0.025157966651022434 8 9 0.032691023581623756
-1 0.0 0 0 -0.003652467385081499
-1 0.0 0 0 0.006130709329880809
83 0.13367219269275665 11 28 0.02672062287937216
24 -0.09020533412694931 12 15 0.018648580397226135
19 -0.17624898254871368 13 14 -0.09474587431477924
-1 0.0 0 0 -0.0723262305159799
-1 0.0 0 0 -0.006894855812337917
2 0.29846251010894775 16 17 0.028396555397888434
-1 0.0 0 0 -0.0028208406575788974
3 0.7810508012771606 18 27 0.05234910453386681
69 0.07712122052907944 19 20 0.10427169875971769
-1 0.0 0 0 0.006053279739217667
76 0.022489110007882118 21 26 0.1950676250468201
10 0.12687119841575623 22 25 0.08373147790690008
31 -0.08190233260393143 23 24 0.13016036291400437
-1 0.0 0 0 0.04431651308329712
-1 0.0 0 0 0.005725162179231733
-1 0.0 0 0 -0.03481978462501006
-1 0.0 0 0 0.029339045628726898
-1 0.0 0 0 0.00026762666429841676
-1 0.0 0 0 0.016861545444208377
nodes 29
0 0.4964250326156616 1 28 0.0
4 0.9039457440376282 2 15 -0.0026573334494847376
28 0.00023651232186239213 3 10 -0.012895301550210628
6 1.1105940341949463 4 9 -0.03452574533839709
75 -0.021779324859380722 5 6 -0.04592562030100294
-1 0.0 0 0 -0.009644426472717758
69 -0.02853117138147354 7 8 -0.03108751776135521
-1 0.0 0 0 -0.00793659574851011
-1 0.0 0 0 -0.0012041894751070139
-1 0.0 0 0 0.0025697348092548265
1 0.41773438453674316 11 14 0.001310791931340795
103 0.005155745893716812 12 13 0.0024818758918033787
-1 0.0 0 0 0.0020758927106206207
-1 0.0 0 0 -0.0017553567411768762
-1 0.0 0 0 -0.03536197558160494
3 0.7065461277961731 16 21 0.007640810706033979
2 0.31107234954833984 17 18 0.05805642923860988
-1 0.0 0 0 0.0003519568001571348
41 -0.06176242604851723 19 20 0.10952049683753241
-1 0.0 0 0 -0.010250756345447844
-1 0.0 0 0 0.013399573252750374
52 0.10654963552951813 22 27 0.0011691217231792706
9 -0.022441288456320763 23 24 0.006093211445283491
-1 0.0 0 0 0.00218327296605162
59 0.05239731818437576 25 26 -0.012589982716356017
-1 0.0 0 0 0.0015398248340248004
-1 0.0 0 0 -0.003931616266404238
-1 0.0 0 0 -0.0048409797908038205
-1 0.0 0 0 0.002244026333115639
nodes 29
0 0.4419816732406616 1 28 0.0
6 1.0509153604507446 2 27 -0.00594515560457804
34 0.028594443574547768 3 6 -0.017494031593119172
42 -0.12712328135967255 4 5 -0.09719801785154708
-1 0.0 0 0 0.004124675427955145
-1 0.0 0 0 -0.012514664164306697
8 32.5 7 10 -0.011600520720711048
2 0.37208810448646545 8 9 -0.11761725501884565
-1 0.0 0 0 -0.018211230892667792
-1 0.0 0 0 0.002015855673472786
27 -0.12256591022014618 11 12 -0.008235806395126414
-1 0.0 0 0 -0.012486553554608515
99 -0.061049968004226685 13 18 -0.005145084814744669
78 0.12551265954971313 14 17 -0.043283612058968315
70 0.0007535701151937246 15 16 -0.033456161697978326
-1 0.0 0 0 -0.00846021100357508
-1 0.0 0 0 -0.00019674772280398154
-1 0.0 0 0 -0.020197366705244735
73 0.11217252910137177 19 26 0.004269494290052861
47 -0.022850338369607925 20 23 0.008697505239338868
4 0.9574981927871704 21 22 -0.020913304231497103
-1 0.0 0 0 -0.004868142452645816
-1 0.0 0 0 0.002382627706930566
13 -0.12822116911411285 24 25 0.023179809110721667
-1 0.0 0 0 -0.007040580150650276
-1 0.0 0 0 0.002982298133683917
-1 0.0 0 0 -0.009587232151567482
-1 0.0 0 0 0.000918944802719821
-1 0.0 0 0 0.0009846688537135711
nodes 29
40 -0.11174891889095306 1 4 0.0
24 0.028225399553775787 2 3 -0.028707355868670296
-1 0.0 0 0 -0.005665198258662373
-1 0.0 0 0 0.0007613911283191909
97 0.07035809755325317 5 26 0.0020506353179283107
21 0.11056694388389587 6 7 0.00698176224987611
-1 0.0 0 0 -0.0006394565387283574
2 0.21842606365680695 8 9 0.016338819581989645
-1 0.0 0 0 -0.004163632980579225
29 0.20771723985671997 10 25 0.02101778974088001
94 -0.19882088899612427 11 14 0.01680941971928757
11 0.09143759310245514 12 13 0.08954566889912698
-1 0.0 0 0 0.011220070943068249
-1 0.0 0 0 -0.01573276404226764
34 0.23243528604507446 15 24 0.013404215842866742
2 0.3624352216720581 16 21 0.005837446974025795
10 -0.02225816622376442 17 18 -0.01285684324106652
-1 0.0 0 0 -0.00484379439573513
43 -0.07734446972608566 19 20 0.0105797561968192
-1 0.0 0 0 0.00433914318984024
-1 0.0 0 0 -0.0035418198625297294
23 0.07095438241958618 22 23 0.021710640531086366
-1 0.0 0 0 0.0034177244011478467
-1 0.0 0 0 -0.003140682652221079
-1 0.0 0 0 0.00500645903658763
-1 0.0 0 0 0.01106320446032655
84 0.13592270016670227 27 28 -0.012386030955505533
-1 0.0 0 0 -0.0021139736505815486
-1 0.0 0 0 0.0035309192935708378
nodes 29
54 -0.04861433431506157 1 4 0.0
107 0.1567966789007187 2 3 -0.01399683511703075
-1 0.0 0 0 -0.0011062275571729226
-1 0.0 0 0 -0.012989598846326007
0 0.4609275460243225 5 8 0.0040294056108851305
41 0.16391447186470032 6 7 -0.0016535900440346057
-1 0.0 0 0 -0.0007512705893460727
-1 0.0 0 0 0.0019575415913592347
96 0.12756164371967316 9 24 0.02071512104318356
49 0.1418638825416565 10 13 0.025346047031410107
13 0.02973487786948681 11 12 0.009970699001753453
-1 0.0 0 0 -0.0010065027726790978
-1 0.0 0 0 0.004184756459135091
99 -0.15149272978305817 14 15 0.057802858327831955
-1 0.0 0 0 -0.01183974585394193
35 -0.11370813846588135 16 17 0.06573871384161152
-1 0.0 0 0 -0.006191116360977191
83 -0.01313055120408535 18 21 0.0762014278448149
77 -0.21707645058631897 19 20 0.032468752301117454
-1 0.0 0 0 -0.04225420651369189
-1 0.0 0 0 0.00403567135523243
7 0.19599999487400055 22 23 0.10739908186351141
-1 0.0 0 0 0.013355485836330111
-1 0.0 0 0 -0.0008889318184334078
66 0.12388493865728378 25 26 -0.07764637345308269
-1 0.0 0 0 -0.004301646919256913
27 -0.03530456870794296 27 28 -0.3501837199833244
-1 0.0 0 0 -0.0946829725150019
-1 0.0 0 0 -0.020102221869165077
nodes 29
64 0.036461781710386276 1 28 0.0
9 -0.024229267612099648 2 27 0.004148710940230538
2 0.30911338329315186 3 4 0.013150310892654228
-1 0.0 0 0 -0.0012920692271366696
57 -0.1285126507282257 5 6 0.021148914070436873
-1 0.0 0 0 -0.0052264660334040555
84 -0.033669471740722656 7 8 0.02605320983539761
-1 0.0 0 0 -0.0009156516119649248
5 1.489606261253357 9 20 0.03656310044655537
41 -0.12038715928792953 10 17 0.03036880106112691
2 0.40343743562698364 11 16 -0.11274163286970781
65 -0.07263990491628647 12 13 -0.2724934288578508
-1 0.0 0 0 -0.08304027822613717
37 -0.12348675727844238 14 15 -0.18847093587539282
-1 0.0 0 0 0.01995381581718507
-1 0.0 0 0 -0.033720775526016954
-1 0.0 0 0 0.0007386686160746141
14 0.046276435256004333 18 19 0.033602976222328544
-1 0.0 0 0 0.0043705491546973075
-1 0.0 0 0 -0.0008685509047595098
59 0.007195644546300173 21 22 0.09971672699085284
-1 0.0 0 0 -0.0003764666817751164
69 0.06997014582157135 23 24 0.14978586118524875
-1 0.0 0 0 0.00817132036624191
4 0.8642157912254333 25 26 0.2954035507446981
-1 0.0 0 0 0.017326417207572258
-1 0.0 0 0 0.04593807276317757
-1 0.0 0 0 -0.0005737365056359135
-1 0.0 0 0 -0.0013483618891986559
nodes 29
42 -0.06090825796127319 1 4 0.0
90 -0.05850427225232124 2 3 0.008929833988826876
-1 0.0 0 0 -0.0012528793171755854
-1 0.0 0 0 0.0019288638342821046
108 0.018814869225025177 5 26 -0.00625102044736933
0 0.4964250326156616 6 25 -0.018933141620197668
6 1.0856603384017944 7 24 -0.02649688146698218
99 -0.0540609173476696 8 13 -0.03750679794603545
95 -0.09847956150770187 9 12 -0.07755162513078338
97 -0.08642633259296417 10 11 -0.25934608138924176
-1 0.0 0 0 -0.08510758053378337
-1 0.0 0 0 -0.01685103781515193
-1 0.0 0 0 -0.006657047170956738
29 0.16152752935886383 14 23 -0.02454046320222585
1 0.38304322957992554 15 18 -0.032308005162650144
39 0.041684336960315704 16 17 -0.04846421285876417
-1 0.0 0 0 -0.009228987135675923
-1 0.0 0 0 -0.0014709502100952033
62 -0.08619457483291626 19 20 0.01723331320648625
-1 0.0 0 0 0.012463770133545143
18 -0.052469633519649506 21 22 -0.013868846037644619
-1 0.0 0 0 0.006117853975257275
-1 0.0 0 0 -0.007811480898549186
-1 0.0 0 0 0.005456052880887144
-1 0.0 0 0 0.0014117381471968312
-1 0.0 0 0 0.0029089300862972676
11 -0.013568690046668053 27 28 0.00509186284823431
-1 0.0 0 0 -0.0014238049354679642
-1 0.0 0 0 0.0020977457792274194
nodes 29
75 0.03576016053557396 1 12 0.0
98 -0.013616911135613918 2 5 -0.007442386508946094
85 0.21358811855316162 3 4 0.004692623027392334
-1 0.0 0 0 0.0001728783885308838
-1 0.0 0 0 0.01020759091244215
6 0.776975691318512 6 9 -0.023928392510622988
2 0.4084882438182831 7 8 -0.25156954191775543
-1 0.0 0 0 -0.009464022971664265
-1 0.0 0 0 -0.05680879851708473
53 -0.00867269653826952 10 11 -0.022008462418489864
-1 0.0 0 0 -0.00100606778637305
-1 0.0 0 0 -0.005444687624926058
21 0.14327190816402435 13 16 0.007501264395695134
38 -0.04268607869744301 14 15 -0.004785292315089276
-1 0.0 0 0 0.0022424428553559136
-1 0.0 0 0 -0.0017615770624064412
23 0.026577576994895935 17 28 0.02173750183632141
0 0.26624077558517456 18 19 0.03879403454288692
-1 0.0 0 0 -0.0038070570330672234
29 -0.11726327985525131 20 21 0.0470037861193035
-1 0.0 0 0 -0.004972430387322797
50 0.0578000508248806 22 25 0.054590614850116216
83 0.20812411606311798 23 24 0.039255791254040884
-1 0.0 0 0 0.003551390543955233
-1 0.0 0 0 0.0277632761666243
94 -0.005907376762479544 26 27 0.0981126733616661
-1 0.0 0 0 0.0134748992913604
-1 0.0 0 0 0.002714890333057234
-1 0.0 0 0 -0.0007214531582820179
nodes 29
72 -0.06486807018518448 1 2 0.0
-1 0.0 0 0 -0.0016664457301220543
101 -0.10652630776166916 3 8 0.0032860477164436963
53 0.08009985089302063 4 5 -0.027047966682439622
-1 0.0 0 0 -0.001762289753806071
92 0.1702902466058731 6 7 -0.150984804054033
-1 0.0 0 0 -0.012252437952272294
-1 0.0 0 0 -0.07706458654402841
67 0.025089533999562263 9 24 0.0060992061161517525
69 -0.08160483092069626 10 21 0.01387594454966983
64 -0.09256534278392792 11 14 -0.023173841136385414
3 0.924111545085907 12 13 0.04667346918215502
-1 0.0 0 0 0.0023561784975886855
-1 0.0 0 0 0.030090199545110493
21 0.11428172886371613 15 20 -0.04374008017731189
36 0.05090253800153732 16 19 -0.09166057775735999
99 -0.11307384818792343 17 18 -0.03871281627899042
-1 0.0 0 0 -0.0276993030977125
-1 0.0 0 0 -0.001103263644958466
-1 0.0 0 0 -0.017371537477961822
-1 0.0 0 0 -0.0008587263507029118
0 0.5107396841049194 22 23 0.01873634708920139
-1 0.0 0 0 0.0015708110467895422
-1 0.0 0 0 0.007443412841768477
41 -0.056542325764894485 25 28 -0.008639542377764523
63 0.16100560128688812 26 27 -0.06834691516872479
-1 0.0 0 0 -0.005741877720666202
-1 0.0 0 0 -0.046978871785674475
-1 0.0 0 0 -0.00041431903111948374
nodes 29
26 -0.10633779317140579 1 2 0.0
-1 0.0 0 0 -0.0023379240991576373
76 0.06673239171504974 3 28 0.002317880266770718
37 -0.1258210390806198 4 19 -0.0044663629095122725
47 0.05876915529370308 5 8 0.01513545291615964
85 0.1851268708705902 6 7 -0.0012082768524950052
-1 0.0 0 0 -0.0007667385486917404
-1 0.0 0 0 0.012467314893860285
86 0.2328922301530838 9 18 0.04868932704361448
0 0.21476057171821594 10 11 0.0518339179616085
-1 0.0 0 0 -0.009584978965047121
94 -0.13177624344825745 12 17 0.061984985129945804
88 0.18825788795948029 13 16 0.1547400977558619
20 0.02829524502158165 14 15 0.16949729169885228
-1 0.0 0 0 0.0038880440991781993
-1 0.0 0 0 0.024104119484996116
-1 0.0 0 0 -0.04945764357357153
-1 0.0 0 0 0.003826918928809226
-1 0.0 0 0 -0.07311692206189037
33 0.060317736119031906 20 21 -0.011303076247131923
-1 0.0 0 0 -0.0005299600376428859
54 -0.027982058003544807 22 27 -0.04291148887250359
3 0.8162088990211487 23 26 -0.09568031300395265
1 0.21676433086395264 24 25 -0.1372644431610013
-1 0.0 0 0 0.00027987495262827314
-1 0.0 0 0 -0.01819293087666517
-1 0.0 0 0 -0.0010497209236754697
-1 0.0 0 0 -0.0017443475521186282
-1 0.0 0 0 0.0014711813954091583
nodes 29
89 -0.04585501551628113 1 20 0.0
32 -0.10548517107963562 2 7 0.0060810760059242545
60 0.18466541171073914 3 6 0.03360782063976918
76 0.08398698270320892 4 5 0.027668026812526125
-1 0.0 0 0 0.0008061853731661889
-1 0.0 0 0 0.00736552809498412
-1 0.0 0 0 0.01824520659577423
21 0.10584573447704315 8 11 0.0009505227366625523
20 -0.1172986850142479 9 10 -0.015927555502540762
-1 0.0 0 0 -0.007452651406108056
-1 0.0 0 0 -0.0008705804450716965
47 -0.12680144608020782 12 13 0.011456254117578698
-1 0.0 0 0 -0.005184357325227388
97 0.07035809755325317 14 19 0.015688535542501564
2 0.22488664090633392 15 16 0.02534647509226505
-1 0.0 0 0 -0.0035225061907038233
53 -0.040940698236227036 17 18 0.031732524015721006
-1 0.0 0 0 0.004969902361024138
-1 0.0 0 0 0.0003594820677070157
-1 0.0 0 0 -0.0015315861724347576
6 1.1084753274917603 21 24 -0.008829369070991269
65 0.00409148633480072 22 23 -0.014869080051200695
-1 0.0 0 0 -0.003472269880373437
-1 0.0 0 0 -5.608097937724683e-05
1 0.2885059118270874 25 26 0.023715439468984335
-1 0.0 0 0 0.0030577465562974405
7 0.3700000047683716 27 28 -0.21553025681923113
-1 0.0 0 0 0.006060802553139337
-1 0.0 0 0 -0.04260515215815885
nodes 29
61 -0.026291050016880035 1 2 0.0
-1 0.0 0 0 0.0008059250392374981
46 0.034916263073682785 3 28 -0.006620355750678367
6 1.1084753274917603 4 27 -0.01708259738786583
7 0.7200000286102295 5 26 -0.02343153001047708
36 0.16981595754623413 6 25 -0.022296121999122058
2 0.4374435544013977 7 12 -0.026447624034631963
49 0.0696142390370369 8 9 -0.03536491113117308
-1 0.0 0 0 -0.007959927611583175
59 -0.09691804647445679 10 11 -0.021744057400131314
-1 0.0 0 0 -0.01443956931955704
-1 0.0 0 0 -0.0016031351999468155
28 0.07278218865394592 13 18 0.010879629055240404
70 -0.1331339180469513 14 17 0.03411267299603937
48 -0.036684226244688034 15 16 -0.164887563817907
-1 0.0 0 0 -0.044079589963580176
-1 0.0 0 0 -0.0014937381308181617
-1 0.0 0 0 0.004460451716469546
0 0.5480470657348633 19 24 -0.07695160283828671
61 0.16577240824699402 20 21 -0.061476924250663756
-1 0.0 0 0 -0.0040411372918474475
31 0.021119892597198486 22 23 -0.4511896238961656
-1 0.0 0 0 -0.010844343618544586
-1 0.0 0 0 -0.09808882776309144
-1 0.0 0 0 -0.05890227851923555
-1 0.0 0 0 0.004809013439624041
-1 0.0 0 0 -0.03100492703127894
-1 0.0 0 0 0.0024576740989135444
-1 0.0 0 0 0.0010625435806694177
nodes 29
8 90.5 1 28 0.0
57 0.022556448355317116 2 23 -0.000700331090276822
61 -0.02545311115682125 3 22 -0.007708547767179965
2 0.47846487164497375 4 19 0.005874659208813346
2 0.3268566131591797 5 6 0.008935988319328065
-1 0.0 0 0 -0.0016993074026340608
95 0.14940814673900604 7 12 0.022061964597333547
43 -0.11934275925159454 8 11 0.0121600024530559
101 -0.10652630776166916 9 10 0.044952097307111555
-1 0.0 0 0 -0.008067287963626437
-1 0.0 0 0 0.005815691713504156
-1 0.0 0 0 -0.0006009321970425701
21 0.16147035360336304 13 18 0.1008592689848951
14 -0.18730345368385315 14 15 0.03281105278983395
-1 0.0 0 0 -0.05287347392489514
0 0.40080565214157104 16 17 0.05165135895329739
-1 0.0 0 0 -0.011692821524404252
-1 0.0 0 0 0.010259348756390133
-1 0.0 0 0 0.0214170788144539
92 0.15900172293186188 20 21 -0.11143057417953386
-1 0.0 0 0 -0.007455265409458613
-1 0.0 0 0 -0.08977205131335983
-1 0.0 0 0 -0.0019229005012574444
25 0.022401519119739532 24 25 0.007539886436727031
-1 0.0 0 0 -0.000611192380194314
34 0.2016960233449936 26 27 0.021370317363663408
-1 0.0 0 0 0.0008194184061881158
-1 0.0 0 0 0.005308630208691427
-1 0.0 0 0 0.007625913335609117
nodes 29
81 0.011582684703171253 1 2 0.0
-1 0.0 0 0 0.0005872081445345745
74 0.21631433069705963 3 28 -0.009101988325381423
105 -0.14049462974071503 4 5 -0.006598332007079109
-1 0.0 0 0 -0.006600051809706804
72 -0.08669859915971756 6 15 -0.002772299193700237
5 1.407386064529419 7 14 -0.039613660606078745
25 0.0280647873878479 8 9 -0.06106016829841287
-1 0.0 0 0 -0.010616162880290153
107 -0.02488129585981369 10 13 -0.011777115429269618
9 -0.006284042727202177 11 12 0.06315117447908657
-1 0.0 0 0 0.014055018338031336
-1 0.0 0 0 -0.007088750649886576
-1 0.0 0 0 -0.008571950678620007
-1 0.0 0 0 0.0033832704653579794
108 0.10678894072771072 16 27 0.0025092328426579162
15 -0.1269122064113617 17 22 -0.005772770276893781
37 0.11876743286848068 18 19 -0.061499866276630684
-1 0.0 0 0 -0.005132222916089283
2 0.4273034334182739 20 21 -0.3524201901242388
-1 0.0 0 0 -0.01278065518461958
-1 0.0 0 0 -0.0996963673878623
51 -0.2208820879459381 23 24 0.0008076155768736992
-1 0.0 0 0 -0.030132972597426106
97 0.07586923986673355 25 26 0.0019774252011037366
-1 0.0 0 0 0.001157240758518582
-1 0.0 0 0 -0.002993173043141228
-1 0.0 0 0 0.0034791693720322607
-1 0.0 0 0 -0.009667253615590957
nodes 29
7 0.8500000238418579 1 28 0.0
5 1.244441032409668 2 3 0.00044328771997432885
-1 0.0 0 0 -0.0005222936108584898
2 0.3881100118160248 4 23 0.011118016464555224
59 0.10187104344367981 5 16 0.004246667092912819
6 1.0856603384017944 6 15 -0.008370115212259976
7 0.628000020980835 7 8 -0.033271067757892535
-1 0.0 0 0 -0.0027339991151449517
0 0.425388902425766 9 14 -0.24435384769790938
59 0.06095033138990402 10 13 -0.17512508834583487
68 -0.01977784000337124 11 12 -0.06152125669115367
-1 0.0 0 0 0.021484726390032016
-1 0.0 0 0 -0.0329162350316581
-1 0.0 0 0 -0.05351914700310109
-1 0.0 0 0 -0.0745244283009978
-1 0.0 0 0 0.0018079885703240863
2 0.30287396907806396 17 18 0.029934843984087644
-1 0.0 0 0 -0.0010118584093162107
63 -0.004594751633703709 19 22 0.062220469130474944
10 -0.09648191928863525 20 21 0.09372780121903009
-1 0.0 0 0 -0.003282642935121167
-1 0.0 0 0 0.011796521528650487
-1 0.0 0 0 0.0002543660359214806
0 0.41844508051872253 24 25 0.05281995037360824
-1 0.0 0 0 0.019153414372746792
6 0.776975691318512 26 27 0.03544474402212317
-1 0.0 0 0 -0.01279389950800841
-1 0.0 0 0 0.005034632625682198
-1 0.0 0 0 -0.011872007662223238
nodes 29
58 0.19926384091377258 1 14 0.0
104 -0.132681205868721 2 3 -0.001751742364193368
-1 0.0 0 0 -0.0035096026354158416
49 0.20368927717208862 4 13 0.0003297218150873618
6 1.0630444288253784 5 12 -0.0039001118419436354
0 0.4333851635456085 6 11 -0.010339760199988543
21 0.2661623954772949 7 10 -0.027090179743108782
49 -0.018195442855358124 8 9 -0.03416231483181848
-1 0.0 0 0 -0.016985501127888922
-1 0.0 0 0 -0.0028406090565164534
-1 0.0 0 0 0.007092816374951374
-1 0.0 0 0 0.0003585027164911133
-1 0.0 0 0 0.001329425368513481
-1 0.0 0 0 0.0016248392181001823
89 -0.10059981048107147 15 16 0.03015613300591968
-1 0.0 0 0 0.007320039099993007
4 0.9611956477165222 17 28 0.0023843956786483594
79 -0.18401925265789032 18 21 -0.02663701690727728
48 -0.029130563139915466 19 20 0.23728612315925685
-1 0.0 0 0 -0.009553540106862784
-1 0.0 0 0 0.04274698512894767
96 0.08450808376073837 22 23 -0.03927041351620624
-1 0.0 0 0 -0.002794153626985276
52 -0.0028897649608552456 24 25 -0.30489642895198366
-1 0.0 0 0 0.0012198428063266824
14 -0.03547191619873047 26 27 -0.7147995368009661
-1 0.0 0 0 -0.030593635283765342
-1 0.0 0 0 -0.11441058799624444
-1 0.0 0 0 0.007760889676251159
nodes 29
18 -0.10509593039751053 1 12 0.0
2 0.37521424889564514 2 9 0.013073891092561313
86 -0.049368612468242645 3 6 -0.005600792199372354
53 -0.14916203916072845 4 5 -0.05381848452601255
-1 0.0 0 0 0.004160929964410543
-1 0.0 0 0 -0.007939668423957017
33 0.09224535524845123 7 8 0.011716680467710353
-1 0.0 0 0 0.00200516395550084
-1 0.0 0 0 -0.012445273684991879
17 -0.15298178791999817 10 11 0.03377686689724913
-1 0.0 0 0 -0.008815087393716737
-1 0.0 0 0 0.004008585179056626
71 -0.020208758302032948 13 16 -0.00402286728369677
15 -0.11217945069074631 14 15 -0.01639896480997128
-1 0.0 0 0 -0.005719682611952023
-1 0.0 0 0 -0.000975915974002899
5 1.1734683513641357 17 18 0.004130768542904307
-1 0.0 0 0 -0.0010093220380100454
82 -0.18987973034381866 19 20 0.017011263141790935
-1 0.0 0 0 -0.012272990764975802
1 0.16938664019107819 21 24 0.01959394212876058
6 1.0961110591888428 22 23 -0.01789188086018012
-1 0.0 0 0 -0.008107154562396789
-1 0.0 0 0 0.0011670643809347568
12 0.18544963002204895 25 26 0.02926667819158136
-1 0.0 0 0 0.003183713428498254
9 -0.1270182728767395 27 28 -0.1592368086264652
-1 0.0 0 0 0.0424300583164123
-1 0.0 0 0 -0.02145722509514348
nodes 29
85 -0.11108208447694778 1 4 0.0
3 0.6092641949653625 2 3 -0.028873338156805647
-1 0.0 0 0 0.003701025494330286
-1 0.0 0 0 -0.0059095169854103125
81 0.1518973708152771 5 26 0.001804794524724006
68 0.128151074051857 6 25 0.0034525757214311503
95 -0.02966965176165104 7 8 0.005559956123015963
-1 0.0 0 0 -0.001128553038902108
2 0.34955283999443054 9 10 0.010860700964490724
-1 0.0 0 0 -0.00017168878810413805
57 -0.17800453305244446 11 12 0.02101989897700135
-1 0.0 0 0 -0.010742103761960976
82 0.09657149761915207 13 24 0.023745242803571903
93 0.10430330038070679 14 21 0.030361892893330713
41 -0.10740414261817932 15 18 0.03573844577767673
2 0.42816007137298584 16 17 -0.05844558228185933
-1 0.0 0 0 -0.016794074819610753
-1 0.0 0 0 0.006345426473814248
6 1.0489447116851807 19 20 0.03914785416765097
-1 0.0 0 0 0.0032291808861495373
-1 0.0 0 0 0.009750820574603407
87 0.10128366202116013 22 23 -0.02862086782842015
-1 0.0 0 0 -0.00022644524922780263
-1 0.0 0 0 -0.017967957806614962
-1 0.0 0 0 -0.0016711800136775747
-1 0.0 0 0 -0.0033119237186883307
70 0.03608841076493263 27 28 -0.03925858453483057
-1 0.0 0 0 -0.007924973695995234
-1 0.0 0 0 0.0014131532786425258
nodes 29
73 -0.07125408202409744 1 2 0.0
-1 0.0 0 0 0.0009602273621780247
2 0.44425368309020996 3 26 -0.0053282591474615405
59 -0.10397506505250931 4 5 -0.009992396530135205
-1 0.0 0 0 -0.006957101173328021
6 1.0550416707992554 6 25 -0.007193318328823279
0 0.3943747878074646 7 20 -0.01602538334564227
34 0.09564409404993057 8 13 -0.04154469606162737
39 0.04360252618789673 9 10 -0.12142241941391016
-1 0.0 0 0 -0.022249616001484358
29 0.19679152965545654 11 12 -0.06120997742617056
-1 0.0 0 0 -0.008805324586573106
-1 0.0 0 0 0.02204003114761277
101 -0.04096405580639839 14 15 -0.023129635140201558
-1 0.0 0 0 -0.010089062972998247
21 0.028681807219982147 16 17 -0.005284820052355544
-1 0.0 0 0 -0.013106675875329578
39 -0.1434938609600067 18 19 0.006255161436316174
-1 0.0 0 0 -0.038047626357414384
-1 0.0 0 0 0.0010271748860855134
89 -0.034256432205438614 21 24 -0.0045797525882561845
14 -0.012072464916855097 22 23 0.010633543310449294
-1 0.0 0 0 0.003127371562349301
-1 0.0 0 0 -0.001967502263085335
-1 0.0 0 0 -0.0033417114681411537
-1 0.0 0 0 0.0009573861613016538
60 0.0060143847949802876 27 28 0.024352081085148906
-1 0.0 0 0 -0.0016331252775454036
-1 0.0 0 0 0.005247746874633259
nodes 29
56 0.015320410020649433 1 26 0.0
108 -0.05533890798687935 2 11 -0.0063728263305528905
89 -0.04685451090335846 3 4 -0.03294386941630696
-1 0.0 0 0 -0.0009444428422072352
6 1.1226634979248047 5 10 -0.06737385164303156
94 0.18457844853401184 6 7 -0.08807568811696913
-1 0.0 0 0 -0.00817802351532077
4 0.7932910919189453 8 9 -0.44343152416071724
-1 0.0 0 0 0.001356197272737821
-1 0.0 0 0 -0.07176276222935744
-1 0.0 0 0 0.0038842747936963964
11 -0.06387735158205032 12 17 -0.0009241841397194185
19 -0.0962248295545578 13 14 -0.023529350114540867
-1 0.0 0 0 0.0034318175973970066
37 -0.2715991735458374 15 16 -0.03553317078476268
-1 0.0 0 0 0.022255125143141912
-1 0.0 0 0 -0.0038678101154074745
107 -0.01545895915478468 18 25 0.006165553656636401
62 0.12175056338310242 19 24 0.018616062860872883
94 -0.08867300301790237 20 21 0.02472591114501553
-1 0.0 0 0 -0.0014375488129324614
2 0.3388058543205261 22 23 0.0369129853910117
-1 0.0 0 0 0.00028905546618903614
-1 0.0 0 0 0.005690061520995993
-1 0.0 0 0 -0.00503545752030703
-1 0.0 0 0 -0.000904142721153372
24 0.05680447444319725 27 28 0.00800856587711219
-1 0.0 0 0 -0.00014665139224541006
-1 0.0 0 0 0.0027228757479827274
nodes 29
75 -0.09893379360437393 1 26 0.0
6 1.058838129043579 2 25 -0.024195518516619642
37 0.16022682189941406 3 22 -0.050972637026653084
18 -0.18033385276794434 4 5 -0.04623845903261926
-1 0.0 0 0 0.009327342979295569
53 -0.11497132480144501 6 7 -0.05925368606784909
-1 0.0 0 0 0.001633430844990607
93 -0.028333280235528946 8 11 -0.08540727006335087
2 0.3965984284877777 9 10 -0.03829690459646952
-1 0.0 0 0 -0.010741042494687426
-1 0.0 0 0 0.002304447864076999
21 0.16609910130500793 12 19 -0.1279647240528195
55 -0.168446883559227 13 14 -0.08420113276259528
-1 0.0 0 0 -0.04299142379924411
32 -0.12233563512563705 15 18 -0.06511651790375311
38 0.00781468115746975 16 17 0.14900108876693258
-1 0.0 0 0 0.036229414851046526
-1 0.0 0 0 -0.007582132555733158
-1 0.0 0 0 -0.009926748979666417
47 -0.00205172854475677 20 21 -0.21876249530620284
-1 0.0 0 0 -0.0352462423026613
-1 0.0 0 0 -0.012197359057608992
25 0.010015743784606457 23 24 -0.4529624877481215
-1 0.0 0 0 -0.08391865493543446
-1 0.0 0 0 -0.015122493961825967
-1 0.0 0 0 0.002029974763323912
8 82.5 27 28 0.002059438781776035
-1 0.0 0 0 6.393012112301728e-05
-1 0.0 0 0 0.005249120214277712
nodes 29
92 0.18019281327724457 1 26 0.0
62 0.014893930405378342 2 23 0.0012684268099593455
34 0.0463273786008358 3 4 0.0075245399093681565
-1 0.0 0 0 -0.0019313756693498014
108 -0.14629219472408295 5 6 0.012807744628834144
-1 0.0 0 0 -0.00762719546099505
2 0.2923676371574402 7 8 0.015119209238392262
-1 0.0 0 0 -0.0013014968876571909
41 0.07530166953802109 9 20 0.021555775132705852
9 0.06989934295415878 10 15 0.003738778460920138
25 -0.06833270192146301 11 12 0.012530406151361816
-1 0.0 0 0 -0.003776306631367576
32 -0.0012980903265997767 13 14 0.02384247823076748
-1 0.0 0 0 0.0046808105984114876
-1 0.0 0 0 -0.0005312966497448429
69 0.11166522651910782 16 17 -0.05413294321774068
-1 0.0 0 0 -0.002558489889846527
66 0.04405893012881279 18 19 -0.1888481385308191
-1 0.0 0 0 -0.010125626655906042
-1 0.0 0 0 -0.04437325948089999
58 -0.03412005305290222 21 22 0.03925895222805494
-1 0.0 0 0 -0.0012930108282852271
-1 0.0 0 0 0.00488133642428875
44 -0.12703266739845276 24 25 -0.007667645287885045
-1 0.0 0 0 -0.004680067049791731
-1 0.0 0 0 -0.00021360799754906474
17 0.198086217045784 27 28 -0.03916596178016281
-1 0.0 0 0 -0.0034266786753127244
-1 0.0 0 0 -0.0461175455081199
nodes 29
42 -0.015978321433067322 1 2 0.0
-1 0.0 0 0 0.0005617826256020579
6 1.0818469524383545 3 28 -0.008707881468992146
1 0.3925735652446747 4 15 -0.0156912804778154
54 -0.06863068044185638 5 8 -0.02660948072492085
71 -0.029772844165563583 6 7 -0.07728557952740175
-1 0.0 0 0 -0.014659639038095335
-1 0.0 0 0 -0.003807251532241474
58 -0.01740790531039238 9 12 -0.016893097150212418
81 0.17299813032150269 10 11 -0.05767891685616836
-1 0.0 0 0 -0.005117469332634308
-1 0.0 0 0 -0.03711525865177485
74 -0.08253030478954315 13 14 -0.005606189847646051
-1 0.0 0 0 -0.008332253114262875
-1 0.0 0 0 0.00016938031669060092
59 0.09021501243114471 16 17 0.018370377776842618
-1 0.0 0 0 0.0042280613227307345
37 -0.11902029067277908 18 27 -0.03962443037071964
19 0.14121094346046448 19 26 -0.17822934540449575
67 0.08623635768890381 20 23 -0.14461893211695978
80 0.08266347646713257 21 22 -0.0775816537197826
-1 0.0 0 0 0.00021587819792330266
-1 0.0 0 0 -0.03511098924547781
19 -0.09754492342472076 24 25 -0.43819597889080475
-1 0.0 0 0 -0.11986819272860885
-1 0.0 0 0 -0.021118524802654096
-1 0.0 0 0 -0.08074162821471692
-1 0.0 0 0 3.59316330071248e-05
-1 0.0 0 0 0.001795171609847501
nodes 29
14 0.13045194745063782 1 2 0.0
-1 0.0 0 0 0.00014855501885085624
6 1.0509153604507446 3 28 -0.03295799534456017
80 0.0382253210991621 4 11 -0.05958506347402532
46 0.16833098232746124 5 10 -0.005491620183107071
2 0.370433509349823 6 9 0.006721809625751631
2 0.36643853783607483 7 8 -0.11679083613661241
-1 0.0 0 0 -0.007504210006927365
-1 0.0 0 0 -0.05491884596911925
-1 0.0 0 0 0.003953469296111652
-1 0.0 0 0 -0.037555854339152574
23 0.07829426974058151 12 19 -0.12376720050987601
99 0.08512566238641739 13 18 -0.08090385117032962
67 0.1354808807373047 14 17 -0.12285953704198137
31 -0.16883037984371185 15 16 -0.148331669739049
-1 0.0 0 0 -0.04972471468771497
-1 0.0 0 0 -0.012748014720091547
-1 0.0 0 0 0.024671795190819964
-1 0.0 0 0 0.009539270079281787
46 -0.06607100367546082 20 23 -0.2958725119264577
22 0.056533604860305786 21 22 -0.009308171730178097
-1 0.0 0 0 -0.025033379924882738
-1 0.0 0 0 0.03281277067959309
108 -0.05533890798687935 24 25 -0.40389676582243744
-1 0.0 0 0 -0.07523128910921514
100 0.08085706830024719 26 27 -0.3116011034993344
-1 0.0 0 0 -0.04197620708848639
-1 0.0 0 0 0.004687524554984911
-1 0.0 0 0 0.0020780608214136455
nodes 29
80 -0.09907902032136917 1 28 0.0
2 0.4140511751174927 2 21 -0.01914487640447671
40 0.03761244937777519 3 16 -0.035680411135511514
6 1.1026302576065063 4 15 -0.06670483015599682
7 0.36399999260902405 5 8 -0.09130494771368318
66 0.1476108282804489 6 7 -0.06881539857463205
-1 0.0 0 0 -0.005501148411959193
-1 0.0 0 0 -0.026116843768933685
41 0.1562017947435379 9 12 -0.22715645186258557
65 -0.10426937788724899 10 11 -0.3046146976285355
-1 0.0 0 0 -0.07321275472640991
-1 0.0 0 0 -0.02569809539365507
59 0.04362056031823158 13 14 0.10516440900423193
-1 0.0 0 0 -0.0339827293685327
-1 0.0 0 0 0.03862118001765849
-1 0.0 0 0 0.0017833669070020574
108 0.07886345684528351 17 20 0.0008112253346647918
37 -0.054814424365758896 18 19 -0.026718184200278994
-1 0.0 0 0 0.0021294786058572413
-1 0.0 0 0 -0.008673439702384326
-1 0.0 0 0 0.007230434659617916
33 0.2164202779531479 22 27 0.020045903992137997
89 0.1833387017250061 23 26 0.02439725547674558
28 0.029611200094223022 24 25 0.02893641153103968
-1 0.0 0 0 0.00658879856447418
-1 0.0 0 0 -0.0028443004522008173
-1 0.0 0 0 -0.04475374239863772
-1 0.0 0 0 -0.05382163753664052
-1 0.0 0 0 0.0002552722503404674
nodes 29
18 -0.261996328830719 1 6 0.0
45 0.052640706300735474 2 5 0.07764698048085152
23 -0.13729965686798096 3 4 0.1409055308534859
-1 0.0 0 0 -0.030651521168329057
-1 0.0 0 0 0.01686525536464643
-1 0.0 0 0 -0.006862173514869969
94 -0.2154662311077118 7 12 -0.0006143514185415854
8 74.5 8 11 0.039481372923400766
92 -0.09287384897470474 9 10 0.02492475135570765
-1 0.0 0 0 -0.017615178018248582
-1 0.0 0 0 0.0038656094591879237
-1 0.0 0 0 0.026480255203174527
5 1.1734683513641357 13 18 -0.0019209135195638314
15 0.053256385028362274 14 17 -0.01043956111582564
18 0.056124649941921234 15 16 -0.019374109507997103
-1 0.0 0 0 -0.0011285240595954348
-1 0.0 0 0 -0.006214548945629356
-1 0.0 0 0 0.0015674029564295068
59 0.08615905046463013 19 20 0.006075889562931818
-1 0.0 0 0 -0.0005947559724654994
2 0.32588279247283936 21 22 0.025186885475867622
-1 0.0 0 0 -0.00047261056562128217
7 0.7639999985694885 23 28 0.05292794643612229
1 0.3653530180454254 24 27 0.05500287726478947
38 0.13940182328224182 25 26 0.06536308765640941
-1 0.0 0 0 0.007434423616811448
-1 0.0 0 0 -0.006261827863538763
-1 0.0 0 0 -0.006182584761043847
-1 0.0 0 0 -0.05336846406970706
nodes 29
106 -0.13032017648220062 1 16 0.0
3 0.8787469863891602 2 3 -0.03418017641941083
-1 0.0 0 0 -0.0018663806140445966
74 0.1509471982717514 4 15 -0.12890874134714925
26 0.07045914232730865 5 12 -0.1729642484039666
104 0.0050149522721767426 6 11 -0.10529267895942661
7 0.15199999511241913 7 10 -0.25454168049445064
42 0.012740147300064564 8 9 -0.42092245361353786
-1 0.0 0 0 -0.02552041953294388
-1 0.0 0 0 -0.07878700255283289
-1 0.0 0 0 -0.004363647513222736
-1 0.0 0 0 0.001135338534707276
60 -0.03319346904754639 13 14 -0.3870630931121233
-1 0.0 0 0 -0.0911884727534549
-1 0.0 0 0 -0.021212254830464808
-1 0.0 0 0 0.017947980805057225
7 0.8500000238418579 17 28 0.0013952688994297974
43 -0.13570423424243927 18 27 0.0018546087524565328
25 -0.03152511268854141 19 22 0.013258978247762943
29 0.03567967563867569 20 21 -0.015796133494933973
-1 0.0 0 0 -0.004515035376318781
-1 0.0 0 0 0.002150648272437243
2 0.31209689378738403 23 24 0.024762638233214444
-1 0.0 0 0 -0.0010708903035890848
88 0.07209069281816483 25 26 0.042102968202106
-1 0.0 0 0 0.002354091693678351
-1 0.0 0 0 0.007924723372565272
-1 0.0 0 0 -0.0003031446495342292
-1 0.0 0 0 -0.012176571169320928
nodes 29
46 -0.08423855900764465 1 6 0.0
27 0.10656683146953583 2 3 -0.015156399188903836
-1 0.0 0 0 -0.002694688936584612
73 0.18289999663829803 4 5 0.024190722736462972
-1 0.0 0 0 0.0028877740178861813
-1 0.0 0 0 -0.03430227458629073
42 -0.13424880802631378 7 22 0.0030742311404885793
44 0.052600327879190445 8 15 0.024418816262663054
20 0.05191878601908684 9 10 0.03634222870891485
-1 0.0 0 0 0.0018241206322729964
39 0.03427305072546005 11 12 0.0724257901452251
-1 0.0 0 0 0.001395110547355325
73 0.1647678017616272 13 14 0.10718327586325395
-1 0.0 0 0 0.011323458112422483
-1 0.0 0 0 -0.04182717309643825
87 0.028187628835439682 16 19 -0.02523410286885156
21 0.05288291722536087 17 18 0.024908719930487794
-1 0.0 0 0 0.014717781049469653
-1 0.0 0 0 -0.0016518367869582926
14 -0.08821580559015274 20 21 -0.09236626543563407
-1 0.0 0 0 0.003451855732589555
-1 0.0 0 0 -0.014503215762295392
76 -0.0009873296367004514 23 28 -0.0006947525641444652
6 1.0856603384017944 24 27 -0.013271531566740071
7 0.6480000019073486 25 26 -0.022055525792351927
-1 0.0 0 0 -0.001971097333958915
-1 0.0 0 0 -0.03265934759145899
-1 0.0 0 0 0.002070382723926852
-1 0.0 0 0 0.000656629695578165
nodes 29
52 0.01573965512216091 1 20 0.0
29 -0.11726327985525131 2 3 0.005334061192541695
-1 0.0 0 0 -0.0036548672849140863
2 0.3388058543205261 4 5 0.009194401323401845
-1 0.0 0 0 -0.0005576759426011788
54 -0.06863068044185638 6 11 0.01820026621340866
68 0.01222684234380722 7 8 -0.017157973553441105
-1 0.0 0 0 0.001434209237713157
70 -0.1373109370470047 9 10 -0.06862044459644988
-1 0.0 0 0 -0.03707050899370538
-1 0.0 0 0 -0.005480478799336157
27 0.0009271110175177455 12 19 0.025841433035111848
75 0.06375245749950409 13 18 -0.0017516568545934098
18 0.07308624684810638 14 17 -0.03023279687589396
26 0.05410856753587723 15 16 -0.014091487638390705
-1 0.0 0 0 -0.00488710017693483
-1 0.0 0 0 0.0042735587517076234
-1 0.0 0 0 -0.015860460308080235
-1 0.0 0 0 0.003895463486019683
-1 0.0 0 0 0.003906476505708217
70 -0.03903095796704292 21 26 -0.008688550175022146
6 1.0580217838287354 22 25 -0.031909767222181334
29 0.220309779047966 23 24 -0.055078298820952956
-1 0.0 0 0 -0.006309389616740917
-1 0.0 0 0 0.012349629114661708
-1 0.0 0 0 0.00037233446631511216
40 -0.08719682693481445 27 28 0.00015004241983697082
-1 0.0 0 0 -0.0049170157962775025
-1 0.0 0 0 0.0005784756136862039
nodes 29
56 -0.1283566951751709 1 12 0.0
55 -0.03116254135966301 2 11 -0.0239524607026274
65 0.1901797652244568 3 8 0.012353620471289744
45 0.08364316076040268 4 5 0.01901581168407535
-1 0.0 0 0 0.003991022014549888
12 0.07792146503925323 6 7 -0.08035505668226506
-1 0.0 0 0 -0.0030145074197482145
-1 0.0 0 0 -0.03222758813816737
108 0.006853939034044743 9 10 -0.3204171846825945
-1 0.0 0 0 -0.09809235997032374
-1 0.0 0 0 0.0018304053789530046
-1 0.0 0 0 -0.004850500963598959
72 0.022769471630454063 13 14 0.0019283814875628682
-1 0.0 0 0 -0.0006162725974198422
84 0.19483546912670135 15 22 0.009741611142776826
44 0.06931786239147186 16 19 0.006865101282612752
75 0.03207160905003548 17 18 0.01227285736656885
-1 0.0 0 0 -0.00014129012932559144
-1 0.0 0 0 0.002461883343160002
13 -0.18239237368106842 20 21 -0.023402154370347098
-1 0.0 0 0 -0.02786985298399094
-1 0.0 0 0 -0.0018665172294203463
28 0.03840347006917 23 24 0.06018585472596123
-1 0.0 0 0 0.00026002157036041773
41 0.21234974265098572 25 28 0.11038763141236388
33 -0.11376731097698212 26 27 0.0880561732363908
-1 0.0 0 0 0.025155030600978935
-1 0.0 0 0 0.0056326432363541954
-1 0.0 0 0 0.03686468097622748
nodes 29
0 0.4964250326156616 1 22 0.0
4 0.9039457440376282 2 15 -0.0023561583362882894
69 -0.052408475428819656 3 4 -0.011177224179805685
-1 0.0 0 0 -0.004382341547972935
56 -0.0766570046544075 5 6 -0.003621347934695642
-1 0.0 0 0 -0.0035453102818800864
76 -0.05173434689640999 7 10 0.003759070112493622
39 -0.1750953197479248 8 9 -0.03548372299675227
-1 0.0 0 0 -0.05709598449137693
-1 0.0 0 0 -0.0032188812361693218
6 0.9486059546470642 11 14 0.011882302645602387
1 0.4079185724258423 12 13 -0.042438738302887476
-1 0.0 0 0 -0.003649165911279427
-1 0.0 0 0 -0.07804429463687397
-1 0.0 0 0 0.0018409971762828631
3 0.7065461277961731 16 21 0.006516755387229142
2 0.31107234954833984 17 18 0.05329358272043928
-1 0.0 0 0 0.0006536052661452739
41 -0.06176242604851723 19 20 0.09741663331653926
-1 0.0 0 0 -0.008452942563151872
-1 0.0 0 0 0.011841938488386532
-1 0.0 0 0 5.121661960913179e-05
107 0.028826752677559853 23 26 0.019896942445176594
104 0.015022572129964828 24 25 0.039007476516303784
-1 0.0 0 0 0.0006302888984808223
-1 0.0 0 0 0.006934410893964462
39 0.24399377405643463 27 28 -0.018264625024906143
-1 0.0 0 0 -0.001373361984701543
-1 0.0 0 0 -0.04711062282323838
nodes 29
48 -0.04698430001735687 1 28 0.0
2 0.43465113639831543 2 13 -0.012776719469691031
76 -0.08664461970329285 3 4 -0.02216640785338154
-1 0.0 0 0 -0.008965765524438018
54 0.07323844730854034 5 8 -0.015150623679374047
1 0.28548797965049744 6 7 -0.028656310460716733
-1 0.0 0 0 -0.0003319651302642723
-1 0.0 0 0 -0.005155205020905283
106 -0.01608750969171524 9 10 0.019943303748593624
-1 0.0 0 0 -0.00428583050739577
2 0.3176983892917633 11 12 0.04514789595904468
-1 0.0 0 0 -0.0025402283760440187
-1 0.0 0 0 0.007628058994534947
15 -0.06781640648841858 14 21 0.023964900109532845
82 0.160143181681633 15 18 -0.05859047045604178
104 -0.028649114072322845 16 17 -0.039021537571322096
-1 0.0 0 0 -0.018161645923263598
-1 0.0 0 0 0.002245533636805979
9 -0.04781492426991463 19 20 -0.5104153875054585
-1 0.0 0 0 -0.004747071618302947
-1 0.0 0 0 -0.0915491974912584
1 0.4526042342185974 22 23 0.050394321755452186
-1 0.0 0 0 0.006676682148922289
76 0.09953390061855316 24 25 -0.10433590720999802
-1 0.0 0 0 -0.0030505629598088706
85 0.0030400760006159544 26 27 -0.42265333363511526
-1 0.0 0 0 -0.0955250831010441
-1 0.0 0 0 -0.007718468668895799
-1 0.0 0 0 0.00035955039797156785
nodes 29
82 -0.1986338496208191 1 14 0.0
36 -0.13949735462665558 2 5 -0.053456341998861304
21 0.12957549095153809 3 4 -0.3228475757522317
-1 0.0 0 0 -0.0053254912665579475
-1 0.0 0 0 -0.07541958366908755
3 0.8770650029182434 6 11 -0.039363440434298666
2 0.47846487164497375 7 10 -0.06651671213046932
84 -0.15125791728496552 8 9 -0.057367748420968936
-1 0.0 0 0 -0.05678608401545457
-1 0.0 0 0 -0.00484266684156269
-1 0.0 0 0 -0.059802793715858754
84 -0.07647974789142609 12 13 0.0954254002654925
-1 0.0 0 0 -0.03601513541425052
-1 0.0 0 0 0.01415851595226905
34 0.24613967537879944 15 16 0.0008520994464963369
-1 0.0 0 0 -0.00020513899677379764
1 0.2182057946920395 17 18 0.019084046101815175
-1 0.0 0 0 -0.0029779465903620583
86 -0.03284130617976189 19 24 0.0314618362872685
58 0.2023707777261734 20 21 -0.009871119538791153
-1 0.0 0 0 -0.001946235397247791
15 -0.08450999855995178 22 23 0.20782466201528318
-1 0.0 0 0 -0.02165207168145571
-1 0.0 0 0 0.032098342970324066
28 0.17145569622516632 25 26 0.05217719831390922
-1 0.0 0 0 0.004503522378731755
106 -0.06704746931791306 27 28 0.18566363727393215
-1 0.0 0 0 -0.02746738637315816
-1 0.0 0 0 0.022539514777738426
nodes 29
20 -0.1172986850142479 1 6 0.0
40 0.08195279538631439 2 5 -0.02081110190461184
36 -0.12910373508930206 3 4 -0.03924749585865955
-1 0.0 0 0 0.00754163450835562
-1 0.0 0 0 -0.004804557767709349
-1 0.0 0 0 0.0018612904239872303
36 0.18913534283638 7 28 0.002162252142268563
68 0.08339004963636398 8 27 0.0005600932960496528
36 -0.13234034180641174 9 10 0.003912334864179071
-1 0.0 0 0 -0.0035572756988311916
33 -0.08111237734556198 11 18 0.006297558992441528
41 0.2281745821237564 12 13 0.02159214995736221
-1 0.0 0 0 0.0015404160537745575
2 0.2612323462963104 14 15 0.10220717748351639
-1 0.0 0 0 -0.005095871229298033
5 1.1892175674438477 16 17 0.14634173286450539
-1 0.0 0 0 0.006383756013948196
-1 0.0 0 0 0.025472087015382828
85 -0.12923870980739594 19 24 -0.0011044620446455146
5 1.054571509361267 20 23 -0.0613977178969186
38 0.02202126570045948 21 22 -0.4915765466190182
-1 0.0 0 0 0.006560904591936957
-1 0.0 0 0 -0.10752947864211387
-1 0.0 0 0 -0.00515846199472898
94 0.06917021423578262 25 26 0.0014076483690464614
-1 0.0 0 0 0.0007457954296321655
-1 0.0 0 0 -0.0025777071401533558
-1 0.0 0 0 -0.0021529288615529233
-1 0.0 0 0 0.004554966724560907
nodes 29
0 0.4419816732406616 1 28 0.0
6 1.0456572771072388 2 27 -0.0052145399775441244
20 0.050887949764728546 3 22 -0.01742542813133045
34 0.04455869644880295 4 7 -0.030673819774687666
1 0.3423367142677307 5 6 -0.11086475156035888
-1 0.0 0 0 -0.016859634971391643
-1 0.0 0 0 -0.0015702776581967334
9 0.10447807610034943 8 19 -0.023081219642940177
84 0.17650152742862701 9 18 -0.0175800700214051
8 27.5 10 11 -0.02492880614242381
-1 0.0 0 0 -0.0340940960002818
107 -0.018305618315935135 12 17 -0.023546139263126747
105 -0.1077801063656807 13 16 -0.006816605389862839
80 -0.058458875864744186 14 15 -0.09998545309845379
-1 0.0 0 0 0.0081912617870223
-1 0.0 0 0 -0.015553516339427725
-1 0.0 0 0 0.00016585912721329174
-1 0.0 0 0 -0.004885827254533074
-1 0.0 0 0 0.005202147740926394
54 -0.14086708426475525 20 21 -0.12178463722449229
-1 0.0 0 0 -0.05880341885345323
-1 0.0 0 0 -0.010609354655540443
47 -0.022850338369607925 23 24 0.009972280201731583
-1 0.0 0 0 -0.0037075024741410148
17 -0.1200677827000618 25 26 0.03104087854698807
-1 0.0 0 0 0.011699620673417042
-1 0.0 0 0 0.0016865175854249817
-1 0.0 0 0 0.0008575511289256197
-1 0.0 0 0 0.0008636603620838994
nodes 29
35 -0.11370813846588135 1 28 0.0
32 -0.07661689072847366 2 3 -0.024910975750804153
-1 0.0 0 0 0.0033994331793306427
96 -0.04755719378590584 4 11 -0.045455736059532986
14 -0.05520463362336159 5 8 -0.013029806586865332
76 0.080094113945961 6 7 0.048732557485294085
-1 0.0 0 0 0.0002715958467371165
-1 0.0 0 0 0.016329895740012285
15 0.0009084639605134726 9 10 -0.05588310670262169
-1 0.0 0 0 -0.011158738840068037
-1 0.0 0 0 0.001175780678787813
94 -0.14338895678520203 12 13 -0.09102560677343284
-1 0.0 0 0 -0.0284106958512311
2 0.3186613619327545 14 15 -0.07271528146202084
-1 0.0 0 0 0.00335749590698173
9 0.13577616214752197 16 27 -0.1025142506697872
49 0.09925040602684021 17 20 -0.08801362350527744
30 0.010578375309705734 18 19 -0.009291128262109627
-1 0.0 0 0 -0.011762991243815779
-1 0.0 0 0 0.009446002010192347
59 0.08303697407245636 21 26 -0.14745108536601093
62 -0.027847577817738056 22 25 -0.2288610153531
29 -0.08777479082345963 23 24 -0.1011379345585422
-1 0.0 0 0 -0.05186727052496281
-1 0.0 0 0 -0.002968813422637778
-1 0.0 0 0 -0.033207634632729986
-1 0.0 0 0 -0.0017088779177534962
-1 0.0 0 0 -0.039609941224689076
-1 0.0 0 0 0.00017794507445310125
nodes 29
64 0.036461781710386276 1 10 0.0
8 82.5 2 9 0.0036834144611278727
11 -0.06387735158205032 3 8 0.0022391696813841857
21 0.1872146874666214 4 7 -0.013363526368136203
65 -0.038634251803159714 5 6 -0.02642662999637667
-1 0.0 0 0 -0.006943450628357818
-1 0.0 0 0 -0.0012451030170534635
-1 0.0 0 0 0.0020584810309696097
-1 0.0 0 0 0.0007637377899403687
-1 0.0 0 0 0.0055541699870466955
43 -0.3091181814670563 11 14 -0.011971370783745279
55 -0.0512005090713501 12 13 0.1828781594661717
-1 0.0 0 0 0.04856328009947331
-1 0.0 0 0 0.004977051534585591
15 0.06883019953966141 15 24 -0.013364225485899894
50 -0.007081976626068354 16 23 -0.021665635452274856
67 0.027047889307141304 17 22 -0.0412628289855732
91 0.1460171639919281 18 19 -0.02287056176877884
-1 0.0 0 0 -0.001692953845598766
105 -0.14687536656856537 20 21 -0.18229234455088275
-1 0.0 0 0 0.03141612522304058
-1 0.0 0 0 -0.023505552874986027
-1 0.0 0 0 -0.008313151157123295
-1 0.0 0 0 -0.0002996408715568832
27 0.08920300006866455 25 26 0.020883188513159956
-1 0.0 0 0 -0.0001701729801288958
87 0.1843697875738144 27 28 0.08078389333753969
-1 0.0 0 0 0.009092763591757312
-1 0.0 0 0 -0.045948065712076165
nodes 29
79 -0.06556088477373123 1 28 0.0
15 8.480453834636137e-05 2 15 0.008708154161172004
59 0.02475760132074356 3 6 -0.004516727154093858
35 0.027599826455116272 4 5 -0.03248543960957254
-1 0.0 0 0 -0.006350160465492156
-1 0.0 0 0 0.00030069116853827677
5 1.153168797492981 7 8 0.01128212996636278
-1 0.0 0 0 -0.0016005622374399174
2 0.3206227719783783 9 10 0.031397727079592916
-1 0.0 0 0 -0.00032105943129002193
34 0.06408421695232391 11 14 0.05694981563733186
3 0.6249556541442871 12 13 -0.04050588977113196
-1 0.0 0 0 0.008200079000252943
-1 0.0 0 0 -0.014726873921243527
-1 0.0 0 0 0.008389396201546544
1 0.4264894425868988 16 27 0.02537263558055702
100 0.16430816054344177 17 24 0.019975435980118562
60 0.0060143847949802876 18 21 0.014014344247893178
23 0.037918221205472946 19 20 -0.013927871734066224
-1 0.0 0 0 0.0009460587055497424
-1 0.0 0 0 -0.006002248611560223
89 -0.04585501551628113 22 23 0.03608389868907967
-1 0.0 0 0 0.006467922056330389
-1 0.0 0 0 -0.0015214991351713318
88 0.003408950986340642 25 26 0.09598475510560475
-1 0.0 0 0 0.018198237583845766
-1 0.0 0 0 0.0022951599809865344
-1 0.0 0 0 0.011107858446576227
-1 0.0 0 0 -0.0004999214407923245
nodes 29
66 -0.033724814653396606 1 12 0.0
3 0.7143641710281372 2 3 -0.008545608990962395
-1 0.0 0 0 0.0008111056760573693
15 -0.002516519045457244 4 7 -0.02096377257801399
11 0.16030441224575043 5 6 -0.04250586204504814
-1 0.0 0 0 -0.0047952292478636825
-1 0.0 0 0 0.009309787750032477
59 0.15428964793682098 8 9 0.003711751092759438
-1 0.0 0 0 0.0016187952605705574
10 0.17808175086975098 10 11 -0.06498487450403162
-1 0.0 0 0 -0.005355736056849711
-1 0.0 0 0 -0.0847769579088146
48 -0.00037505989894270897 13 22 0.005073976519941435
2 0.43268442153930664 14 15 -0.009128199749772343
-1 0.0 0 0 -0.0018848314942668508
70 -0.12992705404758453 16 21 0.030706670722845178
25 -0.0756373330950737 17 20 -0.16944633453160293
42 -0.009576335549354553 18 19 -0.546368924285865
-1 0.0 0 0 -0.08852921541780234
-1 0.0 0 0 -0.010429514616565862
-1 0.0 0 0 -0.0071998055229281505
-1 0.0 0 0 0.004166581235180266
34 0.14557106792926788 23 24 0.014693960542236933
-1 0.0 0 0 -3.1149602882541698e-06
89 0.12907911837100983 25 28 0.02906362090200253
62 -0.040362801402807236 26 27 0.032834920666109504
-1 0.0 0 0 0.0061970914031098424
-1 0.0 0 0 0.001668427352228042
-1 0.0 0 0 -0.011287578777077475
nodes 29
39 0.020954331383109093 1 28 0.0
2 0.43465113639831543 2 25 -0.008287259234714862
6 1.0818469524383545 3 20 -0.016929012635702845
7 0.5580000281333923 4 11 -0.028096830751844642
14 0.11206132173538208 5 10 -0.02428739554397819
32 -0.03319058194756508 6 9 -0.018178864743825185
81 -0.2340894639492035 7 8 0.009914998460563242
-1 0.0 0 0 -0.03815222092966239
-1 0.0 0 0 0.001301410017932066
-1 0.0 0 0 -0.00409690266703758
-1 0.0 0 0 -0.012698586525822248
1 0.21063260734081268 12 13 -0.22498448202157398
-1 0.0 0 0 -0.04614244079595054
63 -0.028458140790462494 14 19 -0.10998138879326039
41 0.12843316793441772 15 18 0.05250172029113079
93 -0.060178469866514206 16 17 -0.11853311701257409
-1 0.0 0 0 -0.048222931892507606
-1 0.0 0 0 0.012214819307658165
-1 0.0 0 0 0.04314612617679671
-1 0.0 0 0 -0.031496008025356924
1 0.3248402178287506 21 22 0.01413498114077807
-1 0.0 0 0 0.0019093483331743988
12 -0.07793204486370087 23 24 -0.3316887614086398
-1 0.0 0 0 0.020611905363021474
-1 0.0 0 0 -0.0542970403031047
38 0.018200386315584183 26 27 0.025882382181521106
-1 0.0 0 0 0.0054136687612056835
-1 0.0 0 0 -0.0014851924907412874
-1 0.0 0 0 0.0005346689200112236
nodes 29
49 0.26884469389915466 1 2 0.0
-1 0.0 0 0 -0.0001641837088636712
23 -0.11027275770902634 3 8 0.026271068026936503
60 -0.07936497032642365 4 5 0.13211198233316532
-1 0.0 0 0 -0.018096590116978267
70 -0.0020790720591321588 6 7 0.18010741258715499
-1 0.0 0 0 0.03385897935641626
-1 0.0 0 0 0.00781381287027237
47 0.059735994786024094 9 26 0.016674144775361145
5 1.1188387870788574 10 23 -0.0029047505861001396
102 -0.006131964270025492 11 12 -0.06539412709834187
-1 0.0 0 0 0.0035756283966138177
77 -0.1766427755355835 13 14 -0.1358434603177378
-1 0.0 0 0 -0.07874360215161384
28 0.17521706223487854 15 22 -0.11514233507542855
105 -0.0821809470653534 16 17 -0.09102020781033505
-1 0.0 0 0 -0.03520402012618034
105 0.08698392659425735 18 19 -0.04645581868447461
-1 0.0 0 0 0.001089815350042696
45 0.041186828166246414 20 21 -0.2572568217149462
-1 0.0 0 0 -0.0425804279061451
-1 0.0 0 0 0.007983809297806338
-1 0.0 0 0 -0.052195875165430276
69 0.07712122052907944 24 25 0.022269416762320363
-1 0.0 0 0 -0.0012262465638978037
-1 0.0 0 0 0.009805518314470274
107 -0.12081408500671387 27 28 0.0745065270417303
-1 0.0 0 0 -0.007789638040292992
-1 0.0 0 0 0.010557896448190374
nodes 29
74 -0.040170688182115555 1 28 0.0
100 -0.03148803859949112 2 27 -0.013444103120069495
1 0.2658664584159851 3 6 -0.04488293714242721
67 -0.07666420936584473 4 5 0.018290920950141086
-1 0.0 0 0 0.014365094518829686
-1 0.0 0 0 -0.002545509291835872
49 0.12920230627059937 7 20 -0.07028151056529261
9 -0.025159915909171104 8 15 -0.1191982290755698
47 -0.0707133412361145 9 12 -0.057877346671627736
2 0.4140511751174927 10 11 -0.22788695383327778
-1 0.0 0 0 -0.043144096882495375
-1 0.0 0 0 -0.0032394483989786984
31 -0.07869034260511398 13 14 -0.019798271764380326
-1 0.0 0 0 0.019243705508370814
-1 0.0 0 0 -0.005639056949680937
3 0.9760066270828247 16 19 -0.18816828599975413
79 0.02158321440219879 17 18 -0.17488830769677619
-1 0.0 0 0 -0.02335246772303648
-1 0.0 0 0 -0.0037374544271029323
-1 0.0 0 0 -0.07555855407633566
68 0.10902769863605499 21 24 -0.010659702196177184
2 0.35850054025650024 22 23 0.009679447381304591
-1 0.0 0 0 -0.015479471554814762
-1 0.0 0 0 0.00401847017113421
39 -0.009306203573942184 25 26 -0.22884330675461806
-1 0.0 0 0 -0.06437833503079719
-1 0.0 0 0 -0.007324079042211032
-1 0.0 0 0 -0.0001727809306608521
-1 0.0 0 0 0.00031979338372338344
nodes 29
19 -0.04448029771447182 1 2 0.0
-1 0.0 0 0 0.0008565440871734696
81 -0.03649665787816048 3 4 -0.005000995404104956
-1 0.0 0 0 0.0008095735054869203
4 0.9274357557296753 5 20 -0.013922325682402837
6 1.0912468433380127 6 17 -0.025374986732324856
0 0.4461750388145447 7 14 -0.03476116928038115
43 0.07125668227672577 8 13 -0.05845005210882728
88 0.17526423931121826 9 12 -0.05214688431711959
101 -0.033084481954574585 10 11 -0.06065406705887108
-1 0.0 0 0 -0.01175007508770539
-1 0.0 0 0 -0.004068917077005361
-1 0.0 0 0 0.006862888984702694
-1 0.0 0 0 -0.022593692082561092
104 0.011413599364459515 15 16 -0.012133752833211728
-1 0.0 0 0 -0.004775501047356225
-1 0.0 0 0 0.0018594399285058192
1 0.30120518803596497 18 19 0.015335906279838317
-1 0.0 0 0 0.002376720682516375
-1 0.0 0 0 -0.026475588112746876
80 0.12113365530967712 21 24 0.004578678963741822
0 0.5299081802368164 22 23 0.014341794856369938
-1 0.0 0 0 0.0016218341400957713
-1 0.0 0 0 -0.03531336768988579
81 -0.033685579895973206 25 26 -0.05721950228617581
-1 0.0 0 0 -0.04868817746596919
72 0.09056122601032257 27 28 -0.047347366524068915
-1 0.0 0 0 -0.008252029865816342
-1 0.0 0 0 0.007522247660364215
nodes 29
57 0.022556448355317116 1 16 0.0
36 -0.1036188155412674 2 3 -0.0059977251900781466
-1 0.0 0 0 -0.003926270449205094
35 -0.15059247612953186 4 5 -0.002321942588122112
-1 0.0 0 0 -0.007424138284056485
49 0.12825895845890045 6 13 -0.00031655354309607773
6 1.0630444288253784 7 12 -0.013100247852646841
89 0.16657395660877228 8 11 -0.026240373069847146
70 0.0220880638808012 9 10 -0.02300879028964735
-1 0.0 0 0 -0.004840680961093284
-1 0.0 0 0 0.0001235348392819467
-1 0.0 0 0 -0.023085950370483672
-1 0.0 0 0 0.00166679863952671
83 0.008394657634198666 14 15 0.011720085941124864
-1 0.0 0 0 -0.0006877750415483181
-1 0.0 0 0 0.003449049206875911
65 0.050659697502851486 17 18 0.007074340405493686
-1 0.0 0 0 -0.00025240754312765115
18 -0.08775857836008072 19 28 0.022671560212792954
55 -0.03116254135966301 20 21 0.05540495322626805
-1 0.0 0 0 0.010120528056869542
44 -0.15335632860660553 22 25 0.021460788221043768
37 -0.01359678152948618 23 24 -0.14692729371427385
-1 0.0 0 0 -0.004701650780789442
-1 0.0 0 0 -0.042695893308567545
7 0.515999972820282 26 27 0.03647062054938176
-1 0.0 0 0 0.00532708551063135
-1 0.0 0 0 -0.010046905568808606
-1 0.0 0 0 0.0006649352332997385
nodes 29
54 0.10916673392057419 1 6 0.0
77 0.052450764924287796 2 5 -0.0028021870256800616
86 -0.053722791373729706 3 4 0.002421957958655149
-1 0.0 0 0 -0.0016071643576966808
-1 0.0 0 0 0.0009128446552473968
-1 0.0 0 0 -0.0017822024034599697
2 0.334744930267334 7 10 0.015062068176636962
54 0.14661894738674164 8 9 -0.014674369073648528
-1 0.0 0 0 0.0022098608146809825
-1 0.0 0 0 -0.006084388101383089
95 -0.1741311401128769 11 12 0.031154453357868293
-1 0.0 0 0 -0.02602935604302696
5 1.220409870147705 13 20 0.034280211599091615
6 1.0856603384017944 14 15 0.016927130627728184
-1 0.0 0 0 0.0021289141725308078
37 -0.02670014649629593 16 19 -0.3787772835082846
70 0.019300242885947227 17 18 -0.15712002204414807
-1 0.0 0 0 0.01841362106303374
-1 0.0 0 0 -0.06022368472717379
-1 0.0 0 0 -0.07983428141368287
74 0.1111646518111229 21 24 0.08309355447537294
18 -0.2370322197675705 22 23 0.055240288674903604
-1 0.0 0 0 0.05899426971596701
-1 0.0 0 0 0.004836881555301466
16 0.019877569749951363 25 28 0.1986330274254679
96 0.04047531262040138 26 27 0.28047573773227913
-1 0.0 0 0 0.03376609772101374
-1 0.0 0 0 -0.006062919950406803
-1 0.0 0 0 -0.008146659319353258
nodes 29
26 -0.10633779317140579 1 12 0.0
77 0.030891286209225655 2 5 -0.02053898272516258
19 -0.04448029771447182 3 4 -0.00288567629499739
-1 0.0 0 0 0.004161476718653389
-1 0.0 0 0 -0.002922956615504025
83 0.12374082207679749 6 9 -0.057101823383894225
40 -0.13748066127300262 7 8 -0.04340060885175599
-1 0.0 0 0 -0.028230404814948207
-1 0.0 0 0 -0.0032772409424584427
87 -0.006419570650905371 10 11 -0.21319160919306399
-1 0.0 0 0 -0.0044252332959990575
-1 0.0 0 0 -0.03570539616102906
96 -0.1922881156206131 13 26 0.0020362896143945124
98 -0.027177751064300537 14 19 0.023758016191565298
85 0.12710106372833252 15 16 0.04827565381782218
-1 0.0 0 0 0.00310392061211571
6 1.033541202545166 17 18 0.12027520794069531
-1 0.0 0 0 0.019543877179388214
-1 0.0 0 0 0.0037768077504151177
36 0.06826609373092651 20 25 -0.0044863422118588585
37 -0.2166556566953659 21 24 -0.02694724094320662
17 -0.10391701757907867 22 23 -0.18707467820544893
-1 0.0 0 0 0.03715075955895538
-1 0.0 0 0 -0.02439673172030881
-1 0.0 0 0 -0.0015668658502125334
-1 0.0 0 0 0.005781509238268475
30 -0.07656833529472351 27 28 -0.000825174304653113
-1 0.0 0 0 -0.001970546127002108
-1 0.0 0 0 0.00034601283932205883
nodes 29
0 0.20887574553489685 1 2 0.0
-1 0.0 0 0 -0.003607082065958174
94 -0.2154662311077118 3 12 0.0011685721131980914
37 -0.10757462680339813 4 9 0.04713746165956689
8 70.5 5 8 0.11866940280118077
92 -0.11301593482494354 6 7 0.09522467083342583
-1 0.0 0 0 -0.03680148346779438
-1 0.0 0 0 0.010695225325143519
-1 0.0 0 0 0.033714110865999444
68 0.10643474012613297 10 11 -0.008429655842846018
-1 0.0 0 0 0.00139913213075509
-1 0.0 0 0 -0.025961751367412206
5 1.1734683513641357 13 14 -0.00013297285649420214
-1 0.0 0 0 -0.0007895728937454063
59 0.08615905046463013 15 18 0.007445258160691584
69 -0.10921238362789154 16 17 -0.0037166592492690292
-1 0.0 0 0 -0.006459790655618091
-1 0.0 0 0 0.0001538477609645116
2 0.3312810957431793 19 20 0.025112951210705104
-1 0.0 0 0 -7.989858296782786e-05
1 0.3653530180454254 21 28 0.05043629608859398
63 -0.004594751633703709 22 25 0.06056234690136687
7 0.0 23 24 0.08649918839994344
-1 0.0 0 0 -0.016692686029600494
-1 0.0 0 0 0.009350484354942328
2 0.37208810448646545 26 27 0.012336712439931612
-1 0.0 0 0 -0.003968823453815553
-1 0.0 0 0 0.007649041392340488
-1 0.0 0 0 -0.0055396465657663145
nodes 29
0 0.4964250326156616 1 22 0.0
108 0.026137758046388626 2 17 -0.0022323185897888177
29 0.1587531417608261 3 4 -0.010897273040481192
-1 0.0 0 0 -0.0016410541361399117
32 0.04219042509794235 5 8 0.032729263090939986
69 -0.0579146072268486 6 7 -0.010688406221423674
-1 0.0 0 0 -0.015020055902107463
-1 0.0 0 0 0.0014712810443692059
2 0.24889688193798065 9 10 0.09947549358305553
-1 0.0 0 0 0.0002884718585712835
37 -0.16061043739318848 11 14 0.14573544329442656
17 -0.03356877341866493 12 13 0.3261001669949003
-1 0.0 0 0 0.04577543916860344
-1 0.0 0 0 0.0046145781157431245
63 0.19566452503204346 15 16 0.09824347345267548
-1 0.0 0 0 0.008267690210608726
-1 0.0 0 0 0.07011487559916882
25 -0.04029204696416855 18 19 0.006031622564136017
-1 0.0 0 0 -0.0017107148792961737
2 0.3728448152542114 20 21 0.014194827889201393
-1 0.0 0 0 9.47100754905172e-05
-1 0.0 0 0 0.0032872632095070522
75 0.046745240688323975 23 24 0.01885115869042857
-1 0.0 0 0 -0.00027491618860653777
24 0.048062678426504135 25 28 0.04767063402749677
96 0.10469488799571991 26 27 0.0200208839334986
-1 0.0 0 0 0.0035242510921003087
-1 0.0 0 0 -0.012402377566404381
-1 0.0 0 0 0.010072826258625003
nodes 29
89 -0.21582011878490448 1 4 0.0
17 -0.18941296637058258 2 3 0.026745605874950642
-1 0.0 0 0 -0.023331228056432386
-1 0.0 0 0 0.0031324089791135053
6 0.9562504291534424 5 28 -0.001553927379616588
4 0.7056169509887695 6 7 -0.02313553244108541
-1 0.0 0 0 0.0063623608868695215
87 -0.03677510842680931 8 9 -0.03283852294701419
-1 0.0 0 0 0.0008951720917181609
57 -0.12609347701072693 10 13 -0.05300143817370118
21 0.2316339761018753 11 12 -0.1926905243331065
-1 0.0 0 0 -0.02417742855467133
-1 0.0 0 0 0.017952799820341172
14 0.15186378359794617 14 27 -0.044139118571349015
49 -0.02149396389722824 15 16 -0.0381894938776571
-1 0.0 0 0 -0.01778760379037545
6 0.8095192909240723 17 18 -0.030026298320874112
-1 0.0 0 0 -0.01420218819179214
37 0.05671381577849388 19 20 -0.01992666007754783
-1 0.0 0 0 -0.000781568306361159
43 0.025612203404307365 21 26 -0.13515528398941337
58 0.09996507316827774 22 23 -0.08310221935607842
-1 0.0 0 0 0.000435306188181783
9 0.04114667326211929 24 25 -0.28373492337242867
-1 0.0 0 0 -0.015363801323582192
-1 0.0 0 0 -0.08613652043789626
-1 0.0 0 0 -0.04546042285885101
-1 0.0 0 0 -0.026152396070329483
-1 0.0 0 0 0.00014013863659587993
nodes 29
12 0.18544963002204895 1 20 0.0
92 0.19200582802295685 2 3 0.0008131589166412265
-1 0.0 0 0 0.0001904925372519395
77 -0.00806040596216917 4 11 -0.04433636369159415
70 0.08911724388599396 5 8 -0.09057218896862025
31 0.16602301597595215 6 7 -0.05926181411847492
-1 0.0 0 0 -0.004440534024466675
-1 0.0 0 0 -0.03964692211146792
2 0.46146929264068604 9 10 -0.21922247917949966
-1 0.0 0 0 -0.016116101525612134
-1 0.0 0 0 -0.08468392558750654
77 0.0537172369658947 12 13 0.011085387137159
-1 0.0 0 0 0.008928585492228558
88 -0.044374026358127594 14 17 -0.06997791087516872
101 0.11852908134460449 15 16 -0.26784611450986834
-1 0.0 0 0 -0.0375466506653042
-1 0.0 0 0 0.020568361092009584
100 0.006259129848331213 18 19 -0.01798334641641554
-1 0.0 0 0 0.009088670123917801
-1 0.0 0 0 -0.012738446747520712
1 0.388459175825119 21 24 -0.05104647032215451
53 -0.04841079190373421 22 23 -0.09409753295290743
-1 0.0 0 0 -0.0027417840278407637
-1 0.0 0 0 -0.017397980477695817
2 0.48406878113746643 25 26 0.049834377931997874
-1 0.0 0 0 0.009409531915377675
62 -0.0036099907010793686 27 28 -0.2252643952002892
-1 0.0 0 0 0.010297738957931013
-1 0.0 0 0 -0.05852715139908176
end
