vecsearch-termination-model 1
kind gbdt
checkpoint 500
query_dim 0
bias 7.7813187078394295
trees 200
nodes 29
1 0.30622774362564087 1 20 0.0
6 1.0782663822174072 2 13 -1.1739320989778164
2 0.32148870825767517 3 6 -0.6004673751096988
1 0.23209716379642487 4 5 -0.9396695719065471
-1 0.0 0 0 -0.12152940650170581
-1 0.0 0 0 -0.06868874718815472
4 0.7508870363235474 7 8 -0.27398471619196707
-1 0.0 0 0 -0.0831174093181648
2 0.3865007758140564 9 12 -0.08038093197406099
6 1.0528929233551025 10 11 -0.21538524580834428
-1 0.0 0 0 -0.0063172201489855
-1 0.0 0 0 -0.06898757416408971
-1 0.0 0 0 0.07062803533036736
7 0.5979999899864197 14 17 -2.0492067966210197
6 1.1129523515701294 15 16 -1.7332314992795872
-1 0.0 0 0 -0.14995358065416212
-1 0.0 0 0 -0.1982255619175635
7 0.7480000257492065 18 19 -2.6951356235213297
-1 0.0 0 0 -0.2481218616047718
-1 0.0 0 0 -0.3105784117672849
1 0.35372185707092285 21 26 1.2019196302871733
4 0.7867555022239685 22 23 0.5505005596620135
-1 0.0 0 0 -0.010177385072373387
6 1.0515527725219727 24 25 0.6874921869036137
-1 0.0 0 0 0.07984123337411175
-1 0.0 0 0 -0.00304586181654023
1 0.37783876061439514 27 28 1.5764876723312653
-1 0.0 0 0 0.130664357221293
-1 0.0 0 0 0.16853814528908298
nodes 29
1 0.30832675099372864 1 18 0.0
6 1.072611927986145 2 11 -1.0405210796533029
2 0.32952550053596497 3 6 -0.48877130603130015
1 0.2496667504310608 4 5 -0.7602447376130519
-1 0.0 0 0 -0.09872031131646986
-1 0.0 0 0 -0.045955549041256614
4 0.7701389789581299 7 8 -0.15233566654418595
-1 0.0 0 0 -0.061875713737314236
2 0.3881100118160248 9 10 0.04789067852404033
-1 0.0 0 0 -0.008495328685812773
-1 0.0 0 0 0.07164433157865495
7 0.5419999957084656 12 15 -1.790555136300573
6 1.1009384393692017 13 14 -1.4565272882444262
-1 0.0 0 0 -0.12221893074305412
-1 0.0 0 0 -0.16659328560590275
7 0.734000027179718 16 17 -2.3143079656326253
-1 0.0 0 0 -0.21181832922171623
-1 0.0 0 0 -0.27512023656430146
1 0.3505837917327881 19 26 1.0992800170915764
4 0.7728350758552551 20 21 0.4847350518412386
-1 0.0 0 0 -0.016686176101094432
6 1.045029640197754 22 25 0.5928462561781346
1 0.3310249447822571 23 24 0.7111446814932642
-1 0.0 0 0 0.05239038603128107
-1 0.0 0 0 0.0897192674933053
-1 0.0 0 0 0.00648153292366724
1 0.37783876061439514 27 28 1.4028424599099405
-1 0.0 0 0 0.115295063374668
-1 0.0 0 0 0.15168433077708376
nodes 29
1 0.3032265901565552 1 18 0.0
6 1.0856603384017944 2 15 -0.9744143681613318
2 0.37208810448646545 3 14 -0.545339677700082
1 0.26250019669532776 4 9 -0.6400569691978754
6 1.056542158126831 5 8 -0.8544791594484192
4 0.7351712584495544 6 7 -0.7027783014319418
-1 0.0 0 0 -0.10189064878999393
-1 0.0 0 0 -0.054595743343795106
-1 0.0 0 0 -0.11256200599783649
6 1.0542731285095215 10 13 -0.32128000685230274
4 0.805396318435669 11 12 -0.1792482213882473
-1 0.0 0 0 -0.04876332586937855
-1 0.0 0 0 -6.910079560025701e-06
-1 0.0 0 0 -0.07649362185175809
-1 0.0 0 0 0.026935001842190512
7 0.578000009059906 16 17 -1.7335613111177404
-1 0.0 0 0 -0.1443772765103736
-1 0.0 0 0 -0.21892596489745375
1 0.3505837917327881 19 26 0.9517625276081486
6 1.0489447116851807 20 25 0.39097263900274004
4 0.7932910919189453 21 22 0.5056753938168216
-1 0.0 0 0 0.000806173948092849
2 0.3743872046470642 23 24 0.6245658262510985
-1 0.0 0 0 0.04383261153861808
-1 0.0 0 0 0.08264597224291172
-1 0.0 0 0 -0.015963746601958248
2 0.41495728492736816 27 28 1.2625582141285627
-1 0.0 0 0 0.10098820766693394
-1 0.0 0 0 0.13590078396340743
nodes 29
1 0.31031423807144165 1 18 0.0
6 1.0686558485031128 2 11 -0.8308532013405452
2 0.3303994834423065 3 6 -0.3590886855680796
3 0.6092641949653625 4 5 -0.5902653018584785
-1 0.0 0 0 -0.09111798518128345
-1 0.0 0 0 -0.04157862687293659
4 0.7508870363235474 7 8 -0.0831495873552284
-1 0.0 0 0 -0.055338014421176335
2 0.39580026268959045 9 10 0.06733170551016691
-1 0.0 0 0 -0.00224592017000886
-1 0.0 0 0 0.06893274673332275
7 0.4779999852180481 12 15 -1.4212410575418553
2 0.333871990442276 13 14 -1.0938590329273652
-1 0.0 0 0 -0.11898440057485345
-1 0.0 0 0 -0.07247295438094407
6 1.1348867416381836 16 17 -1.79453641487667
-1 0.0 0 0 -0.14387839277634826
-1 0.0 0 0 -0.2024882089181008
1 0.35576730966567993 19 26 0.9057711793959877
4 0.7867555022239685 20 21 0.45464594163675615
-1 0.0 0 0 -0.005539114899531969
6 1.0621976852416992 22 25 0.5535688564611201
2 0.38007909059524536 23 24 0.6091294487401765
-1 0.0 0 0 0.044529112356651024
-1 0.0 0 0 0.0803086093003845
-1 0.0 0 0 -0.017196167929184984
4 0.7975659370422363 27 28 1.1602554862331638
-1 0.0 0 0 0.044790712399047236
-1 0.0 0 0 0.11858524521402825
nodes 29
1 0.3001307547092438 1 18 0.0
6 1.0928704738616943 2 13 -0.8097850602335671
6 1.0522103309631348 3 10 -0.4834526164532697
4 0.713226318359375 4 5 -0.29569319187462867
-1 0.0 0 0 -0.0746808176216852
2 0.37929949164390564 6 9 -0.1617542594977755
1 0.2691858112812042 7 8 -0.24467967686008188
-1 0.0 0 0 -0.04050213482769495
-1 0.0 0 0 -0.0014195687425256531
-1 0.0 0 0 0.04740538871137248
2 0.3672093152999878 11 12 -0.7908811936496248
-1 0.0 0 0 -0.08458632761963579
-1 0.0 0 0 -0.008106125553206441
7 0.6600000262260437 14 17 -1.4656672525562537
7 0.3540000021457672 15 16 -1.2805843909641637
-1 0.0 0 0 -0.10138405700046929
-1 0.0 0 0 -0.14205011932487852
-1 0.0 0 0 -0.1948934535145065
1 0.34336036443710327 19 24 0.754593775338105
6 1.056542158126831 20 23 0.23857683135515012
4 0.8329603672027588 21 22 0.32750367041238493
-1 0.0 0 0 0.004071630566302521
-1 0.0 0 0 0.046812102298703175
-1 0.0 0 0 -0.032927885840943444
2 0.4084882438182831 25 26 0.9953938849147829
-1 0.0 0 0 0.07284593892442835
4 0.8133923411369324 27 28 1.0897011871811932
-1 0.0 0 0 0.05517128414809901
-1 0.0 0 0 0.11146987999057273
nodes 29
1 0.3145797848701477 1 20 0.0
6 1.0696371793746948 2 11 -0.6542081929115289
1 0.2758457064628601 3 8 -0.2781261496979061
2 0.3600446581840515 4 7 -0.46011287122408906
4 0.7056169509887695 5 6 -0.54783959522589
-1 0.0 0 0 -0.08187363041494418
-1 0.0 0 0 -0.045741210443510816
-1 0.0 0 0 0.00834173335543841
4 0.8346096277236938 9 10 -0.003303314389748185
-1 0.0 0 0 -0.021922725397068122
-1 0.0 0 0 0.01483296773760113
6 1.137887954711914 12 17 -1.1571179212946823
2 0.3421030342578888 13 16 -0.9335593052420391
7 0.4099999964237213 14 15 -1.0172727760010571
-1 0.0 0 0 -0.08582460405927717
-1 0.0 0 0 -0.12269425996294046
-1 0.0 0 0 -0.05313559740024276
7 0.6940000057220459 18 19 -1.5300702637100727
-1 0.0 0 0 -0.13461730542192593
-1 0.0 0 0 -0.18989554895867958
2 0.40080341696739197 21 26 0.7595623761522691
3 0.7200824022293091 22 23 0.4092076999881046
-1 0.0 0 0 0.006866615175461072
6 1.0462595224380493 24 25 0.5141159379437489
-1 0.0 0 0 0.058284108371945115
-1 0.0 0 0 0.010794346152242291
4 0.8530445098876953 27 28 0.9498704187508789
-1 0.0 0 0 0.06165101474780058
-1 0.0 0 0 0.10028792373971605
nodes 29
2 0.3632267713546753 1 16 0.0
6 1.0648610591888428 2 9 -0.6292770804544892
1 0.2758457064628601 3 6 -0.2604871584104433
4 0.8190411925315857 4 5 -0.46730524800827566
-1 0.0 0 0 -0.06270773725326326
-1 0.0 0 0 -0.03284542431005013
3 0.6498228907585144 7 8 0.00042021228610814536
-1 0.0 0 0 -0.03287654395353803
-1 0.0 0 0 0.007968830940980649
7 0.515999972820282 10 13 -1.0486879765889916
7 0.3059999942779541 11 12 -0.8315648087614675
-1 0.0 0 0 -0.06897699511920276
-1 0.0 0 0 -0.09772452843219485
7 0.7639999985694885 14 15 -1.3788233949053814
-1 0.0 0 0 -0.12731289676618027
-1 0.0 0 0 -0.18047713705779508
2 0.40343743562698364 17 24 0.6442795785305693
3 0.668027937412262 18 21 0.3147646015358923
4 0.7098034024238586 19 20 -0.09801562446463961
-1 0.0 0 0 -0.05358560041972023
-1 0.0 0 0 0.0010408418502371808
6 1.0696371793746948 22 23 0.4874698736235143
-1 0.0 0 0 0.05214641006907772
-1 0.0 0 0 -0.026040312185626975
6 0.8475961685180664 25 26 0.8539639831852492
-1 0.0 0 0 -0.0027842497059550678
4 0.8072726130485535 27 28 0.876393196813237
-1 0.0 0 0 0.039141346199269324
-1 0.0 0 0 0.09049593734336137
nodes 29
2 0.35850054025650024 1 14 0.0
6 1.0944085121154785 2 11 -0.5941035163214756
1 0.2519840896129608 3 6 -0.356388670722992
7 0.3240000009536743 4 5 -0.5903253947463678
-1 0.0 0 0 -0.049957854324645445
-1 0.0 0 0 -0.08148088312509712
6 1.0420279502868652 7 10 -0.15713848087250515
3 0.6705285310745239 8 9 -0.01560304569419899
-1 0.0 0 0 -0.02684357259108154
-1 0.0 0 0 0.010378086224914373
-1 0.0 0 0 -0.03932432928201073
7 0.6480000019073486 12 13 -1.1050445398982631
-1 0.0 0 0 -0.09570850501489093
-1 0.0 0 0 -0.14432784732343207
1 0.3380826711654663 15 22 0.5536121094106601
4 0.8329603672027588 16 19 0.13749667003216673
4 0.713226318359375 17 18 -0.11263325781472518
-1 0.0 0 0 -0.0477761937777712
-1 0.0 0 0 -0.00026183990258774113
6 1.0557838678359985 20 21 0.31153802166432937
-1 0.0 0 0 0.039938209144673276
-1 0.0 0 0 -0.00926247655441633
4 0.8530445098876953 23 24 0.7169129337574749
-1 0.0 0 0 0.041441135980877813
2 0.42637157440185547 25 26 0.7745322811762743
-1 0.0 0 0 0.06603033471457563
2 0.4981071352958679 27 28 0.8613418932186293
-1 0.0 0 0 0.08849238775329848
-1 0.0 0 0 0.03408209546596292
nodes 29
1 0.2959863245487213 1 16 0.0
6 1.0976545810699463 2 11 -0.5529717184050419
6 1.0482453107833862 3 8 -0.34391964385295726
4 0.7314875721931458 4 5 -0.18688032989328976
-1 0.0 0 0 -0.0481629977052069
2 0.37929949164390564 6 7 -0.07576724090148908
-1 0.0 0 0 -0.013860956120471592
-1 0.0 0 0 0.03857632426369638
2 0.3736247718334198 9 10 -0.5368413895727423
-1 0.0 0 0 -0.05719523049337233
-1 0.0 0 0 0.007339174892410235
7 0.671999990940094 12 15 -0.9994654819877601
7 0.37599998712539673 13 14 -0.8788192537989092
-1 0.0 0 0 -0.06878430807699258
-1 0.0 0 0 -0.09829732576955129
-1 0.0 0 0 -0.1325672705244026
1 0.3380826711654663 17 22 0.4838567338551232
6 1.0420279502868652 18 21 0.11128603050578537
4 0.8856208920478821 19 20 0.21287962783199693
-1 0.0 0 0 0.008294822023588116
-1 0.0 0 0 0.036685099552839516
-1 0.0 0 0 -0.016762897953072283
1 0.36736246943473816 23 26 0.6446599855637719
4 0.8329603672027588 24 25 0.4530490408442493
-1 0.0 0 0 0.016593934252297864
-1 0.0 0 0 0.05330599303379957
0 0.5420362949371338 27 28 0.724734895094881
-1 0.0 0 0 0.07379763465491106
-1 0.0 0 0 0.009608355040810437
nodes 29
2 0.35445094108581543 1 14 0.0
6 1.0613887310028076 2 7 -0.5042241166315232
3 0.5926269888877869 3 4 -0.21586770664620297
-1 0.0 0 0 -0.04689738689909869
1 0.26250019669532776 5 6 -0.10687384518210981
-1 0.0 0 0 -0.02748483042410743
-1 0.0 0 0 -0.0008935673838068608
7 0.4620000123977661 8 11 -0.7722490130745354
1 0.24252641201019287 9 10 -0.5807806027762394
-1 0.0 0 0 -0.06621677817455017
-1 0.0 0 0 -0.04294799671461188
7 0.800000011920929 12 13 -0.9920278608976824
-1 0.0 0 0 -0.09360997042596021
-1 0.0 0 0 -0.14982003316410644
2 0.397416889667511 15 20 0.4343037867179785
3 0.6419153809547424 16 17 0.1511626645857117
-1 0.0 0 0 -0.01881848822932449
6 1.0420279502868652 18 19 0.2787156482464237
-1 0.0 0 0 0.03557413943833764
-1 0.0 0 0 -7.386672418710853e-05
6 0.9025515913963318 21 22 0.6129506123273114
-1 0.0 0 0 0.012654126686623158
2 0.4273034334182739 23 26 0.6471680620583757
4 0.7416664361953735 24 25 0.5263835786913426
-1 0.0 0 0 -0.01605898767941979
-1 0.0 0 0 0.05492922630823774
2 0.5074802041053772 27 28 0.7282770861920927
-1 0.0 0 0 0.07413638232524732
-1 0.0 0 0 0.008302228566853309
nodes 29
2 0.3672093152999878 1 16 0.0
6 1.0596075057983398 2 9 -0.40121889705232017
1 0.2691858112812042 3 6 -0.1390592513147716
1 0.20261700451374054 4 5 -0.3070989892709825
-1 0.0 0 0 -0.051105969090338516
-1 0.0 0 0 -0.022852689980078663
4 0.8614833950996399 7 8 0.010880793331292651
-1 0.0 0 0 -0.012902624414783626
-1 0.0 0 0 0.012812427199820101
6 1.1151620149612427 10 13 -0.673528889098298
1 0.2182057946920395 11 12 -0.5022054645475555
-1 0.0 0 0 -0.06440611981408909
-1 0.0 0 0 -0.04022771150438571
7 0.7080000042915344 14 15 -0.8841821613056161
-1 0.0 0 0 -0.07889032345059631
-1 0.0 0 0 -0.1169656664416364
2 0.4084882438182831 17 24 0.44434253013980124
3 0.7277429103851318 18 23 0.24724334538490528
4 0.7098034024238586 19 20 0.028165734148434436
-1 0.0 0 0 -0.03965004069264516
6 1.0528929233551025 21 22 0.08777526914458864
-1 0.0 0 0 0.015580547115810296
-1 0.0 0 0 -0.018572613783066662
-1 0.0 0 0 0.04041026082525377
6 0.9157595634460449 25 26 0.5831394886388582
-1 0.0 0 0 0.02075100334705826
0 0.5420362949371338 27 28 0.6164824231100579
-1 0.0 0 0 0.06283939611864378
-1 0.0 0 0 0.009491976989525641
nodes 29
1 0.3186608850955963 1 20 0.0
6 1.0883917808532715 2 15 -0.3421809271672868
2 0.313972532749176 3 6 -0.1786197485982677
1 0.20746755599975586 4 5 -0.36164427668444865
-1 0.0 0 0 -0.054932579666127905
-1 0.0 0 0 -0.02626437164593572
4 0.8093044757843018 7 10 -0.06624706853411248
4 0.669711172580719 8 9 -0.2476089871495081
-1 0.0 0 0 -0.04997146481600466
-1 0.0 0 0 -0.017338355417198904
2 0.4140511751174927 11 14 0.05180903414164316
6 1.0420279502868652 12 13 0.022036247087436414
-1 0.0 0 0 0.01151680925225991
-1 0.0 0 0 -0.012917048247785282
-1 0.0 0 0 0.0698534846223278
7 0.5080000162124634 16 17 -0.6985757891279856
-1 0.0 0 0 -0.05380608119532693
7 0.800000011920929 18 19 -0.8556580719893306
-1 0.0 0 0 -0.08005559537781651
-1 0.0 0 0 -0.12409220639548535
1 0.3653530180454254 21 26 0.42323888519356384
4 0.7728350758552551 22 23 0.26332450358646436
-1 0.0 0 0 -0.008087647101146936
6 1.0696371793746948 24 25 0.30475711407707967
-1 0.0 0 0 0.032339671558245485
-1 0.0 0 0 -0.02018132366736508
8 71.5 27 28 0.527533699748242
-1 0.0 0 0 0.0542043198533119
-1 0.0 0 0 0.008286422997031148
nodes 29
2 0.37208810448646545 1 16 0.0
6 1.058838129043579 2 9 -0.3125034154741473
3 0.6445357799530029 3 6 -0.09593624000272473
4 0.6530696153640747 4 5 -0.2785063023303741
-1 0.0 0 0 -0.04609828219142204
-1 0.0 0 0 -0.020434287754676927
1 0.28018617630004883 7 8 0.009593713893212888
-1 0.0 0 0 -0.012308503709509876
-1 0.0 0 0 0.009004306887828117
7 0.42800000309944153 10 13 -0.5451907955733453
4 0.7867555022239685 11 12 -0.384676360847102
-1 0.0 0 0 -0.05200553806690174
-1 0.0 0 0 -0.030160066053961772
6 1.1416352987289429 14 15 -0.7116602762923571
-1 0.0 0 0 -0.05760729110570783
-1 0.0 0 0 -0.08428937303749733
4 0.8530445098876953 17 24 0.38043954281559655
4 0.713226318359375 18 19 0.1339883543104412
-1 0.0 0 0 -0.03334814291764447
6 0.9230248928070068 20 21 0.18257543928143555
-1 0.0 0 0 -0.01580477379687256
2 0.4193296432495117 22 23 0.23438487541349828
-1 0.0 0 0 0.01522500819466593
-1 0.0 0 0 0.04591316282173333
6 0.897193431854248 25 26 0.45051326458000596
-1 0.0 0 0 0.008456720023051697
2 0.42910218238830566 27 28 0.4697885961464553
-1 0.0 0 0 0.03909080968231415
-1 0.0 0 0 0.055208523715562424
nodes 29
2 0.35445094108581543 1 14 0.0
7 0.33799999952316284 2 9 -0.3357179674605923
1 0.24252641201019287 3 4 -0.1780652258499793
-1 0.0 0 0 -0.031940787529617494
6 1.0420279502868652 5 8 -0.07733679983373964
4 0.8614833950996399 6 7 -0.0002691775986346912
-1 0.0 0 0 -0.010527995634582926
-1 0.0 0 0 0.011435333004213732
-1 0.0 0 0 -0.020947269501487193
1 0.212176114320755 10 13 -0.5815038487571913
7 0.8199999928474426 11 12 -0.6897731816147933
-1 0.0 0 0 -0.06580349630982245
-1 0.0 0 0 -0.11484015364584128
-1 0.0 0 0 -0.04115136099740861
2 0.39580026268959045 15 22 0.28916424276987585
6 1.0528929233551025 16 19 0.09444211125136863
4 0.8747338056564331 17 18 0.16177659220914092
-1 0.0 0 0 0.002922525014369133
-1 0.0 0 0 0.028183569666814092
6 1.1009384393692017 20 21 -0.19810839420332454
-1 0.0 0 0 -0.012309111838122824
-1 0.0 0 0 -0.05795376974483574
6 0.8324276208877563 23 24 0.4046406736185087
-1 0.0 0 0 -0.030384302050340924
8 58.5 25 26 0.4191104616225116
-1 0.0 0 0 0.04649659398837127
4 0.7508870363235474 27 28 0.28648006583675756
-1 0.0 0 0 -0.01274012912261361
-1 0.0 0 0 0.03185150395467392
nodes 29
1 0.2916117310523987 1 16 0.0
7 0.3100000023841858 2 9 -0.30978615610207666
4 0.7056169509887695 3 4 -0.15685166220510388
-1 0.0 0 0 -0.035894072564181485
2 0.41756290197372437 5 8 -0.09432214625844805
6 1.038118839263916 6 7 -0.10797008344827609
-1 0.0 0 0 -0.0013559535769673958
-1 0.0 0 0 -0.01949436877291776
-1 0.0 0 0 0.06002801855165401
6 1.1416352987289429 10 13 -0.5012807628422862
2 0.29110369086265564 11 12 -0.40082705774621297
-1 0.0 0 0 -0.052224179532362226
-1 0.0 0 0 -0.03052309888981254
7 0.8199999928474426 14 15 -0.6729571232966548
-1 0.0 0 0 -0.06345817073671253
-1 0.0 0 0 -0.10586042403283853
2 0.3865007758140564 17 20 0.25447707439487444
6 1.0420279502868652 18 19 0.058567709711407505
-1 0.0 0 0 0.012799493137538987
-1 0.0 0 0 -0.013664915694976347
6 0.9261155128479004 21 22 0.3546537095596434
-1 0.0 0 0 0.00959856471370087
4 0.7508870363235474 23 24 0.3829592303628777
-1 0.0 0 0 -0.010472009464756673
2 0.43177488446235657 25 26 0.39353515182076143
-1 0.0 0 0 0.033007076322114776
2 0.49207547307014465 27 28 0.4591503294990192
-1 0.0 0 0 0.04825980588362658
-1 0.0 0 0 0.012971757061564013
nodes 29
2 0.35445094108581543 1 12 0.0
7 0.4099999964237213 2 9 -0.2740271026733783
1 0.23209716379642487 3 4 -0.1647945060982338
-1 0.0 0 0 -0.03020126596357946
4 0.7995002269744873 5 6 -0.08307279710057842
-1 0.0 0 0 -0.021395659801642868
6 1.0420279502868652 7 8 -0.013210170718104193
-1 0.0 0 0 0.006249141344355939
-1 0.0 0 0 -0.011405929229033121
7 0.6480000019073486 10 11 -0.5115795230106112
-1 0.0 0 0 -0.042871006321440086
-1 0.0 0 0 -0.0660820986732764
4 0.8500955700874329 13 20 0.23602799745967787
4 0.7056169509887695 14 15 0.023912645797735856
-1 0.0 0 0 -0.031632708910851536
6 1.0482453107833862 16 19 0.07145188250587181
6 0.9230248928070068 17 18 0.1223963716708285
-1 0.0 0 0 -0.017552452328632093
-1 0.0 0 0 0.017495789733624045
-1 0.0 0 0 -0.016883175088178482
2 0.3865007758140564 21 24 0.30652795884581846
6 1.0928704738616943 22 23 0.14546038507221523
-1 0.0 0 0 0.016407514685038437
-1 0.0 0 0 -0.04016517437122338
6 0.8324276208877563 25 26 0.3533848240936329
-1 0.0 0 0 -0.023641498236520612
2 0.5074802041053772 27 28 0.36253123677547777
-1 0.0 0 0 0.03686996503840795
-1 0.0 0 0 -0.013324276809999473
nodes 29
2 0.37208810448646545 1 14 0.0
6 1.0748132467269897 2 9 -0.20802052926527892
3 0.6092641949653625 3 6 -0.08763886877044232
4 0.6530696153640747 4 5 -0.23754942688708394
-1 0.0 0 0 -0.03601984049418067
-1 0.0 0 0 -0.017389097270499154
6 1.0420279502868652 7 8 -0.020951724250694085
-1 0.0 0 0 0.004356671487334325
-1 0.0 0 0 -0.01401564769484309
6 1.1627334356307983 10 13 -0.4032943241380762
2 0.2923676371574402 11 12 -0.33618567422555795
-1 0.0 0 0 -0.041484326452796844
-1 0.0 0 0 -0.02614661863858312
-1 0.0 0 0 -0.056082530841713385
4 0.8133923411369324 15 18 0.2532427845563541
4 0.7098034024238586 16 17 0.013524421119194836
-1 0.0 0 0 -0.027216765454705895
-1 0.0 0 0 0.0064302300903451405
6 0.9157595634460449 19 20 0.2878689055705222
-1 0.0 0 0 0.004882788698883584
2 0.4236500859260559 21 24 0.3076308206984804
6 1.043715476989746 22 23 0.24008892558135272
-1 0.0 0 0 0.027562972661849955
-1 0.0 0 0 0.00481815947891831
1 0.35576730966567993 25 26 0.3702001967033013
-1 0.0 0 0 0.07296759853408478
1 0.4736008048057556 27 28 0.3564516996766098
-1 0.0 0 0 0.0366506792943802
-1 0.0 0 0 -0.01112545315375644
nodes 29
2 0.34955283999443054 1 12 0.0
7 0.33399999141693115 2 7 -0.23464762354405033
3 0.5609731078147888 3 4 -0.12355843506422869
-1 0.0 0 0 -0.02566640817418552
6 1.038118839263916 5 6 -0.06892847463146035
-1 0.0 0 0 0.0004587167845163144
-1 0.0 0 0 -0.014226147941344542
7 0.6940000057220459 8 11 -0.39707485058139486
1 0.1894749402999878 9 10 -0.3465608177096757
-1 0.0 0 0 -0.043715487168407105
-1 0.0 0 0 -0.02829887267649124
-1 0.0 0 0 -0.058814790414361634
4 0.8602426052093506 13 20 0.18378317580302114
6 1.0482453107833862 14 19 0.018812599840480615
6 0.9486059546470642 15 16 0.07168953097228649
-1 0.0 0 0 -0.012767947271493926
2 0.3915768265724182 17 18 0.12717393250764641
-1 0.0 0 0 0.00360348907958835
-1 0.0 0 0 0.022809264852607807
-1 0.0 0 0 -0.019695965992650714
2 0.38007909059524536 21 24 0.2511093973000499
6 1.1026302576065063 22 23 0.10974472143653768
-1 0.0 0 0 0.012572382450173114
-1 0.0 0 0 -0.04396796169925698
6 0.8095192909240723 25 26 0.286234524134565
-1 0.0 0 0 -0.028639419935243396
0 0.5420362949371338 27 28 0.29256883235950837
-1 0.0 0 0 0.029650772925393688
-1 0.0 0 0 -0.025094688316552784
nodes 29
1 0.28018617630004883 1 16 0.0
7 0.257999986410141 2 7 -0.22649866484277847
4 0.8294677138328552 3 4 -0.09989150625708375
-1 0.0 0 0 -0.01823530466898131
8 44.5 5 6 -0.01674832104332931
-1 0.0 0 0 -0.00942686094655715
-1 0.0 0 0 0.009044892627995307
7 0.6380000114440918 8 13 -0.33637755905843747
4 0.6931558847427368 9 10 -0.28494310459165206
-1 0.0 0 0 -0.04134430432119051
6 1.1026302576065063 11 12 -0.2431672314703616
-1 0.0 0 0 -0.01801505001810324
-1 0.0 0 0 -0.03457894503018671
7 0.8500000238418579 14 15 -0.4846002269529427
-1 0.0 0 0 -0.04543558999764681
-1 0.0 0 0 -0.09141514114431433
2 0.38246142864227295 17 22 0.156003513289939
4 0.8867554068565369 18 21 0.018356227772202246
6 1.0420279502868652 19 20 -0.05878170027872089
-1 0.0 0 0 0.0003577384500502825
-1 0.0 0 0 -0.021440705776397867
-1 0.0 0 0 0.010139650998702983
8 60.5 23 26 0.23076557840761733
6 1.0696371793746948 24 25 0.2660699395953229
-1 0.0 0 0 0.027271782983688254
-1 0.0 0 0 -0.012655286893408108
6 0.9441081285476685 27 28 0.10132054742022553
-1 0.0 0 0 -0.010233482944140681
-1 0.0 0 0 0.01629365413701254
nodes 29
2 0.34544211626052856 1 12 0.0
1 0.2182057946920395 2 5 -0.2001652257244232
7 0.6179999709129333 3 4 -0.3200241425318992
-1 0.0 0 0 -0.026692787143748387
-1 0.0 0 0 -0.04646004088177902
6 1.0489447116851807 6 9 -0.10100223737323084
3 0.7200824022293091 7 8 -0.02682273675450302
-1 0.0 0 0 -0.009721174373388387
-1 0.0 0 0 0.004725124226894084
4 0.7595893144607544 10 11 -0.18159139682245204
-1 0.0 0 0 -0.03143505724458977
-1 0.0 0 0 -0.01344063006587496
4 0.8035163879394531 13 20 0.14471532977311521
4 0.6931558847427368 14 15 -0.07034158342145048
-1 0.0 0 0 -0.028030328013436787
6 1.0420279502868652 16 19 -0.019441778157712936
6 0.941961407661438 17 18 0.03927662812995282
-1 0.0 0 0 -0.018389016343419537
-1 0.0 0 0 0.010072991997021354
-1 0.0 0 0 -0.01745125542413879
2 0.41495728492736816 21 26 0.18428801295749234
6 1.0420279502868652 22 25 0.11463150362007378
6 0.950600802898407 23 24 0.15134556721128373
-1 0.0 0 0 -0.00023027515683283705
-1 0.0 0 0 0.018424576401009984
-1 0.0 0 0 -0.0006604968051834473
6 0.9712924957275391 27 28 0.2559539832861025
-1 0.0 0 0 0.014891549223914412
-1 0.0 0 0 0.029056063311906324
nodes 29
1 0.3207519054412842 1 20 0.0
7 0.26600000262260437 2 11 -0.1359269455159931
4 0.6638603210449219 3 4 -0.04359815739553556
-1 0.0 0 0 -0.02237289036689466
2 0.41118934750556946 5 8 -0.01517497666285523
4 0.8642157912254333 6 7 -0.02522320695068322
-1 0.0 0 0 -0.008036279621631236
-1 0.0 0 0 0.0027209693297161066
6 0.776975691318512 9 10 0.30449725897530006
-1 0.0 0 0 -0.05198426687520398
-1 0.0 0 0 0.04457793145772946
2 0.29485687613487244 12 15 -0.2535619087745761
7 0.7820000052452087 13 14 -0.3390846461976104
-1 0.0 0 0 -0.031362998716363326
-1 0.0 0 0 -0.057570317080207906
2 0.39491647481918335 16 19 -0.1562188953216868
4 0.8277952075004578 17 18 -0.172653282359474
-1 0.0 0 0 -0.026592567452680318
-1 0.0 0 0 -0.009746632076815623
-1 0.0 0 0 0.02988337467619176
4 0.7728350758552551 21 22 0.17355358924381478
-1 0.0 0 0 -0.007821986214230794
2 0.43177488446235657 23 26 0.1862846887302707
6 1.0869578123092651 24 25 0.14540071502474317
-1 0.0 0 0 0.015075154807966895
-1 0.0 0 0 -0.053423868971731285
2 0.48786455392837524 27 28 0.2446134088201338
-1 0.0 0 0 0.026814899076546817
-1 0.0 0 0 0.000873056098029866
nodes 29
2 0.34544211626052856 1 14 0.0
7 0.42800000309944153 2 9 -0.16352225580618834
1 0.20429250597953796 3 4 -0.10076674445081533
-1 0.0 0 0 -0.021225046879469387
4 0.8410940766334534 5 6 -0.06186915948368607
-1 0.0 0 0 -0.012360582973419514
8 39.5 7 8 -0.008201827541025329
-1 0.0 0 0 -0.009961331386856065
-1 0.0 0 0 0.00497069689308776
7 0.8500000238418579 10 13 -0.29971537031835893
2 0.29485687613487244 11 12 -0.2875410822428952
-1 0.0 0 0 -0.032907325480214494
-1 0.0 0 0 -0.019329743216939196
-1 0.0 0 0 -0.0732676101488303
4 0.8667193055152893 15 24 0.11822321845481569
4 0.7056169509887695 16 17 0.00699911868989536
-1 0.0 0 0 -0.021183026003590174
6 0.8475961685180664 18 19 0.03636438530732611
-1 0.0 0 0 -0.033200564371710865
2 0.41024595499038696 20 23 0.0519359220575314
6 1.0420279502868652 21 22 0.006230548165823365
-1 0.0 0 0 0.005358487122159832
-1 0.0 0 0 -0.01174235408053118
-1 0.0 0 0 0.01713881311175026
6 1.0550416707992554 25 28 0.17054955006198078
6 0.9562504291534424 26 27 0.18459776491622334
-1 0.0 0 0 0.00834957932631654
-1 0.0 0 0 0.02048744834650261
-1 0.0 0 0 -0.001098708174936925
nodes 29
2 0.3736247718334198 1 16 0.0
6 1.0489447116851807 2 7 -0.1125307100543705
4 0.8856208920478821 3 4 -0.012975354643478099
-1 0.0 0 0 -0.00644017178461841
8 36.5 5 6 0.061107623242599045
-1 0.0 0 0 -0.012358310527487561
-1 0.0 0 0 0.010110573367892789
1 0.18573428690433502 8 11 -0.19416167651962574
7 0.7820000052452087 9 10 -0.2868306229418664
-1 0.0 0 0 -0.02619817703871012
-1 0.0 0 0 -0.04848279506093314
4 0.7478727698326111 12 13 -0.14452988909524792
-1 0.0 0 0 -0.025529871068236693
6 1.1151620149612427 14 15 -0.10679709331407429
-1 0.0 0 0 -0.007077984527209789
-1 0.0 0 0 -0.02433537839077831
6 0.897193431854248 17 20 0.14141443025503767
3 0.7657347917556763 18 19 -0.09248698678695982
-1 0.0 0 0 -0.020454209496766285
-1 0.0 0 0 0.00906628464048068
2 0.42910218238830566 21 24 0.1562620170860851
4 0.8784291744232178 22 23 0.11260466667834153
-1 0.0 0 0 0.004874161405339702
-1 0.0 0 0 0.015549289209572326
5 1.369197964668274 25 28 0.2148998068003602
2 0.5074802041053772 26 27 0.2042869239667802
-1 0.0 0 0 0.021317320907343992
-1 0.0 0 0 -0.020896185247278584
-1 0.0 0 0 0.06293520037630711
nodes 29
2 0.3404717445373535 1 12 0.0
7 0.42800000309944153 2 9 -0.14068966211362552
1 0.19931340217590332 3 4 -0.08712263426157008
-1 0.0 0 0 -0.018125649456504918
4 0.8294677138328552 5 6 -0.05584503508322654
-1 0.0 0 0 -0.011368861968776452
8 39.5 7 8 -0.010606602453691178
-1 0.0 0 0 -0.008882822798085782
-1 0.0 0 0 0.0038746301146891527
7 0.8500000238418579 10 11 -0.2509844537830569
-1 0.0 0 0 -0.024015503146083035
-1 0.0 0 0 -0.06296532543169128
2 0.3881100118160248 13 20 0.09227109763937331
6 1.0420279502868652 14 17 0.010390936662766014
4 0.9186004996299744 15 16 0.05706968144652816
-1 0.0 0 0 0.0012572782692892798
-1 0.0 0 0 0.014563677298186146
4 0.8015424013137817 18 19 -0.08605949915335105
-1 0.0 0 0 -0.021708902560654848
-1 0.0 0 0 -0.002149084427799699
6 0.8324276208877563 21 22 0.14312585591168608
-1 0.0 0 0 -0.026220149491868096
0 0.5420362949371338 23 28 0.15153292511130764
2 0.43647414445877075 24 25 0.15788594405327247
-1 0.0 0 0 0.012291746527758718
1 0.33906328678131104 26 27 0.20654048697813546
-1 0.0 0 0 0.06699896907021936
-1 0.0 0 0 0.019833617071421124
-1 0.0 0 0 -0.015003720644459033
nodes 29
1 0.28018617630004883 1 14 0.0
7 0.20399999618530273 2 9 -0.12411068677680821
4 0.8093044757843018 3 4 -0.033459518135686026
-1 0.0 0 0 -0.009016962842091556
2 0.3268566131591797 5 6 0.015457657464953907
-1 0.0 0 0 -0.0031300089768955815
6 0.8095192909240723 7 8 0.12282995840669976
-1 0.0 0 0 -0.03502423591829466
-1 0.0 0 0 0.01581542527481709
1 0.1714199036359787 10 11 -0.18259460397442462
-1 0.0 0 0 -0.02600019976472411
2 0.39491647481918335 12 13 -0.1436774115683908
-1 0.0 0 0 -0.01497296846918221
-1 0.0 0 0 0.025286849965191177
1 0.3289532959461212 15 20 0.08548263717142228
6 1.1129523515701294 16 19 0.0021277618918982603
4 0.9186004996299744 17 18 0.009294826547665988
-1 0.0 0 0 -0.002456515494528698
-1 0.0 0 0 0.007554599020542778
-1 0.0 0 0 -0.03486893703912364
8 60.5 21 26 0.12315215723509694
6 1.0696371793746948 22 25 0.14616981808503218
1 0.4736008048057556 23 24 0.15175591191084145
-1 0.0 0 0 0.015546634683903292
-1 0.0 0 0 -0.019013571350464914
-1 0.0 0 0 -0.02365076417454064
6 0.9578772783279419 27 28 0.03525863187239522
-1 0.0 0 0 -0.008038600052916465
-1 0.0 0 0 0.007936855612936363
nodes 29
6 1.0482453107833862 1 20 0.0
1 0.3289532959461212 2 13 0.0676170297981208
4 0.8961055874824524 3 10 -0.003666044428480734
8 43.5 4 5 -0.04345300901182185
-1 0.0 0 0 -0.027260944642050713
4 0.6344770193099976 6 7 -0.03192156755692013
-1 0.0 0 0 -0.01669794423934027
6 0.8095192909240723 8 9 -0.011341854015301247
-1 0.0 0 0 -0.03089190198173841
-1 0.0 0 0 0.00013694297825797718
8 37.5 11 12 0.06830022212035271
-1 0.0 0 0 -0.007019969303797624
-1 0.0 0 0 0.010723726769083154
7 0.02199999988079071 14 17 0.11812888941379324
3 0.8079433441162109 15 16 0.040374000333697424
-1 0.0 0 0 -0.003165052248494142
-1 0.0 0 0 0.009769709832514482
0 0.5561773777008057 18 19 0.14701293329634493
-1 0.0 0 0 0.01498437894476158
-1 0.0 0 0 -0.03540846673403956
2 0.31009483337402344 21 24 -0.12832324617180343
7 0.7480000257492065 22 23 -0.1849725308388318
-1 0.0 0 0 -0.016764520755840125
-1 0.0 0 0 -0.033146870170807134
4 0.7867555022239685 25 26 -0.054844715850182246
-1 0.0 0 0 -0.01618094059002207
6 1.1009384393692017 27 28 -0.007133254333974892
-1 0.0 0 0 0.0020314015001210318
-1 0.0 0 0 -0.01397924875946567
nodes 29
2 0.3736247718334198 1 12 0.0
7 0.20399999618530273 2 5 -0.07546529259406137
4 0.6638603210449219 3 4 -0.008392678519940678
-1 0.0 0 0 -0.011804963402041638
-1 0.0 0 0 0.000810326424237089
1 0.1894749402999878 6 7 -0.13805568830767795
-1 0.0 0 0 -0.020940069617576967
4 0.7056169509887695 8 9 -0.09679512406200876
-1 0.0 0 0 -0.02077436371990396
6 1.1129523515701294 10 11 -0.07295555803615936
-1 0.0 0 0 -0.004660152255102781
-1 0.0 0 0 -0.017577498913932513
6 0.897193431854248 13 16 0.09483527987186653
7 0.004000000189989805 14 15 -0.08831978916980164
-1 0.0 0 0 -0.026561690921377074
-1 0.0 0 0 -0.0009779002767345074
2 0.43647414445877075 17 22 0.10646159161265592
4 0.7351712584495544 18 19 0.07814997304804784
-1 0.0 0 0 -0.011109872485183183
6 1.0297293663024902 20 21 0.08732149525324032
-1 0.0 0 0 0.011140220259105946
-1 0.0 0 0 0.0024507726402113223
2 0.48786455392837524 23 26 0.1575207947092259
1 0.33906328678131104 24 25 0.17725099196968952
-1 0.0 0 0 0.058755178965489346
-1 0.0 0 0 0.016913240693177834
0 0.5703731179237366 27 28 -0.023193247184289143
-1 0.0 0 0 -9.466044017003029e-06
-1 0.0 0 0 -0.10241320060961175
nodes 29
6 1.0420279502868652 1 18 0.0
4 0.8719806671142578 2 7 0.06073229267034743
6 0.9230248928070068 3 4 -0.0009138901541552908
-1 0.0 0 0 -0.012230338689176674
2 0.33635616302490234 5 6 0.019346465711335935
-1 0.0 0 0 -0.006648153379116312
-1 0.0 0 0 0.005489338749925503
7 0.026000000536441803 8 11 0.09742770410214237
0 0.5420362949371338 9 10 0.03741999834497306
-1 0.0 0 0 0.0042098837032454135
-1 0.0 0 0 -0.05860352567618802
7 0.6600000262260437 12 17 0.12219916972274411
2 0.5074802041053772 13 16 0.1238084155036727
2 0.43647414445877075 14 15 0.1269186814370487
-1 0.0 0 0 0.010220605462605552
-1 0.0 0 0 0.018071934253344794
-1 0.0 0 0 -0.023848394045991633
-1 0.0 0 0 -0.05852460400351594
2 0.31009483337402344 19 22 -0.09729714393011654
7 0.8199999928474426 20 21 -0.14916986683407504
-1 0.0 0 0 -0.014077565535977332
-1 0.0 0 0 -0.03805581309517838
4 0.7800512313842773 23 24 -0.03881110831314782
-1 0.0 0 0 -0.013918816909448645
2 0.41756290197372437 25 26 -0.0017820440600744298
-1 0.0 0 0 -0.002043311327650324
3 0.6279513239860535 27 28 0.1473375134310595
-1 0.0 0 0 0.06551360498495287
-1 0.0 0 0 0.009754589047385931
nodes 29
2 0.38246142864227295 1 14 0.0
7 0.2619999945163727 2 9 -0.05684737494890834
4 0.6638603210449219 3 4 -0.009497961742518733
-1 0.0 0 0 -0.011565265103756717
2 0.31209689378738403 5 6 0.0052626281316496245
-1 0.0 0 0 -0.00447049010326269
4 0.9218323826789856 7 8 0.024693814326400318
-1 0.0 0 0 -0.00020526820901588797
-1 0.0 0 0 0.007957401970421336
7 0.6600000262260437 10 13 -0.12230180499776497
4 0.7385457754135132 11 12 -0.1007994928728289
-1 0.0 0 0 -0.017392038632514387
-1 0.0 0 0 -0.007256419588129712
-1 0.0 0 0 -0.02096508960620782
6 0.8095192909240723 15 18 0.08527106262539409
7 0.006000000052154064 16 17 -0.27179512296031716
-1 0.0 0 0 -0.051965305158217207
-1 0.0 0 0 -0.00844933928085745
8 68.5 19 28 0.09087430529189071
7 0.0 20 21 0.1024416926728991
-1 0.0 0 0 -0.007599082776998042
2 0.5074802041053772 22 27 0.10713528452388074
2 0.4273034334182739 23 24 0.11007337471393938
-1 0.0 0 0 0.008044196371743004
5 1.369197964668274 25 26 0.13918712548305848
-1 0.0 0 0 0.01297005206319426
-1 0.0 0 0 0.05129375483300108
-1 0.0 0 0 -0.017407384770538575
-1 0.0 0 0 -0.0037597302051623665
nodes 29
6 1.0420279502868652 1 18 0.0
4 0.9028687477111816 2 11 0.05035093072516382
6 0.9230248928070068 3 4 0.010211270107304686
-1 0.0 0 0 -0.009622779447937777
2 0.33635616302490234 5 6 0.02679954598126173
-1 0.0 0 0 -0.0046342407493971775
4 0.6746136546134949 7 8 0.05144297066955106
-1 0.0 0 0 -0.012118476257978121
8 46.5 9 10 0.05867330734156939
-1 0.0 0 0 -0.008262989755541994
-1 0.0 0 0 0.006882108755749031
0 0.5480470657348633 12 17 0.08912555833992496
8 34.5 13 14 0.09070903651614048
-1 0.0 0 0 -0.005960114082005894
7 0.026000000536441803 15 16 0.09905819206967917
-1 0.0 0 0 0.004747467070333324
-1 0.0 0 0 0.012049092083545898
-1 0.0 0 0 -0.07792872098793292
2 0.30911338329315186 19 22 -0.08066551603502758
7 0.8500000238418579 20 21 -0.12340316486465726
-1 0.0 0 0 -0.011824577261383582
-1 0.0 0 0 -0.04208027605760202
4 0.7800512313842773 23 24 -0.03369588526601734
-1 0.0 0 0 -0.011688278443826496
6 1.1009384393692017 25 26 -0.0028806184992917873
-1 0.0 0 0 0.001505761925005269
1 0.3123881220817566 27 28 -0.11120942834280412
-1 0.0 0 0 -0.00807956696360109
-1 0.0 0 0 -0.05741744219906565
nodes 29
2 0.38246142864227295 1 12 0.0
7 0.37599998712539673 2 9 -0.04703988337717806
4 0.6638603210449219 3 4 -0.016626030301117884
-1 0.0 0 0 -0.010699238233118372
6 1.032517433166504 5 8 -0.003248223184254388
7 0.024000000208616257 6 7 0.027456775047170222
-1 0.0 0 0 -0.003578912762592291
-1 0.0 0 0 0.005404715264385323
-1 0.0 0 0 -0.0034368946674258093
7 0.8500000238418579 10 11 -0.11996905808249803
-1 0.0 0 0 -0.011455418232132236
-1 0.0 0 0 -0.03743799328399094
6 0.9441081285476685 13 20 0.0705598248007929
6 0.776975691318512 14 15 -0.02435702627167192
-1 0.0 0 0 -0.03069793450015379
0 0.5561773777008057 16 19 -0.0026168479078360796
7 0.0 17 18 0.0058630407368744555
-1 0.0 0 0 -0.01909910266660872
-1 0.0 0 0 0.002718342074149405
-1 0.0 0 0 -0.06369364055424509
4 0.7447970509529114 21 22 0.08664385207292499
-1 0.0 0 0 -0.00766008300444435
2 0.48786455392837524 23 28 0.0912165872175928
2 0.44425368309020996 24 25 0.0964825237275525
-1 0.0 0 0 0.007478100960034248
3 0.6525752544403076 26 27 0.14789915824284824
-1 0.0 0 0 0.05023533130358709
-1 0.0 0 0 0.013990941295038258
-1 0.0 0 0 -0.0035451391603305363
nodes 29
6 1.0420279502868652 1 16 0.0
4 0.9028687477111816 2 9 0.04126922520620394
6 0.9486059546470642 3 4 0.007014823025390924
-1 0.0 0 0 -0.006468735037702665
8 46.5 5 6 0.02526223078697652
-1 0.0 0 0 -0.01109098081567673
4 0.7351712584495544 7 8 0.03752343865100661
-1 0.0 0 0 -0.005061260139288509
-1 0.0 0 0 0.006129887274423343
0 0.5480470657348633 10 15 0.07435873489020801
8 34.5 11 12 0.0757510656061552
-1 0.0 0 0 -0.005627011133996222
7 0.026000000536441803 13 14 0.08308433712654566
-1 0.0 0 0 0.003903287824665191
-1 0.0 0 0 0.010138752668982433
-1 0.0 0 0 -0.06892247419608268
7 0.19599999487400055 17 18 -0.06611602434060057
-1 0.0 0 0 -0.0003229194470433142
2 0.4184110760688782 19 26 -0.08990579880785754
1 0.1714199036359787 20 21 -0.09601504964492526
-1 0.0 0 0 -0.014338112709088281
4 0.7621574401855469 22 23 -0.07631616567692605
-1 0.0 0 0 -0.013418094026247517
6 1.1151620149612427 24 25 -0.05447218215409562
-1 0.0 0 0 -0.003321131406986945
-1 0.0 0 0 -0.012207116638353513
3 0.639234721660614 27 28 0.15412333668394235
-1 0.0 0 0 0.05847847121668623
-1 0.0 0 0 0.008515882340388364
nodes 29
2 0.38246142864227295 1 14 0.0
1 0.18573428690433502 2 3 -0.039003112767615464
-1 0.0 0 0 -0.01161173692892101
6 1.0345529317855835 4 11 -0.018407501038081805
8 36.5 5 6 0.017994233878055543
-1 0.0 0 0 -0.011024864581502036
4 0.9186004996299744 7 10 0.025452686727464507
8 46.5 8 9 0.003908449768930191
-1 0.0 0 0 -0.01171979826252584
-1 0.0 0 0 0.0016400989294359583
-1 0.0 0 0 0.00824307455919902
4 0.7056169509887695 12 13 -0.04758677941839294
-1 0.0 0 0 -0.012894306665183965
-1 0.0 0 0 -0.0030658898170711126
8 71.5 15 28 0.058504669141573866
6 0.8095192909240723 16 17 0.06693561259528726
-1 0.0 0 0 -0.019512431584355748
5 1.2652307748794556 18 25 0.07037230281751948
6 1.0869578123092651 19 24 0.06221942904128994
0 0.5703731179237366 20 23 0.06403838839659491
7 0.0 21 22 0.06504103389700798
-1 0.0 0 0 -0.008781346131491568
-1 0.0 0 0 0.006929405691963594
-1 0.0 0 0 -0.06630321758920732
-1 0.0 0 0 -0.05164348504373006
2 0.41118934750556946 26 27 0.14264386220743988
-1 0.0 0 0 0.0037455587860959097
-1 0.0 0 0 0.02819892145704901
-1 0.0 0 0 -0.008476827321152132
nodes 29
2 0.313972532749176 1 4 0.0
5 1.195146083831787 2 3 -0.06988963069987077
-1 0.0 0 0 -0.001367671524763577
-1 0.0 0 0 -0.009443166405849282
4 0.8784291744232178 5 14 0.026969439341006495
2 0.4193296432495117 6 11 -0.010120622128553431
6 1.0244801044464111 7 10 -0.024131309817154428
6 0.9486059546470642 8 9 0.007079769381953589
-1 0.0 0 0 -0.007558366338565977
-1 0.0 0 0 0.0037359639544314554
-1 0.0 0 0 -0.00578006529464932
8 71.5 12 13 0.06926263158931302
-1 0.0 0 0 0.010087055355731227
-1 0.0 0 0 -0.012428457890304605
0 0.5703731179237366 15 28 0.05225458123222516
6 1.1009384393692017 16 27 0.05292184316684854
3 0.6221319437026978 17 20 0.05663444821896722
6 0.776975691318512 18 19 0.1849174456123452
-1 0.0 0 0 -0.024294875683166933
-1 0.0 0 0 0.021176286711109646
1 0.33489590883255005 21 22 0.05139534892199183
-1 0.0 0 0 0.0017718037125811935
2 0.48786455392837524 23 24 0.06509828729403426
-1 0.0 0 0 0.007117890317384278
6 0.8324276208877563 25 26 -0.04873503550417432
-1 0.0 0 0 -0.11055626408620314
-1 0.0 0 0 -0.0032453377718549073
-1 0.0 0 0 -0.010069269373766314
-1 0.0 0 0 -0.1310389612402235
nodes 29
6 1.0360190868377686 1 16 0.0
6 0.9562504291534424 2 9 0.034199269423126046
0 0.5561773777008057 3 8 -0.025245970764681647
7 0.004000000189989805 4 7 -0.020766898796533605
6 0.8095192909240723 5 6 -0.09333598909427727
-1 0.0 0 0 -0.02992885688217939
-1 0.0 0 0 -0.00608037839871747
-1 0.0 0 0 0.00014376652456564405
-1 0.0 0 0 -0.04042322362386163
2 0.38007909059524536 10 15 0.050223833371930385
7 0.4860000014305115 11 14 0.01642996784168865
1 0.16938664019107819 12 13 0.02137209352592832
-1 0.0 0 0 -0.014773197027818803
-1 0.0 0 0 0.002797811801494062
-1 0.0 0 0 -0.027518918217476075
-1 0.0 0 0 0.007181722426278335
2 0.4184110760688782 17 26 -0.04580837925420852
7 0.1979999989271164 18 19 -0.05385401954843597
-1 0.0 0 0 -0.0007729448998820002
7 0.8500000238418579 20 25 -0.07291253120550771
4 0.7649762630462646 21 22 -0.06989286937864143
-1 0.0 0 0 -0.010723908304946949
6 1.1151620149612427 23 24 -0.05332324914386649
-1 0.0 0 0 -0.003296624695625333
-1 0.0 0 0 -0.009629517758643603
-1 0.0 0 0 -0.0302292880544444
1 0.34434860944747925 27 28 0.08980132480275564
-1 0.0 0 0 0.035646753505124966
-1 0.0 0 0 0.006077559094059904
nodes 29
2 0.29110369086265564 1 4 0.0
7 0.7080000042915344 2 3 -0.07334128849337743
-1 0.0 0 0 -0.00599672987024769
-1 0.0 0 0 -0.015712817006964166
4 0.8784291744232178 5 16 0.017888297158354344
4 0.647291362285614 6 7 -0.014177011883515842
-1 0.0 0 0 -0.010189871860952958
2 0.4432528018951416 8 13 -0.004577868768795144
6 1.0249860286712646 9 12 -0.010979584682463487
6 0.9230248928070068 10 11 0.012113951791491563
-1 0.0 0 0 -0.007881173975850867
-1 0.0 0 0 0.0031562949991980095
-1 0.0 0 0 -0.0036530769648180934
6 0.8475961685180664 14 15 0.10377834194911882
-1 0.0 0 0 -0.0452436408466276
-1 0.0 0 0 0.012668724747803879
0 0.5703731179237366 17 28 0.041613364147087516
6 1.1009384393692017 18 27 0.042165597097098224
3 0.6221319437026978 19 20 0.04678279990918359
-1 0.0 0 0 0.01582443733817029
8 38.5 21 22 0.04191581383586623
-1 0.0 0 0 -0.000261930909503281
2 0.48786455392837524 23 24 0.051337387651128136
-1 0.0 0 0 0.005594591430791503
6 0.8324276208877563 25 26 -0.06646045509457253
-1 0.0 0 0 -0.11812975332140924
-1 0.0 0 0 -0.00493486043176037
-1 0.0 0 0 -0.007499954998993162
-1 0.0 0 0 -0.11728783769621737
nodes 29
6 1.0350162982940674 1 22 0.0
7 0.02199999988079071 2 13 0.028639470708932583
3 0.8079433441162109 3 12 -0.015109441946976096
2 0.4981071352958679 4 11 -0.0469378748282631
8 42.5 5 8 -0.04319428298032055
2 0.3815954923629761 6 7 -0.21957729043837604
-1 0.0 0 0 -0.03353397713090556
-1 0.0 0 0 0.011622957555838854
6 0.8602556586265564 9 10 -0.03392130686980571
-1 0.0 0 0 -0.012790698003229876
-1 0.0 0 0 -0.0014644782226545395
-1 0.0 0 0 -0.06901550196111203
-1 0.0 0 0 0.003052091318675437
4 0.7508870363235474 14 19 0.04613968653854104
8 59.5 15 16 -0.02912617310179679
-1 0.0 0 0 -0.02437350217301476
0 0.5332775115966797 17 18 -0.012916303555594966
-1 0.0 0 0 0.0007911631227142122
-1 0.0 0 0 -0.02027301443880855
2 0.20674219727516174 20 21 0.056064042529504005
-1 0.0 0 0 -0.03477943802252412
-1 0.0 0 0 0.005742854433794981
2 0.4184110760688782 23 26 -0.03715453033166867
7 0.19599999487400055 24 25 -0.044790045960704114
-1 0.0 0 0 -0.0005658324233916991
-1 0.0 0 0 -0.0061004578897589515
1 0.34843844175338745 27 28 0.08358630004790304
-1 0.0 0 0 0.030831565948745324
-1 0.0 0 0 0.005763736927246167
nodes 29
2 0.29110369086265564 1 4 0.0
5 1.2222132682800293 2 3 -0.06151543985428889
-1 0.0 0 0 -0.0018825959748095316
-1 0.0 0 0 -0.008492319015888523
4 0.8784291744232178 5 18 0.015003915222007422
4 0.647291362285614 6 7 -0.012152174317180681
-1 0.0 0 0 -0.008735916643692984
2 0.4432528018951416 8 15 -0.003922481718517881
0 0.5480470657348633 9 14 -0.009516830252448325
6 1.0249860286712646 10 13 -0.007871865128919072
6 0.9751198887825012 11 12 0.011708941212649945
-1 0.0 0 0 -0.003430459691474536
-1 0.0 0 0 0.004266175203184965
-1 0.0 0 0 -0.002950436041263023
-1 0.0 0 0 -0.028941248415366695
6 0.9596744179725647 16 17 0.0907681319773752
-1 0.0 0 0 -0.008241487195752314
-1 0.0 0 0 0.01527364580299099
0 0.5703731179237366 19 28 0.035096659147474875
6 1.1009384393692017 20 27 0.035587057762473825
5 1.6453007459640503 21 26 0.039437267301008196
8 34.5 22 25 0.03541383934752926
4 0.9971697926521301 23 24 -0.026975839850890377
-1 0.0 0 0 -0.012223156920633513
-1 0.0 0 0 0.001741474910851381
-1 0.0 0 0 0.004034358365274652
-1 0.0 0 0 0.016034254253196652
-1 0.0 0 0 -0.006211503271479492
-1 0.0 0 0 -0.10434066568102157
nodes 29
2 0.29110369086265564 1 4 0.0
5 1.1616846323013306 2 3 -0.05536389587271347
-1 0.0 0 0 0.0002754257088095504
-1 0.0 0 0 -0.007014625105261217
2 0.43177488446235657 5 18 0.01350352352377662
6 1.02739679813385 6 13 0.0020299636435363567
7 0.03200000151991844 7 10 0.02121634089589002
6 0.897193431854248 8 9 -0.015161213769716436
-1 0.0 0 0 -0.007974816602776809
-1 0.0 0 0 5.7073467214145485e-05
0 0.5266554355621338 11 12 0.04584718810042901
-1 0.0 0 0 0.004950923093659614
-1 0.0 0 0 -0.014422559824862067
4 0.7056169509887695 14 17 -0.019384287774270533
1 0.3239051401615143 15 16 -0.07971860200579892
-1 0.0 0 0 -0.006786117516956246
-1 0.0 0 0 -0.04116436343516347
-1 0.0 0 0 -0.0009576561179331635
2 0.48786455392837524 19 28 0.054298475339137606
8 71.5 20 25 0.06537835657304714
3 0.7385799288749695 21 24 0.0705681078157008
6 0.7125368714332581 22 23 0.17014851849686385
-1 0.0 0 0 -0.04748723245248562
-1 0.0 0 0 0.01872877631915434
-1 0.0 0 0 0.005934059194133522
2 0.4432528018951416 26 27 -0.11653056983144812
-1 0.0 0 0 -0.03643408911116421
-1 0.0 0 0 0.004349454538638934
-1 0.0 0 0 -0.0059319771063943635
nodes 29
2 0.29110369086265564 1 6 0.0
7 0.7080000042915344 2 3 -0.04982750614993372
-1 0.0 0 0 -0.003853179888772418
6 1.0706408023834229 4 5 -0.1205941286385225
-1 0.0 0 0 -0.06414793857126212
-1 0.0 0 0 -0.011096266539451087
4 0.9039457440376282 7 22 0.012153171287938329
2 0.44425368309020996 8 19 -0.00759217981975461
0 0.5332775115966797 9 16 -0.013344916594069426
6 1.0249860286712646 10 15 -0.009673620189176406
6 0.9751198887825012 11 12 0.008671106621729171
-1 0.0 0 0 -0.0027009572509652997
8 46.5 13 14 0.03203291741491159
-1 0.0 0 0 -0.009904912182459523
-1 0.0 0 0 0.004064181891091164
-1 0.0 0 0 -0.002974515079826896
3 0.5209670662879944 17 18 -0.12553206872531908
-1 0.0 0 0 -0.00546661944137528
-1 0.0 0 0 -0.03296078460149562
6 0.9596744179725647 20 21 0.06526326561338457
-1 0.0 0 0 -0.007095256026844131
-1 0.0 0 0 0.010989895997014108
0 0.5480470657348633 23 28 0.033481338596931046
6 1.0928704738616943 24 27 0.0343721008381895
5 1.4709033966064453 25 26 0.03874847198295491
-1 0.0 0 0 0.003324506435006768
-1 0.0 0 0 0.014924020684794079
-1 0.0 0 0 -0.005028311221250473
-1 0.0 0 0 -0.0591542232578451
nodes 29
2 0.3881100118160248 1 16 0.0
7 0.492000013589859 2 9 -0.01752079656529822
0 0.47367942333221436 3 8 -0.006766893065108383
5 1.062182903289795 4 5 -0.00015417981961621808
-1 0.0 0 0 0.013669334040832891
8 82.5 6 7 -0.002834666961614344
-1 0.0 0 0 -0.0005429726779194418
-1 0.0 0 0 0.013091677272722715
-1 0.0 0 0 -0.006664477700966243
6 1.0686558485031128 10 13 -0.06440458239823485
4 1.1536322832107544 11 12 -0.1831240213103753
-1 0.0 0 0 -0.01560046988260381
-1 0.0 0 0 -0.07783931498415769
1 0.3032265901565552 14 15 -0.04857915477170848
-1 0.0 0 0 -0.004426552992600574
-1 0.0 0 0 -0.03870327965114624
8 58.5 17 26 0.029509848576150764
5 1.2652307748794556 18 21 0.0453635248337485
6 1.0976545810699463 19 20 0.036229747911988026
-1 0.0 0 0 0.0037103590156027746
-1 0.0 0 0 -0.08683426150431237
2 0.4202040731906891 22 25 0.1434796218058174
6 1.080673635005951 23 24 0.06956155539328457
-1 0.0 0 0 0.0032556160684281675
-1 0.0 0 0 0.03691858802952113
-1 0.0 0 0 0.025864478605075805
7 0.0 27 28 -0.01328138185878909
-1 0.0 0 0 -0.02449811287842333
-1 0.0 0 0 -0.0002771439009876997
nodes 29
2 0.29110369086265564 1 10 0.0
1 0.18767064809799194 2 7 -0.042564736873606325
6 1.0961110591888428 3 4 -0.06803935140872641
-1 0.0 0 0 -0.011753858069674522
7 0.8199999928474426 5 6 -0.04678214326924865
-1 0.0 0 0 -0.0034132962340614973
-1 0.0 0 0 -0.018160185442733925
3 0.7454621195793152 8 9 -0.0157842785135873
-1 0.0 0 0 -0.00453182107758645
-1 0.0 0 0 0.0021628637337748912
4 0.9163278341293335 11 20 0.010381746474063048
4 0.62757807970047 12 13 -0.004916269263885939
-1 0.0 0 0 -0.007725852226448136
6 0.7125368714332581 14 15 -0.0006537154280091289
-1 0.0 0 0 -0.02411171901176237
2 0.44425368309020996 16 17 0.000883098145131258
-1 0.0 0 0 -0.00043140186927358344
6 1.0350162982940674 18 19 0.053423313647012076
-1 0.0 0 0 0.0037018340286901377
-1 0.0 0 0 0.023230354948078888
0 0.5480470657348633 21 28 0.030352961628147185
8 34.5 22 27 0.031034151337110596
6 1.0082396268844604 23 26 -0.018027470742278718
7 0.24799999594688416 24 25 -0.16810489850169502
-1 0.0 0 0 -0.011664227604800275
-1 0.0 0 0 -0.07856563679460023
-1 0.0 0 0 6.573486754937822e-05
-1 0.0 0 0 0.0037810503334548143
-1 0.0 0 0 -0.05780193140873542
nodes 29
7 0.26600000262260437 1 26 0.0
7 0.00800000037997961 2 7 0.012545454576267899
5 1.0866845846176147 3 4 -0.0394483884173637
-1 0.0 0 0 0.006200558174947208
6 0.8095192909240723 5 6 -0.059168733888124096
-1 0.0 0 0 -0.020422425512663416
-1 0.0 0 0 -0.00462510323259786
4 0.7677508592605591 8 9 0.019005749045121412
-1 0.0 0 0 -0.002289151903509997
8 34.5 10 13 0.02729004256981621
3 0.5451322793960571 11 12 -0.04662618819181875
-1 0.0 0 0 0.028981251617053363
-1 0.0 0 0 -0.006116054243737491
4 0.9443618059158325 14 23 0.031369162079068015
0 0.4871175289154053 15 20 0.01876048485716348
8 72.5 16 17 0.00885281417886623
-1 0.0 0 0 0.00125288870296471
4 0.854538083076477 18 19 -0.10745265095969025
-1 0.0 0 0 -0.003608900069019908
-1 0.0 0 0 -0.04268899426421746
5 1.6820441484451294 21 22 0.06385214247046367
-1 0.0 0 0 0.005655306888575116
-1 0.0 0 0 0.03663880086250548
0 0.5299081802368164 24 25 0.05348092080350573
-1 0.0 0 0 0.005559578321435381
-1 0.0 0 0 -0.0529964757631674
7 0.8500000238418579 27 28 -0.0314721401332238
-1 0.0 0 0 -0.0029117243131046404
-1 0.0 0 0 -0.020953906963389085
nodes 29
6 1.0350162982940674 1 22 0.0
7 0.02199999988079071 2 11 0.01617132734741912
6 0.8475961685180664 3 8 -0.01699703394927329
4 0.9920973181724548 4 7 -0.1005492441252693
4 0.7508870363235474 5 6 -0.1268143499573599
-1 0.0 0 0 0.0024456776943712535
-1 0.0 0 0 -0.018157449789554813
-1 0.0 0 0 0.021052096581653412
8 31.5 9 10 -0.008577971701357741
-1 0.0 0 0 -0.03421967875005471
-1 0.0 0 0 -0.0006101625852126645
7 0.6480000019073486 12 21 0.029439165247114974
4 0.7952757477760315 13 18 0.03021473054229021
8 49.5 14 17 -0.005944701761024662
7 0.40400001406669617 15 16 -0.3043880274871342
-1 0.0 0 0 -0.018026587062837173
-1 0.0 0 0 -0.08319071941368748
-1 0.0 0 0 0.00011530443774218846
8 72.5 19 20 0.038127615268070084
-1 0.0 0 0 0.004070362628387948
-1 0.0 0 0 -0.011077682220449943
-1 0.0 0 0 -0.05284138720682157
2 0.4184110760688782 23 26 -0.02097937049478373
7 0.19599999487400055 24 25 -0.025652720111190845
-1 0.0 0 0 4.159879327045731e-05
-1 0.0 0 0 -0.0036454491833656185
1 0.34843844175338745 27 28 0.05292056511576372
-1 0.0 0 0 0.02409610323262151
-1 0.0 0 0 0.003120800793678873
nodes 29
1 0.16938664019107819 1 4 0.0
2 0.4219045639038086 2 3 -0.05095340742125756
-1 0.0 0 0 -0.005336421771418652
-1 0.0 0 0 0.053752538508269936
5 2.452200412750244 5 26 0.005538462948153004
0 0.5420362949371338 6 23 0.005116955627016918
2 0.44425368309020996 7 20 0.006881338607945264
6 1.02739679813385 8 13 0.0009694213483788984
7 0.03799999877810478 9 10 0.014297445146825813
-1 0.0 0 0 -0.0012718306999778266
7 0.6480000019073486 11 12 0.036829463469537034
-1 0.0 0 0 0.003777711127330414
-1 0.0 0 0 -0.05301076040470174
4 0.7208066582679749 14 19 -0.012427910402819424
1 0.30516353249549866 15 16 -0.04960504272684363
-1 0.0 0 0 -0.003791197545521699
8 56.5 17 18 -0.22998967017527952
-1 0.0 0 0 -0.07340389336036011
-1 0.0 0 0 -0.01615385356356309
-1 0.0 0 0 -0.0005453520529166248
2 0.47426337003707886 21 22 0.044619544324010905
-1 0.0 0 0 0.006757194245339969
-1 0.0 0 0 -0.0019301728174239644
4 0.9351776838302612 24 25 -0.10952402230510339
-1 0.0 0 0 -0.00917375243591449
-1 0.0 0 0 -0.08509986554272474
8 57.5 27 28 0.5188774196431041
-1 0.0 0 0 0.10325349448766147
-1 0.0 0 0 0.0032254501000831
nodes 29
7 0.5 1 10 0.0
4 0.8820874691009521 2 3 0.0056118415349209775
-1 0.0 0 0 -0.0009352569106474451
0 0.5561773777008057 4 9 0.017934219612169733
8 38.5 5 6 0.018520489702238397
-1 0.0 0 0 -0.0012126297505346884
7 0.00800000037997961 7 8 0.02727927485031944
-1 0.0 0 0 -0.002437840228413447
-1 0.0 0 0 0.0033580306715754907
-1 0.0 0 0 -0.050724435570063425
6 1.0686558485031128 11 16 -0.04236902013843552
4 1.1536322832107544 12 15 -0.13706739943007362
1 0.388459175825119 13 14 -0.1140716214672309
-1 0.0 0 0 -0.013461838283108757
-1 0.0 0 0 0.029339091374840538
-1 0.0 0 0 -0.06603097933846024
2 0.397416889667511 17 28 -0.027966508551921607
1 0.30418661236763 18 25 -0.031311233689390455
6 1.1151620149612427 19 24 -0.025934070380493782
2 0.3017192482948303 20 21 0.033889226395518314
-1 0.0 0 0 -0.002733750476247885
8 40.5 22 23 0.10707024292392239
-1 0.0 0 0 0.020883225629102317
-1 0.0 0 0 -3.748148197005869e-05
-1 0.0 0 0 -0.0046976377978802724
6 1.1084753274917603 26 27 -0.43010413640442846
-1 0.0 0 0 -0.023140105074271562
-1 0.0 0 0 -0.0836542266167023
-1 0.0 0 0 0.03931343862554059
nodes 29
1 0.1601371169090271 1 2 0.0
-1 0.0 0 0 -0.00481370951513359
5 1.062182903289795 3 6 0.004320399216073337
7 0.0820000022649765 4 5 0.0684310763060388
-1 0.0 0 0 0.0016882830672796988
-1 0.0 0 0 0.013490822944085585
1 0.4736008048057556 7 26 0.0017585296426557819
2 0.43647414445877075 8 15 0.002441131976598987
5 2.5846312046051025 9 14 -0.0038230838423289008
0 0.5420362949371338 10 11 -0.004193233843872862
-1 0.0 0 0 -0.00028154260211200606
3 0.5209670662879944 12 13 -0.12196276753091415
-1 0.0 0 0 -0.005299339353680071
-1 0.0 0 0 -0.03998687745071948
-1 0.0 0 0 0.04237984890351072
7 0.026000000536441803 16 23 0.03555953126333776
6 0.9319071173667908 17 22 -0.0030724646183724977
3 0.9366942644119263 18 19 -0.07428312568244737
-1 0.0 0 0 -0.005402445398695837
7 0.00800000037997961 20 21 -0.6022241100668907
-1 0.0 0 0 -0.01733874334738805
-1 0.0 0 0 -0.10667971763759852
-1 0.0 0 0 0.0027140148871653627
5 1.2596532106399536 24 25 0.0541175984547421
-1 0.0 0 0 0.004615487345571194
-1 0.0 0 0 0.019583194078340624
5 1.1112780570983887 27 28 -0.24852330445040327
-1 0.0 0 0 -0.013845896080036838
-1 0.0 0 0 -0.09153837395064972
nodes 29
2 0.29110369086265564 1 2 0.0
-1 0.0 0 0 -0.002722176382904889
4 0.9443618059158325 3 26 0.0066395208424779376
6 0.7125368714332581 4 7 -0.001700971409809816
2 0.3446445167064667 5 6 -0.17703203862837666
-1 0.0 0 0 0.013338595990858536
-1 0.0 0 0 -0.028743174522102007
6 1.0249860286712646 8 11 -0.0006458391492029017
7 0.019999999552965164 9 10 0.011142040209335366
-1 0.0 0 0 -0.0022075748395942885
-1 0.0 0 0 0.002612347944277286
2 0.41024595499038696 12 19 -0.016038894168339986
1 0.30832675099372864 13 14 -0.024329214064484624
-1 0.0 0 0 -0.0009995894327388833
6 1.0869578123092651 15 16 -0.06696258505133632
-1 0.0 0 0 -0.0045456624750404035
7 0.25200000405311584 17 18 -0.4292668291454395
-1 0.0 0 0 -0.018513935921831173
-1 0.0 0 0 -0.058323358574720756
5 1.237412929534912 20 23 0.04036686857424572
6 1.0748132467269897 21 22 0.009270785542998197
-1 0.0 0 0 0.0017973489996400988
-1 0.0 0 0 -0.05087576970458031
6 1.0759118795394897 24 25 0.17221208226715334
-1 0.0 0 0 0.012049554794374855
-1 0.0 0 0 0.05364130282066237
0 0.5299081802368164 27 28 0.023862673912006385
-1 0.0 0 0 0.002525755871773623
-1 0.0 0 0 -0.04264268063376715
nodes 29
7 0.550000011920929 1 14 0.0
4 0.6840150356292725 2 5 0.004088815685384241
1 0.34947845339775085 3 4 -0.031886195097718624
-1 0.0 0 0 -0.002883186116846255
-1 0.0 0 0 -0.05212711710834278
7 0.00800000037997961 6 9 0.007833154436667619
6 0.941961407661438 7 8 -0.03245498994041115
-1 0.0 0 0 -0.008206493467943632
-1 0.0 0 0 0.00047174663010126933
8 38.5 10 11 0.011846805712122165
-1 0.0 0 0 -0.0016946399586619965
1 0.4736008048057556 12 13 0.01748618415610241
-1 0.0 0 0 0.0018397147201845796
-1 0.0 0 0 -0.016686068939390907
6 1.0686558485031128 15 22 -0.03961378826402384
4 1.1536322832107544 16 21 -0.17770323761917475
3 0.5717214941978455 17 20 -0.14993120233554924
6 1.0420279502868652 18 19 -0.32336582459126734
-1 0.0 0 0 -0.07456303295912221
-1 0.0 0 0 -0.01954068836821902
-1 0.0 0 0 -0.0077409107453903754
-1 0.0 0 0 -0.06362038201318597
1 0.30120518803596497 23 26 -0.02440887499853025
2 0.397416889667511 24 25 -0.019175442437903104
-1 0.0 0 0 -0.002177816104926146
-1 0.0 0 0 0.0697613263130188
6 1.1084753274917603 27 28 -0.34349433670970886
-1 0.0 0 0 -0.015345404939337946
-1 0.0 0 0 -0.07995910262688995
nodes 29
0 0.20887574553489685 1 2 0.0
-1 0.0 0 0 -0.006661872866152697
4 0.9163278341293335 3 18 0.0021582207545075586
8 42.5 4 7 -0.007987053932956994
6 0.9643319249153137 5 6 -0.03802684257145047
-1 0.0 0 0 -0.031820450644590895
-1 0.0 0 0 -0.0031214952967650953
4 0.6840150356292725 8 11 -0.003497403382608717
1 0.34434860944747925 9 10 -0.03219463269100615
-1 0.0 0 0 -0.002932233918032219
-1 0.0 0 0 -0.04011503084500631
6 0.776975691318512 12 13 0.003484889103238082
-1 0.0 0 0 -0.013395382474142235
5 1.237412929534912 14 15 0.005186484707972055
-1 0.0 0 0 -0.0005777093128422027
2 0.41118934750556946 16 17 0.027032897305053726
-1 0.0 0 0 0.0011926431408919138
-1 0.0 0 0 0.014755510374565307
8 34.5 19 24 0.016682615113013572
6 1.005816102027893 20 23 -0.019400510166155203
7 0.20999999344348907 21 22 -0.13913806766241918
-1 0.0 0 0 -0.010632124473875494
-1 0.0 0 0 -0.06462109121925859
-1 0.0 0 0 -0.0009396225381899863
2 0.48406878113746643 25 26 0.023866654565043142
-1 0.0 0 0 0.00271848085565492
6 0.8324276208877563 27 28 -0.04620339090938366
-1 0.0 0 0 -0.06555266122926366
-1 0.0 0 0 -0.003714588356449747
nodes 29
5 1.058840274810791 1 2 0.0
-1 0.0 0 0 0.006757973982788177
6 1.02739679813385 3 22 -0.0019081369203839908
7 0.06800000369548798 4 11 0.00918578444177223
2 0.48786455392837524 5 8 -0.004975771562782631
1 0.4297558665275574 6 7 -0.0021208731264788752
-1 0.0 0 0 -0.0006397603087900836
-1 0.0 0 0 0.007299556898765578
7 0.05999999865889549 9 10 -0.10837760709358363
-1 0.0 0 0 -0.008310025297751732
-1 0.0 0 0 -0.06126284148448553
2 0.36876916885375977 12 21 0.03340811513062948
7 0.41600000858306885 13 14 0.0005722803542021536
-1 0.0 0 0 0.0011608660684242083
6 1.0185257196426392 15 16 -0.21193285745765938
-1 0.0 0 0 -0.03952483248571495
4 0.8035163879394531 17 18 0.011819845397600575
-1 0.0 0 0 -0.04137511706122986
4 1.0203090906143188 19 20 0.18292571781395175
-1 0.0 0 0 0.04005815947117905
-1 0.0 0 0 -0.05590829534286802
-1 0.0 0 0 0.005063277865240343
8 61.5 23 26 -0.012802644435604901
7 0.8500000238418579 24 25 -0.007337753603697579
-1 0.0 0 0 -0.0005957915271570269
-1 0.0 0 0 -0.016308468081707553
6 1.0928704738616943 27 28 -0.0466503563510995
-1 0.0 0 0 -0.006851031805074261
-1 0.0 0 0 0.0015398966559986495
nodes 29
1 0.1601371169090271 1 2 0.0
-1 0.0 0 0 -0.003511461505451386
5 2.5846312046051025 3 28 0.00315160598295009
6 0.7125368714332581 4 9 0.0028377376514420456
2 0.46434226632118225 5 8 -0.1702227163457613
4 0.9637236595153809 6 7 -0.12318622918548779
-1 0.0 0 0 -0.016761455886928577
-1 0.0 0 0 0.05543457984924316
-1 0.0 0 0 -0.08981683509690422
5 1.058840274810791 10 13 0.003493312736105957
6 1.0148879289627075 11 12 0.06092752095336165
-1 0.0 0 0 0.001121019602216195
-1 0.0 0 0 0.012713273425460206
0 0.5420362949371338 14 25 0.0017157539418972446
8 97.5 15 24 0.002923893753208055
2 0.43647414445877075 16 19 0.002462189002228764
1 0.41403928399086 17 18 -0.002042629516174087
-1 0.0 0 0 -0.0001826168518648051
-1 0.0 0 0 -0.061061439863764326
5 1.3944270610809326 20 23 0.02602010571106736
2 0.47426337003707886 21 22 0.02166227034400662
-1 0.0 0 0 0.0034645684414711317
-1 0.0 0 0 -0.0027554032679429873
-1 0.0 0 0 0.024569025540875054
-1 0.0 0 0 0.025118139834304193
3 0.8563088178634644 26 27 -0.07773650920300337
-1 0.0 0 0 -0.0066094564446437095
-1 0.0 0 0 -0.08017545973970777
-1 0.0 0 0 0.036286040730774405
nodes 29
0 0.20887574553489685 1 2 0.0
-1 0.0 0 0 -0.005558433884229295
4 0.8784291744232178 3 4 0.0018007440261534934
-1 0.0 0 0 -0.000920266513234166
0 0.5703731179237366 5 28 0.011066089962557122
8 72.5 6 21 0.011379602008186612
3 0.7143641710281372 7 12 0.012074181859289542
2 0.4084882438182831 8 9 0.0444547882342102
-1 0.0 0 0 0.0031260999577731804
2 0.48406878113746643 10 11 0.13905409822602957
-1 0.0 0 0 0.015783969197843955
-1 0.0 0 0 -0.04356459180514018
8 34.5 13 18 0.00710904630456178
7 0.09000000357627869 14 15 -0.03190612465370507
-1 0.0 0 0 -0.011368357681091337
5 1.0866845846176147 16 17 -0.014454532050165425
-1 0.0 0 0 0.019756973111526754
-1 0.0 0 0 -0.0029573145277595222
2 0.29613396525382996 19 20 0.012264872379033821
-1 0.0 0 0 0.006785084848730753
-1 0.0 0 0 0.0007668437761525674
0 0.4964250326156616 22 27 -0.23971340926845783
8 76.5 23 26 -0.40790771982845675
6 0.9291408658027649 24 25 -0.5785318888348147
-1 0.0 0 0 -0.11710745722410226
-1 0.0 0 0 -0.03928095552298838
-1 0.0 0 0 0.009258984259019295
-1 0.0 0 0 0.049535802206783386
-1 0.0 0 0 -0.07736545602480571
nodes 29
7 0.2619999945163727 1 28 0.0
7 0.00800000037997961 2 7 0.006135937699697618
5 1.0866845846176147 3 6 -0.026455768894104104
5 1.039731740951538 4 5 0.05595480954859509
-1 0.0 0 0 -0.04054597473814062
-1 0.0 0 0 0.007114998772861922
-1 0.0 0 0 -0.0042474511922718245
2 0.44425368309020996 8 17 0.01021144829445995
0 0.5266554355621338 9 14 0.005667316293899205
8 38.5 10 13 0.007449527741910266
7 0.07599999755620956 11 12 -0.02637651182356877
-1 0.0 0 0 -0.008561559396077173
-1 0.0 0 0 0.0002971828299836402
-1 0.0 0 0 0.0011892853476502688
5 1.2115020751953125 15 16 -0.07492239633393025
-1 0.0 0 0 -0.023144747326766857
-1 0.0 0 0 -0.0009301525609551686
2 0.47426337003707886 18 21 0.03439983474291206
8 46.5 19 20 0.05763134217686927
-1 0.0 0 0 0.010660867406617508
-1 0.0 0 0 0.0035190024115576155
6 1.0509153604507446 22 27 -0.025052306432449933
4 0.930713951587677 23 26 -0.01923952540019638
8 60.5 24 25 0.057094989340769314
-1 0.0 0 0 0.011933384290592665
-1 0.0 0 0 -0.011346595404630011
-1 0.0 0 0 -0.005449861024376383
-1 0.0 0 0 -0.06470198768835801
-1 0.0 0 0 -0.001509127376029546
nodes 29
7 0.6600000262260437 1 16 0.0
4 0.9443618059158325 2 3 0.0020943908459057367
-1 0.0 0 0 -0.00043267930363971005
0 0.5299081802368164 4 15 0.015835201978546837
4 1.080087661743164 5 10 0.01679750571332314
0 0.5177079439163208 6 9 0.023333136015201726
0 0.512292206287384 7 8 0.022188281579634112
-1 0.0 0 0 0.0023455435098165296
-1 0.0 0 0 -0.033534183835550006
-1 0.0 0 0 0.025816351433438578
8 49.5 11 12 -0.02617742380495762
-1 0.0 0 0 -0.001810500826718778
1 0.4297558665275574 13 14 -0.265307210235355
-1 0.0 0 0 -0.012996151322463099
-1 0.0 0 0 -0.0806689998278251
-1 0.0 0 0 -0.03424506749768086
6 1.0748132467269897 17 22 -0.03936227380602032
4 1.1536322832107544 18 21 -0.27439851313547203
4 0.8093044757843018 19 20 -0.22124748194669086
-1 0.0 0 0 -0.06026283127883839
-1 0.0 0 0 -0.015912863449899086
-1 0.0 0 0 -0.09838492337857252
2 0.39826223254203796 23 28 -0.022936615403072617
1 0.2959863245487213 24 25 -0.026543947044937483
-1 0.0 0 0 -0.002214999296630967
4 0.8856208920478821 26 27 -0.4525744112518926
-1 0.0 0 0 -0.09552043721079827
-1 0.0 0 0 -0.00935530106403998
-1 0.0 0 0 0.08251470535993577
nodes 29
5 1.062182903289795 1 4 0.0
7 0.1459999978542328 2 3 0.046267374315221266
-1 0.0 0 0 0.0017819833442634652
-1 0.0 0 0 0.013298017665390844
1 0.4736008048057556 5 26 -0.001693001424530739
2 0.43177488446235657 6 7 -0.0012630075923206101
-1 0.0 0 0 -0.0005489385826037569
5 1.381852149963379 8 23 0.020184774733938624
8 73.5 9 18 0.016199588021136576
4 0.8294677138328552 10 11 0.019467455354320047
-1 0.0 0 0 0.013913543394747882
8 56.5 12 15 0.01563042233591631
3 0.7839387655258179 13 14 0.028787956729879095
-1 0.0 0 0 0.00972164693933254
-1 0.0 0 0 0.001892683008745128
7 0.06800000369548798 16 17 -0.0238673799542505
-1 0.0 0 0 -0.0053837374961224265
-1 0.0 0 0 0.004199843584410303
1 0.4012511670589447 19 22 -0.17650246378252632
8 77.5 20 21 -0.3894548216132355
-1 0.0 0 0 -0.06254737814757187
-1 0.0 0 0 -0.006087940690271995
-1 0.0 0 0 0.0017379533645432831
6 0.7125368714332581 24 25 0.14529844838411668
-1 0.0 0 0 -0.03161873490764545
-1 0.0 0 0 0.0216045091862742
5 1.1112780570983887 27 28 -0.17410261173111696
-1 0.0 0 0 -0.00784640603165314
-1 0.0 0 0 -0.0753559717360665
nodes 29
0 0.20887574553489685 1 4 0.0
6 1.0375772714614868 2 3 -0.04690040474592241
-1 0.0 0 0 -0.02466884466782424
-1 0.0 0 0 -0.0035029136893090433
4 0.9443618059158325 5 6 0.0015194137898975652
-1 0.0 0 0 -0.0004299365347741099
0 0.5299081802368164 7 28 0.014367828532627074
0 0.5177079439163208 8 25 0.015198398886183143
0 0.512292206287384 9 22 0.014220540828046399
6 1.0944085121154785 10 21 0.01519124409230134
5 1.6118305921554565 11 12 0.020175091241115155
-1 0.0 0 0 0.0016917194549957528
2 0.3285961151123047 13 14 0.12243991619067325
-1 0.0 0 0 -0.0006676038510340732
7 0.18799999356269836 15 16 0.2040942748948718
-1 0.0 0 0 0.006660490888665556
8 41.5 17 20 0.3651869655396917
7 0.6480000019073486 18 19 0.47754721677824424
-1 0.0 0 0 0.05696945233104675
-1 0.0 0 0 -0.0020730811136740225
-1 0.0 0 0 0.004121490780186529
-1 0.0 0 0 -0.002731364804010695
6 0.992682158946991 23 24 -0.3011630599528713
-1 0.0 0 0 0.0007049403409473599
-1 0.0 0 0 -0.053824957023159814
3 0.8519043922424316 26 27 0.24247838460024476
-1 0.0 0 0 -0.018641622712214787
-1 0.0 0 0 0.037244644875854556
-1 0.0 0 0 -0.029439926389058665
nodes 29
7 0.8500000238418579 1 28 0.0
4 0.6746136546134949 2 11 0.0005022132028872542
1 0.30832675099372864 3 10 -0.02401338799289038
6 0.990985095500946 4 5 -0.01767934540131665
-1 0.0 0 0 0.005652608378297799
6 1.0944085121154785 6 9 -0.030149552380420105
7 0.421999990940094 7 8 -0.06657601765638346
-1 0.0 0 0 -0.005192318079142523
-1 0.0 0 0 -0.02037482213420612
-1 0.0 0 0 0.0007643506837204235
-1 0.0 0 0 -0.017259947045355755
7 0.0 12 15 0.0030538613968535597
4 0.7208066582679749 13 14 -0.06190390480915764
-1 0.0 0 0 0.0359818740023507
-1 0.0 0 0 -0.007328131429205327
8 39.5 16 27 0.004310852839878505
2 0.39826223254203796 17 24 -0.012164058901895862
0 0.41222086548805237 18 21 -0.020267785698049934
6 1.0396876335144043 19 20 -0.015336865730889077
-1 0.0 0 0 -0.00690485119440475
-1 0.0 0 0 -0.00034654767970984397
4 0.7621574401855469 22 23 -0.2812675432098331
-1 0.0 0 0 0.018718436935868783
-1 0.0 0 0 -0.03462840008261047
1 0.34741273522377014 25 26 0.03614478981935698
-1 0.0 0 0 0.03218755934665683
-1 0.0 0 0 0.0010198624152824233
-1 0.0 0 0 0.0009167060187135764
-1 0.0 0 0 -0.013450134008724158
nodes 29
6 1.0249860286712646 1 16 0.0
7 0.06800000369548798 2 3 0.008192100766643605
-1 0.0 0 0 -0.00038413423638526114
2 0.22813083231449127 4 5 0.030425448051320393
-1 0.0 0 0 -0.020112633825299313
0 0.5561773777008057 6 15 0.03239686418858622
3 0.9061203598976135 7 14 0.033968915546882104
4 0.9240021109580994 8 11 0.04177142495120094
8 46.5 9 10 0.02289095814398642
-1 0.0 0 0 -0.008519892450237687
-1 0.0 0 0 0.0032504131487023956
5 1.2028650045394897 12 13 0.07753649811475866
-1 0.0 0 0 0.005273546223916821
-1 0.0 0 0 0.01726189794945295
-1 0.0 0 0 -0.0021782868723587345
-1 0.0 0 0 -0.023546143765656318
5 1.0605599880218506 17 18 -0.007633764080897533
-1 0.0 0 0 0.00800493592691984
1 0.4526042342185974 19 20 -0.009227375528094398
-1 0.0 0 0 -0.0008466423802543951
7 0.17399999499320984 21 26 -0.21208108552351662
0 0.4964250326156616 22 23 -0.3911204030256667
-1 0.0 0 0 0.012489082053070888
0 0.5107396841049194 24 25 -0.6055666258023423
-1 0.0 0 0 -0.10159934918795313
-1 0.0 0 0 -0.03710369880439486
3 0.9083622694015503 27 28 0.02884836642382116
-1 0.0 0 0 0.025044186513449224
-1 0.0 0 0 -0.03905964704213777
nodes 29
5 1.062182903289795 1 10 0.0
7 0.0820000022649765 2 5 0.038836331146082606
0 0.346476286649704 3 4 -0.00029820310901386443
-1 0.0 0 0 0.03049109772184036
-1 0.0 0 0 -0.0014778343451379479
4 0.8261821269989014 6 7 0.08923187201768124
-1 0.0 0 0 0.03008325883282686
3 0.8093540072441101 8 9 0.07025355918474013
-1 0.0 0 0 -0.028786344858192245
-1 0.0 0 0 0.008803994874765074
1 0.4736008048057556 11 26 -0.0014210869948306042
2 0.4494783282279968 12 21 -0.0010436265903677878
7 0.006000000052154064 13 14 -0.003643880550897044
-1 0.0 0 0 -0.003853374093586144
1 0.42063575983047485 15 20 -0.0014814109863871346
6 1.0249860286712646 16 17 -0.0009915296335440747
-1 0.0 0 0 0.0011042668448874025
6 1.0254322290420532 18 19 -0.009086491790774458
-1 0.0 0 0 -0.016060630146045692
-1 0.0 0 0 -0.0008077047273659029
-1 0.0 0 0 -0.02044862542386512
1 0.33906328678131104 22 25 0.023189624931326046
1 0.3218042552471161 23 24 0.2476192445100881
-1 0.0 0 0 0.012932077713295326
-1 0.0 0 0 0.060547210832592104
-1 0.0 0 0 0.0019246677664610562
5 1.094717264175415 27 28 -0.15276698166756736
-1 0.0 0 0 -0.002152700771879125
-1 0.0 0 0 -0.04916403472367953
nodes 29
7 0.8500000238418579 1 28 0.0
6 0.7125368714332581 2 9 0.00044582059964824543
1 0.22529134154319763 3 4 -0.11270843037423671
-1 0.0 0 0 0.0064339099395488404
0 0.4176984131336212 5 6 -0.2368716330698881
-1 0.0 0 0 0.02214041464030743
8 65.5 7 8 -0.31870659369005994
-1 0.0 0 0 -0.050458679309062594
-1 0.0 0 0 -0.009523264609612107
4 0.6840150356292725 10 23 0.000893944957311739
1 0.3505837917327881 11 22 -0.02007104545547297
6 0.990985095500946 12 17 -0.01821139271803758
8 88.5 13 14 0.04087783547599817
-1 0.0 0 0 3.384202101227382e-05
0 0.5218109488487244 15 16 0.1375559340939269
-1 0.0 0 0 0.022061471053754084
-1 0.0 0 0 -0.006322394282095076
6 1.0944085121154785 18 21 -0.028311704123324816
7 0.41600000858306885 19 20 -0.061369897960270155
-1 0.0 0 0 -0.0049434940600656865
-1 0.0 0 0 -0.016383038095317673
-1 0.0 0 0 0.0009267127856415132
-1 0.0 0 0 -0.040198299437001046
6 0.9562504291534424 24 27 0.003272657332950788
8 35.5 25 26 -0.017197882185788015
-1 0.0 0 0 -0.022730854485525587
-1 0.0 0 0 -0.001297356033204261
-1 0.0 0 0 0.0006112612844283644
-1 0.0 0 0 -0.011939842000125498
nodes 29
1 0.1573857218027115 1 8 0.0
6 1.0961110591888428 2 7 -0.02443665923750719
2 0.4219045639038086 3 6 -0.07375689086550687
7 0.7480000257492065 4 5 -0.08057954955911
-1 0.0 0 0 -0.0073955374140472
-1 0.0 0 0 -0.05210872148985372
-1 0.0 0 0 0.040072800918962016
-1 0.0 0 0 -0.00036213040471549
5 2.5846312046051025 9 28 0.0020799639302107238
6 0.7125368714332581 10 23 0.0017541507831678774
2 0.46434226632118225 11 22 -0.13415821486988752
4 0.9637236595153809 12 21 -0.09560244006963241
0 0.47918701171875 13 18 -0.13394091308635836
2 0.41495728492736816 14 17 -0.24091750472867907
2 0.3446445167064667 15 16 -0.15241594738830386
-1 0.0 0 0 0.010771210027451163
-1 0.0 0 0 -0.02900043362347517
-1 0.0 0 0 -0.08706401242659643
4 0.7995002269744873 19 20 0.10365972729816444
-1 0.0 0 0 -0.0040512792245551415
-1 0.0 0 0 0.050734278202056886
-1 0.0 0 0 0.049097619708627464
-1 0.0 0 0 -0.07326907189119429
8 92.5 24 25 0.0022683697318852105
-1 0.0 0 0 0.00016521513023546425
0 0.49213236570358276 26 27 0.1042228831796615
-1 0.0 0 0 0.026786687328365467
-1 0.0 0 0 0.000651081952336413
-1 0.0 0 0 0.03211758143882803
nodes 29
7 0.734000027179718 1 20 0.0
4 0.9443618059158325 2 7 0.0011649333468164457
3 0.8914174437522888 3 4 -0.0035594438241705584
-1 0.0 0 0 -0.00031246542235620784
2 0.43935316801071167 5 6 -0.2101877275435589
-1 0.0 0 0 -0.001747086252486687
-1 0.0 0 0 -0.046393159981817006
5 1.6118305921554565 8 15 0.011230902498956093
8 34.5 9 14 0.007915501501163146
7 0.03200000151991844 10 11 -0.022032457722772018
-1 0.0 0 0 -0.01365883540722779
5 1.0866845846176147 12 13 -0.013006037152938415
-1 0.0 0 0 0.011247591068039508
-1 0.0 0 0 -0.002213057904013544
-1 0.0 0 0 0.0014935320234111902
1 0.23870933055877686 16 17 0.07026791893483694
-1 0.0 0 0 0.005069095153634764
6 1.0175060033798218 18 19 0.297569960256228
-1 0.0 0 0 0.0036306848556830968
-1 0.0 0 0 0.05051488709215024
6 1.0706408023834229 21 26 -0.041444189734439564
6 1.0596075057983398 22 25 -0.3793647665944364
6 1.0462595224380493 23 24 -0.16509430737871872
-1 0.0 0 0 -0.05042784252474385
-1 0.0 0 0 0.023931752546475487
-1 0.0 0 0 -0.07494682870579489
2 0.37521424889564514 27 28 -0.029941598237692317
-1 0.0 0 0 -0.0036586237666040226
-1 0.0 0 0 0.07619786099954085
nodes 29
5 1.058840274810791 1 28 0.0
6 1.0148879289627075 2 17 0.039959643245089625
3 0.9271581172943115 3 16 0.002845358462349451
1 0.41035494208335876 4 13 0.052343370518990476
6 1.0123080015182495 5 12 0.12149729966896546
3 0.8430831432342529 6 11 0.14726861676030767
3 0.8316587805747986 7 10 0.042437380597129565
5 1.039731740951538 8 9 0.11387156416531455
-1 0.0 0 0 -0.030908117175102237
-1 0.0 0 0 0.017834606659158543
-1 0.0 0 0 -0.029508913676254453
-1 0.0 0 0 0.023960074399633765
-1 0.0 0 0 -0.027232063963310793
3 0.9186459183692932 14 15 -0.011538184600046684
-1 0.0 0 0 -0.003749442781206859
-1 0.0 0 0 0.028782382044527266
-1 0.0 0 0 -0.010880816145751648
0 0.5299081802368164 18 27 0.08921470254150582
0 0.4943040609359741 19 26 0.09982159968590011
3 0.8686973452568054 20 23 0.07419398094791863
3 0.8641759753227234 21 22 -0.030285071294571534
-1 0.0 0 0 0.0012201679783696343
-1 0.0 0 0 -0.04862005924805999
3 0.8720008730888367 24 25 0.11719817923936193
-1 0.0 0 0 0.06151462288573384
-1 0.0 0 0 0.010338547328602002
-1 0.0 0 0 0.033496624179053726
-1 0.0 0 0 -0.052598533183336266
-1 0.0 0 0 -0.00011282741823814209
nodes 29
7 0.24199999868869781 1 28 0.0
6 0.9562504291534424 2 9 0.004462289161859097
8 35.5 3 4 -0.01609439461026206
-1 0.0 0 0 -0.018543965147157542
0 0.5561773777008057 5 6 -0.012987272353842186
-1 0.0 0 0 -0.0010533620818770273
5 1.2897300720214844 7 8 -0.2167785836541107
-1 0.0 0 0 -0.04186219188419205
-1 0.0 0 0 0.005124289421822693
5 1.273943543434143 10 11 0.008870505019629335
-1 0.0 0 0 0.00039002897971964195
2 0.3965984284877777 12 15 0.029469516447944516
7 0.13600000739097595 13 14 0.015393865368499408
-1 0.0 0 0 0.004051854712739475
-1 0.0 0 0 -0.002129161900543146
6 1.079498291015625 16 27 0.10667433834867963
8 49.5 17 22 0.08970368673270945
0 0.4546205997467041 18 19 0.20430769316335345
-1 0.0 0 0 0.0318264010282918
0 0.4880489706993103 20 21 0.004221601476676242
-1 0.0 0 0 -0.014677297862363048
-1 0.0 0 0 0.044347856176847764
6 1.0402576923370361 23 24 0.043784583564387164
-1 0.0 0 0 0.0076886456014230485
0 0.49756383895874023 25 26 -0.15211655631421778
-1 0.0 0 0 -0.04348282556185562
-1 0.0 0 0 0.015472906854049099
-1 0.0 0 0 0.07762069509120748
-1 0.0 0 0 -0.0009856900761203216
nodes 29
2 0.19801852107048035 1 4 0.0
6 1.0495867729187012 2 3 -0.035891661002867906
-1 0.0 0 0 -0.019018876319518315
-1 0.0 0 0 -0.002107094737978489
4 0.62757807970047 5 18 0.001162768003313504
2 0.34789222478866577 6 17 -0.024451327322739892
5 1.123018503189087 7 12 -0.0155639045346261
6 1.0082396268844604 8 11 0.13559721928398943
7 0.03200000151991844 9 10 0.38647925301062824
-1 0.0 0 0 0.00707104934278775
-1 0.0 0 0 0.06860547428711866
-1 0.0 0 0 0.0010976078347881245
6 1.0928704738616943 13 16 -0.022371357308365127
7 0.0820000022649765 14 15 -0.05310844740909596
-1 0.0 0 0 0.000969226482864736
-1 0.0 0 0 -0.009193002783634703
-1 0.0 0 0 0.001311956240540247
-1 0.0 0 0 -0.014585946278812982
6 0.9562504291534424 19 24 0.002765211927056442
0 0.5561773777008057 20 21 -0.016210492143230833
-1 0.0 0 0 -0.0014104684994891811
5 1.2596532106399536 22 23 -0.27676450134685604
-1 0.0 0 0 -0.04473159722137181
-1 0.0 0 0 0.014013909410547327
8 92.5 25 28 0.005531940609107906
0 0.5062798261642456 26 27 0.0052607876350161805
-1 0.0 0 0 0.00033018656676083564
-1 0.0 0 0 0.003902039672783806
-1 0.0 0 0 0.02818333448883958
nodes 29
7 0.8500000238418579 1 28 0.0
2 0.4506138563156128 2 19 0.000380065275488979
1 0.41035494208335876 3 8 -0.0016365763273149842
5 1.062182903289795 4 7 -0.00016154547982972744
0 0.5035833120346069 5 6 0.06551225061166155
-1 0.0 0 0 0.005951675831960604
-1 0.0 0 0 0.05628655884753574
-1 0.0 0 0 -0.00015838296022543553
8 48.5 9 10 -0.05751587537213471
-1 0.0 0 0 0.001988408922532108
6 0.9687117338180542 11 18 -0.11705430967786994
5 1.0769569873809814 12 17 -0.24962411132199983
3 0.8162088990211487 13 14 -0.40563767694098796
-1 0.0 0 0 0.00928868934046477
5 1.0709550380706787 15 16 -0.5105902180663849
-1 0.0 0 0 -0.03785517278404252
-1 0.0 0 0 -0.09758687074340526
-1 0.0 0 0 -0.013080583287045262
-1 0.0 0 0 -0.00829502794676779
2 0.47426337003707886 20 21 0.018068599192904048
-1 0.0 0 0 0.004047464922980497
6 1.0515527725219727 22 27 -0.02426099434521396
0 0.4475291669368744 23 26 -0.020535339542023353
4 1.1027417182922363 24 25 -0.2738719122732276
-1 0.0 0 0 -0.09900990472524428
-1 0.0 0 0 -0.002256414561385387
-1 0.0 0 0 -0.0014831562904507939
-1 0.0 0 0 -0.04314052083063871
-1 0.0 0 0 -0.010178800404628175
nodes 29
6 1.02739679813385 1 28 0.0
7 0.06800000369548798 2 27 0.006033987199113154
3 0.7065461277961731 3 16 -0.004336917012524912
8 41.5 4 5 0.01792553171382925
-1 0.0 0 0 -0.01758309748216436
4 0.8961055874824524 6 11 0.02363712514117942
8 49.5 7 10 0.0129519859708808
4 0.879717230796814 8 9 -0.10966188512129718
-1 0.0 0 0 -0.0054956100043073355
-1 0.0 0 0 -0.04444990179276673
-1 0.0 0 0 0.0019464271048178835
6 0.7125368714332581 12 15 0.15521698178114243
0 0.44546306133270264 13 14 -0.12156411660102646
-1 0.0 0 0 0.009303324100827534
-1 0.0 0 0 -0.0485729329513781
-1 0.0 0 0 0.019798350566310952
8 72.5 17 18 -0.01333608416586733
-1 0.0 0 0 -0.0009712463378996355
0 0.416170597076416 19 20 -0.15827432723927565
-1 0.0 0 0 0.021864668931812048
0 0.47918701171875 21 26 -0.20100221575590355
5 1.1281856298446655 22 23 -0.3606104155495097
-1 0.0 0 0 -0.017334770364686846
1 0.36631301045417786 24 25 -0.6532084028973865
-1 0.0 0 0 -0.043958397212343805
-1 0.0 0 0 -0.11991375037641437
-1 0.0 0 0 -0.004268117886385881
-1 0.0 0 0 0.00237528838136552
-1 0.0 0 0 -0.0006081723309571036
nodes 29
7 0.0 1 28 0.0
2 0.36406171321868896 2 3 -0.04275740946080003
-1 0.0 0 0 0.007476811843289697
6 0.9952758550643921 4 27 -0.08245608443602805
8 59.5 5 12 -0.10743818202997879
4 1.0032202005386353 6 7 -0.04611876129981719
-1 0.0 0 0 4.90922499300232e-05
0 0.37795042991638184 8 9 -0.2992575612432998
-1 0.0 0 0 0.0181627060685839
1 0.4234384000301361 10 11 -0.4055583724065831
-1 0.0 0 0 -0.05509644264976184
-1 0.0 0 0 0.01397143304347992
4 0.8410940766334534 13 16 -0.20117647683469303
6 0.950600802898407 14 15 -0.061306222639304686
-1 0.0 0 0 -0.015362173123285175
-1 0.0 0 0 0.02359810084246604
3 0.7577064633369446 17 22 -0.3468990429211018
6 0.9395313262939453 18 21 -0.650934020036852
4 0.8628143966197968 19 20 -0.45660880509325685
-1 0.0 0 0 -0.01018845966506389
-1 0.0 0 0 -0.07538101689235585
-1 0.0 0 0 -0.12254607424787854
4 0.8667193055152893 23 24 -0.15995861780263382
-1 0.0 0 0 -0.06083762516081334
5 1.0789366960525513 25 26 -0.06881682231371117
-1 0.0 0 0 0.042998817861080174
-1 0.0 0 0 -0.016567216229905347
-1 0.0 0 0 0.019035726451030133
-1 0.0 0 0 7.846274683206973e-05
nodes 29
4 0.7677508592605591 1 26 0.0
1 0.3547671437263489 2 21 -0.011817809774655916
2 0.3965984284877777 3 20 -0.00804166241714099
8 73.5 4 15 -0.012566898699695274
6 1.0818469524383545 5 10 -0.025652812085665947
7 0.5979999899864197 6 7 -0.047536960135470534
-1 0.0 0 0 -0.004362408869178113
6 1.0596075057983398 8 9 -0.3106271411225046
-1 0.0 0 0 -0.0645969943748787
-1 0.0 0 0 -0.007529885857774501
1 0.31031423807144165 11 12 -0.002675150927408246
-1 0.0 0 0 0.0002905974677461323
6 1.0976545810699463 13 14 -0.4209906013839575
-1 0.0 0 0 -0.008950879769399763
-1 0.0 0 0 -0.07293457676071761
0 0.466863751411438 16 19 0.017470269805970627
7 0.03400000184774399 17 18 0.07997039111530302
-1 0.0 0 0 0.01711227600051643
-1 0.0 0 0 0.003945822716425356
-1 0.0 0 0 -0.0019149519580905817
-1 0.0 0 0 0.014108215419072694
3 0.6777459383010864 22 25 -0.15853494978736996
0 0.5010856986045837 23 24 -0.2421405790500913
-1 0.0 0 0 -0.08202254147756667
-1 0.0 0 0 -0.020695280644070845
-1 0.0 0 0 0.008431949711863012
6 0.8095192909240723 27 28 0.002882421197790874
-1 0.0 0 0 -0.008799252151723802
-1 0.0 0 0 0.0003796982255130751
nodes 29
0 0.20887574553489685 1 4 0.0
6 1.0375772714614868 2 3 -0.0323790448424154
-1 0.0 0 0 -0.01960183941224717
-1 0.0 0 0 -0.0022655707410514686
4 0.9443618059158325 5 14 0.0010489711517073085
3 0.8914174437522888 6 11 -0.003247547207655912
8 42.5 7 10 -0.002832350612907701
7 0.035999998450279236 8 9 -0.02271953385880538
-1 0.0 0 0 -0.01450551752755283
-1 0.0 0 0 -0.0012697238138059553
-1 0.0 0 0 6.790142498065925e-05
4 0.9431520700454712 12 13 -0.20197437777311253
-1 0.0 0 0 -0.012061560027176094
-1 0.0 0 0 -0.06860591039061546
0 0.5299081802368164 15 26 0.01053609010313269
0 0.5177079439163208 16 23 0.01123768164780281
0 0.512292206287384 17 18 0.010350299925681136
-1 0.0 0 0 0.001122896868793686
3 0.8973590135574341 19 22 -0.27513109108068695
4 0.9526532888412476 20 21 -0.13322564449959567
-1 0.0 0 0 -0.06474945059578334
-1 0.0 0 0 0.008717529612536334
-1 0.0 0 0 -0.0726648421111432
3 0.8519043922424316 24 25 0.21748858222434686
-1 0.0 0 0 -0.016429172903299333
-1 0.0 0 0 0.03331795856356621
6 1.0154091119766235 27 28 -0.2502827320339871
-1 0.0 0 0 -0.008854681107526024
-1 0.0 0 0 -0.07123853633446353
nodes 29
7 0.7820000052452087 1 20 0.0
7 0.0 2 19 0.0006987613942507671
2 0.36406171321868896 3 4 -0.03837556532835051
-1 0.0 0 0 0.0067065657358002535
6 0.9952758550643921 5 18 -0.0739923109276754
8 59.5 6 9 -0.09639410875808234
4 1.005028247833252 7 8 -0.041457030758007
-1 0.0 0 0 2.295664764681793e-05
-1 0.0 0 0 -0.027497575685909367
4 0.8380159735679626 10 11 -0.18037578947131225
-1 0.0 0 0 -0.0049229100392646314
3 0.7577064633369446 12 17 -0.30729194019260186
6 0.9395313262939453 13 16 -0.5401394002861819
4 0.8500955700874329 14 15 -0.3674177224189043
-1 0.0 0 0 0.01712899531814314
-1 0.0 0 0 -0.05769151518190349
-1 0.0 0 0 -0.11033622628968696
-1 0.0 0 0 -0.015516493293146291
-1 0.0 0 0 0.01706432512203083
-1 0.0 0 0 0.00014270376864027225
6 1.0696371793746948 21 22 -0.045424105786248156
-1 0.0 0 0 -0.044285721965134146
6 1.0869578123092651 23 24 -0.037395153990993746
-1 0.0 0 0 0.06557210111618042
1 0.2602100372314453 25 28 -0.049263581476486865
1 0.23989535868167877 26 27 -0.042674114527699994
-1 0.0 0 0 -0.005262899145430164
-1 0.0 0 0 0.0380257323384285
-1 0.0 0 0 -0.042749898433685304
nodes 29
2 0.44425368309020996 1 24 0.0
1 0.41035494208335876 2 23 -0.0021011602966593003
5 1.066711187362671 3 22 -0.0011478479008333886
3 0.9689882397651672 4 15 0.05026075900454027
7 0.14399999380111694 5 8 0.06493409446892187
7 0.009999999776482582 6 7 0.0322049380014969
-1 0.0 0 0 0.0169330800766619
-1 0.0 0 0 0.0005325439478635827
6 1.0259184837341309 9 14 0.14225494009720532
6 1.0240018367767334 10 13 0.32572635918840825
1 0.3463553190231323 11 12 0.27838201625931974
-1 0.0 0 0 -0.010956285317014489
-1 0.0 0 0 0.0351887359940692
-1 0.0 0 0 0.07537192192673683
-1 0.0 0 0 0.0036632632317636672
8 49.5 16 21 -0.08641426084514317
6 1.0225573778152466 17 20 -0.01600650433127911
7 0.01600000075995922 18 19 -0.197741646748664
-1 0.0 0 0 0.04472806531470269
-1 0.0 0 0 -0.038470463222567586
-1 0.0 0 0 0.010560573382772283
-1 0.0 0 0 -0.06875881818481364
-1 0.0 0 0 -0.00027195556595486337
-1 0.0 0 0 -0.006925905895260775
2 0.47426337003707886 25 26 0.01464248740961518
-1 0.0 0 0 0.0028891933405983646
7 0.11999999731779099 27 28 -0.021778595868152898
-1 0.0 0 0 -0.004269605827037378
-1 0.0 0 0 0.004425061407054196
nodes 29
7 0.20399999618530273 1 28 0.0
5 1.273943543434143 2 5 0.004094866380308629
0 0.5561773777008057 3 4 -0.0014109384664074665
-1 0.0 0 0 -5.257265924826264e-05
-1 0.0 0 0 -0.01725696493675442
2 0.30911338329315186 6 13 0.027066305244446205
6 1.067649483680725 7 12 -0.02442134229554938
8 44.5 8 9 -0.06131275572764164
-1 0.0 0 0 -0.019605332765651157
4 0.8113836646080017 10 11 -0.0219613701510644
-1 0.0 0 0 -0.005811652219685522
-1 0.0 0 0 0.012632361155025335
-1 0.0 0 0 0.004458646940724256
6 0.870360791683197 14 27 0.0434709042371829
4 0.9744130373001099 15 24 -0.054370671976503096
7 0.006000000052154064 16 19 -0.08138090204656029
2 0.36406171321868896 17 18 -0.19117751830217958
-1 0.0 0 0 0.0036488326349561773
-1 0.0 0 0 -0.02766419836446314
1 0.33193743228912354 20 21 -0.010460421028115821
-1 0.0 0 0 -0.005420369472778817
4 0.8294677138328552 22 23 0.3737196349429196
-1 0.0 0 0 0.09411165696524439
-1 0.0 0 0 0.012548347600750277
3 0.702329695224762 25 26 0.2790556125549806
-1 0.0 0 0 0.07795725834780726
-1 0.0 0 0 0.004110492146039596
-1 0.0 0 0 0.0057808109341213765
-1 0.0 0 0 -0.0007307952563000847
nodes 29
8 38.5 1 28 0.0
0 0.4391520917415619 2 19 -0.010993919580072882
0 0.41222086548805237 3 4 -0.015356789814748266
-1 0.0 0 0 -0.0009777947029562147
2 0.39580026268959045 5 12 -0.10916630560260379
3 0.7065461277961731 6 9 -0.31883882018170817
7 0.18799999356269836 7 8 -0.12801188096824673
-1 0.0 0 0 0.03560370594263077
-1 0.0 0 0 -0.02210982156595072
2 0.38326647877693176 10 11 -0.6828779042196962
-1 0.0 0 0 -0.10654787708273424
-1 0.0 0 0 -0.039334211327336936
4 0.9240021109580994 13 14 -0.05938225377414811
-1 0.0 0 0 0.052575529103392166
6 1.0666753053665161 15 18 -0.08150609836271919
6 1.0557838678359985 16 17 -0.09861631010165577
-1 0.0 0 0 -0.0074597794595062375
-1 0.0 0 0 -0.06456186309937509
-1 0.0 0 0 0.03388347700238228
4 0.9490073323249817 20 25 0.0680150039267214
7 0.04600000008940697 21 22 -0.07637597113190328
-1 0.0 0 0 -0.04021699460262948
2 0.45627593994140625 23 24 -0.0027590633432667414
-1 0.0 0 0 0.005975345942032272
-1 0.0 0 0 -0.04218244937214035
0 0.44820278882980347 26 27 0.11958320930480164
-1 0.0 0 0 0.029632966269364874
-1 0.0 0 0 0.006088755873910242
-1 0.0 0 0 0.0002498366732217305
nodes 29
4 0.7677508592605591 1 28 0.0
1 0.3547671437263489 2 13 -0.010585124242159395
2 0.4059367775917053 3 4 -0.007214597241644675
-1 0.0 0 0 -0.001018173023147023
4 0.7314875721931458 5 6 0.18406386645861633
-1 0.0 0 0 0.0024202556802981326
2 0.4140511751174927 7 10 0.36492885183542967
7 0.15600000321865082 8 9 0.13881527874078872
-1 0.0 0 0 0.044158937252230114
-1 0.0 0 0 -0.04288861470995471
6 1.0159550905227661 11 12 0.5943676245344036
-1 0.0 0 0 0.029589725259778113
-1 0.0 0 0 0.11077366642653944
3 0.6777459383010864 14 27 -0.14154242940849956
0 0.502253532409668 15 16 -0.21579285242589688
-1 0.0 0 0 -0.06649785942531058
8 69.5 17 20 -0.17858219925677898
5 1.1698124408721924 18 19 0.022722278239338527
-1 0.0 0 0 -0.012481489695790339
-1 0.0 0 0 0.04259905571117997
5 1.1920729875564575 21 26 -0.2783437102283063
4 0.7508870363235474 22 25 -0.1876351256695324
4 0.7314875721931458 23 24 -0.2935890819040375
-1 0.0 0 0 -0.014548035736124105
-1 0.0 0 0 -0.05788355143568306
-1 0.0 0 0 0.054022248672402434
-1 0.0 0 0 -0.06431937947869301
-1 0.0 0 0 0.007413737078489264
-1 0.0 0 0 0.00025817632636689834
nodes 29
8 90.5 1 22 0.0
4 0.6931558847427368 2 9 -0.0005120901408515695
1 0.29911091923713684 3 4 -0.019201653593167056
-1 0.0 0 0 -0.0010824716821779413
8 55.5 5 6 -0.11804528205454688
-1 0.0 0 0 -0.05677818562835455
1 0.34947845339775085 7 8 -0.10521233181714354
-1 0.0 0 0 -0.008178492620471428
-1 0.0 0 0 -0.036401195319194814
7 0.026000000536441803 10 21 0.0016207979751929795
8 27.5 11 12 -0.01122298380197191
-1 0.0 0 0 -0.05374283183079499
6 0.9700363278388977 13 14 -0.010441951736141264
-1 0.0 0 0 -0.002592566741911834
6 0.9870089888572693 15 16 0.009743486660143817
-1 0.0 0 0 0.005071443576942054
5 1.039731740951538 17 18 -0.01529045766849052
-1 0.0 0 0 -0.04725029248982034
8 37.5 19 20 -0.010691915841014274
-1 0.0 0 0 -0.015585409907060702
-1 0.0 0 0 0.00014975321592438045
-1 0.0 0 0 0.00047766513544218503
0 0.49213236570358276 23 28 0.05576153938181361
6 1.0396876335144043 24 27 0.16707175586678766
5 1.1112780570983887 25 26 0.21927719858948275
-1 0.0 0 0 0.05951501895906404
-1 0.0 0 0 0.01755392505457117
-1 0.0 0 0 -0.012432953351261941
-1 0.0 0 0 -0.0017768202164829845
nodes 29
5 1.058840274810791 1 28 0.0
4 0.8380159735679626 2 5 0.03071274427667047
3 0.7925444841384888 3 4 0.15068490903133586
-1 0.0 0 0 0.010665128743401291
-1 0.0 0 0 0.054346481367945676
4 0.8441416025161743 6 7 0.018801976919121624
-1 0.0 0 0 -0.04618865010760179
8 72.5 8 27 0.026823233572683174
7 0.4480000138282776 9 26 0.03212241268359362
6 1.0159550905227661 10 25 0.0378510061121864
3 0.9271581172943115 11 24 0.0023150883875482776
1 0.40908172726631165 12 13 0.05621231328863589
-1 0.0 0 0 0.014419402767179207
5 1.0522598028182983 14 19 -0.00831869839504009
0 0.4986869990825653 15 16 -0.10843039096180036
-1 0.0 0 0 -0.022939218137954367
8 48.5 17 18 0.09392624908283562
-1 0.0 0 0 -0.043314759356768005
-1 0.0 0 0 0.02226303269393569
8 50.5 20 21 0.10950823195102345
-1 0.0 0 0 0.03524235758851183
2 0.46723872423171997 22 23 -0.04374037428927802
-1 0.0 0 0 0.011803070818084283
-1 0.0 0 0 -0.029755362437170897
-1 0.0 0 0 -0.009854971821305855
-1 0.0 0 0 0.00889747650473253
-1 0.0 0 0 -0.027149303903182348
-1 0.0 0 0 -0.04501028864092573
-1 0.0 0 0 -8.671847730198767e-05
nodes 29
7 0.8500000238418579 1 26 0.0
4 0.9443618059158325 2 23 0.0003137145501892121
4 0.9374573826789856 3 12 -0.0031210096876677926
5 1.1137518882751465 4 5 -0.0015335494140136998
-1 0.0 0 0 0.0014821629326864513
5 1.1711188554763794 6 11 -0.005553860588542173
2 0.4432528018951416 7 10 -0.024260121282092647
0 0.5266554355621338 8 9 -0.03293024638607276
-1 0.0 0 0 -0.0029667193982051837
-1 0.0 0 0 -0.022472870163395643
-1 0.0 0 0 0.0037839150343995337
-1 0.0 0 0 0.00014194034866869704
3 0.8641759753227234 13 16 -0.04703556497702053
5 1.0902889966964722 14 15 -0.014375211373735432
-1 0.0 0 0 0.05699054476889697
-1 0.0 0 0 -0.0021308423077823625
1 0.45753729343414307 17 22 -0.17629890539846113
8 56.5 18 21 -0.1403869063937721
5 1.0875539779663086 19 20 -0.08524757659875654
-1 0.0 0 0 -0.005084939555120635
-1 0.0 0 0 -0.06176715962912726
-1 0.0 0 0 -0.04886836729322871
-1 0.0 0 0 -0.06267379786287035
0 0.5420362949371338 24 25 0.0074834313042816845
-1 0.0 0 0 0.0007794711220673075
-1 0.0 0 0 -0.04487821806899526
8 23.5 27 28 -0.0840181615563505
-1 0.0 0 0 -0.020730718450431597
-1 0.0 0 0 -0.0019341952796762076
nodes 29
6 1.0249860286712646 1 28 0.0
3 0.9332515001296997 2 25 0.005236135390404216
6 1.0020830631256104 3 24 0.008247659088079475
8 82.5 4 23 -0.00041709929455032135
0 0.3150634467601776 5 8 -0.004083380483535841
8 51.5 6 7 -0.08420022505115846
-1 0.0 0 0 -0.01235767016983433
-1 0.0 0 0 0.01567304201968709
4 0.9936971664428711 9 14 -0.0016442463660046533
8 35.5 10 13 -0.006366549517858433
4 0.9744130373001099 11 12 -0.20610476958140128
-1 0.0 0 0 -0.0033745210503407738
-1 0.0 0 0 -0.053913849390159224
-1 0.0 0 0 -0.0004994405131923759
8 53.5 15 20 0.051930124425227764
5 1.4709033966064453 16 19 0.07873047079974763
1 0.2613618075847626 17 18 0.06765655371221639
-1 0.0 0 0 -0.04956558706859748
-1 0.0 0 0 0.007501610634452809
-1 0.0 0 0 0.038179752520997735
3 0.8402103185653687 21 22 -0.1170171571317945
-1 0.0 0 0 -0.05045453029427123
-1 0.0 0 0 -0.004669351677228434
-1 0.0 0 0 0.006829485883600163
-1 0.0 0 0 0.0025376986703301418
7 0.3700000047683716 26 27 -0.03802945371251428
-1 0.0 0 0 -0.0031755301680173815
-1 0.0 0 0 -0.033948285214137286
-1 0.0 0 0 -0.00048792641863048495
nodes 29
6 1.2300024032592773 1 28 0.0
1 0.30516353249549866 2 7 0.0008681987339202239
5 1.1353238821029663 3 4 0.006698172711580789
-1 0.0 0 0 0.004458635390194652
2 0.3268566131591797 5 6 0.0018106945967474874
-1 0.0 0 0 -0.0009617682078397545
-1 0.0 0 0 0.0019475332759154081
6 1.0869578123092651 8 17 -0.004640677747189472
1 0.3207519054412842 9 10 -0.001872225367061125
-1 0.0 0 0 -0.0039133805554086385
5 1.2652307748794556 11 12 0.0029313718222810665
-1 0.0 0 0 3.0711694274353575e-05
8 57.5 13 14 0.08228598611238806
-1 0.0 0 0 0.01684866880662361
4 0.8312366604804993 15 16 -0.029068363296845163
-1 0.0 0 0 0.010107255360583635
-1 0.0 0 0 -0.014856882787415022
7 0.25200000405311584 18 21 -0.27707628502281373
5 1.2495155334472656 19 20 -0.061856165269288735
-1 0.0 0 0 -0.015777850262727874
-1 0.0 0 0 0.05395031035519563
6 1.1151620149612427 22 27 -0.40745001141196835
4 0.987389326095581 23 26 -0.3183302559835975
1 0.3578837513923645 24 25 -0.42572858860960816
-1 0.0 0 0 -0.03573798550543993
-1 0.0 0 0 -0.10340323172509672
-1 0.0 0 0 0.016496224083345046
-1 0.0 0 0 -0.0715549737321479
-1 0.0 0 0 -0.002680788447375428
nodes 29
8 97.5 1 24 0.0
4 0.62757807970047 2 13 -0.0002647548853618587
6 1.0976545810699463 3 10 -0.020969354811455895
6 0.990985095500946 4 5 -0.05059462798149581
-1 0.0 0 0 0.002282703570429018
0 0.47525113821029663 6 7 -0.07121505516247978
-1 0.0 0 0 -0.0030646525429939247
6 1.0782663822174072 8 9 -0.10381057905163084
-1 0.0 0 0 -0.012979917489287882
-1 0.0 0 0 -0.0003150524736937909
7 0.1459999978542328 11 12 0.012759989321242681
-1 0.0 0 0 0.01525387956670736
-1 0.0 0 0 0.0004760599801451153
5 1.2396756410598755 14 15 0.0010623072303208223
-1 0.0 0 0 -0.00029799157979024836
2 0.4184110760688782 16 17 0.009290823705425557
-1 0.0 0 0 0.0003402663455226732
6 1.0686558485031128 18 23 0.08868013403330571
1 0.40014728903770447 19 20 0.07663238642119762
-1 0.0 0 0 0.00866556967676357
5 1.2652307748794556 21 22 -0.31234915740787983
-1 0.0 0 0 -0.0673164957202971
-1 0.0 0 0 0.0264956122264266
-1 0.0 0 0 0.049751353660812146
3 0.47798454761505127 25 26 0.08625643668328016
-1 0.0 0 0 0.0014079463704635043
1 0.28018617630004883 27 28 0.4015558449584141
-1 0.0 0 0 0.07619223104789853
-1 0.0 0 0 0.02067631608932405
nodes 29
5 1.058840274810791 1 2 0.0
-1 0.0 0 0 0.0028105422508918876
1 0.4736008048057556 3 24 -0.0007935662109948695
2 0.5074802041053772 4 17 -0.0004978618351325199
1 0.4526042342185974 5 6 -0.0007857056963513559
-1 0.0 0 0 -1.793201652250313e-05
5 1.119706630706787 7 14 -0.07395724217341886
6 1.0159550905227661 8 11 -0.04237735677540664
8 38.5 9 10 0.009918683750611794
-1 0.0 0 0 0.06561475339389983
-1 0.0 0 0 -0.0017061049557452056
7 0.06599999964237213 12 13 -0.1686590398889258
-1 0.0 0 0 -0.05707031401260844
-1 0.0 0 0 -0.0038730153836673354
3 0.8534232378005981 15 16 -0.4994244254448197
-1 0.0 0 0 -0.01874728107994253
-1 0.0 0 0 -0.09673518474129114
6 1.0007771253585815 18 23 0.1958197597938944
5 1.151167869567871 19 22 -0.026846422717489046
5 1.123018503189087 20 21 0.23515863057512504
-1 0.0 0 0 -0.027448619665070013
-1 0.0 0 0 0.060889817054073016
-1 0.0 0 0 -0.04161110733236586
-1 0.0 0 0 0.054803717576644644
5 1.1112780570983887 25 28 -0.10943132157042397
8 42.5 26 27 -0.03857244697763868
-1 0.0 0 0 0.031083311212973464
-1 0.0 0 0 -0.01034105919666358
-1 0.0 0 0 -0.058877076734514804
nodes 29
0 0.19463582336902618 1 8 0.0
6 1.0976545810699463 2 7 -0.0300258636296486
7 0.734000027179718 3 6 -0.08770527732688997
2 0.2729111909866333 4 5 -0.06959209733123688
-1 0.0 0 0 -0.009624492152315332
-1 0.0 0 0 0.03362923396485192
-1 0.0 0 0 -0.05776236695902688
-1 0.0 0 0 -0.001076669431690758
4 0.9443618059158325 9 10 0.0007235333582072426
-1 0.0 0 0 -0.0002724532749890338
3 0.8670834898948669 11 18 0.008230899887906313
3 0.8655702471733093 12 17 0.02120548471594488
4 1.001387357711792 13 14 0.018581446684525178
-1 0.0 0 0 0.0007371025536851523
2 0.334744930267334 15 16 0.04969106582606998
-1 0.0 0 0 0.00034530509786114054
-1 0.0 0 0 0.011342867281857068
-1 0.0 0 0 0.015044886514753698
0 0.5266554355621338 19 26 -0.002440836550740128
0 0.5177079439163208 20 25 -0.001358735941196967
0 0.5140356421470642 21 24 -0.0027778996483638547
8 53.5 22 23 -0.0019337099343350068
-1 0.0 0 0 0.0003413026315026149
-1 0.0 0 0 -0.0059734424437683405
-1 0.0 0 0 -0.04299890579599323
-1 0.0 0 0 0.033310416986195135
7 0.05400000140070915 27 28 -0.3106377626992703
-1 0.0 0 0 0.02052005195412143
-1 0.0 0 0 -0.08092814355317388
nodes 29
8 38.5 1 28 0.0
4 0.9971697926521301 2 25 -0.009825457868183625
6 1.0696371793746948 3 12 -0.026968718276028817
4 0.90506911277771 4 5 -0.06697479730913508
-1 0.0 0 0 -0.018891595709420058
3 0.4147492051124573 6 7 -0.041258770499755903
-1 0.0 0 0 0.04239347704193172
8 30.5 8 11 -0.04650473414527779
5 1.5112375020980835 9 10 -0.21653022252746482
-1 0.0 0 0 -0.0282749791890495
-1 0.0 0 0 0.028312652812085372
-1 0.0 0 0 -0.0035197768522408617
2 0.36489763855934143 13 14 -0.0006449892098680008
-1 0.0 0 0 0.0009550760667419306
2 0.3965984284877777 15 22 -0.24814452114095492
1 0.3380826711654663 16 21 -0.38011784890891404
6 1.0928704738616943 17 20 -0.2773605208384578
2 0.376844197511673 18 19 -0.012290191971629427
-1 0.0 0 0 -0.029242979406722283
-1 0.0 0 0 0.03311067396294206
-1 0.0 0 0 -0.050887764351961164
-1 0.0 0 0 -0.09650441779253575
7 0.4099999964237213 23 24 0.23025879201789698
-1 0.0 0 0 -0.013132991868516672
-1 0.0 0 0 0.05629204058647156
4 1.080087661743164 26 27 0.00748339296469936
-1 0.0 0 0 0.0029496922413589015
-1 0.0 0 0 -0.0021300137526824026
-1 0.0 0 0 0.00022328338954518526
nodes 29
6 0.7125368714332581 1 20 0.0
1 0.22529134154319763 2 7 -0.07338241908732451
2 0.3965984284877777 3 6 0.06766338511456356
8 60.5 4 5 -0.005553558765938367
-1 0.0 0 0 -0.0344725853923176
-1 0.0 0 0 0.011435583851187293
-1 0.0 0 0 0.04180587593998228
0 0.4176984131336212 8 9 -0.17229765839773953
-1 0.0 0 0 0.01841818370989391
8 65.5 10 17 -0.23595471116500355
1 0.26815125346183777 11 12 -0.386237769796748
-1 0.0 0 0 -0.06974530784469662
3 0.5492035746574402 13 14 -0.24745256458786694
-1 0.0 0 0 0.009016826465016321
8 53.5 15 16 -0.3812268554180298
-1 0.0 0 0 -0.0665163226749586
-1 0.0 0 0 -0.016354230406383674
2 0.4067988991737366 18 19 -0.05527732606841188
-1 0.0 0 0 -0.022105168780295312
-1 0.0 0 0 0.02260367423295975
3 0.40099790692329407 21 26 0.0002895308771980236
2 0.42551466822624207 22 25 -0.0160665793080605
6 1.0976545810699463 23 24 -0.019346173991349642
-1 0.0 0 0 -0.00518891167788415
-1 0.0 0 0 0.0010916219742720802
-1 0.0 0 0 0.030176350797373283
5 1.6275477409362793 27 28 0.0016666045479897195
-1 0.0 0 0 -4.9409046891144234e-05
-1 0.0 0 0 0.004064733390264162
nodes 29
8 34.5 1 28 0.0
6 1.0088231563568115 2 15 -0.013875257235391602
7 0.20999999344348907 3 12 -0.09506488114991378
2 0.33635616302490234 4 5 -0.05865935952983249
-1 0.0 0 0 -0.018959581617309595
4 0.9936971664428711 6 9 0.031034115357296
2 0.3632267713546753 7 8 -0.1716723010598958
-1 0.0 0 0 0.02459717392921448
-1 0.0 0 0 -0.03572918745496916
3 0.924111545085907 10 11 0.1091963352469759
-1 0.0 0 0 0.03378875414444798
-1 0.0 0 0 -0.0024334771727405544
8 31.5 13 14 -0.4469849234773663
-1 0.0 0 0 -0.013687047259216862
-1 0.0 0 0 -0.0746405772607902
0 0.44682857394218445 16 21 -0.008777323605315232
0 0.4384096562862396 17 20 -0.00604373367162455
0 0.4341178238391876 18 19 -0.008087873962128426
-1 0.0 0 0 -0.0006380874062849326
-1 0.0 0 0 -0.04831861106350142
-1 0.0 0 0 0.039839794005577765
5 1.1006032228469849 22 25 -0.19785062735225412
5 1.0837839841842651 23 24 -0.467751948101843
-1 0.0 0 0 -0.023599342471705035
-1 0.0 0 0 -0.08785966031930664
0 0.4595015048980713 26 27 0.015967302072744865
-1 0.0 0 0 -0.030969383928083606
-1 0.0 0 0 0.02354345929849407
-1 0.0 0 0 0.00015917050925937928
nodes 29
7 0.671999990940094 1 2 0.0
-1 0.0 0 0 0.00010105741577011178
6 1.0748132467269897 3 16 -0.020787834607398987
4 1.1536322832107544 4 15 -0.2160160839298947
4 0.8093044757843018 5 6 -0.16516717772622755
-1 0.0 0 0 -0.05082375123439467
0 0.4025825262069702 7 14 -0.11488962868742388
5 1.157436728477478 8 9 -0.17292316896704638
-1 0.0 0 0 -0.05051198493068418
3 0.7796235084533691 10 13 -0.10215937907217874
3 0.7162739634513855 11 12 -0.1914813177579123
-1 0.0 0 0 -0.005426234948747563
-1 0.0 0 0 -0.06460191501537338
-1 0.0 0 0 0.02954673157223771
-1 0.0 0 0 0.032573539936156186
-1 0.0 0 0 -0.08308255862105977
2 0.39580026268959045 17 28 -0.007856432628356034
1 0.3001307547092438 18 27 -0.011420488559515258
1 0.23989535868167877 19 20 -0.007372676161310343
-1 0.0 0 0 -0.0016284858519565494
2 0.33298853039741516 21 26 0.11438659339532917
8 37.5 22 25 0.24164862544300722
4 0.90506911277771 23 24 0.33002616999478174
-1 0.0 0 0 0.07944430115407912
-1 0.0 0 0 0.021392195960827944
-1 0.0 0 0 -0.0063464325985738215
-1 0.0 0 0 -0.011012284050010285
-1 0.0 0 0 -0.05548393030185253
-1 0.0 0 0 0.07634052708745004
nodes 29
8 90.5 1 20 0.0
7 0.0 2 19 -0.00043620508998956555
2 0.36406171321868896 3 4 -0.037524378698583265
-1 0.0 0 0 0.004962564399465919
6 0.9952758550643921 5 18 -0.06575058007833492
2 0.43841150403022766 6 7 -0.08567782762597415
-1 0.0 0 0 -0.013151884285386634
0 0.5240588784217834 8 15 -0.000712038936136767
0 0.47126877307891846 9 10 0.05781543031438071
-1 0.0 0 0 -0.014459565713876436
8 67.5 11 14 0.15734815513638178
8 60.5 12 13 0.10131019690154094
-1 0.0 0 0 0.018746642833215428
-1 0.0 0 0 -0.02885467503219843
-1 0.0 0 0 0.07470809537030403
5 1.1179966926574707 16 17 -0.3069209722613079
-1 0.0 0 0 -0.0767416879048814
-1 0.0 0 0 -0.007667301886755487
-1 0.0 0 0 0.015062758577080955
-1 0.0 0 0 2.3988537798738812e-05
1 0.3505837917327881 21 28 0.047498422272434296
3 0.47798454761505127 22 25 0.06198172617768132
0 0.4759984612464905 23 24 0.011348250828690008
-1 0.0 0 0 0.013957292260905283
-1 0.0 0 0 -0.0026488537565515415
8 97.5 26 27 0.18846534839334342
-1 0.0 0 0 0.012164232295136251
-1 0.0 0 0 0.04467620428902312
-1 0.0 0 0 -0.04652105359733105
nodes 29
2 0.4506138563156128 1 26 0.0
1 0.40908172726631165 2 3 -0.0015081716913727683
-1 0.0 0 0 -1.1283831600412508e-05
6 1.0340406894683838 4 25 -0.04900340345123847
8 48.5 5 10 -0.07019797665937176
3 0.8302778601646423 6 7 -0.014498955828469662
-1 0.0 0 0 0.03455097434953565
3 0.8444747924804688 8 9 -0.03166168610270428
-1 0.0 0 0 -0.04792198919824192
-1 0.0 0 0 -0.0013145684677420568
8 63.5 11 24 -0.10797181664976312
0 0.5158553123474121 12 23 -0.1359293110111091
5 1.0490796566009521 13 14 -0.14843194293438122
-1 0.0 0 0 -0.037055866565686046
1 0.4264894425868988 15 22 -0.12308414874983405
7 0.05999999865889549 16 19 -0.14069141732688878
4 1.0 17 18 -0.21583611950307957
-1 0.0 0 0 -0.024680173392521033
-1 0.0 0 0 0.008096637344866429
2 0.43841150403022766 20 21 -0.03503683607164306
-1 0.0 0 0 0.02182483993049325
-1 0.0 0 0 -0.010670597019749081
-1 0.0 0 0 0.03103255393007436
-1 0.0 0 0 0.0379456960492664
-1 0.0 0 0 0.0036243312635008094
-1 0.0 0 0 0.012450342524903544
2 0.47426337003707886 27 28 0.013283626377359185
-1 0.0 0 0 0.002993852316040696
-1 0.0 0 0 -0.001818086692175658
nodes 29
5 1.058840274810791 1 28 0.0
7 0.4480000138282776 2 25 0.02651510896175512
7 0.12999999523162842 3 6 0.030843999610725207
3 0.9271581172943115 4 5 0.00579718173198881
-1 0.0 0 0 0.003238301989806688
-1 0.0 0 0 -0.005164029359277952
0 0.502253532409668 7 24 0.09605267099061301
5 1.0522598028182983 8 13 0.07658133133113729
0 0.48613548278808594 9 12 0.02003214646367695
4 1.0369658470153809 10 11 0.05602636924755483
-1 0.0 0 0 0.007878681235042467
-1 0.0 0 0 -0.033545325212180614
-1 0.0 0 0 -0.03340731803831217
0 0.46459388732910156 14 23 0.15477520419959107
0 0.4283096194267273 15 18 0.08200031184280912
4 0.90506911277771 16 17 0.2246663789438612
-1 0.0 0 0 -0.008292334761398916
-1 0.0 0 0 0.029871575755963997
2 0.4094078540802002 19 20 -0.1280793913609379
-1 0.0 0 0 -0.04330311204120517
8 47.5 21 22 -0.012567372780970552
-1 0.0 0 0 -0.02281461327026288
-1 0.0 0 0 0.024612713912501933
-1 0.0 0 0 0.04066882931269133
-1 0.0 0 0 0.03280301831405738
5 1.0522598028182983 26 27 -0.22207373915676107
-1 0.0 0 0 0.006609369869585391
-1 0.0 0 0 -0.06110997802577914
-1 0.0 0 0 -7.486631420667188e-05
nodes 29
7 0.8500000238418579 1 22 0.0
1 0.30516353249549866 2 3 0.0002714417872135533
-1 0.0 0 0 0.00048526038797489716
6 1.0869578123092651 4 17 -0.00431192800561946
8 61.5 5 16 -0.0018549377130768411
5 1.2520055770874023 6 13 0.004552922196356093
1 0.3218042552471161 7 12 0.001234208581124553
3 0.7124351859092712 8 9 -0.05132382612605178
-1 0.0 0 0 -0.015796717308560908
6 0.9850385189056396 10 11 -0.02936148931128813
-1 0.0 0 0 0.007952476265569646
-1 0.0 0 0 -0.005446820715161903
-1 0.0 0 0 0.0006778560489633867
7 0.0020000000949949026 14 15 0.06720012681509649
-1 0.0 0 0 -0.024392432517513798
-1 0.0 0 0 0.008635393408430258
-1 0.0 0 0 -0.0027405995496608306
7 0.25200000405311584 18 21 -0.24609252363963874
5 1.2495155334472656 19 20 -0.05504352203200734
-1 0.0 0 0 -0.014018428510774865
-1 0.0 0 0 0.047872356955821704
-1 0.0 0 0 -0.03618241303827232
8 23.5 23 24 -0.07269677464094174
-1 0.0 0 0 -0.018265781992613483
0 0.3340364098548889 25 28 -0.015012291868381416
2 0.28479307889938354 26 27 0.0144911917211538
-1 0.0 0 0 -0.00380051069582898
-1 0.0 0 0 0.03955754339867444
-1 0.0 0 0 -0.032831118903344586
nodes 29
6 1.2300024032592773 1 26 0.0
1 0.30726686120033264 2 3 0.000780820693317309
-1 0.0 0 0 0.0005658214644625855
6 1.1105940341949463 4 25 -0.003979660675262345
1 0.3207519054412842 5 6 -0.00289638860187779
-1 0.0 0 0 -0.00412160536156076
6 1.0696371793746948 7 10 0.0014973271203648176
8 61.5 8 9 0.0032758040263688717
-1 0.0 0 0 0.0009559842742902001
-1 0.0 0 0 -0.0023274715797744236
1 0.3505837917327881 11 12 -0.10996077563907648
-1 0.0 0 0 -0.0023891985354262345
2 0.44137242436408997 13 24 -0.3410117527672941
0 0.444065123796463 14 19 -0.45661402352174885
0 0.4071098268032074 15 16 -0.24943016054358605
-1 0.0 0 0 -0.0813433644361794
5 1.1006032228469849 17 18 0.11153206910006702
-1 0.0 0 0 -0.04484662571223453
-1 0.0 0 0 0.04848642865816752
0 0.46312034130096436 20 21 -0.6801545072613455
-1 0.0 0 0 -0.11352060185745359
7 0.257999986410141 22 23 -0.4701307328091039
-1 0.0 0 0 -0.011872091574644271
-1 0.0 0 0 -0.0880108852715542
-1 0.0 0 0 0.02888213085845627
-1 0.0 0 0 -0.04454040033121904
7 0.7820000052452087 27 28 -0.024109858153501508
-1 0.0 0 0 -0.0008022795207804827
-1 0.0 0 0 -0.006949065934988826
nodes 29
6 1.0249860286712646 1 28 0.0
2 0.2111424058675766 2 3 0.004430336126304923
-1 0.0 0 0 -0.01451812361321635
3 0.9332515001296997 4 27 0.005153398470358849
7 0.06800000369548798 5 6 0.007816085936303273
-1 0.0 0 0 -3.265862043895736e-05
5 1.066711187362671 7 12 0.023043439950415624
7 0.0820000022649765 8 11 0.10212198878121906
5 1.0454188585281372 9 10 -0.12432051744587995
-1 0.0 0 0 -0.06850971959531307
-1 0.0 0 0 -0.0026794138575053734
-1 0.0 0 0 0.014536065687267362
3 0.40099790692329407 13 16 0.01854359956955893
4 0.894889771938324 14 15 -0.07184279354316798
-1 0.0 0 0 -0.010352859327552017
-1 0.0 0 0 0.044631322560941475
5 1.1205074787139893 17 26 0.0222972401647943
4 0.8277952075004578 18 23 -0.004634317810316675
5 1.0779894590377808 19 20 0.09636406614621983
-1 0.0 0 0 -0.024636366055073106
0 0.537302553653717 21 22 0.14962157395104766
-1 0.0 0 0 0.017753343361591917
-1 0.0 0 0 -0.045862436791261035
7 0.07000000029802322 24 25 -0.020624041923676163
-1 0.0 0 0 0.027764437459809804
-1 0.0 0 0 -0.0027738420671181933
-1 0.0 0 0 0.0035292285983109352
-1 0.0 0 0 -0.0033164885245228048
-1 0.0 0 0 -0.0004128384624239494
nodes 29
8 90.5 1 20 0.0
4 0.669711172580719 2 11 -0.00040086111518434136
6 1.1151620149612427 3 10 -0.01677271261249852
7 0.5239999890327454 4 5 -0.0363143405511237
-1 0.0 0 0 -0.0030273017275050766
5 1.5702816247940063 6 7 -0.17204093074451113
-1 0.0 0 0 -0.007344560009060485
6 1.079498291015625 8 9 -0.3150583334512763
-1 0.0 0 0 -0.0582949816249311
-1 0.0 0 0 -0.01697612580353931
-1 0.0 0 0 0.0017167326883958695
6 0.8095192909240723 12 19 0.0010852280865995157
5 1.2396756410598755 13 14 -0.050530993653234345
-1 0.0 0 0 -0.05457913814620539
5 1.2543702125549316 15 16 -0.039355887466778934
-1 0.0 0 0 0.03323399960278319
1 0.36105817556381226 17 18 -0.0659055934306797
-1 0.0 0 0 -0.004554527790097943
-1 0.0 0 0 -0.031406538126369316
-1 0.0 0 0 0.00016579948242158454
1 0.3505837917327881 21 28 0.043649812102328045
3 0.47798454761505127 22 25 0.056478872619790295
0 0.47126877307891846 23 24 0.011004108709026765
-1 0.0 0 0 0.013740526322275402
-1 0.0 0 0 -0.0020159884021182122
8 97.5 26 27 0.17007591132177666
-1 0.0 0 0 0.011026698900433026
-1 0.0 0 0 0.04012603995103676
-1 0.0 0 0 -0.04104989302158356
nodes 29
8 20.5 1 2 0.0
-1 0.0 0 0 -0.010252124805716183
1 0.30726686120033264 3 8 0.0001673824608634512
5 1.0938754081726074 4 5 0.004091338393508092
-1 0.0 0 0 0.00682979193003158
2 0.4184110760688782 6 7 0.002063378018975111
-1 0.0 0 0 8.507813424787927e-05
-1 0.0 0 0 0.011420441069905302
6 1.1105940341949463 9 28 -0.0039009089583788657
1 0.3207519054412842 10 11 -0.002927376071012355
-1 0.0 0 0 -0.0037916752557703224
6 1.0696371793746948 12 19 0.001082895076610834
0 0.3390082120895386 13 16 0.002674722902057903
5 1.1326125860214233 14 15 0.2144269718978388
-1 0.0 0 0 -0.0019124597792032655
-1 0.0 0 0 0.05364450452581161
6 1.067649483680725 17 18 0.0019019942896334413
-1 0.0 0 0 0.00013107430724029276
-1 0.0 0 0 0.026355199172094314
5 1.0789366960525513 20 21 -0.09867780957187165
-1 0.0 0 0 -0.048493623060307335
1 0.3505837917327881 22 23 -0.0549975357880524
-1 0.0 0 0 0.0005905051527404657
2 0.3965984284877777 24 25 -0.23889171177303636
-1 0.0 0 0 -0.07776169849426619
8 54.5 26 27 -0.11917498440200848
-1 0.0 0 0 -0.0006375115871140101
-1 0.0 0 0 -0.06243222217358973
-1 0.0 0 0 -0.04005912222380478
nodes 29
4 1.080087661743164 1 20 0.0
4 0.9971697926521301 2 9 0.0009227889087499297
8 30.5 3 8 -0.0014710391452530708
6 1.0535355806350708 4 5 -0.07012107249174733
-1 0.0 0 0 -0.03716816538445918
2 0.3380363881587982 6 7 -0.04082811055634527
-1 0.0 0 0 -0.002201823937887722
-1 0.0 0 0 -0.029654711871584763
-1 0.0 0 0 -4.052410796510872e-05
7 0.0020000000949949026 10 19 0.017217597740317246
0 0.46389925479888916 11 18 -0.10286902310999617
1 0.36004042625427246 12 13 -0.14513807044839303
-1 0.0 0 0 0.0028948160016068047
6 0.9986019730567932 14 17 -0.2637462714241797
6 0.9860649704933167 15 16 -0.3451939776383618
-1 0.0 0 0 -0.02099001276724534
-1 0.0 0 0 -0.10811925214529038
-1 0.0 0 0 0.03606861428845497
-1 0.0 0 0 0.022048918902873995
-1 0.0 0 0 0.0020735800180131676
8 49.5 21 22 -0.0171782108573019
-1 0.0 0 0 -0.0011418226372383736
1 0.4297558665275574 23 28 -0.23729823332709762
1 0.38528621196746826 24 27 -0.12220574550939581
1 0.3724253177642822 25 26 -0.28087863742428665
-1 0.0 0 0 -0.009624892075856527
-1 0.0 0 0 -0.06421106917702633
-1 0.0 0 0 0.017750971699650918
-1 0.0 0 0 -0.06976681845979049
nodes 29
6 0.7125368714332581 1 20 0.0
4 0.9814891219139099 2 19 -0.06285123896846398
2 0.3592771887779236 3 4 -0.09017682355263984
-1 0.0 0 0 0.0064721905502612975
0 0.4809296727180481 5 12 -0.18218931645298234
2 0.38983094692230225 6 9 -0.3241522206637241
3 0.5023408532142639 7 8 -0.49322685490989565
-1 0.0 0 0 -0.06943664058395053
-1 0.0 0 0 -0.031529571370293316
7 0.012000000104308128 10 11 -0.2289262772377195
-1 0.0 0 0 -0.03647425979898687
-1 0.0 0 0 0.002912473219136397
2 0.4588826298713684 13 18 0.014820428166006292
5 1.6275477409362793 14 15 0.15103809998713827
-1 0.0 0 0 -0.023007895851567872
0 0.5035833120346069 16 17 0.41358540695574547
-1 0.0 0 0 0.07525146284273693
-1 0.0 0 0 0.011702233816807468
-1 0.0 0 0 -0.04557497108524496
-1 0.0 0 0 0.044677091352641585
8 39.5 21 24 0.0002479798481568424
7 0.07400000095367432 22 23 -0.007618983550239643
-1 0.0 0 0 -0.004244487215054714
-1 0.0 0 0 -0.00011900453648760587
0 0.32482439279556274 25 28 0.0023305406025331387
1 0.22529134154319763 26 27 0.03269892986141795
-1 0.0 0 0 0.00012635998298261066
-1 0.0 0 0 0.008146750371704956
-1 0.0 0 0 -1.0976151377066462e-05
nodes 29
2 0.19215179979801178 1 6 0.0
6 1.036598563194275 2 3 -0.023247047556913508
-1 0.0 0 0 -0.020494548578421593
3 0.7781580686569214 4 5 -0.012822300812258883
-1 0.0 0 0 0.000431751389251805
-1 0.0 0 0 -0.005599698311060621
8 103.5 7 26 0.0006563883783589616
4 0.6054717898368835 8 11 0.0005138367050722107
6 1.089808702468872 9 10 -0.01952082963430132
-1 0.0 0 0 -0.0049616715240399685
-1 0.0 0 0 0.0012307684018929635
8 82.5 12 13 0.0014958285037268888
-1 0.0 0 0 7.603094290380317e-05
2 0.36167922616004944 14 17 0.04941226936586775
7 0.05999999865889549 15 16 0.12129335894349934
-1 0.0 0 0 0.018976992988199354
-1 0.0 0 0 0.0021710711616540934
0 0.4809296727180481 18 21 -0.04049687483252031
6 1.0070888996124268 19 20 -0.29400354054044275
-1 0.0 0 0 -0.017363342424718344
-1 0.0 0 0 -0.0787521017342806
8 87.5 22 23 0.009229432671726009
-1 0.0 0 0 0.00888105192513984
5 1.2045027017593384 24 25 -0.10277357807003513
-1 0.0 0 0 -0.028237256485347945
-1 0.0 0 0 0.004090561135672033
3 0.445843905210495 27 28 0.12654765883079647
-1 0.0 0 0 0.005366142245876636
-1 0.0 0 0 0.04022477703249973
nodes 29
6 1.2300024032592773 1 28 0.0
5 1.273943543434143 2 3 0.0006993394065800649
-1 0.0 0 0 -0.00021504668298447942
2 0.4184110760688782 4 7 0.007761586797891251
3 0.40099790692329407 5 6 0.003676573788954155
-1 0.0 0 0 -0.002075504962511581
-1 0.0 0 0 0.0010985901313643794
0 0.434835284948349 8 11 0.07683639841010477
4 1.0 9 10 0.30885549481991714
-1 0.0 0 0 0.06405547780650003
-1 0.0 0 0 0.01560992459570499
6 1.0748132467269897 12 27 0.059001135458934977
4 0.7649762630462646 13 16 0.046248938075141674
6 1.0159550905227661 14 15 0.30261799341745
-1 0.0 0 0 0.010719621004009585
-1 0.0 0 0 0.0734174431709107
8 44.5 17 22 0.03140651908163962
6 1.0027234554290771 18 19 0.20031660823396555
-1 0.0 0 0 0.05610326766036451
4 0.9285265207290649 20 21 0.07148944095907998
-1 0.0 0 0 -0.022674741613722984
-1 0.0 0 0 0.02504315552168659
4 0.998893141746521 23 26 0.009611668868436271
0 0.4412853419780731 24 25 0.023461978768777057
-1 0.0 0 0 -0.055381788719784136
-1 0.0 0 0 0.003476105087844397
-1 0.0 0 0 -0.04864025544375181
-1 0.0 0 0 0.054392929002642636
-1 0.0 0 0 -0.0021593918973524208
nodes 29
5 1.058840274810791 1 28 0.0
4 0.8380159735679626 2 13 0.022579992152092106
3 0.7925444841384888 3 12 0.1292135734880914
5 1.039731740951538 4 5 0.09012739676272187
-1 0.0 0 0 -0.02819051143527031
8 69.5 6 11 0.13710119867123513
1 0.4152860641479492 7 10 0.037228847606557196
0 0.4800889790058136 8 9 0.11024617926278686
-1 0.0 0 0 6.350114757272726e-05
-1 0.0 0 0 0.05149643372457761
-1 0.0 0 0 -0.03500804768308349
-1 0.0 0 0 0.04103368761123352
-1 0.0 0 0 0.04778622698783874
4 0.8456995487213135 14 15 0.011993471667173041
-1 0.0 0 0 -0.039067626334560505
8 72.5 16 27 0.020050154809527522
3 0.8330893516540527 17 22 0.02484944561369916
0 0.4297732412815094 18 21 0.1405958480856223
8 55.5 19 20 -0.1275254467287316
-1 0.0 0 0 0.013553017291885155
-1 0.0 0 0 -0.05221088762001063
-1 0.0 0 0 0.025915288320761554
4 0.8890791535377502 23 24 0.013746170806437752
-1 0.0 0 0 -0.016046101504990865
4 0.894889771938324 25 26 0.02552829931846118
-1 0.0 0 0 0.03436898943538277
-1 0.0 0 0 0.001521383364399793
-1 0.0 0 0 -0.041046400547579485
-1 0.0 0 0 -6.375539780195272e-05
nodes 29
1 0.4526042342185974 1 2 0.0
-1 0.0 0 0 4.8340387690361125e-05
3 0.7954785227775574 3 6 -0.03034591811666935
3 0.7825097441673279 4 5 -0.3931764009926054
-1 0.0 0 0 -0.0015467112972622826
-1 0.0 0 0 -0.07236720280100903
4 0.9017693400382996 7 10 -0.019625385136093434
8 58.5 8 9 0.18568116862992834
-1 0.0 0 0 0.04424566217569699
-1 0.0 0 0 -0.005713909682716527
4 0.9083946347236633 11 14 -0.04696904073439544
3 0.8386883735656738 12 13 -0.44332635717635804
-1 0.0 0 0 -0.09232627859711648
-1 0.0 0 0 -0.004337933318068584
5 1.1308398246765137 15 24 -0.030056975253939317
5 1.065272331237793 16 17 -0.04963177094690132
-1 0.0 0 0 0.003473186199251204
5 1.0696865320205688 18 21 -0.0990558127868984
8 45.5 19 20 -0.5139681367274327
-1 0.0 0 0 -0.11030906826878589
-1 0.0 0 0 -0.02568964803083377
6 1.0148879289627075 22 23 -0.05113465256569635
-1 0.0 0 0 0.0021733844626790847
-1 0.0 0 0 -0.020689942179367357
5 1.151167869567871 25 28 0.2697595157395294
7 0.041999999433755875 26 27 0.4339846991402865
-1 0.0 0 0 0.07176096459565263
-1 0.0 0 0 0.009581649332092358
-1 0.0 0 0 -0.015573300488970496
nodes 29
8 90.5 1 12 0.0
4 0.7677508592605591 2 3 -0.0003628037188292396
-1 0.0 0 0 -0.0008984950000983995
8 72.5 4 5 0.0016439031638876768
-1 0.0 0 0 0.0002739242018036642
4 0.8514336347579956 6 7 -0.05235808449898595
-1 0.0 0 0 -0.0012804114592245243
0 0.4964250326156616 8 11 -0.21156903255127557
0 0.416170597076416 9 10 -0.3262762896073718
-1 0.0 0 0 0.015870186819292205
-1 0.0 0 0 -0.04117248221721855
-1 0.0 0 0 0.0187482974390355
0 0.49213236570358276 13 22 0.03950573848653201
6 1.0396876335144043 14 21 0.11976539885537771
5 1.1112780570983887 15 16 0.1628934126165286
-1 0.0 0 0 0.04507919252682768
2 0.32324516773223877 17 18 0.1293924947806888
-1 0.0 0 0 0.006751107844465878
4 0.6973335146903992 19 20 0.2944096050101022
-1 0.0 0 0 0.05530474149415063
-1 0.0 0 0 -0.009354710988700391
-1 0.0 0 0 -0.012096733250231907
1 0.3505837917327881 23 28 -0.013512504311866062
4 0.6795956492424011 24 27 -0.0016708289239267332
2 0.36167922616004944 25 26 -0.02162375062182574
-1 0.0 0 0 0.0009138211984937409
-1 0.0 0 0 -0.01739510594336288
-1 0.0 0 0 0.03162886329716252
-1 0.0 0 0 -0.028381161642787252
nodes 29
6 1.0249860286712646 1 22 0.0
8 27.5 2 7 0.0038521552660420416
8 24.5 3 4 -0.251703993184492
-1 0.0 0 0 0.014294205470518632
4 1.094213604927063 5 6 -0.45842335160289494
-1 0.0 0 0 -0.013374322652816774
-1 0.0 0 0 -0.08155714891850949
7 0.6480000019073486 8 21 0.0041916801664164125
6 1.0190277099609375 9 14 0.004441917537969148
7 0.41600000858306885 10 11 0.0012673989037584198
-1 0.0 0 0 0.00023902134505218993
1 0.33391332626342773 12 13 -0.1959782540978016
-1 0.0 0 0 -0.03201290474110696
-1 0.0 0 0 0.007650855200534518
7 0.3580000102519989 15 16 0.03394111667447384
-1 0.0 0 0 0.0022447837797007707
5 1.1344630718231201 17 20 0.22227707686730172
5 1.1046846508979797 18 19 0.024475038539026384
-1 0.0 0 0 0.02634954814661722
-1 0.0 0 0 -0.029248685316871043
-1 0.0 0 0 0.0352924102182891
-1 0.0 0 0 -0.03501002784161007
6 1.0254322290420532 23 28 -0.0035896095799258666
5 1.089412808418274 24 25 -0.10857226033944503
-1 0.0 0 0 0.012990907612367578
5 1.4530309438705444 26 27 -0.17361262482938708
-1 0.0 0 0 -0.021480173054704
-1 0.0 0 0 0.020807308815419673
-1 0.0 0 0 -0.0002788527295846378
nodes 29
7 0.00800000037997961 1 28 0.0
5 1.089412808418274 2 9 -0.012840547573834937
5 1.0454188585281372 3 8 0.05109564226214789
8 47.5 4 5 -0.21692667695054088
-1 0.0 0 0 0.01824663115872277
0 0.4766801595687866 6 7 -0.409491153566965
-1 0.0 0 0 -0.0766070963924422
-1 0.0 0 0 0.014158673516728663
-1 0.0 0 0 0.006796133786082354
5 1.1030725240707397 10 11 -0.02663109190461154
-1 0.0 0 0 -0.013046054758099787
5 1.1171244382858276 12 13 -0.015173314595601365
-1 0.0 0 0 0.009941272145229375
4 0.8456995487213135 14 23 -0.030408578145998878
5 2.5846312046051025 15 22 0.010707128676887603
7 0.006000000052154064 16 17 0.01928272271033844
-1 0.0 0 0 -0.0006003426579239928
2 0.38326647877693176 18 19 0.13786866983043938
-1 0.0 0 0 0.004502748607562601
8 71.5 20 21 0.3202352807773942
-1 0.0 0 0 0.0524730820163724
-1 0.0 0 0 0.006666081193834543
-1 0.0 0 0 -0.039427529955282814
1 0.41403928399086 24 25 -0.05490277161769375
-1 0.0 0 0 -0.006872877744495184
5 1.151167869567871 26 27 0.06817827719927336
-1 0.0 0 0 0.019282449300848114
-1 0.0 0 0 -0.02147686326876283
-1 0.0 0 0 0.00011017177912311101
nodes 29
1 0.4526042342185974 1 2 0.0
-1 0.0 0 0 4.61086420824887e-05
0 0.5703731179237366 3 28 -0.028944932009427268
4 0.9006785154342651 4 9 -0.019584136029769845
8 58.5 5 8 0.135630189736564
3 0.8065974116325378 6 7 0.33522253408235436
-1 0.0 0 0 -0.013681381940841675
-1 0.0 0 0 0.04970635695649045
-1 0.0 0 0 -0.006830111861674358
4 0.9083946347236633 10 13 -0.04103277242838656
3 0.8386883735656738 11 12 -0.36719988054052616
-1 0.0 0 0 -0.07298537506882487
-1 0.0 0 0 -0.0027943034273301883
5 1.1308398246765137 14 27 -0.025815022438706637
8 50.5 15 26 -0.0445343255145828
5 1.119706630706787 16 25 0.0030100164775751104
5 1.063896656036377 17 20 0.027589401260709533
6 0.9725555181503296 18 19 0.13605817712843418
-1 0.0 0 0 -0.020395547748567205
-1 0.0 0 0 0.019224687428923987
5 1.0696865320205688 21 24 -0.03753923053759675
8 45.5 22 23 -0.42891682724694946
-1 0.0 0 0 -0.07391137334385088
-1 0.0 0 0 -0.015053498835708851
-1 0.0 0 0 0.0037882493828268107
-1 0.0 0 0 -0.04589563693182591
-1 0.0 0 0 -0.012949782555612424
-1 0.0 0 0 0.024903913491927998
-1 0.0 0 0 -0.04272988053659599
nodes 29
7 0.20399999618530273 1 28 0.0
6 1.0856603384017944 2 5 0.0027514093708503207
2 0.18605178594589233 3 4 0.0007104630588510774
-1 0.0 0 0 -0.013011539690575542
-1 0.0 0 0 0.00011670941165540937
2 0.37208810448646545 6 17 0.058180677553455434
1 0.31765449047088623 7 16 0.043677379957502704
0 0.33243313431739807 8 9 0.05140704920609475
-1 0.0 0 0 0.00017524070170480007
7 0.18799999356269836 10 15 0.08889713440401216
2 0.35445094108581543 11 12 0.10878299862910312
-1 0.0 0 0 0.009167569014484827
2 0.3632267713546753 13 14 0.30796094741007046
-1 0.0 0 0 0.049120019434991745
-1 0.0 0 0 0.008614501690394
-1 0.0 0 0 -0.006870575967842518
-1 0.0 0 0 -0.04070052798423503
3 0.5609731078147888 18 21 0.2777873468255056
5 1.7684234380722046 19 20 0.6551003879665033
-1 0.0 0 0 0.1011623653654869
-1 0.0 0 0 0.01916201425716281
8 50.5 22 27 0.09508840058881202
0 0.42460739612579346 23 26 0.2814240322211787
0 0.39043429493904114 24 25 0.06625509936129674
-1 0.0 0 0 0.039532729990314694
-1 0.0 0 0 -0.026281710118055347
-1 0.0 0 0 0.06556308719774952
-1 0.0 0 0 -0.02717598741874099
-1 0.0 0 0 -0.0004910335983569305
nodes 29
8 20.5 1 2 0.0
-1 0.0 0 0 -0.008995388669356064
4 0.9443618059158325 3 26 0.00014686423499848635
3 0.8914174437522888 4 23 -0.0024161613383350666
4 0.9374573826789856 5 18 -0.0020427420638858772
3 0.8753423690795898 6 11 -0.0008710993896293692
3 0.8735977411270142 7 8 -0.0014670766183301175
-1 0.0 0 0 -0.00012515877215772336
2 0.440374493598938 9 10 -0.24181150301391707
-1 0.0 0 0 -0.00624847158201431
-1 0.0 0 0 -0.05825323986820877
7 0.09000000357627869 12 13 0.12564802718058718
-1 0.0 0 0 0.022567997204803646
7 0.15199999511241913 14 15 -0.035087063717536435
-1 0.0 0 0 -0.0318863863695641
0 0.4169468879699707 16 17 0.1693991597960977
-1 0.0 0 0 -0.018297181507715813
-1 0.0 0 0 0.03875335728128751
2 0.48406878113746643 19 20 -0.03579777788691892
-1 0.0 0 0 -0.002555613960371804
6 1.0027234554290771 21 22 -0.32984060333355475
-1 0.0 0 0 -0.06330243270844221
-1 0.0 0 0 0.0007030200834075611
4 0.9431520700454712 24 25 -0.18324511660775505
-1 0.0 0 0 -0.011314216539940697
-1 0.0 0 0 -0.06003576762974262
0 0.5420362949371338 27 28 0.005484687278853988
-1 0.0 0 0 0.0005729276446724583
-1 0.0 0 0 -0.03543393317271363
nodes 29
2 0.4506138563156128 1 28 0.0
1 0.40908172726631165 2 3 -0.0012332769521630437
-1 0.0 0 0 9.064078805826282e-06
6 1.0340406894683838 4 21 -0.046297618573172404
8 48.5 5 6 -0.065246108675886
-1 0.0 0 0 -0.0014814671414918423
8 63.5 7 14 -0.09944759037454365
0 0.5158553123474121 8 13 -0.1258794855567925
5 1.0490796566009521 9 10 -0.1371527575638906
-1 0.0 0 0 -0.03294461879862897
1 0.4264894425868988 11 12 -0.11520936310127447
-1 0.0 0 0 -0.013074613499781361
-1 0.0 0 0 0.026723425281353488
-1 0.0 0 0 0.03388298382913625
6 0.9627886414527893 15 16 0.03689793228502048
-1 0.0 0 0 -0.024991240810127338
7 0.024000000208616257 17 18 0.11436969089511134
-1 0.0 0 0 0.039596927317033986
2 0.4462672472000122 19 20 0.0008214722357449993
-1 0.0 0 0 0.012581679879964053
-1 0.0 0 0 -0.03438626101071184
3 0.9628110527992249 22 25 0.10882192047556535
0 0.435517817735672 23 24 0.054447699767043896
-1 0.0 0 0 -0.05193234561011195
-1 0.0 0 0 0.012002154615197685
4 1.0466822385787964 26 27 0.39156786815987693
-1 0.0 0 0 0.06983742001652718
-1 0.0 0 0 0.0008059953153133393
-1 0.0 0 0 0.001086241670182255
nodes 29
6 1.02739679813385 1 28 0.0
8 27.5 2 5 0.0035691143380415925
4 1.112480640411377 3 4 -0.2433183441924698
-1 0.0 0 0 0.001038753262587956
-1 0.0 0 0 -0.05124003347573858
7 0.06800000369548798 6 27 0.0039040172321762206
3 0.7143641710281372 7 14 -0.003197411650627833
8 43.5 8 13 0.015408841864888103
4 0.9262117147445679 9 10 -0.13095758137045593
-1 0.0 0 0 -0.02641707045557719
1 0.29705676436424255 11 12 0.04718541176493704
-1 0.0 0 0 -0.0030029073120063587
-1 0.0 0 0 0.06224333241581917
-1 0.0 0 0 0.0021661787698541673
3 0.7641772627830505 15 26 -0.01135229141346318
8 76.5 16 25 -0.050097379874653646
3 0.7559521198272705 17 22 -0.04137034035377198
7 0.0 18 21 -0.01920168094498415
5 1.1272915601730347 19 20 -0.2260984455117549
-1 0.0 0 0 0.014522089273668826
-1 0.0 0 0 -0.036755343151116185
-1 0.0 0 0 -0.000684751586790175
8 61.5 23 24 -0.13350603383201806
-1 0.0 0 0 -0.005066590322836589
-1 0.0 0 0 -0.03194441435712199
-1 0.0 0 0 -0.02872129004739278
-1 0.0 0 0 -0.00028144000754410715
-1 0.0 0 0 0.0016054523261820625
-1 0.0 0 0 -0.00035973502866707015
nodes 29
6 0.7125368714332581 1 26 0.0
4 0.9814891219139099 2 25 -0.05737670046056955
2 0.35029783844947815 3 4 -0.08210615102131788
-1 0.0 0 0 0.007792946405045815
0 0.4809296727180481 5 18 -0.15616184740747308
8 50.5 6 7 -0.2607346249732201
-1 0.0 0 0 -0.0582437863945961
4 0.9218323826789856 8 17 -0.21271921617131848
1 0.20746755599975586 9 10 -0.2843787134794349
-1 0.0 0 0 -0.06123257690951938
0 0.46756815910339355 11 16 -0.20699794754762663
2 0.39580026268959045 12 15 -0.10765822317846345
2 0.3743872046470642 13 14 -0.26735331710973165
-1 0.0 0 0 -0.00416748742107302
-1 0.0 0 0 -0.0482285167489733
-1 0.0 0 0 0.015424173086881638
-1 0.0 0 0 -0.049205976530261666
-1 0.0 0 0 0.011572014649088185
2 0.4588826298713684 19 24 0.00328575402940854
5 1.6275477409362793 20 21 0.11938173059798494
-1 0.0 0 0 -0.021489554771687836
0 0.502253532409668 22 23 0.34697477115278547
-1 0.0 0 0 0.06766157913953066
-1 0.0 0 0 0.00807262548030569
-1 0.0 0 0 -0.04136043436486613
-1 0.0 0 0 0.040382755249738694
5 1.4709033966064453 27 28 0.00022638019650807588
-1 0.0 0 0 -0.00014478733921833797
-1 0.0 0 0 0.0009139859272967393
nodes 29
2 0.44425368309020996 1 24 0.0
1 0.3735591173171997 2 3 -0.0013051480069426336
-1 0.0 0 0 0.00014710544067413216
6 1.0782663822174072 4 23 -0.018989225154953906
8 71.5 5 14 -0.017416173280405175
4 0.8329603672027588 6 9 -0.012841772119278755
5 1.0720919370651245 7 8 0.08477937064784939
-1 0.0 0 0 0.028978421636524476
-1 0.0 0 0 0.004225984709164887
6 0.8915331959724426 10 13 -0.02034330251294361
3 0.8953357934951782 11 12 0.1436318681763604
-1 0.0 0 0 0.021188813669141382
-1 0.0 0 0 -0.05519320109770412
-1 0.0 0 0 -0.002405887141777308
5 1.1095483303070068 15 18 -0.14092500463081853
7 0.12399999797344208 16 17 0.002389436817705451
-1 0.0 0 0 -0.0056793113751336935
-1 0.0 0 0 0.04673951912887528
0 0.490042507648468 19 20 -0.34402204165501254
-1 0.0 0 0 -0.07486363327206702
3 0.6959071755409241 21 22 -0.18667203957392348
-1 0.0 0 0 -0.046850828442941694
-1 0.0 0 0 0.014375666129113784
-1 0.0 0 0 -0.08658631525256417
2 0.44523048400878906 25 28 0.009095266579890066
6 1.0175060033798218 26 27 0.11255767378652748
-1 0.0 0 0 0.003971419260209507
-1 0.0 0 0 0.028439357811903473
-1 0.0 0 0 0.0005750356573949913
nodes 29
3 0.8175774812698364 1 4 0.0
1 0.4736008048057556 2 3 -0.0024017158384846975
-1 0.0 0 0 -0.00022217002782369522
-1 0.0 0 0 -0.05110956865052382
8 74.5 5 28 0.0050672349788667866
6 0.8602556586265564 6 11 0.005513111704805509
0 0.3390082120895386 7 8 0.19824373044416702
-1 0.0 0 0 -0.028420733055099845
1 0.35576730966567993 9 10 0.28870330438076053
-1 0.0 0 0 0.06533711061401423
-1 0.0 0 0 0.010422429878483802
3 0.8641759753227234 12 15 0.00459692549531738
7 0.515999972820282 13 14 0.01909849254371721
-1 0.0 0 0 0.0023599622995157917
-1 0.0 0 0 -0.008710144672146307
0 0.5420362949371338 16 27 -0.004613479144985656
8 49.5 17 20 -0.004058927561402333
0 0.5299081802368164 18 19 0.0035835699936083106
-1 0.0 0 0 0.00046528339560959764
-1 0.0 0 0 -0.05349460508554213
4 1.0866692066192627 21 26 -0.03478604957388923
4 1.0506480932235718 22 25 -0.026734283279884266
4 1.0466822385787964 23 24 -0.036026399749591057
-1 0.0 0 0 -0.0031725762234433258
-1 0.0 0 0 -0.06075333406527838
-1 0.0 0 0 0.016092494039603788
-1 0.0 0 0 -0.0349718021939403
-1 0.0 0 0 -0.054627173840999604
-1 0.0 0 0 -0.04888873020636625
nodes 29
6 1.0249860286712646 1 2 0.0
-1 0.0 0 0 0.00035426980012832345
7 0.024000000208616257 3 8 -0.003301243690383548
7 0.019999999552965164 4 5 -0.08338760811516079
-1 0.0 0 0 -0.0006763940477921595
0 0.4720466732978821 6 7 -0.2850942358953526
-1 0.0 0 0 -0.018493665815040004
-1 0.0 0 0 -0.0926102733463049
7 0.052000001072883606 9 10 -0.0022478882356460096
-1 0.0 0 0 0.00387433603366865
1 0.3925735652446747 11 20 -0.004272739896591635
1 0.3463553190231323 12 13 -0.0068765505188795525
-1 0.0 0 0 -0.0002251582615884275
6 1.0696371793746948 14 15 -0.054399208865504686
-1 0.0 0 0 -0.004424748866695699
5 1.157436728477478 16 19 -0.2765899662054696
7 0.14000000059604645 17 18 -0.4013479655153873
-1 0.0 0 0 0.007036530440328298
-1 0.0 0 0 -0.05287105483934284
-1 0.0 0 0 0.004029535204172134
7 0.26600000262260437 21 26 0.03522631489703935
8 33.5 22 25 0.05989444830577252
3 0.9083622694015503 23 24 -0.2918447062775895
-1 0.0 0 0 0.015590863588910837
-1 0.0 0 0 -0.05343777666178843
-1 0.0 0 0 0.007124582093515273
7 0.2800000011920929 27 28 -0.05544056674654983
-1 0.0 0 0 -0.03928045201311378
-1 0.0 0 0 -0.001030031946269651
nodes 29
1 0.30516353249549866 1 12 0.0
5 1.136144995689392 2 3 0.0033726716184455338
-1 0.0 0 0 0.003515965418606576
2 0.333871990442276 4 9 -0.0005619174971712888
6 1.0706408023834229 5 8 -0.00826457557759436
7 0.5680000185966492 6 7 -0.024007327718169075
-1 0.0 0 0 -0.0018431435232131054
-1 0.0 0 0 -0.019125767626857026
-1 0.0 0 0 0.00034033300207010457
5 1.1424479484558105 10 11 0.016417083757867455
-1 0.0 0 0 -0.028445608652454903
-1 0.0 0 0 0.0018219239573227242
6 1.1105940341949463 13 28 -0.0033993534580827375
5 1.3944270610809326 14 25 -0.0024152499713653765
6 1.0748132467269897 15 16 -0.0033430603800806593
-1 0.0 0 0 -0.0001850986056820016
4 1.112480640411377 17 24 -0.09198434342996574
4 1.080087661743164 18 23 -0.12108342902776399
4 0.998893141746521 19 22 -0.10227392027697024
1 0.356795996427536 20 21 -0.1485695144815811
-1 0.0 0 0 -0.010681642738511493
-1 0.0 0 0 -0.04927342466910237
-1 0.0 0 0 0.015373675878613425
-1 0.0 0 0 -0.08053912711994989
-1 0.0 0 0 0.06448795983207321
6 1.0515527725219727 26 27 0.11986966574201012
-1 0.0 0 0 0.0082169104352733
-1 0.0 0 0 0.060439169544864585
-1 0.0 0 0 -0.0362792499596253
nodes 29
7 0.8500000238418579 1 22 0.0
6 0.7125368714332581 2 21 0.00020756626737077167
5 2.452200412750244 3 20 -0.05365639730111065
2 0.4588826298713684 4 19 -0.08556027562978367
0 0.48344340920448303 5 14 -0.05292391807165448
2 0.4193296432495117 6 13 -0.11870030994784227
0 0.4176984131336212 7 8 -0.062281557067492326
-1 0.0 0 0 0.009742020224623475
8 56.5 9 10 -0.1588176951601184
-1 0.0 0 0 -0.041284763766452674
2 0.39580026268959045 11 12 -0.07912202692344128
-1 0.0 0 0 -0.019564249954807263
-1 0.0 0 0 0.02445459525894236
-1 0.0 0 0 -0.06241183045009772
4 0.7995002269744873 15 18 0.11982946278998158
1 0.2566879987716675 16 17 -0.048651338974669785
-1 0.0 0 0 0.016252236624876428
-1 0.0 0 0 -0.03729538148535149
-1 0.0 0 0 0.0717936309054494
-1 0.0 0 0 -0.04844490902291404
-1 0.0 0 0 0.02627237294582301
-1 0.0 0 0 4.2088352118659474e-05
8 21.5 23 24 -0.05558982252356751
-1 0.0 0 0 -0.020157189634769705
0 0.3340364098548889 25 28 -0.024103492875225854
0 0.28734439611434937 26 27 -0.004833767712810648
-1 0.0 0 0 -0.004119836784657344
-1 0.0 0 0 0.03289413120863693
-1 0.0 0 0 -0.028562119150800366
nodes 29
8 97.5 1 22 0.0
4 0.7677508592605591 2 21 -0.0001873743983792468
1 0.3547671437263489 3 12 -0.0077167269848290995
2 0.3965984284877777 4 5 -0.005102574183991411
-1 0.0 0 0 -0.0008587079311643469
6 0.7125368714332581 6 7 0.10889944303897627
-1 0.0 0 0 -0.032223317612494744
5 1.1967012882232666 8 9 0.12575937786661573
-1 0.0 0 0 -0.01602885613838832
7 0.02800000086426735 10 11 0.15192229913952723
-1 0.0 0 0 0.031054878691282435
-1 0.0 0 0 0.009435977864561608
8 61.5 13 14 -0.10829478587022842
-1 0.0 0 0 0.019628541318022392
6 1.0082396268844604 15 20 -0.14689365902178345
5 1.1046846508979797 16 17 -0.04825068251987446
-1 0.0 0 0 0.01759175708680909
1 0.36105817556381226 18 19 -0.18161660542157537
-1 0.0 0 0 0.007815737067721784
-1 0.0 0 0 -0.029497252226468512
-1 0.0 0 0 -0.02834762418705805
-1 0.0 0 0 0.00016205281401666293
3 0.47798454761505127 23 26 0.061046097630762734
1 0.2555381655693054 24 25 0.01468504655519014
-1 0.0 0 0 0.0043785137699027974
-1 0.0 0 0 -0.020607426557047615
1 0.28018617630004883 27 28 0.26357068917142196
-1 0.0 0 0 0.05528853319585323
-1 0.0 0 0 0.010718439577298391
nodes 29
6 0.9562504291534424 1 28 0.0
3 0.9366942644119263 2 25 -0.008861863240719811
3 0.8217372894287109 3 12 -0.005473635015060355
8 42.5 4 7 -0.017714959864191342
2 0.41495728492736816 5 6 -0.14286260000157236
-1 0.0 0 0 -0.02362744241986357
-1 0.0 0 0 0.03603559368019623
5 1.1663709878921509 8 11 -0.01185213418166409
5 1.089412808418274 9 10 -0.048667099132098386
-1 0.0 0 0 0.007901059055546595
-1 0.0 0 0 -0.006449800856511261
-1 0.0 0 0 0.0009079588328658916
3 0.8473856449127197 13 14 0.031840689335597624
-1 0.0 0 0 0.010098952175366277
8 53.5 15 18 0.001956931467701694
7 0.03999999910593033 16 17 0.040136051270715754
-1 0.0 0 0 0.0011980616542713555
-1 0.0 0 0 0.02922297449942851
0 0.48910292983055115 19 22 -0.1075530247611726
4 0.9562510848045349 20 21 -0.0640264408460192
-1 0.0 0 0 0.01444975318448865
-1 0.0 0 0 -0.01801840900631009
8 58.5 23 24 -0.44415860703835885
-1 0.0 0 0 -0.09071540352085541
-1 0.0 0 0 -0.001103385165333748
7 0.03999999910593033 26 27 -0.1071790437541764
-1 0.0 0 0 -0.015176593190875252
-1 0.0 0 0 0.028866552425230424
-1 0.0 0 0 0.00012264343332241107
nodes 29
6 1.2451318502426147 1 26 0.0
5 1.4709033966064453 2 3 0.0005440901532264347
-1 0.0 0 0 -0.00010578141413344819
7 0.1340000033378601 4 11 0.009868907851057294
6 0.9025515913963318 5 8 0.04036777415998129
3 0.639234721660614 6 7 -0.05297528972307556
-1 0.0 0 0 -0.007203906597795737
-1 0.0 0 0 0.06781205296516418
1 0.22378002107143402 9 10 0.06281231778233562
-1 0.0 0 0 0.0031432766986229706
-1 0.0 0 0 0.011452764542931601
6 1.0462595224380493 12 23 -0.0022732177828151726
7 0.578000009059906 13 18 -0.0691126264279252
7 0.33799999952316284 14 15 -0.05211112269921145
-1 0.0 0 0 -0.009195563298083204
6 1.0443888902664185 16 17 0.07383171274859193
-1 0.0 0 0 0.010451476301083208
-1 0.0 0 0 -0.039308426950288855
4 0.8471649289131165 19 20 -0.4407511304696681
-1 0.0 0 0 -0.09129668066898983
0 0.3535565137863159 21 22 -0.09522746494267045
-1 0.0 0 0 -0.04893575562607674
-1 0.0 0 0 0.031860913094133136
2 0.42551466822624207 24 25 0.010377553089606237
-1 0.0 0 0 0.0008313145388228111
-1 0.0 0 0 0.03135251460661148
7 0.7820000052452087 27 28 -0.01927704562638275
-1 0.0 0 0 -0.00043380614855092277
-1 0.0 0 0 -0.005865264620961231
nodes 29
8 82.5 1 2 0.0
-1 0.0 0 0 -5.473287829926257e-05
0 0.47525113821029663 3 12 0.019326629323542278
2 0.36167922616004944 4 11 0.09127964865349497
2 0.34705013036727905 5 6 0.11505223296113634
-1 0.0 0 0 0.008803676806697198
7 0.05999999865889549 7 10 0.40017490974954656
6 0.9578772783279419 8 9 0.6906506748909645
-1 0.0 0 0 0.03693813607096672
-1 0.0 0 0 0.10884126829249519
-1 0.0 0 0 -0.01054680888299589
-1 0.0 0 0 -0.018339007544155055
2 0.44231709837913513 13 28 -0.017300414488800764
6 1.0100456476211548 14 23 -0.0230916685885335
6 1.0 15 20 0.01745735171415405
1 0.29807165265083313 16 17 -0.00042097768254785076
-1 0.0 0 0 0.004368866315848745
4 0.7314875721931458 18 19 -0.06877217751270735
-1 0.0 0 0 -0.013138961575697272
-1 0.0 0 0 0.007327664072659833
1 0.29807165265083313 21 22 0.18333875848767683
-1 0.0 0 0 -0.002301757348080476
-1 0.0 0 0 0.06226780459044441
4 0.6638603210449219 24 25 -0.07331200801931548
-1 0.0 0 0 -0.004144408143684871
2 0.37760499119758606 26 27 -0.40276353071692966
-1 0.0 0 0 -0.06386672162033362
-1 0.0 0 0 -0.023987765264298237
-1 0.0 0 0 0.04364317545424337
nodes 29
5 1.058840274810791 1 28 0.0
7 0.42800000309944153 2 25 0.018865971220368948
7 0.12999999523162842 3 4 0.022905821228277494
-1 0.0 0 0 0.00025167835037856814
0 0.317316472530365 5 6 0.07634483139327619
-1 0.0 0 0 -0.016501262851736764
2 0.3560316860675812 7 14 0.09151587173051666
2 0.3388058543205261 8 11 0.27143066113543074
1 0.31031423807144165 9 10 0.10340205159109946
-1 0.0 0 0 0.03183446825548474
-1 0.0 0 0 -0.014736435119993986
6 1.032517433166504 12 13 0.47000992696054955
-1 0.0 0 0 0.011717487350106241
-1 0.0 0 0 0.0764039138176789
0 0.41047126054763794 15 18 0.06292014361317932
3 0.948315441608429 16 17 -0.07033102073759404
-1 0.0 0 0 0.01332581079864906
-1 0.0 0 0 -0.03259003525401684
0 0.4283096194267273 19 22 0.09128284124607486
7 0.2160000056028366 20 21 0.32662961758961456
-1 0.0 0 0 0.05340325095597655
-1 0.0 0 0 0.0021625364692333866
0 0.4546205997467041 23 24 0.043531321408255205
-1 0.0 0 0 -0.010189022628540462
-1 0.0 0 0 0.012529664445110545
5 1.0522598028182983 26 27 -0.1904293349585854
-1 0.0 0 0 0.006823163010901021
-1 0.0 0 0 -0.05722621881536075
-1 0.0 0 0 -5.326872064668542e-05
nodes 29
4 0.9562510848045349 1 2 0.0
-1 0.0 0 0 -0.0001984963610076701
0 0.5240588784217834 3 26 0.004948922962654424
0 0.5196250677108765 4 23 0.005574647189928979
2 0.4981071352958679 5 8 0.005054194461357613
1 0.4249078333377838 6 7 0.006347285240231759
-1 0.0 0 0 0.00019544408872347854
-1 0.0 0 0 0.004837496297216682
6 1.0052186250686646 9 18 -0.10639283129096669
2 0.5074802041053772 10 17 -0.29064594744443056
5 1.0709550380706787 11 12 -0.4658281864128537
-1 0.0 0 0 -0.09892164299433882
1 0.46372976899147034 13 16 -0.33645131722553057
1 0.4488403797149658 14 15 -0.5543314427736082
-1 0.0 0 0 -0.015927846170961858
-1 0.0 0 0 -0.08729225565348903
-1 0.0 0 0 0.003328465340151028
-1 0.0 0 0 -4.1865601913252876e-05
6 1.0159550905227661 19 20 0.1137216296171982
-1 0.0 0 0 0.0473953178524971
5 1.0720919370651245 21 22 -0.042147790583280415
-1 0.0 0 0 0.04946659520782273
-1 0.0 0 0 -0.024971577107906345
3 0.8953357934951782 24 25 0.3428043583619662
-1 0.0 0 0 -0.0014838602533563973
-1 0.0 0 0 0.06408401591082415
5 1.0709550380706787 27 28 -0.2398035371140258
-1 0.0 0 0 -0.07769542309370908
-1 0.0 0 0 -0.0008091473111919329
nodes 29
8 39.5 1 24 0.0
6 0.8475961685180664 2 5 -0.006273116616977378
1 0.30726686120033264 3 4 0.27201733987538085
-1 0.0 0 0 -0.008007147422942677
-1 0.0 0 0 0.08294912955413263
7 0.07400000095367432 6 21 -0.0071028356986088375
7 0.06199999898672104 7 16 -0.04375336958671678
4 1.001387357711792 8 9 -0.028685557191091428
-1 0.0 0 0 -0.006686416035407254
0 0.4391520917415619 10 13 0.014022218666509495
1 0.40455102920532227 11 12 -0.015190564597695978
-1 0.0 0 0 0.00045007290745262735
-1 0.0 0 0 -0.021360379036161163
2 0.46146929264068604 14 15 0.23753844851039743
-1 0.0 0 0 0.055484152424403216
-1 0.0 0 0 0.010826682506336107
4 1.0337498188018799 17 18 -0.14639132883906944
-1 0.0 0 0 -0.007059713668005514
2 0.42910218238830566 19 20 -0.30905732585726164
-1 0.0 0 0 -0.019538790332660597
-1 0.0 0 0 -0.07049404870847176
2 0.48786455392837524 22 23 -0.00044951434789833333
-1 0.0 0 0 -0.00015268547335842535
-1 0.0 0 0 0.025128902244071168
0 0.32482439279556274 25 28 0.0016531895639692587
1 0.22529134154319763 26 27 0.030186891787934617
-1 0.0 0 0 0.0003194794471999642
-1 0.0 0 0 0.007209753069529881
-1 0.0 0 0 -6.288991990920792e-05
nodes 29
2 0.47426337003707886 1 28 0.0
2 0.46434226632118225 2 3 0.0006218404488429265
-1 0.0 0 0 -5.459328803115378e-05
6 1.038118839263916 4 23 0.047331781032506286
5 1.1335393190383911 5 8 0.06163391442755942
0 0.4588293135166168 6 7 0.10864912824826367
-1 0.0 0 0 0.0285264586076449
-1 0.0 0 0 0.008505386155026896
7 0.014000000432133675 9 20 -0.02731043467387842
8 66.5 10 19 -0.18465442879591137
0 0.46167799830436707 11 12 -0.10716540938808342
-1 0.0 0 0 -0.06043189525604248
6 0.8475961685180664 13 14 -0.04423458113841995
-1 0.0 0 0 -0.046702691195187745
3 0.747340202331543 15 16 0.042905822922369
-1 0.0 0 0 0.04884156208071444
4 0.9889102578163147 17 18 -0.07275537460540923
-1 0.0 0 0 -0.018604331119872985
-1 0.0 0 0 0.040305395908653736
-1 0.0 0 0 -0.08116110403683376
8 65.5 21 22 0.029085262144054536
-1 0.0 0 0 0.0001729693018520872
-1 0.0 0 0 0.04642874982320901
5 1.140626311302185 24 27 -0.1473904326442421
6 1.0420279502868652 25 26 -0.29979562319880515
-1 0.0 0 0 -0.07048161584581879
-1 0.0 0 0 -0.010517536599624467
-1 0.0 0 0 0.022227322104129386
-1 0.0 0 0 -0.0016999026818485174
nodes 29
1 0.3735591173171997 1 22 0.0
2 0.42460739612579346 2 3 0.0017739370654852437
-1 0.0 0 0 4.7128152640654145e-05
8 52.5 4 19 0.051346399985117315
7 0.01600000075995922 5 8 0.12225608630945473
4 0.9318200349807739 6 7 0.34382473691569077
-1 0.0 0 0 0.07109109102325006
-1 0.0 0 0 0.017199716642697125
0 0.45536428689956665 9 16 0.07477708975097558
3 0.6777459383010864 10 11 0.1611837565663833
-1 0.0 0 0 0.05193865169649539
4 1.0032202005386353 12 15 0.09947092144153594
8 47.5 13 14 0.2202697983280254
-1 0.0 0 0 0.034481298075385254
-1 0.0 0 0 -0.005995236213008563
-1 0.0 0 0 -0.007030047310163847
6 0.9544470310211182 17 18 -0.006930725092597284
-1 0.0 0 0 0.0365751414000988
-1 0.0 0 0 -0.004407512433780512
4 0.9920973181724548 20 21 0.003789474851642312
-1 0.0 0 0 0.0015514737033617758
-1 0.0 0 0 -0.060592415861108084
6 1.0782663822174072 23 28 -0.005641877541752211
4 0.8294677138328552 24 27 -0.005095921826725398
3 0.6730150580406189 25 26 0.052378993545223004
-1 0.0 0 0 -0.01956837763167354
-1 0.0 0 0 0.008551215788530886
-1 0.0 0 0 -0.0008376714818884939
-1 0.0 0 0 -0.04132148799253628
nodes 29
8 90.5 1 6 0.0
4 0.6931558847427368 2 5 -0.00029550989905589387
1 0.34434860944747925 3 4 -0.01119255170828514
-1 0.0 0 0 -0.0009015443582859025
-1 0.0 0 0 -0.025184673449577213
-1 0.0 0 0 9.480809977697961e-05
1 0.3505837917327881 7 28 0.032178099476412494
5 1.1162861585617065 8 11 0.04151110069735481
6 0.9830297529697418 9 10 0.2585501063953746
-1 0.0 0 0 0.0527475583974434
-1 0.0 0 0 0.006525991938542575
4 0.6795956492424011 12 23 0.027128997910136628
2 0.3487255871295929 13 18 0.012519191956069941
4 0.641524612903595 14 17 0.0384771638377732
5 2.0323288440704346 15 16 0.021655640249337995
-1 0.0 0 0 0.004179976673165775
-1 0.0 0 0 -0.011108898810851269
-1 0.0 0 0 0.029381926548786654
8 95.5 19 22 -0.1251234992822053
7 0.01600000075995922 20 21 -0.23004796743557296
-1 0.0 0 0 -0.005439727398118488
-1 0.0 0 0 -0.034572037532017
-1 0.0 0 0 0.001477579158895156
7 0.014000000432133675 24 25 0.1640959287295118
-1 0.0 0 0 -0.02051973822687207
0 0.478350430727005 26 27 0.37408624282654596
-1 0.0 0 0 0.00014413501466474225
-1 0.0 0 0 0.09516858264803887
-1 0.0 0 0 -0.029821014374494553
nodes 29
4 1.080087661743164 1 2 0.0
-1 0.0 0 0 7.153878398022363e-05
0 0.43989917635917664 3 24 -0.013317328265036642
3 0.9689882397651672 4 23 -0.008803582694609824
1 0.28548797965049744 5 14 -0.030562462620363797
2 0.3743872046470642 6 13 -0.0009700434647935191
0 0.3268868625164032 7 12 -0.009763539681838764
8 41.5 8 9 -0.0034025950780074304
-1 0.0 0 0 -0.001227761120018947
1 0.25079792737960815 10 11 0.3102341353826757
-1 0.0 0 0 -0.0007287878214436419
-1 0.0 0 0 0.08009499745782127
-1 0.0 0 0 -0.04561263765368996
-1 0.0 0 0 0.04527743613347412
7 0.5680000185966492 15 22 -0.15533691132441163
6 1.0408191680908203 16 17 -0.18824360325459016
-1 0.0 0 0 -0.008939549390675358
4 1.1536322832107544 18 21 -0.36137063870195707
3 0.9037717580795288 19 20 -0.28679511642533967
-1 0.0 0 0 0.004162295747461707
-1 0.0 0 0 -0.04151767271316864
-1 0.0 0 0 -0.09318733841180803
-1 0.0 0 0 0.052568853905667436
-1 0.0 0 0 0.001496409017435266
0 0.44682857394218445 25 26 -0.21425960874850197
-1 0.0 0 0 -0.056627546484981264
7 0.03400000184774399 27 28 -0.05425240142972439
-1 0.0 0 0 -0.030911700404249134
-1 0.0 0 0 0.012698464931713211
nodes 29
6 0.9751198887825012 1 2 0.0
-1 0.0 0 0 -0.0006759002789820528
6 0.9870089888572693 3 28 0.0014094698972645793
7 0.17000000178813934 4 27 0.0366153521866168
0 0.435517817735672 5 26 0.039508351704806294
7 0.024000000208616257 6 21 0.07458989238211088
8 35.5 7 10 0.1367804781373899
0 0.32301056385040283 8 9 0.44736768305301666
-1 0.0 0 0 0.00735706610693818
-1 0.0 0 0 0.06716458962431976
8 55.5 11 20 0.11439581472004741
5 1.0911945104599 12 19 0.05959675468757167
1 0.3873961269855499 13 18 0.22108926591189468
0 0.4053398072719574 14 17 0.35991832548445396
3 0.8973590135574341 15 16 0.17867680791704382
-1 0.0 0 0 -0.030301448330283167
-1 0.0 0 0 0.05873845701642109
-1 0.0 0 0 0.0728442744538188
-1 0.0 0 0 -0.005965394344594744
-1 0.0 0 0 0.0004962472283323087
-1 0.0 0 0 0.023775102098562043
7 0.02800000086426735 22 23 0.018280372888472375
-1 0.0 0 0 -0.023647479833881282
0 0.4326755106449127 24 25 0.05145487921536701
-1 0.0 0 0 0.003219473642099092
-1 0.0 0 0 0.03336900486252629
-1 0.0 0 0 0.001519125371852123
-1 0.0 0 0 -0.03505041458411142
-1 0.0 0 0 -5.269860474035429e-05
nodes 29
7 0.00800000037997961 1 28 0.0
5 1.0866845846176147 2 9 -0.010575779937195324
5 1.0454188585281372 3 8 0.04924942193866793
8 48.5 4 5 -0.19009035502571658
-1 0.0 0 0 0.01379427765806516
0 0.4766801595687866 6 7 -0.37576948612366085
-1 0.0 0 0 -0.07328217536691697
-1 0.0 0 0 0.01273496181450107
-1 0.0 0 0 0.006576247388217909
5 1.1030725240707397 10 11 -0.022204439189365842
-1 0.0 0 0 -0.009705151080190856
5 1.1171244382858276 12 13 -0.012461789963407943
-1 0.0 0 0 0.009034489675042365
5 1.124751329421997 14 21 -0.026130881074768946
4 0.9599820375442505 15 20 -0.14370159348078093
0 0.4943040609359741 16 19 -0.2609319025043669
1 0.40014728903770447 17 18 -0.35002703099645316
-1 0.0 0 0 -0.027081397618868398
-1 0.0 0 0 -0.09477255354550752
-1 0.0 0 0 0.010319601394155104
-1 0.0 0 0 0.011029740940365526
8 69.5 22 25 -0.017797371511482706
2 0.40245017409324646 23 24 -0.03487025286383563
-1 0.0 0 0 -0.007422172958092908
-1 0.0 0 0 0.0008958069896158097
2 0.3632267713546753 26 27 0.03940986663580627
-1 0.0 0 0 0.012612807873750194
-1 0.0 0 0 -0.0036048139172751834
-1 0.0 0 0 9.07401029728061e-05
nodes 29
8 22.5 1 12 0.0
5 1.1616846323013306 2 3 -0.046856445680312137
-1 0.0 0 0 -0.038932793550193315
7 0.8500000238418579 4 11 -0.02977557337000685
1 0.17996124923229218 5 8 0.005969827943606642
1 0.16938664019107819 6 7 0.0744089675621485
-1 0.0 0 0 0.001469886496283032
-1 0.0 0 0 0.058194483965635306
0 0.28734439611434937 9 10 -0.10517065519761518
-1 0.0 0 0 -0.017268906467506895
-1 0.0 0 0 0.02034849309850307
-1 0.0 0 0 -0.014651853297936154
1 0.30726686120033264 13 14 0.00019809968910194665
-1 0.0 0 0 0.0003327845779300398
6 1.1105940341949463 15 28 -0.003030813880705551
1 0.3207519054412842 16 27 -0.002248823118199787
7 0.328000009059906 17 20 -0.03413907587985151
4 1.1027417182922363 18 19 -0.04505313566919619
-1 0.0 0 0 -0.0039191807782702455
-1 0.0 0 0 -0.032474041199210386
7 0.36399999260902405 21 22 0.05561654976389687
-1 0.0 0 0 0.03832861432561376
5 1.2543702125549316 23 24 -0.03888862850100471
-1 0.0 0 0 -0.012621742567565193
7 0.4359999895095825 25 26 0.27530519611647597
-1 0.0 0 0 -0.004492663219571114
-1 0.0 0 0 0.05955370244286631
-1 0.0 0 0 0.00014057681514127423
-1 0.0 0 0 -0.03216464334739915
nodes 29
1 0.3735591173171997 1 2 0.0
-1 0.0 0 0 0.0001690354681133436
0 0.425388902425766 3 22 -0.005376050023184376
8 48.5 4 5 -0.04644329218984926
-1 0.0 0 0 -0.0011628672023483845
0 0.420789897441864 6 19 -0.15966394768886957
5 1.0809162855148315 7 16 -0.09905555794560954
3 0.924111545085907 8 11 -0.2449407606270433
3 0.9016209840774536 9 10 0.041372009452718954
-1 0.0 0 0 -0.02798581717595939
-1 0.0 0 0 0.033425835114629834
7 0.026000000536441803 12 13 -0.38920688508583823
-1 0.0 0 0 -0.07700473302258895
6 0.9900162816047668 14 15 -0.22417602552514937
-1 0.0 0 0 0.022918253187090162
-1 0.0 0 0 -0.03537070419240211
5 1.1541392803192139 17 18 0.019859271130853277
-1 0.0 0 0 0.009018023467201385
-1 0.0 0 0 -0.05075479554278511
7 0.06800000369548798 20 21 -0.3202947720391047
-1 0.0 0 0 -0.04663221603422426
-1 0.0 0 0 -0.00885052667960288
7 0.4699999988079071 23 28 -0.0005188613605850509
7 0.3140000104904175 24 25 -0.001714722061672224
-1 0.0 0 0 0.00010291161975102694
6 1.060505986213684 26 27 -0.08436330845429511
-1 0.0 0 0 -0.0056945649318110485
-1 0.0 0 0 -0.06244081096215681
-1 0.0 0 0 0.018777162058244427
nodes 29
3 0.40099790692329407 1 28 0.0
2 0.4202040731906891 2 23 -0.010482311673485959
6 1.0716638565063477 3 18 -0.013911319537522204
4 0.8902410864830017 4 13 -0.05012951574519077
2 0.3991543650627136 5 8 -0.06594958744006389
7 0.12800000607967377 6 7 -0.0525746290455836
-1 0.0 0 0 -3.504730719144253e-05
-1 0.0 0 0 -0.011168307762031579
6 1.0052186250686646 9 10 -0.32717281331379827
-1 0.0 0 0 -0.00860568031794944
0 0.47918701171875 11 12 -0.5275368217352621
-1 0.0 0 0 -0.0035152648194608366
-1 0.0 0 0 -0.07486072669984127
1 0.13971905410289764 14 15 0.18186922795599797
-1 0.0 0 0 -0.006434547152214994
0 0.4053398072719574 16 17 0.658413807591123
-1 0.0 0 0 0.0934233535669352
-1 0.0 0 0 0.022169923813392722
2 0.3872755169868469 19 20 0.007300282226664954
-1 0.0 0 0 0.00031060222633712286
1 0.16257748007774353 21 22 0.294786843710712
-1 0.0 0 0 -0.024384089786073437
-1 0.0 0 0 0.05583706321392922
6 1.0240018367767334 24 27 0.2012657819464803
1 0.1672084629535675 25 26 0.3899391928003936
-1 0.0 0 0 0.08302139084447514
-1 0.0 0 0 0.022000860079730813
-1 0.0 0 0 -0.01227602932156752
-1 0.0 0 0 8.922182480956066e-05
nodes 29
2 0.29110369086265564 1 2 0.0
-1 0.0 0 0 -0.0006105632759555373
5 1.2396756410598755 3 4 0.0014891933562653499
-1 0.0 0 0 -0.0003094857282687511
2 0.4140511751174927 5 14 0.012421816358015578
1 0.33293622732162476 6 7 0.007357094368644279
-1 0.0 0 0 0.0008963013189588504
5 1.2419432401657104 8 9 -0.1457937883020366
-1 0.0 0 0 0.027909331527453937
4 0.8890791535377502 10 11 -0.22037503520643556
-1 0.0 0 0 -0.006801030483274233
1 0.33601391315460205 12 13 -0.4131255977273728
-1 0.0 0 0 -0.07915842851113168
-1 0.0 0 0 -0.01875059956330985
8 36.5 15 18 0.05639384416382095
6 1.0469379425048828 16 17 0.35396848750267046
-1 0.0 0 0 0.050421449445701885
-1 0.0 0 0 0.0005397751368582249
1 0.40014728903770447 19 26 0.04597245370089921
5 1.2864623069763184 20 21 0.05396379197025391
-1 0.0 0 0 0.011750199518941313
8 38.5 22 23 0.024675401065704445
-1 0.0 0 0 -0.0470041680149734
0 0.434835284948349 24 25 0.034849531270649194
-1 0.0 0 0 0.03029354917040716
-1 0.0 0 0 0.001722196126954745
1 0.4079185724258423 27 28 -0.3248256419971585
-1 0.0 0 0 -0.08526176933029836
-1 0.0 0 0 0.008986811260027545
nodes 29
6 0.8095192909240723 1 28 0.0
7 0.006000000052154064 2 17 -0.02915401812885386
2 0.3672093152999878 3 4 -0.10013765386506852
-1 0.0 0 0 0.0024908611301465763
5 1.2680257558822632 5 6 -0.1681239727905629
-1 0.0 0 0 0.018215671119182125
1 0.3703160285949707 7 16 -0.21724082146705956
2 0.4494783282279968 8 15 -0.17887677638977767
1 0.30516353249549866 9 10 -0.23775806394405663
-1 0.0 0 0 -0.0134048390592558
0 0.4495224356651306 11 12 -0.4140645086416043
-1 0.0 0 0 -0.08035728872939946
3 0.6279513239860535 13 14 -0.23701524561779067
-1 0.0 0 0 -0.05739133928104171
-1 0.0 0 0 0.011236061073011823
-1 0.0 0 0 0.01951925798374064
-1 0.0 0 0 -0.06739556438156537
0 0.47440817952156067 18 25 0.019216259365680992
2 0.430846631526947 19 24 -0.06129058459198008
2 0.4184110760688782 20 23 -0.027021272139658742
2 0.41118934750556946 21 22 -0.06266052611383864
-1 0.0 0 0 -0.003894540389999748
-1 0.0 0 0 -0.04861448513610023
-1 0.0 0 0 0.04434168803195159
-1 0.0 0 0 -0.0601984181061939
5 1.358137607574463 26 27 0.1668664630613104
-1 0.0 0 0 0.03954165636307814
-1 0.0 0 0 0.0013984976869569682
-1 0.0 0 0 3.472296507643782e-05
nodes 29
3 0.8175774812698364 1 4 0.0
1 0.4736008048057556 2 3 -0.00211883947523884
-1 0.0 0 0 -0.00019556321803232817
-1 0.0 0 0 -0.046331545369078714
8 74.5 5 28 0.004470411294808769
6 0.8602556586265564 6 13 0.004871246674950416
0 0.3390082120895386 7 8 0.17306088470382078
-1 0.0 0 0 -0.025033395426968738
1 0.35576730966567993 9 10 0.25244741701135354
-1 0.0 0 0 0.05718633876463702
3 0.8302778601646423 11 12 0.0908605142195216
-1 0.0 0 0 -0.02371260230631932
-1 0.0 0 0 0.02125329393405287
3 0.8670834898948669 14 17 0.004071721265086826
7 0.5239999890327454 15 16 0.01616838995794696
-1 0.0 0 0 0.0019587690138026474
-1 0.0 0 0 -0.0070322195075219725
0 0.5266554355621338 18 23 -0.004432993874500591
8 53.5 19 20 -0.0034766901043814425
-1 0.0 0 0 0.00011928278755131292
6 0.9319071173667908 21 22 -0.04920130034630519
-1 0.0 0 0 -0.02072727804275494
-1 0.0 0 0 -0.003594624507040612
7 0.05400000140070915 24 25 -0.21979721159820098
-1 0.0 0 0 0.024534216523170473
4 0.9611956477165222 26 27 -0.6524850039981133
-1 0.0 0 0 -0.02781419008970261
-1 0.0 0 0 -0.10829795725643634
-1 0.0 0 0 -0.04395860803538355
nodes 29
4 0.9562510848045349 1 2 0.0
-1 0.0 0 0 -0.00018919704667539616
0 0.5240588784217834 3 26 0.004717072082152922
0 0.5177079439163208 4 23 0.005218879692517602
2 0.4981071352958679 5 6 0.004635788549172018
-1 0.0 0 0 0.0005904951509160146
7 0.24400000274181366 7 22 -0.1130248025736747
6 1.0052186250686646 8 13 -0.16103373191651787
7 0.04399999976158142 9 12 -0.27309237145989135
6 0.9261155128479004 10 11 -0.1529653701347424
-1 0.0 0 0 -0.0492683772991101
-1 0.0 0 0 -0.0054969677003100514
-1 0.0 0 0 -0.08096596440455567
6 1.0123080015182495 14 15 -0.006599976579431726
-1 0.0 0 0 0.058554856090442
1 0.45753729343414307 16 17 -0.14846889701827118
-1 0.0 0 0 -0.06174517212435603
7 0.07800000160932541 18 19 -0.025052364327405627
-1 0.0 0 0 0.04174372532538006
0 0.4986869990825653 20 21 -0.28317130791644257
-1 0.0 0 0 0.022436160743236542
-1 0.0 0 0 -0.06456948188798768
-1 0.0 0 0 0.053395267380844984
3 0.8953357934951782 24 25 0.25313704984902
-1 0.0 0 0 0.0003247561316718074
-1 0.0 0 0 0.05105989471247251
5 1.0709550380706787 27 28 -0.1915653184158345
-1 0.0 0 0 -0.06573637710376219
-1 0.0 0 0 0.0009367347421015012
nodes 29
8 39.5 1 12 0.0
6 0.8475961685180664 2 5 -0.006030221344631362
1 0.3113553524017334 3 4 0.24359164320893825
-1 0.0 0 0 -0.003311383842331607
-1 0.0 0 0 0.07838261549671492
6 0.9230248928070068 6 11 -0.006774465422646333
6 0.9157595634460449 7 10 -0.1486603947666293
2 0.388934463262558 8 9 -0.07413487035686288
-1 0.0 0 0 -0.022180736625478384
-1 0.0 0 0 0.01104557495155383
-1 0.0 0 0 -0.044210464713008456
-1 0.0 0 0 -0.0005138753521949576
0 0.32482439279556274 13 28 0.0015891782879186669
8 51.5 14 25 0.026862929054248252
3 0.702329695224762 15 16 0.0141049813022135
-1 0.0 0 0 -0.0028289116555465965
6 1.0046226978302002 17 20 0.03951456578680046
6 0.8781028389930725 18 19 -0.0646736225428089
-1 0.0 0 0 0.033056476927147464
-1 0.0 0 0 -0.00846274054305203
6 1.035488486289978 21 24 0.061077614710411274
5 1.2864623069763184 22 23 0.13053483491163015
-1 0.0 0 0 0.015152913011417902
-1 0.0 0 0 -0.015670529490506107
-1 0.0 0 0 0.003827814100614939
1 0.1894749402999878 26 27 0.10585262765150882
-1 0.0 0 0 0.0007796999273391871
-1 0.0 0 0 0.017088952402474968
-1 0.0 0 0 -4.321837551677352e-05
nodes 29
5 1.4709033966064453 1 2 0.0
-1 0.0 0 0 -0.0001298032323422234
7 0.1340000033378601 3 8 0.006775311556832418
6 0.9025515913963318 4 7 0.035066710053116186
3 0.639234721660614 5 6 -0.04799459075402549
-1 0.0 0 0 -0.006474814298586991
-1 0.0 0 0 0.05945041373372078
-1 0.0 0 0 0.005502069165727385
6 1.0462595224380493 9 28 -0.00279172565418722
7 0.5680000185966492 10 23 -0.058657398163887556
7 0.33799999952316284 11 12 -0.04228595867954343
-1 0.0 0 0 -0.007892636625817306
0 0.49756383895874023 13 22 0.07606757703334514
2 0.3268566131591797 14 15 0.11934283348463244
-1 0.0 0 0 -0.006861185572611598
1 0.16938664019107819 16 17 0.22929632667292027
-1 0.0 0 0 0.05780640579256657
5 1.7215659618377686 18 21 0.1501281913578799
7 0.3919999897480011 19 20 0.3571941963058304
-1 0.0 0 0 0.07113785442685888
-1 0.0 0 0 0.016456762109801435
-1 0.0 0 0 -0.009282925444771535
-1 0.0 0 0 -0.020972942911369807
4 0.7800512313842773 24 25 -0.37862578504777783
-1 0.0 0 0 -0.08801035426911855
2 0.3380363881587982 26 27 -0.1970562521079234
-1 0.0 0 0 -0.052124604274486674
-1 0.0 0 0 0.012713353852901994
-1 0.0 0 0 0.0005933253799550622
nodes 29
6 1.0249860286712646 1 10 0.0
3 0.9332515001296997 2 3 0.003141042113142979
-1 0.0 0 0 0.0005365113794648014
7 0.3700000047683716 4 9 -0.028811477995437006
8 37.5 5 8 -0.023548912976265553
1 0.4297558665275574 6 7 0.046144839819175124
-1 0.0 0 0 0.0004021721446857197
-1 0.0 0 0 0.040387699435423335
-1 0.0 0 0 -0.004172243769045181
-1 0.0 0 0 -0.02816612816509405
6 1.0254322290420532 11 28 -0.0029269629107211417
5 1.089412808418274 12 15 -0.09919531769754736
0 0.47283726930618286 13 14 0.11173459603395756
-1 0.0 0 0 0.024055880393649712
-1 0.0 0 0 -0.02299296075336473
5 1.2222132682800293 16 27 -0.1567216578061396
7 0.09000000357627869 17 18 -0.23035852801996526
-1 0.0 0 0 -0.048803204785172756
5 1.1522234678268433 19 24 -0.12367840834439489
7 0.23399999737739563 20 23 0.011307264822199172
7 0.1420000046491623 21 22 0.12299790804584822
-1 0.0 0 0 -0.01110767705891377
-1 0.0 0 0 0.03765788099004163
-1 0.0 0 0 -0.03694562916220589
0 0.43690207600593567 25 26 -0.3419052466303886
-1 0.0 0 0 -0.05628949342192047
-1 0.0 0 0 -0.0010420715247164481
-1 0.0 0 0 0.0033364216466759185
-1 0.0 0 0 -0.00021923760720456793
nodes 29
5 1.058840274810791 1 28 0.0
3 0.9838027358055115 2 21 0.017982354983728948
4 1.001387357711792 3 20 0.025614567555831066
3 0.9271581172943115 4 11 0.0123714647698619
4 0.9455028176307678 5 10 0.03575350401272758
4 0.9420760869979858 6 7 0.007517173454545221
-1 0.0 0 0 0.0020646779641409823
7 0.04399999976158142 8 9 -0.33657760000875536
-1 0.0 0 0 -0.06980948979439942
-1 0.0 0 0 -0.0059414338258405525
-1 0.0 0 0 0.013909560722313103
8 43.5 12 17 -0.09033050664138544
0 0.44546306133270264 13 14 0.024315785385487936
-1 0.0 0 0 0.020141781348110482
6 0.9977539777755737 15 16 -0.24262060478761577
-1 0.0 0 0 -0.08530814997851849
-1 0.0 0 0 0.0006547107456289993
8 46.5 18 19 -0.17128482713383072
-1 0.0 0 0 -0.045659433619252274
-1 0.0 0 0 -0.005716102351035391
-1 0.0 0 0 0.011889567280450139
2 0.4657691717147827 22 27 -0.09623459362435739
4 1.0280568599700928 23 24 -0.19334381095770942
-1 0.0 0 0 -0.0704333688132465
7 0.23199999332427979 25 26 -0.09753320898744278
-1 0.0 0 0 0.0014725974452195934
-1 0.0 0 0 -0.06139254528097809
-1 0.0 0 0 0.02349327372816893
-1 0.0 0 0 -5.077379149043463e-05
nodes 29
4 0.9971697926521301 1 28 0.0
4 0.982879102230072 2 3 -0.0013298309611139282
-1 0.0 0 0 2.137206763152338e-05
8 33.5 4 13 -0.035968354051932196
5 1.066711187362671 5 6 -0.14420295142598033
-1 0.0 0 0 0.05171292880550027
2 0.4219045639038086 7 12 -0.17777311586663935
6 1.0020830631256104 8 9 -0.1418652141670697
-1 0.0 0 0 -0.06594666147773917
6 1.0254322290420532 10 11 -0.10951512662892458
-1 0.0 0 0 0.04076449438929558
-1 0.0 0 0 -0.014066934774470054
-1 0.0 0 0 -0.0849250877648592
2 0.481173574924469 14 25 -0.021588019227524007
6 0.870360791683197 15 18 -0.01154169452241413
1 0.3207519054412842 16 17 0.3252595530178111
-1 0.0 0 0 0.07317305905300946
-1 0.0 0 0 0.004990820502561908
6 0.9960888028144836 19 20 -0.017601786173656937
-1 0.0 0 0 -0.009011524872474743
7 0.27399998903274536 21 24 0.010588214404830428
7 0.2619999945163727 22 23 0.038088476442799855
-1 0.0 0 0 0.0028497382424705264
-1 0.0 0 0 0.047927880127515116
-1 0.0 0 0 -0.009316850819255422
7 0.017999999225139618 26 27 -0.19145173924150824
-1 0.0 0 0 0.010085245598107577
-1 0.0 0 0 -0.030931633408932437
-1 0.0 0 0 0.0006377547304844828
nodes 29
4 0.9562510848045349 1 2 0.0
-1 0.0 0 0 -0.0001854423299030412
8 53.5 3 4 0.004623458346874361
-1 0.0 0 0 0.0007283110580135522
0 0.376831978559494 5 12 -0.029569679585192285
3 0.729657769203186 6 7 0.171564619267245
-1 0.0 0 0 0.06671230094507337
3 0.79399174451828 8 9 0.11326363218683458
-1 0.0 0 0 -0.04627367589622736
5 1.1937007904052734 10 11 0.17587237035521588
-1 0.0 0 0 0.010161071717679786
-1 0.0 0 0 0.06076901314297209
1 0.4152860641479492 13 16 -0.054519962576680694
6 0.9700363278388977 14 15 -0.09974949482179576
-1 0.0 0 0 -0.021346037007357224
-1 0.0 0 0 -0.003619246568867355
8 55.5 17 24 0.03698057140603563
3 0.8894278407096863 18 19 -0.10155243105500152
-1 0.0 0 0 0.01633223880122861
5 1.0875539779663086 20 21 -0.23209787759530756
-1 0.0 0 0 -0.005760067985798031
5 1.106309413909912 22 23 -0.5665508399251848
-1 0.0 0 0 -0.10152460059949331
-1 0.0 0 0 0.006162239257246256
3 0.8473856449127197 25 26 0.1095454774570551
-1 0.0 0 0 -0.045758697949349884
4 0.9624472260475159 27 28 0.14907749858497574
-1 0.0 0 0 0.04910150382756478
-1 0.0 0 0 0.010568965366954305
nodes 29
8 39.5 1 28 0.0
6 1.0696371793746948 2 27 -0.005757662385738238
4 0.9218323826789856 3 6 -0.019308699497853278
8 29.5 4 5 -0.09758589011751505
-1 0.0 0 0 -0.06359945623712107
-1 0.0 0 0 -0.008817763690895167
7 0.6179999709129333 7 20 -0.0073955378982588004
5 2.1979775428771973 8 17 -0.00180216305454037
3 0.9925247430801392 9 12 -0.005890687426021717
4 1.2080351114273071 10 11 -0.015307102418832692
-1 0.0 0 0 -0.0012167594291684898
-1 0.0 0 0 -0.03197969649666669
7 0.04399999976158142 13 16 0.07462632332029005
6 1.0046226978302002 14 15 -0.08817470680885747
-1 0.0 0 0 0.0031487870866515836
-1 0.0 0 0 -0.048789863649042364
-1 0.0 0 0 0.012619683596989579
6 1.0550416707992554 18 19 0.4020144087092088
-1 0.0 0 0 0.07150395585430994
-1 0.0 0 0 0.0021308145397720304
4 1.1536322832107544 21 26 -0.20129129890021
3 0.9061203598976135 22 25 -0.12254229205857797
5 1.232613444328308 23 24 -0.22855592579038048
-1 0.0 0 0 -0.04996917951535785
-1 0.0 0 0 -0.009791773418811236
-1 0.0 0 0 0.03094632653985173
-1 0.0 0 0 -0.06857170076532797
-1 0.0 0 0 0.0006019195568674493
-1 0.0 0 0 0.0001517349159756486
nodes 29
4 1.080087661743164 1 2 0.0
-1 0.0 0 0 6.97482168486739e-05
1 0.437956839799881 3 24 -0.012984004248602955
7 0.004000000189989805 4 11 -0.009111343868502778
5 1.2151578664779663 5 10 0.13581923401687998
5 1.150123119354248 6 9 0.030524185514712535
1 0.36105817556381226 7 8 0.21090556751374925
-1 0.0 0 0 -0.015633584966417403
-1 0.0 0 0 0.043690028577708664
-1 0.0 0 0 -0.042403689712286
-1 0.0 0 0 0.05386872456773467
2 0.31493258476257324 12 13 -0.012400506441652949
-1 0.0 0 0 0.0008952498380928138
3 0.9925247430801392 14 19 -0.036121971445245406
3 0.5892964601516724 15 18 -0.08534136473784451
8 28.5 16 17 0.26457509997300804
-1 0.0 0 0 0.08297763477478709
-1 0.0 0 0 -0.014470856220878917
-1 0.0 0 0 -0.010008089568606915
6 1.1063239574432373 20 23 0.02025246327970375
7 0.328000009059906 21 22 0.03855607023989103
-1 0.0 0 0 0.0006729035485011024
-1 0.0 0 0 0.01934599041335845
-1 0.0 0 0 -0.026556539925245138
0 0.44682857394218445 25 26 -0.21476574613673924
-1 0.0 0 0 -0.0586272364591851
0 0.46389925479888916 27 28 -0.011036310209742477
-1 0.0 0 0 0.020332639074573916
-1 0.0 0 0 -0.037452089009077656
nodes 29
0 0.12108592689037323 1 4 0.0
6 1.1255607604980469 2 3 -0.045959792646136075
-1 0.0 0 0 -0.022441571000963452
-1 0.0 0 0 -0.002573815895055552
4 1.5676718950271606 5 20 0.00018133461637592413
4 1.3465056419372559 6 7 -1.4282201933792349e-06
-1 0.0 0 0 2.2109505559630334e-05
1 0.26250019669532776 8 19 -0.06137136418860753
1 0.23073768615722656 9 16 -0.020298942834823253
6 1.0580217838287354 10 11 -0.06261988691114556
-1 0.0 0 0 -0.046311436258256435
0 0.22519774734973907 12 15 -0.014941973140738564
6 1.0830591917037964 13 14 0.018594151547499698
-1 0.0 0 0 0.030239716172218323
-1 0.0 0 0 -0.0013099585629368514
-1 0.0 0 0 -0.023749989152631976
2 0.33218300342559814 17 18 0.22833660361357033
-1 0.0 0 0 -0.009656581682739435
-1 0.0 0 0 0.06460682870376677
-1 0.0 0 0 -0.052874719338684255
6 1.089808702468872 21 26 0.0761678515377924
6 1.072611927986145 22 25 0.26183652029587673
1 0.20098313689231873 23 24 0.10108935832977295
-1 0.0 0 0 -0.006697433903103784
-1 0.0 0 0 0.02775562405586243
-1 0.0 0 0 0.0536446255321304
0 0.20220401883125305 27 28 0.0068088660821861895
-1 0.0 0 0 0.0064172578456507855
-1 0.0 0 0 -0.036979637602749076
nodes 29
2 0.29110369086265564 1 2 0.0
-1 0.0 0 0 -0.000580771904276881
5 1.2396756410598755 3 4 0.0014165308476443421
-1 0.0 0 0 -0.00028024562246838357
2 0.41118934750556946 5 6 0.011478504142415401
-1 0.0 0 0 0.0006656439840683741
8 57.5 7 8 0.04966208278703255
-1 0.0 0 0 0.009355392269601574
0 0.4800889790058136 9 14 -0.004999171467240771
6 0.9870089888572693 10 13 -0.14136339599781578
7 0.009999999776482582 11 12 -0.26787559676165806
-1 0.0 0 0 -0.004307583039848223
-1 0.0 0 0 -0.050391535144299275
-1 0.0 0 0 0.0019473820477146513
7 0.03200000151991844 15 24 0.039742953714683615
0 0.5196250677108765 16 23 0.12727960372652783
6 0.776975691318512 17 18 0.2297644274583196
-1 0.0 0 0 -0.00538133581453082
6 0.8915331959724426 19 20 0.3151271282267586
-1 0.0 0 0 0.05776994752725868
3 0.6249556541442871 21 22 0.18182116741887652
-1 0.0 0 0 0.03562501333653927
-1 0.0 0 0 -0.00883727210080799
-1 0.0 0 0 -0.003917663864039514
7 0.12200000137090683 25 28 -0.03523646375907899
1 0.2658664584159851 26 27 -0.13116003424713846
-1 0.0 0 0 0.028743453705922153
-1 0.0 0 0 -0.02009257961315318
-1 0.0 0 0 0.009066322250649907
nodes 29
6 0.8324276208877563 1 28 0.0
4 0.7447970509529114 2 7 -0.02371692852316118
3 0.5609731078147888 3 4 0.06244527144983331
-1 0.0 0 0 0.002464377694076491
0 0.46975430846214294 5 6 0.3998236099432688
-1 0.0 0 0 0.004122673164820299
-1 0.0 0 0 0.07584204882383347
4 0.9920973181724548 8 23 -0.052903271005480985
8 39.5 9 10 -0.07351711832463496
-1 0.0 0 0 0.042173779223646436
3 0.7736412882804871 11 22 -0.08347914238764559
3 0.7657347917556763 12 21 -0.06787845939351012
2 0.33635616302490234 13 14 -0.07868609480787865
-1 0.0 0 0 0.01310410327614122
0 0.42460739612579346 15 20 -0.10193584494984576
5 1.324377179145813 16 17 -0.25104452403964567
-1 0.0 0 0 -0.0429100395310237
8 60.5 18 19 -0.0931805556966472
-1 0.0 0 0 -0.026343887639897215
-1 0.0 0 0 0.03482299053834544
-1 0.0 0 0 -0.006250392547956631
-1 0.0 0 0 0.038886161116154304
-1 0.0 0 0 -0.040026852155427395
2 0.45177873969078064 24 27 0.15227193829264038
0 0.3874298334121704 25 26 0.2756669496282421
-1 0.0 0 0 -0.0018780129301982623
-1 0.0 0 0 0.06380633544654418
-1 0.0 0 0 -0.03844963610172272
-1 0.0 0 0 3.780501001463206e-05
nodes 29
3 0.40099790692329407 1 14 0.0
6 1.0976545810699463 2 13 -0.010001078323623125
4 0.8984204530715942 3 4 -0.03302121335450564
-1 0.0 0 0 -0.004447612898286247
0 0.3590152859687805 5 6 0.12243835588747984
-1 0.0 0 0 -0.01220409362971508
6 1.0630444288253784 7 12 0.29751707480679596
3 0.31428927183151245 8 11 0.4234998844796792
4 0.9262117147445679 9 10 0.11418479982031775
-1 0.0 0 0 0.051609617848273205
-1 0.0 0 0 -0.016593525197469827
-1 0.0 0 0 0.06941505835566204
-1 0.0 0 0 -0.013442398692880358
-1 0.0 0 0 0.0012485323737793364
5 1.6275477409362793 15 16 0.0008512572074558028
-1 0.0 0 0 -7.489602006391797e-05
8 65.5 17 20 0.02914555337333228
6 0.8095192909240723 18 19 0.020953440339464113
-1 0.0 0 0 -0.02680181729607284
-1 0.0 0 0 0.002606685088226779
7 0.006000000052154064 21 22 0.14267540900233056
-1 0.0 0 0 0.04531142793518181
7 0.026000000536441803 23 26 0.07419624642523773
2 0.35850054025650024 24 25 -0.265909226444949
-1 0.0 0 0 0.01605708684772253
-1 0.0 0 0 -0.05028426125128236
5 1.6637427806854248 27 28 0.16237173939158242
-1 0.0 0 0 0.04710255924884866
-1 0.0 0 0 0.009005855095173631
nodes 29
8 82.5 1 2 0.0
-1 0.0 0 0 -5.0467058402553386e-05
0 0.46606695652008057 3 16 0.017820331238517683
0 0.46459388732910156 4 15 0.09151513003447656
5 1.1121031045913696 5 8 0.07717306265702872
1 0.30120518803596497 6 7 0.2643944284447083
-1 0.0 0 0 0.04094770536399805
-1 0.0 0 0 0.0012917878106236459
3 0.6655588150024414 9 14 0.053110128496229786
2 0.34705013036727905 10 11 0.0700423426288043
-1 0.0 0 0 0.004822426396896373
6 0.9578772783279419 12 13 0.35119803808629513
-1 0.0 0 0 0.004937021558483442
-1 0.0 0 0 0.06267799629789332
-1 0.0 0 0 -0.033005960613351176
-1 0.0 0 0 0.05608918805691329
2 0.44523048400878906 17 28 -0.009357372890011881
6 1.0100456476211548 18 23 -0.0137461459313513
1 0.3713364899158478 19 20 0.02358122705768043
-1 0.0 0 0 0.003346953867019627
5 1.1046846508979797 21 22 -0.19705172579657906
-1 0.0 0 0 0.017850063205696643
-1 0.0 0 0 -0.0465303409977683
4 0.7098034024238586 24 27 -0.0615918851922064
5 1.1104233264923096 25 26 -0.03950247795242275
-1 0.0 0 0 -0.03455548953575393
-1 0.0 0 0 -0.002809679780067928
-1 0.0 0 0 -0.05469775442769262
-1 0.0 0 0 0.04277644220273942
nodes 29
2 0.4506138563156128 1 28 0.0
1 0.40908172726631165 2 25 -0.0009814385728503484
1 0.40455102920532227 3 4 0.00022585935031959158
-1 0.0 0 0 -5.440973193816919e-05
0 0.415397047996521 5 8 0.058326884119189445
4 1.094213604927063 6 7 -0.26189536366325156
-1 0.0 0 0 -0.04421062289991162
-1 0.0 0 0 0.01156893065642743
7 0.10199999809265137 9 24 0.07767116488671609
4 0.8329603672027588 10 11 0.019828048680210486
-1 0.0 0 0 0.03094501440494281
4 0.894889771938324 12 19 0.0002934205468028478
7 0.006000000052154064 13 14 -0.1636976964162806
-1 0.0 0 0 0.02212559890288573
7 0.04600000008940697 15 16 -0.24068843350530816
-1 0.0 0 0 -0.04138635168399881
1 0.40679919719696045 17 18 0.08642005723797613
-1 0.0 0 0 0.04371379464864731
-1 0.0 0 0 -0.02490492281301514
4 0.9151181578636169 20 23 0.048929569303915045
8 49.5 21 22 0.25986967056353644
-1 0.0 0 0 -0.0265696133910255
-1 0.0 0 0 0.04525771322039267
-1 0.0 0 0 0.0009972163215426408
-1 0.0 0 0 0.019867630453710712
6 1.0340406894683838 26 27 -0.042076201785986804
-1 0.0 0 0 -0.005858556724514021
-1 0.0 0 0 0.009307573623805037
-1 0.0 0 0 0.000864428270691826
nodes 29
6 1.02739679813385 1 2 0.0
-1 0.0 0 0 0.000292059617886538
6 1.0287628173828125 3 28 -0.002943701674685417
7 0.18000000715255737 4 25 -0.059921120787881824
8 52.5 5 24 -0.10947057811079422
0 0.36418288946151733 6 7 -0.1759840188158575
-1 0.0 0 0 0.0016117630006712198
5 1.0758229494094849 8 11 -0.24001790175671409
5 1.058840274810791 9 10 0.010333370325750992
-1 0.0 0 0 -0.02707612146773646
-1 0.0 0 0 0.030079777482897044
1 0.41646963357925415 12 21 -0.2955503657459154
1 0.3925735652446747 13 20 -0.2268254425681803
1 0.37783876061439514 14 19 -0.3144768058559972
0 0.416170597076416 15 16 -0.23444636680354927
-1 0.0 0 0 -0.036958336466452156
5 1.143363356590271 17 18 0.028320017926118993
-1 0.0 0 0 0.04007805330170827
-1 0.0 0 0 -0.022774658619891853
-1 0.0 0 0 -0.08446784645784647
-1 0.0 0 0 0.01073453799666216
7 0.0820000022649765 22 23 -0.656356212429025
-1 0.0 0 0 -0.028536186473710198
-1 0.0 0 0 -0.09950901820607808
-1 0.0 0 0 -0.0006363237502253179
7 0.26600000262260437 26 27 0.023263275674501847
-1 0.0 0 0 0.012268721279343633
-1 0.0 0 0 -0.00793827334806944
-1 0.0 0 0 -0.00015657543434266724
nodes 29
3 0.8175774812698364 1 26 0.0
1 0.4736008048057556 2 25 -0.001991172283818733
3 0.7839387655258179 3 18 -0.0018432126495744954
2 0.4273034334182739 4 5 0.0008692109524699975
-1 0.0 0 0 -0.00015130252902640783
8 56.5 6 11 0.028382095291073828
6 0.992682158946991 7 10 0.08340270159815089
7 0.029999999329447746 8 9 0.15520144590221494
-1 0.0 0 0 0.009112916110320893
-1 0.0 0 0 0.03173043264437001
-1 0.0 0 0 0.004304449022978368
4 0.8471649289131165 12 17 -0.01168859126218719
8 68.5 13 16 0.04984814035490174
4 0.7728350758552551 14 15 0.11961555873704688
-1 0.0 0 0 0.05199637541449384
-1 0.0 0 0 0.009660008002978535
-1 0.0 0 0 -0.004615072863942789
-1 0.0 0 0 -0.006163804322037572
1 0.46372976899147034 19 24 -0.018719391825791902
0 0.5420362949371338 20 21 -0.020071180201555672
-1 0.0 0 0 -0.0018268133827340335
4 0.8937262296676636 22 23 -0.41103872422908627
-1 0.0 0 0 -0.07638685157441576
-1 0.0 0 0 -0.0005284463986754417
-1 0.0 0 0 0.05088723463316759
-1 0.0 0 0 -0.042010043871899445
8 74.5 27 28 0.004201053577345323
-1 0.0 0 0 0.0004558694752804736
-1 0.0 0 0 -0.03920037065600527
nodes 29
8 29.5 1 28 0.0
5 1.0857629776000977 2 5 -0.014279954100601719
3 0.9366942644119263 3 4 0.34502174182456324
-1 0.0 0 0 0.0036588391156068874
-1 0.0 0 0 0.048895730546986066
6 1.0462595224380493 6 23 -0.020518815434740337
2 0.37122464179992676 7 20 -0.11769207646079266
2 0.31678783893585205 8 13 -0.22155071681741398
2 0.3049728274345398 9 12 -0.09696275601163507
8 28.5 10 11 -0.19363550634051746
-1 0.0 0 0 -0.032286086523762116
-1 0.0 0 0 0.012942789090224184
-1 0.0 0 0 0.028552508224611695
4 1.0866692066192627 14 17 -0.3650156413816442
4 1.0131711959838867 15 16 -0.16369562579451927
-1 0.0 0 0 -0.050447785909529086
-1 0.0 0 0 0.015358438451999221
7 0.18199999630451202 18 19 -0.6271998477276675
-1 0.0 0 0 -0.035326454729180445
-1 0.0 0 0 -0.0914179686279524
3 0.9925247430801392 21 22 0.10576136188224108
-1 0.0 0 0 0.024951789827283587
-1 0.0 0 0 -0.018175171089894842
7 0.17399999499320984 24 27 -0.011829203098790689
4 1.0308277606964111 25 26 0.09147130003726414
-1 0.0 0 0 -0.0073794734409256355
-1 0.0 0 0 0.01776970571397966
-1 0.0 0 0 -0.0019630874883110492
-1 0.0 0 0 5.7441857752318515e-05
nodes 29
0 0.4690226912498474 1 4 0.0
8 82.5 2 3 0.0015631760722314748
-1 0.0 0 0 8.188061019284805e-05
-1 0.0 0 0 0.007252242462531731
7 0.7480000257492065 5 28 -0.005309438590841286
0 0.4953945577144623 6 27 -0.005772369514480625
5 1.039731740951538 7 8 -0.017467297727374948
-1 0.0 0 0 -0.026290119175318177
1 0.437956839799881 9 18 -0.015551325834405194
5 1.063896656036377 10 17 -0.02089122049436612
7 0.07199999690055847 11 14 -0.1407657118672587
5 1.0605599880218506 12 13 -0.2628007747759526
-1 0.0 0 0 -0.013980278056114912
-1 0.0 0 0 -0.06505118434965287
8 46.5 15 16 0.014625601569811504
-1 0.0 0 0 -0.04890612845986404
-1 0.0 0 0 0.010119678513001419
-1 0.0 0 0 -0.0016936382882315388
8 35.5 19 20 0.04262628159865889
-1 0.0 0 0 -0.03648396852341565
7 0.006000000052154064 21 22 0.05682520124542015
-1 0.0 0 0 0.026318771979205458
6 0.9562504291534424 23 26 0.03191516942085599
1 0.44288915395736694 24 25 -0.2503754586679861
-1 0.0 0 0 0.025860750129253703
-1 0.0 0 0 -0.05397971417827934
-1 0.0 0 0 0.006143575797916628
-1 0.0 0 0 0.0006755397116784308
-1 0.0 0 0 0.03452064257580787
nodes 29
5 1.058840274810791 1 28 0.0
8 63.5 2 19 0.017023113309067434
8 59.5 3 10 0.0075158900843494796
0 0.537302553653717 4 9 0.017090927057515977
6 1.0190277099609375 5 8 0.013105569780766027
3 0.8065974116325378 6 7 -0.018062094407491697
-1 0.0 0 0 -0.04583367283623188
-1 0.0 0 0 -0.00046684042949813557
-1 0.0 0 0 0.005658232204337263
-1 0.0 0 0 0.03287733513219603
2 0.3815954923629761 11 12 -0.12578023068755018
-1 0.0 0 0 -0.04602048149021964
1 0.4057232737541199 13 16 -0.05146365641762882
7 0.03400000184774399 14 15 0.33597588267535106
-1 0.0 0 0 0.0010043891146779061
-1 0.0 0 0 0.0646387303178753
5 1.0522598028182983 17 18 -0.22045324261775834
-1 0.0 0 0 -0.041521832490001215
-1 0.0 0 0 0.0054215463164907236
2 0.44523048400878906 20 27 0.09944136534869985
6 1.0375772714614868 21 26 0.16274344256063075
8 67.5 22 23 0.20350135274400766
-1 0.0 0 0 0.035745678963856053
4 0.854538083076477 24 25 0.10343031876254827
-1 0.0 0 0 0.0212494213716127
-1 0.0 0 0 -0.01964953923597932
-1 0.0 0 0 -0.02040777490897612
-1 0.0 0 0 -0.011815952506731266
-1 0.0 0 0 -4.806533704070418e-05
nodes 29
0 0.37456175684928894 1 28 0.0
8 51.5 2 25 0.004174900264084125
7 0.03999999910593033 3 20 -0.0013013980811470156
3 0.7385799288749695 4 7 -0.0410209124472253
8 31.5 5 6 -0.13082069605979926
-1 0.0 0 0 0.025168879850414296
-1 0.0 0 0 -0.014854078446611609
8 35.5 8 19 -0.01424856002745473
0 0.36418288946151733 9 18 -0.12024571340585845
5 1.1344630718231201 10 15 -0.08823192021834957
6 1.0144222974777222 11 14 0.09380053892916355
2 0.33635616302490234 12 13 0.21724322250149414
-1 0.0 0 0 0.0026628837206711374
-1 0.0 0 0 0.04895494872083267
-1 0.0 0 0 -0.03123657102443113
6 1.0621976852416992 16 17 -0.18280347125983099
-1 0.0 0 0 -0.024312497156663476
-1 0.0 0 0 0.012454893506531206
-1 0.0 0 0 -0.05353578984038905
-1 0.0 0 0 0.0010730521674205092
2 0.34378039836883545 21 22 0.0032365202368458247
-1 0.0 0 0 -0.0001905046659408033
8 30.5 23 24 0.03698856983489047
-1 0.0 0 0 0.014607259029323146
-1 0.0 0 0 0.0022665916480229995
2 0.3736247718334198 26 27 0.04698637819342762
-1 0.0 0 0 0.0042809428025380935
-1 0.0 0 0 0.04931606006893245
-1 0.0 0 0 -0.00019085657700656312
nodes 29
8 110.5 1 28 0.0
4 0.7677508592605591 2 27 -5.408187172471098e-05
1 0.362102746963501 3 10 -0.005739186467028763
2 0.3965984284877777 4 5 -0.003880602393082982
-1 0.0 0 0 -0.0007041814128466097
8 69.5 6 7 0.08639117358352547
-1 0.0 0 0 0.0177840215839501
6 0.9968997240066528 8 9 0.021993811366621232
-1 0.0 0 0 0.013586380372232781
-1 0.0 0 0 -0.010988951311315193
1 0.36736246943473816 11 16 -0.11410590212397051
7 0.029999999329447746 12 13 -0.3366025606512852
-1 0.0 0 0 -0.07253574532057558
4 0.7279753088951111 14 15 -0.15210871333729917
-1 0.0 0 0 -0.05204828910772568
-1 0.0 0 0 0.008324145577434036
2 0.40343743562698364 17 18 -0.03444660462653686
-1 0.0 0 0 0.023533815382556483
7 0.12999999523162842 19 24 -0.0940975059928307
7 0.03200000151991844 20 23 -0.19082572224543437
4 0.7539999485015869 21 22 0.019115105428575696
-1 0.0 0 0 -0.017611008653141285
-1 0.0 0 0 0.04774699039433314
-1 0.0 0 0 -0.043575668786511285
6 1.0350162982940674 25 26 0.1529049033664965
-1 0.0 0 0 -0.004324766455425157
-1 0.0 0 0 0.05059795256238431
-1 0.0 0 0 0.0001329926263844694
-1 0.0 0 0 0.014611332987535884
nodes 29
8 22.5 1 14 0.0
1 0.18573428690433502 2 11 -0.04296290972576146
1 0.1714199036359787 3 10 0.0019793475961344207
7 0.7639999985694885 4 9 -0.03374389160901983
7 0.6480000019073486 5 6 0.0675142962208345
-1 0.0 0 0 -0.012322056271026983
6 1.1812965869903564 7 8 0.22703799641775815
-1 0.0 0 0 0.04853618517331779
-1 0.0 0 0 0.0011768116988241674
-1 0.0 0 0 -0.009648669511095413
-1 0.0 0 0 0.028776526123736847
7 0.7639999985694885 12 13 -0.15060686476288304
-1 0.0 0 0 -0.021614549254688125
-1 0.0 0 0 0.007409700192511082
6 1.0716638565063477 15 20 0.00018163852181936468
7 0.5979999899864197 16 17 -0.0013668609140422368
-1 0.0 0 0 -3.3022183961766864e-05
4 0.7800512313842773 18 19 -0.12676563428360083
-1 0.0 0 0 -0.04241767731598682
-1 0.0 0 0 -0.00828853023182499
1 0.3092730641365051 21 24 0.005414054887350129
2 0.41666287183761597 22 23 0.009991921022558624
-1 0.0 0 0 0.0009085951048061274
-1 0.0 0 0 0.06886883932968667
7 0.24199999868869781 25 28 -0.09558685779553587
1 0.3113553524017334 26 27 0.016991212664385944
-1 0.0 0 0 -0.04923704402754084
-1 0.0 0 0 0.0059218085446959565
-1 0.0 0 0 -0.017843480401428115
nodes 29
6 1.2074919939041138 1 24 0.0
6 1.0771117210388184 2 3 0.0005619583790845606
-1 0.0 0 0 -0.00011993729060330227
1 0.3578837513923645 4 23 0.008608042251475658
2 0.3915768265724182 5 22 0.010424549285804496
2 0.36406171321868896 6 7 0.006515139955220844
-1 0.0 0 0 0.0012301291041190631
7 0.2540000081062317 8 9 -0.09855401627254796
-1 0.0 0 0 0.004562443695934395
6 1.1043978929519653 10 21 -0.17249802573453027
4 0.9538375735282898 11 18 -0.06646287986974872
2 0.37760499119758606 12 15 -0.16532986081396264
4 0.8294677138328552 13 14 -0.012012519555916108
-1 0.0 0 0 0.01881517238191167
-1 0.0 0 0 -0.028686491344402088
7 0.4620000123977661 16 17 -0.37018244283101637
-1 0.0 0 0 -0.058984024655799584
-1 0.0 0 0 0.0032523530668445997
7 0.4099999964237213 19 20 0.27709987891139465
-1 0.0 0 0 -0.012212529885308708
-1 0.0 0 0 0.057217935812862025
-1 0.0 0 0 -0.03412117244882716
-1 0.0 0 0 0.02455177836922193
-1 0.0 0 0 -0.04019942517318812
2 0.3462967872619629 25 28 -0.01377005897150877
1 0.1818045973777771 26 27 -0.011880066866339543
-1 0.0 0 0 -0.0003236830186014051
-1 0.0 0 0 -0.00531243118253446
-1 0.0 0 0 -0.03083064286410809
nodes 29
6 1.02739679813385 1 2 0.0
-1 0.0 0 0 0.0002886518714864821
6 1.027858853340149 3 8 -0.002909354421960107
3 0.8534232378005981 4 5 -0.09348268538347579
-1 0.0 0 0 -0.0008341911504225384
3 0.8894278407096863 6 7 -0.3036975164658728
-1 0.0 0 0 -0.07410387630398209
-1 0.0 0 0 -0.009078138326539805
2 0.43935316801071167 9 16 -0.002190794875767677
1 0.41035494208335876 10 11 -0.004011574355202716
-1 0.0 0 0 -0.00033750208035789503
0 0.47283726930618286 12 15 -0.25936203924332085
6 1.0420279502868652 13 14 -0.12741060868992984
-1 0.0 0 0 -0.0328257242037404
-1 0.0 0 0 0.026172974342080126
-1 0.0 0 0 -0.07986417988963102
4 0.8902410864830017 17 18 0.03410983872037555
-1 0.0 0 0 0.015535009714403714
6 1.0370889902114868 19 28 0.010548978783793536
0 0.47525113821029663 20 21 0.06694760710158286
-1 0.0 0 0 0.01677758677996576
8 39.5 22 23 -0.05009633263659462
-1 0.0 0 0 0.04503848658253749
7 0.25200000405311584 24 27 -0.10506909585438533
2 0.5074802041053772 25 26 -0.03290738770156167
-1 0.0 0 0 0.0005445376253524757
-1 0.0 0 0 -0.06520305772622427
-1 0.0 0 0 -0.04424485105948595
-1 0.0 0 0 -0.005314257560957199
nodes 29
5 2.081598997116089 1 2 0.0
-1 0.0 0 0 6.167719645013391e-05
1 0.1818045973777771 3 8 -0.012492088841065736
1 0.16502122581005096 4 5 -0.0005183579217696168
-1 0.0 0 0 -0.0008964044871832434
2 0.3736247718334198 6 7 0.09173094097477286
-1 0.0 0 0 0.0019385889159909656
-1 0.0 0 0 0.029505861291759895
5 2.3535637855529785 9 26 -0.1453420185266237
8 77.5 10 25 -0.19917439309833426
6 1.038118839263916 11 16 -0.2377001350697387
8 59.5 12 15 -0.3536885425633525
0 0.44682857394218445 13 14 -0.5219870323724136
-1 0.0 0 0 -0.030622146376186894
-1 0.0 0 0 -0.07485408794134855
-1 0.0 0 0 -0.01789989708628081
8 59.5 17 24 -0.09293940943817414
8 52.5 18 23 0.0040972283761948345
7 0.4620000123977661 19 22 -0.17446490682661533
6 1.0716638565063477 20 21 0.009342594111027816
-1 0.0 0 0 0.024771186819782964
-1 0.0 0 0 -0.029713218685771738
-1 0.0 0 0 -0.05012337973824254
-1 0.0 0 0 0.05397836339846254
-1 0.0 0 0 -0.04275485053497913
-1 0.0 0 0 0.01860830266157101
6 1.0391151905059814 27 28 0.09997980273588578
-1 0.0 0 0 0.04132501536873447
-1 0.0 0 0 -0.04301700219511986
nodes 29
7 0.0 1 28 0.0
2 0.38326647877693176 2 3 -0.02033581159672711
-1 0.0 0 0 0.0043046219528701584
2 0.3991543650627136 4 13 -0.05432327756253671
5 1.0902889966964722 5 6 -0.19088017469009938
-1 0.0 0 0 0.016011542361229657
5 1.1162861585617065 7 8 -0.24835313815481916
-1 0.0 0 0 -0.08380589079577477
1 0.3380826711654663 9 10 -0.17024641367761012
-1 0.0 0 0 -0.03268249667320482
1 0.34434860944747925 11 12 0.07390997413608988
-1 0.0 0 0 0.04318118187643233
-1 0.0 0 0 -0.01238778873689865
1 0.30832675099372864 14 17 -0.026423049093968975
5 1.7013089656829834 15 16 0.2275016789359075
-1 0.0 0 0 0.06647347547113895
-1 0.0 0 0 -0.0029694247990846635
3 0.803898811340332 18 19 -0.04132732660876607
-1 0.0 0 0 -0.012595268793485806
4 1.001387357711792 20 27 0.03490543689986225
0 0.5076702833175659 21 26 0.09363321906018948
0 0.4705188274383545 22 25 0.1440673743808085
1 0.37783876061439514 23 24 0.05727942697382692
-1 0.0 0 0 0.04447065791551103
-1 0.0 0 0 -0.0041148011688445065
-1 0.0 0 0 0.03376712570579212
-1 0.0 0 0 -0.03004569248404614
-1 0.0 0 0 -0.017707389108836652
-1 0.0 0 0 3.731759422969545e-05
nodes 29
0 0.19463582336902618 1 16 0.0
6 1.1348867416381836 2 13 -0.017789090244592517
7 0.7200000286102295 3 12 -0.0547355844910708
5 1.5982023477554321 4 5 -0.04000881531641098
-1 0.0 0 0 -0.006271759050084465
6 1.0771117210388184 6 7 0.09794699392902355
-1 0.0 0 0 0.031162282417062672
5 2.7450997829437256 8 11 0.020246692022986033
7 0.5680000185966492 9 10 0.13190482830395922
-1 0.0 0 0 -0.0016076384467028438
-1 0.0 0 0 0.04144144163212993
-1 0.0 0 0 -0.02775083380596091
-1 0.0 0 0 -0.024134792821176018
6 1.149409294128418 14 15 0.005762050137992107
-1 0.0 0 0 0.011150246249469222
-1 0.0 0 0 -0.00031760073593289597
8 22.5 17 26 0.00042866385907086975
6 1.1151620149612427 18 21 -0.08313727063542818
3 0.8858311176300049 19 20 -0.23485365247523243
-1 0.0 0 0 -0.04970977448281788
-1 0.0 0 0 -0.011247307604385748
3 0.7609458565711975 22 25 0.006267025805885039
6 1.174384593963623 23 24 0.20128391442024926
-1 0.0 0 0 0.05827309097046965
-1 0.0 0 0 -0.007117822506864157
-1 0.0 0 0 -0.013999564065488813
8 23.5 27 28 0.0005812737795586232
-1 0.0 0 0 0.012486494288773926
-1 0.0 0 0 4.293502395085616e-05
nodes 29
8 29.5 1 28 0.0
5 1.0857629776000977 2 3 -0.013560541018857107
-1 0.0 0 0 0.030918585167576867
5 1.095660924911499 4 5 -0.01916466149184982
-1 0.0 0 0 -0.02890398282790557
5 1.1006032228469849 6 7 -0.01629441244332862
-1 0.0 0 0 0.04052324160654098
6 1.0462595224380493 8 27 -0.01911512194887425
2 0.37122464179992676 9 22 -0.11358334932503147
7 0.07000000029802322 10 13 -0.21227969931444535
7 0.035999998450279236 11 12 -0.017484400831440938
-1 0.0 0 0 -0.016174866563264043
-1 0.0 0 0 0.03215366214513778
2 0.31493258476257324 14 17 -0.314242863364143
2 0.29485687613487244 15 16 -0.13066857647631439
-1 0.0 0 0 -0.03264493609435464
-1 0.0 0 0 0.017931766559680304
4 1.112480640411377 18 21 -0.4866914358951335
6 1.0350162982940674 19 20 -0.29802070043078854
-1 0.0 0 0 -0.003863271636946593
-1 0.0 0 0 -0.055740868449211126
-1 0.0 0 0 -0.07769541058402796
3 0.9526216387748718 23 24 0.09790882922371257
-1 0.0 0 0 0.032539042110761834
6 1.0283000469207764 25 26 -0.12462751066271702
-1 0.0 0 0 -0.04263339570164681
-1 0.0 0 0 0.023454683023460567
-1 0.0 0 0 -0.001128384280986527
-1 0.0 0 0 5.454798636098806e-05
nodes 29
6 0.8324276208877563 1 28 0.0
8 38.5 2 3 -0.021110988211971778
-1 0.0 0 0 0.026206597601994876
4 0.7447970509529114 4 5 -0.028519149473761718
-1 0.0 0 0 0.005338714768762891
0 0.5177079439163208 6 23 -0.05724423778919641
0 0.47918701171875 7 12 -0.04039267337082752
0 0.4690226912498474 8 9 -0.07382252751253456
-1 0.0 0 0 -0.004110578670870296
2 0.4337219297885895 10 11 -0.3387921755611487
-1 0.0 0 0 -0.04666234714136472
-1 0.0 0 0 0.011500892471522093
3 0.639234721660614 13 20 0.08429164748202574
0 0.5107396841049194 14 19 -0.09666245307509355
8 60.5 15 16 -0.18876458179383052
-1 0.0 0 0 0.021813463723218
8 65.5 17 18 -0.3296143114566803
-1 0.0 0 0 -0.07405374122952874
-1 0.0 0 0 -0.016818023612722756
-1 0.0 0 0 0.03429158885370601
7 0.00800000037997961 21 22 0.32619870822680624
-1 0.0 0 0 0.007863717181263148
-1 0.0 0 0 0.06522553659430365
1 0.36105817556381226 24 27 -0.27302646509757855
4 0.7932910919189453 25 26 0.015242953474322954
-1 0.0 0 0 -0.033819339229237466
-1 0.0 0 0 0.03686792992410206
-1 0.0 0 0 -0.057570935459807515
-1 0.0 0 0 3.3651139649175037e-05
nodes 29
1 0.34741273522377014 1 10 0.0
1 0.33489590883255005 2 3 0.001905368285468083
-1 0.0 0 0 -0.00010314440576740302
7 0.4699999988079071 4 5 0.04032793504171899
-1 0.0 0 0 0.004552170709724766
1 0.3380826711654663 6 7 -0.23222705759954723
-1 0.0 0 0 0.018067967161536216
1 0.34434860944747925 8 9 -0.3960789342721303
-1 0.0 0 0 -0.059968146924362635
-1 0.0 0 0 0.004166651591658592
6 1.0782663822174072 11 24 -0.0037443521682939736
8 58.5 12 23 -0.002987208808098585
3 0.7911028861999512 13 18 0.004214557797716262
6 1.0666753053665161 14 15 0.0407732120985541
-1 0.0 0 0 0.004598465247288265
8 52.5 16 17 -0.43112803159319624
-1 0.0 0 0 -0.008676489827961757
-1 0.0 0 0 -0.09304545748978854
4 0.8471649289131165 19 20 -0.003623058603409594
-1 0.0 0 0 -0.04367664403200086
4 0.868010401725769 21 22 -0.00271034806294073
-1 0.0 0 0 0.016417306649103645
-1 0.0 0 0 -0.00047899173773497745
-1 0.0 0 0 -0.002530205958487716
8 45.5 25 28 -0.22895764971597005
2 0.4140511751174927 26 27 -0.4698219174905768
-1 0.0 0 0 -0.07264780467658331
-1 0.0 0 0 -0.0046339304186403755
-1 0.0 0 0 -0.0016194213181734086
nodes 29
5 1.1353238821029663 1 24 0.0
1 0.30418661236763 2 3 0.0037617021586192853
-1 0.0 0 0 0.0029628969486509785
6 1.0748132467269897 4 11 -0.0010190172718235967
2 0.3388058543205261 5 6 0.0005945809404607538
-1 0.0 0 0 -0.006756886428338476
4 0.8277952075004578 7 10 0.002566474922491433
8 60.5 8 9 0.041161092303882936
-1 0.0 0 0 0.011457268664648981
-1 0.0 0 0 0.0010610709100023726
-1 0.0 0 0 -0.0002096539482482752
5 1.1256215572357178 12 23 -0.13526850128451046
3 0.7882437705993652 13 14 -0.1943740835228678
-1 0.0 0 0 -0.039793982027497676
3 0.8147965669631958 15 16 -0.052711377829879696
-1 0.0 0 0 0.06329085752367973
7 0.21199999749660492 17 18 -0.14869817125921447
-1 0.0 0 0 0.007976963169872762
2 0.376844197511673 19 22 -0.26293207273818553
3 0.9083622694015503 20 21 -0.1142938426813819
-1 0.0 0 0 -0.03814468185106914
-1 0.0 0 0 0.01604920753144792
-1 0.0 0 0 -0.06268394635669117
-1 0.0 0 0 0.01943587842755593
5 1.1711188554763794 25 28 -0.0019480549428341396
2 0.5074802041053772 26 27 -0.018410596709618834
-1 0.0 0 0 -0.001974996577957184
-1 0.0 0 0 0.02767690641264762
-1 0.0 0 0 0.00023844254676821326
nodes 29
3 0.8175774812698364 1 4 0.0
1 0.4736008048057556 2 3 -0.0019584892258521095
-1 0.0 0 0 -0.00018251356742161656
-1 0.0 0 0 -0.03787934005570909
8 74.5 5 28 0.0041320981584863905
3 0.8670834898948669 6 27 0.004445492056983778
6 0.9230248928070068 7 26 0.016388008428092595
4 0.9186004996299744 8 11 0.0941445059247031
7 0.006000000052154064 9 10 0.3425275783261491
-1 0.0 0 0 -0.008391520074967828
-1 0.0 0 0 0.061390025591985746
4 0.9599820375442505 12 21 0.068188655107716
5 1.1541392803192139 13 20 -0.0054662223653366565
3 0.8457861542701721 14 15 0.02994746065920174
-1 0.0 0 0 0.01029908327118186
5 1.1104233264923096 16 19 -0.11548123504916155
1 0.40455102920532227 17 18 0.05055971066596814
-1 0.0 0 0 -0.018671944705633128
-1 0.0 0 0 0.03643805321696545
-1 0.0 0 0 -0.042201836560017025
-1 0.0 0 0 -0.05653396873247057
4 0.9744130373001099 22 23 0.14557011864339334
-1 0.0 0 0 0.04188962423097377
5 1.1490741968154907 24 25 0.014325416089950482
-1 0.0 0 0 -0.05760124023508979
-1 0.0 0 0 0.011120136578280766
-1 0.0 0 0 0.001167117346636118
-1 0.0 0 0 -0.0003997583381833179
-1 0.0 0 0 -0.03430543079458434
nodes 29
5 1.058840274810791 1 28 0.0
3 0.9838027358055115 2 17 0.01625852738823514
4 1.001387357711792 3 8 0.023237707707611115
3 0.9526216387748718 4 5 0.01207606108497217
-1 0.0 0 0 0.0020665116402661388
8 44.5 6 7 -0.23075995744242297
-1 0.0 0 0 0.0009967522265819403
-1 0.0 0 0 -0.04778223708271981
4 1.0090845823287964 9 12 0.10185755610582418
8 38.5 10 11 0.22976065929979086
-1 0.0 0 0 -0.012845022617666811
-1 0.0 0 0 0.03462870919246631
6 1.0144222974777222 13 16 0.034860692528032124
6 1.0070888996124268 14 15 -0.11170206043869257
-1 0.0 0 0 0.00146844478977191
-1 0.0 0 0 -0.05348221100866795
-1 0.0 0 0 0.01680995588614182
2 0.46434226632118225 18 27 -0.08818571762382162
4 1.0280568599700928 19 20 -0.17651002130217172
-1 0.0 0 0 -0.06655928436666728
7 0.23199999332427979 21 26 -0.08917380302279655
6 1.0302042961120605 22 25 0.01414836856091152
6 1.0100456476211548 23 24 -0.09912065319007352
-1 0.0 0 0 0.010865683876909317
-1 0.0 0 0 -0.046047281311905906
-1 0.0 0 0 0.02602155537440859
-1 0.0 0 0 -0.05644557923078537
-1 0.0 0 0 0.02032844845147338
-1 0.0 0 0 -4.590651217762585e-05
nodes 29
2 0.29110369086265564 1 4 0.0
1 0.27275803685188293 2 3 -0.005333490297137871
-1 0.0 0 0 -0.0004942599389765595
-1 0.0 0 0 -0.03881720449775458
6 1.0657293796539307 5 6 0.0013008641931357263
-1 0.0 0 0 -0.00011996319835987555
7 0.15199999511241913 7 8 0.01547144851399939
-1 0.0 0 0 0.007513505855529472
1 0.29911091923713684 9 12 0.003500705286556387
1 0.2959863245487213 10 11 0.013053568965148598
-1 0.0 0 0 0.0008898957072978621
-1 0.0 0 0 0.021172382351501692
6 1.1129523515701294 13 28 -0.055376823277434546
5 1.2495155334472656 14 15 -0.026979602734586328
-1 0.0 0 0 -0.00614755907978739
8 53.5 16 25 0.14883328328844933
2 0.4076039791107178 17 24 0.01885513629737898
3 0.63385009765625 18 19 -0.11207298577033184
-1 0.0 0 0 -0.0668159299408612
0 0.4384096562862396 20 23 0.03326775529421866
3 0.7752565741539001 21 22 -0.13912295358283305
-1 0.0 0 0 -0.04142573880116371
-1 0.0 0 0 0.03872211818461833
-1 0.0 0 0 0.05832762074257646
-1 0.0 0 0 0.0503289187947909
6 1.080673635005951 26 27 0.4265138700420996
-1 0.0 0 0 0.010826716480172568
-1 0.0 0 0 0.08325527698315424
-1 0.0 0 0 -0.031135748274225213
nodes 29
6 1.02641761302948 1 16 0.0
8 32.5 2 15 0.002699321851718297
1 0.4297558665275574 3 14 -0.07512849099478122
2 0.3915768265724182 4 11 -0.054437704742281136
8 24.5 5 6 -0.1198080093265403
-1 0.0 0 0 0.0362642427533865
3 0.6604278683662415 7 8 -0.1480214851663301
-1 0.0 0 0 0.023861235214604273
5 1.1353238821029663 9 10 -0.18116152836453348
-1 0.0 0 0 0.0011623286404646932
-1 0.0 0 0 -0.0270828884071129
1 0.35576730966567993 12 13 0.10764483128170393
-1 0.0 0 0 0.0523954338937377
-1 0.0 0 0 0.0025747878955997773
-1 0.0 0 0 -0.05756484631981168
-1 0.0 0 0 0.00035415556138809767
7 0.024000000208616257 17 28 -0.002636571854986744
7 0.019999999552965164 18 25 -0.07402492766665997
4 1.0131711959838867 19 24 -0.007764209991427483
8 46.5 20 23 0.0304522280071933
2 0.3355397880077362 21 22 0.16736978070864494
-1 0.0 0 0 0.0003625702112913132
-1 0.0 0 0 0.030064984468191502
-1 0.0 0 0 -0.005708522371996431
-1 0.0 0 0 -0.025040826077632135
0 0.4720466732978821 26 27 -0.24833579291457267
-1 0.0 0 0 -0.015656035594292916
-1 0.0 0 0 -0.0829580227068315
-1 0.0 0 0 -0.0001723297127491515
nodes 29
4 0.9562510848045349 1 2 0.0
-1 0.0 0 0 -0.00016793647967204103
0 0.5240588784217834 3 24 0.004187001952080771
0 0.5196250677108765 4 21 0.004639143579911676
2 0.4981071352958679 5 16 0.00420484646160279
1 0.4249078333377838 6 9 0.005235424080400461
2 0.4762478172779083 7 8 0.0014148496049592432
-1 0.0 0 0 0.00026499840213449255
-1 0.0 0 0 -0.021029386576579736
8 55.5 10 13 0.04178802187393556
7 0.0 11 12 0.027084329455696377
-1 0.0 0 0 0.04135980408552081
-1 0.0 0 0 0.002013903501767757
4 0.9624472260475159 14 15 0.1968451419208215
-1 0.0 0 0 0.06416024597982566
-1 0.0 0 0 0.013046345268538343
7 0.24799999594688416 17 20 -0.08461707717929867
6 0.9261155128479004 18 19 -0.12776284294463816
-1 0.0 0 0 -0.053159489734646154
-1 0.0 0 0 -0.007746874093122426
-1 0.0 0 0 0.05776704273186624
3 0.8953357934951782 22 23 0.28604393546596507
-1 0.0 0 0 -0.00044991164933890106
-1 0.0 0 0 0.052816314543209356
5 1.1239019632339478 25 28 -0.17266850546002388
7 0.05400000140070915 26 27 -0.3511922951930991
-1 0.0 0 0 0.0023088866775786434
-1 0.0 0 0 -0.07554159501194954
-1 0.0 0 0 0.0269390402450448
nodes 29
7 0.00800000037997961 1 28 0.0
5 1.089412808418274 2 5 -0.009165993693032516
5 1.039731740951538 3 4 0.04096119854837839
-1 0.0 0 0 -0.025768207522427162
-1 0.0 0 0 0.00499577997421173
5 1.095660924911499 6 25 -0.019978043465718378
6 0.9977539777755737 7 24 -0.15409704946666392
3 0.8457861542701721 8 13 -0.08985030764574552
6 0.9840978980064392 9 12 0.11273668863291501
4 0.8747338056564331 10 11 -0.003495790163111506
-1 0.0 0 0 -0.01546144269971696
-1 0.0 0 0 0.02390893900178765
-1 0.0 0 0 0.061304170605929
8 45.5 14 17 -0.2770898042063257
6 0.9643319249153137 15 16 0.04414471154185859
-1 0.0 0 0 0.03616644252712528
-1 0.0 0 0 -0.03368789449334145
1 0.40679919719696045 18 21 -0.4377070620804178
1 0.38414761424064636 19 20 -0.7660670950121823
-1 0.0 0 0 -0.043035793192684656
-1 0.0 0 0 -0.10712572432715783
2 0.4628106951713562 22 23 -0.13790007549054598
-1 0.0 0 0 0.03353115044999868
-1 0.0 0 0 -0.050190898317557124
-1 0.0 0 0 -0.05951422500751309
1 0.41403928399086 26 27 -0.013692227594197172
-1 0.0 0 0 -0.00212737324841766
-1 0.0 0 0 0.005653381108918251
-1 0.0 0 0 7.864415093677022e-05
nodes 29
0 0.4690226912498474 1 28 0.0
0 0.46167799830436707 2 3 0.001420575203654185
-1 0.0 0 0 -1.5948786655675645e-05
6 1.0020830631256104 4 5 0.030972308228609347
-1 0.0 0 0 -0.0011111311313478864
6 1.0396876335144043 6 19 0.06567318018234611
3 0.8914174437522888 7 18 0.1213597131972808
5 1.0920770168304443 8 9 0.14867453017585172
-1 0.0 0 0 0.02975048112513667
6 1.0302042961120605 10 11 0.11804210226218025
-1 0.0 0 0 0.007969397981791198
0 0.46312034130096436 12 15 0.25208133398326743
4 0.8587902784347534 13 14 0.6961856159131702
-1 0.0 0 0 0.10666517950594426
-1 0.0 0 0 0.030719612780958416
7 0.14399999380111694 16 17 0.14683118624265462
-1 0.0 0 0 0.032594729453763543
-1 0.0 0 0 -0.002617869108772456
-1 0.0 0 0 -0.003245187755583704
3 0.668027937412262 20 25 -0.03147599491139691
3 0.5858270525932312 21 22 0.03246271006466277
-1 0.0 0 0 -0.001987962308042544
7 0.18799999356269836 23 24 0.2914195161508886
-1 0.0 0 0 -0.01939014938854894
-1 0.0 0 0 0.0692742659065586
5 1.0789366960525513 26 27 -0.19718869358788185
-1 0.0 0 0 0.015328912743750742
-1 0.0 0 0 -0.026195089964692116
-1 0.0 0 0 -0.00048250840030625525
nodes 29
1 0.3735591173171997 1 2 0.0
-1 0.0 0 0 0.00014572611629626753
0 0.425388902425766 3 24 -0.004634713073961311
8 48.5 4 5 -0.04016478696157935
-1 0.0 0 0 -0.0010231446174336766
0 0.420789897441864 6 19 -0.13751102968983883
5 1.0809162855148315 7 16 -0.08317575571897949
1 0.3873961269855499 8 11 -0.2153686102180857
6 1.0148879289627075 9 10 -0.04474581495940107
-1 0.0 0 0 -0.016283508817861347
-1 0.0 0 0 0.028765362076875235
1 0.39569732546806335 12 13 -0.40849111474165184
-1 0.0 0 0 -0.07020349979400635
3 0.9689882397651672 14 15 -0.17826061811544658
-1 0.0 0 0 0.012826911497999123
-1 0.0 0 0 -0.05231065678478141
5 1.1541392803192139 17 18 0.024578083662644905
-1 0.0 0 0 0.008807320736259932
-1 0.0 0 0 -0.04516353440870132
0 0.42460739612579346 20 23 -0.2815161729745704
7 0.07000000029802322 21 22 -0.36390892265520935
-1 0.0 0 0 -0.050129043548760646
-1 0.0 0 0 -0.012635339004918934
-1 0.0 0 0 0.005577914603054524
7 0.4699999988079071 25 26 -0.00043242767656644283
-1 0.0 0 0 -0.0001538053048132974
8 48.5 27 28 0.17365033453097567
-1 0.0 0 0 0.027178510378900112
-1 0.0 0 0 -0.012967531590292118
nodes 29
6 1.02641761302948 1 4 0.0
2 0.21842606365680695 2 3 0.0026434000831658208
-1 0.0 0 0 -0.009118159380977292
-1 0.0 0 0 0.0003228062815443735
7 0.024000000208616257 5 26 -0.002581950220119582
7 0.019999999552965164 6 23 -0.06667397756031852
4 0.9859434068202972 7 20 -0.006906431882398818
4 0.9665632247924805 8 19 0.03929473111365255
8 41.5 9 10 -0.0015535715453393027
-1 0.0 0 0 0.02166627466126725
2 0.38007909059524536 11 14 -0.04319202094651469
1 0.30418661236763 12 13 -0.12186532233541132
-1 0.0 0 0 -0.0014053133988220778
-1 0.0 0 0 -0.04299001461845272
0 0.48910292983055115 15 18 0.11499153184605405
4 0.9262117147445679 16 17 0.2738389020725604
-1 0.0 0 0 0.04562832204004129
-1 0.0 0 0 -0.01092941664159298
-1 0.0 0 0 -0.0192775247967802
-1 0.0 0 0 0.05139801792543511
2 0.4202040731906891 21 22 -0.18123246957884007
-1 0.0 0 0 -0.006528938975294724
-1 0.0 0 0 -0.04530990015843819
0 0.4720466732978821 24 25 -0.22390337329257323
-1 0.0 0 0 -0.014142118402493284
-1 0.0 0 0 -0.0746290571987629
7 0.052000001072883606 27 28 -0.0017620177796225324
-1 0.0 0 0 0.0031635734983307415
-1 0.0 0 0 -0.00033799941734186816
nodes 29
0 0.37456175684928894 1 28 0.0
8 51.5 2 15 0.0038356469804076694
7 0.03999999910593033 3 14 -0.0010847953094314953
3 0.8052064180374146 4 9 -0.03685525426122034
6 1.0696371793746948 5 8 -0.0919079013717881
6 0.8781028389930725 6 7 -0.11003820532725533
-1 0.0 0 0 0.007152947681871327
-1 0.0 0 0 -0.01306708964802063
-1 0.0 0 0 0.010353677526814863
6 0.9880099892616272 10 13 0.0018854974091791976
1 0.2938568592071533 11 12 0.05089839749938763
-1 0.0 0 0 -0.004800175795204117
-1 0.0 0 0 0.01216202963696831
-1 0.0 0 0 -0.005806255170513949
-1 0.0 0 0 0.00030019470264456747
2 0.3736247718334198 16 27 0.04230166786064273
4 0.7649762630462646 17 18 0.038532894079527834
-1 0.0 0 0 -0.001585006090397102
1 0.24119332432746887 19 22 0.05773915841151207
2 0.3380363881587982 20 21 0.11807067910360183
-1 0.0 0 0 0.010594280551742004
-1 0.0 0 0 0.05778752776753643
4 1.007016897201538 23 26 0.026162134423546972
4 0.9637236595153809 24 25 0.03651655168561898
-1 0.0 0 0 0.0014819750062170251
-1 0.0 0 0 0.020705807842476977
-1 0.0 0 0 -0.02490649566715283
-1 0.0 0 0 0.044487523084337066
-1 0.0 0 0 -0.00017534753068814053
nodes 29
8 110.5 1 28 0.0
6 0.9751198887825012 2 3 -4.950081483054101e-05
-1 0.0 0 0 -0.0005691178997771925
6 0.988989531993866 4 27 0.0011256840047830074
1 0.38414761424064636 5 10 0.0300733656875715
2 0.42816007137298584 6 9 0.05078368519366101
1 0.3819916248321533 7 8 0.04240375062263138
-1 0.0 0 0 0.0037703606680947518
-1 0.0 0 0 0.04039532845983139
-1 0.0 0 0 0.020995006745215507
8 72.5 11 26 -0.00481463436507745
0 0.5266554355621338 12 23 -0.013865012571751253
1 0.38528621196746826 13 14 0.003543277088459038
-1 0.0 0 0 -0.03734561895184657
7 0.01600000075995922 15 16 0.011168489381519979
-1 0.0 0 0 0.008032942211071958
4 1.007016897201538 17 20 -0.03254390596479937
8 49.5 18 19 -0.06289694197004551
-1 0.0 0 0 -0.017340797707812952
-1 0.0 0 0 -0.0011337144187154769
8 45.5 21 22 0.17575669990326384
-1 0.0 0 0 -0.0019432976389569896
-1 0.0 0 0 0.03997448530261878
0 0.537302553653717 24 25 -0.25857990410667464
-1 0.0 0 0 -0.050557994228772454
-1 0.0 0 0 -0.0011579865925624724
-1 0.0 0 0 0.026333931346814478
-1 0.0 0 0 -7.75275409103737e-05
-1 0.0 0 0 0.013373639195452673
nodes 29
1 0.30726686120033264 1 2 0.0
-1 0.0 0 0 0.0002483442248931893
6 1.0869578123092651 3 12 -0.002582842573647095
3 0.5373275279998779 4 7 -0.0014348071703328981
8 64.5 5 6 -0.16923043913132435
-1 0.0 0 0 -0.0622594779667755
-1 0.0 0 0 -0.010164817718800552
3 0.5451322793960571 8 11 -0.000793147905526924
8 72.5 9 10 0.31416270149461295
-1 0.0 0 0 0.07850097548858874
-1 0.0 0 0 -0.014098945011695228
-1 0.0 0 0 -0.0001177725299815056
4 0.9889102578163147 13 22 -0.12484609540511053
0 0.5177079439163208 14 21 -0.19430283698929499
2 0.40514370799064636 15 20 -0.2406327135591622
2 0.3915768265724182 16 17 -0.19554607727683632
-1 0.0 0 0 -0.02585016667842865
7 0.25200000405311584 18 19 0.1323476180744668
-1 0.0 0 0 0.05321065865457058
-1 0.0 0 0 -0.015319450226213253
-1 0.0 0 0 -0.06358038197983715
-1 0.0 0 0 0.027180380001664162
4 1.0466822385787964 23 26 0.1537441318281568
5 1.1281856298446655 24 25 0.5443432002211921
-1 0.0 0 0 0.006925372346101896
-1 0.0 0 0 0.09814255188405514
4 1.094213604927063 27 28 -0.28227343288965
-1 0.0 0 0 -0.060983633554794574
-1 0.0 0 0 0.006088770322856449
nodes 29
0 0.4964250326156616 1 2 0.0
-1 0.0 0 0 -8.758826936962185e-05
8 70.5 3 8 0.0073965258986521745
4 0.894889771938324 4 7 0.019286507954736652
3 0.8175774812698364 5 6 0.03609182567716661
-1 0.0 0 0 0.0027659049044025316
-1 0.0 0 0 0.021097155061683484
-1 0.0 0 0 -0.0012064646684778165
3 0.7657347917556763 9 26 -0.015917946745996694
1 0.36004042625427246 10 13 -0.023793074356674396
4 0.8015424013137817 11 12 -0.00352174699120985
-1 0.0 0 0 -0.0009620943586469684
-1 0.0 0 0 0.04018620639216415
3 0.6309710144996643 14 17 -0.1250101495498115
4 0.7245029211044312 15 16 -0.35373279175255445
-1 0.0 0 0 -0.010623266114650863
-1 0.0 0 0 -0.06885859096313224
6 0.9725555181503296 18 25 -0.0884875719525671
6 0.9261155128479004 19 24 -0.19862386857697722
3 0.6892478466033936 20 21 0.0968839675465244
-1 0.0 0 0 -0.021058796644210814
6 0.8915331959724426 22 23 0.3165067775384048
-1 0.0 0 0 0.07126417294144631
-1 0.0 0 0 0.004331025900319219
-1 0.0 0 0 -0.03838675867439484
-1 0.0 0 0 -0.00036475978743995773
1 0.44041895866394043 27 28 0.2757968866622987
-1 0.0 0 0 0.043297623275820894
-1 0.0 0 0 -0.011424074994607104
nodes 29
8 82.5 1 2 0.0
-1 0.0 0 0 -4.350312986803288e-05
0 0.47525113821029663 3 22 0.01536131367623809
2 0.3865007758140564 4 21 0.06758533948009249
1 0.23870933055877686 5 6 0.07811020516848209
-1 0.0 0 0 0.0016154267981635805
5 1.1698124408721924 7 16 0.1367494433624565
5 1.1121031045913696 8 9 0.04532494370866081
-1 0.0 0 0 0.022007745167670345
4 0.6931558847427368 10 13 -0.04435068538020316
0 0.45815759897232056 11 12 0.12359075234612314
-1 0.0 0 0 -0.0021386745108062763
-1 0.0 0 0 0.045413944654166705
0 0.4419816732406616 14 15 -0.24108208385961397
-1 0.0 0 0 -0.0036983628446857135
-1 0.0 0 0 -0.045718633076723886
2 0.34705013036727905 17 18 0.22547364133871398
-1 0.0 0 0 0.015965596000447738
2 0.36167922616004944 19 20 0.4112493547821237
-1 0.0 0 0 0.0619527201820165
-1 0.0 0 0 0.003256236016750336
-1 0.0 0 0 -0.04107698060572148
2 0.44231709837913513 23 28 -0.011222861650765057
0 0.47918701171875 24 27 -0.015916637104355355
2 0.34378039836883545 25 26 -0.21123039317627748
-1 0.0 0 0 -0.008891438331025152
-1 0.0 0 0 -0.04877709372212058
-1 0.0 0 0 -0.0007434568948365684
-1 0.0 0 0 0.0356524241278353
nodes 29
6 1.0771117210388184 1 4 0.0
7 0.6480000019073486 2 3 -0.0013346460647945784
-1 0.0 0 0 -6.218682110487168e-05
-1 0.0 0 0 -0.01410818720702082
1 0.3578837513923645 5 26 0.004967989294051726
2 0.3915768265724182 6 13 0.0061139105558012065
2 0.36406171321868896 7 8 0.003281631103222859
-1 0.0 0 0 0.0007232623446644191
7 0.12800000607967377 9 10 -0.08539768015435657
-1 0.0 0 0 0.0165353096521425
5 1.1046846508979797 11 12 -0.12011701846331095
-1 0.0 0 0 0.05327292418196088
-1 0.0 0 0 -0.013817995847113877
6 1.1284337043762207 14 25 0.2159545722043016
2 0.3931913375854492 15 16 0.2682173751418304
-1 0.0 0 0 0.06936972264585824
3 0.6445357799530029 17 22 0.2138609183656815
7 0.2759999930858612 18 19 0.3238700636827587
-1 0.0 0 0 0.05784050424745868
0 0.5010856986045837 20 21 0.15507318301028328
-1 0.0 0 0 0.03575398528482765
-1 0.0 0 0 -0.026292252246170274
4 0.9363206028938293 23 24 -0.03804408105603163
-1 0.0 0 0 -0.038654957006911975
-1 0.0 0 0 0.03649153906153515
-1 0.0 0 0 -0.03192165298759938
0 0.423847496509552 27 28 -0.3131759399548173
-1 0.0 0 0 -0.0787467447295785
-1 0.0 0 0 -0.014378611590447172
nodes 29
4 0.9443618059158325 1 28 0.0
4 0.9351776838302612 2 3 -0.001798552915082384
-1 0.0 0 0 -2.4336674100123095e-05
2 0.48786455392837524 4 23 -0.03368259614104836
6 0.9562504291534424 5 6 -0.025273530268352842
-1 0.0 0 0 0.010105150249264045
7 0.04399999976158142 7 16 -0.04315689333993924
4 0.9420760869979858 8 13 -0.1428960478124253
6 0.9807871580123901 9 10 -0.07483096079146169
-1 0.0 0 0 0.011849735014112597
6 0.9860649704933167 11 12 -0.1525127292326525
-1 0.0 0 0 -0.0608548884329043
-1 0.0 0 0 -0.00933681084351684
5 1.065272331237793 14 15 -0.328673697093173
-1 0.0 0 0 -0.09378391590255958
-1 0.0 0 0 -0.02186854886887078
6 1.02739679813385 17 22 -0.011883587733828384
8 57.5 18 21 0.04587218985583751
7 0.057999998331069946 19 20 0.07695740310632963
-1 0.0 0 0 0.027804298637081584
-1 0.0 0 0 0.004300408773707142
-1 0.0 0 0 -0.018104986687275497
-1 0.0 0 0 -0.005943185188113674
8 57.5 24 27 -0.2765043840078371
0 0.5196250677108765 25 26 -0.4551695047591168
-1 0.0 0 0 -0.07469661072310474
-1 0.0 0 0 -0.020505813121174776
-1 0.0 0 0 0.023963929816252658
-1 0.0 0 0 0.00037271253268435613
nodes 29
5 2.081598997116089 1 2 0.0
-1 0.0 0 0 5.672340089968222e-05
1 0.1818045973777771 3 12 -0.011488746748908119
4 0.8984204530715942 4 5 -0.0007354810167132484
-1 0.0 0 0 -0.0016381669083393375
1 0.14299017190933228 6 7 0.042034375636149375
-1 0.0 0 0 -0.0007858974293361229
6 1.0528929233551025 8 9 0.22564998327147381
-1 0.0 0 0 0.052195342750968154
8 28.5 10 11 0.09890746955108436
-1 0.0 0 0 0.04983662461163477
-1 0.0 0 0 -0.002123050836328053
7 0.4480000138282776 13 26 -0.1307974739986589
5 2.3535637855529785 14 25 -0.08701671785154462
6 1.0613887310028076 15 24 -0.1570993974440597
3 0.42763441801071167 16 23 -0.21773120918747993
2 0.42279863357543945 17 22 -0.15875538623404836
0 0.4412853419780731 18 19 -0.22462930531411834
-1 0.0 0 0 0.010676175160983275
6 1.0175060033798218 20 21 -0.3377230787088001
-1 0.0 0 0 -0.01943086565605232
-1 0.0 0 0 -0.05169911063941462
-1 0.0 0 0 0.023884076821351692
-1 0.0 0 0 -0.061836007545734276
-1 0.0 0 0 0.014740703486733966
-1 0.0 0 0 0.022952338497464857
6 1.0716638565063477 27 28 -0.38064972028650085
-1 0.0 0 0 -0.07562930942154848
-1 0.0 0 0 -0.0075439478969201446
nodes 29
8 29.5 1 28 0.0
5 1.0857629776000977 2 3 -0.01291281107499217
-1 0.0 0 0 0.02826329184145751
4 1.005028247833252 4 7 -0.018044623268181185
2 0.23660153150558472 5 6 -0.0601260586895046
-1 0.0 0 0 7.929442199718413e-05
-1 0.0 0 0 -0.01110480970189644
0 0.29497313499450684 8 9 -0.0014712966666038639
-1 0.0 0 0 -0.0016754793710752728
7 0.7480000257492065 10 27 0.08017101196225646
4 1.0308277606964111 11 16 0.02342775157283074
5 1.2495155334472656 12 15 0.24784089498317394
5 1.1335393190383911 13 14 0.06831952965164438
-1 0.0 0 0 0.05370617241598666
-1 0.0 0 0 -0.02788969107248165
-1 0.0 0 0 0.05200184488729123
0 0.2974700331687927 17 18 -0.03127295213344041
-1 0.0 0 0 0.031299018163233994
1 0.2758457064628601 19 20 -0.06044779397799807
-1 0.0 0 0 -0.021653893736021765
5 1.2864623069763184 21 26 0.005909793546810242
1 0.3863197863101959 22 25 -0.05967806450982782
1 0.3578837513923645 23 24 -0.11422429212702895
-1 0.0 0 0 -0.003120162476041763
-1 0.0 0 0 -0.06912318303249776
-1 0.0 0 0 0.02500665851735643
-1 0.0 0 0 0.06191562663763761
-1 0.0 0 0 0.07859153130557389
-1 0.0 0 0 5.194246476483961e-05
nodes 29
7 0.0 1 28 0.0
8 81.5 2 25 -0.01886563122547185
0 0.37356624007225037 3 6 -0.028490286134007326
0 0.33725064992904663 4 5 0.09140299758515678
-1 0.0 0 0 -0.012124906342116095
-1 0.0 0 0 0.026337379474678763
4 1.001387357711792 7 22 -0.044994457552661286
4 0.9716628193855286 8 19 -0.02775591588445115
6 0.9944839477539062 9 18 -0.046083128052076046
6 0.9870089888572693 10 15 -0.0660882482693895
5 1.7937471866607666 11 14 -0.04997485396404951
2 0.4762478172779083 12 13 -0.03747086509997927
-1 0.0 0 0 -0.002133490948815615
-1 0.0 0 0 -0.03018316045403481
-1 0.0 0 0 -0.03760163635946811
3 0.7657347917556763 16 17 -0.3265480398019748
-1 0.0 0 0 0.012037718367008936
-1 0.0 0 0 -0.053057912008269974
-1 0.0 0 0 0.0161177126451622
0 0.416170597076416 20 21 0.15139613483938597
-1 0.0 0 0 -0.027824883659680683
-1 0.0 0 0 0.028159158072914137
1 0.4234384000301361 23 24 -0.2430239858073067
-1 0.0 0 0 -0.03776722407998497
-1 0.0 0 0 0.018413599554834695
1 0.263717383146286 26 27 0.1804690891091364
-1 0.0 0 0 -0.010964165143668651
-1 0.0 0 0 0.03920081707571323
-1 0.0 0 0 3.461971070079734e-05
nodes 29
8 20.5 1 8 0.0
6 1.1151620149612427 2 3 -0.06245116317309753
-1 0.0 0 0 -0.02260703261999879
1 0.15193615853786469 4 5 -0.022483123349735002
-1 0.0 0 0 -0.009447518163021112
1 0.17367197573184967 6 7 0.10618353400260527
-1 0.0 0 0 0.037757753530916364
-1 0.0 0 0 -0.0113019313206538
6 1.0771117210388184 9 16 0.00010196169066523141
7 0.5680000185966492 10 11 -0.0012193374841855135
-1 0.0 0 0 -2.1254477145974966e-05
5 1.428338646888733 12 15 -0.0803654482524636
5 1.3124977350234985 13 14 -0.02286635829686195
-1 0.0 0 0 -0.00830258110691135
-1 0.0 0 0 0.020184689176419534
-1 0.0 0 0 -0.0187386875799884
1 0.3578837513923645 17 28 0.005056032180415306
2 0.3915768265724182 18 25 0.006100314814402656
2 0.36406171321868896 19 20 0.0035415803155623734
-1 0.0 0 0 0.000715289984413662
7 0.2540000081062317 21 22 -0.07708540794033737
-1 0.0 0 0 0.004203693012093322
6 1.1043978929519653 23 24 -0.13776271472112087
-1 0.0 0 0 -0.004190759537850783
-1 0.0 0 0 -0.028654653039639412
6 1.1284337043762207 26 27 0.1963210554170362
-1 0.0 0 0 0.02439018338918686
-1 0.0 0 0 -0.02851964227482677
-1 0.0 0 0 -0.028274001740991435
nodes 29
8 92.5 1 2 0.0
-1 0.0 0 0 -2.0756333438211316e-05
3 0.6125660538673401 3 28 0.03045172186197295
4 0.6840150356292725 4 27 0.040345820007554635
2 0.38326647877693176 5 26 0.027810772709208648
6 0.9870089888572693 6 15 0.037116553961555554
7 0.07599999755620956 7 14 0.0952726350873002
7 0.03999999910593033 8 13 0.07263739705886732
7 0.02199999988079071 9 10 0.12172417508738459
-1 0.0 0 0 0.004489607389831659
1 0.24252641201019287 11 12 0.36928139002993704
-1 0.0 0 0 0.009679157294332982
-1 0.0 0 0 0.0709893661388196
-1 0.0 0 0 -0.01393282353370027
-1 0.0 0 0 0.03255615785070088
2 0.334744930267334 16 25 -0.006713688998316521
3 0.46202316880226135 17 24 0.01915869582363865
0 0.5240588784217834 18 23 -0.0055407156350135095
2 0.2441573441028595 19 22 -0.08508693906784492
6 1.0268968343734741 20 21 0.019621204790275765
-1 0.0 0 0 0.01794598917835034
-1 0.0 0 0 -0.007932655382457942
-1 0.0 0 0 -0.01882775735946885
-1 0.0 0 0 0.008760315282907114
-1 0.0 0 0 0.019840585326642863
-1 0.0 0 0 -0.015050444310495202
-1 0.0 0 0 -0.025043208673596384
-1 0.0 0 0 0.02750930694129431
-1 0.0 0 0 -0.021728127401393765
nodes 29
4 0.62757807970047 1 12 0.0
2 0.34789222478866577 2 11 -0.009723791921332959
3 0.5492035746574402 3 10 -0.0038659073926875297
6 1.0976545810699463 4 7 -0.0059582634603742805
1 0.16257748007774353 5 6 -0.02491572701183747
-1 0.0 0 0 -0.008700870556371953
-1 0.0 0 0 -0.0011496909477898046
7 0.1080000028014183 8 9 0.014945664172294818
-1 0.0 0 0 0.016516077266796752
-1 0.0 0 0 0.0009951586975389748
-1 0.0 0 0 0.016997899103111457
-1 0.0 0 0 -0.009836006013626098
0 0.5076702833175659 13 14 0.0006510193347499988
-1 0.0 0 0 -4.671538747158234e-05
5 1.3879892826080322 15 20 0.019321513809797807
6 0.9596744179725647 16 19 0.004919358583237797
7 0.04399999976158142 17 18 -0.06202383595380081
-1 0.0 0 0 -0.00373043061014522
-1 0.0 0 0 -0.032345973319657474
-1 0.0 0 0 0.0025127550811680573
7 0.44200000166893005 21 26 0.11341696040380937
5 1.4207485914230347 22 25 0.14610594397242554
2 0.40514370799064636 23 24 0.4375747762456098
-1 0.0 0 0 0.010638766183007149
-1 0.0 0 0 0.07150558721072771
-1 0.0 0 0 0.01110884870915483
8 58.5 27 28 -0.1869426857194175
-1 0.0 0 0 0.006993331536650657
-1 0.0 0 0 -0.05412544113551748
nodes 29
6 1.2451318502426147 1 24 0.0
6 1.0771117210388184 2 11 0.00041858149937570437
7 0.6480000019073486 3 4 -0.0011178067291063856
-1 0.0 0 0 -5.1803034494175256e-05
1 0.30622774362564087 5 10 -0.11870996460842434
0 0.43622860312461853 6 9 -0.16220302751985646
3 0.31428927183151245 7 8 -0.1285520349905223
-1 0.0 0 0 0.04298496425151825
-1 0.0 0 0 -0.016469453838894983
-1 0.0 0 0 -0.06654383248903535
-1 0.0 0 0 0.01928423840020384
1 0.3578837513923645 12 23 0.006989264898099173
2 0.3915768265724182 13 14 0.008072672666075618
-1 0.0 0 0 0.0005506338840941547
1 0.16257748007774353 15 16 0.1731399949275461
-1 0.0 0 0 -0.03856824135238474
7 0.4480000138282776 17 20 0.22060753541376485
5 1.9506980180740356 18 19 0.3492238640865702
-1 0.0 0 0 0.026751815215255145
-1 0.0 0 0 0.08978193585006965
2 0.397416889667511 21 22 0.005805007114852827
-1 0.0 0 0 -0.04005669520369598
-1 0.0 0 0 0.017070957024892173
-1 0.0 0 0 -0.02546679664335802
7 0.7820000052452087 25 26 -0.014830287790248461
-1 0.0 0 0 -0.00021792408929208773
2 0.29485687613487244 27 28 -0.04817543126797282
-1 0.0 0 0 -0.004214087196360073
-1 0.0 0 0 -0.026994548570364714
nodes 29
3 0.8175774812698364 1 14 0.0
1 0.4736008048057556 2 13 -0.0017259039298845099
3 0.7839387655258179 3 4 -0.0016036879400997688
-1 0.0 0 0 7.674371085878383e-05
1 0.46372976899147034 5 12 -0.016356373007693017
0 0.5420362949371338 6 9 -0.017562305242806532
2 0.45287272334098816 7 8 -0.015915407500856012
-1 0.0 0 0 -0.0022742111637952035
-1 0.0 0 0 0.0031708007587268917
7 0.029999999329447746 10 11 -0.37467101561365823
-1 0.0 0 0 -0.07282403118553615
-1 0.0 0 0 -0.0037173051019305024
-1 0.0 0 0 0.04543089289218188
-1 0.0 0 0 -0.034708792172993226
8 74.5 15 28 0.003641379827712282
6 0.8602556586265564 16 27 0.003927600263273288
0 0.3390082120895386 17 18 0.1405454475163041
-1 0.0 0 0 -0.021266010651985804
0 0.4412853419780731 19 26 0.2067714888980845
7 0.019999999552965164 20 25 0.33924729379172297
4 1.007016897201538 21 22 0.17877444627857397
-1 0.0 0 0 -0.01647190537303686
2 0.41495728492736816 23 24 0.3385388648873845
-1 0.0 0 0 0.061640099138021466
-1 0.0 0 0 0.009691962445883648
-1 0.0 0 0 0.07604885185137392
-1 0.0 0 0 -0.00743357068518313
-1 0.0 0 0 0.00032781581121408204
-1 0.0 0 0 -0.03134415144229243
nodes 29
4 0.7677508592605591 1 28 0.0
8 74.5 2 25 -0.005100059084220792
5 1.1171244382858276 3 18 -0.013597306082996816
0 0.49321413040161133 4 15 -0.10232328858802728
0 0.46975430846214294 5 10 -0.07103169354563693
2 0.32588279247283936 6 7 -0.1168253322934899
-1 0.0 0 0 -0.004701043209970341
5 1.0866845846176147 8 9 -0.2103772985531638
-1 0.0 0 0 -0.0002377601524737353
-1 0.0 0 0 -0.030825950891948214
3 0.6552575826644897 11 12 0.2212149828270247
-1 0.0 0 0 -0.010758966816407022
2 0.37521424889564514 13 14 0.4575433257268742
-1 0.0 0 0 0.08765380956232549
-1 0.0 0 0 0.026709115759215574
6 0.9658477306365967 16 17 -0.26416262090917986
-1 0.0 0 0 0.01996824190331002
-1 0.0 0 0 -0.0347863981500268
3 0.6604278683662415 19 20 -0.006989399154446011
-1 0.0 0 0 -0.00043824859589667805
2 0.3840238153934479 21 24 -0.14630109510700137
7 0.2800000011920929 22 23 -0.046348077312577514
-1 0.0 0 0 -0.012742108060920146
-1 0.0 0 0 0.027794393587391827
-1 0.0 0 0 -0.06588806735399443
0 0.4653030037879944 26 27 0.016007174931928603
-1 0.0 0 0 0.005932966387139214
-1 0.0 0 0 -0.0004648023809348032
-1 0.0 0 0 0.0001243928987080645
nodes 29
6 0.8475961685180664 1 28 0.0
7 0.014000000432133675 2 27 -0.017818449106110638
8 48.5 3 8 -0.05450689060553931
5 1.3633208274841309 4 7 0.0903320412676877
5 1.2897300720214844 5 6 0.19655269789783394
-1 0.0 0 0 0.007129667659826352
-1 0.0 0 0 0.08165700033307076
-1 0.0 0 0 -0.025129655708332324
4 0.7621574401855469 9 10 -0.07644366086983388
-1 0.0 0 0 0.003356038315358167
2 0.42637157440185547 11 22 -0.12446495205439326
5 1.2133227586746216 12 15 -0.17632527246027235
4 0.8152338266372681 13 14 -0.4751353392299886
-1 0.0 0 0 0.0023456504479760216
-1 0.0 0 0 -0.06804378631104734
0 0.46975430846214294 16 21 -0.12240465890784237
0 0.46389925479888916 17 20 -0.07048747436173501
1 0.23073768615722656 18 19 -0.11519513276621544
-1 0.0 0 0 0.015286990802507013
-1 0.0 0 0 -0.016992507859443628
-1 0.0 0 0 0.054477506272849585
-1 0.0 0 0 -0.030323979609091296
5 1.1967012882232666 23 24 -0.025171411765088154
-1 0.0 0 0 0.04143391783702477
1 0.3819916248321533 25 26 -0.08390785007810538
-1 0.0 0 0 -0.0008042761800544602
-1 0.0 0 0 -0.040001238456794194
-1 0.0 0 0 0.0038326701369144085
-1 0.0 0 0 3.564090085145341e-05
nodes 29
5 1.058840274810791 1 28 0.0
4 0.8380159735679626 2 15 0.014548202324260124
3 0.7925444841384888 3 14 0.09788164788398952
5 1.039731740951538 4 5 0.062048962905652184
-1 0.0 0 0 -0.026736428963020444
8 69.5 6 13 0.10364154529654318
1 0.4152860641479492 7 12 0.016826046181136166
0 0.4800889790058136 8 11 0.07588981775963893
0 0.4268812835216522 9 10 -0.009400778838122884
-1 0.0 0 0 0.020487803391047887
-1 0.0 0 0 -0.013234763861191077
-1 0.0 0 0 0.03908089436590672
-1 0.0 0 0 -0.029646874219179154
-1 0.0 0 0 0.03411556466500152
-1 0.0 0 0 0.04175091978907586
3 0.8065974116325378 16 19 0.006274905887585628
5 1.0522598028182983 17 18 -0.32819275750080124
-1 0.0 0 0 -0.0592653648617367
-1 0.0 0 0 -0.01225009532990279
7 0.4480000138282776 20 27 0.012827741741725452
6 1.0315967798233032 21 24 0.01673085380451107
6 1.0287628173828125 22 23 0.0015542572987151105
-1 0.0 0 0 0.0011685526101148079
-1 0.0 0 0 -0.024466223583409663
2 0.2923676371574402 25 26 0.07727980625398334
-1 0.0 0 0 -0.023367525932068627
-1 0.0 0 0 0.011167114991201132
-1 0.0 0 0 -0.019577191405826144
-1 0.0 0 0 -4.1077345712645936e-05
nodes 29
4 1.080087661743164 1 18 0.0
4 1.0398484468460083 2 17 0.0005611475683690118
3 0.9526216387748718 3 4 -0.00037467105426980597
-1 0.0 0 0 3.097081894589992e-05
6 1.0482453107833862 5 14 -0.07679730122759662
4 0.9954479336738586 6 7 -0.11093634336204833
-1 0.0 0 0 -0.058240842837840326
5 1.0567561388015747 8 11 -0.09740773260117731
7 0.004000000189989805 9 10 -0.017970047727100213
-1 0.0 0 0 -0.052805830405226774
-1 0.0 0 0 0.0014392047085070537
4 1.015576720237732 12 13 -0.17845719658864148
-1 0.0 0 0 -0.07795064550541018
-1 0.0 0 0 -0.013552510669825147
0 0.317316472530365 15 16 0.1836036903724233
-1 0.0 0 0 -0.011473211443849973
-1 0.0 0 0 0.036058255763314034
-1 0.0 0 0 0.0024791398349433536
8 49.5 19 20 -0.010446062239764594
-1 0.0 0 0 -0.0006107975048719426
6 1.0 21 26 -0.17622773274062917
5 1.1046846508979797 22 23 0.005184834332842576
-1 0.0 0 0 -0.030518684129823337
6 0.9525459408760071 24 25 0.13163255403439203
-1 0.0 0 0 -0.009046324342489243
-1 0.0 0 0 0.03537283514936765
2 0.43841150403022766 27 28 -0.43154912343662644
-1 0.0 0 0 -0.023107163116219454
-1 0.0 0 0 -0.07231527485630729
nodes 29
6 1.02739679813385 1 2 0.0
-1 0.0 0 0 0.0002415034137356463
6 1.0287628173828125 3 26 -0.002434139985666376
7 0.18000000715255737 4 17 -0.05107349613412176
8 53.5 5 16 -0.0947395763135663
3 0.9083622694015503 6 15 -0.14933985403693725
3 0.8641759753227234 7 14 -0.20029541530643852
5 1.2625045776367188 8 13 -0.12615241144033176
5 1.195146083831787 9 12 -0.07451294176688973
3 0.8231558799743652 10 11 -0.18849147563843532
-1 0.0 0 0 -0.031538546967263124
-1 0.0 0 0 -0.0020442672728283985
-1 0.0 0 0 0.027556398369571463
-1 0.0 0 0 -0.04204973885789514
-1 0.0 0 0 -0.03989986656676047
-1 0.0 0 0 0.0027562471879821904
-1 0.0 0 0 0.00036654869597334375
3 0.8065974116325378 18 21 0.022233795647770335
4 0.9351776838302612 19 20 -0.0687367801978399
-1 0.0 0 0 -0.000790432981342416
-1 0.0 0 0 -0.05505297872424125
3 0.8204400539398193 22 23 0.11615249200689572
-1 0.0 0 0 0.05974903084337712
0 0.4843570291996002 24 25 0.06703638828986762
-1 0.0 0 0 0.012007311277690976
-1 0.0 0 0 -0.03524358871985566
1 0.42063575983047485 27 28 -0.001257841163395137
-1 0.0 0 0 -0.00025701827819985895
-1 0.0 0 0 0.0055338379729643955
nodes 29
1 0.3735591173171997 1 2 0.0
-1 0.0 0 0 0.00013728061818764968
3 0.7369211316108704 3 28 -0.004366110380590362
3 0.7277429103851318 4 25 0.04516685243583402
8 52.5 5 8 0.005813525543717103
7 0.02199999988079071 6 7 0.24089814091519435
-1 0.0 0 0 -0.017422852058101585
-1 0.0 0 0 0.03987632093714996
4 0.9017693400382996 9 24 -0.016906683831435527
6 1.0502443313598633 10 23 -0.003571095233647796
8 69.5 11 20 0.01143208119609328
8 61.5 12 17 0.0741901235019349
1 0.39363694190979004 13 14 -0.0321321687903762
-1 0.0 0 0 0.00989638947420038
6 0.9738700985908508 15 16 -0.28880446160114126
-1 0.0 0 0 -0.09293098947299379
-1 0.0 0 0 -0.0021130549248808356
6 0.8915331959724426 18 19 0.16668722608440986
-1 0.0 0 0 0.059908808140378245
-1 0.0 0 0 0.01090337787084935
1 0.3757883906364441 21 22 -0.09564661245568166
-1 0.0 0 0 -0.058719020157024786
-1 0.0 0 0 -0.005178579988853576
-1 0.0 0 0 -0.04672176442559689
-1 0.0 0 0 -0.05444625687599182
0 0.5091556310653687 26 27 0.17349793602537658
-1 0.0 0 0 0.005182464153774352
-1 0.0 0 0 0.040048509044768366
-1 0.0 0 0 -0.0007569394828350049
nodes 29
5 1.1353238821029663 1 6 0.0
2 0.32588279247283936 2 5 0.003393655441178921
2 0.22813083231449127 3 4 0.02785622486081866
-1 0.0 0 0 -0.0035510166417225264
-1 0.0 0 0 0.003987903809284841
-1 0.0 0 0 -7.000396705827366e-05
5 1.1711188554763794 7 16 -0.0017574562078048444
1 0.44288915395736694 8 11 -0.016234397905671206
1 0.437956839799881 9 10 -0.018114064250901556
-1 0.0 0 0 -0.001630852620218748
-1 0.0 0 0 -0.036655711425202235
6 0.9880099892616272 12 13 0.15739818237924658
-1 0.0 0 0 -0.005395199583941385
6 1.0249860286712646 14 15 0.2912532952510648
-1 0.0 0 0 0.04654063665338101
-1 0.0 0 0 -0.009437136258929968
2 0.32588279247283936 17 18 0.0020524698169078195
-1 0.0 0 0 -0.0006321550758398289
0 0.389507919549942 19 28 0.009562197182310349
0 0.3874298334121704 20 23 0.032381390021013756
3 0.6279513239860535 21 22 0.023061561141776467
-1 0.0 0 0 0.010385697006229827
-1 0.0 0 0 0.0005971906559540099
6 1.0580217838287354 24 27 0.23771116328169042
7 0.041999999433755875 25 26 0.35135962397707676
-1 0.0 0 0 0.001022063878675302
-1 0.0 0 0 0.05100289194144367
-1 0.0 0 0 -0.009274359166335601
-1 0.0 0 0 0.0003395417577449862
nodes 29
6 0.8095192909240723 1 28 0.0
7 0.006000000052154064 2 9 -0.022394128366133727
1 0.23073768615722656 3 4 -0.08063125297567754
-1 0.0 0 0 0.005442499841052679
8 48.5 5 6 -0.1280731089866955
-1 0.0 0 0 0.016840292811393737
8 64.5 7 8 -0.16070411935940665
-1 0.0 0 0 -0.02894429599354352
-1 0.0 0 0 -0.004429953895832697
0 0.47440817952156067 10 25 0.01729031226065542
2 0.430846631526947 11 24 -0.05452363466264199
2 0.4184110760688782 12 23 -0.0229832513428385
1 0.3289532959461212 13 22 -0.051531438746329664
1 0.29705676436424255 14 19 -0.03007869428661179
2 0.3592771887779236 15 18 -0.08272373363996545
7 0.03999999910593033 16 17 0.0026376778928286723
-1 0.0 0 0 0.0043756610971498995
-1 0.0 0 0 -0.036547467538288664
-1 0.0 0 0 -0.02787735689185805
8 59.5 20 21 0.18334714092968687
-1 0.0 0 0 0.04217435182547387
-1 0.0 0 0 -0.02839097586274147
-1 0.0 0 0 -0.04162280945615335
-1 0.0 0 0 0.03538528223832448
-1 0.0 0 0 -0.055216079370843045
5 1.358137607574463 26 27 0.14899767240743164
-1 0.0 0 0 0.03433099125389649
-1 0.0 0 0 0.0019018538805933016
-1 0.0 0 0 2.667181339244559e-05
nodes 29
5 1.063896656036377 1 28 0.0
8 29.5 2 3 0.011799959124392207
-1 0.0 0 0 0.0391202692619779
6 1.072611927986145 4 25 0.009659738576469514
7 0.1420000046491623 5 24 0.013925964600025825
7 0.014000000432133675 6 17 -0.0037963525374733664
0 0.5299081802368164 7 16 0.06549077909707167
0 0.45242106914520264 8 9 0.047474611239100725
-1 0.0 0 0 0.014634739524563371
6 0.9525459408760071 10 11 -0.03572321920542092
-1 0.0 0 0 0.02914843351134788
8 63.5 12 15 -0.08909750111559604
2 0.42637157440185547 13 14 -0.14608537420434387
-1 0.0 0 0 -0.05996342521905899
-1 0.0 0 0 -0.009022960105332834
-1 0.0 0 0 0.01515179630368948
-1 0.0 0 0 0.05386110132803088
3 0.7796235084533691 18 21 -0.023078656813931307
3 0.7609458565711975 19 20 0.12152325944477542
-1 0.0 0 0 -3.395001810875911e-05
-1 0.0 0 0 0.0337934711883808
3 0.8175774812698364 22 23 -0.034207198170361414
-1 0.0 0 0 -0.019808088982833573
-1 0.0 0 0 -0.001896711608304719
-1 0.0 0 0 0.0068051387034805955
0 0.29985877871513367 26 27 -0.20215561321646267
-1 0.0 0 0 0.007542996844758504
-1 0.0 0 0 -0.03698635688051582
-1 0.0 0 0 -4.8168608258337446e-05
end
