vecsearch-termination-model 1
kind gbdt
checkpoint 250
query_dim 0
bias 7.7813187078394295
trees 200
nodes 29
1 0.30721187591552734 1 20 0.0
1 0.22298870980739594 2 9 -1.3204781730260835
6 1.024709701538086 3 6 -1.9066226959429977
2 0.36376190185546875 4 5 -1.585966521492934
-1 0.0 0 0 -0.1665380630448552
-1 0.0 0 0 -0.055123202947582106
7 0.4659999907016754 7 8 -2.545587927540656
-1 0.0 0 0 -0.22890791597332538
-1 0.0 0 0 -0.2929204615656818
1 0.2696346342563629 10 15 -0.841797631063847
6 1.020297646522522 11 14 -1.1275163711924683
4 0.8073484301567078 12 13 -1.0188374426714144
-1 0.0 0 0 -0.13793541355444952
-1 0.0 0 0 -0.08435680747915468
-1 0.0 0 0 -0.18852044813799076
4 0.8159964084625244 16 17 -0.5363828131843384
-1 0.0 0 0 -0.09574391848500936
6 1.00456964969635 18 19 -0.3879013500552989
-1 0.0 0 0 -0.026460239286327944
-1 0.0 0 0 -0.0986536677034937
1 0.3545577824115753 21 24 0.9858727753712182
4 0.8361015319824219 22 23 0.30602495644504374
-1 0.0 0 0 -0.025843766570272715
-1 0.0 0 0 0.044071999292506756
1 0.38722363114356995 25 26 1.260419008641964
-1 0.0 0 0 0.09969538309631205
0 0.5420362949371338 27 28 1.3775156799609583
-1 0.0 0 0 0.14079087310922497
-1 0.0 0 0 0.035237638337759884
nodes 29
1 0.31079867482185364 1 18 0.0
1 0.23935291171073914 2 11 -1.1604275623306033
6 1.0321584939956665 3 10 -1.6284696770400644
2 0.3656638264656067 4 9 -1.3822478062379755
4 0.7495713829994202 5 6 -1.4521041410314863
-1 0.0 0 0 -0.17493598891146608
6 1.0040414333343506 7 8 -1.3169582990027973
-1 0.0 0 0 -0.11541642768991674
-1 0.0 0 0 -0.16301239605201856
-1 0.0 0 0 -0.04449498461297585
-1 0.0 0 0 -0.23301815244773658
1 0.28301146626472473 12 17 -0.6393749040286637
6 1.0105072259902954 13 16 -0.8528375954351415
4 0.8132572174072266 14 15 -0.7493856881791681
-1 0.0 0 0 -0.1086826018986231
-1 0.0 0 0 -0.05820991251186494
-1 0.0 0 0 -0.13953357839731434
-1 0.0 0 0 -0.03385674461141452
1 0.3651483356952667 19 24 0.9088822607090513
4 0.863202691078186 20 21 0.394112762761
-1 0.0 0 0 -0.006522287496653892
1 0.33470290899276733 22 23 0.5373161116245176
-1 0.0 0 0 0.026823932144796777
-1 0.0 0 0 0.07173342171180463
0 0.5299081802368164 25 28 1.1772293572466714
1 0.39767488837242126 26 27 1.209833830076593
-1 0.0 0 0 0.1040894182862307
-1 0.0 0 0 0.1305883069660216
-1 0.0 0 0 0.05028537845139063
nodes 29
1 0.30721187591552734 1 14 0.0
1 0.2197413593530655 2 7 -1.0701265490165754
6 1.0393028259277344 3 6 -1.5693162371976699
2 0.33807018399238586 4 5 -1.3514996527737548
-1 0.0 0 0 -0.14484128990795414
-1 0.0 0 0 -0.07034778217443242
-1 0.0 0 0 -0.2184617578505567
6 1.0105072259902954 8 13 -0.6916999498328158
4 0.8184172511100769 9 10 -0.5876483509639442
-1 0.0 0 0 -0.0948973550965212
1 0.28301146626472473 11 12 -0.4120469126095374
-1 0.0 0 0 -0.05735193606655149
-1 0.0 0 0 -0.01248047929337155
-1 0.0 0 0 -0.12653634795194615
1 0.3534952402114868 15 20 0.7989595397785536
4 0.8044410943984985 16 17 0.23610846970359528
-1 0.0 0 0 -0.037826630821896856
1 0.3334908187389374 18 19 0.3259411259750132
-1 0.0 0 0 0.015437297789181046
-1 0.0 0 0 0.05313445338384089
4 0.8575617074966431 21 22 1.0187360966239292
-1 0.0 0 0 0.041202067139106804
2 0.5248068571090698 23 28 1.0579539206771444
2 0.4237402677536011 24 25 1.0757884741041057
-1 0.0 0 0 0.0835883172751658
6 0.869629442691803 26 27 1.1511597141982264
-1 0.0 0 0 0.0622497803227583
-1 0.0 0 0 0.11838385798384483
-1 0.0 0 0 0.01846138121646249
nodes 29
1 0.3167572617530823 1 18 0.0
1 0.24247992038726807 2 11 -0.904331011739277
6 1.0167213678359985 3 8 -1.3105426413062267
4 0.7447479367256165 4 5 -1.061431045114612
-1 0.0 0 0 -0.14054113914380326
2 0.3656638264656067 6 7 -0.9027548932014832
-1 0.0 0 0 -0.09786634467737254
-1 0.0 0 0 -0.015671733938733397
7 0.39800000190734863 9 10 -1.7817559096251647
-1 0.0 0 0 -0.15264621631590217
-1 0.0 0 0 -0.20769039574030673
1 0.2882193922996521 12 17 -0.4618468533448247
6 1.028324007987976 13 16 -0.6451634505027145
4 0.8044410943984985 14 15 -0.5946151634422555
-1 0.0 0 0 -0.08915353652913004
-1 0.0 0 0 -0.047562762441740444
-1 0.0 0 0 -0.14002129255720583
-1 0.0 0 0 -0.01988424094623135
1 0.367193341255188 19 24 0.7667354031020986
4 0.8287536799907684 20 21 0.37633935830112347
-1 0.0 0 0 -0.011466779255153924
1 0.3380841314792633 22 23 0.4597341525996399
-1 0.0 0 0 0.026127475997295813
-1 0.0 0 0 0.05889590767417163
0 0.5420362949371338 25 28 0.9619334255025862
6 0.9160948991775513 26 27 0.9820066321559873
-1 0.0 0 0 0.07218033443567982
-1 0.0 0 0 0.10267584444132237
-1 0.0 0 0 0.015434817542295372
nodes 29
1 0.3035811483860016 1 18 0.0
1 0.21255627274513245 2 9 -0.8894498022576145
6 1.0146758556365967 3 6 -1.3101640280447717
2 0.37698498368263245 4 5 -1.0517796213488089
-1 0.0 0 0 -0.11010904554825035
-1 0.0 0 0 -0.011548380374634813
7 0.585999995470047 7 8 -1.659554241255912
-1 0.0 0 0 -0.15370872038891606
-1 0.0 0 0 -0.22067791877810305
6 1.009075403213501 10 17 -0.6022926748614826
4 0.7447479367256165 11 12 -0.5056255328725622
-1 0.0 0 0 -0.09512653192936125
2 0.3609820604324341 13 16 -0.39800281604918547
1 0.2696346342563629 14 15 -0.48079765741003117
-1 0.0 0 0 -0.06303006251128658
-1 0.0 0 0 -0.028743671311852955
-1 0.0 0 0 -0.003342652252466853
-1 0.0 0 0 -0.10484115351403506
1 0.3501853942871094 19 22 0.6327726526582478
4 0.8685005307197571 20 21 0.14607295251716848
-1 0.0 0 0 -0.01714697387641277
-1 0.0 0 0 0.027640472905271104
4 0.8756661415100098 23 24 0.8175489200970562
-1 0.0 0 0 0.03890190819868787
2 0.5132841467857361 25 28 0.8612459626270118
2 0.42553332448005676 26 27 0.8834442887104891
-1 0.0 0 0 0.068135431280389
-1 0.0 0 0 0.0959137676482063
-1 0.0 0 0 0.03294519079531628
nodes 29
1 0.3167572617530823 1 18 0.0
1 0.24555599689483643 2 11 -0.7344083406292299
6 1.0341813564300537 3 8 -1.0535245343653992
2 0.34826910495758057 4 7 -0.8944592598837003
1 0.18258729577064514 5 6 -0.9623846457188789
-1 0.0 0 0 -0.11847320113437816
-1 0.0 0 0 -0.08263477012851934
-1 0.0 0 0 -0.038251052042635576
7 0.5020000040531158 9 10 -1.5645132532928818
-1 0.0 0 0 -0.13897071969455604
-1 0.0 0 0 -0.1890067138613223
4 0.8336666226387024 12 13 -0.3621136491032444
-1 0.0 0 0 -0.06239796200297575
6 1.0019903182983398 14 17 -0.24466801494694163
2 0.3502277135848999 15 16 -0.13277403097075982
-1 0.0 0 0 -0.02629794684500746
-1 0.0 0 0 0.00815072639498071
-1 0.0 0 0 -0.06355060671513922
1 0.37328964471817017 19 26 0.6226667757654789
4 0.8738812208175659 20 21 0.33398931085243955
-1 0.0 0 0 0.0026593800033047114
2 0.3833458423614502 22 23 0.43342202281530634
-1 0.0 0 0 0.02200153702086719
6 0.8724886775016785 24 25 0.5467088330365928
-1 0.0 0 0 0.010733404457236743
-1 0.0 0 0 0.061817004386686074
2 0.5132841467857361 27 28 0.7972171349799102
-1 0.0 0 0 0.0821984084967961
-1 0.0 0 0 0.028483592525927106
nodes 29
1 0.29976361989974976 1 16 0.0
6 1.024709701538086 2 13 -0.7401700835823023
1 0.24247992038726807 3 8 -0.5969844743283808
4 0.8336666226387024 4 5 -0.7927167755570049
-1 0.0 0 0 -0.0996804797526493
2 0.35324186086654663 6 7 -0.6105321108853524
-1 0.0 0 0 -0.06858400695811066
-1 0.0 0 0 0.002176906391735374
4 0.8407691121101379 9 10 -0.3816687366256372
-1 0.0 0 0 -0.059782227273827815
2 0.38523557782173157 11 12 -0.2620017612405428
-1 0.0 0 0 -0.03156007852082712
-1 0.0 0 0 0.04537166009564359
6 1.061484456062317 14 15 -1.3045568152378078
-1 0.0 0 0 -0.10989909844547381
-1 0.0 0 0 -0.15788011217536563
1 0.3446720838546753 17 20 0.5015801870853387
4 0.8044410943984985 18 19 0.06864603895487424
-1 0.0 0 0 -0.035194630669902575
-1 0.0 0 0 0.014142225707078149
3 0.7237483859062195 21 22 0.6510012342161429
-1 0.0 0 0 0.012818284870971135
2 0.4211920201778412 23 24 0.6808594659225862
-1 0.0 0 0 0.049339026482557814
2 0.5248068571090698 25 28 0.748868855228227
6 0.9060545563697815 26 27 0.7663338357135144
-1 0.0 0 0 0.050460589676832535
-1 0.0 0 0 0.08026901824201865
-1 0.0 0 0 0.005946173080898773
nodes 29
1 0.3223341107368469 1 18 0.0
1 0.25562116503715515 2 11 -0.5734426107163862
6 1.0146758556365967 3 8 -0.8261419675146688
4 0.7711651921272278 4 5 -0.6572522342434177
-1 0.0 0 0 -0.09129710590961408
2 0.3741876482963562 6 7 -0.5202246498437133
-1 0.0 0 0 -0.057006083045842273
-1 0.0 0 0 0.010360640283392963
7 0.39800000190734863 9 10 -1.1610766276393223
-1 0.0 0 0 -0.09769664885855968
-1 0.0 0 0 -0.1394561139700308
4 0.8685005307197571 12 13 -0.23328422090274156
-1 0.0 0 0 -0.04208617574774514
6 1.001052975654602 14 17 -0.11464428202371643
2 0.3732672333717346 15 16 -0.022521884546091685
-1 0.0 0 0 -0.0090383194309636
-1 0.0 0 0 0.027984556748676004
-1 0.0 0 0 -0.04379706171419359
1 0.37424159049987793 19 26 0.5260332128966152
4 0.7784885168075562 20 21 0.30817933740767095
-1 0.0 0 0 -0.03219893874155317
6 0.8724886775016785 22 23 0.34361107873940594
-1 0.0 0 0 -0.0005068383454521248
2 0.38428422808647156 24 25 0.3895849474923175
-1 0.0 0 0 0.020113007706180047
-1 0.0 0 0 0.048737568143460495
0 0.5299081802368164 27 28 0.6490543480578187
-1 0.0 0 0 0.0672211489709864
-1 0.0 0 0 0.020240199324752562
nodes 29
1 0.29600051045417786 1 16 0.0
1 0.1950557678937912 2 5 -0.6172584654855953
7 0.3580000102519989 3 4 -0.939762193244553
-1 0.0 0 0 -0.07860677597644193
-1 0.0 0 0 -0.1263663093258734
6 1.0040414333343506 6 13 -0.45110960890813057
4 0.7447479367256165 7 8 -0.3617403907340784
-1 0.0 0 0 -0.0672698017637038
2 0.38711297512054443 9 10 -0.2721938377011778
-1 0.0 0 0 -0.030895902700481565
6 0.7063673734664917 11 12 0.22025603316244935
-1 0.0 0 0 -0.05642143271860476
-1 0.0 0 0 0.05532556963307909
2 0.3723521828651428 14 15 -0.719189641975126
-1 0.0 0 0 -0.07616160394072215
-1 0.0 0 0 0.02119343782633094
1 0.3446720838546753 17 20 0.3982365095429048
4 0.8929303288459778 18 19 0.04944458838474544
-1 0.0 0 0 -0.013860159502104383
-1 0.0 0 0 0.016703375991054835
6 0.9160948991775513 21 24 0.5278813481545096
3 0.7260985374450684 22 23 0.27853226715440665
-1 0.0 0 0 -0.022559871310053
-1 0.0 0 0 0.0366974884352498
2 0.4281599521636963 25 26 0.5774637885773853
-1 0.0 0 0 0.0426400934753553
2 0.5132841467857361 27 28 0.6547372505256277
-1 0.0 0 0 0.0680363639438406
-1 0.0 0 0 0.020989238232648276
nodes 29
2 0.3627558946609497 1 14 0.0
1 0.19903768599033356 2 5 -0.5300341844494281
7 0.3659999966621399 3 4 -0.8684686423665651
-1 0.0 0 0 -0.07345523398544403
-1 0.0 0 0 -0.115975159213899
1 0.27508413791656494 6 11 -0.3677610230065812
6 0.9998196363449097 7 10 -0.5079805467585178
4 0.8407691121101379 8 9 -0.38986508452058144
-1 0.0 0 0 -0.05319272378169161
-1 0.0 0 0 -0.0256127987883448
-1 0.0 0 0 -0.06698571997456658
6 1.0128822326660156 12 13 -0.15599734664611165
-1 0.0 0 0 -0.011897223981030852
-1 0.0 0 0 -0.05888384765599053
3 0.721388041973114 15 22 0.3770770826294267
6 0.8415420651435852 16 17 -0.039137605013576014
-1 0.0 0 0 -0.04315904487640823
2 0.400075227022171 18 19 0.09493600800596666
-1 0.0 0 0 -0.011743254231009486
4 0.8407691121101379 20 21 0.4017137372162145
-1 0.0 0 0 0.010344030757336633
-1 0.0 0 0 0.0696688111358784
2 0.41596490144729614 23 24 0.46328653327107
-1 0.0 0 0 0.028856211063519717
2 0.5356968641281128 25 28 0.5460291774466504
6 0.8457242846488953 26 27 0.5556794956212395
-1 0.0 0 0 0.010576913197533535
-1 0.0 0 0 0.05693585755150088
-1 0.0 0 0 -0.027417207955436403
nodes 29
1 0.3223341107368469 1 20 0.0
2 0.31427088379859924 2 9 -0.420243807566233
7 0.26600000262260437 3 6 -0.646873900809921
3 0.63620525598526 4 5 -0.5038227748584557
-1 0.0 0 0 -0.06917682816424149
-1 0.0 0 0 -0.0360589593819283
6 1.0563884973526 7 8 -0.9235226493769069
-1 0.0 0 0 -0.07890084030108924
-1 0.0 0 0 -0.11648983876295112
4 0.8336666226387024 10 11 -0.2009213557267998
-1 0.0 0 0 -0.040533606925175256
2 0.3824716806411743 12 15 -0.09178239158815402
6 1.0019903182983398 13 14 -0.1486910733583103
-1 0.0 0 0 -0.006807819757355599
-1 0.0 0 0 -0.040364292681655076
6 0.7661007046699524 16 17 0.2411358560879936
-1 0.0 0 0 -0.03930129546115812
2 0.41334015130996704 18 19 0.423581562894716
-1 0.0 0 0 0.02202296321441864
-1 0.0 0 0 0.10304811167532811
1 0.3763648271560669 21 26 0.3855001290793951
4 0.762966513633728 22 23 0.23241959150684063
-1 0.0 0 0 -0.03932662658085883
6 0.8724886775016785 24 25 0.25692573145575426
-1 0.0 0 0 -0.0028126866079050228
-1 0.0 0 0 0.029433685538426835
0 0.5561773777008057 27 28 0.4777134105991062
-1 0.0 0 0 0.04868148371929963
-1 0.0 0 0 -0.031819150575408815
nodes 29
2 0.3627558946609497 1 12 0.0
6 1.0146758556365967 2 9 -0.43145691076997994
3 0.6430625915527344 3 6 -0.31810818851676903
2 0.2968824505805969 4 5 -0.5355054039240965
-1 0.0 0 0 -0.0691699463644867
-1 0.0 0 0 -0.04308345580365509
1 0.28566789627075195 7 8 -0.17166465422302427
-1 0.0 0 0 -0.026927292995130025
-1 0.0 0 0 -0.002192680196447929
6 1.073414921760559 10 11 -0.7690837853145986
-1 0.0 0 0 -0.06710055056318702
-1 0.0 0 0 -0.1047326425986313
3 0.7284223437309265 13 20 0.30694720806448705
6 0.8415420651435852 14 15 -0.021971412517963272
-1 0.0 0 0 -0.03621845560697736
2 0.39544016122817993 16 17 0.09001417245448924
-1 0.0 0 0 -0.011115270672793422
8 58.5 18 19 0.3087811834013713
-1 0.0 0 0 0.0451178195974181
-1 0.0 0 0 -0.004225000415368183
2 0.4080648720264435 21 24 0.3800417637795069
6 1.0050921440124512 22 23 0.21392232313263657
-1 0.0 0 0 0.024530566515164356
-1 0.0 0 0 -0.01293705560407919
2 0.5132841467857361 25 28 0.438625152519076
6 0.9199085235595703 26 27 0.45441051244673347
-1 0.0 0 0 0.028805696968312797
-1 0.0 0 0 0.04887398830059836
-1 0.0 0 0 0.008857315118562003
nodes 29
2 0.3741876482963562 1 16 0.0
1 0.26272889971733093 2 11 -0.3536002198754525
7 0.27400000393390656 3 8 -0.509600337306313
4 0.6782086491584778 4 5 -0.4062323467164871
-1 0.0 0 0 -0.06183924604006599
6 0.9998196363449097 6 7 -0.35367128203854714
-1 0.0 0 0 -0.027278077620146498
-1 0.0 0 0 -0.0472775713946537
1 0.16022776067256927 9 10 -0.7298753534626387
-1 0.0 0 0 -0.09123178249376186
-1 0.0 0 0 -0.059933944404073985
3 0.7047127485275269 12 13 -0.11423884795240143
-1 0.0 0 0 -0.029916192365966984
6 1.0 14 15 -0.04293863944817995
-1 0.0 0 0 0.002172188139190158
-1 0.0 0 0 -0.02955142852613354
6 0.869629442691803 17 20 0.30456677842247726
3 0.7120688557624817 18 19 -0.0903559189364102
-1 0.0 0 0 -0.030524244946981135
-1 0.0 0 0 0.010566984009589546
2 0.41246384382247925 21 24 0.34695027496288955
4 0.9200274348258972 22 23 0.18895839231682737
-1 0.0 0 0 0.0035425876776964947
-1 0.0 0 0 0.02981038668105107
2 0.5356968641281128 25 28 0.4137384686238371
8 61.5 26 27 0.421054361785519
-1 0.0 0 0 0.04310822414035561
-1 0.0 0 0 -0.00592810719184564
-1 0.0 0 0 -0.027004422159308757
nodes 29
2 0.3627558946609497 1 14 0.0
1 0.18512405455112457 2 7 -0.35053592333545086
7 0.6379999816417694 3 6 -0.6283193613834079
7 0.20600000023841858 4 5 -0.5874013531067404
-1 0.0 0 0 -0.04729895759764832
-1 0.0 0 0 -0.0689164699245528
-1 0.0 0 0 -0.11797874649525918
1 0.27508413791656494 8 13 -0.2519690668714619
6 0.9998196363449097 9 10 -0.3403217887194278
-1 0.0 0 0 -0.024921645897211204
4 0.8985434770584106 11 12 -0.4564712472813729
-1 0.0 0 0 -0.06380589646517375
-1 0.0 0 0 -0.03429229421300314
-1 0.0 0 0 -0.009813129361183464
4 0.8837922811508179 15 20 0.24937837427019532
6 0.9199085235595703 16 17 -0.0147386000722062
-1 0.0 0 0 -0.02116811671446435
4 0.7398789525032043 18 19 0.10620197562389441
-1 0.0 0 0 -0.03668919999785187
-1 0.0 0 0 0.015307775354783767
2 0.39544016122817993 21 22 0.3121890331827639
-1 0.0 0 0 0.013507165888000867
6 0.8065197467803955 23 24 0.3521739323593149
-1 0.0 0 0 -0.02395162427152883
2 0.5092617273330688 25 28 0.3668484911067411
2 0.4398999512195587 26 27 0.38063672456275466
-1 0.0 0 0 0.030742342084970883
-1 0.0 0 0 0.04337611414984995
-1 0.0 0 0 0.010546517647803202
nodes 29
1 0.29600051045417786 1 18 0.0
6 1.0393028259277344 2 15 -0.33210331965399986
4 0.8493499159812927 3 8 -0.27335641478775685
6 0.9998196363449097 4 7 -0.4081758939705946
4 0.6931301951408386 5 6 -0.32651145656314273
-1 0.0 0 0 -0.04729226138040705
-1 0.0 0 0 -0.02321920812323104
-1 0.0 0 0 -0.06419949791920361
2 0.3741876482963562 9 12 -0.16838777353025836
6 1.0040414333343506 10 11 -0.20152172830101964
-1 0.0 0 0 -0.013753835433907152
-1 0.0 0 0 -0.033480060268767986
6 0.6746454834938049 13 14 0.24262430359764645
-1 0.0 0 0 -0.04129624018644906
-1 0.0 0 0 0.0379840125671117
7 0.6340000033378601 16 17 -0.6745088823542874
-1 0.0 0 0 -0.06132860401246973
-1 0.0 0 0 -0.10500596835092145
2 0.39544016122817993 19 24 0.21426302613014916
6 1.0146758556365967 20 23 0.03469506674768435
3 0.6606847047805786 21 22 0.056019786376427724
-1 0.0 0 0 -0.025909242232422275
-1 0.0 0 0 0.009092205606040791
-1 0.0 0 0 -0.0479422846743546
6 0.8323132395744324 25 26 0.2855594590137383
-1 0.0 0 0 -0.01681645883781111
8 52.5 27 28 0.3056175312362594
-1 0.0 0 0 0.03372625419731642
-1 0.0 0 0 0.010197477209903634
nodes 29
2 0.35520797967910767 1 12 0.0
1 0.17810039222240448 2 5 -0.30554969846824104
7 0.55799999833107 3 4 -0.5398425674281317
-1 0.0 0 0 -0.048951818602537826
-1 0.0 0 0 -0.08354625664211529
6 1.0128822326660156 6 11 -0.22668068728113774
4 0.8985434770584106 7 10 -0.17866579100215654
6 0.9998196363449097 8 9 -0.2862589515398396
-1 0.0 0 0 -0.02401711974877467
-1 0.0 0 0 -0.050207515972263694
-1 0.0 0 0 -0.005810131144814858
-1 0.0 0 0 -0.04280916830906021
4 0.8837922811508179 13 22 0.1907303469210792
4 0.7350889444351196 14 15 -0.030019586650933495
-1 0.0 0 0 -0.03795504242238629
6 0.8778034448623657 16 17 0.019668620651100584
-1 0.0 0 0 -0.022073665885589764
2 0.4281599521636963 18 21 0.08482519173243655
6 1.001515507698059 19 20 0.024046296537898887
-1 0.0 0 0 0.005743059280667366
-1 0.0 0 0 -0.04448309048692876
-1 0.0 0 0 0.029321884873568016
2 0.38711297512054443 23 24 0.24742972356344772
-1 0.0 0 0 0.007436418884714383
6 0.7987437844276428 25 26 0.28157921301092703
-1 0.0 0 0 -0.020226137201262907
7 0.02199999988079071 27 28 0.29230140855671966
-1 0.0 0 0 0.019511215327159253
-1 0.0 0 0 0.03275996245624616
nodes 29
2 0.3723521828651428 1 14 0.0
1 0.26272889971733093 2 9 -0.2382558378659695
1 0.15701603889465332 3 6 -0.3405692598485838
7 0.6500000059604645 4 5 -0.5318613177581811
-1 0.0 0 0 -0.04944927106794967
-1 0.0 0 0 -0.09469504824056563
7 0.2019999995827675 7 8 -0.2784488303337469
-1 0.0 0 0 -0.021687328681295023
-1 0.0 0 0 -0.03868798922925182
6 1.0321584939956665 10 13 -0.07587750146533151
4 0.9028369188308716 11 12 -0.06102546019829133
-1 0.0 0 0 -0.01617307561634184
-1 0.0 0 0 0.001935050283489852
-1 0.0 0 0 -0.06238666102837105
6 0.9160948991775513 15 20 0.1988386564153655
8 59.5 16 19 0.013062073676364406
7 0.018000000156462193 17 18 0.0724311527289589
-1 0.0 0 0 -0.005754732559063658
-1 0.0 0 0 0.018195847187239426
-1 0.0 0 0 -0.030332842289268698
2 0.43238407373428345 21 24 0.24723860510388354
4 0.9188401103019714 22 23 0.1694580999509921
-1 0.0 0 0 0.007106864411761155
-1 0.0 0 0 0.022376560242679897
1 0.3489653766155243 25 26 0.31432253204361355
-1 0.0 0 0 0.10857023000447215
2 0.5059531927108765 27 28 0.30504257319223593
-1 0.0 0 0 0.03283746145660645
-1 0.0 0 0 0.006019641156086675
nodes 29
2 0.35520797967910767 1 10 0.0
6 1.0341813564300537 2 9 -0.2486653310330576
3 0.63620525598526 3 6 -0.198319606316121
2 0.2984793782234192 4 5 -0.3319061263135549
-1 0.0 0 0 -0.043532006339601845
-1 0.0 0 0 -0.024161198192911792
6 1.0 7 8 -0.11112044955168073
-1 0.0 0 0 -0.006351727388349014
-1 0.0 0 0 -0.022482944957627427
-1 0.0 0 0 -0.05026906763682381
4 0.8575617074966431 11 16 0.1552219662212293
4 0.7191745042800903 12 13 -0.06802330881426238
-1 0.0 0 0 -0.03771411137294301
6 0.9199085235595703 14 15 -0.021829211117011055
-1 0.0 0 0 -0.01600564130476853
-1 0.0 0 0 0.006508354835924952
2 0.41507071256637573 17 22 0.1934779010825271
6 1.0050921440124512 18 21 0.10067850885315278
6 0.9349129796028137 19 20 0.12266283117305068
-1 0.0 0 0 -0.00047376978884766153
-1 0.0 0 0 0.01767525175069819
-1 0.0 0 0 -0.010984067277300424
6 0.8065197467803955 23 24 0.24462930731166252
-1 0.0 0 0 -0.02125219505219518
5 1.4667041301727295 25 28 0.2567332212573329
2 0.5356968641281128 26 27 0.2503216819929537
-1 0.0 0 0 0.025662515275971694
-1 0.0 0 0 -0.029435549653508766
-1 0.0 0 0 0.0913785353206612
nodes 29
2 0.3815332353115082 1 18 0.0
1 0.2696346342563629 2 11 -0.18014074085210527
6 1.0520464181900024 3 10 -0.2694844632008166
4 0.8985434770584106 4 7 -0.23199186644009925
6 0.9998196363449097 5 6 -0.3059312197662513
-1 0.0 0 0 -0.023494105188611895
-1 0.0 0 0 -0.04408568038470797
8 34.5 8 9 -0.1328153289006237
-1 0.0 0 0 -0.021608717779324865
-1 0.0 0 0 -0.004589362733093712
-1 0.0 0 0 -0.05037252985531802
4 0.7126924395561218 12 13 -0.0403780223531066
-1 0.0 0 0 -0.03565873384311339
6 1.0 14 15 -0.02047539494550349
-1 0.0 0 0 0.0016921541136327442
4 0.9561898708343506 16 17 -0.21257461908419764
-1 0.0 0 0 -0.04520928412201512
-1 0.0 0 0 -0.007872248333645372
6 0.8415420651435852 19 20 0.1759530775378899
-1 0.0 0 0 -0.01294097862648978
8 52.5 21 28 0.19614070906829695
2 0.4398999512195587 22 23 0.2200476055509767
-1 0.0 0 0 0.017104746821107623
2 0.49836939573287964 24 27 0.26507532187347893
5 1.3103986978530884 25 26 0.29990456695395745
-1 0.0 0 0 0.02912264004592632
-1 0.0 0 0 0.0803579659705035
-1 0.0 0 0 0.006660373447975181
-1 0.0 0 0 0.0054028851709379076
nodes 29
2 0.3824716806411743 1 16 0.0
1 0.2696346342563629 2 11 -0.16090325854477291
1 0.15701603889465332 3 6 -0.24257948854226016
7 0.6500000059604645 4 5 -0.40089190365871835
-1 0.0 0 0 -0.03691755103767847
-1 0.0 0 0 -0.07559361931186684
7 0.2019999995827675 7 8 -0.19565548746290798
-1 0.0 0 0 -0.014976529133812998
4 0.7669656276702881 9 10 -0.2806408708802709
-1 0.0 0 0 -0.049681420116317904
-1 0.0 0 0 -0.02295030938240991
3 0.7880936861038208 12 15 -0.035207804264382206
6 0.9998196363449097 13 14 -0.11094976640319099
-1 0.0 0 0 -0.0062731525983956635
-1 0.0 0 0 -0.03622427698485127
-1 0.0 0 0 0.0038267299913457907
8 59.5 17 28 0.15964670281634383
6 0.9160948991775513 18 21 0.17749404936452748
7 0.018000000156462193 19 20 0.0616101302463377
-1 0.0 0 0 -0.0059448227851770195
-1 0.0 0 0 0.01659260992775696
1 0.4980233907699585 22 27 0.2035827065383121
2 0.43238407373428345 23 24 0.20807273251249234
-1 0.0 0 0 0.015268269923064293
1 0.3489653766155243 25 26 0.2472837419192755
-1 0.0 0 0 0.08546946172423442
-1 0.0 0 0 0.024003861152189193
-1 0.0 0 0 -0.025442388963326814
-1 0.0 0 0 -0.013432822955389443
nodes 29
2 0.34531310200691223 1 12 0.0
7 0.22999999672174454 2 7 -0.1995250085510293
5 1.1526261568069458 3 4 -0.13531254454675554
-1 0.0 0 0 0.0009219487345423352
4 0.6425517201423645 5 6 -0.17900119687341245
-1 0.0 0 0 -0.03297793697045479
-1 0.0 0 0 -0.015179142986021507
6 1.0921313762664795 8 11 -0.32586823573150814
4 0.8265906572341919 9 10 -0.28727884614424304
-1 0.0 0 0 -0.043696353468601824
-1 0.0 0 0 -0.02231686116178601
-1 0.0 0 0 -0.053826095549005186
4 0.8102315664291382 13 14 0.1051398388683688
-1 0.0 0 0 -0.014845277364222849
6 0.8724886775016785 15 18 0.13030415329924347
7 0.026000000536441803 16 17 -0.05473948390729927
-1 0.0 0 0 -0.014424083539579217
-1 0.0 0 0 0.008726876659910232
2 0.4063767343759537 19 24 0.14915039823823908
6 1.0001870393753052 20 21 0.06980955874743514
-1 0.0 0 0 0.010428808836393926
4 0.9958176016807556 22 23 -0.10837170762517273
-1 0.0 0 0 -0.02804312994980663
-1 0.0 0 0 0.002861578518490079
5 1.4562476873397827 25 28 0.19034334533170294
2 0.5248068571090698 26 27 0.18398579316448968
-1 0.0 0 0 0.019098991853978533
-1 0.0 0 0 -0.01522610681228901
-1 0.0 0 0 0.06823954776038174
nodes 29
2 0.3824716806411743 1 16 0.0
6 1.0083236694335938 2 11 -0.13118236596777613
4 0.7350889444351196 3 6 -0.07939981182741085
7 0.2019999995827675 4 5 -0.2596642186993517
-1 0.0 0 0 -0.022259748247541497
-1 0.0 0 0 -0.045078250817481985
4 0.9188401103019714 7 10 -0.036548782440029536
6 0.9998196363449097 8 9 -0.09579879037546263
-1 0.0 0 0 -0.005480105765528867
-1 0.0 0 0 -0.029180639799996844
-1 0.0 0 0 0.0024236827938144286
7 0.5380000174045563 12 15 -0.2771893912742053
4 0.8944041728973389 13 14 -0.23719530331957367
-1 0.0 0 0 -0.03390029431430937
-1 0.0 0 0 -0.017086892159462172
-1 0.0 0 0 -0.046712604090354284
6 0.9377891421318054 17 22 0.13015791235088783
8 54.5 18 21 0.0340103976491796
7 0.006000000284984708 19 20 0.0881180685651274
-1 0.0 0 0 -0.007118523801409461
-1 0.0 0 0 0.013022746596508115
-1 0.0 0 0 -0.014383645622188683
1 0.4980233907699585 23 28 0.1707344025209025
2 0.44076260924339294 24 25 0.17466551564382735
-1 0.0 0 0 0.013842775867566737
1 0.36912599205970764 26 27 0.21050528210980474
-1 0.0 0 0 0.06532551450536601
-1 0.0 0 0 0.020242403243850363
-1 0.0 0 0 -0.022638755408485794
nodes 29
2 0.34531310200691223 1 10 0.0
5 1.1745679378509521 2 5 -0.16359438808463678
6 1.0365744829177856 3 4 -0.030967634824670288
-1 0.0 0 0 -0.0011213135174459798
-1 0.0 0 0 -0.0359490950219686
2 0.2984793782234192 6 9 -0.2084857380322661
7 0.5620000064373016 7 8 -0.27018391959230076
-1 0.0 0 0 -0.024389757794778567
-1 0.0 0 0 -0.049564377865856615
-1 0.0 0 0 -0.012551638456480227
4 0.9246423244476318 11 24 0.08620617387566994
4 0.7350889444351196 12 13 -0.0067075838317837465
-1 0.0 0 0 -0.02492071441550186
6 0.9199085235595703 14 17 0.017251849601899422
6 0.6746454834938049 15 16 -0.08085906175111787
-1 0.0 0 0 -0.04115435245267451
-1 0.0 0 0 -0.005579734557619337
2 0.40192925930023193 18 21 0.061954924475316184
6 0.999426543712616 19 20 -0.01510800598544014
-1 0.0 0 0 0.0053771563934262865
-1 0.0 0 0 -0.026739684166654412
3 0.5615501403808594 22 23 0.1379860945144447
-1 0.0 0 0 0.05945277118792611
-1 0.0 0 0 0.012227699545891634
6 0.8065197467803955 25 28 0.13657156077395555
1 0.4117896258831024 26 27 -0.13126824182989108
-1 0.0 0 0 -0.008198090408396898
-1 0.0 0 0 -0.13880953543509048
-1 0.0 0 0 0.014272642459869528
nodes 29
2 0.35520797967910767 1 12 0.0
1 0.16825295984745026 2 3 -0.13536634562242292
-1 0.0 0 0 -0.02691829638944417
4 0.8929303288459778 4 7 -0.09908737026354289
6 0.9998196363449097 5 6 -0.15879281968283385
-1 0.0 0 0 -0.010828026451816746
-1 0.0 0 0 -0.027931544723370724
6 1.0449284315109253 8 11 -0.0436803172474135
8 36.5 9 10 -0.021066501903925595
-1 0.0 0 0 -0.008235192245908891
-1 0.0 0 0 0.005020562943089506
-1 0.0 0 0 -0.03131833488698048
4 0.9291630983352661 13 20 0.08449843092355412
6 0.9349129796028137 14 15 0.007876779572681429
-1 0.0 0 0 -0.008359632088343338
2 0.410733699798584 16 19 0.06902849939742099
6 0.9998196363449097 17 18 0.00111720049380653
-1 0.0 0 0 0.005792270849521038
-1 0.0 0 0 -0.021924559598630974
-1 0.0 0 0 0.014744602979507469
2 0.5059531927108765 21 28 0.12677291159804951
2 0.44853663444519043 22 27 0.13596509105624327
6 1.0001870393753052 23 26 0.10066082878620011
6 0.9581364989280701 24 25 0.12033706651688042
-1 0.0 0 0 0.004639518930817093
-1 0.0 0 0 0.017355675214414803
-1 0.0 0 0 -0.002030999211883433
-1 0.0 0 0 0.019011702815124064
-1 0.0 0 0 -0.003647845710581499
nodes 29
2 0.38428422808647156 1 16 0.0
6 0.9998196363449097 2 9 -0.09587763894498733
4 0.7350889444351196 3 4 -0.03941905040350347
-1 0.0 0 0 -0.01784137550805473
6 0.8724886775016785 5 6 -0.0030179195990848126
-1 0.0 0 0 -0.01365795827734041
2 0.32612961530685425 7 8 0.019957791472032752
-1 0.0 0 0 -0.00424321377508797
-1 0.0 0 0 0.00572798077227985
4 0.9106736183166504 10 11 -0.17663001964471825
-1 0.0 0 0 -0.02639946052519216
6 1.0563884973526 12 15 -0.11347472327877603
4 0.9980531930923462 13 14 -0.06527593680653783
-1 0.0 0 0 -0.014659013499821802
-1 0.0 0 0 -0.0010581811184627264
-1 0.0 0 0 -0.034619139177883985
7 0.041999999433755875 17 24 0.09816344268398121
8 46.5 18 19 0.03816612257655818
-1 0.0 0 0 0.009757232150990839
0 0.5420362949371338 20 23 -0.03678228852723663
6 0.9718935489654541 21 22 -0.016916474014914223
-1 0.0 0 0 -0.00463016092409814
-1 0.0 0 0 0.015396566987638891
-1 0.0 0 0 -0.037014748527913685
4 0.7823005318641663 25 26 0.14567392253405154
-1 0.0 0 0 -0.012007775291759457
6 1.0056984424591064 27 28 0.15165550318516208
-1 0.0 0 0 0.016331716437562586
-1 0.0 0 0 0.002586450747683786
nodes 29
2 0.3390514850616455 1 8 0.0
5 1.1802815198898315 2 3 -0.12693762950534088
-1 0.0 0 0 -0.0012820339674750397
7 0.49799999594688416 4 7 -0.1673978328964142
4 0.6782086491584778 5 6 -0.14601923658839358
-1 0.0 0 0 -0.024287340449169914
-1 0.0 0 0 -0.012211708572156806
-1 0.0 0 0 -0.032734395125520656
4 0.8102315664291382 9 10 0.060167347592156424
-1 0.0 0 0 -0.010425445686153001
6 0.7661007046699524 11 12 0.07788666097318496
-1 0.0 0 0 -0.022214271927131685
2 0.4272238612174988 13 20 0.08437302520820714
6 1.0167213678359985 14 17 0.045345972430634
4 0.9582114815711975 15 16 0.05462371775436762
-1 0.0 0 0 0.001218719143146669
-1 0.0 0 0 0.010316035709825639
1 0.29976361989974976 18 19 -0.1565235245794526
-1 0.0 0 0 0.001761753004808113
-1 0.0 0 0 -0.03474194756301402
5 1.4667041301727295 21 28 0.12411620686237625
2 0.49836939573287964 22 25 0.11842754293001154
7 0.018000000156462193 23 24 0.1369605227277523
-1 0.0 0 0 0.006654578294929216
-1 0.0 0 0 0.015930352394777903
6 0.8323132395744324 26 27 -0.020647450224256934
-1 0.0 0 0 -0.08131276916246861
-1 0.0 0 0 -0.0005717001166374253
-1 0.0 0 0 0.07488716005985348
nodes 29
2 0.38428422808647156 1 18 0.0
6 0.9998196363449097 2 9 -0.07826319734454107
4 0.6931301951408386 3 4 -0.02973622070761451
-1 0.0 0 0 -0.017113124884852223
6 0.9289436340332031 5 6 -0.0046851721112438184
-1 0.0 0 0 -0.007012737468127911
2 0.30531132221221924 7 8 0.028936797415999596
-1 0.0 0 0 -0.005529701655401756
-1 0.0 0 0 0.005808238921501866
4 0.8287536799907684 10 11 -0.14767104109027582
-1 0.0 0 0 -0.02598986840708192
6 1.0563884973526 12 15 -0.10972314946790128
4 0.9980531930923462 13 14 -0.07746389727267075
-1 0.0 0 0 -0.014130628485623811
-1 0.0 0 0 -0.00026005895063117645
7 0.722000002861023 16 17 -0.27387287071650873
-1 0.0 0 0 -0.02358002481813923
-1 0.0 0 0 -0.06759611105217654
8 61.5 19 28 0.08012905782207462
7 0.02199999988079071 20 25 0.08960115841591845
6 0.9160948991775513 21 24 0.02323918122730541
3 0.8229728937149048 22 23 -0.06347175587641864
-1 0.0 0 0 -0.013762520880049069
-1 0.0 0 0 0.006071748261753825
-1 0.0 0 0 0.007165951708258549
0 0.5703731179237366 26 27 0.11523612140669846
-1 0.0 0 0 0.011676390080081903
-1 0.0 0 0 -0.05368010267615319
-1 0.0 0 0 -0.014821691193083837
nodes 29
2 0.3315906226634979 1 8 0.0
5 1.1767148971557617 2 3 -0.11069699291243397
-1 0.0 0 0 7.52893182339608e-05
7 0.722000002861023 4 7 -0.14657795538701096
7 0.2019999995827675 5 6 -0.14041907218479147
-1 0.0 0 0 -0.010197777971216161
-1 0.0 0 0 -0.01882681374827263
-1 0.0 0 0 -0.05838785944054428
4 0.7985712289810181 9 12 0.04612426971307034
0 0.5420362949371338 10 11 -0.09885474661835862
-1 0.0 0 0 -0.007582988159270059
-1 0.0 0 0 -0.03470350102221609
6 0.7661007046699524 13 14 0.06068658637412572
-1 0.0 0 0 -0.018655831276090724
2 0.44076260924339294 15 24 0.0661629692885978
5 1.6988359689712524 16 23 0.03890325099934547
6 1.024709701538086 17 22 0.031811698056241386
6 0.9588145613670349 18 19 0.03796546412527229
-1 0.0 0 0 -0.0008477513775796627
6 1.0001870393753052 20 21 0.07039205132088389
-1 0.0 0 0 0.009384651848439096
-1 0.0 0 0 -0.0036177643959063397
-1 0.0 0 0 -0.025047791547743087
-1 0.0 0 0 0.02312821203987984
1 0.35788771510124207 25 26 0.1107022781647123
-1 0.0 0 0 0.06023812148008272
2 0.49836939573287964 27 28 0.10409357786794445
-1 0.0 0 0 0.012658764408147082
-1 0.0 0 0 -0.0026122577310387298
nodes 29
2 0.38711297512054443 1 20 0.0
6 1.00456964969635 2 13 -0.06277606787106114
4 0.6782086491584778 3 6 -0.0315807671222342
7 0.11799999698996544 4 5 -0.17415685547794296
-1 0.0 0 0 -0.011716749374999636
-1 0.0 0 0 -0.03015568387824364
4 0.9268691539764404 7 12 -0.01184765672454286
8 44.5 8 9 -0.04713032308045363
-1 0.0 0 0 -0.01210892536563795
6 0.8457242846488953 10 11 -0.009955855818297214
-1 0.0 0 0 -0.01194268909759261
-1 0.0 0 0 0.0009200547630240171
-1 0.0 0 0 0.0036059433460686645
7 0.6780000030994415 14 19 -0.14228377276170956
4 0.9992119073867798 15 16 -0.13087554845765192
-1 0.0 0 0 -0.017138372861441806
6 1.0563884973526 17 18 -0.06874248023312245
-1 0.0 0 0 -0.0021567964073084854
-1 0.0 0 0 -0.021611003593903094
-1 0.0 0 0 -0.041534010901028234
7 0.041999999433755875 21 26 0.06737023255882206
0 0.5561773777008057 22 25 0.020296782606799672
8 46.5 23 24 0.027271921413280463
-1 0.0 0 0 0.007107220080076965
-1 0.0 0 0 -0.0029846983363238143
-1 0.0 0 0 -0.04214690116217293
0 0.5703731179237366 27 28 0.10478062910314587
-1 0.0 0 0 0.010655125537732258
-1 0.0 0 0 -0.046679033190910185
nodes 29
2 0.38800278306007385 1 12 0.0
6 0.9998196363449097 2 7 -0.056101622529805155
0 0.4720466732978821 3 6 -0.018139633075144827
6 0.927817165851593 4 5 -0.0029365844251966343
-1 0.0 0 0 -0.005201063265998098
-1 0.0 0 0 0.0022749003717920883
-1 0.0 0 0 -0.01764548664236675
4 0.8287536799907684 8 9 -0.11187109889538335
-1 0.0 0 0 -0.020707046805011953
6 1.0921313762664795 10 11 -0.08005780626620954
-1 0.0 0 0 -0.006388094241486718
-1 0.0 0 0 -0.027520791053227935
6 0.7661007046699524 13 14 0.061160301766084814
-1 0.0 0 0 -0.01897903836770874
5 1.3897291421890259 15 26 0.06717035691998666
8 59.5 16 23 0.06095274131515937
2 0.5356968641281128 17 22 0.0688712484168434
2 0.4502229541540146 18 19 0.0717722564464925
-1 0.0 0 0 0.004478921326095971
2 0.49836939573287964 20 21 0.10631837956926721
-1 0.0 0 0 0.012673557914506207
-1 0.0 0 0 8.351100739324389e-05
-1 0.0 0 0 -0.025756849723524957
0 0.5299081802368164 24 25 -0.10210424979063983
-1 0.0 0 0 -0.003336554691682204
-1 0.0 0 0 -0.04007318288572513
2 0.41334015130996704 27 28 0.2560580949215733
-1 0.0 0 0 0.010407162370127149
-1 0.0 0 0 0.04320540231897199
nodes 29
2 0.32612961530685425 1 6 0.0
5 1.1767148971557617 2 3 -0.0877612467462933
-1 0.0 0 0 0.0009561858863510518
1 0.12347012758255005 4 5 -0.11807736392062425
-1 0.0 0 0 -0.022047204217813456
-1 0.0 0 0 -0.00999714793417493
4 0.9291630983352661 7 18 0.0332069909038997
4 0.7447479367256165 8 9 -0.012961951378293207
-1 0.0 0 0 -0.012110531397112769
6 0.7063673734664917 10 11 0.0028000634917618866
-1 0.0 0 0 -0.022912680620786344
6 1.0029692649841309 12 17 0.009271280174058106
6 0.9349129796028137 13 16 0.01875050655645987
7 0.026000000536441803 14 15 -0.027646272144541614
-1 0.0 0 0 -0.007741300448282095
-1 0.0 0 0 0.0027577716098453947
-1 0.0 0 0 0.004673929777566571
-1 0.0 0 0 -0.013873243188459722
6 0.7790522575378418 19 20 0.06299066979247353
-1 0.0 0 0 -0.014900842635388876
5 1.7219120264053345 21 26 0.06617697517106295
6 1.0167213678359985 22 25 0.06225418575479809
7 0.041999999433755875 23 24 0.06739107801228866
-1 0.0 0 0 0.003541581318669618
-1 0.0 0 0 0.008822695931751086
-1 0.0 0 0 -0.009403472475574973
2 0.41507071256637573 27 28 0.3393817170856263
-1 0.0 0 0 0.025845690307116715
-1 0.0 0 0 0.0872886046514283
nodes 29
2 0.3315906226634979 1 6 0.0
5 1.1471091508865356 2 3 -0.07529775473043175
-1 0.0 0 0 0.0034257331582398225
7 0.722000002861023 4 5 -0.09601290082645382
-1 0.0 0 0 -0.009161008276305638
-1 0.0 0 0 -0.04406604186545174
4 0.9642592668533325 7 22 0.03137441991374525
6 0.8605564832687378 8 11 -0.0001492496977062461
2 0.4925873577594757 9 10 -0.09747389683618717
-1 0.0 0 0 -0.00849487877909679
-1 0.0 0 0 -0.05774360754489899
2 0.42631056904792786 12 17 0.014388515944332221
6 0.9998196363449097 13 16 -0.013920732305183177
6 0.961411714553833 14 15 0.004161606805134761
-1 0.0 0 0 -0.003176951116636074
-1 0.0 0 0 0.00478121112564418
-1 0.0 0 0 -0.010369018618683043
5 1.2406418323516846 18 21 0.06894444912013972
8 61.5 19 20 0.04941422162217248
-1 0.0 0 0 0.0060164741460687725
-1 0.0 0 0 -0.02081319668947394
-1 0.0 0 0 0.029776183169530557
2 0.49836939573287964 23 26 0.0677561728215387
0 0.4333851635456085 24 25 0.07733245151127867
-1 0.0 0 0 0.005090939579245253
-1 0.0 0 0 0.011603266893778356
1 0.43016305565834045 27 28 -0.04548753924570329
-1 0.0 0 0 -0.05977796069970451
-1 0.0 0 0 -0.0023692449509381017
nodes 29
2 0.39352700114250183 1 20 0.0
6 1.0 2 15 -0.04014444632564197
4 0.6782086491584778 3 6 -0.014795302337120262
8 59.5 4 5 -0.12690942672693947
-1 0.0 0 0 -0.024538891590357353
-1 0.0 0 0 -0.007369178024065011
4 0.9258370995521545 7 10 0.0002784682063869331
8 51.5 8 9 -0.027513180823808242
-1 0.0 0 0 -0.006515662287838105
-1 0.0 0 0 0.002931379643236914
7 0.09400000050663948 11 14 0.03838575146863869
8 33.5 12 13 0.002922087202396478
-1 0.0 0 0 -0.011477053000202223
-1 0.0 0 0 0.003433968312978149
-1 0.0 0 0 0.010358107018157434
4 0.9969370365142822 16 17 -0.09674665983752466
-1 0.0 0 0 -0.013281818377158664
6 1.0393028259277344 18 19 -0.04486417581031128
-1 0.0 0 0 0.0015411972806831558
-1 0.0 0 0 -0.015840352664585517
7 0.041999999433755875 21 26 0.04810450158130214
0 0.5561773777008057 22 25 0.009911071879648686
8 43.5 23 24 0.015756096994904812
-1 0.0 0 0 0.006464453278812831
-1 0.0 0 0 -0.002150378849089118
-1 0.0 0 0 -0.034880028426773665
5 1.158380150794983 27 28 0.07863265708367588
-1 0.0 0 0 0.005574934567639831
-1 0.0 0 0 0.013034138783715019
nodes 29
2 0.32612961530685425 1 6 0.0
5 1.1974958181381226 2 3 -0.06449595447162167
-1 0.0 0 0 0.00034246921585564735
7 0.7700000107288361 4 5 -0.09291144872420781
-1 0.0 0 0 -0.00899604879942912
-1 0.0 0 0 -0.058231302219089766
4 0.7447479367256165 7 8 0.02440389870142411
-1 0.0 0 0 -0.01009747999270312
6 0.8724886775016785 9 14 0.03098659869179666
7 0.0020000000949949026 10 13 -0.04886318316724741
2 0.4760608375072479 11 12 -0.19576403937510076
-1 0.0 0 0 -0.014145942499783837
-1 0.0 0 0 -0.06789228514045756
-1 0.0 0 0 -0.002228399185952202
5 1.5828040838241577 15 26 0.03988597777867003
6 1.0482677221298218 16 25 0.034711481121810044
2 0.45111411809921265 17 22 0.03638334328171196
6 1.0001870393753052 18 21 0.019856395250712585
6 0.9588145613670349 19 20 0.031308868304491075
-1 0.0 0 0 -0.0012738783288485348
-1 0.0 0 0 0.006193286658128438
-1 0.0 0 0 -0.005970653499163803
2 0.49836939573287964 23 24 0.07418882819155383
-1 0.0 0 0 0.009574041063581671
-1 0.0 0 0 -0.002335905473992659
-1 0.0 0 0 -0.04729631115867738
2 0.42979511618614197 27 28 0.17393574735397596
-1 0.0 0 0 0.013760755798870934
-1 0.0 0 0 0.06849047899294912
nodes 29
2 0.39352700114250183 1 16 0.0
6 0.9998196363449097 2 11 -0.03299640446636622
0 0.4720466732978821 3 10 -0.006759983298944333
8 65.5 4 9 0.004392526811580099
6 0.9187205135822296 5 6 -0.003124007478450604
-1 0.0 0 0 -0.005388525380346395
2 0.2968824505805969 7 8 0.01699001547048467
-1 0.0 0 0 -0.005173843515723002
-1 0.0 0 0 0.0036172645337578836
-1 0.0 0 0 0.015273506852857416
-1 0.0 0 0 -0.012038540442839668
4 0.9969370365142822 12 13 -0.07316110307961883
-1 0.0 0 0 -0.010722644267047325
6 1.03019118309021 14 15 -0.01578834644566986
-1 0.0 0 0 0.004509124052988006
-1 0.0 0 0 -0.011682384262948771
8 49.5 17 22 0.039539107353405496
2 0.49836939573287964 18 21 0.05618688007130143
5 1.160434365272522 19 20 0.06456019897570685
-1 0.0 0 0 0.004570483059707646
-1 0.0 0 0 0.011021472631893986
-1 0.0 0 0 -0.0031670933628989277
6 0.7661007046699524 23 26 -0.01534492128291468
2 0.48332589864730835 24 25 -0.22155476298485155
-1 0.0 0 0 -0.015722658883369735
-1 0.0 0 0 -0.09974313124406095
5 1.3474245071411133 27 28 -0.002077172344617748
-1 0.0 0 0 -0.0017710795302716001
-1 0.0 0 0 0.019827204853645527
nodes 29
2 0.39352700114250183 1 16 0.0
7 0.4259999990463257 2 15 -0.02969676386096269
4 0.6782086491584778 3 6 -0.019913348072453475
7 0.11799999698996544 4 5 -0.10973856731002667
-1 0.0 0 0 -0.00571923765726621
-1 0.0 0 0 -0.019220654373877856
4 0.9081544876098633 7 10 -0.009007209257691473
8 52.5 8 9 -0.03210573437110775
-1 0.0 0 0 -0.0063032621750926145
-1 0.0 0 0 0.0032117881758757685
8 34.5 11 14 0.011663292240042355
2 0.34531310200691223 12 13 -0.032282450772074235
-1 0.0 0 0 -0.006112146236269407
-1 0.0 0 0 0.003597465193801338
-1 0.0 0 0 0.0038496690831848267
-1 0.0 0 0 -0.012399102071719145
7 0.041999999433755875 17 24 0.03558519687155681
0 0.5561773777008057 18 23 0.003332540866073235
8 43.5 19 20 0.008296350919885518
-1 0.0 0 0 0.004900067029423659
6 0.971337080001831 21 22 -0.022726083200942136
-1 0.0 0 0 -0.004367093353985241
-1 0.0 0 0 0.007246748966617391
-1 0.0 0 0 -0.030129832058455465
5 1.252875804901123 25 26 0.061364869071494
-1 0.0 0 0 0.005224377524221134
2 0.4010032117366791 27 28 0.15482362141299622
-1 0.0 0 0 -0.0035309320542800393
-1 0.0 0 0 0.019660541278147026
nodes 29
4 0.7711651921272278 1 8 0.0
8 56.5 2 3 -0.07875491393308677
-1 0.0 0 0 -0.013155250639360967
0 0.4720466732978821 4 7 -0.03497623684404511
8 64.5 5 6 0.03901603639132777
-1 0.0 0 0 -0.003069948706972996
-1 0.0 0 0 0.013675640806187321
-1 0.0 0 0 -0.010690548895155621
8 30.5 9 16 0.011302163080848731
2 0.3105638027191162 10 11 -0.07246081810556373
-1 0.0 0 0 -0.013187229524973906
5 1.840211272239685 12 15 -0.009335187613328052
6 1.061484456062317 13 14 -0.029125960455591172
-1 0.0 0 0 -0.0017592237615324533
-1 0.0 0 0 -0.05532695873077085
-1 0.0 0 0 0.03538496291310322
4 0.9642592668533325 17 22 0.01994813260281506
0 0.4609275460243225 18 19 -0.0004576798743683406
-1 0.0 0 0 -0.0018126075784986439
6 0.8065197467803955 20 21 0.03851233501045033
-1 0.0 0 0 -0.011825985269395248
-1 0.0 0 0 0.004851545431263617
2 0.5356968641281128 23 26 0.04545699109106848
6 1.020297646522522 24 25 0.04790839577847797
-1 0.0 0 0 0.005386102169704758
-1 0.0 0 0 -0.006197654837756708
6 0.99642413854599 27 28 -0.2616275745897978
-1 0.0 0 0 -0.04536293110748427
-1 0.0 0 0 0.03341425195035032
nodes 29
4 0.7711651921272278 1 8 0.0
8 53.5 2 3 -0.07087942242491466
-1 0.0 0 0 -0.012754818580747757
0 0.4720466732978821 4 7 -0.037603455764330426
8 62.5 5 6 0.014877980412207902
-1 0.0 0 0 -0.005469030107369912
-1 0.0 0 0 0.010371366771741924
-1 0.0 0 0 -0.009586947511164816
6 1.0019903182983398 9 26 0.010171946870655944
7 0.05000000074505806 10 17 0.02224318078948888
8 30.5 11 12 -0.0012902416000567438
-1 0.0 0 0 -0.015364424661174509
6 0.6746454834938049 13 14 0.0033002738258974458
-1 0.0 0 0 -0.019645317175833524
0 0.5703731179237366 15 16 0.006986661117434546
-1 0.0 0 0 0.00083598584302933
-1 0.0 0 0 -0.04809610927376248
4 0.9246423244476318 18 23 0.04447662481272833
0 0.4880489706993103 19 20 0.009309509605234296
-1 0.0 0 0 -0.000977200264924311
5 1.2406418323516846 21 22 0.12058158447995206
-1 0.0 0 0 0.007114674770147708
-1 0.0 0 0 0.038489317845553164
3 0.5513367652893066 24 25 0.06402610201179983
-1 0.0 0 0 0.031515568789058285
-1 0.0 0 0 0.006068727810357643
7 0.542000025510788 27 28 -0.041154177099042746
-1 0.0 0 0 -0.002734595328901906
-1 0.0 0 0 -0.01387956550150028
nodes 29
2 0.39352700114250183 1 14 0.0
1 0.13676539063453674 2 3 -0.02241229132760598
-1 0.0 0 0 -0.010322289994566655
4 0.8929303288459778 4 9 -0.014907685306537443
8 51.5 5 6 -0.03801936615237993
-1 0.0 0 0 -0.007207450504989316
0 0.4391520917415619 7 8 -1.2734198310443317e-05
-1 0.0 0 0 0.005323777008437518
-1 0.0 0 0 -0.0048407908658190495
8 30.5 10 13 0.005068187754659448
5 2.0047459602355957 11 12 -0.05716091960066215
-1 0.0 0 0 -0.00696142377588917
-1 0.0 0 0 0.03725662562819067
-1 0.0 0 0 0.0019519143875032124
8 63.5 15 28 0.02685632016302129
2 0.5356968641281128 16 25 0.030935645506312615
7 0.02199999988079071 17 20 0.03318444726491494
6 0.9561083316802979 18 19 3.6539040786429454e-05
-1 0.0 0 0 -0.0031294973876477557
-1 0.0 0 0 0.005663311496416806
5 1.2066822052001953 21 24 0.04623388556091578
2 0.4573010504245758 22 23 0.03296792388765636
-1 0.0 0 0 0.0008629668678701819
-1 0.0 0 0 0.0069632275958391
-1 0.0 0 0 0.01183795782481148
8 32.5 26 27 -0.22103914950157003
-1 0.0 0 0 0.06684652524335044
-1 0.0 0 0 -0.028946256503503732
-1 0.0 0 0 -0.012699500118842983
nodes 29
4 0.7447479367256165 1 6 0.0
8 61.5 2 3 -0.06734322894495981
-1 0.0 0 0 -0.010542879594054066
0 0.4690226912498474 4 5 -0.014944516664227084
-1 0.0 0 0 0.007941471808273348
-1 0.0 0 0 -0.007575380127893501
6 1.0019903182983398 7 24 0.007646725730891267
6 0.8778034448623657 8 17 0.017875195024907434
7 0.0020000000949949026 9 16 -0.03860259823239034
2 0.4760608375072479 10 13 -0.1602313145348178
4 0.9925866723060608 11 12 -0.1215614860556861
-1 0.0 0 0 -0.017412388560850443
-1 0.0 0 0 0.017472775428073614
1 0.4430437684059143 14 15 -0.5384493737824654
-1 0.0 0 0 -0.07420424249964756
-1 0.0 0 0 0.026707095928166225
-1 0.0 0 0 -0.0018426907540571834
2 0.4502229541540146 18 19 0.025489366240985255
-1 0.0 0 0 0.0015730659107103123
5 1.5516430139541626 20 23 0.052813861970640044
2 0.5248068571090698 21 22 0.050541476588995354
-1 0.0 0 0 0.005766026933045466
-1 0.0 0 0 -0.013185079322268865
-1 0.0 0 0 0.06587111578574256
7 0.7060000002384186 25 28 -0.035863015237219395
4 0.9958176016807556 26 27 -0.030739952724530797
-1 0.0 0 0 -0.006447891326519028
-1 0.0 0 0 9.16500911890271e-05
-1 0.0 0 0 -0.025701516597875868
nodes 29
2 0.30531132221221924 1 4 0.0
5 1.306448221206665 2 3 -0.04057382229283271
-1 0.0 0 0 3.571304831982376e-05
-1 0.0 0 0 -0.008114012533151613
4 0.9642592668533325 5 22 0.010646050593107421
8 28.5 6 7 -0.0063719845498871755
-1 0.0 0 0 -0.04648340059159039
6 0.5334320068359375 8 9 -0.005207842984905069
-1 0.0 0 0 -0.02715809940150939
5 1.5828040838241577 10 17 -0.00336714769515852
6 1.0019903182983398 11 16 -0.011353698122991434
6 0.9349129796028137 12 15 -0.0047666978683959535
7 0.0020000000949949026 13 14 -0.034403388317591085
-1 0.0 0 0 -0.01451450950006304
-1 0.0 0 0 -0.0019520846750445547
-1 0.0 0 0 0.0012378714866995016
-1 0.0 0 0 -0.01094545651660189
2 0.4272238612174988 18 19 0.07500448376341905
-1 0.0 0 0 0.005391841364824835
1 0.26821404695510864 20 21 0.4335622320895505
-1 0.0 0 0 0.07448025430534401
-1 0.0 0 0 0.01711943666489164
3 0.603765070438385 23 24 0.03172023511251229
-1 0.0 0 0 0.0243822921401073
6 1.0563884973526 25 28 0.02800020524948693
2 0.49836939573287964 26 27 0.030353123594738157
-1 0.0 0 0 0.0036569645116464773
-1 0.0 0 0 -0.004778140622600617
-1 0.0 0 0 -0.03936598300210012
nodes 29
4 0.6931301951408386 1 4 0.0
7 0.06600000336766243 2 3 -0.07374191480502365
-1 0.0 0 0 -0.0016260588689299225
-1 0.0 0 0 -0.011531150655270961
8 30.5 5 14 0.005267562015007549
2 0.3105638027191162 6 9 -0.05453173398950319
7 0.7619999945163727 7 8 -0.09935095646118153
-1 0.0 0 0 -0.008979155155306343
-1 0.0 0 0 -0.042923008749882384
5 1.3474245071411133 10 13 -0.006390895332628613
6 1.0520464181900024 11 12 -0.0412715518848187
-1 0.0 0 0 -0.0032309260424023367
-1 0.0 0 0 -0.0555643065366894
-1 0.0 0 0 0.01572529309595688
4 0.9642592668533325 15 22 0.01104899210166655
8 39.5 16 17 -0.003253855084554054
-1 0.0 0 0 -0.004171420038416802
6 0.7063673734664917 18 21 0.006817100080426074
1 0.31561025977134705 19 20 -0.1387012890634972
-1 0.0 0 0 -0.010585646758091346
-1 0.0 0 0 -0.0601514682681723
-1 0.0 0 0 0.0010578748551418745
2 0.5356968641281128 23 24 0.03129846856310284
-1 0.0 0 0 0.003310955551486889
6 0.99642413854599 25 26 -0.19557425173877416
-1 0.0 0 0 -0.03649399314623026
8 37.5 27 28 0.3299574897562921
-1 0.0 0 0 0.09205235881464822
-1 0.0 0 0 -0.008343877911684103
nodes 29
2 0.4281599521636963 1 20 0.0
4 0.6782086491584778 2 3 -0.01197030466470635
-1 0.0 0 0 -0.00709690487589522
6 1.0 4 11 -0.006547381684200333
6 0.9330530166625977 5 6 0.004003350329468176
-1 0.0 0 0 -0.00291001897911297
4 0.939180850982666 7 10 0.019909989476497143
8 53.5 8 9 -0.00040142492042629345
-1 0.0 0 0 -0.0022415146869088306
-1 0.0 0 0 0.007269939007885995
-1 0.0 0 0 0.004383071537827466
1 0.2972976267337799 12 17 -0.036080276946326706
2 0.33049872517585754 13 16 -0.02126845922259198
7 0.7700000107288361 14 15 -0.03659253226994444
-1 0.0 0 0 -0.0032911829853891476
-1 0.0 0 0 -0.04014941691866388
-1 0.0 0 0 0.005901908637036115
6 1.0190331935882568 18 19 -0.10133221021433123
-1 0.0 0 0 -0.0055658187562514895
-1 0.0 0 0 -0.02767829659685868
8 61.5 21 28 0.027671716775517045
1 0.2696346342563629 22 25 0.03249135252785343
6 0.5334320068359375 23 24 0.41355166001772947
-1 0.0 0 0 -0.01465187337822639
-1 0.0 0 0 0.06542430689235118
0 0.5703731179237366 26 27 0.030244703132912606
-1 0.0 0 0 0.003195863256670874
-1 0.0 0 0 -0.03405734516990682
-1 0.0 0 0 -0.018152882567442515
nodes 29
2 0.4502229541540146 1 16 0.0
6 1.0 2 15 -0.008303525996252472
6 0.9581364989280701 3 10 0.0006711276323160077
1 0.3620705008506775 4 5 -0.01941959578637855
-1 0.0 0 0 -0.0006229280167254846
5 1.1881879568099976 6 9 -0.06060898627799797
4 0.9041531682014465 7 8 -0.07720714027844792
-1 0.0 0 0 -0.017116525459724724
-1 0.0 0 0 -0.004364923898344684
-1 0.0 0 0 0.006957702802146214
4 0.6782086491584778 11 12 0.019572823891828565
-1 0.0 0 0 -0.011531985144767602
7 0.6019999980926514 13 14 0.02691826298178045
-1 0.0 0 0 0.002628324529099833
-1 0.0 0 0 0.08865878940983252
-1 0.0 0 0 -0.003710893394869212
6 0.8371302485466003 17 22 0.03321410353972324
7 0.030000001192092896 18 21 -0.15531010495033115
8 36.5 19 20 -0.2784477231649293
-1 0.0 0 0 0.03589563184493297
-1 0.0 0 0 -0.032196054519394696
-1 0.0 0 0 0.019939975050366043
5 1.5516430139541626 23 28 0.04086492989884095
1 0.45300278067588806 24 25 0.03871502464230455
-1 0.0 0 0 0.005570339732628576
0 0.5703731179237366 26 27 -0.01359280458683487
-1 0.0 0 0 -0.0004370439944344573
-1 0.0 0 0 -0.041665405548576805
-1 0.0 0 0 0.06047585730070937
nodes 29
4 0.7711651921272278 1 8 0.0
1 0.36912599205970764 2 7 -0.04126264454808273
8 60.5 3 4 -0.036941512588631195
-1 0.0 0 0 -0.0070808009948127365
0 0.4682884216308594 5 6 0.010535804239842054
-1 0.0 0 0 0.007953925892179239
-1 0.0 0 0 -0.003925149850536261
-1 0.0 0 0 -0.043278243296174676
8 30.5 9 10 0.0059216258965615835
-1 0.0 0 0 -0.004490406919851055
7 0.0020000000949949026 11 14 0.011167826598835896
6 0.9233640432357788 12 13 -0.04979553678151534
-1 0.0 0 0 -0.012085167948826999
-1 0.0 0 0 0.001668702957564409
0 0.5703731179237366 15 28 0.0145358337080302
2 0.4573010504245758 16 17 0.015096916353681373
-1 0.0 0 0 0.0008247532729252424
8 37.5 18 21 0.042338059774349276
3 0.7144395112991333 19 20 0.10311002485124336
-1 0.0 0 0 0.09943671585483985
-1 0.0 0 0 0.009760225604749692
6 0.8140664100646973 22 27 0.023382540886728708
7 0.026000000536441803 23 26 -0.197388572152704
5 1.3146120309829712 24 25 -0.39164917580479675
-1 0.0 0 0 -0.08588823143268626
-1 0.0 0 0 -0.007015848416117353
-1 0.0 0 0 0.015304232070989469
-1 0.0 0 0 0.002902109583665528
-1 0.0 0 0 -0.03042016152828706
nodes 29
4 0.8929303288459778 1 16 0.0
7 0.23399999737739563 2 15 -0.020487916439097857
8 39.5 3 6 -0.00820155217905853
6 0.9933112859725952 4 5 -0.09499989874099649
-1 0.0 0 0 -0.019877024815673106
-1 0.0 0 0 -0.002522173811399435
0 0.5299081802368164 7 10 -0.0015414363650625765
8 86.5 8 9 0.004945541397833595
-1 0.0 0 0 0.0003820655880405755
-1 0.0 0 0 0.043988898097247375
8 48.5 11 12 -0.09918469744667033
-1 0.0 0 0 0.025132620887658032
4 0.8869562149047852 13 14 -0.12225088327662643
-1 0.0 0 0 -0.01089094732511808
-1 0.0 0 0 -0.07870211414410733
-1 0.0 0 0 -0.007446165026094674
8 30.5 17 24 0.01024426554281413
2 0.34531310200691223 18 21 -0.03574674164627484
6 0.9983358383178711 19 20 -0.06612658939453632
-1 0.0 0 0 -0.020516318290148994
-1 0.0 0 0 -0.00461245017422993
5 1.242843508720398 22 23 0.018947834246220218
-1 0.0 0 0 -0.002154163270981764
-1 0.0 0 0 0.019564324751414022
7 0.018000000156462193 25 28 0.01637457557034743
6 0.8724886775016785 26 27 -0.01597333960821558
-1 0.0 0 0 -0.008293014684032691
-1 0.0 0 0 -0.00020251122977549166
-1 0.0 0 0 0.0024816930710733387
nodes 29
4 0.6080148816108704 1 2 0.0
-1 0.0 0 0 -0.007660542881555706
7 0.4300000071525574 3 28 0.0024817558674171416
6 0.6746454834938049 4 5 0.0056435315509552
-1 0.0 0 0 -0.011097936701514865
0 0.5561773777008057 6 27 0.006983773307480221
2 0.45285412669181824 7 16 0.007883391809499467
5 1.5364670753479004 8 9 0.0015388229971070612
-1 0.0 0 0 -0.00028432120224975923
2 0.3026839941740036 10 11 0.0417657556813216
-1 0.0 0 0 -0.004213207890273436
2 0.410733699798584 12 13 0.09328465890044159
-1 0.0 0 0 0.007474929827953377
1 0.27104103565216064 14 15 0.3073176196518988
-1 0.0 0 0 0.045838135735837865
-1 0.0 0 0 0.00038878706380211076
5 1.5516430139541626 17 26 0.03293027072913397
2 0.48069071769714355 18 21 0.03041865560766377
8 57.5 19 20 0.054969914271704584
-1 0.0 0 0 0.006181918159393122
-1 0.0 0 0 -0.012969275392363975
4 0.9106736183166504 22 25 -0.0051462208461687
8 51.5 23 24 0.1799835965927968
-1 0.0 0 0 0.03598119018853388
-1 0.0 0 0 -0.005411242213122239
-1 0.0 0 0 -0.0015400456782913338
-1 0.0 0 0 0.062492121669748046
-1 0.0 0 0 -0.0157571596418872
-1 0.0 0 0 -0.005383518592017772
nodes 29
1 0.13676539063453674 1 2 0.0
-1 0.0 0 0 -0.005665655731968835
4 0.9642592668533325 3 8 0.0027979279665029046
8 29.5 4 5 -0.007028565190760525
-1 0.0 0 0 -0.018177569983926965
5 3.150658130645752 6 7 -0.005325459107698704
-1 0.0 0 0 -0.0005672425247987391
-1 0.0 0 0 0.08422655080529777
6 1.0563884973526 9 26 0.015807816687748468
7 0.14999999850988388 10 19 0.01867841032229935
4 1.099502444267273 11 12 0.007354451621965103
-1 0.0 0 0 0.001587923899022831
8 44.5 13 18 -0.06555088938595233
2 0.3732672333717346 14 15 -0.049736031601236436
-1 0.0 0 0 -0.01304648031391233
0 0.46459388732910156 16 17 0.0039420152080461325
-1 0.0 0 0 0.002462405067517494
-1 0.0 0 0 -0.03653800467049683
-1 0.0 0 0 -0.036086493311754245
6 1.0040414333343506 20 25 0.04764517727532517
5 1.1947875022888184 21 22 0.07616533995603492
-1 0.0 0 0 0.00437688315808891
3 0.99809330701828 23 24 0.17759166076065264
-1 0.0 0 0 0.01523074584757511
-1 0.0 0 0 0.05595445037878891
-1 0.0 0 0 0.0011871992877980847
1 0.26404842734336853 27 28 -0.09751970614834117
-1 0.0 0 0 -0.006026575949126825
-1 0.0 0 0 -0.05917903786971116
nodes 29
4 0.6524167060852051 1 2 0.0
-1 0.0 0 0 -0.005467135387291584
8 25.5 3 6 0.002699890587452097
0 0.4539378881454468 4 5 -0.08035380938224156
-1 0.0 0 0 -0.007027599350601098
-1 0.0 0 0 -0.07637790267666182
4 1.0 7 26 0.004351435757875603
6 0.9998196363449097 8 15 -0.002428887983009005
6 0.9532519578933716 9 12 0.007031847068463418
7 0.0020000000949949026 10 11 -0.01247045117410688
-1 0.0 0 0 -0.009177307819825729
-1 0.0 0 0 -0.00033632055677469924
8 56.5 13 14 0.02632360705278216
-1 0.0 0 0 0.001895698325650263
-1 0.0 0 0 0.01006939171563738
2 0.5132841467857361 16 21 -0.034838815541926936
1 0.4337610900402069 17 20 -0.032207984739245694
1 0.25701045989990234 18 19 -0.03955464374100079
-1 0.0 0 0 -0.001403856386123641
-1 0.0 0 0 -0.007697879563010587
-1 0.0 0 0 0.01602249823404139
0 0.5299081802368164 22 23 -0.43832933574914934
-1 0.0 0 0 -0.12965108435600997
4 0.9684626460075378 24 25 -0.13680610327503165
-1 0.0 0 0 -0.048886852769388096
-1 0.0 0 0 0.04094976587542173
0 0.5420362949371338 27 28 0.022795125755376656
-1 0.0 0 0 0.002398011587701094
-1 0.0 0 0 -0.0780403989392358
nodes 29
4 0.7447479367256165 1 8 0.0
8 62.5 2 3 -0.03329270717177469
-1 0.0 0 0 -0.006307907387809908
0 0.5010856986045837 4 7 0.013158772834850173
8 75.5 5 6 0.06885340317508945
-1 0.0 0 0 0.0040777341257682035
-1 0.0 0 0 0.021764927654098768
-1 0.0 0 0 -0.007467014616224126
8 30.5 9 24 0.0037803386040004532
7 0.07000000029802322 10 11 -0.03291771434345756
-1 0.0 0 0 -0.011410818378184766
2 0.3105638027191162 12 13 -0.014904938961801633
-1 0.0 0 0 -0.005021050100482056
4 0.9612149596214294 14 15 0.03054976966306605
-1 0.0 0 0 -0.021978208112941926
3 0.5901935696601868 16 17 0.050329757873424134
-1 0.0 0 0 0.04795531409978867
6 1.061484456062317 18 23 0.03395343650278459
5 1.260259985923767 19 22 0.04771426057563111
7 0.421999990940094 20 21 0.011125376304011303
-1 0.0 0 0 0.003996403806954067
-1 0.0 0 0 -0.01805601731295668
-1 0.0 0 0 0.016348894036448392
-1 0.0 0 0 -0.03766047970117892
6 0.6746454834938049 25 26 0.007470967211508578
-1 0.0 0 0 -0.011239007120371427
0 0.5703731179237366 27 28 0.008627798199591207
-1 0.0 0 0 0.0009124514010537079
-1 0.0 0 0 -0.026582810032653482
nodes 29
7 0.6899999976158142 1 28 0.0
4 0.6080148816108704 2 3 0.0007752525809145566
-1 0.0 0 0 -0.0058231344338253496
6 0.5334320068359375 4 5 0.0026871660198489193
-1 0.0 0 0 -0.016223864067608368
0 0.5480470657348633 6 19 0.0032936119548870883
2 0.4502229541540146 7 8 0.004213514814408372
-1 0.0 0 0 -0.00010253789515610026
1 0.26821404695510864 9 10 0.02474081735153083
-1 0.0 0 0 0.0788834297657013
8 24.5 11 12 0.02335637505662521
-1 0.0 0 0 -0.06260788421936785
2 0.48069071769714355 13 18 0.024467729659884908
8 57.5 14 17 0.04495549098730349
5 1.1156212091445923 15 16 0.051333555068622874
-1 0.0 0 0 0.001569798931766156
-1 0.0 0 0 0.008184969356884349
-1 0.0 0 0 -0.012287912465598018
-1 0.0 0 0 -0.000921782444364947
4 0.9850430488586426 20 27 -0.10322039578661749
6 1.0029692649841309 21 26 -0.06888375195848091
1 0.3995419442653656 22 23 -0.04649939476915946
-1 0.0 0 0 -0.021874416736468182
5 1.0580658912658691 24 25 0.05151436704251853
-1 0.0 0 0 -0.07081706157097449
-1 0.0 0 0 0.009521306074065759
-1 0.0 0 0 -0.07988084429146156
-1 0.0 0 0 -0.06448984708713026
-1 0.0 0 0 -0.014689191515623992
nodes 29
7 0.4300000071525574 1 28 0.0
4 0.5934293866157532 2 3 0.0023927646795806447
-1 0.0 0 0 -0.005590044922544309
7 0.041999999433755875 4 15 0.003983655813944136
4 1.099502444267273 5 6 -0.008391291965695097
-1 0.0 0 0 -0.00037414702275890904
8 43.5 7 14 -0.12561834676473366
2 0.3714727461338043 8 11 -0.09622824709333976
2 0.3601128160953522 9 10 -0.25195643565727704
-1 0.0 0 0 -0.019451358226912196
-1 0.0 0 0 -0.0679962009921962
2 0.471752405166626 12 13 -0.009846201699444043
-1 0.0 0 0 0.007760023701774881
-1 0.0 0 0 -0.022438146468562386
-1 0.0 0 0 -0.04513361486275211
2 0.4080648720264435 16 23 0.01140505567414716
4 0.9798303842544556 17 22 0.0010844921356748876
7 0.22999999672174454 18 19 -0.010002915413137184
-1 0.0 0 0 0.00017874723655569342
1 0.2972976267337799 20 21 -0.047505796606369076
-1 0.0 0 0 -0.002365154676372893
-1 0.0 0 0 -0.015921791920909374
-1 0.0 0 0 0.002590676526681209
3 0.798791766166687 24 25 0.02893288693400615
-1 0.0 0 0 0.009291666234863409
1 0.34680312871932983 26 27 0.01337228929980589
-1 0.0 0 0 0.036859373124009304
-1 0.0 0 0 0.0011478385431949894
-1 0.0 0 0 -0.004186851050906453
nodes 29
4 0.8929303288459778 1 20 0.0
8 53.5 2 9 -0.013562575343427185
2 0.4211920201778412 3 4 -0.03146269547660096
-1 0.0 0 0 -0.004219229987597815
5 1.1563764810562134 5 8 0.0734663473226835
6 0.9775527715682983 6 7 -0.013582368506124024
-1 0.0 0 0 -0.010207299389479
-1 0.0 0 0 0.011725734188997498
-1 0.0 0 0 0.019510086165528573
0 0.49982646107673645 10 13 0.01090931166153386
8 86.5 11 12 0.02947920549408828
-1 0.0 0 0 0.002747254645482231
-1 0.0 0 0 0.051905734458570045
5 1.3474245071411133 14 19 -0.04422464032046395
8 61.5 15 16 -0.09621923275680778
-1 0.0 0 0 -0.0010420834554583011
1 0.35788771510124207 17 18 -0.16537127506851546
-1 0.0 0 0 -0.008451527885350536
-1 0.0 0 0 -0.028536775352773425
-1 0.0 0 0 0.0032336038298347563
3 0.603765070438385 21 28 0.0067814910970295916
2 0.3026839941740036 22 23 0.06286338232878673
-1 0.0 0 0 -0.0036240614334099794
4 1.0002944469451904 24 27 0.1398448863551324
2 0.3714727461338043 25 26 0.08977999384871155
-1 0.0 0 0 0.017490892980408592
-1 0.0 0 0 -0.0012818398019329247
-1 0.0 0 0 0.03599353553606318
-1 0.0 0 0 0.0004182181304563709
nodes 29
7 0.7819999754428864 1 28 0.0
2 0.45644092559814453 2 3 0.0002973181191350864
-1 0.0 0 0 -0.00038000986177539996
6 0.8140664100646973 4 15 0.01992378755445069
7 0.018000000156462193 5 8 -0.19235408805460402
1 0.4156094193458557 6 7 -0.36853627411909
-1 0.0 0 0 -0.03024557744562626
-1 0.0 0 0 -0.09381957539710506
2 0.49836939573287964 9 14 0.09850289367315684
8 49.5 10 13 0.2496627090714764
3 0.7849774360656738 11 12 0.5839209250437144
-1 0.0 0 0 0.08416747175285529
-1 0.0 0 0 -0.016356507316231728
-1 0.0 0 0 -0.018487297169243296
-1 0.0 0 0 -0.05744020910032334
2 0.48069071769714355 16 27 0.025582509931747873
5 1.1156212091445923 17 26 0.051321764069073884
5 1.1086814403533936 18 21 0.0159758469305329
6 0.9075202345848083 19 20 0.03852265189431568
-1 0.0 0 0 0.04854640549626844
-1 0.0 0 0 0.003151085817563421
4 0.9358689785003662 22 25 -0.14227322342274623
2 0.46202293038368225 23 24 -0.5382013072905777
-1 0.0 0 0 -0.00947842092659229
-1 0.0 0 0 -0.07783855687205991
-1 0.0 0 0 -0.0038622239202629987
-1 0.0 0 0 0.008237521164727188
-1 0.0 0 0 -0.0005349781199090784
-1 0.0 0 0 -0.029702085979282856
nodes 29
1 0.09076957404613495 1 2 0.0
-1 0.0 0 0 -0.007261822832100887
6 0.5334320068359375 3 4 0.0011575418137961069
-1 0.0 0 0 -0.014389391724223394
5 1.5828040838241577 5 12 0.0016796075680608616
6 1.0050921440124512 6 11 -0.0012933211830343338
8 23.5 7 8 0.0033192282275871037
-1 0.0 0 0 -0.0360817185203944
7 0.5660000145435333 9 10 0.0037837423511736606
-1 0.0 0 0 0.00034135081124807596
-1 0.0 0 0 0.042168563927578576
-1 0.0 0 0 -0.0030085166773751826
2 0.2926456332206726 13 16 0.031713120525128966
6 1.03019118309021 14 15 -0.04302221522244907
-1 0.0 0 0 -0.009531748165217865
-1 0.0 0 0 0.0022427515072743656
6 0.8724886775016785 17 22 0.07595633154167138
2 0.4237402677536011 18 19 -0.017017019909446165
-1 0.0 0 0 -0.005144081768967306
1 0.30721187591552734 20 21 0.2195892168333133
-1 0.0 0 0 0.03569435638294915
-1 0.0 0 0 -0.05388456557108008
2 0.42979511618614197 23 24 0.10109404401048315
-1 0.0 0 0 0.009159676064323583
7 0.058000000193715096 25 26 0.36097425251425086
-1 0.0 0 0 0.06895664075389506
6 1.0019903182983398 27 28 0.15123457909422985
-1 0.0 0 0 -0.0036878467575736243
-1 0.0 0 0 0.08051513603755406
nodes 29
7 0.722000002861023 1 28 0.0
4 1.0 2 23 0.0005098877174575118
6 0.9998196363449097 3 6 -0.004863206095870342
6 0.9567990303039551 4 5 0.003070242779759146
-1 0.0 0 0 -0.0010853581509319796
-1 0.0 0 0 0.0019094538224716077
5 1.0618844032287598 7 8 -0.031040509513205757
-1 0.0 0 0 0.01941341158201206
1 0.2213984727859497 9 12 -0.03469926089257641
6 1.0365744829177856 10 11 -0.003772368621538215
-1 0.0 0 0 -0.0037289393799411572
-1 0.0 0 0 0.004580953086749908
2 0.3982301354408264 13 14 -0.06198851352395353
-1 0.0 0 0 -0.008769465680220627
7 0.5020000040531158 15 22 0.002413633372607117
2 0.5132841467857361 16 19 -0.005162517036848117
7 0.45399999618530273 17 18 0.008512640122066848
-1 0.0 0 0 0.001776064515886361
-1 0.0 0 0 -0.057313820298172925
0 0.5299081802368164 20 21 -0.3912471865931916
-1 0.0 0 0 -0.13331667266108774
-1 0.0 0 0 -0.00674623447121121
-1 0.0 0 0 0.08305198129104532
0 0.5299081802368164 24 25 0.015332809456005672
-1 0.0 0 0 0.0016960201927803936
5 1.119528889656067 26 27 -0.44206835123452737
-1 0.0 0 0 -0.01904006063938141
-1 0.0 0 0 -0.10061512276016434
-1 0.0 0 0 -0.014901729398666503
nodes 29
8 30.5 1 4 0.0
7 0.07000000029802322 2 3 -0.028008858661422432
-1 0.0 0 0 -0.010202837653337798
-1 0.0 0 0 -0.0011701142909653435
4 0.986055850982666 5 8 0.0025195057541046195
4 0.9839865565299988 6 7 -0.0036892904557535577
-1 0.0 0 0 -0.0002304173860121051
-1 0.0 0 0 -0.012297072693113073
0 0.5480470657348633 9 28 0.017058785518235083
7 0.14999999850988388 10 13 0.017959050847388695
4 1.0720446109771729 11 12 0.0059540045984572175
-1 0.0 0 0 0.0017171460173685462
-1 0.0 0 0 -0.0039953173004338895
6 1.0050921440124512 14 21 0.052718581516989216
5 1.306448221206665 15 18 0.08698841194786178
1 0.47512561082839966 16 17 0.06473670788195743
-1 0.0 0 0 0.005448070898216828
-1 0.0 0 0 0.04332879276049358
1 0.28429678082466125 19 20 0.3391533196719882
-1 0.0 0 0 0.023338781493828935
-1 0.0 0 0 0.06987560357665644
1 0.31790709495544434 22 23 -0.002461438475747369
-1 0.0 0 0 0.004111704678440175
1 0.3281175494194031 24 27 -0.09224004318309202
6 1.0190331935882568 25 26 -0.5903443574006187
-1 0.0 0 0 -0.0232054502376028
-1 0.0 0 0 -0.12216169591106119
-1 0.0 0 0 -0.005713670147638904
-1 0.0 0 0 -0.05568498936156894
nodes 29
4 0.6080148816108704 1 4 0.0
8 86.5 2 3 -0.04640051492165744
-1 0.0 0 0 -0.0055433949828746125
-1 0.0 0 0 0.019766353890736357
7 0.0020000000949949026 5 28 0.0015032192785654449
6 0.9233640432357788 6 27 -0.03516317602805867
2 0.4784027934074402 7 18 -0.08907790160342043
1 0.402413547039032 8 15 -0.06769299286963668
1 0.3391972482204437 9 10 -0.08822579344273254
-1 0.0 0 0 -0.0024491337251283424
3 0.6430625915527344 11 12 -0.1976827942932647
-1 0.0 0 0 0.0341174640481905
1 0.3534952402114868 13 14 -0.23949750006644774
-1 0.0 0 0 -0.05024002577753409
-1 0.0 0 0 -0.017413228059952
6 0.9133824110031128 16 17 0.17106050216636165
-1 0.0 0 0 0.03305096762225956
-1 0.0 0 0 -0.030728702000234018
3 0.8088436126708984 19 22 -0.29190769099109853
3 0.716752827167511 20 21 -0.6531484380750705
-1 0.0 0 0 -0.021682476988062263
-1 0.0 0 0 -0.1016751494903777
4 0.9980531930923462 23 26 -0.06645247295287483
4 0.9572319388389587 24 25 0.24799706109545447
-1 0.0 0 0 -0.040288491901897254
-1 0.0 0 0 0.05517419851488538
-1 0.0 0 0 -0.034316806291540464
-1 0.0 0 0 0.0020180670105521305
-1 0.0 0 0 0.0003389833917342266
nodes 29
7 0.43799999356269836 1 24 0.0
6 0.6746454834938049 2 15 0.0019211998595414185
2 0.44941946864128113 3 14 -0.07110525518454004
2 0.41687846183776855 4 9 -0.046009200069012865
2 0.3521703779697418 5 6 -0.08659990165498122
-1 0.0 0 0 0.0022894266757227306
5 1.6988359689712524 7 8 -0.19127053841907482
-1 0.0 0 0 -0.004888675461939358
-1 0.0 0 0 -0.02919026863677217
8 51.5 10 13 0.16601752350945712
8 46.5 11 12 0.4445950840566573
-1 0.0 0 0 0.012815421782311445
-1 0.0 0 0 0.08203686127089896
-1 0.0 0 0 -0.002898676887358306
-1 0.0 0 0 -0.029422816537132787
8 84.5 16 23 0.002838737116145322
4 0.5768035054206848 17 18 0.0025191642312991027
-1 0.0 0 0 -0.006361281511468942
5 1.5516430139541626 19 20 0.003920589782214706
-1 0.0 0 0 9.058773721887313e-05
2 0.410733699798584 21 22 0.039188085674409595
-1 0.0 0 0 0.002399613862222545
-1 0.0 0 0 0.028122504493068606
-1 0.0 0 0 0.02133404961590406
2 0.5005794763565063 25 28 -0.035412649575422624
5 1.0732430219650269 26 27 -0.03320329391882501
-1 0.0 0 0 0.033860982147355875
-1 0.0 0 0 -0.0037161872040116168
-1 0.0 0 0 -0.060167050436139104
nodes 29
1 0.09076957404613495 1 2 0.0
-1 0.0 0 0 -0.006234244772426464
8 75.5 3 26 0.00099374478308815
4 0.7669656276702881 4 15 0.00026137006890002655
1 0.3600197434425354 5 10 -0.025850446400922964
8 60.5 6 7 -0.020914738041985938
-1 0.0 0 0 -0.004645755325721718
0 0.4690226912498474 8 9 0.019575494794243673
-1 0.0 0 0 0.006835314620425088
-1 0.0 0 0 -0.002291847399668013
5 1.1745679378509521 11 12 -0.2928134492970038
-1 0.0 0 0 -0.04079457802904977
5 1.196005940437317 13 14 0.04553462545938638
-1 0.0 0 0 0.05952262785285711
-1 0.0 0 0 -0.03667341143425022
7 0.041999999433755875 16 25 0.0034553143712798664
4 1.099502444267273 17 18 -0.008933321347593745
-1 0.0 0 0 -0.0004517249229964795
8 43.5 19 24 -0.10978102479471538
2 0.3714727461338043 20 21 -0.0829574298101943
-1 0.0 0 0 -0.02223607442313123
2 0.471752405166626 22 23 -0.007066050144643589
-1 0.0 0 0 0.007130475309120653
-1 0.0 0 0 -0.019933575408326257
-1 0.0 0 0 -0.040508665765182826
-1 0.0 0 0 0.0010392808075407622
0 0.4953945577144623 27 28 0.08236658133570092
-1 0.0 0 0 0.02132502141834626
-1 0.0 0 0 -0.0010321438813297593
nodes 29
8 25.5 1 4 0.0
0 0.4539378881454468 2 3 -0.0566362123312107
-1 0.0 0 0 -0.00481064557470904
-1 0.0 0 0 -0.06353959924092999
4 1.0 5 24 0.0010728107562780543
6 0.9998196363449097 6 11 -0.004089475018015557
6 0.997190535068512 7 8 0.00291049161521434
-1 0.0 0 0 1.8286044157676028e-05
7 0.1380000039935112 9 10 0.07916593897728041
-1 0.0 0 0 -0.0018529766900967075
-1 0.0 0 0 0.018771672328644434
5 1.0618844032287598 12 13 -0.02732388251334858
-1 0.0 0 0 0.017217065381940785
1 0.22298870980739594 14 15 -0.03058583104851598
-1 0.0 0 0 -0.00022845774631030893
2 0.3982301354408264 16 17 -0.0562063909315882
-1 0.0 0 0 -0.008003702654372596
7 0.5020000040531158 18 23 0.0021048129863075198
6 1.024709701538086 19 22 -0.004824507177164114
4 0.9489158987998962 20 21 0.005994162525445183
-1 0.0 0 0 0.00870206270184721
-1 0.0 0 0 -0.005383987912932026
-1 0.0 0 0 -0.04248636515038679
-1 0.0 0 0 0.07265074917425712
0 0.5299081802368164 25 26 0.01608220391871598
-1 0.0 0 0 0.001753524351026693
3 0.9221797585487366 27 28 -0.37487919069826603
-1 0.0 0 0 -0.08242440160363913
-1 0.0 0 0 -0.01037107616149146
nodes 29
7 0.7819999754428864 1 28 0.0
0 0.5480470657348633 2 3 0.00023843763574517765
-1 0.0 0 0 0.00010527429653877157
6 0.997558057308197 4 27 -0.06812166386394014
7 0.014000000432133675 5 6 -0.03546688302854756
-1 0.0 0 0 -0.014920009544616794
5 1.072037935256958 7 8 0.02495905952229879
-1 0.0 0 0 -0.04163134047170965
4 0.7892773747444153 9 12 0.05296551623099106
8 60.5 10 11 -0.07044002769880438
-1 0.0 0 0 -0.055735527514480056
-1 0.0 0 0 -0.002461271029212238
0 0.5703731179237366 13 26 0.22050880944954543
7 0.10200000181794167 14 25 0.3506838731467724
4 0.9747138619422913 15 24 0.4619861055143486
3 0.806121826171875 16 21 0.5647496658134951
1 0.4570261836051941 17 20 0.32955996023321693
7 0.041999999433755875 18 19 0.5084298972153303
-1 0.0 0 0 0.019048410573521177
-1 0.0 0 0 0.09140848725520331
-1 0.0 0 0 -0.0207049850713123
5 1.1133089065551758 22 23 0.9215892191077101
-1 0.0 0 0 0.12281639473512769
-1 0.0 0 0 0.054426647665408945
-1 0.0 0 0 -0.01903391033411026
-1 0.0 0 0 -0.017181827324546046
-1 0.0 0 0 -0.016624319139004185
-1 0.0 0 0 -0.0345160610951303
-1 0.0 0 0 -0.023819916769862177
nodes 29
2 0.45644092559814453 1 16 0.0
1 0.3802894651889801 2 11 -0.0033478613605990738
2 0.41866058111190796 3 4 0.0012847584469167772
-1 0.0 0 0 -0.0003242593614632877
5 1.1755868196487427 5 8 0.06308601623582696
7 0.32999999821186066 6 7 -0.06589642690226168
-1 0.0 0 0 -0.00470761346677962
-1 0.0 0 0 -0.08826971098780632
8 43.5 9 10 0.09329076557829076
-1 0.0 0 0 0.01770093563368022
-1 0.0 0 0 0.00433416105867915
8 52.5 12 15 -0.02574653402841688
0 0.4169468879699707 13 14 -0.01284464847279754
-1 0.0 0 0 -0.008356551455102565
-1 0.0 0 0 8.465619274150404e-05
-1 0.0 0 0 -0.011409624729085946
6 0.8140664100646973 17 26 0.016055531624050233
7 0.018000000156462193 18 19 -0.15646717589957657
-1 0.0 0 0 -0.030820787536467706
2 0.49836939573287964 20 25 0.094039659312039
8 49.5 21 24 0.2283471744504177
4 0.9642592668533325 22 23 0.5296271371338755
-1 0.0 0 0 0.1061367942341443
-1 0.0 0 0 0.021492339527633575
-1 0.0 0 0 -0.01633167770380775
-1 0.0 0 0 -0.05038454080781629
2 0.48069071769714355 27 28 0.020654494671211058
-1 0.0 0 0 0.004251052953731908
-1 0.0 0 0 -0.000561111620613846
nodes 29
7 0.6899999976158142 1 28 0.0
6 0.5334320068359375 2 3 0.0005189505715211244
-1 0.0 0 0 -0.011024321799905428
8 75.5 4 25 0.0009582789283188892
4 0.6782086491584778 5 6 0.00030429249244997176
-1 0.0 0 0 -0.003874827332140274
5 1.5828040838241577 7 8 0.002422868193057609
-1 0.0 0 0 -4.489543982283978e-05
2 0.294132262468338 9 10 0.034218365902801126
-1 0.0 0 0 -0.0031947643958899364
0 0.512292206287384 11 22 0.07512805488608405
6 0.8724886775016785 12 13 0.06674371634713827
-1 0.0 0 0 -0.0035625154887012015
8 58.5 14 21 0.09012677856795348
4 0.8555575609207153 15 20 0.07804832305580073
2 0.3609820604324341 16 17 0.015234416455872958
-1 0.0 0 0 0.00885992051885006
1 0.17067931592464447 18 19 -0.19316124018734773
-1 0.0 0 0 -0.05305067664067097
-1 0.0 0 0 -0.009254941657806435
-1 0.0 0 0 0.012001285586186438
-1 0.0 0 0 0.02876123092459163
6 0.6267572045326233 23 24 0.34629984329604396
-1 0.0 0 0 -0.030548494043094773
-1 0.0 0 0 0.050499526889913764
0 0.5062798261642456 26 27 0.07352269253625118
-1 0.0 0 0 0.01713546176228021
-1 0.0 0 0 -0.002586919490931076
-1 0.0 0 0 -0.00983287773884478
nodes 29
8 30.5 1 28 0.0
7 0.07000000029802322 2 11 -0.023280742700116222
2 0.4794997572898865 3 6 -0.09060899540011406
2 0.4520031809806824 4 5 -0.07162038943937082
-1 0.0 0 0 -0.011593970386608053
-1 0.0 0 0 0.03470628309402276
7 0.04600000008940697 7 10 -0.32651248747096945
0 0.4682884216308594 8 9 -0.19380300997925753
-1 0.0 0 0 -0.06507759586233518
-1 0.0 0 0 0.0030810812235636227
-1 0.0 0 0 -0.08342704883088237
4 0.9258370995521545 12 13 -0.008447222587296941
-1 0.0 0 0 -0.011024550041235957
6 1.0563884973526 14 25 0.001517771167331753
3 0.7189359068870544 15 24 0.019237696735320713
1 0.09076957404613495 16 17 0.12489416733883885
-1 0.0 0 0 -0.026094708984548395
4 1.004995584487915 18 19 0.16104624424708033
-1 0.0 0 0 0.004223524378973482
2 0.3359261155128479 20 21 0.262937956664614
-1 0.0 0 0 0.016782740140016277
8 28.5 22 23 0.5739751779348463
-1 0.0 0 0 0.08539289039276217
-1 0.0 0 0 0.011405119951814414
-1 0.0 0 0 0.00027537467650999006
1 0.2143697589635849 26 27 -0.058563259429192466
-1 0.0 0 0 -0.002554583072534335
-1 0.0 0 0 -0.02843360679962948
-1 0.0 0 0 0.00020941934627532685
nodes 29
2 0.46387916803359985 1 2 0.0
-1 0.0 0 0 -0.00027315492754565715
2 0.48069071769714355 3 4 0.01661781166545822
-1 0.0 0 0 0.005035586611059031
6 0.8371302485466003 5 12 -0.010370911219759017
7 0.018000000156462193 6 7 -0.19286711336247897
-1 0.0 0 0 -0.03443134010132206
2 0.49836939573287964 8 9 0.07356617046752945
-1 0.0 0 0 0.03332383915367245
0 0.5196250677108765 10 11 -0.30413887836039066
-1 0.0 0 0 -0.07293629539401635
-1 0.0 0 0 0.01615827282269796
3 0.8492909669876099 13 24 -0.003162976396892145
5 1.0992070436477661 14 15 0.05520625924789283
-1 0.0 0 0 0.03169726290999307
1 0.45300278067588806 16 19 0.025543481355781068
5 1.1480586528778076 17 18 0.06564030889525876
-1 0.0 0 0 0.022856210505293954
-1 0.0 0 0 2.672997786971967e-05
8 49.5 20 23 -0.11938871737855745
5 1.1125366687774658 21 22 0.030260135306090844
-1 0.0 0 0 -0.05472303554415703
-1 0.0 0 0 0.016308294817805293
-1 0.0 0 0 -0.041389765946194534
3 0.8697379231452942 25 26 -0.022891964362659153
-1 0.0 0 0 -0.013187772480147929
3 0.8734923601150513 27 28 -0.004900306802614263
-1 0.0 0 0 0.024193026712164285
-1 0.0 0 0 -0.0013338958902588864
nodes 29
4 1.0 1 8 0.0
8 28.5 2 7 -0.004027235983686486
1 0.24986854195594788 3 4 -0.10521662726711943
-1 0.0 0 0 -0.004288017795747538
7 0.49000000953674316 5 6 -0.2465655186953569
-1 0.0 0 0 -0.01919653591529211
-1 0.0 0 0 -0.07114941499506434
-1 0.0 0 0 -0.000258969959597651
0 0.5299081802368164 9 26 0.011026163729524082
4 1.099502444267273 10 21 0.012252118613458297
3 0.9772628545761108 11 12 0.021743457905987595
-1 0.0 0 0 0.00304754801799767
2 0.47723984718322754 13 18 -0.04479344416570694
0 0.4539378881454468 14 15 -0.0862674426622974
-1 0.0 0 0 -0.0072384200385822665
0 0.4595015048980713 16 17 -0.5061158384025851
-1 0.0 0 0 -0.08668075549449944
-1 0.0 0 0 0.017919842302799225
8 35.5 19 20 0.09110327423541768
-1 0.0 0 0 0.02756216090231661
-1 0.0 0 0 -0.00047043226736055303
3 0.99809330701828 22 25 -0.018592842779416283
6 0.9979596734046936 23 24 -0.061231297644956835
-1 0.0 0 0 -0.014440101983767176
-1 0.0 0 0 -0.002587617886393078
-1 0.0 0 0 0.0029931288371244902
5 1.119528889656067 27 28 -0.33666246659815946
-1 0.0 0 0 -0.013283872168797714
-1 0.0 0 0 -0.0793508791396844
nodes 29
8 86.5 1 28 0.0
4 0.5934293866157532 2 3 -0.0002353071810502114
-1 0.0 0 0 -0.004405830250025951
7 0.0020000000949949026 4 27 0.0009526669410760517
6 0.9187205135822296 5 26 -0.030256149799090724
1 0.3084757924079895 6 7 -0.08044234399656322
-1 0.0 0 0 -0.0006430142637757606
5 1.1071637868881226 8 13 -0.12663435619212984
1 0.39666590094566345 9 10 -0.41033603896054655
-1 0.0 0 0 -0.07948633206229155
2 0.47723984718322754 11 12 -0.1472384251915572
-1 0.0 0 0 0.019476154840418272
-1 0.0 0 0 -0.06913292922756889
3 0.7941750288009644 14 21 -0.10590729261087566
3 0.7621102333068848 15 18 -0.16860573126205788
4 0.9489158987998962 16 17 -0.10630313589803915
-1 0.0 0 0 -0.0067593895564150635
-1 0.0 0 0 -0.050583779505853146
2 0.46202293038368225 19 20 -0.4410184585778364
-1 0.0 0 0 -0.030030847516826404
-1 0.0 0 0 -0.10559732008863379
0 0.40627190470695496 22 25 -0.014613678201023385
1 0.3303369879722595 23 24 -0.27312113673958394
-1 0.0 0 0 0.012591020638744036
-1 0.0 0 0 -0.04621359834839639
-1 0.0 0 0 0.005383274108105412
-1 0.0 0 0 0.0016291596135381535
-1 0.0 0 0 0.0002558665631240992
-1 0.0 0 0 0.018801036278530955
nodes 29
7 0.8219999969005585 1 28 0.0
8 69.5 2 21 0.00010849015979621318
4 0.7398789525032043 3 20 -0.0008396071075511257
1 0.2790651321411133 4 9 -0.03329400126025056
2 0.3833458423614502 5 6 -0.01859430818483454
-1 0.0 0 0 -0.0022744288499973947
6 0.9755520224571228 7 8 0.23141291715524587
-1 0.0 0 0 0.008518472429104038
-1 0.0 0 0 0.07371187508106232
8 54.5 10 11 -0.10785057147944652
-1 0.0 0 0 -0.029289994362464294
0 0.5299081802368164 12 17 -0.06670903651812092
2 0.3609820604324341 13 14 -0.029341850704048884
-1 0.0 0 0 -0.009826991602458294
7 0.058000000193715096 15 16 0.05296031684285743
-1 0.0 0 0 0.015060555034112265
-1 0.0 0 0 -0.009320428733777556
0 0.537302553653717 18 19 -0.255039653021044
-1 0.0 0 0 -0.06479743840971164
-1 0.0 0 0 -0.015680597025202588
-1 0.0 0 0 0.00019955085011960023
0 0.47126877307891846 22 25 0.03994530171711132
3 0.2849639356136322 23 24 0.13792683733904523
-1 0.0 0 0 -0.011561200900101348
-1 0.0 0 0 0.016593403548126103
3 0.7418375015258789 26 27 -0.00804052726696402
-1 0.0 0 0 3.378662105490907e-05
-1 0.0 0 0 -0.059376639855856256
-1 0.0 0 0 -0.04017069615699627
nodes 29
8 25.5 1 16 0.0
0 0.4539378881454468 2 15 -0.04589173324729741
5 1.0744541883468628 3 4 -0.03811508916886728
-1 0.0 0 0 0.048285651609301566
3 0.7260985374450684 5 14 -0.045322776015323876
2 0.289504736661911 6 7 0.052586346752062224
-1 0.0 0 0 -0.0024162581768151694
6 1.0563884973526 8 13 0.3532615608371356
1 0.20493730902671814 9 12 0.5396943216037471
1 0.17067931592464447 10 11 0.7438067864360554
-1 0.0 0 0 0.040464780471203006
-1 0.0 0 0 0.11168816663324832
-1 0.0 0 0 0.015002507056024942
-1 0.0 0 0 -0.021491447197539468
-1 0.0 0 0 -0.0074787148453601335
-1 0.0 0 0 -0.057355143516152
4 1.0 17 18 0.0008692873503870542
-1 0.0 0 0 -0.0003245411476751254
0 0.4986869990825653 19 20 0.012832811870683875
-1 0.0 0 0 0.0016140869900165584
5 1.100040078163147 21 26 -0.10255225219763815
4 1.0285978317260742 22 23 0.07266719855324051
-1 0.0 0 0 0.024513508267889773
7 0.03399999998509884 24 25 -0.16829856862941533
-1 0.0 0 0 -0.06546458121050489
-1 0.0 0 0 0.005231255212241842
5 1.1032800674438477 27 28 -0.2661549437827127
-1 0.0 0 0 -0.11663351326503538
-1 0.0 0 0 -0.020790799038539476
nodes 29
7 0.43799999356269836 1 2 0.0
-1 0.0 0 0 0.0001427007526124861
2 0.5005794763565063 3 28 -0.0263034163841949
2 0.4794997572898865 4 27 -0.024323498375023227
6 0.9952854514122009 5 8 -0.02677263837868511
6 0.9871865510940552 6 7 0.1757944496753423
-1 0.0 0 0 -0.007526251328262417
-1 0.0 0 0 0.04059299990534783
1 0.2882193922996521 9 12 -0.031445700590563376
2 0.35324186086654663 10 11 -0.02031300296681261
-1 0.0 0 0 -0.0030462839721249082
-1 0.0 0 0 0.02160568366677541
4 1.0807346105575562 13 24 -0.12786435501021876
6 1.0120493173599243 14 23 -0.20097469005056404
8 28.5 15 16 -0.07200551173398204
-1 0.0 0 0 -0.04485838695598597
4 0.8869562149047852 17 18 3.5565415316301846e-05
-1 0.0 0 0 -0.045114312514110855
3 0.9104182720184326 19 20 0.06004455381444669
-1 0.0 0 0 0.02201720793290358
2 0.4390608072280884 21 22 -0.2441977446632726
-1 0.0 0 0 0.0011539382948761894
-1 0.0 0 0 -0.06278034360813244
-1 0.0 0 0 -0.046667059124412394
8 32.5 25 26 0.14512561160831824
-1 0.0 0 0 -0.002255487053586942
-1 0.0 0 0 0.06543774462684437
-1 0.0 0 0 0.04560847331125003
-1 0.0 0 0 -0.053375640213489534
nodes 29
6 0.5334320068359375 1 14 0.0
2 0.3609820604324341 2 3 -0.0971088934733527
-1 0.0 0 0 0.0019295201673949236
7 0.05000000074505806 4 13 -0.178742934226006
2 0.41687846183776855 5 6 -0.22224231593925772
-1 0.0 0 0 -0.03563454458490014
0 0.4653030037879944 7 8 -0.07323883826176476
-1 0.0 0 0 0.05828244559932501
4 0.8265906572341919 9 10 -0.23933081149088242
-1 0.0 0 0 0.010869662725815068
2 0.47486335039138794 11 12 -0.4200373662259573
-1 0.0 0 0 -0.0661649729590863
-1 0.0 0 0 -0.003345758484210819
-1 0.0 0 0 0.023450119204988535
8 69.5 15 24 0.0003831438222599385
4 0.6782086491584778 16 19 -0.0005471361141548542
1 0.27381110191345215 17 18 -0.04132051911492568
-1 0.0 0 0 -0.002879586956818587
-1 0.0 0 0 -0.01624855989340081
5 1.6355866193771362 20 21 0.0013331483215328762
-1 0.0 0 0 -9.513284690376872e-05
2 0.3012765049934387 22 23 0.029428588764891187
-1 0.0 0 0 -0.002409828589559789
-1 0.0 0 0 0.007300504363498082
1 0.35788771510124207 25 28 0.04032732071269484
0 0.444065123796463 26 27 0.05588082908446531
-1 0.0 0 0 0.01752061747876625
-1 0.0 0 0 0.0030894763487304606
-1 0.0 0 0 -0.02153484284447936
nodes 29
6 0.6746454834938049 1 28 0.0
5 1.5112497806549072 2 3 -0.054538161681566194
-1 0.0 0 0 0.020772080084619424
1 0.31561025977134705 4 27 -0.07392043902166527
4 1.0415397882461548 5 26 -0.05638166953203321
2 0.3521703779697418 6 7 -0.06613974651868025
-1 0.0 0 0 0.0014436547317891381
2 0.41687846183776855 8 17 -0.11649993016653752
4 0.8384436964988708 9 14 -0.18735127256038678
8 51.5 10 11 -0.09763580399524907
-1 0.0 0 0 0.04172801792621613
4 0.8184172511100769 12 13 -0.14667542144833576
-1 0.0 0 0 -0.02080278976264703
-1 0.0 0 0 0.023624865400829708
4 0.8823177814483643 15 16 -0.2988894226683958
-1 0.0 0 0 -0.05471952446329762
-1 0.0 0 0 -0.014424281425185896
8 51.5 18 23 0.014181434693228868
4 0.9176512360572815 19 20 0.2025428637465898
-1 0.0 0 0 0.07741658669710161
5 1.7219120264053345 21 22 -0.004566920030376185
-1 0.0 0 0 0.042045067887132366
-1 0.0 0 0 -0.023124297277794945
2 0.4341302216053009 24 25 -0.12097867470383929
-1 0.0 0 0 0.013026595239837966
-1 0.0 0 0 -0.029717620539890188
-1 0.0 0 0 0.0451038333773613
-1 0.0 0 0 -0.059033976288305395
-1 0.0 0 0 6.495595584395297e-05
nodes 29
2 0.46387916803359985 1 6 0.0
1 0.4337610900402069 2 3 -0.002419620723119393
-1 0.0 0 0 -0.00016115671318977026
8 32.5 4 5 -0.1144539518065195
-1 0.0 0 0 0.0372533616562509
-1 0.0 0 0 -0.016037982569185493
2 0.48069071769714355 7 8 0.014720144493943014
-1 0.0 0 0 0.004496529300869414
8 61.5 9 28 -0.009474431788289368
4 0.9094405174255371 10 25 -0.006331037380867458
8 48.5 11 18 0.11632513283224473
2 0.5092617273330688 12 17 0.2757285638554994
2 0.48770812153816223 13 16 0.3521773610915696
5 1.1110854148864746 14 15 0.08317188692630315
-1 0.0 0 0 -0.03532724091066764
-1 0.0 0 0 0.04073876496936594
-1 0.0 0 0 0.051961954399035795
-1 0.0 0 0 -0.02527652952982032
7 0.1459999978542328 19 24 0.022132196318503324
4 0.8929303288459778 20 23 0.064288124248075
4 0.8869562149047852 21 22 -0.09542560673974178
-1 0.0 0 0 0.0049892356484264565
-1 0.0 0 0 -0.09310038952777783
-1 0.0 0 0 0.026963434980383946
-1 0.0 0 0 -0.05849131658673287
8 59.5 26 27 -0.014587875326248
-1 0.0 0 0 -0.001678627372000629
-1 0.0 0 0 0.057588564880468235
-1 0.0 0 0 -0.0339488366264787
nodes 29
8 33.5 1 24 0.0
7 0.041999999433755875 2 15 -0.013479059298437249
0 0.43690207600593567 3 6 -0.06495629637336787
6 1.001052975654602 4 5 -0.09751135607031962
-1 0.0 0 0 -0.01199765542209859
-1 0.0 0 0 0.015145422596649466
4 1.109063982963562 7 14 0.05618914019871961
4 1.0451526641845703 8 13 0.09361305368264279
4 1.0314273834228516 9 10 -0.003511135990429722
-1 0.0 0 0 0.0077538480813421256
6 0.9729698300361633 11 12 -0.42724422033336995
-1 0.0 0 0 -0.0010914856881404727
-1 0.0 0 0 -0.0776423686454373
-1 0.0 0 0 0.03651019303278455
-1 0.0 0 0 -0.05256923533255055
5 1.0666022300720215 16 23 -0.004203812445626509
0 0.48910292983055115 17 22 0.12219583730933099
3 0.8972368836402893 18 19 0.1763430750210487
-1 0.0 0 0 0.07366923365741969
6 1.0063115358352661 20 21 0.14677319314489312
-1 0.0 0 0 0.021265892170247488
-1 0.0 0 0 -0.01247828502343288
-1 0.0 0 0 -0.04317720562028579
-1 0.0 0 0 -0.0008461198372469895
0 0.2694951891899109 25 28 0.002541501772087036
5 1.247575283050537 26 27 0.05095498332525046
-1 0.0 0 0 0.010593986655998311
-1 0.0 0 0 -0.001477524505615846
-1 0.0 0 0 4.08775746304268e-05
nodes 29
0 0.19463582336902618 1 2 0.0
-1 0.0 0 0 -0.003773270171386553
4 1.0 3 8 0.0009092450861504923
8 32.5 4 5 -0.0029497764476007255
-1 0.0 0 0 -0.0048802424124566035
0 0.26624077558517456 6 7 -0.00035327058740604843
-1 0.0 0 0 0.0061513600150126455
-1 0.0 0 0 -0.0002412763570587688
3 0.7072261571884155 9 16 0.011985692268459724
2 0.3026839941740036 10 11 0.09758551922323286
-1 0.0 0 0 0.0006036007879972982
7 0.6300000250339508 12 15 0.17897875665184984
3 0.3447633385658264 13 14 0.15106007668209684
-1 0.0 0 0 0.07497823342680932
-1 0.0 0 0 0.011987662576615953
-1 0.0 0 0 0.06765881702303887
6 1.041933298110962 17 26 0.0076773707669268694
7 0.13000000268220901 18 19 0.012242711383290104
-1 0.0 0 0 -0.00026548316131047486
5 1.0992070436477661 20 25 0.04193207287739572
4 1.0096979141235352 21 24 -0.026470427304941025
7 0.3499999940395355 22 23 0.14112192977278717
-1 0.0 0 0 0.02196142387235471
-1 0.0 0 0 -0.046516349108825475
-1 0.0 0 0 -0.005431078603157611
-1 0.0 0 0 0.006226733238925211
2 0.294132262468338 27 28 -0.12052247862356374
-1 0.0 0 0 -0.0036281477880315406
-1 0.0 0 0 -0.024093755615655993
nodes 29
8 86.5 1 28 0.0
4 0.5768035054206848 2 3 -0.0002045590120520747
-1 0.0 0 0 -0.004159326074702094
8 56.5 4 7 0.0007471734000651547
4 0.8384436964988708 5 6 -0.0015424925722528223
-1 0.0 0 0 -0.003142808689967082
-1 0.0 0 0 0.00030439281153831757
1 0.3641039729118347 8 11 0.02004932514989574
6 0.9233640432357788 9 10 0.041943837743845164
-1 0.0 0 0 0.0008306092749761234
-1 0.0 0 0 0.008425388656489624
1 0.39666590094566345 12 21 -0.061512980551526056
1 0.3957595229148865 13 20 -0.13476875830881996
0 0.4312687814235687 14 15 -0.11707367111559941
-1 0.0 0 0 -0.07496004892513157
2 0.39352700114250183 16 17 -0.09386167778951808
-1 0.0 0 0 0.056765396419602134
7 0.041999999433755875 18 19 -0.10875508811564655
-1 0.0 0 0 -0.01778113259152854
-1 0.0 0 0 0.0027814231331683907
-1 0.0 0 0 -0.09038244709372521
6 0.8802168369293213 22 23 0.020306999243094006
-1 0.0 0 0 -0.028568103886415477
8 57.5 24 25 0.05780878699376549
-1 0.0 0 0 0.02565349785574866
4 0.9829568862915039 26 27 0.0006333743371641753
-1 0.0 0 0 -0.0020798279107568456
-1 0.0 0 0 0.06463784107371516
-1 0.0 0 0 0.016344261438320247
nodes 29
7 0.8219999969005585 1 28 0.0
7 0.0020000000949949026 2 27 9.382030551852636e-05
6 0.9765369892120361 3 26 -0.0245908136913253
1 0.30600506067276 4 11 -0.040458944779344745
5 1.337401032447815 5 8 0.026409713041108878
2 0.36186444759368896 6 7 0.11875554682356204
-1 0.0 0 0 0.008234244547148556
-1 0.0 0 0 0.04775901092385704
8 39.5 9 10 -0.05407271435761308
-1 0.0 0 0 -0.04228899995796383
-1 0.0 0 0 -0.00212368352281482
4 1.008457064628601 12 23 -0.06969687770083914
2 0.4555899500846863 13 16 -0.09355059310446923
3 0.8188281059265137 14 15 -0.13641965823272126
-1 0.0 0 0 -0.009103714610228752
-1 0.0 0 0 -0.023463679241906593
5 1.2631750106811523 17 20 0.015692269740927894
0 0.46606695652008057 18 19 0.07536330802843658
-1 0.0 0 0 0.07119858834635595
-1 0.0 0 0 0.004239535322911772
0 0.5062798261642456 21 22 -0.4027153677750556
-1 0.0 0 0 -0.08241119006382569
-1 0.0 0 0 -0.010171784430134055
0 0.4843570291996002 24 25 0.03501391712244881
-1 0.0 0 0 0.008716781378691436
-1 0.0 0 0 -0.04481476538634491
-1 0.0 0 0 0.0073889752442568585
-1 0.0 0 0 0.00013641391333115097
-1 0.0 0 0 -0.034738872007087425
nodes 29
0 0.5480470657348633 1 2 0.0
-1 0.0 0 0 6.005304048920199e-05
6 0.997558057308197 3 28 -0.05046497394391581
3 0.8620399832725525 4 23 -0.020869166088591955
3 0.8002449870109558 5 14 0.001485964777990219
1 0.4617869257926941 6 13 -0.0428870560956457
1 0.43740320205688477 7 8 -0.017711815635071702
-1 0.0 0 0 -0.005541148221474776
6 0.8826463222503662 9 10 0.2650356837124987
-1 0.0 0 0 -0.042111886292696
5 1.1563764810562134 11 12 0.4668458444888101
-1 0.0 0 0 0.021161515611623015
-1 0.0 0 0 0.08791415718599008
-1 0.0 0 0 -0.044354832980861056
6 0.9502329230308533 15 18 0.2233510691461698
8 48.5 16 17 0.49589274758620866
-1 0.0 0 0 0.0978532118929757
-1 0.0 0 0 0.013391321907854742
7 0.026000000536441803 19 20 0.0444955926698943
-1 0.0 0 0 -0.04960795750512797
4 0.9246423244476318 21 22 0.3409400394847316
-1 0.0 0 0 0.06012509178656799
-1 0.0 0 0 -0.010045666733513708
8 50.5 24 27 -0.23848952166736126
7 0.018000000156462193 25 26 -0.09025206889670628
-1 0.0 0 0 0.03696312917315442
-1 0.0 0 0 -0.028256692879579284
-1 0.0 0 0 -0.08166155874729157
-1 0.0 0 0 -0.03015519889745666
nodes 29
6 1.0 1 4 0.0
7 0.6019999980926514 2 3 0.002819104328341442
-1 0.0 0 0 0.00026039677582633685
-1 0.0 0 0 0.06828055641055107
1 0.2972976267337799 5 8 -0.01063274612912309
2 0.4195275902748108 6 7 0.0020320138611816642
-1 0.0 0 0 4.5844922885624336e-05
-1 0.0 0 0 0.06411969560022289
2 0.4610726535320282 9 12 -0.043022369964453494
6 1.0520464181900024 10 11 -0.07843283116318571
-1 0.0 0 0 -0.007191049153814336
-1 0.0 0 0 -0.060760378187416864
0 0.46389925479888916 13 16 0.05719982613312863
5 1.0951874256134033 14 15 0.17000950500594247
-1 0.0 0 0 -0.008087453494469326
-1 0.0 0 0 0.025342198220602498
4 1.0951733589172363 17 28 7.680558734532377e-05
8 31.5 18 23 0.017027913707760023
1 0.4570261836051941 19 22 -0.2380391112498106
3 0.9169761538505554 20 21 -0.5442948895923571
-1 0.0 0 0 -0.027380982182069642
-1 0.0 0 0 -0.11367859904255187
-1 0.0 0 0 0.0003362502267255503
3 0.8390045762062073 24 25 0.06329305427285636
-1 0.0 0 0 -0.020602102115568097
6 1.0006213188171387 26 27 0.11638640057162515
-1 0.0 0 0 0.05365433522428458
-1 0.0 0 0 0.008267010198072473
-1 0.0 0 0 -0.05412650343871886
nodes 29
7 0.6659999787807465 1 12 0.0
2 0.49836939573287964 2 3 0.0004592767532575273
-1 0.0 0 0 0.00014909243306598325
1 0.43016305565834045 4 11 -0.027542878479061672
3 0.77671879529953 5 8 -0.31248143298285347
8 46.5 6 7 -0.0423696734199003
-1 0.0 0 0 0.03799999358979139
-1 0.0 0 0 -0.04053435564273969
2 0.5031328797340393 9 10 -0.886468922054129
-1 0.0 0 0 -0.1393425501572589
-1 0.0 0 0 -0.050625148741528396
-1 0.0 0 0 -0.001267134640683872
2 0.2862556278705597 13 20 -0.06413661648729573
1 0.17810039222240448 14 17 -0.11205746488933702
7 0.777999997138977 15 16 -0.08214297941283659
-1 0.0 0 0 -0.004704918753409649
-1 0.0 0 0 -0.024976744415128933
5 1.3647352457046509 18 19 -0.3218862130173615
-1 0.0 0 0 -0.012297289742109105
-1 0.0 0 0 -0.05721319971546051
4 0.9542361497879028 21 22 0.11508735653633873
-1 0.0 0 0 -0.030755444812147245
3 0.8102894425392151 23 26 0.25848368311666753
1 0.2197413593530655 24 25 0.5448159443451062
-1 0.0 0 0 0.029153328470420094
-1 0.0 0 0 0.09853075263292893
4 1.2309038639068604 27 28 -0.10965779560561083
-1 0.0 0 0 -0.04177210781102379
-1 0.0 0 0 0.01860829555988312
nodes 29
8 75.5 1 24 0.0
4 0.5768035054206848 2 7 -0.0005157604372904845
6 1.023139476776123 3 6 -0.049263927037655364
7 0.06200000084936619 4 5 -0.08133772498650955
-1 0.0 0 0 -0.0016399866036714132
-1 0.0 0 0 -0.012063229468783757
-1 0.0 0 0 0.004385789809956415
5 1.5828040838241577 8 9 0.0004158034490743276
-1 0.0 0 0 -0.0001543168492311547
2 0.2812027037143707 10 13 0.018644104842830564
6 1.0321584939956665 11 12 -0.03583336173288139
-1 0.0 0 0 -0.009694163290262
-1 0.0 0 0 0.0012424712985163622
6 0.863762378692627 14 15 0.045714297658177194
-1 0.0 0 0 -0.003013031599857182
8 59.5 16 21 0.06711309325254475
4 0.8555575609207153 17 20 0.054756523164611014
2 0.3609820604324341 18 19 0.01086992687664103
-1 0.0 0 0 0.005086776906069762
-1 0.0 0 0 -0.012894475258007233
-1 0.0 0 0 0.009073001760973391
2 0.38711297512054443 22 23 0.1976856962288045
-1 0.0 0 0 0.012186747788357212
-1 0.0 0 0 0.054585093573520066
0 0.4953945577144623 25 28 0.055913177237402585
5 1.4980783462524414 26 27 0.1508352863829258
-1 0.0 0 0 0.02205308721587062
-1 0.0 0 0 -0.0033455926004955054
-1 0.0 0 0 -0.0011330709428304512
nodes 29
0 0.1647070348262787 1 4 0.0
6 1.03019118309021 2 3 -0.04751078538492677
-1 0.0 0 0 -0.016208056390047566
-1 0.0 0 0 -0.0008843485135929026
4 1.0 5 10 0.0005658621574005191
8 28.5 6 9 -0.0027296403204076247
3 0.7237483859062195 7 8 -0.09085088585089673
-1 0.0 0 0 0.0007893184378290789
-1 0.0 0 0 -0.01752109773459113
-1 0.0 0 0 -0.00015760477623915495
0 0.5299081802368164 11 28 0.009833390245670152
3 0.8865241408348083 12 21 0.010914948337546068
8 53.5 13 18 0.03681244290728428
0 0.32482439279556274 14 15 0.04006810607643346
-1 0.0 0 0 -0.0004816675772513247
3 0.3447633385658264 16 17 0.07588168529449069
-1 0.0 0 0 0.08282765859495039
-1 0.0 0 0 0.007172979404807387
3 0.8492909669876099 19 20 -0.4092134112661535
-1 0.0 0 0 0.00528418665816044
-1 0.0 0 0 -0.09245827596348066
6 1.03019118309021 22 27 0.0001379329428252457
8 38.5 23 24 0.0046619846459339115
-1 0.0 0 0 0.002310529140793158
2 0.3609820604324341 25 26 -0.029052260740844018
-1 0.0 0 0 0.009716767235685002
-1 0.0 0 0 -0.004165403729678037
-1 0.0 0 0 -0.010362433951810673
-1 0.0 0 0 -0.028735346034010675
nodes 29
2 0.46387916803359985 1 2 0.0
-1 0.0 0 0 -0.00021374225946312666
8 24.5 3 4 0.01300334743762463
-1 0.0 0 0 -0.057803794794848984
6 0.8371302485466003 5 28 0.014177962830541884
7 0.018000000156462193 6 19 -0.10839336803667463
1 0.4145975708961487 7 16 -0.23071826952246
1 0.4051695466041565 8 13 -0.14234678094324313
0 0.5010856986045837 9 12 -0.2302070791628666
8 43.5 10 11 -0.5041594194566331
-1 0.0 0 0 0.0004236118708338056
-1 0.0 0 0 -0.08827518414943776
-1 0.0 0 0 -0.004757218563368893
4 0.9632257223129272 14 15 0.2864951508430143
-1 0.0 0 0 -0.015972558386801256
-1 0.0 0 0 0.07327158855540412
1 0.4400641620159149 17 18 -0.5381514762698765
-1 0.0 0 0 -0.07764685557534298
-1 0.0 0 0 -0.004079409299985222
8 49.5 20 27 0.08513558058262762
4 0.9561898708343506 21 22 0.2716884700348601
-1 0.0 0 0 0.0992863968866212
0 0.49756383895874023 23 26 0.00027833606607170514
6 0.7987437844276428 24 25 0.20633311213596778
-1 0.0 0 0 0.06436192280111405
-1 0.0 0 0 -0.006436781673913911
-1 0.0 0 0 -0.056019065484404565
-1 0.0 0 0 -0.024197085571717725
-1 0.0 0 0 0.001886584202877957
nodes 29
8 65.5 1 12 0.0
4 0.7126924395561218 2 11 -0.0010498444618226041
1 0.32354024052619934 3 10 -0.03558989866377524
6 1.0263746976852417 4 7 -0.0308403239250622
7 0.2980000078678131 5 6 -0.04751218389396737
-1 0.0 0 0 -0.0031895497532608247
-1 0.0 0 0 -0.015357038851343388
1 0.21624338626861572 8 9 0.02791944611672468
-1 0.0 0 0 0.0052979919298535155
-1 0.0 0 0 -0.016861780812802513
-1 0.0 0 0 -0.03129759819672347
-1 0.0 0 0 9.158960660628148e-05
0 0.4391520917415619 13 14 0.0250332478531752
-1 0.0 0 0 0.016033001751773922
1 0.3641039729118347 15 20 -0.0029591872498380494
4 0.8738812208175659 16 19 0.015019099837252387
3 0.716752827167511 17 18 0.02066108186004244
-1 0.0 0 0 0.001450056286373408
-1 0.0 0 0 0.0785335502276818
-1 0.0 0 0 -0.08321245008846745
3 0.7865309119224548 21 28 -0.177152654763538
3 0.7542896270751953 22 25 -0.23743928386658594
2 0.41866058111190796 23 24 -0.16372481094615585
-1 0.0 0 0 -0.03696870662120951
-1 0.0 0 0 -0.006345371298773803
6 0.9438656568527222 26 27 -0.5996016943017426
-1 0.0 0 0 -0.10716288766783218
-1 0.0 0 0 -0.012757451192516348
-1 0.0 0 0 0.023279642313718797
nodes 29
7 0.0020000000949949026 1 28 0.0
6 0.9174297451972961 2 27 -0.022014508215349737
2 0.47486335039138794 3 18 -0.05949938678779573
1 0.402413547039032 4 15 -0.04207657700332897
1 0.3391972482204437 5 6 -0.06032103671622009
-1 0.0 0 0 -0.0011780658471615517
3 0.6430625915527344 7 8 -0.1570390101094307
-1 0.0 0 0 0.032168987429901666
1 0.3534952402114868 9 12 -0.19654576270624433
6 0.8605564832687378 10 11 -0.44345210659075673
-1 0.0 0 0 -0.011452864844478288
-1 0.0 0 0 -0.07288415776291753
0 0.502253532409668 13 14 -0.1326820036974193
-1 0.0 0 0 -0.008487603646863299
-1 0.0 0 0 -0.06437505581194446
2 0.4677373170852661 16 17 0.23463106197551964
-1 0.0 0 0 0.0066586222766070735
-1 0.0 0 0 0.05947271459957674
3 0.8441038131713867 19 24 -0.2225707731038136
5 1.1573692560195923 20 21 -0.3974027991438141
-1 0.0 0 0 -0.0976611598705252
0 0.5049129724502563 22 23 -0.2662611841487716
-1 0.0 0 0 -0.0803706288080791
-1 0.0 0 0 -0.006384679435619287
4 0.9992119073867798 25 26 0.009349261439044257
-1 0.0 0 0 0.04660501444623584
-1 0.0 0 0 -0.03331764008284414
-1 0.0 0 0 0.0012967429037956252
-1 0.0 0 0 0.00011325872993193135
nodes 29
1 0.09076957404613495 1 2 0.0
-1 0.0 0 0 -0.003953312097899417
5 3.661311149597168 3 20 0.0006301619315716952
5 1.5828040838241577 4 5 0.0003786020732108576
-1 0.0 0 0 -0.00013186095725063184
2 0.2812027037143707 6 9 0.01710777769839129
6 1.03019118309021 7 8 -0.029181714879480056
-1 0.0 0 0 -0.008008137388798808
-1 0.0 0 0 0.0028007157559856648
6 0.8724886775016785 10 11 0.03748045559929316
-1 0.0 0 0 -0.0026981973321210007
8 26.5 12 15 0.05866369249096315
6 1.0138307809829712 13 14 0.21953800094431422
-1 0.0 0 0 0.05461828679461698
-1 0.0 0 0 0.010376513669049202
7 0.030000001192092896 16 19 0.05104370532650606
2 0.42211008071899414 17 18 0.15552751643810872
-1 0.0 0 0 0.010828266788482071
-1 0.0 0 0 0.056723262525961875
-1 0.0 0 0 0.00367409390344296
4 0.9653361439704895 21 28 0.18655370296280188
6 0.999426543712616 22 27 0.08429730449887839
6 0.7316566109657288 23 24 0.2347479063243448
-1 0.0 0 0 -0.021250090608373285
4 0.8493499159812927 25 26 0.437275670433663
-1 0.0 0 0 0.015457527549757112
-1 0.0 0 0 0.08356262269345198
-1 0.0 0 0 -0.02667540997605432
-1 0.0 0 0 0.06756060434424359
nodes 29
6 1.0 1 4 0.0
7 0.6019999980926514 2 3 0.002587306485500605
-1 0.0 0 0 0.0002396087207644749
-1 0.0 0 0 0.06069779023900628
1 0.2972976267337799 5 8 -0.00975848093453207
2 0.4195275902748108 6 7 0.0018433118024120424
-1 0.0 0 0 4.798714904718056e-05
-1 0.0 0 0 0.055565802661727205
2 0.4592397212982178 9 24 -0.03942960797150372
6 1.0520464181900024 10 23 -0.07234694830650877
8 22.5 11 12 -0.06643704428714037
-1 0.0 0 0 0.04984143319436246
4 0.7669656276702881 13 14 -0.07007342653755302
-1 0.0 0 0 -0.043878404030158205
4 0.785845160484314 15 16 -0.0657147244689312
-1 0.0 0 0 0.04772915323264897
4 0.8407691121101379 17 18 -0.06940774734730668
-1 0.0 0 0 -0.03205546466972341
4 0.863202691078186 19 22 -0.06251327294538703
7 0.18200000375509262 20 21 0.2901701852405334
-1 0.0 0 0 0.09175181482677107
-1 0.0 0 0 -0.012296140016760769
-1 0.0 0 0 -0.006860174087040419
-1 0.0 0 0 -0.05430206250188485
0 0.4653030037879944 25 28 0.04757639857878172
5 1.0960661172866821 26 27 0.13593616797037325
-1 0.0 0 0 -0.0036314623083897116
-1 0.0 0 0 0.02017046518274583
-1 0.0 0 0 -0.0005667149280571739
nodes 29
7 0.6540000140666962 1 12 0.0
8 86.5 2 7 0.0004630297739248113
4 0.6080148816108704 3 4 0.0002849397004272735
-1 0.0 0 0 -0.002770725680523764
8 56.5 5 6 0.001160460902199559
-1 0.0 0 0 -8.776646286810336e-05
-1 0.0 0 0 0.0018993386887702645
0 0.4826299548149109 8 9 0.1415787545721978
-1 0.0 0 0 0.0369426273152284
5 1.2715837955474854 10 11 0.049415713348792176
-1 0.0 0 0 -0.022615782371056933
-1 0.0 0 0 0.01759084844580073
6 1.00456964969635 13 14 -0.05552607928495629
-1 0.0 0 0 0.03781238421797753
5 1.1614164113998413 15 16 -0.07016176413439097
-1 0.0 0 0 -0.05139734846624461
2 0.2879081070423126 17 20 -0.05761181830969019
6 1.0365744829177856 18 19 -0.09963993702288718
-1 0.0 0 0 -0.03949243588993947
-1 0.0 0 0 -0.006828229930148815
4 0.9653361439704895 21 24 0.11407167316578767
8 32.5 22 23 -0.2640640209542542
-1 0.0 0 0 -0.06434844540432096
-1 0.0 0 0 0.009728877246379853
4 1.0595924854278564 25 26 0.25249634690616013
-1 0.0 0 0 0.074570840774104
2 0.33807018399238586 27 28 0.07205291001535044
-1 0.0 0 0 -0.009694402547259081
-1 0.0 0 0 0.04573659229278565
nodes 29
8 24.5 1 22 0.0
1 0.41272562742233276 2 21 -0.041928971990135136
0 0.3064773678779602 3 10 -0.031536377053994355
7 0.25 4 7 -0.06377588447795594
6 1.041933298110962 5 6 -0.20403333531090723
-1 0.0 0 0 -0.02651418251344445
-1 0.0 0 0 0.0014735058257356287
6 1.0019903182983398 8 9 -0.027565110813079007
-1 0.0 0 0 0.08466194939206947
-1 0.0 0 0 -0.004979870769648134
6 1.0035117864608765 11 14 0.17764554320845408
4 1.0451526641845703 12 13 -0.024383967742323875
-1 0.0 0 0 -0.031720188139907776
-1 0.0 0 0 0.01468868874154001
3 0.99809330701828 15 20 0.37049189457056025
4 1.0213199257850647 16 17 0.488093839978854
-1 0.0 0 0 0.008898876571939105
0 0.32878702878952026 18 19 0.666417383796912
-1 0.0 0 0 0.09744524402943042
-1 0.0 0 0 0.04176198381644029
-1 0.0 0 0 -0.0029354719817638398
-1 0.0 0 0 -0.055676213651895526
4 0.9370498657226562 23 28 0.0005582826004472801
8 39.5 24 27 -0.004841940251059426
6 1.03019118309021 25 26 -0.040758447167894514
-1 0.0 0 0 -0.006467456359590811
-1 0.0 0 0 0.0021757812649054633
-1 0.0 0 0 0.00025760462287744297
-1 0.0 0 0 0.0005552972605377159
nodes 29
2 0.5059531927108765 1 2 0.0
-1 0.0 0 0 7.437801987185725e-05
6 0.7987437844276428 3 4 -0.030879532987022514
-1 0.0 0 0 -0.0406449640747802
5 1.1516213417053223 5 18 -0.021383863305189377
5 1.1308246850967407 6 11 -0.05475895271423869
6 1.009075403213501 7 8 -0.016395191689459077
-1 0.0 0 0 0.00015003665646146934
5 1.0992070436477661 9 10 -0.45674327266265136
-1 0.0 0 0 -0.01994187333621085
-1 0.0 0 0 -0.09468852522827331
5 1.1341220140457153 12 13 -0.2983532401967824
-1 0.0 0 0 -0.07449580898197988
1 0.47512561082839966 14 17 -0.19008539786392992
1 0.4592588543891907 15 16 -0.03636765834831056
-1 0.0 0 0 -0.04335742608405824
-1 0.0 0 0 0.012786199460522488
-1 0.0 0 0 -0.0633154176467774
8 55.5 19 28 0.10277696313835209
5 1.1634941101074219 20 21 0.13290249204271584
-1 0.0 0 0 0.03618788044865525
8 32.5 22 23 0.06299095687078812
-1 0.0 0 0 0.062085542239115714
6 0.9594665765762329 24 25 0.015513130017990774
-1 0.0 0 0 0.01916640045498412
2 0.5092617273330688 26 27 -0.1574542949741274
-1 0.0 0 0 0.04055454892016227
-1 0.0 0 0 -0.028673572689596635
-1 0.0 0 0 -0.05991478603333235
nodes 29
4 1.099502444267273 1 2 0.0
-1 0.0 0 0 0.00012132303821285967
3 0.99809330701828 3 26 -0.018124200902514116
6 1.0001870393753052 4 21 -0.0559459433137312
8 47.5 5 20 -0.12148571947316888
5 1.1125366687774658 6 7 -0.10810137016863361
-1 0.0 0 0 -0.060999375653843724
1 0.2868710160255432 8 11 -0.09500485166908486
7 0.1899999976158142 9 10 -0.196735281795697
-1 0.0 0 0 -0.024732265875498517
-1 0.0 0 0 0.01348930782707477
5 1.2219624519348145 12 15 -0.041792011295164674
8 42.5 13 14 -0.09892903228197247
-1 0.0 0 0 -0.013163052240918086
-1 0.0 0 0 0.021478356792141638
5 1.2807766199111938 16 19 0.18859920236131839
7 0.030000001192092896 17 18 0.37749557907227427
-1 0.0 0 0 0.005248895454171457
-1 0.0 0 0 0.05904309537647099
-1 0.0 0 0 -0.01187576139819319
-1 0.0 0 0 -0.06158954710558509
6 1.001515507698059 22 23 -0.016628358382434608
-1 0.0 0 0 0.03140167040750385
8 31.5 24 25 -0.027257403416923107
-1 0.0 0 0 0.0005554657913687099
-1 0.0 0 0 -0.012428093506183902
5 1.1008485555648804 27 28 0.024903668913858572
-1 0.0 0 0 -0.045361578191320105
-1 0.0 0 0 0.0029845349989525284
nodes 29
7 0.5020000040531158 1 2 0.0
-1 0.0 0 0 8.776571638964412e-05
5 1.072037935256958 3 4 -0.02513470534170993
-1 0.0 0 0 0.05079050050540404
0 0.46459388732910156 5 26 -0.028633175994665333
5 1.2035239934921265 6 17 -0.0345543236786621
0 0.3506959080696106 7 10 -0.14431245221133956
6 1.0063115358352661 8 9 -0.05964762235743751
-1 0.0 0 0 0.020560612866566297
-1 0.0 0 0 -0.010685379838697233
6 1.0006213188171387 11 12 -0.34045264137287934
-1 0.0 0 0 -0.004723303584438382
6 1.0063115358352661 13 14 -0.4516738710561018
-1 0.0 0 0 -0.07348993345474203
4 1.030074954032898 15 16 -0.30260783763961835
-1 0.0 0 0 -0.05541695156799895
-1 0.0 0 0 0.009760392287915405
2 0.36965224146842957 18 19 -0.019459736548045087
-1 0.0 0 0 -0.0029614258861420015
7 0.5740000009536743 20 23 0.24503235398817844
4 1.0108731985092163 21 22 -0.08143140813335777
-1 0.0 0 0 -0.03434453010559082
-1 0.0 0 0 0.018058248478919268
7 0.6379999816417694 24 25 0.6617946035050332
-1 0.0 0 0 0.09426084017312086
-1 0.0 0 0 0.028269597589969636
4 0.6524167060852051 27 28 0.29624046026729045
-1 0.0 0 0 -0.01186568629636895
-1 0.0 0 0 0.07704088296741247
nodes 29
7 0.0020000000949949026 1 28 0.0
6 0.9765369892120361 2 13 -0.02061388732296236
1 0.30600506067276 3 12 -0.03428717272829425
5 1.337401032447815 4 7 0.02298001024175389
2 0.36186444759368896 5 6 0.1049676747326513
-1 0.0 0 0 0.00720744091988201
-1 0.0 0 0 0.04291158550842242
2 0.41687846183776855 8 9 -0.04847493238753918
-1 0.0 0 0 -0.009216354467867654
2 0.44853663444519043 10 11 0.19838693512160585
-1 0.0 0 0 0.037288718423377235
-1 0.0 0 0 -0.02927989512681961
-1 0.0 0 0 -0.005932691644166455
2 0.39078155159950256 14 17 0.06424505921322111
6 0.9785271883010864 15 16 -0.052951708780122266
-1 0.0 0 0 0.043382346617678806
-1 0.0 0 0 -0.011329573873345825
0 0.3981003165245056 18 19 0.14256820637339163
-1 0.0 0 0 0.08283485357339183
3 0.930941104888916 20 21 0.09959502646568238
-1 0.0 0 0 0.018905928447435744
3 0.99809330701828 22 27 -0.19166083571811518
1 0.4495033025741577 23 26 -0.3661093578728683
1 0.4237697124481201 24 25 -0.10816208507085956
-1 0.0 0 0 -0.05039745060106119
-1 0.0 0 0 0.026965886218981314
-1 0.0 0 0 -0.08097786670923234
-1 0.0 0 0 0.03475436873056672
-1 0.0 0 0 0.00010605292863603926
nodes 29
8 75.5 1 20 0.0
4 0.6931301951408386 2 13 -0.00044072760486013233
1 0.27636265754699707 3 10 -0.022521563133872893
7 0.06200000084936619 4 5 -0.009983502069316226
-1 0.0 0 0 0.0031066636240920475
6 1.0263746976852417 6 9 -0.0300550761527146
7 0.5060000121593475 7 8 -0.052029871931721705
-1 0.0 0 0 -0.004710480230767922
-1 0.0 0 0 -0.051934320895144576
-1 0.0 0 0 0.002516988944916516
7 0.3140000104904175 11 12 -0.11599857299591966
-1 0.0 0 0 -0.010256614440658748
-1 0.0 0 0 -0.05700146593153477
7 0.041999999433755875 14 19 0.0009535247860824552
4 1.099502444267273 15 16 -0.007571747905012505
-1 0.0 0 0 -0.0004222860390689331
8 43.5 17 18 -0.088407840600786
-1 0.0 0 0 -0.006454682181452846
-1 0.0 0 0 -0.03528492231127046
-1 0.0 0 0 0.0005650269935083701
0 0.5062798261642456 21 24 0.04777892214919622
3 0.3023688495159149 22 23 0.11764514131351278
-1 0.0 0 0 -0.008682516825628346
-1 0.0 0 0 0.016918286317768063
5 1.252875804901123 25 26 -0.022087297015120348
-1 0.0 0 0 -0.0188150491399983
1 0.3035811483860016 27 28 0.03771522239133317
-1 0.0 0 0 0.0006069696939460213
-1 0.0 0 0 0.04150272566252031
nodes 29
8 33.5 1 22 0.0
6 0.8778034448623657 2 15 -0.010645642320033108
4 1.0469863414764404 3 12 -0.1447298567537368
1 0.25562116503715515 4 5 -0.2577304700814868
-1 0.0 0 0 -0.00018464890423656248
4 1.0134389400482178 6 11 -0.4209320642875405
7 0.014000000432133675 7 8 -0.2096659701170498
-1 0.0 0 0 -0.06760649663351831
7 0.030000001192092896 9 10 -0.03158635337921706
-1 0.0 0 0 0.047455103397369386
-1 0.0 0 0 -0.032080771758088045
-1 0.0 0 0 -0.07357599693259188
1 0.3545577824115753 13 14 -0.002280598740573182
-1 0.0 0 0 -0.012792617152246017
-1 0.0 0 0 0.030398048491527635
4 0.9572319388389587 16 21 -0.007417095939310657
2 0.4794997572898865 17 20 -0.048571684872691256
5 1.0666022300720215 18 19 -0.04279531166118065
-1 0.0 0 0 0.04730038047932527
-1 0.0 0 0 -0.00493512630478912
-1 0.0 0 0 -0.08309814363718034
-1 0.0 0 0 0.00013833172560502303
0 0.2694951891899109 23 28 0.002007255749694342
5 1.247575283050537 24 27 0.04443134763998694
2 0.2148454338312149 25 26 0.09233617295248153
-1 0.0 0 0 0.003146873141866321
-1 0.0 0 0 0.01417374891364428
-1 0.0 0 0 -0.001283521224192527
-1 0.0 0 0 1.3837621465675828e-05
nodes 29
2 0.46387916803359985 1 14 0.0
1 0.4337610900402069 2 3 -0.0018878004524022305
-1 0.0 0 0 -0.00011486324101478798
8 32.5 4 5 -0.10437134618727051
-1 0.0 0 0 0.032779296058809984
6 0.9979596734046936 6 9 -0.14512705483334637
4 1.0551257133483887 7 8 -0.20368987014559617
-1 0.0 0 0 -0.02302951098615326
-1 0.0 0 0 0.03536899019032717
3 0.961729884147644 10 11 0.06388982258191923
-1 0.0 0 0 0.029538130245091006
6 1.0 12 13 -0.38255803145113443
-1 0.0 0 0 -0.003406805341893977
-1 0.0 0 0 -0.07658970072865487
8 24.5 15 16 0.011484732620296461
-1 0.0 0 0 -0.04975059472989025
2 0.48069071769714355 17 18 0.012496283407274782
-1 0.0 0 0 0.0037105334126024295
8 61.5 19 28 -0.007175242575950398
4 0.9094405174255371 20 25 -0.004575937812976086
2 0.48770812153816223 21 22 0.10670107208686519
-1 0.0 0 0 -0.00759573207268941
2 0.5092617273330688 23 24 0.18347054153032924
-1 0.0 0 0 0.026762823001150224
-1 0.0 0 0 -0.010460769980907059
8 59.5 26 27 -0.012080167767686
-1 0.0 0 0 -0.0014092816931353816
-1 0.0 0 0 0.05275334357801412
-1 0.0 0 0 -0.027961048232769042
nodes 29
7 0.8219999969005585 1 28 0.0
6 0.6746454834938049 2 27 7.548747280798855e-05
5 1.5112497806549072 3 6 -0.04175532649502649
2 0.3824716806411743 4 5 0.18869719007960628
-1 0.0 0 0 -0.0018987662450724333
-1 0.0 0 0 0.041235780049688545
1 0.31561025977134705 7 26 -0.05878694496450208
4 1.0415397882461548 8 25 -0.044022084859459014
2 0.3521703779697418 9 10 -0.052669749010349806
-1 0.0 0 0 0.0020795543612039183
2 0.41687846183776855 11 12 -0.09858555689934292
-1 0.0 0 0 -0.016184834957077922
4 0.9913579821586609 13 24 0.01809914958352844
3 0.5462204813957214 14 23 0.0679169664815472
3 0.5064206719398499 15 22 -0.019908984139363265
2 0.42211008071899414 16 17 0.08146544349737057
-1 0.0 0 0 0.06462133231805638
4 0.930331826210022 18 21 -0.008177077087263266
4 0.8721422553062439 19 20 -0.10654297759398244
-1 0.0 0 0 0.002367686901193161
-1 0.0 0 0 -0.04779106882849225
-1 0.0 0 0 0.04568253616717729
-1 0.0 0 0 -0.06634162204421085
-1 0.0 0 0 0.05044636033913669
-1 0.0 0 0 -0.04415834336118265
-1 0.0 0 0 0.04056564509868622
-1 0.0 0 0 -0.0493530048057437
-1 0.0 0 0 5.738362727608326e-05
-1 0.0 0 0 -0.02795073329298585
nodes 29
8 65.5 1 8 0.0
4 0.7669656276702881 2 7 -0.0009171563635918996
1 0.3752598464488983 3 6 -0.023279690658646147
6 1.024709701538086 4 5 -0.021602117064132644
-1 0.0 0 0 -0.0031972677656657237
-1 0.0 0 0 0.0023758803550759846
-1 0.0 0 0 -0.03926813961705193
-1 0.0 0 0 0.00013538239690563032
0 0.4391520917415619 9 10 0.021869334804597084
-1 0.0 0 0 0.014156467779623885
1 0.3641039729118347 11 16 -0.0028952189178115574
4 0.8738812208175659 12 15 0.0130370229168604
3 0.716752827167511 13 14 0.018073514371985972
-1 0.0 0 0 0.001254661492805252
-1 0.0 0 0 0.07040999078502258
-1 0.0 0 0 -0.0743192169070244
3 0.7849774360656738 17 28 -0.15726434413003376
3 0.7542896270751953 18 25 -0.21308765266332086
0 0.5062798261642456 19 20 -0.14466758437281624
-1 0.0 0 0 0.0068231346932324495
2 0.4203879237174988 21 22 -0.23248839353618678
-1 0.0 0 0 -0.0588239522260982
4 0.762966513633728 23 24 -0.10174225220998001
-1 0.0 0 0 0.017956986162448074
-1 0.0 0 0 -0.025350273467330754
6 0.9438656568527222 26 27 -0.5645180034281855
-1 0.0 0 0 -0.1061915234884336
-1 0.0 0 0 -0.01103727051421352
-1 0.0 0 0 0.020159978215538322
nodes 29
1 0.4980233907699585 1 2 0.0
-1 0.0 0 0 2.7864774983171162e-05
8 50.5 3 26 -0.07080492608909073
2 0.5248068571090698 4 5 0.004555831856825471
-1 0.0 0 0 0.04429251382127405
5 1.0636667013168335 6 11 -0.05350632792541492
4 0.9870979189872742 7 8 -0.3971153301755329
-1 0.0 0 0 -0.08638431841135025
8 38.5 9 10 -0.1727269388592014
-1 0.0 0 0 -0.0583938886128042
-1 0.0 0 0 0.015340667449194809
8 48.5 12 25 0.06408430840018102
5 1.1226465702056885 13 24 -0.0019654236028002867
7 0.09400000050663948 14 19 0.06330717921430376
8 44.5 15 18 0.23684144366518267
6 0.9447298645973206 16 17 0.44096144785550584
-1 0.0 0 0 0.08470871940903042
-1 0.0 0 0 0.02950100078023752
-1 0.0 0 0 -0.04208785698369698
5 1.075636625289917 20 21 -0.21930576574855618
-1 0.0 0 0 0.021751155411558493
4 1.0134389400482178 22 23 -0.5105173123246503
-1 0.0 0 0 -0.012841422040946782
-1 0.0 0 0 -0.08578837595202707
-1 0.0 0 0 -0.06024733695201576
-1 0.0 0 0 0.07057102764291423
5 1.078675389289856 27 28 -0.5862725104391575
-1 0.0 0 0 -0.10024490654468537
-1 0.0 0 0 -0.02849032809508258
nodes 29
8 86.5 1 28 0.0
4 0.6080148816108704 2 3 -0.0001545774995248304
-1 0.0 0 0 -0.002599276384470387
8 56.5 4 13 0.0006527240924431999
4 0.8514394164085388 5 12 -0.0012907366788936735
1 0.33243998885154724 6 7 -0.023770843792291614
-1 0.0 0 0 -0.003412531150989405
5 1.1172516345977783 8 11 0.04632233996506995
7 0.06200000084936619 9 10 -0.1131052511096694
-1 0.0 0 0 -0.02828923639867705
-1 0.0 0 0 0.006821457132134798
-1 0.0 0 0 0.012189874127039623
-1 0.0 0 0 0.0002744216859986671
1 0.3641039729118347 14 19 0.017816179597951808
6 0.9233640432357788 15 16 0.03713601142719232
-1 0.0 0 0 0.00035432423204428227
2 0.43656253814697266 17 18 0.08005844046427309
-1 0.0 0 0 0.007556960141742491
-1 0.0 0 0 0.061471123407994
7 0.12199999764561653 20 25 -0.04972828038013232
0 0.4312687814235687 21 24 -0.06682876384588188
3 0.8659698367118835 22 23 -0.5311046674756742
-1 0.0 0 0 -0.11924072759492058
-1 0.0 0 0 0.01632630714215338
-1 0.0 0 0 -0.00574053420395346
7 0.16600000113248825 26 27 0.22138015364225094
-1 0.0 0 0 0.0416206762545249
-1 0.0 0 0 -0.014662566317452325
-1 0.0 0 0 0.012350744205806405
nodes 29
4 1.120438814163208 1 2 0.0
-1 0.0 0 0 9.840892690108675e-05
3 0.99809330701828 3 6 -0.019931728784872822
1 0.1950557678937912 4 5 -0.058511048883463306
-1 0.0 0 0 0.0005174022206566818
-1 0.0 0 0 -0.010208504489243129
2 0.4784027934074402 7 20 0.017088993208943287
8 33.5 8 9 0.0352627237377242
-1 0.0 0 0 -0.00020004477867224888
8 35.5 10 19 0.11293959732366991
7 0.08999999985098839 11 14 0.3005891686292646
6 0.9685481190681458 12 13 0.13031662808608194
-1 0.0 0 0 0.03857211887549896
-1 0.0 0 0 -0.011562850440990318
0 0.26624077558517456 15 16 0.46031385267862174
-1 0.0 0 0 1.6697410207528335e-05
2 0.3601128160953522 17 18 0.5978290117934517
-1 0.0 0 0 0.10704580139368775
-1 0.0 0 0 0.04567457275715337
-1 0.0 0 0 0.0024941190223187627
1 0.4445168077945709 21 24 -0.11784298503281254
7 0.041999999433755875 22 23 -0.24746621260732013
-1 0.0 0 0 -0.05165710478739919
-1 0.0 0 0 -0.009889791813717845
5 1.1408898830413818 25 28 0.024170698118670023
0 0.46606695652008057 26 27 -0.24285181843001266
-1 0.0 0 0 0.00445543783051627
-1 0.0 0 0 -0.06802090743313664
-1 0.0 0 0 0.022272590273179307
nodes 29
5 1.5828040838241577 1 2 0.0
-1 0.0 0 0 -0.00015156855407461197
2 0.2812027037143707 3 6 0.012799439602314685
6 1.0321584939956665 4 5 -0.02684307895785699
-1 0.0 0 0 -0.0073518996725588925
-1 0.0 0 0 0.0017132386709597183
6 0.863762378692627 7 28 0.03586008604290454
2 0.41687846183776855 8 21 -0.021348071229097876
3 0.5663393139839172 9 18 -0.049016103352391996
4 0.9969370365142822 10 17 -0.03275913207650364
2 0.3760696351528168 11 12 -0.04371519901959676
-1 0.0 0 0 -0.0003919746232483995
7 0.026000000536441803 13 16 -0.1531215065252328
6 0.6267572045326233 14 15 -0.029747441423082135
-1 0.0 0 0 -0.02049483622116878
-1 0.0 0 0 0.017076027903498877
-1 0.0 0 0 -0.034209924116582864
-1 0.0 0 0 0.059121496620632354
0 0.35768723487854004 19 20 -0.3681247169452329
-1 0.0 0 0 -0.0022283906349912287
-1 0.0 0 0 -0.07370215815802415
6 0.6267572045326233 22 25 0.10195301966181915
2 0.42211008071899414 23 24 -0.008488975974117838
-1 0.0 0 0 0.05881514213979244
-1 0.0 0 0 -0.007658380393505745
2 0.45285412669181824 26 27 0.37805800875166157
-1 0.0 0 0 0.022492847506580274
-1 0.0 0 0 0.0852759563177824
-1 0.0 0 0 0.005333043984320794
nodes 29
7 0.7700000107288361 1 26 0.0
4 1.0 2 3 0.000154149564545368
-1 0.0 0 0 -0.0002415544472438309
0 0.4986869990825653 4 7 0.007212517586749407
2 0.5248068571090698 5 6 0.009694351872270851
-1 0.0 0 0 0.0008894747519006138
-1 0.0 0 0 0.03436065504267331
5 1.100040078163147 8 15 -0.08441059082311977
4 1.0285978317260742 9 10 0.06604805110460694
-1 0.0 0 0 0.022257512789972206
7 0.03399999998509884 11 12 -0.1522080137223845
-1 0.0 0 0 -0.05823614200238478
7 0.09400000050663948 13 14 0.04092208706602758
-1 0.0 0 0 0.04483411720111257
-1 0.0 0 0 -0.0264642226642796
5 1.1032800674438477 16 17 -0.22533604056258832
-1 0.0 0 0 -0.10507608198601266
6 1.0035117864608765 18 25 -0.16949848196304895
6 0.9859054088592529 19 24 -0.22955669255995276
6 0.9463959336280823 20 21 -0.11351159429353364
-1 0.0 0 0 -0.028581168056807965
4 1.0331294536590576 22 23 0.0986895645919599
-1 0.0 0 0 0.0322221719792911
-1 0.0 0 0 -0.03413893659599126
-1 0.0 0 0 -0.05059787243855804
-1 0.0 0 0 0.029402770751561877
2 0.2812027037143707 27 28 -0.12218669722122806
-1 0.0 0 0 -0.020003541598007796
-1 0.0 0 0 0.02670568965730213
nodes 29
2 0.46387916803359985 1 28 0.0
1 0.3752598464488983 2 7 -0.001756313173624546
2 0.42553332448005676 3 4 0.0026453799577843295
-1 0.0 0 0 -4.387964994453968e-05
5 1.1815465688705444 5 6 0.08150096593362652
-1 0.0 0 0 0.03772263590707094
-1 0.0 0 0 0.007014569691556347
7 0.13000000268220901 8 19 -0.017183133611834787
6 1.021686315536499 9 18 -0.029502850414336607
4 0.7985712289810181 10 11 -0.028212541920949605
-1 0.0 0 0 -0.02362609334648036
0 0.4169468879699707 12 17 -0.025574709553726916
1 0.4145975708961487 13 16 -0.0862290179288914
7 0.0859999991953373 14 15 -0.07751742721799991
-1 0.0 0 0 -0.004629894947905441
-1 0.0 0 0 -0.020908101197498453
-1 0.0 0 0 -0.05830619256594219
-1 0.0 0 0 -0.0016784024261236445
-1 0.0 0 0 -0.06478519787290886
3 0.7865309119224548 20 23 0.026714335042747454
4 0.8470223546028137 21 22 0.17941996920043365
-1 0.0 0 0 -0.00755810718704015
-1 0.0 0 0 0.02974760067332277
5 1.2131047248840332 24 27 0.01421951878334071
4 0.8665719628334045 25 26 0.021581135987986208
-1 0.0 0 0 0.057198721010770115
-1 0.0 0 0 0.001647938477130453
-1 0.0 0 0 -0.05358809354696789
-1 0.0 0 0 0.0010684808769810875
nodes 29
8 30.5 1 28 0.0
1 0.48733240365982056 2 27 -0.014014091584944464
7 0.07000000029802322 3 16 -0.012574474133192357
0 0.47751837968826294 4 13 -0.07226199356228862
2 0.4520031809806824 5 8 -0.05947293829539728
5 2.369626998901367 6 7 -0.0917441723026527
-1 0.0 0 0 -0.010014540757687667
-1 0.0 0 0 0.04236716117709875
2 0.4794997572898865 9 10 0.1534489072445366
-1 0.0 0 0 0.035784451349079614
0 0.4682884216308594 11 12 -0.24576126120518893
-1 0.0 0 0 -0.0564815981766662
-1 0.0 0 0 0.019146187437905207
7 0.018000000156462193 14 15 -0.45486789696345414
-1 0.0 0 0 -0.010759762123874996
-1 0.0 0 0 -0.07743565506301821
1 0.47512561082839966 17 26 0.0005537723219401233
6 0.9509370923042297 18 25 -0.0018156497985572896
1 0.34680312871932983 19 22 -0.20100149736830675
4 1.0380457639694214 20 21 0.03091405482458261
-1 0.0 0 0 -0.02726087601422074
-1 0.0 0 0 0.04861982772747676
0 0.416170597076416 23 24 -0.5963120976970955
-1 0.0 0 0 -0.10671178206801415
-1 0.0 0 0 -0.020397399521122378
-1 0.0 0 0 0.0001774099688160897
-1 0.0 0 0 0.06376439920812846
-1 0.0 0 0 -0.05526273300109263
-1 0.0 0 0 0.00012606219882037355
nodes 29
6 1.0 1 4 0.0
7 0.6019999980926514 2 3 0.0021657610910789426
-1 0.0 0 0 0.00020007916547864037
-1 0.0 0 0 0.05235879577696323
1 0.22642304748296738 5 6 -0.008168547476578967
-1 0.0 0 0 0.0010027228267628203
6 1.0482677221298218 7 26 -0.025488173825260838
4 0.9958176016807556 8 13 -0.01557481260891563
5 1.0732430219650269 9 12 -0.05724095616738045
3 0.9205402731895447 10 11 0.15437698245391643
-1 0.0 0 0 0.030466203173875984
-1 0.0 0 0 -0.027610053159927917
-1 0.0 0 0 -0.006902910422642167
5 1.1055654287338257 14 17 0.015296141834864631
8 41.5 15 16 -0.05056243471916951
-1 0.0 0 0 -0.0028547967627185256
-1 0.0 0 0 -0.036567147348678726
2 0.5248068571090698 18 25 0.039387733539174075
1 0.4676286280155182 19 24 0.03440233000503092
1 0.4117896258831024 20 21 0.03835572632983815
-1 0.0 0 0 0.002063776027636691
7 0.32600000500679016 22 23 0.15180685755602635
-1 0.0 0 0 0.009867709996517388
-1 0.0 0 0 0.04537088918664
-1 0.0 0 0 -0.06305589318275452
-1 0.0 0 0 0.05665941572748125
5 1.1516213417053223 27 28 -0.19783467456079662
-1 0.0 0 0 -0.04808161759089369
-1 0.0 0 0 -0.014216618249231004
nodes 29
4 1.120438814163208 1 2 0.0
-1 0.0 0 0 9.545503840185785e-05
0 0.4690226912498474 3 28 -0.0193334485743635
3 0.99809330701828 4 7 -0.015954827026323035
8 41.5 5 6 -0.05088545055582502
-1 0.0 0 0 -0.0041930503271428755
-1 0.0 0 0 -0.03088344515531094
8 33.5 8 11 0.01784187659939663
6 0.904538094997406 9 10 -0.015273718405514955
-1 0.0 0 0 -0.03846917724236846
-1 0.0 0 0 -0.0005323063751826884
0 0.37120720744132996 12 17 0.07746558661414299
5 1.3325011730194092 13 16 0.19131693718942763
8 39.5 14 15 0.2365543071020427
-1 0.0 0 0 0.03113298751044386
-1 0.0 0 0 -0.003363474527994792
-1 0.0 0 0 -0.02317136030744862
5 1.1894941329956055 18 25 -0.016510851468473416
2 0.443410724401474 19 20 0.05444603171447913
-1 0.0 0 0 -0.02111144616082311
5 1.129093050956726 21 24 0.1510134838318283
5 1.1234242916107178 22 23 -0.19809589295231916
-1 0.0 0 0 0.033515961472876374
-1 0.0 0 0 -0.05930999727160843
-1 0.0 0 0 0.02229790132566306
1 0.4117896258831024 26 27 -0.3154864828573184
-1 0.0 0 0 -0.013198223547078669
-1 0.0 0 0 -0.07852573561668397
-1 0.0 0 0 -0.043428152132975434
nodes 29
2 0.18196013569831848 1 4 0.0
6 1.0321584939956665 2 3 -0.029791657312132378
-1 0.0 0 0 -0.00906634861494106
-1 0.0 0 0 0.0013498517646315918
2 0.23905977606773376 5 8 0.0005958999976788995
1 0.20099541544914246 6 7 0.023742269730188247
-1 0.0 0 0 0.001219597762566535
-1 0.0 0 0 0.01619745963250489
5 1.5828040838241577 9 28 -0.0006737247416324126
6 1.0563884973526 10 25 -0.00287972465315975
1 0.2030688226222992 11 16 -0.0018979090590214194
8 46.5 12 15 -0.06616872563937624
6 1.041933298110962 13 14 -0.10585946859660275
-1 0.0 0 0 -0.013312382026707559
-1 0.0 0 0 0.00831106929815021
-1 0.0 0 0 0.001682100963482464
2 0.2679702043533325 17 24 -0.0005604743858923867
8 36.5 18 23 0.05087899180359343
3 0.8633992671966553 19 20 -0.02066542994022849
-1 0.0 0 0 -0.009929873368305033
7 0.28999999165534973 21 22 0.07186874807902888
-1 0.0 0 0 -0.00046706424026208415
-1 0.0 0 0 0.02943853265926909
-1 0.0 0 0 0.010238348389665896
-1 0.0 0 0 -0.0001832217645171096
1 0.26821404695510864 26 27 -0.08772690564546227
-1 0.0 0 0 -0.004770408287644093
-1 0.0 0 0 -0.0364278049860913
-1 0.0 0 0 0.0021010724866446667
nodes 29
7 0.6540000140666962 1 10 0.0
6 0.9532519578933716 2 9 0.0003835700302476803
7 0.2540000081062317 3 8 -0.005717307301782539
5 1.0651826858520508 4 7 -0.004186616674267304
1 0.4711032509803772 5 6 -0.15782489074435044
-1 0.0 0 0 -0.009843537805064874
-1 0.0 0 0 -0.06673243943797914
-1 0.0 0 0 -0.0002539166849206612
-1 0.0 0 0 -0.026830728445202113
-1 0.0 0 0 0.00036395475866302004
5 1.1435688734054565 11 12 -0.045997302576814114
-1 0.0 0 0 -0.0495534460991621
2 0.2862556278705597 13 18 -0.03485635689119313
1 0.17810039222240448 14 15 -0.07782083275820642
-1 0.0 0 0 -0.005083829751029422
1 0.2030688226222992 16 17 -0.2643376076593995
-1 0.0 0 0 -0.03701766955355803
-1 0.0 0 0 0.0053179655969142915
4 0.9561898708343506 19 22 0.12144544324570003
8 31.5 20 21 -0.24218958988785744
-1 0.0 0 0 -0.06587561018764973
-1 0.0 0 0 0.010494917010267576
4 1.0720446109771729 23 26 0.2445219159985964
1 0.22804845869541168 24 25 0.5751930206287198
-1 0.0 0 0 0.028197133652865886
-1 0.0 0 0 0.08544517673906826
2 0.32504576444625854 27 28 0.09219028352853957
-1 0.0 0 0 -0.007710928989884754
-1 0.0 0 0 0.02903946621752367
nodes 29
6 0.7661007046699524 1 28 0.0
1 0.31325405836105347 2 5 -0.02443896912307362
1 0.31079867482185364 3 4 -0.004016038369492208
-1 0.0 0 0 -0.0009553468331788891
-1 0.0 0 0 0.056407393548976295
1 0.3534952402114868 6 19 -0.12410462048798161
3 0.7096598744392395 7 16 -0.22151449494966607
3 0.6881499290466309 8 15 -0.16446569687586357
0 0.46975430846214294 9 12 -0.23422531827016413
2 0.4332645833492279 10 11 -0.4851068824646063
-1 0.0 0 0 -0.07304516663266854
-1 0.0 0 0 0.005465164203196764
5 1.4280284643173218 13 14 -0.14194704178485207
-1 0.0 0 0 0.0001982537417293147
-1 0.0 0 0 -0.03774681713883624
-1 0.0 0 0 0.025060405042022466
3 0.7377502918243408 17 18 -0.5519221171271056
-1 0.0 0 0 -0.09917492248456587
-1 0.0 0 0 -0.017976071828832995
2 0.4601956009864807 20 21 0.10111253606882079
-1 0.0 0 0 0.06454991199697058
2 0.4738427698612213 22 23 -0.04601897309358056
-1 0.0 0 0 -0.04991872807343801
8 49.5 24 25 0.07899297384181242
-1 0.0 0 0 0.038462636686033676
3 0.6503417491912842 26 27 -0.2484713758208922
-1 0.0 0 0 0.012724891135638412
-1 0.0 0 0 -0.06617636917158962
-1 0.0 0 0 6.900426544923982e-05
nodes 29
7 0.4300000071525574 1 2 0.0
-1 0.0 0 0 9.745867560789342e-05
2 0.5005794763565063 3 28 -0.01705328290729524
5 1.0732430219650269 4 5 -0.015018393657570052
-1 0.0 0 0 0.028963148189803303
0 0.4146292209625244 6 7 -0.018393857067481898
-1 0.0 0 0 -0.000923817250229269
0 0.4433850049972534 8 13 -0.10228019599395782
5 1.8061821460723877 9 10 -0.24078103753398786
-1 0.0 0 0 -0.034416682683028436
4 0.785845160484314 11 12 0.059977622237056494
-1 0.0 0 0 -0.020213969372122026
-1 0.0 0 0 0.048985002040863035
7 0.49799999594688416 14 23 0.03205520670276303
5 1.2035239934921265 15 18 -0.08992476149742169
3 0.8945337533950806 16 17 0.16585573798739442
-1 0.0 0 0 0.04676872902903064
-1 0.0 0 0 -0.023201312641189856
3 0.4803473651409149 19 22 -0.21781501123982974
5 1.9136266708374023 20 21 -0.0380170144198928
-1 0.0 0 0 0.023532258999267863
-1 0.0 0 0 -0.02965815050804333
-1 0.0 0 0 -0.06493302036076785
2 0.38800278306007385 24 25 0.19721392470832289
-1 0.0 0 0 -0.0029689990593986196
6 1.0063115358352661 26 27 0.5807895910527024
-1 0.0 0 0 0.02618586634370414
-1 0.0 0 0 0.09316136114299298
-1 0.0 0 0 -0.051504617929458624
nodes 29
3 0.9772628545761108 1 2 0.0
-1 0.0 0 0 0.0001016789041598979
0 0.5107396841049194 3 26 -0.016269663433908586
1 0.4802774488925934 4 21 -0.012818588774912217
0 0.37560325860977173 5 20 -0.01853468851240639
2 0.38711297512054443 6 19 0.019428182718401694
2 0.36186444759368896 7 10 -0.01009060080764442
2 0.3359261155128479 8 9 0.018237174196069773
-1 0.0 0 0 -0.0016980529794961494
-1 0.0 0 0 0.013881458450128017
6 1.001515507698059 11 16 -0.12447067346415078
7 0.22600000351667404 12 15 -0.03824634124992142
2 0.3647458851337433 13 14 -0.11408302370182355
-1 0.0 0 0 -0.06482345927506686
-1 0.0 0 0 -0.005110445442532217
-1 0.0 0 0 0.048646151571459066
3 0.9932294487953186 17 18 -0.31732356917994625
-1 0.0 0 0 -0.08067002126740086
-1 0.0 0 0 -0.01318755779611437
-1 0.0 0 0 0.013861933888406239
-1 0.0 0 0 -0.005207946697066354
7 0.026000000536441803 22 23 0.19942430409243683
-1 0.0 0 0 -0.015906922373829818
6 1.0056984424591064 24 25 0.3306585419590452
-1 0.0 0 0 0.04697021530470351
-1 0.0 0 0 -0.027186377275557744
6 0.9921550750732422 27 28 -0.43571902927942574
-1 0.0 0 0 -0.08639583970819202
-1 0.0 0 0 0.016381608564406635
nodes 29
4 1.0 1 2 0.0
-1 0.0 0 0 -0.0002494503997691613
5 1.0679799318313599 3 28 0.00682969883363866
8 40.5 4 17 -0.04536655601759073
6 1.0063115358352661 5 12 0.005990694533975561
6 0.997190535068512 6 11 0.039988709473515946
6 0.9871865510940552 7 8 -0.04018757521719213
-1 0.0 0 0 0.003790248678251733
3 0.984603226184845 9 10 -0.23388155253019696
-1 0.0 0 0 -0.00765818568567435
-1 0.0 0 0 -0.048798106092577564
-1 0.0 0 0 0.018670304486115185
0 0.35497045516967773 13 14 -0.23484685645709114
-1 0.0 0 0 0.02708097246165077
7 0.10200000181794167 15 16 -0.3878185952692723
-1 0.0 0 0 0.009144491547097762
-1 0.0 0 0 -0.05493680932716038
3 0.9516398310661316 18 19 -0.16048397093908012
-1 0.0 0 0 -0.04429012090286674
6 0.9896978139877319 20 27 -0.11806327468282524
6 0.9790085554122925 21 22 -0.030198776457413024
-1 0.0 0 0 -0.01592441638330779
0 0.46975430846214294 23 26 0.22670809565744268
7 0.030000001192092896 24 25 0.07648700494319201
-1 0.0 0 0 0.05642224358022213
-1 0.0 0 0 -0.01452109181745486
-1 0.0 0 0 0.06411111045243412
-1 0.0 0 0 -0.029708718981710264
-1 0.0 0 0 0.0010621832821467042
nodes 29
4 1.1269127130508423 1 2 0.0
-1 0.0 0 0 8.637797469179092e-05
0 0.41844508051872253 3 24 -0.019163571138243653
2 0.3751310706138611 4 13 -0.008532102865096314
7 0.09400000050663948 5 8 -0.031217929809090564
5 1.1480586528778076 6 7 -0.14818070782200213
-1 0.0 0 0 0.03153407470684271
-1 0.0 0 0 -0.0187407912121883
0 0.3268868625164032 9 12 0.0013552961741060952
6 1.0 10 11 0.00782232670779263
-1 0.0 0 0 0.01679243301614726
-1 0.0 0 0 -0.0007833839723304331
-1 0.0 0 0 -0.0686613571076166
0 0.3390082120895386 14 23 0.05230811953447153
1 0.33243998885154724 15 22 0.28592947772446664
8 34.5 16 21 0.19911866713373455
8 29.5 17 20 0.29339653070590743
7 0.27400000393390656 18 19 0.1305857119441498
-1 0.0 0 0 -0.008338092477992177
-1 0.0 0 0 0.04871967731509358
-1 0.0 0 0 0.05705213285982609
-1 0.0 0 0 -0.016370826237129443
-1 0.0 0 0 0.06420763929684957
-1 0.0 0 0 -7.633990497853539e-05
3 0.9932294487953186 25 28 -0.13769695543434837
8 38.5 26 27 -0.4904157051431208
-1 0.0 0 0 -0.02400216121427916
-1 0.0 0 0 -0.09315862499532246
-1 0.0 0 0 -0.006881585279761841
nodes 29
2 0.44076260924339294 1 2 0.0
-1 0.0 0 0 -0.00023351411291157024
1 0.371148943901062 3 24 0.007269354209489257
7 0.0020000000949949026 4 7 0.11404931520385894
2 0.44513657689094543 5 6 -0.15014958591813124
-1 0.0 0 0 0.037104280027286975
-1 0.0 0 0 -0.030032366329519933
6 0.7790522575378418 8 21 0.16514121465747536
3 0.7438812851905823 9 20 -0.007970892292586898
5 1.3277848958969116 10 11 0.06595446646576171
-1 0.0 0 0 0.07522514528036117
8 47.5 12 15 -0.01940585521805049
0 0.4843570291996002 13 14 0.26640413524740836
-1 0.0 0 0 -0.0005199511018064287
-1 0.0 0 0 0.06915228859238003
3 0.667021632194519 16 19 -0.1381578935100369
6 0.7063673734664917 17 18 -0.030939308403075235
-1 0.0 0 0 -0.02016277745734532
-1 0.0 0 0 0.04868157056470712
-1 0.0 0 0 -0.07559411696025303
-1 0.0 0 0 -0.08035485627395766
6 0.8140664100646973 22 23 0.24447088147874693
-1 0.0 0 0 0.07343524403870105
-1 0.0 0 0 0.019438074253107174
1 0.37328964471817017 25 28 0.002984451389693802
6 0.9804755449295044 26 27 -0.3160590047765124
-1 0.0 0 0 -0.05279084027421718
-1 0.0 0 0 0.017825625714335946
-1 0.0 0 0 0.0003942745400920339
nodes 29
6 0.5334320068359375 1 14 0.0
1 0.17067931592464447 2 3 -0.06308080466658483
-1 0.0 0 0 0.0013281672780501284
5 2.4895951747894287 4 13 -0.1398328865904418
8 45.5 5 6 -0.08920962638929704
-1 0.0 0 0 0.020611347690705332
3 0.4517293870449066 7 12 -0.15460259926206033
4 0.8265906572341919 8 9 -0.22993808885950187
-1 0.0 0 0 -0.009711002281469787
0 0.46606695652008057 10 11 -0.40704217691924055
-1 0.0 0 0 -0.061217051830429296
-1 0.0 0 0 -0.01937087018787861
-1 0.0 0 0 0.027229850845677514
-1 0.0 0 0 -0.0486095986366272
8 65.5 15 16 0.00024888567436452365
-1 0.0 0 0 -6.230365796648178e-05
0 0.4391520917415619 17 18 0.02143119398333686
-1 0.0 0 0 0.012662489149935188
1 0.3620705008506775 19 24 -0.000524519433142638
4 0.8703458309173584 20 23 0.013803617012257857
3 0.716752827167511 21 22 0.018047503562786827
-1 0.0 0 0 0.001310626584481218
-1 0.0 0 0 0.0639139601069948
-1 0.0 0 0 -0.05750861643325716
3 0.7849774360656738 25 28 -0.13071981499738553
3 0.7542896270751953 26 27 -0.17804948447994703
-1 0.0 0 0 -0.011802485271628145
-1 0.0 0 0 -0.050136397829787294
-1 0.0 0 0 0.018593821177879968
nodes 29
2 0.45644092559814453 1 2 0.0
-1 0.0 0 0 -0.0001789039705267113
6 0.9626264870166779 3 28 0.008579800586779054
3 0.8074492812156677 4 27 0.0313022101625812
3 0.7621102333068848 5 20 -0.028768083702745834
8 59.5 6 19 0.060801715592208136
4 0.8429200053215027 7 10 0.11876529316642206
8 56.5 8 9 0.4914622185130914
-1 0.0 0 0 0.011589158679309645
-1 0.0 0 0 0.11401751278476283
8 49.5 11 16 0.0829863883331418
7 0.0020000000949949026 12 13 0.21269645306463092
-1 0.0 0 0 -0.027466993532808764
2 0.4582130014896393 14 15 0.3231924763439517
-1 0.0 0 0 0.1295594558119774
-1 0.0 0 0 0.023751828411700704
6 0.8457242846488953 17 18 -0.03906997692661349
-1 0.0 0 0 -0.023718825257448874
-1 0.0 0 0 0.011722332941782144
-1 0.0 0 0 -0.015735790329975085
3 0.7697204351425171 21 24 -0.11681458709132303
5 1.1790446043014526 22 23 -0.42964282473631665
-1 0.0 0 0 0.014986070479417957
-1 0.0 0 0 -0.078562356430505
5 1.0992070436477661 25 26 -0.07084632850369718
-1 0.0 0 0 -0.0571025272542412
-1 0.0 0 0 -0.0042676909952066265
-1 0.0 0 0 0.005076191454681106
-1 0.0 0 0 -0.0007491818614471071
nodes 29
1 0.3620705008506775 1 6 0.0
2 0.400075227022171 2 3 0.003156362884942999
-1 0.0 0 0 -0.0002578432321059623
6 0.7661007046699524 4 5 0.05644709023029062
-1 0.0 0 0 -0.006127395278990342
-1 0.0 0 0 0.0075089464370298245
8 37.5 7 14 -0.005141338939125338
4 1.0747973918914795 8 11 0.024038798330058717
6 0.8208140134811401 9 10 0.04155626560112209
-1 0.0 0 0 -0.055437675118446356
-1 0.0 0 0 0.0043926236546645275
6 0.869629442691803 12 13 -0.044370233038874406
-1 0.0 0 0 0.04230817489430536
-1 0.0 0 0 -0.005608642082256468
6 1.0063115358352661 15 16 -0.015309751479664856
-1 0.0 0 0 -0.001237877416394235
0 0.3943747878074646 17 18 -0.17610142584555866
-1 0.0 0 0 -0.09683248065412045
5 1.0766539573669434 19 20 -0.13309973921072193
-1 0.0 0 0 0.01788333043149781
2 0.49836939573287964 21 28 -0.2185494825169642
7 0.18599999696016312 22 27 -0.1432578337364017
3 0.8088436126708984 23 24 -0.3098154803445436
-1 0.0 0 0 0.01756750490320356
6 1.0097368955612183 25 26 -0.4303948275099685
-1 0.0 0 0 -0.08352048565737076
-1 0.0 0 0 -0.01470278071653512
-1 0.0 0 0 0.011329467031323622
-1 0.0 0 0 -0.060735061966249206
nodes 29
6 0.9532519578933716 1 28 0.0
7 0.28599999845027924 2 27 -0.005508871932859002
5 1.0651826858520508 3 14 -0.004485385761706594
1 0.4711032509803772 4 13 -0.14020886733759563
5 1.0535590648651123 5 6 -0.08677719952824291
-1 0.0 0 0 0.043650044806492636
1 0.45127156376838684 7 12 -0.15788461505484083
2 0.4601956009864807 8 11 -0.2501524362789125
6 0.9502329230308533 9 10 -0.1765364505455037
-1 0.0 0 0 -0.028333160747938298
-1 0.0 0 0 0.02360812012444843
-1 0.0 0 0 -0.07583402087611538
-1 0.0 0 0 0.038034434208557726
-1 0.0 0 0 -0.05985963332809901
1 0.4802774488925934 15 16 -0.0030339683078719508
-1 0.0 0 0 -0.00042224225999163323
5 1.1266156435012817 17 24 0.15889292898317497
7 0.01000000024214387 18 19 0.27323255632072685
-1 0.0 0 0 0.002940946976270746
6 0.9455603361129761 20 23 0.3988383887900096
5 1.0827370882034302 21 22 0.5217140198108696
-1 0.0 0 0 0.0997327293119123
-1 0.0 0 0 0.03224706215330878
-1 0.0 0 0 -0.007901128740222366
3 0.8659698367118835 25 26 -0.3175221849232912
-1 0.0 0 0 0.021084672471751338
-1 0.0 0 0 -0.08036215817928315
-1 0.0 0 0 -0.033152712434012854
-1 0.0 0 0 0.0002902903852699472
nodes 29
8 34.5 1 2 0.0
-1 0.0 0 0 -0.0008322941017893132
0 0.3042943775653839 3 8 0.0019677944404979135
8 42.5 4 7 0.0417763513096306
5 1.3230355978012085 5 6 0.02075883630397212
-1 0.0 0 0 0.004675685546295321
-1 0.0 0 0 -0.003465259146560064
-1 0.0 0 0 0.010530954635792048
8 37.5 9 28 -0.0011103917599378655
2 0.38620930910110474 10 21 0.024388672799339796
6 0.9256544709205627 11 16 -0.030979700716117824
1 0.2790651321411133 12 15 -0.1648828301213457
2 0.30929654836654663 13 14 0.09325464279981384
-1 0.0 0 0 -0.022364455977940262
-1 0.0 0 0 0.02569278573187498
-1 0.0 0 0 -0.029780436468522638
4 0.9521088004112244 17 20 -0.01452052101932021
5 1.302557110786438 18 19 -0.05912990448908784
-1 0.0 0 0 -0.01346408287700379
-1 0.0 0 0 0.0025855774549547973
-1 0.0 0 0 0.003148804975484972
0 0.3832773268222809 22 25 0.06113908392475718
1 0.371148943901062 23 24 0.23113496837648168
-1 0.0 0 0 0.016743604007956853
-1 0.0 0 0 0.0604440315604903
1 0.20099541544914246 26 27 0.05166453529198583
-1 0.0 0 0 0.06251955912871794
-1 0.0 0 0 0.004927074222958889
-1 0.0 0 0 -0.00047145148931111274
nodes 29
8 84.5 1 28 0.0
4 0.6425517201423645 2 7 -0.00015851406694279336
5 1.097704291343689 3 4 -0.021071854240067283
-1 0.0 0 0 0.0319992381331854
1 0.28163468837738037 5 6 -0.024213779319275285
-1 0.0 0 0 -0.0014849504261799024
-1 0.0 0 0 -0.01872943016371989
8 56.5 8 9 0.0007514743848906958
-1 0.0 0 0 -0.00010058292066897146
6 0.9532519578933716 10 27 0.0174212054076093
4 0.9413186311721802 11 26 -0.006211741729123364
4 0.9370498657226562 12 25 0.0032559857526077876
3 0.7331202030181885 13 14 0.0009968200640333817
-1 0.0 0 0 0.0018223336887734755
6 0.9517245292663574 15 24 -0.08441320281496646
4 0.9153689444065094 16 17 -0.0685406430147601
-1 0.0 0 0 -0.011132206399916729
1 0.3752598464488983 18 19 0.12759931439462582
-1 0.0 0 0 -0.02330362020844692
5 1.1554549932479858 20 21 0.3837516438564129
-1 0.0 0 0 0.06585334306865027
6 0.8873907327651978 22 23 -0.05858001299202442
-1 0.0 0 0 -0.058541910843923683
-1 0.0 0 0 0.04431715064815113
-1 0.0 0 0 -0.06852189848820368
-1 0.0 0 0 0.06756267263997524
-1 0.0 0 0 -0.02724544279978949
-1 0.0 0 0 0.007577571442127543
-1 0.0 0 0 0.009708940484589595
nodes 29
5 1.1573692560195923 1 10 0.0
6 1.0393028259277344 2 7 -0.004298639476000954
0 0.34210026264190674 3 6 -0.002846025171704649
8 36.5 4 5 0.04988266592232988
-1 0.0 0 0 0.0005389613137081026
-1 0.0 0 0 0.009596749602705101
-1 0.0 0 0 -0.0009131996397842391
1 0.24093136191368103 8 9 -0.18076540897408985
-1 0.0 0 0 -0.0033611945258226333
-1 0.0 0 0 -0.036930578436003995
2 0.3991613984107971 11 12 0.0034755124545019773
-1 0.0 0 0 -0.0005634844253348306
7 0.5660000145435333 13 28 0.029676249522333283
1 0.37222182750701904 14 23 0.028628782016595695
8 44.5 15 18 0.05271443965491403
0 0.4880489706993103 16 17 0.09939342069901137
-1 0.0 0 0 0.009037669538829621
-1 0.0 0 0 0.0422366003214146
7 0.34200000762939453 19 22 0.020593078233891397
6 0.9795032739639282 20 21 0.02462712317422473
-1 0.0 0 0 0.000510241577181263
-1 0.0 0 0 0.01457567516430228
-1 0.0 0 0 -0.06919806200265885
2 0.42553332448005676 24 27 0.0018697163209121547
8 38.5 25 26 -0.369378175415477
-1 0.0 0 0 0.029480793293180835
-1 0.0 0 0 -0.05786422917440738
-1 0.0 0 0 0.0007227473026668824
-1 0.0 0 0 0.07402083742476645
nodes 29
2 0.46387916803359985 1 2 0.0
-1 0.0 0 0 -0.00015828908477153874
8 24.5 3 4 0.009629766991248472
-1 0.0 0 0 -0.04589348559134773
7 0.28599999845027924 5 22 0.010560976405779831
8 30.5 6 21 0.0067274261097482755
5 1.0679799318313599 7 10 -0.11403778042010414
6 0.9941444396972656 8 9 -0.47047715606849366
-1 0.0 0 0 -0.10275505703120005
-1 0.0 0 0 0.011444992888718844
7 0.1340000033378601 11 12 -0.07410877932288017
-1 0.0 0 0 0.002480638350100547
7 0.18200000375509262 13 16 -0.27193910497065144
1 0.43740320205688477 14 15 -0.6905810969933454
-1 0.0 0 0 -0.11148578619956971
-1 0.0 0 0 -0.01602351407404058
0 0.4516964852809906 17 18 -0.027278200541804364
-1 0.0 0 0 0.03523557042703033
0 0.47367942333221436 19 20 -0.2695977142516603
-1 0.0 0 0 -0.06603955030441284
-1 0.0 0 0 0.010491683334112168
-1 0.0 0 0 0.0010475153068013616
5 1.080734372138977 23 24 0.10198472791008087
-1 0.0 0 0 -0.00953293210179865
0 0.43622860312461853 25 26 0.16126945362011944
-1 0.0 0 0 -0.03636319106123571
5 1.1563764810562134 27 28 0.1986702879266104
-1 0.0 0 0 0.027394724194413335
-1 0.0 0 0 0.0007532282942987007
nodes 29
8 75.5 1 6 0.0
4 0.5768035054206848 2 5 -0.00036918204554315265
6 1.023139476776123 3 4 -0.034658261010146615
-1 0.0 0 0 -0.006026568832182543
-1 0.0 0 0 0.003968935357964355
-1 0.0 0 0 2.860727032558891e-05
0 0.5062798261642456 7 20 0.040022723283516796
3 0.3023688495159149 8 9 0.09840937554367556
-1 0.0 0 0 -0.007781565530002928
2 0.36965224146842957 10 17 0.1428277394823628
3 0.5615501403808594 11 16 0.1735868733694418
1 0.26272889971733093 12 15 0.13794532356276998
2 0.321533739566803 13 14 0.17830681739674914
-1 0.0 0 0 0.011999069224232375
-1 0.0 0 0 0.04400512861131236
-1 0.0 0 0 -0.012664669157109327
-1 0.0 0 0 0.036747690431773665
8 78.5 18 19 -0.08750810032320577
-1 0.0 0 0 0.019640617258846763
-1 0.0 0 0 -0.03849421005163874
5 1.252875804901123 21 22 -0.018363928976641963
-1 0.0 0 0 -0.016313757402206624
2 0.38620930910110474 23 26 0.033771818197454284
2 0.3591143637895584 24 25 -0.004889907361620603
-1 0.0 0 0 0.004483843473287128
-1 0.0 0 0 -0.02240629706669737
6 0.8140664100646973 27 28 0.29034508781676943
-1 0.0 0 0 0.0019532384431880457
-1 0.0 0 0 0.05869494772383145
nodes 29
2 0.49836939573287964 1 2 0.0
-1 0.0 0 0 7.321416195370797e-05
5 1.093538522720337 3 12 -0.02001429227470811
7 0.006000000284984708 4 7 0.05346895127537736
0 0.5010856986045837 5 6 -0.20306040762937558
-1 0.0 0 0 -0.08371103133844293
-1 0.0 0 0 -0.007168069742787797
6 0.9412128329277039 8 9 0.08515091818158647
-1 0.0 0 0 0.04077440241724253
2 0.5248068571090698 10 11 0.05240034904546071
-1 0.0 0 0 0.010933778025574948
-1 0.0 0 0 -0.01388187230280312
5 1.1040712594985962 13 14 -0.058791813438151486
-1 0.0 0 0 -0.024886293311111175
5 1.1125366687774658 15 20 -0.02473619168970378
3 0.8530013561248779 16 17 0.25304440391184285
-1 0.0 0 0 -0.03482495360076428
4 0.9819076061248779 18 19 0.34829888944364257
-1 0.0 0 0 0.08529277915491704
-1 0.0 0 0 0.019528238364390188
5 1.1408898830413818 21 24 -0.06241773335391359
7 0.21800000220537186 22 23 -0.1451825818221141
-1 0.0 0 0 -0.018705596768489208
-1 0.0 0 0 0.03445864849657353
1 0.441461980342865 25 28 -0.004384392859938663
3 0.7621102333068848 26 27 -0.1691082047858887
-1 0.0 0 0 0.007588839167807282
-1 0.0 0 0 -0.03059842375521395
-1 0.0 0 0 0.007580373845885228
nodes 29
7 0.8219999969005585 1 28 0.0
5 1.5828040838241577 2 3 6.270355568394361e-05
-1 0.0 0 0 -0.00012672693788198002
2 0.289504736661911 4 7 0.011311858736709318
6 1.0341813564300537 5 6 -0.01909599394173763
-1 0.0 0 0 -0.005882124522481781
-1 0.0 0 0 0.002446052853181983
6 1.020297646522522 8 15 0.03219845272458606
8 25.5 9 10 0.019843677961147742
-1 0.0 0 0 0.051916038550968685
4 1.1042656898498535 11 12 0.014489075199233113
-1 0.0 0 0 0.0019453425112515264
2 0.3751310706138611 13 14 -0.1618321360564315
-1 0.0 0 0 -0.028003584472129923
-1 0.0 0 0 0.02652264242811549
3 0.7640957832336426 16 27 0.09819896001348023
7 0.6739999949932098 17 26 0.13040043443024443
2 0.3806103467941284 18 23 0.11342446444575886
2 0.35623979568481445 19 20 0.13371669602733655
-1 0.0 0 0 0.010322819097619111
7 0.3739999979734421 21 22 0.3661505678688647
-1 0.0 0 0 0.00550174427111275
-1 0.0 0 0 0.07607584339225802
2 0.39544016122817993 24 25 -0.24036618182435632
-1 0.0 0 0 -0.057888098587640206
-1 0.0 0 0 0.01997030634433031
-1 0.0 0 0 0.04815131794752145
-1 0.0 0 0 -0.01909637749006953
-1 0.0 0 0 -0.023217285893581532
nodes 29
7 0.5020000040531158 1 2 0.0
-1 0.0 0 0 7.369072432221114e-05
5 1.072037935256958 3 4 -0.021103854804272605
-1 0.0 0 0 0.04258881902152842
5 1.1624221801757812 5 16 -0.02403757347683533
0 0.33725064992904663 6 9 -0.154916200786829
7 0.5259999930858612 7 8 -0.04769597009669804
-1 0.0 0 0 0.023831560596441613
-1 0.0 0 0 -0.015705333741418286
2 0.3824716806411743 10 11 -0.28989881263779743
-1 0.0 0 0 -0.05359620700279871
4 1.024172067642212 12 13 -0.15844036005947687
-1 0.0 0 0 0.014588517296527112
0 0.423847496509552 14 15 -0.34779846949709786
-1 0.0 0 0 -0.0026975825118521852
-1 0.0 0 0 -0.07144529202154705
0 0.4568142890930176 17 26 -0.013352742012031071
4 1.008457064628601 18 19 -0.01918354642011692
-1 0.0 0 0 -0.004852829330488868
1 0.25562116503715515 20 21 0.01782961241969543
-1 0.0 0 0 -0.0007948687153595951
7 0.570000022649765 22 23 0.2863171562805014
-1 0.0 0 0 0.0024781900068575687
5 1.2841178178787231 24 25 0.5146415863067858
-1 0.0 0 0 0.020320886909735925
-1 0.0 0 0 0.0857217575237155
4 0.6425517201423645 27 28 0.3217534886866386
-1 0.0 0 0 -0.011096592053710934
-1 0.0 0 0 0.09314944744110108
nodes 29
7 0.6540000140666962 1 10 0.0
0 0.37456175684928894 2 9 0.00034545832927768664
8 48.5 3 6 0.006371613165661258
0 0.3677557408809662 4 5 -0.00011755767542837474
-1 0.0 0 0 -0.0005766657835818852
-1 0.0 0 0 0.007699265951390165
7 0.22200000286102295 7 8 0.08053959261229644
-1 0.0 0 0 0.010351961309031916
-1 0.0 0 0 -0.008754062473540339
-1 0.0 0 0 -0.00023422538235587923
6 1.00456964969635 11 12 -0.04142702484700182
-1 0.0 0 0 0.03170593149132199
6 1.020297646522522 13 16 -0.0535259388139093
2 0.3390514850616455 14 15 -0.3088053293892595
-1 0.0 0 0 -0.04403451852500439
-1 0.0 0 0 -0.005825322298776536
2 0.2862556278705597 17 20 -0.03245416232528094
6 1.0321584939956665 18 19 -0.06362680306907857
-1 0.0 0 0 -0.03612301783128218
-1 0.0 0 0 -0.0052434881265040366
2 0.2984793782234192 21 22 0.11089275382233388
-1 0.0 0 0 0.048455042377114295
4 0.9142270088195801 23 24 0.023589559909060736
-1 0.0 0 0 -0.04498441070318222
0 0.2760615944862366 25 26 0.13242488564259705
-1 0.0 0 0 -0.01650896024059605
6 1.0393028259277344 27 28 0.3525856067985296
-1 0.0 0 0 0.0058884892910718925
-1 0.0 0 0 0.06462863206863403
nodes 29
2 0.44076260924339294 1 2 0.0
-1 0.0 0 0 -0.00021584279515596229
1 0.36912599205970764 3 20 0.006719242668791522
7 0.0020000000949949026 4 7 0.09895391013953536
0 0.4539378881454468 5 6 -0.13684683174897844
-1 0.0 0 0 0.04567243533120269
-1 0.0 0 0 -0.023901892098079084
6 0.7790522575378418 8 13 0.14591701054351514
3 0.7438812851905823 9 12 0.011125588086299567
5 1.3277848958969116 10 11 0.0802655387019554
-1 0.0 0 0 0.0808170805503007
-1 0.0 0 0 -0.00038642157524374865
-1 0.0 0 0 -0.07197824612792049
6 0.9581364989280701 14 15 0.21487346455846962
-1 0.0 0 0 0.035251710148647836
7 0.16200000047683716 16 19 0.09811738342887465
1 0.3641039729118347 17 18 -0.04275884770949979
-1 0.0 0 0 -0.01498558573744524
-1 0.0 0 0 0.03921199188087926
-1 0.0 0 0 0.03595210567634139
5 1.260259985923767 21 22 0.0033330048770334447
-1 0.0 0 0 0.0005747027702872684
7 0.018000000156462193 23 28 -0.10270826599747566
0 0.47751837968826294 24 27 -0.2732597735656115
4 1.0331294536590576 25 26 -0.7496773982618717
-1 0.0 0 0 -0.12933684414625168
-1 0.0 0 0 -0.013184666735204784
-1 0.0 0 0 -0.014746410861772256
-1 0.0 0 0 0.002649742155414238
nodes 29
8 65.5 1 2 0.0
-1 0.0 0 0 -7.774754200650227e-05
0 0.4391520917415619 3 4 0.018538683673434874
-1 0.0 0 0 0.01132052223454567
5 1.072037935256958 5 6 -0.0010474967414661935
-1 0.0 0 0 0.04188968617348902
4 0.8336666226387024 7 20 -0.004987652647267358
4 0.8073484301567078 8 15 0.005289688102909231
1 0.3641039729118347 9 14 -0.0015662800290233124
3 0.6822059750556946 10 11 0.007595142220343759
-1 0.0 0 0 0.00022877297194688306
6 0.9320148825645447 12 13 0.2849565880994002
-1 0.0 0 0 0.06406935897690279
-1 0.0 0 0 -0.007078041357022745
-1 0.0 0 0 -0.017840017525841727
4 0.8159964084625244 16 17 0.19732027698342722
-1 0.0 0 0 0.05505987952152888
4 0.8287536799907684 18 19 0.04187772896140814
-1 0.0 0 0 -0.014362608639445777
-1 0.0 0 0 0.03716622895940586
1 0.4145975708961487 21 28 -0.1932853635847133
1 0.3901820778846741 22 27 -0.2648018996449227
4 0.8738812208175659 23 26 -0.18165029944585903
5 1.3325011730194092 24 25 -0.01616059030805315
-1 0.0 0 0 0.015203490227460863
-1 0.0 0 0 -0.04366493217647076
-1 0.0 0 0 -0.04574664813422022
-1 0.0 0 0 -0.058593911420682376
-1 0.0 0 0 0.014284235589827103
nodes 29
2 0.46876227855682373 1 2 0.0
-1 0.0 0 0 -0.00013755363827055149
2 0.47486335039138794 3 28 0.009940162936314013
6 0.9455603361129761 4 15 0.056355020917101185
3 0.7865309119224548 5 6 0.15247725759746333
-1 0.0 0 0 -0.008187565123361926
3 0.9809389114379883 7 14 0.21840230454631596
5 1.1250430345535278 8 13 0.25571314194203576
1 0.4361366629600525 9 12 0.09669486339713923
3 0.8620399832725525 10 11 -0.14285277782008052
-1 0.0 0 0 0.027256015458089467
-1 0.0 0 0 -0.03568533793599768
-1 0.0 0 0 0.02946681206014531
-1 0.0 0 0 0.03748420895977041
-1 0.0 0 0 -0.03316660410591534
6 0.9588145613670349 16 23 0.015151439194978737
7 0.04600000008940697 17 22 -0.19161109413287722
4 1.0108731985092163 18 21 -0.40944924837023744
8 40.5 19 20 -0.20703751301412943
-1 0.0 0 0 -0.08082632443734578
-1 0.0 0 0 -0.0031680008034325313
-1 0.0 0 0 -0.10369256279741726
-1 0.0 0 0 0.014755463967972164
6 0.9632768034934998 24 27 0.04405526738337106
7 0.03799999877810478 25 26 0.3468815756814652
-1 0.0 0 0 0.0689787253390911
-1 0.0 0 0 0.006332495757557738
-1 0.0 0 0 0.0022745267910542206
-1 0.0 0 0 -0.00012007287120377377
nodes 29
4 1.0 1 2 0.0
-1 0.0 0 0 -0.00022346266252794893
1 0.3832773268222809 3 18 0.006118180972689739
4 1.0347260236740112 4 9 0.017279085471218928
2 0.4080648720264435 5 6 0.04883578045335042
-1 0.0 0 0 0.0032518923904075077
0 0.4176984131336212 7 8 0.12877730275528654
-1 0.0 0 0 0.02229216930835045
-1 0.0 0 0 0.0009527741672877127
0 0.41844508051872253 10 17 0.001293833957686556
2 0.42463597655296326 11 12 0.00482671228617103
-1 0.0 0 0 -8.069564337147555e-05
4 1.0433003902435303 13 14 0.13799734253609255
-1 0.0 0 0 -0.03609404188615305
2 0.42631056904792786 15 16 0.17298778294579598
-1 0.0 0 0 0.05197047743825422
-1 0.0 0 0 0.01188457902890068
-1 0.0 0 0 -0.024774955432318772
0 0.42460739612579346 19 28 -0.009278566227540423
8 44.5 20 21 -0.06161041997857627
-1 0.0 0 0 -0.004647681987222921
0 0.420789897441864 22 27 -0.23156702578119281
5 1.0599510669708252 23 24 -0.11937539456520489
-1 0.0 0 0 -0.07008438592865354
5 1.0846501588821411 25 26 -0.0385089193390596
-1 0.0 0 0 0.03245619267136568
-1 0.0 0 0 -0.017840777745111547
-1 0.0 0 0 -0.06603883717623021
-1 0.0 0 0 0.0006891970488637146
nodes 29
5 1.5828040838241577 1 2 0.0
-1 0.0 0 0 -0.00012423335623619532
2 0.25739794969558716 3 6 0.010491076458492211
6 1.0365744829177856 4 5 -0.02815195318826314
-1 0.0 0 0 -0.00806332483111006
-1 0.0 0 0 0.0011557195030893485
6 1.0341813564300537 7 24 0.023810505269934175
8 25.5 8 13 0.013710361726884017
1 0.17320135235786438 9 10 0.23470295681618153
-1 0.0 0 0 -0.003403244046346536
1 0.19337299466133118 11 12 0.5317262906515807
-1 0.0 0 0 0.09581323415040971
-1 0.0 0 0 0.030123653343400444
6 0.9998196363449097 14 17 0.009712907489513546
7 0.414000004529953 15 16 0.027531246901222498
-1 0.0 0 0 0.002234779589404734
-1 0.0 0 0 0.044100402634856956
2 0.4195275902748108 18 23 -0.028464425129699905
2 0.3676583170890808 19 20 -0.035755734743307566
-1 0.0 0 0 -0.0012319507394226346
3 0.576363205909729 21 22 -0.17167043479735425
-1 0.0 0 0 -0.02570581519882752
-1 0.0 0 0 0.021490304848517883
-1 0.0 0 0 0.03140614151277326
2 0.35623979568481445 25 26 0.08471797802864915
-1 0.0 0 0 0.006454259882644685
7 0.3739999979734421 27 28 0.35800265994938935
-1 0.0 0 0 -0.0005932355254161649
-1 0.0 0 0 0.07724842050423225
nodes 29
8 21.5 1 14 0.0
7 0.15399999916553497 2 3 -0.06505654608447324
-1 0.0 0 0 -0.03990389661807003
5 1.1790446043014526 4 5 -0.02915615565067685
-1 0.0 0 0 -0.04604306495748461
2 0.3039979040622711 6 11 0.007418359735118416
6 1.0341813564300537 7 10 -0.06669139941828534
6 1.0146758556365967 8 9 -0.2300286246172618
-1 0.0 0 0 -0.0016345886005596682
-1 0.0 0 0 -0.04108370957502092
-1 0.0 0 0 -0.0021890331935137514
5 1.4031345844268799 12 13 0.28285963125526903
-1 0.0 0 0 0.06689633252945813
-1 0.0 0 0 0.005932591365356194
0 0.37456175684928894 15 28 0.00022194683705802851
8 48.5 16 25 0.005812436792634454
0 0.3677557408809662 17 20 2.591891256242642e-05
0 0.3601756691932678 18 19 -0.004955439815053412
-1 0.0 0 0 -4.264128954684263e-06
-1 0.0 0 0 -0.00665438190957056
4 0.9424780607223511 21 22 0.06910404282887093
-1 0.0 0 0 -0.0009375492068172137
6 0.9832358360290527 23 24 0.1290076878145038
-1 0.0 0 0 0.0023186802487335824
-1 0.0 0 0 0.02336699503096225
7 0.22200000286102295 26 27 0.07300046947165038
-1 0.0 0 0 0.00935849738058873
-1 0.0 0 0 -0.007755848959464315
-1 0.0 0 0 -0.0002306417091906619
nodes 29
8 76.5 1 16 0.0
4 0.706692099571228 2 15 -0.00031209021107127114
1 0.28163468837738037 3 14 -0.01569839568914224
7 0.0859999991953373 4 9 -0.005863581805349916
8 64.5 5 8 0.02446223799490845
0 0.48910292983055115 6 7 -0.012994967131188187
-1 0.0 0 0 0.0010668304193078796
-1 0.0 0 0 -0.016406556937085877
-1 0.0 0 0 0.006584564213675825
1 0.27769720554351807 10 13 -0.02758095060104831
6 1.0563884973526 11 12 -0.023953573758047984
-1 0.0 0 0 -0.003933979621052768
-1 0.0 0 0 0.0036881864872505762
-1 0.0 0 0 -0.03473481707609235
-1 0.0 0 0 -0.008868886141624274
-1 0.0 0 0 8.145161971994515e-05
2 0.41866058111190796 17 28 0.04096968918324266
2 0.4054267704486847 18 27 0.049674507828955355
2 0.366639643907547 19 22 0.03715012247738171
3 0.5615501403808594 20 21 0.06483838915551246
-1 0.0 0 0 0.004436064692177739
-1 0.0 0 0 0.038508752464420266
4 0.729850172996521 23 26 -0.10833471734893688
4 0.6782086491584778 24 25 -0.047573562984800206
-1 0.0 0 0 -0.016839281215288795
-1 0.0 0 0 0.022858472082797173
-1 0.0 0 0 -0.03624268174171448
-1 0.0 0 0 0.04961688456125558
-1 0.0 0 0 -0.023644909635186197
nodes 29
6 0.8323132395744324 1 28 0.0
1 0.41369521617889404 2 25 -0.014705182775564887
1 0.4051695466041565 3 22 -0.00940630476432969
1 0.3901820778846741 4 13 -0.013247379201379646
3 0.721388041973114 5 6 -0.007903907108058944
-1 0.0 0 0 -0.002286761469079317
8 31.5 7 8 0.05490190555547299
-1 0.0 0 0 -0.03539834410973614
7 0.030000001192092896 9 10 0.07992746477805515
-1 0.0 0 0 0.0026400666712139767
6 0.7661007046699524 11 12 0.16834476734243373
-1 0.0 0 0 -0.02146557648454539
-1 0.0 0 0 0.021820282478701082
0 0.5107396841049194 14 19 -0.22497772377856234
0 0.46975430846214294 15 16 -0.3779609998819804
-1 0.0 0 0 0.00023682097325453886
7 0.02199999988079071 17 18 -0.6049316572325845
-1 0.0 0 0 -0.09232648378993208
-1 0.0 0 0 -0.013379854984581472
0 0.5332775115966797 20 21 0.13562571275092306
-1 0.0 0 0 0.06277760018905004
-1 0.0 0 0 -0.035652457638865424
1 0.4069969803094864 23 24 0.3512768817180004
-1 0.0 0 0 0.07877302671020682
-1 0.0 0 0 0.010507240791160328
0 0.5196250677108765 26 27 -0.34103714880791114
-1 0.0 0 0 -0.06423417436626723
-1 0.0 0 0 0.004845415673604826
-1 0.0 0 0 9.191813944519638e-05
nodes 29
8 56.5 1 12 0.0
4 0.8514394164085388 2 11 -0.0013646474665035704
1 0.33243998885154724 3 4 -0.01946980460914215
-1 0.0 0 0 -0.002789995055895663
5 1.1172516345977783 5 8 0.04218800582075098
6 0.9106482267379761 6 7 -0.09719016863506696
-1 0.0 0 0 -0.09110533491424894
-1 0.0 0 0 -0.006153521025093228
2 0.4080648720264435 9 10 0.10826001239669236
-1 0.0 0 0 0.02175941713939734
-1 0.0 0 0 0.0017292605940951403
-1 0.0 0 0 0.00021128367895161798
3 0.9136646389961243 13 28 0.009937717920360412
4 0.9521088004112244 14 17 0.00872548153188434
0 0.4391520917415619 15 16 0.013145125616633724
-1 0.0 0 0 0.005564966475194725
-1 0.0 0 0 -0.00030858668926213095
7 0.006000000284984708 18 19 -0.2225431509736299
-1 0.0 0 0 0.012026000076106616
7 0.06200000084936619 20 27 -0.33546654213329447
6 0.9509370923042297 21 26 -0.45366800329317963
5 1.1920920610427856 22 25 -0.6135822847544988
1 0.41844990849494934 23 24 -0.8442933810542205
-1 0.0 0 0 -0.11671633989151037
-1 0.0 0 0 -0.03061766846194154
-1 0.0 0 0 -0.02735869849443828
-1 0.0 0 0 0.00018454045057296755
-1 0.0 0 0 0.0013640098966831386
-1 0.0 0 0 0.06740228521891616
nodes 29
5 1.1573692560195923 1 8 0.0
0 0.33243313431739807 2 5 -0.004048505865813765
8 36.5 3 4 0.03986804636581442
-1 0.0 0 0 -0.0002696684145475202
-1 0.0 0 0 0.009173558395792198
6 1.041933298110962 6 7 -0.008726908935090724
-1 0.0 0 0 -0.0008061054367630317
-1 0.0 0 0 -0.040958129667412885
1 0.3334908187389374 9 10 0.003273275461243454
-1 0.0 0 0 -0.0004558989956630372
1 0.3457499146461487 11 28 0.028108829611591345
6 1.020297646522522 12 27 0.0942283973369306
4 0.7542193531990051 13 16 0.10333314300608325
8 60.5 14 15 -0.21847703683433
-1 0.0 0 0 -0.08374699558619232
-1 0.0 0 0 -0.003539462416419681
0 0.48910292983055115 17 22 0.11740469079378192
0 0.47367942333221436 18 19 0.1000804382027813
-1 0.0 0 0 0.012622236679834224
3 0.6503417491912842 20 21 -0.263112768239363
-1 0.0 0 0 0.013653517276462582
-1 0.0 0 0 -0.041455830377771674
3 0.612373948097229 23 24 0.3383172189313127
-1 0.0 0 0 0.006289260363407823
8 58.5 25 26 0.552892209918693
-1 0.0 0 0 0.08447936086551004
-1 0.0 0 0 0.021720560137182474
-1 0.0 0 0 -0.06462909170874843
-1 0.0 0 0 0.0014787840029080095
nodes 29
5 1.5828040838241577 1 2 0.0
-1 0.0 0 0 -0.0001299321093830233
2 0.294132262468338 3 4 0.010972317995667297
-1 0.0 0 0 -0.0013292486949486792
2 0.3609820604324341 5 12 0.029377460693644164
2 0.3349543809890747 6 7 0.05167099161793122
-1 0.0 0 0 0.0021398423713759195
6 0.7892550230026245 8 9 0.10607614894348258
-1 0.0 0 0 -0.0070857086271510624
1 0.22642304748296738 10 11 0.1328658689033233
-1 0.0 0 0 0.016125710869813202
-1 0.0 0 0 -0.007083631312096869
0 0.4843570291996002 13 22 -0.007827833601542343
4 0.8555575609207153 14 17 -0.04809155208679441
7 0.05000000074505806 15 16 -0.14984136385794025
-1 0.0 0 0 0.0016314901601145436
-1 0.0 0 0 -0.02819724555028787
7 0.5900000035762787 18 21 0.0013271007217214867
4 0.8593611717224121 19 20 -0.0133082821493971
-1 0.0 0 0 0.04708389109000564
-1 0.0 0 0 -0.00264059839903485
-1 0.0 0 0 0.07791977003216743
3 0.39014381170272827 23 26 0.09230249567631016
2 0.41866058111190796 24 25 0.00468985920106726
-1 0.0 0 0 -0.008785322398531236
-1 0.0 0 0 0.024265778739461487
2 0.48332589864730835 27 28 0.19554971037777485
-1 0.0 0 0 0.024922474351044357
-1 0.0 0 0 -0.030048163029654275
nodes 29
7 0.041999999433755875 1 28 0.0
4 1.099502444267273 2 27 -0.005037375438098846
4 1.0451526641845703 3 10 -0.0025412372200828257
8 30.5 4 9 -0.006256011299684802
5 1.1125366687774658 5 6 -0.13826271192744818
-1 0.0 0 0 -0.0354215141955549
6 0.8802168369293213 7 8 -0.040620854125963675
-1 0.0 0 0 -0.0511356994509697
-1 0.0 0 0 0.003097399612251287
-1 0.0 0 0 -0.0004394258999017583
6 0.8935308456420898 11 26 0.04679882253241395
5 1.1894941329956055 12 17 0.205461259560291
0 0.4283096194267273 13 16 0.3389438515045366
3 0.9469581246376038 14 15 0.14868636269291693
-1 0.0 0 0 0.028597350750880487
-1 0.0 0 0 -0.04004622165706348
-1 0.0 0 0 0.06337089750154967
7 0.01000000024214387 18 19 0.08027810338459948
-1 0.0 0 0 0.02826228015947827
3 0.8787469863891602 20 25 -0.08235408396190294
3 0.856911301612854 21 24 0.06935802952068139
5 1.2715837955474854 22 23 -0.12614778888157824
-1 0.0 0 0 -0.058337771538645035
-1 0.0 0 0 0.013512645483549152
-1 0.0 0 0 0.051739219669252635
-1 0.0 0 0 -0.051039897557348016
-1 0.0 0 0 0.0017247153484393032
-1 0.0 0 0 -0.006951620776680424
-1 0.0 0 0 0.00027528220917808394
nodes 29
7 0.6099999845027924 1 4 0.0
6 1.0341813564300537 2 3 0.0004319073027079533
-1 0.0 0 0 -6.652248585673204e-05
-1 0.0 0 0 0.0018595821884447817
6 1.0 5 6 -0.030662934306914674
-1 0.0 0 0 0.04050765477120877
5 1.1095229387283325 7 8 -0.03702874120273647
-1 0.0 0 0 -0.040712561422870275
2 0.3973379135131836 9 28 -0.03126313709773255
0 0.35497045516967773 10 23 -0.036801319970461814
2 0.34927263855934143 11 22 -0.022861166208394304
6 1.020297646522522 12 19 -0.03444784574151893
6 1.0050921440124512 13 14 -0.1870540574703726
-1 0.0 0 0 0.0297865422287335
4 0.9705227613449097 15 16 -0.3034347326122224
-1 0.0 0 0 -0.002604286714985564
4 1.1541014909744263 17 18 -0.46634741550281883
-1 0.0 0 0 -0.06582921185554602
-1 0.0 0 0 -0.01544372730422765
6 1.024709701538086 20 21 -0.01694260036281601
-1 0.0 0 0 0.039479668596477224
-1 0.0 0 0 -0.0029907673310154187
-1 0.0 0 0 0.05588867020172378
8 33.5 24 25 -0.21162222786414514
-1 0.0 0 0 -0.05328863807118092
6 1.0449284315109253 26 27 0.0007388223232938198
-1 0.0 0 0 -0.02622144553414546
-1 0.0 0 0 0.019408682060619707
-1 0.0 0 0 0.0318697275859969
nodes 29
2 0.45644092559814453 1 2 0.0
-1 0.0 0 0 -0.00016531873828688564
6 0.9626264870166779 3 4 0.007928285634997428
-1 0.0 0 0 0.00289642969838447
4 0.8869562149047852 5 6 -0.006950539728307569
-1 0.0 0 0 0.014188163324205257
6 0.997190535068512 7 14 -0.012084785023733034
6 0.9956550598144531 8 9 -0.032956819987603324
-1 0.0 0 0 -0.002496663545822281
8 33.5 10 11 -0.18042783445377852
-1 0.0 0 0 0.026691078717875127
7 0.026000000536441803 12 13 -0.23323864395206328
-1 0.0 0 0 -0.06741015974846151
-1 0.0 0 0 -0.015159735626085
8 48.5 15 28 0.025233508083757655
0 0.5107396841049194 16 17 0.01666601667950779
-1 0.0 0 0 0.0038036004740742133
3 0.9254093766212463 18 25 -0.12280877206681504
7 0.13000000268220901 19 20 -0.20742954271858138
-1 0.0 0 0 -0.03572009603326031
7 0.1979999989271164 21 22 -0.07523334247763364
-1 0.0 0 0 0.014446321793500035
5 1.1187093257904053 23 24 -0.25058747785285523
-1 0.0 0 0 -0.05284758050275861
-1 0.0 0 0 0.0012413974651800735
6 1.0019903182983398 26 27 0.2626858497912317
-1 0.0 0 0 0.06253206642435455
-1 0.0 0 0 -0.01090148350223899
-1 0.0 0 0 0.02732514002734525
nodes 29
6 0.9567990303039551 1 28 0.0
5 1.0636667013168335 2 9 -0.005096874431727571
6 0.9438656568527222 3 4 -0.13448819835469752
-1 0.0 0 0 -0.04877724209179481
1 0.4676286280155182 5 6 -0.07409773295927008
-1 0.0 0 0 -0.0013069146768094997
3 0.9383864402770996 7 8 -0.4688358223660195
-1 0.0 0 0 -0.07998561590082116
-1 0.0 0 0 -0.002195836789906025
2 0.45111411809921265 10 19 -0.003622114749743637
1 0.4107646644115448 11 16 -0.010043015162229286
7 0.2540000081062317 12 13 -0.007828788835994447
-1 0.0 0 0 -0.0006523264117235303
2 0.36965224146842957 14 15 -0.172097602220934
-1 0.0 0 0 -0.007781896600243892
-1 0.0 0 0 -0.05806383591677461
7 0.05400000140070915 17 18 -0.13534969982757897
-1 0.0 0 0 -0.022612943507103696
-1 0.0 0 0 0.01771575303468029
8 59.5 20 21 0.022344405298566978
-1 0.0 0 0 0.0029096575349737237
3 0.8229728937149048 22 25 -0.11329653289750806
4 0.9246423244476318 23 24 -0.17966836806903672
-1 0.0 0 0 -0.022133861124487286
-1 0.0 0 0 0.031312755122780804
4 0.9370498657226562 26 27 0.33169645291160454
-1 0.0 0 0 0.08364265926182271
-1 0.0 0 0 -0.00889119968439142
-1 0.0 0 0 0.00029260353341292625
nodes 29
8 59.5 1 2 0.0
-1 0.0 0 0 -0.00011301004491725913
0 0.4391520917415619 3 8 0.012067382434413867
4 0.9336686134338379 4 7 0.07167790924329964
5 1.3277848958969116 5 6 0.08014444140541027
-1 0.0 0 0 0.011924411391843512
-1 0.0 0 0 0.0009908820342409519
-1 0.0 0 0 -0.024413971499241186
6 0.9487624764442444 9 28 -0.006455404864229655
5 1.1025201082229614 10 15 -0.023353533048914056
8 62.5 11 12 -0.24953748084870833
-1 0.0 0 0 0.007564871837658917
2 0.39078155159950256 13 14 -0.38328341762685486
-1 0.0 0 0 -0.009586891535824787
-1 0.0 0 0 -0.05648083664280804
5 1.1164219379425049 16 23 -0.014339142052566074
2 0.4314854145050049 17 22 0.215483807690656
1 0.3832773268222809 18 21 0.016632595263257787
6 0.9187205135822296 19 20 0.17251208008752322
-1 0.0 0 0 0.04631174507602636
-1 0.0 0 0 -0.012639630117586682
-1 0.0 0 0 -0.05367395758628846
-1 0.0 0 0 0.05924725645842652
2 0.44941946864128113 24 25 -0.02185216886684356
-1 0.0 0 0 -0.0010800052608491001
1 0.4337610900402069 26 27 -0.17229008123569056
-1 0.0 0 0 -0.021074387567986415
-1 0.0 0 0 0.03487588334828615
-1 0.0 0 0 0.003277024500423449
nodes 29
8 25.5 1 28 0.0
0 0.4539378881454468 2 27 -0.02534219669713551
5 1.0744541883468628 3 4 -0.019678809023333875
-1 0.0 0 0 0.04436405239254237
3 0.721388041973114 5 12 -0.02608887173706876
1 0.18031607568264008 6 9 0.05542893275808267
3 0.7047127485275269 7 8 0.006651849208770558
-1 0.0 0 0 -0.0017073259625976789
-1 0.0 0 0 0.032298663367206853
1 0.20493730902671814 10 11 0.3304996990033838
-1 0.0 0 0 0.0679542250931263
-1 0.0 0 0 -0.0030177604655424756
3 0.8722615242004395 13 14 -0.04963716761476942
-1 0.0 0 0 -0.012009655247562354
3 0.8774095773696899 15 16 -0.01478305825929362
-1 0.0 0 0 0.03769204839620562
6 1.0006213188171387 17 24 -0.023753368386500103
7 0.10200000181794167 18 21 0.08637417629134
4 1.0951733589172363 19 20 -0.09421363570591779
-1 0.0 0 0 0.0319938816751043
-1 0.0 0 0 -0.02200321022751211
5 1.1218457221984863 22 23 0.39130113753261136
-1 0.0 0 0 0.07484133772552014
-1 0.0 0 0 0.02171000449850065
6 1.0029692649841309 25 26 -0.047738650361487854
-1 0.0 0 0 -0.04534568659961224
-1 0.0 0 0 -0.003090386962976029
-1 0.0 0 0 -0.04096135381195281
-1 0.0 0 0 4.800353278770495e-05
nodes 29
8 86.5 1 24 0.0
6 0.9532519578933716 2 23 -0.0001231756405481627
7 0.28599999845027924 3 20 -0.005147528332522806
5 1.097704291343689 4 19 -0.0042928444252941815
8 46.5 5 12 -0.03794573784308552
4 0.9542361497879028 6 7 -0.0035531780666719047
-1 0.0 0 0 0.013209078356668175
6 0.9233640432357788 8 11 -0.04268724056089233
6 0.9160948991775513 9 10 0.09718255621673011
-1 0.0 0 0 -0.017286194994470434
-1 0.0 0 0 0.028173558555318785
-1 0.0 0 0 -0.007603697858260302
2 0.4819191098213196 13 16 -0.09592176718046846
0 0.4682884216308594 14 15 -0.12727125086068422
-1 0.0 0 0 -0.0044496168013119395
-1 0.0 0 0 -0.02526060712943608
5 1.07062566280365 17 18 0.1096310974045826
-1 0.0 0 0 -0.036439256469408675
-1 0.0 0 0 0.020703321975362426
-1 0.0 0 0 -3.796918067730495e-05
2 0.3105638027191162 21 22 -0.27651758261749315
-1 0.0 0 0 -0.006233342015184462
-1 0.0 0 0 -0.04754028763355954
-1 0.0 0 0 0.00025164588553165174
0 0.47440817952156067 25 26 0.09841737009584904
-1 0.0 0 0 0.03047034711223738
7 0.030000001192092896 27 28 0.03610177707741968
-1 0.0 0 0 -0.009021065794258263
-1 0.0 0 0 0.022071225902973078
nodes 29
2 0.49836939573287964 1 2 0.0
-1 0.0 0 0 6.539314638452587e-05
5 1.093538522720337 3 12 -0.01787628583246132
5 1.089257001876831 4 11 0.04856317084346813
7 0.01000000024214387 5 6 0.018820393265460835
-1 0.0 0 0 -0.026200951010694886
7 0.1899999976158142 7 8 0.06507117390698794
-1 0.0 0 0 0.011278648882862697
3 0.9205402731895447 9 10 -0.21556556718768896
-1 0.0 0 0 -0.07043260907133421
-1 0.0 0 0 0.0005164991823896286
-1 0.0 0 0 0.028346598353984693
5 1.1040712594985962 13 22 -0.05293676102205353
7 0.1380000039935112 14 21 -0.22359215266050034
7 0.07399999722838402 15 20 -0.2938600279846805
5 1.1008485555648804 16 19 -0.1360712556251363
6 0.9854450225830078 17 18 0.037514628273859416
-1 0.0 0 0 -0.014352518006689453
-1 0.0 0 0 0.06392057559946004
-1 0.0 0 0 -0.049047576858558595
-1 0.0 0 0 -0.07875134729381118
-1 0.0 0 0 0.010394681457640423
5 1.1125366687774658 23 28 -0.02235991443446046
3 0.8530013561248779 24 25 0.23015606823838994
-1 0.0 0 0 -0.030411785212345423
4 0.9819076061248779 26 27 0.3147935209689791
-1 0.0 0 0 0.07703490559249482
-1 0.0 0 0 0.01766573264984594
-1 0.0 0 0 -0.005661425643182103
nodes 29
2 0.44076260924339294 1 2 0.0
-1 0.0 0 0 -0.00019367218953054524
1 0.371148943901062 3 24 0.006029065355383095
7 0.0020000000949949026 4 7 0.08542694829984632
2 0.44513657689094543 5 6 -0.11220423390439369
-1 0.0 0 0 0.03335699288393645
-1 0.0 0 0 -0.024064763672886638
6 0.7790522575378418 8 21 0.12364570109252376
4 0.9936378598213196 9 18 -0.006160117945961865
8 45.5 10 11 0.08472502796297393
-1 0.0 0 0 0.04526706336018367
6 0.7063673734664917 12 13 -0.0017200239642287593
-1 0.0 0 0 -0.019651038524214973
4 0.9279977679252625 14 17 0.28610453971508726
8 59.5 15 16 0.47496413177949315
-1 0.0 0 0 0.07848985334513364
-1 0.0 0 0 0.005655268952250481
-1 0.0 0 0 -0.015771550163626673
1 0.3523586094379425 19 20 -0.4497661872633866
-1 0.0 0 0 -0.006567262396925972
-1 0.0 0 0 -0.08338597505575135
6 0.8140664100646973 22 23 0.183130000355058
-1 0.0 0 0 0.06304546647146345
-1 0.0 0 0 0.01373912821178825
1 0.37328964471817017 25 28 0.002842959934980678
6 0.9804755449295044 26 27 -0.2802904777960586
-1 0.0 0 0 -0.04642394720291605
-1 0.0 0 0 0.014892384208117924
-1 0.0 0 0 0.000369339291679457
nodes 29
5 1.5828040838241577 1 2 0.0
-1 0.0 0 0 -0.0001186384344863015
2 0.25739794969558716 3 6 0.010018604599835092
6 1.0365744829177856 4 5 -0.023151957521030993
-1 0.0 0 0 -0.006972360606575178
-1 0.0 0 0 0.0012085749371382336
6 1.0341813564300537 7 24 0.021451790476902727
8 31.5 8 9 0.012717050737672745
-1 0.0 0 0 0.01011558813461699
8 46.5 10 13 0.004783525436232858
3 0.6575028300285339 11 12 -0.03211051873592517
-1 0.0 0 0 -0.0025819817009961987
-1 0.0 0 0 -0.03548235172778368
2 0.41246384382247925 14 15 0.031710102469499186
-1 0.0 0 0 0.0018160823975811914
7 0.15799999982118607 16 23 0.1380301198841613
8 51.5 17 20 0.1760694431216736
2 0.4341302216053009 18 19 0.4551275602231423
-1 0.0 0 0 0.09133946747872336
-1 0.0 0 0 0.023726286641398416
6 0.7063673734664917 21 22 0.08605069566958694
-1 0.0 0 0 -0.007407902069129311
-1 0.0 0 0 0.025442238272551227
-1 0.0 0 0 -0.025187294330033996
2 0.35623979568481445 25 26 0.0741253906543664
-1 0.0 0 0 0.005602868349381905
7 0.3739999979734421 27 28 0.3192535149199622
-1 0.0 0 0 -0.0003359193800062668
-1 0.0 0 0 0.06866735442955461
nodes 29
7 0.43799999356269836 1 2 0.0
-1 0.0 0 0 8.152114408548534e-05
0 0.4146292209625244 3 20 -0.015026441265577707
6 1.0050921440124512 4 17 -0.004762831852345407
4 0.9279977679252625 5 10 0.07770452027905451
0 0.368932843208313 6 9 -0.07851016489713716
1 0.23770791292190552 7 8 -0.2167499115781134
-1 0.0 0 0 -0.012788460875656141
-1 0.0 0 0 -0.06200616705374649
-1 0.0 0 0 0.017347114550869302
6 1.0029692649841309 11 16 0.18656662901121307
8 31.5 12 13 0.1139226877281067
-1 0.0 0 0 -0.004704152740818887
5 1.1210906505584717 14 15 0.2862938157480767
-1 0.0 0 0 -0.018561837700722013
-1 0.0 0 0 0.03906590122228059
-1 0.0 0 0 0.052174832300168644
6 1.020297646522522 18 19 -0.01571946806652455
-1 0.0 0 0 -0.009150986765447636
-1 0.0 0 0 0.00010926325296668506
7 0.44200000166893005 21 22 -0.10712045596182877
-1 0.0 0 0 -0.056942140592986516
0 0.4419816732406616 23 28 -0.08159463663844026
3 0.459038645029068 24 25 -0.2158175728378975
-1 0.0 0 0 0.0027868550718117713
7 0.5660000145435333 26 27 -0.33766063461590506
-1 0.0 0 0 -0.042783465925446254
-1 0.0 0 0 0.004235846921801567
-1 0.0 0 0 0.002727507827889726
nodes 29
7 0.8219999969005585 1 28 0.0
6 0.5334320068359375 2 19 5.704382432947899e-05
2 0.3609820604324341 3 4 -0.053255195464315626
-1 0.0 0 0 0.0031340529986249033
7 0.05000000074505806 5 18 -0.11258206785821812
3 0.459038645029068 6 17 -0.14867112115382008
2 0.4677373170852661 7 16 -0.18505267613621615
4 0.8287536799907684 8 11 -0.2287922455054001
4 0.785845160484314 9 10 -0.08810105121399207
-1 0.0 0 0 -0.025487048968872324
-1 0.0 0 0 0.027109466242389038
1 0.15701603889465332 12 13 -0.3661336494565365
-1 0.0 0 0 -0.007215071696302165
1 0.1971392035484314 14 15 -0.47697967318359946
-1 0.0 0 0 -0.07436211948096753
-1 0.0 0 0 -0.029181194983215798
-1 0.0 0 0 0.013063291148485048
-1 0.0 0 0 0.019513457342982293
-1 0.0 0 0 0.023026393845000052
5 1.5828040838241577 20 21 0.00026744460802537705
-1 0.0 0 0 -0.00010696177894229979
2 0.294132262468338 22 25 0.012013282233954144
6 1.0341813564300537 23 24 -0.011381154212067405
-1 0.0 0 0 -0.003944966025612604
-1 0.0 0 0 0.0020421845297133503
3 0.603765070438385 26 27 0.030594371124879227
-1 0.0 0 0 0.0037917550427202375
-1 0.0 0 0 -0.005218456020788846
-1 0.0 0 0 -0.02112168280614747
nodes 29
7 0.5020000040531158 1 2 0.0
-1 0.0 0 0 6.345524770240336e-05
5 1.072037935256958 3 4 -0.018172573709898346
-1 0.0 0 0 0.039083890625360336
1 0.31790709495544434 5 18 -0.020857016597486962
2 0.3982301354408264 6 17 -0.013071992964756626
4 1.0255881547927856 7 12 -0.01765815249764376
1 0.2542101740837097 8 9 -0.03895671957381251
-1 0.0 0 0 -0.0023805902612959763
8 29.5 10 11 -0.21615104244047442
-1 0.0 0 0 -0.05553869891813711
-1 0.0 0 0 -0.010207169751875696
2 0.3502277135848999 13 14 0.014618015949008802
-1 0.0 0 0 -0.0002358003915047027
4 1.1347192525863647 15 16 0.388090452958237
-1 0.0 0 0 0.07911778032070116
-1 0.0 0 0 0.013912473662811169
-1 0.0 0 0 0.06818403705422368
7 0.5660000145435333 19 26 -0.18820890046081087
2 0.3824716806411743 20 21 -0.33586370905062984
-1 0.0 0 0 -0.07224702762129406
4 1.0 22 23 -0.21047779537636685
-1 0.0 0 0 0.011039416542784735
0 0.41844508051872253 24 25 -0.3462313172550729
-1 0.0 0 0 -0.013337408000182722
-1 0.0 0 0 -0.06604491436765307
7 0.6180000007152557 27 28 0.09551994741766476
-1 0.0 0 0 0.04010133710266514
-1 0.0 0 0 -0.013623368428570443
nodes 29
6 0.8826463222503662 1 28 0.0
4 1.0271241664886475 2 13 -0.009155119888140155
3 0.8838716745376587 3 10 -0.016855310012247125
3 0.8594673275947571 4 5 -0.013406963656196055
-1 0.0 0 0 -0.0009849554761871347
7 0.041999999433755875 6 9 -0.15973319669228658
1 0.4088214635848999 7 8 -0.2651045986643812
-1 0.0 0 0 -0.009457962454838648
-1 0.0 0 0 -0.05666125239129516
-1 0.0 0 0 0.014989661525648373
0 0.4230777621269226 11 12 -0.6472597811371088
-1 0.0 0 0 -0.023931986491449855
-1 0.0 0 0 -0.08898186502424447
4 1.0347260236740112 14 17 0.08161505608570777
8 40.5 15 16 0.3177978425845504
-1 0.0 0 0 0.011036555763954918
-1 0.0 0 0 0.059959264477398605
5 1.1734163761138916 18 19 0.04447939783117277
-1 0.0 0 0 0.02056134309262104
4 1.0451526641845703 20 23 -0.018732552104533753
7 0.02199999988079071 21 22 -0.2535605184618652
-1 0.0 0 0 -0.05098749957606197
-1 0.0 0 0 0.0019114457387873467
1 0.41369521617889404 24 27 0.029322959998126914
0 0.3874298334121704 25 26 0.06660306680297982
-1 0.0 0 0 -0.006087835915246628
-1 0.0 0 0 0.026965731413321137
-1 0.0 0 0 -0.036439133869702704
-1 0.0 0 0 0.00012207172421861202
nodes 29
8 59.5 1 2 0.0
-1 0.0 0 0 -0.00010466771315571428
0 0.4391520917415619 3 10 0.011176575983794363
4 0.9314666390419006 4 9 0.0650500440648344
3 0.5190415382385254 5 6 0.07283687007336441
-1 0.0 0 0 0.0013156580312813566
1 0.23133496940135956 7 8 0.11170889827024494
-1 0.0 0 0 0.029023155436921372
-1 0.0 0 0 0.009434797942025348
-1 0.0 0 0 -0.02145677989687432
1 0.3641039729118347 11 14 -0.005563534257214557
4 0.8999202251434326 12 13 0.005495510766980615
-1 0.0 0 0 0.0009050787718713921
-1 0.0 0 0 -0.06469591077545593
3 0.6732796430587769 15 16 -0.055628635716155644
-1 0.0 0 0 -0.02492222772680373
5 1.0910110473632812 17 18 -0.01901333932606133
-1 0.0 0 0 -0.016358855066544102
3 0.7958163022994995 19 26 0.022561397613501212
0 0.46975430846214294 20 21 -0.030021225852335215
-1 0.0 0 0 -0.040257213554078984
1 0.4361366629600525 22 25 0.0075018873536961805
6 0.9708077311515808 23 24 0.03348065876089233
-1 0.0 0 0 -0.0009320600925955398
-1 0.0 0 0 0.03267012288543716
-1 0.0 0 0 -0.0447992571319143
1 0.4257747232913971 27 28 0.22368993237032556
-1 0.0 0 0 0.007440056235230129
-1 0.0 0 0 0.05720317957457155
nodes 29
8 76.5 1 28 0.0
4 0.706692099571228 2 21 -0.00028592162678128406
1 0.28163468837738037 3 20 -0.014447955904483353
7 0.06200000084936619 4 7 -0.0059866330048865945
8 64.5 5 6 0.02512718101467652
-1 0.0 0 0 -0.0011124856799128169
-1 0.0 0 0 0.006134371242513762
1 0.25701045989990234 8 9 -0.022161695260089934
-1 0.0 0 0 -0.0013505428527313644
8 48.5 10 11 -0.11172653602118567
-1 0.0 0 0 0.023649332197061904
8 52.5 12 13 -0.14358261135797537
-1 0.0 0 0 -0.04886637305387775
1 0.26404842734336853 14 15 -0.09798260632336937
-1 0.0 0 0 -0.02824674831184594
8 59.5 16 19 -0.025473624896443454
7 0.18200000375509262 17 18 0.12733423957173284
-1 0.0 0 0 -0.004715488444780931
-1 0.0 0 0 0.03326155619476648
-1 0.0 0 0 -0.011451127820860918
-1 0.0 0 0 -0.007724486354365481
6 0.8724886775016785 22 27 0.0007510419636107299
4 1.0271241664886475 23 26 -0.01587691194948806
3 0.8608091473579407 24 25 -0.023839516673077935
-1 0.0 0 0 -0.0018067782499025277
-1 0.0 0 0 -0.03267353163488831
-1 0.0 0 0 0.006314373106129237
-1 0.0 0 0 0.00024291595563691762
-1 0.0 0 0 0.0037534399725662002
nodes 29
4 1.1269127130508423 1 2 0.0
-1 0.0 0 0 7.053633681881876e-05
5 1.1282662153244019 3 4 -0.015648991581357217
-1 0.0 0 0 -0.042462690616095505
3 0.99809330701828 5 28 -0.013072602478779257
6 0.9880221486091614 6 23 -0.04889117563827115
0 0.3801860511302948 7 20 -0.18300497149045358
2 0.38428422808647156 8 17 -0.10883992893402682
0 0.23933587968349457 9 10 -0.20014740678069992
-1 0.0 0 0 0.009232105305090955
6 0.8415420651435852 11 12 -0.32329202144664076
-1 0.0 0 0 0.008520086519420147
7 0.058000000193715096 13 14 -0.3851848830588896
-1 0.0 0 0 -0.056046616552736274
3 0.9516398310661316 15 16 -0.13979108760302716
-1 0.0 0 0 -0.041755829537005136
-1 0.0 0 0 0.02768597240475091
7 0.058000000193715096 18 19 0.20421428082599527
-1 0.0 0 0 0.047393027972429995
-1 0.0 0 0 -0.02057540374994278
4 1.1434978246688843 21 22 -0.4129166034153766
-1 0.0 0 0 -0.06392424986400502
-1 0.0 0 0 -0.01655371365418961
5 1.1480586528778076 24 25 -0.019780592891532733
-1 0.0 0 0 -0.04618265416759711
6 0.9917564988136292 26 27 -0.012914885204319233
-1 0.0 0 0 0.03789428105069833
-1 0.0 0 0 -0.0018133329093937064
-1 0.0 0 0 0.002035483453835595
nodes 29
7 0.6659999787807465 1 10 0.0
2 0.24481986463069916 2 9 0.00027597664892881524
1 0.20099541544914246 3 4 0.01404428504443558
-1 0.0 0 0 0.00047809667063424704
5 1.093538522720337 5 6 0.1141707259345248
-1 0.0 0 0 0.029977276050313202
7 0.3140000104904175 7 8 0.07562261106258329
-1 0.0 0 0 0.011591617532375762
-1 0.0 0 0 -0.01046380711584597
-1 0.0 0 0 -8.354029191823618e-05
0 0.36418288946151733 11 26 -0.03853929545268621
0 0.317316472530365 12 23 -0.019840337562087137
1 0.2197413593530655 13 20 -0.04305099805381341
1 0.17810039222240448 14 15 -0.06128965134189695
-1 0.0 0 0 -0.003485978843485599
3 0.7308174967765808 16 17 -0.22935647187897792
-1 0.0 0 0 0.002757100477105095
3 0.8633992671966553 18 19 -0.324013963276357
-1 0.0 0 0 -0.04445633089824303
-1 0.0 0 0 -0.010099767372012139
3 0.8684862852096558 21 22 0.1796934059325685
-1 0.0 0 0 0.051804146509278906
-1 0.0 0 0 -0.01180528861284256
8 30.5 24 25 0.29350357907621755
-1 0.0 0 0 0.05292948784063692
-1 0.0 0 0 0.005771227974606597
6 1.0393028259277344 27 28 -0.3219984980215403
-1 0.0 0 0 -0.057397503341021755
-1 0.0 0 0 -0.0046024197357751075
nodes 29
2 0.4281599521636963 1 2 0.0
-1 0.0 0 0 -0.00021762802520288772
7 0.23399999737739563 3 6 0.005030900621978497
1 0.37222182750701904 4 5 0.0005267591775094501
-1 0.0 0 0 0.005661664933531696
-1 0.0 0 0 -0.00036578031152946944
5 1.302557110786438 7 26 0.06417067824966075
6 0.9685481190681458 8 9 0.05346826664891432
-1 0.0 0 0 -0.03036514590933638
6 1.0019903182983398 10 11 0.06291304981475301
-1 0.0 0 0 0.010887024392329615
6 1.00456964969635 12 21 -0.019043946345482253
7 0.32600000500679016 13 18 -0.2409490178355814
5 1.1258195638656616 14 17 -0.41737026830691254
6 1.0035117864608765 15 16 -0.22392321686232602
-1 0.0 0 0 -0.051996322697377764
-1 0.0 0 0 0.02146545758953801
-1 0.0 0 0 -0.0741394079476595
0 0.46756815910339355 19 20 -0.02884706502173389
-1 0.0 0 0 0.01990022252385433
-1 0.0 0 0 -0.034906768917131265
7 0.2939999997615814 22 23 0.06395871398287545
-1 0.0 0 0 0.023070825954071353
5 1.0776479244232178 24 25 -0.023293955204365394
-1 0.0 0 0 -0.030915175458150253
-1 0.0 0 0 0.004973540960001271
7 0.4020000100135803 27 28 0.3393564365338534
-1 0.0 0 0 0.013010774964009817
-1 0.0 0 0 0.07501038589549286
nodes 29
2 0.46876227855682373 1 2 0.0
-1 0.0 0 0 -0.00012154007467103786
2 0.48069071769714355 3 24 0.00878296007227599
0 0.5218109488487244 4 11 0.035460805588083566
8 59.5 5 10 0.04494197491734977
8 57.5 6 9 0.04147905499063431
4 1.1810680627822876 7 8 0.04624582798170246
-1 0.0 0 0 0.005003699211551807
-1 0.0 0 0 -0.02851861654056443
-1 0.0 0 0 -0.0471142289102883
-1 0.0 0 0 0.040153393455040765
6 0.8140664100646973 12 13 -0.11355524724204988
-1 0.0 0 0 0.03389082664045794
5 1.0744541883468628 14 15 -0.17085412014926496
-1 0.0 0 0 0.034355219109388796
5 1.1148016452789307 16 19 -0.22828783451136456
6 0.9790085554122925 17 18 -0.4978893737662846
-1 0.0 0 0 -0.02496414222731823
-1 0.0 0 0 -0.08371615741401911
1 0.4237697124481201 20 23 -0.08649739534766586
1 0.4156094193458557 21 22 -0.3460243919740121
-1 0.0 0 0 -0.011454268326943226
-1 0.0 0 0 -0.07345829744424139
-1 0.0 0 0 0.02379113504352669
4 0.9980531930923462 25 26 -0.005887643996279164
-1 0.0 0 0 0.0018047081994318724
3 0.9405727386474609 27 28 -0.032456026949522876
-1 0.0 0 0 -0.0075388895134663085
-1 0.0 0 0 0.0010269436075302644
nodes 29
8 56.5 1 18 0.0
4 0.8514394164085388 2 17 -0.001214482493846461
1 0.42478233575820923 3 14 -0.016507391640770835
6 1.023139476776123 4 11 -0.017926301113924178
8 47.5 5 10 -0.02868694387537715
7 0.041999999433755875 6 7 -0.06180541990754087
-1 0.0 0 0 -0.014907003701867268
2 0.40370115637779236 8 9 -0.03861050737501117
-1 0.0 0 0 -0.0047444249902753345
-1 0.0 0 0 0.017601456601282976
-1 0.0 0 0 -0.0003839152469713388
1 0.28951823711395264 12 13 0.026404735864862854
-1 0.0 0 0 0.0035662305475268026
-1 0.0 0 0 -0.03341038082388864
5 1.1008485555648804 15 16 0.334734935836311
-1 0.0 0 0 0.0008616007616122564
-1 0.0 0 0 0.06970893005254092
-1 0.0 0 0 0.00017228491386929933
3 0.9136646389961243 19 28 0.008844177086052948
4 0.9958176016807556 20 25 0.0077265126116138
0 0.3628750443458557 21 24 0.00942242536450072
2 0.31427088379859924 22 23 0.11696807674783843
-1 0.0 0 0 0.008689030513558486
-1 0.0 0 0 0.055993162231011834
-1 0.0 0 0 0.0006232472910267129
3 0.8415682911872864 26 27 -0.48909319653289346
-1 0.0 0 0 -0.014264622982591391
-1 0.0 0 0 -0.0852862511575222
-1 0.0 0 0 0.0621121097356081
nodes 29
1 0.3568130433559418 1 16 0.0
2 0.3991613984107971 2 3 0.0027245934594886953
-1 0.0 0 0 -0.00020088486611466837
6 0.7661007046699524 4 9 0.05365687600332268
1 0.31790709495544434 5 6 -0.059147294513201595
-1 0.0 0 0 0.00046891508391126995
1 0.3501853942871094 7 8 -0.17573746901083118
-1 0.0 0 0 -0.023255391764114536
-1 0.0 0 0 0.022197767140136826
8 29.5 10 15 0.07507072740268154
3 0.915210485458374 11 12 0.3772819081685789
-1 0.0 0 0 0.06597218957915903
6 1.0056984424591064 13 14 0.04104382766499406
-1 0.0 0 0 -0.041862875010286064
-1 0.0 0 0 0.05007164054328487
-1 0.0 0 0 0.00684445528005694
4 0.7823005318641663 17 20 -0.004086890375793973
3 0.7072261571884155 18 19 -0.1468841283864105
-1 0.0 0 0 -0.011124641899843343
-1 0.0 0 0 -0.0698420107009865
2 0.3889579176902771 21 22 -0.002840916593787787
-1 0.0 0 0 0.010023189108140868
1 0.35788771510124207 23 24 -0.004392311948137235
-1 0.0 0 0 -0.015260671828543088
8 37.5 25 26 -0.0032607291708393518
-1 0.0 0 0 0.0017343771333316858
6 1.0063115358352661 27 28 -0.010452480608161141
-1 0.0 0 0 -0.0007530633276904813
-1 0.0 0 0 -0.016901326876339644
nodes 29
8 34.5 1 22 0.0
5 1.0599510669708252 2 7 -0.007127161028669025
3 0.984603226184845 3 6 0.10479119639735315
7 0.3140000104904175 4 5 0.18164508304669053
-1 0.0 0 0 0.023744281714038914
-1 0.0 0 0 -0.020133027368733153
-1 0.0 0 0 -0.012056003055748356
0 0.5010856986045837 8 13 -0.009910423856714598
0 0.49107345938682556 9 12 -0.008083552108369372
7 0.12600000202655792 10 11 -0.009917420051225359
-1 0.0 0 0 -0.0032910426390336425
-1 0.0 0 0 0.00043667307895321327
-1 0.0 0 0 0.024643508965770403
5 1.1745679378509521 14 21 -0.1735484699754822
1 0.4645017087459564 15 18 -0.26650610003763664
6 0.9818441867828369 16 17 -0.7848775870907976
-1 0.0 0 0 -0.02889880869537592
-1 0.0 0 0 -0.11268703458059966
4 1.0285978317260742 19 20 -0.07552713112331423
-1 0.0 0 0 0.011570740042047369
-1 0.0 0 0 -0.04757854529591494
-1 0.0 0 0 0.053138022466252245
0 0.3042943775653839 23 28 0.0016850758104306155
8 37.5 24 27 0.03679449821038823
2 0.32612961530685425 25 26 -0.005407171927098264
-1 0.0 0 0 0.0003730094178301755
-1 0.0 0 0 -0.039697709648559495
-1 0.0 0 0 0.006080382676157988
-1 0.0 0 0 -0.00010297510518468205
nodes 29
2 0.18196013569831848 1 4 0.0
6 1.0321584939956665 2 3 -0.024154167785014655
-1 0.0 0 0 -0.008098752744798692
-1 0.0 0 0 0.0016263971940397555
2 0.23905977606773376 5 14 0.000483137434842046
1 0.21788597106933594 6 13 0.0218741337384652
1 0.18512405455112457 7 8 0.019740689803467125
-1 0.0 0 0 0.0005714329277835445
0 0.2728525996208191 9 10 0.06606693907132952
-1 0.0 0 0 0.009179527066781474
4 0.7953553199768066 11 12 -0.04009039434199424
-1 0.0 0 0 0.0028063271085408577
-1 0.0 0 0 -0.04329762303352575
-1 0.0 0 0 0.04547925770282746
6 1.1249903440475464 15 28 -0.0006902015560862939
5 1.5828040838241577 16 25 -0.00041440048145518387
6 1.0 17 18 -0.0020624718446239226
-1 0.0 0 0 7.486222843796485e-05
4 1.0002944469451904 19 24 -0.017403586596928075
5 1.0732430219650269 20 21 -0.0386825441340097
-1 0.0 0 0 0.012404342539708263
1 0.2972976267337799 22 23 -0.045761983454815455
-1 0.0 0 0 -0.001869639572952112
-1 0.0 0 0 -0.010346239212854514
-1 0.0 0 0 0.0005169384311149667
6 1.0365744829177856 26 27 0.016054389018675654
-1 0.0 0 0 0.0007093302194745407
-1 0.0 0 0 0.007058147279353189
-1 0.0 0 0 -0.009862600077758544
nodes 29
5 1.0651826858520508 1 28 0.0
6 0.997558057308197 2 19 -0.016869363194426334
7 0.04600000008940697 3 12 -0.04490073752999611
6 0.9921550750732422 4 9 0.004096497256260622
6 0.9607633948326111 5 8 0.029259372149645906
4 1.0469863414764404 6 7 -0.0786606876392047
-1 0.0 0 0 -0.0029727499593620835
-1 0.0 0 0 -0.06195707933322804
-1 0.0 0 0 0.00836462045404113
5 1.0467551946640015 10 11 -0.27734708663530083
-1 0.0 0 0 -0.07642355375473614
-1 0.0 0 0 -0.01204608080080814
0 0.4384096562862396 13 14 -0.09261463305724411
-1 0.0 0 0 -0.00016150426610604988
7 0.06600000336766243 15 18 -0.15035092641508618
8 38.5 16 17 -0.3112101363151201
-1 0.0 0 0 0.009743035936793477
-1 0.0 0 0 -0.04351064568147697
-1 0.0 0 0 -0.009117599184225089
7 0.3140000104904175 20 25 0.06693959832362005
8 39.5 21 24 0.1072850857217761
0 0.490042507648468 22 23 0.18581621486735245
-1 0.0 0 0 0.02334798373706909
-1 0.0 0 0 -0.014292259328067304
-1 0.0 0 0 -0.002831368068071424
4 0.943625807762146 26 27 -0.1864898336292417
-1 0.0 0 0 0.03661950755686987
-1 0.0 0 0 -0.028830021163938863
-1 0.0 0 0 6.886243008972084e-05
nodes 29
0 0.45815759897232056 1 2 0.0
-1 0.0 0 0 -0.00020887881824706138
0 0.46606695652008057 3 28 0.0052077786269855925
0 0.4653030037879944 4 27 0.044520956018311825
4 1.066894292831421 5 24 0.028895044988026895
6 0.967427134513855 6 19 0.020556286251301552
8 37.5 7 10 0.05547889456439437
4 0.9925866723060608 8 9 0.25174685007721714
-1 0.0 0 0 0.05279571919656191
-1 0.0 0 0 0.009573915697358272
8 39.5 11 14 0.037588234110420775
6 0.9455603361129761 12 13 -0.247956886516746
-1 0.0 0 0 -0.04741085155492092
-1 0.0 0 0 0.031377457914453365
7 0.22200000286102295 15 18 0.05525081889148263
7 0.10200000181794167 16 17 0.06200846011890436
-1 0.0 0 0 0.004096284526390887
-1 0.0 0 0 0.028461174207509828
-1 0.0 0 0 -0.049984113907530194
6 0.9896978139877319 20 21 -0.020046263528805782
-1 0.0 0 0 -0.010503953040457413
7 0.09400000050663948 22 23 0.052121239376336524
-1 0.0 0 0 -0.006852192547008817
-1 0.0 0 0 0.011399450237635176
5 1.0927542448043823 25 26 0.22624566842385996
-1 0.0 0 0 -0.03409648292487668
-1 0.0 0 0 0.036361696082894926
-1 0.0 0 0 0.020085979035702993
-1 0.0 0 0 -0.00017677919429227434
nodes 29
8 21.5 1 16 0.0
7 0.15399999916553497 2 3 -0.05624782467318309
-1 0.0 0 0 -0.034438058757928734
5 1.1790446043014526 4 5 -0.025275899018780995
-1 0.0 0 0 -0.040841371073232345
2 0.3039979040622711 6 13 0.007216353564699634
6 1.0341813564300537 7 10 -0.05420315831653239
6 1.0146758556365967 8 9 -0.20371950984311601
-1 0.0 0 0 -0.0011587068438529968
-1 0.0 0 0 -0.036629311410853495
7 0.4780000001192093 11 12 -0.013192959040669458
-1 0.0 0 0 0.01607989972399082
-1 0.0 0 0 -0.005212822198457496
2 0.321533739566803 14 15 0.235492206056612
-1 0.0 0 0 0.059567789687389454
-1 0.0 0 0 -0.0004631587821576331
0 0.37456175684928894 17 28 0.0001918949595727146
0 0.3677557408809662 18 25 0.005137321798897704
8 45.5 19 22 -2.3802936434906826e-06
7 0.09400000050663948 20 21 -0.006888290823423223
-1 0.0 0 0 -0.0029745692710015873
-1 0.0 0 0 0.0005020584381566262
0 0.32482439279556274 23 24 0.048579932582005485
-1 0.0 0 0 0.011544304197173415
-1 0.0 0 0 0.0013647602665695768
4 0.9694973230361938 26 27 0.06784780862345925
-1 0.0 0 0 0.00234666605635102
-1 0.0 0 0 0.013940008177344377
-1 0.0 0 0 -0.0002044731692696031
nodes 29
0 0.4953945577144623 1 6 0.0
2 0.5248068571090698 2 3 -0.0011778325737694527
-1 0.0 0 0 -0.00014093123627139756
8 38.5 4 5 0.3801894063750903
-1 0.0 0 0 0.07465807834968848
-1 0.0 0 0 -0.02426759347319603
4 1.066894292831421 7 26 0.009549239521687614
4 0.785845160484314 8 9 0.01171601284328493
-1 0.0 0 0 -0.002732558434906706
1 0.45300278067588806 10 17 0.02573542922963902
1 0.4495033025741577 11 12 0.0512086829360444
-1 0.0 0 0 0.003781777222041584
4 0.9081544876098633 13 14 0.2520298328428041
-1 0.0 0 0 0.07474619853668489
8 52.5 15 16 0.15407366580382953
-1 0.0 0 0 0.02345144109596976
-1 0.0 0 0 -0.06117222280800343
2 0.48332589864730835 18 19 -0.01707968932492292
-1 0.0 0 0 -0.035349364752495074
5 1.0944037437438965 20 23 -0.0026870225914956435
8 30.5 21 22 0.05400483663934051
-1 0.0 0 0 -0.05027896306447445
-1 0.0 0 0 0.006586781154367497
7 0.27400000393390656 24 25 -0.06333792454759538
-1 0.0 0 0 -0.00838808684183467
-1 0.0 0 0 0.048680211231112484
7 0.05000000074505806 27 28 -0.4056729533170399
-1 0.0 0 0 -0.07878702715039254
-1 0.0 0 0 0.0018990733557277255
nodes 29
7 0.4300000071525574 1 2 0.0
-1 0.0 0 0 7.798321371517387e-05
2 0.5005794763565063 3 28 -0.01364547734219778
2 0.4794997572898865 4 27 -0.011731920312805707
0 0.4146292209625244 5 6 -0.013849955200373465
-1 0.0 0 0 -0.0004389647303437664
3 0.41884711384773254 7 14 -0.10220703938063486
1 0.16583777964115143 8 11 0.026089461732033272
6 1.0263746976852417 9 10 -0.09236399949116346
-1 0.0 0 0 -0.034325662929978636
-1 0.0 0 0 0.004046151040751926
2 0.32612961530685425 12 13 0.2705172388592646
-1 0.0 0 0 0.0025534788097598053
-1 0.0 0 0 0.06428905640169978
2 0.42292043566703796 15 20 -0.17839542311831164
5 1.2083364725112915 16 17 -0.32626017107118277
-1 0.0 0 0 0.0015345032792538405
1 0.3084757924079895 18 19 -0.44747492082927737
-1 0.0 0 0 -0.030401861588967946
-1 0.0 0 0 -0.11510939402949244
1 0.367193341255188 21 22 -0.020170724671927227
-1 0.0 0 0 0.04784831725634062
1 0.39304038882255554 23 24 -0.11914020045909263
-1 0.0 0 0 -0.05567654499784112
8 37.5 25 26 -0.040288804149305496
-1 0.0 0 0 -0.014519044335235607
-1 0.0 0 0 0.04370136542245746
-1 0.0 0 0 0.039341789603765526
-1 0.0 0 0 -0.048194507035342136
nodes 29
6 1.1545042991638184 1 28 0.0
0 0.25938206911087036 2 23 0.00028833056903230473
8 34.5 3 18 0.012287986547012346
7 0.07399999722838402 4 11 -0.006000735032047032
6 1.03019118309021 5 10 -0.08161020269161816
6 0.927817165851593 6 7 -0.10679894602400493
-1 0.0 0 0 0.007372838788813799
3 0.8633992671966553 8 9 -0.151409626690516
-1 0.0 0 0 -0.02561022335139569
-1 0.0 0 0 -0.007404641522259179
-1 0.0 0 0 0.013429331158598266
1 0.21255627274513245 12 13 0.005884694842489306
-1 0.0 0 0 -0.0008406050990286805
6 1.0563884973526 14 17 0.08311198075350144
1 0.21624338626861572 15 16 0.11504937657347664
-1 0.0 0 0 0.03756213974666553
-1 0.0 0 0 0.00762168291833485
-1 0.0 0 0 -0.017048047560809264
1 0.18512405455112457 19 20 0.04522252410865315
-1 0.0 0 0 0.0015718310599190718
6 1.0449284315109253 21 22 0.10178681509720834
-1 0.0 0 0 0.011798448839574845
-1 0.0 0 0 -0.02241913600359112
0 0.26285630464553833 24 27 -0.0006091218193026267
7 0.07000000029802322 25 26 -0.10199064654090242
-1 0.0 0 0 -0.029432937500791418
-1 0.0 0 0 -0.004331103446622088
-1 0.0 0 0 -1.8452526967285623e-05
-1 0.0 0 0 -0.0036488519053763206
nodes 29
8 65.5 1 2 0.0
-1 0.0 0 0 -6.635143980358666e-05
1 0.432563841342926 3 28 0.015821312856347074
0 0.42755356431007385 4 13 0.018040067920733496
3 0.6081307530403137 5 6 0.09808526925717867
-1 0.0 0 0 0.0050135284222178065
7 0.05000000074505806 7 12 0.25226927286110307
8 71.5 8 11 0.14442636093441794
5 1.1471091508865356 9 10 0.25073833306747917
-1 0.0 0 0 -0.0019600837362994407
-1 0.0 0 0 0.04249569095671177
-1 0.0 0 0 -0.024892793595790864
-1 0.0 0 0 0.07130526238205757
4 0.8336666226387024 14 15 0.006904334363543824
-1 0.0 0 0 0.0014361235499313991
1 0.4117896258831024 16 27 -0.13289161558064183
3 0.7849774360656738 17 26 -0.21896702466131765
2 0.3964132070541382 18 19 -0.30114023184234445
-1 0.0 0 0 -0.07593703739345074
2 0.41334015130996704 20 21 -0.21931342075445823
-1 0.0 0 0 0.014039429232026591
3 0.7418375015258789 22 25 -0.3695710730514949
5 1.2715837955474854 23 24 -0.17102967934416874
-1 0.0 0 0 0.008470552930465112
-1 0.0 0 0 -0.039266686017314596
-1 0.0 0 0 -0.08529762055562891
-1 0.0 0 0 0.019822002718081842
-1 0.0 0 0 0.05471041161566973
-1 0.0 0 0 -0.04072213194199971
nodes 29
6 0.8323132395744324 1 28 0.0
1 0.41369521617889404 2 23 -0.012743078994747517
1 0.4051695466041565 3 20 -0.008052813083232135
1 0.3901820778846741 4 11 -0.01141633446862434
1 0.38722363114356995 5 10 -0.0064211441859009415
1 0.38424915075302124 6 9 -0.008563577403142767
1 0.3802894651889801 7 8 -0.006330666732759557
-1 0.0 0 0 -0.0010202368626216333
-1 0.0 0 0 0.041661404810845855
-1 0.0 0 0 -0.03162586677819491
-1 0.0 0 0 0.0333429976446288
4 0.9188401103019714 12 13 -0.20934632106135923
-1 0.0 0 0 0.01738147781671662
8 47.5 14 19 -0.35070672660198027
6 0.8208140134811401 15 18 -0.12721193124141011
8 43.5 16 17 0.055079179451517433
-1 0.0 0 0 -0.020322290650353986
-1 0.0 0 0 0.03908718911930919
-1 0.0 0 0 -0.0476603226736188
-1 0.0 0 0 -0.08247865955486443
1 0.4069969803094864 21 22 0.3077873589745799
-1 0.0 0 0 0.06965482146902517
-1 0.0 0 0 0.008848636344266244
0 0.5140356421470642 24 25 -0.30159360411988095
-1 0.0 0 0 -0.06370330935446979
5 1.2383124828338623 26 27 -0.018772073820525526
-1 0.0 0 0 0.026502969741821293
-1 0.0 0 0 -0.029165839231931247
-1 0.0 0 0 7.9653574577127e-05
nodes 29
3 0.9492237567901611 1 26 0.0
3 0.9405727386474609 2 3 0.0010374804031459443
-1 0.0 0 0 -2.4077599477072743e-05
8 40.5 4 13 0.07324226563868372
6 0.8896461725234985 5 6 0.12138394653014552
-1 0.0 0 0 0.06624900524814924
7 0.006000000284984708 7 10 0.1066932830201542
6 0.9502329230308533 8 9 0.4322176833383062
-1 0.0 0 0 0.07977388660706904
-1 0.0 0 0 0.016949933324940502
6 0.904538094997406 11 12 0.089642004908251
-1 0.0 0 0 -0.04040306136012078
-1 0.0 0 0 0.009922788099581331
6 0.9998196363449097 14 23 -0.052658213190369584
4 1.061830759048462 15 22 -0.09803214838149832
8 49.5 16 21 -0.05769094559886001
5 1.0679799318313599 17 20 -0.09863633754292478
7 0.11000000312924385 18 19 -0.2737745808071306
-1 0.0 0 0 -0.04239514821312494
-1 0.0 0 0 0.02268150902732655
-1 0.0 0 0 0.0010942135515428562
-1 0.0 0 0 0.029794903014387406
-1 0.0 0 0 -0.03771274084491389
6 1.001052975654602 24 25 0.33006106624784676
-1 0.0 0 0 0.06966686624694955
-1 0.0 0 0 -0.0005995896955331167
4 0.9936378598213196 27 28 -0.009545814171699698
-1 0.0 0 0 -0.044059048578716245
-1 0.0 0 0 -0.0008399536022778552
nodes 29
5 1.1573692560195923 1 8 0.0
6 1.0393028259277344 2 5 -0.0033882980052791093
0 0.35497045516967773 3 4 -0.002161569271442816
-1 0.0 0 0 0.0034646226427554002
-1 0.0 0 0 -0.0007814215559261595
1 0.24093136191368103 6 7 -0.15241399331222455
-1 0.0 0 0 -0.002958073362753522
-1 0.0 0 0 -0.030979410728323276
1 0.3334908187389374 9 10 0.002739488145903485
-1 0.0 0 0 -0.0004132786609595929
6 1.0263746976852417 11 26 0.024530980481796135
1 0.3457499146461487 12 25 0.026190952732289476
4 0.762966513633728 13 16 0.0907363125976268
8 60.5 14 15 -0.16694212890337262
-1 0.0 0 0 -0.059688155940084746
-1 0.0 0 0 0.0010407886176835746
0 0.48910292983055115 17 22 0.10465488998271902
0 0.47367942333221436 18 19 0.08870985158357259
-1 0.0 0 0 0.01112351746036502
3 0.6503417491912842 20 21 -0.23297991779691074
-1 0.0 0 0 0.015522703999543891
-1 0.0 0 0 -0.037339520040265424
2 0.4381830394268036 23 24 0.3339820598998545
-1 0.0 0 0 0.051411041010498676
-1 0.0 0 0 -0.0030277492737190593
-1 0.0 0 0 0.0013258420383078318
1 0.3489653766155243 27 28 -0.44202717758239585
-1 0.0 0 0 -0.09089227921288946
-1 0.0 0 0 0.0005414453024665515
nodes 29
1 0.43740320205688477 1 2 0.0
-1 0.0 0 0 -9.889571541315521e-05
3 0.846612274646759 3 4 0.010474555846854269
-1 0.0 0 0 0.008134492808286186
6 0.8571744561195374 5 6 -0.0023280842724190324
-1 0.0 0 0 0.05518961697816849
5 1.1250430345535278 7 22 -0.00423080417785059
4 1.061830759048462 8 9 0.01071479540539633
-1 0.0 0 0 -0.00017629195646519616
5 1.069284439086914 10 11 0.10880746037707598
-1 0.0 0 0 0.05550292652485002
5 1.1032800674438477 12 15 0.07742182884177704
0 0.4871175289154053 13 14 -0.0010754572119093635
-1 0.0 0 0 0.006258947401209761
-1 0.0 0 0 -0.04620095592737198
4 1.109063982963562 16 17 0.21106183650342494
-1 0.0 0 0 0.03527309008267539
7 0.041999999433755875 18 19 -0.011991583920539693
-1 0.0 0 0 -0.046042358446301834
5 1.1164219379425049 20 21 0.23060277702867008
-1 0.0 0 0 -0.014890393306469097
-1 0.0 0 0 0.05745307330507785
0 0.4964250326156616 23 28 -0.09015068760220707
0 0.4852033257484436 24 25 0.001429595660856168
-1 0.0 0 0 -0.011886616164373524
8 37.5 26 27 0.22391835067565868
-1 0.0 0 0 0.046211113974258505
-1 0.0 0 0 0.008174125952718332
-1 0.0 0 0 -0.01994141556416748
nodes 29
7 0.0020000000949949026 1 28 0.0
4 1.0 2 3 -0.013683225296640641
-1 0.0 0 0 -0.0029138703078182247
1 0.4645017087459564 4 25 0.05148352803597882
2 0.3238759934902191 5 8 0.07630359468582486
8 35.5 6 7 -0.1781380551734141
-1 0.0 0 0 -0.04309816457486401
-1 0.0 0 0 0.02403616809510979
5 1.0818283557891846 9 12 0.1008549819529444
4 1.024172067642212 10 11 -0.09571956606426586
-1 0.0 0 0 0.024865397247108255
-1 0.0 0 0 -0.027518183262494042
8 28.5 13 14 0.1316231720773773
-1 0.0 0 0 0.0569962563889998
0 0.45536428689956665 15 24 0.11377224661894479
5 1.1125366687774658 16 19 0.06395640064967602
3 0.9516398310661316 17 18 0.27252235465810726
-1 0.0 0 0 0.05544158357741505
-1 0.0 0 0 0.0024797780344008725
4 1.008457064628601 20 23 -0.0016836457895256843
1 0.3489653766155243 21 22 -0.4590461642501202
-1 0.0 0 0 0.000946443829508055
-1 0.0 0 0 -0.0837458573998167
-1 0.0 0 0 0.006026459158121767
-1 0.0 0 0 0.02917350618746774
8 39.5 26 27 -0.2932396198785494
-1 0.0 0 0 -0.0632212208583951
-1 0.0 0 0 -0.0022061548914228167
-1 0.0 0 0 7.039651458677511e-05
nodes 29
8 71.5 1 2 0.0
-1 0.0 0 0 -4.1284750559443054e-05
1 0.31079867482185364 3 14 0.023575978143513088
3 0.5714473724365234 4 11 0.0425189411934253
2 0.3898385763168335 5 8 0.027937983104795717
1 0.28429678082466125 6 7 0.01576480396274339
-1 0.0 0 0 0.002814457382970748
-1 0.0 0 0 -0.0112494073037335
6 0.8371302485466003 9 10 0.2715947910115892
-1 0.0 0 0 -0.0013753268665536063
-1 0.0 0 0 0.07053238417208195
0 0.4290396571159363 12 13 0.2932356750810301
-1 0.0 0 0 -0.005892999856067556
-1 0.0 0 0 0.04944732028762905
0 0.46167799830436707 15 16 -0.05935868195938383
-1 0.0 0 0 -0.03235664374660701
5 1.1687405109405518 17 26 -0.030002264680863137
5 1.1308246850967407 18 23 0.09864599318328746
5 1.1125366687774658 19 22 -0.08933767820691582
0 0.502253532409668 20 21 0.07465244234176786
-1 0.0 0 0 -0.0178575125100906
-1 0.0 0 0 0.029485032707452775
-1 0.0 0 0 -0.036055210834512345
6 0.9147838950157166 24 25 0.3388473510707694
-1 0.0 0 0 0.007842936007113293
-1 0.0 0 0 0.06409322206303478
5 1.2166095972061157 27 28 -0.12590369327050266
-1 0.0 0 0 -0.024833104233055014
-1 0.0 0 0 -0.0037909036133593568
nodes 29
0 0.4953945577144623 1 6 0.0
2 0.5248068571090698 2 3 -0.0010730313176662333
-1 0.0 0 0 -0.00012853599718878062
8 38.5 4 5 0.34874235852449026
-1 0.0 0 0 0.06745361841338522
-1 0.0 0 0 -0.020510714501142502
4 1.066894292831421 7 26 0.00869956696129812
4 0.785845160484314 8 13 0.010541254801322137
1 0.3802894651889801 9 10 -0.025104817438903585
-1 0.0 0 0 -0.0015066585153142372
4 0.7747266292572021 11 12 -0.29097456969320773
-1 0.0 0 0 -0.012544971599096531
-1 0.0 0 0 -0.07247638414646017
3 0.6540140509605408 14 17 0.023341374806957502
6 0.7063673734664917 15 16 0.14039490578205444
-1 0.0 0 0 -0.011705840747130828
-1 0.0 0 0 0.02304368676711839
3 0.6822059750556946 18 19 0.015227366073851393
-1 0.0 0 0 -0.016387236954813908
2 0.4738427698612213 20 25 0.020324895494948002
4 0.9268691539764404 21 22 0.07005543228512978
-1 0.0 0 0 0.005422578725786505
6 0.9455603361129761 23 24 0.37112605955126216
-1 0.0 0 0 0.0839205345282188
-1 0.0 0 0 0.02130733137200405
-1 0.0 0 0 7.777420711289333e-05
7 0.05000000074505806 27 28 -0.3442259817506726
-1 0.0 0 0 -0.06823058292269707
-1 0.0 0 0 0.003141829322299196
nodes 29
8 84.5 1 26 0.0
4 0.5768035054206848 2 3 -0.00012282602857724323
-1 0.0 0 0 -0.0021742820670549116
8 56.5 4 5 0.0003688546018987759
-1 0.0 0 0 -0.00010853470499465846
3 0.9136646389961243 6 25 0.012643357268060046
4 0.9521088004112244 7 22 0.01148756842128673
0 0.5299081802368164 8 11 0.01589922632388684
6 0.9233640432357788 9 10 0.023321561003615845
-1 0.0 0 0 -0.00017695546864584342
-1 0.0 0 0 0.0049920732088383985
4 0.906785249710083 12 21 -0.05935636569376291
5 2.0610761642456055 13 18 -0.04412167009226197
6 0.9998196363449097 14 17 -0.06954602701059912
6 0.9880221486091614 15 16 -0.05395059313200907
-1 0.0 0 0 -0.007190455903223707
-1 0.0 0 0 0.03557262651368298
-1 0.0 0 0 -0.06025030282528504
6 0.8371302485466003 19 20 0.23382839405550496
-1 0.0 0 0 -0.007376008036371787
-1 0.0 0 0 0.059569718748988476
-1 0.0 0 0 -0.06442362011774726
7 0.006000000284984708 23 24 -0.18551442960101547
-1 0.0 0 0 0.012255770140992744
-1 0.0 0 0 -0.028699701393403193
-1 0.0 0 0 0.05547083264047449
4 0.5934293866157532 27 28 0.07523050467466559
-1 0.0 0 0 0.003258076831902357
-1 0.0 0 0 0.02999618077793947
nodes 29
7 0.7700000107288361 1 26 0.0
5 1.1071637868881226 2 25 0.00010687995089927904
5 1.100040078163147 3 22 -0.005740179841556619
4 1.0720446109771729 4 15 0.0027297139077627755
6 0.9790085554122925 5 10 0.008393447817366109
2 0.410733699798584 6 7 -0.012939110371884959
-1 0.0 0 0 0.002924308405220146
1 0.38424915075302124 8 9 -0.03306684820594533
-1 0.0 0 0 -0.05138894267443378
-1 0.0 0 0 -0.002789010876547724
6 0.9822847247123718 11 14 0.028807832741863448
2 0.4203879237174988 12 13 0.13413234111509287
-1 0.0 0 0 -0.005253215669568395
-1 0.0 0 0 0.024458229505989748
-1 0.0 0 0 0.0018990473503392121
8 28.5 16 17 -0.10072617667682564
-1 0.0 0 0 0.036992816632424576
0 0.44056522846221924 18 21 -0.13906755762968742
0 0.43047255277633667 19 20 -0.19525571786291537
-1 0.0 0 0 -0.015471769549371635
-1 0.0 0 0 -0.04690124862080003
-1 0.0 0 0 0.002205648176057358
6 0.9060545563697815 23 24 -0.04809684883786965
-1 0.0 0 0 0.016453824993200566
-1 0.0 0 0 -0.005793114335553955
-1 0.0 0 0 0.00016802967930258986
2 0.2698497176170349 27 28 -0.08471835858839018
-1 0.0 0 0 -0.014295429012065035
-1 0.0 0 0 0.015055480480194092
nodes 29
5 1.0679799318313599 1 28 0.0
6 0.997190535068512 2 5 -0.014299674243668953
6 0.9968022704124451 3 4 -0.03344825735527293
-1 0.0 0 0 -0.0027550691978550737
-1 0.0 0 0 -0.06146111997642687
0 0.49107345938682556 6 25 0.04029415845749983
2 0.41866058111190796 7 16 0.07869767355052003
8 41.5 8 13 -0.03166280017368078
4 1.004995584487915 9 10 0.04547811094601986
-1 0.0 0 0 0.018203526450587173
5 1.0599510669708252 11 12 -0.10388127576006809
-1 0.0 0 0 0.009926385438431884
-1 0.0 0 0 -0.036506787165999414
1 0.38621893525123596 14 15 -0.3716918162934139
-1 0.0 0 0 -0.01614389949785878
-1 0.0 0 0 -0.0960399715974927
4 1.0026355981826782 17 18 0.1536698300805143
-1 0.0 0 0 0.03002280950824028
6 1.0063115358352661 19 20 0.06503512339502207
-1 0.0 0 0 0.01418835427115414
3 0.9932294487953186 21 24 -0.20301948207807505
1 0.4387393891811371 22 23 -0.38436797328758987
-1 0.0 0 0 0.004614431616820155
-1 0.0 0 0 -0.08445707654644703
-1 0.0 0 0 0.02503517459457119
0 0.4943040609359741 26 27 -0.14911346937992012
-1 0.0 0 0 -0.06740368612421056
-1 0.0 0 0 -0.00798928023211704
-1 0.0 0 0 7.061751721738634e-05
nodes 29
3 0.8530013561248779 1 8 0.0
1 0.4445168077945709 2 3 -0.0023255154106548246
-1 0.0 0 0 -0.0003420589601441494
3 0.8492909669876099 4 7 0.06434389209629748
0 0.5177079439163208 5 6 0.09090347093992732
-1 0.0 0 0 0.03357813254553968
-1 0.0 0 0 0.005226982884404014
-1 0.0 0 0 -0.019420547746311953
3 0.8543789386749268 9 12 0.004337661648349815
0 0.46975430846214294 10 11 0.14312056206672794
-1 0.0 0 0 0.0063707895338384465
-1 0.0 0 0 0.0351946463463483
6 0.863762378692627 13 22 0.002761177340951623
4 1.0875424146652222 14 21 0.10332479370717525
5 1.1815465688705444 15 20 0.18944827394047078
3 0.8722615242004395 16 19 0.30976624333892355
3 0.8608091473579407 17 18 0.050907167532141244
-1 0.0 0 0 0.075840270905583
-1 0.0 0 0 -0.04797144886106253
-1 0.0 0 0 0.045408590507190844
-1 0.0 0 0 0.006414672001072113
-1 0.0 0 0 -0.008008632160447261
6 0.869629442691803 23 28 0.0012616845611835097
8 46.5 24 27 -0.28872328427858834
1 0.3681282103061676 25 26 -0.1804833312675652
-1 0.0 0 0 -0.05177774329908019
-1 0.0 0 0 0.006957953725138615
-1 0.0 0 0 -0.08353350469842553
-1 0.0 0 0 0.00022973145965901506
nodes 29
8 34.5 1 2 0.0
-1 0.0 0 0 -0.0006091437292397046
0 0.3042943775653839 3 4 0.0014401994878182668
-1 0.0 0 0 0.003054139100392661
8 35.5 5 28 -0.0008100424999937153
3 0.9741018414497375 6 27 0.04153533734902751
3 0.9237107634544373 7 26 0.019776147965272117
2 0.3732672333717346 8 11 0.04437192714196863
2 0.3591143637895584 9 10 -0.02195522159826732
-1 0.0 0 0 0.0015992553066212928
-1 0.0 0 0 -0.0222997687373918
0 0.37560325860977173 12 13 0.09733821138776856
-1 0.0 0 0 0.05313265133411327
7 0.041999999433755875 14 21 0.07818567599639943
0 0.49213236570358276 15 20 -0.04419169445391162
0 0.4720466732978821 16 19 -0.09713501597919579
2 0.443410724401474 17 18 -0.018949509168975056
-1 0.0 0 0 -0.014015946396873058
-1 0.0 0 0 0.02386216447805055
-1 0.0 0 0 -0.06115133502569638
-1 0.0 0 0 0.04322981992736459
4 0.9200274348258972 22 25 0.13075045256566056
3 0.7621102333068848 23 24 -0.17143942217808217
-1 0.0 0 0 0.01804847495377009
-1 0.0 0 0 -0.058404017522417265
-1 0.0 0 0 0.015866535301852832
-1 0.0 0 0 -0.007880412929603654
-1 0.0 0 0 0.020482727209378642
-1 0.0 0 0 -0.00024700709565824683
nodes 29
8 65.5 1 2 0.0
-1 0.0 0 0 -6.095081694283821e-05
0 0.42755356431007385 3 4 0.014533551856108958
-1 0.0 0 0 0.008879366048691693
4 0.8336666226387024 5 16 0.00426398366593218
7 0.05000000074505806 6 13 0.012768193267295157
1 0.3661457300186157 7 10 0.03539875154408204
3 0.6822059750556946 8 9 0.045977472418575846
-1 0.0 0 0 0.0033168323780732043
-1 0.0 0 0 0.03401358034900006
2 0.41246384382247925 11 12 -0.13164663156711084
-1 0.0 0 0 -0.06671469993889333
-1 0.0 0 0 0.004501328359060373
5 1.0827370882034302 14 15 -0.028878186705109592
-1 0.0 0 0 0.05020776925608516
-1 0.0 0 0 -0.0038056335007027675
3 0.7849774360656738 17 26 -0.14303950181259856
7 0.006000000284984708 18 19 -0.25804102222504866
-1 0.0 0 0 0.005878637302176733
1 0.37222182750701904 20 25 -0.36849460955880103
0 0.453169584274292 21 22 -0.23792520354331378
-1 0.0 0 0 -0.05654793286323548
0 0.47440817952156067 23 24 -0.0599066572992698
-1 0.0 0 0 0.024780466051205347
-1 0.0 0 0 -0.03676179751105931
-1 0.0 0 0 -0.061245323658773776
7 0.018000000156462193 27 28 0.2244653568967529
-1 0.0 0 0 -0.01890782756464822
-1 0.0 0 0 0.057184200823307045
nodes 29
2 0.18196013569831848 1 6 0.0
6 1.0321584939956665 2 5 -0.020842856064942298
8 30.5 3 4 -0.07462220700233432
-1 0.0 0 0 -0.018708859471976758
-1 0.0 0 0 -0.005424786140135004
-1 0.0 0 0 0.001740336646034086
2 0.23905977606773376 7 16 0.0004169037925043519
1 0.21788597106933594 8 15 0.018616242538114742
3 0.31740865111351013 9 10 0.016758966355298527
-1 0.0 0 0 -0.00470498500248811
6 0.9075202345848083 11 14 0.025447826458131494
1 0.1950557678937912 12 13 0.12038972185834633
-1 0.0 0 0 0.008577744114099686
-1 0.0 0 0 0.03961342249065638
-1 0.0 0 0 0.0019361227348823158
-1 0.0 0 0 0.039549472555518154
5 1.5828040838241577 17 28 -0.0005813663888485685
6 1.0563884973526 18 23 -0.0020580314466811037
1 0.2068745195865631 19 22 -0.0013437455873901803
8 36.5 20 21 -0.05043433198564125
-1 0.0 0 0 -0.012344224055172515
-1 0.0 0 0 -0.0008832978681093446
-1 0.0 0 0 -8.120403100550813e-06
1 0.21788597106933594 24 25 -0.06378565315622234
-1 0.0 0 0 0.0017809564711587845
7 0.4580000042915344 26 27 -0.1518873862419398
-1 0.0 0 0 -0.00917528786611954
-1 0.0 0 0 -0.030974046864139383
-1 0.0 0 0 0.0013933896674970454
nodes 29
4 0.9370498657226562 1 28 0.0
8 39.5 2 27 -0.003148698076194216
6 1.03019118309021 3 24 -0.029232481826604574
3 0.8403329849243164 4 21 -0.04972624337327916
0 0.45536428689956665 5 6 -0.06067578280644176
-1 0.0 0 0 -0.007067955773908137
6 0.8750305771827698 7 8 0.04623822295116919
-1 0.0 0 0 -0.04340335990701403
5 1.1179993152618408 9 20 0.08514913445752528
6 0.9540072083473206 10 11 -0.13832283879701907
-1 0.0 0 0 0.04455817672221557
7 0.1419999971985817 12 17 -0.2502378882840276
8 36.5 13 14 -0.4853843997877378
-1 0.0 0 0 0.0020714610815048217
4 0.8929303288459778 15 16 -0.7241103481852783
-1 0.0 0 0 -0.021379394717514516
-1 0.0 0 0 -0.10333930154641469
3 0.8229728937149048 18 19 0.1864627759371485
-1 0.0 0 0 0.06003800638020038
-1 0.0 0 0 -0.018982566757635638
-1 0.0 0 0 0.01957252319502583
0 0.5091556310653687 22 23 0.09155646638133416
-1 0.0 0 0 0.005595715057166352
-1 0.0 0 0 0.04629439232065469
1 0.30961984395980835 25 26 0.023885108149593427
-1 0.0 0 0 0.0030104867913761284
-1 0.0 0 0 -0.04739178072611269
-1 0.0 0 0 0.00022603967958407048
-1 0.0 0 0 0.0002843229797624174
nodes 29
0 0.41222086548805237 1 28 0.0
0 0.4113803803920746 2 25 0.003264030483534653
8 45.5 3 14 0.0022342905035325896
4 0.8703458309173584 4 7 -0.002929016793622464
6 0.9949206709861755 5 6 -0.032000294311479896
-1 0.0 0 0 -0.010750353624976372
-1 0.0 0 0 -0.0001970388619049697
6 0.9340311884880066 8 13 0.002472214364640265
7 0.07799999788403511 9 10 -0.029743471478773945
-1 0.0 0 0 -0.001472300881774989
0 0.40080565214157104 11 12 -0.12071417678868579
-1 0.0 0 0 -0.008487091949890217
-1 0.0 0 0 -0.04615288774593402
-1 0.0 0 0 0.000773562558149504
0 0.32482439279556274 15 18 0.022669016758536324
6 0.9875794053077698 16 17 0.10072808095719665
-1 0.0 0 0 0.015540594555044824
-1 0.0 0 0 0.0020150175240825907
1 0.37738004326820374 19 22 0.010910119267071465
2 0.4142161011695862 20 21 0.014013193706390842
-1 0.0 0 0 0.0011332268870193115
-1 0.0 0 0 0.05475842592306435
6 0.9785271883010864 23 24 -0.2127628409941387
-1 0.0 0 0 -0.0014964819088425132
-1 0.0 0 0 -0.05927432514972201
6 0.8535904884338379 26 27 0.1248232589901558
-1 0.0 0 0 0.05244700101869448
-1 0.0 0 0 0.008564220495125492
-1 0.0 0 0 -0.0002856065065313334
nodes 29
5 1.0651826858520508 1 28 0.0
6 0.9438656568527222 2 7 -0.014852549658138054
6 0.9412128329277039 3 6 -0.2669977662843411
2 0.45644092559814453 4 5 0.002688586096263538
-1 0.0 0 0 -0.03176349032720601
-1 0.0 0 0 0.05414144545793534
-1 0.0 0 0 -0.05917221497630283
2 0.5248068571090698 8 25 -0.007712622181570165
2 0.5180861353874207 9 24 -0.0007825896178285291
8 36.5 10 23 -0.004968012750407993
7 0.3140000104904175 11 20 0.06080594704616513
6 0.99642413854599 12 15 0.08411631106875055
1 0.3920958936214447 13 14 -0.00019222585678026818
-1 0.0 0 0 -0.015567851651689741
-1 0.0 0 0 0.006802683044423979
6 1.0019903182983398 16 17 0.1930058536452034
-1 0.0 0 0 0.030184664321132006
5 1.0599510669708252 18 19 0.02728697404776129
-1 0.0 0 0 0.02068536465026059
-1 0.0 0 0 -0.03853343158484773
7 0.43400000035762787 21 22 -0.16621672865205808
-1 0.0 0 0 -0.03088167918180781
-1 0.0 0 0 0.028751074505800552
-1 0.0 0 0 -0.002903640989078364
-1 0.0 0 0 0.037570132533224616
3 0.9345046281814575 26 27 -0.3117372272426591
-1 0.0 0 0 -0.08109609253566574
-1 0.0 0 0 -0.007933998846545302
-1 0.0 0 0 6.062959108067049e-05
nodes 29
0 0.12108592689037323 1 2 0.0
-1 0.0 0 0 -0.004774762151853784
8 18.5 3 4 0.0001883885327501529
-1 0.0 0 0 0.019284071612760034
8 21.5 5 18 0.0001148637564783785
6 1.0029692649841309 6 7 -0.074484378372646
-1 0.0 0 0 -0.04013687257583325
0 0.28734439611434937 8 17 -0.03381933994189074
1 0.19337299466133118 9 16 -0.08387787070697979
7 0.4780000001192093 10 13 -0.0051836013502907004
7 0.32999999821186066 11 12 0.15866716624961036
-1 0.0 0 0 -0.006596578112803401
-1 0.0 0 0 0.036287893659292345
4 1.0693328380584717 14 15 -0.0833851040684253
-1 0.0 0 0 -0.028828455030452463
-1 0.0 0 0 -0.002312056105780785
-1 0.0 0 0 -0.026988250736824496
-1 0.0 0 0 0.035204850137233734
0 0.37456175684928894 19 28 0.00029134735625634204
0 0.3677557408809662 20 27 0.005079347836283347
8 40.5 21 26 0.0003423701809732071
7 0.07000000029802322 22 25 -0.009146037936785544
2 0.4028462767601013 23 24 -0.0442658413469363
-1 0.0 0 0 -0.0049054929642171315
-1 0.0 0 0 0.034987612535090494
-1 0.0 0 0 0.00023226832291036099
-1 0.0 0 0 0.0024255372913701105
-1 0.0 0 0 0.006221926673332302
-1 0.0 0 0 -0.00018513358849075266
nodes 29
6 0.5334320068359375 1 22 0.0
8 41.5 2 3 -0.04659971331468956
-1 0.0 0 0 -0.02648240143373128
3 0.459038645029068 4 21 -0.027911996928774316
1 0.17067931592464447 5 14 -0.05152115360520541
1 0.13676539063453674 6 9 0.027455132280322002
2 0.3581344187259674 7 8 -0.04353331695267252
-1 0.0 0 0 0.003694719092553141
-1 0.0 0 0 -0.020225876304579695
1 0.15098364651203156 10 11 0.12240218312945217
-1 0.0 0 0 0.03720860275681372
7 0.030000001192092896 12 13 -0.004795247056293038
-1 0.0 0 0 -0.01301111852930438
-1 0.0 0 0 0.017178630227731032
8 48.5 15 16 -0.14680222109290622
-1 0.0 0 0 0.016531302709132435
4 0.8265906572341919 17 18 -0.20682438420525823
-1 0.0 0 0 -0.009795777111301302
1 0.22642304748296738 19 20 -0.34196914528528677
-1 0.0 0 0 -0.0501360077712987
-1 0.0 0 0 -0.006113750243648177
-1 0.0 0 0 0.03758045822381974
0 0.4953945577144623 23 24 0.00018385941027805865
-1 0.0 0 0 -9.163110063904407e-05
4 1.066894292831421 25 26 0.009167858929479552
-1 0.0 0 0 0.0010854152538661806
6 0.9904921054840088 27 28 -0.3106362448470144
-1 0.0 0 0 -0.05471372084497046
-1 0.0 0 0 0.012689053781796248
nodes 29
4 1.0 1 2 0.0
-1 0.0 0 0 -0.00017525014822140035
5 1.0679799318313599 3 28 0.004798171616850311
5 1.0666022300720215 4 19 -0.03883159602508779
8 40.5 5 18 -0.02098052694529897
6 1.0063115358352661 6 13 0.023171197384302195
2 0.3732672333717346 7 10 0.04893852504002539
0 0.3506959080696106 8 9 -0.16260018044722682
-1 0.0 0 0 -0.0038618632652999267
-1 0.0 0 0 -0.05850558247831133
6 0.9960307478904724 11 12 0.07719116920723415
-1 0.0 0 0 0.0013137560277355805
-1 0.0 0 0 0.018099569426712526
0 0.35497045516967773 14 15 -0.1654157658930922
-1 0.0 0 0 0.038692804519087076
7 0.10200000181794167 16 17 -0.30601237235082823
-1 0.0 0 0 0.014457866452910282
-1 0.0 0 0 -0.04525901795286372
-1 0.0 0 0 -0.012056044743720887
6 0.9639084935188293 20 21 -0.22966528289741087
-1 0.0 0 0 0.020086632714402388
0 0.47367942333221436 22 27 -0.3845055987895058
0 0.4412853419780731 23 26 -0.26881946066534645
8 33.5 24 25 -0.47956253206939436
-1 0.0 0 0 -0.002187277402728796
-1 0.0 0 0 -0.07729534026092062
-1 0.0 0 0 0.01962686969160006
-1 0.0 0 0 -0.08968299247679257
-1 0.0 0 0 0.0007967937823786354
nodes 29
4 1.120438814163208 1 2 0.0
-1 0.0 0 0 6.584466431116195e-05
0 0.4690226912498474 3 28 -0.013336168776494175
0 0.4595015048980713 4 27 -0.010475990293017559
8 48.5 5 26 -0.013215016593557106
2 0.4738427698612213 6 19 -0.011282840109656389
3 0.99809330701828 7 8 -0.0037671757628514966
-1 0.0 0 0 -0.0034531438662226558
6 0.9691587090492249 9 18 0.029209382103708353
2 0.3723521828651428 10 15 0.12157863269360632
1 0.26133933663368225 11 14 -0.04774153983257961
2 0.30531132221221924 12 13 0.1231834442028171
-1 0.0 0 0 -0.002104673212753576
-1 0.0 0 0 0.05342394467443228
-1 0.0 0 0 -0.023053631442599
0 0.3436351418495178 16 17 0.21787140256536855
-1 0.0 0 0 0.05823389355262573
-1 0.0 0 0 0.01443091482062901
-1 0.0 0 0 0.0006353414618790799
8 32.5 20 25 -0.11179607076645826
4 1.1434978246688843 21 22 -0.36546086552826795
-1 0.0 0 0 -0.07760777746637663
7 0.058000000193715096 23 24 -0.20390667177003916
-1 0.0 0 0 -0.06221789007329129
-1 0.0 0 0 0.003204176508081265
-1 0.0 0 0 -0.0020433750619196288
-1 0.0 0 0 -0.04377417926277433
-1 0.0 0 0 0.03862548504257575
-1 0.0 0 0 -0.03646112472603196
nodes 29
3 0.9772628545761108 1 2 0.0
-1 0.0 0 0 7.259173172476843e-05
3 0.99809330701828 3 28 -0.01161541818791821
8 38.5 4 19 -0.05143203288925814
3 0.984603226184845 5 6 -0.014560126478484307
-1 0.0 0 0 0.007002531996096162
8 34.5 7 18 -0.0672713010279439
6 0.9320148825645447 8 9 -0.14264496338077193
-1 0.0 0 0 0.035015704130960834
7 0.3580000102519989 10 17 -0.17975975871310185
1 0.45127156376838684 11 14 -0.2482860284876219
0 0.43989917635917664 12 13 -0.3230391683565929
-1 0.0 0 0 -0.02768794874784655
-1 0.0 0 0 -0.10330190218630292
2 0.5031328797340393 15 16 0.23690416236003897
-1 0.0 0 0 0.05359380788198023
-1 0.0 0 0 -0.02565017997985706
-1 0.0 0 0 0.01561035635151015
-1 0.0 0 0 0.0059336746192165946
8 39.5 20 25 -0.12933125103646445
2 0.4442764222621918 21 22 -0.3447205869778027
-1 0.0 0 0 -0.0061760088650234905
2 0.48069071769714355 23 24 -0.6585495033047416
-1 0.0 0 0 -0.10531897741556168
-1 0.0 0 0 -0.032968261092901234
5 1.1274731159210205 26 27 -0.08072198455943091
-1 0.0 0 0 -0.0037540022474106243
-1 0.0 0 0 -0.04485683282492338
-1 0.0 0 0 0.0008297966517342597
nodes 29
4 0.6524167060852051 1 22 0.0
1 0.28163468837738037 2 15 -0.012964925650914474
7 0.1340000033378601 3 12 -0.005471679787480796
3 0.5247601866722107 4 11 0.01654336666094892
1 0.27769720554351807 5 10 0.009137677809102029
5 1.1867930889129639 6 9 0.004900160193979798
0 0.415397047996521 7 8 -0.10179215185223268
-1 0.0 0 0 0.008145638340367722
-1 0.0 0 0 -0.016393730728684563
-1 0.0 0 0 0.0012311353723576876
-1 0.0 0 0 0.028068238768625905
-1 0.0 0 0 0.014766762221423799
6 1.0449284315109253 13 14 -0.035728988358418236
-1 0.0 0 0 -0.005982075153743593
-1 0.0 0 0 0.0018551574726820216
5 1.1645289659500122 16 21 -0.1188582233029756
8 68.5 17 18 0.03182619475923917
-1 0.0 0 0 -0.012298111209216027
8 76.5 19 20 0.19282579388469456
-1 0.0 0 0 0.03465533100068569
-1 0.0 0 0 -0.003776548029854894
-1 0.0 0 0 -0.019239798714195126
0 0.4953945577144623 23 28 0.0006402600199386196
2 0.5248068571090698 24 25 -0.0007836006935685177
-1 0.0 0 0 -9.883823841634135e-05
8 38.5 26 27 0.3242163190411197
-1 0.0 0 0 0.0615469752208275
-1 0.0 0 0 -0.017091451734304427
-1 0.0 0 0 0.0013440676781318699
nodes 29
1 0.3568130433559418 1 28 0.0
2 0.400075227022171 2 3 0.0023865083351751765
-1 0.0 0 0 -0.00016165101301189567
6 0.7661007046699524 4 19 0.04750028085508513
0 0.47440817952156067 5 18 -0.04845451326489305
7 0.05000000074505806 6 17 -0.13983676211882312
8 51.5 7 16 -0.09859202858818493
2 0.42553332448005676 8 9 0.005301148551912542
-1 0.0 0 0 -0.018971082200316125
2 0.4357823431491852 10 11 0.198660475288723
-1 0.0 0 0 0.05141823164579508
0 0.46459388732910156 12 15 0.048787600733339785
6 0.7063673734664917 13 14 0.24087803322693396
-1 0.0 0 0 0.05406967978924513
-1 0.0 0 0 -0.02497344907711853
-1 0.0 0 0 -0.04576326303861358
-1 0.0 0 0 -0.03289212420591558
-1 0.0 0 0 -0.05660323419354179
-1 0.0 0 0 0.0031212062659046
8 29.5 20 25 0.06635315574579775
0 0.37901461124420166 21 24 0.34295081594135873
6 1.0056984424591064 22 23 0.058316721599929185
-1 0.0 0 0 -0.02994505218588389
-1 0.0 0 0 0.0462749257683754
-1 0.0 0 0 0.07198986706097384
7 0.2540000081062317 26 27 0.06040779239243153
-1 0.0 0 0 0.007162567779771041
-1 0.0 0 0 -0.00635633568604847
-1 0.0 0 0 -0.0003579762142694199
nodes 29
3 0.8530013561248779 1 2 0.0
-1 0.0 0 0 -0.0002162290744492119
3 0.8543789386749268 3 6 0.004033207405825092
0 0.46975430846214294 4 5 0.12818914055093714
-1 0.0 0 0 0.0057296402319941125
-1 0.0 0 0 0.03146107855287415
6 0.863762378692627 7 20 0.0026228760200160584
4 1.0912448167800903 8 15 0.09291469414499855
5 1.1815465688705444 9 14 0.16648473574609404
3 0.8722615242004395 10 13 0.2795945476277539
3 0.8608091473579407 11 12 0.04739320444475327
-1 0.0 0 0 0.06847372650410291
-1 0.0 0 0 -0.04306148410024535
-1 0.0 0 0 0.04057038978047284
-1 0.0 0 0 0.005144691570736045
8 40.5 16 19 -0.07891007406808632
1 0.35892099142074585 17 18 0.00644330958227727
-1 0.0 0 0 -0.020145096728550412
-1 0.0 0 0 0.026438620865896895
-1 0.0 0 0 -0.04120636038001507
6 0.869629442691803 21 28 0.0012765448692200428
8 46.5 22 27 -0.2596101798732911
1 0.3681282103061676 23 24 -0.1619628565662568
-1 0.0 0 0 -0.046437525887822
4 1.0213199257850647 25 26 0.062239441699508964
-1 0.0 0 0 0.03713744638057855
-1 0.0 0 0 -0.018893276376184077
-1 0.0 0 0 -0.07527291625738144
-1 0.0 0 0 0.00022082556715530274
nodes 29
6 0.9532519578933716 1 12 0.0
7 0.2540000081062317 2 3 -0.003972734628603913
-1 0.0 0 0 -0.00029450105452591066
6 0.9509370923042297 4 11 -0.1802788011264056
6 0.9420914649963379 5 8 -0.11419207027888503
2 0.3714727461338043 6 7 -0.2210501466470305
-1 0.0 0 0 -0.01108946044279157
-1 0.0 0 0 -0.07517995773391291
2 0.3238759934902191 9 10 0.18315214222378057
-1 0.0 0 0 -0.022927278493131913
-1 0.0 0 0 0.052958908103406435
-1 0.0 0 0 -0.062255153833673554
6 0.9540072083473206 13 28 0.0020934351220734827
0 0.5140356421470642 14 27 0.1076977107304443
2 0.48332589864730835 15 26 0.0736851916051543
8 51.5 16 21 0.10454641640392973
0 0.4495224356651306 17 20 0.1751358961487983
0 0.4419816732406616 18 19 0.08032228961571256
-1 0.0 0 0 0.013999590839559945
-1 0.0 0 0 -0.03910992987453937
-1 0.0 0 0 0.04063252381061855
0 0.4341178238391876 22 25 -0.08001566084567457
0 0.416170597076416 23 24 0.18659113315825768
-1 0.0 0 0 -0.009831469588809545
-1 0.0 0 0 0.05712140023708343
-1 0.0 0 0 -0.03357405448902626
-1 0.0 0 0 -0.041308049044825816
-1 0.0 0 0 0.06533768219144448
-1 0.0 0 0 0.00014575188721352146
nodes 29
1 0.3568130433559418 1 24 0.0
2 0.400075227022171 2 3 0.002331698768496233
-1 0.0 0 0 -0.000128403826417984
6 0.7661007046699524 4 9 0.04308083330239774
6 0.7516716718673706 5 6 -0.04299764975555737
-1 0.0 0 0 -0.0012155436418584682
0 0.47126877307891846 7 8 -0.25260492486119707
-1 0.0 0 0 -0.0446463572474507
-1 0.0 0 0 0.0017895513669002887
8 28.5 10 15 0.059993243846938465
7 0.09400000050663948 11 12 0.3481284643595035
-1 0.0 0 0 0.07664828598499299
2 0.4098866581916809 13 14 0.1621931774748696
-1 0.0 0 0 0.058890701288526706
-1 0.0 0 0 -0.02459678824829019
7 0.3540000021457672 16 17 0.055336657737212774
-1 0.0 0 0 0.006254177737405282
8 43.5 18 23 -0.1359444635805406
2 0.41687846183776855 19 22 -0.019056943590722738
2 0.4089648723602295 20 21 -0.21581670247018336
-1 0.0 0 0 0.015119615112147903
-1 0.0 0 0 -0.07979750219604065
-1 0.0 0 0 0.028210595265334967
-1 0.0 0 0 -0.07947650307958777
8 46.5 25 26 -0.003497548109454647
-1 0.0 0 0 0.0003863497548102597
6 0.9913328886032104 27 28 -0.020286914714224318
-1 0.0 0 0 -0.0029326674681846446
-1 0.0 0 0 0.006471151091990184
nodes 29
8 25.5 1 28 0.0
0 0.4539378881454468 2 27 -0.020837992314070405
5 1.0744541883468628 3 4 -0.015586146943063215
-1 0.0 0 0 0.037981537669897085
3 0.7260985374450684 5 12 -0.021056560939217532
1 0.17320135235786438 6 7 0.05048879652042343
-1 0.0 0 0 0.0006787063964301923
4 1.0173171758651733 8 9 0.23801901597010938
-1 0.0 0 0 -0.01843311455514696
1 0.19337299466133118 10 11 0.45731621522169846
-1 0.0 0 0 0.07925642605708993
-1 0.0 0 0 0.01914298344275047
3 0.8647235631942749 13 26 -0.04258712927480423
2 0.20586290955543518 14 15 -0.10640044089514307
-1 0.0 0 0 0.0004636159849868708
7 0.5300000011920929 16 23 -0.14387967206144042
8 22.5 17 18 -0.09200073644082037
-1 0.0 0 0 -0.030519669919851278
8 23.5 19 20 -0.0433364405939558
-1 0.0 0 0 0.030186038265048072
7 0.09800000116229057 21 22 -0.14860923066140808
-1 0.0 0 0 -0.043719052581180785
-1 0.0 0 0 -0.007388728816710812
5 1.3189750909805298 24 25 -0.27272186382254077
-1 0.0 0 0 -0.05123499769855429
-1 0.0 0 0 -0.017162875358189923
-1 0.0 0 0 -0.0014548948832292657
-1 0.0 0 0 -0.03771854263764841
-1 0.0 0 0 3.947159154807535e-05
nodes 29
6 1.1545042991638184 1 28 0.0
6 1.0365744829177856 2 3 0.00025036908084547714
-1 0.0 0 0 -5.894171106778494e-05
1 0.2328747808933258 4 11 0.014587309078425677
2 0.35623979568481445 5 8 0.041153466845837025
7 0.15399999916553497 6 7 0.03761611766549907
-1 0.0 0 0 0.011654767269339658
-1 0.0 0 0 0.002655411880755442
1 0.20493730902671814 9 10 0.32584690891339313
-1 0.0 0 0 0.05784330585350594
-1 0.0 0 0 -0.012880816040560603
5 1.2552456855773926 12 23 -0.11618008886407483
1 0.3190125524997711 13 20 -0.17723718756985482
2 0.34531310200691223 14 19 -0.1443436171514181
2 0.3039979040622711 15 16 -0.195967914450448
-1 0.0 0 0 -0.009548834034940229
7 0.542000025510788 17 18 -0.2964474885514937
-1 0.0 0 0 -0.024432332170398793
-1 0.0 0 0 -0.07407439583469004
-1 0.0 0 0 0.031453902550662556
3 0.9290903806686401 21 22 -0.40595029438554775
-1 0.0 0 0 -0.0628833010663382
-1 0.0 0 0 -0.011938680202833243
2 0.3991613984107971 24 27 -0.04183065527258674
2 0.3824716806411743 25 26 -0.06751373147734231
-1 0.0 0 0 -0.004132668103402201
-1 0.0 0 0 -0.05376336370550451
-1 0.0 0 0 0.04692625612020493
-1 0.0 0 0 -0.0031684457392320933
end
