vecsearch-termination-model 1
kind gbdt
checkpoint 100
query_dim 0
bias 6.32160529506232
trees 200
nodes 29
1 10.414692878723145 1 16 0.0
1 9.785041809082031 2 9 -0.6319106257502178
6 0.9934342503547668 3 8 -1.0106952636164495
2 10.67202091217041 4 7 -0.9537932220727614
1 9.202005386352539 5 6 -1.0517129947608292
-1 0.0 0 0 -0.12563286423800127
-1 0.0 0 0 -0.09105911633385173
-1 0.0 0 0 -0.06264768937855295
-1 0.0 0 0 -0.18213904113638835
1 10.165351867675781 10 13 -0.40162762237628835
4 0.7905029058456421 11 12 -0.534199818519706
-1 0.0 0 0 -0.07752528430480504
-1 0.0 0 0 -0.04953822663422919
4 0.844559371471405 14 15 -0.2837949667107915
-1 0.0 0 0 -0.04951446051068321
-1 0.0 0 0 -0.02348724532634179
1 10.867138862609863 17 24 0.2995335607696474
1 10.635398864746094 18 21 0.10401962077251721
3 0.6591936945915222 19 20 -0.03250613611421127
-1 0.0 0 0 -0.017900007136457313
-1 0.0 0 0 0.0032698780453729974
3 0.6214994192123413 22 23 0.20230792978872097
-1 0.0 0 0 -0.006709103504345747
-1 0.0 0 0 0.024532091165890942
3 0.6769275665283203 25 26 0.49280087435477127
-1 0.0 0 0 0.01937744343963665
1 11.075319290161133 27 28 0.53764698245725
-1 0.0 0 0 0.04589615688286066
-1 0.0 0 0 0.06187315244837482
nodes 29
1 10.414692878723145 1 16 0.0
1 9.785041809082031 2 9 -0.56871956266983
6 0.9934342503547668 3 8 -0.9096257371754599
2 10.598058700561523 4 7 -0.8584139001382738
1 9.038958549499512 5 6 -0.9557069980771273
-1 0.0 0 0 -0.11898132842428055
-1 0.0 0 0 -0.0847815724838389
-1 0.0 0 0 -0.05878467712149166
-1 0.0 0 0 -0.16392513651312357
1 10.165351867675781 10 13 -0.36146485937429285
6 0.9934342503547668 11 12 -0.48077983658432205
-1 0.0 0 0 -0.04693149248707185
-1 0.0 0 0 -0.12505931827735398
4 0.844559371471405 14 15 -0.2554154686701015
-1 0.0 0 0 -0.04456301437280176
-1 0.0 0 0 -0.02113852064513844
1 10.774592399597168 17 22 0.2695802053415232
3 0.6459174752235413 18 19 0.0439450298981109
-1 0.0 0 0 -0.012585115945208598
1 10.558699607849121 20 21 0.09871546208261243
-1 0.0 0 0 -0.0027168363766492468
-1 0.0 0 0 0.015677317185106728
3 0.6769275665283203 23 26 0.40538140607714207
3 0.5410680174827576 24 25 0.14403253336756852
-1 0.0 0 0 -0.02188510104226353
-1 0.0 0 0 0.019167875654339535
1 11.007369041442871 27 28 0.4508463634035945
-1 0.0 0 0 0.03517368800493567
-1 0.0 0 0 0.05365267485125163
nodes 29
1 10.414692878723145 1 16 0.0
1 9.906782150268555 2 11 -0.5118476063873801
6 0.9934342503547668 3 10 -0.7763471206557488
1 9.09817886352539 4 7 -0.7342426222976804
2 10.326923370361328 5 6 -0.96757734216159
-1 0.0 0 0 -0.1110129115232743
-1 0.0 0 0 -0.07216388516453252
2 10.658763885498047 8 9 -0.6434001716957602
-1 0.0 0 0 -0.07181789715973669
-1 0.0 0 0 -0.04058882914225421
-1 0.0 0 0 -0.14686758399759
4 0.7819244861602783 12 13 -0.294324968737996
-1 0.0 0 0 -0.054502609632926635
1 10.264164924621582 14 15 -0.26327629738217545
-1 0.0 0 0 -0.03287064737185
-1 0.0 0 0 -0.016811548729971457
1 10.879743576049805 17 24 0.2426221850792101
1 10.635398864746094 18 21 0.08828756942337432
4 0.7463939189910889 19 20 -0.029175321900355124
-1 0.0 0 0 -0.04138843547450526
-1 0.0 0 0 -0.0011093425345867032
3 0.6527255177497864 22 23 0.1680669150202166
-1 0.0 0 0 -0.00095084375802625
-1 0.0 0 0 0.02111101117992822
3 0.7450056076049805 25 28 0.40614058960999166
3 0.5923541188240051 26 27 0.2500297479107815
-1 0.0 0 0 -0.0028761988406779252
-1 0.0 0 0 0.028973182691304968
-1 0.0 0 0 0.04675596812443131
nodes 29
1 10.477484703063965 1 16 0.0
1 9.906782150268555 2 11 -0.42615721729438083
6 0.9934342503547668 3 10 -0.6987124079819611
1 9.377124786376953 4 7 -0.66081835967306
2 10.384894371032715 5 6 -0.8113074497074912
-1 0.0 0 0 -0.09338848422738988
-1 0.0 0 0 -0.05887343845337187
2 11.006074905395508 8 9 -0.541735115903653
-1 0.0 0 0 -0.05761182439653112
-1 0.0 0 0 -0.015510912053889894
-1 0.0 0 0 -0.13218082518617896
1 10.264164924621582 12 15 -0.2393597138934146
4 0.7254718542098999 13 14 -0.3256691746760607
-1 0.0 0 0 -0.0647737967722337
-1 0.0 0 0 -0.030424128347484432
-1 0.0 0 0 -0.015305025311076852
1 10.879743576049805 17 22 0.23646537533727263
3 0.6186555027961731 18 19 0.10095322392567097
-1 0.0 0 0 -0.009435334379078343
1 10.690261840820312 20 21 0.13715611194077706
-1 0.0 0 0 0.005846494469405174
-1 0.0 0 0 0.02024009744393705
3 0.7497760057449341 23 26 0.36552653073212027
3 0.6162736415863037 24 25 0.22920577064814207
-1 0.0 0 0 0.0023480204011067894
-1 0.0 0 0 0.027293171149387858
1 11.075319290161133 27 28 0.42286374956283096
-1 0.0 0 0 0.035528731993403416
-1 0.0 0 0 0.048330745322534896
nodes 29
1 10.361861228942871 1 16 0.0
1 9.661225318908691 2 9 -0.4430567593016668
7 0.26500000059604645 3 6 -0.7053424202909211
2 10.409159660339355 4 5 -0.6317191374547086
-1 0.0 0 0 -0.07306116746645194
-1 0.0 0 0 -0.04381414194889441
6 1.0 7 8 -1.023905525430972
-1 0.0 0 0 -0.09417413269246311
-1 0.0 0 0 -0.1604841126137776
1 9.961945533752441 10 13 -0.3038410279268349
2 11.053647994995117 11 12 -0.44057766890287053
-1 0.0 0 0 -0.047068319819944
-1 0.0 0 0 -0.0008408575449312958
4 0.8316895365715027 14 15 -0.24914859074669374
-1 0.0 0 0 -0.04185526987737162
-1 0.0 0 0 -0.021171956459983352
1 10.765850067138672 17 22 0.18461455608281352
3 0.5553708672523499 18 19 0.01137782622804805
-1 0.0 0 0 -0.023085201431404776
1 10.558699607849121 20 21 0.03782351243276991
-1 0.0 0 0 -0.004698088466327881
-1 0.0 0 0 0.00937328629376246
5 1.2254623174667358 23 26 0.2948532651794366
1 11.007369041442871 24 25 0.38260985888386145
-1 0.0 0 0 0.029740297082752273
-1 0.0 0 0 0.04353156808671277
3 0.5596761703491211 27 28 0.2123880846771415
-1 0.0 0 0 -0.012686503880264106
-1 0.0 0 0 0.022897917875497293
nodes 29
1 10.503861427307129 1 20 0.0
1 9.906782150268555 2 13 -0.33450030643685946
1 9.09817886352539 3 8 -0.5661865499431983
2 10.221505165100098 4 7 -0.7680486818778705
7 0.39499999582767487 5 6 -0.8921368077224889
-1 0.0 0 0 -0.0828737974210038
-1 0.0 0 0 -0.14052195607210236
-1 0.0 0 0 -0.05554999733232931
2 10.789813995361328 9 12 -0.4807765565929448
7 0.2149999961256981 10 11 -0.5319778359286055
-1 0.0 0 0 -0.047772140524389606
-1 0.0 0 0 -0.07496507526716345
-1 0.0 0 0 -0.023769101006714352
5 1.3366718292236328 14 15 -0.1866758155501885
-1 0.0 0 0 -0.009170895005865631
4 0.6827524900436401 16 17 -0.24879734525289496
-1 0.0 0 0 -0.06584529180068478
2 11.082865715026855 18 19 -0.23157853404159615
-1 0.0 0 0 -0.025447315947848326
-1 0.0 0 0 0.006278476119547995
1 10.91005802154541 21 24 0.19862440141887772
3 0.7040705680847168 22 23 0.09742411837384511
-1 0.0 0 0 -0.00020891509764270962
-1 0.0 0 0 0.014865601714986127
3 0.6659255623817444 25 26 0.30770809394277976
-1 0.0 0 0 0.008728712576833603
5 1.2240574359893799 27 28 0.33360042595568734
-1 0.0 0 0 0.0379185490742488
-1 0.0 0 0 0.026802006287462623
nodes 29
1 10.337410926818848 1 16 0.0
1 9.54952335357666 2 7 -0.3720182810799402
2 10.384894371032715 3 6 -0.602887744957725
7 0.32500000298023224 4 5 -0.6987380296932951
-1 0.0 0 0 -0.06427789059270193
-1 0.0 0 0 -0.10414682863338386
-1 0.0 0 0 -0.04135429428533574
4 0.7254718542098999 8 9 -0.2704063402639282
-1 0.0 0 0 -0.05498518938216465
6 0.9934342503547668 10 15 -0.249396294674876
2 11.082865715026855 11 14 -0.24001078873162632
1 10.00793743133545 12 13 -0.25579398480229
-1 0.0 0 0 -0.03417437711228887
-1 0.0 0 0 -0.019697829128718435
-1 0.0 0 0 0.006888890579421988
-1 0.0 0 0 -0.08672307430533693
1 10.765850067138672 17 22 0.1463686055968262
4 0.8146570324897766 18 19 0.004296689560432919
-1 0.0 0 0 -0.01929622314024924
5 1.2392693758010864 20 21 0.028440471729730316
-1 0.0 0 0 0.012355114834840863
-1 0.0 0 0 -0.000823307268525256
3 0.7450056076049805 23 26 0.2406528287146475
3 0.5148114562034607 24 25 0.1341952104732868
-1 0.0 0 0 -0.027225157609669332
-1 0.0 0 0 0.014838214045353694
1 11.075319290161133 27 28 0.2884878489153008
-1 0.0 0 0 0.02376021622826656
-1 0.0 0 0 0.035911669088337546
nodes 29
1 10.436700820922852 1 16 0.0
1 9.661225318908691 2 11 -0.29722262890280093
7 0.20499999821186066 3 8 -0.5176285974116123
4 0.7819244861602783 4 5 -0.4424828803072032
-1 0.0 0 0 -0.06355863853575383
0 10.439541816711426 6 7 -0.3826162033254729
-1 0.0 0 0 -0.04727821704745649
-1 0.0 0 0 -0.020876952420506606
6 1.0 9 10 -0.7129661081079398
-1 0.0 0 0 -0.06605874451892006
-1 0.0 0 0 -0.12044703777005175
1 10.142701148986816 12 13 -0.20006490235222152
-1 0.0 0 0 -0.028174897082092382
5 1.3980740308761597 14 15 -0.13113445330802193
-1 0.0 0 0 -0.0067295955525516725
-1 0.0 0 0 -0.02093750776151461
1 10.867138862609863 17 24 0.14861628001366106
4 0.8084064722061157 18 19 0.05295628999560645
-1 0.0 0 0 -0.014905278921877985
5 1.2392693758010864 20 21 0.07272464654532382
-1 0.0 0 0 0.015454390870913333
1 10.59745979309082 22 23 0.03411768075377509
-1 0.0 0 0 -0.004311473255889924
-1 0.0 0 0 0.007328738637218642
3 0.7708216309547424 25 28 0.23987940175419073
3 0.638920247554779 26 27 0.15452210805588318
-1 0.0 0 0 0.002636103308011986
-1 0.0 0 0 0.018943342166648662
-1 0.0 0 0 0.02878324974644819
nodes 29
1 10.503861427307129 1 20 0.0
1 9.961945533752441 2 11 -0.24600092347229624
6 0.9934342503547668 3 10 -0.40495118327489127
4 0.7678880095481873 4 5 -0.3793318585156387
-1 0.0 0 0 -0.05892386501955676
2 11.02436637878418 6 9 -0.335391674999488
1 8.89754581451416 7 8 -0.36382328709169964
-1 0.0 0 0 -0.056202230287409616
-1 0.0 0 0 -0.03232243426893513
-1 0.0 0 0 0.00012147534768355443
-1 0.0 0 0 -0.08516797754774602
4 0.8516348600387573 12 15 -0.13038730374807062
3 0.5553708672523499 13 14 -0.2581586336091712
-1 0.0 0 0 -0.034207100628547364
-1 0.0 0 0 -0.013795708219823528
7 0.2149999961256981 16 17 -0.09695866135574618
-1 0.0 0 0 -0.007002934160246811
6 0.9934342503547668 18 19 -0.25707235436844933
-1 0.0 0 0 -0.023068833243340355
-1 0.0 0 0 -0.09505486839945303
1 10.93174934387207 21 26 0.14607396519579594
3 0.5824829936027527 22 23 0.0750795000453991
-1 0.0 0 0 -0.0104308334241462
5 1.2052167654037476 24 25 0.0929272624319569
-1 0.0 0 0 0.01761686133121376
-1 0.0 0 0 0.006544076171181041
5 1.2254623174667358 27 28 0.23285867037609287
-1 0.0 0 0 0.028315812250052298
-1 0.0 0 0 0.01703825332645263
nodes 29
1 10.329147338867188 1 16 0.0
1 9.482502937316895 2 7 -0.27620139324686666
7 0.2849999964237213 3 6 -0.4573103476758563
2 10.221505165100098 4 5 -0.40373399788158143
-1 0.0 0 0 -0.04950524259382296
-1 0.0 0 0 -0.027054197591063273
-1 0.0 0 0 -0.07102638367126764
4 0.6827524900436401 8 9 -0.20516779264301443
-1 0.0 0 0 -0.050541122726501034
2 11.02436637878418 10 15 -0.1915155964134046
5 1.4442620277404785 11 12 -0.20861240278829402
-1 0.0 0 0 -0.014345357865570866
6 0.9853532314300537 13 14 -0.2770962519661411
-1 0.0 0 0 -0.026378431645551044
-1 0.0 0 0 -0.08174333789960501
-1 0.0 0 0 0.004920563610117103
1 10.729437828063965 17 22 0.10657891658622665
4 0.7576050758361816 18 19 -0.01012399350786627
-1 0.0 0 0 -0.02436825780472749
5 1.2488042116165161 20 21 0.0027360411288247267
-1 0.0 0 0 0.007120352681289749
-1 0.0 0 0 -0.0025858166212850454
3 0.6899220943450928 23 26 0.17187018483311559
3 0.4883454740047455 24 25 0.0537214520311031
-1 0.0 0 0 -0.03340019680860709
-1 0.0 0 0 0.0069046488399370845
1 11.02083969116211 27 28 0.19843780040835438
-1 0.0 0 0 0.01515510327341564
-1 0.0 0 0 0.02503830124727337
nodes 29
1 10.329147338867188 1 16 0.0
1 9.377124786376953 2 7 -0.24858125386215485
7 0.26500000059604645 3 6 -0.431516940563439
2 10.221505165100098 4 5 -0.37535979754718285
-1 0.0 0 0 -0.04580503938105585
-1 0.0 0 0 -0.025506303094573354
-1 0.0 0 0 -0.06415170882006345
7 0.17500000447034836 8 13 -0.19098932051862444
4 0.7863249778747559 9 10 -0.15756583383746708
-1 0.0 0 0 -0.03059428923488236
2 11.017284393310547 11 12 -0.13036100438339734
-1 0.0 0 0 -0.014922070473891528
-1 0.0 0 0 0.011536420685562961
6 1.0 14 15 -0.309276069157478
-1 0.0 0 0 -0.029515324982208033
-1 0.0 0 0 -0.105362107284748
1 10.705130577087402 17 22 0.09592102479182132
4 0.6951913833618164 18 19 -0.015839853025140824
-1 0.0 0 0 -0.038232069718404614
5 1.3348740339279175 20 21 -0.008033119242477633
-1 0.0 0 0 0.003216973651799151
-1 0.0 0 0 -0.005344248092818372
5 1.1900732517242432 23 24 0.15134857783231012
-1 0.0 0 0 0.022987040448326643
3 0.6527255177497864 25 26 0.11481468873314746
-1 0.0 0 0 0.0015539856480171095
1 10.99344539642334 27 28 0.13560967466910728
-1 0.0 0 0 0.010208139787181894
-1 0.0 0 0 0.01825295106231329
nodes 29
1 10.503861427307129 1 20 0.0
1 9.961945533752441 2 13 -0.1811981070184906
7 0.16499999910593033 3 8 -0.30053085592778717
4 0.667130172252655 4 5 -0.24164502694258636
-1 0.0 0 0 -0.05188335213692748
2 10.734329223632812 6 7 -0.21802919363210915
-1 0.0 0 0 -0.025688408444568184
-1 0.0 0 0 -0.007060792859513031
6 1.0 9 12 -0.4267110213838043
4 0.7331891655921936 10 11 -0.3966809750371458
-1 0.0 0 0 -0.07306771884246391
-1 0.0 0 0 -0.03627553754095973
-1 0.0 0 0 -0.08689429670572281
6 0.9805881381034851 14 19 -0.09440057003943701
4 0.8516348600387573 15 16 -0.08581166786954952
-1 0.0 0 0 -0.019167604914808914
3 0.4182816445827484 17 18 -0.05758826642205154
-1 0.0 0 0 0.021111943977420937
-1 0.0 0 0 -0.006749195795779689
-1 0.0 0 0 -0.04316176541939595
1 10.99344539642334 21 26 0.1075944169704386
4 0.8707928657531738 22 23 0.06363114776463792
-1 0.0 0 0 -0.0034497448198639764
5 1.2392693758010864 24 25 0.08427013160202598
-1 0.0 0 0 0.013355788371118045
-1 0.0 0 0 0.005431881623895092
3 0.7839289903640747 27 28 0.1849079440616699
-1 0.0 0 0 0.012480385692993192
-1 0.0 0 0 0.021936095325566594
nodes 29
1 10.329147338867188 1 16 0.0
1 9.54952335357666 2 9 -0.2027271965005275
2 10.795280456542969 3 8 -0.33149853749635755
7 0.4650000035762787 4 7 -0.3718791690898552
4 0.7463939189910889 5 6 -0.34979260470808926
-1 0.0 0 0 -0.049846759823034124
-1 0.0 0 0 -0.03154603800275851
-1 0.0 0 0 -0.08396034882765036
-1 0.0 0 0 -0.011709974434521393
7 0.2149999961256981 10 15 -0.144895040806365
4 0.7863249778747559 11 12 -0.12198975946850545
-1 0.0 0 0 -0.024959477663132307
5 2.3751883506774902 13 14 -0.09982742992593482
-1 0.0 0 0 -0.011841434310572427
-1 0.0 0 0 0.003498619814086126
-1 0.0 0 0 -0.027195633011015748
1 10.738828659057617 17 24 0.07822713946063983
4 0.667130172252655 18 19 -0.006569912580080525
-1 0.0 0 0 -0.04147194671372259
6 0.9934342503547668 20 23 -0.0012342857087280727
4 0.9004796743392944 21 22 0.0014803769388168355
-1 0.0 0 0 -0.00620525172652303
-1 0.0 0 0 0.002414270132281451
-1 0.0 0 0 -0.060962896591850696
5 1.1872220039367676 25 26 0.12794434743691646
-1 0.0 0 0 0.019307188165548023
3 0.5596761703491211 27 28 0.09799936923305612
-1 0.0 0 0 -0.011162605889722649
-1 0.0 0 0 0.010626227294618276
nodes 29
1 10.552265167236328 1 22 0.0
1 9.961945533752441 2 13 -0.13852695123034509
6 0.9753404259681702 3 10 -0.24593490700770984
4 0.667130172252655 4 5 -0.2207381566008379
-1 0.0 0 0 -0.04716438179771733
2 10.75694465637207 6 9 -0.20155700080818376
1 8.347590446472168 7 8 -0.23622202497648523
-1 0.0 0 0 -0.048233772440205123
-1 0.0 0 0 -0.021897222465500087
-1 0.0 0 0 -0.006168525367385219
5 1.3467986583709717 11 12 -0.4796159291983566
-1 0.0 0 0 -0.015224915845593549
-1 0.0 0 0 -0.05670549280380606
5 1.3309271335601807 14 15 -0.07032081719915045
-1 0.0 0 0 -0.0007449015367261679
6 0.9662029147148132 16 21 -0.11298229635363752
4 0.667130172252655 17 18 -0.10089024018702018
-1 0.0 0 0 -0.03738595117345711
2 11.225549697875977 19 20 -0.0919035057344703
-1 0.0 0 0 -0.010035084106997279
-1 0.0 0 0 0.01985041642533965
-1 0.0 0 0 -0.038074404446346174
5 1.2558249235153198 23 26 0.09387323378251679
1 11.007369041442871 24 25 0.13733631429399923
-1 0.0 0 0 0.009802230936843837
-1 0.0 0 0 0.017936143309000747
4 0.7678880095481873 27 28 0.04435749628398484
-1 0.0 0 0 -0.017678459166548748
-1 0.0 0 0 0.005518743166029443
nodes 29
1 10.232539176940918 1 14 0.0
1 9.09817886352539 2 5 -0.18342656054413933
7 0.4749999940395355 3 4 -0.3304279671378924
-1 0.0 0 0 -0.03084852338468601
-1 0.0 0 0 -0.07211364414655938
6 0.9934342503547668 6 13 -0.1510805734292808
4 0.6827524900436401 7 8 -0.14240250351320827
-1 0.0 0 0 -0.036408290803017704
2 11.006074905395508 9 12 -0.1298036171942466
7 0.11499999836087227 10 11 -0.14502808960518204
-1 0.0 0 0 -0.010740836551367273
-1 0.0 0 0 -0.020679260753014555
-1 0.0 0 0 0.004971579116349511
-1 0.0 0 0 -0.0502747076490503
1 10.705130577087402 15 22 0.05767995725033913
3 0.5553708672523499 16 19 -0.01851016023378743
4 0.8883082866668701 17 18 -0.12420796055936892
-1 0.0 0 0 -0.018277059447488378
-1 0.0 0 0 0.005774622037760727
7 0.19500000029802322 20 21 -0.0034980788627397893
-1 0.0 0 0 0.0012124712404915309
-1 0.0 0 0 -0.009752033435653713
3 0.7560960054397583 23 26 0.10165873180033289
3 0.49516215920448303 24 25 0.05061862970993055
-1 0.0 0 0 -0.024426054722600853
-1 0.0 0 0 0.005790729616780123
1 11.080510139465332 27 28 0.13012142720069572
-1 0.0 0 0 0.010183480710403087
-1 0.0 0 0 0.017686640271247105
nodes 29
1 10.569803237915039 1 22 0.0
1 9.785041809082031 2 11 -0.11031534490734053
7 0.32500000298023224 3 8 -0.22094540699104748
4 0.7819244861602783 4 5 -0.1960776474813918
-1 0.0 0 0 -0.03227433042825429
0 10.415143013000488 6 7 -0.16085358632272512
-1 0.0 0 0 -0.020991854682339144
-1 0.0 0 0 -0.006160364019182188
2 10.795280456542969 9 10 -0.40984247469943197
-1 0.0 0 0 -0.046748880049029495
-1 0.0 0 0 -0.005848972923668653
5 1.3366718292236328 12 13 -0.06457942686410091
-1 0.0 0 0 -0.0009290913998498988
6 0.9662029147148132 14 21 -0.10153274867388122
5 2.3751883506774902 15 18 -0.08985073248824002
7 0.17500000447034836 16 17 -0.10363059176974518
-1 0.0 0 0 -0.008487308471690935
-1 0.0 0 0 -0.0192997218560126
4 0.8748589754104614 19 20 0.05414879700348882
-1 0.0 0 0 -0.014323246492853704
-1 0.0 0 0 0.015050289668394787
-1 0.0 0 0 -0.034881845263716
5 1.2558249235153198 23 26 0.07848067112643116
1 11.169716835021973 24 25 0.11423495394068897
-1 0.0 0 0 0.009438819855445695
-1 0.0 0 0 0.01741773087375424
4 0.7678880095481873 27 28 0.03699651642248005
-1 0.0 0 0 -0.014807160503744188
-1 0.0 0 0 0.004598583625506121
nodes 29
1 10.21126651763916 1 14 0.0
6 0.9934342503547668 2 13 -0.15392006547394152
4 0.7978934645652771 3 6 -0.14162891602665625
7 0.17500000447034836 4 5 -0.25212786998966324
-1 0.0 0 0 -0.020918998531288348
-1 0.0 0 0 -0.045013321794930006
2 11.02436637878418 7 12 -0.11535331662213112
5 1.4792368412017822 8 9 -0.13079249093175055
-1 0.0 0 0 -0.007175620788646007
0 9.9995698928833 10 11 -0.17510255879210568
-1 0.0 0 0 -0.029967900677745005
-1 0.0 0 0 -0.013727485471468633
-1 0.0 0 0 0.008471320840824519
-1 0.0 0 0 -0.044063199537952624
1 10.801736831665039 15 24 0.04633459447118928
6 0.9828200936317444 16 23 -0.003955883703124616
5 1.198565125465393 17 18 0.0005815101662349717
-1 0.0 0 0 0.008714307988604312
4 0.6273226737976074 19 20 -0.01465717009586873
-1 0.0 0 0 -0.0437797334189305
4 0.8665487766265869 21 22 -0.011429790788869071
-1 0.0 0 0 -0.006943911888189075
-1 0.0 0 0 0.00032619977089948563
-1 0.0 0 0 -0.031760323492260614
3 0.6550068855285645 25 26 0.09268321999582078
-1 0.0 0 0 -0.000153763266928713
1 11.1498441696167 27 28 0.10408877832505316
-1 0.0 0 0 0.008593427122537653
-1 0.0 0 0 0.014837766712888098
nodes 29
1 10.444095611572266 1 18 0.0
1 9.34049129486084 2 9 -0.10682328582569381
7 0.4749999940395355 3 8 -0.22514301934428274
2 10.221505165100098 4 7 -0.20921878356526072
5 1.5731408596038818 5 6 -0.2630485868331491
-1 0.0 0 0 -0.014258040314734571
-1 0.0 0 0 -0.03250100208103061
-1 0.0 0 0 -0.01252955569466576
-1 0.0 0 0 -0.05542847234845305
7 0.1850000023841858 10 17 -0.07977904960338336
5 1.3196361064910889 11 12 -0.058593096302288435
-1 0.0 0 0 0.0005707175233484078
4 0.8864503502845764 13 14 -0.08480098436036403
-1 0.0 0 0 -0.014238047924794831
0 10.931445121765137 15 16 -0.052030187181046954
-1 0.0 0 0 -0.007819763979086984
-1 0.0 0 0 0.012940980196526251
-1 0.0 0 0 -0.016750082579523713
1 10.93174934387207 19 26 0.05436399577704491
6 0.9934342503547668 20 25 0.022479335193537318
4 0.6951913833618164 21 22 0.024376015126903877
-1 0.0 0 0 -0.02490493700557898
5 1.1742115020751953 23 24 0.028391466866405455
-1 0.0 0 0 0.010427502202248952
-1 0.0 0 0 0.0017175116165829283
-1 0.0 0 0 -0.0672215380615765
3 0.6017579436302185 27 28 0.09732634012555118
-1 0.0 0 0 -0.006326951382060431
-1 0.0 0 0 0.010347679164679536
nodes 29
1 10.21126651763916 1 14 0.0
7 0.11499999836087227 2 5 -0.12600209996136846
4 0.667130172252655 3 4 -0.08189787187172609
-1 0.0 0 0 -0.023937078397455694
-1 0.0 0 0 -0.007064685214701634
4 0.8492735028266907 6 7 -0.18921402771177298
-1 0.0 0 0 -0.032185857216738493
7 0.42499999701976776 8 13 -0.15137548913832957
2 11.068870544433594 9 12 -0.1260389437558869
5 1.3846176862716675 10 11 -0.13780050241200079
-1 0.0 0 0 -0.004432792587079174
-1 0.0 0 0 -0.017471671454792576
-1 0.0 0 0 0.015862055181993275
-1 0.0 0 0 -0.03772489004358372
1 10.705130577087402 15 22 0.03793044247308589
4 0.6951913833618164 16 17 -0.013684143994181766
-1 0.0 0 0 -0.021879146922436483
7 0.11499999836087227 18 19 -0.00879032651507881
-1 0.0 0 0 0.001247355947101853
6 0.9934342503547668 20 21 -0.05754609657318054
-1 0.0 0 0 -0.005177057140696273
-1 0.0 0 0 -0.05104435283574276
6 0.8731541037559509 23 26 0.06856382884900424
3 0.49516215920448303 24 25 0.03315600248122709
-1 0.0 0 0 -0.023810907923466258
-1 0.0 0 0 0.003801963321181852
6 0.9885861277580261 27 28 0.09280350149566019
-1 0.0 0 0 0.009531575268195747
-1 0.0 0 0 -0.025956043274945242
nodes 29
1 10.569803237915039 1 20 0.0
5 1.4442620277404785 2 7 -0.07416819100379404
5 1.1801190376281738 3 4 -0.022790748919968695
-1 0.0 0 0 0.007239072320135075
6 0.9538291692733765 5 6 -0.03472665134190337
-1 0.0 0 0 -0.0018867183168366293
-1 0.0 0 0 -0.014319312544111118
2 10.565350532531738 8 11 -0.12315773564333819
6 0.9506422281265259 9 10 -0.19979628673566047
-1 0.0 0 0 -0.016461830276705686
-1 0.0 0 0 -0.035046601172288076
2 11.199556350708008 12 17 -0.0680948874579208
4 0.6827524900436401 13 14 -0.08320178531572907
-1 0.0 0 0 -0.031483832419887565
6 0.9885861277580261 15 16 -0.07154815316336018
-1 0.0 0 0 -0.0066401138770761205
-1 0.0 0 0 -0.0558065940797763
4 0.8845093250274658 18 19 0.13103098303007737
-1 0.0 0 0 -0.007615447010103824
-1 0.0 0 0 0.024871232040855104
5 1.1742115020751953 21 24 0.05276482102336489
3 0.7872037887573242 22 23 0.10752941449109557
-1 0.0 0 0 0.0007928740143511646
-1 0.0 0 0 0.012327059474911584
4 0.823743999004364 25 26 0.0366482098114108
-1 0.0 0 0 -0.005197017383289098
6 0.9885861277580261 27 28 0.04534104091007301
-1 0.0 0 0 0.004704291147912643
-1 0.0 0 0 -0.039227771919246736
nodes 29
1 10.142701148986816 1 14 0.0
6 1.0 2 13 -0.1103385276270828
1 8.821880340576172 3 4 -0.10373265762415637
-1 0.0 0 0 -0.02152069180851124
4 0.8623024225234985 5 10 -0.08768342774517425
8 36.5 6 7 -0.1465855229029057
-1 0.0 0 0 -0.024343378227881768
4 0.59111487865448 8 9 -0.07175316123506778
-1 0.0 0 0 -0.030027633608814632
-1 0.0 0 0 -0.0040643772291964215
8 31.5 11 12 -0.06284317821990415
-1 0.0 0 0 -0.010404180580528364
-1 0.0 0 0 8.740117521470052e-05
-1 0.0 0 0 -0.04570047428236373
5 1.3140352964401245 15 22 0.028954477792437847
1 10.9443998336792 16 21 0.0555220003615028
6 0.9828200936317444 17 20 0.02945974580153026
4 0.9085544347763062 18 19 0.033836647798872195
-1 0.0 0 0 -0.0018251117519021837
-1 0.0 0 0 0.004993992148756802
-1 0.0 0 0 -0.021644817064068077
-1 0.0 0 0 0.008683526897215292
4 0.7400686144828796 23 24 -0.01581283580453502
-1 0.0 0 0 -0.016191590980085338
6 0.9934342503547668 25 28 -0.008503917606439574
2 11.082865715026855 26 27 -0.006712517779493923
-1 0.0 0 0 -0.0030885303378672337
-1 0.0 0 0 0.0025016208435061304
-1 0.0 0 0 -0.0571608060708968
nodes 29
1 10.60313892364502 1 20 0.0
5 1.4837336540222168 2 7 -0.05780966906565916
7 0.0950000025331974 3 4 -0.019510159781062204
-1 0.0 0 0 0.0005130553806674486
5 1.1801190376281738 5 6 -0.05651373369346486
-1 0.0 0 0 0.006246367005259684
-1 0.0 0 0 -0.0070146878906099976
6 0.9662029147148132 8 17 -0.10492870002683129
2 10.509278297424316 9 12 -0.08762783595230003
7 0.14500000327825546 10 11 -0.1563660157654373
-1 0.0 0 0 -0.011931149614282679
-1 0.0 0 0 -0.022835368871872718
4 0.8864503502845764 13 14 -0.0523643354418761
-1 0.0 0 0 -0.011961429122085445
0 11.180859565734863 15 16 -0.013101250017364004
-1 0.0 0 0 -0.0034519075754659134
-1 0.0 0 0 0.021037494859627113
2 10.94482421875 18 19 -0.2968830886403549
-1 0.0 0 0 -0.03289562802531153
-1 0.0 0 0 0.002360767567061112
4 0.8394669890403748 21 24 0.04528098750829224
4 0.6951913833618164 22 23 -0.031647615249030835
-1 0.0 0 0 -0.020608519008822566
-1 0.0 0 0 -0.0015771967126257805
5 1.1742115020751953 25 26 0.05355784788986833
-1 0.0 0 0 0.009680521996675118
6 0.9885861277580261 27 28 0.039608016218263535
-1 0.0 0 0 0.004107623593454491
-1 0.0 0 0 -0.03299947058891549
nodes 29
5 1.4404069185256958 1 12 0.0
1 10.893047332763672 2 9 0.02823364135827673
5 1.1801190376281738 3 4 0.003148462593837588
-1 0.0 0 0 0.006143053995683448
6 0.9828200936317444 5 8 -0.006999007417601343
2 10.29576587677002 6 7 -0.003116636347263623
-1 0.0 0 0 -0.006798839156809714
-1 0.0 0 0 0.000488400767366255
-1 0.0 0 0 -0.019912814718726458
4 0.7331891655921936 10 11 0.06328842938567494
-1 0.0 0 0 -0.017591585636931077
-1 0.0 0 0 0.006559586622575518
2 10.795280456542969 13 24 -0.07611055252846564
6 0.9398975968360901 14 19 -0.12898276876463088
4 0.8516348600387573 15 18 -0.09915101552616074
8 37.5 16 17 -0.15147644773259014
-1 0.0 0 0 -0.023447001953397384
-1 0.0 0 0 -0.0070345696798573614
-1 0.0 0 0 -0.007188478252582989
7 0.4650000035762787 20 23 -0.25251909266275324
4 0.7521197199821472 21 22 -0.21975188529792497
-1 0.0 0 0 -0.04899891175651214
-1 0.0 0 0 -0.018994630820963126
-1 0.0 0 0 -0.0534103955952375
4 0.844559371471405 25 26 -0.023364408835537438
-1 0.0 0 0 -0.010398306025898876
6 0.9934342503547668 27 28 0.0010275468537899641
-1 0.0 0 0 0.0003626882255999321
-1 0.0 0 0 -0.0635057187492126
nodes 29
1 10.60313892364502 1 22 0.0
7 0.2750000059604645 2 15 -0.04720829783942791
4 0.667130172252655 3 4 -0.03503668890471599
-1 0.0 0 0 -0.019708029720198954
0 10.031925201416016 5 6 -0.028378855542402583
-1 0.0 0 0 -0.011011047194416233
4 0.8954956531524658 7 10 -0.017539779228390725
8 34.5 8 9 -0.05760808567704646
-1 0.0 0 0 -0.014905184511361393
-1 0.0 0 0 -0.001886162226581235
4 1.115883708000183 11 14 0.001985131480481322
2 11.268698692321777 12 13 0.01806009556201216
-1 0.0 0 0 0.0014609584570862261
-1 0.0 0 0 0.028924598451469788
-1 0.0 0 0 -0.005508981944697149
4 0.8788108825683594 16 17 -0.16014065376454628
-1 0.0 0 0 -0.03425678227519369
2 11.068870544433594 18 21 -0.1252523780438904
7 0.42499999701976776 19 20 -0.1420784876655725
-1 0.0 0 0 -0.009413856172600595
-1 0.0 0 0 -0.027851827688531505
-1 0.0 0 0 0.022411677646576554
1 11.113656044006348 23 26 0.03697717689759557
4 0.8707928657531738 24 25 0.024446861539105632
-1 0.0 0 0 -0.002639851653188252
-1 0.0 0 0 0.003406672577550924
2 11.726810455322266 27 28 0.07714934072212863
-1 0.0 0 0 0.00832868697533203
-1 0.0 0 0 -0.012723565182947478
nodes 29
5 1.4837336540222168 1 14 0.0
1 10.823311805725098 2 11 0.02148797784823979
6 0.9739161133766174 3 10 -0.0018273537797049784
5 1.198565125465393 4 5 0.003048632226058018
-1 0.0 0 0 0.004965551636314798
7 0.054999999701976776 6 7 -0.006581119499215421
-1 0.0 0 0 0.0017293458814543637
6 0.8007447719573975 8 9 -0.02616820554107637
-1 0.0 0 0 0.003585704366698575
-1 0.0 0 0 -0.003735777229403039
-1 0.0 0 0 -0.010318938630774363
3 0.7839289903640747 12 13 0.04687079696695019
-1 0.0 0 0 0.002060377134468512
-1 0.0 0 0 0.0063899943180008014
2 10.565350532531738 15 20 -0.0713859296072738
7 0.20499999821186066 16 17 -0.1334958652626208
-1 0.0 0 0 -0.009987872941143955
7 0.5849999785423279 18 19 -0.22183857110409722
-1 0.0 0 0 -0.020590776793630104
-1 0.0 0 0 -0.06260561501483124
4 0.6827524900436401 21 22 -0.03860898459603905
-1 0.0 0 0 -0.02278015454979142
6 0.9934342503547668 23 28 -0.030285964450413372
2 11.068870544433594 24 25 -0.027581744099948596
-1 0.0 0 0 -0.0050991459817042025
5 2.4748377799987793 26 27 0.012562529201730906
-1 0.0 0 0 -0.0019218679034080203
-1 0.0 0 0 0.010483475131143638
-1 0.0 0 0 -0.043714534950464276
nodes 29
5 1.3745756149291992 1 12 0.0
5 1.1505987644195557 2 3 0.026504750089213137
-1 0.0 0 0 0.0077697639447647645
1 10.893047332763672 4 11 0.017728559161589597
6 0.9710562825202942 5 10 0.0016243710803543533
4 0.9085544347763062 6 9 0.006326166165372182
8 32.5 7 8 -0.02826340415916321
-1 0.0 0 0 -0.012831368715452665
-1 0.0 0 0 -0.0006279555314860019
-1 0.0 0 0 0.0019074829902354974
-1 0.0 0 0 -0.008919485879034992
-1 0.0 0 0 0.004087832952836526
7 0.11499999836087227 13 20 -0.04776910230126793
4 0.7819244861602783 14 15 -0.020311823172723384
-1 0.0 0 0 -0.009504789885769475
0 10.965228080749512 16 17 -0.006495807391381494
-1 0.0 0 0 -0.003713941042609579
6 0.8731541037559509 18 19 0.0273282684459473
-1 0.0 0 0 0.00021295959108191196
-1 0.0 0 0 0.011049919064944224
4 0.8643890619277954 21 26 -0.10133583132870935
8 38.5 22 23 -0.19337001580469484
-1 0.0 0 0 -0.024095064652404047
4 0.59111487865448 24 25 -0.05993411451290224
-1 0.0 0 0 -0.04297349053538508
-1 0.0 0 0 -0.000576799505880308
7 0.41499999165534973 27 28 -0.07505280351008788
-1 0.0 0 0 -0.005722595428807324
-1 0.0 0 0 -0.023436191726352692
nodes 29
5 1.5421494245529175 1 10 0.0
1 10.635398864746094 2 5 0.0159176947891767
7 0.11499999836087227 3 4 -0.011646609773815084
-1 0.0 0 0 0.0003767504648633968
-1 0.0 0 0 -0.004270803248289547
6 0.8731541037559509 6 7 0.03123454733759505
-1 0.0 0 0 0.000861304627846104
6 0.9853532314300537 8 9 0.04644211551248953
-1 0.0 0 0 0.004880157121525769
-1 0.0 0 0 -0.014757557476856815
6 0.9662029147148132 11 28 -0.0669211144180697
4 0.8864503502845764 12 17 -0.05427756048349591
8 34.5 13 14 -0.10157062574884197
-1 0.0 0 0 -0.01974089190830991
4 0.59111487865448 15 16 -0.0691394462257528
-1 0.0 0 0 -0.02626699333996285
-1 0.0 0 0 -0.005024718438258875
3 0.5083959698677063 18 25 -0.024334183091275774
0 10.167888641357422 19 20 0.03543813933873275
-1 0.0 0 0 -0.013850897953836431
0 11.212414741516113 21 22 0.060698113890930785
-1 0.0 0 0 0.00369891415679981
6 0.8893271684646606 23 24 0.19468973020083827
-1 0.0 0 0 0.011256147987595755
-1 0.0 0 0 0.048319153262413726
2 10.948646545410156 26 27 -0.06634087203300114
-1 0.0 0 0 -0.010204924681325826
-1 0.0 0 0 -0.0004316569210478993
-1 0.0 0 0 -0.021731136917796646
nodes 29
5 1.3196361064910889 1 8 0.0
4 0.916279137134552 2 5 0.027073365250142527
8 31.5 3 4 -0.008536432090770492
-1 0.0 0 0 -0.010667755990308272
-1 0.0 0 0 0.00044492106659291156
5 1.1742115020751953 6 7 0.03839725762360635
-1 0.0 0 0 0.006971839479608876
-1 0.0 0 0 0.002487208288979798
2 10.573928833007812 9 12 -0.03193390041649122
6 0.9246731400489807 10 11 -0.08150775100367312
-1 0.0 0 0 -0.005489439975004302
-1 0.0 0 0 -0.014960590685503115
4 0.667130172252655 13 14 -0.012241560907704263
-1 0.0 0 0 -0.019304944082804837
6 0.9885861277580261 15 28 -0.008242551430162158
4 1.1576216220855713 16 25 -0.00630232561779152
4 0.9004796743392944 17 22 0.002218834742463416
8 39.5 18 19 -0.025312837210879957
-1 0.0 0 0 -0.005843489393752559
6 0.8056767582893372 20 21 0.029689731191733477
-1 0.0 0 0 -0.0021799962038030357
-1 0.0 0 0 0.010889265067915219
7 0.41499999165534973 23 24 0.01754742773352478
-1 0.0 0 0 0.002028298334213627
-1 0.0 0 0 -0.022876137754866993
3 0.9982849955558777 26 27 -0.06339387115262879
-1 0.0 0 0 -0.01089122834961016
-1 0.0 0 0 0.0019082466620778497
-1 0.0 0 0 -0.031897134116887216
nodes 29
5 1.5421494245529175 1 14 0.0
1 10.99344539642334 2 9 0.01328007271042588
7 0.08500000089406967 3 4 0.0020318455928146273
-1 0.0 0 0 0.001783766004551328
3 0.6569471955299377 5 8 -0.020851829006118476
8 31.5 6 7 -0.08116774397965743
-1 0.0 0 0 -0.021581382285038687
-1 0.0 0 0 -0.004785573520784431
-1 0.0 0 0 -0.0009090445015084185
4 0.7331891655921936 10 11 0.04227899209912541
-1 0.0 0 0 -0.018723747451794604
2 11.726810455322266 12 13 0.04443895884665449
-1 0.0 0 0 0.0047150758029315745
-1 0.0 0 0 -0.011939683519816453
2 10.795280456542969 15 22 -0.055832033264359114
7 0.4749999940395355 16 21 -0.09052370080194476
6 0.9254077672958374 17 18 -0.08179747244368886
-1 0.0 0 0 -0.006059557869376933
4 0.7521197199821472 19 20 -0.14854564826426103
-1 0.0 0 0 -0.033794147178691
-1 0.0 0 0 -0.012406864564798649
-1 0.0 0 0 -0.0358491629970053
4 0.8209214806556702 23 24 -0.016821528652460074
-1 0.0 0 0 -0.010280177083850846
5 2.0098299980163574 25 26 0.005486930587189265
-1 0.0 0 0 -0.003585364362754415
2 11.240355491638184 27 28 0.05447642161698348
-1 0.0 0 0 0.0030079345367019436
-1 0.0 0 0 0.01764122153134502
nodes 29
5 1.5421494245529175 1 16 0.0
1 11.162672996520996 2 15 0.011952065406052682
6 0.9828200936317444 3 14 0.005570022021323746
5 1.144934892654419 4 5 0.007800454830804659
-1 0.0 0 0 0.006315552402521015
4 0.667130172252655 6 7 0.003254363091479429
-1 0.0 0 0 -0.013861464360270699
8 39.5 8 13 0.004881570275305791
4 0.8707928657531738 9 12 -2.6518948947895117e-06
8 30.5 10 11 -0.05465908752770478
-1 0.0 0 0 -0.022526939781401346
-1 0.0 0 0 -0.004045816261813547
-1 0.0 0 0 0.0007938703804836011
-1 0.0 0 0 0.00490856807191526
-1 0.0 0 0 -0.011104787627539301
-1 0.0 0 0 0.005629558819613346
7 0.13499999791383743 17 22 -0.050248829921558685
4 0.7863249778747559 18 19 -0.02598833083100329
-1 0.0 0 0 -0.008912366403113502
3 0.4883454740047455 20 21 -0.009483671938361254
-1 0.0 0 0 0.0034352815937815128
-1 0.0 0 0 -0.004509755539949463
4 0.8579801321029663 23 24 -0.09897288023106471
-1 0.0 0 0 -0.018203716442207956
2 11.068870544433594 25 28 -0.07344959436612557
7 0.4749999940395355 26 27 -0.0953601143920609
-1 0.0 0 0 -0.007770892086917934
-1 0.0 0 0 -0.02803707724281897
-1 0.0 0 0 0.0048750007577621655
nodes 29
5 1.3196361064910889 1 8 0.0
4 0.916279137134552 2 5 0.02075656155457038
8 39.5 3 4 -0.009651838316183164
-1 0.0 0 0 -0.0030311100043431127
-1 0.0 0 0 0.004007808463842156
5 1.1742115020751953 6 7 0.030426412918482568
-1 0.0 0 0 0.005618420362243703
-1 0.0 0 0 0.0019303616893888615
7 0.2149999961256981 9 24 -0.024483028397739737
4 0.59111487865448 10 11 -0.013995162626312181
-1 0.0 0 0 -0.019285831095432693
4 1.1576216220855713 12 21 -0.011064162096443207
4 0.9021115303039551 13 20 -0.0031534775472459595
8 39.5 14 17 -0.026995949384913995
3 0.5553708672523499 15 16 -0.059569983406597665
-1 0.0 0 0 -0.009229849548371192
-1 0.0 0 0 -0.0017013403604001132
6 0.8056767582893372 18 19 0.029704079478610607
-1 0.0 0 0 -0.0009652606838123518
-1 0.0 0 0 0.008795541061734474
-1 0.0 0 0 0.0013148429851804972
3 0.9982849955558777 22 23 -0.07111060263427614
-1 0.0 0 0 -0.010821581327445796
-1 0.0 0 0 0.0006622824863072568
4 0.7463939189910889 25 26 -0.08717573822247236
-1 0.0 0 0 -0.027134535183142978
6 0.9805881381034851 27 28 -0.07525204276970127
-1 0.0 0 0 -0.005696988558986324
-1 0.0 0 0 -0.020346491674911447
nodes 29
1 10.079623222351074 1 16 0.0
1 8.347590446472168 2 3 -0.04281953427301015
-1 0.0 0 0 -0.01577531319951274
8 32.5 4 11 -0.03515294252794654
4 0.9286068081855774 5 6 -0.061348109311957534
-1 0.0 0 0 -0.015704886820068344
0 10.302498817443848 7 10 -0.03725222858105657
2 11.185171127319336 8 9 -0.0631906028812366
-1 0.0 0 0 -0.006660940668154099
-1 0.0 0 0 0.06643930058926344
-1 0.0 0 0 0.002303142394268197
4 0.7941758036613464 12 15 -0.005436388829813386
8 39.5 13 14 -0.06085404517526133
-1 0.0 0 0 -0.0124013306163384
-1 0.0 0 0 0.0006916844392946501
-1 0.0 0 0 0.0024644849402586867
6 0.9934342503547668 17 26 0.009930419001202664
4 0.59111487865448 18 19 0.010971270812475276
-1 0.0 0 0 -0.028294814706361873
1 11.162672996520996 20 23 0.011766568812140008
7 0.044999999925494194 21 22 0.006646906447607858
-1 0.0 0 0 0.0022251317730252107
-1 0.0 0 0 -0.0004558334821117549
2 11.726810455322266 24 25 0.047243278974947844
-1 0.0 0 0 0.005371798626575412
-1 0.0 0 0 -0.011973201696449602
3 0.7788548469543457 27 28 -0.28888044564841175
-1 0.0 0 0 -0.06064755856688764
-1 0.0 0 0 -0.015758413077961633
nodes 29
5 1.3196361064910889 1 6 0.0
4 0.9389910101890564 2 5 0.01772144454689324
8 31.5 3 4 -0.005970006080488918
-1 0.0 0 0 -0.00831600718149209
-1 0.0 0 0 0.0006896030384293646
-1 0.0 0 0 0.0027933132360015087
6 0.9546563625335693 7 22 -0.02090301069996956
4 1.1798088550567627 8 17 -0.01362807169553685
4 0.7331891655921936 9 14 -0.00640211891926693
8 37.5 10 11 -0.08050120032058533
-1 0.0 0 0 -0.019105245429027543
0 11.767064094543457 12 13 -0.0427041345075012
-1 0.0 0 0 -0.002806750697336785
-1 0.0 0 0 -0.03352931888417943
2 9.822331428527832 15 16 0.0005933680965712587
-1 0.0 0 0 -0.009292358288745804
-1 0.0 0 0 0.00039946793501791897
3 0.9982849955558777 18 19 -0.07219715351925787
-1 0.0 0 0 -0.010835567736783666
8 28.5 20 21 -0.004456814085451928
-1 0.0 0 0 0.0036845032692145695
-1 0.0 0 0 -0.016752050672641693
4 0.8768733143806458 23 24 -0.09287143161796148
-1 0.0 0 0 -0.022578996310734074
2 10.948646545410156 25 28 -0.06711007482046184
7 0.5849999785423279 26 27 -0.10487979659893834
-1 0.0 0 0 -0.009403485523999673
-1 0.0 0 0 -0.04661620221684562
-1 0.0 0 0 0.003281235368208991
nodes 29
5 1.5577582120895386 1 10 0.0
5 1.144934892654419 2 3 0.008337127668285706
-1 0.0 0 0 0.00478163820308413
7 0.2750000059604645 4 7 0.003903176419711827
4 0.7331891655921936 5 6 0.006897057172388989
-1 0.0 0 0 -0.006050041259127343
-1 0.0 0 0 0.0008956492407073473
4 0.9462049007415771 8 9 -0.04913736132655219
-1 0.0 0 0 -0.018347934388118513
-1 0.0 0 0 -0.0020452405410264583
6 0.9662029147148132 11 28 -0.03689666355577906
4 0.8864503502845764 12 19 -0.02865755910205824
8 35.5 13 14 -0.06057130590615316
-1 0.0 0 0 -0.012493438100778114
4 0.59111487865448 15 16 -0.030181613430551535
-1 0.0 0 0 -0.016924280221491922
6 0.7902644276618958 17 18 -0.015327090388671668
-1 0.0 0 0 -0.005452478563847934
-1 0.0 0 0 0.003895058036873674
3 0.5203787088394165 20 27 -0.008254025546167785
4 1.2738968133926392 21 26 0.037625642280862494
0 11.176949501037598 22 23 0.048135830229184245
-1 0.0 0 0 0.002815889011280407
6 0.8977035284042358 24 25 0.14716731834661528
-1 0.0 0 0 0.009026937271540891
-1 0.0 0 0 0.03944717749483942
-1 0.0 0 0 -0.018731462359724064
-1 0.0 0 0 -0.004656096965574108
-1 0.0 0 0 -0.01339463155535068
nodes 29
5 1.3196361064910889 1 10 0.0
4 0.8394669890403748 2 5 0.014789558131029355
8 33.5 3 4 -0.029511531845347935
-1 0.0 0 0 -0.014384207068823427
-1 0.0 0 0 -0.0014408573499327425
1 11.222145080566406 6 7 0.019338595554568676
-1 0.0 0 0 0.001404235238126276
2 11.726810455322266 8 9 0.0560566724385214
-1 0.0 0 0 0.006506787333446909
-1 0.0 0 0 -0.012241235504376839
7 0.20499999821186066 11 24 -0.017444757181622726
4 1.1576216220855713 12 23 -0.009008585969438139
4 0.6273226737976074 13 14 -0.002965836884639201
-1 0.0 0 0 -0.011432148654985368
8 41.5 15 20 8.373384857228241e-05
4 0.8601441383361816 16 19 -0.00537080875641134
8 34.5 17 18 -0.04700683198020546
-1 0.0 0 0 -0.01119731017599278
-1 0.0 0 0 -0.002144752342674279
-1 0.0 0 0 0.0007158410423622344
6 0.802415668964386 21 22 0.047184469975543715
-1 0.0 0 0 0.0003359198127272468
-1 0.0 0 0 0.011540102017215611
-1 0.0 0 0 -0.0056241466474037435
4 0.8013721704483032 25 26 -0.06355834413254538
-1 0.0 0 0 -0.016797660127904592
6 1.0046099424362183 27 28 -0.051307236796346
-1 0.0 0 0 -0.004422666848735829
-1 0.0 0 0 -0.02402140495448726
nodes 29
2 10.5292387008667 1 8 0.0
8 33.5 2 7 -0.03198947893090927
4 0.841955840587616 3 4 -0.05153053045718931
-1 0.0 0 0 -0.015025254783967799
7 0.6050000190734863 5 6 -0.0405938384384615
-1 0.0 0 0 -0.0038404575251478282
-1 0.0 0 0 -0.03955281326281174
-1 0.0 0 0 0.00028092311142229986
6 0.9934342503547668 9 28 0.0068549192111610185
4 0.6827524900436401 10 13 0.007812333753815649
8 40.5 11 12 -0.1101320431357157
-1 0.0 0 0 -0.024377768165414735
-1 0.0 0 0 -0.00633991811505609
6 0.8731541037559509 14 15 0.009510776947042927
-1 0.0 0 0 -0.00032502029524967245
7 0.11499999836087227 16 17 0.020123795861374107
-1 0.0 0 0 0.0035349912114598426
2 11.057661056518555 18 27 -0.006306304935271432
8 39.5 19 26 -0.029711787379943632
3 0.6681468486785889 20 25 -0.03411984305221569
3 0.5259500741958618 21 24 -0.09989707105887073
7 0.5349999964237213 22 23 -0.017810570292935438
-1 0.0 0 0 8.354924074952157e-06
-1 0.0 0 0 -0.05310139185190202
-1 0.0 0 0 -0.01721487716144152
-1 0.0 0 0 -0.0016000811701755444
-1 0.0 0 0 0.017766462658675247
-1 0.0 0 0 0.0018754279482274018
-1 0.0 0 0 -0.026447267981353575
nodes 29
5 1.5577582120895386 1 16 0.0
5 1.134772539138794 2 3 0.006491730083420772
-1 0.0 0 0 0.00445459250532881
7 0.054999999701976776 4 5 0.003320406446704071
-1 0.0 0 0 0.0015540943103889025
6 0.9805881381034851 6 11 -0.007621818494994814
3 0.987449049949646 7 10 -0.004696503332442438
4 1.1537857055664062 8 9 -0.009205265411260643
-1 0.0 0 0 -0.00045815246483310834
-1 0.0 0 0 -0.006324685259365435
-1 0.0 0 0 0.0045808313954813695
0 10.415143013000488 12 13 -0.10050930518544349
-1 0.0 0 0 0.000916393804350791
7 0.4350000023841858 14 15 -0.18254418695862382
-1 0.0 0 0 -0.015682793961831202
-1 0.0 0 0 -0.06736415555219977
7 0.044999999925494194 17 18 -0.028729701333675153
-1 0.0 0 0 0.0003921588992791445
5 2.2861592769622803 19 22 -0.04682943980524516
6 0.6399130821228027 20 21 -0.0725027026026524
-1 0.0 0 0 0.00644807664717327
-1 0.0 0 0 -0.009202406703102906
2 10.10646915435791 23 24 -0.012480034837172626
-1 0.0 0 0 -0.014673887685586869
4 0.7627725005149841 25 26 0.015784984535184437
-1 0.0 0 0 -0.012263171826906847
2 11.341306686401367 27 28 0.03506774749398405
-1 0.0 0 0 0.002717914202813363
-1 0.0 0 0 0.029851430086394733
nodes 29
4 0.8516348600387573 1 8 0.0
8 34.5 2 3 -0.02929799135020089
-1 0.0 0 0 -0.010461333473989734
4 0.59111487865448 4 5 -0.009473203398049024
-1 0.0 0 0 -0.014020285117076129
8 42.5 6 7 -0.002099064972653655
-1 0.0 0 0 -0.0018001134778690806
-1 0.0 0 0 0.004158436192517231
0 10.119002342224121 9 14 0.00594264862406266
2 11.185171127319336 10 13 -0.04327612639604234
8 34.5 11 12 -0.0455450928615186
-1 0.0 0 0 -0.00575657233668248
-1 0.0 0 0 0.005841593980574913
-1 0.0 0 0 0.04821375864355461
6 0.9934342503547668 15 26 0.00974176587971999
3 0.987449049949646 16 25 0.0107509760451599
4 1.2283250093460083 17 24 0.00791756528749349
5 2.201443910598755 18 23 0.01103319269493362
7 0.2149999961256981 19 20 0.008181392586251359
-1 0.0 0 0 0.0012215539634003025
3 0.5751239657402039 21 22 -0.030523495309044878
-1 0.0 0 0 -0.01877054636726731
-1 0.0 0 0 -0.0022533708935307917
-1 0.0 0 0 0.006026079404360498
-1 0.0 0 0 -0.011070847322865092
-1 0.0 0 0 0.004706416360559508
5 1.1681910753250122 27 28 -0.19374097145383098
-1 0.0 0 0 0.015258820455234785
-1 0.0 0 0 -0.02558413754273527
nodes 29
4 0.7331891655921936 1 6 0.0
8 37.5 2 3 -0.058602680656480784
-1 0.0 0 0 -0.01425636363330706
0 11.251885414123535 4 5 -0.02775080813289095
-1 0.0 0 0 0.002261162723292676
-1 0.0 0 0 -0.009171271522810014
2 11.19241714477539 7 24 0.002642488897851425
7 0.48499999940395355 8 23 -0.004929442862080603
8 39.5 9 22 -0.003580688226849524
4 0.9519538879394531 10 15 -0.007265285877960796
8 30.5 11 14 -0.028616535275283166
7 0.08500000089406967 12 13 -0.10235015591465334
-1 0.0 0 0 -0.0043761057137905795
-1 0.0 0 0 -0.014731688571961716
-1 0.0 0 0 -0.0013536047228671787
4 1.1009514331817627 16 17 0.0035656977667500715
-1 0.0 0 0 0.0017639261478236302
3 0.987449049949646 18 21 -0.02326567116345194
4 1.2623183727264404 19 20 -0.04309081312933961
-1 0.0 0 0 -0.0028934784656096143
-1 0.0 0 0 -0.010922229840337569
-1 0.0 0 0 0.002005593535459888
-1 0.0 0 0 0.003812137998694755
-1 0.0 0 0 -0.015181867984730922
6 0.8374360799789429 25 26 0.02189010468173537
-1 0.0 0 0 -0.0006343812083226029
5 1.6821610927581787 27 28 0.03384172277482488
-1 0.0 0 0 0.002986856216510453
-1 0.0 0 0 0.01666576593587495
nodes 29
4 0.667130172252655 1 4 0.0
6 0.9307566285133362 2 3 -0.0819533250977285
-1 0.0 0 0 -0.00572039361065079
-1 0.0 0 0 -0.024836040107817228
6 1.0 5 26 0.0016394947518986562
7 0.044999999925494194 6 11 0.0023516145165532413
6 0.8782674074172974 7 8 0.015156537756141454
-1 0.0 0 0 0.0003622154483008942
0 10.59182357788086 9 10 0.031053586776776512
-1 0.0 0 0 -0.001816138657520572
-1 0.0 0 0 0.004099588526749577
5 1.1872220039367676 12 15 -0.006327035595828834
0 11.690946578979492 13 14 0.021898813542174447
-1 0.0 0 0 0.0025123415038630303
-1 0.0 0 0 -0.01683912927307144
8 39.5 16 25 -0.01302446818008124
4 0.8601441383361816 17 20 -0.017527436770292212
8 31.5 18 19 -0.061635485070878154
-1 0.0 0 0 -0.014974410740979636
-1 0.0 0 0 -0.004361662751751033
2 11.264707565307617 21 24 -0.011016526393851965
6 0.7586787343025208 22 23 -0.01648816938949381
-1 0.0 0 0 0.00328797404113601
-1 0.0 0 0 -0.0021873759549586964
-1 0.0 0 0 0.001944918478971694
-1 0.0 0 0 0.004231897114183518
1 9.71190357208252 27 28 -0.17726376234089428
-1 0.0 0 0 -0.010831869808707114
-1 0.0 0 0 -0.049641268880617234
nodes 29
1 8.347590446472168 1 2 0.0
-1 0.0 0 0 -0.010038814944177094
4 0.59111487865448 3 4 0.0011958646869729079
-1 0.0 0 0 -0.012482072941896571
6 0.9805881381034851 5 22 0.0021041980648478513
4 0.9241827130317688 6 19 0.0037239711885065615
8 29.5 7 10 -0.00948636405827927
3 0.7095513939857483 8 9 -0.1271515873423874
-1 0.0 0 0 -0.017063816113580467
-1 0.0 0 0 -0.002222997179836417
8 39.5 11 12 -0.0030076129893255223
-1 0.0 0 0 -0.0017086565733733347
0 11.188426971435547 13 14 0.027544903279902076
-1 0.0 0 0 0.0062205092371375535
1 8.737773895263672 15 16 0.0035417670205558204
-1 0.0 0 0 0.053688262286596004
6 0.6965081095695496 17 18 0.000915550249876768
-1 0.0 0 0 -0.009270055344526445
-1 0.0 0 0 0.0017459970313817707
0 10.119002342224121 20 21 0.010022471126389265
-1 0.0 0 0 -0.003566203512243995
-1 0.0 0 0 0.0013121232898023036
3 0.7856312394142151 23 28 -0.06069839138568654
1 9.924906730651855 24 25 -0.12815985990898315
-1 0.0 0 0 -0.00513069529056585
7 0.42499999701976776 26 27 -0.2568490384981279
-1 0.0 0 0 -0.021450373445256868
-1 0.0 0 0 -0.07698786836654808
-1 0.0 0 0 -0.0013480540815274805
nodes 29
4 0.7978934645652771 1 8 0.0
8 38.5 2 5 -0.032196241958848175
6 0.915815532207489 3 4 -0.07737392477606918
-1 0.0 0 0 -0.00511844660918442
-1 0.0 0 0 -0.015379952693639842
0 11.180859565734863 6 7 -0.001060393397229541
-1 0.0 0 0 0.0041739763584460665
-1 0.0 0 0 -0.0037803024446518563
6 1.0 9 28 0.003345223480972804
8 34.5 10 23 0.003984241203249495
4 0.9389910101890564 11 16 -0.002178049626597754
8 29.5 12 15 -0.03708374314743903
5 1.2730897665023804 13 14 -0.10962649858480157
-1 0.0 0 0 -0.002187350805531804
-1 0.0 0 0 -0.015983491591661136
-1 0.0 0 0 -0.0019921098401655245
0 10.439541816711426 17 20 0.004973908575115553
2 11.090522766113281 18 19 -0.02371797452013363
-1 0.0 0 0 -0.0026655031755844607
-1 0.0 0 0 0.03132389343713653
7 0.41499999165534973 21 22 0.011221692583484074
-1 0.0 0 0 0.0012777087898894052
-1 0.0 0 0 -0.007963197283103783
6 0.8287982940673828 24 25 0.01854677205671283
-1 0.0 0 0 -0.0010372834730972274
3 0.5956739783287048 26 27 0.03584634575614017
-1 0.0 0 0 0.009995330270060323
-1 0.0 0 0 0.0026732625596408988
-1 0.0 0 0 -0.015594124949465576
nodes 29
7 0.044999999925494194 1 4 0.0
0 11.841753959655762 2 3 0.011567676861484433
-1 0.0 0 0 0.0012620945014158152
-1 0.0 0 0 -0.01561536252554259
5 1.3745756149291992 5 10 -0.007819312441277863
6 0.7800288200378418 6 7 0.002235497719149059
-1 0.0 0 0 0.007394396300146282
2 11.305557250976562 8 9 -0.0014338243382227068
-1 0.0 0 0 -0.0007767469619543251
-1 0.0 0 0 0.002706380104720421
6 0.7120770812034607 11 16 -0.025166903315275192
8 29.5 12 13 0.01702842244621324
-1 0.0 0 0 0.012892054711767246
5 1.4700937271118164 14 15 -0.0068455010947985825
-1 0.0 0 0 0.009766510034716944
-1 0.0 0 0 -0.0028356421003242487
8 35.5 17 24 -0.03280789777845268
4 0.8845093250274658 18 19 -0.04411168576392089
-1 0.0 0 0 -0.009746378286287886
6 0.8679786920547485 20 21 -0.03342815152400475
-1 0.0 0 0 -0.006696707371060916
2 10.800738334655762 22 23 -0.017717985835041368
-1 0.0 0 0 -0.004270212359325535
-1 0.0 0 0 0.0014229462699821306
6 0.8007447719573975 25 26 0.003530817966170988
-1 0.0 0 0 -0.006828720227950547
4 0.6498622298240662 27 28 0.029408065357482586
-1 0.0 0 0 -0.013680032925503838
-1 0.0 0 0 0.004548262108880309
nodes 29
1 8.347590446472168 1 2 0.0
-1 0.0 0 0 -0.00834737214362892
4 0.59111487865448 3 4 0.0009943731529886437
-1 0.0 0 0 -0.010630605760938855
7 0.044999999925494194 5 6 0.0017677995688771008
-1 0.0 0 0 0.0012034381681471033
5 1.1872220039367676 7 10 -0.005227333292784159
0 11.690946578979492 8 9 0.017824992438052422
-1 0.0 0 0 0.00207636329283456
-1 0.0 0 0 -0.015497756353579462
8 39.5 11 28 -0.010696334133836253
4 0.8601441383361816 12 15 -0.014542434689582079
6 0.9261313080787659 13 14 -0.049816935458152765
-1 0.0 0 0 -0.0033638849645366235
-1 0.0 0 0 -0.011382315469225197
3 0.4182816445827484 16 19 -0.009213928749905
0 9.786672592163086 17 18 0.04181913617291836
-1 0.0 0 0 -0.029875667722381913
-1 0.0 0 0 0.005166138688393519
5 1.5577582120895386 20 27 -0.012531728676411634
6 0.7756555080413818 21 22 -0.006354686097022067
-1 0.0 0 0 0.0035998675223906673
3 0.9826753735542297 23 26 -0.010762910821994218
4 1.1465388536453247 24 25 -0.016038728301186817
-1 0.0 0 0 -0.0010256227456698836
-1 0.0 0 0 -0.005619357825738509
-1 0.0 0 0 0.0033574717322007483
-1 0.0 0 0 -0.004680024442502677
-1 0.0 0 0 0.003320852175582396
nodes 29
4 0.8179024457931519 1 8 0.0
8 38.5 2 5 -0.023727014396857614
6 0.915815532207489 3 4 -0.05544267662541771
-1 0.0 0 0 -0.003743777459498222
-1 0.0 0 0 -0.01094729041839918
0 11.135566711425781 6 7 0.0011239713203038543
-1 0.0 0 0 0.0037947108892882986
-1 0.0 0 0 -0.0024600480393720454
7 0.41499999165534973 9 28 0.0031638414588810644
2 10.94482421875 10 17 0.004361065504960598
8 31.5 11 14 -0.004549558943933238
4 0.9315394759178162 12 13 -0.019403549610646095
-1 0.0 0 0 -0.009256944539863794
-1 0.0 0 0 -0.0010057930090373222
4 1.1337628364562988 15 16 0.01382357533658734
-1 0.0 0 0 0.0018378390582604203
-1 0.0 0 0 -0.006659578999463955
6 0.8807283043861389 18 21 0.01112711400494115
5 2.4748377799987793 19 20 -0.00136076646104145
-1 0.0 0 0 -0.00045928505315347617
-1 0.0 0 0 0.006257982606587199
5 1.8280054330825806 22 23 0.02229535889010401
-1 0.0 0 0 0.0019339521507387503
2 11.30981731414795 24 25 0.1106537835091653
-1 0.0 0 0 0.007873054279691155
4 1.0333431959152222 26 27 0.33547490426993115
-1 0.0 0 0 0.05392047155263096
-1 0.0 0 0 0.0007243541690210502
-1 0.0 0 0 -0.006397386088308335
nodes 29
0 11.841753959655762 1 28 0.0
2 11.19241714477539 2 23 0.0005192026432348437
7 0.48499999940395355 3 20 -0.00472747468568545
0 11.434077262878418 4 19 -0.003782669681175774
8 44.5 5 18 -0.002980651548025975
4 0.667130172252655 6 7 -0.004612084490855175
-1 0.0 0 0 -0.007828778505913996
4 1.2623183727264404 8 13 -0.0034536427481173977
4 0.9389910101890564 9 12 -0.001227231835707916
8 32.5 10 11 -0.01316088828795441
-1 0.0 0 0 -0.005580944782684145
-1 0.0 0 0 6.351153724080642e-05
-1 0.0 0 0 0.0005941263022241411
3 0.9737774133682251 14 17 -0.03833869241324192
0 10.792859077453613 15 16 -0.09316499314556542
-1 0.0 0 0 -0.007755107083293003
-1 0.0 0 0 -0.031208519557064093
-1 0.0 0 0 -0.0003341115761621511
-1 0.0 0 0 0.007163775694147806
-1 0.0 0 0 -0.010159985650729921
3 0.9929549694061279 21 22 -0.11117220744506877
-1 0.0 0 0 -0.016366972338624622
-1 0.0 0 0 0.006081592313834091
0 10.830500602722168 24 25 0.014577327782299714
-1 0.0 0 0 0.02598744286372411
1 8.737773895263672 26 27 0.013462202721587909
-1 0.0 0 0 0.053366955446785894
-1 0.0 0 0 0.0012837988338906601
-1 0.0 0 0 -0.013191879065446053
nodes 29
1 8.347590446472168 1 2 0.0
-1 0.0 0 0 -0.007104338828907455
4 0.59111487865448 3 4 0.0008462979745719666
-1 0.0 0 0 -0.009030284672679577
6 0.9805881381034851 5 22 0.0015033051813165238
3 0.987449049949646 6 21 0.0027365198262457348
4 1.2283250093460083 7 16 0.0007548792847774633
2 11.726810455322266 8 15 0.0029224254944574765
1 11.229620933532715 9 14 0.003405035181147843
8 42.5 10 13 0.0013834496240594874
4 0.8971639275550842 11 12 -0.0005478071188959556
-1 0.0 0 0 -0.001779554889458188
-1 0.0 0 0 0.0005368682816791667
-1 0.0 0 0 0.0036972719148335234
-1 0.0 0 0 0.0032124046590942556
-1 0.0 0 0 -0.011110548145140559
7 0.5349999964237213 17 18 -0.07434727773530726
-1 0.0 0 0 -0.00670992279677805
8 23.5 19 20 -0.39369635049253704
-1 0.0 0 0 -0.015069877213488023
-1 0.0 0 0 -0.07581927180290222
-1 0.0 0 0 0.0031336239813409376
2 9.985113143920898 23 26 -0.04631146092304716
5 1.3428314924240112 24 25 0.041750316514315905
-1 0.0 0 0 0.021305011294696946
-1 0.0 0 0 -0.0026859287816040096
6 1.0 27 28 -0.07435494361887408
-1 0.0 0 0 -0.005902236627356578
-1 0.0 0 0 -0.02587024433287438
nodes 29
7 0.024999999441206455 1 6 0.0
6 0.8275148272514343 2 5 0.011973916039016538
0 11.841753959655762 3 4 -0.007174547743077559
-1 0.0 0 0 -0.0004859055485307697
-1 0.0 0 0 -0.02413664549012142
-1 0.0 0 0 0.002385572495081912
5 1.1651973724365234 7 10 -0.004503683907874065
0 11.690946578979492 8 9 0.018733056720654326
-1 0.0 0 0 0.002212456469325946
-1 0.0 0 0 -0.015441996922216764
6 0.9538291692733765 11 12 -0.008001692279338477
-1 0.0 0 0 -0.0004239160993301571
4 0.9389910101890564 13 20 -0.035257208562883335
1 9.517163276672363 14 15 -0.0959708032309843
-1 0.0 0 0 -0.00030294008684156673
4 0.8013721704483032 16 17 -0.14070567245779161
-1 0.0 0 0 -0.029461656888209592
5 1.2268543243408203 18 19 -0.10104004545985008
-1 0.0 0 0 0.0027329966122913835
-1 0.0 0 0 -0.01520990369336699
2 10.960113525390625 21 28 -0.019910191735470453
1 9.848450660705566 22 23 -0.04332921461872773
-1 0.0 0 0 0.0007259437283440251
5 1.6416478157043457 24 27 -0.07754042921317365
6 1.0 25 26 -0.05981705706337175
-1 0.0 0 0 -0.005352052479091793
-1 0.0 0 0 -0.051467854842543605
-1 0.0 0 0 -0.02953356936849004
-1 0.0 0 0 0.0015876059162103625
nodes 29
4 0.7331891655921936 1 8 0.0
6 0.9123948812484741 2 7 -0.033351261686731214
0 11.434077262878418 3 6 -0.0169571934119991
8 41.5 4 5 0.0041091593038200674
-1 0.0 0 0 -0.0034977872163834533
-1 0.0 0 0 0.0054348243715941135
-1 0.0 0 0 -0.008539482597150205
-1 0.0 0 0 -0.011049271697063268
4 1.1009514331817627 9 22 0.0015038618288757259
4 0.9519538879394531 10 21 0.0049916241155811185
8 30.5 11 12 -0.004255365425594198
-1 0.0 0 0 -0.006136520493735209
8 39.5 13 14 0.003490846015536317
-1 0.0 0 0 -0.0004241490737760671
6 0.8287982940673828 15 16 0.026177901550900023
-1 0.0 0 0 -0.001013566507842605
5 1.2775819301605225 17 18 0.05811404662637652
-1 0.0 0 0 0.0024165462044079457
4 0.7863249778747559 19 20 0.1012772470238685
-1 0.0 0 0 -0.0003357870320127908
-1 0.0 0 0 0.013440623401993007
-1 0.0 0 0 0.0013082834658696427
3 0.987449049949646 23 28 -0.012376231277684233
7 0.5349999964237213 24 27 -0.02955012832133981
4 1.2623183727264404 25 26 -0.02699069952819899
-1 0.0 0 0 -0.001819549274539411
-1 0.0 0 0 -0.007623366017070889
-1 0.0 0 0 -0.0231869419656909
-1 0.0 0 0 0.0022196509068494225
nodes 29
1 8.347590446472168 1 2 0.0
-1 0.0 0 0 -0.00618556527425394
0 11.767064094543457 3 24 0.0007368498455108837
1 11.222145080566406 4 21 0.0013355603278292257
6 0.9739161133766174 5 6 -0.0006156255136313301
-1 0.0 0 0 8.220225385141745e-05
0 10.349102020263672 7 8 -0.03425531012844847
-1 0.0 0 0 0.0017063271948180667
3 0.7788548469543457 9 14 -0.06497829427489343
7 0.4749999940395355 10 13 -0.1535745234662022
5 2.2861592769622803 11 12 -0.13623983423175984
-1 0.0 0 0 -0.01697291485148705
-1 0.0 0 0 0.003988915199793323
-1 0.0 0 0 -0.0663063650530682
5 1.3645405769348145 15 16 -0.021026013079205114
-1 0.0 0 0 -0.0037489078337002053
2 10.907862663269043 17 20 0.16421926034330997
7 0.14500000327825546 18 19 -0.08903446832196192
-1 0.0 0 0 0.026268103385809812
-1 0.0 0 0 -0.034956446993682125
-1 0.0 0 0 0.03392622786854832
6 0.7586787343025208 22 23 0.028987448610161906
-1 0.0 0 0 -0.014684740918809953
-1 0.0 0 0 0.003254310337485332
3 0.47441962361335754 25 26 -0.07412492235198442
-1 0.0 0 0 -0.023651486581207075
5 1.0927956104278564 27 28 -0.04109175436608652
-1 0.0 0 0 -0.048080856853630394
-1 0.0 0 0 -0.002552655740430892
nodes 29
5 1.134772539138794 1 6 0.0
0 11.690946578979492 2 5 0.02508188593372403
2 11.491875648498535 3 4 0.029445665215844533
-1 0.0 0 0 0.002221903606221181
-1 0.0 0 0 0.01254565953998222
-1 0.0 0 0 -0.015402845773540104
7 0.044999999925494194 7 18 -0.0016791993691392063
4 1.083026647567749 8 13 0.006690598708221707
4 0.9270725250244141 9 12 0.011714873220441636
6 0.952968180179596 10 11 -0.0010251980626955386
-1 0.0 0 0 0.00017181267091964428
-1 0.0 0 0 -0.010512001854963168
-1 0.0 0 0 0.0023312259575010417
5 1.3178411722183228 14 15 -0.017315596675284598
-1 0.0 0 0 0.0007236763237764279
3 0.6076062321662903 16 17 -0.0515609924514419
-1 0.0 0 0 0.007492219800926853
-1 0.0 0 0 -0.006769790247809518
8 16.5 19 20 -0.007352626178177333
-1 0.0 0 0 0.04170503221917898
6 0.9651052951812744 21 22 -0.007521926859671656
-1 0.0 0 0 -0.0004898300930249271
7 0.574999988079071 23 28 -0.0347593927798567
1 9.848450660705566 24 25 -0.030262869751267837
-1 0.0 0 0 0.001641668933114286
3 0.6899220943450928 26 27 -0.05364324021341441
-1 0.0 0 0 -0.01787877495454974
-1 0.0 0 0 -0.0033769424543587446
-1 0.0 0 0 -0.025034269131720067
nodes 29
4 0.667130172252655 1 6 0.0
0 11.025849342346191 2 3 -0.04347911639372944
-1 0.0 0 0 0.0004316318179772452
8 45.5 4 5 -0.08848165346734645
-1 0.0 0 0 -0.01439654843906235
-1 0.0 0 0 -0.0016240015742368997
6 1.0 7 24 0.0008698095646392666
3 0.987449049949646 8 15 0.0012601914084231997
4 1.1537857055664062 9 14 -0.0003047977635044427
7 0.48499999940395355 10 11 0.0027098301875267405
-1 0.0 0 0 0.0003178068410006169
3 0.8117763996124268 12 13 -0.14123535507672838
-1 0.0 0 0 -0.02156665058080423
-1 0.0 0 0 0.004969672723403336
-1 0.0 0 0 -0.003930937437890126
8 24.5 16 17 0.022783730019815738
-1 0.0 0 0 0.006409508854767741
5 1.3140352964401245 18 19 0.005049055904319565
-1 0.0 0 0 0.002479253833025711
6 0.9089269042015076 20 23 -0.04876785586960697
8 29.5 21 22 -0.134334990362204
-1 0.0 0 0 -0.008338293159029732
-1 0.0 0 0 -0.02835517339085022
-1 0.0 0 0 0.0019437831044781973
1 9.71190357208252 25 26 -0.097204400461973
-1 0.0 0 0 -0.0044895966080559305
4 1.0618746280670166 27 28 -0.339341830582388
-1 0.0 0 0 -0.009923962960320136
-1 0.0 0 0 -0.05794440315615747
nodes 29
1 8.347590446472168 1 2 0.0
-1 0.0 0 0 -0.005506717544286922
4 0.59111487865448 3 4 0.0006559827449423806
-1 0.0 0 0 -0.00705713221850057
8 44.5 5 24 0.0011693924188267459
4 0.8971639275550842 6 9 0.00021738038628773816
8 27.5 7 8 -0.012152976605139396
-1 0.0 0 0 -0.016749879680265665
-1 0.0 0 0 -0.0009909066473945706
3 0.4182816445827484 10 23 0.004007271183053285
1 10.00793743133545 11 14 0.04896751028966107
0 9.786672592163086 12 13 0.02947680380577404
-1 0.0 0 0 -0.020540695262069888
-1 0.0 0 0 0.0036307875021756478
4 0.9711211919784546 15 16 0.1844014224133474
-1 0.0 0 0 0.007817716856465437
6 0.3701053261756897 17 18 0.2993106781490405
-1 0.0 0 0 0.07973987020197369
6 0.7800288200378418 19 20 0.2235146745165432
-1 0.0 0 0 -0.002850321901962161
2 11.20669937133789 21 22 0.3667066594802732
-1 0.0 0 0 0.05929169556716594
-1 0.0 0 0 0.016937427344097894
-1 0.0 0 0 0.00021343727981915062
6 0.7167137265205383 25 28 0.039225962720500024
2 10.825899124145508 26 27 -0.050352718341882846
-1 0.0 0 0 0.015451541296514291
-1 0.0 0 0 -0.011593219952746517
-1 0.0 0 0 0.006630031877751338
nodes 29
0 11.841753959655762 1 28 0.0
7 0.024999999441206455 2 25 0.0003690804607947435
6 0.8782674074172974 3 8 0.01044771796784217
6 0.8765882849693298 4 5 0.00052555580850169
-1 0.0 0 0 0.00023237071441887356
1 10.345220565795898 6 7 -0.13401902159386425
-1 0.0 0 0 -0.048253598679666936
-1 0.0 0 0 -0.008686672630172004
2 10.468119621276855 9 10 0.025360003172709023
-1 0.0 0 0 -0.0029923699653315395
3 0.7112267017364502 11 18 0.03223535512924809
5 1.3088164329528809 12 13 0.08181267538493792
-1 0.0 0 0 0.0019171579762854996
2 11.15356159210205 14 15 0.11362443417733253
-1 0.0 0 0 0.007453500301487505
4 0.841955840587616 16 17 0.2040913107538121
-1 0.0 0 0 0.038574777264148
-1 0.0 0 0 0.015350343529142357
4 0.9433428049087524 19 20 0.017162834485333355
-1 0.0 0 0 -0.003829628564334081
5 1.3037110567092896 21 24 0.030752086455370312
3 0.7839289903640747 22 23 0.04391064943271244
-1 0.0 0 0 0.01815587330705336
-1 0.0 0 0 0.003555320652194971
-1 0.0 0 0 -0.003004907124288598
5 1.134772539138794 26 27 -0.003406013286753905
-1 0.0 0 0 0.002449287403425971
-1 0.0 0 0 -0.0005288611455006448
-1 0.0 0 0 -0.009377580677259672
nodes 29
4 0.7978934645652771 1 14 0.0
8 37.5 2 7 -0.01690644594313168
0 10.850889205932617 3 4 -0.05243933561114519
-1 0.0 0 0 -0.0013372677201283123
4 0.6951913833618164 5 6 -0.09175359960247821
-1 0.0 0 0 -0.024414584398542712
-1 0.0 0 0 -0.00680701832663161
0 11.013962745666504 8 13 0.0011644577812829036
6 0.8984114527702332 9 12 0.040235431701673895
1 10.00793743133545 10 11 0.06468723190031607
-1 0.0 0 0 0.002719469930084728
-1 0.0 0 0 0.01320454891370043
-1 0.0 0 0 -0.004991143068479885
-1 0.0 0 0 -0.0018412905892653637
8 34.5 15 24 0.0017565975764397576
4 0.9573061466217041 16 21 -0.0024473206813619927
8 28.5 17 20 -0.02183004438990787
3 0.5751239657402039 18 19 -0.07756682187204711
-1 0.0 0 0 -0.01872317466724858
-1 0.0 0 0 -0.00454990487091354
-1 0.0 0 0 -0.001330001076543086
6 0.7017697095870972 22 23 0.0029427081467329128
-1 0.0 0 0 0.00516181820295132
-1 0.0 0 0 9.727554133313552e-05
6 0.8374360799789429 25 26 0.01174199375696571
-1 0.0 0 0 -0.001025470446742585
3 0.5956739783287048 27 28 0.027006397304779113
-1 0.0 0 0 0.00824903718045626
-1 0.0 0 0 0.0019324957173166965
nodes 29
0 11.767064094543457 1 28 0.0
2 11.429935455322266 2 21 0.0004735392066235495
8 42.5 3 20 -0.0012005765867642401
4 0.7978934645652771 4 17 -0.0025593153158467385
0 11.013962745666504 5 10 -0.0276715638429731
6 0.9293844103813171 6 9 -0.0034515822396321673
5 1.731303334236145 7 8 0.013909182897261847
-1 0.0 0 0 0.004211752128455279
-1 0.0 0 0 -0.0037238883111248306
-1 0.0 0 0 -0.007456620294396999
6 0.9581352472305298 11 16 -0.054146811849233825
6 0.9466791152954102 12 15 -0.04715586841934387
5 1.1228727102279663 13 14 -0.05310337935982738
-1 0.0 0 0 -0.048302786850503515
-1 0.0 0 0 -0.004959174409259698
-1 0.0 0 0 0.01730719652625599
-1 0.0 0 0 -0.02440436629754282
4 1.1009514331817627 18 19 -0.0005891721828518854
-1 0.0 0 0 0.0002983460646721035
-1 0.0 0 0 -0.0013093932926488744
-1 0.0 0 0 0.002608172902451982
6 0.7249400615692139 22 23 0.024890559056720336
-1 0.0 0 0 -0.009663240826412928
5 1.922374963760376 24 25 0.03433012589989342
-1 0.0 0 0 0.003164497877666831
8 34.5 26 27 0.36285475416238916
-1 0.0 0 0 0.002694857865571976
-1 0.0 0 0 0.06549470806899278
-1 0.0 0 0 -0.005992155489928502
nodes 29
3 0.987449049949646 1 20 0.0
4 1.2283250093460083 2 3 -0.0013902487651229522
-1 0.0 0 0 3.642398343811288e-05
1 8.89754581451416 4 7 -0.057002677100554684
2 10.652092933654785 5 6 -0.16423060395960312
-1 0.0 0 0 -0.011846453140285646
-1 0.0 0 0 -0.053526269218751366
1 9.785041809082031 8 15 -0.045155570796803664
6 0.802415668964386 9 10 0.03224110003412988
-1 0.0 0 0 -0.016940594111647774
2 11.031172752380371 11 14 0.06300710079791744
6 0.8465283513069153 12 13 0.04444578212337767
-1 0.0 0 0 0.03054467575417625
-1 0.0 0 0 0.0019456327030128067
-1 0.0 0 0 0.03926305186388822
7 0.45499999821186066 16 17 -0.07402393047020957
-1 0.0 0 0 -0.006578433757852369
4 1.316321611404419 18 19 -0.32227981259563454
-1 0.0 0 0 -0.004901070952415466
-1 0.0 0 0 -0.05578566255882897
8 24.5 21 24 0.019466502912844
1 8.506738662719727 22 23 0.05547272238683583
-1 0.0 0 0 -0.02089984059772071
-1 0.0 0 0 0.006314073122513384
1 9.71190357208252 25 26 0.0038566209372930494
-1 0.0 0 0 -0.012875125305899399
6 0.9934342503547668 27 28 0.011339302086375035
-1 0.0 0 0 0.0013659673601732602
-1 0.0 0 0 -0.031384419170873507
nodes 29
8 16.5 1 2 0.0
-1 0.0 0 0 0.03243839049881155
7 0.48499999940395355 3 4 -7.9500590384996e-05
-1 0.0 0 0 3.646617374992782e-05
6 0.9041194319725037 5 8 -0.061836080110955885
3 0.3391939699649811 6 7 -0.24307331653851036
-1 0.0 0 0 0.00861356110227379
-1 0.0 0 0 -0.03422869659405304
6 0.9414140582084656 9 14 -0.03030212871788322
3 0.5259500741958618 10 11 0.1202737422614002
-1 0.0 0 0 -0.016622223580876987
5 1.3158890008926392 12 13 0.1853864645500752
-1 0.0 0 0 -0.002957488541655681
-1 0.0 0 0 0.0320732499714251
4 1.002589225769043 15 18 -0.0938263242872684
3 0.44808444380760193 16 17 -0.2892592557367276
-1 0.0 0 0 -0.009042282612659993
-1 0.0 0 0 -0.057646743184024546
2 11.199556350708008 19 28 -0.05326477247700329
2 10.180513381958008 20 23 -0.0951936354884284
4 1.1700520515441895 21 22 0.049994043656624854
-1 0.0 0 0 0.03384776454148514
-1 0.0 0 0 -0.007961453104634648
2 10.805537223815918 24 25 -0.17768663500266318
-1 0.0 0 0 -0.03059135465882719
0 10.80944538116455 26 27 -0.008967014495283365
-1 0.0 0 0 0.019687553204414322
-1 0.0 0 0 -0.02500968547271831
-1 0.0 0 0 0.02222677558837902
nodes 29
2 11.726810455322266 1 24 0.0
2 11.429935455322266 2 19 0.0003130762982615964
0 11.640289306640625 3 18 -0.001224784487770575
8 42.5 4 17 -0.0008407426649204975
4 0.8971639275550842 5 8 -0.002140074942720569
8 29.5 6 7 -0.013562229143350778
-1 0.0 0 0 -0.00883259143535997
-1 0.0 0 0 -0.0009301512299327684
4 1.1009514331817627 9 14 0.0012781889089865583
5 2.3751883506774902 10 11 0.005973588669414278
-1 0.0 0 0 0.0003789172443999792
1 10.00793743133545 12 13 0.045680275534212444
-1 0.0 0 0 0.002680806736982705
-1 0.0 0 0 0.019528410194077712
3 0.987449049949646 15 16 -0.011543698733572373
-1 0.0 0 0 -0.002409202518496999
-1 0.0 0 0 0.001410147662385054
-1 0.0 0 0 0.0026480715345077563
-1 0.0 0 0 -0.008864638157035799
6 0.7249400615692139 20 21 0.02175986077619555
-1 0.0 0 0 -0.008704005073533099
1 10.8753080368042 22 23 0.0309908902517928
-1 0.0 0 0 0.02823889955159342
-1 0.0 0 0 0.002836592377440572
6 0.8193905353546143 25 26 -0.07954627952403825
-1 0.0 0 0 -0.024936761074634488
3 0.7366848587989807 27 28 -0.024641638602540632
-1 0.0 0 0 0.02310897358801476
-1 0.0 0 0 -0.0073953069556601594
nodes 29
7 0.024999999441206455 1 28 0.0
6 0.8275148272514343 2 11 0.008020465105187887
5 1.2366782426834106 3 4 -0.006347140879516322
-1 0.0 0 0 0.007388689669375448
6 0.8207930326461792 5 6 -0.0114895330510112
-1 0.0 0 0 -0.0007753614661932583
4 0.950390636920929 7 8 -0.09965304445010327
-1 0.0 0 0 -0.019099132347370568
5 1.274544358253479 9 10 0.005358629636912646
-1 0.0 0 0 -0.025663357265293597
-1 0.0 0 0 0.00878758587045815
0 10.599729537963867 12 19 0.016935705031116667
3 0.9104517102241516 13 14 -0.015006646067562013
-1 0.0 0 0 -0.003651920464341393
6 0.9213231801986694 15 16 0.05584664318684933
-1 0.0 0 0 -0.002187435220640202
6 0.9768216609954834 17 18 0.15243816832578722
-1 0.0 0 0 0.019423487661751334
-1 0.0 0 0 -0.01819354980080216
1 10.37020492553711 20 27 0.022773341829844262
3 0.6899220943450928 21 26 0.09993434193606568
8 34.5 22 25 0.07885628947409554
6 0.8749106526374817 23 24 -0.016887829877335815
-1 0.0 0 0 -0.015953972617164257
-1 0.0 0 0 0.005552430022129705
-1 0.0 0 0 0.013151555511738279
-1 0.0 0 0 0.025072348647169836
-1 0.0 0 0 0.0016561392960533273
-1 0.0 0 0 -0.0003016693986825685
nodes 29
5 1.0981370210647583 1 8 0.0
0 11.690946578979492 2 5 0.03827893726810756
6 0.9885861277580261 3 4 0.047832334365995335
-1 0.0 0 0 0.0041326100076312785
-1 0.0 0 0 0.03273905302968718
6 0.9459041357040405 6 7 -0.24479237239321935
-1 0.0 0 0 0.0009440165236592294
-1 0.0 0 0 -0.05474501552858523
8 27.5 9 28 -0.0006102695455655315
4 1.0 10 13 -0.011262988725939985
7 0.4749999940395355 11 12 -0.05765480781288727
-1 0.0 0 0 -0.005158702196197692
-1 0.0 0 0 -0.029135649922219193
2 11.107854843139648 14 25 -0.0022372621926495325
6 0.676593005657196 15 18 -0.015714454460336157
7 0.11499999836087227 16 17 0.1426617405605217
-1 0.0 0 0 0.0045153080818208955
-1 0.0 0 0 0.03732774596336105
3 0.987449049949646 19 24 -0.019389961120918734
4 1.1465388536453247 20 23 -0.03066756469664986
3 0.5203787088394165 21 22 -0.007370735021083821
-1 0.0 0 0 0.011613393056538556
-1 0.0 0 0 -0.0016205736111061372
-1 0.0 0 0 -0.007078155920232709
-1 0.0 0 0 0.0012929942143935762
7 0.574999988079071 26 27 0.028805447547633086
-1 0.0 0 0 0.002617601218402924
-1 0.0 0 0 0.05342830933985257
-1 0.0 0 0 0.0001746942297500772
nodes 29
1 8.347590446472168 1 2 0.0
-1 0.0 0 0 -0.004374852108091994
4 0.59111487865448 3 8 0.0005211502619150729
0 10.948294639587402 4 5 -0.05950493407231759
-1 0.0 0 0 0.0018647765968637488
6 0.9082998037338257 6 7 -0.11229409293903131
-1 0.0 0 0 -0.007586634072407811
-1 0.0 0 0 -0.036961353411699864
5 2.2861592769622803 9 20 0.0009538210250852253
5 1.731303334236145 10 17 -0.00038916308361474543
6 0.7120770812034607 11 16 0.001494892801188514
0 11.690946578979492 12 15 0.03870383602171389
5 1.4651315212249756 13 14 0.04572138875846428
-1 0.0 0 0 0.009904369598015321
-1 0.0 0 0 0.002106539154732122
-1 0.0 0 0 -0.018555274056574412
-1 0.0 0 0 -4.044175572781481e-05
7 0.1850000023841858 18 19 -0.034653865296190266
-1 0.0 0 0 -0.0015998294505316308
-1 0.0 0 0 -0.009743375153852096
6 0.7073236107826233 21 24 0.02012965898368193
4 0.967086911201477 22 23 -0.02552603146297289
-1 0.0 0 0 -0.006097687472648709
-1 0.0 0 0 0.005996074609176116
2 10.180513381958008 25 26 0.03974813444712175
-1 0.0 0 0 -0.007206519365893484
1 10.142701148986816 27 28 0.054604231130875897
-1 0.0 0 0 0.004375067099062785
-1 0.0 0 0 0.019066578163428965
nodes 29
4 1.33632230758667 1 14 0.0
7 0.5649999976158142 2 11 0.000834909070940099
4 0.9331117868423462 3 10 0.001054398840734577
8 29.5 4 7 -0.0058385233632261835
5 1.2949825525283813 5 6 -0.0655832901648033
-1 0.0 0 0 -0.0004991532439975934
-1 0.0 0 0 -0.010299211449926194
7 0.4650000035762787 8 9 -0.0020660663495814325
-1 0.0 0 0 -0.00024259464663452005
-1 0.0 0 0 0.0479437171693214
-1 0.0 0 0 0.0004941698631147844
5 1.2790409326553345 12 13 -0.1528928935670504
-1 0.0 0 0 0.015173056135245134
-1 0.0 0 0 -0.02588488778868771
6 0.8223071694374084 15 22 -0.025786119195427917
8 23.5 16 19 -0.14450385977499305
4 1.4283719062805176 17 18 0.10486433464102447
-1 0.0 0 0 -0.015751652727619962
-1 0.0 0 0 0.02599075712284751
5 3.739147901535034 20 21 -0.21575191532242663
-1 0.0 0 0 -0.018265240115790882
-1 0.0 0 0 -0.05070276399701834
6 0.831329882144928 23 26 -0.010833664864135228
6 0.826185405254364 24 25 0.2909010235841076
-1 0.0 0 0 -0.002108898437158628
-1 0.0 0 0 0.06340900323353708
5 10.992009162902832 27 28 -0.01598732770058346
-1 0.0 0 0 -0.0012525452782692402
-1 0.0 0 0 -0.03399389305940041
nodes 29
8 16.5 1 2 0.0
-1 0.0 0 0 0.02900537708985873
4 1.33632230758667 3 4 -7.108692976999425e-05
-1 0.0 0 0 7.609599588168961e-05
6 0.8223071694374084 5 10 -0.02595203038484934
8 23.5 6 9 -0.13224199603780346
2 10.468119621276855 7 8 0.08767116673128761
-1 0.0 0 0 -0.019534626700693655
-1 0.0 0 0 0.02114912939917607
-1 0.0 0 0 -0.019417672351154748
6 0.831329882144928 11 14 -0.012505193473073519
6 0.826185405254364 12 13 0.2618109259222235
-1 0.0 0 0 -0.0018980081108483403
-1 0.0 0 0 0.057068103365600115
3 0.8826031684875488 15 20 -0.017227028315123714
0 10.631543159484863 16 19 -0.07601283161288766
2 11.006074905395508 17 18 -0.05509812304579843
-1 0.0 0 0 -0.008202982668714607
-1 0.0 0 0 0.023907894749815264
-1 0.0 0 0 -0.03620522281921962
8 28.5 21 24 -0.0021141401927207227
1 8.506738662719727 22 23 0.01603774895646563
-1 0.0 0 0 -0.019295785898254415
-1 0.0 0 0 0.002382807367398656
5 1.5169514417648315 25 26 -0.09170786828686987
-1 0.0 0 0 -0.018760917659440057
2 10.590038299560547 27 28 0.06943777272168578
-1 0.0 0 0 0.02219651449784829
-1 0.0 0 0 -0.006879015838603664
nodes 29
0 11.841753959655762 1 26 0.0
8 41.5 2 25 0.00027909004394427277
4 0.8516348600387573 3 4 -0.0010142042868651919
-1 0.0 0 0 -0.0017695589980347313
3 0.4182816445827484 5 18 0.001449799469822169
0 9.726631164550781 6 7 0.028251196797122183
-1 0.0 0 0 -0.010973062714044914
5 2.969810962677002 8 11 0.03677060631054978
4 0.9630327820777893 9 10 0.09215320275265508
-1 0.0 0 0 0.001486091090045827
-1 0.0 0 0 0.019835481934956965
1 10.165351867675781 12 17 0.016285097144995653
5 3.307297945022583 13 14 0.011764163267893988
-1 0.0 0 0 -0.008944937602119526
4 0.8558951616287231 15 16 0.028850906151226607
-1 0.0 0 0 0.044694985424090804
-1 0.0 0 0 0.0023996346521738287
-1 0.0 0 0 0.042551333402042035
5 1.5577582120895386 19 20 5.6824459058376385e-05
-1 0.0 0 0 0.0002650804667750296
6 0.6399130821228027 21 22 -0.02081821684619007
-1 0.0 0 0 0.00363591534902759
6 0.7990160584449768 23 24 -0.03200859392549528
-1 0.0 0 0 -0.009080155362162877
-1 0.0 0 0 -0.0017914703664746448
-1 0.0 0 0 0.001843544625463057
1 11.156022071838379 27 28 -0.07091106927195638
-1 0.0 0 0 -0.023794415961443025
-1 0.0 0 0 -0.0032364971500616264
nodes 29
4 0.531443178653717 1 2 0.0
-1 0.0 0 0 -0.006874779755300407
8 44.5 3 20 0.0002713475138579882
4 0.7678880095481873 4 9 -0.0004545835447326606
0 10.985394477844238 5 6 -0.023539869150397637
-1 0.0 0 0 0.0006639157352031628
2 10.684737205505371 7 8 -0.05177271006574214
-1 0.0 0 0 -0.01699005568234246
-1 0.0 0 0 -0.004165864182395381
5 2.2861592769622803 10 17 0.0007853932223426829
5 1.5577582120895386 11 14 -0.000667768092536047
6 0.7167137265205383 12 13 0.0021730294502589308
-1 0.0 0 0 0.005063705237059352
-1 0.0 0 0 4.219839051555016e-05
6 0.6399130821228027 15 16 -0.02458688143590835
-1 0.0 0 0 0.0026099080651917008
-1 0.0 0 0 -0.0036226330656916393
2 9.700697898864746 18 19 0.021282001328314377
-1 0.0 0 0 -0.01132083633532773
-1 0.0 0 0 0.0028448956121850527
6 0.5732239484786987 21 28 0.027846917861132497
7 0.07499999925494194 22 27 -0.10404576434521004
1 9.34049129486084 23 24 -0.1570619372277855
-1 0.0 0 0 0.009944278319091657
4 0.7521197199821472 25 26 -0.24256351070068619
-1 0.0 0 0 -0.011480852492848949
-1 0.0 0 0 -0.04545206461863762
-1 0.0 0 0 0.024055935939153037
-1 0.0 0 0 0.003907713678125628
nodes 29
6 0.885573148727417 1 6 0.0
7 0.4749999940395355 2 3 -0.0042802333933214
-1 0.0 0 0 -0.00039435059090429383
4 1.024147391319275 4 5 -0.24860542008121098
-1 0.0 0 0 0.0076999255943866005
-1 0.0 0 0 -0.041140775809374946
8 34.5 7 28 0.004451586513742533
4 0.9389910101890564 8 23 -0.0006104412056067006
6 0.9110857844352722 9 22 -0.029272861695188532
4 0.7331891655921936 10 11 0.008661725533915128
-1 0.0 0 0 -0.023580000906561815
8 30.5 12 17 0.01647928933190153
0 10.884984970092773 13 16 -0.05741980361284453
7 0.06499999947845936 14 15 0.03990143116668991
-1 0.0 0 0 0.02402304163230444
-1 0.0 0 0 -0.005266437576762561
-1 0.0 0 0 -0.014635127677345358
5 1.2716519832611084 18 21 0.047521103208407925
5 1.2571784257888794 19 20 -0.016931512050055882
-1 0.0 0 0 0.0006125871587455055
-1 0.0 0 0 -0.02674185433848338
-1 0.0 0 0 0.011040758015218009
-1 0.0 0 0 -0.004536726750671457
0 11.339226722717285 24 25 0.00462948941406091
-1 0.0 0 0 0.00010974442395196327
5 1.4039428234100342 26 27 0.04009802379877899
-1 0.0 0 0 0.003216113057518577
-1 0.0 0 0 0.019065288983081477
-1 0.0 0 0 0.002087620418080644
nodes 29
2 11.726810455322266 1 16 0.0
5 1.0981370210647583 2 7 0.0002704713187055934
1 10.414692878723145 3 4 0.03861546007606115
-1 0.0 0 0 0.020311405129046237
7 0.3449999988079071 5 6 0.028120930429024023
-1 0.0 0 0 0.002268488113144843
-1 0.0 0 0 0.03173640534708587
7 0.024999999441206455 8 15 -0.00033223463277966633
6 0.8782674074172974 9 12 0.007062167448922599
6 0.8765882849693298 10 11 -0.0006776976690960203
-1 0.0 0 0 9.517729819553474e-05
-1 0.0 0 0 -0.012306529641334798
2 10.468119621276855 13 14 0.019234638403802205
-1 0.0 0 0 -0.002916940719173369
-1 0.0 0 0 0.002544448334490623
-1 0.0 0 0 -0.00031074886449506637
6 0.8193905353546143 17 18 -0.06872123767640335
-1 0.0 0 0 -0.021628426137477768
5 1.1369380950927734 19 20 -0.021012891668658284
-1 0.0 0 0 -0.019024753800197827
5 1.1727869510650635 21 24 0.04299814036415185
5 1.1573526859283447 22 23 0.1903347660189689
-1 0.0 0 0 0.004174768973730112
-1 0.0 0 0 0.03850350728708095
5 1.2571784257888794 25 28 -0.03534752565864769
6 0.8454564809799194 26 27 -0.1550704940660473
-1 0.0 0 0 0.009514670384074138
-1 0.0 0 0 -0.02424479282557196
-1 0.0 0 0 0.0212858628356693
nodes 29
8 16.5 1 2 0.0
-1 0.0 0 0 0.026189280148934235
8 27.5 3 28 -6.418499007687348e-05
4 1.0 4 5 -0.00898952461706633
-1 0.0 0 0 -0.004681579458381606
0 11.142803192138672 6 25 -0.001588551687617168
3 0.47441962361335754 7 22 -0.009414951673520034
1 9.848450660705566 8 21 0.07802919648796418
1 9.579625129699707 9 18 0.10632590142696988
4 1.1798088550567627 10 17 0.05574670862555595
2 10.795280456542969 11 14 0.14258931243245118
7 0.38499999046325684 12 13 0.07824243771686831
-1 0.0 0 0 0.014854140419610865
-1 0.0 0 0 -0.018454179412219673
8 25.5 15 16 0.4150367181431106
-1 0.0 0 0 0.07543974377214908
-1 0.0 0 0 0.016365840734431036
-1 0.0 0 0 -0.0077773794727545465
6 0.8948063254356384 19 20 0.3876293572814089
-1 0.0 0 0 0.009222317018823045
-1 0.0 0 0 0.06912412717938424
-1 0.0 0 0 -0.018262698939249207
3 0.987449049949646 23 24 -0.013636502966705608
-1 0.0 0 0 -0.0025279620597947125
-1 0.0 0 0 0.0014479041564743162
3 0.6591936945915222 26 27 0.04136165861103112
-1 0.0 0 0 0.02875483989676771
-1 0.0 0 0 0.0035605709494071058
-1 0.0 0 0 0.0001915795208658279
nodes 29
0 11.690946578979492 1 28 0.0
2 11.429935455322266 2 11 0.0005074346640940447
8 39.5 3 8 -0.0007021995906349998
4 0.9519538879394531 4 7 -0.00235935585669334
8 28.5 5 6 -0.0116654522031657
-1 0.0 0 0 -0.005642373709780133
-1 0.0 0 0 -0.0008644320589066198
-1 0.0 0 0 0.00023748324981817366
4 0.9959256052970886 9 10 0.012648066162033407
-1 0.0 0 0 0.0017311801117158316
-1 0.0 0 0 -0.00926208025814655
6 0.7586787343025208 12 27 0.020149658305396393
1 11.289006233215332 13 26 -0.059972023516263795
3 0.5148114562034607 14 17 -0.04368222015551553
1 10.273221969604492 15 16 -0.22269055823033507
-1 0.0 0 0 0.0039667290076613425
-1 0.0 0 0 -0.03726093286914485
1 10.9443998336792 18 19 -0.01955119418954721
-1 0.0 0 0 0.029175948343523175
1 11.011653900146484 20 21 -0.03814897493076777
-1 0.0 0 0 -0.0334435240538032
3 0.5860188603401184 22 23 -0.015803362720164044
-1 0.0 0 0 0.02442762759272699
5 1.488929033279419 24 25 -0.03701831813853479
-1 0.0 0 0 0.0007251919124215678
-1 0.0 0 0 -0.02020830599325044
-1 0.0 0 0 -0.03393119848505766
-1 0.0 0 0 0.0028616258282237778
-1 0.0 0 0 -0.0031851614915054103
nodes 29
4 0.531443178653717 1 2 0.0
-1 0.0 0 0 -0.0062162504346102015
8 41.5 3 14 0.00024535548871799635
4 0.8516348600387573 4 13 -0.000795330029592552
2 10.076894760131836 5 6 -0.014471844175488026
-1 0.0 0 0 0.0026245217469544166
8 32.5 7 8 -0.020758002461005638
-1 0.0 0 0 -0.007753971557617777
4 0.6827524900436401 9 12 -0.012790234660318062
6 0.9384345412254333 10 11 -0.09034387393521445
-1 0.0 0 0 -0.006225078225686042
-1 0.0 0 0 -0.033500916327942505
-1 0.0 0 0 -0.0007328854814242014
-1 0.0 0 0 0.00012104285611934145
2 10.629295349121094 15 18 0.014998613518702695
0 10.880365371704102 16 17 0.061372068635243894
-1 0.0 0 0 0.0035582025123553304
-1 0.0 0 0 0.01820220423048769
6 0.8839806914329529 19 20 0.005657742233250563
-1 0.0 0 0 -0.0009073299318751002
5 1.4133251905441284 21 26 0.05381247858600764
3 0.5410680174827576 22 23 0.014088493165291736
-1 0.0 0 0 -0.029131145474619848
4 0.9959256052970886 24 25 0.02996658780228293
-1 0.0 0 0 0.004097614173990629
-1 0.0 0 0 -0.02280140409522967
0 11.664985656738281 27 28 0.2446079843188401
-1 0.0 0 0 0.028796211901654524
-1 0.0 0 0 -0.014124381449073554
nodes 29
5 1.134772539138794 1 26 0.0
0 11.690946578979492 2 23 0.014529722124352343
2 11.491875648498535 3 20 0.017780148842136606
1 10.188629150390625 4 11 0.012130623978818447
2 10.201553344726562 5 10 0.12106794526106586
8 32.5 6 9 0.06254101456324389
5 1.1170275211334229 7 8 -0.03121486010358614
-1 0.0 0 0 0.009587183926254511
-1 0.0 0 0 -0.02127672877694879
-1 0.0 0 0 0.01780373819064403
-1 0.0 0 0 0.030133089181035758
6 0.8870905637741089 12 17 0.007605432868743415
2 11.357067108154297 13 16 0.11655193160702258
2 11.020791053771973 14 15 0.17744878131349612
-1 0.0 0 0 0.005481183144729585
-1 0.0 0 0 0.02835131703869666
-1 0.0 0 0 -0.013061763484866413
0 10.319266319274902 18 19 0.0036512657906712454
-1 0.0 0 0 -0.022465622793242802
-1 0.0 0 0 0.0005203388118935358
8 27.5 21 22 0.09283812202622074
-1 0.0 0 0 -0.006450594437161558
-1 0.0 0 0 0.013153763350271123
6 0.9459041357040405 24 25 -0.11888331479962859
-1 0.0 0 0 -0.004800679705262479
-1 0.0 0 0 -0.03358084145707615
6 0.9651052951812744 27 28 -0.0009727459705397577
-1 0.0 0 0 1.6401965293601156e-05
-1 0.0 0 0 -0.001749582422337558
nodes 29
8 16.5 1 2 0.0
-1 0.0 0 0 0.02361084044572305
4 1.33632230758667 3 10 -5.7865823122124045e-05
7 0.5649999976158142 4 5 0.0006346051419940812
-1 0.0 0 0 8.101038531483157e-05
5 1.2790409326553345 6 7 -0.12328032630200429
-1 0.0 0 0 0.013740884553408252
7 0.6050000190734863 8 9 -0.2149512438707381
-1 0.0 0 0 -0.035493268350967104
-1 0.0 0 0 -0.007801287900656462
6 0.8223071694374084 11 24 -0.021597279212305375
8 23.5 12 15 -0.11584859389432106
4 1.4283719062805176 13 14 0.08272486822544664
-1 0.0 0 0 -0.014948528919082422
-1 0.0 0 0 0.022313100991900578
7 0.07499999925494194 16 19 -0.17177336485866382
8 26.5 17 18 -0.08049965317871782
-1 0.0 0 0 -0.026645354947282207
-1 0.0 0 0 -0.0004427604694766077
2 10.899513244628906 20 23 -0.2653100611257159
5 1.6821610927581787 21 22 -0.15863661881445384
-1 0.0 0 0 0.0012689704173489622
-1 0.0 0 0 -0.03066002613949505
-1 0.0 0 0 -0.04895978116263182
6 0.831329882144928 25 28 -0.009673462608698231
6 0.826185405254364 26 27 0.2368361744586201
-1 0.0 0 0 -0.0014865268783813175
-1 0.0 0 0 0.05137077620252967
-1 0.0 0 0 -0.001391666127952912
nodes 29
0 11.621062278747559 1 28 0.0
2 11.429935455322266 2 3 0.0006181729984761905
-1 0.0 0 0 -5.96297214985897e-05
6 0.676593005657196 4 11 0.023901830971746217
4 0.953162431716919 5 8 -0.11488322371204618
8 38.5 6 7 0.08447253513667319
-1 0.0 0 0 0.03480199184268713
-1 0.0 0 0 -0.021672447433783895
4 0.9778675436973572 9 10 -0.2191972835747482
-1 0.0 0 0 -0.06582784674440821
-1 0.0 0 0 -0.007734028570927107
3 0.5507518649101257 12 13 0.028232665217476756
-1 0.0 0 0 0.026132276811533506
3 0.8891963362693787 14 25 0.02570700795034369
1 11.029698371887207 15 16 0.01065076947868958
-1 0.0 0 0 -0.01739292099789184
3 0.6807659268379211 17 20 0.014376969496579286
6 0.7974268794059753 18 19 0.12526989832426946
-1 0.0 0 0 0.002718581836712589
-1 0.0 0 0 0.021753543116531132
6 0.9685092568397522 21 24 0.00439878454508968
2 11.597707748413086 22 23 0.00938167300657228
-1 0.0 0 0 0.0015839676156858635
-1 0.0 0 0 -0.011831312878018231
-1 0.0 0 0 -0.016433683568484164
8 35.5 26 27 0.05791347422001953
-1 0.0 0 0 0.00449944499820665
-1 0.0 0 0 0.023703792264287392
-1 0.0 0 0 -0.002190801092948785
nodes 29
4 0.6273226737976074 1 12 0.0
1 10.470731735229492 2 9 -0.03316485326163184
7 0.1249999962747097 3 4 -0.011071055668977973
-1 0.0 0 0 0.0020130429774353124
6 1.0046099424362183 5 8 -0.08847474071108781
0 10.72744369506836 6 7 -0.1165916481043799
-1 0.0 0 0 -0.0031282176336281373
-1 0.0 0 0 -0.022443569732065544
-1 0.0 0 0 0.024892814800841736
0 11.385478019714355 10 11 -0.1647101612968407
-1 0.0 0 0 -0.04938511449311461
-1 0.0 0 0 -0.011194710285164673
8 44.5 13 14 0.0003950732588595109
-1 0.0 0 0 -2.226294376617937e-05
6 0.7167137265205383 15 20 0.026422668552144663
2 10.825899124145508 16 17 -0.04808940547072586
-1 0.0 0 0 0.013365786916929884
3 0.5891738533973694 18 19 -0.10231234928598185
-1 0.0 0 0 -0.012005313248264642
-1 0.0 0 0 0.020105504337698223
5 1.2949825525283813 21 22 0.048489886441715646
-1 0.0 0 0 0.001321275657372756
2 10.773210525512695 23 24 0.08026042735276599
-1 0.0 0 0 -0.002015795895382397
0 11.049110412597656 25 26 0.11272532561987272
-1 0.0 0 0 0.04637325881765439
4 0.8623024225234985 27 28 0.0976407159893381
-1 0.0 0 0 0.01275759555026339
-1 0.0 0 0 -0.005913352805967491
nodes 29
6 0.9123948812484741 1 6 0.0
7 0.4749999940395355 2 3 -0.0026260171019029683
-1 0.0 0 0 -0.00022825383341826462
2 11.11817741394043 4 5 -0.14552780059133227
-1 0.0 0 0 -0.008798750359872895
-1 0.0 0 0 -0.049364659739658236
4 0.7941758036613464 7 8 0.004983627063064654
-1 0.0 0 0 -0.00483439337982069
8 34.5 9 16 0.007620654628092816
4 0.9389910101890564 10 11 0.002921379623702897
-1 0.0 0 0 -0.0034437728211948876
4 0.9931036233901978 12 15 0.008371049707531483
7 0.11499999836087227 13 14 0.03782038061391725
-1 0.0 0 0 0.006720832642304767
-1 0.0 0 0 -5.804709429787522e-05
-1 0.0 0 0 0.0003521275134186606
6 0.9321296215057373 17 18 0.029577689807105848
-1 0.0 0 0 0.00013652582440714558
1 9.633645057678223 19 20 0.05132977212144267
-1 0.0 0 0 0.016870623718256057
0 11.045000076293945 21 24 0.041785916794545304
0 11.013962745666504 22 23 0.002087407445223322
-1 0.0 0 0 0.002010572215439237
-1 0.0 0 0 -0.02248521259170957
3 0.6826562881469727 25 28 0.06772034443516076
2 10.960113525390625 26 27 0.17179313927557593
-1 0.0 0 0 0.0568746501877904
-1 0.0 0 0 0.013544209874422723
-1 0.0 0 0 0.004467896786573749
nodes 29
3 0.987449049949646 1 18 0.0
4 1.1465388536453247 2 11 -0.0009499007558653977
4 1.1433991193771362 3 4 0.001055989713166442
-1 0.0 0 0 6.972296695767915e-05
0 10.319266319274902 5 6 0.09727993352989299
-1 0.0 0 0 -0.01437315238720697
7 0.014999999664723873 7 8 0.14328212041989416
-1 0.0 0 0 0.040535108961405296
6 0.9327982068061829 9 10 0.10459574877694693
-1 0.0 0 0 0.0019928730678848774
-1 0.0 0 0 0.03264817272409283
6 0.7017697095870972 12 17 -0.024651249769365332
4 1.3883047103881836 13 16 0.06788466027081941
8 25.5 14 15 0.1072682369052585
-1 0.0 0 0 0.03035621912095626
-1 0.0 0 0 0.006280849511838622
-1 0.0 0 0 -0.02645590601434164
-1 0.0 0 0 -0.002942835287694
8 24.5 19 22 0.013300674056260163
1 8.506738662719727 20 21 0.04386479544977674
-1 0.0 0 0 -0.016452890429097942
-1 0.0 0 0 0.004990690954118014
1 9.71190357208252 23 26 5.012082937034126e-05
2 9.910612106323242 24 25 -0.11158422314856335
-1 0.0 0 0 -0.0008286792438593695
-1 0.0 0 0 -0.023193074436406197
6 0.9934342503547668 27 28 0.006349325967801316
-1 0.0 0 0 0.0008418877683776914
-1 0.0 0 0 -0.028368356451392174
nodes 29
8 27.5 1 28 0.0
1 10.690261840820312 2 23 -0.00752024382370787
2 11.229142189025879 3 20 -0.02075753498505357
7 0.14500000327825546 4 11 -0.02293274197904168
4 1.195931315422058 5 6 -0.04155146985563846
-1 0.0 0 0 -0.0058941681664991625
3 0.6365046501159668 7 10 -0.00500313766096468
4 1.2854093313217163 8 9 0.16041740825554976
-1 0.0 0 0 0.03967881722582711
-1 0.0 0 0 -0.004814503057038084
-1 0.0 0 0 -0.0016273806509783267
6 0.7017697095870972 12 13 -0.0027815196910857833
-1 0.0 0 0 0.025091267150210247
0 11.142803192138672 14 19 -0.007027697808652111
0 10.566844940185547 15 18 -0.004916649588777429
5 1.1801190376281738 16 17 0.013783445885345181
-1 0.0 0 0 0.017451042989513985
-1 0.0 0 0 0.00045748135560995016
-1 0.0 0 0 -0.004193412863247109
-1 0.0 0 0 -0.045266997702419765
6 0.900542676448822 21 22 0.20123716970820996
-1 0.0 0 0 -0.009727134450804443
-1 0.0 0 0 0.03718134635460696
6 0.9853532314300537 24 25 0.009035954430635554
-1 0.0 0 0 0.0012073988520898919
2 10.963878631591797 26 27 -0.14415853054647446
-1 0.0 0 0 -0.05507996614006433
-1 0.0 0 0 -0.006898117862385502
-1 0.0 0 0 0.00016705284979297178
nodes 29
2 11.726810455322266 1 10 0.0
5 1.0981370210647583 2 9 0.00021778067541844905
1 10.414692878723145 3 6 0.03081677862703955
4 1.0 4 5 0.17483881570353924
-1 0.0 0 0 0.03123915323189327
-1 0.0 0 0 0.00339311547804533
7 0.3449999988079071 7 8 0.021628593325464244
-1 0.0 0 0 0.0016741176370993337
-1 0.0 0 0 0.028167990377793713
-1 0.0 0 0 -2.6317391011105176e-05
6 0.8193905353546143 11 14 -0.055333610621429136
6 0.7974268794059753 12 13 -0.1886033597510568
-1 0.0 0 0 -0.01090734638273716
-1 0.0 0 0 -0.041996305698359555
3 0.7366848587989807 15 16 -0.012246398496812671
-1 0.0 0 0 0.02055691877423331
7 0.004999999888241291 17 18 -0.054246713332163646
-1 0.0 0 0 0.022540148093619133
5 1.1228727102279663 19 20 -0.08485497340133683
-1 0.0 0 0 -0.026045906032495042
5 1.1727869510650635 21 26 -0.03126151830127293
7 0.08500000089406967 22 25 0.10227714549802558
7 0.024999999441206455 23 24 0.24410353339415916
-1 0.0 0 0 0.004868865497410298
-1 0.0 0 0 0.03888552951867934
-1 0.0 0 0 -0.0175466197465236
8 33.5 27 28 -0.1454933873344078
-1 0.0 0 0 -0.0019663285339872045
-1 0.0 0 0 -0.029450271864372653
nodes 29
6 0.885573148727417 1 28 0.0
4 1.2623183727264404 2 25 -0.003272844150448161
0 10.708891868591309 3 24 -0.001831036493515823
6 0.7073236107826233 4 7 0.014697099465967374
2 10.745529174804688 5 6 0.07126609758122275
-1 0.0 0 0 0.006211233560635043
-1 0.0 0 0 0.028676737526084406
5 1.3489556312561035 8 11 0.004642857503172507
6 0.8134996294975281 9 10 0.027584518503141343
-1 0.0 0 0 0.007468124089893506
-1 0.0 0 0 0.0009280471091926287
0 10.575512886047363 12 13 -0.012836267000047695
-1 0.0 0 0 0.00027045919969575686
8 30.5 14 21 -0.055814082271896125
3 0.5792075991630554 15 16 -0.1254294921910124
-1 0.0 0 0 -0.02783877626275046
7 0.14500000327825546 17 18 -0.06502205930123835
-1 0.0 0 0 -0.0128677250999026
3 0.7165589332580566 19 20 0.10249160306136075
-1 0.0 0 0 0.02732017706994983
-1 0.0 0 0 -0.013223487744107844
6 0.8714892864227295 22 23 -0.02402056765877658
-1 0.0 0 0 -0.004580533019507275
-1 0.0 0 0 0.01582452788949013
-1 0.0 0 0 -0.0006395624022838026
6 0.8839806914329529 26 27 -0.04775918228062631
-1 0.0 0 0 -0.003913520963302357
-1 0.0 0 0 -0.03833754511498329
-1 0.0 0 0 0.00034038680143027374
nodes 29
7 0.024999999441206455 1 2 0.0
-1 0.0 0 0 0.000549618043682011
6 0.3701053261756897 3 28 -0.0020672485539886313
5 2.969810962677002 4 5 0.06666446379571689
-1 0.0 0 0 0.029578286666675647
2 11.346918106079102 6 27 0.027138189616210062
1 8.89754581451416 7 12 0.004655086738276398
2 10.84460735321045 8 11 0.15431050988971381
2 10.590038299560547 9 10 0.00031045480978255177
-1 0.0 0 0 0.020670391798571306
-1 0.0 0 0 -0.023188219126313928
-1 0.0 0 0 0.04957888928930397
0 11.370105743408203 13 26 -0.04054695943807613
0 11.239461898803711 14 25 -0.009980501136083376
8 38.5 15 24 -0.0590140569702323
0 10.708891868591309 16 17 -0.0017863177572185478
-1 0.0 0 0 0.02594173761360623
3 0.2608897089958191 18 23 -0.06365035052141665
2 11.017284393310547 19 22 0.05216669142246246
2 10.768464088439941 20 21 -0.06556182695103102
-1 0.0 0 0 0.01768514739260787
-1 0.0 0 0 -0.02031477544758771
-1 0.0 0 0 0.036254187622530895
-1 0.0 0 0 -0.033616103744819104
-1 0.0 0 0 -0.029634085782420112
-1 0.0 0 0 0.018503932320428167
-1 0.0 0 0 -0.02980105889817843
-1 0.0 0 0 0.033896905127102916
-1 0.0 0 0 -0.00024922773399157805
nodes 29
1 8.347590446472168 1 28 0.0
6 0.9885861277580261 2 25 -0.0304388459924825
3 0.7317372560501099 3 22 -0.05328502622110929
6 0.7559912204742432 4 7 -0.04064575112190141
2 10.371270179748535 5 6 -0.12197612990117208
-1 0.0 0 0 -0.003033979341077308
-1 0.0 0 0 -0.026295510911717057
2 10.830638885498047 8 21 -0.013895892320745942
2 10.538687705993652 9 20 -0.03410966354786851
2 9.822331428527832 10 11 -0.016284540536993148
-1 0.0 0 0 -0.006200133619083014
7 0.3449999988079071 12 19 0.08989640420740246
4 0.8643890619277954 13 14 0.13756603715492088
-1 0.0 0 0 -0.004355195146409744
7 0.1550000011920929 15 18 0.23233707771138395
8 30.5 16 17 0.1016241534355473
-1 0.0 0 0 -0.013050473379817877
-1 0.0 0 0 0.030589757420122623
-1 0.0 0 0 0.038986290953098204
-1 0.0 0 0 -0.017030034229780236
-1 0.0 0 0 -0.024759660193393398
-1 0.0 0 0 0.024245147915049035
6 0.9274286031723022 23 24 -0.1937214162123079
-1 0.0 0 0 0.008043085131794215
-1 0.0 0 0 -0.029916459603163487
8 22.5 26 27 0.07724693324731512
-1 0.0 0 0 -0.012886965235300136
-1 0.0 0 0 0.012199592880527858
-1 0.0 0 0 3.6259992941174e-05
nodes 29
8 16.5 1 2 0.0
-1 0.0 0 0 0.02162180297203701
6 0.9651052951812744 3 4 -5.2991039897225024e-05
-1 0.0 0 0 8.931143716706795e-05
2 9.985113143920898 5 6 -0.012532130391972146
-1 0.0 0 0 0.0046702387659409185
4 1.0136247873306274 7 24 -0.02509634029480394
5 1.2268543243408203 8 11 -0.06494351919737004
0 10.548100471496582 9 10 -0.013190386523390033
-1 0.0 0 0 0.016078622426151195
-1 0.0 0 0 -0.0035078494495031395
5 2.2861592769622803 12 17 -0.11419979020725454
7 0.42499999701976776 13 16 -0.13910360642429917
1 11.011653900146484 14 15 -0.12337572183574555
-1 0.0 0 0 -0.014410430279946299
-1 0.0 0 0 0.010332256838649748
-1 0.0 0 0 -0.052063164547566446
8 29.5 18 19 0.03696058264503963
-1 0.0 0 0 -0.020521169511432
1 9.25023365020752 20 23 0.16232034995576697
7 0.17500000447034836 21 22 -0.015662931194528936
-1 0.0 0 0 -0.02969474697231569
-1 0.0 0 0 0.02053463490779645
-1 0.0 0 0 0.04165821801704754
0 9.484861373901367 25 26 -0.004471746387689175
-1 0.0 0 0 -0.026420506779287086
6 1.0 27 28 -0.0005619472756277035
-1 0.0 0 0 0.00044374872648729696
-1 0.0 0 0 -0.021843204198797286
nodes 29
4 0.531443178653717 1 2 0.0
-1 0.0 0 0 -0.00525158589462441
8 41.5 3 8 0.00020728014818422266
4 0.8707928657531738 4 7 -0.0007062266145616244
0 10.283737182617188 5 6 -0.011052683912369864
-1 0.0 0 0 0.0023839333332496956
-1 0.0 0 0 -0.001521230501582052
-1 0.0 0 0 0.00012781063466032303
7 0.2549999952316284 9 28 0.013157591020967788
0 11.184657096862793 10 11 0.01190962797806545
-1 0.0 0 0 0.0035650854473151666
1 8.737773895263672 12 13 -0.0030820525658022215
-1 0.0 0 0 0.03681830200008475
1 9.09817886352539 14 15 -0.005784429913711766
-1 0.0 0 0 -0.039464298019121435
5 1.1801190376281738 16 21 -0.0026015628637406753
2 11.542057037353516 17 20 -0.08320767132551479
5 1.1028879880905151 18 19 -0.11795497364196253
-1 0.0 0 0 0.016535375879790922
-1 0.0 0 0 -0.014202695744404316
-1 0.0 0 0 0.008159381966106594
6 0.9048411250114441 22 23 0.007714787216371771
-1 0.0 0 0 -0.00038836588746459134
2 10.936956405639648 24 25 0.10821086165423577
-1 0.0 0 0 -0.023285243137861077
0 11.690946578979492 26 27 0.13418588066004858
-1 0.0 0 0 0.017363266605869454
-1 0.0 0 0 -0.010341219883412123
-1 0.0 0 0 0.03316594632747381
nodes 29
3 0.987449049949646 1 22 0.0
4 1.1465388536453247 2 7 -0.0008625801253380246
4 1.1433991193771362 3 4 0.0009527955327158105
-1 0.0 0 0 6.287134489378762e-05
0 10.319266319274902 5 6 0.08787567554307836
-1 0.0 0 0 -0.013027081314636313
-1 0.0 0 0 0.012951359454604228
6 0.7017697095870972 8 13 -0.02231283013969366
0 10.167888641357422 9 12 0.055149469348729656
2 10.132136344909668 10 11 -0.14985824450559448
-1 0.0 0 0 0.014351553134620191
-1 0.0 0 0 -0.028320996080186556
-1 0.0 0 0 0.010620197396614892
7 0.0950000025331974 14 15 -0.02631176840533919
-1 0.0 0 0 -0.004681642736768739
7 0.1550000011920929 16 21 -0.009590742863196562
3 0.5673822164535522 17 20 0.03738588178224598
7 0.13499999791383743 18 19 0.2588603310286999
-1 0.0 0 0 0.041733896144880704
-1 0.0 0 0 -0.003545712546578476
-1 0.0 0 0 0.0017915600529810475
-1 0.0 0 0 -0.0028690068694403183
8 30.5 23 24 0.012077994995898608
-1 0.0 0 0 0.0020333603269615317
6 0.9165161848068237 25 28 -0.03487289451607685
8 35.5 26 27 -0.08966010531660756
-1 0.0 0 0 -0.011543446443546393
-1 0.0 0 0 0.020947866869921034
-1 0.0 0 0 0.0012708482713611616
nodes 29
8 27.5 1 28 0.0
4 1.0 2 3 -0.00683544660631624
-1 0.0 0 0 -0.0037711402273541183
3 0.47441962361335754 4 9 -0.0008040854575219141
7 0.5249999761581421 5 6 0.07627679479192011
-1 0.0 0 0 0.009782715929017544
7 0.6050000190734863 7 8 -0.1912630961742252
-1 0.0 0 0 -0.04727284088176453
-1 0.0 0 0 0.010427548210136592
1 10.690261840820312 10 27 -0.0040395646712281736
2 11.229142189025879 11 26 -0.01952474263951712
2 11.013649940490723 12 23 -0.02156357372995948
3 0.987449049949646 13 22 -0.017334047624339165
6 0.8164330124855042 14 21 -0.03127157207184231
4 1.2854093313217163 15 18 0.03856821765973202
7 0.1249999962747097 16 17 0.06577431032933787
-1 0.0 0 0 0.0023328962990013954
-1 0.0 0 0 0.019197087993551572
2 10.81093978881836 19 20 -0.16027137320948603
-1 0.0 0 0 -0.02914578806700521
-1 0.0 0 0 0.023984747454524044
-1 0.0 0 0 -0.004259739821385424
-1 0.0 0 0 0.002172503454318416
8 21.5 24 25 -0.11602780183637355
-1 0.0 0 0 0.01720852877530787
-1 0.0 0 0 -0.016830638664091128
-1 0.0 0 0 0.02485423374634523
-1 0.0 0 0 0.0013127701344790906
-1 0.0 0 0 0.0001518409223246324
nodes 29
7 0.6449999809265137 1 26 0.0
8 17.5 2 5 8.064189542695202e-05
2 10.86832046508789 3 4 0.18181813084520398
-1 0.0 0 0 0.0028812215197831395
-1 0.0 0 0 0.037655293257822374
4 1.2623183727264404 6 7 -2.0681385136470432e-05
-1 0.0 0 0 7.147522458568661e-05
8 24.5 8 9 -0.013938693409496258
-1 0.0 0 0 0.0019470163255505284
6 0.9089269042015076 10 25 -0.03321843655149259
5 1.3178411722183228 11 16 -0.06329726879997413
5 1.2949825525283813 12 13 0.033932824347554146
-1 0.0 0 0 -0.005990427606351053
0 10.59182357788086 14 15 0.15933331307870421
-1 0.0 0 0 0.03738426046445966
-1 0.0 0 0 0.003675657504105142
2 10.444124221801758 17 18 -0.08539110959477057
-1 0.0 0 0 -1.2989683798741829e-05
7 0.2849999964237213 19 20 -0.11715711968740701
-1 0.0 0 0 -0.009816437411180544
2 10.789813995361328 21 22 -0.3040857208788542
-1 0.0 0 0 -0.058616103530429044
0 10.631543159484863 23 24 -0.13954178746401644
-1 0.0 0 0 0.013662369567900895
-1 0.0 0 0 -0.04397216604455658
-1 0.0 0 0 -0.00047399787336942396
1 9.377124786376953 27 28 -0.12921691211938327
-1 0.0 0 0 -0.02737735194553222
-1 0.0 0 0 0.01117107667738483
nodes 29
4 0.6951913833618164 1 28 0.0
1 10.888557434082031 2 25 -0.019105117788026392
8 46.5 3 22 -0.009789175441417412
2 10.048150062561035 4 5 -0.028198657695104396
-1 0.0 0 0 0.0020243287585567714
6 0.9342363476753235 6 19 -0.04742919597256366
8 37.5 7 14 -0.030735967647951938
6 0.872336745262146 8 13 -0.11414635481904387
3 0.406038761138916 9 10 -0.04440110164922567
-1 0.0 0 0 -0.016713383824700553
7 0.06499999947845936 11 12 0.14393016657840205
-1 0.0 0 0 -0.009530893558313928
-1 0.0 0 0 0.033831193708465435
-1 0.0 0 0 -0.025084705103188755
0 10.527472496032715 15 16 -0.011821661261861632
-1 0.0 0 0 -0.033279206663997765
6 0.915815532207489 17 18 -0.004099569919082691
-1 0.0 0 0 -0.0016302735187682937
-1 0.0 0 0 0.023191483921193065
5 1.4482566118240356 20 21 -0.2091111896649724
-1 0.0 0 0 -0.039118406855397754
-1 0.0 0 0 -0.010539879029781759
4 0.6273226737976074 23 24 0.05975358303118383
-1 0.0 0 0 0.00027801825862251603
-1 0.0 0 0 0.014594411190945464
2 11.210143089294434 26 27 -0.1949810938639266
-1 0.0 0 0 -0.047408439248101786
-1 0.0 0 0 -0.009790168564928614
-1 0.0 0 0 5.393093925218194e-05
nodes 29
1 8.347590446472168 1 22 0.0
6 0.9885861277580261 2 19 -0.029280222709292446
2 10.538687705993652 3 10 -0.04925054053889712
2 9.822331428527832 4 5 -0.03125239348745664
-1 0.0 0 0 -0.0077298983040952176
4 0.9419291615486145 6 7 0.06461184252262243
-1 0.0 0 0 -0.001794227665128905
6 0.9377174377441406 8 9 0.16446301523773443
-1 0.0 0 0 0.024567887718478842
-1 0.0 0 0 -0.0038576639629900457
8 31.5 11 12 -0.13121662424450184
-1 0.0 0 0 -0.03916485467331207
6 0.7530470490455627 13 16 -0.019941166453910145
6 0.3701053261756897 14 15 -0.22472455113893375
-1 0.0 0 0 -0.0013648901270547262
-1 0.0 0 0 -0.038303128854022366
4 0.8084064722061157 17 18 0.19242678803426247
-1 0.0 0 0 -0.004628279002813192
-1 0.0 0 0 0.0414085681949343
8 22.5 20 21 0.06485014024970902
-1 0.0 0 0 -0.011775714379142632
-1 0.0 0 0 0.010449514270600814
5 2.2861592769622803 23 24 0.0003487980974121114
-1 0.0 0 0 -6.260779275822874e-05
6 0.7073236107826233 25 26 0.013924254212666324
-1 0.0 0 0 -0.0025691359102196836
2 10.180513381958008 27 28 0.03138930525962127
-1 0.0 0 0 -0.005662647736838855
-1 0.0 0 0 0.004399782829056642
nodes 29
2 11.726810455322266 1 4 0.0
2 11.429935455322266 2 3 0.0001983624867209326
-1 0.0 0 0 -6.936314571199411e-05
-1 0.0 0 0 0.0012637981236956327
6 0.8193905353546143 5 8 -0.05039986072535447
6 0.7974268794059753 6 7 -0.16941849343738583
-1 0.0 0 0 -0.009782579912280199
-1 0.0 0 0 -0.03776881496252662
3 0.7366848587989807 9 12 -0.011920152404923272
4 0.8601441383361816 10 11 0.18467695846460586
-1 0.0 0 0 0.0025267592428818994
-1 0.0 0 0 0.03679977294057608
7 0.004999999888241291 13 14 -0.04982901234837508
-1 0.0 0 0 0.020078638314523483
5 1.1228727102279663 15 18 -0.07725955314867068
8 32.5 16 17 -0.23481309770586642
-1 0.0 0 0 -0.008779387439911563
-1 0.0 0 0 -0.0388224461156389
5 1.1727869510650635 19 24 -0.029175029809786274
7 0.08500000089406967 20 23 0.09038746342043275
3 0.8739150166511536 21 22 0.21789160775060348
-1 0.0 0 0 0.03560816552489996
-1 0.0 0 0 0.004679916799068451
-1 0.0 0 0 -0.015930815255948496
8 33.5 25 28 -0.13145137944045554
4 1.052852749824524 26 27 -0.018153140486942398
-1 0.0 0 0 -0.01732324828238537
-1 0.0 0 0 0.01590803936123848
-1 0.0 0 0 -0.026562034662224746
nodes 29
0 11.621062278747559 1 14 0.0
0 11.605359077453613 2 3 0.000523740878563672
-1 0.0 0 0 2.0570185509617506e-05
8 46.5 4 13 0.07910467823372032
6 0.9459041357040405 5 12 0.09757277946035568
6 0.9321296215057373 6 11 0.11702833752790982
3 0.7985771894454956 7 10 0.09622488733332016
7 0.004999999888241291 8 9 0.1359750210846206
-1 0.0 0 0 0.03989351324648974
-1 0.0 0 0 0.008708294007421739
-1 0.0 0 0 -0.00952247364484534
-1 0.0 0 0 0.038652757868509406
-1 0.0 0 0 -0.014134147360920907
-1 0.0 0 0 -0.022746580212842676
5 4.727694034576416 15 28 -0.01856134296152156
6 0.7291264533996582 16 23 -0.021548796468722046
8 36.5 17 18 -0.08883656820242283
-1 0.0 0 0 0.006120534297224367
3 0.6105683445930481 19 22 -0.12001410818676912
5 1.3980740308761597 20 21 -0.0912981691018662
-1 0.0 0 0 0.019093725588172676
-1 0.0 0 0 -0.011259895589308075
-1 0.0 0 0 -0.04758420490214359
4 0.59111487865448 24 25 -0.009391899390073823
-1 0.0 0 0 -0.024211800600063393
8 49.5 26 27 -0.004310038997585164
-1 0.0 0 0 -0.0009521729696485957
-1 0.0 0 0 0.017471610816816488
-1 0.0 0 0 0.020151439873558104
nodes 29
6 0.885573148727417 1 6 0.0
7 0.4749999940395355 2 3 -0.0030063077724403245
-1 0.0 0 0 -0.00027371601349982975
4 1.024147391319275 4 5 -0.1982964157525982
-1 0.0 0 0 0.00998053038049312
-1 0.0 0 0 -0.034734727553136294
8 37.5 7 10 0.0031266612499065835
4 0.8013721704483032 8 9 0.0006620785016944879
-1 0.0 0 0 -0.0053770925290744
-1 0.0 0 0 0.00024711517444269337
5 1.280613660812378 11 12 0.02306936635483619
-1 0.0 0 0 -0.0002379473659785934
0 11.132060050964355 13 16 0.059435797043066896
6 0.8962442874908447 14 15 0.026541810153790528
-1 0.0 0 0 0.015068439808022714
-1 0.0 0 0 -9.662489389790058e-05
7 0.11499999836087227 17 20 0.09710985737696362
0 11.721125602722168 18 19 0.1307590390625377
-1 0.0 0 0 0.015274082838435083
-1 0.0 0 0 -0.01851097161922118
7 0.24499999731779099 21 28 -0.01005217618925648
1 9.785041809082031 22 23 -0.07000569317060772
-1 0.0 0 0 -0.052502962317140335
2 11.136178970336914 24 25 -0.013796854758744731
-1 0.0 0 0 0.016913055500481278
6 0.9406429529190063 26 27 -0.14819250274829718
-1 0.0 0 0 -0.0031974344690506524
-1 0.0 0 0 -0.05065318234264851
-1 0.0 0 0 0.03593388477926173
nodes 29
7 0.024999999441206455 1 28 0.0
6 0.8275148272514343 2 11 0.004925994432968902
5 1.2366782426834106 3 4 -0.005634499304364186
-1 0.0 0 0 0.006580296071787619
6 0.8207930326461792 5 6 -0.010213097693288209
-1 0.0 0 0 -0.0006819201512964598
4 0.950390636920929 7 8 -0.09030526604900307
-1 0.0 0 0 -0.017175923364266054
5 1.2949825525283813 9 10 0.0033424092682558084
-1 0.0 0 0 -0.019214494607437682
-1 0.0 0 0 0.009422688148895346
5 1.6535605192184448 12 25 0.011478884003077132
5 1.5577582120895386 13 22 0.008291821503093847
5 1.488929033279419 14 15 0.01088223494240326
-1 0.0 0 0 0.0007687296032173832
7 0.004999999888241291 16 17 0.11997928816056663
-1 0.0 0 0 0.022234880725426915
6 0.9213231801986694 18 21 0.05386564041255042
8 28.5 19 20 -0.02523885533904259
-1 0.0 0 0 -0.029335654972653304
-1 0.0 0 0 0.0024809780946622294
-1 0.0 0 0 0.02809720959574465
6 0.8361219763755798 23 24 -0.09655572886988738
-1 0.0 0 0 0.023553795414045453
-1 0.0 0 0 -0.012154083354778146
2 11.13270378112793 26 27 0.06086793751588998
-1 0.0 0 0 0.0023417965220447288
-1 0.0 0 0 0.025889107869453223
-1 0.0 0 0 -0.00018527875519142186
nodes 29
4 1.1009514331817627 1 2 0.0
-1 0.0 0 0 0.000146289056594512
8 31.5 3 28 -0.006150279644101023
0 11.15809154510498 4 27 -0.0006077672687165609
2 11.252223014831543 5 26 -0.005958430773253362
1 10.690261840820312 6 21 -0.0021203664040169274
7 0.0950000025331974 7 8 -0.013149446938257179
-1 0.0 0 0 -0.0036969982725968114
6 0.8990894556045532 9 10 0.0043240686685991625
-1 0.0 0 0 0.005273319099338438
2 11.104475975036621 11 16 -0.018254642122431216
2 11.034857749938965 12 13 -0.023225443797606132
-1 0.0 0 0 -0.0017798872100314397
8 26.5 14 15 -0.2477963081471724
-1 0.0 0 0 -0.04477704460944303
-1 0.0 0 0 0.005561272873832235
0 10.335432052612305 17 18 0.18148120700732454
-1 0.0 0 0 0.04695926751527522
0 10.904541969299316 19 20 0.02590101420879364
-1 0.0 0 0 -0.024534529123617255
-1 0.0 0 0 0.025696268181006118
6 0.9435796141624451 22 23 0.01980992915259646
-1 0.0 0 0 0.00020436113768643478
4 1.105746865272522 24 25 0.06370855338270166
-1 0.0 0 0 -0.022390108161415172
-1 0.0 0 0 0.007576711970281951
-1 0.0 0 0 -0.005915997520494605
-1 0.0 0 0 0.004490616086515935
-1 0.0 0 0 -0.0035545643049684095
nodes 29
6 0.9739161133766174 1 2 0.0
-1 0.0 0 0 6.305459460717598e-05
0 10.349102020263672 3 16 -0.013987438557403205
3 0.9617858529090881 4 7 0.032366362903162235
3 0.9350934624671936 5 6 0.05238354452546509
-1 0.0 0 0 0.004272486972451735
-1 0.0 0 0 0.02597716940250599
2 10.468119621276855 8 11 -0.048175742881171206
8 29.5 9 10 -0.1218309274843435
-1 0.0 0 0 -0.017395673149676865
-1 0.0 0 0 0.012048362089774094
5 1.5577582120895386 12 13 0.12876602242989788
-1 0.0 0 0 0.033401119574490525
7 0.3449999988079071 14 15 -0.01611292343951908
-1 0.0 0 0 -0.022844371205616384
-1 0.0 0 0 0.03129997989162803
3 0.7788548469543457 17 24 -0.042875997975618134
8 23.5 18 19 -0.10624161496841976
-1 0.0 0 0 -0.047401189660796754
4 1.1276240348815918 20 23 -0.0856633639154178
5 2.2861592769622803 21 22 -0.06504732994290516
-1 0.0 0 0 -0.009665033783073394
-1 0.0 0 0 0.009208984816602121
-1 0.0 0 0 -0.03413814776129304
5 1.3645405769348145 25 26 -0.014611092456404797
-1 0.0 0 0 -0.002778872924997905
1 10.392833709716797 27 28 0.16128171170130373
-1 0.0 0 0 -0.017067466465024547
-1 0.0 0 0 0.026811824661904366
nodes 29
6 0.9123948812484741 1 6 0.0
7 0.4950000047683716 2 3 -0.0021420341843698966
-1 0.0 0 0 -0.00019005802305751537
1 9.961945533752441 4 5 -0.1410987845932444
-1 0.0 0 0 0.0018468996477231645
-1 0.0 0 0 -0.03432179739491807
4 0.7941758036613464 7 10 0.004065129495366846
6 1.0046099424362183 8 9 -0.040443064034170924
-1 0.0 0 0 -0.004721757293720516
-1 0.0 0 0 0.015059808703139424
8 39.5 11 18 0.006266042706310966
2 11.472582817077637 12 15 0.004659021374531452
0 11.551300048828125 13 14 0.0025154535115436104
-1 0.0 0 0 0.00030173948653616756
-1 0.0 0 0 -0.01691294284301657
1 11.162672996520996 16 17 0.04443835540178666
-1 0.0 0 0 0.02360415599541739
-1 0.0 0 0 0.0037924932017569532
3 0.7333170771598816 19 26 0.053523392971637676
7 0.044999999925494194 20 21 0.1121077226343341
-1 0.0 0 0 0.018724551107126144
3 0.7200356721878052 22 25 0.053783984756719166
1 9.54952335357666 23 24 0.01489271298152513
-1 0.0 0 0 0.02444622734328732
-1 0.0 0 0 -0.0018499223084125498
-1 0.0 0 0 0.03420369402669809
1 10.61998462677002 27 28 -0.010754878018966617
-1 0.0 0 0 0.01873017848884485
-1 0.0 0 0 -0.005401462281190202
nodes 29
8 16.5 1 2 0.0
-1 0.0 0 0 0.018771823529492727
7 0.6449999809265137 3 26 -4.600637080078593e-05
7 0.6050000190734863 4 23 2.7753992923924745e-05
7 0.5649999976158142 5 18 -5.4706412918482014e-05
7 0.5550000071525574 6 17 7.564708165626502e-05
8 17.5 7 8 -7.486217356745103e-06
-1 0.0 0 0 0.018801506801412026
4 1.33632230758667 9 10 -6.840972654906725e-05
-1 0.0 0 0 4.689796651431496e-05
3 0.32347357273101807 11 14 -0.017490822633756554
2 10.652092933654785 12 13 -0.1994548694245399
-1 0.0 0 0 0.010113162511298734
-1 0.0 0 0 -0.049064803600776946
6 0.8863511085510254 15 16 -0.013106985177611488
-1 0.0 0 0 -0.00497804961089862
-1 0.0 0 0 0.00027969332142291885
-1 0.0 0 0 0.026589140162936283
2 10.341129302978516 19 20 -0.12040592201735786
-1 0.0 0 0 0.010578972234170099
2 11.049667358398438 21 22 -0.2660912522825144
-1 0.0 0 0 -0.04187063570970145
-1 0.0 0 0 0.0031508202105760574
2 10.509278297424316 24 25 0.11926816085413579
-1 0.0 0 0 -0.01275656837327727
-1 0.0 0 0 0.033618275155172204
1 9.377124786376953 27 28 -0.13239570220932365
-1 0.0 0 0 -0.02965314841411751
-1 0.0 0 0 0.009426799664894741
nodes 29
6 0.3701053261756897 1 28 0.0
3 0.3391939699649811 2 27 0.03297714451765509
0 10.72145938873291 3 4 0.013811016796274068
-1 0.0 0 0 0.017770847546433707
1 8.89754581451416 5 10 -0.017124256709131654
2 11.107854843139648 6 9 0.1211247512366667
5 10.992009162902832 7 8 0.04149569408675633
-1 0.0 0 0 0.016291551748817825
-1 0.0 0 0 -0.018040950040549748
-1 0.0 0 0 0.0405019650640695
8 37.5 11 18 -0.0496716688936806
7 0.10500000044703484 12 17 0.018663584459118726
1 9.153558731079102 13 14 0.06228145942801521
-1 0.0 0 0 0.030826665535569193
1 9.447938919067383 15 16 0.029040216735085927
-1 0.0 0 0 -0.02404012815436212
-1 0.0 0 0 0.01057561988838845
-1 0.0 0 0 -0.023577401952611078
7 0.03499999921768904 19 22 -0.13372403051762377
4 0.9117074608802795 20 21 -0.23209531949851964
-1 0.0 0 0 -0.016817051426113148
-1 0.0 0 0 -0.04826805560290814
0 11.033485412597656 23 24 0.02341452201030084
-1 0.0 0 0 -0.026613518819212912
7 0.054999999701976776 25 26 0.12501091155501312
-1 0.0 0 0 -0.010519909960302441
-1 0.0 0 0 0.026971434714006527
-1 0.0 0 0 0.02840534176677466
-1 0.0 0 0 -2.6098009581510837e-05
nodes 29
1 8.506738662719727 1 28 0.0
6 0.9785386323928833 2 27 -0.022858950721450045
4 1.4891239404678345 3 24 -0.040658461332635426
2 11.15356159210205 4 23 -0.02990911040707665
0 10.714950561523438 5 14 -0.036424638926911376
2 9.540434837341309 6 7 -0.01826012747140803
-1 0.0 0 0 -0.007136961581906485
4 1.046140193939209 8 11 0.047771723014315
0 10.583523750305176 9 10 0.013091817340021489
-1 0.0 0 0 -0.0019561472280776866
-1 0.0 0 0 0.02534563103820094
6 0.9356458783149719 12 13 0.19076695052064854
-1 0.0 0 0 0.033169145834613216
-1 0.0 0 0 -0.009695391962304713
7 0.14500000327825546 15 20 -0.1114986542528587
7 0.08500000089406967 16 19 -0.03904428273723598
8 41.5 17 18 -0.12026393946947618
-1 0.0 0 0 -0.02318140715942718
-1 0.0 0 0 0.005386309604239991
-1 0.0 0 0 0.023605455458164216
8 36.5 21 22 -0.25857021434427196
-1 0.0 0 0 -0.013604227927598087
-1 0.0 0 0 -0.04929714814314376
-1 0.0 0 0 0.030954992547631267
2 10.478639602661133 25 26 -0.19086649663452254
-1 0.0 0 0 -0.01002655910603978
-1 0.0 0 0 -0.04132505375891924
-1 0.0 0 0 0.005161106058564175
-1 0.0 0 0 3.6469625539459884e-05
nodes 29
6 0.9651052951812744 1 4 0.0
6 0.9629489779472351 2 3 0.0007985322640677792
-1 0.0 0 0 2.9956977340948927e-05
-1 0.0 0 0 0.0059361865954863325
1 9.848450660705566 5 18 -0.01051575198727089
1 9.482502937316895 6 11 0.029483137745242104
5 1.8864666223526 7 8 0.0019802305198911587
-1 0.0 0 0 0.005825490697916032
6 0.9785386323928833 9 10 -0.05205777358408114
-1 0.0 0 0 -0.017592179301478293
-1 0.0 0 0 -0.0009446433566254239
5 2.585672378540039 12 15 0.1030429742069725
5 1.1391451358795166 13 14 0.06444691306436749
-1 0.0 0 0 0.041386437473388826
-1 0.0 0 0 0.004103234089063673
1 9.633645057678223 16 17 0.4430167893780039
-1 0.0 0 0 0.07146168838847768
-1 0.0 0 0 0.020400870621204378
3 0.6105683445930481 19 24 -0.025109359397754848
7 0.22500000149011612 20 23 -0.16795520832467367
5 1.8864666223526 21 22 -0.06989407144672144
-1 0.0 0 0 -0.015207064699226053
-1 0.0 0 0 0.020106652900073175
-1 0.0 0 0 -0.03731094288982843
6 1.0 25 26 -0.01749393868590686
-1 0.0 0 0 -0.0015019680271460536
4 1.0618746280670166 27 28 -0.25211818224709964
-1 0.0 0 0 0.0034414864568547768
-1 0.0 0 0 -0.051477347516144314
nodes 29
0 11.621062278747559 1 6 0.0
0 11.605359077453613 2 3 0.0004804109573946114
-1 0.0 0 0 1.9583944770475613e-05
5 1.712957739830017 4 5 0.07079221022087784
-1 0.0 0 0 0.009310936295681907
-1 0.0 0 0 -0.01687452291448911
7 0.004999999888241291 7 24 -0.01702573109369277
2 11.625012397766113 8 19 -0.07120654599341027
6 0.7330577969551086 9 12 -0.11493857630508764
2 11.289081573486328 10 11 -0.22976311765405413
-1 0.0 0 0 0.002935331361368299
-1 0.0 0 0 -0.03082832483412472
5 1.401145100593567 13 18 -0.06481212678218856
1 11.38337516784668 14 17 -0.11593333665416183
6 0.7842630743980408 15 16 -0.1605853710160421
-1 0.0 0 0 0.011751341107098953
-1 0.0 0 0 -0.02166930200336011
-1 0.0 0 0 0.009500903257265172
-1 0.0 0 0 0.020893370672579736
4 0.9988264441490173 20 23 0.015340059448580641
8 35.5 21 22 0.07922683528158814
-1 0.0 0 0 0.029255850228571124
-1 0.0 0 0 -0.00024186175224589712
-1 0.0 0 0 -0.02154766790448658
5 4.727694034576416 25 28 -0.005700398833005996
1 11.080510139465332 26 27 -0.010487630586399812
-1 0.0 0 0 -0.007106266746570062
-1 0.0 0 0 0.00013038305984136375
-1 0.0 0 0 0.0379767501950264
nodes 29
8 27.5 1 28 0.0
4 0.9376382231712341 2 9 -0.006085942307151313
3 0.7626362442970276 3 6 -0.06533677589942981
7 0.24499999731779099 4 5 -0.08631350660248283
-1 0.0 0 0 -0.012455170699247278
-1 0.0 0 0 -0.00014979238225583066
7 0.07499999925494194 7 8 0.07260802926738626
-1 0.0 0 0 -0.02796689718961716
-1 0.0 0 0 0.017680263524533998
6 0.6686125993728638 10 19 -0.0034425427671258306
7 0.054999999701976776 11 12 0.08149937619674198
-1 0.0 0 0 -0.0014823565527935841
4 1.2019100189208984 13 18 0.19303120345689526
8 25.5 14 15 0.2750308399938129
-1 0.0 0 0 0.04991703499574215
5 2.0098299980163574 16 17 0.09923514590470814
-1 0.0 0 0 0.02690662546404477
-1 0.0 0 0 -0.012463313379240308
-1 0.0 0 0 0.00153653242935737
1 10.690261840820312 20 27 -0.005032157447787676
2 11.229142189025879 21 24 -0.015204038876503605
4 0.9447620511054993 22 23 -0.016970425723204913
-1 0.0 0 0 0.0217293267832848
-1 0.0 0 0 -0.0018664867052101215
6 0.9546563625335693 25 26 0.18091264129238757
-1 0.0 0 0 0.00495895871822283
-1 0.0 0 0 0.0512347015951361
-1 0.0 0 0 0.0006935611079611566
-1 0.0 0 0 0.00013519161183682456
nodes 29
3 0.987449049949646 1 28 0.0
4 1.1009514331817627 2 21 -0.00075818810861732
0 10.786945343017578 3 14 0.0012317129570376402
8 21.5 4 5 0.010441904172368078
-1 0.0 0 0 -0.017140056181013726
1 10.37020492553711 6 11 0.011453837256899031
6 0.7369946837425232 7 10 0.0050999458290760715
0 10.750685691833496 8 9 0.041953503323988214
-1 0.0 0 0 0.0052712837780454535
-1 0.0 0 0 -0.009288750642263512
-1 0.0 0 0 -7.74972997466949e-05
8 30.5 12 13 0.03620478363868073
-1 0.0 0 0 0.0003121354145642696
-1 0.0 0 0 0.006597663937875354
6 0.9753404259681702 15 16 -0.0020891710936087817
-1 0.0 0 0 -0.00010254072610759818
1 10.836891174316406 17 20 -0.05964497397456915
5 2.4748377799987793 18 19 -0.13203538191961484
-1 0.0 0 0 -0.01665152237663361
-1 0.0 0 0 0.017828319470087686
-1 0.0 0 0 -0.001045985359378899
8 36.5 22 23 -0.01323516298684044
-1 0.0 0 0 -0.0011051055404627862
2 11.297414779663086 24 27 -0.11864168831131333
7 0.1249999962747097 25 26 -0.06231229360477783
-1 0.0 0 0 -0.013130283895075964
-1 0.0 0 0 0.016601355884978103
-1 0.0 0 0 -0.031101188532797232
-1 0.0 0 0 0.0010616279340856158
nodes 29
6 0.9123948812484741 1 2 0.0
-1 0.0 0 0 -0.00020577322745525314
4 0.7331891655921936 3 6 0.0039051422952565092
2 10.97181224822998 4 5 -0.05573090863346728
-1 0.0 0 0 -0.003559491180395747
-1 0.0 0 0 -0.018420732318697012
6 0.9538291692733765 7 10 0.005241276347279325
7 0.5550000071525574 8 9 0.010599167467632556
-1 0.0 0 0 0.0009925952738749633
-1 0.0 0 0 0.024612983629891748
2 9.985113143920898 11 12 -0.005154810245904362
-1 0.0 0 0 0.0042035477786822205
8 19.5 13 16 -0.011655911853680359
6 0.9934342503547668 14 15 0.18090725262076235
-1 0.0 0 0 0.029239459356247655
-1 0.0 0 0 -0.0234636472707445
2 10.948646545410156 17 26 -0.013892267979346696
7 0.29500000178813934 18 23 -0.03537169176066987
3 0.743311882019043 19 22 -0.021631111242706114
0 10.283737182617188 20 21 -0.07366601757201638
-1 0.0 0 0 0.005621602050442663
-1 0.0 0 0 -0.010072477550460868
-1 0.0 0 0 9.195081876799034e-05
2 10.916560173034668 24 25 -0.10081476007588208
-1 0.0 0 0 -0.008572020592212386
-1 0.0 0 0 -0.041734298657287255
1 10.534786224365234 27 28 0.004893797031825216
-1 0.0 0 0 0.012677887400492952
-1 0.0 0 0 -5.156193707852289e-05
nodes 29
8 44.5 1 2 0.0
-1 0.0 0 0 -4.747104255561236e-05
7 0.004999999888241291 3 14 0.016554178247816433
4 0.8954956531524658 4 13 -0.033650043177961685
5 1.3037110567092896 5 6 -0.05041583957283368
-1 0.0 0 0 -0.01413066684051981
6 0.7330577969551086 7 12 -0.01618109767841526
2 11.301068305969238 8 11 -0.08139727263677614
2 11.13270378112793 9 10 -0.024722048592182896
-1 0.0 0 0 -0.008713053934023543
-1 0.0 0 0 0.017431043541511974
-1 0.0 0 0 -0.031257252860814336
-1 0.0 0 0 0.00522249988811698
-1 0.0 0 0 0.011900694504903074
0 11.315998077392578 15 18 0.031560733277005946
2 10.180513381958008 16 17 0.05889239949167288
-1 0.0 0 0 -0.0037263173597036968
-1 0.0 0 0 0.007666698553117766
6 0.7167137265205383 19 28 0.006434111846590033
6 0.6399130821228027 20 27 -0.05688233703650273
5 1.6535605192184448 21 22 0.017103568044784544
-1 0.0 0 0 0.04110421042727388
7 0.03499999921768904 23 24 -0.05655973547751584
-1 0.0 0 0 -0.019892010571513796
8 48.5 25 26 0.1378169238853913
-1 0.0 0 0 0.03190048734347026
-1 0.0 0 0 -0.0057866061627864845
-1 0.0 0 0 -0.01541971311073851
-1 0.0 0 0 0.002821768261359785
nodes 29
7 0.044999999925494194 1 2 0.0
-1 0.0 0 0 0.0003418566712582262
6 0.3701053261756897 3 8 -0.0023108219567549502
1 9.736251831054688 4 7 0.07485349479241671
1 9.661225318908691 5 6 0.021534519908823425
-1 0.0 0 0 0.0055636123966557975
-1 0.0 0 0 -0.029049515721944776
-1 0.0 0 0 0.01912379238393999
3 0.6527255177497864 9 12 -0.0027395286979568496
7 0.5649999976158142 10 11 -0.011994149696076213
-1 0.0 0 0 -0.0011036278716674388
-1 0.0 0 0 -0.018086795742603873
6 0.7756555080413818 13 26 0.0007922124619499118
2 11.210143089294434 14 21 0.04209251161262697
5 1.3575458526611328 15 18 0.06143153920031628
7 0.1550000011920929 16 17 0.11034489945844139
-1 0.0 0 0 0.00840347961489602
-1 0.0 0 0 0.026767400207675318
6 0.7586787343025208 19 20 0.03013604666479363
-1 0.0 0 0 0.005010542860326629
-1 0.0 0 0 -0.010177437768934268
1 10.841011047363281 22 23 -0.016055905802988928
-1 0.0 0 0 0.03452092903581532
1 10.918899536132812 24 25 -0.030073250274849823
-1 0.0 0 0 -0.02526832711696625
-1 0.0 0 0 0.00038612041298472286
8 39.5 27 28 -0.0019001444795339248
-1 0.0 0 0 -0.00036207629306882184
-1 0.0 0 0 0.004523400504475313
nodes 29
2 11.726810455322266 1 10 0.0
5 1.0981370210647583 2 9 0.00017451271986157428
6 0.9885861277580261 3 8 0.024901036632794353
3 0.9382274150848389 4 7 0.02011711076503005
3 0.9320298433303833 5 6 0.04866823698963214
-1 0.0 0 0 0.0034260843431794166
-1 0.0 0 0 0.02110566559042466
-1 0.0 0 0 -0.0012798518831485728
-1 0.0 0 0 0.022702190454583618
-1 0.0 0 0 -2.1413840783000534e-05
6 0.8193905353546143 11 14 -0.044340102019222366
6 0.7974268794059753 12 13 -0.1436907779533676
-1 0.0 0 0 -0.007832739294099157
-1 0.0 0 0 -0.03338388070802797
5 1.2571784257888794 15 26 -0.012219206792393461
5 1.1103113889694214 16 17 -0.04724500020345052
-1 0.0 0 0 -0.020040139029068607
5 1.1727869510650635 18 21 -0.0190319809768545
5 1.1573526859283447 19 20 0.0638141773995899
-1 0.0 0 0 -0.003248379207951458
-1 0.0 0 0 0.03161812698275879
6 0.8454564809799194 22 23 -0.12137135308893288
-1 0.0 0 0 0.010339132594791326
6 0.8948063254356384 24 25 -0.19985990767322837
-1 0.0 0 0 -0.03956071601808071
-1 0.0 0 0 -0.00710788204971897
6 0.8969990015029907 27 28 0.1799955131463343
-1 0.0 0 0 0.03435215591009529
-1 0.0 0 0 0.0008293164893984795
nodes 29
6 0.885573148727417 1 28 0.0
0 10.732869148254395 2 27 -0.002655525790037968
6 0.7291264533996582 3 4 0.008365014788591169
-1 0.0 0 0 0.004444167082174897
5 1.3489556312561035 5 10 0.0002003796699759979
6 0.8134996294975281 6 7 0.023877501838439605
-1 0.0 0 0 0.007128773200720486
5 1.2296910285949707 8 9 0.005489269019360188
-1 0.0 0 0 0.004346669685794751
-1 0.0 0 0 -0.001938800666930895
2 10.444124221801758 11 18 -0.01788343828702374
3 0.7755038738250732 12 17 0.0037298385366676514
2 10.157547950744629 13 14 0.013310774291261202
-1 0.0 0 0 -0.0017742271039032167
0 10.188892364501953 15 16 0.048867129781007476
-1 0.0 0 0 0.021613345582805137
-1 0.0 0 0 0.0034069935282483215
-1 0.0 0 0 -0.00758747264366837
1 8.737773895263672 19 20 -0.04685483513158074
-1 0.0 0 0 0.02027854612587314
4 1.4891239404678345 21 24 -0.051143411651848304
1 10.079623222351074 22 23 -0.0617598562383938
-1 0.0 0 0 -0.012041389715310895
-1 0.0 0 0 -0.0038067901422912786
5 4.012012004852295 25 26 0.05006669340655208
-1 0.0 0 0 0.009959540489456943
-1 0.0 0 0 -0.03164457716047764
-1 0.0 0 0 -0.0006306069840949293
-1 0.0 0 0 0.00027618359875481525
nodes 29
8 34.5 1 24 0.0
6 0.7800288200378418 2 21 -0.001984295252324914
5 1.4651315212249756 3 8 0.01877895752910811
6 0.7017697095870972 4 7 0.04417036576952293
5 1.4299407005310059 5 6 0.11972223881206571
-1 0.0 0 0 0.03658843368498815
-1 0.0 0 0 0.008903721274086984
-1 0.0 0 0 0.003451532628092602
6 0.676593005657196 9 16 -0.007706461896046554
4 0.7400686144828796 10 11 0.018750781446952258
-1 0.0 0 0 0.03440115429799665
8 28.5 12 13 0.013450235703451283
-1 0.0 0 0 0.008888967125181188
2 10.606535911560059 14 15 -0.009351394333673786
-1 0.0 0 0 0.0064743194665399925
-1 0.0 0 0 -0.00317535271885026
5 2.0098299980163574 17 20 -0.04724822427795763
2 10.076894760131836 18 19 -0.08939433069117116
-1 0.0 0 0 0.006287131950791393
-1 0.0 0 0 -0.010807177610110567
-1 0.0 0 0 0.005011333404679765
4 0.953162431716919 22 23 -0.004809572668566906
-1 0.0 0 0 -0.0020155187733724225
-1 0.0 0 0 -6.935608378711244e-05
6 0.9321296215057373 25 26 0.003727248658637631
-1 0.0 0 0 3.5511616768584575e-05
4 0.7254718542098999 27 28 0.030154068270447882
-1 0.0 0 0 -0.009215813039419839
-1 0.0 0 0 0.00395167891807334
nodes 29
3 0.15322230756282806 1 28 0.0
6 0.7469877004623413 2 11 -0.02144486577354333
0 11.493906021118164 3 8 -0.07089226660725426
8 33.5 4 7 -0.09427053330295905
7 0.07499999925494194 5 6 0.04584956141736578
-1 0.0 0 0 -0.011008623264858436
-1 0.0 0 0 0.02514012899588455
-1 0.0 0 0 -0.012750832321336168
1 9.202005386352539 9 10 0.18292891466039785
-1 0.0 0 0 0.05088407956950722
-1 0.0 0 0 -0.006150499611560788
6 0.7664423584938049 12 13 0.013251921526439812
-1 0.0 0 0 0.027750269132991168
4 0.7819244861602783 14 17 -0.001222961405470113
6 0.9698304533958435 15 16 -0.08364224219006207
-1 0.0 0 0 -0.012185508710851448
-1 0.0 0 0 0.019494172398962322
7 0.004999999888241291 18 19 0.03889399912793923
-1 0.0 0 0 0.03910034200684591
4 0.9256174564361572 20 23 0.02358489386965576
0 11.128276824951172 21 22 0.09426060371333733
-1 0.0 0 0 0.019673727480631297
-1 0.0 0 0 -0.005488861064970641
2 11.181862831115723 24 27 -0.044351447375433506
2 10.849143028259277 25 26 -0.0863013874568268
-1 0.0 0 0 0.0018928164090264402
-1 0.0 0 0 -0.02402688365625708
-1 0.0 0 0 0.03646604684181511
-1 0.0 0 0 3.418890627035692e-05
nodes 29
2 11.556808471679688 1 22 0.0
2 11.491875648498535 2 3 0.0004114717245717584
-1 0.0 0 0 -2.8724885874223727e-05
6 0.7586787343025208 4 7 0.034500386497667686
2 11.502713203430176 5 6 -0.06989054527395638
-1 0.0 0 0 0.016158257391596695
-1 0.0 0 0 -0.011235011151589498
4 0.9724821448326111 8 11 0.04787526564842029
4 0.9657669067382812 9 10 0.0908966737936153
-1 0.0 0 0 0.007353242939170989
-1 0.0 0 0 0.034615106650162486
4 0.9959256052970886 12 15 0.01891766188080779
3 0.7529523968696594 13 14 -0.07405686634660395
-1 0.0 0 0 -0.04230227637259911
-1 0.0 0 0 -0.0017467801906703344
3 0.7147731781005859 16 17 0.039931615698304265
-1 0.0 0 0 0.0302610347357889
5 1.1651973724365234 18 21 0.031377627150366634
4 1.105746865272522 19 20 0.10114231777275685
-1 0.0 0 0 0.014110386771209574
-1 0.0 0 0 -0.013063467187540874
-1 0.0 0 0 -0.00018969146695309031
6 0.9246731400489807 23 28 -0.01708153253828944
8 41.5 24 27 -0.03447189251762494
8 28.5 25 26 -0.05177354510062059
-1 0.0 0 0 0.007084039224041556
-1 0.0 0 0 -0.006596296717807266
-1 0.0 0 0 0.0048932638827121275
-1 0.0 0 0 0.0028097852416542994
nodes 29
1 8.506738662719727 1 28 0.0
2 10.58144474029541 2 17 -0.020848760498994763
2 9.822331428527832 3 6 -0.0066249739693766
6 0.9538291692733765 4 5 -0.03479699937209269
-1 0.0 0 0 -0.006845217331383122
-1 0.0 0 0 0.0013054899860703685
4 1.0180931091308594 7 14 0.05622620226874816
0 10.583523750305176 8 11 0.013485592183454681
2 10.2780122756958 9 10 -0.028230191230067245
-1 0.0 0 0 0.0026799318123535126
-1 0.0 0 0 -0.01557152212325794
4 0.7400686144828796 12 13 0.1355656054083203
-1 0.0 0 0 -0.00011954820229414297
-1 0.0 0 0 0.04416499439449537
8 30.5 15 16 0.1692137556625438
-1 0.0 0 0 0.01015475736989911
-1 0.0 0 0 0.041219686362257396
0 10.496731758117676 18 19 -0.0973740192488409
-1 0.0 0 0 -0.050183404844508256
2 11.06524658203125 20 27 -0.05265984516684434
6 0.7249400615692139 21 24 -0.10745397344645527
6 0.3701053261756897 22 23 -0.21537789332585922
-1 0.0 0 0 -0.005191378545714543
-1 0.0 0 0 -0.03567522568879901
7 0.13499999791383743 25 26 -0.027381387729478138
-1 0.0 0 0 0.013671087929978967
-1 0.0 0 0 -0.015122460812892556
-1 0.0 0 0 0.01872495813546954
-1 0.0 0 0 3.326252012111077e-05
nodes 29
7 0.014999999664723873 1 28 0.0
0 11.841753959655762 2 27 0.0053239571594604065
6 0.8782674074172974 3 16 0.006273457659220451
6 0.8661094903945923 4 11 -0.0014005006123033942
3 0.6916932463645935 5 6 0.0038766357861735237
-1 0.0 0 0 -0.0010718075090560128
3 0.797037661075592 7 8 0.021156222720419497
-1 0.0 0 0 0.004573323982346394
7 0.004999999888241291 9 10 -0.014784946096200801
-1 0.0 0 0 -0.005537228830380387
-1 0.0 0 0 0.0033360377610762446
4 0.7727840542793274 12 15 -0.05359744588431873
8 43.5 13 14 0.2675049760783056
-1 0.0 0 0 0.044459942902904004
-1 0.0 0 0 -0.00023532379418611526
-1 0.0 0 0 -0.007189683122197367
3 0.7147731781005859 17 20 0.018444923919210716
2 10.456049919128418 18 19 0.056527061166342325
-1 0.0 0 0 -0.0056181289885829586
-1 0.0 0 0 0.008013286607421078
4 0.880669355392456 21 26 0.004396777974669567
1 11.096606254577637 22 25 -0.10164079390598703
8 32.5 23 24 -0.03140664652708065
-1 0.0 0 0 -0.03508409543761185
-1 0.0 0 0 0.0014856253230366215
-1 0.0 0 0 -0.026135132082240428
-1 0.0 0 0 0.0009798095041906765
-1 0.0 0 0 -0.013513774388978826
-1 0.0 0 0 -0.000129563829166032
nodes 29
8 44.5 1 2 0.0
-1 0.0 0 0 -4.4354985169760314e-05
7 0.004999999888241291 3 22 0.015467537475115077
5 1.4039428234100342 4 7 -0.029269263867212833
2 11.574321746826172 5 6 -0.08232134118460475
-1 0.0 0 0 -0.01010688925910342
-1 0.0 0 0 0.015389780653640628
3 0.39346104860305786 8 13 0.018198384258874666
2 11.305557250976562 9 12 -0.07766132109451589
2 11.13270378112793 10 11 -0.028135206604442433
-1 0.0 0 0 -0.007188813227892169
-1 0.0 0 0 0.01927128944191195
-1 0.0 0 0 -0.03635620729235763
8 49.5 14 19 0.11034739134052107
0 11.454872131347656 15 18 0.17772962806561776
1 10.710142135620117 16 17 0.07612160373246298
-1 0.0 0 0 0.01636130332915207
-1 0.0 0 0 -0.016968765074298495
-1 0.0 0 0 0.043994388440924306
1 10.729437828063965 20 21 -0.05963961494324559
-1 0.0 0 0 0.011373135769584528
-1 0.0 0 0 -0.026768478211015464
1 11.3295316696167 23 24 0.028839824747134216
-1 0.0 0 0 0.003457496502199157
1 11.38337516784668 25 26 -0.07819661977035659
-1 0.0 0 0 -0.03538550582059004
7 0.054999999701976776 27 28 0.02663123709949809
-1 0.0 0 0 -0.00812557125852133
-1 0.0 0 0 0.025178661035454793
nodes 29
6 0.2628852427005768 1 24 0.0
1 8.89754581451416 2 7 0.041388522163950295
1 8.347590446472168 3 4 0.1638589333274105
-1 0.0 0 0 -0.006465824891347439
8 33.5 5 6 0.26220810036779135
-1 0.0 0 0 0.05480151343203726
-1 0.0 0 0 0.015872624324702916
1 9.887001991271973 8 23 -0.016274629758845548
2 10.678145408630371 9 10 -0.045441506567121946
-1 0.0 0 0 0.02580757442523133
0 11.005626678466797 11 14 -0.0793368340698
2 10.907862663269043 12 13 -0.22418244208629226
-1 0.0 0 0 -0.004461375591826851
-1 0.0 0 0 -0.04608866193077781
7 0.024999999441206455 15 18 -0.028740080584586943
1 9.34049129486084 16 17 -0.15727494303106826
-1 0.0 0 0 0.004649230744689703
-1 0.0 0 0 -0.03361925288165988
5 5.807991981506348 19 22 0.11469737460931251
2 11.121807098388672 20 21 0.26673410043475176
-1 0.0 0 0 0.04540956301445311
-1 0.0 0 0 0.006063641775399447
-1 0.0 0 0 -0.012180419889692632
-1 0.0 0 0 0.028789422838460834
3 0.13210244476795197 25 28 -0.00016336057056291322
6 0.7469877004623413 26 27 -0.036058097826261036
-1 0.0 0 0 -0.01235569543268991
-1 0.0 0 0 0.000488687989519139
-1 0.0 0 0 2.0808035541026178e-05
nodes 29
5 2.2861592769622803 1 2 0.0
-1 0.0 0 0 -7.457296904039925e-05
6 0.7073236107826233 3 16 0.00926287636454586
6 0.3701053261756897 4 7 -0.027975900537550617
3 0.3391939699649811 5 6 0.026204364833336137
-1 0.0 0 0 0.0009498631025003341
-1 0.0 0 0 0.024504947772249583
1 10.457114219665527 8 15 -0.05831512777065241
2 11.240355491638184 9 12 -0.05194838024412991
5 5.807991981506348 10 11 -0.06448066581350792
-1 0.0 0 0 -0.0038849725255190775
-1 0.0 0 0 -0.018092892940778534
1 9.736251831054688 13 14 0.12867318552453072
-1 0.0 0 0 0.052854297459125524
-1 0.0 0 0 -0.0004616744164377451
-1 0.0 0 0 -0.036024588547073876
2 9.766865730285645 17 18 0.024738322372949897
-1 0.0 0 0 -0.007463673185357081
1 10.142701148986816 19 22 0.034405874664779984
1 10.118477821350098 20 21 0.02708050926950086
-1 0.0 0 0 0.002969490826096868
-1 0.0 0 0 -0.022811033862938243
2 11.11817741394043 23 24 0.14658940607808868
-1 0.0 0 0 0.03658739226604147
2 11.15356159210205 25 26 0.0875512669982317
-1 0.0 0 0 -0.039533483829687945
4 0.844559371471405 27 28 0.14466682783958892
-1 0.0 0 0 -0.018502766877645627
-1 0.0 0 0 0.021317477518837755
nodes 29
2 10.076894760131836 1 4 0.0
5 2.0657918453216553 2 3 0.010406958028337103
-1 0.0 0 0 0.0020694552803743557
-1 0.0 0 0 -0.0032044581831961595
6 0.9885861277580261 5 6 -0.0006967322065759406
-1 0.0 0 0 -1.7009227028479792e-05
5 1.1681910753250122 7 14 -0.05989901032775761
5 1.144934892654419 8 13 0.08332706683474343
4 1.0067356824874878 9 10 -0.059991688628531534
-1 0.0 0 0 0.02902528426299493
7 0.11499999836087227 11 12 -0.1825772745689998
-1 0.0 0 0 -0.04628567118621008
-1 0.0 0 0 -0.002031023192562555
-1 0.0 0 0 0.035972752379963086
5 1.488929033279419 15 28 -0.0883591193600478
3 0.661563515663147 16 17 -0.16115940810480936
-1 0.0 0 0 -0.05099335619144969
7 0.42499999701976776 18 27 -0.13182326432642444
2 11.244209289550781 19 26 -0.10807076919254571
1 10.552265167236328 20 23 -0.1386302439565683
0 10.119002342224121 21 22 -0.07186829560285735
-1 0.0 0 0 -0.03431279375378428
-1 0.0 0 0 -0.0014864457804925632
5 1.198565125465393 24 25 -0.25012269770726564
-1 0.0 0 0 -0.052050989239730616
-1 0.0 0 0 -0.017385964279469007
-1 0.0 0 0 0.013191098851316117
-1 0.0 0 0 -0.048929831609129906
-1 0.0 0 0 0.0005126122275291774
nodes 29
8 16.5 1 2 0.0
-1 0.0 0 0 0.016271508019417524
7 0.6449999809265137 3 26 -3.987837733516733e-05
7 0.6050000190734863 4 23 2.4208158992901977e-05
7 0.5649999976158142 5 18 -5.163202429358066e-05
7 0.5550000071525574 6 17 5.974342515792591e-05
8 17.5 7 8 -1.3675359789210569e-05
-1 0.0 0 0 0.016087004760729856
7 0.48499999940395355 9 10 -6.580528119754069e-05
-1 0.0 0 0 1.1836160203934072e-05
0 10.814664840698242 11 12 -0.04129605058313876
-1 0.0 0 0 0.0005875950620975346
8 27.5 13 16 -0.16480092646300115
7 0.5049999952316284 14 15 -0.061522352928295734
-1 0.0 0 0 -0.03144830527805513
-1 0.0 0 0 0.00985140082027231
-1 0.0 0 0 -0.04402104558888823
-1 0.0 0 0 0.02348136861941644
0 10.031925201416016 19 20 -0.10288102508128918
-1 0.0 0 0 0.0108141773723458
5 1.3291600942611694 21 22 -0.2387940141419738
-1 0.0 0 0 -0.00016314695101408733
-1 0.0 0 0 -0.03698575256490393
2 10.509278297424316 24 25 0.10969155964877216
-1 0.0 0 0 -0.010394411960391906
-1 0.0 0 0 0.029743200505265233
1 9.377124786376953 27 28 -0.1150316322415165
-1 0.0 0 0 -0.025461498644829685
-1 0.0 0 0 0.007772633309165638
nodes 29
8 27.5 1 28 0.0
4 1.0 2 3 -0.005438460288794833
-1 0.0 0 0 -0.003106950381492678
3 0.47441962361335754 4 23 -0.0004316491055974475
4 1.0382026433944702 5 10 0.0685885285979285
2 10.201553344726562 6 7 0.20986780153550938
-1 0.0 0 0 -0.007937791360461193
7 0.19500000029802322 8 9 0.2940785793611143
-1 0.0 0 0 0.014871041780631795
-1 0.0 0 0 0.06707142706621777
4 1.046140193939209 11 12 0.03642226556303285
-1 0.0 0 0 -0.03789385080162902
7 0.5249999761581421 13 22 0.056849844591524146
8 24.5 14 15 0.08101297292174833
-1 0.0 0 0 0.01897601048898447
1 8.821880340576172 16 17 0.01779817669639152
-1 0.0 0 0 -0.01389715476415132
6 0.9421197175979614 18 19 0.08922580257815876
-1 0.0 0 0 0.0019345573625287216
1 9.202005386352539 20 21 0.3073884685773675
-1 0.0 0 0 0.007000731993466617
-1 0.0 0 0 0.05334657529989878
-1 0.0 0 0 -0.019050428489419194
0 11.142803192138672 24 27 -0.003328779361030499
0 11.082850456237793 25 26 -0.008941411830588898
-1 0.0 0 0 -0.0005305186425454289
-1 0.0 0 0 -0.00641522351625887
-1 0.0 0 0 0.0026381509998721236
-1 0.0 0 0 0.00012080861023948404
nodes 29
4 1.0653806924819946 1 28 0.0
4 1.0136247873306274 2 27 0.0014810836111305377
8 31.5 3 24 -0.0016186965716484675
6 0.7800288200378418 4 19 -0.014056440799486222
5 1.4482566118240356 5 6 0.023000950033998185
-1 0.0 0 0 0.007513792438354818
0 11.334348678588867 7 16 -0.019200294429684708
3 0.661563515663147 8 15 0.0006557544998306975
0 11.247787475585938 9 12 0.019362667478868608
3 0.6504619121551514 10 11 0.0054648726030950235
-1 0.0 0 0 -0.0006466552216289284
-1 0.0 0 0 0.0321249916156133
6 0.6399130821228027 13 14 0.2856832018425298
-1 0.0 0 0 -0.0011734268140225184
-1 0.0 0 0 0.056958169591697784
-1 0.0 0 0 -0.021851848270051887
3 0.5923541188240051 17 18 -0.2618566845942821
-1 0.0 0 0 -0.05007660319388379
-1 0.0 0 0 -0.009196559314926465
3 0.8018656969070435 20 21 -0.019494595190442107
-1 0.0 0 0 -0.0030464486402702485
6 0.8072539567947388 22 23 0.0061660202470161145
-1 0.0 0 0 0.03410073178432261
-1 0.0 0 0 0.0004014429579731231
0 10.283737182617188 25 26 0.002759822563929126
-1 0.0 0 0 0.0035116695692151883
-1 0.0 0 0 7.34101849620318e-05
-1 0.0 0 0 0.0016690282871305293
-1 0.0 0 0 -0.00042413459147058865
nodes 29
3 0.987449049949646 1 28 0.0
4 1.2283250093460083 2 7 -0.000692370626370453
3 0.9737774133682251 3 4 0.00012145750208367397
-1 0.0 0 0 6.688074087908379e-05
0 10.485088348388672 5 6 -0.051278279531501214
-1 0.0 0 0 -0.019867733079666758
-1 0.0 0 0 -0.0033528655557161814
0 10.76894760131836 8 13 -0.026488467838861
2 11.082865715026855 9 10 -0.01018834390107157
-1 0.0 0 0 -0.0016620690056534328
8 25.5 11 12 0.2493371326162727
-1 0.0 0 0 0.04625043917309355
-1 0.0 0 0 -0.001227723084263165
5 1.6297357082366943 14 23 -0.08798576969726209
3 0.9737774133682251 15 22 -0.04746418515216127
6 0.7207794189453125 16 17 -0.08551114631248308
-1 0.0 0 0 0.01834447325297421
6 0.8223071694374084 18 21 -0.11032552799137886
6 0.7664423584938049 19 20 -0.353089249240131
-1 0.0 0 0 -0.01913290555566186
-1 0.0 0 0 -0.056703015056348616
-1 0.0 0 0 -0.004411724037808282
-1 0.0 0 0 0.012492142899398819
7 0.08500000089406967 24 25 -0.291959588531028
-1 0.0 0 0 -0.05114277692046017
7 0.23499999940395355 26 27 -0.16874938183709196
-1 0.0 0 0 0.015086037603517375
-1 0.0 0 0 -0.05238713350284983
-1 0.0 0 0 0.000969469323300855
nodes 29
5 2.2861592769622803 1 2 0.0
-1 0.0 0 0 -6.949935872352902e-05
6 0.7073236107826233 3 12 0.008632672784752075
0 10.750685691833496 4 11 -0.025246059108577558
0 10.667884826660156 5 8 0.03557976113264879
2 10.557062149047852 6 7 -0.009675632824655622
-1 0.0 0 0 0.003117087062744464
-1 0.0 0 0 -0.01926455866443376
2 10.728846549987793 9 10 0.1737641701625859
-1 0.0 0 0 0.007300616267785504
-1 0.0 0 0 0.05281544033847429
-1 0.0 0 0 -0.004778514532497058
1 9.608041763305664 13 14 0.022711773385365574
-1 0.0 0 0 0.00044788635039967763
8 21.5 15 16 0.06362006604301458
-1 0.0 0 0 0.028184176025525583
4 1.0429966449737549 17 20 0.05538235251505961
4 0.9847840666770935 18 19 0.0892686295930975
-1 0.0 0 0 0.006077889041870902
-1 0.0 0 0 0.019563032251081455
6 0.9581352472305298 21 26 -0.02677120703511031
6 0.9193244576454163 22 23 -0.06674944456696062
-1 0.0 0 0 0.0017196270425505309
6 0.9314167499542236 24 25 -0.24438457361351798
-1 0.0 0 0 -0.051988777709526146
-1 0.0 0 0 -0.011915584475818006
6 0.9685092568397522 27 28 0.20195674212252507
-1 0.0 0 0 0.06083146972315652
-1 0.0 0 0 -0.0011381184309720994
nodes 29
6 0.2628852427005768 1 22 0.0
1 8.89754581451416 2 7 0.03922827493217339
1 8.506738662719727 3 4 0.14795541438579032
-1 0.0 0 0 0.00012272619642317295
8 35.5 5 6 0.27303515087629926
-1 0.0 0 0 0.04290648336708546
-1 0.0 0 0 0.016468120449119144
8 38.5 8 17 -0.011964086560571257
1 9.153558731079102 9 10 0.0592393523848225
-1 0.0 0 0 0.027985328773502263
1 9.71190357208252 11 16 0.0018438570091606882
0 11.184657096862793 12 15 -0.09205899049199863
0 11.005626678466797 13 14 -0.012842995580285788
-1 0.0 0 0 -0.01932507305406034
-1 0.0 0 0 0.025025161790351077
-1 0.0 0 0 -0.02532225663468627
-1 0.0 0 0 0.023794244501207557
4 0.8538569808006287 18 21 -0.14180565169628928
7 0.03499999921768904 19 20 0.028751755478205503
-1 0.0 0 0 -0.00955801752932144
-1 0.0 0 0 0.022413050383329393
-1 0.0 0 0 -0.043890565129057056
3 0.13210244476795197 23 28 -0.00015483403526547973
6 0.7469877004623413 24 25 -0.029777897445281143
-1 0.0 0 0 -0.010039660391897723
6 0.7664423584938049 26 27 0.0032680357122817673
-1 0.0 0 0 0.031005365762393922
-1 0.0 0 0 -0.0013314970877537555
-1 0.0 0 0 1.5170722800652229e-05
nodes 29
8 44.5 1 2 0.0
-1 0.0 0 0 -4.149797278276818e-05
2 11.293163299560547 3 4 0.014471237577535639
-1 0.0 0 0 0.002732469537771679
1 11.044153213500977 5 16 -0.024649787455648997
3 0.5635814070701599 6 15 -0.1297730699094922
5 1.731303334236145 7 12 -0.07990831641914094
6 0.7436794638633728 8 11 0.036019930131733414
5 1.5577582120895386 9 10 -0.08839308629010587
-1 0.0 0 0 -0.02871647333218293
-1 0.0 0 0 0.008652596309781074
-1 0.0 0 0 0.02448560648398208
5 2.0098299980163574 13 14 -0.20236773178978285
-1 0.0 0 0 -0.04325280811475671
-1 0.0 0 0 -0.00920825643891779
-1 0.0 0 0 -0.04097828395091571
7 0.07499999925494194 17 26 0.015800334651870092
5 1.2934614419937134 18 25 -0.013794843745093698
1 11.107645034790039 19 20 -0.08060560373527625
-1 0.0 0 0 -0.035486321137286725
7 0.044999999925494194 21 24 -0.05622714972304594
4 0.77745121717453 22 23 -0.010336015509943989
-1 0.0 0 0 0.017605985766276717
-1 0.0 0 0 -0.006475816826110054
-1 0.0 0 0 -0.02254507071338594
-1 0.0 0 0 0.009532939757220448
2 11.515172958374023 27 28 0.2406098628595758
-1 0.0 0 0 0.01037419433996547
-1 0.0 0 0 0.045959853399544955
nodes 29
2 11.556808471679688 1 22 0.0
1 11.314559936523438 2 3 0.0003721408241973817
-1 0.0 0 0 -1.8768960959663657e-05
8 43.5 4 21 0.034427044602902905
8 37.5 5 20 0.0414945837024557
4 0.950390636920929 6 13 0.025173488272026142
8 36.5 7 12 -0.05295530298173211
5 1.1872220039367676 8 11 -0.009733733358896442
7 0.13499999791383743 9 10 -0.07373687348273747
-1 0.0 0 0 -0.012674020270683936
-1 0.0 0 0 0.017361199622973802
-1 0.0 0 0 0.01880941542966122
-1 0.0 0 0 -0.03521815542167483
7 0.2149999961256981 14 15 0.04176578827024697
-1 0.0 0 0 0.005545375341131479
0 11.493906021118164 16 19 -0.09207209310908285
6 0.9398975968360901 17 18 -0.01929708537645638
-1 0.0 0 0 -0.022502016455733354
-1 0.0 0 0 0.011785163407746171
-1 0.0 0 0 -0.03467846201732755
-1 0.0 0 0 0.013794487629635097
-1 0.0 0 0 -0.01915698452083784
7 0.2549999952316284 23 28 -0.015448778817072349
6 0.9274286031723022 24 25 -0.01108018777575075
-1 0.0 0 0 -0.002890670220480301
4 0.916279137134552 26 27 0.04342103321583787
-1 0.0 0 0 -0.013594253168751798
-1 0.0 0 0 0.006755066078131176
-1 0.0 0 0 -0.016746093827187305
nodes 29
7 0.024999999441206455 1 28 0.0
3 0.9180188775062561 2 23 0.003910638010604869
4 1.096163272857666 3 4 0.0011018743943549615
-1 0.0 0 0 0.0005086433008919514
4 1.1306750774383545 5 16 -0.050003108442446445
2 11.143324851989746 6 9 -0.09452968678238197
7 0.004999999888241291 7 8 -0.13709754464237411
-1 0.0 0 0 -0.02202787443407272
-1 0.0 0 0 -0.008537396228448912
5 1.3771450519561768 10 13 -0.011260982372046431
8 34.5 11 12 -0.07656239236547914
-1 0.0 0 0 -0.012769308385062725
-1 0.0 0 0 0.021181470761075617
0 11.251885414123535 14 15 0.16357827664262825
-1 0.0 0 0 0.028980174975558406
-1 0.0 0 0 -0.010149101689457894
6 0.9089269042015076 17 18 -0.01702408228737333
-1 0.0 0 0 0.0017970204855682272
6 0.9640325307846069 19 20 -0.10940900034504011
-1 0.0 0 0 -0.016701405028835305
8 28.5 21 22 0.15301400495227427
-1 0.0 0 0 0.04106492874201476
-1 0.0 0 0 -0.007241686720711489
5 1.5809991359710693 24 25 0.0272017865133966
-1 0.0 0 0 0.0021864326526426516
6 0.9082998037338257 26 27 0.20493227231328365
-1 0.0 0 0 0.0034754166206301647
-1 0.0 0 0 0.042015752415446674
-1 0.0 0 0 -0.00014708871251503512
nodes 29
6 0.9123948812484741 1 2 0.0
-1 0.0 0 0 -0.00017241994031960077
4 0.8601441383361816 3 4 0.003272167060284445
-1 0.0 0 0 -0.0019334605593230852
6 0.9406429529190063 5 8 0.005972336517003313
2 9.822331428527832 6 7 0.014926670079953987
-1 0.0 0 0 -0.007698419072290826
-1 0.0 0 0 0.0017084828757726355
8 19.5 9 16 -0.0016019727135713011
6 0.9934342503547668 10 15 0.11317025728820557
6 0.9546563625335693 11 14 0.1898451085161827
1 10.17751407623291 12 13 -0.05156105273382981
-1 0.0 0 0 0.02264076996417273
-1 0.0 0 0 -0.02850548047292978
-1 0.0 0 0 0.03189693343010731
-1 0.0 0 0 -0.014634462379110168
2 10.01520824432373 17 20 -0.0029259103370402597
5 2.0657918453216553 18 19 0.031040282366271117
-1 0.0 0 0 0.005031685209395858
-1 0.0 0 0 -0.005034134469419928
0 9.372714042663574 21 24 -0.006306909492050189
7 0.3449999988079071 22 23 -0.27693503293788657
-1 0.0 0 0 -0.00979360108904075
-1 0.0 0 0 -0.05496954474864262
4 0.8971639275550842 25 26 -0.005238826198980763
-1 0.0 0 0 -0.005973446265732301
4 0.8988752365112305 27 28 -0.0027212262909255313
-1 0.0 0 0 0.029655636217573597
-1 0.0 0 0 -0.00033989064709468624
nodes 29
5 2.2861592769622803 1 2 0.0
-1 0.0 0 0 -6.743676437146869e-05
6 0.7073236107826233 3 4 0.008376473923633066
-1 0.0 0 0 -0.0022120247761936883
1 10.142701148986816 5 14 0.021050100963510208
2 9.766865730285645 6 7 0.014834788478776818
-1 0.0 0 0 -0.006062446064304623
1 10.06662654876709 8 9 0.022655076725634066
-1 0.0 0 0 0.002702316431226064
7 0.22500000149011612 10 13 -0.12138169377791781
7 0.0950000025331974 11 12 -0.2046985142034195
-1 0.0 0 0 -0.007804226522624004
-1 0.0 0 0 -0.04539253267069017
-1 0.0 0 0 0.016251265730156943
2 11.11817741394043 15 16 0.12609829909563292
-1 0.0 0 0 0.03256152940947296
4 0.8748589754104614 17 20 0.07238218505741455
6 0.8519352674484253 18 19 -0.192075003515929
-1 0.0 0 0 0.00644298882127322
-1 0.0 0 0 -0.05462960444745564
2 11.272749900817871 21 26 0.1560711687831562
7 0.06499999947845936 22 23 -0.025335333113999742
-1 0.0 0 0 0.022142327640904114
4 1.1009514331817627 24 25 -0.20479614003984767
-1 0.0 0 0 -0.049468433775979544
-1 0.0 0 0 0.011270045746295226
2 11.390046119689941 27 28 0.3242040242000324
-1 0.0 0 0 0.04546225402238114
-1 0.0 0 0 0.00433026050718931
nodes 29
6 0.3701053261756897 1 28 0.0
3 0.3391939699649811 2 27 0.027576129476652077
1 8.89754581451416 3 4 0.012359810708702066
-1 0.0 0 0 0.010937044385132516
8 38.5 5 20 -0.018223862792084735
7 0.10500000044703484 6 17 0.03571910295436311
1 9.153558731079102 7 8 0.07462466890756875
-1 0.0 0 0 0.03153598272290669
3 0.1918889284133911 9 12 0.03485103405445166
2 11.171294212341309 10 11 -0.14151173120157587
-1 0.0 0 0 -0.03148257164672638
-1 0.0 0 0 0.005656139481635321
4 0.8601441383361816 13 14 0.07775008506267457
-1 0.0 0 0 -0.011997697439285056
4 0.9286068081855774 15 16 0.11755228534268287
-1 0.0 0 0 0.03414390331870595
-1 0.0 0 0 0.0030821383024591045
4 0.9433428049087524 18 19 -0.1728147305548191
-1 0.0 0 0 0.0008625099228488075
-1 0.0 0 0 -0.03858093133439189
4 0.9177775979042053 21 26 -0.11352310227747593
7 0.054999999701976776 22 25 -0.06948378040231293
0 11.289457321166992 23 24 -0.12387755122959368
-1 0.0 0 0 0.0021055206280659166
-1 0.0 0 0 -0.025295828838716262
-1 0.0 0 0 0.010839855122203763
-1 0.0 0 0 -0.04298055048354648
-1 0.0 0 0 0.022690990533679723
-1 0.0 0 0 -2.1823665068162005e-05
nodes 29
4 1.33632230758667 1 2 0.0
-1 0.0 0 0 4.3554709007517176e-05
8 28.5 3 18 -0.01345184857026993
5 1.5731408596038818 4 17 -0.0009701881596540291
3 0.9982849955558777 5 12 0.035494152761571474
0 10.527472496032715 6 11 -0.0516759913243487
2 10.341129302978516 7 8 -0.13960117348405118
-1 0.0 0 0 0.009564250825889527
3 0.9320298433303833 9 10 -0.3225684815063429
-1 0.0 0 0 0.0005125128784803329
-1 0.0 0 0 -0.0486415286651916
-1 0.0 0 0 0.010859269514396976
8 20.5 13 16 0.058635750536762184
6 0.9179651737213135 14 15 0.2301537837367505
-1 0.0 0 0 -0.0038041756530715664
-1 0.0 0 0 0.03854248859968625
-1 0.0 0 0 0.004544205567522463
-1 0.0 0 0 -0.0033298457049781393
5 1.5169514417648315 19 20 -0.06441487356812764
-1 0.0 0 0 -0.016630823352621706
6 0.9314167499542236 21 24 0.011764073782242035
3 0.3804496228694916 22 23 -0.04388486097455808
-1 0.0 0 0 -0.029798793620788133
-1 0.0 0 0 -0.0008742946314630397
0 9.83969497680664 25 28 0.12738419065559373
6 0.9609856605529785 26 27 0.28911379642784596
-1 0.0 0 0 0.05161964828553407
-1 0.0 0 0 0.009567298947109117
-1 0.0 0 0 -0.0025190909129549875
nodes 29
2 10.076894760131836 1 4 0.0
1 9.68862247467041 2 3 0.00923327903993354
-1 0.0 0 0 0.00021651320547525817
-1 0.0 0 0 0.00627769130509619
6 0.9885861277580261 5 6 -0.0006181558535743452
-1 0.0 0 0 -1.5078363042193152e-05
5 1.1681910753250122 7 14 -0.053157848410972104
5 1.144934892654419 8 13 0.07498366207762705
5 1.1103113889694214 9 10 -0.05373825661746072
-1 0.0 0 0 0.017633760693882193
0 10.913359642028809 11 12 -0.22879597888854536
-1 0.0 0 0 -0.044744523823261266
-1 0.0 0 0 0.003150075842582044
-1 0.0 0 0 0.032323307670386776
5 1.488929033279419 15 28 -0.07862053950967597
3 0.661563515663147 16 17 -0.1430083904077706
-1 0.0 0 0 -0.0452114001882297
2 11.23646068572998 18 27 -0.1170088529940254
2 10.821237564086914 19 20 -0.14685687258584743
-1 0.0 0 0 -0.007547517306347554
6 0.9934342503547668 21 24 -0.28024691714785555
7 0.16499999910593033 22 23 -0.11162945490737912
-1 0.0 0 0 0.015207561753366306
-1 0.0 0 0 -0.03362671092090076
2 10.940827369689941 25 26 -0.4523055520871172
-1 0.0 0 0 -0.07810665002401948
-1 0.0 0 0 -0.02255738637056844
-1 0.0 0 0 0.011209486495401409
-1 0.0 0 0 0.0004062014411124521
nodes 29
8 44.5 1 2 0.0
-1 0.0 0 0 -3.969728530080143e-05
6 0.9572452902793884 3 28 0.013843301252036958
7 0.004999999888241291 4 27 0.01639002039296206
5 1.4995249509811401 5 22 -0.024597698475805334
6 0.9075711965560913 6 21 -0.06204925283006784
6 0.8577600717544556 7 18 -0.08168305262486399
1 11.025571823120117 8 13 -0.045218655929328444
4 0.7576050758361816 9 12 -0.09965225033102984
3 0.5083959698677063 10 11 -0.010054503186011171
-1 0.0 0 0 -0.009924910467047736
-1 0.0 0 0 0.014752262610321244
-1 0.0 0 0 -0.01892499974760485
8 47.5 14 17 0.06364853287407432
1 11.131211280822754 15 16 0.16449416256867921
-1 0.0 0 0 0.04183618872470799
-1 0.0 0 0 -0.0007480747697334137
-1 0.0 0 0 -0.010551187822655324
0 11.402329444885254 19 20 -0.23822847981776657
-1 0.0 0 0 6.891973316669464e-05
-1 0.0 0 0 -0.03842337269646426
-1 0.0 0 0 0.009657118235420634
3 0.39346104860305786 23 26 0.031824948913804114
2 11.305557250976562 24 25 -0.06097728646267866
-1 0.0 0 0 -0.0014903623276163176
-1 0.0 0 0 -0.031019391915337608
-1 0.0 0 0 0.018051943968748676
-1 0.0 0 0 0.0028792208390153676
-1 0.0 0 0 -0.018281116741127337
nodes 29
7 0.6449999809265137 1 26 0.0
8 17.5 2 5 5.794861390799504e-05
2 10.86832046508789 3 4 0.11150796809233725
-1 0.0 0 0 -0.0013051012264830727
-1 0.0 0 0 0.02700375794560056
7 0.6050000190734863 6 23 -4.187611576733925e-06
7 0.5649999976158142 7 18 -7.690056765779483e-05
7 0.5550000071525574 8 17 4.799429737899103e-06
4 1.3883047103881836 9 10 -6.32757882580356e-05
-1 0.0 0 0 3.420451944869377e-05
0 10.909015655517578 11 16 -0.01794234389607511
1 10.792962074279785 12 13 -0.011643975841010009
-1 0.0 0 0 -0.0019105316608633424
1 10.83229923248291 14 15 0.17713816659461248
-1 0.0 0 0 0.04105322036907197
-1 0.0 0 0 0.00048711392141523817
-1 0.0 0 0 -0.020689338554802816
-1 0.0 0 0 0.021760237123817208
0 10.031925201416016 19 20 -0.07789006404469702
-1 0.0 0 0 0.013323863203792523
5 1.3291600942611694 21 22 -0.20893546161322116
-1 0.0 0 0 -0.0001384609600617772
-1 0.0 0 0 -0.032673459383659065
2 10.509278297424316 24 25 0.10860715488670394
-1 0.0 0 0 -0.006847389094764367
-1 0.0 0 0 0.02635530699917581
2 10.644591331481934 27 28 -0.09285419793533427
-1 0.0 0 0 -0.019938232727787077
-1 0.0 0 0 0.007178018377585845
nodes 29
0 11.013962745666504 1 20 0.0
0 11.001799583435059 2 3 0.00227629248250697
-1 0.0 0 0 6.905798443890865e-05
7 0.11499999836087227 4 7 0.06936378866414714
5 1.5290502309799194 5 6 0.0305040455649404
-1 0.0 0 0 0.005749314205518874
-1 0.0 0 0 -0.011828199918899272
7 0.3149999976158142 8 19 0.16974048100853875
2 10.805537223815918 9 10 0.20577237457108338
-1 0.0 0 0 0.059080422876609695
6 0.8990894556045532 11 18 0.16134562216396642
6 0.885573148727417 12 17 0.03203076711014926
3 0.7708216309547424 13 16 0.1658331434815549
8 33.5 14 15 0.014408205534614946
-1 0.0 0 0 -0.02131021495908499
-1 0.0 0 0 0.02852538663982636
-1 0.0 0 0 0.03835064917802811
-1 0.0 0 0 -0.03854326471686364
-1 0.0 0 0 0.026302066087040284
-1 0.0 0 0 -0.010685729016275968
0 11.029714584350586 21 28 -0.002367526090424239
3 0.795514702796936 22 25 -0.05236745283200654
3 0.7643207907676697 23 24 -0.015997579119523566
-1 0.0 0 0 -0.004685530171529286
-1 0.0 0 0 0.018772053394328664
3 0.9080924987792969 26 27 -0.10332251480802791
-1 0.0 0 0 -0.018571977692515593
-1 0.0 0 0 0.001974743839670369
-1 0.0 0 0 -7.163138635633938e-05
nodes 29
2 11.726810455322266 1 8 0.0
0 11.841753959655762 2 3 0.00014377665084272553
-1 0.0 0 0 2.573074627585796e-05
7 0.07499999925494194 4 7 -0.058097529861990405
6 0.8731541037559509 5 6 -0.10643747255542418
-1 0.0 0 0 -0.0045812370360869435
-1 0.0 0 0 -0.03468473605683138
-1 0.0 0 0 0.017393419506649178
5 1.1103113889694214 9 10 -0.03653072290630503
-1 0.0 0 0 -0.01887392929089921
7 0.014999999664723873 11 16 -0.019725360287711824
6 0.8847650289535522 12 15 -0.1124867354804764
5 1.2406848669052124 13 14 -0.17695594873225343
-1 0.0 0 0 -0.03371623652772262
-1 0.0 0 0 -0.008008695268180481
-1 0.0 0 0 0.00409055305323724
8 31.5 17 20 0.021784296191242187
5 1.2240574359893799 18 19 -0.0821895992047474
-1 0.0 0 0 8.199103630897477e-05
-1 0.0 0 0 -0.025235909381881357
8 33.5 21 22 0.06192611656564323
-1 0.0 0 0 0.024583588424138728
4 0.9945218563079834 23 28 0.015218873981327291
1 11.550125122070312 24 25 0.07239702504386406
-1 0.0 0 0 -0.003974881023168564
5 1.2067127227783203 26 27 0.13723133606254123
-1 0.0 0 0 0.0030451960861682895
-1 0.0 0 0 0.03151969613973051
-1 0.0 0 0 -0.02157808563113213
nodes 29
7 0.014999999664723873 1 28 0.0
6 0.8782674074172974 2 25 0.004695502979343327
6 0.8661094903945923 3 14 -0.0023883241192878086
0 11.276379585266113 4 13 0.0023882956829612127
0 11.180859565734863 5 8 0.013205759740374651
6 0.8651617169380188 6 7 0.0027130125897076155
-1 0.0 0 0 0.00010497214195874884
-1 0.0 0 0 0.026864950938948563
0 11.200021743774414 9 12 0.07096202484829849
5 2.0657918453216553 10 11 0.16921379047963353
-1 0.0 0 0 0.013073517232618515
-1 0.0 0 0 0.04637232140387194
-1 0.0 0 0 0.004325945935074161
-1 0.0 0 0 -0.002042609602481344
4 0.7727840542793274 15 16 -0.049715459109450084
-1 0.0 0 0 0.023414952301040848
4 1.0067356824874878 17 18 -0.06609228500098038
-1 0.0 0 0 -0.0029206568868178975
1 10.888557434082031 19 24 -0.13351179636153884
3 0.9982849955558777 20 23 -0.013801042924266463
4 1.1131058931350708 21 22 -0.060902402608257813
-1 0.0 0 0 0.003698793535359797
-1 0.0 0 0 -0.025161978518911478
-1 0.0 0 0 0.03697386002168059
-1 0.0 0 0 -0.02988676572245338
5 5.807991981506348 26 27 0.0159867574203939
-1 0.0 0 0 0.0014354598411002821
-1 0.0 0 0 0.02978899135039403
-1 0.0 0 0 -0.0001142697557660549
nodes 29
8 26.5 1 28 0.0
3 0.9581641554832458 2 3 -0.005813915745456194
-1 0.0 0 0 -0.0014650149630032136
6 0.9853532314300537 4 21 0.01272157279428769
6 0.952968180179596 5 8 0.0188316687457001
2 10.728846549987793 6 7 0.003641978961268135
-1 0.0 0 0 0.004835427267267975
-1 0.0 0 0 -0.001314522530326288
8 20.5 9 12 0.060087235928974754
7 0.3449999988079071 10 11 0.22889335753554302
-1 0.0 0 0 0.012958277181697717
-1 0.0 0 0 0.04804801746892433
1 9.993465423583984 13 18 0.03975377128091085
7 0.08500000089406967 14 15 -0.1133845395262481
-1 0.0 0 0 0.01824086484964937
2 10.201553344726562 16 17 -0.18552921953179488
-1 0.0 0 0 -0.005259481041381756
-1 0.0 0 0 -0.03732013265218805
5 1.6674343347549438 19 20 0.059831030538404696
-1 0.0 0 0 0.004797420967311143
-1 0.0 0 0 0.05092045413330198
7 0.13499999791383743 22 23 -0.10149981274640149
-1 0.0 0 0 -0.03744004792625121
2 10.590038299560547 24 25 -0.005514061075217765
-1 0.0 0 0 -0.014419198984059654
2 10.88211441040039 26 27 0.14723264307215594
-1 0.0 0 0 0.03880689144134522
-1 0.0 0 0 -0.001724090808775367
-1 0.0 0 0 8.931786030855185e-05
nodes 29
6 0.2628852427005768 1 24 0.0
2 10.678145408630371 2 5 0.035549336696153185
8 33.5 3 4 0.1710016392856179
-1 0.0 0 0 0.03816000982795073
-1 0.0 0 0 0.006336242691096332
0 11.447650909423828 6 21 0.0032308925695440594
1 9.71190357208252 7 20 -0.030100227074172887
2 11.150260925292969 8 17 -0.054115214503091584
0 11.227720260620117 9 16 -0.0074440292253020075
8 38.5 10 15 -0.0583817325213562
0 11.005626678466797 11 14 0.0179942494514119
5 5.807991981506348 12 13 -0.06496289400204278
-1 0.0 0 0 -0.02331004091145385
-1 0.0 0 0 0.016784289615372053
-1 0.0 0 0 0.015700351685990353
-1 0.0 0 0 -0.028750967843966052
-1 0.0 0 0 0.020945199771273522
4 0.9630327820777893 18 19 -0.21949354494395462
-1 0.0 0 0 -0.0357593481715482
-1 0.0 0 0 -0.003996362714096904
-1 0.0 0 0 0.014915450052025596
5 6.678723335266113 22 23 0.16780329581039646
-1 0.0 0 0 0.0035764799118041994
-1 0.0 0 0 0.031132340091078178
3 0.13210244476795197 25 28 -0.0001403132530953937
6 0.9785386323928833 26 27 -0.029311477441511496
-1 0.0 0 0 -0.0038145455861068782
-1 0.0 0 0 0.01930523793479162
-1 0.0 0 0 1.6155172952516404e-05
nodes 29
8 41.5 1 2 0.0
-1 0.0 0 0 -6.067626819999134e-05
5 1.401145100593567 3 16 0.008263311596360071
3 0.5410680174827576 4 7 -0.009847387950608402
6 0.7779137492179871 5 6 -0.07797343636184563
-1 0.0 0 0 0.008063177682418862
-1 0.0 0 0 -0.012459222106828382
7 0.004999999888241291 8 11 -0.000401633206838777
4 0.9778675436973572 9 10 -0.05814219527459351
-1 0.0 0 0 -0.004378465440381798
-1 0.0 0 0 -0.027473595469657865
8 49.5 12 15 0.01338459938185754
0 10.167888641357422 13 14 0.006246125852511849
-1 0.0 0 0 0.025340265660516677
-1 0.0 0 0 0.00028469011615924605
-1 0.0 0 0 0.02368285995812398
6 0.891730010509491 17 18 0.029654002893667295
-1 0.0 0 0 0.0019714951126013915
6 0.9103891849517822 19 24 0.12493438638057
2 10.509278297424316 20 21 0.29018211503752905
-1 0.0 0 0 -0.0016742925066500901
8 42.5 22 23 0.3659660755570426
-1 0.0 0 0 0.011410203845007346
-1 0.0 0 0 0.04485444483789997
4 0.59111487865448 25 26 0.023782746414795067
-1 0.0 0 0 -0.023028514008969072
5 1.4524736404418945 27 28 0.06915201186202466
-1 0.0 0 0 -0.016139379489634717
-1 0.0 0 0 0.014600061411481527
nodes 29
7 0.6449999809265137 1 26 0.0
7 0.6050000190734863 2 23 5.5511135102421706e-05
8 17.5 3 6 -4.679112089026697e-06
6 0.9274286031723022 4 5 0.11214473136165674
-1 0.0 0 0 -0.003066600814623677
-1 0.0 0 0 0.02490050233900547
4 1.33632230758667 7 12 -6.349304496562006e-05
7 0.5649999976158142 8 9 0.0003443503742339909
-1 0.0 0 0 4.5854134556394156e-05
4 1.098548412322998 10 11 -0.1595911557125228
-1 0.0 0 0 -0.0017649677900695487
-1 0.0 0 0 -0.03843318289145828
3 0.32347357273101807 13 18 -0.01307898525393624
0 9.83969497680664 14 15 -0.17713325099546962
-1 0.0 0 0 0.015275374427437783
6 0.9048411250114441 16 17 -0.3612562250995705
-1 0.0 0 0 -0.01592281988067996
-1 0.0 0 0 -0.05541011592881247
2 11.463651657104492 19 22 -0.008940568158799666
2 11.301068305969238 20 21 -0.011139189561072271
-1 0.0 0 0 -0.0006671561454980653
-1 0.0 0 0 -0.011965100298402831
-1 0.0 0 0 0.021345844291723693
2 10.509278297424316 24 25 0.08572534090351491
-1 0.0 0 0 -0.007838175060848395
-1 0.0 0 0 0.023491360591442297
2 10.644591331481934 27 28 -0.08894894172304443
-1 0.0 0 0 -0.017941585522802436
-1 0.0 0 0 0.005086356096647003
nodes 29
2 10.076894760131836 1 18 0.0
6 0.7120770812034607 2 3 0.00844279299514252
-1 0.0 0 0 0.0075568843711857
6 0.9563049077987671 4 17 0.003519278130228237
7 0.5550000071525574 5 16 -0.009475066392386931
8 25.5 6 15 -0.011197720400178059
3 0.9259710907936096 7 10 -0.07186864015050189
5 1.3250535726547241 8 9 -0.11722460514873424
-1 0.0 0 0 -0.027858140621538043
-1 0.0 0 0 -0.007455173213937328
5 1.922374963760376 11 14 0.03828156055949096
7 0.1249999962747097 12 13 0.10807386051270772
-1 0.0 0 0 -0.005479950533837688
-1 0.0 0 0 0.026768975904677063
-1 0.0 0 0 -0.02176235392689705
-1 0.0 0 0 -0.00032649609170848706
-1 0.0 0 0 0.029699328470797766
-1 0.0 0 0 0.003624029178402528
2 10.157547950744629 19 28 -0.0005652338883637313
8 32.5 20 27 -0.04353851311863664
4 1.2623183727264404 21 24 -0.08032344419237537
4 1.0365757942199707 22 23 -0.10453831020759187
-1 0.0 0 0 -0.004651704623463585
-1 0.0 0 0 -0.018794387716871613
1 9.411728858947754 25 26 0.051686631826063
-1 0.0 0 0 -0.020089277463893482
-1 0.0 0 0 0.01497025209020323
-1 0.0 0 0 0.00046513529168289386
-1 0.0 0 0 -1.8086860520890002e-06
nodes 29
4 0.916279137134552 1 28 0.0
8 38.5 2 3 -0.003376836452191091
-1 0.0 0 0 -0.0009824146880850887
6 0.8374360799789429 4 15 0.006707958517631169
2 10.899513244628906 5 10 -0.006002482370329415
4 0.9004796743392944 6 7 0.01841672217028886
-1 0.0 0 0 0.0013387724346937374
3 0.6162736415863037 8 9 0.2096920531756919
-1 0.0 0 0 -0.008140149550593417
-1 0.0 0 0 0.040098209945218906
0 11.086670875549316 11 14 -0.022431926376260996
7 0.014999999664723873 12 13 -0.21601413380121812
-1 0.0 0 0 -0.0010817828752538738
-1 0.0 0 0 -0.036768096796763336
-1 0.0 0 0 -0.0017717595601832816
5 1.2716519832611084 16 21 0.020786485034421827
2 11.491875648498535 17 20 -0.002790039303310767
0 10.231639862060547 18 19 -0.013252695059493714
-1 0.0 0 0 0.016617225141574942
-1 0.0 0 0 -0.0019122116298120476
-1 0.0 0 0 0.010530821766852487
4 0.7819244861602783 22 23 0.043488792942481834
-1 0.0 0 0 0.00010632470401868931
5 1.426382064819336 24 27 0.07671044975440287
5 1.2966986894607544 25 26 0.04697827703100355
-1 0.0 0 0 0.015856188661418854
-1 0.0 0 0 0.0010930708590033361
-1 0.0 0 0 0.012532875760155857
-1 0.0 0 0 0.00014881314235764762
nodes 29
4 0.531443178653717 1 16 0.0
6 0.9885861277580261 2 15 -0.034730233873843996
6 0.8969990015029907 3 14 -0.0462827786782969
7 0.11499999836087227 4 11 -0.01744043254916089
7 0.004999999888241291 5 8 0.003092253078776003
6 0.7586787343025208 6 7 -0.09806873667511647
-1 0.0 0 0 0.0005058722402383056
-1 0.0 0 0 -0.025948562914424617
3 0.3391939699649811 9 10 0.03840881163191006
-1 0.0 0 0 0.0002370231994427741
-1 0.0 0 0 0.02561418969416991
0 10.72744369506836 12 13 -0.12147270639737447
-1 0.0 0 0 0.0016295557531217737
-1 0.0 0 0 -0.027892215088719415
-1 0.0 0 0 -0.017751545356586577
-1 0.0 0 0 0.015761963712029686
5 2.2861592769622803 17 18 0.0001370802778407353
-1 0.0 0 0 -5.20551204462812e-05
6 0.7073236107826233 19 20 0.008445191420509406
-1 0.0 0 0 -0.0021401913695080735
1 10.142701148986816 21 22 0.02065070863272668
-1 0.0 0 0 0.0014884744067210783
2 11.11817741394043 23 24 0.11696204831451885
-1 0.0 0 0 0.03149740382986651
2 11.15356159210205 25 26 0.06460310865524942
-1 0.0 0 0 -0.03397208252202042
4 0.844559371471405 27 28 0.11242636965127081
-1 0.0 0 0 -0.015705959519254974
-1 0.0 0 0 0.01684234532551816
nodes 29
5 1.5577582120895386 1 20 0.0
6 0.7167137265205383 2 19 0.0010813385383950445
5 1.4700937271118164 3 4 0.037172192893417465
-1 0.0 0 0 0.006698519947256946
1 10.867138862609863 5 18 -1.4710480905611626e-05
6 0.6840701103210449 6 13 0.033754645893688734
4 0.9586514234542847 7 8 0.06309926566381205
-1 0.0 0 0 0.010649134387935223
0 11.188426971435547 9 12 0.0010733520584152983
6 0.676593005657196 10 11 0.0271001001012822
-1 0.0 0 0 0.005617636773770429
-1 0.0 0 0 -0.019304878343162794
-1 0.0 0 0 -0.023553344833128383
1 10.586609840393066 14 17 -0.12039988263897211
2 10.88211441040039 15 16 -0.2054322524883626
-1 0.0 0 0 -0.010471722864285979
-1 0.0 0 0 -0.06385068550240248
-1 0.0 0 0 0.006737993411176528
-1 0.0 0 0 -0.012606079648375193
-1 0.0 0 0 -3.2348881602983e-05
1 10.9443998336792 21 26 -0.00478555511425278
2 11.240355491638184 22 23 -0.003587874448815463
-1 0.0 0 0 -0.0006614577058820532
4 0.823743999004364 24 25 0.03089131278349228
-1 0.0 0 0 -0.005907331383610709
-1 0.0 0 0 0.005338246943839212
2 11.463651657104492 27 28 -0.10681921472132672
-1 0.0 0 0 -0.03164084224369038
-1 0.0 0 0 -0.004450890972480379
nodes 29
6 0.3701053261756897 1 28 0.0
3 0.3391939699649811 2 27 0.025174145100156097
2 10.665367126464844 3 4 0.01140189683153685
-1 0.0 0 0 0.010470926214992586
7 0.13499999791383743 5 26 -0.012822130703044912
7 0.054999999701976776 6 19 0.002710438702585331
4 0.9806987643241882 7 14 -0.03843380601563472
5 10.992009162902832 8 13 -0.07886627388625855
4 0.9519538879394531 9 12 -0.11991469910500227
8 39.5 10 11 -0.08716504919307717
-1 0.0 0 0 0.0013294180965220388
-1 0.0 0 0 -0.019445160567281246
-1 0.0 0 0 -0.046869847066700464
-1 0.0 0 0 0.02399431619793177
2 11.280627250671387 15 18 0.09448793210904113
3 0.1918889284133911 16 17 0.18485597371278953
-1 0.0 0 0 0.041448893916347755
-1 0.0 0 0 0.004211115735155102
-1 0.0 0 0 -0.0176616192702204
0 11.289457321166992 20 25 0.10572121197520926
2 11.075691223144531 21 24 0.006678870974054325
2 11.02436637878418 22 23 0.07186523992680462
-1 0.0 0 0 -0.0007011865494802359
-1 0.0 0 0 0.03203281220048666
-1 0.0 0 0 -0.026384456017985943
-1 0.0 0 0 0.04057612450081198
-1 0.0 0 0 -0.019921296357060785
-1 0.0 0 0 0.020559059741906822
-1 0.0 0 0 -1.9922728275502208e-05
nodes 29
7 0.6349999904632568 1 24 0.0
7 0.6050000190734863 2 21 6.162565184743346e-05
8 17.5 3 6 -7.801263303870623e-07
1 9.579625129699707 4 5 0.09849321915510487
-1 0.0 0 0 0.024805829057558664
-1 0.0 0 0 -0.002230933853066885
4 1.33632230758667 7 12 -5.2432822836015784e-05
7 0.5649999976158142 8 9 0.00033651321411007454
-1 0.0 0 0 4.4205987332125794e-05
4 1.098548412322998 10 11 -0.14749179720397917
-1 0.0 0 0 -0.0020897742213779372
-1 0.0 0 0 -0.03479323842717956
3 0.32347357273101807 13 16 -0.012464853559001387
2 10.652092933654785 14 15 -0.1600921444139624
-1 0.0 0 0 0.006597625881885037
-1 0.0 0 0 -0.03795114769634572
3 0.44808444380760193 17 20 -0.008740821749030608
1 8.89754581451416 18 19 0.1286981712996227
-1 0.0 0 0 -0.02133303496055305
-1 0.0 0 0 0.02955413522289657
-1 0.0 0 0 -0.0011971564938228238
6 0.9619181752204895 22 23 0.12724034663882444
-1 0.0 0 0 0.032593969271207855
-1 0.0 0 0 -0.01111988686490804
6 0.9572452902793884 25 26 -0.07371495306491851
-1 0.0 0 0 -0.02523146622158863
2 10.499765396118164 27 28 0.026747383332500856
-1 0.0 0 0 -0.013845674997126614
-1 0.0 0 0 0.02391526975802013
nodes 29
6 0.8731541037559509 1 28 0.0
6 0.872336745262146 2 15 -0.002347239710465255
5 1.2640516757965088 3 8 -0.001582762562013457
6 0.8134996294975281 4 5 0.01019817725123874
-1 0.0 0 0 0.004709958556264542
7 0.24499999731779099 6 7 0.0018308670383787467
-1 0.0 0 0 -6.446897586106445e-05
-1 0.0 0 0 0.016356058971911308
6 0.7779137492179871 9 14 -0.005538360802195636
5 1.4651315212249756 10 11 0.004435322787179441
-1 0.0 0 0 0.002463130072876007
1 10.9443998336792 12 13 -0.012099529901448991
-1 0.0 0 0 -0.0006521639905718857
-1 0.0 0 0 -0.013560995123547344
-1 0.0 0 0 -0.0014760217467996073
2 10.940827369689941 16 23 -0.089525868165021
1 10.00793743133545 17 18 0.018078055711882996
-1 0.0 0 0 0.024734639923553917
1 10.2002534866333 19 20 -0.0339544761516418
-1 0.0 0 0 -0.037413241625541736
0 10.616216659545898 21 22 0.025576663366518915
-1 0.0 0 0 0.029191775666549805
-1 0.0 0 0 -0.004100860995822586
1 10.743221282958984 24 25 -0.19352295660471033
-1 0.0 0 0 -0.05937964323569428
8 30.5 26 27 -0.13743367974770962
-1 0.0 0 0 0.0054609259675172245
-1 0.0 0 0 -0.021221146146989372
-1 0.0 0 0 0.0001928121922095843
nodes 29
7 0.014999999664723873 1 28 0.0
6 0.8149454593658447 2 9 0.004318794244105391
0 11.34406852722168 3 8 -0.007326898993068385
6 0.8134996294975281 4 7 0.004840850224761627
5 1.233883261680603 5 6 0.007413313303957682
-1 0.0 0 0 0.025393305175006393
-1 0.0 0 0 0.00046570550476282297
-1 0.0 0 0 -0.01714118474134893
-1 0.0 0 0 -0.004304387494406269
3 0.7805536985397339 10 15 0.010589708986454678
3 0.15322230756282806 11 12 0.026706154986282756
-1 0.0 0 0 0.021561914930740993
5 3.739147901535034 13 14 0.02481037317707426
-1 0.0 0 0 0.002779159460428393
-1 0.0 0 0 -0.0164632697515613
5 1.2200288772583008 16 23 -0.005671291840315227
5 1.1858004331588745 17 20 0.0098903623649646
4 1.1465388536453247 18 19 -0.008295636085031352
-1 0.0 0 0 -0.0015587888426758642
-1 0.0 0 0 0.012511943516702477
8 39.5 21 22 0.051695180101552766
-1 0.0 0 0 0.006088381163206093
-1 0.0 0 0 -0.023855747471508735
2 11.362113952636719 24 25 -0.033676139757743966
-1 0.0 0 0 -0.0018333538013795706
1 11.156022071838379 26 27 -0.14005550731832273
-1 0.0 0 0 -0.03059873057839771
-1 0.0 0 0 -0.008926005880842853
-1 0.0 0 0 -0.0001051021775171579
nodes 29
5 2.2861592769622803 1 2 0.0
-1 0.0 0 0 -6.1080253750232e-05
6 0.7073236107826233 3 26 0.0075869176757176245
1 10.457114219665527 4 25 -0.018994348149435555
2 11.297414779663086 5 20 -0.014780435958697168
3 0.30918973684310913 6 17 -0.024609786104016654
1 9.978084564208984 7 12 -0.047040018968010355
1 9.924906730651855 8 11 -0.03643589236152122
0 11.493906021118164 9 10 -0.04353851576458202
-1 0.0 0 0 -0.005092489634081455
-1 0.0 0 0 0.03180986772477627
-1 0.0 0 0 0.026946675006685586
4 0.7067099809646606 13 14 -0.21434957209261662
-1 0.0 0 0 0.012534730807370085
6 0.44604986906051636 15 16 -0.3410162053749723
-1 0.0 0 0 -0.012224958584673944
-1 0.0 0 0 -0.05832221055669445
6 0.44604986906051636 18 19 0.043737044528645755
-1 0.0 0 0 0.013873136872591982
-1 0.0 0 0 -0.005211308439112629
8 38.5 21 24 0.12169631028977725
4 1.002589225769043 22 23 0.24154225848352825
-1 0.0 0 0 0.03907789193532046
-1 0.0 0 0 -0.013901122673414649
-1 0.0 0 0 -0.002252508499422821
-1 0.0 0 0 -0.030016400639353125
2 9.700697898864746 27 28 0.018633385318671675
-1 0.0 0 0 -0.0060329404991497255
-1 0.0 0 0 0.0025203060515231685
nodes 29
6 0.7120770812034607 1 28 0.0
5 1.4700937271118164 2 3 0.0076827588624341515
-1 0.0 0 0 0.006609152311378263
6 0.6840701103210449 4 19 -0.005401860032245754
8 28.5 5 6 0.003723745115156262
-1 0.0 0 0 0.007379784224986457
5 1.731303334236145 7 16 -0.0036990406930356083
2 11.14676284790039 8 11 0.027297569945225742
1 10.635398864746094 9 10 0.06663583251920847
-1 0.0 0 0 0.00469176084189924
-1 0.0 0 0 0.02347444876217807
2 11.1640625 12 13 -0.0451092462170415
-1 0.0 0 0 -0.029666862125547297
5 1.712957739830017 14 15 -0.026841697046323335
-1 0.0 0 0 -0.004060291006434391
-1 0.0 0 0 0.032324356213212016
6 0.5732239484786987 17 18 -0.027176729232132397
-1 0.0 0 0 -0.00018070930518708365
-1 0.0 0 0 -0.009333743579721072
1 10.37020492553711 20 21 -0.08588159962571609
-1 0.0 0 0 -0.0019856955858069177
1 10.60313892364502 22 25 -0.21234671331001492
4 0.891810953617096 23 24 -0.3693747110613104
-1 0.0 0 0 -0.018601393083150945
-1 0.0 0 0 -0.05610700722106479
2 11.327679634094238 26 27 -0.08502671513328883
-1 0.0 0 0 0.002476449973088362
-1 0.0 0 0 -0.030460914486163372
-1 0.0 0 0 -6.539327892484987e-05
nodes 29
2 11.429935455322266 1 2 0.0
-1 0.0 0 0 -5.935270082285518e-05
6 0.7249400615692139 3 4 0.007817393635573032
-1 0.0 0 0 -0.0049234311314707395
2 11.556808471679688 5 28 0.012684085835853889
3 0.5751239657402039 6 11 0.024535498364235745
7 0.13499999791383743 7 10 0.1342621187407834
7 0.06499999947845936 8 9 0.07402831413902533
-1 0.0 0 0 0.014058908434743259
-1 0.0 0 0 -0.019800265975620436
-1 0.0 0 0 0.03952752720150683
3 0.9154114127159119 12 15 0.02032087224147691
7 0.32500000298023224 13 14 0.01140342984452797
-1 0.0 0 0 0.0013524900070369548
-1 0.0 0 0 -0.021544235073296086
8 35.5 16 27 0.057388975300045976
6 0.8350045680999756 17 18 0.046183247604000166
-1 0.0 0 0 0.02501706428825855
4 1.1246236562728882 19 24 0.03533285423811797
7 0.07499999925494194 20 23 0.08673501494947983
7 0.024999999441206455 21 22 0.006701518815795057
-1 0.0 0 0 0.009289865309470579
-1 0.0 0 0 -0.007949561546311566
-1 0.0 0 0 0.0184840590855287
5 1.1467900276184082 25 26 -0.021324479453319226
-1 0.0 0 0 -0.0253710418557083
-1 0.0 0 0 0.0001506419827050546
-1 0.0 0 0 0.028578807216356784
-1 0.0 0 0 -0.0011037019034578278
nodes 29
8 44.5 1 26 0.0
4 0.667130172252655 2 19 -0.000363812119249818
0 10.850889205932617 3 14 -0.02964006234084278
0 10.798881530761719 4 13 0.020607700960246566
5 1.7999929189682007 5 10 0.00852220350869521
3 0.49516215920448303 6 9 0.05940247904544187
6 0.7291264533996582 7 8 0.0851404665967388
-1 0.0 0 0 0.02650091722607613
-1 0.0 0 0 0.005573885124781205
-1 0.0 0 0 -0.018974124045111243
1 9.296609878540039 11 12 -0.04413296536072866
-1 0.0 0 0 7.488687833548911e-06
-1 0.0 0 0 -0.02923770587031658
-1 0.0 0 0 0.025560348474041178
7 0.29500000178813934 15 18 -0.07934752711181288
1 9.825417518615723 16 17 -0.06599722775464409
-1 0.0 0 0 -0.016865369854783714
-1 0.0 0 0 -0.0032807541708724536
-1 0.0 0 0 -0.03143127957979838
5 2.2861592769622803 20 21 1.3288405797680559e-05
-1 0.0 0 0 -9.122898611358642e-05
2 11.491875648498535 22 25 0.012247536430399893
2 11.415169715881348 23 24 0.010623104756599023
-1 0.0 0 0 0.0012586805176612644
-1 0.0 0 0 -0.025037449995676676
-1 0.0 0 0 0.029192825832537246
6 0.9572452902793884 27 28 0.012686912485105187
-1 0.0 0 0 0.0014943463538390463
-1 0.0 0 0 -0.01615611391607672
nodes 29
8 33.5 1 8 0.0
6 0.7207794189453125 2 5 -0.0017718616384331013
5 1.4482566118240356 3 4 0.026814753412069743
-1 0.0 0 0 0.008272477699309026
-1 0.0 0 0 0.0012112028807393397
4 0.9519538879394531 6 7 -0.0034050548112281283
-1 0.0 0 0 -0.0018622781160057677
-1 0.0 0 0 1.2391133460828959e-05
4 1.115883708000183 9 28 0.002517486115513466
0 11.196075439453125 10 11 0.004039215468186766
-1 0.0 0 0 0.0010876804348858822
2 11.082865715026855 12 17 -0.004502552887447535
4 0.8623024225234985 13 14 -0.04059626547861312
-1 0.0 0 0 -0.0033351469799541636
1 10.867138862609863 15 16 -0.24304238698956832
-1 0.0 0 0 -0.007958968574220831
-1 0.0 0 0 -0.05631372602656484
1 8.89754581451416 18 19 0.0007962454676635727
-1 0.0 0 0 0.025614365190267566
1 9.038958549499512 20 21 -0.00026617559210907434
-1 0.0 0 0 -0.03902413629367948
5 1.2039015293121338 22 23 0.00043446254541281874
-1 0.0 0 0 -0.0021478479728035877
6 0.8749106526374817 24 27 0.008380371793217413
5 1.2775819301605225 25 26 -0.005395299749281544
-1 0.0 0 0 0.0030881085264076163
-1 0.0 0 0 -0.0018063029584738178
-1 0.0 0 0 0.004219507839415532
-1 0.0 0 0 -0.005337781575323001
nodes 29
5 10.992009162902832 1 4 0.0
8 16.5 2 3 0.00013894123604883622
-1 0.0 0 0 0.01860256638777043
-1 0.0 0 0 9.528389471377201e-06
2 11.06524658203125 5 24 -0.03530214150619444
1 8.347590446472168 6 21 -0.08104067622110821
6 0.6273826360702515 7 10 -0.04205300623006676
8 35.5 8 9 -0.1779453655740676
-1 0.0 0 0 -0.033724063821136956
-1 0.0 0 0 -0.007838582017575391
6 0.9287620782852173 11 18 0.00026078230818499346
6 0.893263041973114 12 17 0.06657274321881695
6 0.8538607954978943 13 16 -0.006718303847851025
7 0.1249999962747097 14 15 0.08467398337511854
-1 0.0 0 0 -0.0035070733491782895
-1 0.0 0 0 0.02642910586754707
-1 0.0 0 0 -0.015033475519823179
-1 0.0 0 0 0.03414141697188219
6 0.9506422281265259 19 20 -0.14237249210336297
-1 0.0 0 0 -0.028518607272278697
-1 0.0 0 0 -0.004865107982186601
0 11.025849342346191 22 23 -0.2892918891000857
-1 0.0 0 0 -0.046566994630155116
-1 0.0 0 0 -0.010409492903854699
8 35.5 25 26 0.0939589348620401
-1 0.0 0 0 -0.013288164521671003
4 0.829142153263092 27 28 0.23978502205552235
-1 0.0 0 0 0.007653750017373662
-1 0.0 0 0 0.04151249529655885
nodes 29
6 0.9123948812484741 1 2 0.0
-1 0.0 0 0 -0.00015225961249186495
4 0.7941758036613464 3 8 0.0028895664779457516
0 11.640289306640625 4 5 -0.029274566031610497
-1 0.0 0 0 -0.0021764908656170387
1 11.206454277038574 6 7 -0.1854081887777012
-1 0.0 0 0 -0.03605454498294207
-1 0.0 0 0 -0.0004963737997141751
8 26.5 9 28 0.00448007057494667
3 0.9444273710250854 10 27 -0.007971238482504861
2 10.509278297424316 11 12 -0.020957473676044794
-1 0.0 0 0 0.002237038629096975
0 10.918011665344238 13 24 -0.03949840185647124
8 25.5 14 23 -0.08969399880995174
6 0.9443364143371582 15 16 -0.05793159157649815
-1 0.0 0 0 0.0002577026357556826
4 0.9821065664291382 17 18 -0.10879557211688973
-1 0.0 0 0 0.03446949652085702
2 10.983222961425781 19 22 -0.13043329159166317
7 0.5249999761581421 20 21 -0.15887723525988154
-1 0.0 0 0 -0.013764581222799332
-1 0.0 0 0 -0.05511970086752073
-1 0.0 0 0 0.010125555865127932
-1 0.0 0 0 -0.016465637111274977
2 10.899513244628906 25 26 0.007434651219193334
-1 0.0 0 0 0.03806245775650377
-1 0.0 0 0 0.00015313717790596198
-1 0.0 0 0 0.0010882132497515228
-1 0.0 0 0 0.0008271632543044403
nodes 29
8 41.5 1 2 0.0
-1 0.0 0 0 -5.753475852446741e-05
5 1.426382064819336 3 4 0.007835481131770195
-1 0.0 0 0 -0.000842697820807002
6 0.7436794638633728 5 8 0.03012339819690821
3 0.6264623403549194 6 7 0.001683591587739466
-1 0.0 0 0 -0.0004130777708104699
-1 0.0 0 0 0.02333773983766812
6 0.7530470490455627 9 12 0.06096560198545163
2 10.956177711486816 10 11 0.2863012547791004
-1 0.0 0 0 0.008144312917158522
-1 0.0 0 0 0.05692005710942405
3 0.3681817650794983 13 16 0.05152152600918806
3 0.35399526357650757 14 15 -0.014583696548245723
-1 0.0 0 0 0.0008096698733077656
-1 0.0 0 0 -0.027249219146158018
6 0.8765882849693298 17 26 0.089184106755726
5 1.6976193189620972 18 25 0.05389783338052095
7 0.004999999888241291 19 20 0.030012265184483623
-1 0.0 0 0 0.016774086621541954
4 0.9037287831306458 21 24 -0.006291197587257636
4 0.8665487766265869 22 23 0.02289358947615742
-1 0.0 0 0 -0.0003732394787948579
-1 0.0 0 0 0.02983348060013919
-1 0.0 0 0 -0.025249106794273335
-1 0.0 0 0 0.017730660239338048
1 9.867135047912598 27 28 0.18471523711298843
-1 0.0 0 0 -0.005413022743804115
-1 0.0 0 0 0.023388930334408278
nodes 29
6 0.2628852427005768 1 26 0.0
2 10.678145408630371 2 7 0.032847440061515604
8 37.5 3 6 0.15226904456914567
4 0.916279137134552 4 5 0.2645756996214567
-1 0.0 0 0 0.04489618396342156
-1 0.0 0 0 0.00801895596086979
-1 0.0 0 0 -0.0029149398207664492
1 9.887001991271973 8 25 0.004353864249168781
1 8.821880340576172 9 12 -0.01299390719610859
1 8.506738662719727 10 11 0.10604901740883003
-1 0.0 0 0 -0.0072702307874957725
-1 0.0 0 0 0.03046616010574831
2 11.346918106079102 13 24 -0.04577384295688879
0 11.325282096862793 14 23 -0.07163589339082439
0 11.005626678466797 15 18 -0.03789520072168671
0 10.918011665344238 16 17 -0.14068870951554605
-1 0.0 0 0 0.00019532085368127532
-1 0.0 0 0 -0.03453488528080609
2 11.14676284790039 19 22 0.017455150167314477
2 11.049667358398438 20 21 0.1296147916343857
-1 0.0 0 0 -0.002281924989074469
-1 0.0 0 0 0.034911981143057345
-1 0.0 0 0 -0.014165503889062379
-1 0.0 0 0 -0.027927092520090253
-1 0.0 0 0 0.01832900323151123
-1 0.0 0 0 0.022244013384694145
3 0.13210244476795197 27 28 -0.00012964893237655384
-1 0.0 0 0 -0.002669844003100666
-1 0.0 0 0 1.4528653510890328e-05
nodes 29
2 10.076894760131836 1 28 0.0
1 9.68862247467041 2 3 0.007818639817114907
-1 0.0 0 0 0.00014965638662819015
6 0.7902644276618958 4 5 0.05571053023917864
-1 0.0 0 0 0.03079356877798481
0 9.83969497680664 6 9 0.04448270128665282
7 0.10500000044703484 7 8 0.20325601389631628
-1 0.0 0 0 0.04145651933337961
-1 0.0 0 0 0.0038904429889387556
5 1.262695074081421 10 23 0.021346335150454133
0 9.886900901794434 11 12 0.07165214455262657
-1 0.0 0 0 -0.020199611971879174
0 9.962841033935547 13 16 0.10597736237064419
5 1.2133381366729736 14 15 0.27436104473536427
-1 0.0 0 0 0.03982789116368319
-1 0.0 0 0 -0.0008879793896561577
6 0.8519352674484253 17 18 0.052681609695572236
-1 0.0 0 0 0.039438181270465805
3 0.6459174752235413 19 20 0.0043784396366962275
-1 0.0 0 0 -0.024852237263412187
4 0.8369179368019104 21 22 0.05719949536414558
-1 0.0 0 0 0.0385455235195834
-1 0.0 0 0 0.0006882922105273626
7 0.17500000447034836 24 27 -0.050550905720792315
4 1.0053232908248901 25 26 -0.10951420829031078
-1 0.0 0 0 -0.003485291324517069
-1 0.0 0 0 -0.030428280406024147
-1 0.0 0 0 0.011258089805487544
-1 0.0 0 0 -5.234477276928819e-05
nodes 29
8 44.5 1 2 0.0
-1 0.0 0 0 -3.415104102173866e-05
7 0.004999999888241291 3 10 0.011909205705560264
4 0.8883082866668701 4 7 -0.020680303753326572
5 1.198565125465393 5 6 -0.03649327594335943
-1 0.0 0 0 -0.021517041159602693
-1 0.0 0 0 -0.002182294270029831
5 1.395422339439392 8 9 0.11041433666081678
-1 0.0 0 0 0.0008807751708305799
-1 0.0 0 0 0.028270376331942237
4 0.9226553440093994 11 24 0.0216505432500952
4 0.9100233912467957 12 23 0.02678739951789647
4 0.880669355392456 13 18 0.0239233037082389
4 0.8209214806556702 14 17 0.029249074144346836
4 0.8116382360458374 15 16 0.015630494362405403
-1 0.0 0 0 0.002602351530721145
-1 0.0 0 0 -0.01961079174235686
-1 0.0 0 0 0.009339975259086043
5 1.3328423500061035 19 22 -0.09614861157855817
6 0.8765882849693298 20 21 0.021863933596760036
-1 0.0 0 0 0.025401796484809547
-1 0.0 0 0 -0.014624760627489667
-1 0.0 0 0 -0.03146903619032215
-1 0.0 0 0 0.02431459704724451
0 11.013962745666504 25 26 -0.08319840079380406
-1 0.0 0 0 0.02224151267670095
4 0.9602159261703491 27 28 -0.17051655152546508
-1 0.0 0 0 -0.029669681894838026
-1 0.0 0 0 -0.002067748396075331
nodes 29
5 1.0981370210647583 1 28 0.0
1 11.049174308776855 2 3 0.01593258201555766
-1 0.0 0 0 0.0054226651030071715
2 11.210143089294434 4 11 -0.011654109948500082
7 0.03499999921768904 5 6 -0.12308451446478029
-1 0.0 0 0 -0.02746123705680172
4 1.0429966449737549 7 10 -0.050351143535226586
3 0.9475035667419434 8 9 -0.11584116755561395
-1 0.0 0 0 -0.00024741170400718475
-1 0.0 0 0 -0.036619340411076944
-1 0.0 0 0 0.01688980673156355
3 0.8561035990715027 12 17 0.012923684192199577
8 37.5 13 16 -0.09938241695412077
7 0.054999999701976776 14 15 -0.199936926897083
-1 0.0 0 0 -0.03703613433454718
-1 0.0 0 0 0.0013093593663402968
-1 0.0 0 0 0.005512817149482123
8 30.5 18 25 0.03352303960528126
8 26.5 19 22 -0.02043223750138245
2 11.437479972839355 20 21 0.08778263632764761
-1 0.0 0 0 0.020471414671105855
-1 0.0 0 0 -0.015860876055168255
7 0.0950000025331974 23 24 -0.06569518953564021
-1 0.0 0 0 -0.015569381923195867
-1 0.0 0 0 0.005001733435962636
2 11.661845207214355 26 27 0.09204071146728786
-1 0.0 0 0 0.01152047932372361
-1 0.0 0 0 -0.014732146682217718
-1 0.0 0 0 -2.5400830541389803e-05
nodes 29
5 2.2861592769622803 1 28 0.0
6 0.6399130821228027 2 3 -0.0005719464950349436
-1 0.0 0 0 0.0029342232676316197
5 1.5577582120895386 4 5 -0.0012768282435697065
-1 0.0 0 0 8.272538979318574e-05
6 0.7291264533996582 6 9 -0.020670343466503642
1 9.482502937316895 7 8 -0.08277097617800351
-1 0.0 0 0 0.010864830382683493
-1 0.0 0 0 -0.010598828239794522
7 0.044999999925494194 10 15 -0.01304487365919922
2 11.19241714477539 11 12 0.01768728034078185
-1 0.0 0 0 9.597283594472308e-05
1 10.797307968139648 13 14 0.13522536422483653
-1 0.0 0 0 0.02322023537788183
-1 0.0 0 0 0.0014211343072004553
2 10.076894760131836 16 17 -0.026108823939899994
-1 0.0 0 0 0.0018705206834665853
0 10.76894760131836 18 23 -0.03927980536608818
4 0.9738718867301941 19 20 -0.06647259379458847
-1 0.0 0 0 -0.013351816356766535
4 0.9792838096618652 21 22 -0.03653973006482867
-1 0.0 0 0 0.043957778876242436
-1 0.0 0 0 -0.004494395334420458
2 10.87785816192627 24 25 -0.01211534275886758
-1 0.0 0 0 0.006233098688368518
4 1.253349781036377 26 27 -0.04481815323153318
-1 0.0 0 0 -0.003467974396157966
-1 0.0 0 0 -0.031069276367827338
-1 0.0 0 0 0.0007104275839866056
nodes 29
4 1.0136247873306274 1 2 0.0
-1 0.0 0 0 -0.00015858545193000418
4 1.0318365097045898 3 6 0.002540694536850625
3 0.48180046677589417 4 5 0.031059376171520724
-1 0.0 0 0 0.019556817731790944
-1 0.0 0 0 0.0023908586099462338
8 31.5 7 8 -0.0014384154630331688
-1 0.0 0 0 0.00039468973582249293
5 1.132660150527954 9 10 -0.019513418789166306
-1 0.0 0 0 0.005451223051831817
7 0.03499999921768904 11 14 -0.024808301058115403
0 11.239461898803711 12 13 0.0019048303321635548
-1 0.0 0 0 0.0020994562424108466
-1 0.0 0 0 -0.0068439031508531565
3 0.32347357273101807 15 18 -0.04137391175793125
1 8.63070011138916 16 17 -0.200039577573907
-1 0.0 0 0 0.02313167391610997
-1 0.0 0 0 -0.030068938481207525
3 0.5824829936027527 19 24 -0.03684992282765298
3 0.5553708672523499 20 23 0.11044210987292899
6 0.8651617169380188 21 22 0.05279357790633404
-1 0.0 0 0 -0.008875360503589036
-1 0.0 0 0 0.01922893524001204
-1 0.0 0 0 0.04538268437609077
0 11.339226722717285 25 28 -0.04316300218262033
2 11.331954956054688 26 27 -0.051357913674022634
-1 0.0 0 0 -0.004006759983721326
-1 0.0 0 0 -0.017702228704780592
-1 0.0 0 0 0.005486293562252185
nodes 29
8 27.5 1 2 0.0
-1 0.0 0 0 -0.0004308799761311851
7 0.42499999701976776 3 28 0.0009571460890268241
7 0.2750000059604645 4 5 0.0006309840585185667
-1 0.0 0 0 0.00016079299748438235
4 0.9376382231712341 6 13 -0.02662237167757826
4 0.8316895365715027 7 12 -0.06575523162532287
2 11.139918327331543 8 11 -0.005017560616728257
0 11.256056785583496 9 10 -0.039054259486754866
-1 0.0 0 0 -0.0014836421936609888
-1 0.0 0 0 -0.03538861476386396
-1 0.0 0 0 0.0584951886463733
-1 0.0 0 0 -0.011116106335019457
4 1.1033283472061157 14 23 -0.005028518855401585
4 1.047797441482544 15 16 0.02064684364196149
-1 0.0 0 0 -0.0006054952690418033
6 0.8969990015029907 17 18 0.09824021695626296
-1 0.0 0 0 -0.007360665878800095
1 10.779498100280762 19 22 0.14462366571909527
8 31.5 20 21 0.23890529135379063
-1 0.0 0 0 0.015592908391051673
-1 0.0 0 0 0.05899584766907188
-1 0.0 0 0 0.00021536536488888996
6 0.9753404259681702 24 27 -0.06146397250156631
4 1.1131058931350708 25 26 -0.0369801072389429
-1 0.0 0 0 -0.030525028777699317
-1 0.0 0 0 -0.0017319644835445123
-1 0.0 0 0 -0.02599581658806918
-1 0.0 0 0 0.007302515945846008
nodes 29
2 11.367877006530762 1 2 0.0
-1 0.0 0 0 -6.935709734636566e-05
0 11.15426254272461 3 4 0.005622926735923792
-1 0.0 0 0 -0.011863681816315393
6 0.7499286532402039 5 26 0.00687048897341069
2 11.373249053955078 6 7 -0.029908105411475233
-1 0.0 0 0 0.019628495797760003
5 1.4748064279556274 8 17 -0.03877842162281152
3 0.8102865219116211 9 16 0.0035613288170596494
0 11.34406852722168 10 11 0.016694422818010958
-1 0.0 0 0 0.03211661050096154
4 1.0 12 15 0.002499938799754341
3 0.5362446308135986 13 14 0.03277727133804835
-1 0.0 0 0 -0.024331669015404973
-1 0.0 0 0 0.0051454215791925575
-1 0.0 0 0 -0.016402539016086272
-1 0.0 0 0 -0.02912766315042973
6 0.6686125993728638 18 25 -0.07849310753541067
4 0.953162431716919 19 22 -0.03453906353580642
4 0.9315394759178162 20 21 0.034661440254674984
-1 0.0 0 0 -0.0006654266826356355
-1 0.0 0 0 0.03892879260335273
4 0.9778675436973572 23 24 -0.14741931794581156
-1 0.0 0 0 -0.0380097898033758
-1 0.0 0 0 -0.006764380477280134
-1 0.0 0 0 -0.020490357516217948
1 10.897090911865234 27 28 0.01110124571839357
-1 0.0 0 0 0.013793000438350387
-1 0.0 0 0 0.0009249087212157606
nodes 29
0 11.013962745666504 1 10 0.0
0 10.993462562561035 2 3 0.0019419386484370962
-1 0.0 0 0 8.572146282234812e-06
2 10.716238021850586 4 5 0.04833682758928499
-1 0.0 0 0 -0.015433539502278326
7 0.0950000025331974 6 7 0.05585646835757727
-1 0.0 0 0 0.0026859608462323384
4 0.8369179368019104 8 9 0.10501304989429339
-1 0.0 0 0 0.04044722133145041
-1 0.0 0 0 0.007975745779861298
0 11.029714584350586 11 26 -0.002019771569329161
6 0.9768216609954834 12 25 -0.04713016020067237
8 24.5 13 14 -0.0410278703594349
-1 0.0 0 0 0.012439289959021719
3 0.8035541772842407 15 18 -0.05042244977330616
3 0.7643207907676697 16 17 -0.017044995828811194
-1 0.0 0 0 -0.004277727149074001
-1 0.0 0 0 0.01213906577322632
3 0.8102865219116211 19 20 -0.10765087601563815
-1 0.0 0 0 -0.05398919366300106
1 10.9443998336792 21 24 -0.08390136719067263
2 11.02436637878418 22 23 -0.13516665562578528
-1 0.0 0 0 0.0021873712733194426
-1 0.0 0 0 -0.018867155988968546
-1 0.0 0 0 0.0018291938045111142
-1 0.0 0 0 -0.032722526391347255
7 0.2149999961256981 27 28 -0.0005300328812808125
-1 0.0 0 0 0.00014069315855659025
-1 0.0 0 0 -0.0025730316395362832
nodes 29
5 10.992009162902832 1 6 0.0
8 16.5 2 3 0.0001241341123559282
-1 0.0 0 0 0.01676408557576083
6 0.7120770812034607 4 5 8.479114803729821e-05
-1 0.0 0 0 0.0007653196518700439
-1 0.0 0 0 -5.5087159164233906e-05
2 11.06524658203125 7 24 -0.03153993480373174
2 10.86832046508789 8 19 -0.07167748520688082
2 10.75694465637207 9 18 -0.02118576461173318
2 10.658763885498047 10 17 -0.06403212527434031
7 0.1550000011920929 11 14 0.009984708983789791
0 10.474693298339844 12 13 -0.08713829487233478
-1 0.0 0 0 -0.02276036924372117
-1 0.0 0 0 0.0023755440047304884
4 1.0 15 16 0.13459535544070433
-1 0.0 0 0 0.0008591186255216599
-1 0.0 0 0 0.0326601708485257
-1 0.0 0 0 -0.03728609854548142
-1 0.0 0 0 0.014360793024444811
8 31.5 20 21 -0.20608502312917526
-1 0.0 0 0 -0.04623744372278452
8 37.5 22 23 -0.10557937054146155
-1 0.0 0 0 0.0026560625481990077
-1 0.0 0 0 -0.031039636437781154
8 35.5 25 26 0.08189227285734176
-1 0.0 0 0 -0.01160527929249737
4 0.829142153263092 27 28 0.20914267228883027
-1 0.0 0 0 0.0062754973255354785
-1 0.0 0 0 0.036637390458404466
nodes 29
4 1.0 1 28 0.0
4 0.9988264441490173 2 3 -0.0016753078294501967
-1 0.0 0 0 0.00010754880995985427
5 8.149940490722656 4 27 -0.03514262608513032
7 0.4650000035762787 5 26 -0.032865761686400645
6 0.9934342503547668 6 25 -0.030563595308764416
7 0.19500000029802322 7 22 -0.03265397247930238
7 0.16499999910593033 8 19 -0.042375142711598035
6 0.6273826360702515 9 16 -0.03449018683193215
5 4.012012004852295 10 15 0.12279672846720319
1 10.421834945678711 11 14 0.23416821290738882
1 10.022603034973145 12 13 0.36101880270922393
-1 0.0 0 0 0.01861968414091012
-1 0.0 0 0 0.061945126723984015
-1 0.0 0 0 -0.008020064007976781
-1 0.0 0 0 -0.020719285505927273
5 1.3178411722183228 17 18 -0.04002627233752671
-1 0.0 0 0 -0.0017607637319954099
-1 0.0 0 0 -0.007541310844244836
5 1.3140352964401245 20 21 -0.17094486371319684
-1 0.0 0 0 -0.004843004315160215
-1 0.0 0 0 -0.030268122990845994
7 0.36500000953674316 23 24 0.02978585170505819
-1 0.0 0 0 0.005669478433344841
-1 0.0 0 0 -0.01585766766936733
-1 0.0 0 0 0.03362025809765328
-1 0.0 0 0 -0.03903461568057537
-1 0.0 0 0 -0.03418912193898497
-1 0.0 0 0 0.00022868293096566655
nodes 29
2 11.726810455322266 1 2 0.0
-1 0.0 0 0 1.228857535466882e-05
6 0.9546563625335693 3 26 -0.031222733362069863
6 0.93355393409729 4 23 -0.011913287233672664
4 0.9959256052970886 5 18 -0.03969612898858818
3 0.8086226582527161 6 17 0.023960989329629066
5 1.1886264085769653 7 8 -0.02620086231151756
-1 0.0 0 0 -0.01979182036938491
6 0.8223071694374084 9 14 0.011189203957215912
3 0.5824829936027527 10 11 -0.08313361622600092
-1 0.0 0 0 0.008784100704866907
3 0.6769275665283203 12 13 -0.1633870108243154
-1 0.0 0 0 -0.03195246420800686
-1 0.0 0 0 -0.005570588582034769
5 1.2571784257888794 15 16 0.14179003190320844
-1 0.0 0 0 0.0038750349190728416
-1 0.0 0 0 0.027170963184503114
-1 0.0 0 0 0.030449578924863427
4 1.04462730884552 19 20 -0.17958461121874458
-1 0.0 0 0 -0.03226706300105434
6 0.881503701210022 21 22 -0.03998849532430673
-1 0.0 0 0 0.0156781192868948
-1 0.0 0 0 -0.02273881983655017
8 33.5 24 25 0.15941423692163967
-1 0.0 0 0 0.03130886219441891
-1 0.0 0 0 -0.0009627586603164674
0 11.767064094543457 27 28 -0.14518632717868862
-1 0.0 0 0 -0.003653440855581452
-1 0.0 0 0 -0.026741973562942195
nodes 29
0 11.082850456237793 1 14 0.0
0 11.075288772583008 2 3 0.0016525679719755035
-1 0.0 0 0 6.820203570157089e-05
6 0.951423704624176 4 13 0.07242545072015719
5 1.253018856048584 5 12 0.09542771635236792
2 11.017284393310547 6 9 0.02954711895508525
5 1.1929311752319336 7 8 -0.11859779130382878
-1 0.0 0 0 -0.02974616900707285
-1 0.0 0 0 0.006026610746307092
5 1.2296910285949707 10 11 0.0872035164612572
-1 0.0 0 0 0.014250217271129914
-1 0.0 0 0 -0.01583875745315762
-1 0.0 0 0 0.01415620856469228
-1 0.0 0 0 -0.010477718822428107
0 11.094284057617188 15 28 -0.0022859776206358676
8 33.5 16 19 -0.04243632669635647
6 0.9739161133766174 17 18 -0.08822880147483235
-1 0.0 0 0 -0.0076206325737232135
-1 0.0 0 0 -0.03907944408711046
7 0.054999999701976776 20 21 0.024911856350207602
-1 0.0 0 0 -0.00759316235470901
2 10.81093978881836 22 23 0.16462796257663123
-1 0.0 0 0 -0.014747645244711921
5 1.85496187210083 24 27 0.20611019495320565
7 0.10500000044703484 25 26 0.15467400361110803
-1 0.0 0 0 0.02894654507399537
-1 0.0 0 0 0.0005366554483771324
-1 0.0 0 0 0.054167010989927114
-1 0.0 0 0 -0.00011292388163297633
nodes 29
6 0.9123948812484741 1 2 0.0
-1 0.0 0 0 -0.00014041981113485416
4 0.9286068081855774 3 4 0.00266487201890994
-1 0.0 0 0 -0.0010250828939073699
4 0.9959256052970886 5 28 0.006234979266204284
6 0.9651052951812744 6 23 0.02542100346012209
0 11.142803192138672 7 22 0.03507144478147788
6 0.9443364143371582 8 21 0.06159635085509124
7 0.1850000023841858 9 12 0.04038676998071832
0 9.962841033935547 10 11 0.06058532889330945
-1 0.0 0 0 -0.01451616631820798
-1 0.0 0 0 0.0069929880033797525
0 10.969266891479492 13 18 -0.03336944089273766
0 10.894644737243652 14 17 0.03854708635939973
2 10.598058700561523 15 16 -0.012047296172165456
-1 0.0 0 0 0.008385829658008518
-1 0.0 0 0 -0.01351987959563055
-1 0.0 0 0 0.02927838585805148
2 10.983222961425781 19 20 -0.18811839685492618
-1 0.0 0 0 -0.04407938842196018
-1 0.0 0 0 -0.010389323440003432
-1 0.0 0 0 0.011078580254396177
-1 0.0 0 0 0.00014865690955989053
5 1.2432981729507446 24 27 -0.03248164446801266
3 0.7889204025268555 25 26 0.02479695809446275
-1 0.0 0 0 0.03545017901009747
-1 0.0 0 0 -0.00018074663902125631
-1 0.0 0 0 -0.009836960753834481
-1 0.0 0 0 0.00013740839378505727
nodes 29
4 1.0653806924819946 1 28 0.0
4 1.0136247873306274 2 27 0.0011222913353728706
4 0.9959256052970886 3 4 -0.0013947228413161918
-1 0.0 0 0 0.00011868420649885494
6 0.6507822871208191 5 8 -0.01643435452105154
5 4.012012004852295 6 7 0.09129280678991397
-1 0.0 0 0 0.015152057391884322
-1 0.0 0 0 -0.01602466912191434
8 40.5 9 26 -0.020064216752844127
6 0.8731541037559509 10 19 -0.017765159875569484
7 0.19500000029802322 11 16 -0.03959207475253482
7 0.16499999910593033 12 15 -0.04738542212925303
2 11.597707748413086 13 14 -0.04134413117304676
-1 0.0 0 0 -0.0037606848663425288
-1 0.0 0 0 -0.025421351411690316
-1 0.0 0 0 -0.023006880734844703
3 0.8218033313751221 17 18 0.061300179124438796
-1 0.0 0 0 0.011224619211676327
-1 0.0 0 0 -0.04018453935330565
8 33.5 20 21 -0.0031667307420450348
-1 0.0 0 0 -0.0016405662267326992
3 0.5923541188240051 22 25 0.04252031276202895
7 0.06499999947845936 23 24 -0.23962274054804492
-1 0.0 0 0 0.008307355612516405
-1 0.0 0 0 -0.04519229357277876
-1 0.0 0 0 0.006071377474619953
-1 0.0 0 0 -0.01815207110887224
-1 0.0 0 0 0.0013472125161211582
-1 0.0 0 0 -0.00032138807560138825
nodes 29
6 0.2628852427005768 1 26 0.0
8 33.5 2 9 0.030876825855802165
4 0.9286068081855774 3 4 0.11070704693829111
-1 0.0 0 0 0.03776604284842809
4 0.9959256052970886 5 6 0.035331974501776345
-1 0.0 0 0 -0.019351361920549114
1 9.34049129486084 7 8 0.11524630881225069
-1 0.0 0 0 0.03381797993375409
-1 0.0 0 0 -0.01007205101341242
4 0.9917339086532593 10 25 -0.004785035201539209
2 11.297414779663086 11 22 0.028224489525913703
2 11.13270378112793 12 21 -0.016779695846794528
2 11.057661056518555 13 20 0.030389258774685794
0 10.922479629516602 14 17 -0.012720890326256102
3 0.13210244476795197 15 16 0.08203917873256347
-1 0.0 0 0 -0.009600160558792679
-1 0.0 0 0 0.021710460132052162
4 0.7863249778747559 18 19 -0.0946321364618459
-1 0.0 0 0 0.006962352022528648
-1 0.0 0 0 -0.021540835461414914
-1 0.0 0 0 0.01997505588141004
-1 0.0 0 0 -0.023375688710560404
8 38.5 23 24 0.19624011491735777
-1 0.0 0 0 0.03810179699212313
-1 0.0 0 0 0.004841783091425896
-1 0.0 0 0 -0.023159241478048986
3 0.13210244476795197 27 28 -0.00012187082673923927
-1 0.0 0 0 -0.0022581314292203715
-1 0.0 0 0 1.1054086130926399e-05
nodes 29
2 11.429935455322266 1 2 0.0
-1 0.0 0 0 -5.265350416378198e-05
6 0.7249400615692139 3 20 0.006935039300659318
3 0.5148114562034607 4 9 -0.04128652438007101
5 3.51639461517334 5 8 -0.12754071867743202
0 11.621062278747559 6 7 -0.1816137749520899
-1 0.0 0 0 -0.04659720335155726
-1 0.0 0 0 -0.011309371264763626
-1 0.0 0 0 0.008667177348755875
6 0.6136459112167358 10 11 -0.01113261905660333
-1 0.0 0 0 0.026805939550536714
2 11.661845207214355 12 19 -0.04224739176381088
1 11.011653900146484 13 14 -0.014523574892562757
-1 0.0 0 0 -0.028597149964083326
8 41.5 15 16 0.007113578529400832
-1 0.0 0 0 -0.0027826013384527008
7 0.024999999441206455 17 18 0.16504053398035468
-1 0.0 0 0 0.034672707873396574
-1 0.0 0 0 -0.010748928315006198
-1 0.0 0 0 -0.028523849257651498
5 1.494434118270874 21 22 0.011048492317617814
-1 0.0 0 0 0.0008161960425000991
5 1.5421494245529175 23 26 0.086907629532931
0 11.575533866882324 24 25 0.24151426126750616
-1 0.0 0 0 0.0038111418078187855
-1 0.0 0 0 0.043875338193593606
5 1.619037389755249 27 28 0.019461783474223726
-1 0.0 0 0 -0.01931997547960944
-1 0.0 0 0 0.008721236203821888
nodes 29
5 2.2861592769622803 1 2 0.0
-1 0.0 0 0 -5.378107548394298e-05
6 0.6903632283210754 3 10 0.0066802691595795214
7 0.004999999888241291 4 5 -0.01892610688913287
-1 0.0 0 0 0.005668621556639362
8 28.5 6 9 -0.03519212149820962
3 0.42821240425109863 7 8 0.08895555742020751
-1 0.0 0 0 0.01614900288010097
-1 0.0 0 0 -0.018909324953953425
-1 0.0 0 0 -0.0048152102378821926
1 9.608041763305664 11 12 0.01657050640674071
-1 0.0 0 0 0.00021390346374274545
7 0.11499999836087227 13 14 0.04894433219032112
-1 0.0 0 0 0.008679577359211054
7 0.1850000023841858 15 20 0.002353577481371922
2 11.094086647033691 16 17 -0.12315645413060163
-1 0.0 0 0 -0.0024096096454786116
0 11.276379585266113 18 19 -0.30975852324085873
-1 0.0 0 0 -0.05237684663799074
-1 0.0 0 0 -0.01556713641807437
2 11.272749900817871 21 28 0.07664113795814863
1 9.785041809082031 22 27 0.04626619684438963
7 0.23499999940395355 23 24 0.2014914266950324
-1 0.0 0 0 0.045125059845546885
7 0.2849999964237213 25 26 0.10783173728486872
-1 0.0 0 0 -0.023478031034270923
-1 0.0 0 0 0.022203575316072807
-1 0.0 0 0 -0.003840211034687005
-1 0.0 0 0 0.03290906485480567
nodes 29
7 0.6449999809265137 1 26 0.0
5 2.2861592769622803 2 25 4.757764109539913e-05
5 1.731303334236145 3 22 -0.000472881903028504
6 0.7120770812034607 4 21 0.0005377990361613454
5 1.4700937271118164 5 6 0.02498272974823719
-1 0.0 0 0 0.005754186664660995
6 0.6840701103210449 7 20 0.008563039817876279
2 11.157150268554688 8 13 0.02543720573851765
1 10.635398864746094 9 12 0.05024768408403802
3 0.406038761138916 10 11 0.03607320359248503
-1 0.0 0 0 0.02260789752782633
-1 0.0 0 0 0.0027117707676423213
-1 0.0 0 0 0.015821672691398166
2 11.1640625 14 15 -0.024850699295144607
-1 0.0 0 0 -0.04281628492933054
6 0.6399130821228027 16 17 -0.010246081050085863
-1 0.0 0 0 0.005855833913627345
7 0.10500000044703484 18 19 -0.061640137004373714
-1 0.0 0 0 -0.00802760318998257
-1 0.0 0 0 0.03026916082017124
-1 0.0 0 0 -0.011643900509424336
-1 0.0 0 0 -7.210844465732669e-05
8 19.5 23 24 -0.017842743657182948
-1 0.0 0 0 -0.03037380600512466
-1 0.0 0 0 -0.0015698844063579472
-1 0.0 0 0 0.0006542571876951377
4 1.3883047103881836 27 28 -0.07623652728839898
-1 0.0 0 0 -0.018627433585003017
-1 0.0 0 0 0.0012503640906464898
nodes 29
3 0.987449049949646 1 2 0.0
-1 0.0 0 0 -5.104233675567608e-05
8 30.5 3 4 0.0071470369714968585
-1 0.0 0 0 0.001378006806032491
6 0.9165161848068237 5 22 -0.030576011343737518
8 35.5 6 21 -0.07371464194707536
6 0.9075711965560913 7 18 -0.09724211365388166
5 1.3178411722183228 8 15 -0.06604271933550189
5 1.268487572669983 9 14 -0.02607204413613405
6 0.8990894556045532 10 13 -0.07077888004877483
7 0.014999999664723873 11 12 -0.10426245428368273
-1 0.0 0 0 0.011694510518573224
-1 0.0 0 0 -0.017285394559202846
-1 0.0 0 0 0.016500128852203488
-1 0.0 0 0 0.015368669192927578
7 0.054999999701976776 16 17 -0.2036560439504683
-1 0.0 0 0 -0.0387371992747135
-1 0.0 0 0 -0.0030146536753616403
7 0.054999999701976776 19 20 -0.23200616411243877
-1 0.0 0 0 -0.006123977506885658
-1 0.0 0 0 -0.04125306325299399
-1 0.0 0 0 0.019934662058949473
6 0.9307566285133362 23 28 0.006888853647887837
8 32.5 24 27 0.1307425447541507
0 10.965228080749512 25 26 0.007609153249567109
-1 0.0 0 0 -0.013036566676402635
-1 0.0 0 0 0.02055730254429838
-1 0.0 0 0 0.031220227960301074
-1 0.0 0 0 -0.0023350748855978944
nodes 29
8 27.5 1 28 0.0
0 11.562211036682129 2 27 -0.003964319091092821
1 10.690261840820312 3 26 -0.0032221789172352158
7 0.14500000327825546 4 25 -0.01212180895690713
4 1.195931315422058 5 24 -0.030593104092613177
7 0.054999999701976776 6 17 -0.04638359771602004
4 1.1700520515441895 7 10 -0.018147707817947126
4 0.9315394759178162 8 9 -0.006984186559417932
-1 0.0 0 0 -0.018358410368191785
-1 0.0 0 0 0.00044390051057549253
6 0.9443364143371582 11 16 -0.1661677304310379
6 0.8731541037559509 12 13 -0.08760879480872642
-1 0.0 0 0 -0.029157445324665826
0 10.496731758117676 14 15 0.135782164432818
-1 0.0 0 0 0.03935155865736306
-1 0.0 0 0 -0.009852094660428438
-1 0.0 0 0 -0.05118270471692086
6 0.826185405254364 18 23 -0.07281719676953512
2 11.031172752380371 19 22 0.031504182791915025
3 0.5891738533973694 20 21 0.054986293542877596
-1 0.0 0 0 0.025256833170230194
-1 0.0 0 0 0.00045398157149394776
-1 0.0 0 0 -0.029836356347160684
-1 0.0 0 0 -0.009762197926872116
-1 0.0 0 0 0.00024073697857010377
-1 0.0 0 0 0.000782803709677172
-1 0.0 0 0 0.0008050271477986095
-1 0.0 0 0 -0.013631808702004972
-1 0.0 0 0 8.806239024956621e-05
nodes 29
0 10.804136276245117 1 22 0.0
4 1.0618746280670166 2 17 0.002825058065253061
3 0.8521904945373535 3 16 0.009787347543332398
8 24.5 4 9 0.006264621271253355
1 10.311416625976562 5 6 -0.06644825050494821
-1 0.0 0 0 -0.00251132769533184
5 1.3621045351028442 7 8 -0.21800982019425752
-1 0.0 0 0 -0.010929259176676472
-1 0.0 0 0 -0.06373477012717298
1 10.311416625976562 10 11 0.008457987999103288
-1 0.0 0 0 0.00019188678426240044
5 1.4700937271118164 12 15 0.032125927581863785
4 1.04462730884552 13 14 0.025783037277039098
-1 0.0 0 0 0.0017467213009842572
-1 0.0 0 0 0.014078753073010679
-1 0.0 0 0 0.022456572793099448
-1 0.0 0 0 0.005155644913262265
8 25.5 18 21 -0.007443037368992628
3 0.1918889284133911 19 20 0.01286171594199386
-1 0.0 0 0 0.03195665338841666
-1 0.0 0 0 0.001064323624620961
-1 0.0 0 0 -0.0017273936805169993
6 0.9934342503547668 23 24 -0.0013878720799023483
-1 0.0 0 0 -0.00011021829109412134
2 10.835375785827637 25 26 -0.1468738708260343
-1 0.0 0 0 0.01685117556938037
1 10.914506912231445 27 28 -0.244993843521095
-1 0.0 0 0 -0.04767008280795482
-1 0.0 0 0 -0.0013286858962641823
nodes 29
0 9.726631164550781 1 14 0.0
6 0.9489197731018066 2 11 -0.010046996463668974
2 10.75094223022461 3 10 -0.034290276776076
2 10.519700050354004 4 7 -0.025534156385979515
7 0.5450000166893005 5 6 -0.03131659053402719
-1 0.0 0 0 -0.00351240017152449
-1 0.0 0 0 0.025170097393648967
6 0.8831680417060852 8 9 0.17775052855205203
-1 0.0 0 0 -0.002830996105204458
-1 0.0 0 0 0.039317740404724404
-1 0.0 0 0 -0.03192144342698157
1 9.661225318908691 12 13 0.025584888798299985
-1 0.0 0 0 0.0031765610044400573
-1 0.0 0 0 -0.022009878073419847
0 9.83969497680664 15 28 0.0003255425985464668
7 0.5049999952316284 16 27 0.04900279042263636
8 23.5 17 20 0.037427160364848465
6 0.9123948812484741 18 19 -0.12813232956188067
-1 0.0 0 0 0.012805171862796503
-1 0.0 0 0 -0.028899208075085354
1 9.661225318908691 21 26 0.05645698679320813
5 1.3745756149291992 22 25 0.0201437298893181
5 1.2544057369232178 23 24 -0.06189190082234672
-1 0.0 0 0 0.007961045542660241
-1 0.0 0 0 -0.0157700787865906
-1 0.0 0 0 0.006220658512682778
-1 0.0 0 0 0.01851793526838631
-1 0.0 0 0 0.036339690279215575
-1 0.0 0 0 -7.170292655217334e-06
nodes 29
7 0.41499999165534973 1 2 0.0
-1 0.0 0 0 2.418191654953919e-05
8 27.5 3 24 -0.014599239152409925
2 10.519700050354004 4 5 -0.038998134058162444
-1 0.0 0 0 0.0012054501714531673
2 10.75694465637207 6 7 -0.07300667614075275
-1 0.0 0 0 -0.01978258023191762
4 1.0011540651321411 8 11 -0.032175574823587315
6 0.93355393409729 9 10 -0.3274686103501484
-1 0.0 0 0 -0.009491498429666866
-1 0.0 0 0 -0.056002223640362815
4 1.0210533142089844 12 13 -0.002579006342565246
-1 0.0 0 0 0.04872042711824179
6 0.915815532207489 14 21 -0.02595768307406802
4 1.1131058931350708 15 16 -0.1826336822432882
-1 0.0 0 0 -0.056884941100142895
0 10.83582878112793 17 20 -0.0782510528491961
2 10.987154960632324 18 19 -0.24978456689521325
-1 0.0 0 0 0.004381937835188139
-1 0.0 0 0 -0.05300428782674399
-1 0.0 0 0 0.0159682531150118
8 21.5 22 23 0.01935783668564489
-1 0.0 0 0 0.017235202388582074
-1 0.0 0 0 -0.004013990278109016
3 0.9510877132415771 25 28 0.05137043112440954
3 0.9005153775215149 26 27 0.07357483353185397
-1 0.0 0 0 0.00472323073199122
-1 0.0 0 0 0.03851433332110274
-1 0.0 0 0 -0.030776164259599604
nodes 29
6 0.9538291692733765 1 2 0.0
-1 0.0 0 0 6.79734441129112e-05
4 1.0671470165252686 3 10 -0.005098168632297989
5 1.2324621677398682 4 7 -0.018044160538694242
8 39.5 5 6 0.001177380851478056
-1 0.0 0 0 -0.0004487633657291005
-1 0.0 0 0 0.01208924668676713
2 9.86703109741211 8 9 -0.037564011950441414
-1 0.0 0 0 0.0033628382110465595
-1 0.0 0 0 -0.005403852939619348
8 32.5 11 26 0.011755035910916485
6 1.0 12 23 0.018691211193838403
3 0.6365046501159668 13 22 0.02326175877884864
6 0.9572452902793884 14 15 0.12380687614564695
-1 0.0 0 0 -0.02099084300506446
1 9.296609878540039 16 19 0.16385271288920195
7 0.4350000023841858 17 18 0.061095437241135205
-1 0.0 0 0 -0.00035673011843042045
-1 0.0 0 0 0.02885298965306118
1 9.887001991271973 20 21 0.30705700129235874
-1 0.0 0 0 0.05178347483699052
-1 0.0 0 0 0.0034588206289676814
-1 0.0 0 0 0.0016581724616857294
1 9.825417518615723 24 25 -0.07563463054782692
-1 0.0 0 0 -0.0031848940844456963
-1 0.0 0 0 -0.037512874811887746
7 0.004999999888241291 27 28 -0.07277461746515206
-1 0.0 0 0 0.02727068645775865
-1 0.0 0 0 -0.009722407619433049
nodes 29
7 0.6349999904632568 1 24 0.0
7 0.6050000190734863 2 21 5.2630807723396864e-05
7 0.48499999940395355 3 4 2.2532353460941568e-07
-1 0.0 0 0 1.4998845408839576e-05
1 9.848450660705566 5 10 -0.02504534016434963
0 10.750685691833496 6 9 0.035124744666186536
3 0.5673822164535522 7 8 0.0038264374543204266
-1 0.0 0 0 -0.009596017744167643
-1 0.0 0 0 0.009543382162113721
-1 0.0 0 0 0.03280769001692534
3 0.8891963362693787 11 20 -0.08192144224868857
4 0.9889346957206726 12 13 -0.19628229843309292
-1 0.0 0 0 0.015611436014825647
2 11.136178970336914 14 19 -0.2680668029589234
5 1.712957739830017 15 18 -0.1818450607884771
6 0.9428470134735107 16 17 -0.07840230454016349
-1 0.0 0 0 0.010384775121929125
-1 0.0 0 0 -0.0302710065474877
-1 0.0 0 0 -0.04818290539085865
-1 0.0 0 0 -0.04922433326020837
-1 0.0 0 0 0.0021320997362232045
6 0.9619181752204895 22 23 0.10685143448327752
-1 0.0 0 0 0.028819795837625863
-1 0.0 0 0 -0.011076439418829978
1 9.377124786376953 25 28 -0.06295574774344762
1 8.737773895263672 26 27 -0.16676519509582294
-1 0.0 0 0 -0.004643469825387002
-1 0.0 0 0 -0.02761565558612347
-1 0.0 0 0 0.00691653670686664
nodes 29
4 1.33632230758667 1 2 0.0
-1 0.0 0 0 3.28509447275058e-05
6 0.8179147839546204 3 22 -0.010145993907844864
8 23.5 4 9 -0.06920274648247723
2 10.489605903625488 5 6 0.08542495295405388
-1 0.0 0 0 -0.01584946591068398
0 10.37757682800293 7 8 0.2102210335433483
-1 0.0 0 0 0.041440882001604354
-1 0.0 0 0 0.0015314510092139244
7 0.07499999925494194 10 17 -0.11215488521484698
8 26.5 11 12 -0.03019069632155304
-1 0.0 0 0 -0.020497606628175295
2 10.684737205505371 13 14 0.04263654116186358
-1 0.0 0 0 -0.011088665947318077
2 11.072309494018555 15 16 0.16349523102349423
-1 0.0 0 0 0.03037313661641545
-1 0.0 0 0 -0.0025823551416397097
2 10.312180519104004 18 19 -0.19697000241747287
-1 0.0 0 0 0.007387217474372491
1 10.400467872619629 20 21 -0.2646805467077723
-1 0.0 0 0 -0.018942728600860204
-1 0.0 0 0 -0.042816176822665954
6 0.831329882144928 23 26 -0.00313051157974988
6 0.826185405254364 24 25 0.16055521130931147
-1 0.0 0 0 -0.00048496754852270615
-1 0.0 0 0 0.04748244962189346
8 34.5 27 28 -0.006991337902468691
-1 0.0 0 0 -0.0008969930089045312
-1 0.0 0 0 0.023429797925055028
nodes 29
0 10.792859077453613 1 28 0.0
4 1.0914629697799683 2 23 0.00264766091308894
8 21.5 3 4 0.00860962240983546
-1 0.0 0 0 -0.014904533234453694
1 10.37020492553711 5 6 0.009420381110459685
-1 0.0 0 0 0.0004259261329364296
5 1.511284351348877 7 22 0.029368634894239517
5 1.3718762397766113 8 11 0.02741501798786061
5 1.3575458526611328 9 10 0.03431904880703754
-1 0.0 0 0 0.0029191456448133396
-1 0.0 0 0 0.027018829731662808
6 0.93355393409729 12 19 -0.059115501612490205
6 0.7249400615692139 13 14 -0.10058223300187945
-1 0.0 0 0 0.011554262552055576
6 0.8374360799789429 15 16 -0.14835720172789144
-1 0.0 0 0 -0.03227450714738511
3 0.7200356721878052 17 18 -0.05336543528090527
-1 0.0 0 0 0.015824864919369037
-1 0.0 0 0 -0.020835039855807393
6 0.9473631978034973 20 21 0.12239924711087402
-1 0.0 0 0 0.040167347081005576
-1 0.0 0 0 -0.004685785816135732
-1 0.0 0 0 0.04061236552894115
8 25.5 24 27 -0.00875252345572773
6 0.6965081095695496 25 26 0.014418582278268453
-1 0.0 0 0 0.019349048306377462
-1 0.0 0 0 0.0011061306953475288
-1 0.0 0 0 -0.0021574134837910796
-1 0.0 0 0 -0.00012550242077862979
nodes 29
4 1.0 1 28 0.0
4 0.9988264441490173 2 3 -0.0016139529242408044
-1 0.0 0 0 7.044839266495799e-05
5 8.149940490722656 4 27 -0.029821012242987714
7 0.4449999928474426 5 26 -0.027834519631448375
7 0.19500000029802322 6 25 -0.02558412647708094
7 0.13499999791383743 7 20 -0.03528838025551522
7 0.10500000044703484 8 19 -0.023211173444654128
3 0.4182816445827484 9 14 -0.03496233359204527
8 36.5 10 13 0.10149731713214091
3 0.35399526357650757 11 12 0.20144178427974968
-1 0.0 0 0 0.011141530540771783
-1 0.0 0 0 0.05288107983598655
-1 0.0 0 0 -0.03232666682451964
2 11.318734169006348 15 18 -0.042096738567666624
6 0.6273826360702515 16 17 -0.0575543964774505
-1 0.0 0 0 0.024229949865151534
-1 0.0 0 0 -0.006259267475609402
-1 0.0 0 0 0.0032646464448891238
-1 0.0 0 0 0.006392608425646854
5 1.3140352964401245 21 22 -0.10892863703868944
-1 0.0 0 0 -0.0027721443258262443
6 0.7469877004623413 23 24 -0.20435644539817738
-1 0.0 0 0 0.011164516686195773
-1 0.0 0 0 -0.025117149906634557
-1 0.0 0 0 0.0036338254775785447
-1 0.0 0 0 -0.03003430656681303
-1 0.0 0 0 -0.029744951683899453
-1 0.0 0 0 0.0002203078832809101
nodes 29
4 0.916279137134552 1 28 0.0
0 10.283737182617188 2 3 -0.002781314874119662
-1 0.0 0 0 0.0021963983142076443
6 0.9554524421691895 4 25 -0.004936060792806835
7 0.45499999821186066 5 24 -0.0030707922888533047
8 29.5 6 23 -0.00339302909062355
7 0.10500000044703484 7 22 -0.05021213396186187
6 0.9199815988540649 8 15 0.011283436988448064
1 10.853889465332031 9 14 -0.023038241973158735
1 10.788783073425293 10 13 -0.05834298558080793
3 0.7366848587989807 11 12 -0.030098228404786414
-1 0.0 0 0 -1.2524877648217648e-05
-1 0.0 0 0 -0.029186225049197673
-1 0.0 0 0 -0.040198753122240305
-1 0.0 0 0 0.01277225550541
4 0.8686840534210205 16 17 0.13638114535318313
-1 0.0 0 0 -0.010429182905478007
1 10.675145149230957 18 21 0.2437082825891667
1 10.329147338867188 19 20 0.4177496596461251
-1 0.0 0 0 0.015391268315059797
-1 0.0 0 0 0.06815866361416521
-1 0.0 0 0 0.0015278975201908906
-1 0.0 0 0 -0.011935986871820584
-1 0.0 0 0 -0.00014967584093738618
-1 0.0 0 0 0.027454772089341925
5 1.1523754596710205 26 27 -0.04537421127663244
-1 0.0 0 0 0.004685465901425467
-1 0.0 0 0 -0.006717748471942817
-1 0.0 0 0 0.0001225692092433945
nodes 29
0 9.726631164550781 1 28 0.0
2 10.916560173034668 2 25 -0.010026666218672334
7 0.2549999952316284 3 4 -0.006572616083549804
-1 0.0 0 0 -0.0022915305109182235
5 2.0657918453216553 5 12 0.03457445882362626
4 1.2363355159759521 6 11 0.07839985572103847
6 0.9591068625450134 7 8 0.12005414801643456
-1 0.0 0 0 0.0013331095389628284
4 0.9545502066612244 9 10 0.21846111862037282
-1 0.0 0 0 7.177364930291386e-05
-1 0.0 0 0 0.02801550768897869
-1 0.0 0 0 0.0007539680321973846
5 8.149940490722656 13 24 -0.030198926527894934
6 0.9234040975570679 14 17 -0.05585828551249653
3 0.5986536741256714 15 16 0.08853633040562273
-1 0.0 0 0 -0.01129140486254504
-1 0.0 0 0 0.027080095905278413
6 0.9349459409713745 18 19 -0.10933777288957774
-1 0.0 0 0 -0.04406678595620653
2 10.557062149047852 20 23 -0.06985284028093933
3 0.4182816445827484 21 22 -0.11825892348655755
-1 0.0 0 0 -8.062483585000827e-05
-1 0.0 0 0 -0.019616120801026916
-1 0.0 0 0 0.019315354513625305
-1 0.0 0 0 0.031503608526492664
0 9.225229263305664 26 27 -0.21817073088301264
-1 0.0 0 0 -0.0011115521658211947
-1 0.0 0 0 -0.044404914094643165
-1 0.0 0 0 3.2488372837807887e-05
nodes 29
6 0.9123948812484741 1 2 0.0
-1 0.0 0 0 -0.0001277681342646663
4 0.7941758036613464 3 28 0.002424770103772046
3 0.687953531742096 4 27 -0.024999061413849357
5 1.162124514579773 5 10 -0.019673895992097575
5 1.1540803909301758 6 9 0.11076663124998261
0 11.264630317687988 7 8 0.05282645725052465
-1 0.0 0 0 0.015660722341443247
-1 0.0 0 0 -0.011519954511008804
-1 0.0 0 0 0.03878718112473903
5 1.2406848669052124 11 20 -0.0331432982616602
5 1.2067127227783203 12 15 -0.14587841800163193
5 1.191530704498291 13 14 -0.0462441314092826
-1 0.0 0 0 -0.015757590863374745
-1 0.0 0 0 0.01073937211604789
3 0.6365046501159668 16 19 -0.2508030206962299
6 0.949776291847229 17 18 -0.18760929521106715
-1 0.0 0 0 -0.010388211124592414
-1 0.0 0 0 -0.03852054493688047
-1 0.0 0 0 -0.04338469152049772
2 11.280627250671387 21 26 -0.00837573407636338
1 10.690261840820312 22 23 0.0006820684843673715
-1 0.0 0 0 -0.0017581413267553849
5 1.3105379343032837 24 25 0.21413651145994664
-1 0.0 0 0 0.004702202048759128
-1 0.0 0 0 0.040835064961700834
-1 0.0 0 0 -0.023261157795786858
-1 0.0 0 0 -0.02190262425499849
-1 0.0 0 0 0.0003780868122933003
nodes 29
8 26.5 1 28 0.0
8 25.5 2 7 -0.004614202847567576
3 0.17188213765621185 3 6 0.001978858867445679
6 0.914426863193512 4 5 0.20026788250025776
-1 0.0 0 0 0.04459711850753853
-1 0.0 0 0 -0.006433567411911029
-1 0.0 0 0 6.962034678084184e-05
4 1.2738968133926392 8 23 -0.02019645447331761
3 0.5507518649101257 9 12 -0.010287161539197643
3 0.39346104860305786 10 11 0.07533395313340324
-1 0.0 0 0 -0.005605477819335647
-1 0.0 0 0 0.019313074673670508
3 0.6953266859054565 13 18 -0.016775844015247312
7 0.13499999791383743 14 17 -0.1035914387325156
0 11.169095993041992 15 16 -0.20927775333871362
-1 0.0 0 0 -0.026721415606108634
-1 0.0 0 0 0.013834066299552267
-1 0.0 0 0 0.0018782188706240037
5 1.5731408596038818 19 22 -0.007251350252305418
7 0.1249999962747097 20 21 -0.013059200777138992
-1 0.0 0 0 0.0011952926657672472
-1 0.0 0 0 -0.004862002300638828
-1 0.0 0 0 0.046173257962800564
7 0.35500000417232513 24 25 -0.09183238464289321
-1 0.0 0 0 -0.005637426945385795
0 10.415143013000488 26 27 -0.3400391909661401
-1 0.0 0 0 -0.004171803004373942
-1 0.0 0 0 -0.07739608795805411
-1 0.0 0 0 7.088695180569052e-05
nodes 29
8 44.5 1 2 0.0
-1 0.0 0 0 -3.004644948512672e-05
6 0.9572452902793884 3 28 0.01047784564688032
2 10.132136344909668 4 7 0.012486626435351927
8 45.5 5 6 -0.055410946265471515
-1 0.0 0 0 -0.020281750810099766
-1 0.0 0 0 -0.0007473852985625618
0 11.315998077392578 8 17 0.017281818961449945
1 9.25023365020752 9 12 0.043986154351141074
0 11.037193298339844 10 11 0.17198047751130965
-1 0.0 0 0 0.037741586506705394
-1 0.0 0 0 -0.003987476590555161
6 0.900542676448822 13 14 0.03485373831885682
-1 0.0 0 0 0.002045376810699148
5 1.1540803909301758 15 16 0.13257661308997717
-1 0.0 0 0 -0.011858126592068446
-1 0.0 0 0 0.01875173991235594
5 1.1252988576889038 18 19 -0.002285321684449865
-1 0.0 0 0 0.026918926107741537
5 2.969810962677002 20 25 -0.006633884795051825
5 1.1590381860733032 21 24 0.0026303084028948005
8 47.5 22 23 -0.15444142654139018
-1 0.0 0 0 1.1744662461911932e-05
-1 0.0 0 0 -0.03933051396161318
-1 0.0 0 0 0.0010219624327726517
1 9.377124786376953 26 27 -0.12388382995656382
-1 0.0 0 0 0.004781903424545339
-1 0.0 0 0 -0.02363788099509889
-1 0.0 0 0 -0.014463769586291165
nodes 29
3 0.987449049949646 1 28 0.0
3 0.9737774133682251 2 3 -0.00047255556912747637
-1 0.0 0 0 -2.1664227874323916e-06
7 0.07499999925494194 4 15 -0.03577005313141069
2 10.637320518493652 5 8 -0.09202484267797388
7 0.044999999925494194 6 7 -0.25606153836912093
-1 0.0 0 0 -0.038208909784542756
-1 0.0 0 0 0.002600014236356531
0 10.566844940185547 9 10 -0.06614434312577434
-1 0.0 0 0 0.024100595823040718
8 31.5 11 14 -0.08667171475106371
1 10.675145149230957 12 13 -0.048699553850536495
-1 0.0 0 0 -0.02628607204573792
-1 0.0 0 0 -0.0012443923283236352
-1 0.0 0 0 -0.019207107725065797
5 1.3037110567092896 16 25 0.0145366493484012
0 10.860766410827637 17 22 -0.006945473567259709
1 10.591923713684082 18 21 0.05434498139210556
7 0.1850000023841858 19 20 -0.08106715816192012
-1 0.0 0 0 0.0054185195864799125
-1 0.0 0 0 -0.03197477829149541
-1 0.0 0 0 0.015617491033673287
0 11.090583801269531 23 24 -0.05540254806581925
-1 0.0 0 0 -0.013948023313468741
-1 0.0 0 0 0.001788138013609962
5 1.4039428234100342 26 27 0.18639363267368847
-1 0.0 0 0 0.03271327008027584
-1 0.0 0 0 -0.0069495582106438554
-1 0.0 0 0 0.0006616804075487944
nodes 29
6 0.3701053261756897 1 28 0.0
3 0.27714043855667114 2 23 0.01937868097158816
2 10.773210525512695 3 4 -0.0026290722881917054
-1 0.0 0 0 0.006229699347469167
1 8.737773895263672 5 8 -0.03301999668783925
4 0.8538569808006287 6 7 0.15370699856430292
-1 0.0 0 0 0.029448186316025943
-1 0.0 0 0 -0.002058569093545278
2 10.84460735321045 9 10 -0.05969528172385955
-1 0.0 0 0 -0.03543847234988654
5 3.51639461517334 11 12 -0.03334887467774976
-1 0.0 0 0 -0.022597151631262247
7 0.014999999664723873 13 16 -0.003090145532041788
0 11.109173774719238 14 15 -0.09521175943234045
-1 0.0 0 0 0.0185239858366549
-1 0.0 0 0 -0.01731149865986986
0 11.056809425354004 17 18 0.04705889872137523
-1 0.0 0 0 -0.010822503333456995
0 11.192237854003906 19 20 0.09679828320804518
-1 0.0 0 0 0.030994039969518786
1 9.785041809082031 21 22 0.03155069652830764
-1 0.0 0 0 -0.006320636354212184
-1 0.0 0 0 0.02099169272491161
1 10.037755966186523 24 27 0.09877920253628414
2 11.057661056518555 25 26 0.05047883255720402
-1 0.0 0 0 0.010633724621173157
-1 0.0 0 0 -0.01942342177388214
-1 0.0 0 0 0.023522774772718552
-1 0.0 0 0 -1.5336227921041212e-05
nodes 29
5 10.992009162902832 1 4 0.0
8 16.5 2 3 0.00011381079304072584
-1 0.0 0 0 0.014356864332443193
-1 0.0 0 0 8.011900214256317e-06
8 31.5 5 14 -0.028916986597654282
7 0.16499999910593033 6 9 -0.12008716323913834
1 8.137980461120605 7 8 -0.32967799715232105
-1 0.0 0 0 -0.022798858569324787
-1 0.0 0 0 -0.04701062320243745
6 0.9459041357040405 10 13 0.031790252639979553
4 1.0 11 12 0.15505538439459127
-1 0.0 0 0 -0.005637009153989229
-1 0.0 0 0 0.03488620706678679
-1 0.0 0 0 -0.02147400108692439
7 0.19500000029802322 15 28 0.017646322502502813
4 0.7727840542793274 16 19 0.07269184472346582
0 11.256056785583496 17 18 -0.08788959022459326
-1 0.0 0 0 -0.01729292248686155
-1 0.0 0 0 0.0016477234111252157
6 0.8103883862495422 20 25 0.12695729515418924
0 11.22380256652832 21 24 0.030128527122239273
2 10.912101745605469 22 23 -0.07942865776090786
-1 0.0 0 0 0.0033960499076379673
-1 0.0 0 0 -0.026497455076737838
-1 0.0 0 0 0.022870092472294348
0 11.165281295776367 26 27 0.2854043701155619
-1 0.0 0 0 0.03966055364481041
-1 0.0 0 0 0.009080232903361322
-1 0.0 0 0 -0.02561698649556209
nodes 29
7 0.6449999809265137 1 26 0.0
6 0.8731541037559509 2 25 4.427534314484739e-05
6 0.872336745262146 3 10 -0.0018800715199730838
5 1.2640516757965088 4 5 -0.0011970986236948668
-1 0.0 0 0 0.0009398320495128759
6 0.8697291016578674 6 7 -0.004754998614008045
-1 0.0 0 0 -0.0006066090002779873
2 10.9204740524292 8 9 0.06621955045559785
-1 0.0 0 0 -0.00044205183636122827
-1 0.0 0 0 0.014774879984377716
2 10.940827369689941 11 20 -0.07975838433478864
4 0.8492735028266907 12 13 0.01552609823619936
-1 0.0 0 0 -0.020958952233195306
3 0.6703382730484009 14 15 0.06467105765600728
-1 0.0 0 0 0.03009640511778754
4 1.0788763761520386 16 19 -0.0013206792735234575
7 0.06499999947845936 17 18 -0.09944264943494577
-1 0.0 0 0 0.00900560576921782
-1 0.0 0 0 -0.029420520953782316
-1 0.0 0 0 0.01871767897207878
1 10.743221282958984 21 22 -0.17184897363524074
-1 0.0 0 0 -0.0527190612629056
0 11.280426025390625 23 24 -0.12205587772527934
-1 0.0 0 0 -0.0029077446293187047
-1 0.0 0 0 -0.025365611913685616
-1 0.0 0 0 0.0001626599466609472
2 10.644591331481934 27 28 -0.07094498381151684
-1 0.0 0 0 -0.014583366928512559
-1 0.0 0 0 0.004479207555678758
nodes 29
6 0.7779137492179871 1 28 0.0
5 1.3467986583709717 2 27 0.003964480279313032
5 1.3428314924240112 3 26 0.040217172534914594
2 11.214101791381836 4 17 0.030936858719967326
0 11.370105743408203 5 16 0.05169100033802069
2 11.181862831115723 6 15 0.05702373989200773
4 0.8209214806556702 7 10 0.04610462602148507
1 10.222159385681152 8 9 0.15797627706265782
-1 0.0 0 0 -0.008327400206277768
-1 0.0 0 0 0.021322443258756672
7 0.1550000011920929 11 12 0.03239736893044336
-1 0.0 0 0 0.0021874467556967417
5 1.3178411722183228 13 14 0.18454614290693666
-1 0.0 0 0 0.004803911632356736
-1 0.0 0 0 0.039964812418982164
-1 0.0 0 0 0.022836089903052817
-1 0.0 0 0 -0.022721127833550177
3 0.6899220943450928 18 23 -0.01528301934029357
0 11.493906021118164 19 22 -0.1110572303944813
6 0.7615980505943298 20 21 -0.2831649440394222
-1 0.0 0 0 -0.012242708861341944
-1 0.0 0 0 -0.04635049769564009
-1 0.0 0 0 -0.0004104579772268023
1 10.97987174987793 24 25 0.028995485566632326
-1 0.0 0 0 -0.013846933155187539
-1 0.0 0 0 0.005683999197588539
-1 0.0 0 0 0.016170015055317916
-1 0.0 0 0 -0.000360599736327847
-1 0.0 0 0 -7.595811771926896e-05
nodes 29
8 39.5 1 2 0.0
-1 0.0 0 0 -6.329960732175986e-05
4 0.9738718867301941 3 10 0.004765508144692197
0 11.188426971435547 4 9 0.009218732046825912
6 0.9619181752204895 5 8 0.02533973618247187
6 0.9581352472305298 6 7 0.022280302022968847
-1 0.0 0 0 0.0024239505835823606
-1 0.0 0 0 -0.027007644471746906
-1 0.0 0 0 0.016022087695360506
-1 0.0 0 0 -0.00025479273152468387
7 0.014999999664723873 11 12 -0.05804603300577629
-1 0.0 0 0 -0.013960025062199542
0 11.231596946716309 13 26 -0.015758660908477495
1 10.670233726501465 14 19 -0.06832266719086233
4 1.0 15 18 0.021475099747613916
3 0.5824829936027527 16 17 -0.12173532943706959
-1 0.0 0 0 -0.043389061819761994
-1 0.0 0 0 -0.0017683566516886154
-1 0.0 0 0 0.016649831917514152
4 1.0067356824874878 20 25 -0.16611612570605222
3 0.7333170771598816 21 22 -0.029054400445012427
-1 0.0 0 0 -0.028403379399096595
3 0.8018656969070435 23 24 0.0653824119794148
-1 0.0 0 0 0.03285430018745718
-1 0.0 0 0 -0.01020834179538669
-1 0.0 0 0 -0.0306985121113232
1 11.091224670410156 27 28 0.08834537750793403
-1 0.0 0 0 0.034264279083878385
-1 0.0 0 0 -0.003756887569471977
nodes 29
2 11.429935455322266 1 2 0.0
-1 0.0 0 0 -4.772514594495516e-05
0 11.35421085357666 3 12 0.006285920204768954
4 1.1246236562728882 4 5 0.05386024984455484
-1 0.0 0 0 0.021111218417272645
6 0.8433758616447449 6 9 0.01693301460654094
5 1.2640516757965088 7 8 0.1557288505333725
-1 0.0 0 0 0.034479439328424635
-1 0.0 0 0 0.004649098138842318
3 0.8981959819793701 10 11 -0.015062129389579322
-1 0.0 0 0 -0.02133689729647862
-1 0.0 0 0 0.0012012974714784715
4 1.1903616189956665 13 26 0.0024916485157062754
0 11.364251136779785 14 17 0.0012458128256130473
5 1.1651973724365234 15 16 -0.1294527986831963
-1 0.0 0 0 0.007473662432850055
-1 0.0 0 0 -0.021976735116913917
6 0.7249400615692139 18 19 0.0029517640722473495
-1 0.0 0 0 -0.004169181168822101
1 10.922894477844238 20 23 0.00701181206717128
8 34.5 21 22 0.17328803660348058
-1 0.0 0 0 -0.006423418160358613
-1 0.0 0 0 0.03108008997759929
1 11.029698371887207 24 25 0.005095819466407202
-1 0.0 0 0 -0.016084596769757233
-1 0.0 0 0 0.0006510004753103909
5 1.2296910285949707 27 28 0.1567897240908697
-1 0.0 0 0 0.033359776437282565
-1 0.0 0 0 0.001398323001698219
nodes 29
4 0.531443178653717 1 24 0.0
6 0.9885861277580261 2 23 -0.027455760800067293
7 0.17500000447034836 3 20 -0.03778122548190821
7 0.004999999888241291 4 7 -0.018572816158980196
6 0.7586787343025208 5 6 -0.10132482496180362
-1 0.0 0 0 0.0007911343360319734
-1 0.0 0 0 -0.02525749041770513
3 0.2608897089958191 8 15 0.0036376797101758743
5 3.739147901535034 9 14 -0.03755986484316669
6 0.6399130821228027 10 11 -0.07058100777900439
-1 0.0 0 0 0.0012025464620245131
2 10.312180519104004 12 13 -0.11417886821194163
-1 0.0 0 0 -0.016811695127519975
-1 0.0 0 0 -0.0006302702085425457
-1 0.0 0 0 0.005802765418162668
0 11.590191841125488 16 19 0.07709836156432887
6 0.8885694146156311 17 18 0.14220800766691802
-1 0.0 0 0 0.020733439851942106
-1 0.0 0 0 0.0002186267334036529
-1 0.0 0 0 -0.012799702365882695
0 10.72744369506836 21 22 -0.17848282377235591
-1 0.0 0 0 -0.008161453111097217
-1 0.0 0 0 -0.027535111643373966
-1 0.0 0 0 0.014446322615258396
3 0.2268754094839096 25 26 0.00010836780414960188
-1 0.0 0 0 0.0011300630781720118
3 0.2608897089958191 27 28 -0.00023219452186099484
-1 0.0 0 0 -0.0057684346670732
-1 0.0 0 0 2.0870353777240618e-05
nodes 29
2 10.076894760131836 1 4 0.0
5 2.0657918453216553 2 3 0.006599482174811331
-1 0.0 0 0 0.0014091421761538137
-1 0.0 0 0 -0.002431584632910684
2 10.157547950744629 5 28 -0.0004418267044094757
0 9.83969497680664 6 9 -0.038177352477802975
0 9.726631164550781 7 8 0.09878385347641401
-1 0.0 0 0 -0.009767761491239072
-1 0.0 0 0 0.027509542767149515
4 1.0365757942199707 10 11 -0.04847728056785588
-1 0.0 0 0 -0.001318765029806433
6 0.9753404259681702 12 27 -0.1427585315871497
8 28.5 13 22 -0.1730838000195292
1 9.785041809082031 14 17 -0.10499017079612308
1 9.517163276672363 15 16 -0.2367776532502224
-1 0.0 0 0 -0.0007405478367581964
-1 0.0 0 0 -0.03514637406915427
5 1.312256932258606 18 21 -0.002298626026695038
7 0.0950000025331974 19 20 -0.0974502167481856
-1 0.0 0 0 0.008621959145302357
-1 0.0 0 0 -0.024832184491346457
-1 0.0 0 0 0.018434487885007494
8 32.5 23 26 -0.26925727634537083
7 0.044999999925494194 24 25 -0.35128886797107184
-1 0.0 0 0 -0.059134405609220266
-1 0.0 0 0 -0.024459767325056926
-1 0.0 0 0 -0.010263060585566565
-1 0.0 0 0 0.00659506688004031
-1 0.0 0 0 3.863187684895217e-06
nodes 29
5 2.2861592769622803 1 2 0.0
-1 0.0 0 0 -5.0180457174430505e-05
6 0.6903632283210754 3 26 0.006233027101539529
7 0.004999999888241291 4 15 -0.01719445985189003
5 3.739147901535034 5 10 0.0526009085295355
8 43.5 6 9 0.1354922482509536
8 40.5 7 8 0.19595505796549392
-1 0.0 0 0 0.013370222653490298
-1 0.0 0 0 0.04093933371560915
-1 0.0 0 0 -0.009880113939289004
4 0.9862159490585327 11 14 -0.021715465013804877
1 9.579625129699707 12 13 -0.07615982128481846
-1 0.0 0 0 -0.0028506216770572378
-1 0.0 0 0 -0.03404207190456377
-1 0.0 0 0 0.023961744508706036
8 28.5 16 21 -0.032209108851805564
3 0.42821240425109863 17 20 0.07650071210709625
3 0.32347357273101807 18 19 0.14174548800953704
-1 0.0 0 0 0.003399640355286572
-1 0.0 0 0 0.029763778041493383
-1 0.0 0 0 -0.017360426218559346
6 0.3701053261756897 22 23 -0.04355750628812
-1 0.0 0 0 7.222770292540652e-05
7 0.23499999940395355 24 25 -0.06948847528562331
-1 0.0 0 0 -0.008045344788111993
-1 0.0 0 0 0.016583670580234283
0 9.484861373901367 27 28 0.01528168762395824
-1 0.0 0 0 -0.00463069322670783
-1 0.0 0 0 0.0021630594497297094
end
