vecsearch-termination-model 1
kind gbdt
checkpoint 200
query_dim 0
bias 6.392863933141527
trees 200
nodes 29
1 10.472799301147461 1 14 0.0
6 1.0290124416351318 2 9 -0.5684120256620079
1 9.90817642211914 3 6 -0.33750753573120346
6 0.9998595118522644 4 5 -0.6041992105013108
-1 0.0 0 0 -0.0456435714838793
-1 0.0 0 0 -0.07995362481801424
6 0.9998595118522644 7 8 -0.20494250394781355
-1 0.0 0 0 -0.010788006204913821
-1 0.0 0 0 -0.040821539382171826
7 0.47749999165534973 10 13 -1.3036549787460636
6 1.0675913095474243 11 12 -1.0891151112153339
-1 0.0 0 0 -0.09267632684889948
-1 0.0 0 0 -0.1303174903851089
-1 0.0 0 0 -0.17952651377775555
1 10.872920989990234 15 22 0.39149955535108594
6 1.014758825302124 16 21 0.1928798602203623
4 0.7363055348396301 17 18 0.2531938187372322
-1 0.0 0 0 -0.01085541548024713
1 10.688895225524902 19 20 0.2928061342583333
-1 0.0 0 0 0.019087459283367414
-1 0.0 0 0 0.03880657047471511
-1 0.0 0 0 -0.04528160320459143
3 0.6558228135108948 23 24 0.6405741094449814
-1 0.0 0 0 0.035078764591209434
6 1.0094709396362305 25 28 0.7025338046016296
1 11.086150169372559 26 27 0.7352661036614491
-1 0.0 0 0 0.06441301283197266
-1 0.0 0 0 0.08704797850851229
-1 0.0 0 0 0.017285516853371197
nodes 29
1 10.428570747375488 1 14 0.0
6 1.0356087684631348 2 9 -0.5430064477196416
1 9.873852729797363 3 6 -0.3441956583906541
2 10.816171646118164 4 5 -0.5706676505643983
-1 0.0 0 0 -0.06579302656163581
-1 0.0 0 0 -0.027674790053210743
6 0.9998595118522644 7 8 -0.22423801015648515
-1 0.0 0 0 -0.012188533171251785
-1 0.0 0 0 -0.04155436701478329
7 0.5274999737739563 10 13 -1.233221909965879
7 0.30250000953674316 11 12 -1.062384425787728
-1 0.0 0 0 -0.08796978006495275
-1 0.0 0 0 -0.12325565876861054
-1 0.0 0 0 -0.17542490621359352
1 10.847082138061523 15 22 0.33337021564761726
6 1.0166220664978027 16 21 0.13962290757919502
4 0.7881348133087158 17 18 0.19581590463119417
-1 0.0 0 0 -0.003294631430106448
1 10.628254890441895 19 20 0.24888947955467988
-1 0.0 0 0 0.012889487101135702
-1 0.0 0 0 0.03296436319888873
-1 0.0 0 0 -0.04734464916148602
3 0.6172668933868408 23 24 0.5589803362750879
-1 0.0 0 0 0.02086867701764978
6 1.0128213167190552 25 28 0.6018397123812951
1 11.099438667297363 26 27 0.6285834105546764
-1 0.0 0 0 0.05518817169790257
-1 0.0 0 0 0.07807493353267153
-1 0.0 0 0 0.005991355738048376
nodes 29
1 10.41565227508545 1 12 0.0
6 1.024679183959961 2 7 -0.4972054551833137
1 10.018957138061523 3 6 -0.2917147187750455
2 10.861591339111328 4 5 -0.4449612324356925
-1 0.0 0 0 -0.05128313536584707
-1 0.0 0 0 -0.016663460968625303
-1 0.0 0 0 -0.01624405707257054
7 0.4325000047683716 8 9 -1.0438841152439577
-1 0.0 0 0 -0.08349871062424834
6 1.0931655168533325 10 11 -1.3976483986870678
-1 0.0 0 0 -0.11356702750244485
-1 0.0 0 0 -0.1633091524933384
1 10.803709983825684 13 20 0.2952378033800808
6 1.0079162120819092 14 17 0.09681277576181234
3 0.6292915344238281 15 16 0.1629833065714748
-1 0.0 0 0 0.00045489323607273503
-1 0.0 0 0 0.02301479808928799
6 1.0356087684631348 18 19 -0.3624851353678219
-1 0.0 0 0 -0.01947120188103525
-1 0.0 0 0 -0.07024934194550339
1 11.00004768371582 21 26 0.47930969127602185
6 1.0111383199691772 22 25 0.3648298885784435
3 0.6486014127731323 23 24 0.39734973546763186
-1 0.0 0 0 0.019739440902977044
-1 0.0 0 0 0.04545213137810805
-1 0.0 0 0 -0.010817696037343694
3 0.7128023505210876 27 28 0.6023811690269473
-1 0.0 0 0 0.043397120047532295
-1 0.0 0 0 0.06704032177282214
nodes 29
1 10.496787071228027 1 16 0.0
6 1.0187747478485107 2 9 -0.40353244623872214
1 10.164350509643555 3 8 -0.2141386966034927
6 0.9998595118522644 4 7 -0.3495650834707642
2 10.942526817321777 5 6 -0.26138100445980905
-1 0.0 0 0 -0.03180077417798023
-1 0.0 0 0 0.0034601411939666317
-1 0.0 0 0 -0.05121018355750101
-1 0.0 0 0 -0.006973494970180701
6 1.0808510780334473 10 13 -0.8917438815812427
7 0.3075000047683716 11 12 -0.7074918492625468
-1 0.0 0 0 -0.05737070129204672
-1 0.0 0 0 -0.08617856648518639
7 0.5925000011920929 14 15 -1.2402488817749022
-1 0.0 0 0 -0.10904275531539287
-1 0.0 0 0 -0.16910199239398604
1 10.899992942810059 17 24 0.2964747270659583
6 1.0028573274612427 18 21 0.1620830653057756
4 0.7237707376480103 19 20 0.21842376263448574
-1 0.0 0 0 -0.011065081753340977
-1 0.0 0 0 0.02483682361956565
6 1.0434638261795044 22 23 -0.20401289938647432
-1 0.0 0 0 -0.010503120625445174
-1 0.0 0 0 -0.06474831174623746
6 1.022120714187622 25 28 0.48598474218727383
3 0.707918107509613 26 27 0.503075629984471
-1 0.0 0 0 0.03456135894124534
-1 0.0 0 0 0.05727450632863167
-1 0.0 0 0 -0.015353243143342715
nodes 29
1 10.339126586914062 1 14 0.0
6 1.0413601398468018 2 11 -0.445043686935238
6 0.9998595118522644 3 8 -0.2973347618403884
4 0.7772111892700195 4 5 -0.18200767607234875
-1 0.0 0 0 -0.03751117647299237
2 10.939213752746582 6 7 -0.09811375073007834
-1 0.0 0 0 -0.014678305802010278
-1 0.0 0 0 0.019645973368258282
4 0.7922724485397339 9 10 -0.45557148121409674
-1 0.0 0 0 -0.07073608414027918
-1 0.0 0 0 -0.03882650440488506
7 0.5274999737739563 12 13 -0.9578933627559404
-1 0.0 0 0 -0.08212872416672937
-1 0.0 0 0 -0.13285937463726893
1 10.755879402160645 15 22 0.21862651021537485
6 1.0028573274612427 16 19 0.03276519418851601
4 0.7586396932601929 17 18 0.10003303288500415
-1 0.0 0 0 -0.012346284096165248
-1 0.0 0 0 0.014019984744385233
6 1.063533902168274 20 21 -0.2995650483461935
-1 0.0 0 0 -0.023160281220066848
-1 0.0 0 0 -0.0845819932533691
6 1.002241611480713 23 28 0.3708735342083713
3 0.6594746708869934 24 25 0.40435062811209577
-1 0.0 0 0 0.02091011877347959
1 11.072961807250977 26 27 0.45887922714172213
-1 0.0 0 0 0.039680982266910275
-1 0.0 0 0 0.058728135637327566
-1 0.0 0 0 0.003926830388624006
nodes 29
1 10.524735450744629 1 14 0.0
6 1.0187747478485107 2 9 -0.316459199464746
1 9.784309387207031 3 4 -0.16467012502124442
-1 0.0 0 0 -0.038343317422379765
4 0.7132238745689392 5 6 -0.09868039034650905
-1 0.0 0 0 -0.03622385136765927
6 0.9994038343429565 7 8 -0.06443068297287081
-1 0.0 0 0 -0.0003846866272089519
-1 0.0 0 0 -0.020185790668234435
6 1.087129831314087 10 11 -0.7225433453272192
-1 0.0 0 0 -0.05802108450802229
7 0.6324999928474426 12 13 -1.0359611105856892
-1 0.0 0 0 -0.09287437218355857
-1 0.0 0 0 -0.14960394829687632
1 10.904486656188965 15 24 0.25183693807427515
6 0.9998595118522644 16 19 0.1441194062875496
4 0.8022487759590149 17 18 0.21133511713146327
-1 0.0 0 0 0.004741421798541222
-1 0.0 0 0 0.02599410562123829
6 1.0356087684631348 20 23 -0.055954021404160406
4 0.9133665561676025 21 22 0.0024986440223192835
-1 0.0 0 0 -0.01951424423831613
-1 0.0 0 0 0.009983176606678692
-1 0.0 0 0 -0.04613536004166633
3 0.7241653203964233 25 28 0.3990670451895374
6 0.9994038343429565 26 27 0.27688990001198427
-1 0.0 0 0 0.03243136212386615
-1 0.0 0 0 -0.012660541392431704
-1 0.0 0 0 0.046555891988594694
nodes 29
1 10.331822395324707 1 14 0.0
6 1.0413601398468018 2 9 -0.3665718681603636
7 0.2824999988079071 3 8 -0.24553620074785187
4 0.7132238745689392 4 5 -0.18299896788398945
-1 0.0 0 0 -0.04133371276024087
2 10.213432312011719 6 7 -0.14201474656082813
-1 0.0 0 0 -0.033038671711045096
-1 0.0 0 0 -0.009235698597871073
-1 0.0 0 0 -0.045645745117938785
7 0.3725000023841858 10 11 -0.7826802164072647
-1 0.0 0 0 -0.05678117400777108
7 0.6725000143051147 12 13 -0.9656536813502556
-1 0.0 0 0 -0.08950098769328763
-1 0.0 0 0 -0.13985770358760005
1 10.73843765258789 15 22 0.17691813992202962
6 1.0028573274612427 16 19 0.017781222177852326
4 0.6827468872070312 17 18 0.07419973263055579
-1 0.0 0 0 -0.02520769706416133
-1 0.0 0 0 0.009459202658506636
6 1.0540072917938232 20 21 -0.2525961480574691
-1 0.0 0 0 -0.018396073525667266
-1 0.0 0 0 -0.06256232342237437
1 10.989656448364258 23 28 0.2970755981874558
6 1.002241611480713 24 27 0.21776236111689104
4 0.7792374491691589 25 26 0.2501709098802719
-1 0.0 0 0 0.004494091986584427
-1 0.0 0 0 0.028571521925601674
-1 0.0 0 0 -0.004555522295874136
-1 0.0 0 0 0.040284267208983406
nodes 29
1 10.55716609954834 1 16 0.0
6 1.0166220664978027 2 11 -0.24605039516956853
1 10.092040061950684 3 8 -0.12092367743464977
2 10.780704498291016 4 7 -0.2475476459826293
1 9.207636833190918 5 6 -0.30795201308001086
-1 0.0 0 0 -0.05439257529635432
-1 0.0 0 0 -0.026149605261474664
-1 0.0 0 0 -0.006262460561867397
4 0.8132991194725037 9 10 -0.03862772394036398
-1 0.0 0 0 -0.016482580282026534
-1 0.0 0 0 0.0012624286562972302
7 0.39750000834465027 12 13 -0.5761402821617119
-1 0.0 0 0 -0.04320459739937227
6 1.0761206150054932 14 15 -0.8008633609890337
-1 0.0 0 0 -0.06124364887643022
-1 0.0 0 0 -0.09632519314665329
1 10.984428405761719 17 24 0.21531272251155265
6 1.022120714187622 18 23 0.14826314807046312
3 0.5882323384284973 19 20 0.1700000543042323
-1 0.0 0 0 -0.0025274355074536062
6 0.9998595118522644 21 22 0.20186907160150025
-1 0.0 0 0 0.02351362153941959
-1 0.0 0 0 0.007732826346645386
-1 0.0 0 0 -0.02637446103056223
4 0.7816259860992432 25 26 0.360328463269378
-1 0.0 0 0 0.013022546187868632
6 0.9998595118522644 27 28 0.38862625115735955
-1 0.0 0 0 0.04246268396661423
-1 0.0 0 0 0.02130488386742467
nodes 29
1 10.258501052856445 1 14 0.0
6 1.050862431526184 2 11 -0.3249775483701781
6 0.9998595118522644 3 8 -0.2297633305514292
4 0.8096728324890137 4 5 -0.1328658299479725
-1 0.0 0 0 -0.02539927278930558
2 10.942526817321777 6 7 -0.0533555083718458
-1 0.0 0 0 -0.01039505235321098
-1 0.0 0 0 0.02357876889348673
4 0.7902326583862305 9 10 -0.3440931578102513
-1 0.0 0 0 -0.05489435544494271
-1 0.0 0 0 -0.028836767657731535
7 0.6025000214576721 12 13 -0.6853264729868205
-1 0.0 0 0 -0.060928414242503115
-1 0.0 0 0 -0.10406659468411816
1 10.73843765258789 15 22 0.13287003157453361
6 0.9998595118522644 16 19 0.003435634061506626
4 0.6827468872070312 17 18 0.07555474507584936
-1 0.0 0 0 -0.020268970117605166
-1 0.0 0 0 0.009546758919831306
3 0.6594746708869934 20 21 -0.15414022216414264
-1 0.0 0 0 -0.03481624034521924
-1 0.0 0 0 -0.006845344265106992
3 0.5927804708480835 23 24 0.24249503207642356
-1 0.0 0 0 -0.0007397093309400191
6 0.9998595118522644 25 28 0.26780086662304275
1 11.122014045715332 26 27 0.3060121075767073
-1 0.0 0 0 0.026961886731032725
-1 0.0 0 0 0.04287878414003679
-1 0.0 0 0 0.011284127621156166
nodes 29
1 10.524735450744629 1 16 0.0
6 1.0049721002578735 2 9 -0.21071399968270346
4 0.7132238745689392 3 4 -0.08628396411365431
-1 0.0 0 0 -0.03083809683409557
2 11.089683532714844 5 8 -0.050221484731308705
1 9.636131286621094 6 7 -0.06783681502972914
-1 0.0 0 0 -0.02552054438688421
-1 0.0 0 0 -0.0035133394413769422
-1 0.0 0 0 0.024314205758467163
7 0.3375000059604645 10 13 -0.4369672539037731
3 0.6982521414756775 11 12 -0.2960551970810582
-1 0.0 0 0 -0.038020151679704906
-1 0.0 0 0 -0.018154087077810268
6 1.063533902168274 14 15 -0.6010370180565433
-1 0.0 0 0 -0.04537074566219196
-1 0.0 0 0 -0.07515167932311698
6 1.022120714187622 17 28 0.16768534037032967
1 10.895553588867188 18 23 0.18578287609461497
3 0.6982521414756775 19 22 0.11290356362852842
6 0.9971184134483337 20 21 0.038990175745769066
-1 0.0 0 0 0.007540685932650039
-1 0.0 0 0 -0.013955069178939905
-1 0.0 0 0 0.017107949517601112
3 0.7719982266426086 24 27 0.2769591684853763
3 0.5201530456542969 25 26 0.2054352577173853
-1 0.0 0 0 -0.023510391543476054
-1 0.0 0 0 0.022170517036220888
-1 0.0 0 0 0.0352967206423022
-1 0.0 0 0 -0.0234105146494035
nodes 29
1 10.212919235229492 1 10 0.0
7 0.29749999940395355 2 7 -0.2799518511132803
2 10.775993347167969 3 6 -0.16775621349077396
1 9.636131286621094 4 5 -0.2085369787370793
-1 0.0 0 0 -0.03255354885607276
-1 0.0 0 0 -0.015157541852579452
-1 0.0 0 0 0.0006769364092920832
6 1.063533902168274 8 9 -0.4983292442543459
-1 0.0 0 0 -0.038406459310707394
-1 0.0 0 0 -0.06756852410056827
1 10.688895225524902 11 18 0.10385558801053642
6 0.9998595118522644 12 13 -0.014793398736056092
-1 0.0 0 0 0.004905802300754043
4 0.9105898141860962 14 15 -0.14319821787595496
-1 0.0 0 0 -0.028382685405883464
6 1.0393445491790771 16 17 -0.06262844902358027
-1 0.0 0 0 -0.0008596813766758383
-1 0.0 0 0 -0.031885871130467744
3 0.6393026113510132 19 22 0.18768092092645464
6 0.998949408531189 20 21 0.038567486154344015
-1 0.0 0 0 0.00851287808778922
-1 0.0 0 0 -0.026876762442242415
6 0.9998595118522644 23 26 0.22063854338077848
1 11.122014045715332 24 25 0.2546160645010011
-1 0.0 0 0 0.02239951099267222
-1 0.0 0 0 0.03639363141558111
6 1.0459541082382202 27 28 0.09351371628411814
-1 0.0 0 0 0.01186592935594968
-1 0.0 0 0 -0.038341911535160283
nodes 29
1 10.324268341064453 1 12 0.0
7 0.3474999964237213 2 9 -0.2229462279943271
2 10.138045310974121 3 4 -0.14198512192705798
-1 0.0 0 0 -0.030358102688480743
4 0.8096728324890137 5 6 -0.09798962825509415
-1 0.0 0 0 -0.02083955978887181
2 11.02333927154541 7 8 -0.043534072633093945
-1 0.0 0 0 -0.0067937279453764605
-1 0.0 0 0 0.02093475101349547
6 1.110384225845337 10 11 -0.4635800078982544
-1 0.0 0 0 -0.038678691058152095
-1 0.0 0 0 -0.06921949070217027
1 10.799473762512207 13 22 0.10570088960780594
6 1.0079162120819092 14 19 0.023445826623659686
3 0.6720255613327026 15 18 0.05479168351383605
4 0.6284171938896179 16 17 -0.015830021421996212
-1 0.0 0 0 -0.03308880416903614
-1 0.0 0 0 0.0003211315627951473
-1 0.0 0 0 0.010818712700262696
6 1.063533902168274 20 21 -0.17278533818534755
-1 0.0 0 0 -0.012288079548022631
-1 0.0 0 0 -0.05040985057727986
3 0.5556058883666992 23 24 0.19285092844493942
-1 0.0 0 0 -0.011619358789082154
6 1.022120714187622 25 28 0.2071284811823728
1 11.122014045715332 26 27 0.21761643806823064
-1 0.0 0 0 0.018642767561275076
-1 0.0 0 0 0.031243192929093458
-1 0.0 0 0 -0.013830679507260458
nodes 29
1 10.55716609954834 1 18 0.0
6 1.0094709396362305 2 11 -0.14887200125081695
4 0.7902326583862305 3 6 -0.06177016566470071
7 0.1875 4 5 -0.18169549597334922
-1 0.0 0 0 -0.011995256751863866
-1 0.0 0 0 -0.035078461597743436
2 11.068355560302734 7 10 -0.01566020402586632
1 10.164350509643555 8 9 -0.03152040819402432
-1 0.0 0 0 -0.009646310249805515
-1 0.0 0 0 0.0013352169974656452
-1 0.0 0 0 0.02338685421343282
6 1.110384225845337 12 17 -0.3368344671618014
5 1.319626808166504 13 14 -0.2811857250795776
-1 0.0 0 0 -0.013599699264589184
7 0.3075000047683716 15 16 -0.34632382475164264
-1 0.0 0 0 -0.02529524336499633
-1 0.0 0 0 -0.04355253260966265
-1 0.0 0 0 -0.05859332111253997
6 0.9998595118522644 19 26 0.13027427107884998
3 0.7031493186950684 20 23 0.1640154592448456
4 0.6774455904960632 21 22 0.08815748151268117
-1 0.0 0 0 -0.013726802351513308
-1 0.0 0 0 0.010890096775222072
5 1.144494891166687 24 25 0.21530951571154622
-1 0.0 0 0 0.030397884966044387
-1 0.0 0 0 0.018255943402887383
3 0.7565687894821167 27 28 0.005629340694830852
-1 0.0 0 0 -0.014263218373838366
-1 0.0 0 0 0.010063881686371082
nodes 29
1 10.203110694885254 1 12 0.0
7 0.3725000023841858 2 9 -0.2092760665386331
6 1.0049721002578735 3 8 -0.14173751164677978
4 0.7132238745689392 4 5 -0.08958573837013896
-1 0.0 0 0 -0.025621599581536154
2 10.647993087768555 6 7 -0.05434761844180112
-1 0.0 0 0 -0.010617812194365216
-1 0.0 0 0 0.005619052249580402
-1 0.0 0 0 -0.02475363555223796
7 0.637499988079071 10 11 -0.4167150934067757
-1 0.0 0 0 -0.03674758297738847
-1 0.0 0 0 -0.06906634519000364
1 10.777517318725586 13 22 0.07610269938394718
6 1.0290124416351318 14 21 0.004743878025089565
4 0.6284171938896179 15 16 0.023617963776616794
-1 0.0 0 0 -0.029607247920349845
6 0.9984874129295349 17 18 0.032045691588930926
-1 0.0 0 0 0.006052007909855446
4 0.9133665561676025 19 20 -0.04162192982514279
-1 0.0 0 0 -0.015605912581832164
-1 0.0 0 0 0.002420275956242687
-1 0.0 0 0 -0.024049677714540335
3 0.4901122748851776 23 24 0.15468484794954135
-1 0.0 0 0 -0.033482220727008336
6 1.0002985000610352 25 28 0.1615918083403425
3 0.7863309979438782 26 27 0.1798371345451756
-1 0.0 0 0 0.013863617970271634
-1 0.0 0 0 0.024158862401543968
-1 0.0 0 0 -0.0003744949378413705
nodes 29
1 10.598258018493652 1 18 0.0
6 1.0540072917938232 2 15 -0.11433687524637211
1 9.682217597961426 3 6 -0.072528952068306
7 0.23250000178813934 4 5 -0.21940839661067696
-1 0.0 0 0 -0.01443268610706029
-1 0.0 0 0 -0.03223690261178812
4 0.6721887588500977 7 8 -0.038332399678983414
-1 0.0 0 0 -0.023980395991272403
6 0.9994038343429565 9 12 -0.024253300951458095
2 11.10001277923584 10 11 0.016532223202394516
-1 0.0 0 0 0.0005515596259383239
-1 0.0 0 0 0.02419731745561007
3 0.6982521414756775 13 14 -0.0917443777538521
-1 0.0 0 0 -0.01623342039754812
-1 0.0 0 0 -0.002667780129383901
7 0.6424999833106995 16 17 -0.38770233652547703
-1 0.0 0 0 -0.03468695483438964
-1 0.0 0 0 -0.0699960072386369
6 1.024679183959961 19 28 0.11344894999587679
3 0.707918107509613 20 25 0.12391255680932657
4 0.6875665783882141 21 22 0.056399726235335186
-1 0.0 0 0 -0.014067341771902254
6 0.998949408531189 23 24 0.0762867663369942
-1 0.0 0 0 0.009916219806552166
-1 0.0 0 0 -0.00767275544324851
1 11.072961807250977 26 27 0.1657648339846372
-1 0.0 0 0 0.013513303849977721
-1 0.0 0 0 0.025299790677936525
-1 0.0 0 0 -0.01829087154583172
nodes 29
1 10.164350509643555 1 12 0.0
7 0.29749999940395355 2 7 -0.17827056183183024
2 10.647993087768555 3 6 -0.10461362242620866
1 9.326967239379883 4 5 -0.1429103817812165
-1 0.0 0 0 -0.0270036385188802
-1 0.0 0 0 -0.011162860153263817
-1 0.0 0 0 0.0006263155258410067
1 9.12336540222168 8 9 -0.31394608691353443
-1 0.0 0 0 -0.045258455179611516
6 1.063533902168274 10 11 -0.24766320482148976
-1 0.0 0 0 -0.018796475513032998
-1 0.0 0 0 -0.037826908228010554
1 10.868778228759766 13 22 0.05974161945930162
6 1.0028573274612427 14 17 0.013116562682628537
4 0.8132991194725037 15 16 0.038205513825621526
-1 0.0 0 0 -0.0043320973000640604
-1 0.0 0 0 0.006743035642133419
6 1.0808510780334473 18 21 -0.10672944483142573
4 0.9986103773117065 19 20 -0.08265653604330057
-1 0.0 0 0 -0.01693769681154521
-1 0.0 0 0 -0.0003517309186555008
-1 0.0 0 0 -0.043106309431467954
3 0.4901122748851776 23 24 0.14408230043586726
-1 0.0 0 0 -0.03592691120682095
6 1.0459541082382202 25 28 0.14928638095506797
1 11.181319236755371 26 27 0.15390867253653223
-1 0.0 0 0 0.013182388170348764
-1 0.0 0 0 0.024596911826600766
-1 0.0 0 0 -0.039103880809013045
nodes 29
1 10.55716609954834 1 18 0.0
6 1.0413601398468018 2 13 -0.10015249819106899
4 0.6593955159187317 3 6 -0.05998451346444023
7 0.12249999865889549 4 5 -0.27689538441582084
-1 0.0 0 0 -0.01596911721519406
-1 0.0 0 0 -0.04074399135227444
6 0.9998595118522644 7 10 -0.04426438716283497
2 11.09317398071289 8 9 -0.0025479965273237045
-1 0.0 0 0 -0.0014705973221352034
-1 0.0 0 0 0.01970846964953087
4 0.8877823948860168 11 12 -0.11031172329261595
-1 0.0 0 0 -0.020325706133321898
-1 0.0 0 0 -0.006245912409294542
7 0.7325000166893005 14 17 -0.29134658411735087
6 1.1384437084197998 15 16 -0.27435661435378683
-1 0.0 0 0 -0.023631000330960453
-1 0.0 0 0 -0.040580128636934804
-1 0.0 0 0 -0.08286258073131066
5 1.1506091356277466 19 20 0.08764101774455803
-1 0.0 0 0 0.018781061367665337
6 1.022120714187622 21 26 0.06270312538222496
4 0.6875665783882141 22 23 0.07374498436737607
-1 0.0 0 0 -0.014090736551885821
1 10.93160629272461 24 25 0.08284859836442851
-1 0.0 0 0 0.0055571426092218025
-1 0.0 0 0 0.013155243143266899
6 1.0675913095474243 27 28 -0.17631105431584515
-1 0.0 0 0 -0.01126265976894793
-1 0.0 0 0 -0.05305249894276089
nodes 29
6 1.0049721002578735 1 20 0.0
1 10.623228073120117 2 11 0.04432638866444065
4 0.8224447965621948 3 8 -0.026123947098505365
4 0.6054747104644775 4 5 -0.0995994037996823
-1 0.0 0 0 -0.030226822913582807
8 42.5 6 7 -0.07791760581043114
-1 0.0 0 0 -0.01862709544305088
-1 0.0 0 0 -0.0018933445042846203
2 11.10001277923584 9 10 0.01370582971525674
-1 0.0 0 0 0.0003860934719689839
-1 0.0 0 0 0.021860006601247907
4 0.8132991194725037 12 17 0.10034392977519484
3 0.4901122748851776 13 14 0.014357257169416191
-1 0.0 0 0 -0.0181037031153954
8 46.5 15 16 0.035929506557596455
-1 0.0 0 0 -0.004135870187430459
-1 0.0 0 0 0.00923202003385102
5 1.144494891166687 18 19 0.12291374486211941
-1 0.0 0 0 0.02083011957124728
-1 0.0 0 0 0.010106381524896096
1 9.703572273254395 21 24 -0.1650029009970352
7 0.7024999856948853 22 23 -0.2934812094936733
-1 0.0 0 0 -0.027257935317665384
-1 0.0 0 0 -0.06746550619658646
3 0.6982521414756775 25 26 -0.10060650918206021
-1 0.0 0 0 -0.020290684870486606
6 1.0675913095474243 27 28 -0.030086547243436675
-1 0.0 0 0 -0.00045955585017867865
-1 0.0 0 0 -0.023736771757139605
nodes 29
1 9.966508865356445 1 10 0.0
7 0.20250000059604645 2 5 -0.16482279413554088
2 10.647993087768555 3 4 -0.07118371008517307
-1 0.0 0 0 -0.010955864085228965
-1 0.0 0 0 0.002779564281628708
7 0.5274999737739563 6 9 -0.24362466268710778
2 11.01615047454834 7 8 -0.20313490520746386
-1 0.0 0 0 -0.022284507783038372
-1 0.0 0 0 0.008707263644826683
-1 0.0 0 0 -0.03764117863834448
6 0.9998595118522644 11 22 0.037245927616621384
1 10.868778228759766 12 19 0.06822658888749616
4 0.8132991194725037 13 18 0.03337093983094157
4 0.5719396471977234 14 15 -0.025728205329165206
-1 0.0 0 0 -0.027260278114569683
8 46.5 16 17 -0.013979850287085125
-1 0.0 0 0 -0.008006819344477679
-1 0.0 0 0 0.004714776736063094
-1 0.0 0 0 0.0057750587191405245
3 0.7938080430030823 20 21 0.12705992221896617
-1 0.0 0 0 0.00960583040165707
-1 0.0 0 0 0.017921830576545065
3 0.8014524579048157 23 26 -0.04486525531109463
4 0.6924047470092773 24 25 -0.10985694724105072
-1 0.0 0 0 -0.03595788393237791
-1 0.0 0 0 -0.00918477283189832
6 1.0675913095474243 27 28 0.0521016063784635
-1 0.0 0 0 0.0065572687415389646
-1 0.0 0 0 -0.020899863771952784
nodes 29
6 1.0 1 18 0.0
1 10.623228073120117 2 11 0.039889429215469244
4 0.8877823948860168 3 10 -0.01803276488738287
1 9.39216136932373 4 5 -0.06118624326661979
-1 0.0 0 0 -0.020898240367340528
4 0.6054747104644775 6 7 -0.043798459689350915
-1 0.0 0 0 -0.02387099682201662
8 42.5 8 9 -0.031401056560923374
-1 0.0 0 0 -0.00922544007656774
-1 0.0 0 0 0.0017101228331342184
-1 0.0 0 0 0.003198312637618537
4 0.7792374491691589 12 13 0.08488432811438475
-1 0.0 0 0 -0.0009820973355377169
5 1.144494891166687 14 15 0.10031876291298542
-1 0.0 0 0 0.017142921184232027
2 11.229341506958008 16 17 0.0826467895709464
-1 0.0 0 0 0.006168797688091085
-1 0.0 0 0 0.013135117855199269
3 0.6486014127731323 19 24 -0.12574098462709538
7 0.3075000047683716 20 21 -0.21837326793613657
-1 0.0 0 0 -0.01438045856649415
7 0.7325000166893005 22 23 -0.2850243671265726
-1 0.0 0 0 -0.027156652151497748
-1 0.0 0 0 -0.06932456840116245
6 1.0675913095474243 25 28 -0.0564034697413677
5 1.1811141967773438 26 27 -0.027176219365249055
-1 0.0 0 0 0.008721691154090485
-1 0.0 0 0 -0.006045115002381284
-1 0.0 0 0 -0.021984861030419328
nodes 29
1 9.90817642211914 1 10 0.0
7 0.21249999850988388 2 3 -0.1432098150631515
-1 0.0 0 0 -0.006371560769160978
7 0.5274999737739563 4 9 -0.21074978724359036
4 0.7922724485397339 5 6 -0.17401412113001688
-1 0.0 0 0 -0.027379181765819854
2 10.509796142578125 7 8 -0.12966587517372483
-1 0.0 0 0 -0.018814348401145792
-1 0.0 0 0 0.0009363364553098213
-1 0.0 0 0 -0.032185982555760426
5 1.2345428466796875 11 18 0.02904791640345233
1 11.161820411682129 12 17 0.07928263851067312
3 0.7531528472900391 13 16 0.06327759339183026
8 37.5 14 15 0.01790050873894512
-1 0.0 0 0 -0.010268353592059028
-1 0.0 0 0 0.003906736645916539
-1 0.0 0 0 0.0089714810634204
-1 0.0 0 0 0.0182897540681015
6 0.9984874129295349 19 24 -0.009665397476273853
4 0.7008199095726013 20 21 0.022181973047377557
-1 0.0 0 0 -0.009612270629794835
2 11.012808799743652 22 23 0.03413982705553659
-1 0.0 0 0 -0.00011219099172824821
-1 0.0 0 0 0.007495993425814553
4 0.9966044425964355 25 26 -0.07633735822178125
-1 0.0 0 0 -0.013407666877701561
6 1.0459541082382202 27 28 -0.001984789601804289
-1 0.0 0 0 0.0029966175819904264
-1 0.0 0 0 -0.01672689547677826
nodes 29
6 1.0 1 16 0.0
3 0.6684996485710144 2 13 0.03317296785113768
4 0.6176910996437073 3 4 -0.01590194394238077
-1 0.0 0 0 -0.020875341266407457
2 11.082727432250977 5 12 -0.0046319095351736155
8 46.5 6 11 -0.031720586481313026
4 0.8508778214454651 7 10 -0.06173424720899072
8 37.5 8 9 -0.09823946537220785
-1 0.0 0 0 -0.020006637333960266
-1 0.0 0 0 -0.00764150162340933
-1 0.0 0 0 -0.0009641365730609487
-1 0.0 0 0 0.004019010266176746
-1 0.0 0 0 0.006213144073409108
1 10.979188919067383 14 15 0.06911234617384855
-1 0.0 0 0 0.004729569206667338
-1 0.0 0 0 0.012112108816308972
7 0.4025000035762787 17 24 -0.10456909790816579
4 0.9220812916755676 18 21 -0.0633099032814144
4 0.6593955159187317 19 20 -0.14301695055364505
-1 0.0 0 0 -0.0286333540151841
-1 0.0 0 0 -0.012044060442511826
2 10.942526817321777 22 23 -0.011142804262310105
-1 0.0 0 0 -0.004821430356073171
-1 0.0 0 0 0.007556836894548856
7 0.6025000214576721 25 28 -0.20969035030501934
5 1.1825212240219116 26 27 -0.17004419473196777
-1 0.0 0 0 0.00888233822485318
-1 0.0 0 0 -0.01873216221172724
-1 0.0 0 0 -0.03431411275527051
nodes 29
1 9.682217597961426 1 8 0.0
7 0.45250000059604645 2 7 -0.14515253399828285
2 10.458894729614258 3 4 -0.10994289706806339
-1 0.0 0 0 -0.015424424827516556
4 0.7792374491691589 5 6 -0.033233763216715624
-1 0.0 0 0 -0.016785078946361637
-1 0.0 0 0 0.0028473801003244172
-1 0.0 0 0 -0.025586104313119
5 1.2345428466796875 9 16 0.020089322709547552
1 11.161820411682129 10 15 0.06569242155020454
3 0.7531528472900391 11 14 0.05229859191739367
8 37.5 12 13 0.01271417214897879
-1 0.0 0 0 -0.009363023794072264
-1 0.0 0 0 0.0031705520308670356
-1 0.0 0 0 0.00754273817005364
-1 0.0 0 0 0.015369052928268168
6 0.9994038343429565 17 22 -0.012558587081586992
4 0.7008199095726013 18 19 0.01658022834780562
-1 0.0 0 0 -0.008344050360981506
2 10.942526817321777 20 21 0.027112923197379676
-1 0.0 0 0 -0.0007785332892232709
-1 0.0 0 0 0.005718041690869439
4 0.9077039957046509 23 24 -0.07003722306602296
-1 0.0 0 0 -0.014334589800631046
2 11.051445007324219 25 26 -0.02478381866297132
-1 0.0 0 0 -0.005373625214958276
5 2.0090184211730957 27 28 0.07616248861320088
-1 0.0 0 0 0.0037152319282072466
-1 0.0 0 0 0.03792538453916801
nodes 29
6 1.022120714187622 1 22 0.0
1 10.598258018493652 2 11 0.0196366290683087
4 0.6721887588500977 3 6 -0.0227487782468702
6 0.9976041316986084 4 5 -0.14932415626277273
-1 0.0 0 0 -0.009496825515255995
-1 0.0 0 0 -0.03267006361296469
2 11.089683532714844 7 10 -0.012070500954037966
1 9.421977996826172 8 9 -0.02078019477069134
-1 0.0 0 0 -0.01252318212973847
-1 0.0 0 0 -0.0010159169489268002
-1 0.0 0 0 0.015276872322278848
4 0.847743809223175 12 19 0.05303448302050582
6 0.9966748356819153 13 18 0.005399190404355338
3 0.4514581263065338 14 15 0.021751744629508095
-1 0.0 0 0 -0.018177411218889494
8 48.5 16 17 0.02946353415839212
-1 0.0 0 0 -0.0005197438149676622
-1 0.0 0 0 0.007940059458470794
-1 0.0 0 0 -0.011018411436339106
5 1.144494891166687 20 21 0.07243331694350487
-1 0.0 0 0 0.013408670365782345
-1 0.0 0 0 0.005680850188440651
7 0.23250000178813934 23 24 -0.12344002852236749
-1 0.0 0 0 -0.003402437167488405
7 0.7325000166893005 25 28 -0.16737414044307217
5 1.2028324604034424 26 27 -0.15574223597747974
-1 0.0 0 0 0.0004584954176398862
-1 0.0 0 0 -0.017083108094620294
-1 0.0 0 0 -0.05356411553418683
nodes 29
6 0.9998595118522644 1 14 0.0
4 0.8132991194725037 2 9 0.03240445474766316
4 0.6054747104644775 3 4 -0.019934790565336098
-1 0.0 0 0 -0.016908378605507972
8 48.5 5 8 -0.008208838117763014
8 36.5 6 7 -0.0503708651880061
-1 0.0 0 0 -0.022930769146434923
-1 0.0 0 0 -0.004039336983269927
-1 0.0 0 0 0.005182314250593191
2 11.089683532714844 10 13 0.0523793062813408
0 10.516373634338379 11 12 0.029113064975402028
-1 0.0 0 0 -0.004124933268518736
-1 0.0 0 0 0.004107869041625529
-1 0.0 0 0 0.008916877857724494
3 0.6558228135108948 15 20 -0.06257583416335612
4 0.6721887588500977 16 17 -0.12663261585993424
-1 0.0 0 0 -0.02467257477601569
7 0.3075000047683716 18 19 -0.10684182447471102
-1 0.0 0 0 -0.006069605519095634
-1 0.0 0 0 -0.016227745363022017
6 1.0374623537063599 21 24 -0.016201449575321842
5 1.136361002922058 22 23 0.006740698395764564
-1 0.0 0 0 0.011111001513637
-1 0.0 0 0 -0.0006416304232430537
7 0.5575000047683716 25 26 -0.0990897863649401
-1 0.0 0 0 -0.006873806177227013
1 10.43499755859375 27 28 -0.27242245747081495
-1 0.0 0 0 -0.020736468454938616
-1 0.0 0 0 -0.0705273506641388
nodes 29
1 9.682217597961426 1 8 0.0
7 0.48750001192092896 2 7 -0.11070462504476025
2 10.458894729614258 3 4 -0.08601359285626053
-1 0.0 0 0 -0.012317650177172549
4 0.7658514380455017 5 6 -0.020616755040157433
-1 0.0 0 0 -0.01508677303083151
-1 0.0 0 0 0.0029598423582961244
-1 0.0 0 0 -0.02086374815594739
5 1.208160400390625 9 12 0.015321681834314194
1 11.227972984313965 10 11 0.05927833568563985
-1 0.0 0 0 0.004947876409262321
-1 0.0 0 0 0.015446035314936222
7 0.2574999928474426 13 22 -0.006347536516403668
4 0.733380138874054 14 15 0.00969108390467783
-1 0.0 0 0 -0.0058395928080768374
2 11.009324073791504 16 19 0.01924629413041449
8 46.5 17 18 -0.004362435363503054
-1 0.0 0 0 -0.0013617496598032947
-1 0.0 0 0 0.007245978361484252
5 2.1734745502471924 20 21 0.0510210162338163
-1 0.0 0 0 0.00426551836797803
-1 0.0 0 0 0.01926385816934864
4 0.8891708850860596 23 24 -0.07382831266755623
-1 0.0 0 0 -0.013718691182384841
6 1.024679183959961 25 28 -0.03639139850401398
5 2.3796870708465576 26 27 0.009281719743184449
-1 0.0 0 0 -0.0006647507020059104
-1 0.0 0 0 0.028163099936050536
-1 0.0 0 0 -0.01290171762978338
nodes 29
6 0.9998595118522644 1 18 0.0
4 0.7792374491691589 2 7 0.02714801954813261
4 0.5158396363258362 3 4 -0.02853789339271692
-1 0.0 0 0 -0.026832742009763468
8 50.5 5 6 -0.0215941812294471
-1 0.0 0 0 -0.005266448394795412
-1 0.0 0 0 0.002726264241324361
2 10.583043098449707 8 9 0.04091539847546403
-1 0.0 0 0 -0.0028839849023317983
8 46.5 10 17 0.05139154183951381
4 0.9249565005302429 11 14 0.041308707330800304
8 36.5 12 13 0.008276154938604468
-1 0.0 0 0 -0.007501652298462011
-1 0.0 0 0 0.0024075964293699525
4 1.1146306991577148 15 16 0.06785515502530744
-1 0.0 0 0 0.007974498305846664
-1 0.0 0 0 -0.001420187617538138
-1 0.0 0 0 0.011290777118499525
3 0.6594746708869934 19 24 -0.05242519835445773
4 0.6924047470092773 20 21 -0.1054383065793142
-1 0.0 0 0 -0.020017459103110844
7 0.6025000214576721 22 23 -0.08634984738808876
-1 0.0 0 0 -0.007452419332908678
-1 0.0 0 0 -0.02362009656149894
6 1.110384225845337 25 28 -0.013031879798158622
5 1.136361002922058 26 27 -0.005070801097460701
-1 0.0 0 0 0.008590703673565105
-1 0.0 0 0 -0.0015529822274464816
-1 0.0 0 0 -0.01999287357577188
nodes 29
1 9.421977996826172 1 4 0.0
7 0.737500011920929 2 3 -0.11521252242206301
-1 0.0 0 0 -0.010808990256743211
-1 0.0 0 0 -0.04023456222601443
5 1.2345428466796875 5 10 0.010340643062472881
2 11.37551212310791 6 9 0.043614123844520646
5 1.142958402633667 7 8 0.036078326281886695
-1 0.0 0 0 0.007412143066577744
-1 0.0 0 0 0.00214503461696652
-1 0.0 0 0 0.013009866631211656
7 0.21249999850988388 11 20 -0.012087081041400386
4 0.5905351042747498 12 13 0.005656087943525867
-1 0.0 0 0 -0.015400748503980875
5 2.059514045715332 14 19 0.008954410281552517
8 43.5 15 18 0.00264991088002926
4 0.8934617042541504 16 17 -0.013335172814600683
-1 0.0 0 0 -0.005771081820816619
-1 0.0 0 0 0.0007860623141715099
-1 0.0 0 0 0.003548521093052079
-1 0.0 0 0 0.007923912612261809
4 0.7943466305732727 21 22 -0.05811514698418702
-1 0.0 0 0 -0.014430066421861815
5 2.2394375801086426 23 26 -0.03563438367278445
6 1.013798713684082 24 25 -0.05121966829005541
-1 0.0 0 0 -0.0015521774140875863
-1 0.0 0 0 -0.010150998372133638
2 11.341496467590332 27 28 0.09674517107024175
-1 0.0 0 0 0.00776556295558525
-1 0.0 0 0 0.07821212906029917
nodes 29
6 1.0 1 18 0.0
4 0.8445931673049927 2 11 0.017896289461704153
8 42.5 3 6 -0.017751502184124086
3 0.5494712591171265 4 5 -0.07580809331219977
-1 0.0 0 0 -0.013468099294826216
-1 0.0 0 0 -0.004512965322346435
4 0.6284171938896179 7 8 0.006526393083425173
-1 0.0 0 0 -0.011619086193275395
8 51.5 9 10 0.02070276110103487
-1 0.0 0 0 0.0002743368568416069
-1 0.0 0 0 0.0068114859765685725
2 11.10001277923584 12 17 0.036920475985439107
8 36.5 13 16 0.01890165703030116
4 0.9454073905944824 14 15 -0.005284132438810411
-1 0.0 0 0 -0.00663587971652999
-1 0.0 0 0 0.0016953812525832687
-1 0.0 0 0 0.004092143400559518
-1 0.0 0 0 0.006919344354506542
7 0.45250000059604645 19 26 -0.05641336811345754
4 0.9307276010513306 20 23 -0.036326733501137465
0 11.402329444885254 21 22 -0.08498567188614084
-1 0.0 0 0 -0.007219407626507021
-1 0.0 0 0 -0.02384377914139109
2 10.942526817321777 24 25 -0.0019592315648763476
-1 0.0 0 0 -0.002449339034071124
-1 0.0 0 0 0.0052782022247883234
7 0.762499988079071 27 28 -0.13191506687631555
-1 0.0 0 0 -0.012095352860655016
-1 0.0 0 0 -0.04443900863845627
nodes 29
1 9.207636833190918 1 2 0.0
-1 0.0 0 0 -0.011735693249330088
5 1.2345428466796875 3 8 0.007335329082699341
5 1.1254785060882568 4 5 0.03739537753683887
-1 0.0 0 0 0.008474350107620031
2 11.415323257446289 6 7 0.027039762831041276
-1 0.0 0 0 0.0022272515773664936
-1 0.0 0 0 0.011678370761725298
7 0.2574999928474426 9 18 -0.012207341643539073
4 0.7008199095726013 10 11 0.001161146535809483
-1 0.0 0 0 -0.006485666443846876
8 43.5 12 17 0.008000150408047389
4 0.8948625326156616 13 14 -0.006007488663499837
-1 0.0 0 0 -0.004114640574238953
3 0.4514581263065338 15 16 0.010988756055134536
-1 0.0 0 0 0.014493089107155868
-1 0.0 0 0 0.0002559003337587108
-1 0.0 0 0 0.004370820512478938
4 0.7943466305732727 19 20 -0.05789406062720253
-1 0.0 0 0 -0.01334348253834148
6 1.024679183959961 21 24 -0.0381831301671032
5 2.2394375801086426 22 23 -0.006017138324914346
-1 0.0 0 0 -0.0026749904015280204
-1 0.0 0 0 0.012036857724882881
1 10.40894889831543 25 26 -0.09236286941895357
-1 0.0 0 0 -0.005967360510498376
7 0.6675000190734863 27 28 -0.2178102297876767
-1 0.0 0 0 -0.019332331123687055
-1 0.0 0 0 -0.09470945431486422
nodes 29
6 0.9998595118522644 1 16 0.0
4 0.8287936449050903 2 9 0.01945781937080059
8 39.5 3 4 -0.011827828470153139
-1 0.0 0 0 -0.010446627315747178
4 0.6054747104644775 5 6 -0.0008402074512553066
-1 0.0 0 0 -0.011042335346255448
8 49.5 7 8 0.007443387283901443
-1 0.0 0 0 -0.0015452654998456908
-1 0.0 0 0 0.004582421849275835
8 41.5 10 15 0.03392162146017633
2 9.856185913085938 11 12 0.01893606191899705
-1 0.0 0 0 -0.02238429970899597
5 1.156363844871521 13 14 0.02109817237611586
-1 0.0 0 0 0.00635668506329737
-1 0.0 0 0 0.0010630447452541511
-1 0.0 0 0 0.0068908103805018425
4 0.9077039957046509 17 20 -0.037574749597024046
3 0.5458987951278687 18 19 -0.08347587272522997
-1 0.0 0 0 -0.012318355407393441
-1 0.0 0 0 -0.004557429772857302
6 1.0568609237670898 21 26 -0.009424413657064177
2 11.196885108947754 22 23 0.008897189614059825
-1 0.0 0 0 -0.0003065819910468878
1 10.891168594360352 24 25 0.09312879486185623
-1 0.0 0 0 0.03202184711975542
-1 0.0 0 0 0.005602529377898131
7 0.7074999809265137 27 28 -0.09652420520778943
-1 0.0 0 0 -0.007753514455305044
-1 0.0 0 0 -0.03167103360058698
nodes 29
7 0.35750000178813934 1 22 0.0
4 0.7792374491691589 2 7 0.009068878695962415
6 0.987898588180542 3 6 -0.03500904711087388
4 0.5158396363258362 4 5 -0.01003217674566384
-1 0.0 0 0 -0.01968976691936876
-1 0.0 0 0 -0.00043067580540051315
-1 0.0 0 0 -0.009084715981737681
8 43.5 8 21 0.019042596690671952
4 0.917734682559967 9 12 0.008559733802698791
8 39.5 10 11 -0.022668751855459374
-1 0.0 0 0 -0.004942860770041959
-1 0.0 0 0 0.0011997582798167425
0 10.188892364501953 13 14 0.024647107960116436
-1 0.0 0 0 -0.00600055180291105
5 1.1254785060882568 15 16 0.032705150652068096
-1 0.0 0 0 0.009826855226075754
5 2.1734745502471924 17 18 0.025730960292959452
-1 0.0 0 0 0.002016188280746007
1 10.164350509643555 19 20 0.12649188546494422
-1 0.0 0 0 0.009774225805932067
-1 0.0 0 0 0.03962960811177191
-1 0.0 0 0 0.006197787577696254
5 1.4050567150115967 23 24 -0.06943830154877043
-1 0.0 0 0 -0.00231545616218399
7 0.7074999809265137 25 28 -0.10106026602335295
4 0.8151136636734009 26 27 -0.09063666362399715
-1 0.0 0 0 -0.015684897620194385
-1 0.0 0 0 -0.0062652530532974
-1 0.0 0 0 -0.02647023492197438
nodes 29
1 9.207636833190918 1 4 0.0
2 11.089683532714844 2 3 -0.09219333216776708
-1 0.0 0 0 -0.010069344976610184
-1 0.0 0 0 0.013437262957632853
5 1.208160400390625 5 8 0.00576249238448123
1 11.227972984313965 6 7 0.03488274396675855
-1 0.0 0 0 0.00283792981121688
-1 0.0 0 0 0.009875615952586379
7 0.2574999928474426 9 18 -0.007400387705811892
4 0.7008199095726013 10 13 0.0028868927335498943
0 11.440752983093262 11 12 -0.04882983570674264
-1 0.0 0 0 -0.0014573733185439368
-1 0.0 0 0 -0.011847874400043316
2 10.995511054992676 14 17 0.007879564275647167
8 48.5 15 16 -0.0071988328227055665
-1 0.0 0 0 -0.001294207399872383
-1 0.0 0 0 0.006205295771737597
-1 0.0 0 0 0.002858154992557555
4 0.8891708850860596 19 20 -0.044952454792651995
-1 0.0 0 0 -0.00855318678468636
3 0.415852814912796 21 22 -0.019457010395203665
-1 0.0 0 0 0.013294565187769026
6 1.024679183959961 23 26 -0.03282944891900698
2 10.820577621459961 24 25 -0.001784812950224774
-1 0.0 0 0 -0.005262772460672077
-1 0.0 0 0 0.004594015828687106
0 11.165281295776367 27 28 -0.0819900772118025
-1 0.0 0 0 -0.006855807908354734
-1 0.0 0 0 -0.043592322789132595
nodes 29
1 9.072112083435059 1 2 0.0
-1 0.0 0 0 -0.009420955912361762
5 1.2345428466796875 3 8 0.004655423330860961
2 11.37551212310791 4 7 0.027103996317796798
3 0.7450065612792969 5 6 0.021859117024923748
-1 0.0 0 0 -0.0001481731204876796
-1 0.0 0 0 0.0033744862617958713
-1 0.0 0 0 0.008761045450090354
6 1.0568609237670898 9 24 -0.009672703118542002
4 0.6593955159187317 10 13 -0.004608137585550164
7 0.12249999865889549 11 12 -0.08687655821055952
-1 0.0 0 0 -0.0025860834885798384
-1 0.0 0 0 -0.016730884060222242
5 2.115934371948242 14 19 4.762235260677523e-05
1 10.502543449401855 15 16 -0.007758427943220124
-1 0.0 0 0 -0.0028832285487601778
8 39.5 17 18 0.008590353538207496
-1 0.0 0 0 -0.001052676700227371
-1 0.0 0 0 0.002671918736659512
4 0.8672091364860535 20 21 0.06151444358246577
-1 0.0 0 0 0.0007465282844044442
2 11.157963752746582 22 23 0.1102022124614024
-1 0.0 0 0 0.008174946899046088
-1 0.0 0 0 0.025184333149070648
1 10.466554641723633 25 26 -0.07945307236937353
-1 0.0 0 0 -0.0058587842929965946
7 0.5575000047683716 27 28 -0.24573941866312943
-1 0.0 0 0 -0.017115681612069073
-1 0.0 0 0 -0.0870812659018806
nodes 29
7 0.36250001192092896 1 24 0.0
4 0.8445931673049927 2 11 0.006955541140932309
8 38.5 3 4 -0.01755558469114797
-1 0.0 0 0 -0.008807204519250848
7 0.14750000089406967 5 10 -0.006435229711549491
4 0.6054747104644775 6 7 0.009330480657497928
-1 0.0 0 0 -0.007617030765381102
8 49.5 8 9 0.014966054609007991
-1 0.0 0 0 -0.0004314340827258255
-1 0.0 0 0 0.005114702572127421
-1 0.0 0 0 -0.005109018131435769
5 1.144494891166687 12 13 0.019101691701894706
-1 0.0 0 0 0.006170034712174429
0 10.167888641357422 14 15 0.012226929933926212
-1 0.0 0 0 -0.005172465317607406
5 2.1734745502471924 16 21 0.017115254652878612
8 40.5 17 20 0.012524103965764923
4 0.970613956451416 18 19 0.004164264375249774
-1 0.0 0 0 -0.0020751485349316387
-1 0.0 0 0 0.0022518358248693844
-1 0.0 0 0 0.003448509519510186
1 10.044292449951172 22 23 0.08509933956795607
-1 0.0 0 0 0.00583501874169324
-1 0.0 0 0 0.020533432693518473
5 1.401492714881897 25 26 -0.05519234741103432
-1 0.0 0 0 -0.0016005759511818125
7 0.7425000071525574 27 28 -0.08111588216380615
-1 0.0 0 0 -0.0073972559553748575
-1 0.0 0 0 -0.02730638735889015
nodes 29
6 0.9998595118522644 1 18 0.0
2 10.159059524536133 2 3 0.013040095692323766
-1 0.0 0 0 -0.00797202719990858
4 0.8891708850860596 4 11 0.01584793168249514
8 36.5 5 6 0.00047484916596514403
-1 0.0 0 0 -0.007997517860162512
1 8.451053619384766 7 8 0.006228680987512625
-1 0.0 0 0 -0.026595142791880584
4 0.5158396363258362 9 10 0.0075028257409085215
-1 0.0 0 0 -0.016792987401679532
-1 0.0 0 0 0.0009324276574770472
6 0.9409682750701904 12 15 0.03077508873383452
4 1.1004711389541626 13 14 0.006985884203341502
-1 0.0 0 0 0.0016599939215589032
-1 0.0 0 0 -0.007297898210893452
8 40.5 16 17 0.048295094812413515
-1 0.0 0 0 0.00357048695292308
-1 0.0 0 0 0.009231532767736087
4 0.9966044425964355 19 22 -0.02518156418051594
7 0.2574999928474426 20 21 -0.05010555226225796
-1 0.0 0 0 -0.0026579523360019276
-1 0.0 0 0 -0.007874355957370568
6 1.0675913095474243 23 28 0.0066642095719307
2 11.334516525268555 24 27 0.02193885310085037
0 9.726631164550781 25 26 0.014912452661156074
-1 0.0 0 0 -0.009676832052086012
-1 0.0 0 0 0.0022202892846297996
-1 0.0 0 0 0.0178510716697488
-1 0.0 0 0 -0.007542071126902672
nodes 29
5 1.2345428466796875 1 4 0.0
1 11.290956497192383 2 3 0.02153756188464228
-1 0.0 0 0 0.0018169168308175617
-1 0.0 0 0 0.0091051531520586
7 0.1525000035762787 5 14 -0.012788273950680606
8 38.5 6 11 0.0031102579982288324
4 0.9574794769287109 7 10 -0.017108832845354086
8 30.5 8 9 -0.05280444939463808
-1 0.0 0 0 -0.021164278366644564
-1 0.0 0 0 -0.0042883445901807865
-1 0.0 0 0 0.0006570248087231789
4 0.7658514380455017 12 13 0.015860961968889902
-1 0.0 0 0 -0.001646741698703435
-1 0.0 0 0 0.0030270290858602582
4 0.7943466305732727 15 18 -0.03383548280966256
3 0.46384188532829285 16 17 -0.08180431587398515
-1 0.0 0 0 -0.011047021605119488
-1 0.0 0 0 -0.004136196207319007
6 1.013798713684082 19 26 -0.01861650778996143
1 8.451053619384766 20 21 0.005220642654801112
-1 0.0 0 0 -0.027220295170823545
5 2.2394375801086426 22 25 0.00828971986172956
4 0.9913337826728821 23 24 -0.006188144233853674
-1 0.0 0 0 -0.0029114795780536364
-1 0.0 0 0 0.0033477367340897474
-1 0.0 0 0 0.008257585036028447
7 0.7524999976158142 27 28 -0.05167196748466327
-1 0.0 0 0 -0.004573308203449822
-1 0.0 0 0 -0.03199531162034965
nodes 29
1 8.898092269897461 1 2 0.0
-1 0.0 0 0 -0.00799398804965972
4 0.7237707376480103 3 8 0.0029246409457863508
6 0.9799160361289978 4 5 -0.04033835104134363
-1 0.0 0 0 -0.000727825697586187
0 11.208381652832031 6 7 -0.08450414022599056
-1 0.0 0 0 -0.0047254809181499135
-1 0.0 0 0 -0.014336662180489321
8 43.5 9 28 0.007579264238155275
4 0.8554689884185791 10 13 -0.00027511275525780594
8 36.5 11 12 -0.03586678116686914
-1 0.0 0 0 -0.008572433966327528
-1 0.0 0 0 -0.0019853008211713928
2 11.16913890838623 14 19 0.007612194274136414
8 31.5 15 18 -0.0006367626918975037
4 0.906256914138794 16 17 -0.02613620523792696
-1 0.0 0 0 -0.015113907230803775
-1 0.0 0 0 -0.0019585338288393168
-1 0.0 0 0 0.0009797831160496316
0 10.850889205932617 20 21 0.03914634255261122
-1 0.0 0 0 0.04458817819514396
6 1.0715585947036743 22 27 0.03566997127569816
5 2.1734745502471924 23 24 0.03781493712061012
-1 0.0 0 0 0.0032681814532087394
1 9.9215726852417 25 26 0.19810395379995183
-1 0.0 0 0 -0.0012661811602623042
-1 0.0 0 0 0.03191377596746978
-1 0.0 0 0 -0.042228023661300546
-1 0.0 0 0 0.003580003570130354
nodes 29
5 1.2345428466796875 1 6 0.0
5 1.0835062265396118 2 3 0.018558363668308046
-1 0.0 0 0 0.010183619374590825
2 11.394479751586914 4 5 0.01584104977091892
-1 0.0 0 0 0.0012267595804977497
-1 0.0 0 0 0.006576041825077527
7 0.5224999785423279 7 28 -0.011019326993243766
4 0.7658514380455017 8 13 -0.007297828784088244
7 0.1274999976158142 9 10 -0.03601986552359534
-1 0.0 0 0 -0.000818882086445261
3 0.46384188532829285 11 12 -0.0695434921146852
-1 0.0 0 0 -0.009758779162470609
-1 0.0 0 0 -0.0026160374145867767
8 43.5 14 25 -0.00019217601304100142
2 10.998894691467285 15 16 -0.008929502992818698
-1 0.0 0 0 -0.0019550171429623966
5 2.1734745502471924 17 20 0.01377655507686638
6 1.0434638261795044 18 19 0.00356235118083562
-1 0.0 0 0 0.0007327738182622988
-1 0.0 0 0 -0.015843296516272757
8 33.5 21 24 0.10099352886150835
7 0.48250000178813934 22 23 0.20821276388629353
-1 0.0 0 0 0.01704505423611743
-1 0.0 0 0 0.08445061965845525
-1 0.0 0 0 0.005332569959146064
6 0.9167382121086121 26 27 0.03744195499612181
-1 0.0 0 0 0.0006449352830861392
-1 0.0 0 0 0.006185661964260773
-1 0.0 0 0 -0.007786600266803125
nodes 29
5 1.1506091356277466 1 2 0.0
-1 0.0 0 0 0.0034995668140358526
7 0.45250000059604645 3 26 -0.005022047747962332
4 0.6721887588500977 4 9 -0.0014556823768197818
1 10.812371253967285 5 6 -0.049563216436455365
-1 0.0 0 0 -0.003339856060499547
8 53.5 7 8 -0.17126043795259427
-1 0.0 0 0 -0.03255892730005944
-1 0.0 0 0 -0.007797940157864485
8 46.5 10 21 0.0015666780287517214
4 0.8413915634155273 11 14 -0.004224369097391185
8 34.5 12 13 -0.03414688039505084
-1 0.0 0 0 -0.012528672704268919
-1 0.0 0 0 -0.002639770970837064
0 10.319266319274902 15 16 0.004138431395242264
-1 0.0 0 0 -0.002785755495044351
5 2.115934371948242 17 18 0.008663398822148801
-1 0.0 0 0 0.00048006015455416464
1 9.938420295715332 19 20 0.05878942924089255
-1 0.0 0 0 0.0031942778979231357
-1 0.0 0 0 0.013658992591754338
6 0.8898993730545044 22 23 0.03430014370986879
-1 0.0 0 0 -0.0002662555468043787
7 0.1574999988079071 24 25 0.05139682899543988
-1 0.0 0 0 0.006627206108377239
-1 0.0 0 0 -0.0009594839992553598
5 1.1705011129379272 27 28 -0.053602983855798
-1 0.0 0 0 0.022264471638907976
-1 0.0 0 0 -0.005788670386715957
nodes 29
1 8.898092269897461 1 2 0.0
-1 0.0 0 0 -0.006467074858275374
5 1.142958402633667 3 4 0.002366012112022618
-1 0.0 0 0 0.003479856813259117
4 0.6827468872070312 5 12 -0.0016254541935154779
0 11.477194786071777 6 9 -0.04478780682858674
8 51.5 7 8 -0.020378376383578912
-1 0.0 0 0 -0.005519400971275674
-1 0.0 0 0 0.0047951641520779225
6 0.9781855940818787 10 11 -0.11079875330117425
-1 0.0 0 0 -0.006260888844882281
-1 0.0 0 0 -0.021252028406262363
8 46.5 13 26 0.0012938195565012466
4 0.8948625326156616 14 19 -0.0038752254977729664
8 36.5 15 18 -0.02285477657875444
7 0.01749999960884452 16 17 -0.06707253687065437
-1 0.0 0 0 -0.02011009615434106
-1 0.0 0 0 -0.005796293330945088
-1 0.0 0 0 -0.0010862708407308379
3 0.4238850176334381 20 23 0.006755190432834231
6 1.0540072917938232 21 22 0.08725450615354348
-1 0.0 0 0 0.0110777479602274
-1 0.0 0 0 -0.012481047275480885
6 1.1384437084197998 24 25 0.002561233477012753
-1 0.0 0 0 0.0004184783768059548
-1 0.0 0 0 -0.012078239005702603
6 0.8898993730545044 27 28 0.03316276138635949
-1 0.0 0 0 -0.00025634149194114813
-1 0.0 0 0 0.0049585319627393635
nodes 29
5 1.4090337753295898 1 16 0.0
1 11.314669609069824 2 15 0.007438318791738928
0 11.721125602722168 3 14 0.005844755133029654
8 51.5 4 11 0.006683701100852659
3 0.7062875032424927 5 8 0.0037498442114077624
8 30.5 6 7 -0.011548652809198107
-1 0.0 0 0 -0.014639084701926248
-1 0.0 0 0 -0.000896420089384958
8 43.5 9 10 0.011505602754482619
-1 0.0 0 0 0.0006862740394826465
-1 0.0 0 0 0.004995951967445127
0 11.408531188964844 12 13 0.05454368543713191
-1 0.0 0 0 0.008832227429759443
-1 0.0 0 0 0.00046755737489839093
-1 0.0 0 0 -0.0118313198013661
-1 0.0 0 0 0.007803922596147411
2 11.065074920654297 17 20 -0.01785219023485752
7 0.11749999970197678 18 19 -0.028746314236909244
-1 0.0 0 0 -0.0003738731810399112
-1 0.0 0 0 -0.004273576848008674
4 0.906256914138794 21 24 0.025361646388665702
7 0.5074999928474426 22 23 -0.008861851367986333
-1 0.0 0 0 -0.00029187339807038384
-1 0.0 0 0 -0.041101279457410184
5 2.1734745502471924 25 28 0.07284732580853763
7 0.5575000047683716 26 27 0.03530829885117539
-1 0.0 0 0 0.004678177935801929
-1 0.0 0 0 -0.04035523305356037
-1 0.0 0 0 0.016255245872034692
nodes 29
4 0.7943466305732727 1 6 0.0
7 0.1274999976158142 2 3 -0.021187038856756865
-1 0.0 0 0 -4.680619409191955e-05
3 0.699894905090332 4 5 -0.04920623181321135
-1 0.0 0 0 -0.004704924608033618
-1 0.0 0 0 -0.03640477129681544
8 41.5 7 22 0.005692067013233028
4 0.9440792202949524 8 11 -0.001951010943457234
8 30.5 9 10 -0.021465874084856233
-1 0.0 0 0 -0.01198359727122232
-1 0.0 0 0 -0.0015026892705553205
0 10.75677490234375 12 17 0.009565329491710328
2 11.165323257446289 13 16 -0.009385599766460686
5 1.319626808166504 14 15 -0.01081800152009921
-1 0.0 0 0 0.001056520808970717
-1 0.0 0 0 -0.0029451593710108767
-1 0.0 0 0 0.02732941116415896
6 1.0434638261795044 18 21 0.024603150137389746
7 0.20250000059604645 19 20 0.028980898101342096
-1 0.0 0 0 0.0018098582137515713
-1 0.0 0 0 0.0062370874058405995
-1 0.0 0 0 -0.01139975706795198
5 1.9654948711395264 23 26 0.029300430463140292
4 1.0455353260040283 24 25 0.023758243259488734
-1 0.0 0 0 0.0026795482768314166
-1 0.0 0 0 -0.011048258058383808
1 10.551741600036621 27 28 0.09460737051798562
-1 0.0 0 0 0.008656300688358072
-1 0.0 0 0 0.060523292883521033
nodes 29
1 8.451053619384766 1 4 0.0
6 1.0374623537063599 2 3 -0.08171608415262897
-1 0.0 0 0 -0.01686228520875038
-1 0.0 0 0 -0.003195807974348749
4 0.733380138874054 5 10 0.001302775071443508
6 0.9799160361289978 6 7 -0.025911890860206233
-1 0.0 0 0 -0.0002897404671848595
0 11.013962745666504 8 9 -0.0555424401243246
-1 0.0 0 0 -0.001273273786687749
-1 0.0 0 0 -0.009453120536856263
8 36.5 11 20 0.0047136179557924485
4 0.9624576568603516 12 13 -0.007723938522283412
-1 0.0 0 0 -0.0038055597697157165
0 11.231596946716309 14 17 0.006762393753329222
2 11.37551212310791 15 16 0.0015878618568202312
-1 0.0 0 0 5.8439110198904805e-05
-1 0.0 0 0 0.033420705862226896
8 33.5 18 19 0.065735982234271
-1 0.0 0 0 0.012169127129018307
-1 0.0 0 0 -0.0007761671296418951
4 1.0959795713424683 21 28 0.014307230378683406
4 0.8849220275878906 22 27 0.01616696631808159
8 46.5 23 24 0.005218129214637763
-1 0.0 0 0 -0.0006820539216955733
6 0.9004543423652649 25 26 0.03191263871981214
-1 0.0 0 0 -0.0009665874195208023
-1 0.0 0 0 0.005295604256677834
-1 0.0 0 0 0.002952198697821107
-1 0.0 0 0 -0.006191552643295753
nodes 29
5 1.142958402633667 1 2 0.0
-1 0.0 0 0 0.00277897905410828
2 11.229341506958008 3 22 -0.003290909875596742
0 11.721125602722168 4 21 -0.007061304304282764
7 0.7074999809265137 5 20 -0.006520236547157518
8 51.5 6 19 -0.005727912386174028
4 0.8948625326156616 7 12 -0.008205980609354166
8 37.5 8 11 -0.020398660549465594
7 0.027499999850988388 9 10 -0.04777960761269775
-1 0.0 0 0 -0.014329071566189728
-1 0.0 0 0 -0.0038312854018027337
-1 0.0 0 0 -0.0011952095902710176
8 30.5 13 16 0.0014206370022168309
6 0.9633256793022156 14 15 -0.02181128322657952
-1 0.0 0 0 -0.009640643427558672
-1 0.0 0 0 -0.0010831622278242154
3 0.46384188532829285 17 18 0.009137749397036932
-1 0.0 0 0 0.006021000647523075
-1 0.0 0 0 0.0004936118023990636
-1 0.0 0 0 0.0032174094154255916
-1 0.0 0 0 -0.014493564771592317
-1 0.0 0 0 -0.02426265522240187
6 1.0305002927780151 23 26 0.020713611747226
7 0.48250000178813934 24 25 0.02533827015351156
-1 0.0 0 0 0.0022507873963451288
-1 0.0 0 0 0.03017474240106013
5 1.7913404703140259 27 28 -0.18206719203455443
-1 0.0 0 0 -0.026859838154173823
-1 0.0 0 0 0.025707859471440317
nodes 29
1 8.451053619384766 1 4 0.0
6 1.0374623537063599 2 3 -0.07215209071993077
-1 0.0 0 0 -0.01517561206455228
-1 0.0 0 0 -0.0026575229836193364
4 0.6284171938896179 5 8 0.00115029920364111
0 11.841753959655762 6 7 -0.04918695948777242
-1 0.0 0 0 -0.0037602354955341695
-1 0.0 0 0 -0.027969322447558703
8 51.5 9 26 0.002708713721774811
4 0.8445931673049927 10 13 0.000596225581153641
8 37.5 11 12 -0.015607999281385291
-1 0.0 0 0 -0.005121348090713945
-1 0.0 0 0 -0.000841501237160917
8 30.5 14 25 0.006558196090430094
7 0.03249999973922968 15 16 -0.01606722931217289
-1 0.0 0 0 -0.011146209548912985
2 11.233674049377441 17 20 -0.005827321365687311
4 0.9320890307426453 18 19 -0.014187937152983379
-1 0.0 0 0 -0.010028060504697737
-1 0.0 0 0 -0.0006842566536670261
5 1.9654948711395264 21 24 0.09721528836461389
6 1.0568609237670898 22 23 0.0722078430684885
-1 0.0 0 0 0.008895464741786936
-1 0.0 0 0 -0.04628924292379192
-1 0.0 0 0 0.04654100148522474
-1 0.0 0 0 0.0011664217544369348
6 0.9291692972183228 27 28 0.03900408260230949
-1 0.0 0 0 0.00019766236667006118
-1 0.0 0 0 0.008397966212672685
nodes 29
5 1.1168739795684814 1 2 0.0
-1 0.0 0 0 0.003733389124826814
7 0.45250000059604645 3 28 -0.0020058038927760493
4 0.5158396363258362 4 5 0.00019438967613834832
-1 0.0 0 0 -0.00972730571926795
8 51.5 6 25 0.0009581832131168748
4 0.8256633877754211 7 8 -0.0012193570262124488
-1 0.0 0 0 -0.0019447293261926964
8 36.5 9 22 0.004524502633768855
7 0.027499999850988388 10 17 -0.005257072028403701
8 30.5 11 14 -0.047566490768286666
0 11.022082328796387 12 13 -0.11909935254577016
-1 0.0 0 0 -0.007101882424935688
-1 0.0 0 0 -0.026853273157030344
4 0.9234775900840759 15 16 -0.026854626421728738
-1 0.0 0 0 -0.010621878407487413
-1 0.0 0 0 -0.0007884022111854298
4 0.9624576568603516 18 19 0.0016843587310508478
-1 0.0 0 0 -0.0022797791849712224
0 10.616216659545898 20 21 0.012132801779844793
-1 0.0 0 0 -0.0008083326040870901
-1 0.0 0 0 0.0024576363038146557
4 1.0959795713424683 23 24 0.014058503599965667
-1 0.0 0 0 0.0016964801428946442
-1 0.0 0 0 -0.006410290438474738
6 0.9081921577453613 26 27 0.030403739276147576
-1 0.0 0 0 -0.0006733772799411361
-1 0.0 0 0 0.005782435285076257
-1 0.0 0 0 -0.0034067031012311186
nodes 29
4 0.7658514380455017 1 2 0.0
-1 0.0 0 0 -0.0018616764446929782
8 46.5 3 26 0.003566909883433442
7 0.7124999761581421 4 23 0.00012910525257440612
4 0.9234775900840759 5 10 0.0007598714652631129
8 34.5 6 9 -0.010450553128729808
7 0.057499999180436134 7 8 -0.049089875045140396
-1 0.0 0 0 -0.012509441426879098
-1 0.0 0 0 -0.003348556019724013
-1 0.0 0 0 -0.0003547751422201821
5 1.0928698778152466 11 12 0.008320925605335807
-1 0.0 0 0 0.009430836520131828
0 11.025849342346191 13 14 0.006173637602038912
-1 0.0 0 0 -0.00021618665753786378
6 1.0808510780334473 15 22 0.023061426617874744
5 2.1734745502471924 16 17 0.024453686287804366
-1 0.0 0 0 0.0020165380134245215
8 32.5 18 21 0.12590020017095788
5 6.23466682434082 19 20 0.32109302736604384
-1 0.0 0 0 0.019553596753857833
-1 0.0 0 0 0.08667833258469518
-1 0.0 0 0 0.005597287290261521
-1 0.0 0 0 -0.041818301609104
6 1.0166220664978027 24 25 -0.12583248855387805
-1 0.0 0 0 0.03150420266991624
-1 0.0 0 0 -0.016245465276020093
3 0.1740468442440033 27 28 0.03554154773239111
-1 0.0 0 0 0.020565649491162546
-1 0.0 0 0 0.0031591473423851057
nodes 29
1 8.451053619384766 1 6 0.0
6 1.0374623537063599 2 5 -0.06142344123252342
7 0.38749998807907104 3 4 -0.1352968858219102
-1 0.0 0 0 -0.006636241261762196
-1 0.0 0 0 -0.031716655980769205
-1 0.0 0 0 -0.0019127596283466022
1 11.290956497192383 7 28 0.0009792556068919337
0 11.690946578979492 8 23 -7.388560272537554e-05
8 57.5 9 22 0.0009013505824877856
4 0.733380138874054 10 11 -0.00012165698853069017
-1 0.0 0 0 -0.002438811556806169
5 2.1734745502471924 12 15 0.002469996081448443
5 1.4090337753295898 13 14 -3.892040954243624e-05
-1 0.0 0 0 0.0004932426722345904
-1 0.0 0 0 -0.001959514783020677
2 10.29021167755127 16 17 0.030881287333352422
-1 0.0 0 0 -0.0069734272494114975
6 1.0540072917938232 18 21 0.04395396590947592
4 0.8921079635620117 19 20 0.05287031822499878
-1 0.0 0 0 0.002046295110665712
-1 0.0 0 0 0.008328610074408025
-1 0.0 0 0 -0.004564099364811667
-1 0.0 0 0 0.006872257699990653
4 0.6054747104644775 24 25 -0.09465745385979593
-1 0.0 0 0 -0.019878126095980407
6 0.9291692972183228 26 27 -0.04763931436471837
-1 0.0 0 0 -0.01379214447188259
-1 0.0 0 0 0.0033896734611334983
-1 0.0 0 0 0.0052809959263620185
nodes 29
7 0.762499988079071 1 28 0.0
5 1.0835062265396118 2 3 0.00031053372725325885
-1 0.0 0 0 0.006643390094251448
4 0.5719396471977234 4 7 -0.0004785689140615031
0 11.51040267944336 5 6 -0.054837838464704025
-1 0.0 0 0 -0.0016433097524234897
-1 0.0 0 0 -0.015254259501350457
8 43.5 8 27 0.0003988875450419676
4 0.9440792202949524 9 16 -0.004032472032285962
8 34.5 10 13 -0.015171053867291203
7 0.057499999180436134 11 12 -0.043468836626562875
-1 0.0 0 0 -0.010174798424628756
-1 0.0 0 0 -0.0031521790391186182
3 0.5556058883666992 14 15 -0.008339553692690025
-1 0.0 0 0 -0.00297584766109076
-1 0.0 0 0 -9.354085739311776e-05
4 1.0959795713424683 17 18 0.005747848655538804
-1 0.0 0 0 0.001352561994203351
2 11.37551212310791 19 22 -0.013139808449302778
6 0.9280412793159485 20 21 -0.01733369039404821
-1 0.0 0 0 -0.007265042642010271
-1 0.0 0 0 -0.000994998573629535
6 0.9966748356819153 23 24 0.12604286547886448
-1 0.0 0 0 -0.0006660805648249208
6 1.0233782529830933 25 26 0.2957801192461029
-1 0.0 0 0 0.03699498433820527
-1 0.0 0 0 -0.010844487729482353
-1 0.0 0 0 0.0013173615435208758
-1 0.0 0 0 -0.017504927158390856
nodes 29
7 0.5824999809265137 1 20 0.0
4 0.7922724485397339 2 5 0.000997994046315085
7 0.17750000208616257 3 4 -0.012024378448918906
-1 0.0 0 0 -7.487926230303674e-05
-1 0.0 0 0 -0.0037531305659536406
8 41.5 6 13 0.0044304692037359745
4 0.9440792202949524 7 12 -0.0007399962739885994
8 30.5 8 11 -0.014010724115224726
6 1.0079162120819092 9 10 -0.08063765971328665
-1 0.0 0 0 -0.014838908966693626
-1 0.0 0 0 -0.0017288849756625123
-1 0.0 0 0 -0.0010166172766257003
-1 0.0 0 0 0.0007304481825724194
5 1.9654948711395264 14 17 0.01979169348694326
4 1.0538644790649414 15 16 0.015002699629310723
-1 0.0 0 0 0.001742383561177174
-1 0.0 0 0 -0.011042955112217446
1 10.551741600036621 18 19 0.0764427562581615
-1 0.0 0 0 0.006924767521517066
-1 0.0 0 0 0.053727056591638504
0 11.204360008239746 21 26 -0.047334194877673756
2 11.177019119262695 22 25 -0.03676139212918022
4 1.1788617372512817 23 24 -0.04552092356940101
-1 0.0 0 0 -0.0010233606985952527
-1 0.0 0 0 -0.012691700048855552
-1 0.0 0 0 0.037422635328226
7 0.6574999988079071 27 28 -0.27876109948358785
-1 0.0 0 0 -0.014198868666760256
-1 0.0 0 0 -0.0695916958572343
nodes 29
1 8.451053619384766 1 6 0.0
6 1.0598565340042114 2 5 -0.05188766550395888
7 0.4025000035762787 3 4 -0.10852454522064363
-1 0.0 0 0 -0.0054357056875526085
-1 0.0 0 0 -0.02397431132438428
-1 0.0 0 0 -0.0004751640772257664
5 1.0835062265396118 7 8 0.0008272295370716613
-1 0.0 0 0 0.005936545597962689
4 0.5158396363258362 9 10 0.00011864630089084919
-1 0.0 0 0 -0.007249877603705799
8 51.5 11 22 0.0006581790541343372
4 0.6827468872070312 12 19 -0.0011036938333263756
1 10.240995407104492 13 14 -0.04364156806297721
-1 0.0 0 0 -0.00048435676915883354
7 0.3425000011920929 15 18 -0.10065427884088228
2 11.251626014709473 16 17 -0.07848112206614656
-1 0.0 0 0 -0.006166942307384987
-1 0.0 0 0 -0.033505351284089
-1 0.0 0 0 -0.032175830441536955
5 2.1734745502471924 20 21 0.0004577280984692993
-1 0.0 0 0 -0.00016308110556844454
-1 0.0 0 0 0.00235016836381478
0 11.34406852722168 23 24 0.026343397852388876
-1 0.0 0 0 0.006093813519195896
6 0.9280412793159485 25 26 -0.0031168127472649782
-1 0.0 0 0 -0.004032800796993236
6 0.9751453399658203 27 28 0.04336932859003431
-1 0.0 0 0 0.008314528398565271
-1 0.0 0 0 -0.004278048949431456
nodes 29
7 0.7875000238418579 1 26 0.0
1 11.290956497192383 2 25 0.0001982888142160293
0 11.721125602722168 3 24 -0.0006903562502916141
8 57.5 4 23 -3.341058986278348e-05
4 0.7943466305732727 5 6 -0.0008635689088059581
-1 0.0 0 0 -0.0014243196651904527
8 41.5 7 18 0.0024298749353827602
6 0.9358656406402588 8 15 -0.0021275810906177307
6 0.8236503005027771 9 10 -0.019922519922242858
-1 0.0 0 0 0.0022501129909921016
8 30.5 11 14 -0.03054593801273049
7 0.08750000223517418 12 13 -0.10676344197499657
-1 0.0 0 0 -0.014146149675678638
-1 0.0 0 0 0.005567485892938244
-1 0.0 0 0 -0.0022968643710843503
6 0.9368992447853088 16 17 0.0023801244014698786
-1 0.0 0 0 0.018685646241770167
-1 0.0 0 0 0.00017523380761096823
4 1.0538644790649414 19 22 0.016936274605671233
6 0.9167382121086121 20 21 0.01918615267833465
-1 0.0 0 0 -0.0002583532682700902
-1 0.0 0 0 0.0030750911710276025
-1 0.0 0 0 -0.010163303268299794
-1 0.0 0 0 0.005246142774472196
-1 0.0 0 0 -0.008960209489701219
-1 0.0 0 0 0.0044600247321489985
6 1.0808510780334473 27 28 -0.20211942062120547
-1 0.0 0 0 0.02867501847445965
-1 0.0 0 0 -0.034590459866997075
nodes 29
6 0.9998595118522644 1 10 0.0
0 9.886900901794434 2 3 0.004437246431662605
-1 0.0 0 0 -0.012424091148471185
6 0.9378917813301086 4 7 0.005337537915109934
4 1.1989192962646484 5 6 -0.006932752439113632
-1 0.0 0 0 -0.0005084456711464813
-1 0.0 0 0 -0.011284180901832398
2 10.616951942443848 8 9 0.014546654455472135
-1 0.0 0 0 -0.0013023551944153276
-1 0.0 0 0 0.002008200451480939
0 11.408531188964844 11 26 -0.008568710700195388
2 11.334516525268555 12 25 -0.005433013263015254
1 10.868778228759766 13 20 -0.007617483815217559
2 11.177019119262695 14 17 -0.0032483406425135326
0 11.391209602355957 15 16 -0.005396606054938113
-1 0.0 0 0 -0.0006143490431724914
-1 0.0 0 0 0.045039847635988346
3 0.31994569301605225 18 19 0.16040868586542786
-1 0.0 0 0 -0.0111984947202445
-1 0.0 0 0 0.022674809465686556
6 1.0675913095474243 21 24 -0.04657580192355891
8 33.5 22 23 -0.040976506618141555
-1 0.0 0 0 0.0005808316127287627
-1 0.0 0 0 -0.008537759179162293
-1 0.0 0 0 -0.03812503484077752
-1 0.0 0 0 0.014982541342876871
2 11.47192668914795 27 28 -0.07937898677582436
-1 0.0 0 0 -0.011462917356505876
-1 0.0 0 0 0.008620412748413193
nodes 29
5 1.4090337753295898 1 20 0.0
6 0.7243663668632507 2 5 0.0038790809650557675
4 1.0103446245193481 3 4 0.15927011160638885
-1 0.0 0 0 0.02266865210702359
-1 0.0 0 0 -0.023848670423030856
6 0.9268760085105896 6 9 0.003540003101792367
4 1.1989192962646484 7 8 -0.00900004833206634
-1 0.0 0 0 -0.000682899309204687
-1 0.0 0 0 -0.013888363444030341
6 0.9971184134483337 10 11 0.007786022845414713
-1 0.0 0 0 0.0015967538194768276
2 10.665531158447266 12 13 -0.003830438279325612
-1 0.0 0 0 0.002699912838338127
4 0.9986103773117065 14 15 -0.022981479398956117
-1 0.0 0 0 -0.005159554572297668
6 1.0931655168533325 16 17 0.007593599027998862
-1 0.0 0 0 0.0010785669563824099
0 10.681572914123535 18 19 -0.3684844255295335
-1 0.0 0 0 -0.004575831199494692
-1 0.0 0 0 -0.07333052495251531
2 11.16913890838623 21 24 -0.009309912170570988
7 0.8224999904632568 22 23 -0.014352595034110393
-1 0.0 0 0 -0.0013923368690243075
-1 0.0 0 0 -0.035983539912207374
6 1.0931655168533325 25 28 0.02949566609870112
8 27.5 26 27 0.033149641736083466
-1 0.0 0 0 0.02698291352237849
-1 0.0 0 0 0.0024865047248868117
-1 0.0 0 0 -0.049528483496535394
nodes 29
7 0.1525000035762787 1 6 0.0
6 1.014758825302124 2 5 0.004525150242787893
8 36.5 3 4 0.0025629154849326524
-1 0.0 0 0 -0.0013333858383592404
-1 0.0 0 0 0.0008726539007251908
-1 0.0 0 0 0.0038984428379002416
3 0.7844592332839966 7 26 -0.00757948518125119
0 11.200021743774414 8 9 -0.015372316819762142
-1 0.0 0 0 -0.0007096204859974482
7 0.6474999785423279 10 25 -0.04379688462354021
5 2.115934371948242 11 20 -0.04145729184009412
6 1.0166220664978027 12 15 -0.054367128825513276
5 1.6484858989715576 13 14 -0.04139457695297481
-1 0.0 0 0 -0.0030944680324117655
-1 0.0 0 0 -0.01850002717795388
7 0.5575000047683716 16 19 -0.14543634371093436
5 1.2290953397750854 17 18 -0.12599807873522303
-1 0.0 0 0 -0.03521966056758038
-1 0.0 0 0 -0.007741502329532926
-1 0.0 0 0 -0.06566627125721425
2 11.415323257446289 21 24 0.017004110599565102
8 33.5 22 23 0.0009504732035752088
-1 0.0 0 0 0.025890726975068962
-1 0.0 0 0 -0.001603192656910656
-1 0.0 0 0 0.05553743075579405
-1 0.0 0 0 -0.05875996246367045
2 11.308910369873047 27 28 0.011436557504134406
-1 0.0 0 0 0.0005337433543502828
-1 0.0 0 0 0.008986747968538112
nodes 29
8 23.5 1 6 0.0
6 0.9653002023696899 2 3 -0.05399093933678054
-1 0.0 0 0 -0.03412160131698235
6 1.0028573274612427 4 5 -0.04193305141483363
-1 0.0 0 0 0.010801942984826495
-1 0.0 0 0 -0.007360489230743073
5 1.0770636796951294 7 8 0.0005884173088316469
-1 0.0 0 0 0.006413933144381222
4 0.970613956451416 9 16 8.140625946669643e-05
8 31.5 10 11 -0.0038206392476830644
-1 0.0 0 0 -0.004871644983668449
3 0.8414328098297119 12 15 -0.0014335409341574264
8 40.5 13 14 -0.0024571688513998105
-1 0.0 0 0 -0.001200909126160951
-1 0.0 0 0 0.0004092863217902902
-1 0.0 0 0 0.006629362858787
4 1.0628851652145386 17 20 0.007871697405274242
0 9.926911354064941 18 19 0.018628252229660972
-1 0.0 0 0 -0.005380213456428193
-1 0.0 0 0 0.002162161265107362
0 11.212414741516113 21 22 -0.006626678526485985
-1 0.0 0 0 -0.0010632093723791
7 0.06249999813735485 23 28 0.06413366685183539
8 39.5 24 25 -0.05782732441948037
-1 0.0 0 0 0.0002077433289474503
1 11.203965187072754 26 27 -0.3517785773634218
-1 0.0 0 0 -0.0653396548330784
-1 0.0 0 0 -0.00895020808700634
-1 0.0 0 0 0.01384216567389198
nodes 29
1 8.451053619384766 1 12 0.0
6 1.0374623537063599 2 11 -0.04190404651135983
7 0.38749998807907104 3 6 -0.10661215538119981
2 10.83297061920166 4 5 -0.05001802885809773
-1 0.0 0 0 -0.009763692005527508
-1 0.0 0 0 0.00970249208826367
2 10.811665534973145 7 10 -0.25592431897406487
2 10.409582138061523 8 9 -0.18337745265232336
-1 0.0 0 0 -0.029638739407213555
-1 0.0 0 0 0.0015735301277821974
-1 0.0 0 0 -0.05925417787069455
-1 0.0 0 0 -0.0004855765428516179
5 11.43878173828125 13 28 0.0006680637471080887
4 0.5719396471977234 14 17 0.0005294154632258011
2 10.807138442993164 15 16 -0.042505982240044725
-1 0.0 0 0 -0.0006963375088315174
-1 0.0 0 0 -0.013394299077559008
8 49.5 18 27 0.001174318340849566
4 0.8554689884185791 19 20 -0.0007748031816494893
-1 0.0 0 0 -0.0012279819180079576
3 0.4238850176334381 21 26 0.0038713629361321993
6 1.0540072917938232 22 25 0.039212566390917636
2 10.094520568847656 23 24 0.05468951062541545
-1 0.0 0 0 -0.02271807552142828
-1 0.0 0 0 0.006328894246459269
-1 0.0 0 0 -0.006964326760801816
-1 0.0 0 0 0.00017954774281399343
-1 0.0 0 0 0.0020575732649773322
-1 0.0 0 0 0.021550479583572923
nodes 29
7 0.762499988079071 1 24 0.0
5 1.1090960502624512 2 3 0.00022014073020203362
-1 0.0 0 0 0.0025253235267209233
8 30.5 4 23 -0.0008037778706009133
7 0.03249999973922968 5 14 -0.0135164469384168
0 11.022082328796387 6 9 -0.08476953191876685
1 10.684073448181152 7 8 -0.04780360240458938
-1 0.0 0 0 -0.009343873404993552
-1 0.0 0 0 0.008356354839973225
5 1.169286847114563 10 13 -0.20886943814493403
6 0.918135941028595 11 12 -0.0004196422118129152
-1 0.0 0 0 -0.02833859089475412
-1 0.0 0 0 0.018350843116641046
-1 0.0 0 0 -0.02888559877471782
4 0.9757553339004517 15 18 -0.006270252064961568
2 10.555030822753906 16 17 -0.0449417041651826
-1 0.0 0 0 3.4705230747946684e-05
-1 0.0 0 0 -0.009354795001320061
6 1.0049721002578735 19 22 0.0024028506512364027
5 7.1811418533325195 20 21 0.030199413942345047
-1 0.0 0 0 0.0025856139807786294
-1 0.0 0 0 0.04028523346874863
-1 0.0 0 0 -0.0017467371244322422
-1 0.0 0 0 0.00011036403483544334
6 1.0374623537063599 25 26 -0.12409430350917948
-1 0.0 0 0 0.021451356566765094
0 10.349102020263672 27 28 -0.17846928980034932
-1 0.0 0 0 -0.01246096614507449
-1 0.0 0 0 -0.049354811564553534
nodes 29
1 11.314669609069824 1 28 0.0
0 11.408531188964844 2 13 -0.0006214472464392993
8 51.5 3 8 0.0014665005034930087
0 11.402329444885254 4 7 -0.0002232412121937507
5 1.1916083097457886 5 6 -0.0006394962396774736
-1 0.0 0 0 0.0010851430758115335
-1 0.0 0 0 -0.0004181842013872332
-1 0.0 0 0 0.010780852750148562
6 0.9004543423652649 9 10 0.03992575243228066
-1 0.0 0 0 -0.0001963023472480055
1 10.472799301147461 11 12 0.06254530409976125
-1 0.0 0 0 0.002186478738956382
-1 0.0 0 0 0.01016399076471858
6 1.0002985000610352 14 21 -0.01851756080677528
2 11.225203514099121 15 18 -0.011085504565018474
3 0.6432234644889832 16 17 -0.04272560537490462
-1 0.0 0 0 -0.0026918064041708918
-1 0.0 0 0 -0.019433429725237254
6 0.9291692972183228 19 20 0.0023272606311009747
-1 0.0 0 0 -0.002419793929334688
-1 0.0 0 0 0.0020349660357545265
1 10.742681503295898 22 23 -0.12088967630323022
-1 0.0 0 0 -0.0016848035433274626
7 0.2475000023841858 24 27 -0.18444088477276496
2 11.47192668914795 25 26 -0.11174330669729149
-1 0.0 0 0 -0.01546075314245784
-1 0.0 0 0 0.01869667593709892
-1 0.0 0 0 -0.032382345927837196
-1 0.0 0 0 0.0039008174302766333
nodes 29
8 23.5 1 12 0.0
7 0.042500000447034836 2 3 -0.046794894507385366
-1 0.0 0 0 -0.030180589351803067
6 1.0028573274612427 4 11 -0.035803041101754106
1 10.76030445098877 5 10 0.09106714222015756
2 10.802774429321289 6 7 0.15645780295017175
-1 0.0 0 0 0.004197779823451826
7 0.23749999701976776 8 9 0.30840399102731186
-1 0.0 0 0 0.0103008651307651
-1 0.0 0 0 0.05214065655514047
-1 0.0 0 0 -0.013514919760259423
-1 0.0 0 0 -0.006323892609273108
4 0.917734682559967 13 24 0.0005099916614573538
8 34.5 14 23 -0.004168090353429982
6 1.013798713684082 15 22 -0.03459051330084147
1 9.072112083435059 16 17 -0.05881641864699602
-1 0.0 0 0 -0.028661871766283487
3 0.21366041898727417 18 21 -0.04726262495219439
7 0.2775000035762787 19 20 0.21469051056824948
-1 0.0 0 0 -0.008113431185483933
-1 0.0 0 0 0.05374084986661646
-1 0.0 0 0 -0.005245652332889285
-1 0.0 0 0 -0.00035623831150917527
-1 0.0 0 0 -9.906994933032766e-05
5 1.0928698778152466 25 28 0.005723526190927804
1 10.324268341064453 26 27 0.06983121601322909
-1 0.0 0 0 0.02880091350576677
-1 0.0 0 0 0.0057256755562740715
-1 0.0 0 0 0.0004086401104157122
nodes 29
6 0.9280412793159485 1 12 0.0
4 1.1989192962646484 2 11 -0.00823036183986503
7 0.13250000029802322 3 6 -0.006320710869235067
0 11.621062278747559 4 5 -0.002553333071212561
-1 0.0 0 0 8.383522755575856e-05
-1 0.0 0 0 -0.006954868496192666
0 10.913359642028809 7 10 -0.055437413424123845
0 10.84060001373291 8 9 0.0330563255817012
-1 0.0 0 0 -0.001527092643267348
-1 0.0 0 0 0.020488655496614452
-1 0.0 0 0 -0.009168689234476607
-1 0.0 0 0 -0.01130254652306569
6 0.9889086484909058 13 16 0.002700600786156835
0 10.599729537963867 14 15 0.0129115511696108
-1 0.0 0 0 -0.0024460456186212592
-1 0.0 0 0 0.001739207536233635
4 0.9878073334693909 17 28 -0.004911212970464727
0 10.786945343017578 18 23 -0.014427983632957093
5 1.3367669582366943 19 20 0.003243921855128195
-1 0.0 0 0 0.003394647836584228
6 1.0761206150054932 21 22 -0.018171842324345128
-1 0.0 0 0 -0.003536765543801532
-1 0.0 0 0 0.002672176605219685
8 31.5 24 27 -0.025950665935401934
1 10.838815689086914 25 26 -0.09241002774351456
-1 0.0 0 0 -0.012879858941601985
-1 0.0 0 0 0.0022723381388292186
-1 0.0 0 0 -0.002047159761812584
-1 0.0 0 0 0.0008392940172123044
nodes 29
1 8.898092269897461 1 12 0.0
0 11.477194786071777 2 11 -0.02420906306583673
6 1.063533902168274 3 10 -0.02834799373778523
7 0.45250000059604645 4 7 -0.06152358131997075
5 4.437521934509277 5 6 -0.036142946794090185
-1 0.0 0 0 -0.010590725206652602
-1 0.0 0 0 0.0001022687617410618
8 36.5 8 9 -0.17025197780623516
-1 0.0 0 0 -0.01109497836053682
-1 0.0 0 0 -0.03550899857050412
-1 0.0 0 0 0.0009791408595887217
-1 0.0 0 0 0.0326145825165047
5 2.0090184211730957 13 16 0.0008857009383525248
5 1.4129287004470825 14 15 -0.0011433199371817843
-1 0.0 0 0 0.0002484666445735877
-1 0.0 0 0 -0.0015909154701935378
3 0.29835277795791626 17 18 0.02204904733886814
-1 0.0 0 0 -0.0002797398030488379
2 10.603436470031738 19 20 0.048872844288113074
-1 0.0 0 0 -0.0005292920886488587
8 42.5 21 28 0.07540211112342493
0 10.84060001373291 22 27 0.05532726519369085
0 10.7395658493042 23 26 0.1085064674844102
2 11.086134910583496 24 25 0.06796366278016526
-1 0.0 0 0 0.0034743043270974994
-1 0.0 0 0 0.02728908578248089
-1 0.0 0 0 0.022504254863912394
-1 0.0 0 0 0.0014669762584389684
-1 0.0 0 0 0.01378534385451691
nodes 29
7 0.7325000166893005 1 24 0.0
4 0.5158396363258362 2 3 0.00025556536090691706
-1 0.0 0 0 -0.005075238167753262
8 57.5 4 15 0.0006599162607702338
4 0.733380138874054 5 14 -1.5267387671626668e-05
0 11.013962745666504 6 9 -0.016003321896043234
5 1.3344882726669312 7 8 0.009903638981845523
-1 0.0 0 0 0.005877444392408907
-1 0.0 0 0 -0.0016236023416574094
6 0.987898588180542 10 11 -0.032273852474385634
-1 0.0 0 0 -0.0012876021324973923
5 1.208160400390625 12 13 -0.07399215275926865
-1 0.0 0 0 -0.019059319783175044
-1 0.0 0 0 -0.0054379343900377115
-1 0.0 0 0 0.00016945777516519888
0 11.311066627502441 16 17 0.042270846470455835
-1 0.0 0 0 0.01252242502350576
5 1.1592159271240234 18 19 0.010015703184905496
-1 0.0 0 0 -0.017206904697732246
5 1.1811141967773438 20 23 0.0344959862622717
2 11.308910369873047 21 22 0.31622497917136605
-1 0.0 0 0 0.010688788102318844
-1 0.0 0 0 0.05488217548915634
-1 0.0 0 0 0.0015446694926781336
6 1.0338811874389648 25 26 -0.08288466554148581
-1 0.0 0 0 0.0238521619544675
6 1.0598565340042114 27 28 -0.13109560830440994
-1 0.0 0 0 -0.05525485018025274
-1 0.0 0 0 -0.00864254859520749
nodes 29
8 30.5 1 28 0.0
7 0.03249999973922968 2 19 -0.011489076485297246
6 1.0086545944213867 3 18 -0.07472511841143073
4 1.048302173614502 4 13 -0.08853914285210698
6 0.8857703804969788 5 8 -0.14800277693492375
8 28.5 6 7 0.03637305460870266
-1 0.0 0 0 0.03028615020747696
-1 0.0 0 0 -0.014299416964730392
0 10.474693298339844 9 10 -0.19490540074865328
-1 0.0 0 0 0.005062931442176396
0 10.674636840820312 11 12 -0.23993425854807235
-1 0.0 0 0 -0.05185489163438722
-1 0.0 0 0 -0.019387296431570226
5 1.187839388847351 14 17 -0.04425112371750907
4 1.0877699851989746 15 16 0.10741567496549
-1 0.0 0 0 0.03681059459017383
-1 0.0 0 0 -0.0019406619003495655
-1 0.0 0 0 -0.008005229937229427
-1 0.0 0 0 0.013886095178671754
2 11.233674049377441 20 21 -0.005126823089814141
-1 0.0 0 0 -0.0010072019426677285
6 1.063533902168274 22 27 0.06023835897243975
4 0.9514152407646179 23 24 0.07449828224010674
-1 0.0 0 0 -0.018099650460205518
3 0.6064199209213257 25 26 0.09623440589682797
-1 0.0 0 0 0.04195762919562479
-1 0.0 0 0 0.008054802331804547
-1 0.0 0 0 -0.043342660367488864
-1 0.0 0 0 0.00017222653165367105
nodes 29
6 0.9280412793159485 1 6 0.0
4 1.1989192962646484 2 5 -0.007833432936585361
7 0.3474999964237213 3 4 -0.006138787937020503
-1 0.0 0 0 -0.0005443193877546383
-1 0.0 0 0 -0.023505246932759433
-1 0.0 0 0 -0.010082974517970876
6 0.9804959297180176 7 12 0.0025703578060954943
8 32.5 8 11 0.01310070195112155
2 10.837146759033203 9 10 -0.024522942650363738
-1 0.0 0 0 -0.007327508663592142
-1 0.0 0 0 0.0008886834430091185
-1 0.0 0 0 0.0017036708499335305
4 1.0 13 14 -0.0029458193139406956
-1 0.0 0 0 -0.0009363955160098186
4 1.042811632156372 15 20 0.009306335103804315
3 0.16089928150177002 16 19 0.043626861010552874
6 1.0338811874389648 17 18 0.30187144855569514
-1 0.0 0 0 0.05155710814630285
-1 0.0 0 0 -0.0028391620482910765
-1 0.0 0 0 0.0039981361413243075
6 0.9821269512176514 21 22 -0.0029907325594348585
-1 0.0 0 0 -0.017542346130026792
2 11.37551212310791 23 24 -0.0010808518178659738
-1 0.0 0 0 -0.00042424413342106207
6 1.0111383199691772 25 26 0.10864968592947846
-1 0.0 0 0 0.016699483228816852
4 1.0762637853622437 27 28 -0.1038311455857509
-1 0.0 0 0 -0.04514808704455694
-1 0.0 0 0 0.0054878511415470555
nodes 29
8 23.5 1 22 0.0
6 0.9653002023696899 2 3 -0.041074562310779945
-1 0.0 0 0 -0.027902407256456527
6 1.0028573274612427 4 11 -0.03108529331196657
1 10.76030445098877 5 10 0.0860620952659735
2 10.802774429321289 6 7 0.14398967487898867
-1 0.0 0 0 0.002262233704013724
8 22.5 8 9 0.29786612106753246
-1 0.0 0 0 0.05046021373321613
-1 0.0 0 0 0.005932456383911463
-1 0.0 0 0 -0.012413226504411018
1 10.394947052001953 12 17 -0.05582828803116643
2 11.096348762512207 13 16 -0.033276347021340566
8 22.5 14 15 -0.05048861506654591
-1 0.0 0 0 -0.009017061939620137
-1 0.0 0 0 0.003025735394255402
-1 0.0 0 0 0.04666990581012908
7 0.5024999976158142 18 21 -0.160462661392932
8 22.5 19 20 -0.24705908393909065
-1 0.0 0 0 -0.010088685905244553
-1 0.0 0 0 -0.03932313088257358
-1 0.0 0 0 0.014551136493682863
7 0.7875000238418579 23 28 0.0004476489310445184
6 0.9378917813301086 24 25 0.0005270184647606876
-1 0.0 0 0 -0.0006292025729299183
6 0.9713770151138306 26 27 0.0032476955847118147
-1 0.0 0 0 0.0017087893351816373
-1 0.0 0 0 -9.517729742270655e-05
-1 0.0 0 0 -0.02512444809877447
nodes 29
1 11.314669609069824 1 28 0.0
0 11.408531188964844 2 7 -0.0005298125229201212
8 51.5 3 6 0.0012934674002314402
0 11.402329444885254 4 5 -0.00017675143892687767
-1 0.0 0 0 -5.495953819730143e-05
-1 0.0 0 0 0.009658842366284778
-1 0.0 0 0 0.003475628375891888
6 1.0002985000610352 8 23 -0.01615741841394822
5 1.1678154468536377 9 16 -0.00986419362628254
2 11.271401405334473 10 15 -0.05007340580464478
0 11.427563667297363 11 12 -0.11167585425606771
-1 0.0 0 0 -0.027289653480290735
2 11.01615047454834 13 14 -0.07480299787795842
-1 0.0 0 0 0.03104908119255145
-1 0.0 0 0 -0.010297069154505305
-1 0.0 0 0 -0.0018933028959831387
4 0.5719396471977234 17 20 -0.001352630626105649
6 0.9390215873718262 18 19 -0.09427149679063866
-1 0.0 0 0 -0.0018627813796262705
-1 0.0 0 0 -0.01976831140487729
6 0.9280412793159485 21 22 0.0038102955283343077
-1 0.0 0 0 -0.0019117022944620825
-1 0.0 0 0 0.0021398540363717585
1 10.742681503295898 24 25 -0.10284281392917037
-1 0.0 0 0 -0.0008896558447289064
7 0.35750000178813934 26 27 -0.16022751122093806
-1 0.0 0 0 -0.01240086610900227
-1 0.0 0 0 -0.03842478064751184
-1 0.0 0 0 0.003325626783248223
nodes 29
1 8.451053619384766 1 12 0.0
6 1.0321950912475586 2 11 -0.03280631451135546
7 0.38749998807907104 3 4 -0.09220362965136662
-1 0.0 0 0 -0.0041867249628078414
4 0.9440792202949524 5 8 -0.231896839328399
6 1.002241611480713 6 7 -0.3495609897926643
-1 0.0 0 0 -0.05473373519709787
-1 0.0 0 0 -0.01666178547777236
0 10.267922401428223 9 10 -0.0576633857563138
-1 0.0 0 0 -0.025205426506938473
-1 0.0 0 0 0.02292945789439338
-1 0.0 0 0 -0.0001432678423301845
5 2.059514045715332 13 14 0.0005230211624111784
-1 0.0 0 0 -0.00010195410282430721
2 10.29021167755127 15 16 0.015108473149898653
-1 0.0 0 0 -0.004267187761155983
3 0.29835277795791626 17 18 0.024381568981879015
-1 0.0 0 0 0.00020174847422124183
2 11.204346656799316 19 20 0.056810619488842584
-1 0.0 0 0 0.004366100734043689
6 0.8744232654571533 21 24 0.16698528783636796
2 11.314925193786621 22 23 -0.07504592867501612
-1 0.0 0 0 0.014888525439207169
-1 0.0 0 0 -0.042112139341506094
7 0.07250000163912773 25 26 0.21891535727942354
-1 0.0 0 0 0.04123962697675069
3 0.35194456577301025 27 28 0.14378713062181672
-1 0.0 0 0 -0.004863670941415257
-1 0.0 0 0 0.025536061770149637
nodes 29
8 43.5 1 10 0.0
4 0.8554689884185791 2 9 -0.002445084632570391
2 11.366847038269043 3 4 -0.015583925405777958
-1 0.0 0 0 -0.0013027141989076568
3 0.6950061321258545 5 6 -0.1367180621786816
-1 0.0 0 0 -0.005301243093097582
1 11.290956497192383 7 8 -0.31481514993975773
-1 0.0 0 0 -0.052985625385883306
-1 0.0 0 0 -0.01411281044666584
-1 0.0 0 0 0.00011682363063160938
0 11.408531188964844 11 24 0.006761073962608393
0 11.385478019714355 12 13 0.01357653735652749
-1 0.0 0 0 0.0010653489514073008
3 0.7844592332839966 14 23 0.08349601169268067
1 10.447874069213867 15 18 0.10102470286708351
8 46.5 16 17 -0.06313240294563299
-1 0.0 0 0 -0.03888825040776283
-1 0.0 0 0 0.0025708533726729356
7 0.03249999973922968 19 20 0.13032779279357934
-1 0.0 0 0 0.0034408657813311035
8 56.5 21 22 0.18616544485702086
-1 0.0 0 0 0.021182262635249676
-1 0.0 0 0 -0.014429905280470848
-1 0.0 0 0 -0.019311528562045682
6 0.9943187236785889 25 28 -0.010674187136875776
8 44.5 26 27 -0.00195378034900919
-1 0.0 0 0 0.008620292320563026
-1 0.0 0 0 -0.0008630400754618998
-1 0.0 0 0 -0.008450203782398356
nodes 29
5 1.0770636796951294 1 12 0.0
3 0.6869268417358398 2 3 0.04520680673815911
-1 0.0 0 0 0.03504456978291273
3 0.7417711615562439 4 5 0.03629472232674398
-1 0.0 0 0 -0.023691222750611845
4 0.8320460319519043 6 9 0.049244898847873544
1 10.908686637878418 7 8 0.2038112377802677
-1 0.0 0 0 0.038271465697991
-1 0.0 0 0 0.007857884434051813
3 0.8678607940673828 10 11 0.031308873169711766
-1 0.0 0 0 -0.00639996695332534
-1 0.0 0 0 0.007739477609696834
1 11.314669609069824 13 18 -0.00035776522539806443
0 11.767064094543457 14 15 -0.0008637392569721968
-1 0.0 0 0 -5.316624164310318e-05
1 11.136397361755371 16 17 -0.0691027952377301
-1 0.0 0 0 -0.012297653295893279
-1 0.0 0 0 0.002193700205063141
8 35.5 19 20 0.03317982921335894
-1 0.0 0 0 0.012127147137386482
8 37.5 21 26 0.011447239527810411
4 1.0234663486480713 22 25 -0.1242475746514144
2 11.606361389160156 23 24 -0.05031387387970255
-1 0.0 0 0 -0.013408269851303582
-1 0.0 0 0 0.02337717053116016
-1 0.0 0 0 -0.047983346883917144
4 1.0 27 28 0.02905869413405023
-1 0.0 0 0 0.001265344053471831
-1 0.0 0 0 0.018592241113440374
nodes 29
7 0.637499988079071 1 8 0.0
7 0.6274999976158142 2 3 0.00042570121526124
-1 0.0 0 0 2.7747771083651703e-05
4 1.162570595741272 4 7 0.11878684321250599
6 1.050862431526184 5 6 0.22278318476654882
-1 0.0 0 0 0.048195332653211576
-1 0.0 0 0 0.008801471104845405
-1 0.0 0 0 -0.010703378416198707
1 10.55716609954834 9 26 -0.03632704748740182
5 8.630108833312988 10 23 -0.02059345147122295
2 11.047774314880371 11 22 -0.010707242671103864
7 0.6524999737739563 12 15 -0.019988195648046478
1 9.891111373901367 13 14 -0.11817615478672724
-1 0.0 0 0 -0.0007232227708791962
-1 0.0 0 0 -0.04700268949481792
6 1.0808510780334473 16 21 -0.0008997242309394281
3 0.6086475253105164 17 18 0.12528152282154836
-1 0.0 0 0 -0.002071393991354853
2 10.76658821105957 19 20 0.2620700644832608
-1 0.0 0 0 0.0142287775290782
-1 0.0 0 0 0.08070794803090393
-1 0.0 0 0 -0.005151347071654554
-1 0.0 0 0 0.027636223389156934
2 10.458894729614258 24 25 -0.17843188852140004
-1 0.0 0 0 0.009157516339378757
-1 0.0 0 0 -0.03558650940656662
6 1.0356087684631348 27 28 -0.31278880605740206
-1 0.0 0 0 0.005401415257684647
-1 0.0 0 0 -0.07676244747638702
nodes 29
8 23.5 1 28 0.0
7 0.03249999973922968 2 3 -0.03744751549323358
-1 0.0 0 0 -0.027232477201947144
6 1.0028573274612427 4 13 -0.028636471572099254
6 0.9653002023696899 5 6 0.0687947970458909
-1 0.0 0 0 -0.019143147055398338
7 0.5324999988079071 7 12 0.10747708006749383
7 0.23749999701976776 8 9 0.15343018729254254
-1 0.0 0 0 0.0036589777617550947
3 0.9615615010261536 10 11 0.285849318257533
-1 0.0 0 0 0.0012514506820589305
-1 0.0 0 0 0.048108846928392145
-1 0.0 0 0 -0.018662280617281795
1 10.394947052001953 14 19 -0.05034461792211017
2 11.096348762512207 15 18 -0.029615303284526745
7 0.8224999904632568 16 17 -0.04474781992102132
-1 0.0 0 0 -0.003381068909405021
-1 0.0 0 0 -0.031088467004398507
-1 0.0 0 0 0.04085070831435068
7 0.19249999523162842 20 21 -0.14764863961643832
-1 0.0 0 0 -0.044621052103647
6 1.0434638261795044 22 27 -0.06518869141471528
7 0.5024999976158142 23 26 0.054363934529497275
6 1.0187747478485107 24 25 -0.06551815488107376
-1 0.0 0 0 -0.01921600166934769
-1 0.0 0 0 0.014747043089433151
-1 0.0 0 0 0.04080160982906819
-1 0.0 0 0 -0.04284447471682842
-1 0.0 0 0 4.0811974311299255e-05
nodes 29
6 0.9399908185005188 1 20 0.0
7 0.13250000029802322 2 3 -0.00609422924152248
-1 0.0 0 0 -0.00020754924889532404
0 10.939763069152832 4 17 -0.04756472948360862
5 1.2965017557144165 5 10 0.015568594117320792
3 0.8320978879928589 6 9 0.10494246717527016
2 10.647993087768555 7 8 0.17395681252825881
-1 0.0 0 0 0.006677518551717106
-1 0.0 0 0 0.03136999464794239
-1 0.0 0 0 -0.010440104706212879
5 1.4943528175354004 11 12 -0.028037206850469024
-1 0.0 0 0 -0.010988374019956991
2 10.709025382995605 13 16 0.044473220032954966
5 1.6082299947738647 14 15 -0.024453334703243203
-1 0.0 0 0 0.027228622527464347
-1 0.0 0 0 -0.008177802242624405
-1 0.0 0 0 0.03175784369122307
8 43.5 18 19 -0.07735526197560727
-1 0.0 0 0 -0.013006613338780365
-1 0.0 0 0 -0.002891300100906116
6 0.9713770151138306 21 28 0.00249168127555626
0 10.75677490234375 22 27 0.01563797689223946
6 0.9707361459732056 23 26 -0.015597920523353627
1 10.688895225524902 24 25 -0.021718452819314348
-1 0.0 0 0 -0.0025563800975798652
-1 0.0 0 0 0.0275334692269098
-1 0.0 0 0 0.0203342263320727
-1 0.0 0 0 0.0022623311379445076
-1 0.0 0 0 -0.00012376966821323458
nodes 29
4 1.0959795713424683 1 14 0.0
4 1.0002107620239258 2 5 0.0013493986917223312
8 31.5 3 4 -0.0017720434436466624
-1 0.0 0 0 -0.0033779505525365766
-1 0.0 0 0 6.059429807818791e-05
2 10.610464096069336 6 9 0.018383344482859214
6 0.9837605953216553 7 8 -0.013685724158067805
-1 0.0 0 0 -0.00812833525310613
-1 0.0 0 0 0.0007029186744877472
6 1.0568609237670898 10 11 0.02824734766482711
-1 0.0 0 0 0.0031103689170703668
1 10.632773399353027 12 13 -0.08854528279768097
-1 0.0 0 0 0.0013874057680368424
-1 0.0 0 0 -0.03106942748204923
8 39.5 15 28 -0.010516217638357467
2 11.394479751586914 16 27 -0.007087656410956116
0 11.045000076293945 17 22 -0.009936762902511916
7 0.36250001192092896 18 21 -0.0043939350848207544
7 0.35750000178813934 19 20 0.006559355699687901
-1 0.0 0 0 0.00046190798147912444
-1 0.0 0 0 0.026409055700545043
-1 0.0 0 0 -0.0034211226664872096
6 1.0275887250900269 23 26 -0.06657168694893256
7 0.13250000029802322 24 25 -0.052507258400631446
-1 0.0 0 0 -0.01023079570401382
-1 0.0 0 0 0.0018828877488391714
-1 0.0 0 0 -0.02990653017269714
-1 0.0 0 0 0.011124850804004258
-1 0.0 0 0 -0.01091548246121083
nodes 29
4 0.6593955159187317 1 28 0.0
1 10.838815689086914 2 17 -0.016453663762637624
3 0.26296159625053406 3 8 -0.005876182483542138
6 1.0715585947036743 4 7 -0.05674532937064124
7 0.45750001072883606 5 6 -0.09760773855766787
-1 0.0 0 0 -0.008132770386847876
-1 0.0 0 0 -0.03793775697167104
-1 0.0 0 0 0.004215555252609439
6 0.9674089550971985 9 14 0.012461427094551105
3 0.5524342060089111 10 11 0.050215686269084826
-1 0.0 0 0 0.004109046015580104
8 50.5 12 13 0.29091887285725937
-1 0.0 0 0 0.003909420194880417
-1 0.0 0 0 0.05787184967526368
1 10.374896049499512 15 16 -0.017221564164559007
-1 0.0 0 0 0.0008684017667203559
-1 0.0 0 0 -0.007975617128785513
6 0.9943187236785889 18 25 -0.11281502431478022
2 11.200472831726074 19 22 -0.06860893655324764
5 1.144494891166687 20 21 -0.15864236522223116
-1 0.0 0 0 0.00874188423040323
-1 0.0 0 0 -0.021874891973246345
5 1.2530298233032227 23 24 0.011584773135519092
-1 0.0 0 0 0.014523694378550393
-1 0.0 0 0 -0.007915156290208529
5 1.2305494546890259 26 27 -0.32524983494658954
-1 0.0 0 0 -0.05696423606067483
-1 0.0 0 0 -0.017861431955049436
-1 0.0 0 0 8.126643067413904e-05
nodes 29
8 49.5 1 28 0.0
4 0.8256633877754211 2 27 -0.0012132652708778842
0 11.192237854003906 3 14 -0.011647702137868907
5 1.3282577991485596 4 9 -0.0010599928919588514
7 0.36250001192092896 5 6 0.022254880129753716
-1 0.0 0 0 0.001488593784497686
2 10.88121223449707 7 8 0.11434536116841018
-1 0.0 0 0 0.008427138254844303
-1 0.0 0 0 0.050049524664878844
6 1.0568609237670898 10 13 -0.018077882390458024
7 0.4025000035762787 11 12 -0.031126759921013318
-1 0.0 0 0 -0.0023457730891916113
-1 0.0 0 0 -0.010187278273160079
-1 0.0 0 0 0.0032798751901722354
5 2.115934371948242 15 22 -0.029235090091303168
3 0.45800119638442993 16 17 -0.03782653412812569
-1 0.0 0 0 -0.010449002978666928
6 1.0166220664978027 18 21 -0.030405262058652512
6 1.014758825302124 19 20 -0.024235495165896265
-1 0.0 0 0 -0.002574635130359674
-1 0.0 0 0 0.03487193424254656
-1 0.0 0 0 -0.015128879758194384
4 0.7943466305732727 23 26 0.027745964860818713
5 5.650485515594482 24 25 -0.012957160175701893
-1 0.0 0 0 0.0026404756195546764
-1 0.0 0 0 -0.015674865059312048
-1 0.0 0 0 0.017505251261203614
-1 0.0 0 0 0.00017161487305569184
-1 0.0 0 0 0.0011026809049457615
nodes 29
7 0.03749999962747097 1 4 0.0
8 34.5 2 3 -0.006467816066460127
-1 0.0 0 0 -0.003464573403310934
-1 0.0 0 0 -7.755076206837576e-05
7 0.1274999976158142 5 18 0.0021259490937927047
2 11.256457328796387 6 7 0.009787367167591956
-1 0.0 0 0 0.0005655688279227667
6 0.8135919570922852 8 11 0.03463547812808167
5 1.5385842323303223 9 10 0.18224116838103982
-1 0.0 0 0 0.0238462867842625
-1 0.0 0 0 -0.010689900027854103
5 1.4653372764587402 12 17 0.026527347467788873
6 0.9110972285270691 13 14 0.016681195191529496
-1 0.0 0 0 -0.005589377061703034
8 61.5 15 16 0.035441378997735154
-1 0.0 0 0 0.003268878250367077
-1 0.0 0 0 0.040691082967290036
-1 0.0 0 0 0.01367367715444242
6 0.9194727540016174 19 20 -0.0036200648602484737
-1 0.0 0 0 -0.005433619062203614
6 1.0 21 28 -0.0018081430858552874
2 9.58224868774414 22 23 0.006275731652683288
-1 0.0 0 0 -0.02854796887574664
4 0.9773706793785095 24 27 0.007241415649356051
7 0.5074999928474426 25 26 -0.0027176338098024336
-1 0.0 0 0 -3.635732437313711e-05
-1 0.0 0 0 -0.013219096494371085
-1 0.0 0 0 0.003267429765580639
-1 0.0 0 0 -0.0010868244563297014
nodes 29
6 0.9399908185005188 1 28 0.0
7 0.13250000029802322 2 7 -0.0055827290265880875
8 34.5 3 6 -0.0022303636705699012
7 0.10749999806284904 4 5 -0.027320260244116348
-1 0.0 0 0 -0.003462030185635954
-1 0.0 0 0 0.012623061503806751
-1 0.0 0 0 0.00016996293802188278
0 10.939763069152832 8 15 -0.04017675119522928
5 1.233278751373291 9 12 0.016671975186948986
1 10.36800765991211 10 11 0.13501601458172038
-1 0.0 0 0 0.03815753415035896
-1 0.0 0 0 0.003885787708219141
0 9.9995698928833 13 14 -0.010790164171770924
-1 0.0 0 0 -0.03299105296154385
-1 0.0 0 0 0.00019524893094866356
4 0.8761359453201294 16 21 -0.06700178960318807
3 0.7241653203964233 17 20 -0.03212856313849853
0 11.605359077453613 18 19 -0.041905676850177806
-1 0.0 0 0 -0.00567711055939134
-1 0.0 0 0 0.013868919396898835
-1 0.0 0 0 0.033376111537934496
7 0.2874999940395355 22 27 -0.1286625917947365
7 0.21249999850988388 23 24 -0.1033643045025201
-1 0.0 0 0 -0.014653260074729196
4 0.8962610960006714 25 26 0.056239579778608925
-1 0.0 0 0 -0.03247648583991187
-1 0.0 0 0 0.014716109343465756
-1 0.0 0 0 -0.03730535935610533
-1 0.0 0 0 0.0002282549664494577
nodes 29
8 43.5 1 2 0.0
-1 0.0 0 0 -0.00021143926239462535
0 11.408531188964844 3 18 0.00584665418234256
0 11.385478019714355 4 9 0.011859566159131333
1 11.07936954498291 5 6 0.009225473579319646
-1 0.0 0 0 0.0007489691114158253
4 1.035035490989685 7 8 0.09592861380505927
-1 0.0 0 0 0.013819670709861634
-1 0.0 0 0 -0.027551826665347275
3 0.7844592332839966 10 17 0.07486721381314436
1 10.447874069213867 11 12 0.09070942577046064
-1 0.0 0 0 -0.0055333335636829845
7 0.07250000163912773 13 14 0.11677898973751795
-1 0.0 0 0 0.0067794082640143145
5 1.3367669582366943 15 16 0.21008357468489852
-1 0.0 0 0 0.013700085625038553
-1 0.0 0 0 0.038813965232534844
-1 0.0 0 0 -0.017513061878157828
8 44.5 19 20 -0.00953552663562872
-1 0.0 0 0 0.006955952165430622
6 0.9943187236785889 21 28 -0.01618862031255628
6 0.9291692972183228 22 23 -0.008429884533450713
-1 0.0 0 0 -0.0029464133494815042
2 11.357837677001953 24 25 0.012483910604226489
-1 0.0 0 0 -0.0009272868508985953
4 0.8207140564918518 26 27 0.06414312284646763
-1 0.0 0 0 0.01347732644339956
-1 0.0 0 0 0.00024615964826988685
-1 0.0 0 0 -0.00870602199210419
nodes 29
0 11.690946578979492 1 12 0.0
8 57.5 2 3 0.0004472698683638425
-1 0.0 0 0 -2.5024301124481605e-05
3 0.30979400873184204 4 5 0.04727958605568906
-1 0.0 0 0 -0.004309798031385981
1 10.670350074768066 6 11 0.06950500103225439
3 0.6193438768386841 7 10 0.11754009210401112
1 10.646519660949707 8 9 0.13523041621067733
-1 0.0 0 0 0.011667543020918247
-1 0.0 0 0 0.03752855476050172
-1 0.0 0 0 -0.024109102387658576
-1 0.0 0 0 0.003027215177992954
4 0.6054747104644775 13 18 -0.028075077492685938
7 0.01749999960884452 14 15 -0.10846031672051579
-1 0.0 0 0 0.008683631688599354
5 1.2106541395187378 16 17 -0.17293623882027245
-1 0.0 0 0 -0.04204532690346241
-1 0.0 0 0 -0.013464631149429541
6 0.9302852153778076 19 20 -0.00829888589504284
-1 0.0 0 0 -0.007085941751929334
6 0.9409682750701904 21 22 0.04261313582806311
-1 0.0 0 0 0.028628495329370104
2 11.297886848449707 23 24 0.016644558478261552
-1 0.0 0 0 0.03290775318539912
7 0.03249999973922968 25 26 -0.0015611223011512635
-1 0.0 0 0 -0.011412726793881327
6 0.955714762210846 27 28 0.03265015725539307
-1 0.0 0 0 -0.014740924007382314
-1 0.0 0 0 0.0059532264462290145
nodes 29
8 19.5 1 6 0.0
8 17.5 2 3 -0.10178402586914774
-1 0.0 0 0 0.019953409429978242
6 1.0413601398468018 4 5 -0.18070067638958184
-1 0.0 0 0 -0.03889177849187571
-1 0.0 0 0 -0.003911304258974269
5 2.0090184211730957 7 8 0.00012030396258321548
-1 0.0 0 0 -0.0001204423917105972
1 9.703572273254395 9 10 0.010919695452858891
-1 0.0 0 0 -0.0004956344511422543
6 0.5322299003601074 11 14 0.040638413873687
2 11.308910369873047 12 13 -0.08676010620748174
-1 0.0 0 0 -0.0026501870650338802
-1 0.0 0 0 -0.04009637630411557
2 11.233674049377441 15 18 0.04748441217329274
8 23.5 16 17 0.0357047731268406
-1 0.0 0 0 0.026299725869490254
-1 0.0 0 0 0.0030591516920302204
2 11.261125564575195 19 20 0.12652018082305966
-1 0.0 0 0 0.03001890596882491
4 0.926411509513855 21 24 0.07848410794545406
7 0.1875 22 23 0.004567809207730939
-1 0.0 0 0 0.009760885201727174
-1 0.0 0 0 -0.02516763742677257
4 1.0959795713424683 25 28 0.24775243205484002
8 36.5 26 27 0.3714801292996146
-1 0.0 0 0 0.06779379367803198
-1 0.0 0 0 0.0101505394138041
-1 0.0 0 0 -0.021769938138978824
nodes 29
7 0.762499988079071 1 22 0.0
5 1.0770636796951294 2 21 0.0001451610736185166
3 0.6869268417358398 3 4 0.038444226836217635
-1 0.0 0 0 0.030720725783612582
3 0.7417711615562439 5 6 0.030597131040599877
-1 0.0 0 0 -0.02131679141443343
2 10.46774959564209 7 8 0.04215174327413651
-1 0.0 0 0 0.023514257784550772
4 0.8320460319519043 9 10 0.0299133001061959
-1 0.0 0 0 0.016561116369870992
4 0.849364697933197 11 12 0.013876279863444241
-1 0.0 0 0 -0.03031255285377088
7 0.10749999806284904 13 20 0.027711273398978435
7 0.06249999813735485 14 19 0.06356957013996546
1 11.255242347717285 15 18 0.0013679823907920968
7 0.05250000022351742 16 17 0.058632251822431994
-1 0.0 0 0 0.010195065910214341
-1 0.0 0 0 -0.02445965991355479
-1 0.0 0 0 -0.019624988858898483
-1 0.0 0 0 0.01863500955231164
-1 0.0 0 0 -0.0038578118414089486
-1 0.0 0 0 -1.5847845409764976e-05
6 1.0374623537063599 23 24 -0.08182796318107431
-1 0.0 0 0 0.018211070549758998
0 10.349102020263672 25 28 -0.12421227493969193
7 0.8224999904632568 26 27 -0.07768483275276983
-1 0.0 0 0 -0.002145843968916965
-1 0.0 0 0 -0.029556210587422055
-1 0.0 0 0 -0.03963978117331862
nodes 29
1 8.296795845031738 1 2 0.0
-1 0.0 0 0 -0.0030427219541065732
5 2.059514045715332 3 8 0.00036280856152205704
3 0.5524342060089111 4 7 -0.0010642722511758716
8 55.5 5 6 -0.01476939060017591
-1 0.0 0 0 -0.002078438187642618
-1 0.0 0 0 0.0028190403500230146
-1 0.0 0 0 0.00011333884151363572
2 11.516220092773438 9 28 0.013458595108691912
2 10.29021167755127 10 11 0.012493217712338998
-1 0.0 0 0 -0.0033260252510119077
3 0.29835277795791626 12 25 0.020540434794861364
4 1.2379482984542847 13 24 0.002532958966685266
0 10.638832092285156 14 17 0.0052536284096585855
7 0.6025000214576721 15 16 0.10031977692803
-1 0.0 0 0 0.007241539790917963
-1 0.0 0 0 0.04308793437667191
0 10.653534889221191 18 19 -0.0025883309889919584
-1 0.0 0 0 -0.02928434405979273
7 0.6474999785423279 20 21 8.849828706252945e-05
-1 0.0 0 0 0.0003163028126203863
2 10.899827003479004 22 23 -0.21710507392085024
-1 0.0 0 0 -0.003009237779770047
-1 0.0 0 0 -0.046645533541838334
-1 0.0 0 0 -0.02747855100694091
1 9.326967239379883 26 27 0.04736678552374302
-1 0.0 0 0 -0.005579685720666829
-1 0.0 0 0 0.005581974241170462
-1 0.0 0 0 0.04133087186076279
nodes 29
7 0.03749999962747097 1 28 0.0
8 30.5 2 27 -0.005857098986577728
0 11.040855407714844 3 22 -0.05360486165289421
1 10.651643753051758 4 21 -0.02763738136701128
1 10.283669471740723 5 6 -0.06263798925810708
-1 0.0 0 0 -0.00033705977411903863
4 1.0455353260040283 7 12 -0.13351858586955476
6 0.8918717503547668 8 9 -0.24719011850380737
-1 0.0 0 0 0.010675581217069052
6 0.9842923283576965 10 11 -0.34983443839941175
-1 0.0 0 0 -0.050859892112597574
-1 0.0 0 0 -0.012136847545142944
7 0.007499999832361937 13 14 -0.045712431918545265
-1 0.0 0 0 -0.03141300207113518
1 10.40894889831543 15 16 0.02290559829916469
-1 0.0 0 0 -0.0224449885501103
7 0.01749999960884452 17 18 0.1451937026498588
-1 0.0 0 0 -0.011655091411537595
3 0.8708160519599915 19 20 0.2591792615637514
-1 0.0 0 0 0.05828014289960265
-1 0.0 0 0 0.010507346754838226
-1 0.0 0 0 0.004922206163708423
2 11.415323257446289 23 26 -0.1466549993439747
5 1.1977771520614624 24 25 -0.18470263209013182
-1 0.0 0 0 -0.0072913392710517045
-1 0.0 0 0 -0.027515804716065986
-1 0.0 0 0 0.01873186658722935
-1 0.0 0 0 -0.0003106180368053638
-1 0.0 0 0 0.00019252082371209705
nodes 29
4 1.0959795713424683 1 26 0.0
4 1.0002107620239258 2 5 0.0012073770411904336
8 31.5 3 4 -0.001521948133494764
-1 0.0 0 0 -0.0028642919622090587
-1 0.0 0 0 4.9299768921791544e-05
0 10.599729537963867 6 9 0.016101510924110232
6 0.9821269512176514 7 8 -0.010793711053416465
-1 0.0 0 0 -0.006948992235041192
-1 0.0 0 0 0.0007077753446704354
0 10.66122817993164 10 11 0.025332361497105497
-1 0.0 0 0 0.011155936944774979
6 1.0761206150054932 12 25 0.020215090733148543
8 33.5 13 22 0.02238483708991592
3 0.8073656558990479 14 15 0.04399063958709803
-1 0.0 0 0 0.009557077191444429
0 11.200021743774414 16 21 0.019756164715836928
6 1.048201560974121 17 20 -0.0059357834242399245
6 1.0187747478485107 18 19 0.001740794623214006
-1 0.0 0 0 -0.0015773880880164239
-1 0.0 0 0 0.015321672583312388
-1 0.0 0 0 -0.04215371893822319
-1 0.0 0 0 0.011508049566546786
2 11.242493629455566 23 24 0.005972225841031073
-1 0.0 0 0 0.002209918733429705
-1 0.0 0 0 -0.004465383833732001
-1 0.0 0 0 -0.020961730113184012
5 1.1033430099487305 27 28 -0.009409406016308219
-1 0.0 0 0 -0.029446955549677734
-1 0.0 0 0 -0.0008344598616302535
nodes 29
0 11.690946578979492 1 6 0.0
8 57.5 2 3 0.0004116924368170445
-1 0.0 0 0 -1.9205025025945092e-05
3 0.30979400873184204 4 5 0.04094810293695772
-1 0.0 0 0 -0.003999632994100466
-1 0.0 0 0 0.006085374637284473
4 0.6054747104644775 7 14 -0.02584188816052285
7 0.01749999960884452 8 9 -0.09880922986537875
-1 0.0 0 0 0.007703388051932975
8 68.5 10 13 -0.1568626969301868
3 0.4381589889526367 11 12 -0.21403658461925767
-1 0.0 0 0 -0.016956073951386798
-1 0.0 0 0 -0.04707835086367347
-1 0.0 0 0 -0.0014880875835660845
6 0.9302852153778076 15 20 -0.00789063064375299
0 11.721125602722168 16 19 -0.06416817900519892
6 0.9051737785339355 17 18 -0.1681985334509005
-1 0.0 0 0 -0.008276148256845773
-1 0.0 0 0 -0.03480660089928853
-1 0.0 0 0 -0.0032611413389279156
6 0.9409682750701904 21 22 0.03790827307896465
-1 0.0 0 0 0.025659312823166455
2 11.297886848449707 23 24 0.014602604679032155
-1 0.0 0 0 0.029702209504020794
7 0.03249999973922968 25 26 -0.0018541701352468838
-1 0.0 0 0 -0.010284369283415858
4 0.8948625326156616 27 28 0.028838724018343927
-1 0.0 0 0 0.0002762522848456034
-1 0.0 0 0 0.018619511038835707
nodes 29
8 23.5 1 28 0.0
4 1.0 2 3 -0.030831032869714402
-1 0.0 0 0 -0.02114126376185121
7 0.2224999964237213 4 5 -0.021821538489622542
-1 0.0 0 0 -0.009228765474425422
6 1.0102970600128174 6 15 0.0009257730703374673
5 1.8175781965255737 7 12 0.1475426854548493
5 1.3562076091766357 8 11 0.02375123099773191
2 10.877235412597656 9 10 0.16089825068290034
-1 0.0 0 0 0.030566611094400287
-1 0.0 0 0 -0.005625353970875343
-1 0.0 0 0 -0.027013523975620048
5 4.194601535797119 13 14 0.37932242997030313
-1 0.0 0 0 0.062087849242379894
-1 0.0 0 0 0.012726393001882927
5 1.1811141967773438 16 17 -0.03429359200423388
-1 0.0 0 0 0.03021938838064671
5 1.2473430633544922 18 19 -0.04735502821869732
-1 0.0 0 0 -0.032363032003243766
5 1.3792073726654053 20 21 -0.031135343767792794
-1 0.0 0 0 0.012320574650769696
5 1.4243977069854736 22 23 -0.05051296963938512
-1 0.0 0 0 -0.026745786604781947
0 10.496731758117676 24 27 -0.03516309489350533
2 10.610464096069336 25 26 -0.058234324708190455
-1 0.0 0 0 -0.0019630339996874425
-1 0.0 0 0 -0.01732335633745319
-1 0.0 0 0 0.015442222836629852
-1 0.0 0 0 3.360103594807565e-05
nodes 29
6 0.9399908185005188 1 28 0.0
7 0.13250000029802322 2 3 -0.00498145953358461
-1 0.0 0 0 -0.00018897566192286144
0 10.939763069152832 4 5 -0.036885631006445894
-1 0.0 0 0 0.0014771063596519408
8 46.5 6 27 -0.06126072091500625
5 1.136361002922058 7 8 -0.09334414562072517
-1 0.0 0 0 0.011725843396468802
6 0.9368992447853088 9 24 -0.10348586820321946
6 0.9347646832466125 10 21 -0.08465568567366738
7 0.29749999940395355 11 18 -0.09885521271695732
7 0.17249999940395355 12 15 -0.08015088103409494
4 0.8287936449050903 13 14 -0.15801742341637792
-1 0.0 0 0 -0.029778959486780138
-1 0.0 0 0 -0.009811506422291075
4 1.014565348625183 16 17 -0.005597808540419755
-1 0.0 0 0 -0.003214200890661727
-1 0.0 0 0 0.033751055915598516
4 0.8188254833221436 19 20 -0.25892949316563996
-1 0.0 0 0 -0.000566436158072564
-1 0.0 0 0 -0.04016789309680462
4 0.8627848029136658 22 23 0.1355709412996218
-1 0.0 0 0 0.04807035120373423
-1 0.0 0 0 -0.0109361850836825
2 10.998894691467285 25 26 -0.26661863764240823
-1 0.0 0 0 -0.004782958255198442
-1 0.0 0 0 -0.039858663912552106
-1 0.0 0 0 -5.928032182401491e-05
-1 0.0 0 0 0.00020367150607789356
nodes 29
8 43.5 1 18 0.0
4 0.8554689884185791 2 17 -0.0018900193892800643
1 11.037338256835938 3 10 -0.012252440748125235
3 0.5556058883666992 4 7 -0.008169432450252805
1 10.315861701965332 5 6 -0.024414777364609865
-1 0.0 0 0 -0.0012593631609416904
-1 0.0 0 0 -0.006959280776074908
7 0.0925000011920929 8 9 0.005201430603239609
-1 0.0 0 0 -0.0018463094482253058
-1 0.0 0 0 0.0023742176219991554
2 11.261125564575195 11 12 -0.08094214801496405
-1 0.0 0 0 -0.017574223568076013
2 11.303265571594238 13 14 -0.04089291311871865
-1 0.0 0 0 0.010957492602546868
3 0.6612836718559265 15 16 -0.09045459473256233
-1 0.0 0 0 0.0012942924352653453
-1 0.0 0 0 -0.016229303168735082
-1 0.0 0 0 9.597566845598923e-05
6 1.0233782529830933 19 26 0.005226224488457205
4 0.5158396363258362 20 21 0.0034235752007766144
-1 0.0 0 0 -0.007335814408044418
7 0.4675000011920929 22 23 0.004845710307258425
-1 0.0 0 0 0.00044183387122922964
0 11.180859565734863 24 25 0.22925555316168209
-1 0.0 0 0 0.048297407429503364
-1 0.0 0 0 -0.0062520746141672134
1 10.751435279846191 27 28 0.05675828681779776
-1 0.0 0 0 0.007506489574077086
-1 0.0 0 0 -0.013877752153337867
nodes 29
1 11.314669609069824 1 2 0.0
-1 0.0 0 0 -3.97861888234956e-05
5 1.1865642070770264 3 22 0.024973746029238762
1 11.340166091918945 4 17 0.0013232626724387895
7 0.07750000059604645 5 12 0.09374986167345196
5 1.1412756443023682 6 11 0.1700228556587269
2 11.438966751098633 7 10 0.05395419262623524
6 0.9751453399658203 8 9 0.17252857264390856
-1 0.0 0 0 0.005389824799166467
-1 0.0 0 0 0.03828277845274319
-1 0.0 0 0 -0.024742235658535117
-1 0.0 0 0 0.034310770404051276
3 0.7844592332839966 13 14 -0.006535000788668792
-1 0.0 0 0 -0.024139652152856194
3 0.8996682167053223 15 16 0.09680406833688418
-1 0.0 0 0 0.024934852814853747
-1 0.0 0 0 -0.02954531140359385
3 0.7737721800804138 18 21 -0.028415025294425165
3 0.657691240310669 19 20 -0.12036624555265409
-1 0.0 0 0 0.025410994836552576
-1 0.0 0 0 -0.01669113092035013
-1 0.0 0 0 0.0003242920780639812
3 0.8859038949012756 23 28 0.08872452400150535
7 0.16250000149011612 24 27 0.06809400570257998
6 0.9653002023696899 25 26 0.09713315930804448
-1 0.0 0 0 0.004013790882967971
-1 0.0 0 0 0.02511560385769588
-1 0.0 0 0 -0.012823592410827783
-1 0.0 0 0 0.039560348369802045
nodes 29
4 1.0959795713424683 1 26 0.0
4 1.0002107620239258 2 25 0.0010999553705276447
8 31.5 3 4 -0.0012979012476245656
-1 0.0 0 0 -0.0025747604785664887
6 1.0261151790618896 5 18 0.0005185833879370063
7 0.5224999785423279 6 7 -0.0014279375955740378
-1 0.0 0 0 -6.948962913735979e-05
1 9.16628360748291 8 9 -0.13060334846592295
-1 0.0 0 0 -0.034887407762663705
5 3.930210828781128 10 17 -0.07068589340219748
5 1.4370949268341064 11 12 -0.11504121431455952
-1 0.0 0 0 0.0014090558867637982
3 0.503716230392456 13 14 -0.22454495797306298
-1 0.0 0 0 -0.006329549818795611
7 0.5774999856948853 15 16 -0.48321596637833863
-1 0.0 0 0 -0.08013340160250665
-1 0.0 0 0 -0.01650979167316109
-1 0.0 0 0 0.035623407037928705
1 10.460786819458008 19 20 0.022914073313287004
-1 0.0 0 0 0.003905490076353343
6 1.0675913095474243 21 24 -0.04983506867093699
5 1.5647045373916626 22 23 -0.02115898181005718
-1 0.0 0 0 -0.004526734304984549
-1 0.0 0 0 0.028912455636869977
-1 0.0 0 0 -0.01840750002884306
-1 0.0 0 0 0.0014185240273204584
8 39.5 27 28 -0.00857224104844479
-1 0.0 0 0 -0.0005462212052684872
-1 0.0 0 0 -0.00980467778710654
nodes 29
4 0.6593955159187317 1 28 0.0
1 10.886838912963867 2 21 -0.01382641003646297
7 0.10749999806284904 3 14 -0.005729595633300954
3 0.4381589889526367 4 5 0.027920456463331637
-1 0.0 0 0 -0.0011878189490188355
6 0.9788057208061218 6 13 0.08199714771656078
4 0.6054747104644775 7 8 0.11730317680933382
-1 0.0 0 0 -7.786977909166704e-05
0 11.180859565734863 9 12 0.1521517300450175
2 10.46774959564209 10 11 0.2252408666683263
-1 0.0 0 0 0.0036158393000562984
-1 0.0 0 0 0.03485555234081719
-1 0.0 0 0 0.00890292938703417
-1 0.0 0 0 -0.002392093956175834
6 1.0715585947036743 15 20 -0.030974693118196023
7 0.42249999940395355 16 19 -0.0585512183445902
1 10.843045234680176 17 18 -0.0456981097565301
-1 0.0 0 0 -0.004032540499848276
-1 0.0 0 0 -0.04192290119826794
-1 0.0 0 0 -0.02084366814856689
-1 0.0 0 0 0.004077781912135386
2 11.200472831726074 22 23 -0.10941789159621818
-1 0.0 0 0 -0.023664528168127186
6 0.99805748462677 24 27 -0.03479413395017708
5 1.2530298233032227 25 26 0.0029954622926500938
-1 0.0 0 0 0.012729131761007012
-1 0.0 0 0 -0.008578729150550706
-1 0.0 0 0 -0.027772725265406608
-1 0.0 0 0 6.829014089529388e-05
nodes 29
8 40.5 1 24 0.0
4 0.8413915634155273 2 23 -0.0025002849369916997
2 11.357837677001953 3 22 -0.019124848658057046
6 1.0119614601135254 4 17 -0.017020403539999132
8 34.5 5 6 -0.03000851122512622
-1 0.0 0 0 -0.008934310456556224
5 1.3980847597122192 7 14 -0.020666530406719768
5 1.294668197631836 8 9 -0.00077958072966184
-1 0.0 0 0 -0.0027303764879192446
1 10.42240047454834 10 13 0.06516852740168474
0 10.84060001373291 11 12 -0.00976388830064061
-1 0.0 0 0 0.006395193688790695
-1 0.0 0 0 -0.021130609120975467
-1 0.0 0 0 0.013420075289122858
3 0.5162124633789062 15 16 -0.053388319946276075
-1 0.0 0 0 -0.002378953406261935
-1 0.0 0 0 -0.013494623359179996
0 11.196075439453125 18 21 0.006530769960065224
1 10.712037086486816 19 20 0.017494826648502607
-1 0.0 0 0 0.0013518630557110291
-1 0.0 0 0 0.04584739074510123
-1 0.0 0 0 -0.008925188140732454
-1 0.0 0 0 -0.017897589638847685
-1 0.0 0 0 1.5698265133780397e-05
4 1.0538644790649414 25 26 0.0038022298543099603
-1 0.0 0 0 0.0004797276313204313
6 0.8282134532928467 27 28 -0.07310064646881073
-1 0.0 0 0 0.019240587813158832
-1 0.0 0 0 -0.009184228349942715
nodes 29
7 0.03749999962747097 1 2 0.0
-1 0.0 0 0 -0.000537972369949433
2 11.334516525268555 3 10 0.0017682968871191498
0 11.408531188964844 4 9 0.0003231311287817262
0 11.385478019714355 5 6 0.0018712969610724575
-1 0.0 0 0 0.00010103260846319766
8 34.5 7 8 0.06736381131372962
-1 0.0 0 0 -0.023599523962852923
-1 0.0 0 0 0.008253176386084258
-1 0.0 0 0 -0.002474643792725764
3 0.16089928150177002 11 12 0.024762200519524904
-1 0.0 0 0 0.047918679134856014
3 0.8542429208755493 13 28 0.021440215862594723
3 0.6612836718559265 14 23 0.006502619749094308
3 0.5080101490020752 15 20 0.060727466393526545
0 11.621062278747559 16 17 -0.02619475675411864
-1 0.0 0 0 0.016805573250606377
7 0.1525000035762787 18 19 -0.17759587338337846
-1 0.0 0 0 5.785562695760009e-05
-1 0.0 0 0 -0.04245393811479995
8 58.5 21 22 0.08829650702488977
-1 0.0 0 0 0.0072073526293780985
-1 0.0 0 0 0.03147820419376241
3 0.8515721559524536 24 27 -0.019849397116309172
6 0.8372510671615601 25 26 -0.015477300260413841
-1 0.0 0 0 0.01613302306657789
-1 0.0 0 0 -0.002448138748350699
-1 0.0 0 0 -0.037713715218007565
-1 0.0 0 0 0.0072786113912691785
nodes 29
1 8.296795845031738 1 12 0.0
6 1.015745759010315 2 11 -0.027376023319210737
7 0.26249998807907104 3 6 -0.09036508646056222
2 10.932195663452148 4 5 -0.0018964767705198307
-1 0.0 0 0 -0.00722978254131301
-1 0.0 0 0 0.024350250992657883
8 32.5 7 8 -0.21437911968678236
-1 0.0 0 0 0.0035682999912430256
7 0.44749999046325684 9 10 -0.3233805564351571
-1 0.0 0 0 -0.021997979483394714
-1 0.0 0 0 -0.05560322700378796
-1 0.0 0 0 -0.0005900664656316503
5 2.0090184211730957 13 14 0.00032642669661903513
-1 0.0 0 0 -0.00010201655078604898
2 10.29021167755127 15 16 0.012164906915828347
-1 0.0 0 0 -0.0030292086232701562
4 0.8877823948860168 17 24 0.019746315628655964
2 11.492467880249023 18 23 0.002313762893606187
6 0.9868779182434082 19 20 0.0004537531879931109
-1 0.0 0 0 0.0023928044963061495
6 0.9943187236785889 21 22 -0.03174106673247105
-1 0.0 0 0 -0.01693366621646361
-1 0.0 0 0 -0.0009078262778937975
-1 0.0 0 0 0.039533381368964914
6 1.0540072917938232 25 28 0.04124460749999531
2 10.837146759033203 26 27 0.05421594513376727
-1 0.0 0 0 0.009071901963495901
-1 0.0 0 0 0.0025522630070773755
-1 0.0 0 0 -0.005186556430346989
nodes 29
6 0.9409682750701904 1 28 0.0
5 1.2225462198257446 2 25 -0.004668208991352144
6 0.8236503005027771 3 6 0.00978075779517571
4 0.901959240436554 4 5 0.17178747888033588
-1 0.0 0 0 -0.0007451107499322721
-1 0.0 0 0 0.03286212419625372
2 11.21292781829834 7 20 0.006934539926497562
7 0.06249999813735485 8 9 0.01839784831028042
-1 0.0 0 0 0.0005835127023111102
7 0.2874999940395355 10 19 0.05011062038476802
7 0.21249999850988388 11 18 0.05466492926291306
5 1.218550682067871 12 17 0.0465578969941487
6 0.9302852153778076 13 14 0.03854436200961262
-1 0.0 0 0 0.005903557469021216
2 11.071812629699707 15 16 -0.030171375856288287
-1 0.0 0 0 0.0032700429641870812
-1 0.0 0 0 -0.017038106599377583
-1 0.0 0 0 0.022846514114311767
-1 0.0 0 0 0.026815011234037463
-1 0.0 0 0 -0.029086850518765656
0 11.315998077392578 21 24 -0.022587799504098997
6 0.8517416715621948 22 23 -0.09050395297318962
-1 0.0 0 0 0.010376132141629404
-1 0.0 0 0 -0.01150662290454232
-1 0.0 0 0 -0.0005054124477832186
7 0.13250000029802322 26 27 -0.011752043054968983
-1 0.0 0 0 -0.0007453683821139331
-1 0.0 0 0 -0.004769204831279027
-1 0.0 0 0 0.00019451668034711352
nodes 29
8 36.5 1 26 0.0
7 0.03249999973922968 2 25 -0.0037900193189824636
4 0.9234775900840759 3 6 -0.023455389580920114
5 1.096787452697754 4 5 -0.08355121797609733
-1 0.0 0 0 -0.038711171672704436
-1 0.0 0 0 -0.007404373031946811
6 1.0 7 24 -0.009944452302121435
8 27.5 8 19 -0.015182841272218668
7 0.01749999960884452 9 18 -0.11242983894450684
0 10.485088348388672 10 13 -0.19194968700587392
0 10.188892364501953 11 12 -0.02702381945545635
-1 0.0 0 0 -0.0213100116699934
-1 0.0 0 0 0.02483691004663706
0 10.688780784606934 14 15 -0.2893344849880253
-1 0.0 0 0 -0.0610191804073427
3 0.8648370504379272 16 17 -0.19933791987870525
-1 0.0 0 0 -0.048433778977154625
-1 0.0 0 0 -0.005156020956389882
-1 0.0 0 0 -0.0011825182685049984
1 9.421977996826172 20 23 -0.007163852771387405
3 0.22560922801494598 21 22 -0.17973256324018752
-1 0.0 0 0 0.011559007919970013
-1 0.0 0 0 -0.02904785541551454
-1 0.0 0 0 -0.0003419758461413439
-1 0.0 0 0 0.010687757444578562
-1 0.0 0 0 -5.689949336264514e-05
4 1.2222918272018433 27 28 0.002500384302884125
-1 0.0 0 0 0.0002915987442761597
-1 0.0 0 0 -0.012483002767707646
nodes 29
2 11.16913890838623 1 4 0.0
2 11.147195816040039 2 3 -0.0015496262367800078
-1 0.0 0 0 -2.2105234765629414e-05
-1 0.0 0 0 -0.004496417498577296
6 1.0305002927780151 5 24 0.005906449830207069
7 0.44749999046325684 6 23 0.008139850384457524
1 10.860190391540527 7 18 0.006053180239065108
7 0.3824999928474426 8 15 0.04351130669150764
2 11.184601783752441 9 14 0.03436889254520118
7 0.08750000223517418 10 11 0.13820849401310545
-1 0.0 0 0 0.0059156132738866
7 0.13750000298023224 12 13 0.25379766091829586
-1 0.0 0 0 0.0494547967553923
-1 0.0 0 0 0.014085307262010044
-1 0.0 0 0 0.0015026868876990155
8 41.5 16 17 0.2943899066475056
-1 0.0 0 0 0.01319181407861253
-1 0.0 0 0 0.06580171921467852
5 1.7413551807403564 19 22 0.0015392531059712168
7 0.4074999988079071 20 21 0.0021316287064705513
-1 0.0 0 0 0.0003234450653607477
-1 0.0 0 0 -0.0195372629893703
-1 0.0 0 0 -0.04505843718846639
-1 0.0 0 0 0.014026868568231602
0 11.045000076293945 25 26 -0.0976405753588616
-1 0.0 0 0 0.020926083181355453
8 27.5 27 28 -0.12944828422547056
-1 0.0 0 0 -0.04377884539602281
-1 0.0 0 0 -0.008722335652294006
nodes 29
5 1.0770636796951294 1 28 0.0
3 0.6869268417358398 2 3 0.03362493031036525
-1 0.0 0 0 0.02767283733934164
3 0.7417711615562439 4 5 0.02652701956341485
-1 0.0 0 0 -0.018998610444607274
3 0.7667124271392822 6 7 0.03678987406539362
-1 0.0 0 0 0.022311739035806546
3 0.8678607940673828 8 17 0.025616262877664515
3 0.846332311630249 9 14 -0.03745307333765841
6 0.9984874129295349 10 13 0.013992067920009824
6 0.9804959297180176 11 12 -0.022887881580351637
-1 0.0 0 0 0.007812314903530087
-1 0.0 0 0 -0.0162999956305289
-1 0.0 0 0 0.026209354637698697
8 40.5 15 16 -0.20563911206465071
-1 0.0 0 0 -0.038031360813017404
-1 0.0 0 0 -0.00018521999882068486
4 0.9624576568603516 18 23 0.06106282652273208
0 11.033485412597656 19 20 0.17666228423442912
-1 0.0 0 0 0.04004588932122874
6 0.9883753061294556 21 22 0.09364096154909461
-1 0.0 0 0 0.020535346383694558
-1 0.0 0 0 -0.010947267897427082
6 0.9466264247894287 24 25 0.02936620102113774
-1 0.0 0 0 -0.022336104950837554
1 10.441587448120117 26 27 0.0574470066355281
-1 0.0 0 0 0.03170356782419341
-1 0.0 0 0 0.0036317696155936914
-1 0.0 0 0 -2.661066327165162e-05
nodes 29
8 17.5 1 2 0.0
-1 0.0 0 0 0.018903787908228963
8 19.5 3 6 -4.632964844334381e-05
6 1.019826054573059 4 5 -0.153922071970079
-1 0.0 0 0 -0.04254114820875905
-1 0.0 0 0 -0.005758711999289751
5 7.1811418533325195 7 26 9.779695840103294e-05
5 6.23466682434082 8 9 0.0004323863963061479
-1 0.0 0 0 1.1907481041856122e-05
8 49.5 10 23 0.07969572892119671
6 0.8880199193954468 11 12 0.044638012124561637
-1 0.0 0 0 0.03869158107511424
6 0.9429601430892944 13 14 0.011032555532133715
-1 0.0 0 0 -0.03503260450518649
2 11.086134910583496 15 20 0.04401369764892724
0 11.192237854003906 16 19 -0.0036487547305164548
0 10.119002342224121 17 18 0.03421516178010063
-1 0.0 0 0 -0.01811290280505394
-1 0.0 0 0 0.008356487194962231
-1 0.0 0 0 -0.03082811739295721
7 0.22749999910593033 21 22 0.2229727169604234
-1 0.0 0 0 0.0012168060913681986
-1 0.0 0 0 0.04111911598592997
4 0.6924047470092773 24 25 0.30496020706127736
-1 0.0 0 0 0.009553866033200865
-1 0.0 0 0 0.058767929514579015
0 11.575533866882324 27 28 -0.02839244546748494
-1 0.0 0 0 -0.003928868093406277
-1 0.0 0 0 0.039697982370853424
nodes 29
4 0.7792374491691589 1 24 0.0
3 0.7094677686691284 2 23 -0.006035909526011798
0 11.339226722717285 3 10 -0.0055339866657696584
8 57.5 4 5 0.0029875142438536037
-1 0.0 0 0 -1.6855551626184113e-05
3 0.35194456577301025 6 7 0.07673550037472704
-1 0.0 0 0 -0.007031417401650778
6 0.9081921577453613 8 9 0.13555537013122096
-1 0.0 0 0 0.003330871315879954
-1 0.0 0 0 0.020820431061162565
0 11.385478019714355 11 22 -0.022904437223775376
6 0.9864055514335632 12 17 -0.08022419948762176
6 0.9492343664169312 13 16 -0.04183579381386717
8 44.5 14 15 -0.10527904078371843
-1 0.0 0 0 -0.03342267250958479
-1 0.0 0 0 -0.006747770972906778
-1 0.0 0 0 0.007334757689838704
6 0.9933621287345886 18 19 -0.19155057594151004
-1 0.0 0 0 -0.04553626845694251
5 1.3435509204864502 20 21 -0.11495996375921212
-1 0.0 0 0 -0.025179350039894313
-1 0.0 0 0 -0.0008009613282181022
-1 0.0 0 0 -0.00133080829490812
-1 0.0 0 0 -0.03516516257077456
8 46.5 25 26 0.0013639682365952708
-1 0.0 0 0 -5.085634448587521e-05
1 8.898092269897461 27 28 0.020528478323254416
-1 0.0 0 0 0.030512561386687655
-1 0.0 0 0 0.0017751275792391931
nodes 29
2 11.229341506958008 1 18 0.0
0 11.325282096862793 2 17 -0.0011831065081911903
8 54.5 3 4 0.0005205549076652967
-1 0.0 0 0 -2.212256846618396e-05
2 10.682215690612793 5 10 0.04362985087754772
4 0.696708083152771 6 9 -0.0026461683709541363
3 0.4076707661151886 7 8 0.049507800979757266
-1 0.0 0 0 -0.0025888628110215645
-1 0.0 0 0 0.014364180416309623
-1 0.0 0 0 -0.014522536515707164
6 0.9688407778739929 11 14 0.07942307589986138
5 1.211962103843689 12 13 0.05020578651481064
-1 0.0 0 0 0.017885185940696564
-1 0.0 0 0 0.0014079149606739721
7 0.057499999180436134 15 16 0.22843125176362017
-1 0.0 0 0 0.04328871336884988
-1 0.0 0 0 0.011612449972037699
-1 0.0 0 0 -0.0020960197808962172
6 1.0715585947036743 19 28 0.00675626322827537
7 0.47749999165534973 20 21 0.00759854087015919
-1 0.0 0 0 0.000585356001287417
6 1.024679183959961 22 27 0.1460617207024381
1 10.816633224487305 23 24 0.23770672866184986
-1 0.0 0 0 0.054369876653917376
5 1.401492714881897 25 26 0.14561203765022812
-1 0.0 0 0 0.02333714673295617
-1 0.0 0 0 -0.021858959551900627
-1 0.0 0 0 -0.023770175012759867
-1 0.0 0 0 -0.02607270507585435
nodes 29
7 0.8224999904632568 1 28 0.0
6 0.9280412793159485 2 27 5.106920550700274e-05
3 0.38055428862571716 3 6 -0.004861452750342489
4 1.0280179977416992 4 5 0.03065368162483097
-1 0.0 0 0 0.0023049910931459776
-1 0.0 0 0 0.034075528642405636
5 1.2225462198257446 7 16 -0.008230491211873676
5 1.2198045253753662 8 11 0.0073331238540711935
1 11.048140525817871 9 10 0.0029950967820937726
-1 0.0 0 0 0.0016744126006829419
-1 0.0 0 0 -0.0029772961802814416
2 10.865535736083984 12 13 0.15773296965881414
-1 0.0 0 0 0.0334617311215919
3 0.6333690881729126 14 15 0.06009281311929226
-1 0.0 0 0 -0.030068988502025606
-1 0.0 0 0 0.012881332705063479
6 0.8186878561973572 17 18 -0.01630336552836708
-1 0.0 0 0 0.0007112562369093888
4 1.0600645542144775 19 24 -0.02694673702907737
5 1.2728134393692017 20 21 -0.021248515515468382
-1 0.0 0 0 -0.005556464500513066
7 0.0925000011920929 22 23 -0.007547245669195619
-1 0.0 0 0 0.0006805579506964548
-1 0.0 0 0 -0.006042843592761074
5 1.3038408756256104 25 26 -0.08808238728378248
-1 0.0 0 0 -0.001185711899169666
-1 0.0 0 0 -0.014671720904692542
-1 0.0 0 0 0.00016637140378652606
-1 0.0 0 0 -0.015279570954541367
nodes 29
7 0.1525000035762787 1 16 0.0
6 1.014758825302124 2 13 0.0021892719225446674
6 1.0094709396362305 3 4 0.00019781229651127458
-1 0.0 0 0 0.00010342295156829149
7 0.027499999850988388 5 6 -0.06678824173339797
-1 0.0 0 0 0.022754207998514176
1 10.582636833190918 7 10 -0.08387838944608736
5 1.1459461450576782 8 9 -0.025184980432072127
-1 0.0 0 0 0.027989109194216627
-1 0.0 0 0 -0.004610448253773419
7 0.13750000298023224 11 12 -0.17311145843487474
-1 0.0 0 0 -0.021542378684893504
-1 0.0 0 0 0.00658960182823845
0 11.477194786071777 14 15 0.037161775021783444
-1 0.0 0 0 0.0042132306069520105
-1 0.0 0 0 -0.014147426153528903
3 0.9441176056861877 17 24 -0.0036669620162379634
4 1.13644278049469 18 21 -0.006027156130672121
0 10.804136276245117 19 20 -0.0036874465544603917
-1 0.0 0 0 0.0007349870135669543
-1 0.0 0 0 -0.0011527158706759702
1 11.066732406616211 22 23 -0.0381200236478893
-1 0.0 0 0 -0.004217208227481214
-1 0.0 0 0 0.038248366182669996
2 11.37551212310791 25 28 0.023098680503554694
6 0.9726722836494446 26 27 0.016622624578181838
-1 0.0 0 0 0.019482318823609283
-1 0.0 0 0 0.0010666254971055439
-1 0.0 0 0 0.020808862585007498
nodes 29
2 11.16913890838623 1 4 0.0
2 11.147195816040039 2 3 -0.0014187790251759202
-1 0.0 0 0 -2.4638358880222323e-05
-1 0.0 0 0 -0.0039729797510654466
0 10.850889205932617 5 8 0.0054077219389348855
1 10.76030445098877 6 7 0.20443043210840922
-1 0.0 0 0 0.010161506965703948
-1 0.0 0 0 0.05218169857626376
6 1.0305002927780151 9 24 0.004400120562518093
7 0.44749999046325684 10 11 0.006549145123243821
-1 0.0 0 0 0.0005072192847216801
8 38.5 12 23 0.10347616701811593
4 1.014565348625183 13 16 0.06194363674098738
2 11.238120079040527 14 15 -0.08429429425953705
-1 0.0 0 0 -0.031007491554255074
-1 0.0 0 0 0.008596650211781753
8 30.5 17 20 0.1871233056774363
4 1.0695278644561768 18 19 0.009989321964766673
-1 0.0 0 0 0.03211501586166295
-1 0.0 0 0 -0.012971554347076359
8 33.5 21 22 0.4200216916700204
-1 0.0 0 0 0.06550396392121911
-1 0.0 0 0 0.007817740433595398
-1 0.0 0 0 0.033848950907406285
8 27.5 25 28 -0.09900889460954608
7 0.3075000047683716 26 27 -0.36758116801616314
-1 0.0 0 0 -0.007510660202907664
-1 0.0 0 0 -0.057231336420712375
-1 0.0 0 0 -0.00571214758213581
nodes 29
0 9.726631164550781 1 28 0.0
6 1.0434638261795044 2 27 -0.015374798145924887
3 0.6372576355934143 3 4 -0.08370512241456032
-1 0.0 0 0 -0.016020396964755976
6 1.0187747478485107 5 18 -0.053484732326888544
7 0.39750000834465027 6 13 -0.013830144037580022
3 0.82145094871521 7 12 -0.04700282345910155
1 9.207636833190918 8 9 0.02760160708682772
-1 0.0 0 0 -0.0074420495255378225
6 1.0002985000610352 10 11 0.12308383107376404
-1 0.0 0 0 -0.0010163045153021813
-1 0.0 0 0 0.03610246814787388
-1 0.0 0 0 -0.009939942351694025
7 0.4424999952316284 14 15 0.18852320043370127
-1 0.0 0 0 0.05398562603630126
2 9.992962837219238 16 17 0.01285667046904564
-1 0.0 0 0 -0.02229588206857443
-1 0.0 0 0 0.02486721616238356
2 10.43869400024414 19 26 -0.1184572500624479
3 0.9493897557258606 20 25 -0.07683289056139547
3 0.6839337944984436 21 22 -0.12755771107331385
-1 0.0 0 0 0.013904526528148426
4 1.2379482984542847 23 24 -0.16783585858015385
-1 0.0 0 0 -0.011975685583589519
-1 0.0 0 0 -0.03982144133963933
-1 0.0 0 0 0.004078988164015438
-1 0.0 0 0 -0.0425940421860545
-1 0.0 0 0 0.001976336430710258
-1 0.0 0 0 4.98173829396273e-05
nodes 29
7 0.03749999962747097 1 28 0.0
8 30.5 2 9 -0.00474869527681846
0 11.040855407714844 3 6 -0.043273191835032775
0 10.989622116088867 4 5 -0.01965163723423134
-1 0.0 0 0 -0.00313771616880394
-1 0.0 0 0 0.0177912387996912
5 1.169286847114563 7 8 -0.12791709582123792
-1 0.0 0 0 0.0019063225015997888
-1 0.0 0 0 -0.020016166030055724
7 0.012499999720603228 10 11 -0.0025291618592658788
-1 0.0 0 0 0.0008795044664408761
5 1.3759965896606445 12 27 -0.011095478494428303
3 0.8053520917892456 13 18 -0.020048677264704017
3 0.7881901860237122 14 17 -0.032039435948131426
3 0.7863309979438782 15 16 -0.025628192127794873
-1 0.0 0 0 -0.0027875327442217156
-1 0.0 0 0 0.0178995278816837
-1 0.0 0 0 -0.01159981448310101
8 34.5 19 24 0.012792348683841596
2 11.005792617797852 20 23 -0.043551854402829625
8 31.5 21 22 -0.12509553230607687
-1 0.0 0 0 0.003716787020283427
-1 0.0 0 0 -0.017979796724279313
-1 0.0 0 0 0.003552759147586895
2 11.292802810668945 25 26 0.03645889444432388
-1 0.0 0 0 0.005974728396639737
-1 0.0 0 0 -0.005006840916669501
-1 0.0 0 0 0.0016942821593688073
-1 0.0 0 0 0.0001560879950834023
nodes 29
8 17.5 1 2 0.0
-1 0.0 0 0 0.01737985038621859
8 19.5 3 8 -4.259478457940303e-05
4 1.3697855472564697 4 5 -0.13646633458223992
-1 0.0 0 0 0.0059741826082069065
6 1.0413601398468018 6 7 -0.2512295983670244
-1 0.0 0 0 -0.04103791943884322
-1 0.0 0 0 -0.007298205082304776
5 7.1811418533325195 9 10 8.518552967544725e-05
-1 0.0 0 0 4.019995149748065e-05
0 11.575533866882324 11 28 -0.02689147966813483
2 11.246965408325195 12 27 -0.036557855949345165
4 0.7816259860992432 13 14 -0.02768659401821665
-1 0.0 0 0 -0.009291104763793674
0 10.965228080749512 15 18 0.002810510992512197
2 10.589912414550781 16 17 -0.04972893621092035
-1 0.0 0 0 0.004734440926864893
-1 0.0 0 0 -0.014536059834178317
8 33.5 19 22 0.08322393972753682
6 1.0086545944213867 20 21 0.3293824989814311
-1 0.0 0 0 0.05424003060907126
-1 0.0 0 0 0.0031157569028437138
7 0.4724999964237213 23 26 0.028010804941616604
1 8.761706352233887 24 25 0.06284135211854405
-1 0.0 0 0 0.016826915327244656
-1 0.0 0 0 -0.0058986329214854374
-1 0.0 0 0 -0.03098455026745796
-1 0.0 0 0 -0.024207542402048907
-1 0.0 0 0 0.03504689790021915
nodes 29
0 11.690946578979492 1 4 0.0
8 57.5 2 3 0.00033997505546289633
-1 0.0 0 0 -1.6071476602656262e-05
-1 0.0 0 0 0.003395722387949262
5 1.0884571075439453 5 6 -0.02134019101123902
-1 0.0 0 0 -0.02296042314847
6 0.9302852153778076 7 12 -0.01649684123278644
3 0.7701004147529602 8 11 -0.05506104731143245
1 10.834745407104492 9 10 -0.06379540987958526
-1 0.0 0 0 0.005217299825226021
-1 0.0 0 0 -0.008685212094516871
-1 0.0 0 0 0.0198235467164999
6 0.9409682750701904 13 16 0.016070785884568766
8 56.5 14 15 0.24067389785777776
-1 0.0 0 0 0.03632629539589493
-1 0.0 0 0 0.0046904099504313165
4 0.6054747104644775 17 18 -0.010908566905005888
-1 0.0 0 0 -0.014874425301104567
7 0.29249998927116394 19 26 0.02188505358118945
7 0.2574999928474426 20 25 0.002541876671401416
7 0.03249999973922968 21 22 0.01999766416214526
-1 0.0 0 0 -0.007443095718525233
4 0.6453796625137329 23 24 0.05488917820839774
-1 0.0 0 0 0.02632789132767357
-1 0.0 0 0 0.003478727450405646
-1 0.0 0 0 -0.03371186549193226
1 11.026158332824707 27 28 0.22395951874514528
-1 0.0 0 0 0.04746364224480376
-1 0.0 0 0 0.0021489711908193733
nodes 29
4 0.6593955159187317 1 28 0.0
1 10.886838912963867 2 23 -0.012097043289362931
7 0.10749999806284904 3 12 -0.005329935698757143
3 0.4381589889526367 4 5 0.023107160444810225
-1 0.0 0 0 -0.001209667694228549
6 0.9788057208061218 6 11 0.07094062310919734
4 0.6054747104644775 7 10 0.10186689055091552
7 0.01749999960884452 8 9 -0.006639972490774206
-1 0.0 0 0 -0.01889357228098171
-1 0.0 0 0 0.006755015845302233
-1 0.0 0 0 0.013388964769248737
-1 0.0 0 0 -0.002183817921595722
6 1.0715585947036743 13 22 -0.02666414529433554
1 10.843045234680176 14 21 -0.051429997724141856
7 0.42750000953674316 15 16 -0.046869394213185846
-1 0.0 0 0 -0.0035631499066209023
3 0.4238850176334381 17 20 -0.18540714363011868
1 9.993328094482422 18 19 -0.24173169495651917
-1 0.0 0 0 -0.016688361909945267
-1 0.0 0 0 -0.047251326218247416
-1 0.0 0 0 0.007744076255975026
-1 0.0 0 0 -0.03802080508321524
-1 0.0 0 0 0.0037775160057005176
2 11.157963752746582 24 27 -0.09198992563178762
5 1.144494891166687 25 26 -0.24736013422266412
-1 0.0 0 0 0.0032386824843429387
-1 0.0 0 0 -0.035042480335227756
-1 0.0 0 0 -0.004389914678223062
-1 0.0 0 0 5.974861147309879e-05
nodes 29
8 40.5 1 2 0.0
-1 0.0 0 0 -0.00022033015646737622
4 1.042811632156372 3 6 0.003350601700771853
3 0.879795491695404 4 5 0.004332917707778293
-1 0.0 0 0 0.0003559078370048452
-1 0.0 0 0 0.008313744803624299
7 0.2874999940395355 7 28 -0.058940312255276656
1 10.899992942810059 8 17 -0.044594380492211705
7 0.01749999960884452 9 10 0.020639041565697302
-1 0.0 0 0 0.018306859582662583
7 0.13250000029802322 11 16 -0.015456414936731258
5 1.2965017557144165 12 15 -0.06623983255957373
8 43.5 13 14 0.07597321440752978
-1 0.0 0 0 -0.004014609187421665
-1 0.0 0 0 0.030498629068541862
-1 0.0 0 0 -0.021542410731918232
-1 0.0 0 0 0.018865385973969334
1 11.00004768371582 18 19 -0.14512318066840965
-1 0.0 0 0 -0.03351012459440556
7 0.057499999180436134 20 25 -0.07466773924168002
0 11.169095993041992 21 22 -0.17216543090894862
-1 0.0 0 0 0.010663771794643255
7 0.01749999960884452 23 24 -0.2828016010896554
-1 0.0 0 0 -0.006285344793771704
-1 0.0 0 0 -0.04181543107216175
5 1.2145594358444214 26 27 0.06151951261101261
-1 0.0 0 0 -0.007257274533946846
-1 0.0 0 0 0.0349817867204547
-1 0.0 0 0 -0.03384203162320234
nodes 29
5 2.0090184211730957 1 2 0.0
-1 0.0 0 0 -9.307885319589348e-05
1 9.703572273254395 3 4 0.007546099871302495
-1 0.0 0 0 -0.00043958168488901766
6 0.5322299003601074 5 12 0.030029726117302674
2 11.334516525268555 6 11 -0.08813603764035921
4 0.917734682559967 7 10 -0.04206096852657857
4 0.8508778214454651 8 9 -0.13287701457738876
-1 0.0 0 0 0.0039008989444245462
-1 0.0 0 0 -0.05890360252501873
-1 0.0 0 0 0.010416825816540395
-1 0.0 0 0 -0.04429140698164702
7 0.022499999962747097 13 28 0.03636393526512559
2 10.985021591186523 14 23 0.1213784455299464
2 10.950069427490234 15 22 0.028234638901346403
1 9.763362884521484 16 17 0.09254791786075167
-1 0.0 0 0 0.04187520919367671
6 0.9688407778739929 18 21 0.02563424112721004
8 40.5 19 20 -0.07019748485592359
-1 0.0 0 0 -0.025185057592419225
-1 0.0 0 0 0.009907016818496315
-1 0.0 0 0 0.028018726326990873
-1 0.0 0 0 -0.04251739777624607
6 0.8186878561973572 24 25 0.1945304107358225
-1 0.0 0 0 -0.007984469663510524
5 3.223389148712158 26 27 0.2695149121291195
-1 0.0 0 0 0.03487295018822219
-1 0.0 0 0 0.008303056541869107
-1 0.0 0 0 0.0025560007918971274
nodes 29
5 1.0770636796951294 1 28 0.0
3 0.6869268417358398 2 3 0.029483147636295382
-1 0.0 0 0 0.025502078698482367
0 11.420974731445312 4 25 0.022898107071374848
2 11.096348762512207 5 14 0.04016336438774076
2 11.005792617797852 6 11 0.0034211405902831097
3 0.8678607940673828 7 10 0.04912264153670017
3 0.7900967001914978 8 9 -0.020887548549045974
-1 0.0 0 0 0.012317089184696945
-1 0.0 0 0 -0.013657084159433109
-1 0.0 0 0 0.01054146187002393
2 11.040984153747559 12 13 -0.14013533885316815
-1 0.0 0 0 -0.03146443068416733
-1 0.0 0 0 -0.002938926301430911
7 0.23250000178813934 15 24 0.09764453228420784
7 0.11250000074505806 16 21 0.0701439421653759
7 0.0475000012665987 17 20 0.11727791251587706
7 0.027499999850988388 18 19 0.03601452558993911
-1 0.0 0 0 0.015952407423723138
-1 0.0 0 0 -0.02258257175423205
-1 0.0 0 0 0.020410728484770116
4 0.9842361807823181 22 23 -0.06165660455546997
-1 0.0 0 0 0.006422606343403459
-1 0.0 0 0 -0.024475866708565844
-1 0.0 0 0 0.03795255810022355
0 11.590191841125488 26 27 -0.06934312877624675
-1 0.0 0 0 -0.014093063632615761
-1 0.0 0 0 0.012567111592868281
-1 0.0 0 0 -2.3332870215130573e-05
nodes 29
1 11.290956497192383 1 2 0.0
-1 0.0 0 0 -3.7280770046838925e-05
3 0.6631825566291809 3 8 0.01864631422140519
6 0.8517416715621948 4 5 0.12779256196406025
-1 0.0 0 0 -0.00990257623948549
4 0.7981148958206177 6 7 0.1935871904040509
-1 0.0 0 0 0.011879388079337708
-1 0.0 0 0 0.056415404256602575
5 1.262002944946289 9 26 0.007052526749055282
0 11.841753959655762 10 23 0.014856373308313086
4 0.7902326583862305 11 12 0.02139183995945158
-1 0.0 0 0 0.019849594644310468
3 0.6839337944984436 13 14 0.01548836974332981
-1 0.0 0 0 -0.033385250431352424
2 11.394479751586914 15 16 0.022566187741587345
-1 0.0 0 0 0.01800367764535953
5 1.1891112327575684 17 20 0.01603952430589749
5 1.1758637428283691 18 19 -0.0013460884657346428
-1 0.0 0 0 0.0011077667733352956
-1 0.0 0 0 -0.012355528209757593
2 11.551164627075195 21 22 0.0857131875642874
-1 0.0 0 0 -0.002433367684952336
-1 0.0 0 0 0.022491776819030446
5 1.154888391494751 24 25 -0.14653642178844598
-1 0.0 0 0 -0.03268178189971618
-1 0.0 0 0 0.011637394914093118
1 11.340166091918945 27 28 -0.15068922503540913
-1 0.0 0 0 -0.03342832519462512
-1 0.0 0 0 -0.002133888789367947
nodes 29
4 0.917734682559967 1 26 0.0
6 1.0261151790618896 2 21 -0.0024998177167415586
7 0.5074999928474426 3 8 -0.004729070353638078
8 30.5 4 5 -0.0037717489676372534
-1 0.0 0 0 -0.009598248195063207
7 0.5024999976158142 6 7 -0.002878774916234326
-1 0.0 0 0 -0.00030843944700096617
-1 0.0 0 0 0.031147544511110972
2 10.757562637329102 9 14 -0.11148064362413106
0 10.922479629516602 10 13 -0.21313351497739413
0 10.850889205932617 11 12 -0.16350918852517174
-1 0.0 0 0 -0.020761753455735745
-1 0.0 0 0 0.01893575797323138
-1 0.0 0 0 -0.04922703512711451
2 10.824845314025879 15 16 0.0215465707393984
-1 0.0 0 0 0.03746683973380748
1 9.289058685302734 17 18 -0.07225141445087502
-1 0.0 0 0 -0.04491537313231014
1 10.613147735595703 19 20 0.0059735947112851545
-1 0.0 0 0 0.01418410301495057
-1 0.0 0 0 -0.020942599805662546
1 10.460786819458008 22 23 0.017240233147729957
-1 0.0 0 0 0.003223428985408763
7 0.512499988079071 24 25 -0.06783840321980514
-1 0.0 0 0 -0.0050011194736127645
-1 0.0 0 0 -0.03930645039355433
4 0.9191761612892151 27 28 0.0027252594786371497
-1 0.0 0 0 0.008765869575919086
-1 0.0 0 0 0.00020235444317939408
nodes 29
6 1.1384437084197998 1 24 0.0
7 0.8025000095367432 2 23 0.0003773796278715978
7 0.762499988079071 3 22 0.0003128135651515194
6 1.0261151790618896 4 7 0.00041500057885386534
2 9.711600303649902 5 6 -0.0008849473294188212
-1 0.0 0 0 -0.008182927878876471
-1 0.0 0 0 -1.7245498095694154e-05
1 10.460786819458008 8 9 0.011204059727480098
-1 0.0 0 0 0.002138725504841701
7 0.45750001072883606 10 19 -0.024744375478758403
3 0.7737721800804138 11 16 0.004237844004835768
7 0.2175000011920929 12 13 -0.042354279767654934
-1 0.0 0 0 0.003109834166837064
0 10.981046676635742 14 15 -0.11709837586629195
-1 0.0 0 0 -0.031695646456708866
-1 0.0 0 0 -0.005183859180072567
5 1.3305073976516724 17 18 0.05251275328603945
-1 0.0 0 0 0.0026554723208833198
-1 0.0 0 0 0.02498441858147045
6 1.0808510780334473 20 21 -0.20884269924074392
-1 0.0 0 0 -0.014193905958324253
-1 0.0 0 0 -0.04752835098065828
-1 0.0 0 0 -0.023017130593040912
-1 0.0 0 0 0.02371303706119458
1 10.42240047454834 25 28 -0.01887498752490005
7 0.8125 26 27 -0.008922648984013294
-1 0.0 0 0 -0.0005035051187126299
-1 0.0 0 0 -0.022779440494875115
-1 0.0 0 0 -0.043614498634890815
nodes 29
1 8.296795845031738 1 10 0.0
6 1.0028573274612427 2 9 -0.024072565613300824
7 0.26249998807907104 3 6 -0.0831530386257563
2 10.932195663452148 4 5 -0.0004758742129938169
-1 0.0 0 0 -0.005704264661057963
-1 0.0 0 0 0.01808705431792666
4 0.8746535181999207 7 8 -0.2451096757630856
-1 0.0 0 0 -0.03591860497836024
-1 0.0 0 0 -0.0012203745471197182
-1 0.0 0 0 -0.000891652978112697
5 2.0090184211730957 11 12 0.0002870368816748202
-1 0.0 0 0 -7.64423633743119e-05
2 10.29021167755127 13 14 0.009530885517993113
-1 0.0 0 0 -0.0027902787780365217
4 0.8877823948860168 15 16 0.01621529616159384
-1 0.0 0 0 1.2005048798117744e-05
6 1.0540072917938232 17 28 0.036064385075378146
2 10.837146759033203 18 23 0.04744066651387407
8 42.5 19 20 0.0819900246417584
-1 0.0 0 0 0.007126601006822416
7 0.09750000014901161 21 22 0.2810151186388205
-1 0.0 0 0 0.009850702542615565
-1 0.0 0 0 0.051219203670819606
2 10.861591339111328 24 25 0.020283074132026443
-1 0.0 0 0 -0.015203880807262309
3 0.16089928150177002 26 27 0.028387321067393622
-1 0.0 0 0 0.01249544315342574
-1 0.0 0 0 0.0013647405489712566
-1 0.0 0 0 -0.004559623845700825
nodes 29
8 36.5 1 26 0.0
8 35.5 2 21 -0.003248563622276446
2 11.030152320861816 3 4 -0.0003714198770930722
-1 0.0 0 0 -0.0006870881435982849
6 1.0356087684631348 5 14 0.017160093472849504
1 10.834745407104492 6 13 0.022531138472969565
6 1.003570556640625 7 8 0.06748417332768647
-1 0.0 0 0 0.003764357339243916
5 7.1811418533325195 9 12 0.14565634324352664
5 1.681947946548462 10 11 0.166362583067222
-1 0.0 0 0 0.0066250389347432236
-1 0.0 0 0 0.030019677888209886
-1 0.0 0 0 -0.023740909349483752
-1 0.0 0 0 0.0010461009919491928
0 11.176949501037598 15 18 -0.08280379754101294
7 0.3774999976158142 16 17 0.005549336494877935
-1 0.0 0 0 0.011306776294839525
-1 0.0 0 0 -0.014789929155043317
0 11.247787475585938 19 20 -0.2055164837019725
-1 0.0 0 0 -0.043017927521178806
-1 0.0 0 0 -0.008747332206122197
0 10.948294639587402 22 23 -0.023139770268577466
-1 0.0 0 0 0.0011655504358781936
6 1.0393445491790771 24 25 -0.05954535252388181
-1 0.0 0 0 -0.006699846712046011
-1 0.0 0 0 0.01979477356353234
4 1.2222918272018433 27 28 0.002143170467473439
-1 0.0 0 0 0.00025119563056681237
-1 0.0 0 0 -0.011084359070942315
nodes 29
5 1.4370949268341064 1 2 0.0
-1 0.0 0 0 0.00016308014888113587
7 0.06249999813735485 3 10 -0.004484823024242979
2 11.394479751586914 4 5 0.010575523833319313
-1 0.0 0 0 0.0014574125724510724
6 0.6496198773384094 6 7 -0.11531524114315803
-1 0.0 0 0 -0.04988605603575707
3 0.6193438768386841 8 9 -0.043555149161106636
-1 0.0 0 0 0.002494894220054574
-1 0.0 0 0 -0.030686775033245794
2 11.516220092773438 11 28 -0.009495158834531848
4 0.9878073334693909 12 17 -0.010274225250965007
1 10.240995407104492 13 14 -0.0184592976870304
-1 0.0 0 0 -0.0008425242690407691
8 30.5 15 16 -0.04355570939768451
-1 0.0 0 0 -0.023493756144307557
-1 0.0 0 0 -0.003554646010225258
2 11.054802894592285 18 19 0.008431081467612015
-1 0.0 0 0 -0.0002574024169773544
6 0.9573261141777039 20 21 0.075477791365078
-1 0.0 0 0 -0.01432478880049305
4 1.0256626605987549 22 27 0.10410512292968205
0 11.176949501037598 23 24 0.23885521567904222
-1 0.0 0 0 0.039973978280804755
8 37.5 25 26 0.07294300582725555
-1 0.0 0 0 0.019539502539805007
-1 0.0 0 0 -0.025673550840180654
-1 0.0 0 0 0.00499272505871558
-1 0.0 0 0 0.028132384219982973
nodes 29
7 0.03749999962747097 1 2 0.0
-1 0.0 0 0 -0.0004714389057579995
6 0.9998595118522644 3 14 0.0015496036320799234
7 0.6025000214576721 4 13 0.005784903146271328
7 0.5224999785423279 5 6 0.005465814400637504
-1 0.0 0 0 0.0005948686912231293
0 11.06057357788086 7 12 -0.13931229187076632
8 29.5 8 9 -0.27589576113594416
-1 0.0 0 0 0.0015630046293760341
8 33.5 10 11 -0.3869532115853554
-1 0.0 0 0 -0.07537396132413832
-1 0.0 0 0 -0.009352409026053336
-1 0.0 0 0 0.01577567537809955
-1 0.0 0 0 0.04572954782181316
2 10.71408462524414 15 18 -0.003968525151540774
5 1.319626808166504 16 17 0.005078347183662509
-1 0.0 0 0 0.0028740440141810063
-1 0.0 0 0 -0.0007759673294895232
8 35.5 19 26 -0.013746743002424936
6 1.1006698608398438 20 21 0.0030476553021490313
-1 0.0 0 0 0.0006832445842995228
1 10.43499755859375 22 23 -0.1680971708960028
-1 0.0 0 0 -0.00040930999154668477
7 0.4925000071525574 24 25 -0.4039934373748559
-1 0.0 0 0 -0.018371269643830603
-1 0.0 0 0 -0.07024383121921171
5 1.282402515411377 27 28 -0.03726461787080452
-1 0.0 0 0 -0.006955305234313042
-1 0.0 0 0 -0.0011023415649235114
nodes 29
4 1.0959795713424683 1 2 0.0
-1 0.0 0 0 9.426009822155609e-05
5 1.1033430099487305 3 4 -0.00734593651216543
-1 0.0 0 0 -0.026656834304479782
2 11.37551212310791 5 22 -0.006377642847736054
2 11.341496467590332 6 17 -0.009019332042825274
0 11.045000076293945 7 8 -0.0070264557923952154
-1 0.0 0 0 -0.0003145931270281618
5 1.4090337753295898 9 16 -0.052950245340562176
6 0.8448705673217773 10 11 -0.02811646272743726
-1 0.0 0 0 0.04017268149958303
0 11.150691986083984 12 15 -0.04398759913568098
5 1.1927680969238281 13 14 -0.0867822578486037
-1 0.0 0 0 -0.019397172343871297
-1 0.0 0 0 9.949423196747548e-05
-1 0.0 0 0 0.006117799833969293
-1 0.0 0 0 -0.02453406991479897
0 11.192237854003906 18 19 -0.18759201404237008
-1 0.0 0 0 -0.04365386155455612
7 0.10749999806284904 20 21 -0.025399531244836522
-1 0.0 0 0 -0.023012225814163685
-1 0.0 0 0 0.014520274116916377
6 0.9966748356819153 23 24 0.08146519382129132
-1 0.0 0 0 -0.0005331398861363553
8 32.5 25 28 0.1945026168498651
3 0.9441176056861877 26 27 0.11457653195042201
-1 0.0 0 0 -0.005362944591503878
-1 0.0 0 0 0.02239104175629715
-1 0.0 0 0 0.04582586970180273
nodes 29
6 0.9399908185005188 1 2 0.0
-1 0.0 0 0 -0.0004124260340271858
6 0.9713770151138306 3 28 0.0016862413838338466
7 0.20749999582767487 4 13 0.011650791312635266
7 0.17249999940395355 5 6 0.006867689383966444
-1 0.0 0 0 0.0011925746846476323
5 1.134592056274414 7 8 -0.06708416080282999
-1 0.0 0 0 0.013317280511074614
5 1.1732476949691772 9 12 -0.0845929665657656
8 43.5 10 11 -0.2589258073363453
-1 0.0 0 0 -0.03696549080813734
-1 0.0 0 0 0.002896985460072756
-1 0.0 0 0 -0.006015378328017032
1 9.565774917602539 14 17 0.04769508790722202
2 11.068355560302734 15 16 -0.06014686565020315
-1 0.0 0 0 -0.010776759787621175
-1 0.0 0 0 0.031288220345353085
1 10.184447288513184 18 25 0.06359390164447802
8 46.5 19 24 0.17478974943313502
2 10.56949520111084 20 21 0.2251686018435879
-1 0.0 0 0 0.010629379680286424
6 0.9573261141777039 22 23 0.39728941330880235
-1 0.0 0 0 0.021473070000238875
-1 0.0 0 0 0.0572396750561893
-1 0.0 0 0 -0.004445155272346542
1 10.508049011230469 26 27 0.03562558135646943
-1 0.0 0 0 -0.005277357108783272
-1 0.0 0 0 0.00700445983904057
-1 0.0 0 0 -0.00011405300464084477
nodes 29
2 11.229341506958008 1 28 0.0
0 11.169095993041992 2 15 -0.0010595591795557599
2 11.225203514099121 3 14 0.0016270976136767777
1 11.07936954498291 4 11 0.0018378891940724242
2 11.09317398071289 5 6 0.0020706945461503173
-1 0.0 0 0 4.235950438768739e-05
0 11.097925186157227 7 10 0.02815342193185435
8 21.5 8 9 -0.0024593909280301762
-1 0.0 0 0 0.041724096843972804
-1 0.0 0 0 -0.0007204448693635131
-1 0.0 0 0 0.005955612961897214
1 11.099438667297363 12 13 -0.14091739267802117
-1 0.0 0 0 -0.03025942026740975
-1 0.0 0 0 0.0062118601270539815
-1 0.0 0 0 -0.024461466680262604
7 0.48250000178813934 16 21 -0.01060663732418447
7 0.4675000011920929 17 18 -0.008618475949095686
-1 0.0 0 0 -0.0009362052419402261
4 0.7881348133087158 19 20 0.26412537335935565
-1 0.0 0 0 -0.007816778779961168
-1 0.0 0 0 0.05379599022865296
1 9.993328094482422 22 23 -0.15430121775691125
-1 0.0 0 0 0.0037010487313853535
0 11.268277168273926 24 25 -0.2651300675910095
-1 0.0 0 0 -0.014689547683572375
6 1.0261151790618896 26 27 -0.42341185844082746
-1 0.0 0 0 -0.06285300084198707
-1 0.0 0 0 -0.0075602821519841325
-1 0.0 0 0 0.0006050731868175491
nodes 29
8 49.5 1 2 0.0
-1 0.0 0 0 -8.659651757123696e-05
5 1.1865642070770264 3 12 0.00787035749670415
4 0.9624576568603516 4 11 -0.024229883911692708
6 0.9707361459732056 5 6 -0.01909539901032403
-1 0.0 0 0 -0.003769589372566857
6 0.973289430141449 7 8 0.03604959708693273
-1 0.0 0 0 0.027990808638278398
5 1.1292685270309448 9 10 0.01071365014710403
-1 0.0 0 0 -0.008639592535109842
-1 0.0 0 0 0.005907950876099475
-1 0.0 0 0 -0.030331398258286138
5 1.1977771520614624 13 24 0.015537954136014982
2 11.204346656799316 14 21 0.13032849377924507
0 11.380696296691895 15 20 0.06187206609337049
3 0.6193438768386841 16 19 0.13958576747065043
5 1.190376877784729 17 18 0.32953620490104873
-1 0.0 0 0 0.008007388726054204
-1 0.0 0 0 0.05166329431314287
-1 0.0 0 0 0.0002709716969334027
-1 0.0 0 0 -0.010344617138193414
7 0.06749999895691872 22 23 0.25558919124701557
-1 0.0 0 0 0.0390379214193672
-1 0.0 0 0 0.0017724444870563115
3 0.7241653203964233 25 28 0.011124209766963348
6 0.8835740089416504 26 27 0.008893403781221337
-1 0.0 0 0 -0.0013901739089289503
-1 0.0 0 0 0.0019951642967090868
-1 0.0 0 0 0.012406292474661858
nodes 29
8 23.5 1 28 0.0
6 0.9653002023696899 2 3 -0.024504429734549398
-1 0.0 0 0 -0.019875281705306128
6 0.9984874129295349 4 5 -0.01718937364690466
-1 0.0 0 0 0.018837831582411466
1 10.922063827514648 6 27 -0.025956570279787636
2 11.086134910583496 7 24 -0.01626965755188016
2 10.892638206481934 8 17 -0.028255225259299147
2 10.861591339111328 9 16 -0.006681223699571526
8 22.5 10 11 -0.029751233833009413
-1 0.0 0 0 -0.006148847251402578
7 0.3774999976158142 12 15 0.026829499061425507
1 10.394947052001953 13 14 -0.08050412111221633
-1 0.0 0 0 0.0012775261150613333
-1 0.0 0 0 -0.03603422679007053
-1 0.0 0 0 0.010656304547613089
-1 0.0 0 0 0.04828355538193137
2 10.928632736206055 18 19 -0.18012765208074805
-1 0.0 0 0 -0.04239613380940521
5 1.2649275064468384 20 21 -0.05639115470086238
-1 0.0 0 0 0.029929891936481004
2 11.009324073791504 22 23 -0.20774863302668042
-1 0.0 0 0 -0.002242272155126557
-1 0.0 0 0 -0.04011321928271133
6 1.0166220664978027 25 26 0.19080015049969895
-1 0.0 0 0 0.03834616097587126
-1 0.0 0 0 -0.006929281949996949
-1 0.0 0 0 -0.028598963381955403
-1 0.0 0 0 2.670602151242536e-05
nodes 29
0 11.621062278747559 1 4 0.0
0 11.605359077453613 2 3 0.0004249792792944215
-1 0.0 0 0 4.562191704729009e-06
-1 0.0 0 0 0.0094156423908151
6 0.8880199193954468 5 14 -0.015061237355531056
5 1.1663333177566528 6 7 -0.06801304781013484
-1 0.0 0 0 -0.029779679551720617
8 50.5 8 13 -0.05042755691418551
4 0.8022487759590149 9 12 -0.15381133447036796
5 1.385108232498169 10 11 -0.32620487672587234
-1 0.0 0 0 -0.046343918944088125
-1 0.0 0 0 -0.0012526447662994976
-1 0.0 0 0 -0.005037520911706531
-1 0.0 0 0 -0.00033418760470133095
3 0.5350828170776367 15 26 0.0032448773455963057
5 1.3075777292251587 16 19 -0.042982880296839554
5 1.2792285680770874 17 18 -0.15915339918838575
-1 0.0 0 0 -0.008190481776997832
-1 0.0 0 0 -0.034980947247637
2 11.492467880249023 20 25 -0.003940004875557017
2 11.256457328796387 21 22 -0.02637754136759957
-1 0.0 0 0 0.006586258278639858
5 1.5385842323303223 23 24 -0.11451810444808669
-1 0.0 0 0 0.0022318811850114305
-1 0.0 0 0 -0.024540558960288766
-1 0.0 0 0 0.021544924082441463
3 0.5667462348937988 27 28 0.028566590745679514
-1 0.0 0 0 0.01795958927062553
-1 0.0 0 0 0.00104030288621633
nodes 29
6 1.0261151790618896 1 6 0.0
0 9.886900901794434 2 5 -0.0009465593481154742
3 0.6539959907531738 3 4 -0.05866040180633475
-1 0.0 0 0 -0.01398406072053719
-1 0.0 0 0 -0.0023635482998951426
-1 0.0 0 0 -9.78154028373959e-06
1 10.460786819458008 7 8 0.006596678578067007
-1 0.0 0 0 0.0014330240405964687
7 0.45750001072883606 9 14 -0.026693319440985942
1 10.508049011230469 10 13 0.002932316533153883
7 0.2175000011920929 11 12 -0.12585408505091958
-1 0.0 0 0 0.0010481266512912004
-1 0.0 0 0 -0.02621894366147512
-1 0.0 0 0 0.0017749846213573597
6 1.0808510780334473 15 26 -0.2054281166094719
5 1.1965622901916504 16 17 -0.12795162664138174
-1 0.0 0 0 0.018472143486724237
6 1.0598565340042114 18 25 -0.17900028974483057
3 0.6086475253105164 19 20 -0.24404164893044666
-1 0.0 0 0 0.00953767953010706
3 0.6839337944984436 21 22 -0.3075299910169175
-1 0.0 0 0 -0.06732755575329066
3 0.7417711615562439 23 24 -0.2460601479049866
-1 0.0 0 0 0.011387615406974442
-1 0.0 0 0 -0.03231893554710004
-1 0.0 0 0 0.016718758979151326
5 1.3282577991485596 27 28 -0.4441394640787228
-1 0.0 0 0 -0.07093479467762841
-1 0.0 0 0 -0.029178565486948544
nodes 29
4 0.733380138874054 1 28 0.0
0 11.005626678466797 2 9 -0.0069305835689816245
1 10.164350509643555 3 4 0.011511428521961952
-1 0.0 0 0 -0.00023547221970831873
5 1.1168739795684814 5 6 0.07520837599826852
-1 0.0 0 0 0.0470494198682718
6 0.8009423613548279 7 8 0.0623535524963352
-1 0.0 0 0 0.03624140362565716
-1 0.0 0 0 0.005016835518627485
8 50.5 10 27 -0.0167663233508182
3 0.31994569301605225 11 20 -0.037599918447656575
1 9.784309387207031 12 19 0.00815196834281461
8 47.5 13 18 -0.043271089860514464
1 9.703572273254395 14 17 -0.0021676776795715525
2 11.110565185546875 15 16 0.035025584077475226
-1 0.0 0 0 0.0008066089854544991
-1 0.0 0 0 0.03854990089755683
-1 0.0 0 0 -0.021657589251431183
-1 0.0 0 0 -0.017218633715528994
-1 0.0 0 0 0.010483581744411514
5 1.5300184488296509 21 26 -0.04966996579548338
7 0.3425000011920929 22 23 -0.0362663191416949
-1 0.0 0 0 -0.0025246398644627145
7 0.4325000047683716 24 25 -0.17917208302354154
-1 0.0 0 0 -0.03005195679485469
-1 0.0 0 0 0.005003983294591308
-1 0.0 0 0 -0.011275105879463046
-1 0.0 0 0 0.0004180190960637188
-1 0.0 0 0 8.89402762128226e-05
nodes 29
8 36.5 1 26 0.0
8 35.5 2 3 -0.0031163205580674634
-1 0.0 0 0 -5.8518060186321473e-05
2 10.90334701538086 4 9 -0.02061542118654828
5 1.3367669582366943 5 6 0.010032602007153106
-1 0.0 0 0 0.004176379892763655
5 1.3881806135177612 7 8 -0.029776181065038414
-1 0.0 0 0 -0.01600300001419997
-1 0.0 0 0 -0.00029103875590139543
6 1.0393445491790771 10 25 -0.05387058088863665
2 11.129040718078613 11 20 -0.060279665496071715
5 1.4204657077789307 12 17 -0.09627990649023818
3 0.8278591632843018 13 14 -0.13257979136778475
-1 0.0 0 0 -0.018746951928208234
6 0.9853588342666626 15 16 -0.03536130775782195
-1 0.0 0 0 0.005284813200419694
-1 0.0 0 0 -0.013988345213336487
1 10.66122817993164 18 19 0.037424669475391664
-1 0.0 0 0 -0.0008630129326199896
-1 0.0 0 0 0.04334959391690791
5 1.4509021043777466 21 22 -0.019693636531735604
-1 0.0 0 0 -8.73632018129757e-05
4 0.909149706363678 23 24 -0.17301624211046948
-1 0.0 0 0 -0.04295330064164268
-1 0.0 0 0 -0.004651482409657273
-1 0.0 0 0 0.026978819178683416
4 1.2222918272018433 27 28 0.002055925854513311
-1 0.0 0 0 0.00023817353032407857
-1 0.0 0 0 -0.009776394399936677
nodes 29
8 17.5 1 2 0.0
-1 0.0 0 0 0.01582013567570936
8 19.5 3 8 -3.8772304439414285e-05
7 0.6424999833106995 4 7 -0.11805280590903879
1 9.565774917602539 5 6 -0.22522940224295762
-1 0.0 0 0 -0.006860912165471487
-1 0.0 0 0 -0.04006441165017896
-1 0.0 0 0 0.006518460072637085
5 7.1811418533325195 9 26 7.176469097534394e-05
5 6.23466682434082 10 11 0.0003513495297568028
-1 0.0 0 0 7.829360560342273e-06
8 49.5 12 23 0.06943058636457122
6 0.8880199193954468 13 14 0.03742038484837009
-1 0.0 0 0 0.03411872551724728
8 38.5 15 18 0.0075960012165490875
4 0.7902326583862305 16 17 0.09592453988370835
-1 0.0 0 0 -0.013806635201243417
-1 0.0 0 0 0.014555897149804162
4 0.864321768283844 19 22 -0.11529587866819423
7 0.1274999976158142 20 21 -0.016761851577479163
-1 0.0 0 0 -0.030819735870781267
-1 0.0 0 0 0.009190901548806895
-1 0.0 0 0 -0.035003870791372134
4 0.6924047470092773 24 25 0.27511315780909773
-1 0.0 0 0 0.009019187465310097
-1 0.0 0 0 0.052475689006969334
0 11.575533866882324 27 28 -0.023734844045266056
-1 0.0 0 0 -0.0032095562191136705
-1 0.0 0 0 0.03026547297262229
nodes 29
4 0.5158396363258362 1 12 0.0
6 1.0233782529830933 2 11 -0.027819036880812727
7 0.2175000011920929 3 10 -0.0574122807106325
3 0.3416542112827301 4 5 -0.025675938005766303
-1 0.0 0 0 -0.005875494406669604
5 1.2728134393692017 6 9 0.04652535406953225
3 0.39869165420532227 7 8 -0.04927172864644
-1 0.0 0 0 -0.019572808905146444
-1 0.0 0 0 0.009718463175858442
-1 0.0 0 0 0.014232243678550452
-1 0.0 0 0 -0.016460339739747653
-1 0.0 0 0 0.0018179157332928878
8 63.5 13 14 0.0002201589932736425
-1 0.0 0 0 3.7581057357729635e-06
1 10.803709983825684 15 24 0.05216767806119512
1 10.716216087341309 16 23 0.1174887835963252
1 10.651643753051758 17 22 0.06804924597000857
4 0.6176910996437073 18 21 0.10786584286577161
4 0.5719396471977234 19 20 0.18415522154166616
-1 0.0 0 0 0.00723184667601201
-1 0.0 0 0 0.03359336744594787
-1 0.0 0 0 -0.0004025245858873758
-1 0.0 0 0 -0.013284358382225038
-1 0.0 0 0 0.03805071237683297
5 1.1953331232070923 25 26 -0.014850079565756506
-1 0.0 0 0 0.02059582579182461
3 0.5556058883666992 27 28 -0.09232668920926619
-1 0.0 0 0 -0.00323597775347045
-1 0.0 0 0 -0.034309741075743326
nodes 29
7 0.03749999962747097 1 2 0.0
-1 0.0 0 0 -0.0004277938395698266
7 0.042500000447034836 3 28 0.0014061437676039941
4 0.7269958257675171 4 7 0.02659898859494744
0 11.325282096862793 5 6 0.140787675833903
-1 0.0 0 0 0.02376534955120351
-1 0.0 0 0 0.003959748920585428
3 0.18809038400650024 8 9 0.013874312498732928
-1 0.0 0 0 0.0332403680930535
5 3.0784337520599365 10 27 0.010585661202239397
4 1.0600645542144775 11 18 0.015888522371548017
4 0.970613956451416 12 15 0.02809834236908196
6 0.9036159515380859 13 14 0.0012365467360909697
-1 0.0 0 0 -0.0068097484907713585
-1 0.0 0 0 0.003353120606686969
6 0.848383367061615 16 17 0.11343916677246003
-1 0.0 0 0 0.03568311452865601
-1 0.0 0 0 0.007656159427032368
0 10.575512886047363 19 20 -0.06771283337627264
-1 0.0 0 0 0.01028130931685431
2 11.061358451843262 21 22 -0.14425572085945698
-1 0.0 0 0 -0.025151468880737767
4 1.0919133424758911 23 24 -0.026781613106972406
-1 0.0 0 0 -0.030066603207555803
6 0.9378917813301086 25 26 0.07648628256970742
-1 0.0 0 0 -0.018586904493470988
-1 0.0 0 0 0.024666271122122135
-1 0.0 0 0 -0.031096055697311054
-1 0.0 0 0 5.248649342759842e-05
nodes 29
4 0.6593955159187317 1 28 0.0
1 10.886838912963867 2 25 -0.010956917895516246
2 11.165323257446289 3 22 -0.005014003866787249
3 0.26296159625053406 4 9 -0.009013360545447326
6 1.0715585947036743 5 8 -0.04677404130366293
7 0.45750001072883606 6 7 -0.07715501734015734
-1 0.0 0 0 -0.006483354549430161
-1 0.0 0 0 -0.0277141983453662
-1 0.0 0 0 0.002314382135566669
6 0.9358656406402588 10 19 0.0039593038347807
3 0.5524342060089111 11 18 0.04061925579430803
0 11.071906089782715 12 15 0.029108492355890535
2 10.476019859313965 13 14 0.11782053073812196
-1 0.0 0 0 0.0059627738770444035
-1 0.0 0 0 0.02819051244830499
5 1.4282875061035156 16 17 -0.0066525888604761114
-1 0.0 0 0 0.005300875012664345
-1 0.0 0 0 -0.01044535966064849
-1 0.0 0 0 0.037402029681418626
3 0.5080101490020752 20 21 -0.011677554169308487
-1 0.0 0 0 7.670371476642526e-05
-1 0.0 0 0 -0.009448008783476914
0 11.767064094543457 23 24 0.11464928723280392
-1 0.0 0 0 0.02019020329083664
-1 0.0 0 0 -0.005376880325723526
2 11.200472831726074 26 27 -0.08111932109529858
-1 0.0 0 0 -0.018195229232646184
-1 0.0 0 0 -0.0021976905277020144
-1 0.0 0 0 5.411741170404122e-05
nodes 29
6 0.9466264247894287 1 2 0.0
-1 0.0 0 0 -0.00035335289300460546
6 0.9713770151138306 3 28 0.001644927659716156
4 1.0512067079544067 4 27 0.013012361369760623
2 10.178388595581055 5 6 0.017626112933283047
-1 0.0 0 0 -0.006716264714697138
5 1.1851750612258911 7 18 0.020582789047906162
4 1.0002107620239258 8 17 -0.001997074902942359
4 0.9966044425964355 9 16 -0.014755961474762224
4 0.9249565005302429 10 11 -0.007092090197505232
-1 0.0 0 0 -0.0027638940323971464
8 40.5 12 15 0.04197035040865748
6 0.9532710313796997 13 14 -0.004783805655536856
-1 0.0 0 0 0.012644511149437342
-1 0.0 0 0 -0.004778357219737638
-1 0.0 0 0 0.014765019903309674
-1 0.0 0 0 -0.01869032549546609
-1 0.0 0 0 0.011109121496537849
5 1.1927680969238281 19 26 0.03058216722568358
4 0.7922724485397339 20 23 0.13833771866925976
5 1.1891112327575684 21 22 -0.08145642506756953
-1 0.0 0 0 -0.03182578671437044
-1 0.0 0 0 0.0123771491398414
8 47.5 24 25 0.19208650491058046
-1 0.0 0 0 0.0231828337672896
-1 0.0 0 0 -0.011820549704134466
-1 0.0 0 0 0.0026019645733866732
-1 0.0 0 0 -0.002923734263326465
-1 0.0 0 0 -0.00010156475958021373
nodes 29
7 0.8224999904632568 1 28 0.0
8 18.5 2 5 4.358425477982762e-05
2 10.665531158447266 3 4 0.11373855133371596
-1 0.0 0 0 -0.00561171951096343
-1 0.0 0 0 0.029977103553357577
8 19.5 6 9 -1.217714869647697e-05
4 1.5275986194610596 7 8 -0.14546084727268094
-1 0.0 0 0 0.00842873722355327
-1 0.0 0 0 -0.03276749523998848
3 0.9830561876296997 10 15 7.217665610876039e-05
4 1.2222918272018433 11 12 -0.00044415698973774886
-1 0.0 0 0 2.1528951497765274e-05
0 11.075288772583008 13 14 -0.03456160216950687
-1 0.0 0 0 -0.0029826242434311773
-1 0.0 0 0 -0.02867984307308992
0 11.040855407714844 16 25 0.0117164701061093
6 1.0715585947036743 17 22 0.021021215481892043
7 0.6524999737739563 18 21 0.028786127409415503
5 1.2857530117034912 19 20 0.026121606336578514
-1 0.0 0 0 0.0047986023675367015
-1 0.0 0 0 -0.0003235290464100129
-1 0.0 0 0 0.03493813028931618
0 10.427475929260254 23 24 -0.06430841450426247
-1 0.0 0 0 -0.0035361391328493663
-1 0.0 0 0 -0.03108571981047762
2 11.266155242919922 26 27 -0.050109639228157976
-1 0.0 0 0 -0.020001623379913246
-1 0.0 0 0 0.002416840312682937
-1 0.0 0 0 -0.013040114200363558
nodes 29
6 1.0261151790618896 1 12 0.0
7 0.7574999928474426 2 11 -0.0009044909156508227
0 9.786672592163086 3 10 -0.001009756084834558
2 10.29021167755127 4 7 -0.06162797607036212
7 0.1875 5 6 -0.08622528848703279
-1 0.0 0 0 -0.0038937649195748348
-1 0.0 0 0 -0.01594168184194988
7 0.4025000035762787 8 9 0.07051107435407795
-1 0.0 0 0 -0.002569431307269855
-1 0.0 0 0 0.032889125772884914
-1 0.0 0 0 -3.682934394850601e-05
-1 0.0 0 0 0.04122665613889695
8 32.5 13 16 0.0063034994081900666
5 1.096787452697754 14 15 -0.008431984643822917
-1 0.0 0 0 0.03458044655047931
-1 0.0 0 0 -0.0010877156600600975
1 10.860190391540527 17 22 0.021332213781065982
1 9.953182220458984 18 19 0.02642019683569853
-1 0.0 0 0 0.0009556607605400414
1 10.460786819458008 20 21 0.04907994190193282
-1 0.0 0 0 0.007389853552301798
-1 0.0 0 0 0.000792097399367931
3 0.8594731688499451 23 28 -0.06602530635238082
5 1.22105872631073 24 27 -0.12656153127420366
6 1.050862431526184 25 26 -0.2593047729959445
-1 0.0 0 0 -0.01577357909095193
-1 0.0 0 0 -0.056401171925522034
-1 0.0 0 0 -0.0049127973603188164
-1 0.0 0 0 0.010868683645996868
nodes 29
2 11.16913890838623 1 8 0.0
2 11.147195816040039 2 3 -0.0012219895813169342
-1 0.0 0 0 -1.683046332112354e-05
3 0.2509658932685852 4 7 -0.03565383934150387
3 0.1740468442440033 5 6 -0.21954661759513397
-1 0.0 0 0 -0.0006248489643136661
-1 0.0 0 0 -0.044925229385113105
-1 0.0 0 0 -0.002831985852488938
1 10.860190391540527 9 16 0.004657652144899441
5 1.4090337753295898 10 13 0.03853096505439814
8 42.5 11 12 0.2928607575743208
-1 0.0 0 0 0.0519625821263727
-1 0.0 0 0 0.004341918751597405
8 27.5 14 15 0.03081286441434268
-1 0.0 0 0 0.02172135550708297
-1 0.0 0 0 0.002305006595749952
6 1.0434638261795044 17 26 0.0002722861896024003
5 1.7413551807403564 18 25 0.00174095696674794
6 0.7549372911453247 19 24 0.002305236267213765
7 0.01749999960884452 20 23 0.08902278053574264
3 0.6631825566291809 21 22 -0.01135034201045831
-1 0.0 0 0 0.010923882570041687
-1 0.0 0 0 -0.023861454269633847
-1 0.0 0 0 0.018371440557932845
-1 0.0 0 0 6.347842268811536e-05
-1 0.0 0 0 -0.039938802401656696
7 0.4424999952316284 27 28 -0.16111393283190042
-1 0.0 0 0 -0.010030555475090982
-1 0.0 0 0 -0.04358777152719321
nodes 29
4 0.733380138874054 1 28 0.0
1 10.795239448547363 2 25 -0.006440720086979357
7 0.042500000447034836 3 12 -0.0007500617280436735
7 0.03749999962747097 4 7 0.02609504236281594
1 10.76030445098877 5 6 0.013833698937952424
-1 0.0 0 0 0.0007042287134567654
-1 0.0 0 0 0.015148402109923888
3 0.475411981344223 8 11 0.14168305821666444
3 0.2509658932685852 9 10 0.05575975191948766
-1 0.0 0 0 0.029038920952007177
-1 0.0 0 0 -0.0009718236248117201
-1 0.0 0 0 0.026770390745252372
2 11.303265571594238 13 24 -0.008779865696297387
1 10.786200523376465 14 23 -0.0075727702629101706
1 10.772895812988281 15 20 -0.006405085678726896
2 11.242493629455566 16 17 -0.007943614929223616
-1 0.0 0 0 -0.0009315213594850691
6 0.9611955285072327 18 19 0.1795479591895381
-1 0.0 0 0 0.03946941982333859
-1 0.0 0 0 -0.00011748816072940827
7 0.14249999821186066 21 22 0.20544370285706068
-1 0.0 0 0 0.0014778005585540086
-1 0.0 0 0 0.04324266757993472
-1 0.0 0 0 -0.020891946342748567
-1 0.0 0 0 -0.02508402218227275
7 0.3725000023841858 26 27 -0.03243654109633768
-1 0.0 0 0 -0.002608432937242957
-1 0.0 0 0 -0.044215419728841104
-1 0.0 0 0 8.265385938166164e-05
nodes 29
8 49.5 1 2 0.0
-1 0.0 0 0 -7.584529282423971e-05
3 0.8390941023826599 3 26 0.006893229835839295
6 0.8835740089416504 4 25 0.007953376265892183
7 0.0024999999441206455 5 14 -0.012364213056646565
1 10.10295295715332 6 7 0.057959543259377466
-1 0.0 0 0 -0.011107543966143716
0 11.001799583435059 8 9 0.08807850385254079
-1 0.0 0 0 0.04125751405067388
8 52.5 10 13 0.0612500417669575
4 0.8413915634155273 11 12 0.1794846910238266
-1 0.0 0 0 0.0336600698952405
-1 0.0 0 0 -0.019902205534956672
-1 0.0 0 0 0.0011710384257096152
6 0.8766381144523621 15 16 -0.022768275634907655
-1 0.0 0 0 -0.0015147888473677736
1 11.129348754882812 17 24 -0.11629120897727482
7 0.022499999962747097 18 19 -0.07528992270735997
-1 0.0 0 0 0.011175808513706382
8 57.5 20 23 -0.1319191360914516
8 53.5 21 22 -0.19517299205283908
-1 0.0 0 0 -0.00940278390390349
-1 0.0 0 0 -0.04124477651936037
-1 0.0 0 0 0.009210493710512918
-1 0.0 0 0 -0.03694295850784882
-1 0.0 0 0 0.0016012451614087577
2 11.177019119262695 27 28 -0.1886154409730807
-1 0.0 0 0 -0.04081646516595198
-1 0.0 0 0 0.0013369832858443262
nodes 29
5 1.1506091356277466 1 28 0.0
0 11.364251136779785 2 3 0.006012787855501218
-1 0.0 0 0 0.001311079693516095
8 54.5 4 27 -0.022263093515792545
3 0.5696649551391602 5 6 -0.00977948144280213
-1 0.0 0 0 0.03427615452557802
2 11.143208503723145 7 10 -0.013240856275385167
5 1.134592056274414 8 9 -0.16734259347948763
-1 0.0 0 0 -0.03123604397052059
-1 0.0 0 0 0.0022296128507990104
1 11.042889595031738 11 12 -0.006117509409247919
-1 0.0 0 0 0.023421697986537014
0 11.414716720581055 13 20 -0.009751346838321915
7 0.042500000447034836 14 17 -0.06801431364435286
5 1.1189833879470825 15 16 -0.16919189346499586
-1 0.0 0 0 -0.029323368200822167
-1 0.0 0 0 -0.005227894334379455
3 0.7417711615562439 18 19 -0.0009593685867502263
-1 0.0 0 0 -0.027047107875114308
-1 0.0 0 0 0.003771495753549449
3 0.6333690881729126 21 22 0.006783792335544965
-1 0.0 0 0 -0.022419123217196104
3 0.6450005769729614 23 24 0.011839333227638119
-1 0.0 0 0 0.03935015484352004
8 50.5 25 26 0.006008382717522585
-1 0.0 0 0 -0.0005624572737746737
-1 0.0 0 0 0.012323277999754422
-1 0.0 0 0 -0.014813951525177924
-1 0.0 0 0 -8.62864173272094e-05
nodes 29
6 1.0261151790618896 1 10 0.0
7 0.7574999928474426 2 9 -0.0008648637507643225
0 9.886900901794434 3 8 -0.00095908401289654
1 9.722864151000977 4 5 -0.047973611508496106
-1 0.0 0 0 -0.006365440811411935
8 27.5 6 7 0.09771524422738531
-1 0.0 0 0 -0.00980179110137258
-1 0.0 0 0 0.021860925187630692
-1 0.0 0 0 -2.712058559471325e-05
-1 0.0 0 0 0.03689543761312962
8 32.5 11 14 0.006027334150172965
5 1.096787452697754 12 13 -0.007390079989461025
-1 0.0 0 0 0.031022363805618042
-1 0.0 0 0 -0.0009582457866236249
2 11.07895278930664 15 18 0.019711749539269015
2 11.047774314880371 16 17 0.025202231317332745
-1 0.0 0 0 0.0021865115268577167
-1 0.0 0 0 0.031145891475380733
3 0.8648370504379272 19 28 -0.041666562040832085
5 1.22105872631073 20 23 -0.07397060309928413
7 0.11250000074505806 21 22 -0.2864474434333925
-1 0.0 0 0 -0.0011745003362496696
-1 0.0 0 0 -0.044724887176757544
0 11.251885414123535 24 27 -0.03249614477580953
3 0.7719982266426086 25 26 -0.16874273594335787
-1 0.0 0 0 -0.02476331221734119
-1 0.0 0 0 0.016654140553437176
-1 0.0 0 0 0.003024899589345615
-1 0.0 0 0 0.017261691031356653
nodes 29
2 11.16913890838623 1 12 0.0
2 11.147195816040039 2 3 -0.001168282746859319
-1 0.0 0 0 -2.261598940538872e-05
3 0.2509658932685852 4 7 -0.031954555799116366
3 0.1740468442440033 5 6 -0.19722945574257109
-1 0.0 0 0 -0.000553871842012519
-1 0.0 0 0 -0.040366563439751285
4 0.8170390129089355 8 9 -0.02536309007020458
-1 0.0 0 0 0.0036222744212401183
4 0.8430209159851074 10 11 -0.042394998985570094
-1 0.0 0 0 -0.017014540468950453
-1 0.0 0 0 -0.0030932462583367765
1 10.860190391540527 13 22 0.004452947296257855
3 0.6372576355934143 14 15 0.03481922628393492
-1 0.0 0 0 0.0017964043967494154
7 0.23749999701976776 16 19 0.13854342515433962
5 1.4509021043777466 17 18 0.06963166598443739
-1 0.0 0 0 0.02355527499857456
-1 0.0 0 0 -0.0013328876016216714
0 11.142803192138672 20 21 0.2798828495742411
-1 0.0 0 0 0.01726456068742734
-1 0.0 0 0 0.04911077215590261
6 1.0434638261795044 23 26 0.0005216150874065511
5 1.7413551807403564 24 25 0.0018458456948603692
-1 0.0 0 0 0.00023528550779596484
-1 0.0 0 0 -0.0358571694030062
1 11.215678215026855 27 28 -0.14499266501891134
-1 0.0 0 0 -0.01948745210393099
-1 0.0 0 0 0.015904912405780385
nodes 29
4 0.6593955159187317 1 28 0.0
6 1.0715585947036743 2 27 -0.010272619869018373
7 0.06249999813735485 3 4 -0.0180878220323629
-1 0.0 0 0 0.0014820153449878666
1 10.843045234680176 5 20 -0.03767729808746396
1 10.803709983825684 6 19 -0.02940600830217668
8 41.5 7 8 -0.03372695584199598
-1 0.0 0 0 -0.011030195095482257
0 11.082850456237793 9 12 -0.02090591308227961
1 9.993328094482422 10 11 0.02819900846546655
-1 0.0 0 0 -0.0008126914012539318
-1 0.0 0 0 0.011732859145273868
8 51.5 13 18 -0.05153933713906725
1 10.70737075805664 14 17 -0.09377956983668921
5 1.2345428466796875 15 16 -0.11109517751128598
-1 0.0 0 0 -0.029378404064724847
-1 0.0 0 0 -0.00917190859665627
-1 0.0 0 0 0.007475901152938605
-1 0.0 0 0 -0.0017018131736442196
-1 0.0 0 0 0.025438267528079452
4 0.6528010368347168 21 26 -0.13318990136226172
6 0.9933621287345886 22 25 -0.0938608371369087
5 1.2605018615722656 23 24 -0.027996210204526924
-1 0.0 0 0 0.011578096076458072
-1 0.0 0 0 -0.022405598879876462
-1 0.0 0 0 -0.022559009100167227
-1 0.0 0 0 -0.039994355436900386
-1 0.0 0 0 0.0033276166058296463
-1 0.0 0 0 5.0737574369783294e-05
nodes 29
7 0.8224999904632568 1 28 0.0
7 0.03749999962747097 2 27 4.146100830973187e-05
7 0.012499999720603228 3 22 -0.003931921621990155
8 27.5 4 9 0.0053072111891748945
1 10.353256225585938 5 6 -0.1137699476407411
-1 0.0 0 0 0.002814431151463872
3 0.8594731688499451 7 8 -0.22552742672560272
-1 0.0 0 0 -0.051015939707444474
-1 0.0 0 0 -0.011756357590362816
1 10.608118057250977 10 17 0.007122373081582738
1 9.803004264831543 11 12 -0.012470921705974252
-1 0.0 0 0 0.005081156863044417
6 0.5322299003601074 13 16 -0.024147787580074957
7 0.007499999832361937 14 15 -0.22889973924611695
-1 0.0 0 0 -0.03823033019646325
-1 0.0 0 0 0.010858809873461724
-1 0.0 0 0 -0.0019517354750878246
2 10.807138442993164 18 21 0.018405056523837966
0 10.77515697479248 19 20 0.1865817306012415
-1 0.0 0 0 -0.01355044760396062
-1 0.0 0 0 0.02859487517989498
-1 0.0 0 0 0.001485690370882585
2 10.230378150939941 23 26 -0.010867096660888005
1 9.83969497680664 24 25 0.04605917339604572
-1 0.0 0 0 9.96820715461242e-05
-1 0.0 0 0 0.01555341831435833
-1 0.0 0 0 -0.0013608774929635826
-1 0.0 0 0 0.00013480783503317775
-1 0.0 0 0 -0.012404892817915729
nodes 29
8 73.5 1 26 0.0
4 0.5158396363258362 2 11 -6.216416408520457e-05
6 1.0233782529830933 3 10 -0.029775331044021327
3 0.35194456577301025 4 5 -0.05906322791834433
-1 0.0 0 0 -0.008858276025097844
5 1.277651309967041 6 9 0.030427564837430653
3 0.39869165420532227 7 8 -0.04828270592002405
-1 0.0 0 0 -0.015743967918334184
-1 0.0 0 0 0.006087426734329374
-1 0.0 0 0 0.01340947507131027
-1 0.0 0 0 0.0011014721693672154
8 53.5 12 13 0.000157362495249386
-1 0.0 0 0 -3.917687715353682e-05
1 11.093158721923828 14 15 0.012879921798645633
-1 0.0 0 0 0.002391695529847941
5 1.1592159271240234 16 17 -0.04806794460751611
-1 0.0 0 0 -0.0149171510570222
5 1.2014740705490112 18 19 0.000758974387596442
-1 0.0 0 0 0.016992769976271187
1 11.314669609069824 20 25 -0.08382538829996126
6 0.9713770151138306 21 24 -0.12041377681911129
6 0.9036159515380859 22 23 -0.08672905913336984
-1 0.0 0 0 -0.01723549599767107
-1 0.0 0 0 0.005096664627686747
-1 0.0 0 0 -0.04030724947907679
-1 0.0 0 0 0.012415071486152318
7 0.03249999973922968 27 28 0.0808306371293746
-1 0.0 0 0 -0.001035948250883896
-1 0.0 0 0 0.019261207410524932
nodes 29
2 11.229341506958008 1 28 0.0
2 11.217170715332031 2 5 -0.0009374276654247007
1 11.122014045715332 3 4 -0.00039156521981237454
-1 0.0 0 0 -5.592128663200913e-05
-1 0.0 0 0 0.01852141027167604
4 0.7479973435401917 6 7 -0.039888021417110314
-1 0.0 0 0 0.011743284074159768
4 0.7683658599853516 8 9 -0.05472346023207656
-1 0.0 0 0 -0.03470665808870561
6 0.89882892370224 10 17 -0.04630846635394815
8 34.5 11 12 -0.1434924930196993
-1 0.0 0 0 0.011894169648488363
7 0.03249999973922968 13 16 -0.19063635939776807
7 0.012499999720603228 14 15 -0.06520571486081606
-1 0.0 0 0 -0.02377936861457977
-1 0.0 0 0 0.017337177485665857
-1 0.0 0 0 -0.030877452460117638
8 50.5 18 27 -0.020471417429315256
1 10.646519660949707 19 22 -0.03579592856521056
2 11.221007347106934 20 21 0.15040963384256298
-1 0.0 0 0 0.044940470401197675
-1 0.0 0 0 -0.001569873847377797
7 0.2475000023841858 23 26 -0.05166733114486858
7 0.19749999791383743 24 25 -0.028300718374163255
-1 0.0 0 0 -0.005269529007645803
-1 0.0 0 0 0.0188254602351471
-1 0.0 0 0 -0.019161842678217814
-1 0.0 0 0 0.03697563125668759
-1 0.0 0 0 0.0005353286179195871
nodes 29
0 11.408531188964844 1 6 0.0
0 11.402329444885254 2 3 0.0008338193988720004
-1 0.0 0 0 5.106647098550906e-05
1 11.07936954498291 4 5 0.07345063689607925
-1 0.0 0 0 0.013987363790283387
-1 0.0 0 0 -0.005280796005890882
0 11.414716720581055 7 24 -0.006253842423523314
2 11.16913890838623 8 13 -0.09607664182671365
5 1.2892670631408691 9 12 0.03715087669507529
6 0.9604427814483643 10 11 -0.12731869811735427
-1 0.0 0 0 -0.029373488262561816
-1 0.0 0 0 0.010566396019421519
-1 0.0 0 0 0.017812479796287205
5 1.663453221321106 14 23 -0.151721870446256
7 0.2475000023841858 15 22 -0.1201225038992851
7 0.05250000022351742 16 21 -0.0864031134801802
1 11.086150169372559 17 18 -0.2106211371978538
-1 0.0 0 0 0.0010041689716799313
3 0.7996257543563843 19 20 -0.4125041490559407
-1 0.0 0 0 -0.06030530408024788
-1 0.0 0 0 -0.015526314519811422
-1 0.0 0 0 0.0012531595675489018
-1 0.0 0 0 -0.04177327758592109
-1 0.0 0 0 -0.04622199939077963
8 27.5 25 26 -0.00314831370762457
-1 0.0 0 0 -0.041806831157633235
8 29.5 27 28 -0.002293144411791528
-1 0.0 0 0 0.024305131686851385
-1 0.0 0 0 -0.000326011440402842
nodes 29
4 0.7792374491691589 1 4 0.0
3 0.7094677686691284 2 3 -0.004782333259157664
-1 0.0 0 0 -0.000432630898754343
-1 0.0 0 0 -0.03187930462881923
8 46.5 5 6 0.0010806904781173123
-1 0.0 0 0 -5.064150646901832e-05
1 8.898092269897461 7 10 0.01732399385448996
7 0.057499999180436134 8 9 0.26518479115255766
-1 0.0 0 0 0.0032495947385376154
-1 0.0 0 0 0.039004221951543565
1 9.01930046081543 11 12 0.014905277895726288
-1 0.0 0 0 -0.031137442737817767
3 0.16089928150177002 13 16 0.01591919867034998
0 11.325282096862793 14 15 0.2269588248045356
-1 0.0 0 0 0.042884726139406366
-1 0.0 0 0 -0.009029443269329411
6 0.5322299003601074 17 20 0.014133529630668685
4 0.8132991194725037 18 19 -0.19040192952079157
-1 0.0 0 0 0.00801145039498806
-1 0.0 0 0 -0.031921927879254026
4 0.9624576568603516 21 28 0.016140048375508958
0 11.551300048828125 22 23 0.020470773885651314
-1 0.0 0 0 0.0013948022857841588
6 0.9666985273361206 24 27 0.0665771551427096
7 0.16250000149011612 25 26 0.03267414200746051
-1 0.0 0 0 0.004886634087642877
-1 0.0 0 0 -0.04085632771719247
-1 0.0 0 0 0.01735894591729651
-1 0.0 0 0 -0.006587050442381143
nodes 29
4 0.970613956451416 1 20 0.0
3 0.8414328098297119 2 5 -0.0016310900309650803
4 0.9690105319023132 3 4 -0.0024181002749122356
-1 0.0 0 0 -0.0001970202765352181
-1 0.0 0 0 -0.009356208926256956
3 0.8437965512275696 6 7 0.04072887931794594
-1 0.0 0 0 0.01818925964041188
0 11.200021743774414 8 13 0.02757076181852558
2 11.139496803283691 9 12 -0.013144802894856466
4 0.9690105319023132 10 11 0.0057118817289044865
-1 0.0 0 0 -0.0009811827066685632
-1 0.0 0 0 0.02314709610704865
-1 0.0 0 0 -0.04405629877001047
6 0.9994038343429565 14 19 0.08276513116745399
6 0.9908762574195862 15 16 0.05992958308246834
-1 0.0 0 0 0.010754843527247432
4 0.9351280927658081 17 18 -0.2027951186554956
-1 0.0 0 0 -0.04698643512092531
-1 0.0 0 0 -0.006223236467983378
-1 0.0 0 0 0.029329774521927282
3 0.7516393065452576 21 28 0.0031497775841999136
1 10.291942596435547 22 23 0.016376189958424738
-1 0.0 0 0 5.841218268230584e-05
1 10.382048606872559 24 25 0.04129649341312158
-1 0.0 0 0 0.011828413477308954
6 1.0356087684631348 26 27 0.02894971373907069
-1 0.0 0 0 0.0038862685140211638
-1 0.0 0 0 -0.010226823139741931
-1 0.0 0 0 -0.00010390127176822489
nodes 29
6 1.0261151790618896 1 14 0.0
7 0.7574999928474426 2 13 -0.000825304036735932
6 1.024679183959961 3 6 -0.000910700960370715
2 9.711600303649902 4 5 -0.0005600566638884331
-1 0.0 0 0 -0.0052187023439807575
-1 0.0 0 0 -1.1630048675587316e-05
7 0.32750000059604645 7 10 -0.07875871552228504
7 0.2874999940395355 8 9 0.00262757419116891
-1 0.0 0 0 -0.003287050129740306
-1 0.0 0 0 0.036098909817103834
8 29.5 11 12 -0.23811170294442596
-1 0.0 0 0 -0.0020297054991577613
-1 0.0 0 0 -0.032169174227517014
-1 0.0 0 0 0.033436189107596874
1 10.460786819458008 15 16 0.00575163696896956
-1 0.0 0 0 0.001179785091660583
7 0.45750001072883606 17 22 -0.02027497984988092
1 10.508049011230469 18 21 0.005525550421411182
7 0.2175000011920929 19 20 -0.11240569092060855
-1 0.0 0 0 0.0010719934007787008
-1 0.0 0 0 -0.02355313158490041
-1 0.0 0 0 0.0019094138776551764
6 1.0808510780334473 23 28 -0.1759324836720472
7 0.4724999964237213 24 25 -0.1065248559584449
-1 0.0 0 0 -0.034879498893048526
5 1.1965622901916504 26 27 -0.0502134196460247
-1 0.0 0 0 0.026019544202696393
-1 0.0 0 0 -0.010325797195723163
-1 0.0 0 0 -0.03897830123031462
nodes 29
7 0.762499988079071 1 20 0.0
7 0.7475000023841858 2 17 9.563841242824692e-05
7 0.7425000071525574 3 16 3.3739294540934025e-05
8 18.5 4 5 0.0001155745513566719
-1 0.0 0 0 0.011915274344485353
4 2.4738399982452393 6 7 6.637245062541286e-05
-1 0.0 0 0 2.6833579203120286e-05
2 11.086134910583496 8 13 -0.05939816740691499
2 10.96757698059082 9 12 -0.08696197533924988
6 1.0119614601135254 10 11 -0.05865876089898955
-1 0.0 0 0 0.0030639555883111365
-1 0.0 0 0 -0.010942424235730719
-1 0.0 0 0 -0.03270151644807171
2 11.192899703979492 14 15 0.09073661622452608
-1 0.0 0 0 0.028253076269867873
-1 0.0 0 0 -0.006417404054305874
-1 0.0 0 0 -0.034894686802068635
6 1.087129831314087 18 19 0.10090566724221307
-1 0.0 0 0 0.03445500400848687
-1 0.0 0 0 -0.003831968866787585
8 27.5 21 28 -0.053911765484006065
3 0.8621444702148438 22 25 -0.08235074277570889
1 9.249464988708496 23 24 -0.1445149225198312
-1 0.0 0 0 -0.006472317881707568
-1 0.0 0 0 -0.033259546124775496
2 10.046981811523438 26 27 0.056778611889707724
-1 0.0 0 0 -0.014001099830160716
-1 0.0 0 0 0.02535682220810226
-1 0.0 0 0 0.011424914371910627
nodes 29
6 0.9466264247894287 1 6 0.0
5 8.630108833312988 2 3 -0.003152732151427638
-1 0.0 0 0 -0.00026151628993207704
8 54.5 4 5 -0.11535054995329119
-1 0.0 0 0 -0.015931143884041248
-1 0.0 0 0 0.01396226055920124
6 0.9713770151138306 7 26 0.001467658974354233
7 0.2224999964237213 8 15 0.011525100733854269
7 0.17249999940395355 9 10 0.0067954047041278165
-1 0.0 0 0 0.0012503692313092678
4 1.0103446245193481 11 12 -0.05534842740996385
-1 0.0 0 0 -0.0033566364391872123
6 0.9573261141777039 13 14 -0.22760453801221994
-1 0.0 0 0 -0.04796209963592324
-1 0.0 0 0 -0.007474209606403211
0 10.231639862060547 16 17 0.051010262198433014
-1 0.0 0 0 -0.02588298083706336
4 0.9607543349266052 18 19 0.059460445941225744
-1 0.0 0 0 0.0030090071023341713
5 1.432557225227356 20 21 0.15701204834705484
-1 0.0 0 0 0.008819818276377326
2 10.971107482910156 22 25 0.3892588446906302
4 0.9947953820228577 23 24 0.21532680912939614
-1 0.0 0 0 0.05120492842979729
-1 0.0 0 0 -0.004269273449545321
-1 0.0 0 0 0.07454053936969667
6 0.9720547795295715 27 28 -0.0008863095080392732
-1 0.0 0 0 -0.007920145971002058
-1 0.0 0 0 -3.270857962815409e-05
nodes 29
6 0.8236503005027771 1 28 0.0
5 1.2319399118423462 2 9 0.008892838843662383
3 0.8053520917892456 3 4 0.12730636244793986
-1 0.0 0 0 0.007417237193447582
1 10.908686637878418 5 8 0.2801485820730895
5 1.2252585887908936 6 7 0.14554960843251677
-1 0.0 0 0 -0.00778860511450932
-1 0.0 0 0 0.04695313148200512
-1 0.0 0 0 0.048625326046021655
7 0.20749999582767487 10 27 0.001408570242264814
0 10.77515697479248 11 24 0.002948892653386599
6 0.8074463605880737 12 23 0.05181202088071707
6 0.7668368220329285 13 14 0.07291923018193808
-1 0.0 0 0 0.0022990731357929116
3 0.5667462348937988 15 18 0.14087303369320905
2 10.399645805358887 16 17 0.344851625658441
-1 0.0 0 0 0.017171678307556337
-1 0.0 0 0 0.05512816302764875
8 33.5 19 22 0.09545592532595037
8 31.5 20 21 0.2698975209200728
-1 0.0 0 0 0.012693402041890185
-1 0.0 0 0 0.06201580971479416
-1 0.0 0 0 0.0031089775079990774
-1 0.0 0 0 -0.006121861443524182
0 10.798881530761719 25 26 -0.007582678606227267
-1 0.0 0 0 -0.01929636750156518
-1 0.0 0 0 -0.0004761261245704588
-1 0.0 0 0 -0.03448839136399329
-1 0.0 0 0 -5.558419712889698e-05
nodes 29
8 36.5 1 2 0.0
-1 0.0 0 0 -0.0002697872265564817
7 0.3375000059604645 3 6 0.0017798636941699572
7 0.1274999976158142 4 5 0.0004181449182928672
-1 0.0 0 0 0.0005078280389852657
-1 0.0 0 0 -0.0011183079275072787
6 0.9314889311790466 7 8 0.024105045991411455
-1 0.0 0 0 -0.0214463823587721
6 0.9908762574195862 9 26 0.029117655201215946
1 10.838815689086914 10 25 0.10297419017511565
2 10.921233177185059 11 18 0.14476702444734846
6 0.9508652687072754 12 13 0.08100817405222845
-1 0.0 0 0 0.037149953474668235
6 0.9858906269073486 14 17 0.04394548320500501
4 0.7902326583862305 15 16 -0.012792646390022585
-1 0.0 0 0 -0.012560751063014883
-1 0.0 0 0 0.008580185681143227
-1 0.0 0 0 0.02327903026033805
7 0.4124999940395355 19 22 0.2618970473642262
0 11.15809154510498 20 21 0.1758284416416141
-1 0.0 0 0 0.041318383212051085
-1 0.0 0 0 0.009497111081913277
8 41.5 23 24 0.44940365268848836
-1 0.0 0 0 0.06366301883544241
-1 0.0 0 0 0.013735942657859553
-1 0.0 0 0 -0.009613318065014441
6 0.9923290610313416 27 28 0.010585276199551586
-1 0.0 0 0 -0.028060254893886544
-1 0.0 0 0 0.0014217556762608765
nodes 29
7 0.03749999962747097 1 2 0.0
-1 0.0 0 0 -0.00040115021331043596
6 0.7416594624519348 3 28 0.0013185671484795454
5 1.4705981016159058 4 15 0.04980985547385377
4 0.917734682559967 5 12 0.18372918234952243
5 1.3980847597122192 6 9 0.09785804826897775
0 10.997706413269043 7 8 0.2437083996061621
-1 0.0 0 0 0.003411120220664002
-1 0.0 0 0 0.036266897110318816
5 1.4370949268341064 10 11 -0.01802305279344269
-1 0.0 0 0 -0.015286600436267787
-1 0.0 0 0 0.01283778660531555
5 1.4204657077789307 13 14 0.3298216312397997
-1 0.0 0 0 0.02418113672259179
-1 0.0 0 0 0.05498472912745043
3 0.5857054591178894 16 25 -0.01948173654141757
4 1.0062659978866577 17 24 0.01855642368470359
2 10.485228538513184 18 19 0.0018749530481053862
-1 0.0 0 0 0.018404196885724863
1 9.803004264831543 20 23 -0.02089592392803752
1 9.636131286621094 21 22 -0.14347892105170004
-1 0.0 0 0 -0.0037594455510269902
-1 0.0 0 0 -0.047557110843164004
-1 0.0 0 0 0.0035728709261065475
-1 0.0 0 0 0.027592768493507593
4 0.9966044425964355 26 27 -0.2497127063310983
-1 0.0 0 0 -0.041218932638210914
-1 0.0 0 0 -0.009283872835081199
-1 0.0 0 0 8.768551471881695e-05
nodes 29
0 11.408531188964844 1 2 0.0
-1 0.0 0 0 7.862734276584016e-05
0 11.414716720581055 3 12 -0.005897236362201081
2 11.16913890838623 4 7 -0.0858656433397751
5 1.2892670631408691 5 6 0.03476055020627637
-1 0.0 0 0 -0.011313512811708885
-1 0.0 0 0 0.016152827448344658
5 1.663453221321106 8 11 -0.13624766795338697
8 47.5 9 10 -0.1079025159000658
-1 0.0 0 0 -0.014730589732123668
-1 0.0 0 0 0.009337421622429346
-1 0.0 0 0 -0.041476959682515135
8 27.5 13 14 -0.0031324128888334385
-1 0.0 0 0 -0.03727125336549112
4 1.0512067079544067 15 28 -0.0023706911756046986
4 1.0234663486480713 16 23 -0.0037191939237213715
4 0.9966044425964355 17 18 -0.0021552969503355764
-1 0.0 0 0 -0.00043181076787211054
8 32.5 19 20 0.0914197619087516
-1 0.0 0 0 0.031171347137869284
7 0.05250000022351742 21 22 0.05240941752344952
-1 0.0 0 0 0.017396461519838115
-1 0.0 0 0 -0.0036293024023122213
4 1.0302891731262207 24 25 -0.15710375590167722
-1 0.0 0 0 -0.03658934873460299
5 1.1927680969238281 26 27 -0.05270889017950086
-1 0.0 0 0 0.007039961608296091
-1 0.0 0 0 -0.027840781832734748
-1 0.0 0 0 0.01618217036733965
nodes 29
5 2.0090184211730957 1 16 0.0
5 1.4370949268341064 2 3 -0.0007583891308256084
-1 0.0 0 0 0.00012525661746598998
6 1.0393445491790771 4 13 -0.010159933584794174
7 0.5274999737739563 5 6 -0.01622742416366595
-1 0.0 0 0 -0.00128141547084958
0 10.092660903930664 7 8 -0.15973988989241084
-1 0.0 0 0 -0.04058620302551767
1 10.562043190002441 9 12 -0.1144887340409606
1 10.267539978027344 10 11 -0.056116264998107346
-1 0.0 0 0 -0.01837391740047694
-1 0.0 0 0 0.01739917073017833
-1 0.0 0 0 -0.039867049122327254
1 10.485116004943848 14 15 0.01518968514252158
-1 0.0 0 0 0.002294791328871396
-1 0.0 0 0 -0.00923656416710853
1 9.682217597961426 17 28 0.006148421301322656
6 0.6496198773384094 18 27 -0.00392430743111761
0 11.033485412597656 19 24 0.09106465401077042
3 0.2861245274543762 20 23 0.1906543462537229
7 0.03249999973922968 21 22 0.273908687032648
-1 0.0 0 0 0.04323705763212945
-1 0.0 0 0 0.006626897003373196
-1 0.0 0 0 -0.007496664575522855
0 11.35421085357666 25 26 -0.0011868503827013467
-1 0.0 0 0 -0.009425377292614995
-1 0.0 0 0 0.021062062850928515
-1 0.0 0 0 -0.0006767916124699405
-1 0.0 0 0 0.00239474390109617
nodes 29
6 0.9466264247894287 1 28 0.0
8 32.5 2 27 -0.0031567434838782075
4 0.926411509513855 3 6 -0.027663565550054822
3 0.7046680450439453 4 5 -0.12340847018061045
-1 0.0 0 0 -0.002317869668882905
-1 0.0 0 0 -0.02720638645729155
0 11.414716720581055 7 26 -0.01706786003009849
6 0.8918717503547668 8 25 -0.021486830392416518
5 1.1650599241256714 9 10 0.01750353682394684
-1 0.0 0 0 0.027288747265406733
7 0.07250000163912773 11 22 -0.0038848678018257488
7 0.042500000447034836 12 19 0.022988413507532023
6 0.8186878561973572 13 16 -0.020177826047047365
5 1.3617889881134033 14 15 0.06710403605345353
-1 0.0 0 0 0.017888865164481106
-1 0.0 0 0 -0.004813783569021401
4 1.0103446245193481 17 18 -0.08386125876482024
-1 0.0 0 0 0.00481452549865935
-1 0.0 0 0 -0.015669243876560025
5 1.305641770362854 20 21 0.13436208130857388
-1 0.0 0 0 0.024049897855729797
-1 0.0 0 0 0.00144898208864855
6 0.8667813539505005 23 24 -0.11844990917329835
-1 0.0 0 0 -0.01951016410026403
-1 0.0 0 0 0.008230462657021624
-1 0.0 0 0 -0.005224629206356032
-1 0.0 0 0 0.02631803893994901
-1 0.0 0 0 -0.00010902061557110887
-1 0.0 0 0 0.00014695265497050047
nodes 29
8 23.5 1 28 0.0
7 0.042500000447034836 2 5 -0.020297383206871168
3 0.9493897557258606 3 4 -0.1817512992070988
-1 0.0 0 0 -0.035530584305524825
-1 0.0 0 0 -0.0008196755358949305
1 10.76030445098877 6 23 -0.013338162689619978
2 11.096348762512207 7 22 -0.002784778487188947
6 1.0028573274612427 8 15 -0.013449923497377206
0 10.119002342224121 9 12 0.10570655138287534
7 0.2175000011920929 10 11 -0.032853696702255145
-1 0.0 0 0 -0.025777217639344083
-1 0.0 0 0 0.01639499730275323
8 22.5 13 14 0.1923067064360819
-1 0.0 0 0 0.03386973542245952
-1 0.0 0 0 0.006843769676887836
2 10.892638206481934 16 19 -0.03345179948158029
2 10.869501113891602 17 18 -0.014655224386796697
-1 0.0 0 0 -0.0029239066453692728
-1 0.0 0 0 0.04316103428602219
2 10.928632736206055 20 21 -0.21621234501855305
-1 0.0 0 0 -0.04056936068553478
-1 0.0 0 0 -0.009778655637055636
-1 0.0 0 0 0.023836600035429003
3 0.9615615010261536 24 27 -0.12834299053662482
6 1.0111383199691772 25 26 -0.27241098277625586
-1 0.0 0 0 -0.008844849396319616
-1 0.0 0 0 -0.04563734715893156
-1 0.0 0 0 0.003973633374294474
-1 0.0 0 0 2.2120992925401647e-05
nodes 29
8 62.5 1 2 0.0
-1 0.0 0 0 -1.7115009850613385e-05
3 0.6131575703620911 3 28 0.026187716431434124
3 0.5639815330505371 4 27 0.016608403518413608
2 11.47192668914795 5 26 0.030763652132148277
1 11.037338256835938 6 25 0.04093847840765131
5 1.257466435432434 7 10 0.023807709888218464
5 1.1784602403640747 8 9 -0.0902696210292301
-1 0.0 0 0 0.006020714521959976
-1 0.0 0 0 -0.01537520067904552
1 10.212919235229492 11 12 0.05178894200004547
-1 0.0 0 0 -0.0021223706502827224
0 11.320541381835938 13 14 0.092113919415858
-1 0.0 0 0 0.028261882221947116
5 1.8175781965255737 15 24 0.06785150254936011
6 0.9524145126342773 16 23 0.04754912396795893
1 10.904486656188965 17 22 0.07565437871380709
3 0.39869165420532227 18 21 0.11276277910325337
5 1.4243977069854736 19 20 0.03945061212113823
-1 0.0 0 0 0.01601305146674242
-1 0.0 0 0 -0.004428646311506021
-1 0.0 0 0 0.02369446129709178
-1 0.0 0 0 -0.009928522312215396
-1 0.0 0 0 -0.00929771497612819
-1 0.0 0 0 0.026275433693081142
-1 0.0 0 0 0.023879885480710072
-1 0.0 0 0 -0.021246314740606717
-1 0.0 0 0 -0.01890359027311206
-1 0.0 0 0 0.024930587969720364
nodes 29
4 0.8445931673049927 1 28 0.0
3 0.7531528472900391 2 21 -0.0030681524364201975
3 0.735261857509613 3 4 -0.003649133453911746
-1 0.0 0 0 -0.00026306705358261135
8 52.5 5 20 -0.09165721374595606
0 10.939763069152832 6 7 -0.06687700424425667
-1 0.0 0 0 -0.025104341721519388
1 10.725071907043457 8 9 -0.01685649701758238
-1 0.0 0 0 0.028842244446277622
2 11.271401405334473 10 17 -0.04423577428039481
8 47.5 11 16 -0.10854034741225158
0 11.150691986083984 12 13 -0.0505187124121361
-1 0.0 0 0 -0.02422868674354894
1 10.974403381347656 14 15 0.020132713122783523
-1 0.0 0 0 0.02457022822805141
-1 0.0 0 0 -0.013024699964903689
-1 0.0 0 0 -0.03442532396002207
7 0.07750000059604645 18 19 0.1265403051845363
-1 0.0 0 0 0.0314160027106603
-1 0.0 0 0 -0.005502716764327019
-1 0.0 0 0 -0.04245739413992219
8 41.5 22 25 0.07917892126417606
4 0.827256977558136 23 24 -0.03981159998787732
-1 0.0 0 0 0.0162401159795431
-1 0.0 0 0 -0.013901031233440593
7 0.12249999865889549 26 27 0.15378408935078094
-1 0.0 0 0 0.006622090790869094
-1 0.0 0 0 0.041100093483692035
-1 0.0 0 0 0.00014806284803330845
nodes 29
8 40.5 1 2 0.0
-1 0.0 0 0 -0.00017437890633688796
7 0.3375000059604645 3 4 0.0026518126445896724
-1 0.0 0 0 0.00012235593191722933
6 0.9302852153778076 5 6 0.03712644107737063
-1 0.0 0 0 -0.01860783121445113
1 10.843045234680176 7 22 0.04444729668596004
2 11.065074920654297 8 17 0.05892131393934479
3 0.6315044164657593 9 10 0.03799876144905357
-1 0.0 0 0 0.001721813571331566
3 0.7996257543563843 11 16 0.16539893752828339
0 10.59182357788086 12 13 0.21909876776284964
-1 0.0 0 0 0.04909873071161133
5 1.1965622901916504 14 15 0.14984413981437683
-1 0.0 0 0 -0.005581812036689371
-1 0.0 0 0 0.023877917124411546
-1 0.0 0 0 -0.019170493353158236
6 0.9826661348342896 18 19 0.2243307687720095
-1 0.0 0 0 0.04681310000665048
1 10.479061126708984 20 21 0.14462684700265527
-1 0.0 0 0 -0.0011770644759545562
-1 0.0 0 0 0.03664930562467076
4 0.871678352355957 23 28 -0.07994827817005294
0 11.349123001098633 24 25 -0.2116302569266609
-1 0.0 0 0 0.018775309884751387
0 11.485647201538086 26 27 -0.33538284603978546
-1 0.0 0 0 -0.06399476443502036
-1 0.0 0 0 -0.01986394672065365
-1 0.0 0 0 0.016498020231723788
nodes 29
4 0.9878073334693909 1 26 0.0
4 0.9842361807823181 2 3 -0.0013990963722386603
-1 0.0 0 0 -7.502511098843064e-05
1 10.670350074768066 4 11 -0.05851591256346596
6 1.0056920051574707 5 10 0.004418172960270666
8 32.5 6 7 0.05088950619665411
-1 0.0 0 0 0.021986473164268598
5 1.4243977069854736 8 9 0.0002827127889592938
-1 0.0 0 0 0.006170501875091498
-1 0.0 0 0 -0.01755536925138942
-1 0.0 0 0 -0.013554254831636654
1 10.965055465698242 12 19 -0.117635811085764
2 11.044504165649414 13 18 -0.19692624129501507
0 11.013962745666504 14 17 -0.09995217465234882
5 1.227852702140808 15 16 -0.20957040048096384
-1 0.0 0 0 -0.008454654956965344
-1 0.0 0 0 -0.04596181023035847
-1 0.0 0 0 0.016086360404332138
-1 0.0 0 0 -0.029292077191098772
1 11.00004768371582 20 21 -0.023538131861532308
-1 0.0 0 0 0.034289352154290235
6 0.9962244033813477 22 25 -0.09471550338613473
6 0.9853588342666626 23 24 -0.041916611755632945
-1 0.0 0 0 -0.010300717653572253
-1 0.0 0 0 0.02543726274278015
-1 0.0 0 0 -0.03755096088756215
3 0.7516393065452576 27 28 0.0032343526824204884
-1 0.0 0 0 0.001834582643334151
-1 0.0 0 0 -0.00011202388650369163
nodes 29
5 1.4129287004470825 1 28 0.0
5 1.3759965896606445 2 3 0.0013353369404221329
-1 0.0 0 0 -4.288077567727511e-06
3 0.7863309979438782 4 27 0.022636326939904305
1 10.628254890441895 5 14 0.03293681455417771
7 0.022499999962747097 6 7 0.012613071977226728
-1 0.0 0 0 -0.008365669118380811
7 0.03249999973922968 8 13 0.027965759493896403
3 0.604339599609375 9 12 0.16954850811017758
1 10.402139663696289 10 11 0.3590243479940204
-1 0.0 0 0 0.012397197392835681
-1 0.0 0 0 0.06724275134149052
-1 0.0 0 0 0.0033014447017408466
-1 0.0 0 0 0.0018301126128607668
1 10.632773399353027 15 16 0.06728976478575967
-1 0.0 0 0 0.040900182061725195
2 11.238120079040527 17 20 0.05978266510516545
2 11.225203514099121 18 19 0.08629928357182926
-1 0.0 0 0 0.007696440338801371
-1 0.0 0 0 0.04285782236450662
1 11.02083969116211 21 26 -0.013974329029800944
7 0.08249999955296516 22 25 -0.10871056163599253
8 44.5 23 24 0.02743451250844692
-1 0.0 0 0 0.016786414433856464
-1 0.0 0 0 -0.01460373856346397
-1 0.0 0 0 -0.030769182384709638
-1 0.0 0 0 0.012278775112349821
-1 0.0 0 0 -0.00478198423893059
-1 0.0 0 0 -0.0003266184411645637
nodes 29
3 0.9830561876296997 1 2 0.0
-1 0.0 0 0 -4.447499502625353e-05
0 11.040855407714844 3 24 0.00986591462892226
6 1.0715585947036743 4 21 0.018084801260278456
7 0.6424999833106995 5 20 0.02484150458993151
7 0.5874999761581421 6 19 0.02210497232458453
7 0.5575000047683716 7 18 0.025238169142368448
5 1.2857530117034912 8 9 0.023039122784866268
-1 0.0 0 0 0.004253147152369727
8 35.5 10 15 -0.002991221240780123
2 10.816171646118164 11 12 0.009199832804675777
-1 0.0 0 0 0.004873347895912772
7 0.3425000011920929 13 14 -0.03277499904713512
-1 0.0 0 0 -0.00016646602291138122
-1 0.0 0 0 -0.015407917729555435
0 10.681572914123535 16 17 -0.186161808273755
-1 0.0 0 0 -0.008254949885003011
-1 0.0 0 0 -0.045932153311812066
-1 0.0 0 0 0.035443540886044504
-1 0.0 0 0 -0.03411048433985203
-1 0.0 0 0 0.024376408581768996
4 1.1890312433242798 22 23 -0.05193921506521684
-1 0.0 0 0 -0.03314657680690288
-1 0.0 0 0 -0.0031756792465663626
2 11.266155242919922 25 28 -0.04583437127635317
2 11.251626014709473 26 27 -0.1805968326601115
-1 0.0 0 0 -0.013277613390926963
-1 0.0 0 0 -0.039578997703890006
-1 0.0 0 0 0.0020939821301184753
nodes 29
2 11.229341506958008 1 2 0.0
-1 0.0 0 0 -8.974876635310911e-05
7 0.47749999165534973 3 24 0.005125204395220446
3 0.6933684349060059 4 23 0.0037592298700005852
4 0.9234775900840759 5 14 0.018058360300137903
7 0.42249999940395355 6 13 0.007606902418871106
7 0.39750000834465027 7 12 0.010260588268456099
5 1.522611141204834 8 11 0.008414153090833786
5 1.4653372764587402 9 10 0.021068508829055473
-1 0.0 0 0 0.0012201588300373757
-1 0.0 0 0 0.02018644607409179
-1 0.0 0 0 -0.0047697273070433435
-1 0.0 0 0 0.03950576792849461
-1 0.0 0 0 -0.033969423314556484
7 0.23749999701976776 15 20 0.09243467102348679
7 0.13750000298023224 16 17 0.05906394309248082
-1 0.0 0 0 0.010118038477480357
8 35.5 18 19 -0.1355430633017001
-1 0.0 0 0 0.006162882069262063
-1 0.0 0 0 -0.031128322077489907
7 0.2824999988079071 21 22 0.24934126677600524
-1 0.0 0 0 0.053848416304610895
-1 0.0 0 0 0.011495090653778801
-1 0.0 0 0 -0.00044416417649196854
6 1.0166220664978027 25 26 0.10819773928395339
-1 0.0 0 0 0.022089896202414184
1 10.904486656188965 27 28 -0.10242421796820203
-1 0.0 0 0 0.020246342874386095
-1 0.0 0 0 -0.02744121212416735
nodes 29
0 11.621062278747559 1 4 0.0
0 11.605359077453613 2 3 0.00036198399637232917
-1 0.0 0 0 2.6766961711635255e-06
-1 0.0 0 0 0.008318725654895718
6 0.8880199193954468 5 28 -0.012828691150672682
4 0.6924047470092773 6 9 -0.058928429078469624
4 0.6774455904960632 7 8 0.018481303516039906
-1 0.0 0 0 -0.0018283187247506807
-1 0.0 0 0 0.031118321074889255
6 0.6496198773384094 10 11 -0.10401959831477142
-1 0.0 0 0 -0.043022433261979715
4 0.7094941735267639 12 13 -0.0850341375880239
-1 0.0 0 0 -0.03478334796964191
5 1.3305073976516724 14 27 -0.06072899612135151
0 11.664985656738281 15 18 -0.11418995066733767
6 0.8448705673217773 16 17 -0.3065113467819174
-1 0.0 0 0 -0.01144070858871074
-1 0.0 0 0 -0.058727911270510115
5 1.282402515411377 19 26 -0.04135817935767435
0 11.690946578979492 20 21 0.020374799779459943
-1 0.0 0 0 0.02419687991340955
3 0.7175949215888977 22 25 -0.041754358918101434
3 0.6467786431312561 23 24 -0.11432562355535576
-1 0.0 0 0 0.006344028619619516
-1 0.0 0 0 -0.027189086174423047
-1 0.0 0 0 0.02092212646190698
-1 0.0 0 0 -0.030565249628853056
-1 0.0 0 0 0.004950465351771728
-1 0.0 0 0 0.00031085748833499635
nodes 29
0 11.408531188964844 1 2 0.0
-1 0.0 0 0 7.667555937243115e-05
0 11.427563667297363 3 26 -0.0057508479930828485
1 11.181319236755371 4 23 -0.04612925177064038
5 1.2473430633544922 5 6 -0.07120992459755257
-1 0.0 0 0 -0.015050957270079999
6 0.8074463605880737 7 8 -0.01639522760188155
-1 0.0 0 0 0.01615040068025306
2 11.271401405334473 9 14 -0.040088353628654275
8 41.5 10 13 0.007381560598776609
7 0.20749999582767487 11 12 0.18612965051498678
-1 0.0 0 0 0.03637044902425259
-1 0.0 0 0 -0.00721610254523429
-1 0.0 0 0 -0.003300503712287757
4 0.8962610960006714 15 18 -0.13281291941956927
1 10.969525337219238 16 17 -0.3190412922781341
-1 0.0 0 0 -0.049659159262147215
-1 0.0 0 0 -0.010113865094767376
4 0.9454073905944824 19 20 -0.042464500904027924
-1 0.0 0 0 0.011987164245373659
7 0.05250000022351742 21 22 -0.22171065919489288
-1 0.0 0 0 -0.04412125269882381
-1 0.0 0 0 -0.0035978309523600803
4 0.9395717978477478 24 25 0.05624330221997717
-1 0.0 0 0 0.024695871088045593
-1 0.0 0 0 -0.00025306287508621906
5 11.43878173828125 27 28 -0.0012610549368154058
-1 0.0 0 0 -0.00021073947074257325
-1 0.0 0 0 0.022137332360984554
nodes 29
8 43.5 1 2 0.0
-1 0.0 0 0 -0.00012696555225848906
6 1.0042262077331543 3 16 0.00351081305914515
3 0.7110785841941833 4 5 0.0014327139380271375
-1 0.0 0 0 -0.0002654005554946249
1 9.938420295715332 6 7 0.01796214122060569
-1 0.0 0 0 0.029976806007325652
1 10.184447288513184 8 9 0.015086570620068436
-1 0.0 0 0 -0.024420047314980858
6 0.9908762574195862 10 13 0.01818040409322897
3 0.7128023505210876 11 12 0.02543377682254048
-1 0.0 0 0 0.025041851701098496
-1 0.0 0 0 0.00217198167059399
2 11.204346656799316 14 15 -0.05037005616148724
-1 0.0 0 0 0.0009945420071809789
-1 0.0 0 0 -0.017231221463315297
5 1.1189833879470825 17 18 0.03752625344370903
-1 0.0 0 0 -0.03546615688918302
1 10.855782508850098 19 24 0.04509632276867118
5 1.1622583866119385 20 23 0.05697806229983472
1 10.361007690429688 21 22 0.24703129517464814
-1 0.0 0 0 0.007642864127410576
-1 0.0 0 0 0.0451754479855299
-1 0.0 0 0 0.004995088394143827
2 11.282102584838867 25 28 -0.08465647883713245
3 0.657691240310669 26 27 -0.23275201750489383
-1 0.0 0 0 -0.04017238968185016
-1 0.0 0 0 -0.003561815830568473
-1 0.0 0 0 0.01158895631087944
nodes 29
4 0.6593955159187317 1 28 0.0
7 0.0475000012665987 2 3 -0.009518938038135697
-1 0.0 0 0 0.0019045723831879
0 11.064464569091797 4 15 -0.019756674452493263
6 0.9358656406402588 5 8 0.006823533258231718
1 10.19406509399414 6 7 0.11537253634064812
-1 0.0 0 0 0.00543424215734185
-1 0.0 0 0 0.03947026770060452
7 0.10249999910593033 9 10 -0.005921086536869803
-1 0.0 0 0 -0.009803330395625878
6 0.9976041316986084 11 14 0.006428209829733312
7 0.3174999952316284 12 13 0.083635992821323
-1 0.0 0 0 0.004089155784585392
-1 0.0 0 0 0.03083495938352176
-1 0.0 0 0 -0.0013006852785390991
6 1.0356087684631348 16 25 -0.04094713467248198
7 0.35750000178813934 17 18 -0.05427333952228554
-1 0.0 0 0 -0.004245234914875499
2 10.837146759033203 19 22 -0.18411044690368666
1 10.018957138061523 20 21 -0.3346577177807275
-1 0.0 0 0 -0.01303376853466034
-1 0.0 0 0 -0.053259274920128524
1 10.258501052856445 23 24 -0.02335658139091427
-1 0.0 0 0 -0.020353183229312753
-1 0.0 0 0 0.020532739090804872
5 1.2473430633544922 26 27 0.03148004558927563
-1 0.0 0 0 -0.026033460497856143
-1 0.0 0 0 0.005491897334572841
-1 0.0 0 0 4.701506919743535e-05
nodes 29
2 11.16913890838623 1 18 0.0
2 11.154191017150879 2 3 -0.0010735724983519988
-1 0.0 0 0 -3.8444675408494805e-05
0 11.005626678466797 4 7 -0.035171846904888726
8 29.5 5 6 -0.21227792030872983
-1 0.0 0 0 0.00011838116880619164
-1 0.0 0 0 -0.039289938584447674
4 1.13644278049469 8 17 -0.025634347065639242
6 0.7771169543266296 9 12 -0.03007690250906625
8 42.5 10 11 -0.22385311864738194
-1 0.0 0 0 0.0006091333495882841
-1 0.0 0 0 -0.04452811096001555
8 30.5 13 14 -0.02195179218048181
-1 0.0 0 0 -0.017300436986296113
7 0.01749999960884452 15 16 -0.01133590399449893
-1 0.0 0 0 0.008091393293018646
-1 0.0 0 0 -0.0029804621346290624
-1 0.0 0 0 0.02669079288840294
0 10.850889205932617 19 24 0.004091955993330158
1 10.76030445098877 20 23 0.1458557965233922
2 11.261125564575195 21 22 0.0450050130643895
-1 0.0 0 0 0.01771852228631999
-1 0.0 0 0 -0.021384789779161417
-1 0.0 0 0 0.045717778024466145
6 1.0931655168533325 25 28 0.003374241714780805
1 8.677610397338867 26 27 0.003760568845368929
-1 0.0 0 0 0.024027215845642554
-1 0.0 0 0 0.00033644234337662304
-1 0.0 0 0 -0.02524157109271203
nodes 29
5 7.1811418533325195 1 2 0.0
-1 0.0 0 0 2.328850782293911e-05
0 11.575533866882324 3 28 -0.019568516989569285
2 11.246965408325195 4 27 -0.026274522347262727
4 0.7816259860992432 5 8 -0.01644759825461477
0 11.477194786071777 6 7 -0.07349214884414969
-1 0.0 0 0 -0.009517609407635534
-1 0.0 0 0 0.024092505702283235
0 10.965228080749512 9 18 0.009673244703665618
2 10.516915321350098 10 17 -0.031107437665467655
2 10.409582138061523 11 14 0.05879218344871233
4 0.9607543349266052 12 13 -0.01686754057365925
-1 0.0 0 0 -0.015256599859955412
-1 0.0 0 0 0.009466543862570639
6 1.024679183959961 15 16 0.2684326687607002
-1 0.0 0 0 0.04617148695742125
-1 0.0 0 0 0.001992698200047016
-1 0.0 0 0 -0.010064517878370089
8 40.5 19 22 0.07426860036469733
6 1.0233782529830933 20 21 0.17062189971731076
-1 0.0 0 0 0.022146010352250514
-1 0.0 0 0 -0.00856873778005441
1 8.761706352233887 23 26 -0.04514360823469539
3 0.07071744650602341 24 25 0.0943586392959039
-1 0.0 0 0 -0.00540106538796752
-1 0.0 0 0 0.038403202121012975
-1 0.0 0 0 -0.020240068726918914
-1 0.0 0 0 -0.025183671024129835
-1 0.0 0 0 0.024609246448828625
nodes 29
7 0.03749999962747097 1 28 0.0
6 1.0002985000610352 2 19 -0.0037281117072006523
8 37.5 3 18 -0.004902314691052854
4 0.8382786512374878 4 5 -0.018213580898663543
-1 0.0 0 0 -0.011372659482142245
6 0.8971455097198486 6 7 -0.012932624394130551
-1 0.0 0 0 -0.004273356959790519
2 10.985021591186523 8 15 -0.00043028905519590073
3 0.9921334981918335 9 14 -0.020769686705623715
0 11.037193298339844 10 13 -0.03449916353576691
8 34.5 11 12 -0.02757374032218098
-1 0.0 0 0 -0.006282431643727377
-1 0.0 0 0 0.0023715213161003236
-1 0.0 0 0 -0.026292642920968997
-1 0.0 0 0 0.012243827211176101
6 0.9858906269073486 16 17 0.023384959005066687
-1 0.0 0 0 0.004695481184789123
-1 0.0 0 0 -0.006266723958147199
-1 0.0 0 0 6.851411401689914e-05
1 10.955235481262207 20 25 0.045157947645463666
6 1.0015766620635986 21 22 0.06402945480179749
-1 0.0 0 0 0.04460809888939063
2 11.107165336608887 23 24 0.04631845653262688
-1 0.0 0 0 0.0028388597759824823
-1 0.0 0 0 0.03292117838368372
0 11.303018569946289 26 27 -0.14516320963330726
-1 0.0 0 0 -0.032130660831928254
-1 0.0 0 0 0.0054999743418937385
-1 0.0 0 0 0.00012254176057819463
nodes 29
4 0.5158396363258362 1 2 0.0
-1 0.0 0 0 -0.0022973213205939647
8 61.5 3 4 0.00018180936066901563
-1 0.0 0 0 -2.8036010374467294e-06
1 10.651643753051758 5 10 0.035511232409143764
1 10.267539978027344 6 7 0.09139543131805293
-1 0.0 0 0 -0.0007503894791391092
6 0.9096432328224182 8 9 0.18275957067630122
-1 0.0 0 0 0.008679475774988532
-1 0.0 0 0 0.03011842334365591
0 11.427563667297363 11 12 0.0006698491387744722
-1 0.0 0 0 -0.023467667206607173
0 11.51040267944336 13 14 0.03193966664151627
-1 0.0 0 0 0.02805640497803688
5 1.1592159271240234 15 16 0.008125070555419287
-1 0.0 0 0 -0.017124576845339367
5 1.1953331232070923 17 18 0.03590374031342129
-1 0.0 0 0 0.030773820872268372
2 11.394479751586914 19 28 -0.007310970049076833
1 11.015641212463379 20 27 0.04970714170768689
5 1.257466435432434 21 22 -0.023512055806349963
-1 0.0 0 0 -0.0240184298938229
7 0.01749999960884452 23 24 0.029396282632829795
-1 0.0 0 0 0.017930805912968053
4 0.6368482112884521 25 26 -0.06394501216709614
-1 0.0 0 0 -0.019297762533589717
-1 0.0 0 0 0.011787367002530531
-1 0.0 0 0 0.026144914532936103
-1 0.0 0 0 -0.016830328559758616
nodes 29
5 2.0090184211730957 1 2 0.0
-1 0.0 0 0 -7.149586515551532e-05
1 10.388257026672363 3 14 0.005796321819204158
6 0.9167382121086121 4 11 0.003686616129171738
4 1.0834161043167114 5 8 0.032209385607318584
3 0.3899184465408325 6 7 0.02476184677869913
-1 0.0 0 0 0.003985330984290668
-1 0.0 0 0 -0.012286756741402506
0 10.463560104370117 9 10 0.2636672099869625
-1 0.0 0 0 0.0032530321981068012
-1 0.0 0 0 0.052369620899359384
6 0.9194727540016174 12 13 -0.0021829751747588586
-1 0.0 0 0 -0.029289470249204898
-1 0.0 0 0 -6.389826928005652e-05
6 0.8898993730545044 15 18 0.07987558462012273
2 11.341496467590332 16 17 -0.08528841238829397
-1 0.0 0 0 0.008440947838318653
-1 0.0 0 0 -0.03730370097834131
7 0.1875 19 26 0.1284071856368139
0 11.520318031311035 20 25 0.2405753956544538
0 11.420974731445312 21 24 0.16475079825354946
0 11.325282096862793 22 23 0.3087644860028259
-1 0.0 0 0 0.012922474814235772
-1 0.0 0 0 0.05930357376152339
-1 0.0 0 0 -0.015413665319127696
-1 0.0 0 0 0.041555523581038686
2 11.229341506958008 27 28 -0.04805255939093668
-1 0.0 0 0 -0.03354414441501317
-1 0.0 0 0 0.006398039568468171
nodes 29
6 1.0261151790618896 1 16 0.0
0 9.886900901794434 2 13 -0.0007781697414515038
3 0.6539959907531738 3 4 -0.04015050793424869
-1 0.0 0 0 -0.010614589689270275
4 0.8599048256874084 5 6 -0.011677025654060333
-1 0.0 0 0 0.02391590063388531
2 10.29021167755127 7 8 -0.020157827776057406
-1 0.0 0 0 -0.004355450017912797
2 10.6986722946167 9 12 0.08052854173784627
7 0.4025000035762787 10 11 0.21212455318619808
-1 0.0 0 0 0.007890368514817279
-1 0.0 0 0 0.05330657352778045
-1 0.0 0 0 -0.006046718481395926
7 0.7175000011920929 14 15 -0.00019915728570019927
-1 0.0 0 0 -2.877080483689735e-05
-1 0.0 0 0 0.024443813722297952
5 1.1825212240219116 17 28 0.005423152802571045
5 1.154888391494751 18 23 0.04530383183796554
3 0.9113619327545166 19 20 -0.0002686167676629274
-1 0.0 0 0 -0.00653989766751017
0 9.926911354064941 21 22 0.10625299990338177
-1 0.0 0 0 -0.021601156324946455
-1 0.0 0 0 0.015476594489413284
7 0.5525000095367432 24 27 0.11495928173925132
0 11.124656677246094 25 26 0.09122761109607665
-1 0.0 0 0 0.011767853831555933
-1 0.0 0 0 -0.014456351154616902
-1 0.0 0 0 0.048927245052023366
-1 0.0 0 0 0.00018225457249609173
nodes 29
7 0.7425000071525574 1 20 0.0
8 18.5 2 3 0.00010786729597744679
-1 0.0 0 0 0.011281290774963596
4 2.4738399982452393 4 5 6.128247877398189e-05
-1 0.0 0 0 2.426929805156816e-05
3 0.8927538394927979 6 9 -0.053351836636348966
1 9.12336540222168 7 8 0.09094888004862393
-1 0.0 0 0 -0.021570982268080116
-1 0.0 0 0 0.04242735569284339
2 10.71900749206543 10 13 -0.08051432448293211
2 10.476019859313965 11 12 -0.004326401005248324
-1 0.0 0 0 -0.009092371383294778
-1 0.0 0 0 0.01486007684564337
7 0.10749999806284904 14 15 -0.15974976489972323
-1 0.0 0 0 0.011375936385817253
6 1.0434638261795044 16 19 -0.23158044517957466
6 1.0233782529830933 17 18 -0.2852331185758767
-1 0.0 0 0 -0.019345395418349655
-1 0.0 0 0 -0.051468102955682715
-1 0.0 0 0 -0.004379608829251745
0 10.80944538116455 21 28 -0.04110570534323144
6 1.0374623537063599 22 23 0.0016727457645975285
-1 0.0 0 0 0.04102867907723007
0 10.403474807739258 24 27 -0.04885479743527975
8 19.5 25 26 -0.028233179446844194
-1 0.0 0 0 -0.01910472383722663
-1 0.0 0 0 6.345614973795832e-05
-1 0.0 0 0 -0.022001422673929485
-1 0.0 0 0 -0.0384978639248472
nodes 29
8 73.5 1 26 0.0
0 11.690946578979492 2 3 -5.6209663157612866e-05
-1 0.0 0 0 2.4424362745611837e-05
4 0.6054747104644775 4 9 -0.019693898961725357
7 0.01749999960884452 5 8 -0.08134505858652906
6 0.8551850318908691 6 7 0.0909441983870541
-1 0.0 0 0 -0.009195958255705508
-1 0.0 0 0 0.024570893610899265
-1 0.0 0 0 -0.01265356833664853
7 0.3075000047683716 10 25 -0.006989690332528516
5 1.0884571075439453 11 12 -0.015464411518882415
-1 0.0 0 0 -0.023246101403076733
6 0.9302852153778076 13 14 -0.009694321423599626
-1 0.0 0 0 -0.004627796777121384
6 0.9409682750701904 15 16 0.023257374474341688
-1 0.0 0 0 0.02518234269308119
7 0.2574999928474426 17 24 -0.0034701074661326503
7 0.03249999973922968 18 23 0.010230709305934367
4 0.6657834053039551 19 20 -0.08312449967789073
-1 0.0 0 0 -0.031157198086704897
3 0.5751239657402039 21 22 -0.031101805941745785
-1 0.0 0 0 0.020527015590951558
-1 0.0 0 0 -0.00931494459277019
-1 0.0 0 0 0.004417805802732532
-1 0.0 0 0 -0.02089823590471379
-1 0.0 0 0 0.022203964972868563
7 0.03249999973922968 27 28 0.07308813094910559
-1 0.0 0 0 -0.000866845743056681
-1 0.0 0 0 0.017330588444676852
nodes 29
8 52.5 1 2 0.0
-1 0.0 0 0 -4.979469224238231e-05
5 1.156363844871521 3 20 0.00844756339501007
2 11.12183666229248 4 11 -0.04343467521432672
5 1.1459461450576782 5 8 0.0356391700246722
7 0.07750000059604645 6 7 0.08852640788765731
-1 0.0 0 0 0.002558659853724142
-1 0.0 0 0 0.023502423999638394
5 1.1506091356277466 9 10 -0.1533837356708116
-1 0.0 0 0 -0.04931311970576644
-1 0.0 0 0 0.00801926440326497
2 11.165323257446289 12 13 -0.11550567069046226
-1 0.0 0 0 -0.045521832445436824
8 54.5 14 19 -0.07636182581231672
6 0.9508652687072754 15 18 0.05038903431071864
4 0.7836660146713257 16 17 -0.1452395860105753
-1 0.0 0 0 0.00897901525720954
-1 0.0 0 0 -0.03589029847220941
-1 0.0 0 0 0.02851433786962714
-1 0.0 0 0 -0.013515589948384518
3 0.6353215575218201 21 22 0.014446447234214637
-1 0.0 0 0 0.0006884046931770615
4 0.8188254833221436 23 24 0.0637289351112156
-1 0.0 0 0 0.014872747071300789
6 0.9573261141777039 25 26 -0.003860261873342097
-1 0.0 0 0 0.005162123323668941
7 0.08249999955296516 27 28 -0.20421010532623363
-1 0.0 0 0 -0.036551427618577714
-1 0.0 0 0 0.0009127669036388397
nodes 29
7 0.8224999904632568 1 28 0.0
6 1.0261151790618896 2 17 3.6993775285051235e-05
6 1.024679183959961 3 4 -0.0007378655656464877
-1 0.0 0 0 -4.294931897034425e-05
7 0.3174999952316284 5 12 -0.06921580629849897
2 11.071812629699707 6 11 0.005850825898753942
2 10.869501113891602 7 10 0.04775390110962356
5 1.257466435432434 8 9 -0.01655748718941679
-1 0.0 0 0 0.013578882745395489
-1 0.0 0 0 -0.009200518586994371
-1 0.0 0 0 0.03447211941375452
-1 0.0 0 0 -0.020476726266114336
2 10.977960586547852 13 16 -0.2089740077063926
2 10.230378150939941 14 15 -0.13972841938026248
-1 0.0 0 0 -0.04300895248140608
-1 0.0 0 0 -0.006254382173330346
-1 0.0 0 0 -0.0510041783037393
5 1.096787452697754 18 23 0.0054498412602728245
6 1.0568609237670898 19 22 0.13203902886145644
7 0.1525000035762787 20 21 0.23797567380735507
-1 0.0 0 0 0.0009492761414983998
-1 0.0 0 0 0.03630972686888916
-1 0.0 0 0 -0.014339624799787998
8 32.5 24 27 0.0044280451271691
1 10.222668647766113 25 26 -0.00757190512338989
-1 0.0 0 0 0.00032868719280935163
-1 0.0 0 0 -0.0034970586317828282
-1 0.0 0 0 0.001663642585068877
-1 0.0 0 0 -0.011068313717842101
nodes 29
4 0.9790342450141907 1 4 0.0
3 0.8829085826873779 2 3 -0.0014175367427155807
-1 0.0 0 0 -0.00017037112894836707
-1 0.0 0 0 0.009407828055874824
4 0.9806416034698486 5 28 0.002990657565794821
7 0.4074999988079071 6 27 0.07873070466651373
0 11.359121322631836 7 26 0.10691385582304562
3 0.8437965512275696 8 23 0.13238074411231193
6 1.0002985000610352 9 20 0.09121859415572844
6 0.998949408531189 10 19 0.04997903434792533
3 0.8092082738876343 11 16 0.09123149658394554
1 10.212919235229492 12 13 0.15953755932016753
-1 0.0 0 0 -0.004789174845375653
7 0.07250000163912773 14 15 0.21820443424612584
-1 0.0 0 0 0.03411819362504916
-1 0.0 0 0 0.006448255674066869
8 35.5 17 18 -0.0858066660180992
-1 0.0 0 0 0.02095667354296893
-1 0.0 0 0 -0.028951246012002232
-1 0.0 0 0 -0.02525390220495562
6 1.0207808017730713 21 22 0.2875974503833623
-1 0.0 0 0 0.054679429605603215
-1 0.0 0 0 0.0051963954317298805
8 34.5 24 25 0.281055972313703
-1 0.0 0 0 0.009208633294650192
-1 0.0 0 0 0.042526964446235646
-1 0.0 0 0 -0.028654956824611874
-1 0.0 0 0 -0.030761332577094437
-1 0.0 0 0 0.00020532018636014915
nodes 29
6 1.1384437084197998 1 26 0.0
6 1.087129831314087 2 9 0.00028656673420581245
7 0.7925000190734863 3 8 -0.00024155962143470257
7 0.762499988079071 4 7 -0.0003031396201191374
7 0.7475000023841858 5 6 -0.0002340579262657196
-1 0.0 0 0 -3.0259484638545884e-05
-1 0.0 0 0 0.029517720201984052
-1 0.0 0 0 -0.027105627837061715
-1 0.0 0 0 0.026531294770538807
1 10.394947052001953 10 15 0.02615816032991297
8 43.5 11 12 0.03997124782672552
-1 0.0 0 0 0.003341697043797418
8 45.5 13 14 0.15548074816024918
-1 0.0 0 0 0.04408511106581004
-1 0.0 0 0 0.005582760570068208
7 0.5274999737739563 16 25 -0.096685196453538
6 1.1231882572174072 17 24 -0.009940323099520402
3 0.8621444702148438 18 23 0.041495087986984175
2 11.117969512939453 19 22 -0.029199036007577724
2 10.998894691467285 20 21 0.03313128640254338
-1 0.0 0 0 -0.007397703567726745
-1 0.0 0 0 0.03085526860363427
-1 0.0 0 0 -0.022398129353920618
-1 0.0 0 0 0.03914310017600656
-1 0.0 0 0 -0.028815913761288604
-1 0.0 0 0 -0.04272534976134429
1 10.42240047454834 27 28 -0.014332897963150902
-1 0.0 0 0 -0.0007289811871174785
-1 0.0 0 0 -0.030962716606332038
nodes 29
2 11.10001277923584 1 26 0.0
1 10.955235481262207 2 3 -0.0012504770371418218
-1 0.0 0 0 -6.687791008003435e-05
6 1.0063892602920532 4 23 -0.07991743664381273
4 0.993049144744873 5 20 -0.0507087723514455
4 0.8877823948860168 6 15 -0.0938772562945572
7 0.12249999865889549 7 14 -0.0047522516830710414
0 11.364251136779785 8 13 0.05377167721064679
6 0.9701082706451416 9 12 0.12129211575568964
6 0.9368992447853088 10 11 0.0017368074256443866
-1 0.0 0 0 0.017436657361341295
-1 0.0 0 0 -0.01708929587621242
-1 0.0 0 0 0.030062507825075753
-1 0.0 0 0 -0.0210438734487347
-1 0.0 0 0 -0.0259106250336537
4 0.9234775900840759 16 17 -0.17082368884733098
-1 0.0 0 0 -0.03466344191027539
0 11.097925186157227 18 19 -0.07705796604443874
-1 0.0 0 0 -0.035974592510610824
-1 0.0 0 0 -0.0010543152147575337
0 11.052887916564941 21 22 0.048910805978812276
-1 0.0 0 0 -0.007843661809769961
-1 0.0 0 0 0.017625823005532417
5 1.1064398288726807 24 25 -0.3720040795674851
-1 0.0 0 0 -0.013467601779848338
-1 0.0 0 0 -0.062063347761120116
7 0.6574999988079071 27 28 0.003178978137466426
-1 0.0 0 0 0.00035257045587112304
-1 0.0 0 0 -0.02008654890625283
nodes 29
5 1.1506091356277466 1 28 0.0
6 1.0540072917938232 2 21 0.005231866697319316
7 0.4724999964237213 3 14 0.00677163756318991
7 0.4424999952316284 4 13 0.005264691164311624
6 1.048201560974121 5 12 0.0060914936893485
0 11.841753959655762 6 11 0.005300250128728408
7 0.2475000023841858 7 8 0.0060239695556842865
-1 0.0 0 0 0.0002488483327883956
8 45.5 9 10 0.041176296441743254
-1 0.0 0 0 0.002988703240432165
-1 0.0 0 0 0.027407872190941936
-1 0.0 0 0 -0.019169617788866163
-1 0.0 0 0 0.022225923445075752
-1 0.0 0 0 -0.026953440261158076
2 10.409582138061523 15 16 0.16027087213781974
-1 0.0 0 0 0.04271149899324645
0 10.960844039916992 17 18 0.08806599320515114
-1 0.0 0 0 -0.008522309617114228
4 1.035035490989685 19 20 0.2216429995993773
-1 0.0 0 0 0.04003170783010622
-1 0.0 0 0 0.004296892089769244
7 0.24249999970197678 22 25 -0.1023487279502054
3 0.9197246432304382 23 24 0.04515159765752145
-1 0.0 0 0 -0.008905151249810813
-1 0.0 0 0 0.044137030383128495
0 10.702142715454102 26 27 -0.2634346098639071
-1 0.0 0 0 -0.015458507208084619
-1 0.0 0 0 -0.0530610748058693
-1 0.0 0 0 -7.507982254366673e-05
nodes 29
2 11.606361389160156 1 4 0.0
0 11.621062278747559 2 3 -0.00012481837313463775
-1 0.0 0 0 2.881286800685719e-05
-1 0.0 0 0 -0.00169941982503396
3 0.6684996485710144 5 10 0.03171378205727458
5 1.3644092082977295 6 9 0.17778461966214767
4 0.8022487759590149 7 8 0.29905524649018167
-1 0.0 0 0 0.015187465357443981
-1 0.0 0 0 0.05271851655095816
-1 0.0 0 0 -0.0015490441845031457
3 0.813481330871582 11 22 -0.01335640203642233
5 1.136361002922058 12 13 -0.10017712257280381
-1 0.0 0 0 -0.03751985576275426
7 0.1525000035762787 14 21 -0.0390612481161952
6 0.9596304893493652 15 20 -0.0021306406949525296
7 0.05250000022351742 16 19 -0.09959764625006295
7 0.012499999720603228 17 18 -0.0044013891877098515
-1 0.0 0 0 -0.01706842147158804
-1 0.0 0 0 0.015594276400016888
-1 0.0 0 0 -0.03375882889059457
-1 0.0 0 0 0.0195368291614087
-1 0.0 0 0 -0.025141224078834058
7 0.027499999850988388 23 24 0.12438801035302906
-1 0.0 0 0 -0.009848845905910892
4 0.9624576568603516 25 26 0.1986801668237417
-1 0.0 0 0 0.037681518569588665
5 1.156363844871521 27 28 0.13725429824714003
-1 0.0 0 0 0.00020349893499823182
-1 0.0 0 0 0.032881498585144685
nodes 29
8 52.5 1 2 0.0
-1 0.0 0 0 -4.746452909642487e-05
3 0.7128023505210876 3 24 0.008052255469594326
6 0.9081921577453613 4 7 0.011742976469115183
3 0.699894905090332 5 6 -0.008694963677662069
-1 0.0 0 0 -0.0011529317196814796
-1 0.0 0 0 0.02566545134011124
4 0.7858985066413879 8 9 0.026456812364639242
-1 0.0 0 0 0.001689967533055693
6 0.9549488425254822 10 21 0.08139282499820286
3 0.5350828170776367 11 12 0.15521295715264882
-1 0.0 0 0 0.04047216618883199
6 0.9291692972183228 13 14 0.12042568581931007
-1 0.0 0 0 0.00010126354275168955
8 55.5 15 20 0.21330250279070476
4 0.8287936449050903 16 19 0.3072146252740788
2 11.256457328796387 17 18 0.18778357408940793
-1 0.0 0 0 0.0016642079784952362
-1 0.0 0 0 0.042412182812889415
-1 0.0 0 0 0.05131302307648905
-1 0.0 0 0 0.00180641428910588
4 0.8287936449050903 22 23 -0.020324450121586058
-1 0.0 0 0 0.005296540293401402
-1 0.0 0 0 -0.016437691992052413
5 1.2373842000961304 25 28 -0.06174795403130412
5 1.0835062265396118 26 27 -0.08894817454345914
-1 0.0 0 0 0.01839745627483353
-1 0.0 0 0 -0.011506518289674092
-1 0.0 0 0 0.022138161402703686
nodes 29
8 17.5 1 2 0.0
-1 0.0 0 0 0.012473125747320327
8 19.5 3 8 -3.0569292196189626e-05
7 0.6424999833106995 4 7 -0.09471533210238531
1 9.565774917602539 5 6 -0.19349690428319968
-1 0.0 0 0 -0.004833745227993599
-1 0.0 0 0 -0.035607549052685504
-1 0.0 0 0 0.007416929130352312
5 7.1811418533325195 9 24 5.8116509592975264e-05
5 6.23466682434082 10 11 0.0003145791436616336
-1 0.0 0 0 7.418140303854824e-06
8 49.5 12 23 0.06113176342759703
6 0.8880199193954468 13 14 0.03332223979673743
-1 0.0 0 0 0.02989090116073688
8 38.5 15 18 0.007246447655329989
2 10.857536315917969 16 17 0.08844580069599033
-1 0.0 0 0 0.001217570781998802
-1 0.0 0 0 0.02155626221559942
4 0.8207140564918518 19 22 -0.10572656527080614
2 10.76658821105957 20 21 0.023525303710133783
-1 0.0 0 0 0.02753133922815323
-1 0.0 0 0 -0.01653157627184151
-1 0.0 0 0 -0.02623201757669449
-1 0.0 0 0 0.023982274505567364
0 11.575533866882324 25 28 -0.021779639827083246
2 11.246965408325195 26 27 -0.0280131182866852
-1 0.0 0 0 -0.00197262890135837
-1 0.0 0 0 -0.021999132978020326
-1 0.0 0 0 0.02215657692689162
nodes 29
7 0.8224999904632568 1 28 0.0
4 0.733380138874054 2 3 3.651307922685294e-05
-1 0.0 0 0 -0.0005544433410846348
3 0.415852814912796 4 27 0.0007529868875469133
0 11.621062278747559 5 24 0.013993099910597759
2 11.334516525268555 6 21 0.015860366770945235
4 1.5275986194610596 7 18 0.01263785249569044
8 52.5 8 15 0.014685373653189983
0 11.359121322631836 9 10 0.011586641490870271
-1 0.0 0 0 0.0017252219492166548
8 36.5 11 12 -0.07029199746812319
-1 0.0 0 0 -0.046789259026543455
8 48.5 13 14 -0.04149641136023992
-1 0.0 0 0 0.0005680277190992534
-1 0.0 0 0 -0.01867791681486944
4 0.8224447965621948 16 17 0.12002456013113261
-1 0.0 0 0 0.002915686993351714
-1 0.0 0 0 0.039896723701683595
6 1.0338811874389648 19 20 -0.15912953885399725
-1 0.0 0 0 -0.03600111793288413
-1 0.0 0 0 0.0015998045149712991
0 11.485647201538086 22 23 0.17561973448097706
-1 0.0 0 0 0.00046777088405951017
-1 0.0 0 0 0.030145205891070267
6 0.9596304893493652 25 26 -0.18953898786727724
-1 0.0 0 0 -0.047504013613797726
-1 0.0 0 0 0.01618470407735843
-1 0.0 0 0 -4.0153735987763355e-05
-1 0.0 0 0 -0.010924481740221382
nodes 29
5 1.4090337753295898 1 28 0.0
6 0.7243663668632507 2 11 0.0013089673808871216
4 1.0103446245193481 3 10 0.1324926781943878
4 0.9148697853088379 4 9 0.18796933629605286
4 0.8540255427360535 5 8 0.07835525074878182
3 0.5696649551391602 6 7 0.23275469929318537
-1 0.0 0 0 0.010111246037163906
-1 0.0 0 0 0.04631286174058914
-1 0.0 0 0 -0.02908608218574006
-1 0.0 0 0 0.04017168031132315
-1 0.0 0 0 -0.019481960460543634
6 1.1384437084197998 12 27 0.0010227121692830752
7 0.5625 13 14 0.0013531168677056022
-1 0.0 0 0 8.427377171795047e-05
2 10.021404266357422 15 18 0.07997539078729603
7 0.5925000011920929 16 17 0.25259700171383365
-1 0.0 0 0 -0.005900609913852908
-1 0.0 0 0 0.04348554191935175
7 0.5824999809265137 19 20 0.034943666197764484
-1 0.0 0 0 0.01930560069105149
7 0.7024999856948853 21 26 -0.023591540789509074
5 1.233278751373291 22 25 -0.06482140253354826
5 1.1940773725509644 23 24 -0.2726557763858831
-1 0.0 0 0 -0.006237298892810941
-1 0.0 0 0 -0.051528976191408365
-1 0.0 0 0 0.0009310603426520233
-1 0.0 0 0 0.037558848427777944
-1 0.0 0 0 -0.006996242558156895
-1 0.0 0 0 -0.0003141561358485302
nodes 29
8 62.5 1 2 0.0
-1 0.0 0 0 -1.5644104668629817e-05
3 0.6131575703620911 3 28 0.02393708458848419
3 0.5639815330505371 4 27 0.014842033062391782
2 11.47192668914795 5 26 0.02774426632673866
1 11.037338256835938 6 25 0.0358888753645764
5 1.317460298538208 7 8 0.020696468489270786
-1 0.0 0 0 -0.0053217066225455445
5 1.3617889881134033 9 12 0.054846392756201255
0 11.530608177185059 10 11 0.24158580827972162
-1 0.0 0 0 0.04162889702245593
-1 0.0 0 0 0.01071987606298465
2 10.6986722946167 13 14 0.023031529370712598
-1 0.0 0 0 -0.007352335200138282
0 11.664985656738281 15 22 0.05553515280290313
7 0.08249999955296516 16 21 0.11777232334109294
2 11.132426261901855 17 20 0.06506136303209792
2 11.044504165649414 18 19 0.010296172631287974
-1 0.0 0 0 0.00924216407048516
-1 0.0 0 0 -0.01852406561152921
-1 0.0 0 0 0.02594777889549732
-1 0.0 0 0 0.030226068442257555
8 72.5 23 24 -0.03013248193789931
-1 0.0 0 0 -0.011062772092051231
-1 0.0 0 0 0.023147704475559295
-1 0.0 0 0 0.021136117477435618
-1 0.0 0 0 -0.016695067353014435
-1 0.0 0 0 -0.017259874463909204
-1 0.0 0 0 0.023577599305038652
nodes 29
6 0.9466264247894287 1 28 0.0
5 8.630108833312988 2 27 -0.0028107281281741663
5 1.2225462198257446 3 26 -0.0023247773289397553
6 0.8236503005027771 4 9 0.006930016882192435
4 0.901959240436554 5 6 0.13963409855030476
-1 0.0 0 0 -0.001833330333632018
7 0.01749999960884452 7 8 0.2778555752011016
-1 0.0 0 0 0.04739306025928067
-1 0.0 0 0 0.01538081088920637
8 46.5 10 11 0.004820254057580156
-1 0.0 0 0 -0.00031576382826371493
8 50.5 12 23 0.030236955430739194
6 0.9167382121086121 13 20 0.06843269403490172
6 0.9067343473434448 14 19 0.0263926086192447
0 11.06057357788086 15 16 0.05415846730443527
-1 0.0 0 0 0.021117982927423257
4 0.849364697933197 17 18 0.014713487485935461
-1 0.0 0 0 -0.006688270151857881
-1 0.0 0 0 0.012183697584381733
-1 0.0 0 0 -0.009346334803849459
6 0.9219767451286316 21 22 0.12803619291309992
-1 0.0 0 0 0.0329192950052467
-1 0.0 0 0 0.009944538479176855
7 0.03249999973922968 24 25 -0.005403665153590857
-1 0.0 0 0 -0.006161113940179349
-1 0.0 0 0 0.005521223844741198
-1 0.0 0 0 -0.0007043245547753694
-1 0.0 0 0 -0.01042350916301503
-1 0.0 0 0 0.00013084496713156187
nodes 29
7 0.7325000166893005 1 16 0.0
7 0.7275000214576721 2 15 0.00010604321427528526
7 0.7124999761581421 3 10 4.9768650403665796e-05
8 18.5 4 5 0.00011347259146035949
-1 0.0 0 0 0.01108652400118964
8 19.5 6 9 7.010369618495939e-05
4 1.7784686088562012 7 8 -0.14869439499111983
-1 0.0 0 0 0.009119717658142604
-1 0.0 0 0 -0.0400580545142293
-1 0.0 0 0 1.3837560930442006e-05
5 1.681947946548462 11 12 -0.08625459331299433
-1 0.0 0 0 -0.027401109554127535
4 1.1989192962646484 13 14 0.007623657801146196
-1 0.0 0 0 0.011362570804776624
-1 0.0 0 0 -0.008071138407103717
-1 0.0 0 0 0.016254166417544888
0 10.80944538116455 17 28 -0.034391832204309525
6 1.0374623537063599 18 19 -0.0011803528404703773
-1 0.0 0 0 0.0288395395369402
0 10.427475929260254 20 27 -0.038373568206876006
8 19.5 21 22 -0.017152214967884504
-1 0.0 0 0 -0.017785071954131128
1 9.326967239379883 23 26 0.0064799180576194295
6 1.1384437084197998 24 25 -0.020333580658736087
-1 0.0 0 0 -0.014445772528863296
-1 0.0 0 0 0.0009827426447594
-1 0.0 0 0 0.010286357560560008
-1 0.0 0 0 -0.02182937369722387
-1 0.0 0 0 -0.03067259629877905
nodes 29
0 11.408531188964844 1 2 0.0
-1 0.0 0 0 6.915250910969114e-05
6 1.0002985000610352 3 4 -0.005186601905239364
-1 0.0 0 0 -0.00017010393894356196
5 1.2965017557144165 5 18 -0.05399933037584891
7 0.38749998807907104 6 17 -0.11800805364064745
7 0.16750000417232513 7 8 -0.0943959852065474
-1 0.0 0 0 -0.018358026164464823
7 0.22749999910593033 9 12 -0.006532957308270313
6 1.017680287361145 10 11 0.1732397996475575
-1 0.0 0 0 0.0006404598389053717
-1 0.0 0 0 0.04159091832962903
7 0.26749999821186066 13 14 -0.12638146194548885
-1 0.0 0 0 -0.03688307315266381
2 11.357837677001953 15 16 -0.024297558963952356
-1 0.0 0 0 -0.018816545395360842
-1 0.0 0 0 0.01710833927544837
-1 0.0 0 0 -0.037112942725420005
2 11.427400588989258 19 26 -0.008367807464447517
2 11.314925193786621 20 21 -0.036724342379911526
-1 0.0 0 0 0.0013732747161197653
6 1.0275887250900269 22 25 -0.2558737909838335
7 0.19749999791383743 23 24 -0.373578287830407
-1 0.0 0 0 -0.019341509634008013
-1 0.0 0 0 -0.05897741176187992
-1 0.0 0 0 -0.0030699970929518993
1 11.060510635375977 27 28 0.18317256045510183
-1 0.0 0 0 0.03988954907371885
-1 0.0 0 0 0.004160438745748252
nodes 29
4 1.0628851652145386 1 28 0.0
4 1.0002107620239258 2 3 0.0007980810544102095
-1 0.0 0 0 -0.00010677619197790678
0 10.599729537963867 4 5 0.01450463895098601
-1 0.0 0 0 -0.0014045896379746977
0 10.66122817993164 6 7 0.023616949578878457
-1 0.0 0 0 0.011770600551479403
8 33.5 8 23 0.018197007008964393
5 1.268049716949463 9 20 0.0432830994206843
1 11.042889595031738 10 15 0.016570933859640202
6 1.0338811874389648 11 14 -0.013933086830051268
6 1.0166220664978027 12 13 0.0008813061719638466
-1 0.0 0 0 -0.0022343419640846788
-1 0.0 0 0 0.021813805945725604
-1 0.0 0 0 -0.026207416961380448
6 0.9938488602638245 16 19 0.09095144491511012
7 0.06249999813735485 17 18 0.0024311262090561977
-1 0.0 0 0 0.010805245289622352
-1 0.0 0 0 -0.01298518945933184
-1 0.0 0 0 0.016903780970524133
2 10.7036714553833 21 22 0.08785575215097553
-1 0.0 0 0 -0.034302338709433874
-1 0.0 0 0 0.009691327159457072
0 10.952699661254883 24 27 0.00041462587753168616
6 1.017680287361145 25 26 0.04222222265012813
-1 0.0 0 0 0.005847986964907386
-1 0.0 0 0 -0.013192500511335359
-1 0.0 0 0 -0.00209829630218287
-1 0.0 0 0 -0.0004557531905342335
nodes 29
8 36.5 1 28 0.0
8 35.5 2 9 -0.0024383382785525187
2 11.030152320861816 3 4 -7.325663591986508e-05
-1 0.0 0 0 -0.0005470652397130115
1 10.834745407104492 5 6 0.014485567196672279
-1 0.0 0 0 0.00459842294739418
5 1.1168739795684814 7 8 0.0053372181527154994
-1 0.0 0 0 0.006188872411115631
-1 0.0 0 0 -0.00018952060646135714
0 10.948294639587402 10 11 -0.018789390521853213
-1 0.0 0 0 0.0009215621356974523
6 1.0393445491790771 12 25 -0.048090460119211094
2 11.129040718078613 13 20 -0.05429030624346277
5 1.4204657077789307 14 15 -0.08701286589395113
-1 0.0 0 0 -0.011960119184495353
1 10.66122817993164 16 19 0.013756709387162634
6 1.0187747478485107 17 18 -0.021741649054141866
-1 0.0 0 0 -0.005242769920197024
-1 0.0 0 0 0.03449566502124071
-1 0.0 0 0 0.04134990935740264
2 11.147195816040039 21 24 -0.01606982665169802
2 11.139496803283691 22 23 0.1702444186966334
-1 0.0 0 0 0.0004350348437825839
-1 0.0 0 0 0.046885374516248704
-1 0.0 0 0 -0.003027679525124399
3 0.5779260396957397 26 27 0.16610422372187097
-1 0.0 0 0 -0.004342702429686838
-1 0.0 0 0 0.042053502488748305
-1 0.0 0 0 0.0001608641650349162
nodes 29
7 0.1525000035762787 1 28 0.0
6 1.014758825302124 2 19 0.0014460378337251033
6 1.0094709396362305 3 6 -0.00011252679763078754
3 0.9342146515846252 4 5 0.0006286037588001362
-1 0.0 0 0 0.0002124472615748249
-1 0.0 0 0 -0.002230464213012772
7 0.027499999850988388 7 8 -0.05946736832691652
-1 0.0 0 0 0.02060886489020454
1 10.582636833190918 9 14 -0.07488674997246915
5 1.190376877784729 10 13 -0.022238732847873182
3 0.8736647367477417 11 12 0.1510313233922956
-1 0.0 0 0 -0.003430633153766394
-1 0.0 0 0 0.03586094969138503
-1 0.0 0 0 -0.005084718450123439
2 10.888818740844727 15 16 -0.154928857308237
-1 0.0 0 0 -0.04116400841623545
7 0.13750000298023224 17 18 -0.11927452024516512
-1 0.0 0 0 -0.01585210472859098
-1 0.0 0 0 0.010639301023911685
3 0.9552105665206909 20 23 0.02881636745924967
6 1.0166220664978027 21 22 0.020518264042001993
-1 0.0 0 0 0.01179803385579538
-1 0.0 0 0 0.0013434268004500222
7 0.08750000223517418 24 27 0.10902162760130907
5 1.1891112327575684 25 26 0.21175661592981973
-1 0.0 0 0 0.052006580320096786
-1 0.0 0 0 0.010436802261065577
-1 0.0 0 0 0.0033849684921911033
-1 0.0 0 0 -0.00024220684582995224
nodes 29
3 0.9830561876296997 1 2 0.0
-1 0.0 0 0 -4.111199338220555e-05
2 11.394479751586914 3 24 0.009119899693612354
0 11.040855407714844 4 15 0.005606970915094644
6 1.0715585947036743 5 12 0.016170617327903876
1 8.451053619384766 6 7 0.022089763921836952
-1 0.0 0 0 -0.02275880593061447
7 0.6424999833106995 8 11 0.02413630345649254
7 0.5874999761581421 9 10 0.020973576139342698
-1 0.0 0 0 0.002326774844491291
-1 0.0 0 0 -0.026551119051873684
-1 0.0 0 0 0.03536052422533775
0 10.267922401428223 13 14 -0.0451134761951406
-1 0.0 0 0 -0.0015113357078960343
-1 0.0 0 0 -0.021311414324575003
2 11.266155242919922 16 19 -0.08813149146383359
2 11.251626014709473 17 18 -0.16308197963305496
-1 0.0 0 0 -0.012083257433302977
-1 0.0 0 0 -0.03532043034831683
2 11.303265571594238 20 23 -0.030611349380477656
4 1.1310063600540161 21 22 0.13755999901029584
-1 0.0 0 0 0.04223203386139611
-1 0.0 0 0 0.0016273187697623617
-1 0.0 0 0 -0.012444608725069186
7 0.1574999988079071 25 28 0.11804972429690529
5 1.2590073347091675 26 27 0.028050489353270015
-1 0.0 0 0 -0.006587696105528337
-1 0.0 0 0 0.029349763181222524
-1 0.0 0 0 0.03580476841465993
nodes 29
7 0.03749999962747097 1 28 0.0
7 0.012499999720603228 2 3 -0.003285652325375892
-1 0.0 0 0 0.0005314729010897373
2 10.230378150939941 4 7 -0.009741361014425905
2 10.138045310974121 5 6 0.04393686076121382
-1 0.0 0 0 0.0005602872383774295
-1 0.0 0 0 0.015263389359461144
5 5.182197093963623 8 25 -0.012326607052856138
5 1.3759965896606445 9 22 -0.011039439760582729
3 0.8414328098297119 10 11 -0.018557748714510224
-1 0.0 0 0 -0.0027272169839375653
4 0.9592745900154114 12 15 0.01488777135802609
5 1.1143643856048584 13 14 0.1489465912597047
-1 0.0 0 0 0.006875108069933878
-1 0.0 0 0 0.03871744314537329
7 0.022499999962747097 16 17 0.004708952074152856
-1 0.0 0 0 0.004976864161099342
6 0.8186878561973572 18 19 -0.02801400692930029
-1 0.0 0 0 0.027886169210076334
2 10.429309844970703 20 21 -0.035647730785769535
-1 0.0 0 0 -0.029633200329595377
-1 0.0 0 0 -0.0026241597241587634
2 11.204346656799316 23 24 0.014401857997588745
-1 0.0 0 0 0.00012233812079117727
-1 0.0 0 0 0.008683652614797477
6 0.840942919254303 26 27 -0.14652778822118823
-1 0.0 0 0 0.013599331005278862
-1 0.0 0 0 -0.026022530338022765
-1 0.0 0 0 0.00010799827952531364
nodes 29
5 1.4090337753295898 1 28 0.0
6 0.7243663668632507 2 11 0.0012778944194509298
4 1.0103446245193481 3 10 0.11851162507968105
4 0.9148697853088379 4 9 0.1685984344774131
4 0.8540255427360535 5 8 0.07008965043589854
3 0.5696649551391602 6 7 0.2088839006017555
-1 0.0 0 0 0.009062334884490287
-1 0.0 0 0 0.04158398661762476
-1 0.0 0 0 -0.026180964343897675
-1 0.0 0 0 0.036069056335836645
-1 0.0 0 0 -0.017700055036693814
2 10.665531158447266 12 13 0.0010220793783214312
-1 0.0 0 0 0.0009148000068924259
6 0.9971184134483337 14 15 -0.0014765626947281637
-1 0.0 0 0 0.0003115023498551494
8 35.5 16 21 -0.015326430672563991
6 1.0434638261795044 17 18 -0.002121435606330692
-1 0.0 0 0 0.0005071207198175896
3 0.7719982266426086 19 20 -0.08062219154814732
-1 0.0 0 0 -0.022017198165922743
-1 0.0 0 0 -0.0021809437112305595
5 1.33902907371521 22 23 -0.03240090163501455
-1 0.0 0 0 -0.00447793061583442
2 10.91049575805664 24 25 0.04167199777320809
-1 0.0 0 0 -0.005343534829737244
7 0.38749998807907104 26 27 0.10409928660367725
-1 0.0 0 0 0.007592020596261415
-1 0.0 0 0 0.0431289722936021
-1 0.0 0 0 -0.00030669849131124494
end
