vecsearch-termination-model 1
kind gbdt
checkpoint 400
query_dim 0
bias 6.413396870724042
trees 200
nodes 29
6 1.0883328914642334 1 14 0.0
1 10.634002685546875 2 9 0.40178365507318786
6 1.0572528839111328 3 6 0.09293872912397659
1 10.35777473449707 4 5 0.23332898777962277
-1 0.0 0 0 0.009934971228327179
-1 0.0 0 0 0.03525198304250945
7 0.3700000047683716 7 8 -0.11581219737052577
-1 0.0 0 0 -0.0016654470756720314
-1 0.0 0 0 -0.033597180324325716
6 1.0540350675582886 10 13 0.6370715660476812
1 11.023844718933105 11 12 0.7451772818867957
-1 0.0 0 0 0.06508676533221078
-1 0.0 0 0 0.09872646869834767
-1 0.0 0 0 0.03364303643094808
7 0.5575000047683716 15 22 -0.8036210088090417
6 1.124305248260498 16 19 -0.48839606879521763
1 10.553414344787598 17 18 -0.2963261943672134
-1 0.0 0 0 -0.04234364885344494
-1 0.0 0 0 -0.009472526989938179
7 0.3499999940395355 20 21 -0.7312415387018146
-1 0.0 0 0 -0.052363966270648314
-1 0.0 0 0 -0.08995673841034348
7 0.7124999761581421 23 26 -1.4411381415818998
6 1.1334035396575928 24 25 -1.2072416590531774
-1 0.0 0 0 -0.08539008475451978
-1 0.0 0 0 -0.13529117071278637
7 0.8274999856948853 27 28 -1.852019768741209
-1 0.0 0 0 -0.17431354210973535
-1 0.0 0 0 -0.2341166883997551
nodes 29
6 1.09284245967865 1 14 0.0
1 10.704726219177246 2 9 0.3429548435795673
6 1.057763695716858 3 6 0.10110625111625697
1 10.377607345581055 4 5 0.244429226701709
-1 0.0 0 0 0.009454060390852287
-1 0.0 0 0 0.035087583158728196
1 10.253369331359863 7 8 -0.10508191984789407
-1 0.0 0 0 -0.028513014037258696
-1 0.0 0 0 0.0023906435532607055
6 1.0495835542678833 10 13 0.5979682094168128
1 11.029973983764648 11 12 0.7136137028496683
-1 0.0 0 0 0.06285169796116533
-1 0.0 0 0 0.09031304804806163
-1 0.0 0 0 0.03425813363955004
7 0.5350000262260437 15 22 -0.7640781399961198
6 1.1287670135498047 16 19 -0.44868464405333147
1 10.543418884277344 17 18 -0.2973364503440766
-1 0.0 0 0 -0.04033587021319106
-1 0.0 0 0 -0.012334610801413593
7 0.39500001072883606 20 21 -0.6505232681161821
-1 0.0 0 0 -0.05171788637199373
-1 0.0 0 0 -0.08362452507556488
7 0.6875 23 26 -1.2762467120794234
6 1.1447457075119019 24 25 -1.034630211676481
-1 0.0 0 0 -0.07912542463900014
-1 0.0 0 0 -0.1181250625500915
7 0.7900000214576721 27 28 -1.611776791390675
-1 0.0 0 0 -0.1467796382682168
-1 0.0 0 0 -0.1948597777601923
nodes 29
6 1.0883328914642334 1 16 0.0
1 10.787482261657715 2 11 0.32614579171709207
1 10.427298545837402 3 8 0.14473900106075557
7 0.4000000059604645 4 7 -0.021747655426500267
6 1.0507183074951172 5 6 0.05079859792703457
-1 0.0 0 0 0.015542044193647834
-1 0.0 0 0 -0.007198449730107866
-1 0.0 0 0 -0.030970858964490863
6 1.0518237352371216 9 10 0.27545908595209756
-1 0.0 0 0 0.03695180223290075
-1 0.0 0 0 0.012034085591180662
6 1.0412603616714478 12 15 0.5950961049380077
3 0.6326683759689331 13 14 0.7056174887353405
-1 0.0 0 0 0.04673887071183431
-1 0.0 0 0 0.07609870688377285
-1 0.0 0 0 0.04084618680706117
7 0.5975000262260437 17 24 -0.6523351753080877
7 0.42250001430511475 18 21 -0.42948612282944626
6 1.1215245723724365 19 20 -0.28778894221913665
-1 0.0 0 0 -0.01675814829924966
-1 0.0 0 0 -0.04615920839035144
6 1.1370936632156372 22 23 -0.6956108474971632
-1 0.0 0 0 -0.053210088526843904
-1 0.0 0 0 -0.0855995324718635
7 0.7524999976158142 25 28 -1.2473189177504496
6 1.1229112148284912 26 27 -1.0966562183140882
-1 0.0 0 0 -0.07060706375335435
-1 0.0 0 0 -0.11848397192092544
-1 0.0 0 0 -0.16253370762760183
nodes 29
6 1.1010961532592773 1 20 0.0
1 10.591974258422852 2 9 0.2534647926082478
6 1.069929599761963 3 6 0.0004028693438818743
2 10.458205223083496 4 5 0.11540562876353257
-1 0.0 0 0 -0.010516185967280944
-1 0.0 0 0 0.016453960288500637
7 0.4925000071525574 7 8 -0.21615311178693747
-1 0.0 0 0 -0.014421703721634897
-1 0.0 0 0 -0.05190292053879796
6 1.0600172281265259 10 17 0.43090196127751956
1 10.896553993225098 11 14 0.5237632136356353
4 0.6994354128837585 12 13 0.4028626267879507
-1 0.0 0 0 0.008362081410755218
-1 0.0 0 0 0.04295435143912223
3 0.6531385779380798 15 16 0.6542839790729826
-1 0.0 0 0 0.044266698227598975
-1 0.0 0 0 0.07120988828851156
1 11.000632286071777 18 19 0.159072266524027
-1 0.0 0 0 0.010294408565875464
-1 0.0 0 0 0.039391423744207836
7 0.5975000262260437 21 26 -0.6832751459452148
7 0.32499998807907104 22 23 -0.4636041751244838
-1 0.0 0 0 -0.02614230881201054
6 1.1468544006347656 24 25 -0.6111064308064988
-1 0.0 0 0 -0.04913226329046619
-1 0.0 0 0 -0.07476321906531534
7 0.7649999856948853 27 28 -1.1573395496324337
-1 0.0 0 0 -0.10340701352192903
-1 0.0 0 0 -0.15282398095706778
nodes 29
6 1.0862420797348022 1 16 0.0
1 10.739543914794922 2 9 0.27234174673573064
1 10.18610668182373 3 6 0.10646296906655829
7 0.4699999988079071 4 5 -0.09569905413439843
-1 0.0 0 0 -0.003183432726100277
-1 0.0 0 0 -0.041675739873810944
6 1.0501049757003784 7 8 0.17944452404495737
-1 0.0 0 0 0.026244572742789497
-1 0.0 0 0 0.00626457575819428
6 1.0468943119049072 10 15 0.46754129005864914
1 11.085705757141113 11 14 0.5447075678413311
4 0.7524082660675049 12 13 0.4879291790665578
-1 0.0 0 0 0.026162017912137722
-1 0.0 0 0 0.05289166520690595
-1 0.0 0 0 0.07276127847408169
-1 0.0 0 0 0.02983336370977582
7 0.5400000214576721 17 24 -0.516847239918356
6 1.1229112148284912 18 21 -0.2992346806081242
1 10.457344055175781 19 20 -0.17771033562743455
-1 0.0 0 0 -0.02873377667232347
-1 0.0 0 0 -0.005902749407917719
7 0.29499998688697815 22 23 -0.46366744681424243
-1 0.0 0 0 -0.030165949240281494
-1 0.0 0 0 -0.05564934657399624
6 1.1641894578933716 25 26 -0.9251839147547574
-1 0.0 0 0 -0.0658268580209019
7 0.7225000262260437 27 28 -1.1043837056902748
-1 0.0 0 0 -0.09372066239711019
-1 0.0 0 0 -0.13564503172318296
nodes 29
6 1.1028834581375122 1 18 0.0
1 10.538581848144531 2 9 0.20204914971245932
6 1.0648841857910156 3 6 -0.028840897442540897
2 10.422935485839844 4 5 0.0869391466757804
-1 0.0 0 0 -0.010211153659163107
-1 0.0 0 0 0.012639704790530684
7 0.3700000047683716 7 8 -0.1842129054739665
-1 0.0 0 0 -0.008791157553939928
-1 0.0 0 0 -0.03496497784151538
6 1.0670759677886963 10 17 0.33637364142292026
1 10.929529190063477 11 14 0.4028217499277464
4 0.7564791440963745 12 13 0.3159829118490107
-1 0.0 0 0 0.013760784402229996
-1 0.0 0 0 0.03517900007422377
3 0.6916592717170715 15 16 0.5404130944115249
-1 0.0 0 0 0.03896147129429788
-1 0.0 0 0 0.0612937626059466
-1 0.0 0 0 0.007646881706458776
7 0.6025000214576721 19 24 -0.5669555153521517
7 0.42500001192092896 20 23 -0.38780682028485325
6 1.1447457075119019 21 22 -0.26969762282674864
-1 0.0 0 0 -0.020412017430096987
-1 0.0 0 0 -0.04041078474823022
-1 0.0 0 0 -0.056829659512383404
7 0.7649999856948853 25 28 -0.9565454645228614
6 1.153445839881897 26 27 -0.8530886659612104
-1 0.0 0 0 -0.0664531062517631
-1 0.0 0 0 -0.09311391493538396
-1 0.0 0 0 -0.12553845686883844
nodes 29
6 1.0815815925598145 1 16 0.0
1 10.799758911132812 2 9 0.23560826001822865
1 10.148940086364746 3 6 0.11600641393852522
7 0.48750001192092896 4 5 -0.07572567797386795
-1 0.0 0 0 -0.002378520776349855
-1 0.0 0 0 -0.037789758816125694
6 1.0412603616714478 7 8 0.16698761620470934
-1 0.0 0 0 0.02417135502266482
-1 0.0 0 0 0.00861902364255934
4 0.7420048117637634 10 11 0.4152527080469025
-1 0.0 0 0 0.017417334632064237
1 11.102141380310059 12 15 0.44955808597111924
6 1.039546012878418 13 14 0.39807458397024204
-1 0.0 0 0 0.04693287457795811
-1 0.0 0 0 0.02835150910612616
-1 0.0 0 0 0.06193178347749709
7 0.47749999165534973 17 22 -0.39682206679336585
6 1.1142096519470215 18 21 -0.18961786949263335
1 10.330159187316895 19 20 -0.09249859419179972
-1 0.0 0 0 -0.02138813280912614
-1 0.0 0 0 -0.0017139467413495345
-1 0.0 0 0 -0.031064634317752395
7 0.6800000071525574 23 26 -0.6890040212117415
6 1.1352187395095825 24 25 -0.5456241659192499
-1 0.0 0 0 -0.03878029041044573
-1 0.0 0 0 -0.06589942447248036
6 1.1611919403076172 27 28 -0.9544099119349633
-1 0.0 0 0 -0.0680864175509597
-1 0.0 0 0 -0.10481064934684176
nodes 29
6 1.0772364139556885 1 14 0.0
1 10.812572479248047 2 9 0.22510151245648663
2 10.591848373413086 3 4 0.12049342351775648
-1 0.0 0 0 -0.005363851350388326
4 0.7190382480621338 5 6 0.1661699057833518
-1 0.0 0 0 -0.005259640660295191
7 0.30000001192092896 7 8 0.19653437023637307
-1 0.0 0 0 0.02380823140535511
-1 0.0 0 0 0.005646755925654309
3 0.6290278434753418 10 11 0.3871388730278681
-1 0.0 0 0 0.020600315393761667
1 11.102141380310059 12 13 0.4260964862920184
-1 0.0 0 0 0.037751583845852026
-1 0.0 0 0 0.056630310128601515
7 0.48750001192092896 15 22 -0.3376554023022983
1 10.457344055175781 16 19 -0.1633405498077887
7 0.2475000023841858 17 18 -0.25199619085080827
-1 0.0 0 0 -0.012838147625963973
-1 0.0 0 0 -0.03367742889205017
1 11.000632286071777 20 21 -0.046528619834562
-1 0.0 0 0 -0.007817103360940816
-1 0.0 0 0 0.019779704999769762
6 1.1584100723266602 23 26 -0.6175937733849409
1 10.078784942626953 24 25 -0.42252987689061905
-1 0.0 0 0 -0.05757904835914013
-1 0.0 0 0 -0.029755398730730832
7 0.7425000071525574 27 28 -0.7806927627798734
-1 0.0 0 0 -0.06775589997686209
-1 0.0 0 0 -0.10333136069204879
nodes 29
6 1.10386061668396 1 20 0.0
1 10.538581848144531 2 9 0.1476974223382303
7 0.3149999976158142 3 6 -0.02547228583134622
2 10.99420166015625 4 5 0.049594279494660456
-1 0.0 0 0 0.002445697454453711
-1 0.0 0 0 0.02838026767351754
1 9.85875129699707 7 8 -0.18162956718036827
-1 0.0 0 0 -0.03511310634943555
-1 0.0 0 0 -0.010791867898481106
6 1.0540350675582886 10 15 0.24901968513323905
1 10.984411239624023 11 14 0.31952794112108723
4 0.7420048117637634 12 13 0.26667125910882594
-1 0.0 0 0 0.010959287535614148
-1 0.0 0 0 0.029156701667100077
-1 0.0 0 0 0.0437912883036231
3 0.5829123854637146 16 17 0.10280500244374494
-1 0.0 0 0 -0.011560795346169571
1 11.000632286071777 18 19 0.14161765135917115
-1 0.0 0 0 0.010196938158034288
-1 0.0 0 0 0.030427498338186094
7 0.6424999833106995 21 26 -0.42295777683775276
7 0.3499999940395355 22 23 -0.30807938995202583
-1 0.0 0 0 -0.016721445113581417
6 1.1770206689834595 24 25 -0.40860947558495686
-1 0.0 0 0 -0.03513205552618547
-1 0.0 0 0 -0.05231022168248583
7 0.8274999856948853 27 28 -0.7572900298371693
-1 0.0 0 0 -0.07081887195445878
-1 0.0 0 0 -0.1164853957523949
nodes 29
6 1.0772364139556885 1 16 0.0
1 10.834903717041016 2 11 0.1843482306270854
2 10.615431785583496 3 6 0.10315835950235883
1 9.919901847839355 4 5 -0.0374456681769844
-1 0.0 0 0 -0.022257001957799664
-1 0.0 0 0 0.001389186714420989
4 0.7728281617164612 7 8 0.14273790211482212
-1 0.0 0 0 0.001484577008117453
6 1.039546012878418 9 10 0.18090655820972967
-1 0.0 0 0 0.0243186949161877
-1 0.0 0 0 0.011073856666090447
4 0.8030299544334412 12 13 0.3245453072728906
-1 0.0 0 0 0.019644307181504915
1 11.110416412353516 14 15 0.37072456650865704
-1 0.0 0 0 0.03314900082848404
-1 0.0 0 0 0.048971390568174816
7 0.4925000071525574 17 22 -0.27652491299325266
6 1.1370936632156372 18 21 -0.1367134592283234
1 10.29316234588623 19 20 -0.08818886544015953
-1 0.0 0 0 -0.018830776675796024
-1 0.0 0 0 -0.0027917492487383976
-1 0.0 0 0 -0.029640534737774882
7 0.6875 23 26 -0.5075101186558403
6 1.1203100681304932 24 25 -0.4000508565307107
-1 0.0 0 0 -0.023784425939846966
-1 0.0 0 0 -0.047824510287327066
7 0.8550000190734863 27 28 -0.7152367624649764
-1 0.0 0 0 -0.06790508579382268
-1 0.0 0 0 -0.12027822723582995
nodes 29
6 1.1087907552719116 1 22 0.0
1 10.538581848144531 2 11 0.11425246778423152
7 0.32249999046325684 3 8 -0.029880533049551662
2 11.000815391540527 4 7 0.037029437812648426
1 10.148940086364746 5 6 0.015676530849110474
-1 0.0 0 0 -0.006711663438129605
-1 0.0 0 0 0.006009346498559466
-1 0.0 0 0 0.02479078017560025
1 9.85875129699707 9 10 -0.1691017474608009
-1 0.0 0 0 -0.03093962702539072
-1 0.0 0 0 -0.01065106784887507
6 1.0412603616714478 12 15 0.20109880554557172
1 10.865554809570312 13 14 0.2815050031264095
-1 0.0 0 0 0.021035113039377582
-1 0.0 0 0 0.034679191616266314
3 0.658135175704956 16 19 0.1060381225611716
4 0.676582932472229 17 18 -0.008082180314545787
-1 0.0 0 0 -0.02105213121808317
-1 0.0 0 0 0.003619273233732694
1 11.06264591217041 20 21 0.1596210905304277
-1 0.0 0 0 0.01279901102615843
-1 0.0 0 0 0.03378947481714528
7 0.6424999833106995 23 26 -0.3633758303892509
7 0.2849999964237213 24 25 -0.26614365470708057
-1 0.0 0 0 -0.011607402330442839
-1 0.0 0 0 -0.032881531953239604
7 0.8075000047683716 27 28 -0.6250288015195321
-1 0.0 0 0 -0.05724085457477456
-1 0.0 0 0 -0.08926985753879398
nodes 29
6 1.07659113407135 1 16 0.0
1 10.661087036132812 2 9 0.1526861490466042
7 0.4975000023841858 3 8 0.05418099477181744
4 0.7139212489128113 4 5 0.07260024582582156
-1 0.0 0 0 -0.008345207415412179
2 10.552421569824219 6 7 0.09515020594338615
-1 0.0 0 0 -0.0014666823248389534
-1 0.0 0 0 0.01303790184482426
-1 0.0 0 0 -0.01854573333554121
3 0.6290278434753418 10 11 0.22878834596546063
-1 0.0 0 0 0.009878025306234857
1 11.102141380310059 12 15 0.2622459129739237
6 1.038952350616455 13 14 0.23283919122460764
-1 0.0 0 0 0.027546155382390636
-1 0.0 0 0 0.016578262628727778
-1 0.0 0 0 0.03908197317364815
6 1.1584100723266602 17 24 -0.22532647788685528
7 0.3824999928474426 18 21 -0.1304428763032082
1 10.896553993225098 19 20 -0.05695836415773051
-1 0.0 0 0 -0.008104695884923404
-1 0.0 0 0 0.012698466899623917
1 9.97385311126709 22 23 -0.23618275927940796
-1 0.0 0 0 -0.03715495266439344
-1 0.0 0 0 -0.01684415594949105
7 0.6725000143051147 25 26 -0.45621619625342386
-1 0.0 0 0 -0.035414993395473236
7 0.8550000190734863 27 28 -0.6318742844599047
-1 0.0 0 0 -0.06005048033952779
-1 0.0 0 0 -0.10189801487316381
nodes 29
6 1.0722664594650269 1 12 0.0
1 10.812572479248047 2 9 0.1454065523777341
7 0.5799999833106995 3 8 0.0822019770892259
4 0.7898311614990234 4 5 0.0913548709002069
-1 0.0 0 0 0.00016671522159695737
2 10.525300025939941 6 7 0.1258992429199357
-1 0.0 0 0 -0.0010888872848335237
-1 0.0 0 0 0.01499151344247702
-1 0.0 0 0 -0.02522548702541179
3 0.7088161706924438 10 11 0.23992303260877987
-1 0.0 0 0 0.01660784336961858
-1 0.0 0 0 0.029184722531790188
7 0.47749999165534973 13 22 -0.19167295606065543
1 10.158246040344238 14 17 -0.08538690524301576
7 0.1899999976158142 15 16 -0.18436140424990938
-1 0.0 0 0 -0.00628214427160268
-1 0.0 0 0 -0.023096915541987333
4 0.7084524035453796 18 19 -0.035794770657713984
-1 0.0 0 0 -0.02030661907369614
1 11.000632286071777 20 21 -0.009265228660456485
-1 0.0 0 0 -0.0027688655900946994
-1 0.0 0 0 0.018867332337965656
6 1.1770206689834595 23 26 -0.3663500038144613
1 10.506901741027832 24 25 -0.2634871256546444
-1 0.0 0 0 -0.03200794399740412
-1 0.0 0 0 -0.009528988980527158
7 0.7900000214576721 27 28 -0.4939024888709167
-1 0.0 0 0 -0.04465848022455825
-1 0.0 0 0 -0.07199991027900271
nodes 29
6 1.1087907552719116 1 22 0.0
6 1.0556391477584839 2 11 0.08484004126652306
2 10.927214622497559 3 6 0.15524696532728002
1 10.090091705322266 4 5 0.07008234786363957
-1 0.0 0 0 -0.007524815846477802
-1 0.0 0 0 0.009618390627554783
4 0.7420048117637634 7 8 0.211788908307229
-1 0.0 0 0 0.006599892541426464
1 11.215852737426758 9 10 0.23461146337088382
-1 0.0 0 0 0.02198574426935617
-1 0.0 0 0 0.04276580471729539
1 10.396780014038086 12 15 -0.017650794409223104
7 0.6499999761581421 13 14 -0.11101933610011945
-1 0.0 0 0 -0.00932703412079301
-1 0.0 0 0 -0.040837338539590984
3 0.6931025385856628 16 19 0.04155263853511897
4 0.676582932472229 17 18 -0.032460660202893996
-1 0.0 0 0 -0.021503582661104387
-1 0.0 0 0 -0.00033958804767696274
1 10.869672775268555 20 21 0.10273929520189136
-1 0.0 0 0 0.005749920920076132
-1 0.0 0 0 0.01897012667249165
7 0.6225000023841858 23 26 -0.26983067450590564
7 0.22750000655651093 24 25 -0.19055864607010647
-1 0.0 0 0 -0.005296853617559952
-1 0.0 0 0 -0.022996494671540555
7 0.8274999856948853 27 28 -0.45057767886547834
-1 0.0 0 0 -0.0421088665796895
-1 0.0 0 0 -0.07246956745596052
nodes 29
6 1.0960466861724854 1 20 0.0
6 1.0412603616714478 2 11 0.0880735831452624
2 11.107015609741211 3 8 0.16057938277352532
2 10.75400161743164 4 5 0.11365512488563403
-1 0.0 0 0 0.003297545557692043
4 0.6994354128837585 6 7 0.14831602309960365
-1 0.0 0 0 -0.0027025713014518582
-1 0.0 0 0 0.01635192194802844
4 0.6503678560256958 9 10 0.24602639085833522
-1 0.0 0 0 -0.011237212085187333
-1 0.0 0 0 0.02557352262809583
3 0.5786606073379517 12 17 0.017160820248111667
7 0.6499999761581421 13 16 -0.09441776386039133
4 0.6454275846481323 14 15 -0.07876843296742318
-1 0.0 0 0 -0.024270966835356778
-1 0.0 0 0 -0.0049412053335335625
-1 0.0 0 0 -0.04826702112526012
1 10.415712356567383 18 19 0.05856473472774102
-1 0.0 0 0 -0.0035746650279321595
-1 0.0 0 0 0.008832073320590515
7 0.5024999976158142 21 26 -0.2113792679050149
7 0.19249999523162842 22 23 -0.11481362347838593
-1 0.0 0 0 -0.0006741094067384797
1 10.721988677978516 24 25 -0.1545482301182071
-1 0.0 0 0 -0.0178900157461931
-1 0.0 0 0 -0.0016262996228135975
6 1.2165982723236084 27 28 -0.3341020866324334
-1 0.0 0 0 -0.0260644005030371
-1 0.0 0 0 -0.04419736656014565
nodes 29
6 1.07659113407135 1 12 0.0
1 10.865554809570312 2 9 0.10178776917082027
7 0.4099999964237213 3 8 0.05950850660713159
4 0.7026931643486023 4 5 0.07742020119362185
-1 0.0 0 0 -0.006134608451407802
2 10.718188285827637 6 7 0.09275995391689651
-1 0.0 0 0 0.0025416182087803245
-1 0.0 0 0 0.012224803985684443
-1 0.0 0 0 -0.00810062595214713
3 0.7311950922012329 10 11 0.187229250055299
-1 0.0 0 0 0.01307290356109909
-1 0.0 0 0 0.023914605059093316
6 1.1447457075119019 13 24 -0.15021322987875096
1 9.85875129699707 14 17 -0.07511549372811999
7 0.46000000834465027 15 16 -0.21184852855537828
-1 0.0 0 0 -0.013724854232356185
-1 0.0 0 0 -0.0315890642686685
3 0.6647634506225586 18 21 -0.04297585775417015
7 0.23749999701976776 19 20 -0.10136412353080995
-1 0.0 0 0 -0.002370631148754019
-1 0.0 0 0 -0.014583436600491485
2 11.034711837768555 22 23 0.00770419769600147
-1 0.0 0 0 -0.0023275117308854047
-1 0.0 0 0 0.011878518548919643
7 0.6725000143051147 25 26 -0.28999277948551117
-1 0.0 0 0 -0.02237524359132432
7 0.8550000190734863 27 28 -0.4265534877921072
-1 0.0 0 0 -0.04025136438246384
-1 0.0 0 0 -0.0736489999614306
nodes 29
6 1.0722664594650269 1 16 0.0
2 10.987442970275879 2 9 0.09729933548370438
1 9.790766716003418 3 6 0.04406077372665505
7 0.4925000071525574 4 5 -0.14964620373643228
-1 0.0 0 0 -0.009106795342555554
-1 0.0 0 0 -0.043729434029385485
5 1.2092691659927368 7 8 0.05944007977316468
-1 0.0 0 0 0.0112502206211607
-1 0.0 0 0 0.0022750558967902334
4 0.6503678560256958 10 11 0.152695440968888
-1 0.0 0 0 -0.014659352598727138
6 1.0294160842895508 12 15 0.16170244940219194
1 11.185338020324707 13 14 0.20499143767070696
-1 0.0 0 0 0.018705584989132797
-1 0.0 0 0 0.03409980714619398
-1 0.0 0 0 0.01112590856434089
7 0.6025000214576721 17 24 -0.12825867210646316
7 0.27000001072883606 18 19 -0.07943234361063763
-1 0.0 0 0 -0.0005524796694361127
1 9.842462539672852 20 21 -0.1316060434438595
-1 0.0 0 0 -0.021806880271704576
4 0.7310265302658081 22 23 -0.09957144788360066
-1 0.0 0 0 -0.02106664319398238
-1 0.0 0 0 -0.007402728796317631
1 10.344416618347168 25 28 -0.3047828387608181
7 0.8550000190734863 26 27 -0.342749575140868
-1 0.0 0 0 -0.03269621054493967
-1 0.0 0 0 -0.0684605046303249
-1 0.0 0 0 -0.012451885479745775
nodes 29
6 1.1178317070007324 1 24 0.0
6 1.0412603616714478 2 13 0.0522434170357321
2 11.107015609741211 3 12 0.12101219221527702
7 0.4925000071525574 4 11 0.08537655035195398
4 0.6551560163497925 5 6 0.09204521911085776
-1 0.0 0 0 -0.010346519675170304
8 37.5 7 8 0.10085777197906758
-1 0.0 0 0 0.0004216216192678115
4 0.8560696840286255 9 10 0.11790296547537252
-1 0.0 0 0 0.00732044276315495
-1 0.0 0 0 0.01658774735766525
-1 0.0 0 0 -0.019195583420254195
-1 0.0 0 0 0.01859031274257516
3 0.6713896989822388 14 19 -0.0019191876182320334
7 0.23000000417232513 15 16 -0.06192838996944241
-1 0.0 0 0 5.673931137317591e-05
4 0.6454275846481323 17 18 -0.10854972625973681
-1 0.0 0 0 -0.028708015697968645
-1 0.0 0 0 -0.009122592359501443
1 10.245302200317383 20 21 0.055087348935351006
-1 0.0 0 0 -0.006625416257619903
1 11.06264591217041 22 23 0.07662618495644442
-1 0.0 0 0 0.006021536848357599
-1 0.0 0 0 0.020362587713629275
7 0.6650000214576721 25 28 -0.19912745963500492
7 0.44999998807907104 26 27 -0.14978768259290254
-1 0.0 0 0 -0.010216615659862314
-1 0.0 0 0 -0.02021931061756484
-1 0.0 0 0 -0.03391992397586446
nodes 29
6 1.1142096519470215 1 24 0.0
1 10.496150970458984 2 11 0.04873805782987925
7 0.2750000059604645 3 6 -0.025658117640167993
2 11.051746368408203 4 5 0.020405688344594254
-1 0.0 0 0 0.0006463030147952838
-1 0.0 0 0 0.020058877603173556
4 0.7898311614990234 7 8 -0.09070461083865873
-1 0.0 0 0 -0.018456725175799393
2 11.09659194946289 9 10 -0.05285027427517772
-1 0.0 0 0 -0.007215857319491316
-1 0.0 0 0 0.023102369440780226
3 0.674631655216217 12 19 0.0886081197326693
4 0.6041512489318848 13 14 0.03006449505422008
-1 0.0 0 0 -0.024505587124235197
6 1.0287245512008667 15 18 0.04049997717341601
8 47.5 16 17 0.09829029412500563
-1 0.0 0 0 -0.0022421267836346633
-1 0.0 0 0 0.013472878125946074
-1 0.0 0 0 0.00013481978263236373
1 11.085705757141113 20 23 0.1223877243900261
6 1.0648841857910156 21 22 0.10273167870417016
-1 0.0 0 0 0.012759163758758466
-1 0.0 0 0 0.0033570696943640583
-1 0.0 0 0 0.02217665846380463
7 0.6650000214576721 25 28 -0.1731958462745834
6 1.1770206689834595 26 27 -0.13030802660284738
-1 0.0 0 0 -0.00982047418541259
-1 0.0 0 0 -0.01983810748160718
-1 0.0 0 0 -0.030205092430538417
nodes 29
7 0.39250001311302185 1 18 0.0
6 1.0665274858474731 2 13 0.05143772489814747
3 0.6996487379074097 3 10 0.08792736546872666
4 0.6041512489318848 4 5 0.04846074631516665
-1 0.0 0 0 -0.020279988634141446
8 45.5 6 7 0.056217738581665615
-1 0.0 0 0 -0.000504264788117328
6 1.0287245512008667 8 9 0.08280258988825834
-1 0.0 0 0 0.012123475650381728
-1 0.0 0 0 0.002814962271937043
5 1.1233681440353394 11 12 0.12871559365180427
-1 0.0 0 0 0.020540118833238776
-1 0.0 0 0 0.010974299617473449
1 10.148940086364746 14 15 -0.020131560165697043
-1 0.0 0 0 -0.008821431688891029
4 0.6686121225357056 16 17 0.007464754581991948
-1 0.0 0 0 -0.013690440608246028
-1 0.0 0 0 0.002010942592731716
1 9.919901847839355 19 22 -0.13772063244760244
7 0.7225000262260437 20 21 -0.22451241607422628
-1 0.0 0 0 -0.018296558203354737
-1 0.0 0 0 -0.034641374674549585
6 1.1447457075119019 23 28 -0.07787147849013884
4 0.7779221534729004 24 25 -0.043209203955709936
-1 0.0 0 0 -0.014461546550806784
2 11.193161010742188 26 27 -0.016852044115900838
-1 0.0 0 0 -0.003528832855042652
-1 0.0 0 0 0.013655777349766042
-1 0.0 0 0 -0.018281470264496082
nodes 29
7 0.4099999964237213 1 18 0.0
2 10.758243560791016 2 5 0.04417328451406629
1 10.13038444519043 3 4 -0.026108106467174826
-1 0.0 0 0 -0.007958894497724136
-1 0.0 0 0 0.0007517718439062028
4 0.7441114783287048 6 9 0.07655736656952965
4 0.6041512489318848 7 8 -0.020835076620277417
-1 0.0 0 0 -0.020532400380628226
-1 0.0 0 0 0.00020803302701401968
6 1.038952350616455 10 15 0.09496495972624241
8 45.5 11 14 0.13143343211520975
4 0.8819795250892639 12 13 0.0919921660367715
-1 0.0 0 0 -0.0008616474351236963
-1 0.0 0 0 0.012348901516725165
-1 0.0 0 0 0.016645562440266066
2 11.311017036437988 16 17 0.05641884946774801
-1 0.0 0 0 0.0045706548260842665
-1 0.0 0 0 0.018796105629082977
1 9.85875129699707 19 22 -0.13016653389519978
7 0.7524999976158142 20 21 -0.21163416992594528
-1 0.0 0 0 -0.018043635981823347
-1 0.0 0 0 -0.03330888367459243
6 1.1447457075119019 23 28 -0.07671470281526171
4 0.6728108525276184 24 25 -0.04190585555242087
-1 0.0 0 0 -0.022702410885382985
5 2.217672109603882 26 27 -0.03023989792474
-1 0.0 0 0 -0.004053297593128321
-1 0.0 0 0 0.019134514107942868
-1 0.0 0 0 -0.016938363077226747
nodes 29
6 1.069929599761963 1 18 0.0
2 10.987442970275879 2 9 0.06233167755948965
1 9.790766716003418 3 4 0.02594709161728563
-1 0.0 0 0 -0.011741209496817085
5 1.2092691659927368 5 6 0.03704146080835688
-1 0.0 0 0 0.007597644586738697
7 0.5975000262260437 7 8 0.009985809907450776
-1 0.0 0 0 0.001477680421894046
-1 0.0 0 0 -0.025735959167253564
4 0.7420048117637634 10 11 0.0995374253793969
-1 0.0 0 0 0.0002936562399137703
5 1.1095079183578491 12 13 0.11471996802665019
-1 0.0 0 0 0.0229459931345288
8 49.5 14 15 0.10354927789340947
-1 0.0 0 0 0.008280075242150848
6 1.0279922485351562 16 17 0.15357713249867774
-1 0.0 0 0 0.019098879226514414
-1 0.0 0 0 0.007093676740865211
6 1.1641894578933716 19 26 -0.07709624135368888
7 0.1899999976158142 20 21 -0.04380326950573618
-1 0.0 0 0 0.0027896215696028657
1 9.891010284423828 22 23 -0.06998630138591719
-1 0.0 0 0 -0.014456352801128908
3 0.7011995911598206 24 25 -0.04719479154784958
-1 0.0 0 0 -0.008009834996022754
-1 0.0 0 0 -0.00045784156360058147
7 0.8075000047683716 27 28 -0.1793525026913353
-1 0.0 0 0 -0.016174699569070937
-1 0.0 0 0 -0.036125583881619336
nodes 29
7 0.39250001311302185 1 20 0.0
2 10.758243560791016 2 5 0.038305742518144545
1 10.148940086364746 3 4 -0.02023124614545379
-1 0.0 0 0 -0.00638278034687284
-1 0.0 0 0 0.0008651917218922681
4 0.7484859228134155 6 9 0.06485714072926549
4 0.6041512489318848 7 8 -0.01576790926774372
-1 0.0 0 0 -0.017858318002256107
-1 0.0 0 0 0.0003111682265153377
2 11.220391273498535 10 19 0.0809860232094549
6 1.0377929210662842 11 18 0.0642356415830439
8 44.5 12 17 0.0926516750393872
6 1.0042799711227417 13 16 0.05056109754877079
4 0.9035499691963196 14 15 -0.00794893551333698
-1 0.0 0 0 -0.01249118734285179
-1 0.0 0 0 0.003883623965273539
-1 0.0 0 0 0.010914358885615672
-1 0.0 0 0 0.012673755488144992
-1 0.0 0 0 0.0037402198040728863
-1 0.0 0 0 0.014542256628963711
7 0.6499999761581421 21 26 -0.10256073871612977
6 1.0968869924545288 22 25 -0.06782089160238056
4 0.7898311614990234 23 24 -0.019293430083774966
-1 0.0 0 0 -0.01206370569473226
-1 0.0 0 0 0.001169006979719944
-1 0.0 0 0 -0.010591412078080816
1 10.330159187316895 27 28 -0.1956786104943463
-1 0.0 0 0 -0.021973155410141276
-1 0.0 0 0 -0.007266498461820633
nodes 29
6 1.069929599761963 1 18 0.0
5 1.1233681440353394 2 3 0.051454160159112125
-1 0.0 0 0 0.014447773821420755
4 0.7728281617164612 4 9 0.04010869337274911
4 0.5837951898574829 5 6 -0.017951345828122873
-1 0.0 0 0 -0.02271499565208134
8 51.5 7 8 -0.006879302319000267
-1 0.0 0 0 -0.007438347871117141
-1 0.0 0 0 0.003392146152728612
8 39.5 10 15 0.05659860033668536
7 0.6650000214576721 11 14 0.004336977443963803
6 1.0042799711227417 12 13 0.011529522609698565
-1 0.0 0 0 -0.006184521094648076
-1 0.0 0 0 0.003199506650184711
-1 0.0 0 0 -0.03500045964884204
6 1.0279922485351562 16 17 0.08047378458599386
-1 0.0 0 0 0.01112231736260228
-1 0.0 0 0 0.004582646885834102
6 1.1989127397537231 19 26 -0.06364215608883729
7 0.19249999523162842 20 21 -0.041974877217247346
-1 0.0 0 0 0.002295246073912331
1 10.558387756347656 22 23 -0.06415725587569292
-1 0.0 0 0 -0.008725221299089906
4 0.7263575792312622 24 25 -0.011993623159985544
-1 0.0 0 0 -0.012322052440618531
-1 0.0 0 0 0.0007080657868301661
7 0.8075000047683716 27 28 -0.17197855044678703
-1 0.0 0 0 -0.015281903773280252
-1 0.0 0 0 -0.031125802420567818
nodes 29
7 0.4699999988079071 1 20 0.0
6 1.0670759677886963 2 15 0.025885292189866804
4 0.8310182690620422 3 8 0.053331054873070466
8 48.5 4 5 0.012456386468005244
-1 0.0 0 0 -0.004395761830850979
4 0.6551560163497925 6 7 0.038106017235191136
-1 0.0 0 0 -0.007961767167614991
-1 0.0 0 0 0.005789432961629974
5 1.1233681440353394 9 10 0.07832021272305839
-1 0.0 0 0 0.01680081767463899
8 45.5 11 12 0.0654802072060605
-1 0.0 0 0 0.004400647998128111
6 1.0279922485351562 13 14 0.11279133648643778
-1 0.0 0 0 0.014686435959339567
-1 0.0 0 0 0.0051725878738911905
1 10.84345531463623 16 19 -0.021493153108497535
7 0.16500000655651093 17 18 -0.034715490433883035
-1 0.0 0 0 0.001452698683717577
-1 0.0 0 0 -0.005376098890731388
-1 0.0 0 0 0.005308322319165889
1 9.654706001281738 21 22 -0.10473847064550076
-1 0.0 0 0 -0.01685922635762464
6 1.1334035396575928 23 28 -0.06876355453338928
5 2.0134150981903076 24 27 -0.0345574784001441
3 0.6663727760314941 25 26 -0.053127614880952155
-1 0.0 0 0 -0.012269244456791088
-1 0.0 0 0 -0.00011128866416906525
-1 0.0 0 0 0.012738503532219673
-1 0.0 0 0 -0.011615449212315047
nodes 29
6 1.1190918684005737 1 26 0.0
2 11.051746368408203 2 15 0.023825619390566707
1 9.790766716003418 3 6 0.00028294735914532044
7 0.4975000023841858 4 5 -0.09911699257812025
-1 0.0 0 0 -0.0061829980706067395
-1 0.0 0 0 -0.021155118465345644
3 0.6996487379074097 7 12 0.011331823687956051
4 0.6337615251541138 8 9 -0.013866615056368114
-1 0.0 0 0 -0.011986409836139493
8 44.5 10 11 -0.006200536532821169
-1 0.0 0 0 -0.004031976827161777
-1 0.0 0 0 0.0018383276843958911
8 38.5 13 14 0.03864689156121276
-1 0.0 0 0 0.000275386245020092
-1 0.0 0 0 0.006888408890888462
1 11.232060432434082 16 25 0.06903628344894633
4 0.7811482548713684 17 18 0.058472462584028606
-1 0.0 0 0 -0.0006719364809296835
5 2.108473539352417 19 22 0.07786779395039121
3 0.778762936592102 20 21 0.06769453221768874
-1 0.0 0 0 0.004462447943535354
-1 0.0 0 0 0.010704255637438626
0 11.485647201538086 23 24 0.2096180131734313
-1 0.0 0 0 0.01748912400183019
-1 0.0 0 0 0.0571407849862325
-1 0.0 0 0 0.02069848574661228
7 0.7225000262260437 27 28 -0.09301608186790244
-1 0.0 0 0 -0.0074968895342399505
-1 0.0 0 0 -0.018529475113386304
nodes 29
7 0.3125 1 12 0.0
2 11.034711837768555 2 7 0.03275831989523681
3 0.658135175704956 3 4 0.010965107087577124
-1 0.0 0 0 -0.0018094405841676377
0 10.319266319274902 5 6 0.03367393285842855
-1 0.0 0 0 -0.005114567066988827
-1 0.0 0 0 0.004273343030923776
1 11.232060432434082 8 11 0.06861627775144012
4 0.8122413754463196 9 10 0.05983413040189713
-1 0.0 0 0 0.0016618535719482384
-1 0.0 0 0 0.008007554535403043
-1 0.0 0 0 0.018033142129983814
7 0.6499999761581421 13 22 -0.05781022367613665
6 1.068842887878418 14 17 -0.03750667127978219
4 0.6935585737228394 15 16 0.013205583985565887
-1 0.0 0 0 -0.012835601445668463
-1 0.0 0 0 0.00242603730162684
1 11.253856658935547 18 21 -0.05860690440103749
4 0.7310265302658081 19 20 -0.05995668387534368
-1 0.0 0 0 -0.010974782344122438
-1 0.0 0 0 -0.004699016947365166
-1 0.0 0 0 0.05408268679932851
7 0.8550000190734863 23 28 -0.13690042582063347
2 11.0753812789917 24 25 -0.12635576963445277
-1 0.0 0 0 -0.013686301513688954
3 0.8837460279464722 26 27 0.03135958544527025
-1 0.0 0 0 -0.0036920159117166586
-1 0.0 0 0 0.056090693771839145
-1 0.0 0 0 -0.03409362884661171
nodes 29
7 0.4699999988079071 1 24 0.0
6 1.0648841857910156 2 17 0.019525721961503765
4 0.8310182690620422 3 8 0.04155305578481596
8 48.5 4 5 0.009539513403734776
-1 0.0 0 0 -0.004280457247438209
4 0.5837951898574829 6 7 0.0329749487083887
-1 0.0 0 0 -0.01726869008790497
-1 0.0 0 0 0.004099800068747374
5 1.1233681440353394 9 10 0.061152946385833976
-1 0.0 0 0 0.013483114245539059
8 45.5 11 14 0.05053735661292563
7 0.03999999910593033 12 13 0.03169206617936805
-1 0.0 0 0 -0.00235391182233243
-1 0.0 0 0 0.004969865262724204
6 1.0279922485351562 15 16 0.09124833347701139
-1 0.0 0 0 0.011979966008453795
-1 0.0 0 0 0.0037880060334635154
4 0.7084524035453796 18 19 -0.015857721415682226
-1 0.0 0 0 -0.008120243196562528
1 11.000632286071777 20 23 -0.004789895367493162
7 0.1899999976158142 21 22 -0.012087273181382155
-1 0.0 0 0 0.002331300404560032
-1 0.0 0 0 -0.003127171573292201
-1 0.0 0 0 0.009605492174941194
1 9.654706001281738 25 28 -0.0790060331749591
7 0.8550000190734863 26 27 -0.1287464347095865
-1 0.0 0 0 -0.011964551437000027
-1 0.0 0 0 -0.03415280285047034
-1 0.0 0 0 -0.0050982533074789465
nodes 29
2 10.758243560791016 1 6 0.0
7 0.5224999785423279 2 5 -0.044978818718619154
1 9.919901847839355 3 4 -0.02175341748003573
-1 0.0 0 0 -0.006547047737802781
-1 0.0 0 0 -0.0006205867751040727
-1 0.0 0 0 -0.010670974440833002
4 0.6994354128837585 7 10 0.029018619295975382
4 0.5837951898574829 8 9 -0.05501019643580413
-1 0.0 0 0 -0.017082893297209467
-1 0.0 0 0 -0.003400493940431769
6 1.038952350616455 11 22 0.037413033636612844
8 40.5 12 15 0.06530317739547259
4 0.9188854694366455 13 14 0.014559956623585163
-1 0.0 0 0 -0.009243630791368073
-1 0.0 0 0 0.00462625535235158
4 0.8945967555046082 16 19 0.07985981850579181
8 51.5 17 18 0.05746368191732026
-1 0.0 0 0 0.0023259819972921976
-1 0.0 0 0 0.009589153328393706
3 0.5692184567451477 20 21 0.12785792473213695
-1 0.0 0 0 0.03193193335516924
-1 0.0 0 0 0.01170703328975357
1 11.282392501831055 23 28 0.014656921830436162
3 0.8041679263114929 24 27 0.011654420188394772
7 0.1899999976158142 25 26 -0.0004900332695053049
-1 0.0 0 0 0.0030649637285649995
-1 0.0 0 0 -0.0017628758831463249
-1 0.0 0 0 0.005149184928990425
-1 0.0 0 0 0.025154727799184786
nodes 29
7 0.3125 1 14 0.0
4 0.7963265776634216 2 7 0.024503340310068435
8 48.5 3 4 -0.010554162388139767
-1 0.0 0 0 -0.005529518303584138
4 0.7026931643486023 5 6 0.009222949029483883
-1 0.0 0 0 -0.003959829440020988
-1 0.0 0 0 0.004282493546677717
2 11.107015609741211 8 11 0.03866960150621342
8 36.5 9 10 0.02359476127952789
-1 0.0 0 0 -0.001768375245471866
-1 0.0 0 0 0.0037631554694958994
1 11.319753646850586 12 13 0.07562628743992449
-1 0.0 0 0 0.006902553628645027
-1 0.0 0 0 0.02280081903414119
5 1.2065494060516357 15 16 -0.043242253991633534
-1 0.0 0 0 0.002382354000453805
2 10.758243560791016 17 24 -0.05827018906031696
7 0.6499999761581421 18 19 -0.08343151492133337
-1 0.0 0 0 -0.006296605818121439
6 1.0936152935028076 20 23 -0.12935307560580023
3 0.5692184567451477 21 22 -0.32736867338062176
-1 0.0 0 0 -0.055188232666502406
-1 0.0 0 0 -0.015685197468360747
-1 0.0 0 0 -0.011729429440505534
4 0.676582932472229 25 26 -0.021740808293607063
-1 0.0 0 0 -0.013605267564100618
6 1.038952350616455 27 28 -0.009895743813754184
-1 0.0 0 0 0.008646279909868293
-1 0.0 0 0 -0.0023422699070245415
nodes 29
2 10.758243560791016 1 10 0.0
7 0.5849999785423279 2 7 -0.037236581636831065
5 1.2309660911560059 3 4 -0.021536980599170967
-1 0.0 0 0 0.0010915896305145896
7 0.1574999988079071 5 6 -0.03853416379114496
-1 0.0 0 0 -5.8279362668029e-06
-1 0.0 0 0 -0.005438119228279348
6 1.0778166055679321 8 9 -0.09691176272857507
-1 0.0 0 0 -0.024205413308326637
-1 0.0 0 0 -0.00885611058040586
5 1.154221534729004 11 16 0.02402362317587483
1 11.185338020324707 12 15 0.0705186224765358
4 0.8533335328102112 13 14 0.056028936339507764
-1 0.0 0 0 0.001163669694511412
-1 0.0 0 0 0.00852254940770416
-1 0.0 0 0 0.015742832814941567
4 0.6454275846481323 17 18 0.012675960592966763
-1 0.0 0 0 -0.009437431157421239
6 1.039546012878418 19 26 0.017666327799156955
5 1.976089358329773 20 25 0.042449816138321876
8 32.5 21 22 0.03282810899781356
-1 0.0 0 0 -0.011938085504925403
7 0.03750000149011612 23 24 0.03764332456399729
-1 0.0 0 0 0.00013044930549309722
-1 0.0 0 0 0.005735360323359723
-1 0.0 0 0 0.014859456236700118
1 11.377140045166016 27 28 -0.0005960006778400942
-1 0.0 0 0 -0.00017023703638681164
-1 0.0 0 0 0.05322980222944171
nodes 29
1 9.891010284423828 1 4 0.0
7 0.7225000262260437 2 3 -0.06052897197355923
-1 0.0 0 0 -0.0047577197288226295
-1 0.0 0 0 -0.012809960707950364
2 11.201592445373535 5 22 0.012622321231098016
7 0.23000000417232513 6 13 0.0038084721745379616
4 0.8061994910240173 7 8 0.02189836067627716
-1 0.0 0 0 -0.0006378428905098464
8 42.5 9 12 0.03463407757571012
6 1.0057021379470825 10 11 0.015109100331857438
-1 0.0 0 0 -0.005364853592550153
-1 0.0 0 0 0.003685630725416605
-1 0.0 0 0 0.005731217806872399
5 1.1331427097320557 14 15 -0.019816891717550585
-1 0.0 0 0 0.005542827787458611
4 0.6686121225357056 16 17 -0.02609927188478353
-1 0.0 0 0 -0.009767697195073963
8 32.5 18 19 -0.019912172551960206
-1 0.0 0 0 -0.006962456990421015
3 0.7708989381790161 20 21 -0.008517936098231533
-1 0.0 0 0 -0.0019650144984166705
-1 0.0 0 0 0.0036761620678816445
1 10.597284317016602 23 26 0.061441363888772194
4 0.7914486527442932 24 25 0.20600923338549867
-1 0.0 0 0 0.003409359342050414
-1 0.0 0 0 0.031440179230770936
3 0.778762936592102 27 28 0.05400292825669928
-1 0.0 0 0 0.00295682388596994
-1 0.0 0 0 0.01103147996009779
nodes 29
6 1.1203100681304932 1 26 0.0
4 0.7898311614990234 2 11 0.012610342649544273
1 9.461332321166992 3 4 -0.021801065567031406
-1 0.0 0 0 -0.016083042530264862
4 0.5837951898574829 5 6 -0.014907175473965058
-1 0.0 0 0 -0.014761257355593527
8 50.5 7 8 -0.008081484299020072
-1 0.0 0 0 -0.004568900459827275
6 1.0287245512008667 9 10 0.02176325085826505
-1 0.0 0 0 0.005953826162347426
-1 0.0 0 0 -0.001015919054080633
8 42.5 12 23 0.02488082043117157
2 10.138480186462402 13 14 0.006189044133699753
-1 0.0 0 0 -0.010800559507732496
4 0.8819795250892639 15 16 0.010750183809118448
-1 0.0 0 0 -0.0032893700269407316
5 1.232280969619751 17 18 0.021182529522626472
-1 0.0 0 0 0.004490213519853548
3 0.4203335642814636 19 22 0.001289210169940422
1 10.148940086364746 20 21 0.07814042984342452
-1 0.0 0 0 0.005224794962144181
-1 0.0 0 0 0.04729280215426443
-1 0.0 0 0 -0.0008610733139445593
6 1.0279922485351562 24 25 0.049352129827163894
-1 0.0 0 0 0.0074344221999962205
-1 0.0 0 0 0.002654468296232227
7 0.8550000190734863 27 28 -0.05044347750048257
-1 0.0 0 0 -0.004697526499284186
-1 0.0 0 0 -0.02498374539169601
nodes 29
1 9.67652416229248 1 4 0.0
7 0.8274999856948853 2 3 -0.0617153305676133
-1 0.0 0 0 -0.005552674023884922
-1 0.0 0 0 -0.01886286734548248
5 1.154221534729004 5 8 0.008858246275907677
1 11.185338020324707 6 7 0.04819118837603637
-1 0.0 0 0 0.0038405089087127
-1 0.0 0 0 0.0129780392643571
5 2.0134150981903076 9 24 0.00011010810735557657
7 0.32749998569488525 10 21 -0.004588092340982138
1 11.319753646850586 11 20 0.0076582780125294195
4 0.8560696840286255 12 17 0.006560565797040409
8 54.5 13 14 -0.008891706297334365
-1 0.0 0 0 -0.002394043312889939
4 0.5524404048919678 15 16 0.0268105504786264
-1 0.0 0 0 -0.015378074662294239
-1 0.0 0 0 0.003801232981292213
8 37.5 18 19 0.02014904024951866
-1 0.0 0 0 -0.0008567912091148484
-1 0.0 0 0 0.0034955972935857174
-1 0.0 0 0 0.020358341923802932
3 0.5594451427459717 22 23 -0.0323736396599846
-1 0.0 0 0 -0.007976813944707546
-1 0.0 0 0 -0.0016988734482960564
6 1.0759620666503906 25 28 0.071234724542844
4 0.7728281617164612 26 27 0.1269971498579603
-1 0.0 0 0 0.0019668476344245757
-1 0.0 0 0 0.01695537325642391
-1 0.0 0 0 0.0005122107159353566
nodes 29
2 10.917231559753418 1 12 0.0
7 0.4925000071525574 2 7 -0.019284516683451075
5 1.1862196922302246 3 4 -0.006100523565276287
-1 0.0 0 0 0.0023766470639100482
2 10.119203567504883 5 6 -0.016015491735963325
-1 0.0 0 0 -0.006561512056278824
-1 0.0 0 0 -0.0010785786143789778
5 1.4220651388168335 8 9 -0.05738414390981802
-1 0.0 0 0 -0.002834294141180259
6 1.0340499877929688 10 11 -0.07786477968581297
-1 0.0 0 0 -0.03854514235557106
-1 0.0 0 0 -0.0074732029091587274
1 11.232060432434082 13 26 0.024234086617987798
4 0.6503678560256958 14 15 0.020218802524326132
-1 0.0 0 0 -0.0069293040998283685
8 57.5 16 23 0.024001822387064286
4 0.8819795250892639 17 20 0.019675684391390332
8 35.5 18 19 -0.0007967354526487808
-1 0.0 0 0 -0.013005945924628802
-1 0.0 0 0 0.00027652961832370893
8 39.5 21 22 0.03830253573054934
-1 0.0 0 0 0.0017787685138562063
-1 0.0 0 0 0.005868248140934668
6 1.0235790014266968 24 25 0.07397340400272848
-1 0.0 0 0 0.011060175342259141
-1 0.0 0 0 0.0006210957575982036
5 1.207877516746521 27 28 0.11099159997808204
-1 0.0 0 0 0.013816462030626756
-1 0.0 0 0 -0.0010358720617976202
nodes 29
2 10.615431785583496 1 6 0.0
7 0.6499999761581421 2 3 -0.031695188005297935
-1 0.0 0 0 -0.0022511024203559125
6 1.0458223819732666 4 5 -0.07461088693182555
-1 0.0 0 0 -0.07061591648629734
-1 0.0 0 0 -0.007057267003708426
4 0.6041512489318848 7 8 0.012230346727803883
-1 0.0 0 0 -0.00963065164859338
5 1.154221534729004 9 10 0.014739631797365375
-1 0.0 0 0 0.004568184012215164
7 0.23000000417232513 11 24 0.007445472938505449
7 0.03750000149011612 12 17 0.02022519979052841
8 44.5 13 16 -0.009400809756393364
6 1.0209896564483643 14 15 -0.046448787113851545
-1 0.0 0 0 -0.007209344898002958
-1 0.0 0 0 0.00471467738541325
-1 0.0 0 0 0.0015555281961127949
6 1.0279922485351562 18 19 0.03115126001413447
-1 0.0 0 0 0.006057341157009176
1 11.377140045166016 20 23 0.015749660108022236
5 1.9005506038665771 21 22 0.014475296740002865
-1 0.0 0 0 0.0007083516717804206
-1 0.0 0 0 0.0085150894048061
-1 0.0 0 0 0.0515229302406725
2 11.045175552368164 25 28 -0.009891347590711625
8 31.5 26 27 -0.024081442059762235
-1 0.0 0 0 -0.007912442671260856
-1 0.0 0 0 -0.0014512935940388712
-1 0.0 0 0 0.0020100059118574754
nodes 29
1 9.461332321166992 1 4 0.0
2 11.33646297454834 2 3 -0.058074406162330526
-1 0.0 0 0 -0.0059702351551537795
-1 0.0 0 0 0.0539603544229811
6 1.1370936632156372 5 28 0.00575774722137041
4 0.6994354128837585 6 7 0.011019086865041937
-1 0.0 0 0 -0.003654368697586718
5 1.9005506038665771 8 23 0.01578988028724764
5 1.2027151584625244 9 18 0.011682305301802368
1 11.215852737426758 10 17 0.0308483586968849
3 0.7807164192199707 11 14 0.025323485916474264
8 57.5 12 13 0.006679549140517191
-1 0.0 0 0 -0.00022390167163556645
-1 0.0 0 0 0.009609110009023597
8 34.5 15 16 0.044654953841293275
-1 0.0 0 0 -0.0006351046879972452
-1 0.0 0 0 0.00586757238067385
-1 0.0 0 0 0.011183773187410442
8 44.5 19 20 -0.0011406438581390485
-1 0.0 0 0 -0.0014729148499305253
6 1.0251288414001465 21 22 0.02007339764029801
-1 0.0 0 0 0.004849152955504005
-1 0.0 0 0 -4.0532312265057864e-05
4 0.7504715919494629 24 25 0.07411498034598431
-1 0.0 0 0 -0.00464155257814296
2 11.262680053710938 26 27 0.09123831793235122
-1 0.0 0 0 0.007715388807697801
-1 0.0 0 0 0.02614170841848606
-1 0.0 0 0 -0.003557605343763405
nodes 29
1 9.67652416229248 1 2 0.0
-1 0.0 0 0 -0.004379338498538273
2 11.201592445373535 3 16 0.006285838281139789
8 32.5 4 7 0.0006126827780430356
6 1.0313830375671387 5 6 -0.03773551261567628
-1 0.0 0 0 -0.015330717259045883
-1 0.0 0 0 -0.002597052716721053
4 0.8533335328102112 8 13 0.005376808932556173
8 51.5 9 10 -0.01122183135545915
-1 0.0 0 0 -0.002303669396487568
4 0.5837951898574829 11 12 0.011286459366215378
-1 0.0 0 0 -0.00946764963723643
-1 0.0 0 0 0.002327697360331505
5 2.0134150981903076 14 15 0.021408983781352076
-1 0.0 0 0 0.00184286602990299
-1 0.0 0 0 0.00992809212041723
1 10.686863899230957 17 22 0.03959787652845008
4 0.7914486527442932 18 19 0.142473711762406
-1 0.0 0 0 0.001470148633485459
0 11.477194786071777 20 21 0.22036993691341322
-1 0.0 0 0 0.014877305717799187
-1 0.0 0 0 0.04597080777432504
3 0.5110068321228027 23 24 0.0325355062458347
-1 0.0 0 0 -0.009271035368505367
1 11.319753646850586 25 26 0.03935362406455761
-1 0.0 0 0 0.003212445770228884
6 1.0952529907226562 27 28 0.13699390965279723
-1 0.0 0 0 0.011639375637013375
-1 0.0 0 0 0.07709168083965778
nodes 29
7 0.22499999403953552 1 14 0.0
4 0.8122413754463196 2 5 0.015167047553162947
8 59.5 3 4 -0.004348309149491702
-1 0.0 0 0 -0.0015566399689684461
-1 0.0 0 0 0.003999558545821633
7 0.027499999850988388 6 9 0.024713691531213586
8 36.5 7 8 -0.009292293208406396
-1 0.0 0 0 -0.008751693518274315
-1 0.0 0 0 0.0006271105688032465
5 1.1073241233825684 10 11 0.03357489020820703
-1 0.0 0 0 0.009701980760968499
3 0.4203335642814636 12 13 0.02877138501812037
-1 0.0 0 0 0.010383290041402817
-1 0.0 0 0 0.002496923822015631
2 11.045175552368164 15 18 -0.01622645769229095
1 9.30819320678711 16 17 -0.02492503633723752
-1 0.0 0 0 -0.0064605076440918665
-1 0.0 0 0 -0.0017831375302098434
3 0.7708989381790161 19 22 0.018632119733308163
6 1.0507183074951172 20 21 -0.0022714949634718594
-1 0.0 0 0 0.004531271847858364
-1 0.0 0 0 -0.0027233141388376637
7 0.6349999904632568 23 24 0.07524905902548591
-1 0.0 0 0 0.006263605598420823
6 1.0822429656982422 25 26 0.28928201832593636
-1 0.0 0 0 -0.004930289581331403
6 1.1178317070007324 27 28 0.4566285850844164
-1 0.0 0 0 0.07444823286000718
-1 0.0 0 0 0.011840043645352126
nodes 29
2 10.758243560791016 1 8 0.0
5 1.305822730064392 2 3 -0.01772219766186366
-1 0.0 0 0 1.4622934094760498e-05
7 0.1574999988079071 4 5 -0.03294508624291541
-1 0.0 0 0 0.0009546564157263855
7 0.8550000190734863 6 7 -0.0424381053658433
-1 0.0 0 0 -0.00400157066304956
-1 0.0 0 0 -0.01799655160953232
3 0.778762936592102 9 26 0.011433686288363184
8 42.5 10 17 0.00294913755799528
6 1.0057021379470825 11 16 -0.01693926251813293
4 0.9035499691963196 12 15 -0.07548337935557894
7 0.23250000178813934 13 14 -0.15166673469974282
-1 0.0 0 0 -0.013152407947441134
-1 0.0 0 0 -0.06673187084682286
-1 0.0 0 0 -0.0007113701482611368
-1 0.0 0 0 -0.000978036285963153
4 0.7441114783287048 18 19 0.012307019584699324
-1 0.0 0 0 -0.001833297489315649
5 1.564461588859558 20 23 0.025508098230190703
8 59.5 21 22 0.014596815898086953
-1 0.0 0 0 0.0008368057666579653
-1 0.0 0 0 0.011338441193991695
4 0.9397803544998169 24 25 0.09269112077464879
-1 0.0 0 0 0.007827700942970774
-1 0.0 0 0 0.023085009315204824
0 11.200021743774414 27 28 0.03544922290732776
-1 0.0 0 0 0.002168416110773269
-1 0.0 0 0 0.007926625168924489
nodes 29
7 0.5799999833106995 1 22 0.0
4 0.6994354128837585 2 3 0.004801910384761232
-1 0.0 0 0 -0.0030922199243773574
8 42.5 4 17 0.008973779228190369
6 1.0057021379470825 5 10 -0.0029288006923152386
4 0.9219126105308533 6 7 -0.0497523033612464
-1 0.0 0 0 -0.011623067267987217
8 34.5 8 9 -0.019805679446488093
-1 0.0 0 0 -0.010481994532905582
-1 0.0 0 0 0.0008177072646520095
4 0.8254845142364502 11 12 0.003408845631955297
-1 0.0 0 0 -0.003985028833045484
6 1.0822429656982422 13 16 0.009694201058058962
2 10.532309532165527 14 15 0.024470409748656136
-1 0.0 0 0 -0.003008159182096733
-1 0.0 0 0 0.003292491873784104
-1 0.0 0 0 -0.0009197960086146467
6 1.027287483215332 18 21 0.02127632562626055
7 0.054999999701976776 19 20 0.041324024896314974
-1 0.0 0 0 0.0017421452725048248
-1 0.0 0 0 0.007010416699642495
-1 0.0 0 0 0.000641540899729726
6 1.0913560390472412 23 26 -0.03648449559299273
7 0.7524999976158142 24 25 -0.09359095285731485
-1 0.0 0 0 -0.006917571138207657
-1 0.0 0 0 -0.03683960795348143
1 10.88365364074707 27 28 -0.025544086904403407
-1 0.0 0 0 -0.0030381587622271096
-1 0.0 0 0 0.024671551232147024
nodes 29
5 1.2027151584625244 1 6 0.0
1 11.215852737426758 2 5 0.018778869565041635
3 0.7635694146156311 3 4 0.014759716907462016
-1 0.0 0 0 -4.00443458600155e-05
-1 0.0 0 0 0.002895490518301916
-1 0.0 0 0 0.008231305193821259
7 0.22499999403953552 7 10 -0.008429294740599941
7 0.027499999850988388 8 9 0.005967308389922881
-1 0.0 0 0 -0.0022029418035509145
-1 0.0 0 0 0.0012827783346013334
6 1.0227361917495728 11 20 -0.020070102746853124
8 40.5 12 19 0.05532128741560329
1 10.396780014038086 13 14 -0.09157028312911279
-1 0.0 0 0 -0.0240130172594002
1 10.602020263671875 15 18 -0.002434349450179272
7 0.3125 16 17 0.2524953602188373
-1 0.0 0 0 -0.01605145371603695
-1 0.0 0 0 0.041190268903186444
-1 0.0 0 0 -0.014037576769574303
-1 0.0 0 0 0.01221745938582048
7 0.8550000190734863 21 28 -0.022690610389451037
4 0.7779221534729004 22 23 -0.021320159881991464
-1 0.0 0 0 -0.004351046113541898
0 10.993462562561035 24 25 -0.012401347479961878
-1 0.0 0 0 -0.002152341663883754
2 10.804461479187012 26 27 0.010716715973145196
-1 0.0 0 0 0.022043128886862714
-1 0.0 0 0 0.0007433891167230655
-1 0.0 0 0 -0.016181891562198014
nodes 29
1 9.343647003173828 1 4 0.0
2 11.33646297454834 2 3 -0.041502009855053326
-1 0.0 0 0 -0.004310308653467233
-1 0.0 0 0 0.04925371166318655
4 0.6454275846481323 5 6 0.0033417566312926956
-1 0.0 0 0 -0.004132895338549019
8 56.5 7 26 0.00566079280753993
5 2.0134150981903076 8 23 0.0026545734930130305
3 0.7088161706924438 9 14 -0.0005995200045017017
8 42.5 10 11 -0.013341731572751215
-1 0.0 0 0 -0.003009838475361414
4 0.8560696840286255 12 13 -0.00208292452301036
-1 0.0 0 0 -0.0010614553246946982
-1 0.0 0 0 0.003860977917493756
8 32.5 15 22 0.011655627989622368
2 11.201592445373535 16 21 -0.01920331761636867
6 1.0300263166427612 17 20 -0.02937109719035954
7 0.5224999785423279 18 19 -0.13608239047360002
-1 0.0 0 0 -0.01091631772416763
-1 0.0 0 0 -0.05129513757205323
-1 0.0 0 0 -0.0017727636782348998
-1 0.0 0 0 0.012554389332147678
-1 0.0 0 0 0.0018329606843652448
6 1.1087907552719116 24 25 0.04497820437618326
-1 0.0 0 0 0.007236175476295472
-1 0.0 0 0 -0.0017943872217871548
6 1.0251288414001465 27 28 0.04726838167831587
-1 0.0 0 0 0.007551058227673744
-1 0.0 0 0 0.0003477408445689045
nodes 29
5 1.2027151584625244 1 4 0.0
1 11.232060432434082 2 3 0.015958757055462555
-1 0.0 0 0 0.001269429894785753
-1 0.0 0 0 0.007746422132963284
7 0.6575000286102295 5 14 -0.007163427231746276
4 0.7779221534729004 6 7 -0.0034548030047733985
-1 0.0 0 0 -0.0022230644668783644
8 44.5 8 11 0.0037092605507364085
5 2.108473539352417 9 10 -0.005593392164118866
-1 0.0 0 0 -0.0010538140830404442
-1 0.0 0 0 0.002824176794051593
5 1.564461588859558 12 13 0.02727776520986534
-1 0.0 0 0 0.001645318704688711
-1 0.0 0 0 0.007332313068005126
6 1.0670759677886963 15 22 -0.04187458768710977
6 1.0643609762191772 16 21 -0.21051920669588664
8 26.5 17 18 -0.15994910043155572
-1 0.0 0 0 0.025145517031733806
7 0.7325000166893005 19 20 -0.21040434118377854
-1 0.0 0 0 -0.010040465191123076
-1 0.0 0 0 -0.054886492356084865
-1 0.0 0 0 -0.07338098715180937
1 10.79168701171875 23 26 -0.034180784932121
6 1.069929599761963 24 25 -0.03931473024215186
-1 0.0 0 0 0.04793775169551373
-1 0.0 0 0 -0.004163820384543662
0 11.402329444885254 27 28 0.21608788818120955
-1 0.0 0 0 0.0351351271209481
-1 0.0 0 0 -0.0296785772467653
nodes 29
1 9.343647003173828 1 2 0.0
-1 0.0 0 0 -0.003613957898973896
5 1.1050344705581665 3 4 0.002909971675070477
-1 0.0 0 0 0.004530813133297199
1 11.319753646850586 5 26 0.0008440004695684609
5 1.976089358329773 6 17 0.0001235541433399708
3 0.5594451427459717 7 8 -0.0025921518387050932
-1 0.0 0 0 -0.0023434622953732455
8 32.5 9 14 0.0018788667244986844
6 1.0313830375671387 10 11 -0.024787471544641507
-1 0.0 0 0 -0.011678987371607434
2 11.201592445373535 12 13 -0.01528163839847495
-1 0.0 0 0 -0.0021463347094291467
-1 0.0 0 0 0.010009834645003097
8 60.5 15 16 0.005725160414435191
-1 0.0 0 0 0.00041258137308390613
-1 0.0 0 0 0.006997992567264618
6 1.0383507013320923 18 21 0.03082402026859089
6 1.0157277584075928 19 20 0.09564233387590086
-1 0.0 0 0 0.004418810365701201
-1 0.0 0 0 0.01716717188261993
2 11.485204696655273 22 25 0.01107716861089899
5 3.457435131072998 23 24 0.008528284777939224
-1 0.0 0 0 0.002480574588608709
-1 0.0 0 0 -0.005809218951766074
-1 0.0 0 0 0.06335146006196737
6 1.0921279191970825 27 28 0.11205548572185102
-1 0.0 0 0 0.008195561267224235
-1 0.0 0 0 0.07493875802940002
nodes 29
7 0.20749999582767487 1 18 0.0
7 0.03750000149011612 2 15 0.009627602272408569
6 1.0784711837768555 3 14 -0.009374695362788336
8 41.5 4 5 -0.014483550353361197
-1 0.0 0 0 -0.005651418458664915
4 0.8945967555046082 6 13 0.0015153986944793452
8 48.5 7 12 -0.013348884735224149
3 0.7495079040527344 8 9 -0.061613036136497476
-1 0.0 0 0 -0.008308517436509991
0 11.307106018066406 10 11 0.09093797102738094
-1 0.0 0 0 0.017203545450426513
-1 0.0 0 0 -0.01457071446920516
-1 0.0 0 0 0.0008560574197109208
-1 0.0 0 0 0.0041750134470168905
-1 0.0 0 0 0.008697075325364198
6 1.0320749282836914 16 17 0.017084597455721322
-1 0.0 0 0 0.00366032743712604
-1 0.0 0 0 0.0005359891814633672
5 1.1331427097320557 19 20 -0.009180995548892736
-1 0.0 0 0 0.003605679574047458
7 0.7900000214576721 21 22 -0.012299537119775718
-1 0.0 0 0 -0.001038417643501642
6 1.0897985696792603 23 24 -0.06963082967380117
-1 0.0 0 0 -0.04159131923690439
6 1.1370936632156372 25 28 -0.055364515105832374
1 10.245302200317383 26 27 0.1854768002701697
-1 0.0 0 0 2.819023750446461e-05
-1 0.0 0 0 0.0762430136020367
-1 0.0 0 0 -0.007634987401888793
nodes 29
4 0.7881062030792236 1 8 0.0
8 48.5 2 5 -0.014287734608821134
6 0.9436914324760437 3 4 -0.03214943915685426
-1 0.0 0 0 -0.02004473036428013
-1 0.0 0 0 -0.002817184530422243
4 0.7238169312477112 6 7 -0.0008813075020303586
-1 0.0 0 0 -0.0018812563416069632
-1 0.0 0 0 0.002598376079785389
8 38.5 9 22 0.00540626479374455
6 1.011566400527954 10 13 -0.00905876839222427
4 0.9035499691963196 11 12 -0.05537736771500223
-1 0.0 0 0 -0.017407065396838332
-1 0.0 0 0 -0.003751494629571703
0 11.231596946716309 14 15 -0.004647986757063343
-1 0.0 0 0 -0.0008414321324069406
4 1.0041821002960205 16 17 0.051424422074047876
-1 0.0 0 0 0.0021040313316911083
8 35.5 18 21 0.18586648189241572
6 1.0621753931045532 19 20 0.2975509484039293
-1 0.0 0 0 0.014265169193778111
-1 0.0 0 0 0.045567727271312225
-1 0.0 0 0 -0.0020483865757428463
4 0.9397803544998169 23 24 0.016465455839382866
-1 0.0 0 0 0.000914988189938429
3 0.5039893984794617 25 26 0.037275452360641045
-1 0.0 0 0 0.014134634080863392
4 1.026718258857727 27 28 0.03143777603986714
-1 0.0 0 0 0.004479288787004212
-1 0.0 0 0 -0.0005279143783545899
nodes 29
1 9.343647003173828 1 8 0.0
2 11.33646297454834 2 7 -0.029993658042927553
6 1.1078659296035767 3 6 -0.031407098516940436
7 0.7900000214576721 4 5 -0.07299538400947368
-1 0.0 0 0 -0.006505546608264
-1 0.0 0 0 -0.042890220507979394
-1 0.0 0 0 -0.0015650313211480853
-1 0.0 0 0 0.04414594120640686
4 0.5837951898574829 9 10 0.0024150999899841172
-1 0.0 0 0 -0.005627884485472457
8 60.5 11 28 0.0036048908076868167
4 0.8325598835945129 12 13 0.0018821272230430189
-1 0.0 0 0 -0.0010597351951802546
8 38.5 14 25 0.008605948689156056
0 11.231596946716309 15 16 -0.004599545292432689
-1 0.0 0 0 -0.0008407805487983668
4 1.0097408294677734 17 18 0.04505465629641497
-1 0.0 0 0 0.001544015627753023
6 1.0621753931045532 19 20 0.15728688079980202
-1 0.0 0 0 0.006503597681983076
8 36.5 21 24 0.3073667096627404
6 1.1059179306030273 22 23 0.40515048299157236
-1 0.0 0 0 0.0546945062527237
-1 0.0 0 0 0.0068388356594368815
-1 0.0 0 0 -0.009881204108779247
3 0.4265122413635254 26 27 0.020034550723973563
-1 0.0 0 0 0.009673888031569012
-1 0.0 0 0 0.001645618953865774
-1 0.0 0 0 0.004960736630974327
nodes 29
7 0.1899999976158142 1 14 0.0
7 0.03750000149011612 2 11 0.008476400068103698
6 1.0784711837768555 3 10 -0.008899902904988898
8 45.5 4 9 -0.01352843065380259
4 0.857585608959198 5 6 -0.03774854336556533
-1 0.0 0 0 -0.011015906185604541
8 29.5 7 8 -0.020206406411478334
-1 0.0 0 0 -0.01926992936442568
-1 0.0 0 0 -0.0014041421947344759
-1 0.0 0 0 0.0006134978739621101
-1 0.0 0 0 0.007838728438373233
6 1.0251288414001465 12 13 0.01588235894887523
-1 0.0 0 0 0.0033786481726744903
-1 0.0 0 0 0.0007281941591614855
6 1.0507183074951172 15 28 -0.007230523976831911
1 8.446126937866211 16 17 0.014031679662909378
-1 0.0 0 0 -0.04163162211274229
7 0.7325000166893005 18 27 0.015846373063341718
8 32.5 19 22 0.017473268840412337
4 0.8976931571960449 20 21 -0.06914106857340284
-1 0.0 0 0 -0.0474612050058861
-1 0.0 0 0 -0.004805113497264915
4 0.9348525404930115 23 26 0.023466778338090532
8 42.5 24 25 0.010677229139182912
-1 0.0 0 0 -0.003872367324201476
-1 0.0 0 0 0.0026481141739086896
-1 0.0 0 0 0.005693914741914378
-1 0.0 0 0 -0.04344783780298063
-1 0.0 0 0 -0.0012596220297382789
nodes 29
5 1.1073241233825684 1 2 0.0
-1 0.0 0 0 0.0034582615395392295
1 8.886547088623047 3 4 -0.001708072889036952
-1 0.0 0 0 -0.00392060031965718
4 0.5524404048919678 5 8 -0.00026771766465563034
6 1.0968869924545288 6 7 -0.06045728001702647
-1 0.0 0 0 -0.014146168709536642
-1 0.0 0 0 -0.0017356821911192776
8 62.5 9 28 0.0006353593250238149
6 1.2487586736679077 10 27 -0.0005781456886852773
5 1.976089358329773 11 12 0.0007424772896952802
-1 0.0 0 0 -0.00019210472356902687
6 1.0383507013320923 13 22 0.02530411805981165
2 10.944382667541504 14 19 0.08188193330776894
4 0.8603546619415283 15 16 0.005428671362966745
-1 0.0 0 0 -0.007588619855724928
6 1.0227361917495728 17 18 0.09141979578338688
-1 0.0 0 0 0.0003319365208846561
-1 0.0 0 0 0.027104203287710987
7 0.4975000023841858 20 21 0.13482376200933088
-1 0.0 0 0 0.0112506387488462
-1 0.0 0 0 0.05041131479489916
2 11.485204696655273 23 26 0.010263840876855262
4 0.8805124759674072 24 25 0.008486150080617707
-1 0.0 0 0 -0.001688391551095797
-1 0.0 0 0 0.004148207164533367
-1 0.0 0 0 0.053477151030674575
-1 0.0 0 0 -0.004014518768075979
-1 0.0 0 0 0.004838364531921254
nodes 29
5 1.2027151584625244 1 16 0.0
3 0.7807164192199707 2 5 0.010815430015443002
8 52.5 3 4 -0.0005272959552396271
-1 0.0 0 0 -0.0010427091621038583
-1 0.0 0 0 0.002299812100148298
0 11.200021743774414 6 15 0.02402110584406627
1 11.06264591217041 7 8 0.014132693472787769
-1 0.0 0 0 0.001757275553850948
6 1.027287483215332 9 10 -0.09136254320934462
-1 0.0 0 0 -0.021370617200642133
8 36.5 11 12 -0.007858161649435128
-1 0.0 0 0 -0.015230615248414453
8 42.5 13 14 0.1510346282687452
-1 0.0 0 0 0.027903169101442804
-1 0.0 0 0 -0.020095729428188255
-1 0.0 0 0 0.005980131158563095
7 0.8550000190734863 17 28 -0.0048547355958659735
4 0.7779221534729004 18 19 -0.004246031134153725
-1 0.0 0 0 -0.0016991660515319148
8 44.5 20 21 0.0005868660756579648
-1 0.0 0 0 -0.0006104879839191552
5 1.564461588859558 22 23 0.019900541013517417
-1 0.0 0 0 0.001082401557776745
1 9.935519218444824 24 25 0.05819161791987096
-1 0.0 0 0 0.001135393846880058
7 0.4375 26 27 0.09321773348082209
-1 0.0 0 0 0.007442337964863881
-1 0.0 0 0 0.028793401192236057
-1 0.0 0 0 -0.0121032483755732
nodes 29
8 30.5 1 6 0.0
6 1.0279922485351562 2 3 -0.02327365068816062
-1 0.0 0 0 -0.015787773974571952
2 11.32801628112793 4 5 -0.015550950934454744
-1 0.0 0 0 -0.0019002300515181987
-1 0.0 0 0 0.0282548307082974
4 0.8560696840286255 7 20 0.0020308291635029964
8 51.5 8 15 -0.006832008188781933
6 1.0069822072982788 9 14 -0.013942552920108077
8 40.5 10 13 -0.0603356937056216
2 10.990718841552734 11 12 -0.16680390451643012
-1 0.0 0 0 -0.009798267024953657
-1 0.0 0 0 -0.03565034605085086
-1 0.0 0 0 -0.004947764088015453
-1 0.0 0 0 -0.0007664795783426631
4 0.5837951898574829 16 17 0.006760205376144401
-1 0.0 0 0 -0.0054137474861785
1 9.773207664489746 18 19 0.01342073722397797
-1 0.0 0 0 -0.005434675457722443
-1 0.0 0 0 0.0017657283280258077
5 1.0834606885910034 21 26 0.010543554668241405
2 10.3197603225708 22 23 0.07691679262701519
-1 0.0 0 0 -0.031680363602936266
7 0.4350000023841858 24 25 0.0883289789648812
-1 0.0 0 0 0.007316369401724159
-1 0.0 0 0 0.0556119691580534
8 38.5 27 28 0.0091733431700738
-1 0.0 0 0 -3.622271501932088e-05
-1 0.0 0 0 0.0016908257015679424
nodes 29
1 11.319753646850586 1 26 0.0
4 0.6551560163497925 2 3 -0.0005698073595148747
-1 0.0 0 0 -0.002471500160631169
8 72.5 4 25 0.0010553777611151365
2 10.209389686584473 5 8 0.0008091541402455155
6 1.07659113407135 6 7 -0.020541885351378984
-1 0.0 0 0 -0.010379454870888493
-1 0.0 0 0 -0.0007996800274754234
0 9.658673286437988 9 10 0.003088000254452856
-1 0.0 0 0 -0.01386074416012326
6 1.1370936632156372 11 24 0.0034840715300051657
4 0.8819795250892639 12 15 0.0058506434652127555
8 42.5 13 14 -0.002492590366634479
-1 0.0 0 0 -0.002426912171632172
-1 0.0 0 0 0.0003941813760165748
5 1.976089358329773 16 23 0.01438833337952275
7 0.7774999737739563 17 18 0.010105235144480772
-1 0.0 0 0 0.0009477213626296095
6 1.0897985696792603 19 20 0.29913573534186205
-1 0.0 0 0 -0.0474176494574005
3 0.7563859224319458 21 22 0.6771994921896193
-1 0.0 0 0 0.009414861053228378
-1 0.0 0 0 0.11436401975154878
-1 0.0 0 0 0.006353660729681469
-1 0.0 0 0 -0.001899852723335829
-1 0.0 0 0 0.023703100172074876
6 1.0952529907226562 27 28 0.07210329772384615
-1 0.0 0 0 0.005513173299930346
-1 0.0 0 0 0.05982218041846698
nodes 29
7 0.7900000214576721 1 20 0.0
4 0.7881062030792236 2 9 0.0007876044573438787
5 5.255569934844971 3 4 -0.009335121603601351
-1 0.0 0 0 -0.0007031311102853929
6 1.153445839881897 5 8 -0.08371169230532692
7 0.6424999833106995 6 7 -0.12955515780458612
-1 0.0 0 0 -0.009644026280480951
-1 0.0 0 0 -0.03362867165889059
-1 0.0 0 0 0.0019588916619670475
3 0.4265122413635254 10 17 0.004639394208224241
0 11.485647201538086 11 14 0.02936715074161979
1 9.935519218444824 12 13 0.022113804551590507
-1 0.0 0 0 0.0006967598484272561
-1 0.0 0 0 0.008009673737551688
6 1.0605583190917969 15 16 0.3334636897585976
-1 0.0 0 0 0.019918740265525117
-1 0.0 0 0 0.058283393723624094
5 1.1404677629470825 18 19 0.0024760987394914077
-1 0.0 0 0 0.0022269738720020102
-1 0.0 0 0 -9.344370572531481e-05
6 1.0897985696792603 21 22 -0.049942257219434516
-1 0.0 0 0 -0.033573285090652376
6 1.130232572555542 23 28 -0.03820328585812764
1 9.73382568359375 24 27 0.18052422689212547
7 0.8274999856948853 25 26 -0.09504852843071733
-1 0.0 0 0 0.013050421348639896
-1 0.0 0 0 -0.04709697649592445
-1 0.0 0 0 0.062144063540867406
-1 0.0 0 0 -0.005415216699616693
nodes 29
8 30.5 1 6 0.0
6 1.0279922485351562 2 3 -0.020284962265860983
-1 0.0 0 0 -0.01425892264645337
2 11.32801628112793 4 5 -0.013267945787257748
-1 0.0 0 0 -0.0016274510158692489
-1 0.0 0 0 0.024641441537115057
3 0.8574846982955933 7 28 0.0017700399293092363
6 1.0279922485351562 8 21 -0.0005703915965110053
7 0.03999999910593033 9 16 0.010189031380103018
8 44.5 10 15 -0.011383837823354033
4 0.8603546619415283 11 14 -0.04954014683506881
2 11.16707706451416 12 13 -0.12527124714316507
-1 0.0 0 0 -0.009278255586393197
-1 0.0 0 0 -0.03280131763760717
-1 0.0 0 0 -0.0025107619614847527
-1 0.0 0 0 0.0007029250486660587
7 0.5975000262260437 17 18 0.02776308150255506
-1 0.0 0 0 0.0029021661428131145
4 0.9234445095062256 19 20 -0.22360570915043354
-1 0.0 0 0 -0.04154086883578982
-1 0.0 0 0 0.0068268389643534365
7 0.09749999642372131 22 27 -0.004832679841254913
6 1.0847994089126587 23 26 0.017866128318239978
5 1.2601879835128784 24 25 0.003119848495304462
-1 0.0 0 0 -0.002167722706011891
-1 0.0 0 0 0.003395405821479821
-1 0.0 0 0 0.006471528420450515
-1 0.0 0 0 -0.0008645145013728989
-1 0.0 0 0 0.002321175633818657
nodes 29
1 11.319753646850586 1 26 0.0
5 1.0834606885910034 2 11 -0.0004989368658511618
7 0.4099999964237213 3 8 0.046156202896151195
6 1.0665274858474731 4 5 0.03408420195122435
-1 0.0 0 0 0.0062305179374367884
0 11.364251136779785 6 7 -0.07697899952050179
-1 0.0 0 0 -0.004409291449520323
-1 0.0 0 0 -0.03986907008549442
4 0.8211635947227478 9 10 0.20334906626413476
-1 0.0 0 0 -0.010259084388613702
-1 0.0 0 0 0.03141968597968419
7 0.8550000190734863 12 25 -0.0011995666565026567
4 0.6454275846481323 13 20 -0.0008600631259260535
6 1.1119493246078491 14 19 -0.02258729757018078
7 0.3700000047683716 15 18 -0.0482476934481145
4 0.49844005703926086 16 17 -0.028088967036661916
-1 0.0 0 0 -0.016785848752385184
-1 0.0 0 0 -0.0017213326637307274
-1 0.0 0 0 -0.013822853670256086
-1 0.0 0 0 0.0007291089832216123
8 69.5 21 22 0.0004255954079021136
-1 0.0 0 0 6.4745467159729475e-06
5 1.2252627611160278 23 24 0.12215477357366596
-1 0.0 0 0 0.0002340379135015594
-1 0.0 0 0 0.022550612144822697
-1 0.0 0 0 -0.009226149522588357
6 1.0952529907226562 27 28 0.06313535982553731
-1 0.0 0 0 0.004784714035134042
-1 0.0 0 0 0.0537070163525641
nodes 29
1 8.886547088623047 1 12 0.0
0 11.590191841125488 2 11 -0.02855036436977918
6 1.130232572555542 3 10 -0.03125169926231759
7 0.6499999761581421 4 9 -0.08047952444157577
4 0.7881062030792236 5 6 -0.05432633188610129
-1 0.0 0 0 -0.013952812358067605
4 0.8030299544334412 7 8 -0.007818803668538654
-1 0.0 0 0 0.03363954308960173
-1 0.0 0 0 -0.0029382108386039837
-1 0.0 0 0 -0.020229834239733846
-1 0.0 0 0 -0.001274014278913787
-1 0.0 0 0 0.03578633132128744
7 0.004999999888241291 13 14 0.0010445296251110163
-1 0.0 0 0 -0.0030288370843462504
6 1.027287483215332 15 26 0.001982642648497993
8 29.5 16 17 0.012600526360326993
-1 0.0 0 0 -0.019472964754742056
7 0.07750000059604645 18 19 0.014750056818427861
-1 0.0 0 0 8.043346949876444e-05
3 0.778762936592102 20 23 0.036098938038009204
8 46.5 21 22 0.023681168697251075
-1 0.0 0 0 -0.0017503000859276135
-1 0.0 0 0 0.0045352779455768225
4 1.0206972360610962 24 25 0.0740125705747109
-1 0.0 0 0 0.011173243280781944
-1 0.0 0 0 -0.0012230415404872203
7 0.0949999988079071 27 28 -0.0015622091719965348
-1 0.0 0 0 0.0019496620580770068
-1 0.0 0 0 -0.0004894963568353436
nodes 29
4 0.716392993927002 1 2 0.0
-1 0.0 0 0 -0.0012995590356114017
8 56.5 3 28 0.001999372933810734
7 0.004999999888241291 4 5 0.00029752654546234353
-1 0.0 0 0 -0.0036241867035603104
6 1.2487586736679077 6 27 0.0013159916324131384
1 8.09162712097168 7 8 0.0025718142027398006
-1 0.0 0 0 -0.010848563462943652
4 0.8819795250892639 9 10 0.002944689759970222
-1 0.0 0 0 -0.00042232029268834655
3 0.4265122413635254 11 20 0.008431222642071644
1 10.148940086364746 12 15 0.04964895949444557
7 0.8550000190734863 13 14 0.035971611997245974
-1 0.0 0 0 0.004004883454742089
-1 0.0 0 0 -0.03239216861816553
7 0.5224999785423279 16 19 0.2386080281908757
0 11.124656677246094 17 18 0.17787471466737104
-1 0.0 0 0 0.051233968257438395
-1 0.0 0 0 0.010640784118296658
-1 0.0 0 0 0.05703053558961704
8 38.5 21 26 0.005632091730894358
4 1.0041821002960205 22 23 -0.002677157110276395
-1 0.0 0 0 -0.0018498536598984452
0 11.132060050964355 24 25 0.010475816770968266
-1 0.0 0 0 0.0004128925985012337
-1 0.0 0 0 0.00903506901565549
-1 0.0 0 0 0.0015697542978884297
-1 0.0 0 0 -0.002808874819309102
-1 0.0 0 0 0.00380378738112698
nodes 29
5 1.1050344705581665 1 16 0.0
4 1.054443359375 2 11 0.023164188297145467
7 0.375 3 8 0.03016944587522799
4 0.9502312541007996 4 5 0.02049534248894191
-1 0.0 0 0 0.0004314931381652653
4 0.9594631791114807 6 7 0.06529976031259047
-1 0.0 0 0 0.030955074794975848
-1 0.0 0 0 0.0038021408676603796
3 0.9505783915519714 9 10 0.11962064545833777
-1 0.0 0 0 0.009111535128604317
-1 0.0 0 0 0.03786116039380431
7 0.019999999552965164 12 13 -0.07542731621617937
-1 0.0 0 0 -0.037890126715030746
6 1.100245475769043 14 15 -0.029157745221738324
-1 0.0 0 0 -0.0070779947409589684
-1 0.0 0 0 0.023861175552010536
1 11.319753646850586 17 20 -0.0010445103333762188
0 11.621062278747559 18 19 -0.0014843531223720932
-1 0.0 0 0 -6.855403235643662e-05
-1 0.0 0 0 -0.0035175837729719637
6 1.0921279191970825 21 28 0.07261104564976824
3 0.8678412437438965 22 27 0.049252154885502476
4 0.9414822459220886 23 26 0.022277175352361088
5 1.1474534273147583 24 25 0.05673056393209333
-1 0.0 0 0 -0.004295925538323513
-1 0.0 0 0 0.012349530530841424
-1 0.0 0 0 -0.016214978704502916
-1 0.0 0 0 0.026112835776399487
-1 0.0 0 0 0.0567210167484439
nodes 29
8 28.5 1 4 0.0
6 1.019361138343811 2 3 -0.02197400194803062
-1 0.0 0 0 -0.019730008988827468
-1 0.0 0 0 -0.0016504633095390114
4 0.9502312541007996 5 28 0.0010600142257550793
8 42.5 6 25 -0.0025254242713091918
6 1.011566400527954 7 12 -0.013342849834078062
7 0.3125 8 9 -0.06782069056088201
-1 0.0 0 0 -0.005658068075435187
1 10.528409004211426 10 11 -0.3121035703561372
-1 0.0 0 0 -0.009458156279856113
-1 0.0 0 0 -0.049411178076145604
7 0.14499999582767487 13 22 -0.007747665750596266
1 10.708958625793457 14 15 0.02287952648553925
-1 0.0 0 0 0.00456369519616929
4 0.8490512371063232 16 17 -0.015217968742090462
-1 0.0 0 0 -0.010995196864823812
8 34.5 18 21 0.017701181804447328
6 1.039546012878418 19 20 -0.1797275229063081
-1 0.0 0 0 -0.05549800825008954
-1 0.0 0 0 -0.006663771042574759
-1 0.0 0 0 0.0037632878879390757
8 41.5 23 24 -0.014810385581180271
-1 0.0 0 0 -0.0009248824812357475
-1 0.0 0 0 -0.005604224774671477
4 0.7484859228134155 26 27 0.0033749652536167827
-1 0.0 0 0 -0.0008667814505276798
-1 0.0 0 0 0.0009848539834811057
-1 0.0 0 0 0.0010590151399366297
nodes 29
7 0.7900000214576721 1 16 0.0
4 0.8367640972137451 2 9 0.0005822706589941151
8 55.5 3 4 -0.005048367753981378
-1 0.0 0 0 -0.0009378211966262396
4 0.7420048117637634 5 8 0.010133254854195228
3 0.37463316321372986 6 7 -0.005928162888633612
-1 0.0 0 0 -0.005708985368287891
-1 0.0 0 0 0.0008462601437274174
-1 0.0 0 0 0.004349013842695793
5 1.0834606885910034 10 15 0.0043701973031027895
7 0.4424999952316284 11 14 0.055823385566946396
1 10.669536590576172 12 13 0.042441246284263046
-1 0.0 0 0 -0.0077877313375866375
-1 0.0 0 0 0.006796336500004808
-1 0.0 0 0 0.03356317523866892
-1 0.0 0 0 0.00034141280377530356
6 1.0897985696792603 17 20 -0.036921973268150526
0 10.645781517028809 18 19 -0.2907476826824925
-1 0.0 0 0 -0.059103142470121384
-1 0.0 0 0 -0.011915697295750892
6 1.130232572555542 21 26 -0.026495973254865378
3 0.7279320955276489 22 25 0.17116838709993676
6 1.1078659296035767 23 24 -0.06652811041166043
-1 0.0 0 0 -0.032800667981306715
-1 0.0 0 0 0.021362749966127532
-1 0.0 0 0 0.05889379887869864
2 11.045175552368164 27 28 -0.040908999530736366
-1 0.0 0 0 -0.003358356479446091
-1 0.0 0 0 -0.029478763767651153
nodes 29
8 30.5 1 28 0.0
2 11.125099182128906 2 9 -0.015203725777389168
6 1.0313830375671387 3 8 -0.021883528467531412
0 10.80944538116455 4 7 -0.13159515091153093
1 10.462960243225098 5 6 -0.062301510750354054
-1 0.0 0 0 -0.014930445514183783
-1 0.0 0 0 0.008641282443043798
-1 0.0 0 0 -0.025675343120264888
-1 0.0 0 0 -0.0015600407549207123
0 10.824865341186523 10 15 0.07015214683871142
7 0.4699999988079071 11 14 0.26376788627605363
7 0.27250000834465027 12 13 0.04753899989009369
-1 0.0 0 0 0.03412290470208973
-1 0.0 0 0 -0.027168931220860587
-1 0.0 0 0 0.05368991111846347
8 28.5 16 17 0.03204927820802165
-1 0.0 0 0 -0.005531200381422727
6 1.0589200258255005 18 21 0.10051199718055957
6 1.0512577295303345 19 20 -0.03182636190424947
-1 0.0 0 0 0.00574439903261301
-1 0.0 0 0 -0.0376154863364285
6 1.0815815925598145 22 23 0.19490719037391988
-1 0.0 0 0 0.04950153407682466
5 1.232280969619751 24 25 0.057102427437749445
-1 0.0 0 0 -0.019520188405595978
5 1.5100528001785278 26 27 0.16314336994959824
-1 0.0 0 0 0.038136184392258146
-1 0.0 0 0 -0.01205406462152799
-1 0.0 0 0 0.00013266577634597632
nodes 29
7 0.004999999888241291 1 10 0.0
8 50.5 2 3 -0.025645925993109202
-1 0.0 0 0 -0.00494732650621639
7 0.0 4 9 0.019132103009100638
5 1.2392995357513428 5 8 -0.05587181781661442
1 10.852051734924316 6 7 0.026949877283700248
-1 0.0 0 0 -0.013820091316129192
-1 0.0 0 0 0.011473272986256996
-1 0.0 0 0 -0.01617341348621294
-1 0.0 0 0 0.005865590824421657
6 1.027287483215332 11 28 0.0007429852881747438
8 40.5 12 19 0.009949685997765929
4 0.8108591437339783 13 14 -0.02308114784993005
-1 0.0 0 0 -0.01925632675217154
8 29.5 15 16 -0.016994773386578642
-1 0.0 0 0 -0.01572878929816289
6 1.011566400527954 17 18 -0.009582291546607493
-1 0.0 0 0 -0.003281338066853205
-1 0.0 0 0 0.0037977958856623565
7 0.1574999988079071 20 27 0.018889287387952487
4 0.8646692633628845 21 24 0.010849771097434619
8 57.5 22 23 -0.007562147134885087
-1 0.0 0 0 -0.002154549853191698
-1 0.0 0 0 0.0025910500271760007
5 2.47843337059021 25 26 0.03845747986073432
-1 0.0 0 0 0.003423734551289876
-1 0.0 0 0 0.02236899883016821
-1 0.0 0 0 0.005467699646216924
-1 0.0 0 0 -0.0002198208456121341
nodes 29
7 0.8550000190734863 1 22 0.0
4 0.9502312541007996 2 21 0.00025844758659130393
8 42.5 3 20 -0.0025137784756927976
6 1.011566400527954 4 9 -0.011940298002459819
7 0.3375000059604645 5 8 -0.058706806982034745
5 1.1331427097320557 6 7 -0.048841246997628866
-1 0.0 0 0 -0.015230172208661073
-1 0.0 0 0 -0.0032550173364346183
-1 0.0 0 0 -0.030472140406152304
7 0.17749999463558197 10 11 -0.007217083447099555
-1 0.0 0 0 0.0017247967814093081
8 41.5 12 13 -0.014669398270858124
-1 0.0 0 0 -0.000930960788014479
6 1.1165903806686401 14 19 -0.05693823666070654
1 10.665390968322754 15 16 -0.08768235507857945
-1 0.0 0 0 -0.012923862915369375
6 1.1019482612609863 17 18 -0.017683120080942496
-1 0.0 0 0 0.0011397508948485723
-1 0.0 0 0 -0.0352110353919367
-1 0.0 0 0 0.0011583709923777732
-1 0.0 0 0 0.000271454240105825
-1 0.0 0 0 0.000672236363603297
8 21.5 23 24 -0.07092403802389359
-1 0.0 0 0 -0.021344237895561502
2 10.889286041259766 25 28 -0.02685210126990744
6 1.2105618715286255 26 27 0.009870373287778263
-1 0.0 0 0 0.029843782114330683
-1 0.0 0 0 -0.0019131380265541187
-1 0.0 0 0 -0.02949261655410131
nodes 29
3 0.09208572655916214 1 22 0.0
0 11.575533866882324 2 19 -0.04714371914074004
6 1.098508596420288 3 18 -0.06355107805461215
1 8.565220832824707 4 11 -0.1366278122717681
7 0.6424999833106995 5 10 -0.20231286575834886
7 0.5899999737739563 6 9 -0.16044275688299597
7 0.2524999976158142 7 8 -0.2054770693904555
-1 0.0 0 0 -0.005458469439638846
-1 0.0 0 0 -0.030488851644537032
-1 0.0 0 0 0.015704914629459384
-1 0.0 0 0 -0.04270157833894094
0 11.15426254272461 12 13 -0.011169360112398862
-1 0.0 0 0 0.044052692670375114
7 0.4975000023841858 14 17 -0.12409343181643635
0 11.385478019714355 15 16 -0.22391272895038128
-1 0.0 0 0 -0.005492699454771355
-1 0.0 0 0 -0.04241921178720616
-1 0.0 0 0 0.015635126013131367
-1 0.0 0 0 -0.0006232130191559884
6 1.1078659296035767 20 21 0.2054532948356165
-1 0.0 0 0 0.04281663097765135
-1 0.0 0 0 -0.0050666672346415
8 20.5 23 26 0.0003730939356333348
7 0.7900000214576721 24 25 -0.10481320716313679
-1 0.0 0 0 0.0009226760134482995
-1 0.0 0 0 -0.02218542262317466
4 0.49844005703926086 27 28 0.0005552470057140802
-1 0.0 0 0 -0.004922584358287387
-1 0.0 0 0 9.166741426668357e-05
nodes 29
0 10.302498817443848 1 16 0.0
6 1.07659113407135 2 7 -0.011956219146701641
2 11.0753812789917 3 6 -0.06895743386538476
2 9.576371192932129 4 5 -0.07841021645175579
-1 0.0 0 0 -0.041054924201841154
-1 0.0 0 0 -0.007064995884505824
-1 0.0 0 0 0.040877165530736635
4 2.4293885231018066 8 11 -0.002603748505947951
7 0.029999999329447746 9 10 0.001263301635867685
-1 0.0 0 0 0.0218423224796178
-1 0.0 0 0 -3.723980279211963e-05
6 1.1010961532592773 12 15 -0.11358105657579885
7 0.6025000214576721 13 14 -0.3131273162902379
-1 0.0 0 0 -0.00949200244827403
-1 0.0 0 0 -0.06273458164930344
-1 0.0 0 0 -0.00567010479656083
4 0.9502312541007996 17 18 0.0014158739913130924
-1 0.0 0 0 -0.00019901878378322194
4 1.0508074760437012 19 24 0.010670924803072294
6 1.1165903806686401 20 21 0.01858137010229185
-1 0.0 0 0 0.002509659452310484
0 11.293549537658691 22 23 -0.02648350222982349
-1 0.0 0 0 -0.0032044906189971746
-1 0.0 0 0 0.04118562462654981
8 45.5 25 26 -0.003620304638090833
-1 0.0 0 0 2.274118501436188e-05
1 10.409340858459473 27 28 -0.14562568360288156
-1 0.0 0 0 0.028660287510138008
-1 0.0 0 0 -0.02147822529955634
nodes 29
1 11.319753646850586 1 26 0.0
0 11.721125602722168 2 23 -0.00035809663273461993
8 60.5 3 4 8.063581460961008e-05
-1 0.0 0 0 -9.15105648078627e-05
6 1.014693260192871 5 10 0.026385836908887524
1 9.73382568359375 6 7 0.06176948839194441
-1 0.0 0 0 -0.020133091423373956
7 0.0024999999441206455 8 9 0.07125715894432691
-1 0.0 0 0 -0.01012897698806142
-1 0.0 0 0 0.008494725958462913
6 1.0202295780181885 11 14 -0.004241727005183734
3 0.5077089071273804 12 13 -0.12995814894692917
-1 0.0 0 0 0.00682525361645157
-1 0.0 0 0 -0.023597781772746945
6 1.0235790014266968 15 18 0.0061689177227399776
7 0.17499999701976776 16 17 0.17478855637212595
-1 0.0 0 0 0.0029990961154301964
-1 0.0 0 0 0.04354242277642092
2 11.16707706451416 19 20 -0.0032112476061000365
-1 0.0 0 0 0.001277683631483446
2 11.21100902557373 21 22 -0.10793319728822098
-1 0.0 0 0 -0.027650827376569126
-1 0.0 0 0 -0.0021091491224069616
1 11.215852737426758 24 25 -0.04883556110555733
-1 0.0 0 0 -0.007460788304097448
-1 0.0 0 0 0.0057392663282091515
6 1.0952529907226562 27 28 0.04531347184826535
-1 0.0 0 0 0.0032751842551516294
-1 0.0 0 0 0.04347239800474861
nodes 29
5 1.1050344705581665 1 28 0.0
4 1.0508074760437012 2 25 0.018395010321360077
6 0.9595891833305359 3 4 0.025085592352026127
-1 0.0 0 0 -0.005849756046185973
6 0.9916524291038513 5 10 0.032769644756833895
8 56.5 6 7 0.10877820430926137
-1 0.0 0 0 0.006475158713919182
8 63.5 8 9 0.31030849417225576
-1 0.0 0 0 0.04457745692331572
-1 0.0 0 0 0.0008588599718429825
7 0.375 11 24 0.022351026001984027
3 0.8156661987304688 12 13 0.01144810413015439
-1 0.0 0 0 -0.00213451448859241
1 10.682238578796387 14 19 0.04841254465288052
7 0.09749999642372131 15 16 -0.06052454619745478
-1 0.0 0 0 0.007630557843487408
4 0.9536824226379395 17 18 -0.13367272603234756
-1 0.0 0 0 -0.027994931818566462
-1 0.0 0 0 -0.0021527338714804503
6 1.0670759677886963 20 23 0.07636275513393395
3 0.8230019807815552 21 22 0.10174976281776446
-1 0.0 0 0 0.03505288996757605
-1 0.0 0 0 0.008831155459413311
-1 0.0 0 0 -0.0025318891431303013
-1 0.0 0 0 0.010222199833106453
6 1.100245475769043 26 27 -0.06522560899570999
-1 0.0 0 0 -0.01025330344756761
-1 0.0 0 0 0.01948900519896092
-1 0.0 0 0 -8.294605444380134e-05
nodes 29
7 0.004999999888241291 1 28 0.0
8 50.5 2 5 -0.02238343979651509
4 1.2449543476104736 3 4 -0.04384886586660287
-1 0.0 0 0 -0.004809023232978905
-1 0.0 0 0 0.021110438486492192
7 0.0024999999441206455 6 11 0.017955914435426625
1 10.730925559997559 7 8 -0.014444290798095878
-1 0.0 0 0 -0.009737593110987982
1 10.773880958557129 9 10 0.037137855454809944
-1 0.0 0 0 0.03365119351694981
-1 0.0 0 0 0.0010953533613875118
1 10.261860847473145 12 13 0.08975856705916697
-1 0.0 0 0 0.0464814762451819
5 1.3936465978622437 14 27 0.0585038841097793
8 58.5 15 24 0.10813557876620032
3 0.6053846478462219 16 17 0.034284617305578045
-1 0.0 0 0 -0.024395837262272835
5 1.222610592842102 18 23 0.0978204181553488
2 11.16707706451416 19 22 0.02728852194293292
3 0.6916592717170715 20 21 0.13602283452953196
-1 0.0 0 0 -0.007003795796073974
-1 0.0 0 0 0.028753812312531997
-1 0.0 0 0 -0.016139749107498894
-1 0.0 0 0 0.029074589897166284
0 11.551300048828125 25 26 0.29395412695744344
-1 0.0 0 0 0.0410198862886145
-1 0.0 0 0 0.00498401815071702
-1 0.0 0 0 -0.025972286398139074
-1 0.0 0 0 6.484681980246183e-05
nodes 29
5 1.2027151584625244 1 28 0.0
4 0.8339234590530396 2 21 0.005658670748903092
7 0.7049999833106995 3 20 -0.005164350103986301
8 52.5 4 17 -0.005963607784621986
0 11.200021743774414 5 6 -0.01828839834468455
-1 0.0 0 0 0.0005442567681419014
6 1.0905787944793701 7 16 -0.04805666760501523
7 0.39250001311302185 8 13 -0.06790576514589423
1 10.79168701171875 9 10 -0.057446478394416044
-1 0.0 0 0 -0.022299548509446057
7 0.07249999791383743 11 12 -0.048064515108993636
-1 0.0 0 0 -0.00969839193111506
-1 0.0 0 0 -0.0019471622530426785
3 0.6110562086105347 14 15 -0.19484065939016507
-1 0.0 0 0 0.014789203170775658
-1 0.0 0 0 -0.024347164934324858
-1 0.0 0 0 0.006493050301229606
0 10.681572914123535 18 19 0.013020441339830402
-1 0.0 0 0 -0.01675297287731048
-1 0.0 0 0 0.001712934748697886
-1 0.0 0 0 0.0282094780743743
0 11.664985656738281 22 23 0.011481894011065355
-1 0.0 0 0 0.0010578542508044592
6 1.042451024055481 24 27 0.20742210014218307
5 1.1215190887451172 25 26 0.09101802006102445
-1 0.0 0 0 0.029822171530846892
-1 0.0 0 0 -0.012358580715954304
-1 0.0 0 0 0.04626156603201078
-1 0.0 0 0 -0.0002540014646479553
nodes 29
8 25.5 1 28 0.0
2 11.082234382629395 2 23 -0.028331696896506966
6 1.094425916671753 3 14 -0.03797124920586004
5 1.5100528001785278 4 9 -0.11064783585011768
6 1.0626906156539917 5 6 -0.19872124274207328
-1 0.0 0 0 -0.0014625462315066148
7 0.5724999904632568 7 8 -0.34555954379694803
-1 0.0 0 0 -0.022548378013267086
-1 0.0 0 0 -0.061342086274033564
2 10.900103569030762 10 13 0.0070431768993097065
3 0.6996487379074097 11 12 0.09093134168015662
-1 0.0 0 0 0.03575194540123145
-1 0.0 0 0 -0.001226405664196899
-1 0.0 0 0 -0.026015616277301753
6 1.1130802631378174 15 22 -0.021902054168938753
4 1.2449543476104736 16 19 0.11185529493839941
7 0.5024999976158142 17 18 0.352102718820485
-1 0.0 0 0 0.008389548878543653
-1 0.0 0 0 0.06690748997709968
8 22.5 20 21 -0.0836002363555007
-1 0.0 0 0 0.016340028122067453
-1 0.0 0 0 -0.023046540896836165
-1 0.0 0 0 -0.0035068600953193753
7 0.4650000035762787 24 25 0.11806900380179286
-1 0.0 0 0 -0.023281716464741812
6 1.1142096519470215 26 27 0.3381162619818065
-1 0.0 0 0 0.05583730119352157
-1 0.0 0 0 -0.009138440042734145
-1 0.0 0 0 4.989850804289951e-05
nodes 29
3 0.09208572655916214 1 20 0.0
7 0.08500000089406967 2 3 -0.041594425127024146
-1 0.0 0 0 -0.03054194088356617
0 11.575533866882324 4 17 -0.026145214369311137
6 1.098508596420288 5 16 -0.04307125110169702
1 8.565220832824707 6 11 -0.09879168825469507
7 0.24250000715255737 7 8 -0.17109111867496493
-1 0.0 0 0 0.008303278828305857
6 1.0534701347351074 9 10 -0.23649065355386803
-1 0.0 0 0 -0.042130047141721375
-1 0.0 0 0 -0.016482970377012175
1 8.8262939453125 12 15 0.043314088778249146
8 47.5 13 14 0.21274072920473722
-1 0.0 0 0 0.04741748281355415
-1 0.0 0 0 -0.009226571954786779
-1 0.0 0 0 -0.020840549128396172
-1 0.0 0 0 -0.00040063794020407727
6 1.1078659296035767 18 19 0.23874726049252787
-1 0.0 0 0 0.0517191756516695
-1 0.0 0 0 -0.003969723553163931
7 0.8075000047683716 21 22 0.0003291769420013531
-1 0.0 0 0 7.257588147969441e-05
6 1.0897985696792603 23 24 -0.034995882210733534
-1 0.0 0 0 -0.02758675140993936
6 1.130232572555542 25 28 -0.026158872655069904
1 9.58939266204834 26 27 0.19758617737383213
-1 0.0 0 0 -0.0162490934665714
-1 0.0 0 0 0.06008725428581238
-1 0.0 0 0 -0.003932034618618179
nodes 29
4 0.6551560163497925 1 18 0.0
6 1.1119493246078491 2 17 -0.013932437200933673
7 0.375 3 6 -0.034191498151001316
4 0.49844005703926086 4 5 -0.018255108850918186
-1 0.0 0 0 -0.013689841566712505
-1 0.0 0 0 -0.0010699762689656042
3 0.5077089071273804 7 14 -0.11131170730598305
0 10.993462562561035 8 11 -0.14650721760561236
0 10.899457931518555 9 10 -0.006248737995823224
-1 0.0 0 0 -0.009114783093696689
-1 0.0 0 0 0.026150993974162984
6 1.0913560390472412 12 13 -0.18917740295168906
-1 0.0 0 0 -0.02538496477397764
-1 0.0 0 0 -0.005928484350442887
6 1.07659113407135 15 16 0.11501497698191088
-1 0.0 0 0 0.031976019820543905
-1 0.0 0 0 -0.003979238540661044
-1 0.0 0 0 0.001128242590982781
8 72.5 19 24 0.0009327584019949721
8 48.5 20 21 0.0007392048519615539
-1 0.0 0 0 -0.0001740848369024136
6 1.019361138343811 22 23 0.008985503045173157
-1 0.0 0 0 0.0028013352870682197
-1 0.0 0 0 -0.0005041731916029403
1 11.093918800354004 25 28 0.1620095558372317
6 0.9482656121253967 26 27 0.2923656277788373
-1 0.0 0 0 -0.0029055089084431534
-1 0.0 0 0 0.04352192797180679
-1 0.0 0 0 -0.007335557405733401
nodes 29
6 0.9629217386245728 1 20 0.0
8 47.5 2 15 -0.012900526052009144
3 0.9230990409851074 3 14 -0.03413474264577055
7 0.09000000357627869 4 13 -0.044559922326166845
4 0.7728281617164612 5 8 -0.040311122022170645
1 10.834903717041016 6 7 -0.15796683017637522
-1 0.0 0 0 -0.009755868303565014
-1 0.0 0 0 -0.04061300292409756
6 0.9164876341819763 9 12 -0.03249772467812825
7 0.057500001043081284 10 11 0.0006849139483491016
-1 0.0 0 0 -0.0009647199548703544
-1 0.0 0 0 0.02742792793503031
-1 0.0 0 0 -0.006347119306996241
-1 0.0 0 0 -0.031320802488092644
-1 0.0 0 0 0.008147974999689769
0 11.51040267944336 16 19 0.008531366431964454
8 68.5 17 18 0.024186171449420632
-1 0.0 0 0 0.0018792815217820336
-1 0.0 0 0 0.023611334572642056
-1 0.0 0 0 -0.006417060941181509
6 0.9825796484947205 21 28 0.0010387549723406395
8 48.5 22 25 0.03960272347496782
4 1.2240833044052124 23 24 0.0014402490647139243
-1 0.0 0 0 -0.0004923076828390894
-1 0.0 0 0 0.031206482414294176
3 0.6598078012466431 26 27 0.0854727217607511
-1 0.0 0 0 0.003699080323277533
-1 0.0 0 0 0.014315766591928195
-1 0.0 0 0 -1.3969080532450239e-05
nodes 29
7 0.027499999850988388 1 2 0.0
-1 0.0 0 0 -0.0010472653215028533
6 1.027287483215332 3 28 0.001248071516089793
7 0.6575000286102295 4 27 0.014223685541831975
4 1.0471787452697754 5 26 0.015162579905350101
4 0.9082419276237488 6 23 0.019733201684809912
8 40.5 7 8 0.008897504383778124
-1 0.0 0 0 -0.006790904830020832
7 0.1574999988079071 9 10 0.014048239672250587
-1 0.0 0 0 0.00024450625294007033
4 0.8690375089645386 11 18 0.04697432855364295
5 1.4757277965545654 12 15 0.06467973095860073
1 11.232060432434082 13 14 0.039274900798437415
-1 0.0 0 0 0.003025506602501542
-1 0.0 0 0 0.029948862473357398
4 0.7462723255157471 16 17 0.16416102133825017
-1 0.0 0 0 0.003762142175448037
-1 0.0 0 0 0.02429306516012394
1 9.87452220916748 19 20 -0.04272702138576055
-1 0.0 0 0 -0.04413132563191043
6 1.0126456022262573 21 22 -0.01902729930864282
-1 0.0 0 0 0.011951480187665921
-1 0.0 0 0 -0.008801790030375274
8 49.5 24 25 0.04436967619273603
-1 0.0 0 0 0.003409956743734192
-1 0.0 0 0 0.01220733190360479
-1 0.0 0 0 -0.004384726168747312
-1 0.0 0 0 -0.037977290194895534
-1 0.0 0 0 -0.0001770945802941211
nodes 29
4 0.7898311614990234 1 6 0.0
6 1.1165903806686401 2 5 -0.005557538792279874
1 9.461332321166992 3 4 -0.011337395749269924
-1 0.0 0 0 -0.008218320651395241
-1 0.0 0 0 -0.0007890583121796814
-1 0.0 0 0 0.0011092971205829613
3 0.4265122413635254 7 28 0.002144509373958343
0 11.485647201538086 8 23 0.024317347583474733
1 10.045811653137207 9 10 0.018220758814254816
-1 0.0 0 0 0.0008433348229205917
7 0.6225000023841858 11 20 0.0805190485962673
8 31.5 12 13 0.09971166728411408
-1 0.0 0 0 0.0469025767967105
7 0.07750000059604645 14 17 0.08836561196359209
6 0.9226133227348328 15 16 0.19975138155803565
-1 0.0 0 0 -0.005423158321243067
-1 0.0 0 0 0.028514220592052004
7 0.10000000149011612 18 19 0.05355755896532848
-1 0.0 0 0 -0.03021910824546857
-1 0.0 0 0 0.007484166571695327
3 0.3825359046459198 21 22 -0.16713955024114022
-1 0.0 0 0 -0.03473219151698774
-1 0.0 0 0 0.009884394084413847
6 1.0605583190917969 24 27 0.29943883229615326
6 1.0406603813171387 25 26 0.1771257120723787
-1 0.0 0 0 0.030497729654113456
-1 0.0 0 0 -0.01366918134418401
-1 0.0 0 0 0.052076733555822145
-1 0.0 0 0 1.1086275883663615e-05
nodes 29
4 2.4293885231018066 1 16 0.0
3 0.8574846982955933 2 5 0.00021450693172669707
3 0.8540821075439453 3 4 -0.0011232584713015425
-1 0.0 0 0 -7.688068303305252e-05
-1 0.0 0 0 -0.008058929093905525
2 11.274870872497559 6 7 0.010144813348743065
-1 0.0 0 0 0.0005567352791433788
8 45.5 8 13 0.06391486323262215
4 0.9710292220115662 9 10 0.08575902953565452
-1 0.0 0 0 0.02540861788781031
4 0.9860127568244934 11 12 0.06831048356722998
-1 0.0 0 0 -0.025927318781614306
-1 0.0 0 0 0.008128923441443175
0 11.315998077392578 14 15 -0.0811784982664186
-1 0.0 0 0 -0.04745956038523998
-1 0.0 0 0 0.010489715978100493
6 1.0772364139556885 17 20 -0.05450181654048885
6 1.0589200258255005 18 19 0.11941799300404478
-1 0.0 0 0 -0.008994467119547598
-1 0.0 0 0 0.04269194060470909
6 1.1010961532592773 21 24 -0.10483025959550041
7 0.6100000143051147 22 23 -0.31093369550624134
-1 0.0 0 0 -0.01419478066657719
-1 0.0 0 0 -0.061671768483661474
7 0.6349999904632568 25 26 -0.04800734969487557
-1 0.0 0 0 0.004604416985782874
6 1.1611919403076172 27 28 -0.10759724376261952
-1 0.0 0 0 -0.03197630538094428
-1 0.0 0 0 -0.00418258426481043
nodes 29
2 10.209389686584473 1 10 0.0
6 1.07659113407135 2 7 -0.009999899446121346
2 10.078238487243652 3 6 -0.07628245123423043
8 40.5 4 5 -0.13088339586014466
-1 0.0 0 0 -0.019574364115009613
-1 0.0 0 0 -0.007036239233254914
-1 0.0 0 0 -0.0024688787551567907
7 0.07999999821186066 8 9 -0.0006666553937147088
-1 0.0 0 0 0.008435997346132072
-1 0.0 0 0 -0.00034910239072462063
1 8.09162712097168 11 12 0.0011353797247373651
-1 0.0 0 0 -0.010556064731127678
5 1.9005506038665771 13 14 0.0013833989805827104
-1 0.0 0 0 -2.9803455568786524e-05
2 11.051746368408203 15 16 0.013911924710918157
-1 0.0 0 0 0.00035863541456451195
7 0.4975000023841858 17 18 0.04628362009301004
-1 0.0 0 0 0.002289407428312906
6 1.0518237352371216 19 24 0.11938642993607892
6 1.0452841520309448 20 23 0.4530124846750023
6 1.0383507013320923 21 22 0.3165327202454313
-1 0.0 0 0 0.04945859488256074
-1 0.0 0 0 -0.005737905977293849
-1 0.0 0 0 0.07914823004603387
8 31.5 25 28 0.057761235111691796
6 1.1287670135498047 26 27 0.2625395327061415
-1 0.0 0 0 0.041649343373460906
-1 0.0 0 0 -0.013334192708134652
-1 0.0 0 0 0.0002564928482460078
nodes 29
8 30.5 1 28 0.0
2 11.32801628112793 2 27 -0.01132170612824532
6 1.0313830375671387 3 4 -0.013607097557883304
-1 0.0 0 0 -0.009205636611883304
0 11.124656677246094 5 16 -0.008731851707665932
2 11.13604736328125 6 7 -0.005838022707730955
-1 0.0 0 0 -0.0010506460061133246
7 0.4424999952316284 8 11 0.14489265204622195
7 0.29499998688697815 9 10 0.01497423345434297
-1 0.0 0 0 0.010935179296303804
-1 0.0 0 0 -0.024274910212709354
7 0.6949999928474426 12 15 0.27348537248920424
0 10.894644737243652 13 14 0.4351909519645615
-1 0.0 0 0 0.07530840218744494
-1 0.0 0 0 0.02863899405173799
-1 0.0 0 0 -0.011126238557285277
5 1.351456880569458 17 26 -0.10126310312923209
0 11.184657096862793 18 21 -0.0037601949591348823
7 0.2874999940395355 19 20 -0.16256623983383178
-1 0.0 0 0 0.01574061961755866
-1 0.0 0 0 -0.03942704176337555
7 0.5024999976158142 22 25 0.11475177882795236
0 11.239461898803711 23 24 0.23834351357072592
-1 0.0 0 0 0.04341270286928524
-1 0.0 0 0 0.0042559998448599475
-1 0.0 0 0 -0.012168458328865794
-1 0.0 0 0 -0.02339124084304109
-1 0.0 0 0 0.015794009662931787
-1 0.0 0 0 9.879175599281816e-05
nodes 29
4 0.5524404048919678 1 6 0.0
6 1.0968869924545288 2 5 -0.026376445763699383
0 11.721125602722168 3 4 -0.09254014158769168
-1 0.0 0 0 -0.005295251949779983
-1 0.0 0 0 -0.021777406146821495
-1 0.0 0 0 0.00029769151910021143
8 62.5 7 8 0.00042051178992101514
-1 0.0 0 0 -3.343792496618585e-05
5 4.257890701293945 9 26 0.030739917530633806
7 0.0024999999441206455 10 15 0.037517057893371085
1 10.773880958557129 11 12 -0.1229489791051795
-1 0.0 0 0 -0.03156922543139169
6 0.9007049202919006 13 14 -0.01694017774037396
-1 0.0 0 0 0.02286869477414127
-1 0.0 0 0 -0.014920093761518217
6 0.9978936314582825 16 25 0.045023768879721794
4 0.7524082660675049 17 24 0.08871417422179843
2 10.984258651733398 18 19 0.048499944689173964
-1 0.0 0 0 0.017802218172403697
1 11.200021743774414 20 23 -0.0068878540428398225
5 1.1711806058883667 21 22 -0.046344547521305055
-1 0.0 0 0 -0.025965461030808424
-1 0.0 0 0 0.0006982968175389733
-1 0.0 0 0 0.022626533469354566
-1 0.0 0 0 0.017597905230759353
-1 0.0 0 0 0.002456607538867557
1 9.402034759521484 27 28 -0.18294537178537046
-1 0.0 0 0 -0.0069939219569989846
-1 0.0 0 0 -0.044285952188074594
nodes 29
7 0.027499999850988388 1 4 0.0
6 1.0741000175476074 2 3 -0.00937612306703489
-1 0.0 0 0 -0.0012949132276752246
-1 0.0 0 0 0.007057541797778963
6 1.027287483215332 5 24 0.0011173933470475376
7 0.6575000286102295 6 23 0.012712419473643618
4 1.0400125980377197 7 22 0.0135568241205441
4 0.9082419276237488 8 21 0.01784090920446806
8 40.5 9 12 0.00786511609938493
7 0.23749999701976776 10 11 -0.06061089915007328
-1 0.0 0 0 -0.001537612409539504
-1 0.0 0 0 -0.017822131429223672
7 0.3449999988079071 13 14 0.012457196017494553
-1 0.0 0 0 0.0008475243994205547
2 10.54531478881836 15 16 0.09541135443567797
-1 0.0 0 0 -0.019383397300650057
1 9.343647003173828 17 18 0.13293507259033896
-1 0.0 0 0 -0.02502241162583232
1 10.695869445800781 19 20 0.1548298833816911
-1 0.0 0 0 0.027892689053392546
-1 0.0 0 0 0.005732509204779267
-1 0.0 0 0 0.004103677196886623
-1 0.0 0 0 -0.0036959830306826837
-1 0.0 0 0 -0.03416326083242893
7 0.0949999988079071 25 28 -0.0015804045853942982
6 1.0534701347351074 26 27 0.016326289186124773
-1 0.0 0 0 -0.0011079419592227786
-1 0.0 0 0 0.003532425722790644
-1 0.0 0 0 -0.0003959506664696749
nodes 29
4 0.9502312541007996 1 28 0.0
8 42.5 2 27 -0.002099690173341723
6 1.011566400527954 3 8 -0.009653436755658454
7 0.13750000298023224 4 7 -0.0483029283422525
5 1.1115590333938599 5 6 -0.03345661075410088
-1 0.0 0 0 -0.017585874749417592
-1 0.0 0 0 -0.002239382793492449
-1 0.0 0 0 -0.018257477123509436
7 0.17749999463558197 9 12 -0.005762663037424632
0 11.540424346923828 10 11 0.015116119518885316
-1 0.0 0 0 0.0018560320649924852
-1 0.0 0 0 -0.01961131103728947
8 41.5 13 14 -0.012095684294339546
-1 0.0 0 0 -0.0007285068290911727
7 0.29499998688697815 15 16 -0.05021500550550159
-1 0.0 0 0 -0.011585738187828163
2 11.061484336853027 17 20 -0.01996910253573984
2 10.99760627746582 18 19 -0.039386557019552654
-1 0.0 0 0 -0.0025570490015482247
-1 0.0 0 0 -0.021358102343573767
2 11.08927059173584 21 22 0.0824045972820586
-1 0.0 0 0 0.04923616856660532
4 0.8976931571960449 23 26 0.02627951970567838
4 0.7603415846824646 24 25 -0.0573765444114986
-1 0.0 0 0 0.024643454607576134
-1 0.0 0 0 -0.011636898916630636
-1 0.0 0 0 0.02549394282926288
-1 0.0 0 0 0.0002102295888874693
-1 0.0 0 0 0.00048539461559400133
nodes 29
4 2.4293885231018066 1 14 0.0
3 0.8574846982955933 2 3 0.00020166135220808594
-1 0.0 0 0 -0.00010017523879544824
8 47.5 4 9 0.00913466796099819
2 11.274870872497559 5 6 0.011569211633176178
-1 0.0 0 0 0.0006985021111314948
3 0.8641366362571716 7 8 0.0684990159033644
-1 0.0 0 0 0.023826631829733887
-1 0.0 0 0 0.005334980903251398
4 1.0152688026428223 10 11 -0.07488558673199397
-1 0.0 0 0 0.00036048879634978696
2 10.88211441040039 12 13 -0.2004703462447809
-1 0.0 0 0 0.016134934087820126
-1 0.0 0 0 -0.03460807081357372
6 1.0772364139556885 15 18 -0.05123803142032557
6 1.0589200258255005 16 17 0.10295404314617568
-1 0.0 0 0 -0.007849057177279859
-1 0.0 0 0 0.03694508213084191
6 1.09284245967865 19 22 -0.09585771600184058
7 0.39250001311302185 20 21 -0.3217837552229563
-1 0.0 0 0 -0.018028805653254192
-1 0.0 0 0 -0.048349312515485854
7 0.6349999904632568 23 26 -0.05126705036609405
6 1.1098204851150513 24 25 0.051954019598714596
-1 0.0 0 0 0.026036111176723525
-1 0.0 0 0 -0.0011474225843878653
6 1.1511846780776978 27 28 -0.11858513947357795
-1 0.0 0 0 -0.0355421843335909
-1 0.0 0 0 -0.004115775551858511
nodes 29
4 0.716392993927002 1 2 0.0
-1 0.0 0 0 -0.0007896098323727303
8 49.5 3 14 0.001214815499206176
6 1.0057021379470825 4 11 -0.0009600553565450652
4 0.7710269689559937 5 10 -0.018457264035327426
4 0.7354841232299805 6 9 -0.1013960310979191
5 1.1567672491073608 7 8 0.051761762076283545
-1 0.0 0 0 0.044913031209422194
-1 0.0 0 0 -0.006248169605387375
-1 0.0 0 0 -0.014357585114322093
-1 0.0 0 0 -0.0013758155840903358
6 1.038952350616455 12 13 0.0018384913605791326
-1 0.0 0 0 0.0017199029037574907
-1 0.0 0 0 -0.0001249537267640057
6 0.9978936314582825 15 20 0.011764737914969113
7 0.18000000715255737 16 19 0.040805269466125636
5 1.1567672491073608 17 18 0.03752964741459207
-1 0.0 0 0 0.008877792661102163
-1 0.0 0 0 0.0018588829465190238
-1 0.0 0 0 0.03685445352709173
7 0.029999999329447746 21 28 0.000407918809250648
3 0.7635694146156311 22 27 -0.06975036788472724
6 1.0001329183578491 23 26 -0.09309612361892919
5 1.1527146100997925 24 25 -0.16987255301214346
-1 0.0 0 0 -0.03829554940566596
-1 0.0 0 0 -0.01049329900271481
-1 0.0 0 0 -0.0026312816781657086
-1 0.0 0 0 0.011117923905533789
-1 0.0 0 0 0.0005652440015578807
nodes 29
6 0.9629217386245728 1 18 0.0
0 11.51040267944336 2 17 -0.010690880881430803
8 48.5 3 8 -0.004203390237342284
3 0.9230990409851074 4 7 -0.02306551820453326
7 0.09000000357627869 5 6 -0.03140471954611712
-1 0.0 0 0 -0.002773117448890791
-1 0.0 0 0 -0.025507509501053478
-1 0.0 0 0 0.007427462556911468
6 0.9561291337013245 9 10 0.023268199820394755
-1 0.0 0 0 0.0034761656659765086
3 0.6548349261283875 11 12 -0.06705537947161339
-1 0.0 0 0 0.0047384901054918875
4 0.9348525404930115 13 16 -0.18149565999814565
5 1.1501256227493286 14 15 -0.2708345624442036
-1 0.0 0 0 -0.007604947785536448
-1 0.0 0 0 -0.040364257466386666
-1 0.0 0 0 0.018578649450231483
-1 0.0 0 0 -0.006757244118565803
6 0.9825796484947205 19 28 0.0008608334773033925
0 11.071906089782715 20 27 0.03507893509478371
4 1.2240833044052124 21 26 -0.015375932494795566
2 11.082234382629395 22 25 -0.024835291444360905
4 0.8138441443443298 23 24 -0.012986622578695272
-1 0.0 0 0 -0.011944908022441053
-1 0.0 0 0 0.0014398229243468483
-1 0.0 0 0 -0.03929903597704002
-1 0.0 0 0 0.028799922238769277
-1 0.0 0 0 0.0065456833266402965
-1 0.0 0 0 -1.8481039537245353e-05
nodes 29
8 25.5 1 28 0.0
5 1.2238818407058716 2 7 -0.02282802077821248
7 0.6150000095367432 3 4 -0.1332185546177652
-1 0.0 0 0 -0.02391948052074598
5 1.1862196922302246 5 6 0.03783083229893492
-1 0.0 0 0 0.02580302141120358
-1 0.0 0 0 -0.017477546738267975
0 10.302498817443848 8 11 -0.011121124306971661
1 10.167159080505371 9 10 -0.03846629851062156
-1 0.0 0 0 -0.0029364052027636197
-1 0.0 0 0 -0.02713321043669971
6 1.1287670135498047 12 25 0.047292562552164394
7 0.7124999761581421 13 24 0.14917974162223113
8 24.5 14 19 0.06298951430062016
7 0.3449999988079071 15 16 0.1603400087915361
-1 0.0 0 0 0.035060923986677685
8 23.5 17 18 0.06817834998946637
-1 0.0 0 0 -0.00906558551496881
-1 0.0 0 0 0.024819044914717477
4 1.2449543476104736 20 23 -0.043312749798655854
6 1.0815815925598145 21 22 0.09530832323556145
-1 0.0 0 0 -0.014284290151670577
-1 0.0 0 0 0.02813639675732702
-1 0.0 0 0 -0.030669278856366874
-1 0.0 0 0 0.05514008024564157
1 10.330159187316895 26 27 -0.051901563326623046
-1 0.0 0 0 0.0034943991351354554
-1 0.0 0 0 -0.019698472525924444
-1 0.0 0 0 4.0205297311862974e-05
nodes 29
4 0.49844005703926086 1 4 0.0
6 1.1028834581375122 2 3 -0.03390989346535594
-1 0.0 0 0 -0.013832511021110442
-1 0.0 0 0 -0.00017523313507098397
8 76.5 5 20 0.0002683618261890166
7 0.8550000190734863 6 13 0.0001260627435124717
5 1.9005506038665771 7 8 0.00031049100843400385
-1 0.0 0 0 -9.238964350030178e-05
1 9.67652416229248 9 10 0.008906951487162394
-1 0.0 0 0 -0.000695767713086382
5 4.514705657958984 11 12 0.031220337251543044
-1 0.0 0 0 0.0028921747874133953
-1 0.0 0 0 0.04541607826948166
2 10.960687637329102 14 19 -0.05033043673460337
8 20.5 15 16 -0.032125170816738075
-1 0.0 0 0 -0.021455306932330134
1 10.090091705322266 17 18 0.0005272935073938699
-1 0.0 0 0 -0.002168103010503709
-1 0.0 0 0 0.026369592831470074
-1 0.0 0 0 -0.03130064164066598
8 80.5 21 26 0.10755342869329763
6 1.0227361917495728 22 25 0.2248425123000902
6 0.9825796484947205 23 24 0.35285799631050657
-1 0.0 0 0 0.014118493596712748
-1 0.0 0 0 0.05645310566538856
-1 0.0 0 0 -0.0031188455720742546
3 0.47550132870674133 27 28 -0.026795885256301104
-1 0.0 0 0 0.010035430089390668
-1 0.0 0 0 -0.021752116448161277
nodes 29
5 1.1050344705581665 1 28 0.0
4 1.054443359375 2 25 0.01383835974134501
7 0.375 3 6 0.019507494341182444
0 11.380696296691895 4 5 0.011487227549931797
-1 0.0 0 0 0.0023821561456530537
-1 0.0 0 0 -0.003444076252485627
3 0.9505783915519714 7 24 0.09366656178209493
8 39.5 8 17 0.0691244518331255
7 0.5350000262260437 9 14 -0.014495265461798561
2 11.082234382629395 10 13 0.06312677252251621
2 10.8602294921875 11 12 -0.022326242958390436
-1 0.0 0 0 0.019262928666269524
-1 0.0 0 0 -0.028137521455303217
-1 0.0 0 0 0.03826467434511237
6 1.1215245723724365 15 16 -0.21125810593366623
-1 0.0 0 0 -0.04528190031971621
-1 0.0 0 0 0.006653692591935397
5 1.097461462020874 18 21 0.1456919038140198
4 0.7963265776634216 19 20 0.05532921656400472
-1 0.0 0 0 -0.011051943842717942
-1 0.0 0 0 0.017167081036379064
3 0.7913315892219543 22 23 0.34379471816982216
-1 0.0 0 0 0.05146126657724381
-1 0.0 0 0 0.01108611532571641
-1 0.0 0 0 0.03166491607470172
7 0.019999999552965164 26 27 -0.06594864355675616
-1 0.0 0 0 -0.033480661877376194
-1 0.0 0 0 -0.0024956844644746304
-1 0.0 0 0 -6.239938051794194e-05
nodes 29
4 0.8819795250892639 1 12 0.0
5 3.457435131072998 2 3 -0.00277359793052991
-1 0.0 0 0 -0.0001162928167646611
6 1.1669554710388184 4 11 -0.029102719131662312
8 36.5 5 10 -0.043918816565473466
6 1.1019482612609863 6 9 -0.1496634899135055
4 0.8435981273651123 7 8 -0.28809251950195663
-1 0.0 0 0 -0.011042376242730084
-1 0.0 0 0 -0.050573674691841014
-1 0.0 0 0 -0.004699529296873759
-1 0.0 0 0 -0.00322623625940923
-1 0.0 0 0 0.002160928915804905
3 0.4203335642814636 13 28 0.0030716270882647314
1 10.148940086364746 14 23 0.030439375210608882
6 1.039546012878418 15 20 0.022070437355020664
6 1.0340499877929688 16 17 0.08410793589976351
-1 0.0 0 0 0.004255198603647555
1 9.566265106201172 18 19 0.32091088829532505
-1 0.0 0 0 0.01021991785495512
-1 0.0 0 0 0.053278785711154346
6 1.0435762405395508 21 22 0.010848909542812571
-1 0.0 0 0 -0.021239635700112558
-1 0.0 0 0 0.00159382360926963
8 36.5 24 27 0.17276297886582828
0 11.231596946716309 25 26 0.38739176914888496
-1 0.0 0 0 0.018571478178581367
-1 0.0 0 0 0.0637087086836497
-1 0.0 0 0 0.008504512544579642
-1 0.0 0 0 0.0001060144492193428
nodes 29
8 31.5 1 28 0.0
2 11.125099182128906 2 7 -0.008631394737892078
0 11.116766929626465 3 4 -0.014231842127870242
-1 0.0 0 0 -0.0012095010900277118
6 1.0883328914642334 5 6 -0.18491378027857058
-1 0.0 0 0 -0.03655537902791467
-1 0.0 0 0 -0.004943377277813852
2 11.154935836791992 8 9 0.059213112017734985
-1 0.0 0 0 0.017658363566477233
4 0.9594631791114807 10 11 0.033244372465167496
-1 0.0 0 0 -0.016521917393719648
2 11.201592445373535 12 15 0.06125811360744948
0 10.824865341186523 13 14 -0.0653209192352695
-1 0.0 0 0 0.02318954443220388
-1 0.0 0 0 -0.011936025806387102
4 1.0436351299285889 16 19 0.11153811831997397
4 1.0097408294677734 17 18 0.24013954827055467
-1 0.0 0 0 0.009366635532408464
-1 0.0 0 0 0.04087219024164919
3 0.887909471988678 20 23 0.05194233370872926
4 1.1560890674591064 21 22 -0.11412427759435224
-1 0.0 0 0 -0.02383576825698977
-1 0.0 0 0 0.018314851288284577
7 0.36500000953674316 24 27 0.15642132757490637
8 28.5 25 26 0.06450284840827136
-1 0.0 0 0 -0.014536120883516364
-1 0.0 0 0 0.019391901704172293
-1 0.0 0 0 0.03215341512631211
-1 0.0 0 0 9.845325995285276e-05
nodes 29
7 0.004999999888241291 1 28 0.0
1 10.847452163696289 2 9 -0.01700481348454712
5 1.1777516603469849 3 8 -0.03825498502518711
5 1.1346527338027954 4 7 0.029530216145912214
7 0.0 5 6 -0.08225815767763084
-1 0.0 0 0 -0.02638777372051488
-1 0.0 0 0 0.0027872863950757706
-1 0.0 0 0 0.01147829658800284
-1 0.0 0 0 -0.005850929599155155
5 1.2092691659927368 10 27 0.014880953307886968
8 34.5 11 12 -0.028597978705246104
-1 0.0 0 0 -0.038236301159486175
7 0.0 13 14 -0.017277497652778404
-1 0.0 0 0 0.007060678511433014
8 50.5 15 20 -0.0604855221158437
5 1.1789665222167969 16 19 -0.12169676901591478
8 45.5 17 18 -0.07110954644452347
-1 0.0 0 0 0.0016373017497611148
-1 0.0 0 0 -0.0190769605169972
-1 0.0 0 0 -0.03183188039160395
6 0.9007049202919006 21 22 0.03860018380364636
-1 0.0 0 0 0.025007127660016223
4 0.8014317154884338 23 26 -0.022794649588890496
0 11.590191841125488 24 25 0.11985723909578826
-1 0.0 0 0 0.027406865425614848
-1 0.0 0 0 -0.01445051868934007
-1 0.0 0 0 -0.014415521160421422
-1 0.0 0 0 0.00915036613638182
-1 0.0 0 0 4.9264456181932305e-05
nodes 29
1 11.319753646850586 1 2 0.0
-1 0.0 0 0 -2.5324331640285143e-05
6 1.0952529907226562 3 28 0.03204535856726083
0 11.414716720581055 4 5 0.020779662225007958
-1 0.0 0 0 -0.020664357358159927
4 1.0508074760437012 6 27 0.029793388034416172
7 0.15000000596046448 7 20 0.018080480320710968
4 0.8268904089927673 8 17 -0.013211164322825783
8 62.5 9 16 -0.1212591430716202
5 1.1233681440353394 10 13 -0.21261318002634153
8 53.5 11 12 -0.3667305841524568
-1 0.0 0 0 -0.05515318866074085
-1 0.0 0 0 -0.013572895608376712
5 1.1711806058883667 14 15 -0.10424938025016672
-1 0.0 0 0 0.007123175026781885
-1 0.0 0 0 -0.029105187402737723
-1 0.0 0 0 0.007398772022376459
3 0.7344048023223877 18 19 0.04897472272684007
-1 0.0 0 0 0.028414847456703064
-1 0.0 0 0 0.001173887868547657
4 0.9020605087280273 21 24 0.08765276638096019
7 0.18000000715255737 22 23 0.21603112294506588
-1 0.0 0 0 0.04238864033285416
-1 0.0 0 0 0.01389611875219794
4 0.9502312541007996 25 26 -0.12117602696331839
-1 0.0 0 0 -0.04188340211222912
-1 0.0 0 0 0.006647792587603402
-1 0.0 0 0 0.03839694069964545
-1 0.0 0 0 0.03812819451770999
nodes 29
4 2.4293885231018066 1 18 0.0
4 0.9976109862327576 2 3 0.00017526216092887835
-1 0.0 0 0 -0.00014244353576648287
4 1.0436351299285889 4 13 0.006242385674056236
2 10.626848220825195 5 6 0.022374835952203517
-1 0.0 0 0 -0.001017751057620119
7 0.03750000149011612 7 12 0.036326784880097863
2 11.32801628112793 8 9 -0.02899335804253969
-1 0.0 0 0 -0.00486996757135728
4 1.0206972360610962 10 11 0.1595402184818218
-1 0.0 0 0 0.0014006819813809496
-1 0.0 0 0 0.050154370535165076
-1 0.0 0 0 0.004728051798981539
6 1.0490728616714478 14 17 -0.003537339520382677
7 0.6800000071525574 15 16 -0.028103176377639903
-1 0.0 0 0 -0.002393551763386539
-1 0.0 0 0 -0.04482031777501107
-1 0.0 0 0 0.0005223060498541139
6 1.0772364139556885 19 24 -0.04453051248376803
6 1.0589200258255005 20 23 0.08845186838290736
7 0.20999999344348907 21 22 -0.07556445331887361
-1 0.0 0 0 0.006450512838394692
-1 0.0 0 0 -0.022172401683486026
-1 0.0 0 0 0.03293508408823982
6 1.1010961532592773 25 28 -0.08301259339390486
7 0.6150000095367432 26 27 -0.25955522603402703
-1 0.0 0 0 -0.01224422758588424
-1 0.0 0 0 -0.0526925478875637
-1 0.0 0 0 -0.0034339624581908564
nodes 29
8 38.5 1 14 0.0
6 1.0105392932891846 2 13 -0.003970807652502107
4 0.9035499691963196 3 12 -0.03330375815410657
4 0.8918203115463257 4 9 -0.1126847576815635
3 0.7691162824630737 5 8 -0.06155120907678154
3 0.7043216824531555 6 7 -0.030834207511347623
-1 0.0 0 0 -0.012130601173727313
-1 0.0 0 0 0.01724481180333245
-1 0.0 0 0 -0.04287590005181052
5 1.1801612377166748 10 11 -0.3238885453969672
-1 0.0 0 0 -0.004420718364417553
-1 0.0 0 0 -0.04380442032552495
-1 0.0 0 0 -0.0019826120824264965
-1 0.0 0 0 -0.00014031348867046952
4 0.9348525404930115 15 18 0.002022718154743476
4 0.9298651218414307 16 17 -0.0007142123800513726
-1 0.0 0 0 2.302140697828836e-05
-1 0.0 0 0 -0.007246258490722539
3 0.7748023867607117 19 26 0.015208433076457807
6 1.0670759677886963 20 21 0.038808838550774494
-1 0.0 0 0 0.006215021928857496
7 0.6800000071525574 22 25 -0.00724100134360425
3 0.4265122413635254 23 24 0.0013755013264286887
-1 0.0 0 0 0.01289660878737558
-1 0.0 0 0 -0.0019368903538268965
-1 0.0 0 0 -0.034816729032124086
5 1.2281968593597412 27 28 0.002284826748914632
-1 0.0 0 0 0.0014467980941035652
-1 0.0 0 0 -0.0041547398145494316
nodes 29
3 0.09208572655916214 1 28 0.0
7 0.04500000178813934 2 3 -0.031067057728948726
-1 0.0 0 0 -0.034153654102398005
0 11.575533866882324 4 25 -0.02059667926005471
1 8.950922012329102 5 24 -0.03470721777204346
1 8.565220832824707 6 15 -0.026498400443587915
6 1.098508596420288 7 14 -0.05493506020695611
7 0.23499999940395355 8 9 -0.14076271979401342
-1 0.0 0 0 0.006037962906993925
6 1.0534701347351074 10 11 -0.1994904128929777
-1 0.0 0 0 -0.03586729194204777
4 0.8182790875434875 12 13 -0.1361422725401971
-1 0.0 0 0 -0.02464412440262411
-1 0.0 0 0 -0.0038570105456388914
-1 0.0 0 0 -0.00034384644547217404
0 11.116766929626465 16 17 0.06606782995854858
-1 0.0 0 0 0.046013236950966534
7 0.29249998927116394 18 19 0.0030175036303699016
-1 0.0 0 0 -0.01616316865565199
6 1.0665274858474731 20 21 0.062076452284362975
-1 0.0 0 0 0.02566332266880916
6 1.1178317070007324 22 23 -0.014567125511045257
-1 0.0 0 0 -0.017308878339827062
-1 0.0 0 0 0.010223830661638395
-1 0.0 0 0 -0.025491766523539457
6 1.1078659296035767 26 27 0.1944210504464406
-1 0.0 0 0 0.040235609019344504
-1 0.0 0 0 -0.003430749327526428
-1 0.0 0 0 2.458636727157152e-05
nodes 29
4 0.49844005703926086 1 8 0.0
6 1.1028834581375122 2 7 -0.030425137707283258
6 0.9561291337013245 3 4 -0.12385661208284009
-1 0.0 0 0 0.006800504033453763
3 0.34873294830322266 5 6 -0.1501390302222069
-1 0.0 0 0 -0.021494729337787413
-1 0.0 0 0 -0.006475671527108976
-1 0.0 0 0 -0.00016503237066479447
8 76.5 9 20 0.0002407835766123905
8 56.5 10 11 0.00011336304495775274
-1 0.0 0 0 -7.581824294646055e-05
3 0.20400381088256836 12 17 0.010269700251801944
1 9.432043075561523 13 14 -0.07308934184395617
-1 0.0 0 0 -0.00044967470336909014
1 9.73382568359375 15 16 -0.16538673044894547
-1 0.0 0 0 -0.0264460596544786
-1 0.0 0 0 -0.0028073828316113932
3 0.7581303715705872 18 19 0.014231490244136096
-1 0.0 0 0 0.0011320223782566193
-1 0.0 0 0 0.011051017550874483
8 80.5 21 26 0.09630830559911112
6 1.0227361917495728 22 25 0.20158541734729493
6 0.9825796484947205 23 24 0.3173851558849925
-1 0.0 0 0 0.012645277203548522
-1 0.0 0 0 0.05083175397344998
-1 0.0 0 0 -0.0030014059728100187
3 0.47550132870674133 27 28 -0.024281840585172177
-1 0.0 0 0 0.009093152354894714
-1 0.0 0 0 -0.019710188678635117
nodes 29
4 0.716392993927002 1 28 0.0
6 1.1611919403076172 2 27 -0.0068556144978941845
3 0.20400381088256836 3 14 -0.013070414282649517
6 1.0300263166427612 4 7 -0.06515936154073709
8 54.5 5 6 0.0634302972102207
-1 0.0 0 0 0.026441261467748674
-1 0.0 0 0 -0.0011293897745557704
6 1.084152102470398 8 13 -0.08888193651720688
7 0.4975000023841858 9 10 -0.1878040341741046
-1 0.0 0 0 -0.014387638035071332
6 1.0648841857910156 11 12 -0.3715829940474763
-1 0.0 0 0 -0.06597779975050971
-1 0.0 0 0 -0.015543674145426071
-1 0.0 0 0 -0.001180766410968535
8 58.5 15 26 -0.00899419754198359
6 1.002935528755188 16 21 -0.01796405026792383
5 1.1156117916107178 17 18 -0.08522800347297813
-1 0.0 0 0 -0.02929631100000384
5 1.9371291399002075 19 20 -0.06737308522602418
-1 0.0 0 0 -0.005298896941564973
-1 0.0 0 0 -0.037529971257404045
5 2.0134150981903076 22 23 -0.00962900363349896
-1 0.0 0 0 -0.0016630727958705895
2 11.017776489257812 24 25 0.06774005016003767
-1 0.0 0 0 0.0026131346431977637
-1 0.0 0 0 0.02251294946966126
-1 0.0 0 0 0.0009960182739533394
-1 0.0 0 0 0.0016619762502302932
-1 0.0 0 0 0.00010547370621193711
nodes 29
5 1.0834606885910034 1 28 0.0
3 0.674631655216217 2 9 0.020998197861182365
3 0.6647634506225586 3 8 -0.11258187511132337
8 49.5 4 5 -0.026711513504113365
-1 0.0 0 0 0.02499660409986973
2 10.950963973999023 6 7 -0.1159623375372781
-1 0.0 0 0 0.0059956291341222824
-1 0.0 0 0 -0.03036088750076791
-1 0.0 0 0 -0.04646503577008844
4 0.7333722710609436 10 11 0.0314229625461063
-1 0.0 0 0 0.038122076947580685
6 1.0333771705627441 12 21 0.025434206318516096
0 11.231596946716309 13 18 0.06223515063845185
2 11.139627456665039 14 17 0.0060963949258633805
1 11.036517143249512 15 16 0.03305218426539795
-1 0.0 0 0 0.0013006188338279825
-1 0.0 0 0 0.03184689834181752
-1 0.0 0 0 -0.021507931247544597
0 11.325282096862793 19 20 0.13915810216829635
-1 0.0 0 0 0.029624251336730148
-1 0.0 0 0 0.007377702291249424
0 11.364251136779785 22 23 -0.008983544318050325
-1 0.0 0 0 0.0016218926677563552
0 11.414716720581055 24 25 -0.18785961894545614
-1 0.0 0 0 -0.0504582313482057
3 0.7748023867607117 26 27 -0.07172796428203583
-1 0.0 0 0 -0.033681400368611024
-1 0.0 0 0 0.007101067232015805
-1 0.0 0 0 -3.3476801832706354e-05
nodes 29
7 0.8550000190734863 1 20 0.0
5 1.9005506038665771 2 3 0.00015944188566664367
-1 0.0 0 0 -0.00010098288448682173
1 9.67652416229248 4 5 0.008166879471221767
-1 0.0 0 0 -0.00045258455256949007
5 4.514705657958984 6 19 0.0263237007941032
6 1.1087907552719116 7 18 0.024396180465359577
7 0.4975000023841858 8 9 0.03868763571553389
-1 0.0 0 0 0.002260790073462099
4 0.7333722710609436 10 13 0.13624476996031776
5 2.275377035140991 11 12 -0.07806020587996905
-1 0.0 0 0 0.02090554370573073
-1 0.0 0 0 -0.026755653021857142
8 42.5 14 17 0.18139023441398222
5 3.058487892150879 15 16 0.11720724783728054
-1 0.0 0 0 0.019970492857945277
-1 0.0 0 0 -0.016514396935071743
-1 0.0 0 0 0.04333084567275364
-1 0.0 0 0 -0.0012863290260346212
-1 0.0 0 0 0.03720911936118053
2 10.960687637329102 21 28 -0.043754564613736655
8 22.5 22 23 -0.026989628971348226
-1 0.0 0 0 -0.012418088239904208
5 1.7088788747787476 24 27 0.02329838275243366
0 9.786672592163086 25 26 0.13725945604899195
-1 0.0 0 0 0.0009103946004400095
-1 0.0 0 0 0.029211403068620714
-1 0.0 0 0 -0.001751200160376627
-1 0.0 0 0 -0.028724529656271144
nodes 29
5 1.2309660911560059 1 8 0.0
8 25.5 2 5 0.0033027814517060006
7 0.4375 3 4 -0.1081884209113785
-1 0.0 0 0 -0.027007965418410357
-1 0.0 0 0 -0.0019306959506745142
4 1.1918244361877441 6 7 0.0038053236014040964
-1 0.0 0 0 0.00030946152084150347
-1 0.0 0 0 0.008899965417202048
5 1.2667123079299927 9 24 -0.002130828745603534
2 11.346646308898926 10 11 -0.017415158798982467
-1 0.0 0 0 -0.0014162080792672162
0 11.396661758422852 12 13 -0.08727846970577957
-1 0.0 0 0 0.015991595714456505
4 0.9594631791114807 14 23 -0.12088496278211042
5 1.2634612321853638 15 22 -0.0976332090024701
8 55.5 16 19 -0.12351335592156895
7 0.09749999642372131 17 18 -0.06054554361164802
-1 0.0 0 0 0.006817544671350423
-1 0.0 0 0 -0.015363840268608847
5 1.242083191871643 20 21 -0.2681894008717444
-1 0.0 0 0 -0.008226096464204602
-1 0.0 0 0 -0.03946207375079394
-1 0.0 0 0 0.017808989471254442
-1 0.0 0 0 -0.03725021554689322
5 1.305822730064392 25 26 0.0006694980393139819
-1 0.0 0 0 0.0017073506861478263
1 11.006390571594238 27 28 -0.002462053164628048
-1 0.0 0 0 -0.0003408314898721403
-1 0.0 0 0 0.004821226184057978
nodes 29
4 1.0 1 16 0.0
8 31.5 2 15 -0.0012639653502822066
1 10.30935287475586 3 6 -0.02651679132848296
2 11.055119514465332 4 5 -0.007250672701240354
-1 0.0 0 0 -0.001231599841654798
-1 0.0 0 0 0.024770405496924355
5 1.2998216152191162 7 12 -0.06607655490975445
6 1.030689001083374 8 11 -0.020264191201989766
2 10.800045013427734 9 10 -0.15390870592338926
-1 0.0 0 0 0.017491993317380546
-1 0.0 0 0 -0.024278131108479324
-1 0.0 0 0 0.0004810827528173011
4 0.8254845142364502 13 14 -0.13780907176796495
-1 0.0 0 0 0.01636095897739996
-1 0.0 0 0 -0.01572282012230495
-1 0.0 0 0 -1.8452442936751566e-05
4 1.0436351299285889 17 18 0.0053472962465014005
-1 0.0 0 0 0.002686239380802858
8 45.5 19 20 -0.0039920894619108966
-1 0.0 0 0 -0.00020334880816127903
1 10.656599998474121 21 24 -0.10265348173898761
2 10.718188285827637 22 23 0.06688172155045322
-1 0.0 0 0 -0.009889997361213008
-1 0.0 0 0 0.030299504496382947
4 1.054443359375 25 26 -0.191299339668107
-1 0.0 0 0 0.013578692853450775
4 1.0716869831085205 27 28 -0.2551833764264302
-1 0.0 0 0 -0.06063379201699387
-1 0.0 0 0 -0.018230224470607938
nodes 29
6 0.9629217386245728 1 2 0.0
-1 0.0 0 0 -0.0008971823564647096
6 0.9978936314582825 3 10 0.0007224144308480446
0 11.204360008239746 4 5 0.022632183572755937
-1 0.0 0 0 -0.0004401252193037262
7 0.10249999910593033 6 7 0.05602859129430726
-1 0.0 0 0 0.004383631649703855
5 1.1215190887451172 8 9 0.18533087401270965
-1 0.0 0 0 0.05530035989835266
-1 0.0 0 0 0.013718325526653126
6 1.002935528755188 11 12 -0.0006591387891456101
-1 0.0 0 0 -0.003812559936453462
6 1.027287483215332 13 28 0.0009239651664192344
4 1.0206972360610962 14 27 0.016955128160968357
0 10.997706413269043 15 20 0.025607654265461122
1 10.730925559997559 16 17 0.06401428931925547
-1 0.0 0 0 0.005255031874432509
6 1.009403109550476 18 19 0.21191565617328692
-1 0.0 0 0 -0.014618996565264684
-1 0.0 0 0 0.029599262825415834
7 0.5724999904632568 21 26 0.012824869305725824
5 3.307654857635498 22 23 0.014996724667412078
-1 0.0 0 0 0.0010944012510494701
1 9.373648643493652 24 25 0.14739304124510713
-1 0.0 0 0 -0.01041612796781754
-1 0.0 0 0 0.029971033648305806
-1 0.0 0 0 -0.03152923561059512
-1 0.0 0 0 -0.00592121534158861
-1 0.0 0 0 -0.00012079208665890431
nodes 29
3 0.8574846982955933 1 10 0.0
3 0.8540821075439453 2 3 -0.000972251722051251
-1 0.0 0 0 -6.398730076760812e-05
0 11.208381652832031 4 7 -0.07511631147049642
2 11.16707706451416 5 6 -0.10863593476903656
-1 0.0 0 0 -0.007596584133732466
-1 0.0 0 0 -0.055621621478348975
4 0.9613485932350159 8 9 0.09479350318072428
-1 0.0 0 0 -0.015204366193696237
-1 0.0 0 0 0.026903150208732664
8 47.5 11 16 0.007025598807254155
2 11.274870872497559 12 13 0.0092051806914324
-1 0.0 0 0 0.0005529221081104678
3 0.8641366362571716 14 15 0.05588275298205835
-1 0.0 0 0 0.021216037087438126
-1 0.0 0 0 0.004205481769102417
3 0.8752657771110535 17 22 -0.07036049243835203
6 1.0300263166427612 18 21 0.056730578445452956
1 11.110416412353516 19 20 0.14572666915517082
-1 0.0 0 0 -0.0008041649991862997
-1 0.0 0 0 0.0410208178088069
-1 0.0 0 0 -0.017602842802611682
2 11.017776489257812 23 24 -0.12863639811190164
-1 0.0 0 0 0.0033993627822053608
2 11.15119457244873 25 26 -0.2111472200930995
-1 0.0 0 0 -0.038804019785796603
1 11.093918800354004 27 28 -0.11466014131226322
-1 0.0 0 0 0.017777123721316457
-1 0.0 0 0 -0.020066937029033022
nodes 29
0 11.408531188964844 1 2 0.0
-1 0.0 0 0 9.549874326009488e-05
0 11.427563667297363 3 10 -0.007162631941935082
7 0.0024999999441206455 4 5 -0.06022835851683525
-1 0.0 0 0 -0.036561365965205955
5 1.1115590333938599 6 9 -0.05007870041458928
1 11.185338020324707 7 8 -0.21738295878141956
-1 0.0 0 0 -0.0384573129357352
-1 0.0 0 0 -0.0026863927194891975
-1 0.0 0 0 -0.003354594878220649
1 8.565220832824707 11 12 -0.0012620982800721024
-1 0.0 0 0 0.03287030872198995
6 0.9436914324760437 13 22 -0.0022019716853362895
2 11.411113739013672 14 21 -0.05172013469182404
6 0.9288672208786011 15 16 -0.08204695808953305
-1 0.0 0 0 -0.003934379683226084
2 11.281749725341797 17 20 -0.23932691117089477
6 0.9389230608940125 18 19 -0.11257730545595479
-1 0.0 0 0 -0.022129503990608184
-1 0.0 0 0 0.014739988562043595
-1 0.0 0 0 -0.039380299313597794
-1 0.0 0 0 0.005970161978042176
6 0.9999427199363708 23 28 0.002650613268154807
0 11.520318031311035 24 27 0.04003169922645774
4 0.7333722710609436 25 26 0.10052506143227219
-1 0.0 0 0 -0.005944329807746479
-1 0.0 0 0 0.014292631335051573
-1 0.0 0 0 -0.0006535771679777729
-1 0.0 0 0 -0.00034251974982970706
nodes 29
7 0.11999999731779099 1 16 0.0
6 1.0847994089126587 2 5 0.0036342427973832555
3 0.09208572655916214 3 4 0.0002236575306860109
-1 0.0 0 0 -0.02451077002056298
-1 0.0 0 0 6.064608529331137e-05
1 10.95833969116211 6 9 0.03443691221275713
7 0.017500000074505806 7 8 0.02568433228210552
-1 0.0 0 0 0.01554005315192626
-1 0.0 0 0 0.0019368747077709893
2 11.220391273498535 10 11 0.14027403005839964
-1 0.0 0 0 0.025929573402960895
3 0.797572910785675 12 15 0.052143455362160696
4 0.8505924940109253 13 14 0.1292807783237567
-1 0.0 0 0 0.002623882556432172
-1 0.0 0 0 0.04304803325436436
-1 0.0 0 0 -0.021916712884759083
6 0.9482656121253967 17 18 -0.0018184576268564505
-1 0.0 0 0 -0.02547615557813492
6 0.9958168268203735 19 28 -0.0016535085284863273
7 0.16500000655651093 20 23 0.12841225407054563
5 1.1621625423431396 21 22 0.04097442881982416
-1 0.0 0 0 0.032064928685625396
-1 0.0 0 0 -0.0031355275844769746
5 1.2252627611160278 24 25 0.30092472010575283
-1 0.0 0 0 0.0032489075110508844
3 0.5640802383422852 26 27 0.44632736114484334
-1 0.0 0 0 0.024465908047360638
-1 0.0 0 0 0.07286629540845752
-1 0.0 0 0 -0.00021337379112468716
nodes 29
1 10.769221305847168 1 2 0.0
-1 0.0 0 0 0.00017218519754405982
6 1.0976885557174683 3 12 -0.0036991531891105893
3 0.48450466990470886 4 7 -0.007857751403003635
8 59.5 5 6 -0.10242493094529348
-1 0.0 0 0 -0.02189994727494195
-1 0.0 0 0 -0.0028287612692669464
7 0.6650000214576721 8 9 -0.00649262280014462
-1 0.0 0 0 -0.0005893380681459723
6 1.0512577295303345 10 11 -0.2239753117335593
-1 0.0 0 0 -0.06065834579989315
-1 0.0 0 0 -0.007393290143341337
3 0.9682182669639587 13 26 0.0435505981687414
5 1.2880820035934448 14 17 0.03177749842044001
2 11.034711837768555 15 16 0.05827940684331003
-1 0.0 0 0 -0.0017437753852102018
-1 0.0 0 0 0.009529198539553661
5 1.4636985063552856 18 21 -0.040047165254422985
6 1.1427921056747437 19 20 -0.07870006678977161
-1 0.0 0 0 -0.01186537472393133
-1 0.0 0 0 0.0068060482188247815
8 37.5 22 23 0.1145644408869715
-1 0.0 0 0 -0.012087030982042456
3 0.4885860085487366 24 25 0.21792603875851121
-1 0.0 0 0 -0.0029234978857196193
-1 0.0 0 0 0.050411248020827776
7 0.5849999785423279 27 28 0.26195157570290867
-1 0.0 0 0 0.01845344726034269
-1 0.0 0 0 0.06412953808903694
nodes 29
8 38.5 1 10 0.0
7 0.02250000089406967 2 9 -0.0035803233137283366
5 1.1346527338027954 3 8 -0.039267240819743435
8 34.5 4 5 -0.13826269076393985
-1 0.0 0 0 -0.03249837012340625
0 11.124656677246094 6 7 -0.054027648446591275
-1 0.0 0 0 0.002525789090820278
-1 0.0 0 0 -0.025974148028605693
-1 0.0 0 0 -0.0022992861058900244
-1 0.0 0 0 -0.00018943369224816583
4 0.9397803544998169 11 12 0.0018238066311448465
-1 0.0 0 0 -4.795495119833563e-05
5 2.9379098415374756 13 14 0.013790128006254955
-1 0.0 0 0 0.0011031893561409597
3 0.3113750219345093 15 28 0.11530184292914639
6 1.039546012878418 16 19 0.0662283520862182
4 0.9710292220115662 17 18 0.2152111995743499
-1 0.0 0 0 0.04697559484984817
-1 0.0 0 0 -0.0027494258702147837
7 0.3174999952316284 20 23 -0.025118795278767654
6 1.071060299873352 21 22 -0.20568391297645164
-1 0.0 0 0 -0.04295300879166462
-1 0.0 0 0 0.013541502026574954
7 0.6025000214576721 24 27 0.08880919564953296
6 1.0862420797348022 25 26 0.21225985912148093
-1 0.0 0 0 0.04423986830074212
-1 0.0 0 0 0.0003696549974847585
-1 0.0 0 0 -0.02386034335586769
-1 0.0 0 0 0.044394552402875646
nodes 29
8 56.5 1 2 0.0
-1 0.0 0 0 -7.531139003110474e-05
3 0.21541345119476318 3 4 0.008234206130484704
-1 0.0 0 0 -0.005207757693360102
0 11.721125602722168 5 12 0.012334893722776692
6 1.014693260192871 6 11 0.0171380696376847
3 0.24905277788639069 7 8 0.034165226887279576
-1 0.0 0 0 0.03703683429899124
5 1.1862196922302246 9 10 0.031133218209281503
-1 0.0 0 0 0.007342342683048402
-1 0.0 0 0 0.0006432948009095636
-1 0.0 0 0 0.0003149930569887045
2 11.184185028076172 13 16 -0.039733147707738684
1 10.704726219177246 14 15 -0.15307870460674167
-1 0.0 0 0 -0.0012851124208301623
-1 0.0 0 0 -0.025144730578176677
2 11.245529174804688 17 18 -0.012869543785729657
-1 0.0 0 0 0.020938204700483923
1 11.215852737426758 19 24 -0.036938264447381124
5 1.1825507879257202 20 21 -0.09055037275685815
-1 0.0 0 0 -0.0370326631742975
4 0.7112630009651184 22 23 -0.060896667887361894
-1 0.0 0 0 -0.002801027225723374
-1 0.0 0 0 -0.031346418632674615
7 0.10000000149011612 25 28 0.02938599325506468
6 1.0015634298324585 26 27 -0.04537350028414071
-1 0.0 0 0 0.005924497291892873
-1 0.0 0 0 -0.037417441606521606
-1 0.0 0 0 0.014056677851849834
nodes 29
4 2.4293885231018066 1 14 0.0
5 1.976089358329773 2 3 0.00015201476623954023
-1 0.0 0 0 -8.628267404170904e-05
6 1.0383507013320923 4 11 0.007729747811257852
6 1.0258378982543945 5 6 0.039960520960559374
-1 0.0 0 0 0.0014306914914243153
8 34.5 7 8 0.10881479958887212
-1 0.0 0 0 0.042001251620240515
7 0.17749999463558197 9 10 0.08753632323922884
-1 0.0 0 0 0.019457359183800118
-1 0.0 0 0 0.002703699750948797
2 11.485204696655273 12 13 0.0009221472905591473
-1 0.0 0 0 -1.3923187097511687e-05
-1 0.0 0 0 0.04206011166626757
6 1.0772364139556885 15 20 -0.03862384310427429
6 1.0589200258255005 16 19 0.08057806580150619
7 0.20999999344348907 17 18 -0.0681161053696687
-1 0.0 0 0 0.0060835797203859935
-1 0.0 0 0 -0.020267461240291596
-1 0.0 0 0 0.029897262970916928
6 1.0897985696792603 21 22 -0.0731181683920276
-1 0.0 0 0 -0.030184095725417137
7 0.6349999904632568 23 26 -0.04058019842837536
0 9.372714042663574 24 25 0.04165916537539553
-1 0.0 0 0 -0.0031237723655067385
-1 0.0 0 0 0.01412256479535888
6 1.1317222118377686 27 28 -0.09675779201264138
-1 0.0 0 0 -0.03293537080287933
-1 0.0 0 0 -0.0034455314508314975
nodes 29
4 1.0 1 2 0.0
-1 0.0 0 0 -0.00011799499637254883
4 1.0331581830978394 3 28 0.0049918631324519964
7 0.03999999910593033 4 13 0.02757216613949596
3 0.9360491037368774 5 12 -0.04024596957344852
4 1.001737117767334 6 9 -0.05354680664961796
7 0.012500000186264515 7 8 0.15477736519519672
-1 0.0 0 0 0.042555215514519
-1 0.0 0 0 -0.012889146237146288
5 1.3327968120574951 10 11 -0.07409253919394601
-1 0.0 0 0 -0.010424853821860374
-1 0.0 0 0 0.007105833611140648
-1 0.0 0 0 0.024934952858496798
6 1.0458223819732666 14 23 0.03691417493580753
5 1.2978872060775757 15 20 0.08179011916330653
6 1.0435762405395508 16 19 0.12081767893278957
5 1.0785061120986938 17 18 0.09846168791233403
-1 0.0 0 0 -0.019721237185876817
-1 0.0 0 0 0.011005674907982824
-1 0.0 0 0 0.04676081737866852
3 0.7653780579566956 21 22 -0.02876075097870191
-1 0.0 0 0 0.0031885712380427377
-1 0.0 0 0 -0.02580043824762106
3 0.9505783915519714 24 27 0.021807094850401765
3 0.9360491037368774 25 26 0.01920667050533731
-1 0.0 0 0 0.0022707444537762196
-1 0.0 0 0 -0.0202008907638845
-1 0.0 0 0 0.03022368562221527
-1 0.0 0 0 -0.00021801735457141008
nodes 29
7 0.11999999731779099 1 10 0.0
6 1.0847994089126587 2 7 0.003339286348315819
3 0.09208572655916214 3 4 0.00030616553877122035
-1 0.0 0 0 -0.022113658549884955
2 10.2407808303833 5 6 0.0006516942211496456
-1 0.0 0 0 -0.0058797517174727166
-1 0.0 0 0 0.0001921706591790863
0 11.402329444885254 8 9 0.030732888996393818
-1 0.0 0 0 0.0022605862967707705
-1 0.0 0 0 0.011773987353879814
6 0.9482656121253967 11 12 -0.0016708707587215754
-1 0.0 0 0 -0.02294433662811151
6 0.9958168268203735 13 22 -0.0015223358983357657
7 0.16500000655651093 14 17 0.11499505674635822
5 1.1567672491073608 15 16 0.03652801081436138
-1 0.0 0 0 0.02992969546467066
-1 0.0 0 0 -0.0025823941959415455
5 1.2252627611160278 18 19 0.26980841763921687
-1 0.0 0 0 0.0027752360185751552
3 0.5640802383422852 20 21 0.4009221154265106
-1 0.0 0 0 0.021875762939453126
-1 0.0 0 0 0.06559523958712817
6 1.002935528755188 23 24 -0.0019525419297502606
-1 0.0 0 0 -0.006141252605305626
6 1.0258378982543945 25 28 -0.001345673672078894
7 0.6299999952316284 26 27 0.022858884708787983
-1 0.0 0 0 0.0026087472435699505
-1 0.0 0 0 -0.03446903391496131
-1 0.0 0 0 -0.0003279592139537161
nodes 29
1 10.765110969543457 1 2 0.0
-1 0.0 0 0 0.0001705937849427887
6 1.098508596420288 3 12 -0.0035992975049121308
3 0.48450466990470886 4 7 -0.007378435363835959
8 59.5 5 6 -0.09252651915618026
-1 0.0 0 0 -0.01975247469174382
-1 0.0 0 0 -0.002566867327401176
7 0.6650000214576721 8 9 -0.0061343781389764235
-1 0.0 0 0 -0.0005612742802091134
6 1.0512577295303345 10 11 -0.1879347257502377
-1 0.0 0 0 -0.06125472227687992
-1 0.0 0 0 -0.0022807643576352684
3 0.9682182669639587 13 24 0.04058256167477888
1 11.01762866973877 14 15 0.030036869161340896
-1 0.0 0 0 0.0008521308009356667
8 41.5 16 23 0.10325988888632186
3 0.9174924492835999 17 22 0.1798841047782399
2 11.357440948486328 18 21 0.21938023900598635
7 0.2874999940395355 19 20 0.2880329102339844
-1 0.0 0 0 0.013492240241700502
-1 0.0 0 0 0.040833402351875395
-1 0.0 0 0 0.0013422225321992301
-1 0.0 0 0 -0.01360849690437317
-1 0.0 0 0 0.003844617243639117
0 11.018071174621582 25 28 0.24235059011772514
7 0.5450000166893005 26 27 0.3109183264685427
-1 0.0 0 0 0.022230429467350002
-1 0.0 0 0 0.06147378640515464
-1 0.0 0 0 -0.00764893839135766
nodes 29
1 11.319753646850586 1 2 0.0
-1 0.0 0 0 -2.109135697370704e-05
6 1.0952529907226562 3 28 0.02668894353917556
5 1.1446571350097656 4 27 0.016754481651804837
4 0.8268904089927673 5 12 -0.020233328586410998
8 53.5 6 9 -0.1298354175788435
8 49.5 7 8 -0.3407972308284626
-1 0.0 0 0 -0.01382588181378586
-1 0.0 0 0 -0.055346256415359674
7 0.07500000298023224 10 11 -0.00448129666240319
-1 0.0 0 0 -0.01726068151918681
-1 0.0 0 0 0.020160804863177964
4 0.8603546619415283 13 14 0.023607507010562006
-1 0.0 0 0 0.021806597738873727
3 0.7954888343811035 15 16 -0.020666519727326107
-1 0.0 0 0 -0.026042864350946965
2 11.540209770202637 17 24 0.012194278963627578
5 1.1215190887451172 18 23 -0.0417283782162964
7 0.027499999850988388 19 20 -0.10494995181048938
-1 0.0 0 0 -0.033067968835973224
6 1.0441278219223022 21 22 -0.05250768978389761
-1 0.0 0 0 0.002402260579059229
-1 0.0 0 0 -0.022038059620535934
-1 0.0 0 0 0.021537268773342173
7 0.11500000208616257 25 26 0.19433303210470412
-1 0.0 0 0 0.04158957382664085
-1 0.0 0 0 0.0017082867175340654
-1 0.0 0 0 0.006470164307171425
-1 0.0 0 0 0.03346572620476681
nodes 29
5 1.1050344705581665 1 28 0.0
7 0.375 2 9 0.011273525540622581
7 0.26249998807907104 3 6 0.005086104376743913
7 0.2574999928474426 4 5 0.014064910343418825
-1 0.0 0 0 0.0010464273522072447
-1 0.0 0 0 0.035229973174864426
8 42.5 7 8 -0.05704968725596311
-1 0.0 0 0 -0.014288755919918553
-1 0.0 0 0 0.0030766015838024803
7 0.4724999964237213 10 17 0.06546411341670853
0 10.824865341186523 11 14 0.12719576696845444
7 0.44749999046325684 12 13 0.2935792152476433
-1 0.0 0 0 0.01829556068405509
-1 0.0 0 0 0.056750434082711035
0 11.184657096862793 15 16 0.05222050941054836
-1 0.0 0 0 -0.006790396354170804
-1 0.0 0 0 0.02314831844316079
3 0.9593797922134399 18 27 -0.0240848901923056
5 1.097461462020874 19 26 0.04708000747621923
1 10.700386047363281 20 23 -0.042686602789098804
1 10.245302200317383 21 22 0.12155056227834857
-1 0.0 0 0 -0.012524495597766794
-1 0.0 0 0 0.033986967458174776
7 0.5299999713897705 24 25 -0.22984058158688767
-1 0.0 0 0 -0.0010786177251826633
-1 0.0 0 0 -0.04593261480331421
-1 0.0 0 0 0.02266132280068553
-1 0.0 0 0 -0.04332830517863234
-1 0.0 0 0 -5.083413950182625e-05
nodes 29
1 10.769221305847168 1 2 0.0
-1 0.0 0 0 0.0001556458015760146
6 1.0952529907226562 3 12 -0.0033438276676701155
7 0.6650000214576721 4 7 -0.006920695210282737
6 1.0643609762191772 5 6 -0.006400865545166516
-1 0.0 0 0 -0.0001967863545795676
-1 0.0 0 0 -0.0027641838261991004
3 0.8307089805603027 8 11 -0.2050904659280444
4 0.8960818648338318 9 10 -0.06406171005615528
-1 0.0 0 0 -0.04607902921169349
-1 0.0 0 0 0.03161365144187585
-1 0.0 0 0 -0.05207262528794152
5 1.2862160205841064 13 22 0.03343084175481589
7 0.6150000095367432 14 17 0.055429755191333314
1 11.282392501831055 15 16 0.04324267652412962
-1 0.0 0 0 0.0038245981277173595
-1 0.0 0 0 0.032805430560062326
6 1.1178317070007324 18 19 0.2536121559477298
-1 0.0 0 0 0.05802963572953429
8 31.5 20 21 0.04252390276927214
-1 0.0 0 0 -0.02200077120214701
-1 0.0 0 0 0.02411964761244284
0 10.875364303588867 23 24 -0.026234346376237953
-1 0.0 0 0 0.04316444114914963
5 1.4880869388580322 25 26 -0.04080321594475677
-1 0.0 0 0 -0.006938185966683695
7 0.5575000047683716 27 28 0.1312767026371303
-1 0.0 0 0 0.024746096434570115
-1 0.0 0 0 -0.02273790617675885
nodes 29
8 38.5 1 28 0.0
4 1.0041821002960205 2 3 -0.003223964557525635
-1 0.0 0 0 -0.0009384446655615943
0 11.212414741516113 4 27 0.004878613287563497
0 11.056809425354004 5 14 0.0018516333511712792
0 11.040855407714844 6 7 0.005588234644444051
-1 0.0 0 0 0.00039119649668155744
6 1.0705121755599976 8 11 0.15692395647783997
7 0.22499999403953552 9 10 -0.01336109143524588
-1 0.0 0 0 -0.013162520620971918
-1 0.0 0 0 0.02326282672956586
2 11.103617668151855 12 13 0.4140209896015186
-1 0.0 0 0 0.06994558366991226
-1 0.0 0 0 0.02142165966331959
0 11.101597785949707 15 16 -0.04391194055930993
-1 0.0 0 0 -0.01414399231979542
7 0.6800000071525574 17 26 0.01083781074192573
7 0.6100000143051147 18 25 0.02528974977390983
6 1.0406603813171387 19 20 0.013759655783079533
-1 0.0 0 0 0.01043403907468421
6 1.0905787944793701 21 24 -0.0348267761786152
3 0.8156661987304688 22 23 -0.08727878756160083
-1 0.0 0 0 0.013100791172473692
-1 0.0 0 0 -0.01519563280908861
-1 0.0 0 0 0.012656402807672518
-1 0.0 0 0 0.03538974285125732
-1 0.0 0 0 -0.039519285729953224
-1 0.0 0 0 0.008988966314561872
-1 0.0 0 0 0.00016422786061677855
nodes 29
4 0.5524404048919678 1 12 0.0
6 1.0897985696792603 2 11 -0.018059309197979653
7 0.3425000011920929 3 10 -0.07261011227099552
7 0.3174999952316284 4 9 -0.040017770494483636
0 11.767064094543457 5 8 -0.06098878963766708
3 0.4265122413635254 6 7 -0.028950668732877532
-1 0.0 0 0 -0.006618308808320939
-1 0.0 0 0 0.010234259950250322
-1 0.0 0 0 -0.020108769122132306
-1 0.0 0 0 0.0292372882924974
-1 0.0 0 0 -0.025266944306910222
-1 0.0 0 0 0.0003415685483583472
8 62.5 13 14 0.0002879141192508879
-1 0.0 0 0 -3.269934633031006e-05
5 4.850311279296875 15 26 0.024985031333408098
7 0.0024999999441206455 16 19 0.02991560752830304
6 0.8909164071083069 17 18 -0.10864449005593803
-1 0.0 0 0 0.010588890550658108
-1 0.0 0 0 -0.01863739812017783
6 0.9978936314582825 20 21 0.03642793211476237
-1 0.0 0 0 0.0072678747914084185
1 11.127630233764648 22 23 0.019486061488080058
-1 0.0 0 0 0.0032088878360785767
6 1.0313830375671387 24 25 -0.08242871762253344
-1 0.0 0 0 -0.016492107603698968
-1 0.0 0 0 0.006422436400316656
2 11.027783393859863 27 28 -0.16981924323470526
-1 0.0 0 0 0.004627276526852733
-1 0.0 0 0 -0.031162962381495164
nodes 29
7 0.8550000190734863 1 22 0.0
5 1.9005506038665771 2 3 0.00013745730563556618
-1 0.0 0 0 -8.766678437831794e-05
2 11.051746368408203 4 5 0.007082421911221629
-1 0.0 0 0 6.207944883391684e-05
7 0.4975000023841858 6 11 0.03257571465902774
7 0.07000000029802322 7 10 0.011913934195031674
6 1.0610774755477905 8 9 0.09311361125835128
-1 0.0 0 0 0.006550989852559458
-1 0.0 0 0 0.03611601901632783
-1 0.0 0 0 -0.0012730561378995978
6 1.052364468574524 12 15 0.09741735245268149
6 1.0452841520309448 13 14 0.37482060782128707
-1 0.0 0 0 0.025532506283193396
-1 0.0 0 0 0.06643675052954888
8 31.5 16 19 0.04466331457275435
6 1.1165903806686401 17 18 0.24035995009715758
-1 0.0 0 0 0.03937788588129047
-1 0.0 0 0 -0.0025866979733109477
4 1.0097408294677734 20 21 -0.003869451037297646
-1 0.0 0 0 0.0021411845946038904
-1 0.0 0 0 -0.03907832135648831
2 10.960687637329102 23 28 -0.03772147261359775
8 20.5 24 25 -0.02255357429213425
-1 0.0 0 0 -0.01761693086313165
1 10.090091705322266 26 27 0.004729529104013946
-1 0.0 0 0 -0.0013444623981736928
-1 0.0 0 0 0.022191065847873687
-1 0.0 0 0 -0.025801713871104377
nodes 29
4 2.4293885231018066 1 10 0.0
3 0.8607214689254761 2 3 0.0001420448529697256
-1 0.0 0 0 -7.448793248332877e-05
8 45.5 4 5 0.0069818838512811
-1 0.0 0 0 0.0009944217503658306
4 1.0587153434753418 6 7 -0.047652974305630334
-1 0.0 0 0 -0.0008545926422518067
0 11.013962745666504 8 9 -0.16497411795496714
-1 0.0 0 0 -0.005616755632343151
-1 0.0 0 0 -0.04244359187686291
6 1.0772364139556885 11 16 -0.036090686150352914
6 1.0589200258255005 12 15 0.06801136518250915
5 3.8054821491241455 13 14 -0.06425772155535982
-1 0.0 0 0 0.007854679883235977
-1 0.0 0 0 -0.017959983417621027
-1 0.0 0 0 0.02622815863287542
6 1.09284245967865 17 20 -0.06621545558367198
2 10.808292388916016 18 19 -0.2456009747253524
-1 0.0 0 0 -0.007769232206046581
-1 0.0 0 0 -0.03799278968572617
7 0.6349999904632568 21 26 -0.03081041891097189
2 10.591848373413086 22 23 0.047894513078628936
-1 0.0 0 0 -0.006811768071784172
6 1.1165903806686401 24 25 0.14070426811580547
-1 0.0 0 0 0.03176206864771389
-1 0.0 0 0 0.0012592378957598503
6 1.1229112148284912 27 28 -0.0821397223824507
-1 0.0 0 0 -0.03524673625826836
-1 0.0 0 0 -0.003632147828071631
nodes 29
0 11.408531188964844 1 8 0.0
0 11.402329444885254 2 3 0.0008149059684879987
-1 0.0 0 0 4.9794291870248285e-05
5 1.1073241233825684 4 5 0.07204038627841046
-1 0.0 0 0 -0.02657450704524915
8 38.5 6 7 0.09683197943297206
-1 0.0 0 0 0.0393399265408516
-1 0.0 0 0 0.007751163506974446
0 11.427563667297363 9 16 -0.0061119873734295635
7 0.0024999999441206455 10 11 -0.05499653185547888
-1 0.0 0 0 -0.03283497584874139
5 1.1115590333938599 12 15 -0.0459114783799307
1 11.185338020324707 13 14 -0.19602985550527988
-1 0.0 0 0 -0.034977614317013295
-1 0.0 0 0 -0.0020830597468586855
-1 0.0 0 0 -0.0031077009319208765
1 8.565220832824707 17 18 -0.0006763716025978644
-1 0.0 0 0 0.029865418133084423
6 0.9436914324760437 19 28 -0.0015289852674573365
0 11.605359077453613 20 21 -0.04653111098215301
-1 0.0 0 0 -0.008200778396481171
4 0.7898311614990234 22 25 0.031249821104355296
6 0.9007049202919006 23 24 -0.05452568799175668
-1 0.0 0 0 0.004994893045730743
-1 0.0 0 0 -0.017035624322876253
8 52.5 26 27 0.2656223389162669
-1 0.0 0 0 0.0065659851650707425
-1 0.0 0 0 0.04296941233392901
-1 0.0 0 0 0.00028810458172910176
nodes 29
5 1.1050344705581665 1 28 0.0
7 0.06750000268220901 2 13 0.010715738649969612
8 51.5 3 8 -0.013587994573021234
7 0.0625 4 5 -0.04478843956656461
-1 0.0 0 0 -0.002878582703856665
6 1.0166313648223877 6 7 -0.3192483412260014
-1 0.0 0 0 -0.058001394163478506
-1 0.0 0 0 -0.013418888287138074
4 0.8891128897666931 9 10 0.06581631252694894
-1 0.0 0 0 0.003632462067467845
4 0.9234445095062256 11 12 0.2786693928520317
-1 0.0 0 0 0.052034299634397034
-1 0.0 0 0 -0.0035506291687488556
7 0.10499999672174454 14 21 0.02356775227222996
4 0.7898311614990234 15 16 0.10454645410786255
-1 0.0 0 0 -0.0036197247591031635
4 1.0124845504760742 17 18 0.13935403624844928
-1 0.0 0 0 0.017994254028844924
5 1.0834606885910034 19 20 -0.05597813944405061
-1 0.0 0 0 -0.033284493590084216
-1 0.0 0 0 0.007923587743019642
6 1.0069822072982788 22 25 0.005416004614387684
8 47.5 23 24 0.16917819533810705
-1 0.0 0 0 0.0026751797103012603
-1 0.0 0 0 0.03237259891676776
6 1.0105392932891846 26 27 -0.002722278697440154
-1 0.0 0 0 -0.025125580741202132
-1 0.0 0 0 0.00016379586484296905
-1 0.0 0 0 -4.831899036606831e-05
nodes 29
3 0.09208572655916214 1 28 0.0
6 1.0600172281265259 2 11 -0.02506758170908297
8 42.5 3 4 -0.11775400115547176
-1 0.0 0 0 -0.02922724866939168
0 11.116766929626465 5 6 -0.0744734167419374
-1 0.0 0 0 0.020089321493199377
2 11.193161010742188 7 10 -0.17324623027715183
6 1.0326999425888062 8 9 -0.1302088894816633
-1 0.0 0 0 -0.0013202038179669117
-1 0.0 0 0 -0.024721574078365748
-1 0.0 0 0 -0.032818065714091064
2 11.079014778137207 12 25 0.0012695429423499093
6 1.067665696144104 13 14 -0.02302280851472082
-1 0.0 0 0 0.014845388910422723
2 10.88211441040039 15 20 -0.03202814930871371
2 10.82001781463623 16 19 -0.002704395283364397
6 1.10386061668396 17 18 -0.025294068804647567
-1 0.0 0 0 -0.01809738451545989
-1 0.0 0 0 0.0004516952198534603
-1 0.0 0 0 0.021415647052095407
4 0.6964908838272095 21 22 -0.15852946027853462
-1 0.0 0 0 -0.0006916641544264097
6 1.1010961532592773 23 24 -0.2242283483967185
-1 0.0 0 0 -0.03645602903727974
-1 0.0 0 0 -0.010143789916764945
1 8.66871166229248 26 27 0.17310220545486493
-1 0.0 0 0 0.035965178930865864
-1 0.0 0 0 -0.0024753413784007233
-1 0.0 0 0 1.9838409780123227e-05
nodes 29
8 30.5 1 28 0.0
2 11.32801628112793 2 23 -0.007495513309030006
6 1.0313830375671387 3 4 -0.009269053437494705
-1 0.0 0 0 -0.0071183290847469695
0 11.124656677246094 5 18 -0.005421380482228856
2 11.13604736328125 6 7 -0.0028353637876618147
-1 0.0 0 0 -0.0006493914892639837
7 0.4424999952316284 8 13 0.11528893240178242
7 0.23250000178813934 9 12 0.01284431660855093
7 0.12250000238418579 10 11 0.1283200534205113
-1 0.0 0 0 -0.010104385591112078
-1 0.0 0 0 0.024903790043715977
-1 0.0 0 0 -0.01588888304451337
7 0.6949999928474426 14 17 0.216688194972634
1 10.934427261352539 15 16 0.35226405719025194
-1 0.0 0 0 0.04787222577362425
-1 0.0 0 0 0.011515493116651973
-1 0.0 0 0 -0.010588885651066386
5 1.351456880569458 19 22 -0.08811021971589716
3 0.8837460279464722 20 21 -0.004711281452487167
-1 0.0 0 0 0.006042655637914626
-1 0.0 0 0 -0.03024842543970971
-1 0.0 0 0 -0.020157156595797823
1 11.148276329040527 24 27 0.12385730245538677
6 1.0600172281265259 25 26 0.24206360151885814
-1 0.0 0 0 -0.0008884889114162197
-1 0.0 0 0 0.04344574443375071
-1 0.0 0 0 -0.002183883359958959
-1 0.0 0 0 6.540490381124735e-05
nodes 29
7 0.11999999731779099 1 20 0.0
6 1.0847994089126587 2 5 0.003130179213470883
7 0.054999999701976776 3 4 0.0005196882409070533
-1 0.0 0 0 -0.0006621868793010976
-1 0.0 0 0 0.0010667035308766695
3 0.8964957594871521 6 19 0.026706804382431785
1 10.973649024963379 7 16 0.034901693101583635
7 0.017500000074505806 8 9 0.027389856008779658
-1 0.0 0 0 0.016804579418790325
6 1.0883328914642334 10 15 0.0206190594869717
1 10.865554809570312 11 14 0.10208071681154886
0 10.363693237304688 12 13 0.13815969998074487
-1 0.0 0 0 0.03758026254673799
-1 0.0 0 0 0.0107027438999963
-1 0.0 0 0 -0.023164987750351432
-1 0.0 0 0 0.0009496559176717828
0 11.298134803771973 17 18 0.13825136387290862
-1 0.0 0 0 0.03744532664616903
-1 0.0 0 0 0.0073832663166877276
-1 0.0 0 0 -0.004691015581703935
6 0.9482656121253967 21 22 -0.0015662403434405156
-1 0.0 0 0 -0.02060057590596187
6 0.9958168268203735 23 28 -0.0014329213696100509
7 0.16500000655651093 24 25 0.10229483815756711
-1 0.0 0 0 0.0031516051404688462
5 1.2266900539398193 26 27 0.24193947148081418
-1 0.0 0 0 0.0027182575453210765
-1 0.0 0 0 0.03653104543051821
-1 0.0 0 0 -0.00018159054611763676
nodes 29
4 0.8547836542129517 1 2 0.0
-1 0.0 0 0 -0.00024410026900912143
6 1.0480049848556519 3 14 0.0020051429875609134
7 0.7325000166893005 4 13 0.00824101482732201
2 10.119203567504883 5 6 0.008709301341237215
-1 0.0 0 0 -0.012287028461634632
7 0.6349999904632568 7 8 0.009777037890288335
-1 0.0 0 0 0.0008940563210244066
8 37.5 9 12 0.18074166926965918
6 1.0340499877929688 10 11 0.05755928923573458
-1 0.0 0 0 -0.017628996061782042
-1 0.0 0 0 0.025243366411369705
-1 0.0 0 0 0.04818541537970305
-1 0.0 0 0 -0.03524519896507263
6 1.0529088973999023 15 28 -0.002000782412000414
1 10.978967666625977 16 25 -0.04339953190673635
4 0.9651153683662415 17 22 -0.02196013879015651
0 11.235457420349121 18 19 -0.07134523932213797
-1 0.0 0 0 -0.009443844060535632
7 0.13750000298023224 20 21 0.1605489902301795
-1 0.0 0 0 0.046413482885275574
-1 0.0 0 0 0.003554305667970695
5 1.2493572235107422 23 24 0.03577685374355711
-1 0.0 0 0 -0.002088398912554266
-1 0.0 0 0 0.009766792826211224
7 0.35749998688697815 26 27 -0.14708184288036016
-1 0.0 0 0 -0.018837101248755064
-1 0.0 0 0 0.006863300241434909
-1 0.0 0 0 6.0918337749558276e-05
nodes 29
8 56.5 1 2 0.0
-1 0.0 0 0 -6.642826281282925e-05
3 0.3113750219345093 3 18 0.007262965031701645
7 0.07500000298023224 4 7 -0.0313660883353204
7 0.05000000074505806 5 6 0.07943545364998753
-1 0.0 0 0 -0.0003681092399411497
-1 0.0 0 0 0.028815033595181172
6 1.1317222118377686 8 15 -0.05547992254148934
2 11.295005798339844 9 14 -0.10017028023461694
2 11.206223487854004 10 13 -0.08525563500226796
7 0.11500000208616257 11 12 -0.1106219978421522
-1 0.0 0 0 -0.024883704358203848
-1 0.0 0 0 -0.009097903268532081
-1 0.0 0 0 0.024450708191622705
-1 0.0 0 0 -0.028220543742944033
4 0.6041512489318848 16 17 0.05359843865263726
-1 0.0 0 0 0.0021724868433911503
-1 0.0 0 0 0.034197835967920365
3 0.7729302048683167 19 20 0.01240574864261241
-1 0.0 0 0 0.0010388709204293182
3 0.7870046496391296 21 24 0.10470660970034734
7 0.054999999701976776 22 23 0.2663975828030008
-1 0.0 0 0 0.012083971514194101
-1 0.0 0 0 0.04629007041454315
1 10.953592300415039 25 26 0.02471212827061352
-1 0.0 0 0 -0.014659679543815161
7 0.04749999940395355 27 28 0.13891807740979029
-1 0.0 0 0 0.03282174376601523
-1 0.0 0 0 0.001992990810956274
nodes 29
1 10.769221305847168 1 2 0.0
-1 0.0 0 0 0.0001522545142592607
6 1.0952529907226562 3 8 -0.003270970628786948
3 0.48450466990470886 4 7 -0.006392240402975946
8 59.5 5 6 -0.08670062731465232
-1 0.0 0 0 -0.018958712584571914
-1 0.0 0 0 -0.002181724986262821
-1 0.0 0 0 -0.0005257914597754249
7 0.6424999833106995 9 22 0.028819584237093687
1 11.282392501831055 10 21 0.020094171134862202
5 1.2880820035934448 11 12 0.016007196387466064
-1 0.0 0 0 0.003455048360785784
5 1.4636985063552856 13 16 -0.03855947511267501
0 10.944082260131836 14 15 -0.08056156262221824
-1 0.0 0 0 0.02499951400040161
-1 0.0 0 0 -0.009568507189269956
8 35.5 17 18 0.13985647183051744
-1 0.0 0 0 -0.016140915879181452
3 0.4885860085487366 19 20 0.20862362664648454
-1 0.0 0 0 -6.0916353601875696e-05
-1 0.0 0 0 0.03922360751739874
-1 0.0 0 0 0.03011337875881616
6 1.10386061668396 23 24 0.1614906090992288
-1 0.0 0 0 0.06241194336553631
8 35.5 25 26 0.08148712816094994
-1 0.0 0 0 -0.003788290947846983
0 11.402329444885254 27 28 0.3072521993485482
-1 0.0 0 0 0.051727104129699567
-1 0.0 0 0 0.0034227704815566543
nodes 29
5 1.0834606885910034 1 28 0.0
6 1.063246488571167 2 23 0.017174638211898997
6 1.0610774755477905 3 22 0.037317561685511876
6 1.057763695716858 4 21 0.03035839741188352
6 0.9629217386245728 5 8 0.03842558054262914
0 11.34406852722168 6 7 -0.08015418964103588
-1 0.0 0 0 0.00037253718597419334
-1 0.0 0 0 -0.022977719123701792
0 10.909015655517578 9 20 0.052273331482444896
7 0.29499998688697815 10 19 -0.04082992040511111
7 0.017500000074505806 11 12 -0.08660002190386877
-1 0.0 0 0 0.021383265480399136
0 10.732869148254395 13 16 -0.132820433705078
7 0.08250000327825546 14 15 0.017517594822664868
-1 0.0 0 0 0.02538399929402485
-1 0.0 0 0 -0.013756897894199939
0 10.824865341186523 17 18 -0.23629985593845948
-1 0.0 0 0 -0.04474016334598644
-1 0.0 0 0 -0.009403561456533878
-1 0.0 0 0 0.03024458408355713
-1 0.0 0 0 0.007450304050054113
-1 0.0 0 0 -0.017875148110875958
-1 0.0 0 0 0.03468490856821123
2 11.240105628967285 24 25 -0.04086805587459982
-1 0.0 0 0 -0.0009967845234496054
6 1.0753461122512817 26 27 -0.2708231118009534
-1 0.0 0 0 -0.050203171355480504
-1 0.0 0 0 -0.002860457663025175
-1 0.0 0 0 -2.7381009758736748e-05
nodes 29
8 38.5 1 28 0.0
6 1.0105392932891846 2 27 -0.002976646939090017
4 0.8182790875434875 3 6 -0.026280137644607675
1 10.148940086364746 4 5 -0.2064971192326545
-1 0.0 0 0 0.00224746394563805
-1 0.0 0 0 -0.03136753892573092
3 0.887909471988678 7 22 -0.02103331413001897
5 1.1233681440353394 8 9 -0.03743593288593361
-1 0.0 0 0 -0.020316787554851074
4 0.9976109862327576 10 19 -0.02800489522802481
6 1.0042799711227417 11 14 0.001474736829479826
7 0.1550000011920929 12 13 -0.016483202716244705
-1 0.0 0 0 -0.0007069138077210657
-1 0.0 0 0 -0.025973048580870513
7 0.0925000011920929 15 16 0.15393397868705952
-1 0.0 0 0 -0.007082157485908078
7 0.2574999928474426 17 18 0.257925354208408
-1 0.0 0 0 0.047115440497873355
-1 0.0 0 0 0.006297307921839613
6 0.9775820374488831 20 21 -0.07124788862467987
-1 0.0 0 0 -0.012110782552527538
-1 0.0 0 0 -0.0017803250378289938
8 33.5 23 24 0.016781928273784243
-1 0.0 0 0 -0.005380617841414328
6 0.9893250465393066 25 26 0.06641157098073565
-1 0.0 0 0 0.01359447589575136
-1 0.0 0 0 -0.00275941915353552
-1 0.0 0 0 -9.36765597139848e-05
-1 0.0 0 0 0.00015162954119848156
nodes 29
6 0.7881484031677246 1 26 0.0
7 0.04500000178813934 2 25 0.034093405449863196
5 1.4138123989105225 3 16 0.011850458176471061
5 1.3379309177398682 4 11 0.06155812305101719
5 1.3017735481262207 5 8 -0.04347305960414948
1 10.839385032653809 6 7 0.08516532601061044
-1 0.0 0 0 0.025123549504457294
-1 0.0 0 0 -0.014241231303593074
3 0.6548349261283875 9 10 -0.22642543025625247
-1 0.0 0 0 -0.003079678660530287
-1 0.0 0 0 -0.045000102300019496
1 10.629899978637695 12 13 0.22510667889977673
-1 0.0 0 0 -5.974210108871813e-06
4 0.8805124759674072 14 15 0.36649024557473875
-1 0.0 0 0 0.02256654002096342
-1 0.0 0 0 0.0528438817744609
7 0.017500000074505806 17 24 -0.05037102442873004
5 1.5176068544387817 18 19 0.028641964826846913
-1 0.0 0 0 -0.023466917071491483
0 11.339226722717285 20 23 0.14480864227174178
5 1.8664708137512207 21 22 0.232267992105335
-1 0.0 0 0 0.04704042199999094
-1 0.0 0 0 0.005587078625750211
-1 0.0 0 0 -0.005093371211772874
-1 0.0 0 0 -0.022244375658531986
-1 0.0 0 0 0.026513305132187182
7 0.007499999832361937 27 28 -0.00013456671524759653
-1 0.0 0 0 -0.001214284091685388
-1 0.0 0 0 3.0641549893266596e-05
nodes 29
5 1.9005506038665771 1 2 0.0
-1 0.0 0 0 -8.122546468943077e-05
1 9.67652416229248 3 4 0.005464595242547216
-1 0.0 0 0 -0.0004974264861547369
5 4.514705657958984 5 28 0.020755288712800316
5 4.257890701293945 6 27 0.01905679024251103
6 1.1087907552719116 7 26 0.02108154426209162
7 0.5350000262260437 8 9 0.03381728794062228
-1 0.0 0 0 0.0020723240143036576
7 0.5625 10 13 0.13769439974660302
6 1.0682934522628784 11 12 0.4007113649876732
-1 0.0 0 0 0.07711823108521376
-1 0.0 0 0 0.021547589205544105
4 0.7333722710609436 14 15 0.08133362148065942
-1 0.0 0 0 -0.018999513302582736
8 41.5 16 23 0.13517707081852257
2 10.892843246459961 17 20 0.07113438145053096
2 10.709181785583496 18 19 0.3234766852388631
-1 0.0 0 0 -0.0036014988141901353
-1 0.0 0 0 0.0693862045691772
8 37.5 21 22 -0.051379635606123054
-1 0.0 0 0 0.006131216279558233
-1 0.0 0 0 -0.05146681401464675
7 0.6100000143051147 24 25 0.3876530577500279
-1 0.0 0 0 0.017013213963758562
-1 0.0 0 0 0.07087553654398236
-1 0.0 0 0 -0.0011474017811336813
-1 0.0 0 0 -0.021621962683275344
-1 0.0 0 0 0.03270076282788068
nodes 29
8 25.5 1 28 0.0
5 1.2238818407058716 2 7 -0.0156565618316138
6 1.1098204851150513 3 6 -0.10648781191338878
6 1.069929599761963 4 5 -0.23210268803465534
-1 0.0 0 0 -0.005176937232088102
-1 0.0 0 0 -0.043975923340203185
-1 0.0 0 0 0.0007853934299558975
0 10.616216659545898 8 17 -0.006023923922585706
0 10.566844940185547 9 16 -0.018973362617917374
2 11.09659194946289 10 15 -0.01199446128608199
2 10.8856782913208 11 12 -0.01936501294149297
-1 0.0 0 0 -0.0011554427361293391
6 1.099410891532898 13 14 -0.17822937625196744
-1 0.0 0 0 -0.03952674791216851
-1 0.0 0 0 -0.001183349738518397
-1 0.0 0 0 0.023318477172185395
-1 0.0 0 0 -0.023293178502813375
6 1.10386061668396 18 23 0.07109575306000833
7 0.5899999737739563 19 22 0.20013562945569766
0 10.845641136169434 20 21 0.06885421937331557
-1 0.0 0 0 -0.006308813917597658
-1 0.0 0 0 0.02967546568675475
-1 0.0 0 0 0.043180870607166605
1 10.5630521774292 24 27 -0.0412167319510546
7 0.7649999856948853 25 26 0.058118331204377004
-1 0.0 0 0 0.01887139795666061
-1 0.0 0 0 -0.014782096044375345
-1 0.0 0 0 -0.02035447619855404
-1 0.0 0 0 2.757475052718557e-05
nodes 29
3 0.8607214689254761 1 28 0.0
3 0.8359711170196533 2 3 -0.0007789039455303303
-1 0.0 0 0 4.796249951869501e-06
8 49.5 4 25 -0.023206738994627215
6 0.987088680267334 5 14 -0.030264677621945926
5 1.0946290493011475 6 7 -0.13680174859876176
-1 0.0 0 0 0.015172207693569362
1 10.99002742767334 8 13 -0.1614198224498245
0 11.064464569091797 9 12 -0.09135727809431653
5 1.2508893013000488 10 11 -0.152007813102776
-1 0.0 0 0 -0.020864087603986267
-1 0.0 0 0 0.008396328246841828
-1 0.0 0 0 0.01627192874816624
-1 0.0 0 0 -0.029460802558108724
0 11.208381652832031 15 18 -0.015975859161116133
2 11.220391273498535 16 17 -0.027432386696121695
-1 0.0 0 0 -0.002057942223575983
-1 0.0 0 0 -0.04303036307295163
2 11.193161010742188 19 20 0.0408174293478436
-1 0.0 0 0 0.03570132649193208
6 1.0545746088027954 21 24 0.0005091783543125259
6 1.0490728616714478 22 23 -0.06140483170188964
-1 0.0 0 0 -0.0023067120375217442
-1 0.0 0 0 -0.04794684456927436
-1 0.0 0 0 0.01507859017916964
6 1.0279922485351562 26 27 0.1250651123245916
-1 0.0 0 0 0.022407443380823525
-1 0.0 0 0 -0.01279587092447198
-1 0.0 0 0 0.0005841963690412206
nodes 29
3 0.8041679263114929 1 2 0.0
-1 0.0 0 0 -0.00010495351587416756
4 0.9097328782081604 3 12 0.004198316351379274
7 0.42250001430511475 4 11 0.04986369536657419
1 10.84345531463623 5 8 0.06883052768975947
2 10.892843246459961 6 7 -0.00394987225784765
-1 0.0 0 0 0.005695076090168009
-1 0.0 0 0 -0.04650546661799863
0 11.090583801269531 9 10 0.10647556214541834
-1 0.0 0 0 0.04116906999241047
-1 0.0 0 0 0.007872873143826504
-1 0.0 0 0 -0.026308903796598317
4 0.9157955050468445 13 20 0.0027283725536837436
1 11.023844718933105 14 17 -0.14729124885806114
5 1.1215190887451172 15 16 -0.24254464716168828
-1 0.0 0 0 -0.016263835657906685
-1 0.0 0 0 -0.04131553757029611
7 0.16249999403953552 18 19 0.046557772251074776
-1 0.0 0 0 0.022759940067771822
-1 0.0 0 0 -0.018517551213502886
4 0.9203892946243286 21 28 0.004235188305206727
1 10.919605255126953 22 27 0.15079551804890137
1 10.847452163696289 23 26 0.04924626134129034
5 1.1175447702407837 24 25 0.13801772390370784
-1 0.0 0 0 -0.003767693697503119
-1 0.0 0 0 0.029907116304255195
-1 0.0 0 0 -0.02424314013637957
-1 0.0 0 0 0.02570679959987269
-1 0.0 0 0 0.0002722129997200494
nodes 29
1 10.765110969543457 1 2 0.0
-1 0.0 0 0 0.0001454059253358158
6 1.098508596420288 3 4 -0.0030678676262755806
-1 0.0 0 0 -0.0005812947286852689
3 0.9682182669639587 5 28 0.02902482851982083
1 11.01762866973877 6 27 0.019945622309052984
3 0.702873706817627 7 12 0.0027127836261869147
3 0.6885845065116882 8 9 0.03666564523448134
-1 0.0 0 0 0.0018097551831559836
4 0.8990984559059143 10 11 0.27747953352160176
-1 0.0 0 0 0.04445636380940329
-1 0.0 0 0 -0.004909394359724088
6 1.1178317070007324 13 26 -0.03769245666258286
0 11.176949501037598 14 23 0.022470613135644187
7 0.5224999785423279 15 22 0.08661139537339452
7 0.3799999952316284 16 19 0.02487254221757342
2 11.09659194946289 17 18 0.08897940443794569
-1 0.0 0 0 0.014163974896408131
-1 0.0 0 0 -0.01230477722067582
2 11.079014778137207 20 21 -0.17585550178392012
-1 0.0 0 0 -0.033555456432627466
-1 0.0 0 0 0.015152757642790678
-1 0.0 0 0 0.049603747419620814
7 0.2574999928474426 24 25 -0.1673337424658619
-1 0.0 0 0 0.0006001094956364897
-1 0.0 0 0 -0.03145048308432243
-1 0.0 0 0 -0.009994117954714846
-1 0.0 0 0 0.007859342972059922
-1 0.0 0 0 0.02027349508886712
nodes 29
7 0.11999999731779099 1 4 0.0
6 1.1272661685943604 2 3 0.003012016802944225
-1 0.0 0 0 0.0001947783220666744
-1 0.0 0 0 0.00472783812117292
6 1.0258378982543945 5 28 -0.0015071155890104978
7 0.6575000286102295 6 27 0.013638885055003581
4 0.6454275846481323 7 8 0.015630259306939526
-1 0.0 0 0 -0.011320309815627913
4 1.0436351299285889 9 18 0.019594756111942283
3 0.8156661987304688 10 13 0.02568355056670233
3 0.6793327331542969 11 12 0.015439042163598636
-1 0.0 0 0 0.0037411907451583085
-1 0.0 0 0 -0.0011497357699190537
6 1.0227361917495728 14 15 0.10235875098264602
-1 0.0 0 0 0.005880626344884992
7 0.17499999701976776 16 17 0.33363747788625286
-1 0.0 0 0 0.06476450952887534
-1 0.0 0 0 0.020702150312718007
8 34.5 19 20 -0.05523797362492393
-1 0.0 0 0 -0.017144747742464488
3 0.7767759561538696 21 22 0.017579998713098625
-1 0.0 0 0 -0.042857387623128795
1 10.963549613952637 23 24 0.06881297956795641
-1 0.0 0 0 0.014627146335511371
0 11.188426971435547 25 26 -0.10667889776232187
-1 0.0 0 0 -0.025067430692301558
-1 0.0 0 0 0.021011100239120423
-1 0.0 0 0 -0.029967066391625188
-1 0.0 0 0 -0.000295602262438232
nodes 29
6 0.9164876341819763 1 16 0.0
5 1.1740270853042603 2 15 0.010939222186253499
3 0.6273977756500244 3 4 0.058481691734712994
-1 0.0 0 0 0.02582178893748538
4 1.0331581830978394 5 12 0.040949987866612865
4 0.9926440119743347 6 11 0.01988382012530051
4 0.857585608959198 7 8 0.0412558549707665
-1 0.0 0 0 -0.00404827583853324
5 1.1115590333938599 9 10 0.11427968969698721
-1 0.0 0 0 -0.018655810286017024
-1 0.0 0 0 0.01572565172051526
-1 0.0 0 0 -0.015764195318784445
3 0.9429972171783447 13 14 0.2402152138786986
-1 0.0 0 0 0.048172315849806184
-1 0.0 0 0 0.0006497848118024488
-1 0.0 0 0 -0.00023918783659205979
6 0.9389230608940125 17 28 -0.00040021709748560517
7 0.02250000089406967 18 23 -0.04314228299137515
3 0.7311950922012329 19 20 -0.0019920692022966616
-1 0.0 0 0 -0.005530391006208074
2 10.75400161743164 21 22 0.06850687259138795
-1 0.0 0 0 -0.014326196957601987
-1 0.0 0 0 0.01214490831332399
5 1.1813092231750488 24 27 -0.0938789966647556
8 36.5 25 26 -0.17707160017558965
-1 0.0 0 0 0.014244606350326823
-1 0.0 0 0 -0.021078954458391138
-1 0.0 0 0 -0.004934767605068384
-1 0.0 0 0 3.0654937176084914e-05
nodes 29
8 59.5 1 2 0.0
-1 0.0 0 0 -4.759361855580902e-05
3 0.33950865268707275 3 22 0.009001410272830933
6 1.1334035396575928 4 21 -0.04308144378575534
7 0.1850000023841858 5 14 -0.06703983393245351
1 9.949225425720215 6 13 -0.010745684458151349
2 10.867711067199707 7 8 0.07480996180231035
-1 0.0 0 0 -0.012263727518729867
2 11.128703117370605 9 12 0.17606495513031498
6 1.0015634298324585 10 11 0.2976755657214291
-1 0.0 0 0 0.011070763098972815
-1 0.0 0 0 0.05271362128921531
-1 0.0 0 0 -0.0029415042075360645
-1 0.0 0 0 -0.007804945951638122
3 0.28047871589660645 15 16 -0.12354482291789537
-1 0.0 0 0 -0.017541058548780346
5 1.6893609762191772 17 18 0.002129909463035755
-1 0.0 0 0 -0.020418286613292164
6 1.0534701347351074 19 20 0.1789694314024278
-1 0.0 0 0 0.03983766930177808
-1 0.0 0 0 -0.0020491715520620348
-1 0.0 0 0 0.0036531840242092608
5 1.7088788747787476 23 24 0.01850827269737225
-1 0.0 0 0 0.001540665770371659
1 10.30935287475586 25 26 0.13608480026299247
-1 0.0 0 0 0.027275151768255804
1 10.606658935546875 27 28 0.03358476219831833
-1 0.0 0 0 -0.012930597618899562
-1 0.0 0 0 0.02672975607540297
nodes 29
1 10.765110969543457 1 2 0.0
-1 0.0 0 0 0.0001434274059470161
6 1.098508596420288 3 22 -0.0030261237810023833
3 0.470689982175827 4 5 -0.005524305514511556
-1 0.0 0 0 -0.008454385384664698
6 0.987088680267334 6 21 -0.004638031970371188
6 0.9629217386245728 7 10 0.012276691154863887
0 10.889546394348145 8 9 -0.0051821330818019665
-1 0.0 0 0 0.03050008257347587
-1 0.0 0 0 -0.0008576622722799524
4 1.0331581830978394 11 16 0.04667107803724077
4 1.0124845504760742 12 15 0.05765357720138863
2 10.924066543579102 13 14 0.05173972132699823
-1 0.0 0 0 -0.016281285384585235
-1 0.0 0 0 0.005790583060694952
-1 0.0 0 0 0.0368131010606885
8 42.5 17 20 -0.08892054625858481
3 0.9174924492835999 18 19 -0.02065034345308743
-1 0.0 0 0 -0.023150534782972604
-1 0.0 0 0 0.009613088974012779
-1 0.0 0 0 -0.03266891836156619
-1 0.0 0 0 -0.0008759341170065564
3 0.9682182669639587 23 24 0.026180091412906833
-1 0.0 0 0 0.0018012151587781411
7 0.17749999463558197 25 26 0.18245518789008525
-1 0.0 0 0 -0.0020090519323606383
8 30.5 27 28 0.26600529211573304
-1 0.0 0 0 0.003476489358581603
-1 0.0 0 0 0.042016555780234444
nodes 29
4 0.8030299544334412 1 28 0.0
6 1.1154872179031372 2 27 -0.0030514020257061433
7 0.48750001192092896 3 4 -0.007426294066192798
-1 0.0 0 0 -0.0004156946876863231
3 0.5517179369926453 5 12 -0.05017317435507391
7 0.7425000071525574 6 9 -0.07757979681303524
7 0.6499999761581421 7 8 -0.08813138588844006
-1 0.0 0 0 -0.006364614004896303
-1 0.0 0 0 -0.02248006665872203
2 10.699304580688477 10 11 0.1880564581602812
-1 0.0 0 0 -0.022510088682174686
-1 0.0 0 0 0.06012138031423092
7 0.5174999833106995 13 18 0.016249820352068463
2 10.971038818359375 14 17 -0.1591518391293311
6 1.0869027376174927 15 16 -0.026231523647027858
-1 0.0 0 0 0.013308995813131334
-1 0.0 0 0 -0.031832090690732
-1 0.0 0 0 -0.043471834683654516
7 0.5350000262260437 19 20 0.08847403307970357
-1 0.0 0 0 0.034378331819333245
3 0.6073050498962402 21 24 0.01414348171750783
2 10.718188285827637 22 23 0.14656635636520635
-1 0.0 0 0 -0.00719353245350264
-1 0.0 0 0 0.03256163448806749
6 1.0883328914642334 25 26 -0.14951120298861018
-1 0.0 0 0 -0.032148578599838905
-1 0.0 0 0 0.009281661852516911
-1 0.0 0 0 0.0009958901918123958
-1 0.0 0 0 0.00013696866805290163
nodes 29
6 1.2597798109054565 1 26 0.0
1 8.09162712097168 2 5 0.0004362453201840755
6 1.0665274858474731 3 4 -0.05165881425793138
-1 0.0 0 0 -0.0187142958625769
-1 0.0 0 0 -0.0031644111112682644
4 0.49844005703926086 6 7 0.0006206213778882407
-1 0.0 0 0 -0.004221374078390398
8 76.5 8 19 0.0008267443384564763
5 1.976089358329773 9 10 0.0007042108880741805
-1 0.0 0 0 -3.236963282086211e-05
7 0.0024999999441206455 11 12 0.009315723664098873
-1 0.0 0 0 -0.011960289085430927
6 1.0383507013320923 13 16 0.010679865831535804
6 1.0258378982543945 14 15 0.04274625310130499
-1 0.0 0 0 0.0017965257094773109
-1 0.0 0 0 0.010429904963365839
2 11.485204696655273 17 18 0.0030370082864101277
-1 0.0 0 0 0.0001820232561824654
-1 0.0 0 0 0.038536910226811535
8 80.5 20 23 0.08917959257851797
5 1.2701092958450317 21 22 0.18305673429535496
-1 0.0 0 0 0.030613934716864213
-1 0.0 0 0 0.0007900708283369359
3 0.47550132870674133 24 25 -0.018352406115313483
-1 0.0 0 0 0.008821341241745165
-1 0.0 0 0 -0.01782011339144612
1 9.73382568359375 27 28 -0.009677258038273745
-1 0.0 0 0 0.00010099035901531167
-1 0.0 0 0 -0.003993112211399845
nodes 29
4 2.4293885231018066 1 12 0.0
5 1.976089358329773 2 3 0.00012924219036363494
-1 0.0 0 0 -6.674253776870063e-05
1 10.011309623718262 4 5 0.006077889458645205
-1 0.0 0 0 2.2495241938172767e-05
7 0.4975000023841858 6 7 0.0318326078108644
-1 0.0 0 0 0.0013246682421797827
6 1.0968869924545288 8 11 0.10169940763107815
7 0.5625 9 10 0.2643842356723495
-1 0.0 0 0 0.04330105404437021
-1 0.0 0 0 0.015142098296144345
-1 0.0 0 0 -0.001537921338607109
6 1.0772364139556885 13 18 -0.03283779471563652
8 23.5 14 15 0.058683841766294424
-1 0.0 0 0 0.0333804190531373
5 3.6214754581451416 16 17 -0.03457729340830849
-1 0.0 0 0 0.012995267499238253
-1 0.0 0 0 -0.015555521134999306
2 11.021036148071289 19 28 -0.05932207780015133
8 19.5 20 21 -0.03557235611899855
-1 0.0 0 0 -0.018660695406807853
2 10.694555282592773 22 27 -0.016173416932878177
1 9.343647003173828 23 26 0.021345937994909404
6 1.1287670135498047 24 25 -0.008507857210657922
-1 0.0 0 0 -0.01232166335518871
-1 0.0 0 0 0.0027179317651057824
-1 0.0 0 0 0.019748332970775665
-1 0.0 0 0 -0.008089430418331175
-1 0.0 0 0 -0.027570843089509897
nodes 29
8 56.5 1 2 0.0
-1 0.0 0 0 -6.112599289763897e-05
1 10.462960243225098 3 8 0.006683239250363403
3 0.5640802383422852 4 5 -0.015450447676839596
-1 0.0 0 0 -0.0005333060801793377
0 10.78101634979248 6 7 -0.08392835961489374
-1 0.0 0 0 -0.00020693772368960914
-1 0.0 0 0 -0.015137554932070871
7 0.48750001192092896 9 26 0.014762516844255355
1 10.700386047363281 10 13 0.016739382006433663
1 10.695869445800781 11 12 0.05233164730786827
-1 0.0 0 0 0.004509260231857461
-1 0.0 0 0 0.0343648366877019
4 0.7420048117637634 14 15 0.004912948150170848
-1 0.0 0 0 -0.0013680901482907794
4 0.7504715919494629 16 25 0.0265092874865329
2 11.288443565368652 17 24 0.13028757556934248
2 11.224656105041504 18 23 0.07804908537403193
6 1.0326999425888062 19 22 0.13200344548054171
7 0.04749999940395355 20 21 0.209493022573031
-1 0.0 0 0 0.00042179162027659243
-1 0.0 0 0 0.031213057575816355
-1 0.0 0 0 -0.005819824374647755
-1 0.0 0 0 -0.02294907672330737
-1 0.0 0 0 0.035609266222003964
-1 0.0 0 0 0.001661135827632274
6 1.1142096519470215 27 28 -0.18137845024678179
-1 0.0 0 0 -0.04231737195514143
-1 0.0 0 0 0.0035403515336681797
nodes 29
5 1.2309660911560059 1 2 0.0
-1 0.0 0 0 0.0002499960785858212
5 1.2667123079299927 3 26 -0.001612879329381251
2 11.346646308898926 4 5 -0.01547181635948171
-1 0.0 0 0 -0.0012545106288321547
0 11.396661758422852 6 7 -0.07832602865899854
-1 0.0 0 0 0.014724734922250113
4 0.9594631791114807 8 25 -0.1089931042018006
5 1.2634612321853638 9 24 -0.08843440348098036
8 55.5 10 21 -0.11123918992927842
7 0.17249999940395355 11 20 -0.05544673760754534
8 43.5 12 13 0.021793973886153915
-1 0.0 0 0 0.027039431805976413
6 1.04633629322052 14 19 -0.03345054704131502
4 0.8254845142364502 15 16 -0.0977589110549115
-1 0.0 0 0 0.0134873308474198
7 0.03500000014901161 17 18 -0.19927115230397743
-1 0.0 0 0 0.003126033310863105
-1 0.0 0 0 -0.03529588092457164
-1 0.0 0 0 0.022056749081239106
-1 0.0 0 0 -0.01852540444233455
5 1.242083191871643 22 23 -0.23942899109706992
-1 0.0 0 0 -0.007174577059991219
-1 0.0 0 0 -0.03534535810351372
-1 0.0 0 0 0.015452428291050289
-1 0.0 0 0 -0.033146761557353396
5 1.273529052734375 27 28 0.0009262933030034988
-1 0.0 0 0 0.003837346249764668
-1 0.0 0 0 -2.5363963961904366e-05
nodes 29
0 10.814664840698242 1 2 0.0
-1 0.0 0 0 0.00027456513062673317
7 0.7524999976158142 3 10 -0.001397234045768615
7 0.7425000071525574 4 7 -0.0008991583976641547
2 10.64401912689209 5 6 -0.001125683338897815
-1 0.0 0 0 -0.0022800500215096357
-1 0.0 0 0 9.455329069627796e-06
6 1.1119493246078491 8 9 0.17269837741086913
-1 0.0 0 0 0.06673135399494483
-1 0.0 0 0 -0.003797104367037752
6 1.0665274858474731 11 12 -0.07146699057886421
-1 0.0 0 0 -0.04905396352211635
3 0.7581303715705872 13 28 -0.046068648479330926
3 0.6713896989822388 14 27 -0.06812891270057798
0 10.866127014160156 15 18 -0.04797147381172532
7 0.7900000214576721 16 17 0.1333724231558985
-1 0.0 0 0 0.031870420368134304
-1 0.0 0 0 -0.007049253542209044
4 0.8061994910240173 19 22 -0.07335961938719265
6 1.1087907552719116 20 21 -0.006615912879619148
-1 0.0 0 0 0.026942220665514473
-1 0.0 0 0 -0.004246501931270536
8 34.5 23 26 -0.16552949980241322
0 11.142803192138672 24 25 -0.08033517868370636
-1 0.0 0 0 -0.015603831139537443
-1 0.0 0 0 0.01884109424427152
-1 0.0 0 0 -0.0387034734711051
-1 0.0 0 0 -0.029792371603349844
-1 0.0 0 0 0.029586544694999856
nodes 29
8 38.5 1 28 0.0
7 0.02250000089406967 2 11 -0.0028188877820731068
5 1.1346527338027954 3 10 -0.03200877512513572
8 34.5 4 5 -0.1204605242575234
-1 0.0 0 0 -0.028491344229939083
0 11.109173774719238 6 9 -0.046271237922846375
4 0.92500239610672 7 8 0.02935054957621045
-1 0.0 0 0 -0.01992265787862596
-1 0.0 0 0 0.009792368808495149
-1 0.0 0 0 -0.021011844417080285
-1 0.0 0 0 -0.0017467729484121391
3 0.8041679263114929 12 17 -0.0014398459297155265
5 1.1283940076828003 13 16 -0.006294541370771279
4 0.8225932121276855 14 15 -0.10415072739934143
-1 0.0 0 0 0.008892524398576756
-1 0.0 0 0 -0.018021095855105106
-1 0.0 0 0 -0.0005050377590419089
0 11.132060050964355 18 19 0.006938676960547441
-1 0.0 0 0 0.00025945253065069154
1 10.968180656433105 20 21 0.04297383336923912
-1 0.0 0 0 0.04063733280808837
7 0.03500000014901161 22 25 0.02493746138906558
6 0.9999427199363708 23 24 0.2824594724267997
-1 0.0 0 0 0.005869761161739007
-1 0.0 0 0 0.060793126996775915
1 11.01762866973877 26 27 0.01148853624782995
-1 0.0 0 0 -0.012410845606580317
-1 0.0 0 0 0.002996548904661073
-1 0.0 0 0 0.00014359334832694996
nodes 29
0 11.169095993041992 1 2 0.0
-1 0.0 0 0 0.00013982415351065057
0 11.235457420349121 3 28 -0.0028464523599258267
7 0.5024999976158142 4 21 -0.018915246793626137
8 59.5 5 12 -0.012410042116278629
2 11.201592445373535 6 9 -0.017513854000942526
3 0.8837460279464722 7 8 -0.02476193841573543
-1 0.0 0 0 -0.00217110389670555
-1 0.0 0 0 -0.026678242743946614
7 0.4424999952316284 10 11 0.0438840101600032
-1 0.0 0 0 0.002376276975012466
-1 0.0 0 0 0.04848745291431745
7 0.27250000834465027 13 20 0.08120177516264473
5 1.1215190887451172 14 15 0.04272629627228591
-1 0.0 0 0 0.038640902049484706
4 0.7084524035453796 16 17 0.011071308514944752
-1 0.0 0 0 0.012439595099854702
1 10.7439546585083 18 19 -0.09273025476835481
-1 0.0 0 0 -0.026688228671510633
-1 0.0 0 0 0.011689719109347574
-1 0.0 0 0 0.03549273249826261
1 9.514289855957031 22 23 -0.09139615813778407
-1 0.0 0 0 0.008046908874828847
6 1.0913560390472412 24 25 -0.12369854188986516
-1 0.0 0 0 -0.022832714208547093
6 1.100245475769043 26 27 -0.048902063237634616
-1 0.0 0 0 0.029954455468965614
-1 0.0 0 0 -0.008549691352223594
-1 0.0 0 0 0.0001230856930910935
nodes 29
6 0.9164876341819763 1 12 0.0
5 1.1740270853042603 2 11 0.010281172968789512
3 0.651505172252655 3 4 0.05315767066762581
-1 0.0 0 0 0.019246426753155636
4 0.857585608959198 5 6 0.032664634104171565
-1 0.0 0 0 -0.0061517428569052195
4 0.9035499691963196 7 8 0.082736110462088
-1 0.0 0 0 0.024460451755672696
5 1.1136417388916016 9 10 0.027865463989329035
-1 0.0 0 0 -0.021411150032654407
-1 0.0 0 0 0.006582263486240717
-1 0.0 0 0 -0.00017415702243387288
6 0.9389230608940125 13 28 -0.00037614195472702745
7 0.02250000089406967 14 23 -0.038273185344989295
3 0.7311950922012329 15 16 -0.0008598135661269157
-1 0.0 0 0 -0.004921036472982406
2 10.75400161743164 17 18 0.06307837797273229
-1 0.0 0 0 -0.012817645296732436
8 39.5 19 20 0.11089208570774645
-1 0.0 0 0 -0.0019111372710904108
7 0.014999999664723873 21 22 0.16621270631142754
-1 0.0 0 0 0.011180161619048617
-1 0.0 0 0 0.035535601958898565
5 1.1813092231750488 24 27 -0.08440250902796066
8 36.5 25 26 -0.1595442107053135
-1 0.0 0 0 0.012621348865685009
-1 0.0 0 0 -0.01896995458138835
-1 0.0 0 0 -0.004418067358022923
-1 0.0 0 0 2.5050907375413134e-05
nodes 29
6 0.7881484031677246 1 26 0.0
7 0.04500000178813934 2 25 0.03115248465702787
5 1.4138123989105225 3 16 0.011365747331787676
5 1.3379309177398682 4 11 0.056071198793510545
5 1.3017735481262207 5 8 -0.03858915444969738
1 10.839385032653809 6 7 0.07686405556160025
-1 0.0 0 0 0.022669566339636977
-1 0.0 0 0 -0.012846074036012093
3 0.6290278434753418 9 10 -0.20278927535465402
-1 0.0 0 0 0.000874049024132546
-1 0.0 0 0 -0.03720130878314376
1 10.629899978637695 12 13 0.20347089170079147
-1 0.0 0 0 4.207143835999348e-05
4 0.8805124759674072 14 15 0.3309675146674001
-1 0.0 0 0 0.020425281965214273
-1 0.0 0 0 0.04766894139349461
7 0.017500000074505806 17 24 -0.04459422337904025
5 1.5176068544387817 18 19 0.027500630024944107
-1 0.0 0 0 -0.020970368509491286
0 11.339226722717285 20 23 0.1321495925778222
5 1.8664708137512207 21 22 0.21004477276298356
-1 0.0 0 0 0.042465857416391375
-1 0.0 0 0 0.0051071586540072334
-1 0.0 0 0 -0.0042187239265158065
-1 0.0 0 0 -0.0201600793014384
-1 0.0 0 0 0.02366792400998454
6 0.8515139222145081 27 28 -0.000122958895359262
-1 0.0 0 0 -0.002395239465869798
-1 0.0 0 0 6.6106062517809786e-06
nodes 29
8 48.5 1 2 0.0
-1 0.0 0 0 -0.00011329188731334481
4 1.0587153434753418 3 28 0.0031977262596049757
6 0.987088680267334 4 27 0.0037202904871546975
4 0.7056071162223816 5 12 0.02477612914660248
5 1.3379309177398682 6 11 -0.029628017135322243
5 1.2014669179916382 7 10 0.0032421865905492286
8 55.5 8 9 -0.062254573073571524
-1 0.0 0 0 -0.024467117793016857
-1 0.0 0 0 -0.00042554474268586206
-1 0.0 0 0 0.006490030832563727
-1 0.0 0 0 -0.011378844213393037
8 68.5 13 26 0.0356363284450257
6 0.9629217386245728 14 21 0.03160577695695797
6 0.9561291337013245 15 16 0.013901956963716574
-1 0.0 0 0 0.002473951773205154
3 0.6548349261283875 17 18 -0.07204426671190685
-1 0.0 0 0 0.0049965742097587374
4 0.9431066513061523 19 20 -0.1706218897235512
-1 0.0 0 0 -0.024289882312586997
-1 0.0 0 0 0.023161495703717935
4 0.9035499691963196 22 23 0.06793735367709478
-1 0.0 0 0 0.005080411841623833
7 0.007499999832361937 24 25 0.1829747904285595
-1 0.0 0 0 -0.012600605972111226
-1 0.0 0 0 0.025772822191638334
-1 0.0 0 0 0.025707238444098925
-1 0.0 0 0 -0.00011861286964457785
-1 0.0 0 0 -0.02278742593414379
nodes 29
6 1.0057021379470825 1 10 0.0
6 0.9978936314582825 2 9 -0.004432574744843752
8 47.5 3 8 0.0037780055474166056
4 0.7728281617164612 4 7 -0.011970863670606338
2 11.21100902557373 5 6 -0.09830416175522438
-1 0.0 0 0 -0.00694967609057299
-1 0.0 0 0 -0.03523330601553123
-1 0.0 0 0 -0.0006879493343082448
-1 0.0 0 0 0.0019570304945978737
-1 0.0 0 0 -0.0029066435575224687
6 1.027287483215332 11 28 0.0009243404804117004
4 1.0471787452697754 12 27 0.01542009580769939
0 10.981046676635742 13 22 0.021586796752337947
2 10.669955253601074 14 15 0.05993401860121058
-1 0.0 0 0 0.0009739332194971085
7 0.3125 16 21 0.10463866118176762
7 0.22750000655651093 17 18 0.0798476053009156
-1 0.0 0 0 0.010044178428532153
2 10.745205879211426 19 20 -0.05649348704954954
-1 0.0 0 0 0.01849823619978612
-1 0.0 0 0 -0.01674418501253869
-1 0.0 0 0 0.025356595307914884
7 0.5724999904632568 23 24 0.009307296460223654
-1 0.0 0 0 0.0011211587654398265
0 11.173304557800293 25 26 -0.24577704302611805
-1 0.0 0 0 -0.05858375015003341
-1 0.0 0 0 0.009428341544809796
-1 0.0 0 0 -0.005949130544023945
-1 0.0 0 0 -8.4919753390492e-05
nodes 29
4 0.9976109862327576 1 2 0.0
-1 0.0 0 0 -0.0001001274477171916
4 1.0436351299285889 3 28 0.00372719707274832
2 10.626848220825195 4 5 0.016091667284622156
-1 0.0 0 0 -0.0011320012378568702
0 11.493906021118164 6 27 0.027840324308622617
7 0.03750000149011612 7 16 0.02944529975810953
2 11.32801628112793 8 13 -0.02083542013887954
2 11.281749725341797 9 12 -0.03907489143087683
4 1.0366694927215576 10 11 -0.024744867287013812
-1 0.0 0 0 -0.004378939622857847
-1 0.0 0 0 0.012931684444922565
-1 0.0 0 0 -0.031179316341876984
4 1.0206972360610962 14 15 0.1708285322901411
-1 0.0 0 0 0.004978053671557729
-1 0.0 0 0 0.0418976923217997
2 10.64401912689209 17 20 0.03784936294089199
0 10.60816764831543 18 19 0.20677570735237427
-1 0.0 0 0 -0.0015259698778390886
-1 0.0 0 0 0.0330128710758355
6 0.9595891833305359 21 22 0.034986204561036356
-1 0.0 0 0 -0.012978585707605817
7 0.0625 23 26 0.03757976381946578
0 10.904541969299316 24 25 0.13596611505059839
-1 0.0 0 0 0.001081598397979739
-1 0.0 0 0 0.020258832412808948
-1 0.0 0 0 0.0029516167177850872
-1 0.0 0 0 -0.0253145020455122
-1 0.0 0 0 -0.0003547904322592317
nodes 29
1 10.769221305847168 1 2 0.0
-1 0.0 0 0 0.00013645090566343182
0 10.819478034973145 3 8 -0.0029314528719076994
5 1.3600056171417236 4 7 0.10132387760927938
6 1.0429835319519043 5 6 0.05503316857062906
-1 0.0 0 0 -0.013044639846712752
-1 0.0 0 0 0.012804108325570347
-1 0.0 0 0 0.0404528021812439
6 1.1048457622528076 9 10 -0.0034863934705632003
-1 0.0 0 0 -0.0005282464667959165
5 1.2880820035934448 11 28 0.02340613202558178
2 11.034711837768555 12 17 0.04733530505080896
7 0.3824999928474426 13 14 -0.022727047382792402
-1 0.0 0 0 0.0034203968853388222
2 10.960687637329102 15 16 -0.12103029280924094
-1 0.0 0 0 0.006863121083006263
-1 0.0 0 0 -0.0206463402556675
6 1.1178317070007324 18 27 0.08373456270566221
1 11.215852737426758 19 26 0.145427448818581
7 0.45500001311302185 20 25 0.17173714109120614
7 0.35749998688697815 21 22 0.12445331384606106
-1 0.0 0 0 0.017201454137357006
3 0.7807164192199707 23 24 -0.071498943567276
-1 0.0 0 0 0.012218876491332877
-1 0.0 0 0 -0.03389724457547778
-1 0.0 0 0 0.03701741865790281
-1 0.0 0 0 -0.02336712989278815
-1 0.0 0 0 0.0042402767464003194
-1 0.0 0 0 -0.003904317318659647
nodes 29
1 11.319753646850586 1 2 0.0
-1 0.0 0 0 -1.6807100806799337e-05
5 1.1215190887451172 3 10 0.02126767607081671
2 11.540209770202637 4 7 -0.03377952876838268
6 1.0705121755599976 5 6 -0.0716499536034202
-1 0.0 0 0 -0.004219448351097381
-1 0.0 0 0 -0.03290651487591474
4 0.8339234590530396 8 9 0.10087087064508408
-1 0.0 0 0 -0.016920205038040877
-1 0.0 0 0 0.022648618274996448
6 1.069929599761963 11 26 0.059153881799474325
2 11.485204696655273 12 13 0.025243270667553608
-1 0.0 0 0 0.017422592496850353
3 0.7616610527038574 14 23 -0.009961534629588665
7 0.1274999976158142 15 20 0.03864601416358908
5 1.1725295782089233 16 17 -0.03494215616565041
-1 0.0 0 0 -0.02714238948602643
3 0.6947612762451172 18 19 0.06762823652117009
-1 0.0 0 0 -0.00888039839260702
-1 0.0 0 0 0.034399182597796125
4 0.8122413754463196 21 22 0.1569837475308796
-1 0.0 0 0 0.030161234261034883
-1 0.0 0 0 -0.0043630110159997015
3 0.8280978798866272 24 25 -0.104721705509218
-1 0.0 0 0 -0.02720021578481241
-1 0.0 0 0 0.012230176552215458
1 11.377140045166016 27 28 0.2777562142748918
-1 0.0 0 0 0.014720812308437685
-1 0.0 0 0 0.047951235520568763
nodes 29
0 10.814664840698242 1 8 0.0
2 11.139627456665039 2 3 0.00262067380886311
-1 0.0 0 0 0.00022595860357851614
2 11.25669002532959 4 7 0.12111241151781185
6 1.0772364139556885 5 6 0.2339850752888357
-1 0.0 0 0 0.03854672165853637
-1 0.0 0 0 0.007332219815615451
-1 0.0 0 0 -0.01986934691667557
7 0.7524999976158142 9 22 -0.001333634275120492
7 0.7425000071525574 10 19 -0.0008890949621682406
2 10.64401912689209 11 18 -0.001094537147019142
5 1.0877995491027832 12 13 -0.020618571465339793
-1 0.0 0 0 0.03851258952032637
6 1.1119493246078491 14 17 -0.024132073902816475
8 40.5 15 16 -0.043243718786335726
-1 0.0 0 0 -0.017295271230654587
-1 0.0 0 0 -0.0034169130677759113
-1 0.0 0 0 0.0006789957743314164
-1 0.0 0 0 4.6159378139966344e-07
6 1.1119493246078491 20 21 0.15655165680233607
-1 0.0 0 0 0.06000388304743431
-1 0.0 0 0 -0.00323410282801854
6 1.0665274858474731 23 24 -0.06387184819201745
-1 0.0 0 0 -0.0436122477054596
3 0.7581303715705872 25 28 -0.04131120401852784
1 10.5177001953125 26 27 -0.06081067866750433
-1 0.0 0 0 -0.0034438154116878507
-1 0.0 0 0 -0.02128123201683841
-1 0.0 0 0 0.026093065304060775
nodes 29
4 2.4293885231018066 1 18 0.0
8 19.5 2 3 0.0001214762959045574
-1 0.0 0 0 -0.008912128827618084
5 1.976089358329773 4 5 0.00017439314275821555
-1 0.0 0 0 -6.268116610948437e-05
6 1.0383507013320923 6 17 0.006163184449912835
6 1.0313830375671387 7 8 0.030683784933244286
-1 0.0 0 0 0.0015200373455769413
4 0.8108591437339783 9 12 0.11287312668011434
1 9.99952507019043 10 11 -0.015648483939957422
-1 0.0 0 0 -0.011662883936531015
-1 0.0 0 0 0.02683587656938471
0 11.280426025390625 13 16 0.20510628253687174
4 0.838078498840332 14 15 0.1497174324549761
-1 0.0 0 0 -0.019383356403559447
-1 0.0 0 0 0.020603726794523356
-1 0.0 0 0 0.04860068793807711
-1 0.0 0 0 9.745634171389649e-05
3 0.697987973690033 19 20 -0.03086464215679867
-1 0.0 0 0 -0.015639004421835714
6 1.0772364139556885 21 26 -0.01612038858131402
6 1.0589200258255005 22 25 0.10231000476557275
8 25.5 23 24 -0.04167640490866289
-1 0.0 0 0 -0.017284978615740933
-1 0.0 0 0 0.00960556454025209
-1 0.0 0 0 0.03131472475028464
2 11.021036148071289 27 28 -0.04933866964202616
-1 0.0 0 0 -0.0022267271386358332
-1 0.0 0 0 -0.028864983022212982
nodes 29
0 11.408531188964844 1 18 0.0
0 11.402329444885254 2 3 0.0006865511228374375
-1 0.0 0 0 3.9895398533908914e-05
5 1.1073241233825684 4 5 0.06531315118849193
-1 0.0 0 0 -0.024672376861174905
1 10.415712356567383 6 7 0.08821494346740869
-1 0.0 0 0 -0.01042308727852427
6 1.0406603813171387 8 11 0.11427531441828857
6 1.0287245512008667 9 10 0.05559514069182614
-1 0.0 0 0 0.011328714249492453
-1 0.0 0 0 -0.012004495368649563
6 1.0540350675582886 12 13 0.21502806553353537
-1 0.0 0 0 0.059732295443182405
7 0.20999999344348907 14 15 0.1090909276460578
-1 0.0 0 0 0.03161046278546564
8 43.5 16 17 -0.08347995626891769
-1 0.0 0 0 0.013755980524278823
-1 0.0 0 0 -0.02944724558937279
0 11.427563667297363 19 26 -0.0051492962277059524
7 0.0024999999441206455 20 21 -0.0501564746752206
-1 0.0 0 0 -0.029714366166359363
5 1.1115590333938599 22 25 -0.041947711862312796
5 1.097461462020874 23 24 -0.1763615193004902
-1 0.0 0 0 -0.004011024087302241
-1 0.0 0 0 -0.034584481685660876
-1 0.0 0 0 -0.0028665144424812987
1 8.565220832824707 27 28 -0.00014481614996316044
-1 0.0 0 0 0.024739378331987947
-1 0.0 0 0 -8.499055249695694e-05
nodes 29
5 1.1404677629470825 1 28 0.0
7 0.06750000268220901 2 9 0.00509876081983935
5 1.1391206979751587 3 4 -0.011855400819615789
-1 0.0 0 0 -0.0017106297372178074
8 43.5 5 6 0.19180858681459775
-1 0.0 0 0 -0.008058226626599208
0 11.251885414123535 7 8 0.3447297674914201
-1 0.0 0 0 0.0489928034480129
-1 0.0 0 0 0.011373252455483783
2 10.330355644226074 10 11 0.013239057276152657
-1 0.0 0 0 -0.004207054618458824
4 1.1236810684204102 12 27 0.017261573891479268
3 0.8641366362571716 13 16 0.01907738996515367
3 0.8477358222007751 14 15 0.008994421750546008
-1 0.0 0 0 0.001459692867910674
-1 0.0 0 0 -0.00667160518190011
7 0.09749999642372131 17 24 0.04295942033457409
4 1.0097408294677734 18 21 0.12102395078308138
0 10.798881530761719 19 20 0.21830370938781393
-1 0.0 0 0 -0.006676327815959947
-1 0.0 0 0 0.02732054995821306
1 11.01762866973877 22 23 0.0005467112802972014
-1 0.0 0 0 0.010465623637496988
-1 0.0 0 0 -0.019610461389852896
8 47.5 25 26 0.02979027345891286
-1 0.0 0 0 0.0037441913823676393
-1 0.0 0 0 -0.012754658154153732
-1 0.0 0 0 -0.012953850892188798
-1 0.0 0 0 -7.056759963081305e-05
nodes 29
7 0.11999999731779099 1 2 0.0
-1 0.0 0 0 0.00026390908543595
6 0.9482656121253967 3 4 -0.0013205155745239243
-1 0.0 0 0 -0.01817601423841925
6 0.9958168268203735 5 10 -0.0012028473955158635
7 0.1599999964237213 6 9 0.08458255470349368
1 10.695869445800781 7 8 0.010839811809217701
-1 0.0 0 0 -0.014279285156064565
-1 0.0 0 0 0.009217475124032181
-1 0.0 0 0 0.01910998499952257
6 1.002935528755188 11 28 -0.0015195846357908003
3 0.9174924492835999 12 27 -0.05230921680924554
7 0.1525000035762787 13 20 -0.06354151618070193
7 0.14499999582767487 14 19 -0.14058480623178185
5 1.244997262954712 15 16 -0.06889053259867649
-1 0.0 0 0 0.0014478828296861023
4 0.9020605087280273 17 18 -0.21200793546934923
-1 0.0 0 0 -0.03556651048362255
-1 0.0 0 0 0.007530640326440335
-1 0.0 0 0 -0.04564271468316784
6 1.0 21 26 -0.022885426443984294
5 1.207877516746521 22 25 0.07162568876291853
1 11.01762866973877 23 24 0.30211427281721537
-1 0.0 0 0 0.05444173620992594
-1 0.0 0 0 0.0035580874606966975
-1 0.0 0 0 -0.0024221049160650463
-1 0.0 0 0 -0.008015275472613303
-1 0.0 0 0 0.023045171084611314
-1 0.0 0 0 -0.00010012088568643341
nodes 29
1 10.765110969543457 1 28 0.0
2 11.068527221679688 2 3 0.0012844755634758424
-1 0.0 0 0 6.380610338909284e-06
6 1.0518237352371216 4 9 0.021321181984076464
6 1.04633629322052 5 6 0.04832700059854174
-1 0.0 0 0 0.0023013962145351815
7 0.4975000023841858 7 8 0.2548131344975966
-1 0.0 0 0 0.017939870901332765
-1 0.0 0 0 0.07163494184613228
6 1.0529088973999023 10 11 -0.0022438524600233195
-1 0.0 0 0 -0.03238246977950136
2 11.430891036987305 12 27 0.002472433701869531
5 2.4077773094177246 13 18 -0.002296202040039139
7 0.5975000262260437 14 17 0.029377268941514566
5 2.108473539352417 15 16 0.050956631857343226
-1 0.0 0 0 0.002695630270266527
-1 0.0 0 0 0.019198182177397806
-1 0.0 0 0 -0.0134220123420366
7 0.42250001430511475 19 22 -0.04150725612817714
7 0.05999999865889549 20 21 -0.10795322270280648
-1 0.0 0 0 0.03178072364202568
-1 0.0 0 0 -0.013135890239281781
8 31.5 23 24 0.024124421640390567
-1 0.0 0 0 0.021762604579668155
4 1.0097408294677734 25 26 -0.013217997056437515
-1 0.0 0 0 0.0017843124529691324
-1 0.0 0 0 -0.044402224862057235
-1 0.0 0 0 0.033535989030049396
-1 0.0 0 0 -0.000271006879838465
nodes 29
8 35.5 1 28 0.0
0 11.440752983093262 2 21 -0.0034589854806336986
7 0.017500000074505806 3 16 -0.002751903864568787
4 1.0331581830978394 4 9 -0.05394243454143195
2 10.947713851928711 5 6 -0.10770632862951027
-1 0.0 0 0 -0.004377742226564027
8 31.5 7 8 -0.20415079943707276
-1 0.0 0 0 0.009538321485742927
-1 0.0 0 0 -0.02665537190817607
2 11.188703536987305 10 15 0.001341286941362354
0 11.022082328796387 11 14 -0.035401577357111906
7 0.0024999999441206455 12 13 -0.009939886695808834
-1 0.0 0 0 -0.019694516989727354
-1 0.0 0 0 0.003424268021442733
-1 0.0 0 0 -0.030820540587107342
-1 0.0 0 0 0.024563168200689392
2 11.395267486572266 17 18 -0.0012171237857743521
-1 0.0 0 0 -0.00018523506212433057
7 0.3725000023841858 19 20 0.11976182702928781
-1 0.0 0 0 0.004395311838015914
-1 0.0 0 0 0.03146985064127616
4 0.983893096446991 22 27 -0.11774539849033853
3 0.6947612762451172 23 24 -0.18536563543602824
-1 0.0 0 0 -0.007834461181321079
0 11.485647201538086 25 26 -0.32984401732683183
-1 0.0 0 0 -0.013977884277701379
-1 0.0 0 0 -0.05199091918766499
-1 0.0 0 0 0.010926539697019119
-1 0.0 0 0 9.811675725274496e-05
nodes 29
0 11.169095993041992 1 28 0.0
1 11.06264591217041 2 15 0.0012925611738176248
1 11.036517143249512 3 10 0.0016416753093267946
7 0.007499999832361937 4 9 0.001308963611212117
0 11.132060050964355 5 8 -0.028774592331443652
1 10.919605255126953 6 7 -0.018129630292257018
-1 0.0 0 0 -0.0027699771337729813
-1 0.0 0 0 0.015574714918452574
-1 0.0 0 0 -0.015061728732673814
-1 0.0 0 0 0.00022048932338802953
3 0.9062474966049194 11 12 0.14082219126191434
-1 0.0 0 0 -0.020269200045615436
4 1.0400125980377197 13 14 0.2136006217106577
-1 0.0 0 0 0.045738594482043905
-1 0.0 0 0 0.014470476952745863
2 11.288443565368652 16 27 -0.08311845055011931
6 1.0218524932861328 17 20 -0.1279587277881767
6 1.0057021379470825 18 19 -0.27420634828822715
-1 0.0 0 0 -0.014762883522409074
-1 0.0 0 0 -0.052208731137216094
8 36.5 21 26 -0.05104331256222428
2 11.197598457336426 22 23 -0.1782332068513723
-1 0.0 0 0 -0.038149789834602016
5 1.1488189697265625 24 25 -0.056274391954583634
-1 0.0 0 0 0.023735330448202467
-1 0.0 0 0 -0.03632488018655832
-1 0.0 0 0 0.009431656662537348
-1 0.0 0 0 0.013681243304606705
-1 0.0 0 0 -0.0002631315093921948
nodes 29
7 0.11999999731779099 1 2 0.0
-1 0.0 0 0 0.00026386622906419613
1 11.148276329040527 3 4 -0.0013203011382393113
-1 0.0 0 0 -5.716945391320834e-05
7 0.6100000143051147 5 28 -0.02719059728243152
7 0.16249999403953552 6 9 -0.022271762944766897
4 0.9219126105308533 7 8 -0.10848245006828741
-1 0.0 0 0 -0.004342837780372667
-1 0.0 0 0 -0.0250321656809051
1 11.185338020324707 10 19 0.003963332430861306
8 48.5 11 18 -0.07168746739716175
5 1.1501256227493286 12 15 -0.021378641092386852
4 0.8646692633628845 13 14 0.09642758551184262
-1 0.0 0 0 -0.015574574749916793
-1 0.0 0 0 0.01901843375287568
7 0.20499999821186066 16 17 -0.09824002064514632
-1 0.0 0 0 0.030396226535861694
-1 0.0 0 0 -0.018828530855643663
-1 0.0 0 0 -0.018921929436779967
8 52.5 20 21 0.036932768842398385
-1 0.0 0 0 0.0010978403816449592
4 0.7310265302658081 22 25 0.14192997281100939
4 0.6686121225357056 23 24 -0.01888501990470104
-1 0.0 0 0 0.025722958504532774
-1 0.0 0 0 -0.01845537828747183
3 0.6793327331542969 26 27 0.23382425436284393
-1 0.0 0 0 0.044317953068261536
-1 0.0 0 0 0.005238301488570869
-1 0.0 0 0 -0.043619167245924476
nodes 29
3 0.09208572655916214 1 28 0.0
6 1.0534701347351074 2 11 -0.02049066088966743
6 1.0468943119049072 3 10 -0.1139076418712511
6 0.9999427199363708 4 5 -0.07320821128087118
-1 0.0 0 0 -0.023890380002558234
7 0.17749999463558197 6 7 -0.03718743111897746
-1 0.0 0 0 0.01374770040539178
1 8.446126937866211 8 9 -0.09208196788760169
-1 0.0 0 0 -0.023287512845690212
-1 0.0 0 0 0.0019830544359790976
-1 0.0 0 0 -0.033097127168661075
0 11.575533866882324 12 27 0.0012304203525539512
0 11.37536334991455 13 24 -0.011937870678722233
2 11.079014778137207 14 23 0.007413020576372064
6 1.0654139518737793 15 16 -0.011244080540803048
-1 0.0 0 0 0.025874939906810016
6 1.0803688764572144 17 20 -0.02920089153616953
0 11.071906089782715 18 19 -0.21479595601558685
-1 0.0 0 0 0.00017721916859348615
-1 0.0 0 0 -0.046230241053161175
2 10.88211441040039 21 22 -0.006988716266026498
-1 0.0 0 0 0.0008977789802208432
-1 0.0 0 0 -0.010429402683281673
-1 0.0 0 0 0.04063196111293066
4 0.7263575792312622 25 26 -0.14568667788305045
-1 0.0 0 0 -0.004946320155674281
-1 0.0 0 0 -0.03766230210661889
-1 0.0 0 0 0.020959926078863003
-1 0.0 0 0 1.621623802230789e-05
nodes 29
8 25.5 1 28 0.0
5 1.2238818407058716 2 7 -0.013651444258486273
5 1.207877516746521 3 6 -0.09710042676638386
7 0.6150000095367432 4 5 -0.04345070276564608
-1 0.0 0 0 -0.014667777327999268
-1 0.0 0 0 0.011688070462897738
-1 0.0 0 0 -0.03190992847004713
6 1.042451024055481 8 11 -0.004801694512097132
7 0.19499999284744263 9 10 0.15770832774939228
-1 0.0 0 0 -0.00629991596102958
-1 0.0 0 0 0.0360023524495773
6 1.067665696144104 12 15 -0.010302401667379335
7 0.5799999833106995 13 14 -0.19123680094702983
-1 0.0 0 0 -0.02949748018241309
-1 0.0 0 0 0.00119167841039598
6 1.0734906196594238 16 17 -0.0003285333841066751
-1 0.0 0 0 0.02441388437974042
7 0.6299999952316284 18 19 -0.005959632620217727
-1 0.0 0 0 0.003475548241237771
6 1.0976885557174683 20 23 -0.027153128488633948
0 10.092660903930664 21 22 -0.1931056500907289
-1 0.0 0 0 -0.04837018982930617
-1 0.0 0 0 0.005278348300355272
6 1.106879472732544 24 25 -0.01694066562081272
-1 0.0 0 0 0.04067203537339256
1 10.337248802185059 26 27 -0.028662512006121688
-1 0.0 0 0 -0.0014443093999054989
-1 0.0 0 0 -0.021067106249657547
-1 0.0 0 0 2.4043271951573704e-05
nodes 29
2 10.209389686584473 1 28 0.0
6 1.07659113407135 2 9 -0.005310512883614621
2 10.078238487243652 3 8 -0.06085064779697666
4 1.0206972360610962 4 5 -0.10866218488335819
-1 0.0 0 0 -0.008438631435160014
7 0.42250001430511475 6 7 -0.2324691245953242
-1 0.0 0 0 -0.016621567851730756
-1 0.0 0 0 -0.04643561858683825
-1 0.0 0 0 -0.0015672448381445756
6 1.1352187395095825 10 27 0.002510091783313617
7 0.6150000095367432 11 22 -0.018010852321087817
6 1.094425916671753 12 21 -0.003860208209470616
7 0.39250001311302185 13 14 0.0459180595805972
-1 0.0 0 0 0.00015251419848488795
1 9.514289855957031 15 16 0.15483556670504947
-1 0.0 0 0 -0.0049475292054315416
4 1.0508074760437012 17 20 0.2339236410635133
0 10.188892364501953 18 19 0.17627288473462596
-1 0.0 0 0 0.002623560802733645
-1 0.0 0 0 0.03021970276853868
-1 0.0 0 0 0.05166868744861513
-1 0.0 0 0 -0.0025302043646236593
3 0.62049800157547 23 26 -0.13385824166640206
3 0.5432016849517822 24 25 -0.041797459916730895
-1 0.0 0 0 -0.011049596691268614
-1 0.0 0 0 0.018807831349281167
-1 0.0 0 0 -0.021513065055478366
-1 0.0 0 0 0.001032860326965758
-1 0.0 0 0 6.0295096164914e-05
nodes 29
6 1.2597798109054565 1 26 0.0
1 8.09162712097168 2 15 0.0003838935101288475
6 1.1669554710388184 3 14 -0.04442991233401411
7 0.6299999952316284 4 11 -0.08168684427490396
4 0.8505924940109253 5 8 -0.030119682933519205
2 10.62144947052002 6 7 0.0677747580901546
-1 0.0 0 0 -0.006401982821989805
-1 0.0 0 0 0.022397574927243924
8 34.5 9 10 -0.11505750676288325
-1 0.0 0 0 0.00397009949254639
-1 0.0 0 0 -0.02698160084512304
0 10.506600379943848 12 13 -0.21009918722305812
-1 0.0 0 0 -0.005107199640146325
-1 0.0 0 0 -0.03214182207981746
-1 0.0 0 0 0.0008623958749813028
8 18.5 16 17 0.0005424995837023572
-1 0.0 0 0 0.01591410525046134
4 0.49844005703926086 18 19 0.0004980264651565112
-1 0.0 0 0 -0.0037212330861749673
8 76.5 20 21 0.000679543365107573
-1 0.0 0 0 5.713013229430145e-05
1 11.042681694030762 22 25 0.07870554426779687
0 11.575533866882324 23 24 0.14059201284970452
-1 0.0 0 0 -0.0034831819251518355
-1 0.0 0 0 0.025873459365256892
-1 0.0 0 0 -0.006225807861321503
1 9.73382568359375 27 28 -0.008515932121488228
-1 0.0 0 0 5.5323922094305397e-05
-1 0.0 0 0 -0.003418949135199103
nodes 29
8 84.5 1 26 0.0
8 76.5 2 21 4.70202530383766e-05
8 73.5 3 14 -4.5049990195525586e-05
8 70.5 4 5 7.13338809655835e-05
-1 0.0 0 0 -7.928868387257895e-06
4 0.5524404048919678 6 7 0.04686299463302442
-1 0.0 0 0 -0.010369533366257592
2 11.240105628967285 8 11 0.09543019730902452
2 11.0753812789917 9 10 0.14546452172978136
-1 0.0 0 0 0.004832656097745425
-1 0.0 0 0 0.029674495240963508
7 0.027499999850988388 12 13 -0.0325264356358618
-1 0.0 0 0 0.029395526434694022
-1 0.0 0 0 -0.020392932812683284
2 11.09292984008789 15 18 -0.07603012558147583
3 0.4608880877494812 16 17 0.04583823909384332
-1 0.0 0 0 -0.005214630199285845
-1 0.0 0 0 0.02596226923739199
4 0.6399940848350525 19 20 -0.2033552827049436
-1 0.0 0 0 -0.036984621903726034
-1 0.0 0 0 -0.0021255821091472173
3 0.5402426719665527 22 25 0.05653905127618513
5 1.204045295715332 23 24 0.01494511990621686
-1 0.0 0 0 -0.014439101212403991
-1 0.0 0 0 0.004897808014568918
-1 0.0 0 0 0.03041219760974248
7 0.2224999964237213 27 28 -0.07031728487927466
-1 0.0 0 0 -0.015478493603877725
-1 0.0 0 0 0.009861801743973046
nodes 29
0 10.814664840698242 1 10 0.0
0 10.763229370117188 2 3 0.00253119649715688
-1 0.0 0 0 4.458584293860821e-05
2 11.017776489257812 4 9 0.02037271465161243
4 1.2069202661514282 5 8 0.017283995389794877
7 0.7524999976158142 6 7 0.019922403385123338
-1 0.0 0 0 0.0016420419256362607
-1 0.0 0 0 0.022059270148033733
-1 0.0 0 0 -0.022976693508187027
-1 0.0 0 0 0.023006989410066087
7 0.7524999976158142 11 16 -0.0012881002702993427
7 0.7425000071525574 12 13 -0.0008970197453305559
-1 0.0 0 0 -0.00010843354609774722
6 1.1119493246078491 14 15 0.14265250057426535
-1 0.0 0 0 0.05392154772644458
-1 0.0 0 0 -0.0026253952460441117
6 1.0665274858474731 17 18 -0.0563056809805511
-1 0.0 0 0 -0.039443612657487394
6 1.1287670135498047 19 26 -0.03581292670210729
4 1.0124845504760742 20 25 0.08171800626702955
0 11.142803192138672 21 24 -0.018680837772348347
2 10.871383666992188 22 23 -0.17495569431533417
-1 0.0 0 0 -0.00032688705250620846
-1 0.0 0 0 -0.042468198346482085
-1 0.0 0 0 0.025353988007672374
-1 0.0 0 0 0.0469622630964626
6 1.1641894578933716 27 28 -0.07932783960071506
-1 0.0 0 0 -0.024105645258698547
-1 0.0 0 0 -0.003959279244460551
nodes 29
8 43.5 1 2 0.0
-1 0.0 0 0 -0.000158598950270228
4 1.018022894859314 3 18 0.001962725245275438
4 0.9976109862327576 4 5 0.0028082783456423173
-1 0.0 0 0 0.0002137520075832293
7 0.42250001430511475 6 17 0.05415297535318683
7 0.1850000023841858 7 16 0.0368711079465444
0 11.135566711425781 8 11 0.07329269744427452
2 11.02444839477539 9 10 0.12556395020291614
-1 0.0 0 0 0.006288057182711602
-1 0.0 0 0 0.028082585664143647
0 11.276379585266113 12 15 -0.01972543738606408
7 0.07500000298023224 13 14 -0.13490457758675084
-1 0.0 0 0 -0.0011336750485217916
-1 0.0 0 0 -0.04026348696400722
-1 0.0 0 0 0.01519140656580966
-1 0.0 0 0 -0.006681293312360667
-1 0.0 0 0 0.03200707415779752
1 10.95833969116211 19 24 -0.043418363086949116
5 1.5348767042160034 20 21 0.0070309639939791
-1 0.0 0 0 -0.0017271114965262337
0 10.918011665344238 22 23 0.24701399371648827
-1 0.0 0 0 0.04324322394453563
-1 0.0 0 0 0.002788333967328072
1 11.232060432434082 25 28 -0.1676379325975365
6 0.9436914324760437 26 27 -0.219703305843136
-1 0.0 0 0 0.0029085317372598432
-1 0.0 0 0 -0.025307738944524674
-1 0.0 0 0 0.020482973754405977
nodes 29
4 0.8422355055809021 1 28 0.0
3 0.7848851680755615 2 27 -0.0021027251126602407
6 1.1165903806686401 3 26 -0.0022360266228669047
0 10.558050155639648 4 7 -0.005359193522273974
7 0.6650000214576721 5 6 -0.04103595576933631
-1 0.0 0 0 -0.0035065964489900906
-1 0.0 0 0 -0.028946462513939026
7 0.7225000262260437 8 21 -0.0036507543528268146
7 0.6424999833106995 9 10 -0.004080831686399031
-1 0.0 0 0 -0.000322358460984413
3 0.3113750219345093 11 16 -0.10225363134429986
4 0.7914486527442932 12 15 0.08243431310568537
6 1.0796900987625122 13 14 -0.0668617554315149
-1 0.0 0 0 -0.03251845636538097
-1 0.0 0 0 0.017106714687849345
-1 0.0 0 0 0.05183788332343101
5 1.4263993501663208 17 18 -0.23153519245928952
-1 0.0 0 0 -0.013650785287356247
7 0.6800000071525574 19 20 -0.41367092666526634
-1 0.0 0 0 -0.01839087506135305
-1 0.0 0 0 -0.06434331027170023
2 10.740692138671875 22 23 0.12487692183450512
-1 0.0 0 0 -0.013786075843705071
0 11.204360008239746 24 25 0.293779716294791
-1 0.0 0 0 0.05303743958473206
-1 0.0 0 0 0.01029775553653317
-1 0.0 0 0 0.0008515597238173962
-1 0.0 0 0 0.024653125172480944
-1 0.0 0 0 0.00014959230344666755
nodes 29
5 1.2027151584625244 1 28 0.0
5 1.1740270853042603 2 25 0.0026348688276558994
5 1.1621625423431396 3 12 -0.002065299302542612
6 0.8810531497001648 4 11 0.0032093365992613915
2 11.262680053710938 5 10 0.13088520542639337
8 51.5 6 9 0.18515089162004492
3 0.7767759561538696 7 8 0.0922108813237987
-1 0.0 0 0 -0.009608890345981835
-1 0.0 0 0 0.021774407117954343
-1 0.0 0 0 0.04237806477860825
-1 0.0 0 0 -0.02102133935051305
-1 0.0 0 0 0.00020179962363565192
5 1.1659491062164307 13 18 -0.02961191469378788
8 46.5 14 15 -0.0694679503735229
-1 0.0 0 0 -0.0031993383903568258
8 53.5 16 17 -0.1306795240339226
-1 0.0 0 0 -0.020164137719727054
-1 0.0 0 0 -0.0008065165506777208
8 29.5 19 22 -0.009693328002921733
1 10.269414901733398 20 21 -0.22975206376471813
-1 0.0 0 0 0.003883157877458467
-1 0.0 0 0 -0.04024129768256985
7 0.6225000023841858 23 24 -0.0022647307585166683
-1 0.0 0 0 -0.000703228995531531
-1 0.0 0 0 0.03073190325690854
3 0.7998087406158447 26 27 0.014079992976752522
-1 0.0 0 0 0.0003312424081994308
-1 0.0 0 0 0.003926944383859308
-1 0.0 0 0 -0.00011827167005430434
nodes 29
8 43.5 1 18 0.0
6 1.0105392932891846 2 5 -0.0016057912505558181
4 0.7710269689559937 3 4 -0.015408044370997498
-1 0.0 0 0 -0.012953847310294178
-1 0.0 0 0 -0.001217531228723768
6 1.0372180938720703 6 17 0.00010691533657490952
0 10.283737182617188 7 10 0.018945880656601355
7 0.4424999952316284 8 9 -0.14410588825403742
-1 0.0 0 0 -0.007822055273033956
-1 0.0 0 0 -0.04405898981106778
5 1.1267685890197754 11 12 0.02374258970411736
-1 0.0 0 0 0.009291910972396095
5 3.307654857635498 13 14 0.014298277573748642
-1 0.0 0 0 0.0010119531542923418
2 11.154935836791992 15 16 0.14534649326175939
-1 0.0 0 0 0.007605162754654885
-1 0.0 0 0 0.04603231556036256
-1 0.0 0 0 -0.0002092765666817546
4 1.178755283355713 19 26 0.0019872307012089832
4 1.1104772090911865 20 21 0.0017762713793887442
-1 0.0 0 0 0.00022028370855057858
6 1.0610774755477905 22 25 -0.16377677815487085
4 1.1466985940933228 23 24 -0.23273697983836983
-1 0.0 0 0 -0.034232448982921514
-1 0.0 0 0 -0.0009503163190351593
-1 0.0 0 0 0.010549639032355377
6 1.0340499877929688 27 28 0.17108378469944
-1 0.0 0 0 0.033271337687969214
-1 0.0 0 0 0.0009454192519187928
nodes 29
0 10.80944538116455 1 24 0.0
2 11.25669002532959 2 23 0.0025334836648616276
2 11.197598457336426 3 22 0.0027067854768336773
1 10.61137580871582 4 11 0.002408964215308598
0 10.60816764831543 5 6 0.003635046931357328
-1 0.0 0 0 -0.00016853316327266642
5 1.564461588859558 7 8 0.014167009672612378
-1 0.0 0 0 0.002179854806905216
3 0.5339977741241455 9 10 -0.013167176371614802
-1 0.0 0 0 0.00013256655511720503
-1 0.0 0 0 -0.008061764607712551
4 0.944828450679779 12 13 -0.024077946743568612
-1 0.0 0 0 -0.034493878856301306
5 1.1391206979751587 14 17 -0.018396807896880987
0 10.75677490234375 15 16 0.0410922941321518
-1 0.0 0 0 -0.002239967040899817
-1 0.0 0 0 0.011503230347121253
5 1.1488189697265625 18 21 -0.03965623620819678
6 1.0594602823257446 19 20 -0.2170933923599395
-1 0.0 0 0 -0.04151735502528027
-1 0.0 0 0 -0.0030665008460774145
-1 0.0 0 0 -0.0026512743159919543
-1 0.0 0 0 0.03323066786483483
-1 0.0 0 0 -0.02228191507899243
7 0.8274999856948853 25 26 -0.0012668476828997805
-1 0.0 0 0 -0.0001110891995997591
6 1.124305248260498 27 28 -0.12234517187787244
-1 0.0 0 0 -0.03431844882667064
-1 0.0 0 0 -0.004485769244319384
nodes 29
6 0.7881484031677246 1 26 0.0
0 10.7395658493042 2 5 0.028232486443199176
0 10.516373634338379 3 4 0.1850152111161151
-1 0.0 0 0 0.00022629722207784654
-1 0.0 0 0 0.04134555097352859
5 2.47843337059021 6 25 0.005325919526701721
1 10.22074031829834 7 8 -0.01467730450867252
-1 0.0 0 0 -0.026213724873960023
8 50.5 9 18 0.010068689914420247
2 11.188703536987305 10 17 -0.04563724444868664
1 10.787482261657715 11 16 0.013644816646500763
1 10.553414344787598 12 13 -0.053946297280290115
-1 0.0 0 0 0.00743497494990245
7 0.014999999664723873 14 15 -0.14660455328757288
-1 0.0 0 0 -0.023890874635738635
-1 0.0 0 0 -0.00312243119503061
-1 0.0 0 0 0.03279434964060784
-1 0.0 0 0 -0.022668786346912384
7 0.009999999776482582 19 22 0.09362759145908058
0 11.334348678588867 20 21 0.22476244215273633
-1 0.0 0 0 0.043930339366197585
-1 0.0 0 0 -0.005507358155496743
0 11.349123001098633 23 24 -0.05424787847206314
-1 0.0 0 0 -0.016025113817304374
-1 0.0 0 0 0.006621037118814209
-1 0.0 0 0 0.01720194531548204
6 0.8515139222145081 27 28 -0.00011143358530324024
-1 0.0 0 0 -0.0023192284919539155
-1 0.0 0 0 7.169203414545394e-06
nodes 29
4 1.0 1 2 0.0
-1 0.0 0 0 -8.569521668728873e-05
4 1.0331581830978394 3 10 0.0036253979835195694
7 0.03999999910593033 4 5 0.021777167098987027
-1 0.0 0 0 -0.0031258493774345593
6 1.0458223819732666 6 9 0.029082876776616844
6 1.0435762405395508 7 8 0.06580088500520133
-1 0.0 0 0 0.004913705873834363
-1 0.0 0 0 0.028763807218274453
-1 0.0 0 0 0.0016722091941121294
6 0.9436914324760437 11 18 -0.0021400319059342483
8 40.5 12 13 0.06039021848016145
-1 0.0 0 0 0.0018691022948529928
6 0.9288672208786011 14 17 0.18127962937920328
7 0.019999999552965164 15 16 0.10178217873046244
-1 0.0 0 0 0.022304642933658234
-1 0.0 0 0 -0.01043670472999414
-1 0.0 0 0 0.04112543973273465
8 41.5 19 20 -0.00424868511660557
-1 0.0 0 0 -9.121138893083475e-05
0 11.339226722717285 21 28 -0.04494437271404855
0 11.247787475585938 22 27 -0.05410711698275775
6 0.9748277068138123 23 26 -0.04275458707193406
1 10.625027656555176 24 25 -0.20637885884183352
-1 0.0 0 0 0.003473603650927544
-1 0.0 0 0 -0.03239958809643257
-1 0.0 0 0 -0.0030626907147312107
-1 0.0 0 0 -0.02874940109634122
-1 0.0 0 0 0.025840791075357368
nodes 29
4 2.4293885231018066 1 10 0.0
8 19.5 2 5 0.00010801459855098243
0 9.786672592163086 3 4 -0.08121207359528064
-1 0.0 0 0 0.0007522161091821126
-1 0.0 0 0 -0.01666598551458231
5 1.976089358329773 6 7 0.00015623366340977076
-1 0.0 0 0 -5.576325958818778e-05
7 0.0024999999441206455 8 9 0.005492192743481488
-1 0.0 0 0 -0.0102527687683551
-1 0.0 0 0 0.0006515734872336409
0 10.031925201416016 11 28 -0.027444298635435353
8 31.5 12 27 -0.015155268375643955
2 11.0753812789917 13 26 -0.030905742008186604
2 10.8856782913208 14 23 -0.04561151801498036
3 0.9894676208496094 15 18 -0.014890057477630298
6 1.1389927864074707 16 17 -0.12643492421256783
-1 0.0 0 0 -0.026329923083540055
-1 0.0 0 0 -0.002115468834885038
7 0.26750001311302185 19 20 0.013458361692574822
-1 0.0 0 0 -0.010842365603293143
6 1.094425916671753 21 22 0.03864731202251278
-1 0.0 0 0 0.022378876552517926
-1 0.0 0 0 -0.00038441691092467396
6 1.0960466861724854 24 25 -0.19398963592941576
-1 0.0 0 0 -0.03133848470946153
-1 0.0 0 0 -0.009755504229598536
-1 0.0 0 0 0.01130007803440094
-1 0.0 0 0 0.0201055778761987
-1 0.0 0 0 -0.016964593449873583
nodes 29
7 0.11999999731779099 1 28 0.0
6 1.0847994089126587 2 5 0.0024136679642759026
3 0.09208572655916214 3 4 0.00040224827187177885
-1 0.0 0 0 -0.017838277849590495
-1 0.0 0 0 6.81215880604053e-05
3 0.8964957594871521 6 25 0.020579786385556565
6 1.0883328914642334 7 10 0.028112081563926222
0 10.363693237304688 8 9 0.09379862030547839
-1 0.0 0 0 0.03376469851626704
-1 0.0 0 0 0.006925012719904967
7 0.017500000074505806 11 14 0.018975022739825664
6 1.1178317070007324 12 13 0.1518756178730543
-1 0.0 0 0 0.025036054228742916
-1 0.0 0 0 0.0016458846803288907
1 10.984411239624023 15 16 0.012223388227709771
-1 0.0 0 0 0.0005342938580058402
8 37.5 17 18 0.1180416904729757
-1 0.0 0 0 0.04175814171986921
7 0.07000000029802322 19 20 0.04109570562600269
-1 0.0 0 0 -0.011369301183592707
6 1.0960466861724854 21 22 0.1381274389603467
-1 0.0 0 0 -0.014883534740656616
6 1.106879472732544 23 24 0.2602392629462671
-1 0.0 0 0 0.0433835601577392
-1 0.0 0 0 0.00453104627363029
2 11.154935836791992 26 27 -0.047084912106419685
-1 0.0 0 0 -0.002720653091346587
-1 0.0 0 0 -0.026495196998119353
-1 0.0 0 0 -0.00012077213474281774
nodes 29
8 80.5 1 26 0.0
8 76.5 2 23 5.9621187726259136e-05
8 73.5 3 14 -4.082429922382719e-05
8 70.5 4 5 6.34699229331278e-05
-1 0.0 0 0 -7.303416209929278e-06
4 0.5837951898574829 6 7 0.042469153593039585
-1 0.0 0 0 -0.006728693092190952
1 11.127630233764648 8 13 0.09763451544348521
1 10.919605255126953 9 12 0.13005569483664067
5 1.222610592842102 10 11 0.0681085132892527
-1 0.0 0 0 -0.011798296947228282
-1 0.0 0 0 0.015994586841832217
-1 0.0 0 0 0.026974051597290768
-1 0.0 0 0 -0.0117642115727067
0 11.408531188964844 15 16 -0.06813277102060222
-1 0.0 0 0 0.017533099997788668
0 11.767064094543457 17 22 -0.12247736276133635
3 0.5039893984794617 18 21 -0.07251892971371057
4 0.5524404048919678 19 20 -0.13611280113318056
-1 0.0 0 0 -0.0037999682943336667
-1 0.0 0 0 -0.028561850504151415
-1 0.0 0 0 0.003620607626151234
-1 0.0 0 0 -0.02723526619042137
3 0.5369505882263184 24 25 0.09786513870905923
-1 0.0 0 0 0.004085040974637701
-1 0.0 0 0 0.030311816297471525
5 1.325758695602417 27 28 -0.04689882960060219
-1 0.0 0 0 -0.011877576864578507
-1 0.0 0 0 0.002010509662795812
nodes 29
1 11.319753646850586 1 2 0.0
-1 0.0 0 0 -1.4850724720422788e-05
5 1.1215190887451172 3 14 0.018792080857648132
8 39.5 4 7 -0.030768086471779837
3 0.9062474966049194 5 6 0.10829200138125503
-1 0.0 0 0 0.03221967145800591
-1 0.0 0 0 -0.012937990217297166
0 11.562211036682129 8 9 -0.06523080389622761
-1 0.0 0 0 -0.023513625500979084
4 0.8339234590530396 10 13 -0.00252760169955547
8 53.5 11 12 -0.1260226334061693
-1 0.0 0 0 -0.03387173189678126
-1 0.0 0 0 0.003024284986360949
-1 0.0 0 0 0.012394321390360325
6 1.069929599761963 15 28 0.0529018363097964
2 11.485204696655273 16 17 0.02242888629222366
-1 0.0 0 0 0.016074909933883212
8 41.5 18 21 -0.010256369530433814
3 0.8280978798866272 19 20 -0.17062938299828342
-1 0.0 0 0 -0.03492227474759732
-1 0.0 0 0 0.0007963981479406357
8 46.5 22 23 0.01668629673216492
-1 0.0 0 0 0.016986094040441373
8 51.5 24 25 -0.03491799498629323
-1 0.0 0 0 -0.017178152634146356
7 0.1274999976158142 26 27 0.03296631656587124
-1 0.0 0 0 -0.004687042973567674
-1 0.0 0 0 0.017993850862099366
-1 0.0 0 0 0.024934353195879208
nodes 29
4 1.0 1 2 0.0
-1 0.0 0 0 -8.141082661798701e-05
4 1.02988600730896 3 6 0.003444143470813345
6 0.9288672208786011 4 5 0.020640547209484897
-1 0.0 0 0 -0.008175705396163219
-1 0.0 0 0 0.0024659997378979753
6 0.9436914324760437 7 16 -0.0014217447619677083
0 10.60816764831543 8 9 0.056686476021509585
-1 0.0 0 0 -0.007465704342787516
1 10.53350830078125 10 11 0.09465598901867685
-1 0.0 0 0 0.03142488779380478
6 0.9288672208786011 12 15 0.06856574479063278
6 0.9226133227348328 13 14 0.017841189505491892
-1 0.0 0 0 0.004628411769711723
-1 0.0 0 0 -0.028080955650657415
-1 0.0 0 0 0.022838283678491233
8 44.5 17 20 -0.0033836772723887525
0 11.212414741516113 18 19 -0.0014509587104732462
-1 0.0 0 0 -0.0003618066091584323
-1 0.0 0 0 0.005995716820101071
1 10.973649024963379 21 28 -0.06608965728120296
6 0.9775820374488831 22 23 -0.010841063929002632
-1 0.0 0 0 -0.028760609847421834
6 1.0 24 27 0.016009275243294412
5 1.2787017822265625 25 26 0.2327082503997233
-1 0.0 0 0 -0.003770691697189415
-1 0.0 0 0 0.053016493450850244
-1 0.0 0 0 -0.0024262215714979983
-1 0.0 0 0 -0.024074650078170723
nodes 29
8 43.5 1 18 0.0
6 1.0105392932891846 2 9 -0.0015860873407614249
4 0.7710269689559937 3 8 -0.014084668333435092
6 1.0001329183578491 4 7 -0.11640702352152878
7 0.03750000149011612 5 6 -0.07181098309297877
-1 0.0 0 0 -0.0130211658848566
-1 0.0 0 0 0.019226163771489394
-1 0.0 0 0 -0.03523944041226059
-1 0.0 0 0 -0.0011186398659189707
7 0.125 10 17 -3.515201091767809e-05
5 1.0725922584533691 11 14 0.013310119963922288
0 10.944082260131836 12 13 -0.14838491069068285
-1 0.0 0 0 0.009451317975551567
-1 0.0 0 0 -0.026983395591378214
7 0.11249999701976776 15 16 0.01476227291305876
-1 0.0 0 0 0.0009176041155385999
-1 0.0 0 0 0.005428946663575646
-1 0.0 0 0 -0.0002726858120142669
4 1.178755283355713 19 26 0.001962846107145567
4 1.1104772090911865 20 21 0.0017652720401697558
-1 0.0 0 0 0.00021215663811284852
6 1.0610774755477905 22 25 -0.13651498310376428
4 1.1466985940933228 23 24 -0.197643963052187
-1 0.0 0 0 -0.02949027063833042
-1 0.0 0 0 4.7569928897751705e-05
-1 0.0 0 0 0.010217912907579117
6 1.0340499877929688 27 28 0.16033031523227692
-1 0.0 0 0 0.03059506344795227
-1 0.0 0 0 0.001470999598503113
nodes 29
6 0.9978936314582825 1 20 0.0
8 45.5 2 19 0.004575853441429537
2 11.274870872497559 3 8 -0.010949557662487968
1 11.06264591217041 4 7 -0.01890821156078015
3 0.9012941718101501 5 6 -0.013708765550375595
-1 0.0 0 0 -0.002356063037793593
-1 0.0 0 0 0.005302787811202463
-1 0.0 0 0 -0.012841491120848425
2 11.281749725341797 9 10 0.06353793033797826
-1 0.0 0 0 0.03739795082559188
5 1.2770657539367676 11 14 0.046527432917817135
6 0.8515139222145081 12 13 0.007248035895761596
-1 0.0 0 0 -0.025243582355755346
-1 0.0 0 0 0.0030236443126055064
7 0.02500000037252903 15 16 0.1695534688736892
-1 0.0 0 0 0.005586392534596305
6 0.9523441791534424 17 18 0.3297523711173033
-1 0.0 0 0 0.007674825864590028
-1 0.0 0 0 0.05827564835887064
-1 0.0 0 0 0.0015448639151606474
6 1.002935528755188 21 28 -0.000680219720099095
0 11.018071174621582 22 25 -0.02784513907159924
0 11.005626678466797 23 24 0.006117418801817352
-1 0.0 0 0 -0.0005697359233216323
-1 0.0 0 0 0.03064615130608313
1 10.973649024963379 26 27 -0.043594981152389196
-1 0.0 0 0 -0.007397197902892372
-1 0.0 0 0 0.0005169056353383429
-1 0.0 0 0 4.67603976548913e-05
nodes 29
6 1.027287483215332 1 28 0.0
7 0.07750000059604645 2 3 0.0029922632985444645
-1 0.0 0 0 -0.00036592512378812696
1 9.402034759521484 4 9 0.015075530393369436
7 0.5074999928474426 5 8 -0.0939055212563084
1 9.10731029510498 6 7 -0.04291589552564407
-1 0.0 0 0 0.007160060956508299
-1 0.0 0 0 -0.02074032392014157
-1 0.0 0 0 -0.04192678949662618
5 3.307654857635498 10 19 0.017130275923803697
4 0.6454275846481323 11 12 0.014023996020006474
-1 0.0 0 0 -0.007674851401223627
0 11.664985656738281 13 18 0.016760272986108056
1 11.282392501831055 14 15 0.014413813254771422
-1 0.0 0 0 0.0016397414061758435
8 47.5 16 17 -0.1285187934658357
-1 0.0 0 0 0.002449413055949139
-1 0.0 0 0 -0.038746374181638926
-1 0.0 0 0 0.013068237804359745
7 0.2574999928474426 20 25 0.17772096453998715
1 9.67652416229248 21 24 0.011335217062797812
6 1.0057021379470825 22 23 -0.17497903811322016
-1 0.0 0 0 -0.043915934339165685
-1 0.0 0 0 0.0045171216285477085
-1 0.0 0 0 0.01895488524485542
4 0.8675311207771301 26 27 0.4046106201906999
-1 0.0 0 0 0.054567630843418403
-1 0.0 0 0 0.017326289147138598
-1 0.0 0 0 -0.00010664311750052273
nodes 29
0 11.169095993041992 1 2 0.0
-1 0.0 0 0 0.00012370964312165915
0 11.235457420349121 3 24 -0.002518403105179796
7 0.5024999976158142 4 23 -0.016749332126477934
7 0.2775000035762787 5 10 -0.0109595102750932
1 10.973649024963379 6 7 -0.022841840484559495
-1 0.0 0 0 -0.003713799320004266
4 0.9097328782081604 8 9 0.035672645048580885
-1 0.0 0 0 0.02124239733369139
-1 0.0 0 0 0.0017544303685674938
3 0.8134084939956665 11 16 0.02615939062700083
4 1.0206972360610962 12 15 0.04737168910103688
8 59.5 13 14 0.04016061747451783
-1 0.0 0 0 0.003144878498369265
-1 0.0 0 0 0.031968598568013734
-1 0.0 0 0 0.042693627744235775
8 41.5 17 22 -0.1385150317372264
7 0.3149999976158142 18 19 -0.041631286377729525
-1 0.0 0 0 0.02339246617364032
1 11.085705757141113 20 21 -0.16069867136531774
-1 0.0 0 0 -0.032562767631673026
-1 0.0 0 0 0.015148837372128451
-1 0.0 0 0 -0.04506959890067164
-1 0.0 0 0 -0.008125945673024333
0 11.251885414123535 25 28 0.0010925646842946074
6 1.0551167726516724 26 27 0.04048242069142319
-1 0.0 0 0 0.007679466717447195
-1 0.0 0 0 -0.001606187600994858
-1 0.0 0 0 -0.00014094778327933093
nodes 29
7 0.36500000953674316 1 24 0.0
0 10.335432052612305 2 23 -0.0011445820874013053
7 0.09000000357627869 3 6 -0.021407608800123778
6 1.0490728616714478 4 5 0.015578389102593064
-1 0.0 0 0 -0.0035451841981186736
-1 0.0 0 0 0.005670207419719665
6 1.085526704788208 7 14 -0.03249786304381699
2 10.496925354003906 8 11 -0.06699165159291376
2 10.440828323364258 9 10 -0.07956727101287675
-1 0.0 0 0 -0.007140424044823454
-1 0.0 0 0 -0.0377323528751731
8 25.5 12 13 0.03942783747709567
-1 0.0 0 0 -0.026622347950580574
-1 0.0 0 0 0.012857613826377524
6 1.0897985696792603 15 22 -0.0155210543619349
8 30.5 16 17 0.10811197149000831
-1 0.0 0 0 -0.022180871242149312
4 0.9020605087280273 18 19 0.20488870543738205
-1 0.0 0 0 -0.010013801772147418
5 1.307956337928772 20 21 0.3158075138587843
-1 0.0 0 0 0.015986324779011987
-1 0.0 0 0 0.054972391296178105
-1 0.0 0 0 -0.002261295472127168
-1 0.0 0 0 4.022640747690501e-06
5 1.0785061120986938 25 28 0.0026604361045856244
3 0.9429972171783447 26 27 0.12856029798941954
-1 0.0 0 0 0.00583151367149855
-1 0.0 0 0 0.027685563845766915
-1 0.0 0 0 0.0002136184904410832
nodes 29
1 10.769221305847168 1 2 0.0
-1 0.0 0 0 0.00011792895347145348
6 1.0952529907226562 3 10 -0.002533534886493903
7 0.6650000214576721 4 5 -0.004622183367031045
-1 0.0 0 0 -0.00041736509512882246
3 0.8307089805603027 6 9 -0.17561197473910664
4 0.8960818648338318 7 8 -0.05844042814792471
-1 0.0 0 0 -0.04048797319764677
-1 0.0 0 0 0.027356390468776227
-1 0.0 0 0 -0.04378530552050853
7 0.6424999833106995 11 20 0.018940382304028586
5 1.4880869388580322 12 19 0.011277100865585143
5 1.2880820035934448 13 18 0.006001854151554514
2 11.034711837768555 14 17 0.025554001070270036
2 11.014472961425781 15 16 -0.020878598574330085
-1 0.0 0 0 0.0015474304438456172
-1 0.0 0 0 -0.01620490386073167
-1 0.0 0 0 0.004843836052505194
-1 0.0 0 0 -0.006125601557852311
-1 0.0 0 0 0.01604819184192169
6 1.10386061668396 21 22 0.1354615590475404
-1 0.0 0 0 0.05046463521278423
8 30.5 23 24 0.07161757227425512
-1 0.0 0 0 -0.013608707876309105
1 10.92439079284668 25 28 0.18143842224802437
4 0.8519302010536194 26 27 0.014573989936185104
-1 0.0 0 0 0.02297665936127305
-1 0.0 0 0 -0.01709368753022161
-1 0.0 0 0 0.045448931148557956
nodes 29
6 0.9978936314582825 1 26 0.0
7 0.03750000149011612 2 3 0.004594412948389964
-1 0.0 0 0 -0.00030262008587004797
6 0.9629217386245728 4 7 0.024346761255176166
5 1.1346527338027954 5 6 -0.00045720177887411995
-1 0.0 0 0 -0.014181157998444344
-1 0.0 0 0 0.001939784256604224
2 10.722936630249023 8 9 0.04397293134136546
-1 0.0 0 0 -0.006095136904930718
4 0.9536824226379395 10 17 0.05807707724815185
4 0.9431066513061523 11 14 0.0364286068548217
5 1.0725922584533691 12 13 0.046357342426439005
-1 0.0 0 0 0.029148652446879583
-1 0.0 0 0 0.00395136342983529
7 0.06750000268220901 15 16 -0.20976350986997463
-1 0.0 0 0 0.001231542854713133
-1 0.0 0 0 -0.046080926634148575
3 0.9429972171783447 18 23 0.14150288998342414
3 0.9062474966049194 19 22 0.17952783299732383
8 34.5 20 21 0.1483138056390314
-1 0.0 0 0 -0.016259869228562582
-1 0.0 0 0 0.017967778569283454
-1 0.0 0 0 0.05201678706899934
8 37.5 24 25 -0.051438487531548296
-1 0.0 0 0 0.01476070119533688
-1 0.0 0 0 -0.026579517928453596
6 1.002935528755188 27 28 -0.0006829786944023909
-1 0.0 0 0 -0.0024942681911838214
-1 0.0 0 0 3.420882997715862e-05
nodes 29
6 1.027287483215332 1 28 0.0
8 29.5 2 9 0.0029887082689057016
3 0.838939905166626 3 6 -0.07835602527436586
2 10.64401912689209 4 5 -0.20297663233109883
-1 0.0 0 0 0.0014866548088880687
-1 0.0 0 0 -0.031403393999618646
3 0.8837460279464722 7 8 -0.020896224415872224
-1 0.0 0 0 0.03299607823913296
-1 0.0 0 0 -0.007978131646743058
7 0.07750000059604645 10 11 0.0038388074202059526
-1 0.0 0 0 -0.0002397142386762348
3 0.778762936592102 12 21 0.015193404440964592
8 46.5 13 16 0.006057587588757531
0 11.414716720581055 14 15 -0.02139462265823537
-1 0.0 0 0 -0.00312210352457202
-1 0.0 0 0 0.010346966467954955
3 0.7748023867607117 17 20 0.02049129304967342
7 0.47749999165534973 18 19 0.022733164746083
-1 0.0 0 0 0.001977809762732112
-1 0.0 0 0 0.027015847204408302
-1 0.0 0 0 -0.03301891757694718
0 11.501914978027344 22 27 0.04327075495377616
4 1.0206972360610962 23 26 0.049557519268692216
7 0.17249999940395355 24 25 0.07555610490842986
-1 0.0 0 0 0.011167699046467534
-1 0.0 0 0 0.002413847422338293
-1 0.0 0 0 -0.0007926366512675757
-1 0.0 0 0 -0.018701109347037143
-1 0.0 0 0 -0.00010651641277056317
nodes 29
6 0.9164876341819763 1 6 0.0
3 0.1676216572523117 2 3 0.009554860453628978
-1 0.0 0 0 0.02323165849572228
3 0.21541345119476318 4 5 0.0073542188157668335
-1 0.0 0 0 -0.026687826051122767
-1 0.0 0 0 0.0009290391647985666
6 0.9389230608940125 7 28 -0.00034956937982366567
7 0.02250000089406967 8 19 -0.033487916367182693
3 0.7311950922012329 9 10 0.0004709110012311479
-1 0.0 0 0 -0.004305632917539471
2 10.75400161743164 11 12 0.058030813682560266
-1 0.0 0 0 -0.01115172030647466
8 39.5 13 16 0.10041781786938699
3 0.9112855792045593 14 15 -0.011477101722266524
-1 0.0 0 0 -0.009461928802754796
-1 0.0 0 0 0.019457092520821354
7 0.014999999664723873 17 18 0.1480326772700906
-1 0.0 0 0 0.010067208388051632
-1 0.0 0 0 0.03126671209576584
5 1.1813092231750488 20 25 -0.0753579127104885
2 11.274870872497559 21 24 -0.13896313089962034
0 11.334348678588867 22 23 -0.10498921230221943
-1 0.0 0 0 -0.014491936637205072
-1 0.0 0 0 0.0094661558046937
-1 0.0 0 0 -0.037192714413894074
3 0.7870046496391296 26 27 -0.04131132389878777
-1 0.0 0 0 -0.0018481436061061444
-1 0.0 0 0 -0.020614311408717185
-1 0.0 0 0 1.983936633072916e-05
nodes 29
0 10.80944538116455 1 24 0.0
0 10.763229370117188 2 23 0.002466399639672991
6 0.8279635310173035 3 4 0.0006939896036606504
-1 0.0 0 0 0.013100789189566163
6 1.0209896564483643 5 20 0.0002744932113197904
7 0.5350000262260437 6 19 -0.022384551735899587
7 0.38749998807907104 7 16 -0.018946388405629906
7 0.33250001072883606 8 15 -0.023500984606259552
2 10.650009155273438 9 12 -0.01916253214900969
1 10.496150970458984 10 11 -0.0010897858442763823
-1 0.0 0 0 -0.0005495105526116881
-1 0.0 0 0 0.023637115571557756
4 1.178755283355713 13 14 -0.06707501534317806
-1 0.0 0 0 -0.010082138814194027
-1 0.0 0 0 0.004757019635672643
-1 0.0 0 0 -0.035154397040605544
3 0.8018586039543152 17 18 0.17421728974607373
-1 0.0 0 0 0.0023987891418593274
-1 0.0 0 0 0.042459962029187455
-1 0.0 0 0 -0.024828117486794254
6 1.0258378982543945 21 22 0.0025516543372151165
-1 0.0 0 0 0.008714817981305334
-1 0.0 0 0 0.0001737824911078538
-1 0.0 0 0 0.0019519399393541901
7 0.8274999856948853 25 26 -0.0012333027455167624
-1 0.0 0 0 -0.00010932753500955797
6 1.124305248260498 27 28 -0.1099454806452351
-1 0.0 0 0 -0.03112127270549536
-1 0.0 0 0 -0.0039325394185684755
nodes 29
6 0.9978936314582825 1 26 0.0
8 47.5 2 25 0.004579496604066518
4 0.8931936025619507 3 4 -0.0067870379025182495
-1 0.0 0 0 -0.003326866822781386
0 11.339226722717285 5 20 0.007021636487816334
2 10.779081344604492 6 7 -0.001301230916672298
-1 0.0 0 0 -0.0038807555440980497
0 10.93569278717041 8 19 0.012539172216470626
4 0.9266223907470703 9 10 0.07259404148159396
-1 0.0 0 0 -0.016823315552689812
8 42.5 11 16 0.09016683860990847
1 10.638376235961914 12 13 0.06272401252580392
-1 0.0 0 0 -0.0012845127743203195
3 0.8254774212837219 14 15 0.11244055217646651
-1 0.0 0 0 0.050215942818190785
-1 0.0 0 0 0.006818676039562885
4 1.0764580965042114 17 18 0.22987577140171345
-1 0.0 0 0 0.029714514090255186
-1 0.0 0 0 -0.00358382381265983
-1 0.0 0 0 -0.0007677009060602629
1 11.159345626831055 21 24 0.10236862235617633
7 0.007499999832361937 22 23 0.22008479920583307
-1 0.0 0 0 0.04994565953314305
-1 0.0 0 0 0.013693843131131006
-1 0.0 0 0 0.003756527247429459
-1 0.0 0 0 0.0015977376259238903
6 1.002935528755188 27 28 -0.000680761465636251
-1 0.0 0 0 -0.002238244692898647
-1 0.0 0 0 2.362193105521893e-05
nodes 29
6 1.027287483215332 1 28 0.0
8 29.5 2 9 0.002958955971103811
3 0.838939905166626 3 6 -0.06971204125111995
2 10.64401912689209 4 5 -0.17983279475759315
-1 0.0 0 0 0.0017178149177477912
-1 0.0 0 0 -0.02802697465676294
3 0.887909471988678 7 8 -0.01893780161041075
-1 0.0 0 0 0.028214007816635647
-1 0.0 0 0 -0.007445570851960188
4 1.2696192264556885 10 27 0.003718409599775329
4 1.2069202661514282 11 22 0.0031471365330998846
4 1.1918244361877441 12 21 0.0037795898463495676
4 1.166359305381775 13 20 0.0032568975045035725
7 0.07750000059604645 14 15 0.003952038619928631
-1 0.0 0 0 -0.0001761741677615059
3 0.778762936592102 16 17 0.01432226977270094
-1 0.0 0 0 0.0005557556737801613
0 11.501914978027344 18 19 0.04269154342771776
-1 0.0 0 0 0.0048770495000075575
-1 0.0 0 0 -0.016804544441401958
-1 0.0 0 0 -0.014458931935951115
-1 0.0 0 0 0.028430735415150954
1 10.730925559997559 23 24 -0.13100839608750486
-1 0.0 0 0 0.000516170753897833
6 0.9999427199363708 25 26 -0.2748862414286946
-1 0.0 0 0 -0.005414609685540199
-1 0.0 0 0 -0.05628081691329894
-1 0.0 0 0 0.011618174298003443
-1 0.0 0 0 -0.00010545606259023939
nodes 29
1 10.821296691894531 1 2 0.0
-1 0.0 0 0 0.00010791846445870352
5 1.6406317949295044 3 28 -0.0029096934775509745
1 10.834903717041016 4 27 -0.002509666751509861
5 1.325758695602417 5 22 -0.04120859719566732
6 1.0567303895950317 6 21 -0.062256564890848125
1 10.825919151306152 7 10 -0.02405663942949874
2 10.954133987426758 8 9 0.09385916467080095
-1 0.0 0 0 -0.00964062271687465
-1 0.0 0 0 0.01453893749606784
6 1.0474599599838257 11 18 -0.08237715875478209
8 60.5 12 17 -0.11943861779051825
0 11.329591751098633 13 16 -0.09538198446349824
5 1.1250630617141724 14 15 -0.1295657811491792
-1 0.0 0 0 0.004797615544870496
-1 0.0 0 0 -0.01702864088092444
-1 0.0 0 0 0.024392384930548294
-1 0.0 0 0 -0.039238888053939894
4 0.8834205269813538 19 20 0.16041321574463224
-1 0.0 0 0 -0.002705821659349437
-1 0.0 0 0 0.04103751255288011
-1 0.0 0 0 -0.012910643444820956
5 1.3630753755569458 23 24 0.06271574329928792
-1 0.0 0 0 0.022481978194749296
4 0.7828361988067627 25 26 -0.021131173242887095
-1 0.0 0 0 0.0206216423129984
-1 0.0 0 0 -0.009691370536717748
-1 0.0 0 0 -7.660959006801405e-05
-1 0.0 0 0 -0.01858577654117121
nodes 29
7 0.11999999731779099 1 2 0.0
-1 0.0 0 0 0.0002506401232210146
6 0.9482656121253967 3 4 -0.00125412200274475
-1 0.0 0 0 -0.01680622244826876
1 11.148276329040527 5 6 -0.0011453432050402476
-1 0.0 0 0 -4.2487339861169665e-05
7 0.14499999582767487 7 12 -0.02602659459496315
6 1.0480049848556519 8 9 -0.12483655935206801
-1 0.0 0 0 -0.004565040187933927
6 1.0626906156539917 10 11 -0.2677357170902107
-1 0.0 0 0 -0.04939066066935256
-1 0.0 0 0 -0.01003692587837577
7 0.6100000143051147 13 28 -0.009272159987087133
1 11.200021743774414 14 15 -0.004109097646549272
-1 0.0 0 0 -0.00623390946918781
8 52.5 16 27 0.03274533086315252
3 0.7152894735336304 17 24 0.008572131586479055
7 0.3700000047683716 18 23 -0.11226111539715045
3 0.6901106238365173 19 22 -0.02115764775745837
5 1.2014669179916382 20 21 0.09375214036309014
-1 0.0 0 0 0.03020974813827447
-1 0.0 0 0 -0.008410363855612715
-1 0.0 0 0 -0.02637449782341719
-1 0.0 0 0 -0.03956941258317481
6 1.0753461122512817 25 26 0.04162817697201911
-1 0.0 0 0 0.0005886578717220542
-1 0.0 0 0 0.02012017772611198
-1 0.0 0 0 0.012527496587219706
-1 0.0 0 0 -0.03755914330482483
nodes 29
3 0.9112855792045593 1 2 0.0
-1 0.0 0 0 -4.5206871042916256e-05
0 11.414716720581055 3 28 0.005953225778224266
2 10.967559814453125 4 21 0.00466722725747585
2 10.937597274780273 5 14 0.016258258667718857
0 10.819478034973145 6 9 0.009816362724257486
6 1.1584100723266602 7 8 0.014435804495153116
-1 0.0 0 0 0.002564220337106139
-1 0.0 0 0 -0.002824673464974054
8 35.5 10 11 -0.09343671537705778
-1 0.0 0 0 -0.026152321079106474
6 1.0346914529800415 12 13 0.02510849717808397
-1 0.0 0 0 -0.019832092939930806
-1 0.0 0 0 0.014964293166384347
0 10.860766410827637 15 18 0.1317544309620997
6 1.106879472732544 16 17 0.033134354157959456
-1 0.0 0 0 0.00846181559352741
-1 0.0 0 0 -0.020986919023096563
4 1.0400125980377197 19 20 0.33914665130021815
-1 0.0 0 0 0.008309883686403435
-1 0.0 0 0 0.04788090955381366
7 0.7425000071525574 22 27 -0.015417188990901835
2 10.977960586547852 23 26 -0.0194150137503432
7 0.13500000536441803 24 25 -0.24328871787856182
-1 0.0 0 0 0.005367512093937915
-1 0.0 0 0 -0.04184212382070912
-1 0.0 0 0 -0.0013151399284661994
-1 0.0 0 0 0.032188076663900306
-1 0.0 0 0 0.02191244016254419
nodes 29
0 11.408531188964844 1 2 0.0
-1 0.0 0 0 5.953062764727619e-05
0 11.427563667297363 3 12 -0.004464938512790129
7 0.0024999999441206455 4 5 -0.04553746153537255
-1 0.0 0 0 -0.026427925243864166
5 1.1115590333938599 6 11 -0.0382674508895161
1 11.185338020324707 7 10 -0.1610879306782685
3 0.7011995911598206 8 9 -0.2992122965503712
-1 0.0 0 0 -0.007132605053484439
-1 0.0 0 0 -0.04563752248369415
-1 0.0 0 0 -0.00036903974751746935
-1 0.0 0 0 -0.002613051840770599
6 0.9436914324760437 13 24 0.00010203569664282086
0 11.605359077453613 14 15 -0.040369330889071464
-1 0.0 0 0 -0.007324572269900554
4 0.7898311614990234 16 19 0.03171060738101039
6 0.9288672208786011 17 18 -0.04282892154788925
-1 0.0 0 0 0.0005334086116598128
-1 0.0 0 0 -0.0222559169661708
8 54.5 20 23 0.23538199628532772
0 11.640289306640625 21 22 0.10135669942672659
-1 0.0 0 0 0.031555167958140375
-1 0.0 0 0 -0.01235480297356844
-1 0.0 0 0 0.04185499019920826
8 40.5 25 26 0.004055704995893893
-1 0.0 0 0 -0.004051519234616673
8 47.5 27 28 0.007594488693624495
-1 0.0 0 0 0.004106322096112325
-1 0.0 0 0 -0.000238655880944997
nodes 29
6 0.9978936314582825 1 6 0.0
7 0.18000000715255737 2 3 0.00443858016066884
-1 0.0 0 0 0.0003623407452554761
3 0.6614043116569519 4 5 0.15890712660477788
-1 0.0 0 0 0.0273320410764072
-1 0.0 0 0 -0.0075640105921775105
6 1.0057021379470825 7 28 -0.0006598133986188525
4 1.1167551279067993 8 25 -0.018669709642744864
4 1.0716869831085205 9 20 -0.015140054991910231
2 10.525300025939941 10 13 -0.019251652938542883
1 10.315629959106445 11 12 0.0592280878991005
-1 0.0 0 0 0.0017509198117632479
-1 0.0 0 0 0.03636214688972191
4 1.0628820657730103 14 19 -0.02440088022255932
8 31.5 15 16 -0.02229137897194831
-1 0.0 0 0 -0.029290590734909413
8 65.5 17 18 -0.020442809280034335
-1 0.0 0 0 -0.0024463712772248
-1 0.0 0 0 0.00729347193017334
-1 0.0 0 0 -0.03223679318713645
5 1.2238818407058716 21 24 0.14231250637492754
4 1.0865488052368164 22 23 0.2568319581710456
-1 0.0 0 0 0.05065498250010221
-1 0.0 0 0 0.008790516590370853
-1 0.0 0 0 -0.0029466671319249528
5 1.240770697593689 26 27 -0.11278542972535693
-1 0.0 0 0 -0.022969702644787954
-1 0.0 0 0 -0.0005483005336192373
-1 0.0 0 0 2.7904289256494244e-05
nodes 29
6 1.027287483215332 1 28 0.0
1 9.343647003173828 2 15 0.0028295364943229763
7 0.4925000071525574 3 14 -0.06426439949911045
1 9.10731029510498 4 13 -0.04219803813623502
7 0.03750000149011612 5 6 0.022747339909885242
-1 0.0 0 0 -0.010642719848692651
5 7.25990629196167 7 10 0.11082088881680234
7 0.14749999344348907 8 9 0.2392063331032215
-1 0.0 0 0 0.05101798970607066
-1 0.0 0 0 -0.0019450250674377789
6 1.011566400527954 11 12 -0.011858535723553764
-1 0.0 0 0 0.019773937470239145
-1 0.0 0 0 -0.023098362389613283
-1 0.0 0 0 -0.013202902833086866
-1 0.0 0 0 -0.03200335880233483
3 0.1676216572523117 16 19 0.0036266636772601868
8 55.5 17 18 0.19939459646785898
-1 0.0 0 0 0.04342093088974555
-1 0.0 0 0 -0.004923274610465503
7 0.07750000059604645 20 21 0.003037128065501016
-1 0.0 0 0 -0.0002127343630550523
4 0.6454275846481323 22 23 0.01252339405247584
-1 0.0 0 0 -0.007356458544762578
4 0.7656765580177307 24 27 0.015087532690344897
5 1.0834606885910034 25 26 0.050984196174801336
-1 0.0 0 0 0.038281149044632916
-1 0.0 0 0 0.004568907977685143
-1 0.0 0 0 0.0007837708056097426
-1 0.0 0 0 -0.00010084360298236906
nodes 29
7 0.11999999731779099 1 28 0.0
6 1.1272661685943604 2 27 0.0024072254932635054
5 2.47843337059021 3 8 0.0015475120619025116
3 0.33950865268707275 4 7 0.00043918164507707343
4 0.6728108525276184 5 6 -0.08672356551429163
-1 0.0 0 0 0.0047402221716474745
-1 0.0 0 0 -0.022499757296868997
-1 0.0 0 0 0.00010530038081712193
1 10.0574951171875 9 26 0.030727676708995427
1 9.986908912658691 10 25 0.007167727355235478
6 1.0694109201431274 11 16 0.016503825688769614
1 9.935519218444824 12 13 -0.003302926710926083
-1 0.0 0 0 -0.0015059643916436837
2 11.021036148071289 14 15 0.1497743299649078
-1 0.0 0 0 0.03781392178498209
-1 0.0 0 0 -0.0007718696162618441
6 1.099410891532898 17 24 0.08737486161893078
8 45.5 18 23 0.15683933504127948
1 9.461332321166992 19 22 0.24186565504105909
6 1.0883328914642334 20 21 0.09556015012785793
-1 0.0 0 0 -0.0019939445211951223
-1 0.0 0 0 0.029768444197252393
-1 0.0 0 0 0.04785363247535904
-1 0.0 0 0 -0.003234422695823014
-1 0.0 0 0 -0.0054861917293497495
-1 0.0 0 0 -0.01751973934264647
-1 0.0 0 0 0.0179833109605394
-1 0.0 0 0 0.0038166657138251864
-1 0.0 0 0 -0.00012044976169961713
end
