vecsearch-termination-model 1
kind gbdt
checkpoint 200
query_dim 128
bias 6.32160529506232
trees 200
nodes 29
1 10.41565227508545 1 14 0.0
6 1.0290124416351318 2 9 -0.5592854239359025
1 9.90817642211914 3 6 -0.3243753393754187
6 0.9998595118522644 4 5 -0.5527422128052777
-1 0.0 0 0 -0.04123465798451436
-1 0.0 0 0 -0.07383392503043962
6 0.9998595118522644 7 8 -0.18985288713156293
-1 0.0 0 0 -0.009458389146535006
-1 0.0 0 0 -0.03817620499617753
7 0.4625000059604645 10 11 -1.2498508014785048
-1 0.0 0 0 -0.10216195853396354
6 1.0931655168533325 12 13 -1.7083351261742
-1 0.0 0 0 -0.14071022220440907
-1 0.0 0 0 -0.19328160473101197
1 10.843045234680176 15 24 0.33210053809845075
6 1.0166220664978027 16 23 0.1518776795774181
4 0.7881348133087158 17 18 0.21138299560426047
-1 0.0 0 0 -0.0006182104198109877
50 49.5 19 20 0.2625462513387636
-1 0.0 0 0 0.018352357471760134
94 19.5 21 22 0.38334785801704946
-1 0.0 0 0 0.006515143034814607
-1 0.0 0 0 0.04457426801115317
-1 0.0 0 0 -0.04872680200191545
6 1.0094709396362305 25 28 0.5415397519461967
3 0.6594746708869934 26 27 0.5706440185592611
-1 0.0 0 0 0.03435056656749089
-1 0.0 0 0 0.06251691363024411
-1 0.0 0 0 0.005371097774807797
nodes 29
1 10.428570747375488 1 14 0.0
6 1.0356087684631348 2 9 -0.49526298652843037
1 9.873852729797363 3 6 -0.30015959654057056
6 0.9998595118522644 4 5 -0.5238575055815202
-1 0.0 0 0 -0.03833281309945464
-1 0.0 0 0 -0.06883011202305649
6 0.9998595118522644 7 8 -0.18167132421210214
-1 0.0 0 0 -0.008427099415605276
-1 0.0 0 0 -0.036372063360021294
7 0.5274999737739563 10 13 -1.1726073950526616
7 0.30250000953674316 11 12 -1.0036807850437715
-1 0.0 0 0 -0.08226315809598905
-1 0.0 0 0 -0.11723276930789246
-1 0.0 0 0 -0.16878066849631262
1 10.803709983825684 15 22 0.30405887301292367
6 1.0079162120819092 16 19 0.1216334213672457
3 0.6292915344238281 17 18 0.18933826975679127
-1 0.0 0 0 0.003729037824323071
-1 0.0 0 0 0.025281122434607173
6 1.0356087684631348 20 21 -0.3532868095364165
-1 0.0 0 0 -0.018307694127680556
-1 0.0 0 0 -0.07009361434147723
6 1.0128213167190552 23 28 0.46890032132974363
3 0.699894905090332 24 25 0.49382115221408995
-1 0.0 0 0 0.034295965590454995
1 11.004829406738281 26 27 0.5623121138161995
-1 0.0 0 0 0.04681833540060479
-1 0.0 0 0 0.06504202910739763
-1 0.0 0 0 -0.002271167232138654
nodes 29
1 10.331822395324707 1 12 0.0
6 1.0413601398468018 2 9 -0.50431543443074
6 0.9998595118522644 3 6 -0.3267091150611956
4 0.7772111892700195 4 5 -0.20198390048178783
-1 0.0 0 0 -0.0387045931805576
-1 0.0 0 0 -0.01211959155955764
1 9.784309387207031 7 8 -0.4971373608190528
-1 0.0 0 0 -0.06587368621084587
-1 0.0 0 0 -0.03827311448044538
7 0.5274999737739563 10 11 -1.114907946299131
-1 0.0 0 0 -0.09544766996940303
-1 0.0 0 0 -0.1548405980268057
1 10.73843765258789 13 22 0.24339715221924502
6 1.0094709396362305 14 19 0.04171200973587401
50 52.5 15 16 0.11080979750705511
-1 0.0 0 0 0.0030271147755943067
94 46.5 17 18 0.23639145091874358
-1 0.0 0 0 0.0049585022145248285
-1 0.0 0 0 0.031477050485180895
6 1.0540072917938232 20 21 -0.3951693375661187
-1 0.0 0 0 -0.02833728718816554
-1 0.0 0 0 -0.0852431276610297
6 1.002241611480713 23 28 0.3956809493055995
3 0.6393026113510132 24 25 0.4303698209668355
-1 0.0 0 0 0.02148614244353095
1 11.004829406738281 26 27 0.4765716908936361
-1 0.0 0 0 0.04006718537049248
-1 0.0 0 0 0.05746199468298668
-1 0.0 0 0 0.005678236605341186
nodes 29
1 10.472799301147461 1 16 0.0
6 1.024679183959961 2 9 -0.3816175094986578
1 10.018957138061523 3 6 -0.2071173614986433
2 10.816171646118164 4 5 -0.36841382102605763
-1 0.0 0 0 -0.04394566960697788
-1 0.0 0 0 -0.012268235343996015
50 51.5 7 8 -0.09537099755279174
-1 0.0 0 0 -0.019067945378160398
-1 0.0 0 0 0.003281108215914762
7 0.41749998927116394 10 13 -0.8842600360520536
6 1.0675913095474243 11 12 -0.6817476218599643
-1 0.0 0 0 -0.056840197450862856
-1 0.0 0 0 -0.08790429457011437
6 1.0808510780334473 14 15 -1.1954867758198424
-1 0.0 0 0 -0.09322572270883162
-1 0.0 0 0 -0.13839241649486841
1 10.899992942810059 17 24 0.2628429358739752
6 1.022120714187622 18 23 0.1520943145673966
4 0.7237707376480103 19 20 0.18669319183311514
-1 0.0 0 0 -0.012579278054845787
6 0.9998595118522644 21 22 0.21423695848623953
-1 0.0 0 0 0.02580573294402937
-1 0.0 0 0 0.0059495367276382214
-1 0.0 0 0 -0.03931627670802385
6 1.0233782529830933 25 28 0.4262739894429867
3 0.707918107509613 26 27 0.4397696589817938
-1 0.0 0 0 0.03166165694641948
-1 0.0 0 0 0.049417018098182844
-1 0.0 0 0 -0.01186754258263404
nodes 29
1 10.502543449401855 1 18 0.0
6 1.0187747478485107 2 11 -0.3302329566891992
1 10.092040061950684 3 8 -0.1639292814055563
2 10.793988227844238 4 7 -0.30297955729120396
1 9.636131286621094 5 6 -0.36538893926841465
-1 0.0 0 0 -0.05088508058072443
-1 0.0 0 0 -0.027422747653519586
-1 0.0 0 0 -0.01000186841480466
94 46.5 9 10 -0.054396805812733644
-1 0.0 0 0 -0.01391273762515971
-1 0.0 0 0 0.0066151266272813
6 1.0808510780334473 12 15 -0.7623636861553688
7 0.3075000047683716 13 14 -0.5962546998889088
-1 0.0 0 0 -0.04675855002283435
-1 0.0 0 0 -0.07451564057673388
7 0.637499988079071 16 17 -1.0773077673659825
-1 0.0 0 0 -0.09698899492043045
-1 0.0 0 0 -0.15978579242669402
1 10.872920989990234 19 24 0.24655535524243
6 1.0028573274612427 20 23 0.13948593619240132
4 0.7943466305732727 21 22 0.18657192306919565
-1 0.0 0 0 0.0013716986101371732
-1 0.0 0 0 0.023038694278942576
-1 0.0 0 0 -0.016124673570019937
3 0.5927804708480835 25 26 0.372829908767644
-1 0.0 0 0 0.007834712736497341
6 0.9998595118522644 27 28 0.3958759190876921
-1 0.0 0 0 0.043272766847711086
-1 0.0 0 0 0.022628237535472287
nodes 29
1 10.331822395324707 1 12 0.0
6 1.050862431526184 2 9 -0.37089235907945184
6 1.0049721002578735 3 8 -0.252305703996046
4 0.7132238745689392 4 5 -0.1745307797408051
-1 0.0 0 0 -0.04333321802127926
126 6.5 6 7 -0.12522502208016859
-1 0.0 0 0 -0.02393055787345348
-1 0.0 0 0 -0.0048456825639826085
-1 0.0 0 0 -0.04605625259687573
7 0.39750000834465027 10 11 -0.8665269967087493
-1 0.0 0 0 -0.06457846660678726
-1 0.0 0 0 -0.10640684040821331
1 10.73843765258789 13 22 0.1790033338657294
6 1.0028573274612427 14 19 0.028226654063196098
4 0.7237707376480103 15 16 0.0869095766208602
-1 0.0 0 0 -0.01660169486362403
50 50.5 17 18 0.11523578174508847
-1 0.0 0 0 0.004824778051262423
-1 0.0 0 0 0.02124980213286272
6 1.063533902168274 20 21 -0.25300257640656987
-1 0.0 0 0 -0.018982709188784225
-1 0.0 0 0 -0.07416005469659724
6 1.022120714187622 23 28 0.29284833518652004
3 0.6152483820915222 24 25 0.30835687339247597
-1 0.0 0 0 0.010417071558687352
1 11.099438667297363 26 27 0.33776706413013446
-1 0.0 0 0 0.029533471096274112
-1 0.0 0 0 0.04619879920442546
-1 0.0 0 0 -0.017857453637523682
nodes 29
1 10.524735450744629 1 18 0.0
6 1.024679183959961 2 13 -0.26114551454257134
1 9.784309387207031 3 6 -0.13779650797883758
2 10.820577621459961 4 5 -0.33254430449790534
-1 0.0 0 0 -0.0400993545144539
-1 0.0 0 0 -0.012368636508894623
94 37.5 7 10 -0.07752328144113803
6 0.9994038343429565 8 9 -0.15537047076621052
-1 0.0 0 0 -0.009014027265198727
-1 0.0 0 0 -0.027817278426450705
59 15.5 11 12 0.025530144281826143
-1 0.0 0 0 -0.02175064101673453
-1 0.0 0 0 0.009247415715100188
7 0.4325000047683716 14 15 -0.6434562671138471
-1 0.0 0 0 -0.04983136426167522
7 0.6775000095367432 16 17 -0.8998969702589423
-1 0.0 0 0 -0.08225798064969168
-1 0.0 0 0 -0.13451782852583538
6 0.9998595118522644 19 24 0.20781853405851383
1 10.93160629272461 20 23 0.25687235783563606
4 0.8022487759590149 21 22 0.1900955072386607
-1 0.0 0 0 0.004883047106510228
-1 0.0 0 0 0.023127923532867672
-1 0.0 0 0 0.03554509282068845
3 0.6594746708869934 25 26 0.031176017076242093
-1 0.0 0 0 -0.026947638014760418
6 1.0434638261795044 27 28 0.09811920948240678
-1 0.0 0 0 0.013317999359737981
-1 0.0 0 0 -0.03694333115862983
nodes 29
1 10.203110694885254 1 10 0.0
6 1.050862431526184 2 7 -0.35144334655917714
7 0.29749999940395355 3 6 -0.24555662393915448
2 10.869501113891602 4 5 -0.18294738937182226
-1 0.0 0 0 -0.022322546053419223
-1 0.0 0 0 0.0033549501878224457
-1 0.0 0 0 -0.04457990779571133
7 0.6025000214576721 8 9 -0.7247385718533149
-1 0.0 0 0 -0.06393264635821887
-1 0.0 0 0 -0.11140275821352658
1 10.688895225524902 11 18 0.12780146231001105
6 1.0028573274612427 12 15 -0.012972699894314203
50 66.5 13 14 0.043442829626451275
-1 0.0 0 0 -0.0017194548884164299
-1 0.0 0 0 0.01507055798960466
6 1.0598565340042114 16 17 -0.24128869073689763
-1 0.0 0 0 -0.018196662481357127
-1 0.0 0 0 -0.05865163525764059
6 1.0119614601135254 19 28 0.2285493683786962
3 0.5556058883666992 20 21 0.24683191038155797
-1 0.0 0 0 -0.0046847271304259214
1 11.086150169372559 22 27 0.2643278745241885
88 75.5 23 24 0.22942789377095352
-1 0.0 0 0 0.018219910783019128
59 10.5 25 26 0.32649655160421664
-1 0.0 0 0 0.004728991557936255
-1 0.0 0 0 0.0365141459312778
-1 0.0 0 0 0.037262397928305435
-1 0.0 0 0 -0.0069225475648094755
nodes 29
1 10.203110694885254 1 12 0.0
6 1.0568609237670898 2 9 -0.31629901208812794
7 0.29749999940395355 3 8 -0.22582062496385774
4 0.7132238745689392 4 5 -0.1662998056263368
-1 0.0 0 0 -0.03685312879657187
2 10.869501113891602 6 7 -0.12846273237557637
-1 0.0 0 0 -0.016814542878511234
-1 0.0 0 0 0.00834412060874791
-1 0.0 0 0 -0.0408678137830409
7 0.6324999928474426 10 11 -0.6706695985374769
-1 0.0 0 0 -0.06027005230543114
-1 0.0 0 0 -0.10624357975029448
1 10.688895225524902 13 20 0.11502131612217247
6 1.0290124416351318 14 19 -0.011675429871940365
35 0.5 15 16 0.01911979877207464
-1 0.0 0 0 -0.011260111713203378
86 0.5 17 18 0.06539478720580262
-1 0.0 0 0 -0.010709023872197534
-1 0.0 0 0 0.010650183274096578
-1 0.0 0 0 -0.03636049749548558
3 0.6982521414756775 21 26 0.2056944315913033
6 1.002241611480713 22 25 0.10840003617537895
3 0.4901122748851776 23 24 0.13488240134599258
-1 0.0 0 0 -0.02300324052417742
-1 0.0 0 0 0.015606598766841399
-1 0.0 0 0 -0.02937270884535566
6 1.0002985000610352 27 28 0.25384327643839244
-1 0.0 0 0 0.027790642963241175
-1 0.0 0 0 0.008788079691938231
nodes 29
1 10.55716609954834 1 18 0.0
6 1.0166220664978027 2 13 -0.18466483761340424
4 0.7943466305732727 3 6 -0.08480507296037265
7 0.19749999791383743 4 5 -0.22887890701118477
-1 0.0 0 0 -0.016236904295320976
-1 0.0 0 0 -0.04196858940627525
119 8.5 7 10 -0.028884231711539907
90 37.5 8 9 -0.11376317526212568
-1 0.0 0 0 -0.022580505667870652
-1 0.0 0 0 -0.004285203364390682
60 37.5 11 12 0.037903371299406734
-1 0.0 0 0 -0.007287077978585205
-1 0.0 0 0 0.010825353292029051
6 1.110384225845337 14 17 -0.44809937043007075
7 0.3075000047683716 15 16 -0.3675826411022764
-1 0.0 0 0 -0.026650658791172923
-1 0.0 0 0 -0.04774005323411917
-1 0.0 0 0 -0.07503278694958114
1 10.989656448364258 19 28 0.16159571275110504
6 1.019826054573059 20 27 0.11409711897314523
135 4.5 21 22 0.1326108502621639
-1 0.0 0 0 0.005466551754811092
50 52.5 23 24 0.19447677040737826
-1 0.0 0 0 0.012532793166571405
94 34.5 25 26 0.27380107297176215
-1 0.0 0 0 0.008927698095868587
-1 0.0 0 0 0.03207594303393446
-1 0.0 0 0 -0.019897328296507644
-1 0.0 0 0 0.026791264362707137
nodes 29
1 10.164350509643555 1 10 0.0
7 0.3725000023841858 2 7 -0.27245816701966075
6 1.0063892602920532 3 6 -0.18399449372773968
2 10.950069427490234 4 5 -0.1230095042367802
-1 0.0 0 0 -0.01568205878384937
-1 0.0 0 0 0.008510982900471179
-1 0.0 0 0 -0.030829988054421133
6 1.0675913095474243 8 9 -0.5327273614870582
-1 0.0 0 0 -0.04036909047736152
-1 0.0 0 0 -0.0689732557751806
1 10.628254890441895 11 18 0.09130555239019017
6 0.9998595118522644 12 15 -0.026755045662709562
4 0.6827468872070312 13 14 0.03799472316943581
-1 0.0 0 0 -0.0219604781258041
-1 0.0 0 0 0.0059476069856022815
3 0.690159261226654 16 17 -0.14714069330425747
-1 0.0 0 0 -0.027538422621665917
-1 0.0 0 0 -0.005630796985222872
3 0.5927804708480835 19 22 0.15807811570370164
6 0.9994038343429565 20 21 -0.025892826970488256
-1 0.0 0 0 0.0027527044727064707
-1 0.0 0 0 -0.03614855713402318
103 1.5 23 26 0.18066395217984244
64 44.5 24 25 0.07123240454713758
-1 0.0 0 0 -0.0047290890012860924
-1 0.0 0 0 0.015257148925538144
92 1.5 27 28 0.21476142686046135
-1 0.0 0 0 0.006804670272946137
-1 0.0 0 0 0.024512666395510148
nodes 29
1 10.164350509643555 1 10 0.0
7 0.32750000059604645 2 7 -0.24521235014136972
2 10.138045310974121 3 4 -0.1529245881952525
-1 0.0 0 0 -0.02795252841061659
102 6.5 5 6 -0.10252128737542882
-1 0.0 0 0 -0.01969023432261964
-1 0.0 0 0 -0.0032545300033322323
6 1.063533902168274 8 9 -0.4500091891065
-1 0.0 0 0 -0.033623323430755706
-1 0.0 0 0 -0.06040696363073553
1 10.755879402160645 11 24 0.08217499713258253
6 0.9998595118522644 12 19 0.0024531685843952396
4 0.696708083152771 13 14 0.05911689744991381
-1 0.0 0 0 -0.016235791584733938
103 1.5 15 16 0.07930326768196569
-1 0.0 0 0 -0.0014534420117313697
92 1.5 17 18 0.11299353310454248
-1 0.0 0 0 -0.001062578540549864
-1 0.0 0 0 0.015154585740876006
4 0.9105898141860962 20 21 -0.11604931652040261
-1 0.0 0 0 -0.025268415369722
6 1.0413601398468018 22 23 -0.03810822176694587
-1 0.0 0 0 0.0007807201753027426
-1 0.0 0 0 -0.029100408822200698
69 6.5 25 26 0.1644379619765683
-1 0.0 0 0 0.007922223604529778
67 3.5 27 28 0.20412127496448967
-1 0.0 0 0 0.011015007054372486
-1 0.0 0 0 0.02411089534263286
nodes 29
6 1.0166220664978027 1 22 0.0
1 10.562043190002441 2 11 0.05531433296138347
4 0.7792374491691589 3 6 -0.06019880190264928
6 0.9976041316986084 4 5 -0.193752049606517
-1 0.0 0 0 -0.013923694787900405
-1 0.0 0 0 -0.037661323799989196
101 4.5 7 8 -0.01621683059292497
-1 0.0 0 0 -0.010133148293272234
119 8.5 9 10 0.03367252409858847
-1 0.0 0 0 -0.006532071599960968
-1 0.0 0 0 0.008192048056356668
86 0.5 12 13 0.13413886558805554
-1 0.0 0 0 -0.0012779409773494117
67 3.5 14 17 0.15611917881980747
90 48.5 15 16 0.06978253546597611
-1 0.0 0 0 0.0006830193807063742
-1 0.0 0 0 0.015539861195622708
121 118.5 18 21 0.2006904918539547
3 0.5278528332710266 19 20 0.20966208141230444
-1 0.0 0 0 -0.0034322171546013434
-1 0.0 0 0 0.02187948032006215
-1 0.0 0 0 -0.008424855875114537
6 1.0675913095474243 23 26 -0.2973243585163882
3 0.7031493186950684 24 25 -0.1999814005579756
-1 0.0 0 0 -0.031312282125388384
-1 0.0 0 0 -0.00836059352642894
7 0.5925000011920929 27 28 -0.4781267078994816
-1 0.0 0 0 -0.04114296702360317
-1 0.0 0 0 -0.07353209989484895
nodes 29
1 10.092040061950684 1 10 0.0
7 0.3774999976158142 2 7 -0.21865133002867318
2 10.641655921936035 3 6 -0.1475631283658682
1 9.207636833190918 4 5 -0.193412921592109
-1 0.0 0 0 -0.03488938449023547
-1 0.0 0 0 -0.015448515768920222
-1 0.0 0 0 -0.0016539857689163524
7 0.7074999809265137 8 9 -0.41950564480875385
-1 0.0 0 0 -0.03890594815485409
-1 0.0 0 0 -0.08403335454647487
6 0.9998595118522644 11 22 0.06295211289996883
3 0.699894905090332 12 19 0.10540829075621873
4 0.6054747104644775 13 14 0.03862685675086634
-1 0.0 0 0 -0.033923594765923965
62 0.5 15 16 0.050915213222397254
-1 0.0 0 0 -0.007519293424098187
92 3.5 17 18 0.07264453702180326
-1 0.0 0 0 -0.002477641537863068
-1 0.0 0 0 0.011253237116466981
1 10.899992942810059 20 21 0.16163381056630854
-1 0.0 0 0 0.011272885551362723
-1 0.0 0 0 0.0222816358535285
3 0.7565687894821167 23 26 -0.05558572041736397
4 0.6827468872070312 24 25 -0.16065955416542657
-1 0.0 0 0 -0.047629568390131785
-1 0.0 0 0 -0.013708459426895182
6 1.0393445491790771 27 28 0.04191830169217943
-1 0.0 0 0 0.0073142109384018664
-1 0.0 0 0 -0.017812390761967663
nodes 29
6 1.0063892602920532 1 22 0.0
1 10.603238105773926 2 13 0.05396730592498977
4 0.8207140564918518 3 8 -0.033547233136815194
4 0.6176910996437073 4 5 -0.1261250065203956
-1 0.0 0 0 -0.0345805939055378
8 42.5 6 7 -0.09698079421858682
-1 0.0 0 0 -0.020294930432239282
-1 0.0 0 0 -0.003759687918616657
103 0.5 9 10 0.015977173644565086
-1 0.0 0 0 -0.010012155808549698
52 0.5 11 12 0.05003058676257886
-1 0.0 0 0 -0.008666303058974143
-1 0.0 0 0 0.008234638243770123
4 0.7008199095726013 14 15 0.11919240152558884
-1 0.0 0 0 -0.011812574119780334
86 3.5 16 17 0.13024173727909663
-1 0.0 0 0 0.003969024005096769
92 0.5 18 19 0.15695649662083896
-1 0.0 0 0 0.0019069863692282583
5 1.144494891166687 20 21 0.1773234348053183
-1 0.0 0 0 0.026926044202496564
-1 0.0 0 0 0.01540810804392169
6 1.0675913095474243 23 26 -0.2106903192691514
3 0.6982521414756775 24 25 -0.14183708332395153
-1 0.0 0 0 -0.024822883552173908
-1 0.0 0 0 -0.004590910209274573
7 0.7074999809265137 27 28 -0.3975956341295236
-1 0.0 0 0 -0.03690278639277141
-1 0.0 0 0 -0.08322204274958686
nodes 29
1 9.90817642211914 1 8 0.0
7 0.2824999988079071 2 5 -0.21699466164769274
2 10.575870513916016 3 4 -0.12474607353599541
-1 0.0 0 0 -0.01748812600565642
-1 0.0 0 0 -0.001646735638373281
7 0.5274999737739563 6 7 -0.3377930339690658
-1 0.0 0 0 -0.027948998815742594
-1 0.0 0 0 -0.046741268645689046
6 0.9998595118522644 9 22 0.044014041783735636
4 0.8132991194725037 10 13 0.08280974664192865
4 0.6054747104644775 11 12 -0.007601833521205984
-1 0.0 0 0 -0.02729677014620461
-1 0.0 0 0 0.0009597992989679963
62 2.5 14 17 0.11453426124567383
94 18.5 15 16 0.01670071339977478
-1 0.0 0 0 -0.0033743107750247333
-1 0.0 0 0 0.012464506242487974
52 1.5 18 19 0.1397328768163231
-1 0.0 0 0 0.002633010322426655
82 3.5 20 21 0.16625292796131472
-1 0.0 0 0 0.004847814361058699
-1 0.0 0 0 0.01842640506914242
3 0.6594746708869934 23 24 -0.05668847014754793
-1 0.0 0 0 -0.019236193494304263
35 2.5 25 26 -0.0004967354093594013
-1 0.0 0 0 -0.009037921437224752
102 9.5 27 28 0.0616515254797167
-1 0.0 0 0 -0.0023828064678210826
-1 0.0 0 0 0.012745198486923065
nodes 29
1 10.258501052856445 1 12 0.0
7 0.3474999964237213 2 9 -0.13867036690575305
2 11.01615047454834 3 8 -0.08570728835704348
50 60.5 4 5 -0.10380771055980689
-1 0.0 0 0 -0.015565319205256768
94 51.5 6 7 -0.024871930442122953
-1 0.0 0 0 -0.014259737272719668
-1 0.0 0 0 0.005289652149104644
-1 0.0 0 0 0.013491342248628078
6 1.1384437084197998 10 11 -0.2855131284820942
-1 0.0 0 0 -0.024063855620184534
-1 0.0 0 0 -0.04642667457687133
35 0.5 13 20 0.05669664282524643
90 38.5 14 17 -0.03873838766386261
1 10.984428405761719 15 16 -0.11893197966575308
-1 0.0 0 0 -0.01638346056338932
-1 0.0 0 0 0.0040689095364018
54 32.5 18 19 0.030887833359703087
-1 0.0 0 0 -0.0134432005452994
-1 0.0 0 0 0.009583864977931178
62 1.5 21 22 0.08988950549678894
-1 0.0 0 0 -0.002346580098759002
92 3.5 23 24 0.11981537913253773
-1 0.0 0 0 0.0036395715203288398
127 36.5 25 28 0.15027959988065825
64 58.5 26 27 0.11185974968832738
-1 0.0 0 0 0.003886981665760505
-1 0.0 0 0 0.018089606134655226
-1 0.0 0 0 0.02112724725372651
nodes 29
6 1.022120714187622 1 24 0.0
1 10.598258018493652 2 11 0.03275447989383212
4 0.6827468872070312 3 4 -0.038836587136639095
-1 0.0 0 0 -0.022613968341858554
135 1.5 5 6 -0.020685826015077857
-1 0.0 0 0 -0.009854204491891809
68 11.5 7 10 0.016647111809747983
116 12.5 8 9 -0.05528337669196025
-1 0.0 0 0 -0.011871397032471231
-1 0.0 0 0 0.002923753456644678
-1 0.0 0 0 0.006390762418412754
135 1.5 12 17 0.08916512101817448
46 8.5 13 14 0.01910258874063583
-1 0.0 0 0 -0.006955902175637262
123 10.5 15 16 0.06667880333727577
-1 0.0 0 0 -0.007262542520041615
-1 0.0 0 0 0.011039292028074826
68 3.5 18 19 0.12173053090902582
-1 0.0 0 0 0.0036110564957558622
88 67.5 20 23 0.1486046726739986
64 50.5 21 22 0.10514488223024616
-1 0.0 0 0 0.003647575372695955
-1 0.0 0 0 0.018443240283600518
-1 0.0 0 0 0.019155014607107945
7 0.29249998927116394 25 26 -0.20590162967475123
-1 0.0 0 0 -0.010097328862555273
7 0.7325000166893005 27 28 -0.2870210507477503
-1 0.0 0 0 -0.0270153237347126
-1 0.0 0 0 -0.07335180718702054
nodes 29
1 9.682217597961426 1 4 0.0
7 0.48750001192092896 2 3 -0.20408843192673998
-1 0.0 0 0 -0.016343685381880132
-1 0.0 0 0 -0.03653261288989919
1 10.904486656188965 5 26 0.02824613704623058
135 2.5 6 15 -0.004527079494248396
64 67.5 7 12 -0.07164216966584683
50 69.5 8 9 -0.13736425149838513
-1 0.0 0 0 -0.01961158379970969
94 17.5 10 11 -0.033828980193057384
-1 0.0 0 0 -0.015077255343492675
-1 0.0 0 0 0.005676541038709456
84 19.5 13 14 -0.005063485418412517
-1 0.0 0 0 -0.014235186272834122
-1 0.0 0 0 0.0046021743287070335
92 0.5 16 17 0.03798939607694834
-1 0.0 0 0 -0.0073330026364985205
17 97.5 18 25 0.06826549128936066
88 85.5 19 22 0.083194508553045
64 84.5 20 21 0.037078420381262515
-1 0.0 0 0 -0.0014626945123631888
-1 0.0 0 0 0.013099866910854713
60 41.5 23 24 0.14228949935338114
-1 0.0 0 0 0.00038729799155829856
-1 0.0 0 0 0.0171011822843278
-1 0.0 0 0 -0.010121534780676789
3 0.7790052890777588 27 28 0.11783453636282416
-1 0.0 0 0 0.007065155468002182
-1 0.0 0 0 0.017133241205872885
nodes 29
6 1.0049721002578735 1 22 0.0
4 0.8256633877754211 2 9 0.036080897968615376
3 0.5316212773323059 3 6 -0.04374617668363718
6 0.987898588180542 4 5 -0.12125371790005517
-1 0.0 0 0 -0.007906110398674879
-1 0.0 0 0 -0.02449610462982489
8 49.5 7 8 0.01006840677593124
-1 0.0 0 0 -0.0029071199295947208
-1 0.0 0 0 0.010916292816454067
2 11.0372896194458 10 21 0.0688347496776169
50 49.5 11 16 0.02683228242401141
90 36.5 12 13 -0.012890485781037821
-1 0.0 0 0 -0.011018019097460299
54 62.5 14 15 0.042047531194115494
-1 0.0 0 0 -0.005522545457327964
-1 0.0 0 0 0.010987225504308524
127 19.5 17 18 0.07628821484888884
-1 0.0 0 0 -0.008160988970749987
61 7.5 19 20 0.11018106047029098
-1 0.0 0 0 -0.0034662607058742988
-1 0.0 0 0 0.014350230674177015
-1 0.0 0 0 0.01232838160862672
7 0.3375000059604645 23 26 -0.13430944938933803
4 0.7943466305732727 24 25 -0.06876923089678572
-1 0.0 0 0 -0.02283749285280301
-1 0.0 0 0 -0.003422628151225063
7 0.6025000214576721 27 28 -0.2291032728678224
-1 0.0 0 0 -0.01940760238339489
-1 0.0 0 0 -0.03949850861891259
nodes 29
1 9.682217597961426 1 4 0.0
7 0.23250000178813934 2 3 -0.1717001862058284
-1 0.0 0 0 -0.009442288592696624
-1 0.0 0 0 -0.023420068374702577
35 2.5 5 16 0.023763556671438923
39 0.5 6 7 -0.03837267736813588
-1 0.0 0 0 -0.014565570510560477
76 9.5 8 11 -0.0006387139500335122
27 10.5 9 10 -0.07255523950361197
-1 0.0 0 0 -0.011554582055209026
-1 0.0 0 0 0.005319310050604224
46 11.5 12 13 0.05343278895586681
-1 0.0 0 0 -0.004359111782819267
122 19.5 14 15 0.09320629471294825
-1 0.0 0 0 -0.002745544857566736
-1 0.0 0 0 0.013513684171735938
62 0.5 17 18 0.061582636749125876
-1 0.0 0 0 -0.005011573281845122
75 2.5 19 26 0.08668226538053726
50 29.5 20 21 0.03402718045202342
-1 0.0 0 0 -0.00841465598954446
95 22.5 22 23 0.07927825398813573
-1 0.0 0 0 -0.00627193072735644
61 10.5 24 25 0.10590826265423368
-1 0.0 0 0 -0.00027803832619259635
-1 0.0 0 0 0.013936551397464636
69 8.5 27 28 0.1217323466691286
-1 0.0 0 0 0.006472806985054447
-1 0.0 0 0 0.015363772548550031
nodes 29
1 10.551741600036621 1 14 0.0
7 0.2574999928474426 2 9 -0.06413453060044243
2 11.089683532714844 3 8 -0.023354759599153573
50 66.5 4 7 -0.03355752870152083
64 72.5 5 6 -0.06823926891145976
-1 0.0 0 0 -0.011938194055360708
-1 0.0 0 0 -0.0017144856454631757
-1 0.0 0 0 0.002411379518761232
-1 0.0 0 0 0.01965842026234416
4 0.7922724485397339 10 11 -0.1521966336090047
-1 0.0 0 0 -0.026467020975159766
6 1.110384225845337 12 13 -0.11643008148428556
-1 0.0 0 0 -0.008675358771748548
-1 0.0 0 0 -0.02997838429729756
102 11.5 15 24 0.055242542208951695
64 60.5 16 19 0.007364632078156162
1 11.053837776184082 17 18 -0.07118337895338489
-1 0.0 0 0 -0.011012162946991028
-1 0.0 0 0 0.005056323786064867
84 16.5 20 21 0.07705757209862005
-1 0.0 0 0 -0.010955274556670919
22 9.5 22 23 0.11256307501724463
-1 0.0 0 0 -0.004393709411760454
-1 0.0 0 0 0.01454848318572945
19 2.5 25 28 0.09482050260562189
84 21.5 26 27 -0.014068557302726995
-1 0.0 0 0 -0.011356286190782446
-1 0.0 0 0 0.007462038658259783
-1 0.0 0 0 0.0128228666275048
nodes 29
6 1.0374623537063599 1 26 0.0
4 0.7094941735267639 2 5 0.018116802764467105
6 0.9976041316986084 3 4 -0.13673112363287163
-1 0.0 0 0 -0.00916183921470492
-1 0.0 0 0 -0.029411197778113407
2 10.991965293884277 6 15 0.031638605526050995
35 0.5 7 10 -0.008807644592041143
113 74.5 8 9 -0.0829339380061147
-1 0.0 0 0 -0.006931830662988573
-1 0.0 0 0 -0.029254690067064132
86 2.5 11 12 0.016982434126479103
-1 0.0 0 0 -0.005289754810767748
1 9.207636833190918 13 14 0.044582469464945526
-1 0.0 0 0 -0.016749346847130923
-1 0.0 0 0 0.005341006809001958
25 116.5 16 25 0.08074400824076916
17 119.5 17 24 0.09060110588431301
103 1.5 18 21 0.0974407711735683
64 30.5 19 20 0.026352622180851173
-1 0.0 0 0 -0.007626310085498096
-1 0.0 0 0 0.007977397250896499
82 4.5 22 23 0.11971380463345484
-1 0.0 0 0 0.0028450929263241394
-1 0.0 0 0 0.013545979983385673
-1 0.0 0 0 -0.014237121003023163
-1 0.0 0 0 -0.007997130395561266
7 0.7325000166893005 27 28 -0.16669022884792722
-1 0.0 0 0 -0.01558493994275127
-1 0.0 0 0 -0.0567146729420999
nodes 29
6 0.9998595118522644 1 16 0.0
4 0.8445931673049927 2 7 0.03641788179302973
4 0.6054747104644775 3 4 -0.014825546853172597
-1 0.0 0 0 -0.0210536129634255
8 42.5 5 6 -0.003256591915100873
-1 0.0 0 0 -0.007660501244682647
-1 0.0 0 0 0.002477551694009864
77 4.5 8 13 0.06533377781273862
50 33.5 9 10 0.015381575611249818
-1 0.0 0 0 -0.007822648280889345
94 14.5 11 12 0.05775942850346789
-1 0.0 0 0 -0.011273835579165992
-1 0.0 0 0 0.008264174618671221
75 3.5 14 15 0.09283104172242246
-1 0.0 0 0 0.0026238580610228185
-1 0.0 0 0 0.012048741288124417
3 0.6558228135108948 17 20 -0.07032611223335135
4 0.6721887588500977 18 19 -0.14636416135234148
-1 0.0 0 0 -0.02771528291885081
-1 0.0 0 0 -0.012481079522939479
6 1.0675913095474243 21 28 -0.015277799786579487
87 3.5 22 25 0.0015567970377605852
90 53.5 23 24 -0.0636754920797468
-1 0.0 0 0 -0.01476174388451952
-1 0.0 0 0 0.0012459287467899843
60 47.5 26 27 0.03467539236327327
-1 0.0 0 0 -0.0008781711626845648
-1 0.0 0 0 0.011028085111770336
-1 0.0 0 0 -0.01631645416030427
nodes 29
1 9.682217597961426 1 2 0.0
-1 0.0 0 0 -0.012475972124455075
103 1.5 3 8 0.017266927664567566
46 8.5 4 5 -0.04666926660865648
-1 0.0 0 0 -0.011933393259283255
122 14.5 6 7 0.008381826891379425
-1 0.0 0 0 -0.012077411492111686
-1 0.0 0 0 0.00499923956370352
68 6.5 9 16 0.042111992453275335
84 19.5 10 11 -0.020784769102866807
-1 0.0 0 0 -0.00838477761044149
23 10.5 12 13 0.04900128914385879
-1 0.0 0 0 -0.012125925822169679
90 38.5 14 15 0.08325740526383826
-1 0.0 0 0 -0.004953980294472856
-1 0.0 0 0 0.01245107830469347
17 99.5 17 28 0.0770232595996704
56 6.5 18 19 0.08932503652906591
-1 0.0 0 0 -0.0005724313281124235
9 117.5 20 27 0.10360610928693345
75 4.5 21 24 0.11031277189937651
50 26.5 22 23 0.0729014441075897
-1 0.0 0 0 -0.003759918503728769
-1 0.0 0 0 0.009882805003697297
62 3.5 25 26 0.1439107890939298
-1 0.0 0 0 0.006955566222636206
-1 0.0 0 0 0.01741921156803989
-1 0.0 0 0 -0.01398846854566927
-1 0.0 0 0 -0.004808618797341149
nodes 29
2 10.762212753295898 1 6 0.0
5 1.3324271440505981 2 3 -0.057852967417096245
-1 0.0 0 0 -0.0002591181799847349
7 0.21249999850988388 4 5 -0.10786825890244578
-1 0.0 0 0 -0.005346154781969849
-1 0.0 0 0 -0.016365965828422376
121 118.5 7 26 0.03321474361474163
15 0.5 8 15 0.04184899103053938
88 59.5 9 12 -0.021056114519831894
1 11.136397361755371 10 11 -0.11077290290147983
-1 0.0 0 0 -0.0135532714343244
-1 0.0 0 0 0.006624127143590864
60 34.5 13 14 0.046665590258573315
-1 0.0 0 0 -0.007675351731538504
-1 0.0 0 0 0.008519324817848624
68 0.5 16 19 0.06616618940993321
90 15.5 17 18 -0.007866149458098872
-1 0.0 0 0 -0.016190007852624907
-1 0.0 0 0 0.003674463543016891
86 5.5 20 21 0.08524257216389501
-1 0.0 0 0 0.002644890084831228
53 120.5 22 25 0.1113691775675602
61 118.5 23 24 0.11723342681372667
-1 0.0 0 0 0.012547419553952428
-1 0.0 0 0 -0.006646326945309149
-1 0.0 0 0 -0.01392210699576378
54 42.5 27 28 -0.1629316628559902
-1 0.0 0 0 -0.030092481387125322
-1 0.0 0 0 -0.004265747675708394
nodes 29
7 0.2775000035762787 1 20 0.0
5 1.1506091356277466 2 3 0.019185009839657447
-1 0.0 0 0 0.010496750202957662
4 0.6593955159187317 4 5 0.005078337177751316
-1 0.0 0 0 -0.014554186312533177
33 115.5 6 19 0.012628600364030483
58 5.5 7 8 0.018942138726802293
-1 0.0 0 0 -0.004493052843167567
86 0.5 9 12 0.03599585380568211
121 111.5 10 11 -0.041458467239220545
-1 0.0 0 0 -0.003076004842997219
-1 0.0 0 0 -0.02723753911167337
74 5.5 13 14 0.0539450608158448
-1 0.0 0 0 0.00040064327924358497
56 2.5 15 16 0.07742063673792843
-1 0.0 0 0 -0.0054335709601591176
92 3.5 17 18 0.085816056323535
-1 0.0 0 0 0.002229639740613089
-1 0.0 0 0 0.010469971498936642
-1 0.0 0 0 -0.01651038088605355
6 1.0434638261795044 21 26 -0.08454759655643256
4 0.8700987100601196 22 23 -0.046597390630344585
-1 0.0 0 0 -0.014359722125911634
103 10.5 24 25 -3.4955720216928664e-05
-1 0.0 0 0 -0.005465685295340656
-1 0.0 0 0 0.006407301106347872
1 10.428570747375488 27 28 -0.16790655706126217
-1 0.0 0 0 -0.014568122406370364
-1 0.0 0 0 -0.036353142203033886
nodes 29
2 11.02333927154541 1 20 0.0
1 9.207636833190918 2 3 -0.029131466094902324
-1 0.0 0 0 -0.016091168037391645
88 87.5 4 15 -0.016431815994290656
64 81.5 5 6 -0.04720545052694795
-1 0.0 0 0 -0.0097079910437675
84 21.5 7 10 0.013862653264709174
46 41.5 8 9 -0.07671193071977563
-1 0.0 0 0 -0.01946772425548584
-1 0.0 0 0 -0.0008138132116519138
2 10.476019859313965 11 12 0.05784983161124126
-1 0.0 0 0 -0.0070373879411698426
65 43.5 13 14 0.08812048591384752
-1 0.0 0 0 -0.010695544961877338
-1 0.0 0 0 0.011500393532203012
60 45.5 16 19 0.038555696437593955
102 35.5 17 18 -0.041349871759784274
-1 0.0 0 0 -0.016098886745556443
-1 0.0 0 0 0.00045205768517270895
-1 0.0 0 0 0.00855388574711431
48 4.5 21 22 0.049896151153128315
-1 0.0 0 0 -0.003653344481226081
41 122.5 23 28 0.06764160133713647
50 72.5 24 27 0.07763371342269404
115 28.5 25 26 0.056114866974433214
-1 0.0 0 0 0.0008592116973452834
-1 0.0 0 0 0.010821037266805777
-1 0.0 0 0 0.014922105655290327
-1 0.0 0 0 -0.010801134602886944
nodes 29
67 0.5 1 10 0.0
90 38.5 2 7 -0.06193500044955783
71 1.5 3 4 -0.1050147095631481
-1 0.0 0 0 -0.020448649733372175
50 37.5 5 6 -0.07747163924027198
-1 0.0 0 0 -0.01089885838981177
-1 0.0 0 0 0.002169005907214717
54 44.5 8 9 -0.013327001668349043
-1 0.0 0 0 -0.009856984283042646
-1 0.0 0 0 0.0033890229403702697
86 5.5 11 18 0.02057516036289972
119 0.5 12 15 -0.032213809240135775
64 59.5 13 14 -0.08580895639853547
-1 0.0 0 0 -0.013578344863586347
-1 0.0 0 0 -0.0017773592666334747
106 6.5 16 17 0.0015239429901712325
-1 0.0 0 0 -0.004276378088395239
-1 0.0 0 0 0.004151411736243545
33 1.5 19 22 0.05193441273440093
50 26.5 20 21 -0.010325885205554853
-1 0.0 0 0 -0.010345277294642565
-1 0.0 0 0 0.0027102254438871316
33 89.5 23 26 0.07199664840295346
4 0.8891708850860596 24 25 0.08231002934911062
-1 0.0 0 0 0.004116920475818883
-1 0.0 0 0 0.011125527117358184
65 115.5 27 28 -0.08535188347003912
-1 0.0 0 0 0.0011950611637315293
-1 0.0 0 0 -0.021508854361317838
nodes 29
5 1.208160400390625 1 10 0.0
1 11.161820411682129 2 9 0.05265650239349653
88 67.5 3 6 0.03738484154793986
64 58.5 4 5 0.004977906414163515
-1 0.0 0 0 -0.007401946016996579
-1 0.0 0 0 0.004925473120119669
59 16.5 7 8 0.08355462741053206
-1 0.0 0 0 -0.004189187481137217
-1 0.0 0 0 0.01092218876684369
-1 0.0 0 0 0.014241330281624871
7 0.2574999928474426 11 26 -0.02194110939104374
107 4.5 12 21 -0.00079050587989989
50 37.5 13 16 -0.03085306228486649
23 36.5 14 15 -0.08062688971761546
-1 0.0 0 0 -0.013527578528477727
-1 0.0 0 0 -0.002425749054560074
127 20.5 17 18 0.009853671490004328
-1 0.0 0 0 -0.008626862336617908
93 3.5 19 20 0.0404937818966386
-1 0.0 0 0 -0.009046778938386079
-1 0.0 0 0 0.00638443475718704
2 10.630142211914062 22 23 0.030208188326080687
-1 0.0 0 0 -0.0036876195801140545
46 8.5 24 25 0.04894902558117085
-1 0.0 0 0 -0.00013145805485364925
-1 0.0 0 0 0.00805598431240914
4 0.7943466305732727 27 28 -0.08653886511566948
-1 0.0 0 0 -0.016811499513197305
-1 0.0 0 0 -0.0062571699547691526
nodes 29
102 8.5 1 14 0.0
64 49.5 2 5 -0.03677452949206558
99 2.5 3 4 -0.10173866443536701
-1 0.0 0 0 -0.01912544518555185
-1 0.0 0 0 -0.007423318891031424
116 12.5 6 7 0.005896151838208846
-1 0.0 0 0 -0.008248761837553334
2 10.476019859313965 8 9 0.03917686886046574
-1 0.0 0 0 -0.007183578265635514
23 13.5 10 11 0.061482288189305456
-1 0.0 0 0 -0.00570753501899543
115 14.5 12 13 0.08957988044722379
-1 0.0 0 0 -0.004881862122621219
-1 0.0 0 0 0.011019068650593366
19 14.5 15 18 0.029016325958047186
84 40.5 16 17 -0.02259069976073883
-1 0.0 0 0 -0.006071364215521597
-1 0.0 0 0 0.006154060833629071
128 5.5 19 20 0.0639174300580465
-1 0.0 0 0 -0.0021580892323837587
61 10.5 21 22 0.08377882829328495
-1 0.0 0 0 0.0006150202070049376
97 83.5 23 28 0.10813274250044473
2 10.138045310974121 24 25 0.12126550223338683
-1 0.0 0 0 -0.008115040060163453
119 13.5 26 27 0.13045217475225684
-1 0.0 0 0 0.0023179228647874795
-1 0.0 0 0 0.014669627750670437
-1 0.0 0 0 -0.005473251117315765
nodes 29
2 11.16913890838623 1 26 0.0
35 2.5 2 13 -0.016320526571025704
46 41.5 3 10 -0.05597560668554219
95 79.5 4 9 -0.08685993075677008
115 51.5 5 6 -0.113763690627181
-1 0.0 0 0 -0.01812593717564016
97 35.5 7 8 -0.04743781362331369
-1 0.0 0 0 -0.022052201622584387
-1 0.0 0 0 -0.002109826549099544
-1 0.0 0 0 -0.0017644557844720236
122 18.5 11 12 0.0027709172600180365
-1 0.0 0 0 -0.008550441263478991
-1 0.0 0 0 0.0052655748273271385
69 5.5 14 17 0.009601731281610725
90 49.5 15 16 -0.03813934448781687
-1 0.0 0 0 -0.007512704066990303
-1 0.0 0 0 0.0025682562649900435
95 37.5 18 21 0.03447767322689297
107 0.5 19 20 -0.009994505083570545
-1 0.0 0 0 -0.009534856841851992
-1 0.0 0 0 0.0025330457851769346
50 26.5 22 23 0.06921560993815891
-1 0.0 0 0 -0.008755526024238795
2 10.159059524536133 24 25 0.08703048154958469
-1 0.0 0 0 -0.007563321092892945
-1 0.0 0 0 0.010069814029711403
121 116.5 27 28 0.06220621029083111
-1 0.0 0 0 0.007162276251994804
-1 0.0 0 0 -0.010732049730444202
nodes 29
34 2.5 1 8 0.0
39 0.5 2 3 -0.04168229591252903
-1 0.0 0 0 -0.009236004040374541
105 116.5 4 7 -0.018468571989351854
53 118.5 5 6 -0.01064356905599979
-1 0.0 0 0 -0.00014895383280330034
-1 0.0 0 0 -0.015354689164221447
-1 0.0 0 0 -0.02405808356501108
101 5.5 9 16 0.021086173578573918
64 64.5 10 11 -0.020293563210604333
-1 0.0 0 0 -0.00678455807086931
30 11.5 12 15 0.031037858613696404
83 52.5 13 14 -0.02426966104782678
-1 0.0 0 0 -0.01904878715607059
-1 0.0 0 0 0.002186936279107919
-1 0.0 0 0 0.007326352477233938
61 120.5 17 28 0.04621317046923698
119 15.5 18 21 0.053569606197203655
90 60.5 19 20 0.011960959574510162
-1 0.0 0 0 -0.002880626999683826
-1 0.0 0 0 0.008491051900974949
65 86.5 22 27 0.08542474385396488
28 12.5 23 24 0.10212649758907931
-1 0.0 0 0 1.0753699340470381e-05
50 37.5 25 26 0.12415714682613369
-1 0.0 0 0 0.0027227958938816983
-1 0.0 0 0 0.014322060528194992
-1 0.0 0 0 -0.0032703906513441047
-1 0.0 0 0 -0.013095307983126664
nodes 29
5 1.1506091356277466 1 2 0.0
-1 0.0 0 0 0.007608192608309915
4 0.6827468872070312 3 4 -0.010918124440976677
-1 0.0 0 0 -0.011492026154547724
79 1.5 5 16 -0.0032435506783832038
7 0.5525000095367432 6 15 -0.039826990185706325
87 12.5 7 14 -0.03242181455866758
76 30.5 8 11 -0.055078081917442345
27 69.5 9 10 -0.09858364469258213
-1 0.0 0 0 -0.01343225637537095
-1 0.0 0 0 -0.0023743969032015873
64 56.5 12 13 -0.011960736587393033
-1 0.0 0 0 -0.007505095918612008
-1 0.0 0 0 0.0031195241205061747
-1 0.0 0 0 0.0017882828694254277
-1 0.0 0 0 -0.02167489187093675
131 1.5 17 24 0.016895104520487134
50 56.5 18 21 -0.016461251271566155
122 15.5 19 20 -0.04575433510596152
-1 0.0 0 0 -0.008312636518690164
-1 0.0 0 0 0.001092657718346435
41 34.5 22 23 0.030126279396075813
-1 0.0 0 0 -0.010712444865361121
-1 0.0 0 0 0.005377735465022813
25 113.5 25 28 0.04702095089399687
45 0.5 26 27 0.0571359942660325
-1 0.0 0 0 -0.000785562127633567
-1 0.0 0 0 0.007257243211692666
-1 0.0 0 0 -0.006460314599740363
nodes 29
2 11.16913890838623 1 28 0.0
88 75.5 2 17 -0.014131842870399555
64 60.5 3 8 -0.03614149442377305
50 49.5 4 5 -0.091174944070406
-1 0.0 0 0 -0.01225492229807051
81 39.5 6 7 -0.04182945064499938
-1 0.0 0 0 -0.033917678335524996
-1 0.0 0 0 -0.002160826313546453
97 38.5 9 10 0.0042803317848488665
-1 0.0 0 0 -0.0162105745501278
2 10.671069145202637 11 12 0.020419809885020273
-1 0.0 0 0 -0.004271187076456808
116 4.5 13 14 0.05697243605917118
-1 0.0 0 0 -0.007474443971209195
90 28.5 15 16 0.07624582721636651
-1 0.0 0 0 -0.004230650010221719
-1 0.0 0 0 0.009756043892865593
60 41.5 18 21 0.022154494480553923
102 30.5 19 20 -0.044110385495964875
-1 0.0 0 0 -0.01479505740935912
-1 0.0 0 0 -0.0006631987201369006
50 24.5 22 23 0.058352739216964
-1 0.0 0 0 -0.012424754851257824
2 10.073399543762207 24 25 0.06861380263982461
-1 0.0 0 0 -0.00866364418512628
65 102.5 26 27 0.0804849833642495
-1 0.0 0 0 0.00887825751612412
-1 0.0 0 0 -0.01714755659045659
-1 0.0 0 0 0.005386397252401396
nodes 29
135 1.5 1 8 0.0
14 2.5 2 3 -0.03650767024071537
-1 0.0 0 0 -0.008625902495529482
76 28.5 4 5 -0.005802705832559701
-1 0.0 0 0 -0.004102477726731327
114 14.5 6 7 0.039890905951107114
-1 0.0 0 0 -0.0018844813542680987
-1 0.0 0 0 0.007928638653754132
92 1.5 9 16 0.019349034027070996
94 101.5 10 11 -0.030275529615568487
-1 0.0 0 0 -0.0067012346526720504
59 8.5 12 15 0.013323302078118951
17 45.5 13 14 -0.04726074467044321
-1 0.0 0 0 -0.020914734603580724
-1 0.0 0 0 -0.0006547520610391451
-1 0.0 0 0 0.0067284453883337874
47 7.5 17 24 0.035782119465053434
42 19.5 18 19 0.006793320890116837
-1 0.0 0 0 -0.005243005180553407
88 40.5 20 21 0.03725211463455927
-1 0.0 0 0 -0.007146256477439131
20 10.5 22 23 0.06001725985714669
-1 0.0 0 0 0.0003680590772941342
-1 0.0 0 0 0.008901901530657305
130 1.5 25 26 0.07103057517383912
-1 0.0 0 0 0.0013053368919055774
18 12.5 27 28 0.09082671653141602
-1 0.0 0 0 0.00588814715100147
-1 0.0 0 0 0.012911270911932438
nodes 29
4 0.8445931673049927 1 8 0.0
8 42.5 2 3 -0.036198437931864696
-1 0.0 0 0 -0.008825377500169712
4 0.6284171938896179 4 5 -0.005182393479204911
-1 0.0 0 0 -0.012657195890682255
21 116.5 6 7 0.012130842518270377
-1 0.0 0 0 0.001676364051315167
-1 0.0 0 0 -0.03074917580106796
107 1.5 9 18 0.0174686361418789
102 32.5 10 13 -0.017148647910508567
61 123.5 11 12 -0.05559718711939878
-1 0.0 0 0 -0.004846126616721132
-1 0.0 0 0 -0.024403060314352742
27 12.5 14 15 0.02733426752070318
-1 0.0 0 0 -0.005035084587140564
61 15.5 16 17 0.05802825276416867
-1 0.0 0 0 -0.0018531196466959256
-1 0.0 0 0 0.008701868936818449
77 1.5 19 22 0.03812838314337626
120 19.5 20 21 -0.014560055073849281
-1 0.0 0 0 -0.007015779582181875
-1 0.0 0 0 0.0026474157748132277
85 116.5 23 28 0.05536486606355407
10 1.5 24 27 0.06288313095339282
65 47.5 25 26 0.019765119757428045
-1 0.0 0 0 -0.006905332769864947
-1 0.0 0 0 0.004677878649684217
-1 0.0 0 0 0.008417174071344262
-1 0.0 0 0 -0.007636312570364643
nodes 29
1 11.086150169372559 1 28 0.0
29 89.5 2 27 -0.007988222848447425
25 108.5 3 24 -0.003675400950157625
107 0.5 4 11 0.004794810071550281
88 75.5 5 6 -0.029828013004147166
-1 0.0 0 0 -0.007327447165487288
97 83.5 7 10 0.009277261650721163
77 99.5 8 9 0.022525871554012183
-1 0.0 0 0 0.0030710624995097606
-1 0.0 0 0 -0.018332805114103495
-1 0.0 0 0 -0.015454553876153871
2 10.494768142700195 12 13 0.02259938273686009
-1 0.0 0 0 -0.004151667562202514
9 120.5 14 23 0.035361915181891475
86 4.5 15 16 0.0397956542633868
-1 0.0 0 0 -0.00027770904950347197
33 110.5 17 22 0.059612436023247464
85 112.5 18 21 0.06519239368650953
78 119.5 19 20 0.07352933953614332
-1 0.0 0 0 0.007728324000654211
-1 0.0 0 0 -0.014572948793903504
-1 0.0 0 0 -0.003391552876898704
-1 0.0 0 0 -0.009988348686299914
-1 0.0 0 0 -0.01577458105968307
83 79.5 25 26 -0.07426082788004892
-1 0.0 0 0 -0.01770776921964406
-1 0.0 0 0 -0.0016138643574869654
-1 0.0 0 0 -0.015274846721345157
-1 0.0 0 0 0.0073498547653249304
nodes 29
39 0.5 1 14 0.0
129 95.5 2 13 -0.02892051816000772
35 10.5 3 6 -0.019880269526425128
61 120.5 4 5 -0.05654115622478533
-1 0.0 0 0 -0.004802988241138238
-1 0.0 0 0 -0.018654505001289436
44 116.5 7 12 0.010252603676935349
45 120.5 8 11 0.015499437599208634
1 10.546183586120605 9 10 0.019510570184672567
-1 0.0 0 0 -0.0010457706988223473
-1 0.0 0 0 0.005145221278859009
-1 0.0 0 0 -0.027228288633985537
-1 0.0 0 0 -0.024351116231857095
-1 0.0 0 0 -0.017469507941906694
111 0.5 15 18 0.01852280645000099
107 3.5 16 17 -0.01944768131277886
-1 0.0 0 0 -0.007823040227310379
-1 0.0 0 0 0.001122844563753324
36 0.5 19 20 0.03906952850617734
-1 0.0 0 0 -0.0008435949943928563
25 1.5 21 22 0.05784924500973157
-1 0.0 0 0 -0.0009759023543460832
17 97.5 23 28 0.06837898033813596
121 98.5 24 27 0.0779640595153451
128 1.5 25 26 0.08745769831704885
-1 0.0 0 0 0.00010183518437873373
-1 0.0 0 0 0.009873669736087007
-1 0.0 0 0 -0.00098496296712778
-1 0.0 0 0 -0.001290645220212233
nodes 29
1 9.072112083435059 1 2 0.0
-1 0.0 0 0 -0.010134328725953198
33 115.5 3 28 0.005007940810122806
113 112.5 4 25 0.009494317334155034
53 115.5 5 22 0.016961345590792862
131 1.5 6 13 0.02246764112605179
25 108.5 7 12 -0.00240864363132893
50 83.5 8 9 0.005299665215053681
-1 0.0 0 0 -0.0013115165177143182
81 34.5 10 11 0.04461710776555498
-1 0.0 0 0 -0.02321807952307353
-1 0.0 0 0 0.0055018211150258305
-1 0.0 0 0 -0.01329331832070538
46 8.5 14 19 0.04366362551219961
120 23.5 15 16 0.012426338945988153
-1 0.0 0 0 -0.004844469115775058
93 14.5 17 18 0.05344136933298266
-1 0.0 0 0 -0.0017388503532039879
-1 0.0 0 0 0.008799715490398189
105 2.5 20 21 0.0678938089032814
-1 0.0 0 0 0.0016771843798784867
-1 0.0 0 0 0.008721598504657785
41 70.5 23 24 -0.08892998652031431
-1 0.0 0 0 -0.003921205446944937
-1 0.0 0 0 -0.021405423877415935
19 45.5 26 27 -0.06289841491440229
-1 0.0 0 0 -0.014763684784242599
-1 0.0 0 0 -0.0009170183295636254
-1 0.0 0 0 -0.01093460465655965
nodes 29
5 1.142958402633667 1 2 0.0
-1 0.0 0 0 0.006274521603803557
21 97.5 3 28 -0.007430385332076148
14 3.5 4 19 -0.003802275020878853
50 37.5 5 10 -0.026439234968830425
76 11.5 6 7 -0.06442382208554269
-1 0.0 0 0 -0.01063731147512659
115 37.5 8 9 -0.024182327458389625
-1 0.0 0 0 -0.00878081064405347
-1 0.0 0 0 0.00108259900437862
127 16.5 11 12 0.004024393200395928
-1 0.0 0 0 -0.006478264389160361
93 9.5 13 14 0.0277141259178787
-1 0.0 0 0 -0.00399346179333031
65 91.5 15 18 0.048633594542711274
2 10.277324676513672 16 17 0.06082559743780881
-1 0.0 0 0 -0.005551548569293327
-1 0.0 0 0 0.007710275656475027
-1 0.0 0 0 -0.011569593730173744
66 6.5 20 21 0.018049153727913263
-1 0.0 0 0 -0.0018413264017074435
123 6.5 22 25 0.03864562036818786
60 39.5 23 24 -0.0037282269449139217
-1 0.0 0 0 -0.005352505601906653
-1 0.0 0 0 0.005022031489149533
9 6.5 26 27 0.0608812757711031
-1 0.0 0 0 0.0027156374135706885
-1 0.0 0 0 0.009679127695497704
-1 0.0 0 0 -0.014086972155886949
nodes 29
48 5.5 1 12 0.0
123 36.5 2 5 -0.03712427724038252
33 86.5 3 4 -0.07219104598746391
-1 0.0 0 0 -0.005679584485408912
-1 0.0 0 0 -0.017549986217201375
2 10.476019859313965 6 7 0.00234814033950245
-1 0.0 0 0 -0.006445745138887216
65 37.5 8 9 0.026406688545116193
-1 0.0 0 0 -0.01225371825296709
23 18.5 10 11 0.047677912110017345
-1 0.0 0 0 -0.0018945797093040157
-1 0.0 0 0 0.008836701231658825
136 2.5 13 16 0.01184896280142473
11 1.5 14 15 -0.029755038298716865
-1 0.0 0 0 -0.006426742247966436
-1 0.0 0 0 -0.00014794515152779576
82 1.5 17 18 0.02901781263588469
-1 0.0 0 0 -0.004421841678957517
86 5.5 19 22 0.03784192669758952
121 98.5 20 21 -0.004757833353731955
-1 0.0 0 0 0.0005963299365686618
-1 0.0 0 0 -0.013096347179289182
113 117.5 23 28 0.05448887349039843
101 1.5 24 27 0.05937553072467541
84 9.5 25 26 0.006940535821014067
-1 0.0 0 0 -0.005016563968872492
-1 0.0 0 0 0.005263190710442572
-1 0.0 0 0 0.007364534802256903
-1 0.0 0 0 -0.008745213532913963
nodes 29
61 120.5 1 28 0.0
18 12.5 2 17 0.0036781798289700425
72 17.5 3 4 -0.019307499090215566
-1 0.0 0 0 -0.00834690790667898
57 34.5 5 6 0.011089719635176487
-1 0.0 0 0 -0.012743269841103876
22 18.5 7 10 0.024981020108610846
123 50.5 8 9 -0.03847894486537117
-1 0.0 0 0 -0.012347948796620765
-1 0.0 0 0 -0.00023904294106333993
98 8.5 11 12 0.04920760526892098
-1 0.0 0 0 -0.003479782468346962
2 10.476019859313965 13 14 0.07022378794231306
-1 0.0 0 0 -0.003925382089267105
122 11.5 15 16 0.08833645526992746
-1 0.0 0 0 -0.0036451242830585146
-1 0.0 0 0 0.010157719200531719
102 12.5 18 25 0.022948736656254576
90 38.5 19 22 -0.016669523949306594
68 21.5 20 21 -0.04239023654376637
-1 0.0 0 0 -0.010019712194232124
-1 0.0 0 0 -0.0005184827067496148
84 7.5 23 24 0.04755037920727643
-1 0.0 0 0 -0.01079341152166105
-1 0.0 0 0 0.007390826198005251
20 4.5 26 27 0.04410612564950768
-1 0.0 0 0 -7.91871750022326e-05
-1 0.0 0 0 0.006147922470619897
-1 0.0 0 0 -0.011529026870354078
nodes 29
2 11.334516525268555 1 28 0.0
21 94.5 2 27 -0.005641277202198788
29 89.5 3 26 -0.0021339507219087644
4 0.9077039957046509 4 15 0.0013391832035657507
8 37.5 5 6 -0.01858958644895954
-1 0.0 0 0 -0.007499268908897432
4 0.6284171938896179 7 8 -0.003837753247489049
-1 0.0 0 0 -0.00870969328516805
8 46.5 9 14 0.003059215415192729
14 2.5 10 13 -0.016188530127076408
88 60.5 11 12 -0.0463498884907672
-1 0.0 0 0 -0.009692492827379126
-1 0.0 0 0 -0.0011776909076754583
-1 0.0 0 0 0.0008360936167974647
-1 0.0 0 0 0.003949404945139934
107 0.5 16 21 0.020817159294061225
87 34.5 17 18 -0.014188668637488447
-1 0.0 0 0 -0.0051537858506943875
81 52.5 19 20 0.024195447135875486
-1 0.0 0 0 -0.007711234372123062
-1 0.0 0 0 0.004420637146382537
13 1.5 22 23 0.03652931673715181
-1 0.0 0 0 0.0006033816607299283
129 3.5 24 25 0.05691135309399784
-1 0.0 0 0 0.00032069857114538843
-1 0.0 0 0 0.007255238268742835
-1 0.0 0 0 -0.011919576655247316
-1 0.0 0 0 -0.013682949118815964
-1 0.0 0 0 0.007430174674622474
nodes 29
56 5.5 1 2 0.0
-1 0.0 0 0 -0.004691021913957537
11 1.5 3 14 0.007770867638949511
15 10.5 4 11 -0.01641475070707696
113 112.5 5 10 -0.047114240068029285
102 44.5 6 9 -0.037626582828709856
83 67.5 7 8 -0.06448331924667225
-1 0.0 0 0 -0.010213788875965517
-1 0.0 0 0 0.00030539907595422466
-1 0.0 0 0 5.6835612336257214e-05
-1 0.0 0 0 -0.017837996652401582
72 26.5 12 13 0.013080802240890095
-1 0.0 0 0 -0.0021700265348970063
-1 0.0 0 0 0.004811666137239691
74 4.5 15 18 0.02673052384670444
40 16.5 16 17 -0.014612415182343476
-1 0.0 0 0 -0.0038511765230732926
-1 0.0 0 0 0.004307425635076479
17 97.5 19 28 0.04251593749095593
119 11.5 20 23 0.05016309038073974
90 35.5 21 22 0.020387297916605963
-1 0.0 0 0 -0.002589068278097427
-1 0.0 0 0 0.006587164231683245
28 21.5 24 25 0.07208356806216835
-1 0.0 0 0 0.0029038359059615137
88 42.5 26 27 0.09165230746280482
-1 0.0 0 0 -0.0010908910014787792
-1 0.0 0 0 0.010587679628618202
-1 0.0 0 0 -0.005178154848443278
nodes 29
2 11.165323257446289 1 26 0.0
21 90.5 2 25 -0.009867249752349554
117 72.5 3 24 -0.006657596894546197
33 107.5 4 21 -0.0028136372387090607
1 9.072112083435059 5 6 0.0016846593356121783
-1 0.0 0 0 -0.007633085496395263
113 81.5 7 18 0.006505296731298659
99 85.5 8 17 0.015416913732019836
69 123.5 9 16 0.01748168226798474
110 47.5 10 15 0.020548353489794943
86 4.5 11 14 0.024171101428910918
91 54.5 12 13 -0.0067550745847998386
-1 0.0 0 0 -0.003915064659248883
-1 0.0 0 0 0.003580437299735853
-1 0.0 0 0 0.0036395977823941066
-1 0.0 0 0 -0.008454077157157373
-1 0.0 0 0 -0.01261671815103306
-1 0.0 0 0 -0.01895468908563343
27 60.5 19 20 -0.03825339453616447
-1 0.0 0 0 -0.011307138330409671
-1 0.0 0 0 0.0013079241628258865
123 53.5 22 23 -0.08741864026972446
-1 0.0 0 0 -0.01586943919444343
-1 0.0 0 0 0.0004995741867416455
-1 0.0 0 0 -0.010314447084078016
-1 0.0 0 0 -0.013934637084958863
5 2.059514045715332 27 28 0.03673037417893753
-1 0.0 0 0 0.0027251031585143574
-1 0.0 0 0 0.02017241591125439
nodes 29
125 114.5 1 28 0.0
2 11.229341506958008 2 25 0.0021554980182998352
50 69.5 3 16 -0.005592749208424117
46 33.5 4 9 -0.018195109395653015
129 75.5 5 8 -0.04228900356473675
100 104.5 6 7 -0.03259546855850713
-1 0.0 0 0 -0.0028243902621025102
-1 0.0 0 0 -0.021739063794946795
-1 0.0 0 0 -0.01222304365853603
122 17.5 10 11 0.01965077975994401
-1 0.0 0 0 -0.0041638784356705
2 10.775993347167969 12 13 0.04779655542864245
-1 0.0 0 0 0.0001233239455586831
97 37.5 14 15 0.0786587412995796
-1 0.0 0 0 -0.004655391960609801
-1 0.0 0 0 0.009687211561567734
81 39.5 17 18 0.022535554810358304
-1 0.0 0 0 -0.020895759846756696
28 13.5 19 20 0.030665855999489563
-1 0.0 0 0 -0.003540150823121797
48 27.5 21 24 0.04802419597800665
41 47.5 22 23 0.022641739519799142
-1 0.0 0 0 -0.006524523612158373
-1 0.0 0 0 0.004002616749752298
-1 0.0 0 0 0.010130096030475728
5 2.059514045715332 26 27 0.04694673541114241
-1 0.0 0 0 0.0038495347594257484
-1 0.0 0 0 0.02195351584192335
-1 0.0 0 0 -0.016144370542619132
nodes 29
53 121.5 1 28 0.0
93 120.5 2 25 0.0028043879713509114
92 6.5 3 12 0.006121812318026837
62 10.5 4 5 -0.015817183272417705
-1 0.0 0 0 -0.005512998299213424
113 103.5 6 11 0.0037134156283374674
60 21.5 7 10 0.01011967661672266
46 47.5 8 9 -0.005733803713900746
-1 0.0 0 0 -0.003073741909383272
-1 0.0 0 0 0.0032098560505304575
-1 0.0 0 0 0.004596871100637434
-1 0.0 0 0 -0.013147253579847069
100 104.5 13 22 0.020588018749646834
17 96.5 14 21 0.026077589602594323
56 12.5 15 18 0.031757111316619464
129 65.5 16 17 -0.0005427013653745123
-1 0.0 0 0 0.001175866028436709
-1 0.0 0 0 -0.008654028927873493
78 3.5 19 20 0.04873406127843101
-1 0.0 0 0 0.0022212981027765165
-1 0.0 0 0 0.007153835212665956
-1 0.0 0 0 -0.006798923248984088
27 36.5 23 24 -0.08944768081944646
-1 0.0 0 0 -0.016299704677263903
-1 0.0 0 0 -0.000261581481540779
97 60.5 26 27 -0.09546952522467313
-1 0.0 0 0 -0.0056629525283637865
-1 0.0 0 0 -0.021492188971569185
-1 0.0 0 0 -0.011301915754709813
nodes 29
45 119.5 1 28 0.0
4 0.9234775900840759 2 11 0.002506610924706711
8 36.5 3 4 -0.013641014584325921
-1 0.0 0 0 -0.006858979649428953
117 89.5 5 10 -0.0024816424635524465
4 0.6593955159187317 6 7 0.0013966623104891265
-1 0.0 0 0 -0.006267435554930945
8 46.5 8 9 0.008238346374825756
-1 0.0 0 0 -0.0007034164935812183
-1 0.0 0 0 0.00412420492107816
-1 0.0 0 0 -0.011784982057750486
77 1.5 12 15 0.021228851703158517
88 69.5 13 14 -0.013029595631452097
-1 0.0 0 0 -0.005013156540553048
-1 0.0 0 0 0.0018990062898425612
85 116.5 16 27 0.03655679279069888
44 114.5 17 26 0.04304211574877006
29 89.5 18 25 0.047089951426743694
98 14.5 19 22 0.05170260154420672
80 16.5 20 21 0.026992036475613813
-1 0.0 0 0 -0.0023049002207845117
-1 0.0 0 0 0.005864282818187555
116 19.5 23 24 0.07568541495170465
-1 0.0 0 0 0.003458010376329762
-1 0.0 0 0 0.010047383753668135
-1 0.0 0 0 -0.009561782181279389
-1 0.0 0 0 -0.01425278660757838
-1 0.0 0 0 -0.0065553286169009635
-1 0.0 0 0 -0.012197545832046205
nodes 29
43 93.5 1 28 0.0
18 15.5 2 17 0.0020561163571334528
65 43.5 3 6 -0.01625591088600715
119 39.5 4 5 -0.07247167316476844
-1 0.0 0 0 -0.009959511502232865
-1 0.0 0 0 -0.0019806030978534134
64 25.5 7 8 0.008507830934619869
-1 0.0 0 0 -0.010106814540550735
124 8.5 9 12 0.02173860840468846
54 96.5 10 11 -0.018325077255580323
-1 0.0 0 0 -0.006713595306461375
-1 0.0 0 0 0.003820834510762019
90 67.5 13 16 0.044324484774628366
23 20.5 14 15 -0.002945107975814252
-1 0.0 0 0 -0.010492850634982114
-1 0.0 0 0 0.0032776501430545665
-1 0.0 0 0 0.007953131451879562
126 25.5 18 23 0.01943976696837811
17 110.5 19 22 -0.007996739350550544
123 6.5 20 21 0.001481030178263842
-1 0.0 0 0 -0.002857528030812104
-1 0.0 0 0 0.0037607522441243154
-1 0.0 0 0 -0.011667158000325084
97 104.5 24 27 0.0406571316642185
80 36.5 25 26 0.04880223180806579
-1 0.0 0 0 0.0017455838467967362
-1 0.0 0 0 0.007358601966537644
-1 0.0 0 0 -0.009275761668381285
-1 0.0 0 0 -0.013429143164606397
nodes 29
2 11.349653244018555 1 28 0.0
125 93.5 2 27 -0.004352982110009961
29 77.5 3 26 -0.0014460850710590882
117 87.5 4 25 0.001971204468121373
45 119.5 5 24 0.005039904393557237
136 2.5 6 7 0.0075771077363351895
-1 0.0 0 0 -0.001752261281923117
102 36.5 8 21 0.01849317561834439
54 69.5 9 14 0.0046798119758582205
121 116.5 10 13 -0.018367631135705737
99 1.5 11 12 -0.010314363447975391
-1 0.0 0 0 -0.006363651689627919
-1 0.0 0 0 0.0006040397122062405
-1 0.0 0 0 -0.016018290721775918
23 20.5 15 16 0.043676977437173393
-1 0.0 0 0 -0.006841598786172233
41 118.5 17 20 0.05734822063791525
78 106.5 18 19 0.0628047028269121
-1 0.0 0 0 0.007189876530637448
-1 0.0 0 0 -0.005189442394421897
-1 0.0 0 0 -0.020398386918122367
60 29.5 22 23 0.05001915240184228
-1 0.0 0 0 0.0009926383211454673
-1 0.0 0 0 0.007787492607816568
-1 0.0 0 0 -0.011269642275695432
-1 0.0 0 0 -0.009745910539286829
-1 0.0 0 0 -0.008284300254974498
-1 0.0 0 0 -0.011129337753307558
-1 0.0 0 0 0.006503199156154123
nodes 29
74 4.5 1 12 0.0
23 42.5 2 9 -0.023877056487712947
129 83.5 3 8 -0.04737262084217744
80 38.5 4 5 -0.033251547599425134
-1 0.0 0 0 -0.00681487796914622
81 81.5 6 7 0.005232037315405662
-1 0.0 0 0 -0.006427825606286726
-1 0.0 0 0 0.003352659364306085
-1 0.0 0 0 -0.015251606570918784
46 60.5 10 11 0.01527241913861737
-1 0.0 0 0 -0.00235788705858651
-1 0.0 0 0 0.00589781338164043
120 24.5 13 24 0.010655313798901759
90 38.5 14 15 -0.010485303011306646
-1 0.0 0 0 -0.0057926141306018555
65 22.5 16 17 0.023181438529553136
-1 0.0 0 0 -0.013258818809328048
84 21.5 18 19 0.03580344500677097
-1 0.0 0 0 -0.005243314562483151
54 42.5 20 21 0.055517696705814426
-1 0.0 0 0 0.001474101244544393
2 10.616951942443848 22 23 0.08308991914613502
-1 0.0 0 0 -0.0035186209414873634
-1 0.0 0 0 0.01014124639174358
20 13.5 25 28 0.03079651730851748
102 47.5 26 27 0.0026147616138386667
-1 0.0 0 0 -0.0019926805847907364
-1 0.0 0 0 0.004752207971394273
-1 0.0 0 0 0.005466138135249238
nodes 29
2 11.089683532714844 1 14 0.0
53 111.5 2 11 -0.010308927186802978
29 57.5 3 10 -0.006014036422243763
1 8.898092269897461 4 5 -0.0016442635273627708
-1 0.0 0 0 -0.007400393053354385
125 71.5 6 9 0.002168810455868295
44 121.5 7 8 0.005589877773945488
-1 0.0 0 0 0.0007289801360883153
-1 0.0 0 0 -0.015110073227474017
-1 0.0 0 0 -0.007813681659816834
-1 0.0 0 0 -0.007711257564871928
41 72.5 12 13 -0.08987687266355376
-1 0.0 0 0 -0.004733108047220004
-1 0.0 0 0 -0.021616193799436897
5 2.1734745502471924 15 26 0.024744392292835607
6 1.0715585947036743 16 25 0.016655817204480932
43 117.5 17 24 0.018292818960124777
69 0.5 18 21 0.02053963703286241
23 32.5 19 20 -0.04360138470321578
-1 0.0 0 0 -0.010819955290154379
-1 0.0 0 0 0.0025668375978927294
45 2.5 22 23 0.03115993692816076
-1 0.0 0 0 -0.0015213521011680816
-1 0.0 0 0 0.004505170893488255
-1 0.0 0 0 -0.029061328590061913
-1 0.0 0 0 -0.04497767864812123
4 0.7943466305732727 27 28 0.15625510725879044
-1 0.0 0 0 -0.0041414027533582635
-1 0.0 0 0 0.023104883393698566
nodes 29
101 120.5 1 28 0.0
33 89.5 2 25 0.0022443561265278874
33 2.5 3 6 0.006930082385032573
18 12.5 4 5 -0.023007625902588858
-1 0.0 0 0 -0.007232360429732847
-1 0.0 0 0 -0.000273157087279529
17 99.5 7 22 0.017980296453037926
2 11.009324073791504 8 19 0.02371292540138946
68 26.5 9 16 0.006364079868765993
97 71.5 10 13 -0.009735243383441401
94 85.5 11 12 -0.05638856086776378
-1 0.0 0 0 -0.009003007174726966
-1 0.0 0 0 0.002203025461865292
57 41.5 14 15 0.016465336353647244
-1 0.0 0 0 -0.014434191674806801
-1 0.0 0 0 0.002927389507259622
50 43.5 17 18 0.03875744558099355
-1 0.0 0 0 -0.0020960711265886325
-1 0.0 0 0 0.006563798069225697
5 1.922646164894104 20 21 0.048236412122308184
-1 0.0 0 0 0.004088934239382429
-1 0.0 0 0 0.014411910528917667
127 72.5 23 24 -0.05240443812870742
-1 0.0 0 0 -0.010178684793090075
-1 0.0 0 0 0.0014223868896403446
115 76.5 26 27 -0.04927817382218505
-1 0.0 0 0 -0.008602954849176636
-1 0.0 0 0 0.00334694865363443
-1 0.0 0 0 -0.010540321160962979
nodes 29
1 11.255242347717285 1 28 0.0
43 93.5 2 27 -0.002536633638840754
21 107.5 3 26 -0.0006587053906651583
75 2.5 4 11 0.0015615718517600216
127 62.5 5 8 -0.017576567077038655
9 88.5 6 7 -0.03744336824307088
-1 0.0 0 0 -0.0027781772613645816
-1 0.0 0 0 -0.011371825211151699
48 16.5 9 10 0.016366637383089945
-1 0.0 0 0 -0.0038333980745708478
-1 0.0 0 0 0.004972597342905959
44 118.5 12 25 0.01380600899432534
77 2.5 13 18 0.016412479146635687
88 54.5 14 17 -0.013775748633559423
123 74.5 15 16 -0.04776053783285756
-1 0.0 0 0 -0.008391636935953977
-1 0.0 0 0 0.00018875654526612416
-1 0.0 0 0 0.0027242513121496816
2 10.56949520111084 19 20 0.028570138315877975
-1 0.0 0 0 -0.0027659871591773763
17 67.5 21 24 0.03713687806663473
129 102.5 22 23 0.04614296804893626
-1 0.0 0 0 0.005183365824317108
-1 0.0 0 0 -0.003914334868228378
-1 0.0 0 0 -0.0019989033848320566
-1 0.0 0 0 -0.013705910778493764
-1 0.0 0 0 -0.011042000337340312
-1 0.0 0 0 -0.013398245038553162
-1 0.0 0 0 0.008989813339460605
nodes 29
4 0.8921079635620117 1 8 0.0
8 43.5 2 3 -0.01621775775905676
-1 0.0 0 0 -0.003897506542107021
4 0.7658514380455017 4 5 0.007109734496808895
-1 0.0 0 0 -0.001721461567286849
56 8.5 6 7 0.030498716286408437
-1 0.0 0 0 -0.0037487318762050095
-1 0.0 0 0 0.0046062969518117025
3 0.46984294056892395 9 12 0.013321952840881883
1 9.565774917602539 10 11 0.08209350151393471
-1 0.0 0 0 0.001754890774302807
-1 0.0 0 0 0.017288961340896282
1 11.215678215026855 13 28 0.008280283175706634
33 103.5 14 27 0.003909146701962805
33 6.5 15 20 0.008112420130729252
42 16.5 16 17 -0.016393175751350117
-1 0.0 0 0 -0.004537383825348843
81 57.5 18 19 0.008555209708676266
-1 0.0 0 0 -0.007954566040623955
-1 0.0 0 0 0.0024358739978749128
15 7.5 21 26 0.02236552198510284
68 30.5 22 23 0.0020960851882251964
-1 0.0 0 0 -0.001988013795483933
120 17.5 24 25 0.038149498445940296
-1 0.0 0 0 -0.005359696579761698
-1 0.0 0 0 0.0061743995084171605
-1 0.0 0 0 0.0044491626879592325
-1 0.0 0 0 -0.007018160315740079
-1 0.0 0 0 0.009549562296387273
nodes 29
130 5.5 1 20 0.0
88 40.5 2 9 -0.015455663010899274
97 36.5 3 6 -0.04872570215197561
27 51.5 4 5 -0.10408384863498606
-1 0.0 0 0 -0.01477604812976783
-1 0.0 0 0 -0.002439787777029855
32 18.5 7 8 -0.02016765813554039
-1 0.0 0 0 -0.009615627582381828
-1 0.0 0 0 0.0003655468776957925
41 51.5 10 13 0.002408271648376764
60 23.5 11 12 -0.07387467874989183
-1 0.0 0 0 -0.01812191450890784
-1 0.0 0 0 -0.004262631777164889
76 103.5 14 19 0.017635642177081374
2 10.610464096069336 15 16 0.022326184632845348
-1 0.0 0 0 -0.000834450259041674
27 17.5 17 18 0.041511186944174085
-1 0.0 0 0 -0.004254790786435979
-1 0.0 0 0 0.006113523569200901
-1 0.0 0 0 -0.018332366723494375
2 10.939213752746582 21 24 0.013802887803756105
105 81.5 22 23 -0.00551141823480719
-1 0.0 0 0 0.00012998894879797
-1 0.0 0 0 -0.010090842696588494
129 119.5 25 28 0.03320535347429458
71 104.5 26 27 0.03848610541463233
-1 0.0 0 0 0.004204506824287228
-1 0.0 0 0 -0.013238213344802484
-1 0.0 0 0 -0.013409382781786947
nodes 29
77 118.5 1 28 0.0
76 13.5 2 19 0.0021890260631273624
88 59.5 3 10 -0.010648771198874642
54 94.5 4 7 -0.04159396428081239
50 37.5 5 6 -0.06875997182689071
-1 0.0 0 0 -0.00967541337294106
-1 0.0 0 0 -0.0025952495885283454
97 19.5 8 9 0.0069244963271874954
-1 0.0 0 0 -0.019305285185822387
-1 0.0 0 0 0.002154864167560033
97 108.5 11 18 0.012573410513859018
118 15.5 12 15 0.018471019211427346
19 72.5 13 14 -0.008309012319594232
-1 0.0 0 0 -0.003993770973420521
-1 0.0 0 0 0.002906544812201796
78 83.5 16 17 0.04272470429920066
-1 0.0 0 0 0.004989731392006364
-1 0.0 0 0 -0.011518971567333875
-1 0.0 0 0 -0.013687899764025941
44 113.5 20 27 0.018415717874164985
82 8.5 21 22 0.02282726330172909
-1 0.0 0 0 -0.0017322634053709527
100 104.5 23 26 0.035372513649514756
124 5.5 24 25 0.03950858855441209
-1 0.0 0 0 0.0004221326119021614
-1 0.0 0 0 0.005382572420010185
-1 0.0 0 0 -0.008541937358903648
-1 0.0 0 0 -0.009254061117694742
-1 0.0 0 0 -0.008867933548112264
nodes 29
125 114.5 1 28 0.0
2 11.349653244018555 2 27 0.0015879364586986438
94 101.5 3 20 -0.001981008183270287
17 70.5 4 19 -0.010090414513128062
32 28.5 5 10 -0.0017176161396612432
42 30.5 6 7 -0.02358612151896363
-1 0.0 0 0 -0.005285659060818275
49 53.5 8 9 0.021868019899448303
-1 0.0 0 0 -0.007537866107647103
-1 0.0 0 0 0.004808223156483203
97 67.5 11 14 0.0160841246769697
2 11.086134910583496 12 13 -0.028181899422886098
-1 0.0 0 0 -0.005708151718949125
-1 0.0 0 0 0.0019083006705821982
2 10.671069145202637 15 16 0.039083379894574555
-1 0.0 0 0 0.0002413507037760259
122 17.5 17 18 0.059572334787934396
-1 0.0 0 0 -0.0019882015296011414
-1 0.0 0 0 0.007717662876645751
-1 0.0 0 0 -0.007118107907464675
97 104.5 21 26 0.02268398541268791
26 22.5 22 23 0.0314968916715729
-1 0.0 0 0 0.0006595438138592906
113 87.5 24 25 0.06558310853838974
-1 0.0 0 0 0.007951331337816987
-1 0.0 0 0 -0.004053227538817064
-1 0.0 0 0 -0.012888240417595892
-1 0.0 0 0 0.0055567006375721005
-1 0.0 0 0 -0.011893415867419094
nodes 29
69 123.5 1 28 0.0
99 74.5 2 27 0.0017432085478501405
90 69.5 3 24 0.0042045275257865
127 41.5 4 13 -0.003947703023217105
9 120.5 5 12 -0.02314143132410682
31 28.5 6 11 -0.018617187893334098
50 43.5 7 8 -0.03845122139290302
-1 0.0 0 0 -0.00872261392347747
73 18.5 9 10 -0.0046584706063132735
-1 0.0 0 0 -0.01660975700741961
-1 0.0 0 0 0.00046090675314135665
-1 0.0 0 0 0.0008678162837424994
-1 0.0 0 0 -0.015812234890972447
81 43.5 14 15 0.020897936108141307
-1 0.0 0 0 -0.00787372572098025
77 82.5 16 23 0.029929015762773646
61 15.5 17 18 0.036552730992709476
-1 0.0 0 0 -0.0005454312774517254
2 9.992962837219238 19 20 0.05718309385808605
-1 0.0 0 0 -0.009256281021203155
6 1.0 21 22 0.06388615882340667
-1 0.0 0 0 0.00513005119653059
-1 0.0 0 0 0.015767407684548648
-1 0.0 0 0 -0.01133139056208079
124 10.5 25 26 0.029390245576443087
-1 0.0 0 0 -0.0014619578191407232
-1 0.0 0 0 0.005699827587937238
-1 0.0 0 0 -0.007366962953142247
-1 0.0 0 0 -0.010379907930828287
nodes 29
7 0.762499988079071 1 28 0.0
4 0.9440792202949524 2 11 0.0005515075925753981
8 38.5 3 8 -0.010364073766294795
6 1.013798713684082 4 7 -0.037399027405647406
4 0.8413915634155273 5 6 -0.054431878500184404
-1 0.0 0 0 -0.010749218635824608
-1 0.0 0 0 -0.003609159029236897
-1 0.0 0 0 0.0009195037779528326
7 0.14750000089406967 9 10 0.0008343638810657716
-1 0.0 0 0 0.0011185299338815336
-1 0.0 0 0 -0.002708861619466601
64 99.5 12 25 0.016451863126978324
120 23.5 13 18 0.006913545373866274
115 54.5 14 15 -0.01960831070647882
-1 0.0 0 0 -0.005280764329217627
89 28.5 16 17 0.02491113814769427
-1 0.0 0 0 -0.014894807301483157
-1 0.0 0 0 0.0043301315492207115
101 24.5 19 20 0.022872337138035173
-1 0.0 0 0 -0.00043484525331238875
2 9.856185913085938 21 22 0.04957681777951681
-1 0.0 0 0 -0.017929285962188173
65 88.5 23 24 0.055533122143026255
-1 0.0 0 0 0.006598967287027968
-1 0.0 0 0 -0.007545064880490532
89 25.5 26 27 0.049290065698335356
-1 0.0 0 0 -0.02229224881859113
-1 0.0 0 0 0.005639895283588472
-1 0.0 0 0 -0.031088729261321092
nodes 29
61 120.5 1 28 0.0
71 107.5 2 27 0.0023178140604480394
2 11.165323257446289 3 24 0.003690533842421758
6 1.019826054573059 4 21 -0.003409647559488765
1 8.451053619384766 5 6 -0.009981862846975617
-1 0.0 0 0 -0.02085790044093941
105 104.5 7 20 -0.008565269439770167
129 110.5 8 17 -0.0048302609843261166
2 10.610464096069336 9 10 -0.0009197880912271899
-1 0.0 0 0 -0.002897349292124452
121 98.5 11 16 0.008496928229872854
90 68.5 12 15 0.01482360399428332
80 19.5 13 14 0.0007110962797392314
-1 0.0 0 0 -0.004416654398397334
-1 0.0 0 0 0.002730652227825999
-1 0.0 0 0 0.005026199347686364
-1 0.0 0 0 -0.0069540989955099945
23 66.5 18 19 -0.07803865851301924
-1 0.0 0 0 -0.014963944554824637
-1 0.0 0 0 0.0019496271857801966
-1 0.0 0 0 -0.008655664011703658
7 0.7425000071525574 22 23 0.028118919802669652
-1 0.0 0 0 0.003324816886681653
-1 0.0 0 0 -0.02748750287609605
5 2.059514045715332 25 26 0.0302021200755741
-1 0.0 0 0 0.0021913138314265837
-1 0.0 0 0 0.01773272736677849
-1 0.0 0 0 -0.012670585662602497
-1 0.0 0 0 -0.007265044527769085
nodes 29
21 106.5 1 28 0.0
9 6.5 2 13 0.0018929476189025473
32 16.5 3 8 -0.016565179357521134
50 47.5 4 5 -0.05407459313956637
-1 0.0 0 0 -0.011854666668682684
48 19.5 6 7 -0.019242398052840823
-1 0.0 0 0 -0.004986459358505996
-1 0.0 0 0 0.0030890962159494124
116 12.5 9 12 0.0028047773305724774
54 92.5 10 11 -0.03032326770997389
-1 0.0 0 0 -0.005681232878711407
-1 0.0 0 0 0.003911698279733143
-1 0.0 0 0 0.0018647120564674405
129 10.5 14 21 0.01147819594904351
120 15.5 15 18 -0.007610117770287278
76 34.5 16 17 -0.051899842453026375
-1 0.0 0 0 -0.008719001669975069
-1 0.0 0 0 0.0007642255191560978
80 15.5 19 20 0.007132943069189673
-1 0.0 0 0 -0.004593651693540502
-1 0.0 0 0 0.0018472441531269834
58 0.5 22 23 0.029724435116155832
-1 0.0 0 0 -0.004496291657839956
2 11.165323257446289 24 27 0.036540744253396866
24 101.5 25 26 0.02346829805601426
-1 0.0 0 0 0.002806257744525233
-1 0.0 0 0 -0.010018363443832438
-1 0.0 0 0 0.0072461505787059155
-1 0.0 0 0 -0.008836938881235105
nodes 29
46 33.5 1 24 0.0
120 23.5 2 9 -0.008123320650045411
83 79.5 3 6 -0.03567273202355074
25 111.5 4 5 -0.059479597891293354
-1 0.0 0 0 -0.005110526232221919
-1 0.0 0 0 -0.013923201610291187
123 51.5 7 8 0.007233989944504928
-1 0.0 0 0 -0.006989015692277645
-1 0.0 0 0 0.0028500411751577613
49 53.5 10 13 0.009470515874527541
114 11.5 11 12 -0.03757813448533862
-1 0.0 0 0 -0.008181310903370933
-1 0.0 0 0 0.0008544918244974734
77 99.5 14 23 0.020497309525618734
2 10.917593955993652 15 18 0.024672621028257586
73 82.5 16 17 0.006224013481710445
-1 0.0 0 0 -0.003073248316907363
-1 0.0 0 0 0.002149188279925188
94 36.5 19 20 0.05489598706757851
-1 0.0 0 0 -0.0008263009542651929
27 17.5 21 22 0.0794405797586483
-1 0.0 0 0 0.0008651799748756385
-1 0.0 0 0 0.009757734079685935
-1 0.0 0 0 -0.012555260266966156
16 6.5 25 26 0.019733560491227563
-1 0.0 0 0 -0.0009043146591261497
97 79.5 27 28 0.046525886636912483
-1 0.0 0 0 0.0012049688461167477
-1 0.0 0 0 0.007479636914102339
nodes 29
78 116.5 1 28 0.0
46 33.5 2 23 0.0017058674718611177
88 51.5 3 14 -0.007031013732413843
115 51.5 4 7 -0.029757393026065993
120 44.5 5 6 -0.061680667763987826
-1 0.0 0 0 -0.007761164745372967
-1 0.0 0 0 -0.0014770931543670587
65 47.5 8 9 0.0064888001351544045
-1 0.0 0 0 -0.0074617278933413345
84 57.5 10 11 0.0264135940554214
-1 0.0 0 0 -0.0024804987886937833
89 30.5 12 13 0.055631792618917146
-1 0.0 0 0 -0.011038467101195833
-1 0.0 0 0 0.006842862074335894
49 24.5 15 16 0.011356068579405054
-1 0.0 0 0 -0.013357621937814737
118 14.5 17 22 0.015230718777210253
42 19.5 18 19 -0.009552963559613081
-1 0.0 0 0 -0.005702419409036737
27 36.5 20 21 0.010097646070873281
-1 0.0 0 0 -0.005704125056708451
-1 0.0 0 0 0.002546565461720362
-1 0.0 0 0 0.0037278638027553063
122 27.5 24 25 0.024074554323280782
-1 0.0 0 0 -0.00021904319546862114
2 10.449235916137695 26 27 0.047276789635804874
-1 0.0 0 0 -0.004261145780554802
-1 0.0 0 0 0.005973231016147616
-1 0.0 0 0 -0.009529630705689011
nodes 29
1 11.290956497192383 1 28 0.0
125 103.5 2 27 -0.0017553019688972046
100 104.5 3 26 0.00011728089147955642
101 117.5 4 25 0.0023311100367458667
68 21.5 5 22 0.004535987326460761
89 66.5 6 11 -0.006688571968599406
102 48.5 7 8 -0.03232954320101075
-1 0.0 0 0 -0.0059275043708015215
119 34.5 9 10 0.011724262959954608
-1 0.0 0 0 -0.008817160975544676
-1 0.0 0 0 0.003313988683214945
72 14.5 12 13 0.013906996555721043
-1 0.0 0 0 -0.005967722875244582
102 105.5 14 21 0.02641634637574564
2 10.671069145202637 15 16 0.03020074236279884
-1 0.0 0 0 -0.0004757474385929597
115 32.5 17 20 0.04870720856137343
23 32.5 18 19 -0.0032304563982774167
-1 0.0 0 0 -0.01208564643336604
-1 0.0 0 0 0.002810187781024192
-1 0.0 0 0 0.007851315331247595
-1 0.0 0 0 -0.015580829576295066
26 24.5 23 24 0.021700029211372554
-1 0.0 0 0 0.0005001639796376927
-1 0.0 0 0 0.004825069662968393
-1 0.0 0 0 -0.007687045430001902
-1 0.0 0 0 -0.00753322148908424
-1 0.0 0 0 -0.008976261225641876
-1 0.0 0 0 0.008779302170140993
nodes 29
6 1.014758825302124 1 24 0.0
2 10.857536315917969 2 9 -0.005469299192721751
1 9.207636833190918 3 4 -0.027225679341557
-1 0.0 0 0 -0.011698485369946358
117 63.5 5 8 -0.02203745783419986
21 84.5 6 7 -0.018581671800026303
-1 0.0 0 0 -0.0016135942042194565
-1 0.0 0 0 -0.018294597064029385
-1 0.0 0 0 -0.013899037910239824
113 117.5 10 23 0.008279869566392685
105 2.5 11 12 0.012564207834289996
-1 0.0 0 0 -0.002712456353851285
121 116.5 13 22 0.02237487719999253
105 89.5 14 19 0.026388003692442503
44 77.5 15 18 0.03335946961846418
5 1.3324271440505981 16 17 0.03882453705050219
-1 0.0 0 0 0.002573682197211319
-1 0.0 0 0 0.007246645525702276
-1 0.0 0 0 -0.004264104514912946
9 68.5 20 21 -0.0389619862487767
-1 0.0 0 0 -0.001245958839738613
-1 0.0 0 0 -0.018763397419560186
-1 0.0 0 0 -0.008034654567503952
-1 0.0 0 0 -0.007541404675809462
7 0.7325000166893005 25 28 0.027738534265377163
7 0.1525000035762787 26 27 0.03214316179465802
-1 0.0 0 0 0.009051252023049605
-1 0.0 0 0 0.0016766506141313673
-1 0.0 0 0 -0.021741864626283375
nodes 29
70 114.5 1 26 0.0
39 0.5 2 9 0.0018015983277806544
129 73.5 3 8 -0.01378611528623051
77 91.5 4 7 -0.006898859686411656
29 58.5 5 6 -0.0026272318370283007
-1 0.0 0 0 0.0003030917271173603
-1 0.0 0 0 -0.005918982743037431
-1 0.0 0 0 -0.008899611192008555
-1 0.0 0 0 -0.00767385793997316
79 1.5 10 13 0.011927303554272892
105 64.5 11 12 -0.0138202813184117
-1 0.0 0 0 9.391842058655782e-06
-1 0.0 0 0 -0.00629706666482197
43 118.5 14 25 0.023009313086311912
75 98.5 15 24 0.024026502133746363
107 103.5 16 23 0.02701324589686733
62 112.5 17 22 0.02909442157031016
78 106.5 18 21 0.031928636647269866
11 69.5 19 20 0.03546606904379047
-1 0.0 0 0 0.003813709464001975
-1 0.0 0 0 -0.006776537388532617
-1 0.0 0 0 -0.004561715350613055
-1 0.0 0 0 -0.007272157802962605
-1 0.0 0 0 -0.01174856376258985
-1 0.0 0 0 -0.006643204421642657
-1 0.0 0 0 -0.02941656179565686
119 56.5 27 28 -0.08106823206509914
-1 0.0 0 0 -0.01424020842899656
-1 0.0 0 0 0.00025418376748520007
nodes 29
2 11.334516525268555 1 28 0.0
6 1.0111383199691772 2 27 -0.0033264145583003627
2 10.138045310974121 3 4 -0.009636176409156339
-1 0.0 0 0 -0.007806539126841887
125 93.5 5 26 -0.0068809629585215425
94 101.5 6 23 -0.0044713471098799555
84 65.5 7 18 -0.012855729427745962
60 78.5 8 13 -0.029080270171355792
54 87.5 9 10 -0.048127756894373236
-1 0.0 0 0 -0.00760616573418928
97 37.5 11 12 -0.005682514171174753
-1 0.0 0 0 -0.011999530104687661
-1 0.0 0 0 0.001139345784464203
49 21.5 14 15 0.011653776611605441
-1 0.0 0 0 -0.027488577017972533
120 9.5 16 17 0.018896971377638863
-1 0.0 0 0 -0.015790659731093344
-1 0.0 0 0 0.002871491185099516
115 26.5 19 20 0.015046621456767035
-1 0.0 0 0 -0.007499712593638054
89 29.5 21 22 0.0351086099334895
-1 0.0 0 0 -0.014220888593730191
-1 0.0 0 0 0.004391207212196155
49 26.5 24 25 0.020147193566531767
-1 0.0 0 0 -0.01641037802963007
-1 0.0 0 0 0.002564669307524331
-1 0.0 0 0 -0.00929038401146901
-1 0.0 0 0 0.0023447654074484838
-1 0.0 0 0 0.004381249159961605
nodes 29
10 12.5 1 20 0.0
72 15.5 2 9 -0.009730288721711718
19 49.5 3 6 -0.03260373382163949
87 89.5 4 5 -0.05039428497290792
-1 0.0 0 0 -0.006514082648158365
-1 0.0 0 0 -0.00023691497913969374
50 15.5 7 8 0.011466059554189343
-1 0.0 0 0 -0.02081213115189129
-1 0.0 0 0 0.0018504116319352877
57 93.5 10 13 0.006454437972180002
102 55.5 11 12 -0.022190689087827453
-1 0.0 0 0 -0.003617315841646823
-1 0.0 0 0 0.0057588597118567505
98 17.5 14 17 0.02207827017109221
54 93.5 15 16 -0.015359722363589956
-1 0.0 0 0 -0.006550411775921626
-1 0.0 0 0 0.0026628172819446495
2 10.647993087768555 18 19 0.04175703158670149
-1 0.0 0 0 -0.0007062414292844478
-1 0.0 0 0 0.006512152969378055
25 102.5 21 28 0.013819218486794661
2 10.942526817321777 22 23 0.019764081100739492
-1 0.0 0 0 0.0003093054610592193
5 2.0090184211730957 24 27 0.0402166420586764
43 102.5 25 26 0.032520217116529825
-1 0.0 0 0 0.003692411396046201
-1 0.0 0 0 -0.014269998450677779
-1 0.0 0 0 0.014113934362245274
-1 0.0 0 0 -0.006532405860402102
nodes 29
2 11.229341506958008 1 22 0.0
6 1.015745759010315 2 17 -0.004798563660483576
125 71.5 3 16 -0.011372062639732767
1 8.451053619384766 4 5 -0.00832789865236733
-1 0.0 0 0 -0.017936827553094288
100 98.5 6 15 -0.007232986012607512
71 72.5 7 14 -0.004792505849860371
2 10.458894729614258 8 9 -0.002549506735341173
-1 0.0 0 0 -0.0036926202639173326
90 69.5 10 13 0.0032025772660420827
60 56.5 11 12 -0.006474924527723511
-1 0.0 0 0 -0.0030576370624323477
-1 0.0 0 0 0.002365070526774643
-1 0.0 0 0 0.002830693733956969
-1 0.0 0 0 -0.008550289795645778
-1 0.0 0 0 -0.008475300835979088
-1 0.0 0 0 -0.007353226381285893
7 0.7425000071525574 18 21 0.024746728530012106
5 1.1825212240219116 19 20 0.028516540562476128
-1 0.0 0 0 0.011522076295892431
-1 0.0 0 0 0.0019465615765686525
-1 0.0 0 0 -0.021418256186087902
48 1.5 23 24 0.027402739624596266
-1 0.0 0 0 -0.006427347188369516
1 10.546183586120605 25 28 0.036675232748099695
124 10.5 26 27 0.18276096575902503
-1 0.0 0 0 0.0016914253156665748
-1 0.0 0 0 0.030841956711644403
-1 0.0 0 0 0.003020959571641986
nodes 29
6 0.9409682750701904 1 8 0.0
21 115.5 2 7 -0.017510326995044494
7 0.14750000089406967 3 6 -0.015357267458925053
8 36.5 4 5 -0.01023975797165134
-1 0.0 0 0 -0.004714206969788144
-1 0.0 0 0 -3.641105240286693e-05
-1 0.0 0 0 -0.008144546731217608
-1 0.0 0 0 -0.01930452339882322
4 0.8554689884185791 9 12 0.0072962687456135916
8 49.5 10 11 -0.012275350631426119
-1 0.0 0 0 -0.00220196815269127
-1 0.0 0 0 0.003571994890540286
110 83.5 13 28 0.016767042768339745
11 108.5 14 27 0.018337575343283754
12 1.5 15 18 0.019446320178537965
7 0.7124999761581421 16 17 0.0018380852326996431
-1 0.0 0 0 0.00038735088591132375
-1 0.0 0 0 -0.020673812078581173
52 102.5 19 26 0.03425074505152754
132 1.5 20 23 0.039379300578588544
45 112.5 21 22 0.01191189646793071
-1 0.0 0 0 0.0020739680610392802
-1 0.0 0 0 -0.01347396675987208
132 68.5 24 25 0.05678630465291398
-1 0.0 0 0 0.0062041578627455955
-1 0.0 0 0 -0.005966910682460972
-1 0.0 0 0 -0.00676378047723262
-1 0.0 0 0 -0.022248294590984367
-1 0.0 0 0 -0.015818615309996238
nodes 29
29 83.5 1 28 0.0
26 117.5 2 27 0.0022138557124321504
78 102.5 3 26 0.0035757398420436185
128 3.5 4 11 0.005556506246355695
89 51.5 5 6 -0.014757351750924134
-1 0.0 0 0 -0.004955695217261247
65 61.5 7 8 0.007892808214755097
-1 0.0 0 0 -0.004410437941306348
2 10.693352699279785 9 10 0.02801811062749571
-1 0.0 0 0 -0.0014395187356359652
-1 0.0 0 0 0.006102558482848377
25 99.5 12 21 0.012837850170349859
9 2.5 13 14 0.0180200717059429
-1 0.0 0 0 -0.0016258856678590926
6 1.0028573274612427 15 20 0.02647196563926491
46 33.5 16 19 0.0191704007817007
51 30.5 17 18 0.009746399451394067
-1 0.0 0 0 -0.001855008737725272
-1 0.0 0 0 0.0029419807204636387
-1 0.0 0 0 0.005153473569663121
-1 0.0 0 0 0.006099788273046922
98 19.5 22 23 -0.038751141894149715
-1 0.0 0 0 -0.00883408568047386
71 75.5 24 25 0.015297542867316043
-1 0.0 0 0 0.0034009849226716003
-1 0.0 0 0 -0.02333950448769673
-1 0.0 0 0 -0.006296062631466939
-1 0.0 0 0 -0.009173738745587797
-1 0.0 0 0 -0.005582342266151487
nodes 29
40 5.5 1 12 0.0
80 19.5 2 3 -0.012680810504642932
-1 0.0 0 0 -0.004339373398294783
121 100.5 4 11 0.0018717717901197057
49 50.5 5 6 0.0067068466986458025
-1 0.0 0 0 -0.004121510683242119
2 10.892638206481934 7 8 0.01554893313039692
-1 0.0 0 0 -7.233793604064816e-05
27 20.5 9 10 0.043504474014675346
-1 0.0 0 0 -0.00251766949879368
-1 0.0 0 0 0.006484151748634575
-1 0.0 0 0 -0.009634093519102441
33 89.5 13 26 0.009428487172370397
129 3.5 14 17 0.015294430626020199
27 42.5 15 16 -0.015218065690374608
-1 0.0 0 0 -0.004602050745452607
-1 0.0 0 0 0.0032369706676683278
56 6.5 18 19 0.02382375757555192
-1 0.0 0 0 -0.0018480574784492468
6 1.0042262077331543 20 25 0.0321445243466757
2 11.01615047454834 21 22 0.024022407203080926
-1 0.0 0 0 0.0005062715316464358
5 2.115934371948242 23 24 0.04443450116243071
-1 0.0 0 0 0.0037043996717580647
-1 0.0 0 0 0.01624072812835187
-1 0.0 0 0 0.0074606462303206614
115 76.5 27 28 -0.030138620355489424
-1 0.0 0 0 -0.005810691882609569
-1 0.0 0 0 0.0029610636141385945
nodes 29
48 115.5 1 28 0.0
48 6.5 2 5 0.0013118569917032648
95 4.5 3 4 -0.016631101678115597
-1 0.0 0 0 0.00019835002853284592
-1 0.0 0 0 -0.004125006538170309
42 17.5 6 25 0.007989147650655204
54 92.5 7 18 -0.004876392294688571
87 79.5 8 17 -0.021516458911259237
115 36.5 9 12 -0.03217430830171181
50 23.5 10 11 -0.05482893973160021
-1 0.0 0 0 -0.009465609219401623
-1 0.0 0 0 -0.002176076308672
116 7.5 13 14 -0.000557680961428004
-1 0.0 0 0 -0.011077664863342745
69 108.5 15 16 0.011752567823180748
-1 0.0 0 0 0.0020139766424709417
-1 0.0 0 0 -0.01918909359378112
-1 0.0 0 0 0.0018867139061483848
41 79.5 19 24 0.03449746686385139
75 97.5 20 23 0.049266891931123546
64 25.5 21 22 0.05698665565511694
-1 0.0 0 0 -0.011873603015863925
-1 0.0 0 0 0.006305749010193106
-1 0.0 0 0 -0.010537513298741075
-1 0.0 0 0 -0.008070654983361781
72 118.5 26 27 0.02323491925204571
-1 0.0 0 0 0.0025211599512922765
-1 0.0 0 0 -0.01739608624047336
-1 0.0 0 0 -0.009114419924343083
nodes 29
2 11.394479751586914 1 28 0.0
43 93.5 2 25 -0.0023517836745750973
51 58.5 3 18 -0.00099251927415505
72 26.5 4 11 -0.008114215155618271
102 41.5 5 8 -0.025366710581928575
32 19.5 6 7 -0.04461824558891871
-1 0.0 0 0 -0.007632315184124618
-1 0.0 0 0 -0.0017392133008928994
127 20.5 9 10 0.0031481825857804405
-1 0.0 0 0 -0.008488671075680205
-1 0.0 0 0 0.0016015645680920389
89 67.5 12 15 0.010511550871392494
95 86.5 13 14 -0.0318429245406522
-1 0.0 0 0 -0.0051063791909120235
-1 0.0 0 0 0.004844577217154181
19 84.5 16 17 0.02785478283100076
-1 0.0 0 0 0.003153086268930553
-1 0.0 0 0 -0.01412609785278603
49 16.5 19 20 0.019593765707960925
-1 0.0 0 0 -0.013163280413360748
60 39.5 21 22 0.025442068036963455
-1 0.0 0 0 -0.003484971557350311
65 95.5 23 24 0.03642305748709972
-1 0.0 0 0 0.004284365908272087
-1 0.0 0 0 -0.00830143213662504
87 82.5 26 27 -0.10080667331388905
-1 0.0 0 0 -0.005640172688905413
-1 0.0 0 0 -0.034827693653544094
-1 0.0 0 0 0.005218384527014855
nodes 29
2 11.204346656799316 1 26 0.0
6 1.0261151790618896 2 25 -0.004965994139519986
11 68.5 3 24 -0.010679696462141348
0 9.886900901794434 4 5 -0.008863260443110985
-1 0.0 0 0 -0.01097962166782588
105 104.5 6 23 -0.0070079480402800475
21 90.5 7 22 -0.0039783611061714064
12 59.5 8 21 -0.0017687212479721767
24 101.5 9 20 0.0003737733261867992
2 10.7899169921875 10 11 0.00269417836038463
-1 0.0 0 0 -0.0014019295925717923
5 1.3113365173339844 12 13 0.014939810724059331
-1 0.0 0 0 -0.00019884663289340172
64 99.5 14 19 0.04339576352492404
20 8.5 15 16 0.027837740338121423
-1 0.0 0 0 -0.0012436623841615352
80 18.5 17 18 0.060090920654138465
-1 0.0 0 0 0.00012955856394700083
-1 0.0 0 0 0.009099822225710912
-1 0.0 0 0 0.009731513709911694
-1 0.0 0 0 -0.008038825963899326
-1 0.0 0 0 -0.009796845544591516
-1 0.0 0 0 -0.00921733623748429
-1 0.0 0 0 -0.007002227620309661
-1 0.0 0 0 -0.011033881873267782
-1 0.0 0 0 0.0028305079712114944
1 10.637296676635742 27 28 0.023815743767208176
-1 0.0 0 0 0.013187486982207973
-1 0.0 0 0 0.0017651890779907917
nodes 29
66 9.5 1 14 0.0
127 62.5 2 5 -0.01145171873811424
33 16.5 3 4 -0.023111700999535616
-1 0.0 0 0 -0.004126704739869567
-1 0.0 0 0 -0.00013543271077638304
41 43.5 6 7 0.014398379758604677
-1 0.0 0 0 -0.007082471646910059
2 10.31807804107666 8 9 0.026457748787697147
-1 0.0 0 0 -0.0024296568370640835
94 56.5 10 11 0.045166184999842034
-1 0.0 0 0 -0.001740327372246615
6 0.9256088733673096 12 13 0.06329138635897076
-1 0.0 0 0 -1.2704509986559846e-05
-1 0.0 0 0 0.008666760369868867
2 11.16913890838623 15 20 0.009658736196479544
17 97.5 16 19 0.000640482315082263
66 90.5 17 18 0.004722145569367447
-1 0.0 0 0 0.0008352126021247837
-1 0.0 0 0 -0.006919725403106381
-1 0.0 0 0 -0.007673790420957115
5 2.059514045715332 21 24 0.03716872279751198
105 2.5 22 23 0.028644123258504763
-1 0.0 0 0 -0.0028752405550630453
-1 0.0 0 0 0.004173043278207162
87 82.5 25 28 0.18906401286188787
7 0.38749998807907104 26 27 0.22391623172014252
-1 0.0 0 0 0.018117300252742326
-1 0.0 0 0 0.0662856316122298
-1 0.0 0 0 -0.019628316168409755
nodes 29
99 102.5 1 28 0.0
6 0.9409682750701904 2 3 0.0011885101081777665
-1 0.0 0 0 -0.001534263323780028
69 123.5 4 27 0.008081263780409699
2 11.065074920654297 5 20 0.00993036153570086
6 1.0207808017730713 6 17 0.0015664125034496204
130 119.5 7 16 -0.007504710950347863
29 57.5 8 15 -0.0067327332256600335
117 72.5 9 14 -0.002862287171568342
1 9.421977996826172 10 11 0.00027513352482841504
-1 0.0 0 0 -0.006054181796981112
20 85.5 12 13 0.004984929575666501
-1 0.0 0 0 0.0008748118776337511
-1 0.0 0 0 -0.007722203059755616
-1 0.0 0 0 -0.00920969189860499
-1 0.0 0 0 -0.007617845053623801
-1 0.0 0 0 -0.035625886687473074
7 0.762499988079071 18 19 0.02909039785137163
-1 0.0 0 0 0.0032195819863383383
-1 0.0 0 0 -0.024507763896320686
17 101.5 21 26 0.03104200658005932
5 2.1734745502471924 22 25 0.03871186747430428
125 0.5 23 24 0.032260979446824545
-1 0.0 0 0 -0.0027123530711795894
-1 0.0 0 0 0.004229306185506022
-1 0.0 0 0 0.013931999837926904
-1 0.0 0 0 -0.004505995069934993
-1 0.0 0 0 -0.008491168111786017
-1 0.0 0 0 -0.009392196223888993
nodes 29
70 114.5 1 28 0.0
117 86.5 2 27 0.0015564176446505155
78 102.5 3 26 0.003559233300486268
54 92.5 4 23 0.005436146812574127
121 104.5 5 22 -0.0004987202442546622
95 37.5 6 15 0.003787672459109355
84 61.5 7 10 -0.009828619151725088
50 85.5 8 9 -0.027186944312265433
-1 0.0 0 0 -0.004884348346138769
-1 0.0 0 0 0.0008878046706196892
73 111.5 11 14 0.019763874944326854
115 26.5 12 13 0.029788108078796526
-1 0.0 0 0 -0.005860987013954361
-1 0.0 0 0 0.004281461963524829
-1 0.0 0 0 -0.010932346882438876
81 43.5 16 17 0.019601865681301893
-1 0.0 0 0 -0.006681312965465364
61 27.5 18 19 0.026956333369468323
-1 0.0 0 0 -0.00018855418326449295
2 10.516915321350098 20 21 0.05089598580681783
-1 0.0 0 0 -0.0010975776107059693
-1 0.0 0 0 0.006680694141789395
-1 0.0 0 0 -0.007180975068601124
89 34.5 24 25 0.029159777209315507
-1 0.0 0 0 -0.010913095484173402
-1 0.0 0 0 0.0038403020574487566
-1 0.0 0 0 -0.005940907522638314
-1 0.0 0 0 -0.005539496105138678
-1 0.0 0 0 -0.007003560547570383
nodes 29
6 1.0042262077331543 1 18 0.0
2 10.942526817321777 2 7 -0.005538576745855531
8 51.5 3 6 -0.02003969771803842
29 57.5 4 5 -0.024762863112380733
-1 0.0 0 0 -0.0021261551636862605
-1 0.0 0 0 -0.009851436858496834
-1 0.0 0 0 0.004396115191180129
47 113.5 8 17 0.007495501707718946
5 1.33902907371521 9 12 0.010500107113564153
99 124.5 10 11 0.00039017089381572316
-1 0.0 0 0 0.00011479947565860697
-1 0.0 0 0 -0.042158872937347665
47 2.5 13 14 0.03779235462276558
-1 0.0 0 0 -0.0008159573190169525
82 8.5 15 16 0.058539742744552606
-1 0.0 0 0 -0.0001595431646236836
-1 0.0 0 0 0.008008634907823985
-1 0.0 0 0 -0.008581087014363654
7 0.45250000059604645 19 22 0.020140331068190853
45 80.5 20 21 0.033031093701749295
-1 0.0 0 0 0.004076164952935794
-1 0.0 0 0 -0.004670190567381965
1 10.572521209716797 23 24 -0.0244769710670811
-1 0.0 0 0 -0.0009517059358261229
6 1.0808510780334473 25 28 -0.15069309572345052
56 86.5 26 27 -0.07440127960962324
-1 0.0 0 0 -0.0033616523617437406
-1 0.0 0 0 -0.055872025701683016
-1 0.0 0 0 -0.08055311840338013
nodes 29
118 90.5 1 28 0.0
71 89.5 2 25 0.002112140639761358
30 119.5 3 22 0.0036265564412238977
86 19.5 4 15 0.004963856109932794
92 6.5 5 6 -0.003680460823574508
-1 0.0 0 0 -0.0023377776824393412
17 114.5 7 14 0.004994505975658017
100 104.5 8 13 0.00829962661823556
114 3.5 9 12 0.012448446249249049
85 32.5 10 11 -0.016762515047028394
-1 0.0 0 0 -0.00023376472837904652
-1 0.0 0 0 -0.0110650911815309
-1 0.0 0 0 0.002260996979088277
-1 0.0 0 0 -0.005880504810732654
-1 0.0 0 0 -0.011004987155944702
48 21.5 16 19 0.019417942013772605
39 2.5 17 18 -0.0004243315164414252
-1 0.0 0 0 -0.003112516915763572
-1 0.0 0 0 0.0022406216636285696
131 42.5 20 21 0.03822678964360723
-1 0.0 0 0 0.00438137052625407
-1 0.0 0 0 -0.005749823170936617
121 0.5 23 24 -0.08321342805202639
-1 0.0 0 0 -0.048626323453471315
-1 0.0 0 0 -0.006307744263397243
119 43.5 26 27 -0.07305819530470721
-1 0.0 0 0 -0.012378327033136977
-1 0.0 0 0 0.00729930457743394
-1 0.0 0 0 -0.005124882907185025
nodes 29
48 115.5 1 28 0.0
112 16.5 2 17 0.001202762356886881
22 24.5 3 10 -0.0067879362542606755
85 30.5 4 9 -0.020220402659882553
122 112.5 5 8 -0.011937276471546143
6 1.0028573274612427 6 7 -0.00806516107902309
-1 0.0 0 0 -0.0020274251424044418
-1 0.0 0 0 0.002420805463979637
-1 0.0 0 0 -0.011865873379008539
-1 0.0 0 0 -0.006300393460762731
97 35.5 11 12 0.010889720611713423
-1 0.0 0 0 -0.004862425726050937
57 48.5 13 14 0.022702348076920488
-1 0.0 0 0 -0.004821432172445819
3 0.26296159625053406 15 16 0.029710816729358415
-1 0.0 0 0 -0.007720993538766637
-1 0.0 0 0 0.0036191822205196324
49 73.5 18 27 0.01406496476782538
64 29.5 19 24 -0.006087763941017953
60 57.5 20 21 -0.039429841954052226
-1 0.0 0 0 -0.008246703029082895
49 21.5 22 23 -0.0023085372230543084
-1 0.0 0 0 -0.011819229761937873
-1 0.0 0 0 0.0021768282898123772
73 92.5 25 26 0.02365566319817625
-1 0.0 0 0 0.003856268066252328
-1 0.0 0 0 -0.008660486252949405
-1 0.0 0 0 0.0029559706846285735
-1 0.0 0 0 -0.008356460680721111
nodes 29
2 11.404928207397461 1 28 0.0
11 111.5 2 27 -0.0020382582067258953
6 1.0111383199691772 3 24 -0.0014063480515422997
101 121.5 4 23 -0.006355577987553238
9 75.5 5 18 -0.004865491108431245
9 6.5 6 11 -0.000511252904786325
76 38.5 7 8 -0.01790293037473783
-1 0.0 0 0 -0.0034171849628431743
114 11.5 9 10 0.012187778467129694
-1 0.0 0 0 -0.004192471195436355
-1 0.0 0 0 0.00399380431819219
17 88.5 12 15 0.00941227838442904
103 98.5 13 14 0.015621258049427761
-1 0.0 0 0 0.0020129572078894874
-1 0.0 0 0 -0.005622339281957523
127 56.5 16 17 -0.041936901320025095
-1 0.0 0 0 -0.00969788197353684
-1 0.0 0 0 -9.53110153858508e-05
119 34.5 19 22 -0.038305668121281174
41 80.5 20 21 -0.07841751072128193
-1 0.0 0 0 -0.0016927842742292716
-1 0.0 0 0 -0.012027226136685295
-1 0.0 0 0 0.0001454580566623412
-1 0.0 0 0 -0.010727496550053187
7 0.2175000011920929 25 26 0.020368335960811897
-1 0.0 0 0 0.0055302642486120815
-1 0.0 0 0 0.00023422337937524951
-1 0.0 0 0 -0.017391582070098294
-1 0.0 0 0 0.004993877305030577
nodes 29
26 116.5 1 28 0.0
50 83.5 2 23 0.0011779477169723091
64 44.5 3 10 -0.004525326567053301
95 47.5 4 5 -0.01990101507650076
-1 0.0 0 0 -0.004703120204763883
123 78.5 6 9 0.004388827410294326
41 42.5 7 8 0.010011165944210632
-1 0.0 0 0 -0.007625431737354219
-1 0.0 0 0 0.002030069375547689
-1 0.0 0 0 -0.01734002041219145
97 19.5 11 12 0.008073383179262936
-1 0.0 0 0 -0.010038326112554995
30 18.5 13 18 0.014560009526106215
84 28.5 14 17 -0.00770513748790433
59 8.5 15 16 -0.05184020538526024
-1 0.0 0 0 -0.0031690136268325616
-1 0.0 0 0 -0.01722398142754822
-1 0.0 0 0 0.000983346062456319
2 10.917593955993652 19 22 0.03568438725918629
97 65.5 20 21 0.006117926700915982
-1 0.0 0 0 -0.008526381298516454
-1 0.0 0 0 0.002242210405510655
-1 0.0 0 0 0.005995622574858295
81 38.5 24 25 0.018410441149574994
-1 0.0 0 0 -0.01099954335348044
20 15.5 26 27 0.024399578134520584
-1 0.0 0 0 7.79961042064422e-05
-1 0.0 0 0 0.005146131058552811
-1 0.0 0 0 -0.007710893338581788
nodes 29
2 11.271401405334473 1 24 0.0
6 1.0042262077331543 2 19 -0.0035238986253334796
8 51.5 3 18 -0.009802435262055048
107 117.5 4 17 -0.013389427460577589
100 103.5 5 16 -0.011998064368681475
76 28.5 6 13 -0.009934670304381988
88 89.5 7 8 -0.01894723801887772
-1 0.0 0 0 -0.003871779645608077
41 47.5 9 10 0.0049681817809308325
-1 0.0 0 0 -0.006855546122294594
2 10.409582138061523 11 12 0.01457701332046688
-1 0.0 0 0 -0.004033199854456762
-1 0.0 0 0 0.0028729112492696367
122 27.5 14 15 0.008840399517813837
-1 0.0 0 0 -0.002261286453560291
-1 0.0 0 0 0.0030534185838169262
-1 0.0 0 0 -0.008914076795574
-1 0.0 0 0 -0.013265372212009864
-1 0.0 0 0 0.0032829513259852137
7 0.6025000214576721 20 21 0.01697860622274299
-1 0.0 0 0 0.002325274880730896
1 10.55716609954834 22 23 -0.06364435888212144
-1 0.0 0 0 -0.004539942754976209
-1 0.0 0 0 -0.04293982166855131
101 9.5 25 28 0.0274626659079475
97 20.5 26 27 -0.015273623863059088
-1 0.0 0 0 -0.011081769273368992
-1 0.0 0 0 0.0011146501957430201
-1 0.0 0 0 0.005205861728055275
nodes 29
6 0.9409682750701904 1 2 0.0
-1 0.0 0 0 -0.0015026133021149946
2 11.065074920654297 3 16 0.0062611455531732555
6 1.0321950912475586 4 15 -0.0012500676310431707
1 9.072112083435059 5 6 -0.00840242840862357
-1 0.0 0 0 -0.009424634715009563
131 72.5 7 14 -0.0049455766321065886
131 7.5 8 13 -0.0029764272274333753
45 109.5 9 12 -0.01394981401163513
33 106.5 10 11 -0.01005789149288007
-1 0.0 0 0 -0.0005755903324821497
-1 0.0 0 0 -0.012318760140004844
-1 0.0 0 0 -0.016790503378320186
-1 0.0 0 0 0.002251698756471845
-1 0.0 0 0 -0.012487798761530843
-1 0.0 0 0 0.0026923445784519506
71 89.5 17 28 0.025198800661776034
72 4.5 18 23 0.029662742179749454
19 9.5 19 20 -0.01598778269642834
-1 0.0 0 0 -0.013217863018082096
49 22.5 21 22 0.03478730615063868
-1 0.0 0 0 -0.019510093505599912
-1 0.0 0 0 0.005323923779899935
5 2.115934371948242 24 25 0.04223011831412608
-1 0.0 0 0 0.0035091728031197526
3 0.3416542112827301 26 27 0.14782535626530335
-1 0.0 0 0 0.008462361642533847
-1 0.0 0 0 0.03109435395867065
-1 0.0 0 0 -0.010034774872964147
nodes 29
44 120.5 1 28 0.0
1 11.290956497192383 2 27 0.0009577726060586713
118 91.5 3 24 -0.0004026686933386609
21 106.5 4 23 0.0015949073293394125
135 91.5 5 22 0.0030887590490578853
127 62.5 6 19 0.004790279942934799
17 75.5 7 18 -0.0013331741756897467
32 16.5 8 13 0.003922299470000541
60 57.5 9 10 -0.015336190638389525
-1 0.0 0 0 -0.004712112747287479
65 90.5 11 12 0.01264119164345847
-1 0.0 0 0 0.002159833813470593
-1 0.0 0 0 -0.009982206312213875
69 99.5 14 17 0.014435727792653367
30 21.5 15 16 0.01860846479151521
-1 0.0 0 0 0.0003653461448456588
-1 0.0 0 0 0.003844987753350951
-1 0.0 0 0 -0.008009366675593195
-1 0.0 0 0 -0.0050595971395802795
65 102.5 20 21 0.024494287929184694
-1 0.0 0 0 0.003254902835102683
-1 0.0 0 0 -0.007760027387979632
-1 0.0 0 0 -0.0059752663330672725
-1 0.0 0 0 -0.006773062768166809
69 20.5 25 26 -0.05097012019342486
-1 0.0 0 0 -0.010955396354623503
-1 0.0 0 0 -0.0006102707364285987
-1 0.0 0 0 0.006880618078727869
-1 0.0 0 0 -0.009313028804902843
nodes 29
110 62.5 1 28 0.0
2 11.089683532714844 2 11 0.0013671677863950587
6 1.0233782529830933 3 10 -0.004744392384800362
8 46.5 4 9 -0.010891387370241219
100 94.5 5 6 -0.01695650722375164
-1 0.0 0 0 -0.001444855832612701
27 41.5 7 8 -0.09417211085718137
-1 0.0 0 0 -0.018324636073161087
-1 0.0 0 0 -0.002799612573196257
-1 0.0 0 0 0.0019905760855176004
-1 0.0 0 0 0.0024365112826657703
1 10.786200523376465 12 17 0.016458062935477552
4 0.7943466305732727 13 14 0.07272443594339335
-1 0.0 0 0 -0.0016593593014233418
56 75.5 15 16 0.10596715122701615
-1 0.0 0 0 0.012597148998171482
-1 0.0 0 0 -0.008977623826989503
6 1.0715585947036743 18 25 0.008409481033216062
97 5.5 19 22 0.009501498762145118
50 14.5 20 21 -0.03502315934942812
-1 0.0 0 0 -0.019399602701028723
-1 0.0 0 0 -0.0009379111018516387
9 3.5 23 24 0.018318501914664775
-1 0.0 0 0 -0.0017476287870044167
-1 0.0 0 0 0.002981563136956269
123 9.5 26 27 -0.4073480274187048
-1 0.0 0 0 -0.07731320610178183
-1 0.0 0 0 0.00754868969321251
-1 0.0 0 0 -0.006025695890336892
nodes 29
1 8.898092269897461 1 2 0.0
-1 0.0 0 0 -0.004683852326852089
5 2.115934371948242 3 26 0.0017136111736572226
6 0.9280412793159485 4 5 -0.0014880732162705415
-1 0.0 0 0 -0.0019055157229861661
77 103.5 6 23 0.004544402730208654
76 11.5 7 22 0.007321983103347752
88 57.5 8 15 -0.003852154167838511
58 42.5 9 14 -0.028495733521192952
55 48.5 10 11 -0.01686098077834492
-1 0.0 0 0 -0.0045693064173909954
78 15.5 12 13 0.011965878467302451
-1 0.0 0 0 -0.004707076332202317
-1 0.0 0 0 0.004217142403357478
-1 0.0 0 0 -0.010693969566096922
41 18.5 16 17 0.01338284885193934
-1 0.0 0 0 -0.012910731510744
107 121.5 18 21 0.01854016338028785
1 10.562043190002441 19 20 0.01950033457740324
-1 0.0 0 0 -1.2025690466346688e-05
-1 0.0 0 0 0.004395663168214148
-1 0.0 0 0 -0.04743947850211579
-1 0.0 0 0 0.002085770789599426
49 20.5 24 25 -0.045730159728743995
-1 0.0 0 0 0.0006330445336515557
-1 0.0 0 0 -0.012697560522630075
4 0.8351641893386841 27 28 0.03857646018031325
-1 0.0 0 0 -0.0016954934835534366
-1 0.0 0 0 0.007904614316139301
nodes 29
70 114.5 1 28 0.0
117 86.5 2 27 0.0013342150086264786
2 11.271401405334473 3 22 0.0030961230926630887
110 47.5 4 21 -0.0003780391064434615
12 61.5 5 20 0.0017786008720718622
24 102.5 6 19 0.0034354560941634864
108 121.5 7 18 0.005149225144384197
28 117.5 8 17 0.005778436710819389
37 101.5 9 16 0.007706210702009283
53 90.5 10 13 0.008969551425409584
77 9.5 11 12 0.012263362214827697
-1 0.0 0 0 0.00026069960218357696
-1 0.0 0 0 0.0025680845508834634
41 83.5 14 15 -0.02739568102213694
-1 0.0 0 0 -0.000676689834214893
-1 0.0 0 0 -0.011769716598894722
-1 0.0 0 0 -0.00877555147611517
-1 0.0 0 0 -0.005259211731382447
-1 0.0 0 0 -0.017993536524454807
-1 0.0 0 0 -0.005929210859837409
-1 0.0 0 0 -0.007096377479358481
-1 0.0 0 0 -0.005957719729635619
101 9.5 23 26 0.031258536437513286
124 4.5 24 25 -0.0075897406622628776
-1 0.0 0 0 -0.008335092172788402
-1 0.0 0 0 0.002291476128495092
-1 0.0 0 0 0.005357758715384296
-1 0.0 0 0 -0.004876679864642529
-1 0.0 0 0 -0.006003694140179237
nodes 29
26 108.5 1 28 0.0
6 1.0042262077331543 2 23 0.0013988043066559552
8 43.5 3 22 -0.0034563020754953253
2 10.159059524536133 4 5 -0.011574490858140307
-1 0.0 0 0 -0.008020214117706145
52 105.5 6 21 -0.008769591787347396
129 122.5 7 20 -0.006443555968228222
84 68.5 8 17 -0.004504258016984773
51 25.5 9 10 -0.012755654997808837
-1 0.0 0 0 -0.003721110969623987
65 90.5 11 16 0.010159178983412388
76 100.5 12 15 0.01888115559624133
93 13.5 13 14 0.0233107934117885
-1 0.0 0 0 -0.0031663504398538283
-1 0.0 0 0 0.003831125472953771
-1 0.0 0 0 -0.019773711257958723
-1 0.0 0 0 -0.008707275803401882
73 112.5 18 19 0.017351323927466227
-1 0.0 0 0 0.0024110691526100306
-1 0.0 0 0 -0.013993985693476922
-1 0.0 0 0 -0.01128176398864337
-1 0.0 0 0 -0.009256052954823681
-1 0.0 0 0 0.0013949436962931811
77 67.5 24 27 0.018960486429123756
5 1.1837899684906006 25 26 0.027100774311291344
-1 0.0 0 0 0.008919965102122921
-1 0.0 0 0 0.0018802823577267675
-1 0.0 0 0 -0.003798721050034039
-1 0.0 0 0 -0.00552013943883186
nodes 29
124 118.5 1 28 0.0
98 114.5 2 25 0.0011365333725891456
66 11.5 3 22 0.002367158930805848
94 84.5 4 13 -0.006765356173079944
65 43.5 5 8 -0.01700475020122609
19 64.5 6 7 -0.0361131700510007
-1 0.0 0 0 -0.006223166981762649
-1 0.0 0 0 0.0008286676862565856
93 12.5 9 12 -0.0014060401197774283
2 10.798391342163086 10 11 0.01356334584498588
-1 0.0 0 0 -0.0012770396471418713
-1 0.0 0 0 0.004781582633483895
-1 0.0 0 0 -0.005605269414645005
97 82.5 14 21 0.01306393319832005
114 81.5 15 20 0.019415632653314273
0 9.886900901794434 16 17 0.021887352948851687
-1 0.0 0 0 -0.0068278343758495265
47 88.5 18 19 0.028971262256305284
-1 0.0 0 0 0.0032908844794897344
-1 0.0 0 0 -0.015622445371024902
-1 0.0 0 0 -0.026353654150115025
-1 0.0 0 0 -0.009431503314886094
71 90.5 23 24 0.011996537515650245
-1 0.0 0 0 0.0013333967496705942
-1 0.0 0 0 -0.01444603552402507
76 28.5 26 27 -0.06798081432235982
-1 0.0 0 0 -0.016496087918432593
-1 0.0 0 0 -0.0010492631543359298
-1 0.0 0 0 -0.006833048912911025
nodes 29
58 114.5 1 28 0.0
48 114.5 2 27 0.0009067463599003575
113 7.5 3 8 0.0020174129045728967
38 0.5 4 7 -0.011999627652869577
91 59.5 5 6 -0.03776076911675977
-1 0.0 0 0 -0.006351905520860186
-1 0.0 0 0 -0.0003401991812455901
-1 0.0 0 0 0.00027530354340623084
2 11.16913890838623 9 20 0.008193940450419112
127 62.5 10 17 0.0017022140215286565
17 75.5 11 16 -0.006381216050817795
6 1.015745759010315 12 15 -0.00028081336876763745
90 60.5 13 14 -0.00851670457493915
-1 0.0 0 0 -0.0022952592811281186
-1 0.0 0 0 0.0019003816141042514
-1 0.0 0 0 0.003834831977340793
-1 0.0 0 0 -0.0071015389996609245
73 64.5 18 19 0.02268156945659023
-1 0.0 0 0 -0.00302629538500395
-1 0.0 0 0 0.003991181273617438
121 120.5 21 26 0.03018653994979677
1 10.768800735473633 22 25 0.0351859616954542
104 5.5 23 24 0.130094296260255
-1 0.0 0 0 -0.004731634987772189
-1 0.0 0 0 0.017937503129858194
-1 0.0 0 0 0.002740696804682875
-1 0.0 0 0 -0.010866434383448097
-1 0.0 0 0 -0.007139070403237773
-1 0.0 0 0 -0.008407753923802944
nodes 29
43 114.5 1 26 0.0
44 118.5 2 25 0.000671164842657995
2 10.942526817321777 3 12 0.0016322926915912858
6 1.0321950912475586 4 11 -0.006611190073289401
53 94.5 5 8 -0.014376095526390945
125 55.5 6 7 -0.010434526836221045
-1 0.0 0 0 -0.0006795757601386705
-1 0.0 0 0 -0.0072511398775307314
64 101.5 9 10 -0.07694386233489202
-1 0.0 0 0 -0.013014857592268928
-1 0.0 0 0 0.00041847074123755197
-1 0.0 0 0 0.002959841808632159
5 1.33902907371521 13 22 0.01144260846565916
50 75.5 14 21 0.0012750178588427493
116 23.5 15 16 -0.008088840454477659
-1 0.0 0 0 -0.0029779380773359704
23 2.5 17 18 0.011760493323693739
-1 0.0 0 0 -0.0073919342960942
57 40.5 19 20 0.02302995723567856
-1 0.0 0 0 -0.00617403243366203
-1 0.0 0 0 0.0036056055455573875
-1 0.0 0 0 0.003235200784796227
6 1.1006698608398438 23 24 0.0369098250530468
-1 0.0 0 0 0.0039039676197055867
-1 0.0 0 0 -0.032611853411984144
-1 0.0 0 0 -0.0077866965315310736
79 51.5 27 28 -0.11113319577906688
-1 0.0 0 0 -0.004484684817273553
-1 0.0 0 0 -0.030004928645711127
nodes 29
10 12.5 1 20 0.0
72 15.5 2 5 -0.007165864935061358
94 84.5 3 4 -0.023702919201354346
-1 0.0 0 0 -0.003999687464329041
-1 0.0 0 0 0.00019592439041550463
93 11.5 6 17 0.00453537650245403
97 67.5 7 8 0.01581419933458456
-1 0.0 0 0 -0.0016425424424803357
27 35.5 9 16 0.026812692990299192
2 10.748454093933105 10 11 0.03293841600388395
-1 0.0 0 0 0.00047453153246573664
5 1.2928317785263062 12 13 0.05911821795975962
-1 0.0 0 0 0.0029747717980060295
6 0.9302852153778076 14 15 0.09898971243610585
-1 0.0 0 0 0.003043297261881357
-1 0.0 0 0 0.013258842501035643
-1 0.0 0 0 -0.006927923747629277
16 19.5 18 19 -0.02545944360993864
-1 0.0 0 0 -0.005092969166718314
-1 0.0 0 0 0.001172058010022806
25 102.5 21 28 0.010177154726117042
132 106.5 22 27 0.014745628412913967
2 10.29021167755127 23 26 0.015621775113943203
73 133.5 24 25 -0.02684645223556389
-1 0.0 0 0 -0.004587821431972223
-1 0.0 0 0 0.007249814130183857
-1 0.0 0 0 0.002110285074960255
-1 0.0 0 0 -0.024059173516076754
-1 0.0 0 0 -0.005064241375779557
nodes 29
6 0.9409682750701904 1 6 0.0
7 0.1274999976158142 2 5 -0.013176158154007042
3 0.602114737033844 3 4 -0.007583808495707016
-1 0.0 0 0 0.0022488914778409064
-1 0.0 0 0 -0.001999774591556837
-1 0.0 0 0 -0.006471663717115978
66 89.5 7 28 0.00549029105240922
133 59.5 8 25 0.007299360950121483
122 116.5 9 24 0.009854147175419459
2 10.98857593536377 10 13 0.01212890352927657
20 94.5 11 12 0.003575362085907566
-1 0.0 0 0 0.0005960506249240286
-1 0.0 0 0 -0.00857021874058972
113 135.5 14 23 0.02794433119628513
129 120.5 15 22 0.029302001081281424
71 109.5 16 21 0.03221214652519625
5 1.4605600833892822 17 18 0.034640021104132265
-1 0.0 0 0 0.0026472510172688723
4 0.7943466305732727 19 20 0.0793253809112745
-1 0.0 0 0 -0.0023323304708615525
-1 0.0 0 0 0.010976508422674723
-1 0.0 0 0 -0.011006280712836679
-1 0.0 0 0 -0.009716122677606484
-1 0.0 0 0 -0.025956051520282228
-1 0.0 0 0 -0.005176759234211391
37 76.5 26 27 -0.040734564432177614
-1 0.0 0 0 -0.0026582557793897767
-1 0.0 0 0 -0.020187573962024058
-1 0.0 0 0 -0.005583777619035513
nodes 29
29 83.5 1 28 0.0
1 11.290956497192383 2 27 0.001678754609404383
79 96.5 3 24 0.0004577928792706481
45 119.5 4 23 0.0014964966515249871
26 108.5 5 22 0.0027958043735200845
1 8.451053619384766 6 7 0.004263595644495676
-1 0.0 0 0 -0.006945471725540459
6 1.0002985000610352 8 19 0.005494859889618164
77 23.5 9 14 -0.0002561513334118533
120 47.5 10 11 -0.009692295788634835
-1 0.0 0 0 -0.0026735284662158234
19 67.5 12 13 0.015513769021899387
-1 0.0 0 0 -0.0007635354746139994
-1 0.0 0 0 0.004465002108930989
55 73.5 15 16 0.016889944027308593
-1 0.0 0 0 -0.00021122182845679786
22 31.5 17 18 0.046207694275075595
-1 0.0 0 0 -0.0005012464480006664
-1 0.0 0 0 0.006729080418828422
53 67.5 20 21 0.02481724971283271
-1 0.0 0 0 0.0032372233106057256
-1 0.0 0 0 -0.004070926129481817
-1 0.0 0 0 -0.005333492162299864
-1 0.0 0 0 -0.0059816922692219505
43 106.5 25 26 -0.08516677113413255
-1 0.0 0 0 -0.006186178507004401
-1 0.0 0 0 -0.04050192610282176
-1 0.0 0 0 0.006660956069579497
-1 0.0 0 0 -0.00423305932439806
nodes 29
30 118.5 1 26 0.0
136 90.5 2 25 0.001101682605588794
78 102.5 3 24 0.002288119121630036
70 112.5 4 23 0.0038664190802594187
86 19.5 5 6 0.005290034039514368
-1 0.0 0 0 -0.0002273355903138903
46 45.5 7 20 0.01768431574551986
81 57.5 8 13 0.008108251893879275
64 99.5 9 12 -0.021009551666943356
2 11.276633262634277 10 11 -0.04465623198107395
-1 0.0 0 0 -0.006622477024168249
-1 0.0 0 0 0.001750862295387093
-1 0.0 0 0 0.003175562263519775
127 20.5 14 15 0.02583443928729849
-1 0.0 0 0 -0.0036332643511417006
2 10.798391342163086 16 19 0.036425943755589205
126 112.5 17 18 0.005087156493570747
-1 0.0 0 0 0.002070276535268562
-1 0.0 0 0 -0.010560339625889571
-1 0.0 0 0 0.006130421881129691
23 93.5 21 22 0.044447857648668286
-1 0.0 0 0 0.0022582087016117663
-1 0.0 0 0 0.010518722694488412
-1 0.0 0 0 -0.005455649402557209
-1 0.0 0 0 -0.005163072922173265
-1 0.0 0 0 -0.00632367143565451
65 33.5 27 28 -0.06582516235059538
-1 0.0 0 0 -0.022341208301829816
-1 0.0 0 0 -0.003648313538839069
nodes 29
120 123.5 1 28 0.0
112 16.5 2 21 0.0013208613952018732
118 88.5 3 20 -0.005736186138150089
40 3.5 4 11 -0.003171980087516319
73 91.5 5 10 -0.023433954226526776
11 68.5 6 9 -0.03813752728230012
99 108.5 7 8 -0.034015793877730016
-1 0.0 0 0 -0.003190530646475696
-1 0.0 0 0 -0.03261794527183826
-1 0.0 0 0 -0.021009819219658873
-1 0.0 0 0 0.0009523796491960413
18 120.5 12 17 0.005335977906365357
71 59.5 13 16 0.006886546238627487
71 1.5 14 15 0.010316357495003054
-1 0.0 0 0 -0.0010150747828364408
-1 0.0 0 0 0.002004243234001642
-1 0.0 0 0 -0.004251075210653446
64 6.5 18 19 -0.11719544336515851
-1 0.0 0 0 0.0025469013815245
-1 0.0 0 0 -0.021162814455930462
-1 0.0 0 0 -0.008124365876011445
128 3.5 22 23 0.013145828958264372
-1 0.0 0 0 -0.0021007797647499098
121 78.5 24 27 0.02198855730472949
25 108.5 25 26 0.02781788337125798
-1 0.0 0 0 0.003174459739429052
-1 0.0 0 0 -0.004334326133705399
-1 0.0 0 0 -0.0024991222049967916
-1 0.0 0 0 -0.005308166531193978
nodes 29
74 118.5 1 28 0.0
135 96.5 2 27 0.0006229096658069666
127 62.5 3 22 0.0019164968799941025
57 93.5 4 15 -0.0032628563600762017
59 75.5 5 12 -0.016598623288427445
45 21.5 6 9 -0.033801131706569724
105 105.5 7 8 -0.053699631286643325
-1 0.0 0 0 -0.0046178490836541
-1 0.0 0 0 -0.016238266900165933
89 33.5 10 11 -0.00756856132912419
-1 0.0 0 0 -0.006281088548955246
-1 0.0 0 0 0.0016130285764251306
19 5.5 13 14 0.006984413240047967
-1 0.0 0 0 -0.018054869212210178
-1 0.0 0 0 0.0010419133520011843
98 20.5 16 19 0.011375842505399655
63 36.5 17 18 -0.014039874212986997
-1 0.0 0 0 -0.005061790033657913
-1 0.0 0 0 0.0017174593371966883
1 9.682217597961426 20 21 0.03199666551704174
-1 0.0 0 0 -0.0033247285683467953
-1 0.0 0 0 0.004082862988963182
73 33.5 23 24 0.01803253638047216
-1 0.0 0 0 -0.004551118888479015
2 10.753339767456055 25 26 0.027553588943663197
-1 0.0 0 0 0.00035221051991286205
-1 0.0 0 0 0.0050319189611187035
-1 0.0 0 0 -0.0053693428579967865
-1 0.0 0 0 -0.011123671197518706
nodes 29
2 11.334516525268555 1 28 0.0
128 95.5 2 27 -0.0023119416329155564
125 55.5 3 24 -0.0005412254016634909
30 110.5 4 17 0.0023817383354341336
36 92.5 5 16 0.004043055431281013
82 91.5 6 15 0.005383651199276472
1 9.207636833190918 7 8 0.006907328902658649
-1 0.0 0 0 -0.002817434163817607
6 1.0002985000610352 9 12 0.00955011676470839
3 0.6086475253105164 10 11 0.00315292076768911
-1 0.0 0 0 0.0023767520847205433
-1 0.0 0 0 -0.0004978149462350216
77 67.5 13 14 0.03142826290950412
-1 0.0 0 0 0.004135484160068077
-1 0.0 0 0 -0.003090627482356604
-1 0.0 0 0 -0.005565183731323697
-1 0.0 0 0 -0.0068228635994302044
57 90.5 18 19 -0.053070103636451274
-1 0.0 0 0 -0.014388818995103745
85 60.5 20 23 -0.014490388869569024
127 14.5 21 22 -0.05890645161829266
-1 0.0 0 0 -0.0020687960806949264
-1 0.0 0 0 -0.022076176020433196
-1 0.0 0 0 0.008466444630721914
103 125.5 25 26 -0.03317058773264038
-1 0.0 0 0 -0.0027968211919423935
-1 0.0 0 0 -0.024561729311134737
-1 0.0 0 0 -0.005864968428111586
-1 0.0 0 0 0.0030450781731626037
nodes 29
33 16.5 1 8 0.0
75 98.5 2 7 -0.007807721041201655
28 126.5 3 6 -0.005648128884969401
98 116.5 4 5 -0.004378488132039195
-1 0.0 0 0 -0.00030889876282717355
-1 0.0 0 0 -0.013556974325679108
-1 0.0 0 0 -0.014134324082491757
-1 0.0 0 0 -0.009841903285716214
33 89.5 9 26 0.008427941007237835
50 75.5 10 21 0.014603344207398589
122 30.5 11 12 0.007140270059556209
-1 0.0 0 0 -0.001340612138131396
68 108.5 13 20 0.02661292136263609
84 43.5 14 15 0.029447348443531463
-1 0.0 0 0 -4.9427918591176716e-05
0 10.583523750305176 16 19 0.045165037939508657
33 43.5 17 18 -0.020176497682415383
-1 0.0 0 0 -0.008354695313454615
-1 0.0 0 0 0.005453087411206904
-1 0.0 0 0 0.0056780767513016864
-1 0.0 0 0 -0.022070372520494416
73 17.5 22 23 0.04306195835841411
-1 0.0 0 0 -0.01265799815679202
28 5.5 24 25 0.05068845748407117
-1 0.0 0 0 -0.005882238072172859
-1 0.0 0 0 0.005967840163596109
115 76.5 27 28 -0.021537579454805427
-1 0.0 0 0 -0.0045372848436180235
-1 0.0 0 0 0.0032543241304441523
nodes 29
6 1.014758825302124 1 26 0.0
2 10.857536315917969 2 9 -0.0035855330456276958
126 112.5 3 8 -0.01849597632182638
8 35.5 4 7 -0.013926011395292114
4 0.9690105319023132 5 6 -0.03957650578841212
-1 0.0 0 0 -0.008266683835773964
-1 0.0 0 0 -0.001420398529369239
-1 0.0 0 0 -0.0001424301612995011
-1 0.0 0 0 -0.008753970599392473
44 77.5 10 23 0.005837275320249936
5 1.326019287109375 11 14 0.009390335022077046
127 38.5 12 13 -0.00020268704744834636
-1 0.0 0 0 -0.0011258815995694646
-1 0.0 0 0 0.0021857140412098685
112 15.5 15 22 0.030797420127386437
122 12.5 16 17 0.011432947558466414
-1 0.0 0 0 -0.0027244996292994043
22 22.5 18 19 0.03779297273776364
-1 0.0 0 0 -0.001608303997638666
77 25.5 20 21 0.06741439232449603
-1 0.0 0 0 0.0014407973989822055
-1 0.0 0 0 0.011201505911260632
-1 0.0 0 0 0.00610392596293971
131 15.5 24 25 -0.045625825596813975
-1 0.0 0 0 -0.00836704517782579
-1 0.0 0 0 0.00458208905457393
7 0.14750000089406967 27 28 0.018184675372158274
-1 0.0 0 0 0.006346755550686517
-1 0.0 0 0 0.000718555589079141
nodes 29
94 101.5 1 8 0.0
17 61.5 2 7 -0.00454151748780729
103 105.5 3 6 0.0005437104111641781
69 98.5 4 5 0.002756709936927556
-1 0.0 0 0 0.0005507595109091227
-1 0.0 0 0 -0.005244796692585829
-1 0.0 0 0 -0.009294885389111636
-1 0.0 0 0 -0.0031956781610000986
95 43.5 9 12 0.014247302935581976
18 41.5 10 11 -0.039589186611257175
-1 0.0 0 0 -0.008089142918184872
-1 0.0 0 0 0.001083334658713647
46 87.5 13 28 0.02527941946441738
47 113.5 14 27 0.028910966384989956
67 85.5 15 26 0.03079704041251307
0 9.886900901794434 16 17 0.03593294833878887
-1 0.0 0 0 -0.005557285231236169
123 78.5 18 25 0.041742934260509644
6 1.0 19 22 0.045011947407566096
5 1.663453221321106 20 21 0.03421566810633587
-1 0.0 0 0 0.002541416644129991
-1 0.0 0 0 0.010495343095443983
32 6.5 23 24 0.09966918755418501
-1 0.0 0 0 0.006834243123562411
-1 0.0 0 0 0.019842108164448292
-1 0.0 0 0 -0.013769874408242667
-1 0.0 0 0 -0.006111896394197729
-1 0.0 0 0 -0.021218754073625487
-1 0.0 0 0 -0.0104309854660536
nodes 29
2 11.229341506958008 1 26 0.0
6 1.0261151790618896 2 25 -0.0033924678572907563
11 68.5 3 22 -0.007285733415437296
39 81.5 4 21 -0.005805139515847604
8 46.5 5 20 -0.004713846812872997
109 86.5 6 17 -0.009541909957490484
2 10.861591339111328 7 10 -0.008185143768661416
20 78.5 8 9 -0.020046927145402668
-1 0.0 0 0 -0.0016622075442447157
-1 0.0 0 0 -0.011167717844573002
5 1.33902907371521 11 12 0.0037963768242513037
-1 0.0 0 0 -0.0007612940565370873
100 100.5 13 16 0.030808433545865255
4 0.8906134963035583 14 15 0.037203270272873575
-1 0.0 0 0 -3.326728355651593e-05
-1 0.0 0 0 0.006175996826147646
-1 0.0 0 0 -0.011387228785011059
13 53.5 18 19 -0.10885910591807234
-1 0.0 0 0 -0.007426529365130602
-1 0.0 0 0 -0.03891576873616148
-1 0.0 0 0 0.0018621644072253892
-1 0.0 0 0 -0.01093688170281378
41 70.5 23 24 -0.08629952064993601
-1 0.0 0 0 -0.015109619923309142
-1 0.0 0 0 0.003644034166623337
-1 0.0 0 0 0.0019878601783801203
41 134.5 27 28 0.01937307031534553
-1 0.0 0 0 0.0021109131203196478
-1 0.0 0 0 -0.031072650707459876
nodes 29
15 80.5 1 24 0.0
72 120.5 2 21 0.0016737535111279386
15 10.5 3 18 0.002739994301209326
77 76.5 4 17 -0.0034373810915216702
81 82.5 5 10 0.0009967780581863585
83 70.5 6 7 -0.014848216335364692
-1 0.0 0 0 -0.003398533472893446
24 9.5 8 9 0.013106240465295006
-1 0.0 0 0 -0.003628442214198037
-1 0.0 0 0 0.003952772087423147
76 99.5 11 16 0.013950019987220563
41 51.5 12 13 0.017524407126624026
-1 0.0 0 0 -0.002562761436088629
43 2.5 14 15 0.026906702707620588
-1 0.0 0 0 4.044045519334591e-05
-1 0.0 0 0 0.004548221631677991
-1 0.0 0 0 -0.012397184761357495
-1 0.0 0 0 -0.004829768554573762
77 41.5 19 20 0.014699471688893498
-1 0.0 0 0 0.00031787723169232645
-1 0.0 0 0 0.0046246584605829835
57 43.5 22 23 -0.07515894233509333
-1 0.0 0 0 -0.02100614438014519
-1 0.0 0 0 -0.00044791065086053386
68 92.5 25 28 -0.03868150333099509
80 76.5 26 27 -0.027983654396810127
-1 0.0 0 0 -0.0021511391663423533
-1 0.0 0 0 -0.0327692567370832
-1 0.0 0 0 -0.025434041252695105
nodes 29
48 95.5 1 28 0.0
2 11.0372896194458 2 13 0.0015356845168945266
6 1.0321950912475586 3 12 -0.004754517362954804
0 9.726631164550781 4 5 -0.009961712409277254
-1 0.0 0 0 -0.010836693119713022
124 114.5 6 11 -0.008370468364538102
125 71.5 7 10 -0.006447180363317736
13 100.5 8 9 -0.003927956320412258
-1 0.0 0 0 -0.0002916112906792005
-1 0.0 0 0 -0.017466096554708203
-1 0.0 0 0 -0.00705994459360019
-1 0.0 0 0 -0.009553418465699938
-1 0.0 0 0 0.0023102572578254047
105 3.5 14 15 0.013352778183049085
-1 0.0 0 0 -0.0016439329721245127
5 1.4605600833892822 16 19 0.02179004338154489
6 1.0715585947036743 17 18 0.014008080544199776
-1 0.0 0 0 0.001487835844785661
-1 0.0 0 0 -0.043197587285286346
20 5.5 20 27 0.06724914659561605
58 99.5 21 26 -0.0045618843898456805
57 72.5 22 23 0.011282694969053843
-1 0.0 0 0 -0.007453670603231931
54 34.5 24 25 0.07947502260132937
-1 0.0 0 0 -0.006206611515922531
-1 0.0 0 0 0.014961087785936206
-1 0.0 0 0 -0.04168653950986007
-1 0.0 0 0 0.010810091387933637
-1 0.0 0 0 -0.004216828967918865
nodes 29
6 0.9409682750701904 1 6 0.0
7 0.1274999976158142 2 5 -0.012484622661119434
3 0.6274387836456299 3 4 -0.007448851217650787
-1 0.0 0 0 0.0015435754325780083
-1 0.0 0 0 -0.001970461579775824
-1 0.0 0 0 -0.005889553905152448
104 14.5 7 26 0.005202139495119728
27 41.5 8 15 -0.005529876745392259
100 102.5 9 14 -0.021974010760276448
93 1.5 10 11 -0.01686181881328832
-1 0.0 0 0 0.0012372562620529088
120 122.5 12 13 -0.035300688434070276
-1 0.0 0 0 -0.003084411589242964
-1 0.0 0 0 -0.018531152256382088
-1 0.0 0 0 -0.014120972865636858
60 34.5 16 17 0.01534321414382454
-1 0.0 0 0 -0.0033179595366022124
2 10.19660472869873 18 19 0.028604076024279983
-1 0.0 0 0 -0.0035464507929678494
81 29.5 20 21 0.04316940995928086
-1 0.0 0 0 -0.017046070336714708
65 107.5 22 25 0.048163779124529175
46 55.5 23 24 0.05163256682995629
-1 0.0 0 0 0.005686366595952697
-1 0.0 0 0 -0.01107450204369213
-1 0.0 0 0 -0.02087228575509694
38 1.5 27 28 0.014183329181671537
-1 0.0 0 0 -0.00031334054112951
-1 0.0 0 0 0.003047157830050022
nodes 29
34 103.5 1 28 0.0
118 88.5 2 25 0.0008200290945236956
94 101.5 3 20 0.0025021528096172965
97 78.5 4 11 -0.0021533738020795474
19 87.5 5 8 -0.01190625508004473
2 11.271401405334473 6 7 -0.02495789725735637
-1 0.0 0 0 -0.00341432013185183
-1 0.0 0 0 0.0017260281663760658
100 13.5 9 10 0.028836052628874818
-1 0.0 0 0 -0.0011266181259540502
-1 0.0 0 0 0.005537408127077235
93 34.5 12 19 0.01086797528840194
19 59.5 13 18 0.017297727047169864
68 109.5 14 17 0.02195824268987318
2 10.630142211914062 15 16 0.025358030600718912
-1 0.0 0 0 -0.00022203181319543062
-1 0.0 0 0 0.003801951126776846
-1 0.0 0 0 -0.012678247840962775
-1 0.0 0 0 -0.008698131045831677
-1 0.0 0 0 -0.00803770541106475
127 15.5 21 22 0.018481795734850464
-1 0.0 0 0 -0.0055565636458292525
129 95.5 23 24 0.025359735936285262
-1 0.0 0 0 0.0030921861130922715
-1 0.0 0 0 -0.006602907108116063
41 21.5 26 27 -0.037665785828952504
-1 0.0 0 0 -0.015671731533855378
-1 0.0 0 0 -0.0018059929685542908
-1 0.0 0 0 -0.007611703646297265
nodes 29
16 124.5 1 28 0.0
2 11.394479751586914 2 25 0.0003491489518419018
66 90.5 3 24 -0.001291461771765957
79 96.5 4 21 0.00015467091637505533
131 104.5 5 20 0.0011299238052790716
110 61.5 6 19 0.0019020208208100902
2 10.928632736206055 7 10 0.0031724709980845076
6 1.0321950912475586 8 9 -0.004705213016370956
-1 0.0 0 0 -0.0010815395836309743
-1 0.0 0 0 0.0023186807425238177
47 113.5 11 16 0.013374858299569145
5 1.305641770362854 12 13 0.016133078276208208
-1 0.0 0 0 0.0004424922562760146
133 111.5 14 15 0.03717431502005579
-1 0.0 0 0 0.003975773679533815
-1 0.0 0 0 -0.020716407621835565
31 24.5 17 18 -0.06603830249792099
-1 0.0 0 0 -0.017540478943570106
-1 0.0 0 0 1.2167108172374499e-05
-1 0.0 0 0 -0.005590996625632234
-1 0.0 0 0 -0.010355260289746383
57 72.5 22 23 -0.07836033658826412
-1 0.0 0 0 -0.012499497138592943
-1 0.0 0 0 0.004911901181849251
-1 0.0 0 0 -0.005247203723975148
6 0.6496198773384094 26 27 0.03671488892616729
-1 0.0 0 0 -0.0429968178480992
-1 0.0 0 0 0.0040240236400719935
-1 0.0 0 0 -0.017190022580325603
nodes 29
104 88.5 1 28 0.0
52 105.5 2 27 0.0017645965782650164
108 101.5 3 26 0.0031269934849217996
110 84.5 4 25 0.0041250021537889954
2 11.009324073791504 5 6 0.004930895587557773
-1 0.0 0 0 -0.00015536799579347733
129 6.5 7 10 0.016112633020775327
19 62.5 8 9 -0.00823740707925139
-1 0.0 0 0 -0.0029092434968067803
-1 0.0 0 0 0.004563530096313917
75 103.5 11 24 0.026595004072533665
115 36.5 12 23 0.030757243045186077
41 26.5 13 18 0.01574139788342351
54 35.5 14 17 -0.027674111622366666
49 42.5 15 16 -0.07754796619217996
-1 0.0 0 0 -0.015292928364708028
-1 0.0 0 0 -0.00040940119676606356
-1 0.0 0 0 0.0016613361451764822
94 48.5 19 22 0.038426564507559276
61 106.5 20 21 -0.0018303650893273934
-1 0.0 0 0 0.0014053949808235512
-1 0.0 0 0 -0.016611485377034996
-1 0.0 0 0 0.006377466577889898
-1 0.0 0 0 0.00580064242694748
-1 0.0 0 0 -0.008114460551027132
-1 0.0 0 0 -0.008491414485562893
-1 0.0 0 0 -0.0070248612421100354
-1 0.0 0 0 -0.004704805423332616
-1 0.0 0 0 -0.003321103237778584
nodes 29
6 0.9378917813301086 1 4 0.0
117 123.5 2 3 -0.01212207846082096
-1 0.0 0 0 -0.0011149542763454685
-1 0.0 0 0 -0.02734444895680273
51 63.5 5 16 0.004769367038391274
67 87.5 6 15 -0.0006411893456299038
113 114.5 7 14 0.0028813976589411546
83 68.5 8 11 0.00578710316786119
25 61.5 9 10 -0.0026367243514138273
-1 0.0 0 0 0.00066509192790964
-1 0.0 0 0 -0.005558080958289665
2 10.63595199584961 12 13 0.0234560405877189
-1 0.0 0 0 -0.0018554942196775369
-1 0.0 0 0 0.0043844104380975
-1 0.0 0 0 -0.00607555431956603
-1 0.0 0 0 -0.008506964561647817
81 45.5 17 18 0.02160167215499461
-1 0.0 0 0 -0.0063885165254183715
2 10.616951942443848 19 20 0.030495386239192422
-1 0.0 0 0 -0.00014834321586698648
23 102.5 21 28 0.05096005690156473
60 57.5 22 23 0.05547680775007942
-1 0.0 0 0 5.0778543389697226e-05
65 93.5 24 27 0.0730434387221804
6 1.0049721002578735 25 26 0.08368451138443107
-1 0.0 0 0 0.006954074605078259
-1 0.0 0 0 0.016995979814021792
-1 0.0 0 0 -0.005479930748767642
-1 0.0 0 0 -0.026502738975477027
nodes 29
74 118.5 1 26 0.0
101 117.5 2 25 0.0005621370183127123
70 112.5 3 24 0.0018612260958789765
102 47.5 4 17 0.0031047488371429848
57 94.5 5 10 -0.001765012354672442
59 82.5 6 7 -0.012840854818635805
-1 0.0 0 0 -0.0030255348680163336
100 9.5 8 9 0.01714254964793245
-1 0.0 0 0 -0.0020718958060937766
-1 0.0 0 0 0.003543395812583563
93 34.5 11 16 0.01170860137257696
68 120.5 12 15 0.01616698149705754
127 104.5 13 14 0.0186970862245268
-1 0.0 0 0 0.0020406205128180614
-1 0.0 0 0 -0.015665331444958228
-1 0.0 0 0 -0.016620136084322692
-1 0.0 0 0 -0.010382450609332508
113 123.5 18 23 0.01779860335428343
61 54.5 19 20 0.021563000974631104
-1 0.0 0 0 0.000744685680780613
67 108.5 21 22 0.05501921035249662
-1 0.0 0 0 0.005927606046408206
-1 0.0 0 0 -0.026568123492907037
-1 0.0 0 0 -0.01390335169379748
-1 0.0 0 0 -0.004885365656879277
-1 0.0 0 0 -0.0043697715600011285
104 55.5 27 28 -0.10038417836965527
-1 0.0 0 0 -0.0065090743513272695
-1 0.0 0 0 -0.040445069405541295
nodes 29
6 1.002241611480713 1 26 0.0
107 104.5 2 23 -0.004160400267730604
0 10.931445121765137 3 6 -0.0026924025697568116
117 70.5 4 5 -0.017341803348291305
-1 0.0 0 0 -0.0014392873318675552
-1 0.0 0 0 -0.015111492267579069
42 125.5 7 22 0.004898813967528168
47 111.5 8 19 0.005527013175052066
3 0.6393026113510132 9 18 0.007823433882456366
17 86.5 10 17 0.023791629822783215
120 74.5 11 14 0.03211160824039255
4 0.9673089385032654 12 13 0.022263219014494726
-1 0.0 0 0 0.0017163679563665661
-1 0.0 0 0 0.01569811239816234
68 21.5 15 16 0.07935098002624401
-1 0.0 0 0 0.0024519198735729283
-1 0.0 0 0 0.012991415555016168
-1 0.0 0 0 -0.003478152452390564
-1 0.0 0 0 -0.00015067944806865187
31 46.5 20 21 -0.05220580917074378
-1 0.0 0 0 -0.011645962975908015
-1 0.0 0 0 0.0021227128644497775
-1 0.0 0 0 -0.021974522264301778
94 1.5 24 25 -0.08024695574390005
-1 0.0 0 0 -0.0025414404672603414
-1 0.0 0 0 -0.01638665961276274
7 0.14750000089406967 27 28 0.014131344981011415
-1 0.0 0 0 0.004833220175678301
-1 0.0 0 0 0.00040676794755986823
nodes 29
2 11.404928207397461 1 28 0.0
48 95.5 2 27 -0.0015307522624734842
136 80.5 3 26 -2.2863602915953387e-05
11 111.5 4 25 0.0013938138287352038
99 76.5 5 24 0.0019065568620067984
58 98.5 6 23 0.0033004552021984085
2 10.924859046936035 7 14 0.004582822134469288
6 1.0321950912475586 8 13 -0.0030703217229160933
1 8.570734024047852 9 12 -0.009449111024954717
128 18.5 10 11 -0.1250426494191768
-1 0.0 0 0 -0.019958796054407053
-1 0.0 0 0 0.006963323502928662
-1 0.0 0 0 -0.0007783794443697737
-1 0.0 0 0 0.002556819795943616
79 96.5 15 22 0.014458288711056026
5 1.385108232498169 16 19 0.016661179631057003
103 125.5 17 18 0.008120585033863625
-1 0.0 0 0 0.0009620102106905793
-1 0.0 0 0 -0.01731681174132973
75 77.5 20 21 0.04446295185430343
-1 0.0 0 0 0.00533289704193614
-1 0.0 0 0 -0.005403754011573624
-1 0.0 0 0 -0.009362825007673482
-1 0.0 0 0 -0.005406135053671021
-1 0.0 0 0 -0.004731543905104488
-1 0.0 0 0 -0.013737372185366116
-1 0.0 0 0 -0.00488632404075573
-1 0.0 0 0 -0.004380644858913255
-1 0.0 0 0 0.003750451595034253
nodes 29
82 88.5 1 28 0.0
1 8.898092269897461 2 3 0.0013045727063438586
-1 0.0 0 0 -0.003893111018294824
6 1.019826054573059 4 27 0.00280880455448747
131 107.5 5 26 -0.00038788961965379316
42 115.5 6 23 0.0003762787754206144
124 118.5 7 22 0.0016375970852225315
101 130.5 8 21 0.002862757936765061
109 86.5 9 18 0.0034122961936789956
2 11.10001277923584 10 17 0.004722244060801288
16 108.5 11 16 -0.0019298976379484316
29 57.5 12 15 -0.0008219246768958649
132 70.5 13 14 0.002095137718988321
-1 0.0 0 0 0.0003554926762468307
-1 0.0 0 0 -0.010584265384340898
-1 0.0 0 0 -0.004745168383597731
-1 0.0 0 0 -0.014000331324328166
-1 0.0 0 0 0.0019465417337167315
31 104.5 19 20 -0.06489383211879952
-1 0.0 0 0 -0.009669327165295293
-1 0.0 0 0 0.009041235917746755
-1 0.0 0 0 -0.016670489698517168
-1 0.0 0 0 -0.00721355633250132
81 62.5 24 25 -0.06931131396675212
-1 0.0 0 0 -0.01640828079207862
-1 0.0 0 0 -0.001500793969382021
-1 0.0 0 0 -0.013367021945696013
-1 0.0 0 0 0.002464591563499598
-1 0.0 0 0 -0.0040574213881675834
nodes 29
15 78.5 1 26 0.0
72 120.5 2 23 0.0015607460329022
21 71.5 3 20 0.0024937055617953374
108 123.5 4 19 0.004442768234814637
128 73.5 5 16 0.004859197386071652
126 113.5 6 11 0.007185386039040297
1 9.421977996826172 7 8 0.00957586821700039
-1 0.0 0 0 -0.0019189740693942867
56 94.5 9 10 0.012421712637637469
-1 0.0 0 0 0.0014346141990340166
-1 0.0 0 0 -0.003917051201950783
2 10.807138442993164 12 13 -0.026831273727083996
-1 0.0 0 0 -0.007354192072703257
57 41.5 14 15 0.0015039451968517493
-1 0.0 0 0 0.002228788829487916
-1 0.0 0 0 -0.010395995883671306
19 87.5 17 18 -0.024934855515024248
-1 0.0 0 0 -0.004359888543530358
-1 0.0 0 0 0.003289716343653631
-1 0.0 0 0 -0.016596644706188296
23 2.5 21 22 -0.030756330979079
-1 0.0 0 0 -0.008949978942889132
-1 0.0 0 0 -0.0003044021484393531
57 43.5 24 25 -0.06556240253651138
-1 0.0 0 0 -0.01864950890098066
-1 0.0 0 0 -0.0002119736705313755
80 82.5 27 28 -0.034097336400220286
-1 0.0 0 0 -0.0028793741272031097
-1 0.0 0 0 -0.03182816420190243
nodes 29
24 101.5 1 28 0.0
32 51.5 2 23 0.0012925646705583764
18 12.5 3 6 -0.00332755867648875
68 82.5 4 5 -0.021341063752850303
-1 0.0 0 0 -0.0015571782211828214
-1 0.0 0 0 -0.00955506552074897
73 65.5 7 8 0.005754821167751162
-1 0.0 0 0 -0.0014948684908266232
123 77.5 9 22 0.018180613360209083
22 112.5 10 21 0.021079614553237317
2 10.073399543762207 11 12 0.022236062577354068
-1 0.0 0 0 -0.0033179985294888564
6 1.0 13 14 0.02816999749557047
-1 0.0 0 0 0.0019452679123832348
103 15.5 15 18 0.06933371233090227
19 53.5 16 17 0.02531060267316263
-1 0.0 0 0 -0.008434928121046657
-1 0.0 0 0 0.007413127255736514
46 102.5 19 20 0.11539633520097681
-1 0.0 0 0 0.012449131403846845
-1 0.0 0 0 -0.03742576605904646
-1 0.0 0 0 -0.02658722338459964
-1 0.0 0 0 -0.012518422466505247
89 76.5 24 25 0.01479704402387394
-1 0.0 0 0 -0.0021582646638629416
102 116.5 26 27 0.028205757348681634
-1 0.0 0 0 0.003114565646703573
-1 0.0 0 0 -0.015872966069486957
-1 0.0 0 0 -0.0040863919469506845
nodes 29
2 11.204346656799316 1 22 0.0
12 77.5 2 21 -0.00329517844909364
118 91.5 3 18 -0.002368763042912635
39 88.5 4 17 -0.0006634457856413349
6 1.0002985000610352 5 12 0.0002261712818269876
92 81.5 6 11 -0.005082293326189344
105 89.5 7 8 -0.002580583483915026
-1 0.0 0 0 3.839389690008611e-05
30 25.5 9 10 -0.04568112146036759
-1 0.0 0 0 -0.0021996392332434035
-1 0.0 0 0 -0.016311790338637146
-1 0.0 0 0 -0.005233734960114299
122 116.5 13 16 0.01466893246203866
77 104.5 14 15 0.01822104588861105
-1 0.0 0 0 0.0022955568341113002
-1 0.0 0 0 -0.00516642669616617
-1 0.0 0 0 -0.008238140009540554
-1 0.0 0 0 -0.00934366674348712
25 47.5 19 20 -0.050403555560748346
-1 0.0 0 0 -0.0031921110372772534
-1 0.0 0 0 -0.021478859746792155
-1 0.0 0 0 -0.009986020641065192
41 135.5 23 28 0.015802903389808554
48 1.5 24 25 0.017066734536298964
-1 0.0 0 0 -0.004316014312938698
3 0.6839337944984436 26 27 0.023128949145107842
-1 0.0 0 0 0.005172530906570898
-1 0.0 0 0 0.0008663350384111953
-1 0.0 0 0 -0.02937153626292471
nodes 29
34 103.5 1 28 0.0
98 102.5 2 25 0.0007459804649729758
66 11.5 3 22 0.0020251955635102255
125 103.5 4 21 -0.005638326632448725
94 81.5 5 8 -0.003868522496868974
26 122.5 6 7 -0.013385844506317373
-1 0.0 0 0 -0.0011980735436462192
-1 0.0 0 0 -0.017499605058917716
115 52.5 9 20 0.014228919103544041
114 81.5 10 19 0.017590655779510977
0 10.506600379943848 11 14 0.019191204020680266
17 117.5 12 13 -0.017155588666914683
-1 0.0 0 0 -0.004688451596201387
-1 0.0 0 0 0.004331300550611781
97 82.5 15 18 0.03331631847515128
89 32.5 16 17 0.04056273033708005
-1 0.0 0 0 0.004837208589170267
-1 0.0 0 0 -0.00439526842186498
-1 0.0 0 0 -0.0066491603225932
-1 0.0 0 0 -0.028730339099284165
-1 0.0 0 0 -0.01141876800859183
-1 0.0 0 0 -0.00896380141614842
71 90.5 23 24 0.010351226755203297
-1 0.0 0 0 0.0011510664553738197
-1 0.0 0 0 -0.014133138977644857
44 7.5 26 27 -0.03941680167141408
-1 0.0 0 0 -0.01409817039898003
-1 0.0 0 0 -0.0005988508567107614
-1 0.0 0 0 -0.00692436702655533
nodes 29
58 60.5 1 26 0.0
134 104.5 2 25 0.0023945954937935345
2 11.10001277923584 3 10 0.0032096479516646173
28 100.5 4 7 -0.0017702706534301676
53 88.5 5 6 0.0010145371025400039
-1 0.0 0 0 0.00046551765788254394
-1 0.0 0 0 -0.0036157482498884843
59 51.5 8 9 -0.042783508113929954
-1 0.0 0 0 -0.00874615207762406
-1 0.0 0 0 0.00022815366017629163
22 22.5 11 18 0.016697707678196463
41 12.5 12 15 0.0009466682874849747
31 62.5 13 14 -0.0637854867538913
-1 0.0 0 0 -0.009938317097648449
-1 0.0 0 0 0.006398477268791634
19 53.5 16 17 0.016609967232008808
-1 0.0 0 0 -0.0010903877625428047
-1 0.0 0 0 0.00544389405092897
6 1.0056920051574707 19 22 0.036033488843177
3 0.6822696328163147 20 21 0.027832814226141766
-1 0.0 0 0 0.0073472202306128056
-1 0.0 0 0 0.0003702972267607982
121 6.5 23 24 0.15616408319272398
-1 0.0 0 0 -0.007485997333824066
-1 0.0 0 0 0.02183081312534147
-1 0.0 0 0 -0.007809510903554705
28 12.5 27 28 -0.02126623165367559
-1 0.0 0 0 -0.005337066364961941
-1 0.0 0 0 0.0008020955362826193
nodes 29
20 92.5 1 24 0.0
78 102.5 2 21 0.0014798080658792606
15 78.5 3 16 0.002852082740188391
38 80.5 4 15 0.004636508738641377
74 117.5 5 14 0.005614587952519311
2 11.200472831726074 6 9 0.006257576884395659
132 65.5 7 8 0.00259382117167334
-1 0.0 0 0 0.000415647872670188
-1 0.0 0 0 -0.006518605028002192
121 1.5 10 13 0.024571847943862423
6 1.0393445491790771 11 12 -0.03834254867260796
-1 0.0 0 0 -0.002698792650178576
-1 0.0 0 0 -0.0512965755412976
-1 0.0 0 0 0.0031463929272720712
-1 0.0 0 0 -0.009696647243889465
-1 0.0 0 0 -0.006503876578682087
54 100.5 17 18 -0.03401509390316744
-1 0.0 0 0 -0.0051932445422560435
77 23.5 19 20 0.04973994839808935
-1 0.0 0 0 -0.00363540228386215
-1 0.0 0 0 0.014632662237927436
15 27.5 22 23 -0.0436629983071958
-1 0.0 0 0 -0.006474906003422869
-1 0.0 0 0 0.008809476454143546
120 32.5 25 26 -0.03355024890239885
-1 0.0 0 0 -0.007734163508965644
82 14.5 27 28 0.004000543073060522
-1 0.0 0 0 -0.005864394412142895
-1 0.0 0 0 0.005249423385524134
nodes 29
6 0.9604427814483643 1 12 0.0
8 34.5 2 5 -0.00896838356431818
2 10.865535736083984 3 4 -0.04512474276991105
-1 0.0 0 0 -0.008361880288653733
-1 0.0 0 0 -0.001508478504233201
7 0.14750000089406967 6 11 -0.003139028437316046
129 10.5 7 10 0.0017176997254726152
136 99.5 8 9 -0.01564133770363101
-1 0.0 0 0 -0.0013736315715482412
-1 0.0 0 0 -0.025955060644205226
-1 0.0 0 0 0.0014109673887631698
-1 0.0 0 0 -0.004523172580654686
71 119.5 13 28 0.00559816238432014
114 125.5 14 27 0.006302217481928757
132 4.5 15 16 0.007058151247841696
-1 0.0 0 0 -6.375561992096068e-05
90 90.5 17 24 0.018940449587826362
27 43.5 18 19 0.008454701843087128
-1 0.0 0 0 -0.0011920839749057193
49 37.5 20 21 0.038820831570734474
-1 0.0 0 0 -0.006085842348738329
76 96.5 22 23 0.052921716084864505
-1 0.0 0 0 0.0059584755839792655
-1 0.0 0 0 -0.0157764345439679
65 58.5 25 26 0.05450286092153739
-1 0.0 0 0 -0.002588079269535049
-1 0.0 0 0 0.008729458152819648
-1 0.0 0 0 -0.012087142739516612
-1 0.0 0 0 -0.013270088912843545
nodes 29
96 109.5 1 28 0.0
44 120.5 2 27 0.000941556225736147
29 85.5 3 24 0.001688539049609805
2 11.516220092773438 4 23 0.0031071249339258825
70 83.5 5 20 0.0023250634458974553
70 29.5 6 11 0.0040970846528681475
56 119.5 7 10 0.0003283636085807635
66 11.5 8 9 0.001113601638960676
-1 0.0 0 0 -0.0008643904083756991
-1 0.0 0 0 0.0009906737727127053
-1 0.0 0 0 -0.012896617314939414
127 71.5 12 15 0.021895782233299164
129 7.5 13 14 0.004679906285506622
-1 0.0 0 0 -0.0029302292927456397
-1 0.0 0 0 0.002564840068682711
110 99.5 16 19 0.05757066847412266
84 40.5 17 18 0.06059279805255877
-1 0.0 0 0 0.0063932037429621155
-1 0.0 0 0 -0.029002733653899104
-1 0.0 0 0 -0.03268442139029503
127 61.5 21 22 -0.030161854745016783
-1 0.0 0 0 -0.00576914468302715
-1 0.0 0 0 0.0016299705413857818
-1 0.0 0 0 0.007596320248215979
18 48.5 25 26 -0.035586578293150525
-1 0.0 0 0 -0.005826583658493659
-1 0.0 0 0 0.0037731023909395966
-1 0.0 0 0 -0.007078523013178681
-1 0.0 0 0 -0.005206186579986327
nodes 29
36 92.5 1 24 0.0
68 46.5 2 21 0.000969351017535927
89 76.5 3 12 -0.003140367768850404
102 48.5 4 7 -0.013785228244845151
47 78.5 5 6 -0.028052349908786262
-1 0.0 0 0 -0.0023367465637922024
-1 0.0 0 0 -0.01349262723378767
118 14.5 8 9 0.01105645057590996
-1 0.0 0 0 -0.002451655922765642
87 43.5 10 11 0.03294383025450684
-1 0.0 0 0 -0.002154477143242305
-1 0.0 0 0 0.005315304514901837
93 30.5 13 20 0.009264446649132788
1 9.5901460647583 14 15 0.014814979768585576
-1 0.0 0 0 -0.0033393850119865565
97 44.5 16 17 0.021351898348906183
-1 0.0 0 0 -0.0024780982941595728
19 67.5 18 19 0.029287211615162366
-1 0.0 0 0 0.003289810891605535
-1 0.0 0 0 -0.009431298499177948
-1 0.0 0 0 -0.007512054716114183
19 93.5 22 23 0.013933411335627664
-1 0.0 0 0 0.0001466703791649822
-1 0.0 0 0 0.004541112235247228
66 49.5 25 28 -0.04972143937309094
17 0.5 26 27 -0.05928895566881295
-1 0.0 0 0 -0.030177225803490727
-1 0.0 0 0 -0.004703458789288904
-1 0.0 0 0 0.0244922627289607
nodes 29
8 51.5 1 28 0.0
6 0.9604427814483643 2 3 -0.0018904007134846299
-1 0.0 0 0 -0.0012856691573754936
39 93.5 4 27 0.00427244472974532
2 11.327414512634277 5 24 0.005321285588882904
66 80.5 6 23 0.0029329564652283966
52 98.5 7 22 0.005222473529737785
77 105.5 8 19 0.007191981207071945
13 4.5 9 12 0.009580413914167932
74 77.5 10 11 6.730169943603776e-05
-1 0.0 0 0 0.0003010070053515568
-1 0.0 0 0 -0.007193001096341866
4 0.9440792202949524 13 14 0.024199756920902087
-1 0.0 0 0 0.00041724948338487354
12 74.5 15 16 0.0449745664088486
-1 0.0 0 0 0.004860697128943348
125 46.5 17 18 -0.13457307012970834
-1 0.0 0 0 -0.002810828111895168
-1 0.0 0 0 -0.04921855665504551
47 17.5 20 21 -0.03612536957201193
-1 0.0 0 0 -0.008016779818172169
-1 0.0 0 0 0.0034174022321488656
-1 0.0 0 0 -0.005858520763129614
-1 0.0 0 0 -0.005578907434365982
99 123.5 25 26 0.04605303486668552
-1 0.0 0 0 0.005038475624232396
-1 0.0 0 0 -0.03881646906154166
-1 0.0 0 0 -0.009412924776789199
-1 0.0 0 0 0.002589861370530402
nodes 29
48 110.5 1 28 0.0
112 119.5 2 25 0.0009870009325764042
130 12.5 3 18 0.0013466623852054996
80 21.5 4 7 -0.004052857236240627
31 114.5 5 6 -0.01667828949384762
-1 0.0 0 0 -0.0023796988366033447
-1 0.0 0 0 0.003443401344924932
49 53.5 8 9 0.007057505963056383
-1 0.0 0 0 -0.0029353427097757972
76 99.5 10 17 0.01626775946681958
57 32.5 11 16 0.018360816540075552
26 24.5 12 13 0.025676736965689683
-1 0.0 0 0 0.0006738708154922304
2 10.583043098449707 14 15 0.04780001640084835
-1 0.0 0 0 -2.4706640550376555e-05
-1 0.0 0 0 0.006657635912148879
-1 0.0 0 0 -0.0022727969246549725
-1 0.0 0 0 -0.014152283630984553
83 99.5 19 24 0.01051036830209032
115 117.5 20 23 0.0005495140843454662
98 103.5 21 22 0.006198947234613056
-1 0.0 0 0 0.0010584873634322054
-1 0.0 0 0 -0.006736633585330326
-1 0.0 0 0 -0.006684037960976838
-1 0.0 0 0 0.0034502372387139185
88 42.5 26 27 -0.140601874694579
-1 0.0 0 0 -0.023122411169525653
-1 0.0 0 0 0.010006701701213837
-1 0.0 0 0 -0.004891212271025791
nodes 29
33 16.5 1 4 0.0
75 98.5 2 3 -0.00670539732239721
-1 0.0 0 0 -0.00048449923623679336
-1 0.0 0 0 -0.008476353133195735
131 6.5 5 20 0.0072380523861253895
25 58.5 6 19 -0.0025739020527398237
64 116.5 7 18 0.012453881658644712
65 78.5 8 11 0.005212480878232689
112 19.5 9 10 0.026147777362407178
-1 0.0 0 0 -1.6684054784846996e-05
-1 0.0 0 0 0.005977281241266261
16 7.5 12 13 -0.02139345843228805
-1 0.0 0 0 -0.005888200053098481
78 24.5 14 15 0.012204968283413505
-1 0.0 0 0 -0.0025793015886928713
5 1.1758637428283691 16 17 0.08372498360152629
-1 0.0 0 0 -0.0054344989509592136
-1 0.0 0 0 0.011980649396143923
-1 0.0 0 0 0.006505938287810729
-1 0.0 0 0 -0.0033593024244497277
76 38.5 21 24 0.02084624060705902
98 106.5 22 23 0.004003896918785625
-1 0.0 0 0 0.0008995010519838403
-1 0.0 0 0 -0.011394786127079986
9 94.5 25 28 0.041899170217400764
27 27.5 26 27 0.04580273654318036
-1 0.0 0 0 0.005549150910129483
-1 0.0 0 0 -0.003382650879701894
-1 0.0 0 0 -0.015283443598383212
nodes 29
6 1.0042262077331543 1 28 0.0
107 104.5 2 27 -0.0036998156604398933
0 10.93569278717041 3 6 -0.002402219860960144
117 61.5 4 5 -0.015217509391140537
-1 0.0 0 0 -0.0012406831512155273
-1 0.0 0 0 -0.010593843773063594
125 106.5 7 26 0.004475667603839361
5 1.274338722229004 8 23 0.006242925986906707
95 37.5 9 20 -0.003607434475447814
57 59.5 10 13 -0.014651092843379484
49 49.5 11 12 -0.050648424991942734
-1 0.0 0 0 -0.008739456935697122
-1 0.0 0 0 -0.0017830864095745597
54 50.5 14 17 0.0032997861410026634
115 28.5 15 16 -0.033484508181808356
-1 0.0 0 0 -0.011030168252847968
-1 0.0 0 0 -0.0008209179848387478
77 2.5 18 19 0.023246578090254384
-1 0.0 0 0 -0.00866742500406916
-1 0.0 0 0 0.003219948438274801
88 35.5 21 22 0.016057394333155166
-1 0.0 0 0 -0.0069044370968395635
-1 0.0 0 0 0.002526993404053993
70 122.5 24 25 0.018943623227078682
-1 0.0 0 0 0.0020675904055818205
-1 0.0 0 0 -0.014764551535398858
-1 0.0 0 0 -0.006406111480426713
-1 0.0 0 0 -0.007044338992124525
-1 0.0 0 0 0.0013453909945388299
nodes 29
2 11.394479751586914 1 26 0.0
128 94.5 2 23 -0.0014720287407060891
104 88.5 3 20 -4.657371400602763e-05
70 83.5 4 17 0.0018503294008228096
29 77.5 5 12 0.0037308709062261027
24 107.5 6 11 0.005449818972579751
78 109.5 7 10 0.006784418333867884
2 10.575870513916016 8 9 0.0080336816595434
-1 0.0 0 0 -0.0005612471525421542
-1 0.0 0 0 0.0013079603268774656
-1 0.0 0 0 -0.004770851175142509
-1 0.0 0 0 -0.004735603061406145
82 49.5 13 16 -0.03489747238788986
47 78.5 14 15 -0.023291494434995473
-1 0.0 0 0 -0.0011363021830974075
-1 0.0 0 0 -0.018200966631665882
-1 0.0 0 0 -0.017681787499029544
122 116.5 18 19 -0.03211516427714557
-1 0.0 0 0 -0.002596383480640806
-1 0.0 0 0 -0.024757216521741256
42 95.5 21 22 -0.035996233609437496
-1 0.0 0 0 -0.0029553635830163356
-1 0.0 0 0 -0.030072843326688414
101 22.5 24 25 -0.04414790395309947
-1 0.0 0 0 -0.00879192756296917
-1 0.0 0 0 -0.0003741229129763297
6 0.6496198773384094 27 28 0.03266292053432296
-1 0.0 0 0 -0.039487860842297474
-1 0.0 0 0 0.0036001349963973904
nodes 29
5 1.3670734167099 1 10 0.0
51 138.5 2 9 -0.004925197817469312
133 59.5 3 8 -0.005844880992657102
2 11.266155242919922 4 7 -0.003576654554768894
111 89.5 5 6 -0.007906279590720239
-1 0.0 0 0 -0.000697527276806284
-1 0.0 0 0 -0.01536828346337679
-1 0.0 0 0 0.0022317844105013505
-1 0.0 0 0 -0.005076142492097738
-1 0.0 0 0 0.011380142376523574
2 10.525300025939941 11 20 0.009346987561703272
6 1.0598565340042114 12 19 -0.012750400218864928
123 19.5 13 18 -0.033182238322812335
0 9.886900901794434 14 15 -0.010693134099129873
-1 0.0 0 0 -0.009773383253932517
135 57.5 16 17 0.005601430073616872
-1 0.0 0 0 0.002096660955339212
-1 0.0 0 0 -0.009720334508022071
-1 0.0 0 0 -0.008150830491311677
-1 0.0 0 0 0.0031579569591164897
56 73.5 21 28 0.01946867466612428
64 102.5 22 25 0.024572876622770527
94 107.5 23 24 0.01581375742628002
-1 0.0 0 0 0.00029640917071663996
-1 0.0 0 0 0.005682575091206306
31 47.5 26 27 0.060668122633328145
-1 0.0 0 0 0.000819735971935345
-1 0.0 0 0 0.010300504721627768
-1 0.0 0 0 -0.003412268386461553
nodes 29
26 108.5 1 26 0.0
6 1.003570556640625 2 19 0.0010764617147783163
8 43.5 3 14 -0.002773881294982978
45 119.5 4 13 -0.009065938404450344
45 44.5 5 10 -0.007817221142968574
131 107.5 6 9 -0.013926787902818741
80 36.5 7 8 -0.013067585915572813
-1 0.0 0 0 -0.002337901488709603
-1 0.0 0 0 0.0004101802356581268
-1 0.0 0 0 -0.02361554210437528
64 40.5 11 12 0.016582390406951204
-1 0.0 0 0 -0.002931361095538508
-1 0.0 0 0 0.0036672688368413024
-1 0.0 0 0 -0.009191018489553877
60 122.5 15 18 0.010641417305807154
21 114.5 16 17 0.005731069661351576
-1 0.0 0 0 0.0007819035131450994
-1 0.0 0 0 -0.011528595226551516
-1 0.0 0 0 0.007650892453123576
0 10.031925201416016 20 21 0.014688864044865104
-1 0.0 0 0 -0.001561121867525227
120 130.5 22 23 0.02294635050421298
-1 0.0 0 0 0.0025323346662490124
101 5.5 24 25 -0.12010472877919974
-1 0.0 0 0 0.0029532384168356658
-1 0.0 0 0 -0.02721749655145213
126 76.5 27 28 -0.04248070161793171
-1 0.0 0 0 -0.006437354859508199
-1 0.0 0 0 0.008464555398864955
nodes 29
68 124.5 1 26 0.0
99 45.5 2 15 0.0009881577503300612
68 47.5 3 14 0.0030762268378631227
63 48.5 4 11 -0.001254511175562165
123 92.5 5 8 -0.008654010225199514
95 74.5 6 7 -0.015190677032560874
-1 0.0 0 0 -0.003126267380584201
-1 0.0 0 0 0.0010419712952924804
41 85.5 9 10 0.02346751660331676
-1 0.0 0 0 0.0037012758201448153
-1 0.0 0 0 -0.012626171703625672
19 84.5 12 13 0.01571489755950096
-1 0.0 0 0 0.0020472640105197405
-1 0.0 0 0 -0.011320162641908146
-1 0.0 0 0 0.0017909632967517694
71 56.5 16 23 -0.022771492925778323
57 99.5 17 18 -0.011057481116864845
-1 0.0 0 0 -0.0032476525509177244
115 3.5 19 20 0.03364040761987293
-1 0.0 0 0 -0.03361226861796728
39 27.5 21 22 0.041186593207618756
-1 0.0 0 0 0.002346950763587504
-1 0.0 0 0 0.019377393305995704
124 39.5 24 25 -0.11854186337384615
-1 0.0 0 0 -0.015790122581666285
-1 0.0 0 0 0.006609985161524973
54 11.5 27 28 -0.046356934035507384
-1 0.0 0 0 -0.0031025363580944195
-1 0.0 0 0 -0.024868720473133377
nodes 29
2 11.068355560302734 1 12 0.0
6 1.0321950912475586 2 11 -0.004552396468397809
28 131.5 3 10 -0.008693283485481781
21 49.5 4 9 -0.008111368775785865
130 119.5 5 8 -0.005181456403295118
8 51.5 6 7 -0.0046575617238969955
-1 0.0 0 0 -0.0007474891013381046
-1 0.0 0 0 0.0038257857261135967
-1 0.0 0 0 -0.026556791401631443
-1 0.0 0 0 -0.004714562329599629
-1 0.0 0 0 -0.023090768446597985
-1 0.0 0 0 0.0018889219859017118
25 0.5 13 18 0.009779671360890842
50 14.5 14 17 -0.0426481472665921
54 50.5 15 16 -0.10929399782983604
-1 0.0 0 0 -0.019555964018516087
-1 0.0 0 0 0.0009352882711651743
-1 0.0 0 0 8.165378833495924e-05
1 10.838815689086914 19 26 0.013844273288637366
4 1.0041944980621338 20 23 0.04613639719118656
75 79.5 21 22 0.027132858792338385
-1 0.0 0 0 0.0038338237237131876
-1 0.0 0 0 -0.01088733621298698
6 1.0002985000610352 24 25 0.12630757481132732
-1 0.0 0 0 0.006131685833131915
-1 0.0 0 0 0.02316880020981202
53 127.5 27 28 0.006612330811872245
-1 0.0 0 0 0.0008084862280367902
-1 0.0 0 0 -0.020279919736346366
nodes 29
135 96.5 1 22 0.0
26 130.5 2 19 0.0010133657385674201
58 114.5 3 16 0.0012930542169214184
118 88.5 4 9 0.0020004917563436735
14 74.5 5 8 0.003455534262859088
118 20.5 6 7 0.00478605821239852
-1 0.0 0 0 8.006247431114152e-06
-1 0.0 0 0 0.0017348390437411391
-1 0.0 0 0 -0.003792586761617301
88 13.5 10 11 -0.031987714471594104
-1 0.0 0 0 -0.013499462897676515
2 10.892638206481934 12 13 -0.016501708896131922
-1 0.0 0 0 -0.007309862015564276
38 59.5 14 15 0.011387020059447497
-1 0.0 0 0 0.0019146458729533623
-1 0.0 0 0 -0.02960997554747498
81 122.5 17 18 -0.06683239478773127
-1 0.0 0 0 -0.011117368376611121
-1 0.0 0 0 0.005305331245011079
74 19.5 20 21 -0.1777606514948726
-1 0.0 0 0 -0.0067390716648123294
-1 0.0 0 0 -0.052559317343614326
81 89.5 23 24 -0.04268888313891134
-1 0.0 0 0 -0.013448523706546776
1 10.551741600036621 25 26 -0.01780635496834293
-1 0.0 0 0 -0.007465261274893786
5 1.3511662483215332 27 28 0.055759390394779895
-1 0.0 0 0 0.001429347069657771
-1 0.0 0 0 0.02530569115394516
nodes 29
6 0.9378917813301086 1 2 0.0
-1 0.0 0 0 -0.0010466299892393184
2 11.327414512634277 3 28 0.004117909772714355
66 89.5 4 27 0.0018660359823907242
77 105.5 5 22 0.0034888304681079414
48 95.5 6 21 0.005634652066262329
22 93.5 7 8 0.007525721448370925
-1 0.0 0 0 0.0010690403699738192
73 107.5 9 20 -0.023762279024247747
63 34.5 10 11 -0.011953292380396463
-1 0.0 0 0 -0.004997301780829334
1 10.339126586914062 12 15 0.024196081839003365
63 111.5 13 14 -0.04407907862076716
-1 0.0 0 0 -0.007372334690350872
-1 0.0 0 0 0.02275923663265493
5 1.3282577991485596 16 17 0.05554519635704157
-1 0.0 0 0 0.0014804306126194595
60 0.5 18 19 0.18492647308497678
-1 0.0 0 0 0.028255525282362387
-1 0.0 0 0 0.004036078001044166
-1 0.0 0 0 -0.018400221578447166
-1 0.0 0 0 -0.0046322889889076
47 19.5 23 26 -0.03670547352474968
5 1.2892670631408691 24 25 -0.07461754563589051
-1 0.0 0 0 -0.013746103227195342
-1 0.0 0 0 -0.00252363213381423
-1 0.0 0 0 0.003118772127840967
-1 0.0 0 0 -0.005671924022061442
-1 0.0 0 0 0.0037179187492075183
nodes 29
33 16.5 1 28 0.0
127 62.5 2 25 -0.006362394431813211
65 61.5 3 22 -0.013990005493467505
51 73.5 4 17 -0.02289052032830872
32 48.5 5 10 -0.038699643360779516
119 29.5 6 7 -0.05253105192043605
-1 0.0 0 0 -0.007537096678862332
49 77.5 8 9 -0.018910316921358358
-1 0.0 0 0 -0.009669830106104576
-1 0.0 0 0 -0.0001896935948303844
2 11.068355560302734 11 12 -0.00829784897579726
-1 0.0 0 0 -0.004401830929266431
115 32.5 13 14 0.029122153242461774
-1 0.0 0 0 -0.003116037098385862
85 13.5 15 16 0.07081327220525173
-1 0.0 0 0 -0.006027929736331154
-1 0.0 0 0 0.01082682920819841
23 26.5 18 21 0.00896946171147173
88 19.5 19 20 0.020282984479978353
-1 0.0 0 0 -0.013476542826854175
-1 0.0 0 0 0.002628408727101591
-1 0.0 0 0 -0.006871442143701003
35 79.5 23 24 0.011499973545538075
-1 0.0 0 0 0.001771204788119092
-1 0.0 0 0 -0.013758981051013017
48 41.5 26 27 0.009376101898753656
-1 0.0 0 0 -0.0003401321041018945
-1 0.0 0 0 0.004470768416280193
-1 0.0 0 0 0.0006867802531196056
nodes 29
108 101.5 1 28 0.0
99 131.5 2 27 0.0007561406337591186
126 112.5 3 16 0.0009150974845176852
126 56.5 4 11 0.002651714113782757
95 4.5 5 8 -0.000946882578012034
61 64.5 6 7 0.009864278229073322
-1 0.0 0 0 0.0012855722990059635
-1 0.0 0 0 -0.007614992901905077
75 69.5 9 10 -0.010814517336242294
-1 0.0 0 0 -0.0007184602119421147
-1 0.0 0 0 -0.006918803752845733
65 93.5 12 15 0.019959909713579593
46 76.5 13 14 0.028835884843373846
-1 0.0 0 0 0.0033921155813948314
-1 0.0 0 0 -0.008522342654554371
-1 0.0 0 0 -0.0064075951453059585
2 10.807138442993164 17 18 -0.025391604419737836
-1 0.0 0 0 -0.0070820836236393835
57 41.5 19 26 -0.00024465853595715705
115 5.5 20 23 0.020491517067799975
97 124.5 21 22 0.041297303839669945
-1 0.0 0 0 0.004842060891857606
-1 0.0 0 0 -0.029506516198627653
114 64.5 24 25 -0.07806005838795343
-1 0.0 0 0 -0.005551783404819795
-1 0.0 0 0 -0.05336008419205124
-1 0.0 0 0 -0.00995063515900077
-1 0.0 0 0 -0.028652430493004467
-1 0.0 0 0 -0.005668240060340903
nodes 29
1 8.451053619384766 1 2 0.0
-1 0.0 0 0 -0.005174672210724057
5 1.4653372764587402 3 8 0.0008249823814081456
8 53.5 4 7 -0.003189241396423625
69 123.5 5 6 -0.005050545252734801
-1 0.0 0 0 -0.00038884714198829764
-1 0.0 0 0 -0.009152584437544012
-1 0.0 0 0 0.003855797172896403
4 0.7943466305732727 9 10 0.01407297557812844
-1 0.0 0 0 -0.0012839714560527356
2 10.616951942443848 11 12 0.02583387009404221
-1 0.0 0 0 -0.0005603624927345305
64 100.5 13 24 0.04363192629866042
102 37.5 14 19 0.031029305470921247
87 59.5 15 18 0.00902377109927423
56 43.5 16 17 0.023239397161382045
-1 0.0 0 0 0.004237751033084612
-1 0.0 0 0 -0.0052139491973063725
-1 0.0 0 0 -0.007197628597298092
121 99.5 20 23 0.07856473579633515
116 105.5 21 22 0.08792160269028637
-1 0.0 0 0 0.009441239523802528
-1 0.0 0 0 -0.02922283284164764
-1 0.0 0 0 -0.01964023926605781
57 25.5 25 26 0.0906599445377161
-1 0.0 0 0 -0.017607395444832908
31 6.5 27 28 0.10385884872897772
-1 0.0 0 0 -0.007425157010057491
-1 0.0 0 0 0.012957236283504881
nodes 29
114 111.5 1 20 0.0
38 37.5 2 17 0.0010273077996554604
136 90.5 3 16 0.002989718466303339
2 11.192899703979492 4 15 0.004018275728849321
132 91.5 5 12 0.0004875907735049089
36 92.5 6 11 0.0011877144172296765
68 46.5 7 8 0.002326873350105821
-1 0.0 0 0 -0.0002710207449497443
0 9.886900901794434 9 10 0.017324504386824358
-1 0.0 0 0 -0.008025005304269776
-1 0.0 0 0 0.0021960413899969303
-1 0.0 0 0 -0.006096240886737906
90 122.5 13 14 -0.10727734244384954
-1 0.0 0 0 -0.013221256430375817
-1 0.0 0 0 0.03517574236135591
-1 0.0 0 0 0.00212071093442411
-1 0.0 0 0 -0.005061626592285786
72 54.5 18 19 -0.02421167224124865
-1 0.0 0 0 -0.0035428356352244597
-1 0.0 0 0 0.006220005535214021
68 85.5 21 28 -0.04091899178057479
50 10.5 22 23 -0.02806104704069885
-1 0.0 0 0 -0.0003541578177173862
12 1.5 24 25 -0.1175817924216223
-1 0.0 0 0 -0.02256087199053062
23 37.5 26 27 -0.02186173009430746
-1 0.0 0 0 -0.009656960636000736
-1 0.0 0 0 0.023131496169500883
-1 0.0 0 0 -0.026368288439892546
nodes 29
134 104.5 1 24 0.0
57 1.5 2 17 0.0006763118290955435
81 2.5 3 4 -0.019368576997319958
-1 0.0 0 0 -0.023454098029469607
22 101.5 5 16 -0.01623273871631527
106 113.5 6 15 -0.013536617335630127
80 36.5 7 10 -0.012161554180881237
75 74.5 8 9 -0.04574037804999377
-1 0.0 0 0 -0.003853791369430134
-1 0.0 0 0 -0.02734490588338084
77 81.5 11 14 0.005406214062292747
14 3.5 12 13 0.009342730610627882
-1 0.0 0 0 -0.0010855224460167218
-1 0.0 0 0 0.00531968799310061
-1 0.0 0 0 -0.021853337529452746
-1 0.0 0 0 -0.043789092877081465
-1 0.0 0 0 -0.022125621458613562
133 98.5 18 23 0.002911212975601412
2 11.394479751586914 19 22 0.0037311802031929665
38 53.5 20 21 0.0020972179581867307
-1 0.0 0 0 0.0003700273710031606
-1 0.0 0 0 -0.003952328309194351
-1 0.0 0 0 0.003921230860798048
-1 0.0 0 0 -0.006742434719181229
116 98.5 25 28 -0.06297639611604125
110 78.5 26 27 -0.05217140262539033
-1 0.0 0 0 -0.003923693622850374
-1 0.0 0 0 -0.04706937796103636
-1 0.0 0 0 -0.056756959212943915
nodes 29
6 1.014758825302124 1 26 0.0
2 10.802774429321289 2 15 -0.0029330804628832385
7 0.5224999785423279 3 6 -0.01579454595660247
126 125.5 4 5 -0.013799938673929377
-1 0.0 0 0 -0.001159405441412368
-1 0.0 0 0 -0.01314697734844455
78 63.5 7 14 -0.14737462851839553
53 14.5 8 13 -0.1071404902293827
11 15.5 9 12 -0.028961462575529492
68 106.5 10 11 -0.09262070705682342
-1 0.0 0 0 -0.0025835858062250405
-1 0.0 0 0 -0.056472050167363265
-1 0.0 0 0 0.035299400431223406
-1 0.0 0 0 -0.037392642209815675
-1 0.0 0 0 -0.08236913340432304
83 106.5 16 21 0.0035154174503107378
60 115.5 17 18 -0.0010967985850010634
-1 0.0 0 0 -0.0006934497505732661
88 21.5 19 20 0.031040683083252113
-1 0.0 0 0 -0.007980284742911287
-1 0.0 0 0 0.004167387432308041
123 51.5 22 23 0.028662777729641885
-1 0.0 0 0 -0.002226577329729095
127 115.5 24 25 0.056591995112811856
-1 0.0 0 0 0.005976310793448244
-1 0.0 0 0 -0.03932530094470297
7 0.762499988079071 27 28 0.01487564494407986
-1 0.0 0 0 0.0016900151706733734
-1 0.0 0 0 -0.018268922166743626
nodes 29
82 83.5 1 28 0.0
43 93.5 2 25 0.0012645037299146291
7 0.8224999904632568 3 24 0.0021441062366675443
2 11.10001277923584 4 7 0.0022756673392271085
6 1.0321950912475586 5 6 -0.002065245984847545
-1 0.0 0 0 -0.0005713168921857509
-1 0.0 0 0 0.001967524421587981
73 119.5 8 19 0.013950701209144632
3 0.6822696328163147 9 14 0.018077207870953377
4 0.7094941735267639 10 13 0.04055476742057515
24 65.5 11 12 -0.0271700770479732
-1 0.0 0 0 0.00021432410598484967
-1 0.0 0 0 -0.023596740029139168
-1 0.0 0 0 0.0050691502183954
17 0.5 15 18 0.0058488500027629176
19 112.5 16 17 -0.05947386610385478
-1 0.0 0 0 -0.0039837156257681965
-1 0.0 0 0 -0.029826595497398096
-1 0.0 0 0 0.0011235977913149305
88 22.5 20 23 -0.04787249568524937
125 69.5 21 22 -0.14532780184519367
-1 0.0 0 0 -0.009907098783224204
-1 0.0 0 0 -0.04779831877255694
-1 0.0 0 0 -0.0012375529865402105
-1 0.0 0 0 -0.04121710415239688
87 82.5 26 27 -0.05575948317128655
-1 0.0 0 0 -0.0022054397820168224
-1 0.0 0 0 -0.023776694406732555
-1 0.0 0 0 -0.0031933524856935813
nodes 29
6 0.9409682750701904 1 6 0.0
26 74.5 2 3 -0.009778058421001943
-1 0.0 0 0 -0.0006104888522052472
60 44.5 4 5 -0.05356317808240305
-1 0.0 0 0 -0.010003569881404537
-1 0.0 0 0 4.826423240253929e-05
20 92.5 7 28 0.004074358195058099
2 10.245657920837402 8 13 0.005732744418341177
73 133.5 9 12 -0.015890484488705284
6 1.0675913095474243 10 11 -0.027326206662593836
-1 0.0 0 0 -0.004844363926285126
-1 0.0 0 0 0.001712919938144468
-1 0.0 0 0 0.0058325636556839765
133 98.5 14 27 0.009237695815686052
5 1.3617889881134033 15 18 0.010423592668537936
131 87.5 16 17 0.0029029215351815663
-1 0.0 0 0 0.0004433548318936656
-1 0.0 0 0 -0.011143188484785446
60 115.5 19 20 0.025643558573962662
-1 0.0 0 0 0.0017277571625310996
33 69.5 21 26 0.08394805223148886
87 17.5 22 23 0.11421960693013163
-1 0.0 0 0 0.004576061803291177
9 65.5 24 25 0.16751932528287106
-1 0.0 0 0 0.020157969305364096
-1 0.0 0 0 -0.002003677882327649
-1 0.0 0 0 -0.0053999265682792485
-1 0.0 0 0 -0.008293769746282247
-1 0.0 0 0 -0.003564790930034314
nodes 29
16 124.5 1 28 0.0
96 109.5 2 27 0.0002837513439252679
44 113.5 3 20 0.0011318422840913436
114 111.5 4 15 0.0020114758765210888
14 76.5 5 14 0.0030738473842502087
2 10.917593955993652 6 11 0.004266743575309956
53 1.5 7 8 -0.002486717295735302
-1 0.0 0 0 0.0010474854655120522
65 121.5 9 10 -0.013693204510427878
-1 0.0 0 0 -0.0022862004196129776
-1 0.0 0 0 0.0024434638953389886
129 119.5 12 13 0.011803815846899412
-1 0.0 0 0 0.001408702471561393
-1 0.0 0 0 -0.0077267275588293015
-1 0.0 0 0 -0.00384399531399505
68 85.5 16 19 -0.040701735467374864
26 86.5 17 18 -0.02906318232747126
-1 0.0 0 0 -0.002292185840668894
-1 0.0 0 0 -0.037139812431165146
-1 0.0 0 0 -0.02489374700245691
134 5.5 21 22 -0.04628386542312601
-1 0.0 0 0 6.772744428050431e-05
25 124.5 23 26 -0.12192648322020387
7 0.4325000047683716 24 25 -0.15117401066274505
-1 0.0 0 0 -0.013300418378886868
-1 0.0 0 0 -0.06299489487893879
-1 0.0 0 0 0.011685556918382646
-1 0.0 0 0 -0.004651332184413523
-1 0.0 0 0 -0.013970235409470953
nodes 29
104 88.5 1 4 0.0
110 84.5 2 3 0.001445566922457369
-1 0.0 0 0 0.0002076877178475748
-1 0.0 0 0 -0.007105389701665326
101 87.5 5 26 -0.02720665519469673
0 11.116766929626465 6 21 -0.023290233818862114
36 40.5 7 20 -0.057901067863696316
125 21.5 8 15 -0.042881535292714545
32 21.5 9 10 -0.017664678065471742
-1 0.0 0 0 -0.008104445766292129
42 10.5 11 14 0.03773670574735768
65 63.5 12 13 0.09467839166749313
-1 0.0 0 0 -0.028731628227978947
-1 0.0 0 0 0.011619921836874849
-1 0.0 0 0 -0.00542460176620919
85 53.5 16 17 -0.1311682464201822
-1 0.0 0 0 -0.008444450614768612
38 11.5 18 19 -0.340580672701731
-1 0.0 0 0 -0.04730676388497785
-1 0.0 0 0 0.002676955161785538
-1 0.0 0 0 -0.027300598188726738
69 1.5 22 25 0.009998764158412568
25 0.5 23 24 -0.04728393338957616
-1 0.0 0 0 -0.043628564924001696
-1 0.0 0 0 -0.0032225802453430073
-1 0.0 0 0 0.004130397225490336
81 70.5 27 28 -0.31413267369641634
-1 0.0 0 0 -0.05691780538087891
-1 0.0 0 0 -0.005058578091363113
nodes 29
58 60.5 1 10 0.0
99 99.5 2 3 0.0020882285163349844
-1 0.0 0 0 0.00029197084658544786
116 75.5 4 9 -0.05791552580991407
105 18.5 5 8 -0.10357236694963938
81 41.5 6 7 -0.21138478474218458
-1 0.0 0 0 -0.012788893676071637
-1 0.0 0 0 -0.04267661198761992
-1 0.0 0 0 -0.0034264384083003184
-1 0.0 0 0 0.006541922961786739
22 50.5 11 20 -0.01854540945431041
114 112.5 12 17 -0.006549261251255478
117 70.5 13 16 -0.004027808079836645
12 110.5 14 15 -0.0002526128718082049
-1 0.0 0 0 0.00017022056364267616
-1 0.0 0 0 -0.0334208351511205
-1 0.0 0 0 -0.017006898303294465
43 4.5 18 19 -0.24179150342918287
-1 0.0 0 0 -0.04851622545739284
-1 0.0 0 0 -0.003713882633019239
73 111.5 21 28 -0.08177976416440949
44 5.5 22 23 -0.04822111442125551
-1 0.0 0 0 -0.014578547695822239
25 48.5 24 27 0.0019264714119946419
72 58.5 25 26 -0.057227463774158466
-1 0.0 0 0 -0.009616502731760014
-1 0.0 0 0 0.016039617904398132
-1 0.0 0 0 0.009521513641048529
-1 0.0 0 0 -0.02359681548761981
nodes 29
34 103.5 1 28 0.0
11 91.5 2 21 0.0006412273915713475
37 101.5 3 18 0.0012568634052750164
116 119.5 4 13 0.0020248433611773408
99 45.5 5 10 0.0030193013094280646
2 10.138045310974121 6 9 0.005101833317898195
73 136.5 7 8 -0.01980240607955276
-1 0.0 0 0 -0.002959351275485734
-1 0.0 0 0 0.006768450830797478
-1 0.0 0 0 0.0007527229287609385
71 56.5 11 12 -0.0205662817673138
-1 0.0 0 0 -0.001020249282700748
-1 0.0 0 0 -0.010629800213874266
32 54.5 14 17 -0.04080351598555356
91 93.5 15 16 -0.0816530681978338
-1 0.0 0 0 -0.009987537412299704
-1 0.0 0 0 0.015310451132740746
-1 0.0 0 0 0.00394806190099671
95 96.5 19 20 -0.05256873014378222
-1 0.0 0 0 -0.008938874989923221
-1 0.0 0 0 0.0037583908756052124
73 94.5 22 27 -0.06503109142298029
120 1.5 23 24 -0.10901531003454802
-1 0.0 0 0 0.005885710220199918
2 11.516220092773438 25 26 -0.15382587425705263
-1 0.0 0 0 -0.017279401516659958
-1 0.0 0 0 0.024120627772872865
-1 0.0 0 0 0.008297929501594603
-1 0.0 0 0 -0.005952023980528885
nodes 29
112 119.5 1 26 0.0
2 11.516220092773438 2 25 0.00030853902646711695
79 74.5 3 14 -0.0003802593559129427
20 92.5 4 7 0.0007836448350390993
132 67.5 5 6 0.002164895782077698
-1 0.0 0 0 0.0003280778693730059
-1 0.0 0 0 -0.004040200654169534
101 50.5 8 9 -0.030582595308850383
-1 0.0 0 0 -0.005640294459836486
6 1.0042262077331543 10 13 0.034785377575996396
34 1.5 11 12 0.012412128654719674
-1 0.0 0 0 -0.01999446962727234
-1 0.0 0 0 0.0034845982908759277
-1 0.0 0 0 0.022917936112784414
55 87.5 15 22 -0.0400651464630331
133 32.5 16 17 -0.07484031618827848
-1 0.0 0 0 -0.005557667419839551
26 19.5 18 19 -0.1943375425157639
-1 0.0 0 0 -0.03577862666588584
11 7.5 20 21 -0.08793132612730642
-1 0.0 0 0 0.01940819078112914
-1 0.0 0 0 -0.018109641233916462
31 13.5 23 24 0.04209698787447996
-1 0.0 0 0 -0.02874596294823964
-1 0.0 0 0 0.006715652979688233
-1 0.0 0 0 0.005837293066418733
76 35.5 27 28 -0.12281635149485536
-1 0.0 0 0 -0.0008334119185587786
-1 0.0 0 0 -0.030104437224905602
nodes 29
13 72.5 1 16 0.0
13 8.5 2 9 0.0010431614307979493
3 0.6086475253105164 3 6 -0.0036615251035448815
75 83.5 4 5 0.01026408026789686
-1 0.0 0 0 0.0015908792243634865
-1 0.0 0 0 -0.003826918145267545
131 87.5 7 8 -0.010449203981182856
-1 0.0 0 0 -0.0009352127631809449
-1 0.0 0 0 -0.014428568323807593
90 90.5 10 11 0.01072777713218896
-1 0.0 0 0 0.00024459254874530095
89 28.5 12 13 0.036338432117926
-1 0.0 0 0 -0.008940074747966965
127 46.5 14 15 0.04547043592929161
-1 0.0 0 0 0.005232559991855494
-1 0.0 0 0 -0.009568672820842946
7 0.32249999046325684 17 18 -0.035904916766816834
-1 0.0 0 0 -0.0017230379303687588
6 1.0459541082382202 19 28 -0.12706785602998144
125 2.5 20 23 -0.23552152840522275
128 0.5 21 22 -0.3866915850755144
-1 0.0 0 0 0.006674328090056129
-1 0.0 0 0 -0.05123422105869571
111 1.5 24 25 -0.10524489420155685
-1 0.0 0 0 -0.033918297522815694
46 32.5 26 27 0.09679253941232507
-1 0.0 0 0 -0.011871476605152474
-1 0.0 0 0 0.040808086952677486
-1 0.0 0 0 -0.00041179007134950116
nodes 29
24 101.5 1 28 0.0
32 51.5 2 21 0.0010952907470896708
81 84.5 3 8 -0.0027790184878850573
46 62.5 4 5 -0.014863007897265142
-1 0.0 0 0 -0.002446977930151996
15 24.5 6 7 0.01794810002534975
-1 0.0 0 0 -0.0007922156552033712
-1 0.0 0 0 0.0062017903471956685
41 51.5 9 12 0.007236107421654461
51 23.5 10 11 -0.03242564903969529
-1 0.0 0 0 -0.008116994073256832
-1 0.0 0 0 -0.0007993459832830827
76 99.5 13 20 0.016480908811244036
2 10.946481704711914 14 17 0.01958576414246999
25 98.5 15 16 0.008038097354581757
-1 0.0 0 0 0.001051778704982963
-1 0.0 0 0 -0.013971955925674785
27 17.5 18 19 0.0473438779985294
-1 0.0 0 0 -0.0029382514045166726
-1 0.0 0 0 0.00634505633512137
-1 0.0 0 0 -0.01074218101961712
57 31.5 22 25 0.012419778242757034
24 67.5 23 24 -0.04661234693529482
-1 0.0 0 0 -0.0026897937701669387
-1 0.0 0 0 -0.020908915184801286
73 111.5 26 27 0.01885562253235119
-1 0.0 0 0 0.0022356394348740367
-1 0.0 0 0 -0.007826564614962948
-1 0.0 0 0 -0.003462718011513424
nodes 29
6 1.0 1 26 0.0
0 11.320541381835938 2 25 -0.0035171990802114143
117 61.5 3 22 -0.008244823238476523
95 4.5 4 9 -0.005676951223137973
69 105.5 5 8 0.007766548986742252
61 69.5 6 7 0.010837563701459704
-1 0.0 0 0 0.0013748738681112192
-1 0.0 0 0 -0.011684135686135876
-1 0.0 0 0 -0.013102946191676602
81 67.5 10 13 -0.013539575239273537
77 29.5 11 12 -0.042873444188511585
-1 0.0 0 0 -0.006880100069503745
-1 0.0 0 0 -0.0001362867057461955
31 93.5 14 21 -0.0015088694900804664
76 106.5 15 20 -7.754435525635926e-05
41 96.5 16 19 0.0019385790175920372
2 10.807138442993164 17 18 -0.016776046317923496
-1 0.0 0 0 -0.005230921719943843
-1 0.0 0 0 0.000347085150606566
-1 0.0 0 0 0.0018559698445468774
-1 0.0 0 0 -0.018560307297054834
-1 0.0 0 0 -0.02734851122029826
125 39.5 23 24 -0.05327905903556732
-1 0.0 0 0 -0.0027854061486519885
-1 0.0 0 0 -0.01337172091761209
-1 0.0 0 0 0.0012722954308792844
7 0.07750000059604645 27 28 0.011087049340067354
-1 0.0 0 0 0.006622561669589616
-1 0.0 0 0 0.0006219759599648446
nodes 29
1 8.451053619384766 1 4 0.0
22 52.5 2 3 -0.04950945505942515
-1 0.0 0 0 -0.00278318141999815
-1 0.0 0 0 -0.01746769871372705
6 1.0 5 28 0.0007893145041554306
107 104.5 6 25 -0.0028137344683385095
56 130.5 7 24 -0.0016269762222749485
105 89.5 8 17 -0.0013838340367504853
115 44.5 9 12 0.0010566020808259519
41 34.5 10 11 -0.00477942231940693
-1 0.0 0 0 -0.0026509956675529163
-1 0.0 0 0 0.0003833738459365513
89 29.5 13 14 0.015260044348854284
-1 0.0 0 0 -0.008347278133581756
84 66.5 15 16 0.02345799077307034
-1 0.0 0 0 -0.00036454155333918753
-1 0.0 0 0 0.004168741140551525
67 19.5 18 19 -0.03209057913477381
-1 0.0 0 0 -0.008087152751332883
23 28.5 20 21 0.0069055059760769425
-1 0.0 0 0 0.0029669967428660794
73 118.5 22 23 -0.08019681284427048
-1 0.0 0 0 0.0013653604692444787
-1 0.0 0 0 -0.020327932764652
-1 0.0 0 0 -0.031269467192200515
83 111.5 26 27 -0.0650288346767368
-1 0.0 0 0 -0.012486501732396411
-1 0.0 0 0 0.00037169656912282474
-1 0.0 0 0 0.0012696926278862755
nodes 29
2 11.012808799743652 1 18 0.0
130 115.5 2 17 -0.004801591139260556
28 100.5 3 14 -0.004245815685605283
24 115.5 4 13 -0.0018308547639166507
53 76.5 5 6 -0.0007913683439259215
-1 0.0 0 0 0.00023345291707295478
84 117.5 7 8 -0.03051698037012245
-1 0.0 0 0 -0.005541833182101094
115 23.5 9 10 0.014973117936305033
-1 0.0 0 0 -0.017003105150506598
0 10.616216659545898 11 12 0.033731462112869905
-1 0.0 0 0 -0.005527819208481711
-1 0.0 0 0 0.007114596122206867
-1 0.0 0 0 -0.00893868128770999
51 62.5 15 16 -0.04357625468639839
-1 0.0 0 0 -0.006914879096144371
-1 0.0 0 0 0.0027592596267737154
-1 0.0 0 0 -0.017507767957572192
6 1.0715585947036743 19 24 0.007821758791462467
1 10.786200523376465 20 21 0.008679704430545342
-1 0.0 0 0 0.0033455268300482672
3 0.4901122748851776 22 23 0.0030361577408945777
-1 0.0 0 0 -0.011232379505679947
-1 0.0 0 0 0.0004719380280524385
92 33.5 25 28 -0.15971924621081943
60 2.5 26 27 -0.2782103181028018
-1 0.0 0 0 -0.007426104364061698
-1 0.0 0 0 -0.04756850124233299
-1 0.0 0 0 0.013413861208129674
nodes 29
134 80.5 1 24 0.0
6 0.9483491778373718 2 23 0.0009936869779276019
7 0.1274999976158142 3 18 -0.00828803743929205
3 0.5696649551391602 4 9 -0.00359183768917476
56 71.5 5 8 0.02328448570238716
59 138.5 6 7 0.03292728463707356
-1 0.0 0 0 0.0030293634937661323
-1 0.0 0 0 0.03503739449173905
-1 0.0 0 0 -0.00797692305198442
56 8.5 10 13 -0.011431679878985721
136 19.5 11 12 -0.0448853375204831
-1 0.0 0 0 -0.0019439960219155155
-1 0.0 0 0 -0.009404805291761588
36 118.5 14 17 -0.004271626991779628
132 104.5 15 16 -0.003044850753285949
-1 0.0 0 0 -0.00018062751356941626
-1 0.0 0 0 -0.021811273652533797
-1 0.0 0 0 -0.02818859062013282
12 14.5 19 20 -0.04607713984826447
-1 0.0 0 0 -0.0067178807734406395
2 10.802774429321289 21 22 0.027223390703596927
-1 0.0 0 0 -0.012094835254588519
-1 0.0 0 0 0.006572680068778135
-1 0.0 0 0 0.0005464754837383009
44 106.5 25 26 -0.0382934840634311
-1 0.0 0 0 -0.003123891627130745
52 46.5 27 28 -0.34537467030881375
-1 0.0 0 0 -0.0644737730147662
-1 0.0 0 0 -0.0008591227990109474
nodes 29
135 96.5 1 20 0.0
127 62.5 2 17 0.0009414153774371443
94 9.5 3 10 -0.0027821788820179692
65 61.5 4 5 0.005357658798567697
-1 0.0 0 0 -0.00127446223046006
89 27.5 6 7 0.01498848682688685
-1 0.0 0 0 -0.005992364267849803
2 10.630142211914062 8 9 0.019449038938494485
-1 0.0 0 0 -0.0007928593083294344
-1 0.0 0 0 0.0031874645663556586
60 57.5 11 14 -0.01729798965590738
2 11.438966751098633 12 13 -0.03680273270627819
-1 0.0 0 0 -0.0043457653676530145
-1 0.0 0 0 0.005841909279609291
26 25.5 15 16 0.0021365865785037616
-1 0.0 0 0 -0.0019905442843431635
-1 0.0 0 0 0.0030742073050531032
31 100.5 18 19 0.012558931514438728
-1 0.0 0 0 0.0014484991030791125
-1 0.0 0 0 -0.02500437508021752
70 38.5 21 28 -0.039657914807580984
81 90.5 22 23 -0.050891716620312395
-1 0.0 0 0 -0.013771848576166437
1 10.551741600036621 24 25 -0.02824612931682227
-1 0.0 0 0 -0.007295704403565594
5 1.3511662483215332 26 27 0.031819365797132786
-1 0.0 0 0 -0.0006876187915595875
-1 0.0 0 0 0.020806298018619947
-1 0.0 0 0 0.013041661961307361
nodes 29
2 11.229341506958008 1 10 0.0
12 61.5 2 7 -0.002545732265497293
66 92.5 3 4 -0.001408306909169227
-1 0.0 0 0 -1.798225956567782e-05
107 22.5 5 6 -0.052947525671758366
-1 0.0 0 0 -0.008279547441088093
-1 0.0 0 0 0.00348405588550727
78 67.5 8 9 -0.05630937868826896
-1 0.0 0 0 -0.004215889255516548
-1 0.0 0 0 -0.02457972520888275
125 111.5 11 20 0.014537691285331729
126 10.5 12 19 0.017778772670488514
31 9.5 13 14 -0.0014875307512518146
-1 0.0 0 0 -0.006494998658358328
97 21.5 15 16 0.022524500868622278
-1 0.0 0 0 -0.004808110925292877
7 0.5074999928474426 17 18 0.03761201252867438
-1 0.0 0 0 0.003369324932895965
-1 0.0 0 0 0.05013323244949182
-1 0.0 0 0 0.003428369202291347
104 109.5 21 28 -0.09063539966300596
116 9.5 22 25 -0.06166324878658291
49 114.5 23 24 -0.18090885790720498
-1 0.0 0 0 -0.02580755216955253
-1 0.0 0 0 0.012561427880751175
82 5.5 26 27 0.04836233901027974
-1 0.0 0 0 -0.032317499830745736
-1 0.0 0 0 0.010586216502373905
-1 0.0 0 0 -0.04908802988076652
nodes 29
108 101.5 1 22 0.0
123 128.5 2 17 0.0007028956448046677
25 108.5 3 12 -0.00029742699467705973
75 97.5 4 9 0.0018639729737795205
44 120.5 5 8 0.003658468241271123
2 10.29021167755127 6 7 0.004385460351545674
-1 0.0 0 0 -0.0018391139486625266
-1 0.0 0 0 0.0007352229598818137
-1 0.0 0 0 -0.009382089961833305
129 103.5 10 11 -0.044086424155448486
-1 0.0 0 0 -0.0032310033302958875
-1 0.0 0 0 -0.021318803655291655
83 117.5 13 14 -0.02157302156562678
-1 0.0 0 0 -0.0054524873887817306
22 84.5 15 16 0.019380363833111418
-1 0.0 0 0 0.003198738010975078
-1 0.0 0 0 -0.010175989107585014
90 59.5 18 19 0.04049161478807395
-1 0.0 0 0 -0.0015654388469532273
104 45.5 20 21 0.08003601551382328
-1 0.0 0 0 0.0057829504822941614
-1 0.0 0 0 0.022839155982820745
100 107.5 23 28 -0.05269101256232428
4 0.993049144744873 24 27 -0.04018603946568651
14 86.5 25 26 -0.07496878940980822
-1 0.0 0 0 -0.006297566095003847
-1 0.0 0 0 -0.052670996139446896
-1 0.0 0 0 0.005004908179510207
-1 0.0 0 0 -0.029949969210122763
nodes 29
68 124.5 1 14 0.0
6 1.003570556640625 2 13 0.0008521927174561599
13 115.5 3 12 -0.0023454506796228027
0 11.311066627502441 4 11 -0.0018741240524316604
14 103.5 5 10 -0.00636291934604143
16 108.5 6 9 -0.005374460086984953
20 89.5 7 8 -0.004415709050616154
-1 0.0 0 0 -0.00022702130838448886
-1 0.0 0 0 -0.005114173540983129
-1 0.0 0 0 -0.011328512684272554
-1 0.0 0 0 -0.011107731983645315
-1 0.0 0 0 0.0012921577412465645
-1 0.0 0 0 -0.013645841109303612
-1 0.0 0 0 0.0012374290738892222
11 1.5 15 24 -0.039978482072118945
54 13.5 16 23 -0.1155341453357743
21 22.5 17 20 -0.07930077628062357
51 96.5 18 19 -0.11897377842072182
-1 0.0 0 0 -0.019290752060013745
-1 0.0 0 0 0.002417453090538079
87 35.5 21 22 0.11623044855271776
-1 0.0 0 0 1.2216329692848146e-05
-1 0.0 0 0 0.04645553043200856
-1 0.0 0 0 -0.03593749262744913
128 37.5 25 26 -0.006785057043846396
-1 0.0 0 0 -0.0040970196147939045
78 7.5 27 28 0.10939821977614417
-1 0.0 0 0 0.016102210605954913
-1 0.0 0 0 -0.012195327060504094
nodes 29
1 8.898092269897461 1 2 0.0
-1 0.0 0 0 -0.0030569680273715306
5 2.115934371948242 3 10 0.0011184071873397803
82 83.5 4 5 -0.0010484802207973215
-1 0.0 0 0 4.604153621797801e-05
92 26.5 6 9 -0.038008698929735144
98 77.5 7 8 -0.07388554094593427
-1 0.0 0 0 -0.00593469732796564
-1 0.0 0 0 -0.026435299465792775
-1 0.0 0 0 0.00035668127437331847
4 0.8351641893386841 11 12 0.026067038474005856
-1 0.0 0 0 -0.001374724159554165
0 10.209979057312012 13 18 0.05508254028293184
80 78.5 14 15 -0.027759503552345927
-1 0.0 0 0 -0.005710900370802297
15 0.5 16 17 0.2507838658496456
-1 0.0 0 0 -0.004876977439831804
-1 0.0 0 0 0.05618587999533003
86 103.5 19 28 0.0684410601125184
25 4.5 20 25 0.07442613672710696
44 1.5 21 22 0.1458604565789496
-1 0.0 0 0 0.02352949964454789
134 55.5 23 24 0.07308081826919746
-1 0.0 0 0 0.01053932674675617
-1 0.0 0 0 -0.034698102130953756
3 0.26296159625053406 26 27 0.05523120044038733
-1 0.0 0 0 -0.0001000752565140063
-1 0.0 0 0 0.008535429540504303
-1 0.0 0 0 -0.015234907390038063
nodes 29
74 76.5 1 18 0.0
128 73.5 2 3 0.0011967995033263553
-1 0.0 0 0 0.000288275387958027
25 72.5 4 11 -0.022590209837838986
71 7.5 5 10 -0.009002106118196875
19 46.5 6 7 -0.03011732182869786
-1 0.0 0 0 -0.006760881781835925
46 54.5 8 9 0.00874016230372282
-1 0.0 0 0 0.0019325236273363185
-1 0.0 0 0 -0.024308216197401165
-1 0.0 0 0 0.0029738002424515952
20 0.5 12 13 -0.09855792034441616
-1 0.0 0 0 -0.02827368555528514
4 1.170377254486084 14 17 -0.053836311076850704
136 49.5 15 16 -0.031227921783184148
-1 0.0 0 0 0.001141620370734359
-1 0.0 0 0 -0.018048236100003123
-1 0.0 0 0 -0.04347007153316951
104 118.5 19 28 -0.028227687164295117
120 67.5 20 27 -0.024584669817242333
7 0.5224999785423279 21 22 -0.03749137445316638
-1 0.0 0 0 -0.003205056929878046
2 11.019726753234863 23 26 -0.2598389450957378
34 6.5 24 25 -0.41791002821453194
-1 0.0 0 0 -0.019814407963666222
-1 0.0 0 0 -0.07141163067325301
-1 0.0 0 0 0.014662955435259
-1 0.0 0 0 0.006109620239586869
-1 0.0 0 0 -0.03657205506233135
nodes 29
48 110.5 1 22 0.0
48 26.5 2 5 0.0008241490788573748
112 119.5 3 4 -0.0038379378447896888
-1 0.0 0 0 -0.00033056560778399246
-1 0.0 0 0 -0.01615876659514412
122 113.5 6 21 0.00906113773911554
133 63.5 7 18 0.011807711268471742
78 3.5 8 17 0.014260939429556372
23 47.5 9 16 1.7170024619087585e-06
73 81.5 10 11 0.008760665711139875
-1 0.0 0 0 -0.0022517252506501022
76 105.5 12 15 0.02251810395888945
107 121.5 13 14 0.02510173332586782
-1 0.0 0 0 0.0026520759027018827
-1 0.0 0 0 -0.03879361046877291
-1 0.0 0 0 -0.02290166694119329
-1 0.0 0 0 -0.0046807112215163016
-1 0.0 0 0 0.0027405113001059507
60 115.5 19 20 -0.053913802397273204
-1 0.0 0 0 -0.008006078241130667
-1 0.0 0 0 0.011024074762460579
-1 0.0 0 0 -0.005704059761160764
80 56.5 23 26 -0.04084178423002962
114 2.5 24 25 -0.0029949789116876257
-1 0.0 0 0 0.011453727390525376
-1 0.0 0 0 -0.0029329468229390833
7 0.5024999976158142 27 28 -0.10376848152844233
-1 0.0 0 0 -0.008160329744509557
-1 0.0 0 0 -0.07856117633304427
nodes 29
21 74.5 1 18 0.0
2 11.16913890838623 2 3 0.0013333831410129225
-1 0.0 0 0 -0.00019065986241418947
125 112.5 4 15 0.01451305811782084
1 10.860190391540527 5 14 0.017155771022343724
12 7.5 6 7 0.06197959564297732
-1 0.0 0 0 0.00032442902491778224
51 3.5 8 11 0.1356852410700745
7 0.23749999701976776 9 10 0.3234456929947353
-1 0.0 0 0 0.02434325160301181
-1 0.0 0 0 0.07419761571173485
116 39.5 12 13 0.08945850366613066
-1 0.0 0 0 0.004207108095543649
-1 0.0 0 0 0.025275300084487407
-1 0.0 0 0 0.0011453331795458388
17 0.5 16 17 -0.08388595441581194
-1 0.0 0 0 -0.037603141705039894
-1 0.0 0 0 -0.004643140792419824
29 64.5 19 26 -0.025083611167975077
13 60.5 20 21 -0.011200357630576124
-1 0.0 0 0 0.0004170033313596441
90 109.5 22 25 -0.08252072073141667
20 58.5 23 24 -0.1329467444912116
-1 0.0 0 0 -0.015753702144138515
-1 0.0 0 0 0.016970281797246294
-1 0.0 0 0 0.005971355280843969
84 91.5 27 28 -0.12216844410587076
-1 0.0 0 0 -0.017054794564827582
-1 0.0 0 0 0.0013553915925842753
nodes 29
58 60.5 1 4 0.0
30 33.5 2 3 0.0019309657930743553
-1 0.0 0 0 -0.00015649592599603225
-1 0.0 0 0 0.0014756031582626253
30 47.5 5 22 -0.01714876932726357
36 28.5 6 15 -0.007839678531839742
40 6.5 7 10 -0.022228822113767876
120 37.5 8 9 -0.04949039698788683
-1 0.0 0 0 -0.011136487966321284
-1 0.0 0 0 -0.00304500855187806
24 89.5 11 12 0.007540779211583022
-1 0.0 0 0 0.0015617728579435843
120 9.5 13 14 -0.15163997475339958
-1 0.0 0 0 0.0029078373593899114
-1 0.0 0 0 -0.03702508800122286
11 59.5 16 21 0.03231056460814309
135 50.5 17 18 0.03984437124174297
-1 0.0 0 0 0.005686007938105739
97 34.5 19 20 -0.06683102978549742
-1 0.0 0 0 -0.003116321746822236
-1 0.0 0 0 -0.051692485188444465
-1 0.0 0 0 -0.02939974352096518
65 85.5 23 28 -0.09036817419819715
12 2.5 24 27 -0.13427850504224892
103 57.5 25 26 -0.19887403187590955
-1 0.0 0 0 -0.02489833769179992
-1 0.0 0 0 0.004441046941539516
-1 0.0 0 0 -0.004459949184362729
-1 0.0 0 0 0.00021096437915482308
nodes 29
104 88.5 1 2 0.0
-1 0.0 0 0 0.00013282161138496596
101 87.5 3 28 -0.02499802392175123
31 109.5 4 23 -0.02150164435709522
102 61.5 5 22 -0.03334633506124676
107 26.5 6 21 -0.04189644701410158
0 11.239461898803711 7 14 -0.06269662758595541
43 30.5 8 9 -0.09507333841718286
-1 0.0 0 0 -0.00786095517270578
3 0.9156837463378906 10 13 -0.24704675401833745
3 0.5494712591171265 11 12 -0.1749096539955337
-1 0.0 0 0 -0.048791616474045445
-1 0.0 0 0 -0.008385321450610222
-1 0.0 0 0 -0.06264344652493796
60 54.5 15 20 -0.010133873569812438
54 116.5 16 17 -0.04881966557538548
-1 0.0 0 0 -0.008512016942030937
62 23.5 18 19 0.09846327040688532
-1 0.0 0 0 0.04309637712431141
-1 0.0 0 0 0.0013343142192810773
-1 0.0 0 0 0.010321121444651596
-1 0.0 0 0 0.002631447378139093
-1 0.0 0 0 0.008748199121824415
70 5.5 24 27 0.060342023800440396
9 0.5 25 26 0.000991905055856571
-1 0.0 0 0 0.022245965686127328
-1 0.0 0 0 -0.004661331262194328
-1 0.0 0 0 0.01926080027169415
-1 0.0 0 0 -0.02811508153061398
nodes 29
6 1.0261151790618896 1 28 0.0
2 10.7899169921875 2 5 -0.0021781771762425985
8 36.5 3 4 -0.014682159009097091
-1 0.0 0 0 -0.0033505063282383246
-1 0.0 0 0 -0.00017744346939256445
5 1.274338722229004 6 7 0.00405603511456586
-1 0.0 0 0 -0.0004954845283248164
6 0.918135941028595 8 9 0.015774096201770116
-1 0.0 0 0 -0.0008207994358009291
60 114.5 10 27 0.026773758871583765
122 14.5 11 20 0.01896281495940294
41 36.5 12 15 -0.009916053966133846
57 81.5 13 14 -0.058661122700130894
-1 0.0 0 0 -0.011720232045630028
-1 0.0 0 0 0.0005903606657959453
116 73.5 16 19 0.015786129548002733
103 11.5 17 18 0.027270621518782522
-1 0.0 0 0 -0.003145805714127173
-1 0.0 0 0 0.005454369521595058
-1 0.0 0 0 -0.01464439907709394
65 49.5 21 22 0.04016129236883533
-1 0.0 0 0 -0.0006630490777652358
101 97.5 23 26 0.06960309194964304
127 115.5 24 25 0.07573874083575453
-1 0.0 0 0 0.007840639726669455
-1 0.0 0 0 -0.0415216748714447
-1 0.0 0 0 -0.015566287429759369
-1 0.0 0 0 0.007465591504556894
-1 0.0 0 0 0.001517996316172164
nodes 29
109 88.5 1 10 0.0
8 53.5 2 7 0.0007798237824368598
118 91.5 3 4 -0.0005353956764001203
-1 0.0 0 0 8.646649698432294e-05
49 34.5 5 6 -0.035898499547733234
-1 0.0 0 0 -0.012664876910699409
-1 0.0 0 0 -0.0017965405563105297
60 122.5 8 9 0.02853626272019879
-1 0.0 0 0 0.001997053819077237
-1 0.0 0 0 0.01534419254871864
110 57.5 11 28 -0.04257547816925901
59 6.5 12 17 -0.025715508544224747
118 79.5 13 16 0.022575646851667876
70 52.5 14 15 0.03488278855787383
-1 0.0 0 0 0.0014293955211960294
-1 0.0 0 0 0.025737501987661688
-1 0.0 0 0 -0.03869165226457302
73 11.5 18 19 -0.07707168790741661
-1 0.0 0 0 -0.023269660053709132
74 4.5 20 23 -0.038096842063653304
120 48.5 21 22 -0.13168336315938514
-1 0.0 0 0 0.0024037566199462783
-1 0.0 0 0 -0.022316940915770828
108 58.5 24 25 0.03784876930476806
-1 0.0 0 0 0.008049736676369308
61 16.5 26 27 -0.21614732222838534
-1 0.0 0 0 -0.04725895430147648
-1 0.0 0 0 0.010440545375458896
-1 0.0 0 0 -0.020485268581021385
nodes 29
30 110.5 1 2 0.0
-1 0.0 0 0 9.902022522148542e-05
57 96.5 3 8 -0.03363140226920959
121 0.5 4 5 -0.09794049213921188
-1 0.0 0 0 -0.03408981826439311
79 15.5 6 7 -0.07543913510536332
-1 0.0 0 0 -0.011325676012127446
-1 0.0 0 0 0.0032051501764185928
85 60.5 9 26 0.003004338414679238
121 68.5 10 17 -0.03596192586087007
135 11.5 11 12 -0.0801741438424879
-1 0.0 0 0 -0.0018927250156950386
7 0.39750000834465027 13 16 -0.16987120749808157
114 7.5 14 15 -0.14113840559569177
-1 0.0 0 0 -0.028268199944612354
-1 0.0 0 0 -0.005542589598626364
-1 0.0 0 0 -0.05652892908214459
16 77.5 18 25 0.05945653328589837
4 1.0877699851989746 19 24 0.1163561980049195
54 121.5 20 21 0.06747125996308713
-1 0.0 0 0 -0.0048064441074315905
128 34.5 22 23 0.22945945935573467
-1 0.0 0 0 0.010821625337162069
-1 0.0 0 0 0.0560546675696969
-1 0.0 0 0 0.043275038033122354
-1 0.0 0 0 -0.012061417035429794
50 17.5 27 28 0.08710527173526636
-1 0.0 0 0 0.010748161553253192
-1 0.0 0 0 -0.023300051630564755
nodes 29
36 92.5 1 6 0.0
58 109.5 2 3 0.0007926344187854021
-1 0.0 0 0 0.00015168545043173822
70 58.5 4 5 -0.048042420672750996
-1 0.0 0 0 -0.002775499374324129
-1 0.0 0 0 -0.019094198410748504
49 3.5 7 10 -0.04065702171801239
90 24.5 8 9 -0.22146793847762736
-1 0.0 0 0 -0.05748365738175132
-1 0.0 0 0 -0.014132247479229244
66 49.5 11 28 -0.027192378980594248
14 53.5 12 25 -0.036150495064239015
20 60.5 13 14 -0.028139252900941054
-1 0.0 0 0 -0.0008146033830411149
87 72.5 15 24 -0.13615346609977846
42 25.5 16 19 -0.08624984796668561
135 14.5 17 18 -0.22730560586926077
-1 0.0 0 0 -0.035953181791667115
-1 0.0 0 0 0.00451605280466152
44 37.5 20 23 0.042098183998720604
1 10.872920989990234 21 22 0.14502420745514058
-1 0.0 0 0 -0.00373145796739581
-1 0.0 0 0 0.03618595218789336
-1 0.0 0 0 -0.023580207933361335
-1 0.0 0 0 -0.057696875960876554
47 41.5 26 27 -0.33139407820431743
-1 0.0 0 0 -0.006072670264568713
-1 0.0 0 0 -0.06155948225408793
-1 0.0 0 0 0.027504666801542045
nodes 29
134 80.5 1 16 0.0
29 83.5 2 3 0.0009144865541235371
-1 0.0 0 0 0.00021285828113688055
6 1.0598565340042114 4 15 -0.029579582555785522
118 14.5 5 10 -0.03940154968811526
1 11.106624603271484 6 9 -0.08118955241260188
58 64.5 7 8 -0.11034734548792217
-1 0.0 0 0 -0.009720676626273041
-1 0.0 0 0 -0.04193037547127799
-1 0.0 0 0 0.0026643127943144036
18 48.5 11 12 -0.007878092984967328
-1 0.0 0 0 -0.004180117992695628
82 53.5 13 14 0.07466589806536555
-1 0.0 0 0 0.009673275990656423
-1 0.0 0 0 -0.028355282582342625
-1 0.0 0 0 0.00994736058411546
44 86.5 17 26 -0.03524135713186722
77 117.5 18 25 -0.027410671460971252
94 120.5 19 24 -0.022135242429669768
96 5.5 20 23 -0.033288886594978064
7 0.012499999720603228 21 22 -0.14704378320946304
-1 0.0 0 0 0.0185955210620987
-1 0.0 0 0 -0.01958163631139229
-1 0.0 0 0 -0.001872466689306713
-1 0.0 0 0 0.011994939661884361
-1 0.0 0 0 -0.032686068252721606
129 1.5 27 28 -0.2614039235478757
-1 0.0 0 0 -0.011157182996690858
-1 0.0 0 0 -0.05670613944530487
nodes 29
108 123.5 1 28 0.0
0 9.726631164550781 2 5 0.00027556990762220475
6 1.0675913095474243 3 4 -0.031401044681160624
-1 0.0 0 0 -0.007540946948822479
-1 0.0 0 0 0.000815908920874746
6 1.0102970600128174 6 27 0.0013044629193466567
109 87.5 7 24 -0.001996370495830373
88 102.5 8 17 -0.0009944172232171577
95 4.5 9 10 -0.005873981444913157
-1 0.0 0 0 0.0007941238696301608
101 39.5 11 16 -0.01890374840358486
85 43.5 12 13 -0.03127482532288334
-1 0.0 0 0 -0.0045149586466214425
55 37.5 14 15 0.005194280628281881
-1 0.0 0 0 -0.005831184583396262
-1 0.0 0 0 0.002916206390230885
-1 0.0 0 0 0.000943544289038411
116 73.5 18 23 0.012216042303014776
114 36.5 19 22 0.01494854644401755
0 11.235457420349121 20 21 0.020515172924880157
-1 0.0 0 0 0.0010784429436459136
-1 0.0 0 0 0.00635985238364557
-1 0.0 0 0 -0.005169443381898439
-1 0.0 0 0 -0.014023189521552638
31 104.5 25 26 -0.059901156670909735
-1 0.0 0 0 -0.009055666679133927
-1 0.0 0 0 0.008718772287406203
-1 0.0 0 0 0.0018242053916461413
-1 0.0 0 0 -0.011643608359461826
nodes 29
2 11.516220092773438 1 28 0.0
98 102.5 2 21 -0.0006245872512648404
125 42.5 3 20 0.0004615679611913557
28 119.5 4 15 0.0029605859741103956
94 101.5 5 6 0.004153860172771216
-1 0.0 0 0 -2.4135293255909094e-05
97 83.5 7 14 0.018481030088904768
0 9.886900901794434 8 9 0.024886903844755736
-1 0.0 0 0 -0.00537895915849805
123 77.5 10 13 0.03013627131850543
67 64.5 11 12 0.033238457069702625
-1 0.0 0 0 0.003958824567446147
-1 0.0 0 0 -0.002961393088929959
-1 0.0 0 0 -0.013312894459813835
-1 0.0 0 0 -0.005243888963456282
51 67.5 16 19 -0.04677641680600952
114 26.5 17 18 -0.07010584044795885
-1 0.0 0 0 -0.005301668492659762
-1 0.0 0 0 -0.026607082876258487
-1 0.0 0 0 0.010617208905349455
-1 0.0 0 0 -0.001620152157865381
116 9.5 22 25 -0.03535289666595959
44 6.5 23 24 -0.13925523298295536
-1 0.0 0 0 -0.021877244822440092
-1 0.0 0 0 -0.003899439637417622
29 11.5 26 27 -0.010466109524164194
-1 0.0 0 0 0.0021148145115544724
-1 0.0 0 0 -0.006951836323690979
-1 0.0 0 0 0.005248188995359338
nodes 29
2 10.939213752746582 1 20 0.0
6 1.0434638261795044 2 19 -0.005386585321936954
116 102.5 3 12 -0.009871933626277429
53 90.5 4 11 -0.00743252552829609
61 107.5 5 6 -0.00439634440129799
-1 0.0 0 0 -5.6778354496447555e-05
87 20.5 7 8 -0.04995038156194821
-1 0.0 0 0 -0.015992711480259943
65 42.5 9 10 -0.0323063459515663
-1 0.0 0 0 -0.0009084976928127001
-1 0.0 0 0 -0.011846290261239505
-1 0.0 0 0 -0.005691669472816661
32 62.5 13 14 -0.06656521276930374
-1 0.0 0 0 -0.011033611478461406
65 26.5 15 16 0.030592925794983537
-1 0.0 0 0 0.0476816364331171
49 20.5 17 18 0.009344190626593661
-1 0.0 0 0 0.006583942562125838
-1 0.0 0 0 -0.01714405613563334
-1 0.0 0 0 0.0020894762363768533
129 102.5 21 24 0.006254745367736664
130 6.5 22 23 0.009112654260921968
-1 0.0 0 0 -0.0002690134787572317
-1 0.0 0 0 0.0019766295548222595
29 34.5 25 26 -0.037985593607493984
-1 0.0 0 0 -0.006487036416208798
41 48.5 27 28 0.04086521550738391
-1 0.0 0 0 -0.0018903194645128422
-1 0.0 0 0 0.01859714091396866
nodes 29
80 97.5 1 26 0.0
80 48.5 2 19 0.001289820896863533
49 20.5 3 18 -0.0022192235615376057
57 34.5 4 5 0.008111731457807098
-1 0.0 0 0 -0.007492596252948899
119 83.5 6 17 0.014854186055388203
2 10.762212753295898 7 10 0.01735837278271504
97 124.5 8 9 -0.005547925305235005
-1 0.0 0 0 -0.002831914150413466
-1 0.0 0 0 0.002978420566807616
103 65.5 11 16 0.03177765980009173
31 60.5 12 15 0.03754576645702813
91 56.5 13 14 0.01715782613214618
-1 0.0 0 0 -0.0026583475274696944
-1 0.0 0 0 0.004778788467463661
-1 0.0 0 0 0.006335204293655253
-1 0.0 0 0 -0.0064720029692298025
-1 0.0 0 0 -0.010089968663363333
-1 0.0 0 0 -0.0010050809429779613
49 51.5 20 21 0.01569149798294766
-1 0.0 0 0 -0.0023196431427025747
31 87.5 22 25 0.02869341872419784
116 76.5 23 24 0.03077143964005943
-1 0.0 0 0 0.0032981367496728317
-1 0.0 0 0 -0.017525410736120788
-1 0.0 0 0 -0.02222427380863505
81 44.5 27 28 -0.02518113712026804
-1 0.0 0 0 -0.008898090419713503
-1 0.0 0 0 -3.701165903753246e-05
nodes 29
2 11.246965408325195 1 12 0.0
38 104.5 2 11 -0.002256884459319562
12 61.5 3 10 -0.001786034535649537
128 71.5 4 5 -0.0007339810257345412
-1 0.0 0 0 0.00011609645360271654
25 72.5 6 7 -0.027536302861574474
-1 0.0 0 0 -0.0014509584275746064
117 58.5 8 9 -0.11034491484109162
-1 0.0 0 0 -0.013311070531997524
-1 0.0 0 0 0.022743588342699548
-1 0.0 0 0 -0.005057662371918901
-1 0.0 0 0 -0.012036250220629777
101 9.5 13 24 0.014670785798255868
116 25.5 14 17 -0.012224484618465098
99 71.5 15 16 -0.04456270265585366
-1 0.0 0 0 -0.003014432761697444
-1 0.0 0 0 -0.01876862784094342
23 5.5 18 19 0.021069689979843955
-1 0.0 0 0 -0.00837733282050581
113 1.5 20 21 0.04254004651409212
-1 0.0 0 0 -0.007593722014527063
57 107.5 22 23 0.06637805270691845
-1 0.0 0 0 0.002852331053255888
-1 0.0 0 0 0.013457329984499692
33 111.5 25 28 0.03026769990820333
24 123.5 26 27 0.025921831278113195
-1 0.0 0 0 0.002776833766194071
-1 0.0 0 0 -0.027996873762458564
-1 0.0 0 0 0.016087530099201882
nodes 29
6 0.9918442964553833 1 28 0.0
0 10.977226257324219 2 17 -0.004730129922103631
117 61.5 3 16 -0.019243155199044126
102 106.5 4 13 -0.015641696246268516
8 34.5 5 10 -0.009801421150641523
58 9.5 6 7 -0.03805340036255135
-1 0.0 0 0 -0.009695335575212056
4 0.8170390129089355 8 9 -0.013925018378158523
-1 0.0 0 0 -0.03408633834741851
-1 0.0 0 0 -0.0008872041344448148
74 103.5 11 12 0.0006828811093280816
-1 0.0 0 0 0.0002384124483653759
-1 0.0 0 0 -0.025021821451432343
41 98.5 14 15 -0.06188942857663232
-1 0.0 0 0 -0.014285978019646135
-1 0.0 0 0 -0.0019119536298889692
-1 0.0 0 0 -0.013532291938156627
75 88.5 18 23 0.0031278488003078932
44 77.5 19 22 0.005906998987026638
42 123.5 20 21 0.009112381993714553
-1 0.0 0 0 0.000995720273454618
-1 0.0 0 0 -0.01729554751101908
-1 0.0 0 0 -0.004118344010256367
123 53.5 24 27 -0.04489386343506644
52 6.5 25 26 -0.09003919651564024
-1 0.0 0 0 -0.019821837321117832
-1 0.0 0 0 -0.004640739029400836
-1 0.0 0 0 0.001765896217341508
-1 0.0 0 0 0.0006867917814823036
nodes 29
60 115.5 1 8 0.0
93 116.5 2 7 -0.0024155461535476375
18 119.5 3 4 -0.0009641708796087289
-1 0.0 0 0 3.59625784672966e-05
89 73.5 5 6 -0.054481370403090736
-1 0.0 0 0 -0.003269475525485983
-1 0.0 0 0 -0.022008059419805742
-1 0.0 0 0 -0.004965567600749332
2 9.930567741394043 9 10 0.013772471089833713
-1 0.0 0 0 -0.010181003921022287
53 51.5 11 28 0.01865471948290495
65 84.5 12 27 0.020923342207235372
19 38.5 13 16 0.028918487153411873
120 3.5 14 15 -0.01932105221493946
-1 0.0 0 0 -0.031404237300157546
-1 0.0 0 0 -0.0010918909297776593
72 92.5 17 26 0.04143749111742071
45 109.5 18 25 0.04440757709089161
2 10.682215690612793 19 22 0.04636717479464599
27 70.5 20 21 0.015126367139296775
-1 0.0 0 0 -0.003808330037583045
-1 0.0 0 0 0.004134809129075148
106 101.5 23 24 0.06908112261653636
-1 0.0 0 0 0.007178609009698006
-1 0.0 0 0 -0.03365844415829462
-1 0.0 0 0 -0.0289666146828005
-1 0.0 0 0 -0.018111928724762083
-1 0.0 0 0 -0.00458848403422762
-1 0.0 0 0 -0.023946188208979688
nodes 29
15 78.5 1 2 0.0
-1 0.0 0 0 0.00011967788350821135
80 52.5 3 24 -0.026145809304397038
68 98.5 4 23 -0.016504609628200023
129 51.5 5 8 -0.009624175580435722
9 37.5 6 7 -0.03794527795708979
-1 0.0 0 0 -0.0031633425599106022
-1 0.0 0 0 -0.028275498012746023
33 62.5 9 16 0.039480428384688994
129 128.5 10 15 0.06415882393971709
35 27.5 11 14 0.08188806587682589
28 33.5 12 13 0.06267519566322545
-1 0.0 0 0 0.007939074129291308
-1 0.0 0 0 -0.02003581072643118
-1 0.0 0 0 0.026513339791406867
-1 0.0 0 0 -0.011313359543137082
47 32.5 17 20 -0.08903797938497422
125 10.5 18 19 -0.344264533885933
-1 0.0 0 0 -0.011141966883507042
-1 0.0 0 0 -0.06586051017045975
104 56.5 21 22 -0.014065179000317585
-1 0.0 0 0 -0.00897600051185275
-1 0.0 0 0 0.0300922968394814
-1 0.0 0 0 -0.019554879340446658
36 13.5 25 26 -0.15086600937094566
-1 0.0 0 0 -0.007100015661839132
26 14.5 27 28 -0.3391212337162523
-1 0.0 0 0 -0.048857352234147215
-1 0.0 0 0 -0.007010711419085662
nodes 29
1 8.296795845031738 1 2 0.0
-1 0.0 0 0 -0.005084368010662619
5 1.3670734167099 3 6 0.0006062505482020857
51 137.5 4 5 -0.0037798227156399964
-1 0.0 0 0 -0.000464187630704414
-1 0.0 0 0 0.00978674640165461
60 114.5 7 8 0.009198343846560555
-1 0.0 0 0 0.00036314278456333
9 63.5 9 22 0.0397958797780002
2 9.96208667755127 10 11 0.05215355012545044
-1 0.0 0 0 -0.007154311163875541
102 60.5 12 15 0.06269927088711733
112 84.5 13 14 0.040509786815081876
-1 0.0 0 0 0.004915437332314832
-1 0.0 0 0 -0.01714808529652997
80 22.5 16 17 0.12781651211960954
-1 0.0 0 0 0.0007009772306728159
7 0.39249999821186066 18 19 0.17226920858755287
-1 0.0 0 0 0.014355049830949387
91 4.5 20 21 0.4866895711145781
-1 0.0 0 0 0.08195437852825438
-1 0.0 0 0 0.017602563789114355
6 0.7861757874488831 23 24 -0.04827427790946209
-1 0.0 0 0 -0.037143325896630455
74 7.5 25 26 -0.021806018508615948
-1 0.0 0 0 -0.01969716440193637
51 2.5 27 28 0.029535630347982525
-1 0.0 0 0 0.05624315798282623
-1 0.0 0 0 0.00019244412557400492
nodes 29
120 123.5 1 12 0.0
135 96.5 2 9 0.0008632483477495928
127 62.5 3 6 0.0017620459150087713
94 9.5 4 5 -0.0019477739388014455
-1 0.0 0 0 0.0005475246965246536
-1 0.0 0 0 -0.001543103805955751
31 100.5 7 8 0.01360156833536915
-1 0.0 0 0 0.001539683967714164
-1 0.0 0 0 -0.02276662550989958
70 38.5 10 11 -0.03927070930773333
-1 0.0 0 0 -0.005122191333037303
-1 0.0 0 0 0.013831825625182185
69 27.5 13 18 -0.03469149593501234
55 4.5 14 17 -0.002185898753332361
7 0.36250001192092896 15 16 0.026180004987075782
-1 0.0 0 0 0.005187854544874981
-1 0.0 0 0 -0.009682368867899499
-1 0.0 0 0 -0.010952608052655938
67 76.5 19 28 -0.10747891785595103
36 38.5 20 25 -0.13024119102827958
71 34.5 21 24 -0.16581326662740928
70 19.5 22 23 -0.14897723254901252
-1 0.0 0 0 -0.022700726779871918
-1 0.0 0 0 -0.005638159071936065
-1 0.0 0 0 -0.05602574936069903
42 9.5 26 27 0.04522491264819669
-1 0.0 0 0 -0.027918497372705204
-1 0.0 0 0 0.015336154143994626
-1 0.0 0 0 0.014331255620345474
nodes 29
2 11.349653244018555 1 28 0.0
21 79.5 2 15 -0.0014322280499543573
11 68.5 3 6 -6.547445071969229e-05
124 114.5 4 5 0.000982960329493695
-1 0.0 0 0 0.0002046858496145813
-1 0.0 0 0 -0.004567199671617511
79 58.5 7 12 -0.04564063413399338
38 24.5 8 11 -0.025530660360741395
44 66.5 9 10 -0.012001133666317472
-1 0.0 0 0 -6.463259013980358e-05
-1 0.0 0 0 -0.029086751419798298
-1 0.0 0 0 -0.023161678415055228
1 10.646519660949707 13 14 -0.20026612625655765
-1 0.0 0 0 -0.004036781901591703
-1 0.0 0 0 -0.03335147156237582
72 21.5 16 23 -0.03391454718279539
108 5.5 17 18 -0.07538007578246746
-1 0.0 0 0 -0.0025651376382267205
10 7.5 19 22 -0.1301975928674032
32 35.5 20 21 -0.08681742912369282
-1 0.0 0 0 -0.01733362135912096
-1 0.0 0 0 -0.0006520886004867339
-1 0.0 0 0 -0.02470542062057236
110 29.5 24 27 0.0040001305170737625
90 84.5 25 26 0.017088082492656486
-1 0.0 0 0 -0.002294969880885088
-1 0.0 0 0 0.007768743521557049
-1 0.0 0 0 -0.02020733774758278
-1 0.0 0 0 0.0021396973786652292
nodes 29
24 101.5 1 20 0.0
39 84.5 2 19 0.000981970619158101
31 109.5 3 10 0.0016358637475608882
47 91.5 4 5 -0.00040719591575442325
-1 0.0 0 0 0.00018742106166452684
96 28.5 6 7 -0.03000398521841437
-1 0.0 0 0 -0.007848485767382452
63 50.5 8 9 0.0014051597943396607
-1 0.0 0 0 -0.006036992576610838
-1 0.0 0 0 0.003953288273476742
73 84.5 11 18 0.023972597910356316
55 65.5 12 13 0.03828832492727657
-1 0.0 0 0 -0.0026239643233635004
2 10.671069145202637 14 15 0.056409887077728954
-1 0.0 0 0 0.000994166156393424
46 32.5 16 17 0.09299403233130618
-1 0.0 0 0 0.0029229691471297633
-1 0.0 0 0 0.012316175305876628
-1 0.0 0 0 -0.011232984238797053
-1 0.0 0 0 -0.005340435717172014
122 124.5 21 28 -0.031044608850629686
19 54.5 22 27 -0.02468571905345482
12 20.5 23 24 -0.019041715464943522
-1 0.0 0 0 -0.0035690987958308233
65 28.5 25 26 0.06957929079221377
-1 0.0 0 0 -0.011808398464255824
-1 0.0 0 0 0.011340484613326832
-1 0.0 0 0 -0.025441430261707865
-1 0.0 0 0 -0.023309076204895973
nodes 29
2 11.165323257446289 1 2 0.0
-1 0.0 0 0 -0.00028921082234934517
41 135.5 3 28 0.010765737298534596
43 78.5 4 25 0.01165704525684428
3 0.6450005769729614 5 20 0.015045422697609152
15 35.5 6 17 0.04062971512161099
68 3.5 7 16 0.028592230869655403
56 54.5 8 9 -0.021554684714740893
-1 0.0 0 0 0.0008895830973099346
3 0.29835277795791626 10 11 -0.13252229431874296
-1 0.0 0 0 -0.052277869772579935
63 20.5 12 15 -0.08861844893544912
59 16.5 13 14 0.15680119440320037
-1 0.0 0 0 0.04569294945720365
-1 0.0 0 0 -0.020764031294467196
-1 0.0 0 0 -0.017410169549160796
-1 0.0 0 0 0.005160561922074772
86 73.5 18 19 0.10746318402472214
-1 0.0 0 0 0.0084662229157136
-1 0.0 0 0 0.03844525616753985
99 123.5 21 24 0.006070373428590485
1 10.768800735473633 22 23 0.007246470371932715
-1 0.0 0 0 0.023197725631735534
-1 0.0 0 0 0.0005756826305094486
-1 0.0 0 0 -0.03110437656619719
87 78.5 26 27 -0.047732392215192064
-1 0.0 0 0 -0.0010599096019219775
-1 0.0 0 0 -0.019662962892257118
-1 0.0 0 0 -0.020560498309369464
nodes 29
6 0.9604427814483643 1 28 0.0
7 0.14750000089406967 2 15 -0.007180000834707206
3 0.6315044164657593 3 14 -0.003210075014344846
17 35.5 4 13 0.014131833633795936
4 0.9483683705329895 5 10 0.027478856863804562
60 122.5 6 9 0.01990859896705463
119 98.5 7 8 0.012092094666328289
-1 0.0 0 0 0.0019676281713607853
-1 0.0 0 0 -0.007301765237824293
-1 0.0 0 0 0.010254987540604889
6 0.9244184494018555 11 12 0.13363704359621606
-1 0.0 0 0 0.019091872290895977
-1 0.0 0 0 -0.0027668165348470213
-1 0.0 0 0 -0.0013039975589568217
-1 0.0 0 0 -0.0012342073034057675
59 61.5 16 27 -0.04203950536673826
72 40.5 17 18 -0.06540504519314486
-1 0.0 0 0 -0.009669587098968223
77 44.5 19 24 -0.014351592577741783
17 12.5 20 21 -0.06778731206099908
-1 0.0 0 0 -0.016574255982594377
42 32.5 22 23 0.0026094955249500143
-1 0.0 0 0 0.006146284083310638
-1 0.0 0 0 -0.018710599405663636
5 3.3629653453826904 25 26 0.09064789443235298
-1 0.0 0 0 0.004776049710378268
-1 0.0 0 0 0.04021458329240743
-1 0.0 0 0 0.001106399423873129
-1 0.0 0 0 0.00044818345178306213
nodes 29
78 102.5 1 2 0.0
-1 0.0 0 0 9.517789593412644e-05
15 27.5 3 26 -0.03224881425878673
110 69.5 4 19 -0.04907865476710504
90 122.5 5 18 -0.033894671350117936
62 11.5 6 9 -0.028974157809524944
11 72.5 7 8 -0.09533600037092131
-1 0.0 0 0 -0.007633538180337418
-1 0.0 0 0 -0.047297329440092045
103 26.5 10 17 -0.005209123411197868
4 0.9148697853088379 11 16 0.033504114322442886
0 11.349123001098633 12 13 -0.023966815465990027
-1 0.0 0 0 -0.00878596972276229
94 1.5 14 15 0.09463893630991466
-1 0.0 0 0 0.0501527748155323
-1 0.0 0 0 0.0035747134595447666
-1 0.0 0 0 0.01042047383443517
-1 0.0 0 0 -0.007525054348752382
-1 0.0 0 0 -0.039347066085499066
36 7.5 20 21 -0.1478771414600684
-1 0.0 0 0 -0.005665256211982737
14 2.5 22 25 -0.31381899530755447
41 51.5 23 24 -0.1542008475167677
-1 0.0 0 0 0.002604110391201595
-1 0.0 0 0 -0.042456377465994316
-1 0.0 0 0 -0.05731984854675829
122 71.5 27 28 0.0739895539499726
-1 0.0 0 0 0.011894480971381585
-1 0.0 0 0 -0.012450519073038147
nodes 29
6 0.9051737785339355 1 8 0.0
7 0.11749999970197678 2 7 -0.011667584759510281
117 83.5 3 4 -0.007559593075239056
-1 0.0 0 0 -0.00041114200801003364
16 4.5 5 6 -0.09629217200491301
-1 0.0 0 0 -0.02467972459550947
-1 0.0 0 0 -0.004202351553249173
-1 0.0 0 0 -0.006992252587919904
8 51.5 9 28 0.0025681687589533737
2 11.065074920654297 10 13 0.0008160271905197816
130 119.5 11 12 -0.003960235206438809
-1 0.0 0 0 -0.00034756578862476183
-1 0.0 0 0 -0.01930992241509052
69 123.5 14 27 0.01227914993898358
62 126.5 15 26 0.013581478923630574
125 0.5 16 17 0.014449953065661552
-1 0.0 0 0 -0.0020556326849408414
6 1.0071455240249634 18 19 0.02060356697465075
-1 0.0 0 0 0.0014645458228074583
85 132.5 20 25 0.07648590063319297
17 78.5 21 24 0.08394077227447076
17 42.5 22 23 0.11119809478456252
-1 0.0 0 0 0.007213374101044082
-1 0.0 0 0 0.02648415382530412
-1 0.0 0 0 -0.003125179769652214
-1 0.0 0 0 -0.04554029847292797
-1 0.0 0 0 -0.023481435772739877
-1 0.0 0 0 -0.014759350095942887
-1 0.0 0 0 0.0035291989228227807
nodes 29
52 85.5 1 8 0.0
14 74.5 2 3 0.0012554982680565686
-1 0.0 0 0 0.00023923702342597497
49 1.5 4 7 -0.0346305460808398
104 15.5 5 6 0.09761516548589699
-1 0.0 0 0 -0.015058897886621327
-1 0.0 0 0 0.018182728589107727
-1 0.0 0 0 -0.004704409848072123
72 117.5 9 28 -0.024358835302572133
3 0.6631825566291809 10 19 -0.022266671039559996
131 9.5 11 16 0.012316083719038955
124 49.5 12 13 -0.027991217899251016
-1 0.0 0 0 -0.0006860321045163803
84 114.5 14 15 -0.2004994879063251
-1 0.0 0 0 -0.039761239559590524
-1 0.0 0 0 -0.0045841668026808365
38 11.5 17 18 0.06899156205269272
-1 0.0 0 0 0.009677058785688133
-1 0.0 0 0 -0.01013515207088412
12 66.5 20 27 -0.04683933936217386
33 107.5 21 26 -0.03454805706980213
50 81.5 22 23 -0.022735273448135876
-1 0.0 0 0 -0.0037260591122672453
134 12.5 24 25 0.1095392629676671
-1 0.0 0 0 -0.005342960788735322
-1 0.0 0 0 0.026369900566836198
-1 0.0 0 0 -0.01927523923219336
-1 0.0 0 0 -0.0181583957389763
-1 0.0 0 0 -0.04407946220175787
nodes 29
100 104.5 1 24 0.0
101 117.5 2 11 0.0009360961466578966
77 77.5 3 6 0.0019875374109183173
45 44.5 4 5 0.004079704119210416
-1 0.0 0 0 5.20995937257152e-05
-1 0.0 0 0 0.0024344024006133975
54 66.5 7 8 -0.016850106570855374
-1 0.0 0 0 -0.005313426340593908
2 10.31807804107666 9 10 0.012750740159672324
-1 0.0 0 0 -0.00945031773417473
-1 0.0 0 0 0.0027367969120683515
6 1.0393445491790771 12 21 -0.0360970799105344
10 13.5 13 14 -0.05519384583570869
-1 0.0 0 0 -0.009570274328277584
102 83.5 15 18 0.006874555020686719
132 1.5 16 17 -0.02219302554816935
-1 0.0 0 0 -0.01594757480546832
-1 0.0 0 0 0.0018263572439997805
107 6.5 19 20 0.1705970814726196
-1 0.0 0 0 0.008381488008338229
-1 0.0 0 0 0.05914907582104206
125 55.5 22 23 0.04860979377562243
-1 0.0 0 0 0.00010041197878647999
-1 0.0 0 0 0.021189725555363113
27 36.5 25 26 -0.0318064830971778
-1 0.0 0 0 -0.007453382071769904
120 2.5 27 28 0.020100411958640926
-1 0.0 0 0 -0.02916079690265987
-1 0.0 0 0 0.0030092844474641483
nodes 29
32 132.5 1 20 0.0
37 101.5 2 17 0.00040536482144822256
70 83.5 3 14 0.0010633319954152583
70 29.5 4 11 0.00236939072133886
121 0.5 5 8 -0.0009897460218059595
30 119.5 6 7 -0.02321153719922071
-1 0.0 0 0 -0.0021078652419673585
-1 0.0 0 0 -0.035434189922391224
56 118.5 9 10 0.0019648925413362616
-1 0.0 0 0 0.00027291528993760305
-1 0.0 0 0 -0.009067569101881235
131 44.5 12 13 0.018484913840883264
-1 0.0 0 0 0.0023567588200072093
-1 0.0 0 0 -0.0052283573824182285
136 21.5 15 16 -0.023833021899702583
-1 0.0 0 0 -0.0037772207369052807
-1 0.0 0 0 0.004638059183999549
21 95.5 18 19 -0.046506362765045224
-1 0.0 0 0 -0.003825233287582878
-1 0.0 0 0 -0.040231400834662576
77 31.5 21 28 -0.07238843488232669
9 8.5 22 23 -0.028088678072890616
-1 0.0 0 0 0.0028524589196114833
5 1.2558878660202026 24 25 -0.16887034269758558
-1 0.0 0 0 -0.047089186046893404
54 34.5 26 27 -0.08742633790531185
-1 0.0 0 0 -0.02187834351323545
-1 0.0 0 0 0.01843469667023626
-1 0.0 0 0 -0.02370497950985325
nodes 29
34 103.5 1 2 0.0
-1 0.0 0 0 5.6420253303185615e-05
93 118.5 3 28 -0.052370610454581024
2 10.709025382995605 4 9 -0.062050755629669954
102 2.5 5 6 -0.1734639658204028
-1 0.0 0 0 -0.0038802035756736668
24 7.5 7 8 -0.27910392819793395
-1 0.0 0 0 -0.01859120590034277
-1 0.0 0 0 -0.054625395322218544
21 104.5 10 27 -0.030327874598746026
109 48.5 11 26 -0.01701308300934017
52 18.5 12 17 0.003286346569668189
94 7.5 13 16 0.07361125118168926
76 50.5 14 15 -0.056922067009860224
-1 0.0 0 0 -0.01394234235644095
-1 0.0 0 0 0.026949634370596515
-1 0.0 0 0 0.01507138329114128
136 45.5 18 25 -0.06096884901333916
92 37.5 19 24 -0.026481047513494487
52 77.5 20 23 -0.08342399962638664
73 87.5 21 22 -0.03235619181372306
-1 0.0 0 0 -0.012884559250730827
-1 0.0 0 0 0.012478368931582997
-1 0.0 0 0 -0.03306997006140208
-1 0.0 0 0 0.013769213909770109
-1 0.0 0 0 -0.03396675692418138
-1 0.0 0 0 -0.022419614998239374
-1 0.0 0 0 -0.04779584870806763
-1 0.0 0 0 0.034072745882946516
nodes 29
134 104.5 1 12 0.0
57 1.5 2 3 0.0005616202486496555
-1 0.0 0 0 -0.001654900490829464
59 82.5 4 7 0.0024693662138102553
67 87.5 5 6 -0.0013190667329905808
-1 0.0 0 0 3.8328438826637676e-05
-1 0.0 0 0 -0.007931346151644128
101 22.5 8 9 0.016838829903121157
-1 0.0 0 0 -0.0010098927078068516
31 71.5 10 11 0.037620938816050026
-1 0.0 0 0 0.004232621300452289
-1 0.0 0 0 -0.01802403494884171
90 114.5 13 26 -0.05229662192832391
110 64.5 14 25 -0.03165178378334485
43 2.5 15 18 -0.016518193507617542
21 36.5 16 17 -0.08335492276336726
-1 0.0 0 0 -0.012102766859673219
-1 0.0 0 0 0.014527967263912334
10 34.5 19 24 0.0487271850515667
117 54.5 20 23 0.08763236981526396
4 0.7707260847091675 21 22 0.11346768621104554
-1 0.0 0 0 -0.00830997140428442
-1 0.0 0 0 0.015980676916063172
-1 0.0 0 0 -0.03321915216161869
-1 0.0 0 0 -0.013023666486144067
-1 0.0 0 0 -0.03380147088773367
119 3.5 27 28 -0.26894305595575485
-1 0.0 0 0 -0.04559119635430927
-1 0.0 0 0 -0.005800377560080961
nodes 29
6 0.9998595118522644 1 24 0.0
2 10.857536315917969 2 13 -0.003948433366789224
8 34.5 3 10 -0.015689621497269407
4 0.9454073905944824 4 7 -0.04578400190333436
7 0.48750001192092896 5 6 -0.10160287625324628
-1 0.0 0 0 -0.00910143767563516
-1 0.0 0 0 -0.04708767962074489
3 0.7667124271392822 8 9 -0.024725813354632788
-1 0.0 0 0 0.0033720644652744224
-1 0.0 0 0 -0.005068968838781024
126 109.5 11 12 -0.008150285716181581
-1 0.0 0 0 -0.000326853037248078
-1 0.0 0 0 -0.007306928690647284
133 85.5 14 23 0.0024756716597478592
42 124.5 15 22 0.004232167835325539
129 102.5 16 17 0.004810245804565546
-1 0.0 0 0 0.0007397360382156591
29 34.5 18 21 -0.037207939637308424
39 6.5 19 20 -0.06426648700356129
-1 0.0 0 0 -0.011650834349648564
-1 0.0 0 0 8.393013207261004e-05
-1 0.0 0 0 0.004807062998915453
-1 0.0 0 0 -0.018487539099684605
-1 0.0 0 0 -0.007687849795357856
7 0.1274999976158142 25 28 0.007624769890729501
5 1.3728357553482056 26 27 0.02911058901876922
-1 0.0 0 0 0.0009055087360380163
-1 0.0 0 0 0.0070618407154403335
-1 0.0 0 0 0.00010947929369899358
nodes 29
82 98.5 1 12 0.0
100 83.5 2 3 0.0007681436892755322
-1 0.0 0 0 0.00020392239699499476
19 109.5 4 11 -0.02469325913185339
85 113.5 5 10 -0.03740924836609832
58 23.5 6 7 -0.04293235834400979
-1 0.0 0 0 -0.008390778508035095
134 26.5 8 9 -0.00995368069781966
-1 0.0 0 0 0.0006288934076310376
-1 0.0 0 0 -0.011503090396738398
-1 0.0 0 0 0.017532152605785445
-1 0.0 0 0 0.005307323285172611
116 22.5 13 28 -0.03769816426508081
19 14.5 14 23 -0.06616766634688467
66 9.5 15 22 -0.11213408418951722
63 69.5 16 19 -0.031809924323552924
63 18.5 17 18 -0.09448967392273509
-1 0.0 0 0 0.0035016267766965732
-1 0.0 0 0 -0.02305806634949631
130 15.5 20 21 0.15545550040486786
-1 0.0 0 0 0.03479587130565592
-1 0.0 0 0 -0.011065188179011733
-1 0.0 0 0 -0.01737604586234993
106 62.5 24 27 -0.006691118738330577
24 38.5 25 26 0.015666474290733798
-1 0.0 0 0 0.00445305411698845
-1 0.0 0 0 -0.01721532285003595
-1 0.0 0 0 -0.02904196207500285
-1 0.0 0 0 0.004152393119040295
nodes 29
108 101.5 1 26 0.0
123 128.5 2 17 0.0006198818624330371
114 127.5 3 16 -0.0002890372756168479
113 10.5 4 7 3.910825442795838e-05
38 1.5 5 6 -0.008299329517588317
-1 0.0 0 0 -0.0023433941482703087
-1 0.0 0 0 0.00032407123551616223
54 92.5 8 11 0.004509455967754834
121 73.5 9 10 0.0006464146037803522
-1 0.0 0 0 0.0005752006906551125
-1 0.0 0 0 -0.0035063418760077365
41 89.5 12 15 0.025355700610782295
64 29.5 13 14 0.036335727948635654
-1 0.0 0 0 -0.00960140995609974
-1 0.0 0 0 0.0043061500744788345
-1 0.0 0 0 -0.0073879123121144115
-1 0.0 0 0 -0.012116859515737863
52 16.5 18 21 0.03677294576444211
112 58.5 19 20 0.005148951080565419
-1 0.0 0 0 0.0012956192483636535
-1 0.0 0 0 -0.03288545951945707
76 34.5 22 23 0.09416312264541521
-1 0.0 0 0 0.0015853975395582719
86 0.5 24 25 0.16439122767290626
-1 0.0 0 0 0.023709039582548656
-1 0.0 0 0 0.003161427472756865
3 0.21366041898727417 27 28 -0.04646806566639519
-1 0.0 0 0 -0.030378061929281726
-1 0.0 0 0 -0.0035812832168208557
nodes 29
66 101.5 1 2 0.0
-1 0.0 0 0 7.470175491123125e-05
118 23.5 3 20 -0.037104678899962946
118 1.5 4 7 -0.05750244063192274
8 26.5 5 6 -0.012189943209384378
-1 0.0 0 0 0.038266744399443275
-1 0.0 0 0 -0.0022949000081422992
58 47.5 8 13 -0.10864858293221304
27 3.5 9 10 -0.04658777030298378
-1 0.0 0 0 -0.020262809617827848
19 111.5 11 12 0.019145752801963196
-1 0.0 0 0 0.00840397818919114
-1 0.0 0 0 -0.031798664222630425
22 85.5 14 19 -0.18162562970469437
120 69.5 15 18 -0.15057357277165007
24 94.5 16 17 -0.07576715830613726
-1 0.0 0 0 -0.003512366165126547
-1 0.0 0 0 -0.043342992886900904
-1 0.0 0 0 -0.031910296628016165
-1 0.0 0 0 -0.05477811343735084
132 5.5 21 28 0.04576851305102796
126 26.5 22 23 0.0026961038117444564
-1 0.0 0 0 0.023111089427144297
107 28.5 24 27 -0.06109541424456774
48 6.5 25 26 -0.1055568011268162
-1 0.0 0 0 -0.03996376803642589
-1 0.0 0 0 -0.00538698587153869
-1 0.0 0 0 0.024695848058243947
-1 0.0 0 0 0.023111039523218732
nodes 29
2 11.516220092773438 1 26 0.0
79 74.5 2 21 -0.000573770539475816
71 105.5 3 12 0.00040993499664438473
2 10.939213752746582 4 11 0.001034086633334796
6 1.0434638261795044 5 10 -0.004412750224356411
21 49.5 6 7 -0.008462280378229145
-1 0.0 0 0 -0.0005722853059236185
22 109.5 8 9 -0.05518936353851156
-1 0.0 0 0 -0.0037110671055443703
-1 0.0 0 0 -0.018410687611776996
-1 0.0 0 0 0.0019936293631602708
-1 0.0 0 0 0.0007745680805183362
58 14.5 13 20 -0.058949181862648393
91 12.5 14 19 -0.00513861890942907
62 39.5 15 16 0.06505758493822733
-1 0.0 0 0 0.017672954474935085
37 2.5 17 18 -0.019678424767700573
-1 0.0 0 0 0.009290163206017537
-1 0.0 0 0 -0.017380588352014975
-1 0.0 0 0 -0.01054189101203668
-1 0.0 0 0 -0.01649666817208123
93 2.5 22 25 -0.03413148155698349
41 48.5 23 24 0.03409816529400902
-1 0.0 0 0 0.006236829318252306
-1 0.0 0 0 -0.013863490969452628
-1 0.0 0 0 -0.0064312974884334646
1 10.820878028869629 27 28 0.04821194226022988
-1 0.0 0 0 0.04312507947674021
-1 0.0 0 0 0.004081736981800648
nodes 29
1 8.898092269897461 1 2 0.0
-1 0.0 0 0 -0.002824248549764107
6 1.019826054573059 3 28 0.001033265702100131
105 104.5 4 17 -0.0015032346004505881
131 111.5 5 14 0.0001066537378747384
11 66.5 6 9 0.0006281616712465115
30 110.5 7 8 0.0017821436550243337
-1 0.0 0 0 0.0003103447432075998
-1 0.0 0 0 -0.003952319941957555
42 4.5 10 13 -0.04910164865181363
85 31.5 11 12 -0.1873717714882911
-1 0.0 0 0 -0.028864543849753368
-1 0.0 0 0 0.0020801877364040895
-1 0.0 0 0 -0.0027466209801155703
17 48.5 15 16 -0.12012020895973304
-1 0.0 0 0 -0.0060762230726707
-1 0.0 0 0 -0.03585095086375312
30 37.5 18 25 -0.03371352619981988
62 62.5 19 22 -0.019624061857687922
112 79.5 20 21 -0.012256350596942679
-1 0.0 0 0 -0.00014951890570124844
-1 0.0 0 0 -0.013653187437242345
112 24.5 23 24 -0.25027220174670217
-1 0.0 0 0 -0.04972323855385185
-1 0.0 0 0 -0.007066479535265402
98 30.5 26 27 -0.1152994999092595
-1 0.0 0 0 -0.019228663817642534
-1 0.0 0 0 0.0010714273672320404
-1 0.0 0 0 0.0018448556146610868
nodes 29
68 124.5 1 20 0.0
3 0.6086475253105164 2 19 0.0007696139402887448
68 20.5 3 4 0.009035945064961175
-1 0.0 0 0 -0.0001961478147582495
4 0.906256914138794 5 12 0.027659678076672033
1 10.441587448120117 6 11 0.016151549338320137
117 32.5 7 8 -0.004627424738069917
-1 0.0 0 0 0.0006989139684501148
70 41.5 9 10 -0.12401537937470354
-1 0.0 0 0 -0.015381780671852089
-1 0.0 0 0 0.02723569042980671
-1 0.0 0 0 0.00467445732523722
80 24.5 13 14 0.0761765633233616
-1 0.0 0 0 0.0008819046051186674
0 9.886900901794434 15 16 0.1293370922754031
-1 0.0 0 0 -0.017220722624642804
92 56.5 17 18 0.14838826343571623
-1 0.0 0 0 0.017689847337857428
-1 0.0 0 0 -0.004698402795565221
-1 0.0 0 0 -0.00029085379318905403
78 11.5 21 28 -0.03610450835366015
88 22.5 22 23 -0.02057942524492999
-1 0.0 0 0 -0.011669714555138225
90 1.5 24 27 0.0007182014124012086
81 77.5 25 26 -0.07914423867863526
-1 0.0 0 0 0.02605429836721332
-1 0.0 0 0 -0.010519979266576808
-1 0.0 0 0 0.003092565130711461
-1 0.0 0 0 -0.017616234367145576
nodes 29
132 116.5 1 24 0.0
104 88.5 2 3 0.00026678847579485643
-1 0.0 0 0 0.00015171276089583126
42 95.5 4 23 -0.02331745265872542
85 119.5 5 22 -0.018653725680208053
0 11.116766929626465 6 21 -0.014329605708369934
36 40.5 7 18 -0.043100696569088985
62 106.5 8 17 -0.03115959836460177
92 2.5 9 10 -0.02121764663071297
-1 0.0 0 0 0.002434149955918628
110 4.5 11 12 -0.06459828894874595
-1 0.0 0 0 -0.0010037001982467094
125 32.5 13 16 -0.15503136126854514
50 112.5 14 15 -0.08913649899885058
-1 0.0 0 0 -0.00475500850394989
-1 0.0 0 0 -0.05447789475969647
-1 0.0 0 0 -0.036331971901757965
-1 0.0 0 0 -0.020730096964991458
19 56.5 19 20 -0.2173002468463143
-1 0.0 0 0 -0.03315726856980473
-1 0.0 0 0 0.010012319440849954
-1 0.0 0 0 0.0013791515833688338
-1 0.0 0 0 -0.019698209644187815
-1 0.0 0 0 -0.019993600969861164
133 46.5 25 28 -0.10433758277848655
10 7.5 26 27 -0.03283008348773278
-1 0.0 0 0 0.005518643596421993
-1 0.0 0 0 -0.02186427356640774
-1 0.0 0 0 -0.03012762693497429
end
