vecsearch-termination-model 1
kind gbdt
checkpoint 400
query_dim 128
bias 6.32160529506232
trees 200
nodes 29
6 1.1010961532592773 1 16 0.0
1 10.538581848144531 2 9 0.3150461263644904
6 1.0648841857910156 3 6 0.012725711770565985
1 10.176677703857422 4 5 0.17735921194042636
-1 0.0 0 0 0.004028055918028275
-1 0.0 0 0 0.02632731296859688
7 0.4925000071525574 7 8 -0.2180158957108206
-1 0.0 0 0 -0.012924453772133027
-1 0.0 0 0 -0.059578629982660315
6 1.057763695716858 10 13 0.48882148249769625
1 10.865554809570312 11 12 0.597703980605646
-1 0.0 0 0 0.04867755669117322
-1 0.0 0 0 0.07058856234625946
6 1.0803688764572144 14 15 0.21245595173773602
-1 0.0 0 0 0.03013110065396853
-1 0.0 0 0 0.005660568457574151
7 0.5575000047683716 17 22 -0.8492824054817477
7 0.3499999940395355 18 19 -0.508340177298804
-1 0.0 0 0 -0.032293301879681956
6 1.1447457075119019 20 21 -0.7070307694613405
-1 0.0 0 0 -0.0553453299439447
-1 0.0 0 0 -0.0883676647162454
7 0.7225000262260437 23 26 -1.4057607009937787
6 1.1389927864074707 24 25 -1.1896670448297626
-1 0.0 0 0 -0.08938745465030982
-1 0.0 0 0 -0.12913314420044686
7 0.8274999856948853 27 28 -1.8250746416420816
-1 0.0 0 0 -0.171082362210176
-1 0.0 0 0 -0.22703149642812762
nodes 29
6 1.0968869924545288 1 14 0.0
1 10.616069793701172 2 9 0.2978888088693318
6 1.057763695716858 3 6 0.06545893667939312
1 10.194214820861816 4 5 0.21603254563906568
-1 0.0 0 0 0.007082408551792416
-1 0.0 0 0 0.028440893364123365
7 0.4925000071525574 7 8 -0.11593290669026173
-1 0.0 0 0 -0.004873715668243567
-1 0.0 0 0 -0.0456027026034134
6 1.0545746088027954 10 13 0.4717681312158233
1 10.901155471801758 11 12 0.5652699195489519
-1 0.0 0 0 0.04770990169257457
-1 0.0 0 0 0.06557609273707952
-1 0.0 0 0 0.02431905356629727
7 0.5575000047683716 15 22 -0.7286248684514434
7 0.32499998807907104 16 19 -0.43101842107143773
6 1.1229112148284912 17 18 -0.2473575046868312
-1 0.0 0 0 -0.013415225162799846
-1 0.0 0 0 -0.038315374522727735
6 1.1370936632156372 20 21 -0.6000646358052683
-1 0.0 0 0 -0.044593455480899574
-1 0.0 0 0 -0.07607487953697736
7 0.7124999761581421 23 26 -1.2514197745345594
6 1.1447457075119019 24 25 -1.0395958335641529
-1 0.0 0 0 -0.07967686487948111
-1 0.0 0 0 -0.115542892542928
7 0.7900000214576721 27 28 -1.61049970868599
-1 0.0 0 0 -0.14511564564026888
-1 0.0 0 0 -0.1875144912971382
nodes 29
6 1.0905787944793701 1 14 0.0
1 10.616069793701172 2 9 0.2891607863788182
6 1.0572528839111328 3 6 0.08356069081297249
1 10.35777473449707 4 5 0.19614677177601286
-1 0.0 0 0 0.010304992564612432
-1 0.0 0 0 0.028721868650511708
7 0.3700000047683716 7 8 -0.07134110365051027
-1 0.0 0 0 0.0018053134923475531
-1 0.0 0 0 -0.02640101829577307
6 1.044666051864624 10 13 0.4366315585789144
1 11.023844718933105 11 12 0.5290117789702095
-1 0.0 0 0 0.04771647752599807
-1 0.0 0 0 0.06626239209553977
-1 0.0 0 0 0.0280516201680453
7 0.5400000214576721 15 22 -0.6100588549862995
6 1.124305248260498 16 19 -0.33933615148121304
1 10.543418884277344 17 18 -0.19555932030746873
-1 0.0 0 0 -0.02983442301508465
-1 0.0 0 0 -0.0035485319970051258
7 0.39500001072883606 20 21 -0.5126007936382064
-1 0.0 0 0 -0.03920926748916281
-1 0.0 0 0 -0.06784973214729449
7 0.6875 23 26 -1.0823567425745935
6 1.1334035396575928 24 25 -0.8604086404848685
-1 0.0 0 0 -0.06074335212170116
-1 0.0 0 0 -0.09721715032911832
6 1.1611919403076172 27 28 -1.3820561011604506
-1 0.0 0 0 -0.10203852091571919
-1 0.0 0 0 -0.1488528330211728
nodes 29
6 1.1028834581375122 1 18 0.0
1 10.473986625671387 2 9 0.225981826110284
6 1.0705121755599976 3 6 -0.02494475738153456
7 0.4099999964237213 4 5 0.09220398547996825
-1 0.0 0 0 0.013399858532570917
-1 0.0 0 0 -0.015773842672452385
7 0.5299999713897705 7 8 -0.21823722778659488
-1 0.0 0 0 -0.015266063356423663
-1 0.0 0 0 -0.05525769712525877
6 1.0670759677886963 10 17 0.3426436963541456
1 10.821296691894531 11 14 0.41061480168792563
50 52.5 12 13 0.30926559519006935
-1 0.0 0 0 0.024710536857156656
-1 0.0 0 0 0.04041412287004395
3 0.6531385779380798 15 16 0.49781610161024925
-1 0.0 0 0 0.035645801709146156
-1 0.0 0 0 0.054077239691258654
-1 0.0 0 0 0.00899342516959802
7 0.6025000214576721 19 26 -0.6341112695808828
7 0.42500001192092896 20 23 -0.4161834628524741
6 1.1370936632156372 21 22 -0.27995942672383567
-1 0.0 0 0 -0.019481425557312783
-1 0.0 0 0 -0.04062808286217204
6 1.153445839881897 24 25 -0.6243556131817201
-1 0.0 0 0 -0.051279619299438285
-1 0.0 0 0 -0.07446946690390853
7 0.7524999976158142 27 28 -1.1080331316090195
-1 0.0 0 0 -0.09656908486834412
-1 0.0 0 0 -0.14357999617589845
nodes 29
6 1.0883328914642334 1 14 0.0
1 10.730925559997559 2 9 0.24157856226378957
1 10.176677703857422 3 6 0.10985761027122534
7 0.4074999988079071 4 5 -0.07015583122677282
-1 0.0 0 0 0.0007597964844313532
-1 0.0 0 0 -0.03232421187364869
6 1.0529088973999023 7 8 0.17555913963106345
-1 0.0 0 0 0.024676686350981792
-1 0.0 0 0 0.006776693088736964
6 1.0412603616714478 10 13 0.3930460664819388
3 0.6290278434753418 11 12 0.4661563870171252
-1 0.0 0 0 0.0315087286636522
-1 0.0 0 0 0.050161800731283006
-1 0.0 0 0 0.02743167249059957
7 0.6025000214576721 15 24 -0.4831894126212334
7 0.42250001430511475 16 21 -0.30841411660808443
6 1.1229112148284912 17 20 -0.19398116806232885
1 10.337248802185059 18 19 -0.10528852282690108
-1 0.0 0 0 -0.0229781782873734
-1 0.0 0 0 -0.0019151719424462033
-1 0.0 0 0 -0.03301939491172736
6 1.1287670135498047 22 23 -0.5172329366617828
-1 0.0 0 0 -0.03695664562497168
-1 0.0 0 0 -0.06256313151558072
7 0.7649999856948853 25 28 -0.9676875044429121
6 1.1229112148284912 26 27 -0.8551879179252341
-1 0.0 0 0 -0.05296040789608933
-1 0.0 0 0 -0.09248421622024464
-1 0.0 0 0 -0.13068942536697972
nodes 29
6 1.1087907552719116 1 20 0.0
6 1.069929599761963 2 13 0.17248712261291355
1 10.730925559997559 3 10 0.2648755775532883
1 10.330159187316895 4 7 0.14918777961434104
7 0.48750001192092896 5 6 0.03686943902604365
-1 0.0 0 0 0.00700997565074417
-1 0.0 0 0 -0.025439099267349483
50 52.5 8 9 0.21146406183950195
-1 0.0 0 0 0.015064084349791899
-1 0.0 0 0 0.029601161519628594
3 0.6237996816635132 11 12 0.38036780746995996
-1 0.0 0 0 0.022498726085374718
-1 0.0 0 0 0.041408496747533954
1 10.158246040344238 14 17 -0.07330121791220297
7 0.6150000095367432 15 16 -0.28017810411527055
-1 0.0 0 0 -0.02306652024801082
-1 0.0 0 0 -0.06895806083798801
7 0.3174999952316284 18 19 0.004641995502704157
-1 0.0 0 0 0.0069780174701328124
-1 0.0 0 0 -0.009798498187046513
7 0.6424999833106995 21 26 -0.5485890372202893
7 0.44999998807907104 22 25 -0.3911093719523542
7 0.22499999403953552 23 24 -0.26596721007533786
-1 0.0 0 0 -0.013310634936868918
-1 0.0 0 0 -0.03397361482005284
-1 0.0 0 0 -0.056707371173978144
7 0.8075000047683716 27 28 -0.9723687379301356
-1 0.0 0 0 -0.08977114297756009
-1 0.0 0 0 -0.13521370324442594
nodes 29
6 1.0875885486602783 1 16 0.0
1 10.538581848144531 2 9 0.19823181903828208
7 0.3149999976158142 3 6 0.03798505580290308
2 10.552421569824219 4 5 0.10175737471686933
-1 0.0 0 0 -0.0005174116886815895
-1 0.0 0 0 0.015958755567098516
1 9.773207664489746 7 8 -0.1203360900781871
-1 0.0 0 0 -0.0318837060272499
-1 0.0 0 0 -0.005219803935612496
6 1.0412603616714478 10 13 0.2819174240584975
1 11.000632286071777 11 12 0.3506242844894464
-1 0.0 0 0 0.030800586760370896
-1 0.0 0 0 0.04534235834935338
3 0.5808038711547852 14 15 0.18274575533345824
-1 0.0 0 0 -0.0024263837817941974
-1 0.0 0 0 0.021515974931639273
7 0.5299999713897705 17 22 -0.38955717619712876
7 0.29249998927116394 18 19 -0.2083760553808504
-1 0.0 0 0 -0.009530106365042547
1 10.462960243225098 20 21 -0.3105670035047608
-1 0.0 0 0 -0.038535459150922095
-1 0.0 0 0 -0.015851317890274313
7 0.6875 23 26 -0.7019299883997173
6 1.1468544006347656 24 25 -0.5520287977968272
-1 0.0 0 0 -0.04022930316600065
-1 0.0 0 0 -0.06592551633135066
7 0.8274999856948853 27 28 -0.9215789496579329
-1 0.0 0 0 -0.085887571608022
-1 0.0 0 0 -0.129118287235225
nodes 29
6 1.1087907552719116 1 22 0.0
6 1.057763695716858 2 11 0.14086172481972073
1 10.787482261657715 3 8 0.23921140327982432
2 10.572367668151855 4 5 0.15506383689993067
-1 0.0 0 0 0.001449742263427896
4 0.7728281617164612 6 7 0.18595093151856895
-1 0.0 0 0 0.0057831414258316316
-1 0.0 0 0 0.0224829812620807
3 0.6290278434753418 9 10 0.339253949549479
-1 0.0 0 0 0.021437376434013965
-1 0.0 0 0 0.03665431714351355
1 10.29316234588623 12 15 -0.015191298008030754
7 0.4375 13 14 -0.17807784952387903
-1 0.0 0 0 -0.010653527298564225
-1 0.0 0 0 -0.034794868017985994
1 10.869672775268555 16 21 0.061627252311201565
4 0.676582932472229 17 18 0.01453090034239074
-1 0.0 0 0 -0.023153970607665914
50 38.5 19 20 0.03296978581247879
-1 0.0 0 0 -0.0021455470396049207
-1 0.0 0 0 0.011779889249034165
-1 0.0 0 0 0.01963996406222079
7 0.6225000023841858 23 26 -0.448005606306118
7 0.39250001311302185 24 25 -0.3088762992734669
-1 0.0 0 0 -0.019323485232468046
-1 0.0 0 0 -0.042185333788418544
7 0.7649999856948853 27 28 -0.7652323249984639
-1 0.0 0 0 -0.06729516513701549
-1 0.0 0 0 -0.09938512004504353
nodes 29
6 1.0822429656982422 1 16 0.0
1 10.787482261657715 2 11 0.1731919955894457
1 10.090091705322266 3 6 0.09545147285979075
7 0.4975000023841858 4 5 -0.058428538673973504
-1 0.0 0 0 -0.0012899161002339048
-1 0.0 0 0 -0.03224591655208319
94 44.5 7 8 0.1308965764855132
-1 0.0 0 0 0.0073672420333417326
50 26.5 9 10 0.20810866449367174
-1 0.0 0 0 -0.004987938229596656
-1 0.0 0 0 0.023799965886187203
3 0.6548349261283875 12 13 0.28359654772079396
-1 0.0 0 0 0.01824480095510651
1 11.110416412353516 14 15 0.3168689421556111
-1 0.0 0 0 0.02853345317903938
-1 0.0 0 0 0.04231197368219558
7 0.4925000071525574 17 22 -0.29664191865991413
6 1.1287670135498047 18 21 -0.1373567687706197
1 10.543418884277344 19 20 -0.07618447339905021
-1 0.0 0 0 -0.014129016115511903
-1 0.0 0 0 0.0016206363427314003
-1 0.0 0 0 -0.02672604732252964
6 1.1770206689834595 23 26 -0.538148914964619
1 9.85875129699707 24 25 -0.38338744930819907
-1 0.0 0 0 -0.05221753307340136
-1 0.0 0 0 -0.030727489176728545
7 0.7325000166893005 27 28 -0.7020182709147961
-1 0.0 0 0 -0.059836248760346544
-1 0.0 0 0 -0.08932230395073353
nodes 29
6 1.1142096519470215 1 22 0.0
6 1.069929599761963 2 15 0.10868047089171241
1 10.629899978637695 3 8 0.1777096768172242
7 0.32249999046325684 4 7 0.08047793873998231
2 10.565582275390625 5 6 0.11267794513150946
-1 0.0 0 0 0.0012499747719825732
-1 0.0 0 0 0.01490699359209028
-1 0.0 0 0 -0.003974273782653287
4 0.7420048117637634 9 10 0.24026085056504864
-1 0.0 0 0 0.009455751862492272
1 11.000632286071777 11 14 0.26190807612853756
88 69.5 12 13 0.22694869312025628
-1 0.0 0 0 0.018544724076745282
-1 0.0 0 0 0.029799018207812458
-1 0.0 0 0 0.033920108699840947
1 10.139310836791992 16 19 -0.0591366878483624
7 0.6499999761581421 17 18 -0.20786081973610818
-1 0.0 0 0 -0.017613611463953998
-1 0.0 0 0 -0.05719463678893079
3 0.6663727760314941 20 21 -0.0036076777447467557
-1 0.0 0 0 -0.008446419061157338
-1 0.0 0 0 0.005550511629526154
7 0.6575000286102295 23 26 -0.38620755484397434
7 0.47749999165534973 24 25 -0.2834952437897403
-1 0.0 0 0 -0.02012545830520789
-1 0.0 0 0 -0.04066795100794504
7 0.8550000190734863 27 28 -0.6738732987950192
-1 0.0 0 0 -0.06423113945810521
-1 0.0 0 0 -0.11739450278994326
nodes 29
6 1.1178317070007324 1 20 0.0
6 1.0512577295303345 2 9 0.0945829181780953
2 10.927214622497559 3 6 0.18953366071358038
1 10.344416618347168 4 5 0.10576210881810055
-1 0.0 0 0 0.0007945869614732481
-1 0.0 0 0 0.015239713740381428
4 0.7441114783287048 7 8 0.24358041322463728
-1 0.0 0 0 0.010981395434465751
-1 0.0 0 0 0.026535524273310213
1 10.415712356567383 10 15 -0.012360496839899234
7 0.2849999964237213 11 12 -0.11967021630638608
-1 0.0 0 0 -0.002740529435003827
1 9.85875129699707 13 14 -0.19945762400312855
-1 0.0 0 0 -0.03127169745430258
-1 0.0 0 0 -0.013087028821801145
1 11.000632286071777 16 19 0.060495283888025254
4 0.676582932472229 17 18 0.033892300652799766
-1 0.0 0 0 -0.018976057606890993
-1 0.0 0 0 0.004930695501476307
-1 0.0 0 0 0.021697963674213748
7 0.6650000214576721 21 26 -0.3605058265078884
7 0.30250000953674316 22 23 -0.26838151962285867
-1 0.0 0 0 -0.01194884079209825
6 1.1641894578933716 24 25 -0.3259104434329265
-1 0.0 0 0 -0.025053337207663784
-1 0.0 0 0 -0.04026938604726017
7 0.8274999856948853 27 28 -0.6220395510529226
-1 0.0 0 0 -0.05785106031200376
-1 0.0 0 0 -0.09159814418788162
nodes 29
6 1.0815815925598145 1 16 0.0
1 10.79587459564209 2 13 0.12916140390168993
7 0.48750001192092896 3 12 0.07200259636406615
4 0.7544570565223694 4 5 0.08911004781266062
-1 0.0 0 0 -0.0027733548152937665
2 10.458205223083496 6 7 0.11753993173336474
-1 0.0 0 0 -0.0033992116054813223
94 52.5 8 9 0.13864247956487846
-1 0.0 0 0 0.009323115409628683
59 19.5 10 11 0.20511412988846908
-1 0.0 0 0 0.0027517121072774663
-1 0.0 0 0 0.024504718512513412
-1 0.0 0 0 -0.014262129876828032
6 1.0383507013320923 14 15 0.21324619911219753
-1 0.0 0 0 0.02519738032914001
-1 0.0 0 0 0.015045021496420239
7 0.47749999165534973 17 22 -0.21753946711871028
7 0.22499999403953552 18 19 -0.09426770985106388
-1 0.0 0 0 -0.0008289481304712271
1 10.548416137695312 20 21 -0.1499053633852246
-1 0.0 0 0 -0.019924853545038545
-1 0.0 0 0 -0.0042401138318699716
6 1.19425630569458 23 26 -0.3913669447096828
1 10.506901741027832 24 25 -0.29119896748100854
-1 0.0 0 0 -0.03334566651257307
-1 0.0 0 0 -0.014707412220951864
7 0.7774999737739563 27 28 -0.5335262040082476
-1 0.0 0 0 -0.047288035340674536
-1 0.0 0 0 -0.07378653076343297
nodes 29
6 1.1203100681304932 1 22 0.0
6 1.0722664594650269 2 15 0.07561213485416404
1 10.591974258422852 3 8 0.12901857217924362
61 14.5 4 7 0.05043009142715909
7 0.5575000047683716 5 6 -0.004337656615205571
-1 0.0 0 0 0.0010586869194734007
-1 0.0 0 0 -0.02924419211789167
-1 0.0 0 0 0.011517395136935088
3 0.6548349261283875 9 10 0.17316764834736428
-1 0.0 0 0 0.009563431878605567
62 2.5 11 12 0.20386909872835388
-1 0.0 0 0 0.010580284271658321
52 0.5 13 14 0.22508996006977486
-1 0.0 0 0 0.008650794370351133
-1 0.0 0 0 0.024272206508551882
1 10.139310836791992 16 19 -0.05563788026349002
7 0.6499999761581421 17 18 -0.16716149981820755
-1 0.0 0 0 -0.014151699093308729
-1 0.0 0 0 -0.04452425370474378
3 0.667979896068573 20 21 -0.011298519915802125
-1 0.0 0 0 -0.007925463870329968
-1 0.0 0 0 0.004003772144976494
7 0.6150000095367432 23 26 -0.3024611705973654
7 0.20749999582767487 24 25 -0.20718065988626075
-1 0.0 0 0 -0.005265794082766027
-1 0.0 0 0 -0.02392034069087877
7 0.8550000190734863 27 28 -0.4726091629640308
-1 0.0 0 0 -0.045152908325253566
-1 0.0 0 0 -0.08941420924391731
nodes 29
6 1.0869027376174927 1 18 0.0
6 1.038952350616455 2 9 0.09820276651936707
2 10.71379566192627 3 4 0.15828697104115877
-1 0.0 0 0 0.003784285132127551
103 1.5 5 6 0.1816588771417537
-1 0.0 0 0 0.00875867108403199
68 5.5 7 8 0.20708262735132885
-1 0.0 0 0 0.01254971748125639
-1 0.0 0 0 0.02389361358432466
3 0.6598078012466431 10 15 0.03666913978413268
7 0.6650000214576721 11 14 -0.03215551152192801
4 0.6454275846481323 12 13 -0.02333165853704089
-1 0.0 0 0 -0.02081554590017175
-1 0.0 0 0 -0.0005273134144041996
-1 0.0 0 0 -0.04561416474457544
1 10.896553993225098 16 17 0.08995476254434345
-1 0.0 0 0 0.005593227763363771
-1 0.0 0 0 0.017591052029027335
6 1.1584100723266602 19 26 -0.1896381241417358
7 0.39250001311302185 20 23 -0.10153850369214949
1 10.634002685546875 21 22 -0.03898884651356785
-1 0.0 0 0 -0.007514956620333319
-1 0.0 0 0 0.004498217462097246
1 9.961945533752441 24 25 -0.1854391054466212
-1 0.0 0 0 -0.02908038107206176
-1 0.0 0 0 -0.012995140580366354
7 0.7049999833106995 27 28 -0.3570299051152469
-1 0.0 0 0 -0.02858734226486336
-1 0.0 0 0 -0.052903936386339806
nodes 29
6 1.0772364139556885 1 16 0.0
1 10.427298545837402 2 7 0.10066414708179418
2 10.984258651733398 3 6 0.007205070469982569
7 0.5024999976158142 4 5 -0.018707497076440784
-1 0.0 0 0 0.00015508437174178492
-1 0.0 0 0 -0.024062055854434855
-1 0.0 0 0 0.01646035644559225
103 1.5 8 11 0.13056766257828184
46 7.5 9 10 0.046928778290531575
-1 0.0 0 0 -0.00464898398044398
-1 0.0 0 0 0.009527488337212774
92 1.5 12 13 0.15543600725811707
-1 0.0 0 0 0.004440879634694517
25 108.5 14 15 0.17880341178617057
-1 0.0 0 0 0.019071459063769666
-1 0.0 0 0 0.004612255964696197
7 0.47749999165534973 17 22 -0.15099762187541577
7 0.16500000655651093 18 19 -0.061371407247257405
-1 0.0 0 0 0.0031571951464575603
1 10.29316234588623 20 21 -0.09557291979628493
-1 0.0 0 0 -0.015677967938891937
-1 0.0 0 0 -0.004298268066291652
7 0.6800000071525574 23 26 -0.28721337022840576
6 1.1641894578933716 24 25 -0.2205672416263944
-1 0.0 0 0 -0.017079823232400287
-1 0.0 0 0 -0.029584337030491077
7 0.8550000190734863 27 28 -0.41387356457398655
-1 0.0 0 0 -0.039118693734197935
-1 0.0 0 0 -0.07406605618500785
nodes 29
6 1.1215245723724365 1 24 0.0
6 1.048540472984314 2 15 0.05532096899942323
4 0.6994354128837585 3 4 0.12017732568274685
-1 0.0 0 0 -0.004240990985940586
69 7.5 5 6 0.13419092337509353
-1 0.0 0 0 0.006757713175804313
2 11.107015609741211 7 14 0.16605487278765765
127 20.5 8 11 0.1331428662661552
46 20.5 9 10 0.06518918667269674
-1 0.0 0 0 -0.002758345498220847
-1 0.0 0 0 0.013480842307399519
27 17.5 12 13 0.1713640039621454
-1 0.0 0 0 0.0031572845707937103
-1 0.0 0 0 0.019717693478945912
-1 0.0 0 0 0.022310288702461118
1 9.891010284423828 16 17 -0.008907693603997267
-1 0.0 0 0 -0.01575361496078573
4 0.7898311614990234 18 19 0.01487647238203497
-1 0.0 0 0 -0.006793480255841715
1 11.000632286071777 20 23 0.044216451491324894
135 4.5 21 22 0.02716226827355188
-1 0.0 0 0 -0.0025280927956911163
-1 0.0 0 0 0.007259815275114483
-1 0.0 0 0 0.018578266294812486
7 0.6025000214576721 25 26 -0.22682382856473593
-1 0.0 0 0 -0.015127167022132102
7 0.7900000214576721 27 28 -0.3469603192776428
-1 0.0 0 0 -0.03099114592643934
-1 0.0 0 0 -0.05094527441376552
nodes 29
7 0.4025000035762787 1 20 0.0
6 1.07659113407135 2 17 0.06139494237492267
2 10.990718841552734 3 12 0.097013436366257
86 0.5 4 5 0.05470226752285524
-1 0.0 0 0 -0.00579363132405521
60 42.5 6 11 0.07332527900722577
83 19.5 7 8 0.030930840765164554
-1 0.0 0 0 -0.0035170473947481284
2 10.572367668151855 9 10 0.07941917247051304
-1 0.0 0 0 -0.009062748743367077
-1 0.0 0 0 0.010970977813863369
-1 0.0 0 0 0.012324398765421811
4 0.6503678560256958 13 14 0.1410589626208361
-1 0.0 0 0 -0.01174477577101086
35 1.5 15 16 0.14889249960056167
-1 0.0 0 0 0.009023427875245104
-1 0.0 0 0 0.017433828127691606
7 0.18250000476837158 18 19 -0.03417208294552984
-1 0.0 0 0 0.0026314178888666314
-1 0.0 0 0 -0.007068476982201208
6 1.1584100723266602 21 26 -0.1732906161840682
1 9.790766716003418 22 23 -0.10309432070912426
-1 0.0 0 0 -0.023292804088367088
35 2.5 24 25 -0.06631460934725873
-1 0.0 0 0 -0.013431874703034228
-1 0.0 0 0 -0.0016154448651806274
7 0.7425000071525574 27 28 -0.29576092323435893
-1 0.0 0 0 -0.025157203950251728
-1 0.0 0 0 -0.04253626952824349
nodes 29
7 0.47749999165534973 1 24 0.0
6 1.07659113407135 2 19 0.045294198514471015
4 0.6994354128837585 3 4 0.08363634510125828
-1 0.0 0 0 -0.005573302147435426
69 7.5 5 12 0.09637678082431841
2 10.572367668151855 6 7 0.040437955390915464
-1 0.0 0 0 -0.01002022023322862
64 47.5 8 9 0.05849235859867195
-1 0.0 0 0 -0.0003987870730573904
84 23.5 10 11 0.09844078881744185
-1 0.0 0 0 -0.0027783523640986956
-1 0.0 0 0 0.013151430227982605
1 11.102141380310059 13 18 0.12495862251937191
19 7.5 14 17 0.11200487609518786
31 6.5 15 16 0.05317120904672177
-1 0.0 0 0 -0.006401986705253182
-1 0.0 0 0 0.009126653079086642
-1 0.0 0 0 0.013852449085227687
-1 0.0 0 0 0.023117468357666527
1 10.717280387878418 20 23 -0.0430708305728379
7 0.2475000023841858 21 22 -0.06856668239089223
-1 0.0 0 0 -0.0017015747192083393
-1 0.0 0 0 -0.010857508613514312
-1 0.0 0 0 0.004706506191403819
7 0.6800000071525574 25 28 -0.19090486596446993
2 11.041608810424805 26 27 -0.13948129288068442
-1 0.0 0 0 -0.016518977894765377
-1 0.0 0 0 0.0011197775542701974
-1 0.0 0 0 -0.030916528700805482
nodes 29
6 1.1287670135498047 1 26 0.0
1 10.427298545837402 2 7 0.03898136971861915
7 0.2750000059604645 3 4 -0.03763741455659891
-1 0.0 0 0 0.0013120658413727291
1 9.753478050231934 5 6 -0.09812598820546191
-1 0.0 0 0 -0.017802214362295562
-1 0.0 0 0 -0.0062805644946426105
102 11.5 8 17 0.07423169895036587
22 9.5 9 10 0.028876025129669507
-1 0.0 0 0 -0.005375686674907257
90 44.5 11 12 0.06886366587509676
-1 0.0 0 0 -0.001508350176000886
84 9.5 13 14 0.11167317998941827
-1 0.0 0 0 -0.007371553146729094
55 9.5 15 16 0.12680093031944897
-1 0.0 0 0 -0.0016757471128329487
-1 0.0 0 0 0.014865326065353436
67 3.5 18 19 0.11148680538413261
-1 0.0 0 0 0.0028973628925420547
50 52.5 20 23 0.14763299646793354
1 11.01762866973877 21 22 0.10297612748581363
-1 0.0 0 0 0.0067865984313243135
-1 0.0 0 0 0.019956939626002895
119 12.5 24 25 0.1802069469642831
-1 0.0 0 0 0.005379959535088833
-1 0.0 0 0 0.020435186881821055
7 0.6725000143051147 27 28 -0.1819261798445053
-1 0.0 0 0 -0.01383659123994236
-1 0.0 0 0 -0.02947249693545379
nodes 29
7 0.4099999964237213 1 16 0.0
2 10.758243560791016 2 9 0.04514647434727885
94 46.5 3 4 -0.02239943112699241
-1 0.0 0 0 -0.006440510508657217
1 9.919901847839355 5 6 0.02886928129894432
-1 0.0 0 0 -0.008160198665751227
50 52.5 7 8 0.06298540816785003
-1 0.0 0 0 -0.004995046031576803
-1 0.0 0 0 0.01018266691793936
4 0.7026931643486023 10 11 0.07627010629094964
-1 0.0 0 0 -0.005287849566706186
86 2.5 12 13 0.08916794270458737
-1 0.0 0 0 0.0015326121452058038
67 3.5 14 15 0.1082239683965731
-1 0.0 0 0 0.005469109159458619
-1 0.0 0 0 0.013653645148094112
6 1.1641894578933716 17 28 -0.13303425679868086
1 9.85875129699707 18 19 -0.0806139840936936
-1 0.0 0 0 -0.01739773168288668
50 46.5 20 25 -0.04900558769477605
90 22.5 21 22 -0.08832342633117887
-1 0.0 0 0 -0.01730930084489605
46 39.5 23 24 -0.040005308034935336
-1 0.0 0 0 -0.010763228187990158
-1 0.0 0 0 0.007043559128869552
102 10.5 26 27 0.03036480049511545
-1 0.0 0 0 -0.012382231218859313
-1 0.0 0 0 0.009281355771720437
-1 0.0 0 0 -0.022883188168733772
nodes 29
7 0.3449999988079071 1 14 0.0
6 1.038952350616455 2 9 0.0488544866746764
62 1.5 3 4 0.09246580910481993
-1 0.0 0 0 -2.8987505631814442e-05
92 5.5 5 6 0.10903671140415061
-1 0.0 0 0 0.004433021362488351
103 3.5 7 8 0.1359524556695568
-1 0.0 0 0 0.007619297613334579
-1 0.0 0 0 0.01612271287287427
3 0.7011995911598206 10 11 0.01148383495904792
-1 0.0 0 0 -0.0022130964967545623
1 10.13038444519043 12 13 0.05368148238673306
-1 0.0 0 0 -0.005966918415535115
-1 0.0 0 0 0.006794385751668851
6 1.1770206689834595 15 26 -0.10196887498881686
2 11.045175552368164 16 23 -0.06324159028707019
3 0.5517179369926453 17 18 -0.08783464444944156
-1 0.0 0 0 -0.014901890724593858
127 21.5 19 20 -0.05653031241759656
-1 0.0 0 0 -0.009589994530403718
50 47.5 21 22 -0.00431041838514927
-1 0.0 0 0 -0.009677991002533103
-1 0.0 0 0 0.005574449602246877
4 0.8030299544334412 24 25 0.031219855041498375
-1 0.0 0 0 -0.010390692077013632
-1 0.0 0 0 0.008531312498058111
7 0.8075000047683716 27 28 -0.2122092332265756
-1 0.0 0 0 -0.01911681464150126
-1 0.0 0 0 -0.037811486484301216
nodes 29
6 1.0772364139556885 1 20 0.0
2 11.09292984008789 2 17 0.05219389997124929
119 13.5 3 10 0.027200916560231766
90 37.5 4 5 -0.013727890301542056
-1 0.0 0 0 -0.009329429617104463
46 8.5 6 7 0.02862508380471998
-1 0.0 0 0 -0.008858276306159546
84 9.5 8 9 0.05870110953593865
-1 0.0 0 0 -0.010300433777986747
-1 0.0 0 0 0.007934917620147062
60 41.5 11 12 0.06384370328189543
-1 0.0 0 0 -0.0005120520608094039
2 10.157393455505371 13 14 0.10032389587089387
-1 0.0 0 0 -0.016432048108283658
88 41.5 15 16 0.11007986316643373
-1 0.0 0 0 -0.010580292835295957
-1 0.0 0 0 0.012272627405089432
121 116.5 18 19 0.10298876949852666
-1 0.0 0 0 0.011109464596070415
-1 0.0 0 0 -0.0076906661124211215
6 1.1584100723266602 21 26 -0.07829157658879865
1 11.006390571594238 22 25 -0.0405793184831667
7 0.1850000023841858 23 24 -0.04975526961903087
-1 0.0 0 0 0.0017689869731210433
-1 0.0 0 0 -0.007125690368840342
-1 0.0 0 0 0.014722077881147598
7 0.7124999761581421 27 28 -0.1688038522201516
-1 0.0 0 0 -0.01359105814704919
-1 0.0 0 0 -0.025638617749291055
nodes 29
7 0.48750001192092896 1 22 0.0
6 1.038952350616455 2 11 0.02792943908464713
4 0.6551560163497925 3 4 0.07551018752327368
-1 0.0 0 0 -0.010396709811384247
62 2.5 5 6 0.08258913158926105
-1 0.0 0 0 0.0009363418973300152
92 6.5 7 8 0.09901563741038888
-1 0.0 0 0 0.004880308618581985
96 5.5 9 10 0.1232473885122712
-1 0.0 0 0 0.0017727122036696988
-1 0.0 0 0 0.013548480304938685
4 0.7779221534729004 12 15 -0.003875561203631523
3 0.5310966372489929 13 14 -0.0660107563761292
-1 0.0 0 0 -0.010973192614081553
-1 0.0 0 0 -0.00193377114553558
2 10.552421569824219 16 17 0.017805631472886375
-1 0.0 0 0 -0.004473018550388417
35 0.5 18 19 0.03787036885500719
-1 0.0 0 0 -0.0019756660303707975
135 2.5 20 21 0.05987259406942554
-1 0.0 0 0 0.000823605663903541
-1 0.0 0 0 0.008832162360310512
1 9.67652416229248 23 26 -0.12396204893861182
7 0.8550000190734863 24 25 -0.19228663326926382
-1 0.0 0 0 -0.018007855812842834
-1 0.0 0 0 -0.04728880886761647
6 1.1389927864074707 27 28 -0.08119357759671463
-1 0.0 0 0 -0.004400182197444875
-1 0.0 0 0 -0.013570776820769005
nodes 29
7 0.3125 1 16 0.0
2 10.990718841552734 2 7 0.04059674484327544
88 86.5 3 4 0.010956979782870467
-1 0.0 0 0 -0.0015198027558172176
60 21.5 5 6 0.05051172699059108
-1 0.0 0 0 -0.004620456198621703
-1 0.0 0 0 0.007412958285775166
88 69.5 8 13 0.07893001868255153
46 8.5 9 10 0.05642168917954879
-1 0.0 0 0 -0.0012226982977294146
90 38.5 11 12 0.08786426950182746
-1 0.0 0 0 0.0023132679893568884
-1 0.0 0 0 0.01244935411580338
50 20.5 14 15 0.13002881592772228
-1 0.0 0 0 -0.00506391532306949
-1 0.0 0 0 0.015059457659128792
1 10.090091705322266 17 20 -0.07164307896011472
7 0.6499999761581421 18 19 -0.1304800731200872
-1 0.0 0 0 -0.009342572709634988
-1 0.0 0 0 -0.019994259639239426
4 0.6994354128837585 21 22 -0.027655436498483257
-1 0.0 0 0 -0.015200419481753042
35 3.5 23 24 -0.012633086503727438
-1 0.0 0 0 -0.006004100747670303
102 11.5 25 28 0.028644914866965628
54 38.5 26 27 -0.031989389675794455
-1 0.0 0 0 -0.008573677471335884
-1 0.0 0 0 0.007360141399209955
-1 0.0 0 0 0.007890657424547724
nodes 29
1 10.090091705322266 1 6 0.0
7 0.6499999761581421 2 5 -0.08809966912566138
2 10.779081344604492 3 4 -0.0608562291255669
-1 0.0 0 0 -0.00817706823934904
-1 0.0 0 0 0.00236360919793971
-1 0.0 0 0 -0.017994833690168854
50 60.5 7 20 0.027108281501580192
76 11.5 8 11 0.004010390696180464
1 11.000632286071777 9 10 -0.04873531585635765
-1 0.0 0 0 -0.0064475203607354085
-1 0.0 0 0 0.003952369095851994
46 10.5 12 13 0.03886006457724297
-1 0.0 0 0 -0.0031338770506512807
90 48.5 14 17 0.07389755852762757
1 11.093918800354004 15 16 0.008370385052417634
-1 0.0 0 0 -0.0014585076945271645
-1 0.0 0 0 0.015804563051955975
54 44.5 18 19 0.10583267670745912
-1 0.0 0 0 0.00288167475183803
-1 0.0 0 0 0.013107100485388025
94 24.5 21 22 0.07579440737972507
-1 0.0 0 0 -0.0040811179594623225
60 17.5 23 24 0.11025709185463947
-1 0.0 0 0 -9.740539397508814e-05
65 106.5 25 28 0.12525371801950502
119 12.5 26 27 0.13468266871629594
-1 0.0 0 0 0.002361287144270983
-1 0.0 0 0 0.015157436728671349
-1 0.0 0 0 -0.009721396323243911
nodes 29
7 0.30000001192092896 1 20 0.0
4 0.7544570565223694 2 5 0.03548902420255053
4 0.5951396226882935 3 4 -0.026569607671250405
-1 0.0 0 0 -0.01756998833452055
-1 0.0 0 0 -0.0011617355938764431
2 11.068527221679688 6 19 0.049773997066684755
88 86.5 7 14 0.029302222382959115
64 64.5 8 9 0.006719263120919974
-1 0.0 0 0 -0.003448488614359386
84 16.5 10 11 0.03725186229120791
-1 0.0 0 0 -0.00544875148599421
2 10.572367668151855 12 13 0.061502144012348235
-1 0.0 0 0 -0.004250328847901425
-1 0.0 0 0 0.008429327009076558
51 22.5 15 16 0.06538028453240682
-1 0.0 0 0 -0.0009400544194445191
94 19.5 17 18 0.09249909461775864
-1 0.0 0 0 -0.0035693854320259207
-1 0.0 0 0 0.011247264968477118
-1 0.0 0 0 0.008890453825644243
1 9.891010284423828 21 24 -0.0585160059023894
7 0.7524999976158142 22 23 -0.11796345554693148
-1 0.0 0 0 -0.009851785349945425
-1 0.0 0 0 -0.021524354291888505
35 0.5 25 26 -0.029153838949265428
-1 0.0 0 0 -0.00808221061884099
102 37.5 27 28 -0.004744689987489191
-1 0.0 0 0 -0.0033811550181234665
-1 0.0 0 0 0.006134891626992696
nodes 29
1 10.427298545837402 1 8 0.0
7 0.5975000262260437 2 7 -0.05050073507053895
2 11.107015609741211 3 6 -0.028792773272251347
4 0.7881062030792236 4 5 -0.03588976507967758
-1 0.0 0 0 -0.00787945320749533
-1 0.0 0 0 -0.0015957228804678262
-1 0.0 0 0 0.013171024277855967
-1 0.0 0 0 -0.012867914202387462
135 1.5 9 18 0.034221985488678885
23 3.5 10 13 -0.011905604257380567
50 70.5 11 12 -0.0871459930238497
-1 0.0 0 0 -0.014179952626076173
-1 0.0 0 0 0.0005904817281945752
115 26.5 14 15 0.014612400875751266
-1 0.0 0 0 -0.005284317756204054
89 33.5 16 17 0.05437043600924631
-1 0.0 0 0 -0.010563314323621625
-1 0.0 0 0 0.007168702999153742
68 3.5 19 22 0.05650541919175906
115 27.5 20 21 0.0013919336986255222
-1 0.0 0 0 -0.005121769084099757
-1 0.0 0 0 0.00562180582467169
17 100.5 23 28 0.07525661285597195
56 2.5 24 25 0.08486620896077492
-1 0.0 0 0 -0.005598222066671156
18 16.5 26 27 0.09272892975188654
-1 0.0 0 0 0.005143618153962438
-1 0.0 0 0 0.011486245571365107
-1 0.0 0 0 -0.002065907028797081
nodes 29
7 0.30000001192092896 1 18 0.0
1 11.085705757141113 2 17 0.02987152121118934
103 1.5 3 6 0.02107248346567044
64 49.5 4 5 -0.023655978910512764
-1 0.0 0 0 -0.006957480964981966
-1 0.0 0 0 0.0006056888559404062
68 13.5 7 12 0.036652355812806535
90 49.5 8 9 0.0042799873158819255
-1 0.0 0 0 -0.002820993450563169
116 26.5 10 11 0.04759677726375024
-1 0.0 0 0 -0.0013829399989138229
-1 0.0 0 0 0.008994631710428332
26 22.5 13 14 0.06157491354283858
-1 0.0 0 0 0.003481195386089227
94 33.5 15 16 0.09278099627097808
-1 0.0 0 0 0.0014602080042716405
-1 0.0 0 0 0.01218220188417856
-1 0.0 0 0 0.011125898972549014
2 10.917231559753418 19 26 -0.04925359731157757
7 0.6575000286102295 20 25 -0.07259533713611953
50 53.5 21 22 -0.055032743333264696
-1 0.0 0 0 -0.007854759252127573
94 52.5 23 24 -0.012618606923883046
-1 0.0 0 0 -0.007985993305645842
-1 0.0 0 0 0.004303515016513336
-1 0.0 0 0 -0.013246561602863683
4 0.7796078324317932 27 28 0.0073334389859633945
-1 0.0 0 0 -0.008891421267261291
-1 0.0 0 0 0.003921320849041114
nodes 29
1 9.891010284423828 1 4 0.0
7 0.8550000190734863 2 3 -0.07724455097866606
-1 0.0 0 0 -0.007243565819833324
-1 0.0 0 0 -0.03385220005043915
35 0.5 5 14 0.016108080366318802
84 16.5 6 9 -0.030721758176567873
59 19.5 7 8 -0.07217796854974359
-1 0.0 0 0 -0.00948073312613326
-1 0.0 0 0 0.0009779734448967547
47 8.5 10 11 -0.0003307490237858544
-1 0.0 0 0 -0.006606691614244379
90 36.5 12 13 0.03986206197462237
-1 0.0 0 0 -0.00379282832664479
-1 0.0 0 0 0.00697720298504333
86 0.5 15 16 0.033006108011613564
-1 0.0 0 0 -0.0034140788552239143
75 2.5 17 20 0.046733832386331685
50 60.5 18 19 0.010129110860901026
-1 0.0 0 0 -0.0033551457205248237
-1 0.0 0 0 0.0051328657687075225
101 5.5 21 24 0.06964198092204597
64 62.5 22 23 0.02674732270243801
-1 0.0 0 0 -0.0031823559923813347
-1 0.0 0 0 0.006454191607446456
93 118.5 25 28 0.09000588240424547
4 0.6206103563308716 26 27 0.09718633977168274
-1 0.0 0 0 -0.013851247472341397
-1 0.0 0 0 0.010092737795828715
-1 0.0 0 0 -0.003234280768194492
nodes 29
2 10.758243560791016 1 6 0.0
1 9.85875129699707 2 3 -0.041408601931669654
-1 0.0 0 0 -0.008651165422511847
50 68.5 4 5 -0.01830500698647278
-1 0.0 0 0 -0.004596077417889964
-1 0.0 0 0 0.002723882606078058
4 0.6503678560256958 7 8 0.026715251534956738
-1 0.0 0 0 -0.011515302050853524
113 117.5 9 28 0.03308454809534096
35 6.5 10 23 0.039736910809076695
31 10.5 11 16 0.01210524301870169
95 37.5 12 13 -0.03332424500014969
-1 0.0 0 0 -0.008495329574017154
27 10.5 14 15 0.019629769517759296
-1 0.0 0 0 -0.00765359933077906
-1 0.0 0 0 0.00729012192331192
115 17.5 17 20 0.038447559270388273
119 22.5 18 19 -0.024901637400415188
-1 0.0 0 0 -0.006454457649523459
-1 0.0 0 0 0.00663864495679309
73 111.5 21 22 0.0710940255434899
-1 0.0 0 0 0.008207448047761778
-1 0.0 0 0 -0.011356062493209418
129 103.5 24 27 0.06936567194752213
69 1.5 25 26 0.0781298965653114
-1 0.0 0 0 0.0008475813849281825
-1 0.0 0 0 0.00923373513273863
-1 0.0 0 0 -0.008118141261425951
-1 0.0 0 0 -0.008556644630013537
nodes 29
7 0.23000000417232513 1 8 0.0
4 0.8339234590530396 2 3 0.029363415314861488
-1 0.0 0 0 -0.00011475447008684835
8 45.5 4 5 0.04921275963134178
-1 0.0 0 0 0.003343639569462468
6 1.0294160842895508 6 7 0.0889484911255846
-1 0.0 0 0 0.011738745713687732
-1 0.0 0 0 0.003246859987958449
2 11.045175552368164 9 24 -0.03237511817394095
1 9.343647003173828 10 11 -0.0480678242529731
-1 0.0 0 0 -0.010807383210031885
50 69.5 12 19 -0.03656949199128014
64 71.5 13 16 -0.054495249920471216
102 43.5 14 15 -0.08155019081752173
-1 0.0 0 0 -0.010745540935945081
-1 0.0 0 0 -0.003250108664574305
84 28.5 17 18 -0.02165782192888329
-1 0.0 0 0 -0.007718556303090398
-1 0.0 0 0 0.001776905425460419
94 52.5 20 23 0.006209373336732835
67 55.5 21 22 -0.06337734453970806
-1 0.0 0 0 -0.012521461660929312
-1 0.0 0 0 -0.000927353731782099
-1 0.0 0 0 0.006286667965990729
4 0.7828361988067627 25 26 0.031107662561652257
-1 0.0 0 0 -0.005636151421325975
46 16.5 27 28 0.05913600719436197
-1 0.0 0 0 0.0017548930617853236
-1 0.0 0 0 0.010884110899299741
nodes 29
2 10.927214622497559 1 12 0.0
7 0.4925000071525574 2 11 -0.02481420806595205
127 37.5 3 8 -0.008522817829368905
64 68.5 4 5 -0.030034778122182783
-1 0.0 0 0 -0.0062402470739734385
65 65.5 6 7 -0.0041736148813190784
-1 0.0 0 0 -0.007207145922727485
-1 0.0 0 0 0.0014130980107705659
60 57.5 9 10 0.021668049578928955
-1 0.0 0 0 -0.002049445055788208
-1 0.0 0 0 0.00529319674185887
-1 0.0 0 0 -0.007264473513658643
4 0.8030299544334412 13 16 0.03271123970683332
4 0.5837951898574829 14 15 -0.010819991592879035
-1 0.0 0 0 -0.02020910181855425
-1 0.0 0 0 -0.00027124675324191643
46 8.5 17 26 0.05083691531767716
88 42.5 18 19 0.017089563355476046
-1 0.0 0 0 -0.0048584148410118965
50 24.5 20 21 0.059496128497920735
-1 0.0 0 0 -0.008787727862158095
94 25.5 22 23 0.07971897971088
-1 0.0 0 0 -0.0015302038333565278
81 43.5 24 25 0.10726040546718475
-1 0.0 0 0 -0.005626918318962361
-1 0.0 0 0 0.013123332945875874
76 7.5 27 28 0.0739030423560541
-1 0.0 0 0 0.002420678715043941
-1 0.0 0 0 0.009797232432532742
nodes 29
2 10.758243560791016 1 6 0.0
5 1.2027151584625244 2 3 -0.032419174372193466
-1 0.0 0 0 0.001764997372711262
7 0.6424999833106995 4 5 -0.046491217196436334
-1 0.0 0 0 -0.003469279343381935
-1 0.0 0 0 -0.009861778368402447
135 4.5 7 14 0.020915615631820858
130 8.5 8 9 -0.007224041345897212
-1 0.0 0 0 -0.005237368431479886
46 19.5 10 11 0.018123867885941693
-1 0.0 0 0 -0.0017695681857837547
122 19.5 12 13 0.05135441589839065
-1 0.0 0 0 -0.0038406345180673714
-1 0.0 0 0 0.007264271424090346
17 97.5 15 28 0.04474990223503342
33 107.5 16 27 0.055123349270795666
75 5.5 17 22 0.062304480823246
50 26.5 18 19 0.0265294999361183
-1 0.0 0 0 -0.004382077391303533
61 10.5 20 21 0.06264224572933563
-1 0.0 0 0 -0.0025063173199542307
-1 0.0 0 0 0.00884585675168263
77 4.5 23 26 0.08980624242739699
27 42.5 24 25 0.03822248658363064
-1 0.0 0 0 -0.0019052388969026104
-1 0.0 0 0 0.010295013795102857
-1 0.0 0 0 0.011152846815135693
-1 0.0 0 0 -0.007402774058446875
-1 0.0 0 0 -0.003637664668733531
nodes 29
7 0.23000000417232513 1 8 0.0
69 7.5 2 3 0.023286368413896304
-1 0.0 0 0 -0.0006026570114097635
67 3.5 4 5 0.039833885033005424
-1 0.0 0 0 0.00011847623643484538
77 4.5 6 7 0.05545619511505915
-1 0.0 0 0 0.0026559459566474603
-1 0.0 0 0 0.007662128450199025
1 11.048681259155273 9 28 -0.025674769844237975
4 0.6839070916175842 10 11 -0.031201591876816533
-1 0.0 0 0 -0.009763479433408433
102 27.5 12 19 -0.022742358682070234
64 68.5 13 14 -0.04123592532667874
-1 0.0 0 0 -0.006782825294505969
2 10.722936630249023 15 16 -0.007510254350812403
-1 0.0 0 0 -0.0050804732733524
98 7.5 17 18 0.039243631014137435
-1 0.0 0 0 -0.009828182034681021
-1 0.0 0 0 0.006126682612199719
59 14.5 20 21 0.011828051595412678
-1 0.0 0 0 -0.0047254298601251445
2 10.209389686584473 22 23 0.05085905739042239
-1 0.0 0 0 -0.005454730520787886
61 7.5 24 25 0.06869406664518336
-1 0.0 0 0 -0.002111558604528343
49 41.5 26 27 0.09253501878880202
-1 0.0 0 0 -0.008834342253872028
-1 0.0 0 0 0.01073798403623992
-1 0.0 0 0 0.009727821654954973
nodes 29
2 11.041608810424805 1 12 0.0
7 0.20749999582767487 2 3 -0.015009926346942332
-1 0.0 0 0 0.0010534002832069402
50 69.5 4 9 -0.03374251573937198
46 41.5 5 6 -0.04795376675106856
-1 0.0 0 0 -0.006399812191022098
90 23.5 7 8 -0.014072423602368185
-1 0.0 0 0 -0.006752318167803928
-1 0.0 0 0 0.0015585553963428614
94 52.5 10 11 0.0005399935048727968
-1 0.0 0 0 -0.004871619445770835
-1 0.0 0 0 0.004294883155159391
121 118.5 13 28 0.035352976022644665
1 11.215852737426758 14 27 0.04155107772537455
17 119.5 15 26 0.033233875620634
56 6.5 16 17 0.03873514978449486
-1 0.0 0 0 -0.002893448816245565
50 77.5 18 23 0.04964982916498234
116 11.5 19 20 0.03557925809219828
-1 0.0 0 0 -0.0010269960713999333
47 8.5 21 22 0.06158895985803295
-1 0.0 0 0 0.0003581687084763818
-1 0.0 0 0 0.009083777009518483
43 90.5 24 25 0.10851295241341608
-1 0.0 0 0 0.012332722890978852
-1 0.0 0 0 -0.013139788731743006
-1 0.0 0 0 -0.013387919904623652
-1 0.0 0 0 0.013844976319317788
-1 0.0 0 0 -0.010854955717512486
nodes 29
3 0.7011995911598206 1 14 0.0
4 0.6454275846481323 2 3 -0.019193706636724657
-1 0.0 0 0 -0.008439108248048447
8 44.5 4 9 -0.012278259598067717
7 0.7524999976158142 5 6 -0.033932092474876836
-1 0.0 0 0 -0.0027849903046250216
6 1.0913560390472412 7 8 -0.1209774579363997
-1 0.0 0 0 -0.04714015912945553
-1 0.0 0 0 -0.009826704371876313
6 1.0279922485351562 10 13 0.00966919411184114
7 0.06750000268220901 11 12 0.043667178267136654
-1 0.0 0 0 0.0010908513655240911
-1 0.0 0 0 0.009029695045584056
-1 0.0 0 0 -0.00116415445644009
8 38.5 15 24 0.025710134638752533
1 11.01762866973877 16 23 -0.002914326519943266
102 34.5 17 22 -0.011690174190869974
64 54.5 18 19 -0.03226528973605663
-1 0.0 0 0 -0.006786560847454899
116 12.5 20 21 0.0012294653523506381
-1 0.0 0 0 -0.006969102479633876
-1 0.0 0 0 0.0031641798275770013
-1 0.0 0 0 0.0030104450717241306
-1 0.0 0 0 0.008600057346615776
119 25.5 25 28 0.05120016019546908
83 27.5 26 27 0.03051393562011554
-1 0.0 0 0 -0.0014855155329171503
-1 0.0 0 0 0.006571799229265495
-1 0.0 0 0 0.00796540064256681
nodes 29
103 1.5 1 10 0.0
64 49.5 2 3 -0.03141827954605513
-1 0.0 0 0 -0.0065422681628734955
2 10.722936630249023 4 5 -0.005511865244263076
-1 0.0 0 0 -0.004300629985138116
22 23.5 6 9 0.026008480289815637
91 38.5 7 8 -0.02896728505484059
-1 0.0 0 0 -0.013013884413472305
-1 0.0 0 0 0.0012094157708299983
-1 0.0 0 0 0.0061821201854921105
92 3.5 11 14 0.013386276915469841
36 4.5 12 13 -0.023562161317232346
-1 0.0 0 0 -0.004807562901633821
-1 0.0 0 0 0.00011023909285552078
34 0.5 15 16 0.03165615266347962
-1 0.0 0 0 -0.0026183761645173346
33 89.5 17 28 0.04146929895682975
17 97.5 18 27 0.04922767895862329
128 2.5 19 20 0.05547858671198424
-1 0.0 0 0 0.00033878553044143034
113 112.5 21 26 0.0662795627981101
2 10.431907653808594 22 23 0.07460797560538632
-1 0.0 0 0 -0.0003288013263832436
62 3.5 24 25 0.08215062906260115
-1 0.0 0 0 0.003604503934938294
-1 0.0 0 0 0.00973840381001107
-1 0.0 0 0 -0.0011294234248597611
-1 0.0 0 0 -0.003845683648957595
-1 0.0 0 0 -0.0037719766369504145
nodes 29
1 11.102141380310059 1 28 0.0
88 75.5 2 17 -0.005090869966392727
64 59.5 3 4 -0.020186268343493175
-1 0.0 0 0 -0.005447575405895643
84 28.5 5 8 0.006298499927067838
46 71.5 6 7 -0.0422546789044161
-1 0.0 0 0 -0.00728443790381119
-1 0.0 0 0 0.0006094083837976782
2 10.632266998291016 9 10 0.031515345558171315
-1 0.0 0 0 -0.0032352591884033804
65 44.5 11 12 0.052100320300511094
-1 0.0 0 0 -0.0032657792541191744
47 4.5 13 14 0.07504836733240239
-1 0.0 0 0 -7.214618925075803e-05
91 16.5 15 16 0.09391522987097217
-1 0.0 0 0 0.0011378900593206965
-1 0.0 0 0 0.011199481755427218
59 24.5 18 21 0.021683424343737483
102 30.5 19 20 -0.036384001408847316
-1 0.0 0 0 -0.010752958491245735
-1 0.0 0 0 -0.001357583913331377
93 7.5 22 23 0.04263572252186561
-1 0.0 0 0 -0.0035157142940100967
2 10.078238487243652 24 25 0.06426219262908434
-1 0.0 0 0 -0.008377501739593717
127 21.5 26 27 0.07376171348710084
-1 0.0 0 0 0.0003928260456356441
-1 0.0 0 0 0.008975550605093053
-1 0.0 0 0 0.00760701793445626
nodes 29
3 0.7011995911598206 1 20 0.0
61 120.5 2 19 -0.016177969221321913
119 8.5 3 12 -0.012776247457067345
90 42.5 4 5 -0.03156365229745757
-1 0.0 0 0 -0.0059430222309091825
22 22.5 6 9 -0.00630191668765123
65 42.5 7 8 -0.051677150427331835
-1 0.0 0 0 -0.016024394287411498
-1 0.0 0 0 -0.0027930589677713793
2 10.62144947052002 10 11 0.023260472890551075
-1 0.0 0 0 -0.005672137200248284
-1 0.0 0 0 0.0049564590126022455
60 58.5 13 14 0.005808172216980127
-1 0.0 0 0 -0.0019564287579380457
88 47.5 15 16 0.03811927958865548
-1 0.0 0 0 -0.0053360418263350765
2 10.078238487243652 17 18 0.05370355520228516
-1 0.0 0 0 -0.011269188951781911
-1 0.0 0 0 0.0064555021768470935
-1 0.0 0 0 -0.011570686204127168
86 4.5 21 22 0.021670528691791403
-1 0.0 0 0 -0.0012655625648414796
58 10.5 23 26 0.03634945107006059
107 1.5 24 25 0.0016497742107259314
-1 0.0 0 0 -0.004394586745938144
-1 0.0 0 0 0.003512456146219641
48 5.5 27 28 0.05733455292428214
-1 0.0 0 0 -0.0005078782706529781
-1 0.0 0 0 0.007024889729976426
nodes 29
2 11.201592445373535 1 28 0.0
88 75.5 2 17 -0.006967009769742529
64 68.5 3 6 -0.02076046390951694
53 116.5 4 5 -0.05155664714141883
-1 0.0 0 0 -0.004520890192571771
-1 0.0 0 0 -0.014157620421209237
84 54.5 7 10 0.006818402196226198
97 42.5 8 9 -0.025428189615211354
-1 0.0 0 0 -0.011780756484770331
-1 0.0 0 0 -0.0012849397618869356
2 10.552421569824219 11 12 0.037676059480845805
-1 0.0 0 0 -0.003454046615009943
31 10.5 13 14 0.05683105255978555
-1 0.0 0 0 -0.0035150022638023
41 83.5 15 16 0.0799195083841699
-1 0.0 0 0 0.008924892392697434
-1 0.0 0 0 -0.009406207467754349
60 38.5 18 19 0.016537879685751704
-1 0.0 0 0 -0.002663055033576648
65 90.5 20 27 0.038361532111087726
2 10.440828323364258 21 22 0.04496313282087987
-1 0.0 0 0 -0.0016525291098289782
50 24.5 23 24 0.06297962251406014
-1 0.0 0 0 -0.007461469051322497
94 25.5 25 26 0.07226855897718008
-1 0.0 0 0 -0.0012244555850983265
-1 0.0 0 0 0.008960812049566586
-1 0.0 0 0 -0.01022579301625334
-1 0.0 0 0 0.004687186357952769
nodes 29
4 0.7779221534729004 1 6 0.0
3 0.5339977741241455 2 3 -0.030013651847309586
-1 0.0 0 0 -0.0052267138912186015
8 53.5 4 5 -0.004933058261496528
-1 0.0 0 0 -0.0032062313053635516
-1 0.0 0 0 0.004150678203792132
8 38.5 7 16 0.010057509847355869
7 0.8550000190734863 8 15 -0.01159882759623576
34 1.5 9 10 -0.00942237625579394
-1 0.0 0 0 -0.003767456871890769
102 36.5 11 12 0.0038879585705779963
-1 0.0 0 0 -0.0010846799164591174
52 2.5 13 14 0.038862568484512215
-1 0.0 0 0 -0.003002780019654821
-1 0.0 0 0 0.006653778572996538
-1 0.0 0 0 -0.022017541438857688
125 110.5 17 28 0.025954533560880098
124 117.5 18 27 0.02853447754535596
33 113.5 19 26 0.031073227475192772
82 9.5 20 21 0.034500178853357315
-1 0.0 0 0 0.0005336233942718733
86 7.5 22 23 0.04711077371140643
-1 0.0 0 0 0.001964559413010532
78 116.5 24 25 0.06431555657705602
-1 0.0 0 0 0.006781082973415383
-1 0.0 0 0 -0.011721276259208163
-1 0.0 0 0 -0.006880697840753368
-1 0.0 0 0 -0.01146319301521031
-1 0.0 0 0 -0.013363402739780046
nodes 29
5 1.1346527338027954 1 4 0.0
1 11.185338020324707 2 3 0.0481244829512232
-1 0.0 0 0 0.003525686058810601
-1 0.0 0 0 0.013823033348891001
53 115.5 5 28 -0.005698975573543954
61 120.5 6 27 -0.0021595241190770545
1 9.343647003173828 7 8 0.0008159762124263889
-1 0.0 0 0 -0.005106604233295793
86 1.5 9 14 0.005590216414509368
100 104.5 10 13 -0.024193452746764613
123 82.5 11 12 -0.016711856901608743
-1 0.0 0 0 -0.003284809913301478
-1 0.0 0 0 0.002297291332518889
-1 0.0 0 0 -0.011196460788411463
75 2.5 15 22 0.014620731327699154
127 45.5 16 17 -0.009601248341362412
-1 0.0 0 0 -0.003361317510343591
77 92.5 18 21 0.01707283396806238
93 9.5 19 20 0.024629193192462137
-1 0.0 0 0 -0.0022475440712159656
-1 0.0 0 0 0.004553302831685264
-1 0.0 0 0 -0.01340227999594969
48 5.5 23 24 0.03136310121649243
-1 0.0 0 0 -0.0009045172028582494
99 1.5 25 26 0.04407554432530982
-1 0.0 0 0 0.0015103537995868907
-1 0.0 0 0 0.0058987937884012595
-1 0.0 0 0 -0.008807709619123898
-1 0.0 0 0 -0.007691635185284636
nodes 29
4 0.8325598835945129 1 8 0.0
4 0.6041512489318848 2 5 -0.01990256829535489
6 1.1098204851150513 3 4 -0.07678330450004242
-1 0.0 0 0 -0.013935076186856571
-1 0.0 0 0 -0.002519757054270424
8 51.5 6 7 -0.014901849429846967
-1 0.0 0 0 -0.003088522665754115
-1 0.0 0 0 0.001495610641887999
8 38.5 9 16 0.012630552749105597
58 10.5 10 11 -0.0072304946598245766
-1 0.0 0 0 -0.003194604990901507
102 36.5 12 13 0.00838854129278027
-1 0.0 0 0 -0.000699884816102201
129 1.5 14 15 0.04512291086353033
-1 0.0 0 0 -0.0008536047902438244
-1 0.0 0 0 0.007836774466026238
125 111.5 17 28 0.03146107411323279
85 111.5 18 27 0.033861028479233925
86 0.5 19 20 0.03862039601418473
-1 0.0 0 0 -0.001226041381775302
29 93.5 21 26 0.04748550750652486
78 116.5 22 25 0.05125034376000131
70 117.5 23 24 0.054144622586118296
-1 0.0 0 0 0.0056917791314750575
-1 0.0 0 0 -0.010419951295751238
-1 0.0 0 0 -0.010693542115401102
-1 0.0 0 0 -0.006898709142982244
-1 0.0 0 0 -0.004429531066434972
-1 0.0 0 0 -0.012498665533242791
nodes 29
2 11.274870872497559 1 28 0.0
21 97.5 2 27 -0.0042472182074871955
107 4.5 3 16 -0.0017230123013239186
50 53.5 4 7 -0.015827007459552726
15 10.5 5 6 -0.03631132836216479
-1 0.0 0 0 -0.005598195817725587
-1 0.0 0 0 -0.0008726819442319693
81 38.5 8 9 0.006168713837806395
-1 0.0 0 0 -0.013172682943893838
45 92.5 10 15 0.012848472622464286
2 10.552421569824219 11 12 0.016966228685024964
-1 0.0 0 0 -0.002232854430787668
127 20.5 13 14 0.03832983705130482
-1 0.0 0 0 -0.0033374763622236073
-1 0.0 0 0 0.005858385977466189
-1 0.0 0 0 -0.017198194357063455
102 8.5 17 22 0.01282661006359671
64 42.5 18 19 -0.006096263899457013
-1 0.0 0 0 -0.005044135147933438
53 4.5 20 21 0.009077776498378862
-1 0.0 0 0 -0.0039610654429402085
-1 0.0 0 0 0.002658609822540207
136 2.5 23 24 0.03486723031940873
-1 0.0 0 0 -0.0003729280213514851
25 108.5 25 26 0.051245570476848974
-1 0.0 0 0 0.005948209310790923
-1 0.0 0 0 -0.006135133176497242
-1 0.0 0 0 -0.0109180216394744
-1 0.0 0 0 0.0052755657051841475
nodes 29
5 1.1215190887451172 1 2 0.0
-1 0.0 0 0 0.005046645395527845
21 97.5 3 28 -0.004063576872529243
61 120.5 4 27 -0.0017751193983998742
2 11.09292984008789 5 20 0.0007533233418654073
85 104.5 6 17 -0.00682755485100064
4 0.8547836542129517 7 8 -0.003195966856317662
-1 0.0 0 0 -0.001911113212393649
8 30.5 9 10 0.010175859793594706
-1 0.0 0 0 -0.0033864381875457687
33 107.5 11 16 0.019117197273980004
100 104.5 12 15 0.023770059958883063
116 4.5 13 14 0.026941991566152266
-1 0.0 0 0 0.0006936308214022492
-1 0.0 0 0 0.004546115947515403
-1 0.0 0 0 -0.009464043391310847
-1 0.0 0 0 -0.00718386436207477
73 89.5 18 19 -0.061675328099784855
-1 0.0 0 0 -0.0037276413732593282
-1 0.0 0 0 -0.015969333694907516
121 118.5 21 26 0.026864663329963744
5 1.976089358329773 22 23 0.033164763889773956
-1 0.0 0 0 0.0024248482596454387
4 0.7914486527442932 24 25 0.12036713805142567
-1 0.0 0 0 0.0007163733409141146
-1 0.0 0 0 0.01777891548989613
-1 0.0 0 0 -0.010573707773928322
-1 0.0 0 0 -0.007733116482620499
-1 0.0 0 0 -0.008880667579552946
nodes 29
18 16.5 1 14 0.0
72 17.5 2 3 -0.014244327042638156
-1 0.0 0 0 -0.005131712109639492
122 17.5 4 5 0.005012071966874295
-1 0.0 0 0 -0.004561910616796908
22 21.5 6 7 0.021231375228701495
-1 0.0 0 0 -0.002004871942011637
73 82.5 8 13 0.04064340429755196
2 10.722936630249023 9 10 0.05015911221117103
-1 0.0 0 0 -0.0001581899408558346
97 19.5 11 12 0.07502697064935868
-1 0.0 0 0 -0.009707552944977655
-1 0.0 0 0 0.008575296064535727
-1 0.0 0 0 -0.007750430485136479
102 11.5 15 18 0.013884678762624371
123 23.5 16 17 -0.016183292944216648
-1 0.0 0 0 -0.0032615653992926577
-1 0.0 0 0 0.0033136165421206037
2 10.282129287719727 19 20 0.028240120136746715
-1 0.0 0 0 -0.0035467682455227003
28 18.5 21 22 0.03623126158456057
-1 0.0 0 0 8.02698250515065e-05
65 85.5 23 28 0.052173081853541435
51 19.5 24 25 0.06065001427399535
-1 0.0 0 0 0.0007169939788954822
119 15.5 26 27 0.076063071968865
-1 0.0 0 0 0.0012172599912327656
-1 0.0 0 0 0.009059204999222718
-1 0.0 0 0 -0.0053540320381247775
nodes 29
56 2.5 1 2 0.0
-1 0.0 0 0 -0.004694601317248188
92 1.5 3 4 0.003799040623845561
-1 0.0 0 0 -0.002234989354653698
17 96.5 5 28 0.012087233729313546
127 0.5 6 15 0.016943574523417708
72 21.5 7 8 -0.011166801685602384
-1 0.0 0 0 -0.004473546350239409
90 17.5 9 10 0.010684432229319024
-1 0.0 0 0 -0.00818463356725621
1 9.67652416229248 11 12 0.022541873047962298
-1 0.0 0 0 -0.007569381282846043
73 111.5 13 14 0.03383347653459449
-1 0.0 0 0 0.004062623224597744
-1 0.0 0 0 -0.012637667636710509
129 7.5 16 19 0.027626086934322027
42 11.5 17 18 0.007419278846530007
-1 0.0 0 0 -0.0038175581031493
-1 0.0 0 0 0.002315812602269519
93 116.5 20 25 0.042450299091181865
9 6.5 21 22 0.04819786731448068
-1 0.0 0 0 0.0019937830359607993
9 97.5 23 24 0.06353523948341629
-1 0.0 0 0 0.006972477916800585
-1 0.0 0 0 -0.002834752337952906
65 65.5 26 27 -0.04651710620647594
-1 0.0 0 0 9.423588624912072e-07
-1 0.0 0 0 -0.01838693617186088
-1 0.0 0 0 -0.005130705810744812
nodes 29
2 11.274870872497559 1 28 0.0
29 85.5 2 27 -0.003668442483417063
88 66.5 3 22 -0.0012054419473994612
64 51.5 4 11 -0.012082455752068623
6 1.1119493246078491 5 10 -0.045502561776127645
50 65.5 6 7 -0.06467764015789633
-1 0.0 0 0 -0.008787894955371125
65 95.5 8 9 -0.01946783061947874
-1 0.0 0 0 -0.00010680543859512004
-1 0.0 0 0 -0.019733233421024496
-1 0.0 0 0 -0.0006342426138722587
97 19.5 12 13 0.006273168610371885
-1 0.0 0 0 -0.012989584696805768
84 54.5 14 17 0.012244000773728681
46 48.5 15 16 -0.01453853097167395
-1 0.0 0 0 -0.0044282504107726675
-1 0.0 0 0 0.0013515397635460123
2 10.722936630249023 18 19 0.035910007665183354
-1 0.0 0 0 -0.0008222567098991555
31 12.5 20 21 0.058250192968112395
-1 0.0 0 0 -0.0007357464840211926
-1 0.0 0 0 0.007678209870451521
97 108.5 23 26 0.015886958649216982
93 7.5 24 25 0.020302464403451737
-1 0.0 0 0 -0.0022105438382166286
-1 0.0 0 0 0.0035179376903166242
-1 0.0 0 0 -0.011728627814757845
-1 0.0 0 0 -0.007841042819484974
-1 0.0 0 0 0.004556655203200337
nodes 29
82 8.5 1 8 0.0
125 108.5 2 7 -0.018970138237022524
88 102.5 3 4 -0.016655310782541784
-1 0.0 0 0 -0.0030690893543111305
97 107.5 5 6 0.005729863166962938
-1 0.0 0 0 0.0011958224868796785
-1 0.0 0 0 -0.011834207371648663
-1 0.0 0 0 -0.016630971509495034
17 96.5 9 28 0.008478829155810273
103 9.5 10 17 0.012807156789741266
76 26.5 11 12 -0.0025279756911256086
-1 0.0 0 0 -0.0021025923274698042
55 8.5 13 14 0.0202942183462823
-1 0.0 0 0 -0.0019351779903076047
72 32.5 15 16 0.04211471573982291
-1 0.0 0 0 0.000904381207544621
-1 0.0 0 0 0.007209191198268347
103 99.5 18 27 0.03157264902676784
28 21.5 19 26 0.04008150083212302
46 10.5 20 21 0.01633649020550076
-1 0.0 0 0 -0.0026018984422813887
71 90.5 22 25 0.03976764662584164
91 9.5 23 24 0.04750283044833008
-1 0.0 0 0 -0.0005586933187742617
-1 0.0 0 0 0.006878929758241257
-1 0.0 0 0 -0.012658404055077378
-1 0.0 0 0 0.006485647046393217
-1 0.0 0 0 -0.0050545136347832685
-1 0.0 0 0 -0.004564457654395185
nodes 29
4 0.8138441443443298 1 6 0.0
53 114.5 2 5 -0.01745029276159517
61 118.5 3 4 -0.01412526446651369
-1 0.0 0 0 -0.0010942207435853813
-1 0.0 0 0 -0.008722965081293348
-1 0.0 0 0 -0.008243497059382534
33 88.5 7 26 0.008880277102855477
58 10.5 8 13 0.0131751395496638
29 65.5 9 12 -0.007694440237738123
101 118.5 10 11 -0.001343817226500575
-1 0.0 0 0 0.00017646660960627975
-1 0.0 0 0 -0.012807372182710209
-1 0.0 0 0 -0.007663564041480515
20 1.5 14 19 0.024440467336743883
76 17.5 15 16 -0.006406407965456036
-1 0.0 0 0 -0.0033895314200204463
64 43.5 17 18 0.024540944689727312
-1 0.0 0 0 -0.005198926012007609
-1 0.0 0 0 0.004619183646141082
111 4.5 20 23 0.03516747261555713
52 108.5 21 22 0.017183283664493593
-1 0.0 0 0 0.002150645122414404
-1 0.0 0 0 -0.008585822426393618
46 32.5 24 25 0.05851443088731045
-1 0.0 0 0 0.004476107723055916
-1 0.0 0 0 0.010715208259584537
123 76.5 27 28 -0.03947629942021178
-1 0.0 0 0 -0.006371318584417876
-1 0.0 0 0 0.0015456293766814317
nodes 29
44 118.5 1 28 0.0
2 11.107015609741211 2 13 0.0013687298091965725
125 93.5 3 12 -0.005259118507653395
85 108.5 4 11 -0.0034469427346387996
4 0.8547836542129517 5 6 -0.0003100336634134041
-1 0.0 0 0 -0.001334715905157453
8 38.5 7 10 0.010466094589484118
6 1.0300263166427612 8 9 -0.0037070026480026086
-1 0.0 0 0 -0.006414268723421372
-1 0.0 0 0 0.0004533438177203594
-1 0.0 0 0 0.002931750493191604
-1 0.0 0 0 -0.00520506080283756
-1 0.0 0 0 -0.008603397712029802
121 118.5 14 27 0.024454467258985823
21 114.5 15 26 0.029573462970322813
105 2.5 16 17 0.033304182880916015
-1 0.0 0 0 -0.0018071917872460137
5 1.976089358329773 18 23 0.04477997924042832
76 8.5 19 22 0.03646349516124581
18 8.5 20 21 0.00546905203905062
-1 0.0 0 0 -0.005959277210465085
-1 0.0 0 0 0.0028460129777878145
-1 0.0 0 0 0.005810812459123019
1 9.67652416229248 24 25 0.1398079394747028
-1 0.0 0 0 0.0006389633922690167
-1 0.0 0 0 0.01878087153269353
-1 0.0 0 0 -0.011950223695599428
-1 0.0 0 0 -0.009407622220352296
-1 0.0 0 0 -0.011055796343030513
nodes 29
39 0.5 1 4 0.0
129 73.5 2 3 -0.01493100632911769
-1 0.0 0 0 -0.0008660008422913526
-1 0.0 0 0 -0.00727129896589237
105 86.5 5 28 0.009562904003767286
50 67.5 6 23 0.013927612238637067
115 29.5 7 10 0.005393024008687457
119 49.5 8 9 -0.017362277202847054
-1 0.0 0 0 -0.003123598039153977
-1 0.0 0 0 0.0015758919408573931
89 32.5 11 12 0.028130517033329236
-1 0.0 0 0 -0.008178459590979199
1 9.67652416229248 13 14 0.03803244155712517
-1 0.0 0 0 -0.005745969313559703
30 23.5 15 18 0.04702308248992472
76 26.5 16 17 0.02011900597427862
-1 0.0 0 0 -0.002427980175363796
-1 0.0 0 0 0.004913004858689146
45 16.5 19 20 0.07502737651103666
-1 0.0 0 0 0.001953794458486913
2 10.67509937286377 21 22 0.10230433727034804
-1 0.0 0 0 0.00017632905038280359
-1 0.0 0 0 0.012007719729840207
94 56.5 24 25 0.04126269134123144
-1 0.0 0 0 -0.0001102006088450533
74 2.5 26 27 0.06320289622678864
-1 0.0 0 0 -0.0026092494599980606
-1 0.0 0 0 0.007662587529152483
-1 0.0 0 0 -0.003975633738363883
nodes 29
48 6.5 1 8 0.0
123 39.5 2 7 -0.01872960652200155
6 1.124305248260498 3 6 -0.037014423508539014
7 0.7649999856948853 4 5 -0.05266435121138604
-1 0.0 0 0 -0.005054103362574759
-1 0.0 0 0 -0.06116866866747538
-1 0.0 0 0 0.00022818056191692578
-1 0.0 0 0 0.00039970047432425745
136 2.5 9 10 0.006835044966354796
-1 0.0 0 0 -0.0016793843883535883
44 122.5 11 28 0.016609451977971187
82 9.5 12 13 0.017643991603025128
-1 0.0 0 0 -0.00045029966336028704
121 111.5 14 27 0.029370544497928253
86 7.5 15 16 0.03439051380528329
-1 0.0 0 0 0.000929944405742994
64 83.5 17 24 0.04809008095004566
27 13.5 18 21 0.03596509666340996
31 43.5 19 20 -0.008123023842662015
-1 0.0 0 0 -0.004409710220468642
-1 0.0 0 0 0.0054655269769498215
88 32.5 22 23 0.05460137948602493
-1 0.0 0 0 -0.006302521253063672
-1 0.0 0 0 0.006870808529144963
2 10.64401912689209 25 26 0.08695601697632283
-1 0.0 0 0 -0.002508805384441364
-1 0.0 0 0 0.01056300287797789
-1 0.0 0 0 -0.005898584591366385
-1 0.0 0 0 -0.023842107420886292
nodes 29
1 11.215852737426758 1 28 0.0
78 114.5 2 27 -0.0017538823018846386
46 34.5 3 20 -0.0001565944331058887
88 51.5 4 11 -0.008361298575339585
115 57.5 5 8 -0.030755712958996973
6 1.1154872179031372 6 7 -0.05628864043780592
-1 0.0 0 0 -0.007531035858436161
-1 0.0 0 0 -0.0009428693503084565
65 41.5 9 10 0.0006994948855788292
-1 0.0 0 0 -0.00740056363321731
-1 0.0 0 0 0.0015113392466363168
81 43.5 12 13 0.009673915044374431
-1 0.0 0 0 -0.007538758938280217
42 19.5 14 15 0.015157023872156724
-1 0.0 0 0 -0.0014464660614987796
126 29.5 16 17 0.030502880885310803
-1 0.0 0 0 -3.504296309952208e-05
2 10.057666778564453 18 19 0.05110140887729909
-1 0.0 0 0 -0.006533115229925758
-1 0.0 0 0 0.0059174066452207024
122 27.5 21 22 0.0216407953654822
-1 0.0 0 0 -0.0006427411581731221
2 10.458205223083496 23 24 0.04610099928523445
-1 0.0 0 0 -0.002984277537710835
65 42.5 25 26 0.058661961457899654
-1 0.0 0 0 9.686030159686022e-05
-1 0.0 0 0 0.007308697450377057
-1 0.0 0 0 -0.008013592691913997
-1 0.0 0 0 0.0072809366349564225
nodes 29
2 11.201592445373535 1 26 0.0
21 94.5 2 25 -0.004253642399859241
110 47.5 3 24 -0.002290330383880526
101 117.5 4 23 0.00010765080591192654
33 108.5 5 22 0.0021908504265813664
100 104.5 6 21 0.004941008389507528
1 9.654706001281738 7 8 0.0069793005033751635
-1 0.0 0 0 -0.0023385604510972138
5 2.108473539352417 9 20 0.011881306113099009
9 114.5 10 19 0.009064992243378376
92 1.5 11 12 0.01183957774755929
-1 0.0 0 0 -0.001083941803362606
125 60.5 13 18 0.018521579895736183
82 1.5 14 15 0.0229479468657389
-1 0.0 0 0 -0.003455431996732557
52 85.5 16 17 0.026765787163126817
-1 0.0 0 0 0.0030517331285990373
-1 0.0 0 0 -0.0032557900338855725
-1 0.0 0 0 -0.00315212218869426
-1 0.0 0 0 -0.004794192480334622
-1 0.0 0 0 0.007403770711215833
-1 0.0 0 0 -0.006974590142805258
-1 0.0 0 0 -0.005069848025324416
-1 0.0 0 0 -0.006582834002340256
-1 0.0 0 0 -0.0070101852179953045
-1 0.0 0 0 -0.008440383331434615
48 4.5 27 28 0.028617176475089334
-1 0.0 0 0 -0.0026639580260677895
-1 0.0 0 0 0.0040433994385464965
nodes 29
25 103.5 1 26 0.0
33 1.5 2 3 0.003804450344737571
-1 0.0 0 0 -0.0018320894755966485
2 11.268634796142578 4 25 0.010759476994120751
33 107.5 5 24 0.006485375458661745
95 50.5 6 19 0.009565894457802118
64 62.5 7 12 0.0009354516546401775
17 90.5 8 11 -0.022421498100958802
42 24.5 9 10 -0.01585841471564133
-1 0.0 0 0 -0.00386587086016707
-1 0.0 0 0 0.0009586947510762172
-1 0.0 0 0 -0.012797894226676446
2 10.787503242492676 13 14 0.018307031388346832
-1 0.0 0 0 -0.0010967239185241794
65 33.5 15 16 0.04143496707014321
-1 0.0 0 0 -0.005007658846657125
84 21.5 17 18 0.05280977602595642
-1 0.0 0 0 -0.00010504128736484134
-1 0.0 0 0 0.006864594322454905
27 13.5 20 21 0.029718510472849055
-1 0.0 0 0 -0.003170658335231398
61 34.5 22 23 0.04413367418886436
-1 0.0 0 0 0.0008568789498406558
-1 0.0 0 0 0.007477291796811648
-1 0.0 0 0 -0.005168823502850612
-1 0.0 0 0 0.005810107591210777
98 18.5 27 28 -0.029675309048684217
-1 0.0 0 0 -0.006939366278532592
-1 0.0 0 0 1.8847374883534942e-05
nodes 29
9 6.5 1 16 0.0
6 1.0921279191970825 2 15 -0.01420865528809381
7 0.6875 3 12 -0.028405800784868797
13 2.5 4 5 -0.026247938271814507
-1 0.0 0 0 -0.006124952629866113
4 0.6454275846481323 6 7 -0.010252312617632379
-1 0.0 0 0 -0.014503464210948717
16 4.5 8 9 -0.00522876474862689
-1 0.0 0 0 -0.002740377188059486
100 113.5 10 11 0.023971416416235666
-1 0.0 0 0 0.0030339152366103267
-1 0.0 0 0 -0.02145912625627326
92 15.5 13 14 -0.30518469659193437
-1 0.0 0 0 -0.05612935294220979
-1 0.0 0 0 -0.004556752358601518
-1 0.0 0 0 0.0008914183379062982
9 69.5 17 26 0.007370984744724051
17 96.5 18 23 0.014846643102721975
2 10.907148361206055 19 20 0.020606314465628522
-1 0.0 0 0 0.0003390166486917799
53 116.5 21 22 0.0388243613897505
-1 0.0 0 0 0.004345303767661116
-1 0.0 0 0 -0.004734713487601426
127 79.5 24 25 -0.039165035163489084
-1 0.0 0 0 -0.007831154590481308
-1 0.0 0 0 0.0008227976595554063
119 57.5 27 28 -0.019011737841618734
-1 0.0 0 0 -0.00438764022769944
-1 0.0 0 0 0.001663039579812838
nodes 29
29 83.5 1 28 0.0
44 118.5 2 27 0.001991133394568115
2 11.041608810424805 3 6 0.003179291357221376
53 111.5 4 5 -0.003853862956154291
-1 0.0 0 0 -0.00010860838594169153
-1 0.0 0 0 -0.00543658314716114
71 110.5 7 26 0.02044632203567424
43 118.5 8 25 0.023289568557442637
5 2.0134150981903076 9 24 0.024961783999134162
130 2.5 10 13 0.019381204835899793
27 44.5 11 12 -0.010370847432079866
-1 0.0 0 0 -0.0038875657054370525
-1 0.0 0 0 0.0034006562106611185
82 1.5 14 15 0.0328078924589733
-1 0.0 0 0 -0.005364417026677105
18 15.5 16 23 0.03874600166053772
57 48.5 17 18 0.019171296237484453
-1 0.0 0 0 -0.005284954552132035
31 8.5 19 20 0.042062808159856975
-1 0.0 0 0 -0.003862778491779539
97 35.5 21 22 0.06229630294526467
-1 0.0 0 0 -0.001278005216973489
-1 0.0 0 0 0.008312406136401617
-1 0.0 0 0 0.006536851042987033
-1 0.0 0 0 0.00864568673758142
-1 0.0 0 0 -0.02266391281718938
-1 0.0 0 0 -0.012960771662079118
-1 0.0 0 0 -0.00917447476146783
-1 0.0 0 0 -0.0050207373875279975
nodes 29
125 93.5 1 28 0.0
5 1.1073241233825684 2 3 0.0017313688561833393
-1 0.0 0 0 0.004781868182395999
30 110.5 4 27 -0.0005432875602301417
39 0.5 5 10 0.0012065125040151103
129 73.5 6 9 -0.011146595553680028
47 122.5 7 8 -0.005829239561879234
-1 0.0 0 0 -0.0003886863332578661
-1 0.0 0 0 -0.012948957168777003
-1 0.0 0 0 -0.006135978351880597
70 112.5 11 26 0.009497798850830278
101 117.5 12 25 0.011739585041215764
85 116.5 13 24 0.01392010749941947
45 6.5 14 17 0.01712261693456476
127 72.5 15 16 0.0021918956915169176
-1 0.0 0 0 -0.0011586138308171139
-1 0.0 0 0 0.0036024913017783052
47 12.5 18 21 0.028342908170861353
71 100.5 19 20 0.0077937706542364074
-1 0.0 0 0 0.0011477851087015058
-1 0.0 0 0 -0.018038047358701095
2 10.779081344604492 22 23 0.044556127798599264
-1 0.0 0 0 0.0007913647447185783
-1 0.0 0 0 0.005893544010854463
-1 0.0 0 0 -0.0033571335063882
-1 0.0 0 0 -0.006265336346155101
-1 0.0 0 0 -0.006267569039135339
-1 0.0 0 0 -0.005908284508077019
-1 0.0 0 0 -0.005767105786712755
nodes 29
4 0.8547836542129517 1 2 0.0
-1 0.0 0 0 -0.001073797420834041
102 33.5 3 12 0.008820626718508688
54 69.5 4 5 -0.0006042892390526075
-1 0.0 0 0 -0.0015467343271074099
57 47.5 6 7 0.02654869847528247
-1 0.0 0 0 -0.006680782063703561
0 10.75677490234375 8 9 0.03891562034768257
-1 0.0 0 0 0.00021758899787674885
98 7.5 10 11 0.0628294769202244
-1 0.0 0 0 -0.002332051847007012
-1 0.0 0 0 0.007984222091776464
18 13.5 13 16 0.027266210588660893
94 10.5 14 15 -0.016520623781196748
-1 0.0 0 0 0.00496328176706886
-1 0.0 0 0 -0.004222657770263083
93 9.5 17 20 0.04227803329513054
84 37.5 18 19 -0.0037497645972136154
-1 0.0 0 0 -0.0018251562382725598
-1 0.0 0 0 0.01867784634511489
73 27.5 21 22 0.05738752226728031
-1 0.0 0 0 -0.003982108317633647
2 10.209389686584473 23 24 0.06666176099572664
-1 0.0 0 0 -0.002379672380729457
87 24.5 25 26 0.07664468591932919
-1 0.0 0 0 0.0019115842222664284
81 38.5 27 28 0.092182228167321
-1 0.0 0 0 -0.005739737117923457
-1 0.0 0 0 0.010078416632236678
nodes 29
21 97.5 1 28 0.0
78 114.5 2 27 0.0015708386303839952
46 33.5 3 24 0.002988944925850933
120 23.5 4 11 -0.0039665430849739275
123 41.5 5 8 -0.02530036095441687
6 1.1154872179031372 6 7 -0.04922575559461823
-1 0.0 0 0 -0.006653276936974703
-1 0.0 0 0 -0.00015584993538746709
76 17.5 9 10 -0.0007584060973590507
-1 0.0 0 0 -0.004434645928097066
-1 0.0 0 0 0.0018267955435717802
97 82.5 12 21 0.009254665472745952
28 27.5 13 14 0.01622931766788516
-1 0.0 0 0 -0.0004817991273161108
2 10.845893859863281 15 16 0.031951128488725646
-1 0.0 0 0 0.0010149059832150207
95 30.5 17 18 0.05661240606103007
-1 0.0 0 0 0.0005755985848692971
73 30.5 19 20 0.08149390756324193
-1 0.0 0 0 -0.0011797148485524676
-1 0.0 0 0 0.009829822329544277
115 31.5 22 23 -0.042828596045465336
-1 0.0 0 0 -0.00831613147298957
-1 0.0 0 0 0.0019462543160072233
122 27.5 25 26 0.02127413959611829
-1 0.0 0 0 -1.3473070099207083e-05
-1 0.0 0 0 0.003998692697348774
-1 0.0 0 0 -0.0067089074371565
-1 0.0 0 0 -0.005794074732737438
nodes 29
7 0.027499999850988388 1 6 0.0
6 1.0741000175476074 2 5 -0.02723527471945553
8 47.5 3 4 -0.033186369358122886
-1 0.0 0 0 -0.006308626536684174
-1 0.0 0 0 6.407603135949082e-05
-1 0.0 0 0 0.01059295617917514
7 0.8550000190734863 7 28 0.0032457460611882063
4 0.716392993927002 8 9 0.0038747349035289516
-1 0.0 0 0 -0.0021020793516680274
11 70.5 10 27 0.007820825417959018
100 104.5 11 24 0.009433748665934067
2 11.110745429992676 12 15 0.011316615212276577
117 85.5 13 14 0.00567463868792594
-1 0.0 0 0 0.000759585670617425
-1 0.0 0 0 -0.006393161383117799
17 119.5 16 23 0.03264622911359313
1 10.582865715026855 17 18 0.03705900457380661
-1 0.0 0 0 0.011466993802806212
6 1.0759620666503906 19 22 0.029857067809463594
25 118.5 20 21 0.01890586272927728
-1 0.0 0 0 0.0023913054195940316
-1 0.0 0 0 -0.0114849776725506
-1 0.0 0 0 0.008185067375571495
-1 0.0 0 0 -0.009578876191262041
27 88.5 25 26 -0.05553306670568517
-1 0.0 0 0 -0.008584386593929325
-1 0.0 0 0 0.006626996029374783
-1 0.0 0 0 -0.006781743431294874
-1 0.0 0 0 -0.01509163321347256
nodes 29
1 11.253856658935547 1 28 0.0
38 51.5 2 27 -0.0011799206857835086
48 6.5 3 12 0.0007780267660691758
6 1.1087907552719116 4 11 -0.015117897957977008
7 0.7524999976158142 5 10 -0.028033762223026306
16 3.5 6 7 -0.02639254708675001
-1 0.0 0 0 -0.004668574066266343
17 102.5 8 9 0.002740289503036864
-1 0.0 0 0 0.0013325590081062592
-1 0.0 0 0 -0.009958428275121183
-1 0.0 0 0 -0.05126340930381468
-1 0.0 0 0 0.0010838507581724202
136 2.5 13 16 0.0067146186795852105
6 1.0682934522628784 14 15 -0.01167527802741437
-1 0.0 0 0 -0.00324367799222159
-1 0.0 0 0 0.0006094671449962813
40 5.5 17 20 0.014302611409967471
42 17.5 18 19 -0.0009929998288538539
-1 0.0 0 0 -0.0024420249332871586
-1 0.0 0 0 0.0020356025928839725
25 108.5 21 26 0.027083515021403146
29 83.5 22 25 0.031978400772369346
101 1.5 23 24 0.035639802651303495
-1 0.0 0 0 0.0005686646999754428
-1 0.0 0 0 0.004744304366408592
-1 0.0 0 0 -0.005735391992709055
-1 0.0 0 0 -0.003650113711181724
-1 0.0 0 0 -0.004824276524377225
-1 0.0 0 0 0.0074063490136365125
nodes 29
61 117.5 1 28 0.0
124 118.5 2 27 0.00195494853714068
117 87.5 3 26 0.0032213690949052724
74 7.5 4 9 0.005057198388372965
72 26.5 5 8 -0.007092230492857661
6 1.0815815925598145 6 7 -0.019414912321988297
-1 0.0 0 0 -0.0039157181825513546
-1 0.0 0 0 0.00022019365707847975
-1 0.0 0 0 0.0010244688513687725
2 11.107015609741211 10 23 0.013272769244832259
27 70.5 11 18 0.005385726731131528
100 104.5 12 17 -0.0035345212081614413
45 18.5 13 14 -0.00022822653289852367
-1 0.0 0 0 -0.001315721400100725
99 46.5 15 16 0.02340141304077236
-1 0.0 0 0 0.0034427484600858763
-1 0.0 0 0 -0.006364072871599751
-1 0.0 0 0 -0.01102165004868113
65 85.5 19 22 0.02708378512554878
76 101.5 20 21 0.03364012540202473
-1 0.0 0 0 0.0037952461725137806
-1 0.0 0 0 -0.014989217135815934
-1 0.0 0 0 -0.010986042888699097
21 114.5 24 25 0.037457676625000894
-1 0.0 0 0 0.004127748040887604
-1 0.0 0 0 -0.01436195804818575
-1 0.0 0 0 -0.00484927935189406
-1 0.0 0 0 -0.007099346894277785
-1 0.0 0 0 -0.0042641322022659075
nodes 29
125 110.5 1 28 0.0
56 2.5 2 5 0.0011513036991498836
6 1.0643609762191772 3 4 -0.031044457613242385
-1 0.0 0 0 -0.008186897166204977
-1 0.0 0 0 -0.00023780045186596696
112 16.5 6 17 0.003693239982838405
17 60.5 7 12 -0.004183462116004
118 80.5 8 11 0.002918808903431344
39 4.5 9 10 0.0056889051377262264
-1 0.0 0 0 -0.0005722690847781863
-1 0.0 0 0 0.0020585776999706754
-1 0.0 0 0 -0.0071930321998740585
6 1.0897985696792603 13 16 -0.03339390078705161
7 0.6949999928474426 14 15 -0.055423550965740344
-1 0.0 0 0 -0.0053010365465963865
-1 0.0 0 0 -0.04995916350128349
-1 0.0 0 0 0.0003836977247949612
129 118.5 18 27 0.01686136597360615
2 10.856727600097656 19 20 0.01916496350505987
-1 0.0 0 0 0.00031412343826593784
113 108.5 21 26 0.03338206606477371
121 116.5 22 25 0.04115787599707485
94 72.5 23 24 0.045718029539390595
-1 0.0 0 0 0.0028572107613354003
-1 0.0 0 0 0.007364129493548252
-1 0.0 0 0 -0.007843582819333474
-1 0.0 0 0 -0.0038783083293995255
-1 0.0 0 0 -0.009229931578545509
-1 0.0 0 0 -0.00680873164082249
nodes 29
50 75.5 1 22 0.0
90 69.5 2 13 -0.005391807023634444
6 1.098508596420288 3 12 -0.015170236439181053
7 0.6575000286102295 4 9 -0.027645350903298848
4 0.5524404048919678 5 6 -0.02530238486552966
-1 0.0 0 0 -0.020946400369202006
25 94.5 7 8 -0.023598780516008097
-1 0.0 0 0 -0.0017805874033641708
-1 0.0 0 0 -0.007853739399330324
37 5.5 10 11 -0.1987245819788465
-1 0.0 0 0 -0.03555846817276262
-1 0.0 0 0 -0.004826693528103738
-1 0.0 0 0 0.0010236769752680517
124 20.5 14 19 0.013057953013828259
22 24.5 15 18 -0.009991065410900104
65 32.5 16 17 -0.0425590455625211
-1 0.0 0 0 -0.016860275217035176
-1 0.0 0 0 -0.0031134615986999764
-1 0.0 0 0 0.0016388566766705418
97 38.5 20 21 0.040898937817038926
-1 0.0 0 0 -0.0025059769672967497
-1 0.0 0 0 0.005400208154605399
20 25.5 23 26 0.014013338526767545
81 41.5 24 25 -0.0020775134665389195
-1 0.0 0 0 -0.012553320504638171
-1 0.0 0 0 0.0003331244911001519
95 37.5 27 28 0.04536777379607893
-1 0.0 0 0 0.0008289850586042019
-1 0.0 0 0 0.007326837342782378
nodes 29
2 11.274870872497559 1 28 0.0
110 47.5 2 27 -0.0025226925325361168
21 97.5 3 26 -0.0005261785868366004
11 70.5 4 21 0.0009622500303231036
101 117.5 5 20 0.0023144014131866544
1 9.10731029510498 6 7 0.004023782367766465
-1 0.0 0 0 -0.003534737143428043
100 104.5 8 19 0.006324755860392323
30 110.5 9 16 0.007989062773588572
33 108.5 10 15 0.009743193860339566
33 9.5 11 12 0.011984697109769203
-1 0.0 0 0 -6.623433561767665e-05
2 10.626848220825195 13 14 0.021743499680072366
-1 0.0 0 0 -0.0003759155287887143
-1 0.0 0 0 0.0030145374286960984
-1 0.0 0 0 -0.0033685758961557936
57 91.5 17 18 -0.047281526880747105
-1 0.0 0 0 -0.013288845470550809
-1 0.0 0 0 -0.0009813837236896227
-1 0.0 0 0 -0.00513520580191705
-1 0.0 0 0 -0.005291198118373359
6 1.1154872179031372 22 25 -0.06518437394056509
73 61.5 23 24 -0.11363422908935389
-1 0.0 0 0 -0.02037521148578654
-1 0.0 0 0 -0.0023516343320842395
-1 0.0 0 0 0.0028983201668171046
-1 0.0 0 0 -0.00611916732259621
-1 0.0 0 0 -0.005571790042973028
-1 0.0 0 0 0.0031334933293913087
nodes 29
6 1.0659844875335693 1 24 0.0
113 116.5 2 23 -0.008383456669271157
2 10.138480186462402 3 4 -0.004757713415630544
-1 0.0 0 0 -0.015815404686778178
121 98.5 5 22 -0.0030042956388038216
113 7.5 6 7 0.0014836766661200558
-1 0.0 0 0 -0.0024397233866940895
7 0.7325000166893005 8 19 0.011441850389104329
101 22.5 9 14 0.012232752290538778
124 18.5 10 11 -0.004958491315860863
-1 0.0 0 0 -0.0029203229116266135
90 41.5 12 13 0.02516973002623927
-1 0.0 0 0 -0.0025976832587501116
-1 0.0 0 0 0.005183279788471599
127 36.5 15 18 0.031161004834794677
46 42.5 16 17 0.001005836448406306
-1 0.0 0 0 -0.0018667860551646082
-1 0.0 0 0 0.006879593689502824
-1 0.0 0 0 0.0054916362962364835
6 1.0452841520309448 20 21 -0.4955262684303781
-1 0.0 0 0 -0.10916968723759056
-1 0.0 0 0 -0.0036933496164587827
-1 0.0 0 0 -0.0057433603886093846
-1 0.0 0 0 -0.007574254492456209
7 0.1274999976158142 25 26 0.0092842771716513
-1 0.0 0 0 0.004919005790313107
1 11.006390571594238 27 28 0.0032055343842200914
-1 0.0 0 0 2.5371129715781144e-05
-1 0.0 0 0 0.007782141207750869
nodes 29
7 0.027499999850988388 1 2 0.0
-1 0.0 0 0 -0.0024745649121445763
29 89.5 3 28 0.002949046444010705
2 10.990718841552734 4 9 0.004562587099973578
5 4.257890701293945 5 8 -0.0021904543800127067
53 91.5 6 7 6.925992469122655e-05
-1 0.0 0 0 0.0003157155192677387
-1 0.0 0 0 -0.004052629327154525
-1 0.0 0 0 -0.005489029576544165
130 1.5 10 15 0.01819156244290814
28 18.5 11 12 -0.010373439031544368
-1 0.0 0 0 -0.0050885254513879105
41 48.5 13 14 0.018198051887575922
-1 0.0 0 0 -0.004311126279489873
-1 0.0 0 0 0.004701056177433802
129 101.5 16 23 0.02880346582251649
71 110.5 17 22 0.034767402541481626
54 103.5 18 19 0.037366050797437066
-1 0.0 0 0 0.0026962232268112744
41 73.5 20 21 0.07239751190055745
-1 0.0 0 0 0.009747310078935999
-1 0.0 0 0 -0.0025870828839844916
-1 0.0 0 0 -0.009749833106268868
114 32.5 24 25 -0.04135906268473708
-1 0.0 0 0 -0.0074516526968770695
30 7.5 26 27 0.08730511765995147
-1 0.0 0 0 -0.010533814334580414
-1 0.0 0 0 0.019355681316312597
-1 0.0 0 0 -0.004507296742684137
nodes 29
44 118.5 1 28 0.0
18 16.5 2 21 0.000951309392685589
65 49.5 3 8 -0.007548112868417929
6 1.0968869924545288 4 7 -0.03325628984049241
86 9.5 5 6 -0.054764041020575985
-1 0.0 0 0 -0.009056876657005825
-1 0.0 0 0 -0.003400977008371873
-1 0.0 0 0 0.0006636068794736443
122 17.5 9 12 0.00601521943492734
118 37.5 10 11 -0.030707270918474538
-1 0.0 0 0 -0.0017532047017441176
-1 0.0 0 0 -0.010886173906391407
2 10.727224349975586 13 14 0.018450403044832992
-1 0.0 0 0 -0.0006586411786957667
77 2.5 15 16 0.03409865050648646
-1 0.0 0 0 -0.0033199501929569103
73 112.5 17 20 0.04390465091812309
64 26.5 18 19 0.048574606031875314
-1 0.0 0 0 -0.004234521889313554
-1 0.0 0 0 0.005596631794836944
-1 0.0 0 0 -0.010487824567159328
129 95.5 22 27 0.009192143856815715
79 78.5 23 26 0.012687901445314414
2 11.0753812789917 24 25 0.015089695770639514
-1 0.0 0 0 0.0006584667535173768
-1 0.0 0 0 0.004251791316669083
-1 0.0 0 0 -0.00854540572090448
-1 0.0 0 0 -0.004827800258648126
-1 0.0 0 0 -0.007684119144059233
nodes 29
6 1.0659844875335693 1 24 0.0
7 0.6575000286102295 2 17 -0.008027229369259684
77 4.5 3 12 -0.0069165322829448555
94 45.5 4 7 -0.027011141040700404
17 115.5 5 6 -0.06236286596759335
-1 0.0 0 0 -0.0056828494614273506
-1 0.0 0 0 -0.026828901478897296
49 41.5 8 9 -0.004406362514551611
-1 0.0 0 0 -0.010840120942652217
0 10.119002342224121 10 11 0.004671999874950618
-1 0.0 0 0 -0.02005814754629283
-1 0.0 0 0 0.0008928623907709729
113 116.5 13 16 0.0034542082679226496
4 0.5837951898574829 14 15 0.006842995327198308
-1 0.0 0 0 -0.015891880306013514
-1 0.0 0 0 0.0008281116536669255
-1 0.0 0 0 -0.007424677390249145
36 0.5 18 19 -0.19748388000509956
-1 0.0 0 0 -0.056752381081848095
132 26.5 20 23 -0.09421692256880708
25 106.5 21 22 -0.16009552230029123
-1 0.0 0 0 -0.008841970908345985
-1 0.0 0 0 -0.07693399346433581
-1 0.0 0 0 0.040646043539047244
7 0.0949999988079071 25 26 0.00888977261868564
-1 0.0 0 0 0.005453236743695013
1 11.006390571594238 27 28 0.004498848365469695
-1 0.0 0 0 0.00016294207318625178
-1 0.0 0 0 0.007325637924681216
nodes 29
70 112.5 1 26 0.0
102 44.5 2 21 0.0012759934628707634
54 70.5 3 14 -0.003994813475582371
92 6.5 4 13 -0.012502326402429759
6 1.1048457622528076 5 12 -0.03568416242333168
7 0.6949999928474426 6 9 -0.061271639459432724
112 33.5 7 8 -0.0577824884307868
-1 0.0 0 0 -0.007406315557133256
-1 0.0 0 0 0.0005261345760355869
16 10.5 10 11 -0.4046316466073653
-1 0.0 0 0 -0.07117511969059706
-1 0.0 0 0 -0.006338770183113714
-1 0.0 0 0 6.461117747031594e-05
-1 0.0 0 0 -0.00026706623508772847
89 31.5 15 16 0.013311614909906183
-1 0.0 0 0 -0.008350015793376886
114 14.5 17 18 0.019774155458093686
-1 0.0 0 0 -0.0004500862352069371
98 3.5 19 20 0.03902072991371743
-1 0.0 0 0 -0.004283132124485792
-1 0.0 0 0 0.004699900114554775
18 47.5 22 23 0.01596292482567938
-1 0.0 0 0 -7.459661024080684e-05
2 10.282129287719727 24 25 0.042260102807696015
-1 0.0 0 0 -0.002699501683657465
-1 0.0 0 0 0.005550922744552416
119 52.5 27 28 -0.05191290904834761
-1 0.0 0 0 -0.010322213485757056
-1 0.0 0 0 0.0013360219987436017
nodes 29
2 11.411113739013672 1 28 0.0
6 1.1078659296035767 2 27 -0.0011503734678854527
1 9.343647003173828 3 4 -0.005990424145271308
-1 0.0 0 0 -0.007872137989728809
5 1.976089358329773 5 24 -0.003907590920137496
129 95.5 6 21 -0.007628118891399108
113 112.5 7 18 -0.004368884639203332
70 112.5 8 17 -0.0005746839182810994
130 6.5 9 16 0.0014728436100276512
94 67.5 10 13 -0.011883958031914508
97 116.5 11 12 -0.03260306225635094
-1 0.0 0 0 -0.004141365237540915
-1 0.0 0 0 0.0038810994914152395
65 89.5 14 15 0.012689132481035618
-1 0.0 0 0 0.0020177334950621153
-1 0.0 0 0 -0.012478857434399762
-1 0.0 0 0 0.001401573674736367
-1 0.0 0 0 -0.008221117156391509
51 56.5 19 20 -0.049400056353306666
-1 0.0 0 0 -0.011652371917603243
-1 0.0 0 0 -0.0005999828243360397
23 42.5 22 23 -0.054623769704791277
-1 0.0 0 0 -0.011054471388152725
-1 0.0 0 0 0.00018736790510863019
4 0.8078234195709229 25 26 0.04823269096096644
-1 0.0 0 0 -0.0007678211484844036
-1 0.0 0 0 0.008371747704657416
-1 0.0 0 0 0.0013592238033747954
-1 0.0 0 0 0.005753697407156076
nodes 29
88 60.5 1 22 0.0
115 32.5 2 11 -0.006723025418505696
6 1.099410891532898 3 10 -0.024638727407974154
54 102.5 4 7 -0.04248892364178598
88 32.5 5 6 -0.05788890906854236
-1 0.0 0 0 -0.008647873171694957
-1 0.0 0 0 -0.001911431971283064
41 113.5 8 9 -0.011216741659817685
-1 0.0 0 0 7.714148234399166e-05
-1 0.0 0 0 -0.01805451084508736
-1 0.0 0 0 0.0007931135663619282
89 29.5 12 15 0.008432271762011834
6 1.1119493246078491 13 14 -0.09110056731525722
-1 0.0 0 0 -0.013726140109445867
-1 0.0 0 0 0.0012659182949496467
2 10.960687637329102 16 19 0.015170613754514646
65 61.5 17 18 -0.0016678692120067765
-1 0.0 0 0 -0.005661368848306108
-1 0.0 0 0 0.0009860394932216952
23 20.5 20 21 0.04057639965207719
-1 0.0 0 0 -0.0006908504023580355
-1 0.0 0 0 0.005957159177942653
41 43.5 23 24 0.009875731952586854
-1 0.0 0 0 -0.003543806912844309
2 10.90369701385498 25 26 0.016660410335178545
-1 0.0 0 0 0.0003132446695479876
27 30.5 27 28 0.04300785605968718
-1 0.0 0 0 -0.0003104310559666158
-1 0.0 0 0 0.006595774945321322
nodes 29
2 11.274870872497559 1 28 0.0
110 47.5 2 27 -0.002302010443330779
125 54.5 3 26 -0.0005466410403906721
94 67.5 4 19 0.002239152884845972
97 74.5 5 10 -0.003955206014800057
19 64.5 6 9 -0.01877523811832896
65 47.5 7 8 -0.03339454530189847
-1 0.0 0 0 -0.005363446484786046
-1 0.0 0 0 -0.0009173750333302306
-1 0.0 0 0 0.0009146761983315611
32 18.5 11 12 0.010650672139175804
-1 0.0 0 0 -0.003744017064576999
57 21.5 13 14 0.01992338239198912
-1 0.0 0 0 -0.012366399334902627
2 10.775449752807617 15 16 0.022719299187858057
-1 0.0 0 0 0.00021132125652879505
7 0.7325000166893005 17 18 0.04461730346701563
-1 0.0 0 0 0.004190256949901164
-1 0.0 0 0 0.03367111263648072
97 104.5 20 25 0.016217634240343514
2 10.783550262451172 21 22 0.020595736989808572
-1 0.0 0 0 0.00021616590453113127
19 40.5 23 24 0.043851660451014886
-1 0.0 0 0 0.0011809935052775628
-1 0.0 0 0 0.007340426876323272
-1 0.0 0 0 -0.007974432083592723
-1 0.0 0 0 -0.003094838349177954
-1 0.0 0 0 -0.004907215223317743
-1 0.0 0 0 0.0028593791591777725
nodes 29
6 1.0621753931045532 1 22 0.0
56 2.5 2 3 -0.008299539999783133
-1 0.0 0 0 -0.006775542981573783
124 115.5 4 21 -0.005052055427976354
136 2.5 5 8 -0.0031204273925010332
92 7.5 6 7 -0.027873210379294206
-1 0.0 0 0 -0.006878115920144984
-1 0.0 0 0 -0.0010497948379572396
136 62.5 9 20 0.004594421578529375
121 98.5 10 19 0.009345883463224043
44 98.5 11 18 0.014202345451072435
107 105.5 12 17 0.016746366085116773
45 7.5 13 16 0.01850768583514867
79 61.5 14 15 0.0013077300287582393
-1 0.0 0 0 0.0006106088447910946
-1 0.0 0 0 -0.009944827622102966
-1 0.0 0 0 0.003164825295377124
-1 0.0 0 0 -0.011244568056550363
-1 0.0 0 0 -0.008119107566479825
-1 0.0 0 0 -0.004341763503444361
-1 0.0 0 0 -0.004828604098824083
-1 0.0 0 0 -0.010374068778589728
7 0.14249999821186066 23 24 0.008234719872780585
-1 0.0 0 0 0.004058771620951739
7 0.8550000190734863 25 28 0.001988845338439016
1 11.085705757141113 26 27 0.0032059717144141617
-1 0.0 0 0 0.00013998974715704105
-1 0.0 0 0 0.008543058652929696
-1 0.0 0 0 -0.013914505957107524
nodes 29
26 117.5 1 28 0.0
50 67.5 2 17 0.0009450380754405678
22 24.5 3 10 -0.004702766322447302
6 1.124305248260498 4 9 -0.01646978167640952
127 37.5 5 8 -0.02704329599548355
83 72.5 6 7 -0.044521226549756265
-1 0.0 0 0 -0.007261015142323868
-1 0.0 0 0 -0.0010563968644821968
-1 0.0 0 0 -0.0002531371499898955
-1 0.0 0 0 0.0013572007137052683
98 15.5 11 12 0.00814846082505138
-1 0.0 0 0 -0.002010640697144794
41 79.5 13 16 0.02526621688437058
2 10.449670791625977 14 15 0.03235848063323966
-1 0.0 0 0 -0.0031595858049015234
-1 0.0 0 0 0.004024666827068093
-1 0.0 0 0 -0.004522735126719996
81 38.5 18 19 0.014107600115275148
-1 0.0 0 0 -0.0076321351016940975
2 10.59808349609375 20 21 0.018647442785775077
-1 0.0 0 0 -0.0006638897530686233
45 112.5 22 27 0.03212195726417033
65 83.5 23 26 0.03480092685601815
28 21.5 24 25 0.04225574033687484
-1 0.0 0 0 -0.00010493479558886843
-1 0.0 0 0 0.005981120231660468
-1 0.0 0 0 -0.005471623581849211
-1 0.0 0 0 -0.019685279973538798
-1 0.0 0 0 -0.00677619116908686
nodes 29
6 1.0847994089126587 1 26 0.0
2 10.353511810302734 2 3 -0.005907617787250317
-1 0.0 0 0 -0.006165879529377967
121 98.5 4 25 -0.003049747019038439
33 113.5 5 24 0.0007082063324224131
135 91.5 6 23 0.003054604111256431
9 69.5 7 20 0.0050976628146919235
9 6.5 8 9 0.010420162681872435
-1 0.0 0 0 -0.0009401338407322179
17 71.5 10 19 0.020366661136383885
53 115.5 11 18 0.02788799550909462
7 0.42250001430511475 12 13 0.03151173539701499
-1 0.0 0 0 0.0026434213904073275
41 36.5 14 17 0.08731243680946782
53 12.5 15 16 -0.0026900526380228217
-1 0.0 0 0 -0.016033442425991914
-1 0.0 0 0 0.00885184766575029
-1 0.0 0 0 0.013741457829031273
-1 0.0 0 0 -0.004527468747781001
-1 0.0 0 0 -0.001956796128403974
119 63.5 21 22 -0.029839686147932667
-1 0.0 0 0 -0.005386974314573297
-1 0.0 0 0 0.002315029300234551
-1 0.0 0 0 -0.007555318540929811
-1 0.0 0 0 -0.006691695588120954
-1 0.0 0 0 -0.004723432596717026
7 0.0949999988079071 27 28 0.01083109848031089
-1 0.0 0 0 0.006445628593323448
-1 0.0 0 0 0.0006943558238521122
nodes 29
2 11.201592445373535 1 28 0.0
6 1.0659844875335693 2 27 -0.0031061464045480302
99 95.5 3 26 -0.012575421147757476
7 0.6575000286102295 4 15 -0.011000932002417304
4 0.568493664264679 5 6 -0.00982670613965495
-1 0.0 0 0 -0.015201435677659664
44 100.5 7 14 -0.00853273382024281
77 4.5 8 11 -0.006564869412071934
18 21.5 9 10 -0.024930095931836337
-1 0.0 0 0 -0.006227254729580442
-1 0.0 0 0 -0.0007027419490999338
90 99.5 12 13 0.004216690393958249
-1 0.0 0 0 -0.0005125411115033762
-1 0.0 0 0 0.0035479391134660638
-1 0.0 0 0 -0.009769760255904768
12 1.5 16 21 -0.19669211812254497
113 4.5 17 18 -0.385841089197331
-1 0.0 0 0 0.004663553896049658
35 5.5 19 20 -0.5155840776446793
-1 0.0 0 0 -0.08088484768604123
-1 0.0 0 0 -0.024727835070262563
112 7.5 22 25 -0.012271871324628592
132 4.5 23 24 -0.37960390419680246
-1 0.0 0 0 -0.08379189134217226
-1 0.0 0 0 0.013849132362267244
-1 0.0 0 0 0.024123896826320972
-1 0.0 0 0 -0.017350613281618535
-1 0.0 0 0 0.0005890893027522914
-1 0.0 0 0 0.002089718228570144
nodes 29
69 123.5 1 28 0.0
78 119.5 2 27 0.0010126186338971722
46 33.5 3 22 0.0019454363113819506
120 23.5 4 9 -0.0033284806283616366
83 79.5 5 8 -0.020224253992528196
6 1.1190918684005737 6 7 -0.03596227619113941
-1 0.0 0 0 -0.004715530127892942
-1 0.0 0 0 0.00040702257029652956
-1 0.0 0 0 0.0007653030533620972
41 67.5 10 13 0.0073651590116997154
82 10.5 11 12 -0.01451077376515181
-1 0.0 0 0 -0.005477894201497224
-1 0.0 0 0 4.4618934109076534e-06
81 44.5 14 15 0.018061768203895812
-1 0.0 0 0 -0.005124532295403714
2 10.907148361206055 16 17 0.022702842272184765
-1 0.0 0 0 0.0010386790710907956
28 19.5 18 19 0.0539862309480404
-1 0.0 0 0 -0.0002616562637724549
6 1.0659844875335693 20 21 0.0765152867575942
-1 0.0 0 0 0.005585912736462594
-1 0.0 0 0 0.01550291440938369
24 8.5 23 24 0.01518285513506203
-1 0.0 0 0 -0.0009683859480237577
104 11.5 25 26 0.028489633284711123
-1 0.0 0 0 -0.00119022701544009
-1 0.0 0 0 0.00391908155627942
-1 0.0 0 0 -0.006411107131515642
-1 0.0 0 0 -0.006029621381839344
nodes 29
1 11.253856658935547 1 28 0.0
7 0.027499999850988388 2 3 -0.0009652756586628892
-1 0.0 0 0 -0.002468728510626595
15 10.5 4 23 0.0018063989610017036
77 82.5 5 22 -0.004451129398820914
127 62.5 6 15 -0.0006615163321060089
38 36.5 7 12 -0.009651421664374452
6 1.0890787839889526 8 11 -0.005844216877020209
7 0.7225000262260437 9 10 -0.01778736092312757
-1 0.0 0 0 -0.0016363037474582288
-1 0.0 0 0 -0.0322754843608488
-1 0.0 0 0 0.0011179922522371545
45 37.5 13 14 -0.06494480872170005
-1 0.0 0 0 -0.010361742928661783
-1 0.0 0 0 0.004360472663068863
81 43.5 16 17 0.017486818357928004
-1 0.0 0 0 -0.006281108528677516
2 10.787503242492676 18 19 0.02604767183649231
-1 0.0 0 0 0.0004949308252009585
57 37.5 20 21 0.0559265803776328
-1 0.0 0 0 0.007354727608053582
-1 0.0 0 0 -0.0012836374257497246
-1 0.0 0 0 -0.004853483116181179
77 18.5 24 25 0.012657191815461943
-1 0.0 0 0 -0.00024258463137079558
1 9.58939266204834 26 27 0.03176347592066384
-1 0.0 0 0 -0.0054495459717127746
-1 0.0 0 0 0.003932399080748562
-1 0.0 0 0 0.006059024458817352
nodes 29
58 61.5 1 26 0.0
33 1.5 2 3 0.0025152466874564265
-1 0.0 0 0 -0.0013900749641792371
2 10.987442970275879 4 9 0.006959711772739355
95 81.5 5 8 -0.0010638156366505175
103 97.5 6 7 -0.006988179620063093
-1 0.0 0 0 -0.0005494908361426386
-1 0.0 0 0 -0.014310328765229011
-1 0.0 0 0 0.002327495307767921
6 1.0883328914642334 10 19 0.02035128832664757
107 103.5 11 18 0.013553717205777886
1 10.582865715026855 12 13 0.016133015004221412
-1 0.0 0 0 0.0072756971815362255
43 95.5 14 15 0.01017632882648344
-1 0.0 0 0 0.0013214294039215523
87 81.5 16 17 -0.10505394914712346
-1 0.0 0 0 -0.00505557405371123
-1 0.0 0 0 -0.035678376986955605
-1 0.0 0 0 -0.01228535215723241
3 0.7807164192199707 20 21 0.06431982275397971
-1 0.0 0 0 0.003761419282679674
7 0.6424999833106995 22 23 0.16018422171784166
-1 0.0 0 0 0.011507052171911775
8 28.5 24 25 0.6391413367042938
-1 0.0 0 0 0.026244560363037246
-1 0.0 0 0 0.09687501031439752
28 12.5 27 28 -0.02327134466265181
-1 0.0 0 0 -0.005583290702372852
-1 0.0 0 0 0.0006582099139175792
nodes 29
105 89.5 1 26 0.0
105 13.5 2 15 0.002196213218014523
6 1.0890787839889526 3 14 -0.006433162045954537
38 0.5 4 9 -0.016370885500527694
7 0.5975000262260437 5 6 -0.04182758079181836
-1 0.0 0 0 -0.003604430964807183
33 11.5 7 8 -0.26676928889715956
-1 0.0 0 0 -0.055961220159099025
-1 0.0 0 0 -0.015502659852714524
107 111.5 10 13 -0.00433158585895653
30 110.5 11 12 -0.001249772380031606
-1 0.0 0 0 0.0003391964221675296
-1 0.0 0 0 -0.007608339904005754
-1 0.0 0 0 -0.01256104233576057
-1 0.0 0 0 0.0010841171316258332
18 39.5 16 21 0.010732960290221125
90 38.5 17 18 0.001575621611653165
-1 0.0 0 0 -0.001568572171065065
54 89.5 19 20 0.024281828409863093
-1 0.0 0 0 0.0004496491741872647
-1 0.0 0 0 0.006099827266458555
102 37.5 22 25 0.026466856865774498
114 3.5 23 24 0.006073845393895955
-1 0.0 0 0 -0.00268590231694071
-1 0.0 0 0 0.0030435421914369984
-1 0.0 0 0 0.005211927720469882
19 38.5 27 28 -0.02544516527155259
-1 0.0 0 0 -0.005341531898803441
-1 0.0 0 0 0.0006578390156097055
nodes 29
2 11.201592445373535 1 12 0.0
110 47.5 2 11 -0.0028350839708950575
21 84.5 3 10 -0.0012335379846088168
6 1.0605583190917969 4 9 0.00032212109869546497
1 9.461332321166992 5 6 -0.008989846789892826
-1 0.0 0 0 -0.01007338734740363
5 1.976089358329773 7 8 -0.006546210899182149
-1 0.0 0 0 -0.0010197324362165015
-1 0.0 0 0 0.005778232315665932
-1 0.0 0 0 0.0007904898554905205
-1 0.0 0 0 -0.004761896316863311
-1 0.0 0 0 -0.004872642425244233
17 8.5 13 14 0.01907355981136061
-1 0.0 0 0 -0.0018792959699228961
65 11.5 15 18 0.031749382654997375
133 67.5 16 17 -0.011802378048101761
-1 0.0 0 0 0.00038704763639317406
-1 0.0 0 0 -0.019129596209653016
6 1.0897985696792603 19 20 0.04673963506500478
-1 0.0 0 0 0.003343234680014698
64 114.5 21 28 0.19421219531361555
67 2.5 22 23 0.23950803876033788
-1 0.0 0 0 0.01052742488530424
54 54.5 24 25 0.32803498264185177
-1 0.0 0 0 0.040049856100461106
80 7.5 26 27 0.03947466166157808
-1 0.0 0 0 0.037825976282358176
-1 0.0 0 0 -0.023373912959810228
-1 0.0 0 0 -0.009307514051970554
nodes 29
29 57.5 1 28 0.0
45 119.5 2 27 0.0021568757384651635
7 0.8550000190734863 3 26 0.0033636669502743245
26 109.5 4 25 0.003863822686463471
78 102.5 5 24 0.005202990568118817
117 87.5 6 23 0.006608584569368278
128 4.5 7 16 0.008228810110390788
89 49.5 8 11 -0.005163958687243018
6 1.124305248260498 9 10 -0.02577969629332346
-1 0.0 0 0 -0.004411787027235617
-1 0.0 0 0 0.0015384533097863675
65 61.5 12 13 0.008001393420144996
-1 0.0 0 0 -0.003142950679822896
2 10.650009155273438 14 15 0.022565419477464245
-1 0.0 0 0 -0.0013780218764913948
-1 0.0 0 0 0.004925854661323408
25 75.5 17 20 0.013965121732419074
66 86.5 18 19 0.018617153400137386
-1 0.0 0 0 0.002111857169322675
-1 0.0 0 0 -0.004074648877153785
123 67.5 21 22 -0.014135484120790064
-1 0.0 0 0 -0.00342435843407927
-1 0.0 0 0 0.003537525367303134
-1 0.0 0 0 -0.004009862873029586
-1 0.0 0 0 -0.004185511241623074
-1 0.0 0 0 -0.004665424443053788
-1 0.0 0 0 -0.013575033938335576
-1 0.0 0 0 -0.005440997740986338
-1 0.0 0 0 -0.002508103759203495
nodes 29
93 116.5 1 26 0.0
61 54.5 2 11 0.0016618278615165702
118 88.5 3 10 -0.0018311819348830018
58 60.5 4 9 -0.00016067519868224935
66 9.5 5 8 0.0029921838526170076
6 1.0621753931045532 6 7 -0.0076832460730118304
-1 0.0 0 0 -0.0026188179367717017
-1 0.0 0 0 0.00042723302842840455
-1 0.0 0 0 0.0012355551572674213
-1 0.0 0 0 -0.002597843454100862
-1 0.0 0 0 -0.005630804496892106
59 19.5 12 17 0.019934310089614684
95 80.5 13 16 -0.0240799817767501
86 29.5 14 15 -0.06784411111336842
-1 0.0 0 0 -0.011552705834342905
-1 0.0 0 0 -0.0005660467389371498
-1 0.0 0 0 0.0012102548092951075
65 85.5 18 23 0.0421082317580403
0 11.037193298339844 19 20 0.05096206932068066
-1 0.0 0 0 0.0024149943243143325
43 74.5 21 22 0.07779371879099291
-1 0.0 0 0 0.008848756366418669
-1 0.0 0 0 -0.005596699659010305
2 11.143309593200684 24 25 -0.04255787384386747
-1 0.0 0 0 -0.010521724135241717
-1 0.0 0 0 0.007603233848775006
41 41.5 27 28 -0.031711513204604816
-1 0.0 0 0 -0.009587467701170093
-1 0.0 0 0 -0.0009310553480763478
nodes 29
2 11.33646297454834 1 28 0.0
29 56.5 2 25 -0.001492283401520223
60 78.5 3 16 0.0006810607851622843
113 75.5 4 15 -0.0041379208257170084
24 1.5 5 6 0.0009669218008242615
-1 0.0 0 0 -0.002993531073521502
72 27.5 7 10 0.005338896255082359
94 101.5 8 9 -0.007052055985163281
-1 0.0 0 0 -0.0019284181753968345
-1 0.0 0 0 0.0025383449729921154
89 68.5 11 12 0.016448546303869178
-1 0.0 0 0 -0.0024134790338766815
2 10.650009155273438 13 14 0.029498023240874072
-1 0.0 0 0 -0.00020583480128378933
-1 0.0 0 0 0.004418746221439826
-1 0.0 0 0 -0.0032804417475437875
65 88.5 17 24 0.0143407056578123
26 24.5 18 19 0.021717499212924558
-1 0.0 0 0 0.00041988933682482867
94 18.5 20 23 0.04428613291335734
67 66.5 21 22 -0.00761494751719326
-1 0.0 0 0 -0.004700383846799173
-1 0.0 0 0 0.007940702086247779
-1 0.0 0 0 0.006157535668085651
-1 0.0 0 0 -0.006662889401254555
43 102.5 26 27 -0.027588865906560293
-1 0.0 0 0 -0.0024015832868129017
-1 0.0 0 0 -0.029527885837202103
-1 0.0 0 0 0.003310341484283546
nodes 29
2 11.051746368408203 1 2 0.0
-1 0.0 0 0 -0.0004397127444282583
43 118.5 3 28 0.010965101358061096
50 72.5 4 25 0.012321962326906391
57 95.5 5 8 0.004073241888478719
10 11.5 6 7 -0.013253870351620027
-1 0.0 0 0 -0.0034769801812681712
-1 0.0 0 0 0.0011180260640220746
31 1.5 9 10 0.029788482395414945
-1 0.0 0 0 -0.007459066661960417
68 117.5 11 24 0.04050764988430954
84 29.5 12 15 0.044739613889432664
99 95.5 13 14 -0.008515455571256297
-1 0.0 0 0 -6.812771605776872e-05
-1 0.0 0 0 -0.053934857891551384
102 96.5 16 23 0.06530324837909451
7 0.5350000262260437 17 20 0.07161273308847754
90 34.5 18 19 0.06455575234152747
-1 0.0 0 0 -0.0002873462182534824
-1 0.0 0 0 0.008370893675323779
24 61.5 21 22 0.2776255565807672
-1 0.0 0 0 0.038508700372040044
-1 0.0 0 0 -0.008434984431062874
-1 0.0 0 0 -0.01427437079592461
-1 0.0 0 0 -0.0220633715190443
43 59.5 26 27 0.04173949494471047
-1 0.0 0 0 0.005663382802066953
-1 0.0 0 0 -0.0034911429289983115
-1 0.0 0 0 -0.017316381905247716
nodes 29
6 1.0621753931045532 1 26 0.0
101 117.5 2 25 -0.0070647741372753
101 22.5 3 16 -0.0052816504525630015
32 28.5 4 5 -0.01726297922767709
-1 0.0 0 0 -0.003969675666070805
89 54.5 6 9 0.002308798773085494
7 0.6225000023841858 7 8 -0.05197493691961786
-1 0.0 0 0 -0.004669723076378118
-1 0.0 0 0 -0.06579515619034117
116 51.5 10 13 0.015351227678791119
3 0.1676216572523117 11 12 -0.005777472252158818
-1 0.0 0 0 -0.027006341745830414
-1 0.0 0 0 -0.00020869341640164898
73 113.5 14 15 0.04476840249806092
-1 0.0 0 0 0.005087473105153544
-1 0.0 0 0 -0.018048727303011044
127 36.5 17 22 0.0101093450134035
15 67.5 18 21 -0.012561543072169924
46 42.5 19 20 -0.0054643879172335715
-1 0.0 0 0 -0.002100937768970084
-1 0.0 0 0 0.003826556747436325
-1 0.0 0 0 -0.010856110405234431
27 17.5 23 24 0.030379206421666638
-1 0.0 0 0 -0.0025276049833807155
-1 0.0 0 0 0.004127356668337013
-1 0.0 0 0 -0.009214191726407124
7 0.0949999988079071 27 28 0.007009597819630336
-1 0.0 0 0 0.004510130505644471
-1 0.0 0 0 0.0003148486397453854
nodes 29
2 11.201592445373535 1 28 0.0
6 1.1078659296035767 2 27 -0.002642218318304113
99 95.5 3 26 -0.007912469635605095
101 128.5 4 25 -0.006686199761853527
44 113.5 5 24 -0.005916271822878848
11 70.5 6 23 -0.004543048135146323
27 42.5 7 18 -0.003049007732542546
64 57.5 8 13 -0.012072593309019353
95 86.5 9 12 -0.036981400737880595
76 45.5 10 11 -0.058958108033402186
-1 0.0 0 0 -0.008208204703470872
-1 0.0 0 0 -0.0006990494507646077
-1 0.0 0 0 -0.000815302535713796
41 81.5 14 17 0.0055239505305645165
97 13.5 15 16 0.012000616579986493
-1 0.0 0 0 -0.017252624726144847
-1 0.0 0 0 0.001480830354972434
-1 0.0 0 0 -0.008009961307846052
65 92.5 19 22 0.01188712874447132
45 101.5 20 21 0.018028921198097556
-1 0.0 0 0 0.0020843911121580694
-1 0.0 0 0 -0.017981568658395522
-1 0.0 0 0 -0.007733171239059162
-1 0.0 0 0 -0.00967246634064558
-1 0.0 0 0 -0.01006053530638968
-1 0.0 0 0 -0.017809599008048987
-1 0.0 0 0 -0.011973518603571771
-1 0.0 0 0 0.0011523757729091095
-1 0.0 0 0 0.0017776018950403955
nodes 29
125 93.5 1 28 0.0
2 11.041608810424805 2 3 0.0011832183236210533
-1 0.0 0 0 -0.0003619564613430351
43 118.5 4 27 0.012876234890340647
110 79.5 5 26 0.014134090231655209
94 67.5 6 23 0.016298643805245688
97 35.5 7 10 0.0073536988775166805
19 62.5 8 9 -0.01993254661560195
-1 0.0 0 0 -0.0040028355586738396
-1 0.0 0 0 0.0038908976111013995
54 20.5 11 12 0.023953009707664934
-1 0.0 0 0 -0.0025297389175106934
64 26.5 13 14 0.04143289296294454
-1 0.0 0 0 -0.005825513163318171
19 91.5 15 22 0.05239622638278561
7 0.5674999952316284 16 17 0.056862132597809464
-1 0.0 0 0 0.0051286888155231665
71 65.5 18 21 0.2529922293652083
63 40.5 19 20 0.31416503565536963
-1 0.0 0 0 0.011666310675766157
-1 0.0 0 0 0.050954328789826364
-1 0.0 0 0 -0.026141545989296657
-1 0.0 0 0 -0.017206801284079584
50 12.5 24 25 0.043113159064014694
-1 0.0 0 0 -0.007791658591442411
-1 0.0 0 0 0.005518589772264198
-1 0.0 0 0 -0.008075963031304619
-1 0.0 0 0 -0.016322351289369787
-1 0.0 0 0 -0.003941242695844455
nodes 29
7 0.019999999552965164 1 2 0.0
-1 0.0 0 0 -0.0023072881903170067
80 21.5 3 16 0.002047379038918488
32 18.5 4 11 -0.0051370510320917105
6 1.1048457622528076 5 10 -0.029944841306859458
7 0.7225000262260437 6 9 -0.049290530170100835
51 91.5 7 8 -0.04635515357215567
-1 0.0 0 0 -0.005971825574979307
-1 0.0 0 0 0.001750532562384558
-1 0.0 0 0 -0.040059980474736384
-1 0.0 0 0 0.0007887838628370914
97 71.5 12 13 0.005276064857707239
-1 0.0 0 0 -0.0017267847782181018
2 10.783550262451172 14 15 0.01772084611828123
-1 0.0 0 0 -8.680090426058699e-05
-1 0.0 0 0 0.0038737097828246345
49 53.5 17 24 0.009711455294655929
57 59.5 18 19 -0.010834666112224634
-1 0.0 0 0 -0.003952410638031599
54 92.5 20 21 0.016374185444907697
-1 0.0 0 0 -0.0013659246392413128
41 108.5 22 23 0.05583863229144203
-1 0.0 0 0 0.007434763410766679
-1 0.0 0 0 -0.011703694337669775
2 10.783550262451172 25 26 0.018045560832215098
-1 0.0 0 0 0.00010771257833480477
27 19.5 27 28 0.03611494467825915
-1 0.0 0 0 -0.0010196147468495024
-1 0.0 0 0 0.005156395485312457
nodes 29
2 11.411113739013672 1 24 0.0
38 77.5 2 23 -0.0009535561014800718
114 113.5 3 20 -7.598581937791376e-05
20 93.5 4 15 0.0010097311055921082
4 0.8547836542129517 5 6 0.002536854826355914
-1 0.0 0 0 -0.0006457187432303206
85 109.5 7 14 0.009860018708612793
116 9.5 8 13 0.01255527357093675
49 58.5 9 10 0.0016736621309132822
-1 0.0 0 0 -0.0031223561164567754
80 36.5 11 12 0.014268112464422968
-1 0.0 0 0 -0.0011106254673039165
-1 0.0 0 0 0.0036360252264067204
-1 0.0 0 0 0.002510727837719043
-1 0.0 0 0 -0.0028779346857010254
120 32.5 16 17 -0.03384530296919078
-1 0.0 0 0 -0.007711253425760397
82 14.5 18 19 0.002865606816255805
-1 0.0 0 0 -0.005579557283553662
-1 0.0 0 0 0.004819715318930607
76 53.5 21 22 -0.04874741950658395
-1 0.0 0 0 -0.007064664004525906
-1 0.0 0 0 0.006616928233002795
-1 0.0 0 0 -0.006071237262698291
7 0.5575000047683716 25 26 0.04769297797795596
-1 0.0 0 0 0.0037986117999104455
16 4.5 27 28 0.3796675892546773
-1 0.0 0 0 0.0024132376270634788
-1 0.0 0 0 0.0637124122794846
nodes 29
6 1.0621753931045532 1 26 0.0
70 111.5 2 25 -0.006866412822131769
8 53.5 3 22 -0.005176872839728861
37 101.5 4 21 -0.011214022939150357
136 80.5 5 20 -0.009864523237941292
20 118.5 6 19 -0.007481027895293991
124 119.5 7 18 -0.006065206844415445
4 0.8211635947227478 8 9 -0.004546749462772121
-1 0.0 0 0 -0.002778954385818199
5 1.976089358329773 10 11 0.002478669380895532
-1 0.0 0 0 -0.0001668421601610357
1 9.67652416229248 12 17 0.06414715953616637
70 28.5 13 14 -0.008028077937777413
-1 0.0 0 0 -0.005881377570255263
32 19.5 15 16 0.17454329124192083
-1 0.0 0 0 0.03362327931034897
-1 0.0 0 0 -0.003945752004544963
-1 0.0 0 0 0.012437615080752635
-1 0.0 0 0 -0.012822695497491557
-1 0.0 0 0 -0.014334695891279128
-1 0.0 0 0 -0.00883291899178904
-1 0.0 0 0 -0.015296449306494138
4 0.5837951898574829 23 24 0.019226896749076287
-1 0.0 0 0 -0.009647753237658974
-1 0.0 0 0 0.002471204037348965
-1 0.0 0 0 -0.008589572853747802
7 0.14249999821186066 27 28 0.006812785641232643
-1 0.0 0 0 0.0032637240831322675
-1 0.0 0 0 0.00018272719238562874
nodes 29
48 117.5 1 28 0.0
48 31.5 2 19 0.0007270609284772181
90 79.5 3 12 -0.003790351083593704
25 94.5 4 11 -0.009308965648933977
42 41.5 5 8 -0.005453808433905984
32 15.5 6 7 -0.014221533802764945
-1 0.0 0 0 -0.0027835963736477644
-1 0.0 0 0 0.0002197362664221477
65 89.5 9 10 0.012606040244395222
-1 0.0 0 0 0.0022299104076796816
-1 0.0 0 0 -0.006513311025080954
-1 0.0 0 0 -0.004329005855283827
124 37.5 13 16 0.012592076947177188
57 44.5 14 15 -0.0011946128054280893
-1 0.0 0 0 -0.00999535783148743
-1 0.0 0 0 0.0004597252829611487
7 0.7900000214576721 17 18 0.05405932440985908
-1 0.0 0 0 0.005070209237606121
-1 0.0 0 0 0.05489928007770616
118 12.5 20 23 0.010861187919591585
46 50.5 21 22 -0.00428753536570486
-1 0.0 0 0 -0.0014237361259244906
-1 0.0 0 0 0.00449774582783164
120 36.5 24 27 0.02717838242094187
20 69.5 25 26 0.004287853757536406
-1 0.0 0 0 0.0016800512128254544
-1 0.0 0 0 -0.0062910192798874475
-1 0.0 0 0 0.0051303921674950535
-1 0.0 0 0 -0.0061445652640291625
nodes 29
6 1.0847994089126587 1 28 0.0
2 10.353511810302734 2 3 -0.004901282854293363
-1 0.0 0 0 -0.005510872437458535
121 98.5 4 27 -0.00232759049684055
135 90.5 5 26 0.0009554020508285648
127 62.5 6 19 0.0027738864333109433
90 73.5 7 12 -0.003841180642742882
37 117.5 8 11 -0.015928535313840742
17 77.5 9 10 -0.014790970281060184
-1 0.0 0 0 -0.0009625955167702903
-1 0.0 0 0 -0.0059451607838836365
-1 0.0 0 0 -0.024866486131213606
116 28.5 13 14 0.02073497949329266
-1 0.0 0 0 -0.0013358185276283682
64 13.5 15 16 0.038927767872609056
-1 0.0 0 0 -0.014031315632905831
77 10.5 17 18 0.043599979747143504
-1 0.0 0 0 -0.0006620122460070622
-1 0.0 0 0 0.0059519451941266385
80 21.5 20 21 0.021768077706064964
-1 0.0 0 0 -0.00225624618641099
7 0.6349999904632568 22 25 0.036925483719066544
49 24.5 23 24 0.033897482283451075
-1 0.0 0 0 -0.013079182543027562
-1 0.0 0 0 0.003787341771921605
-1 0.0 0 0 0.034828302264213566
-1 0.0 0 0 -0.0067876520536450675
-1 0.0 0 0 -0.00409277618779529
-1 0.0 0 0 0.0008986071694874611
nodes 29
2 11.107015609741211 1 6 0.0
6 1.1108663082122803 2 5 -0.0037347359368871337
51 58.5 3 4 -0.009047195889616283
-1 0.0 0 0 -0.0016166149291687503
-1 0.0 0 0 0.0008426866640648744
-1 0.0 0 0 0.0009819871271726673
41 1.5 7 12 0.012974341298237047
123 45.5 8 11 -0.03667998901234968
32 7.5 9 10 -0.08624816850278208
-1 0.0 0 0 -0.022666596248398965
-1 0.0 0 0 -0.0055393393833462826
-1 0.0 0 0 0.002920942031029827
5 1.7751538753509521 13 18 0.01878042700519067
97 120.5 14 15 0.013123308527798262
-1 0.0 0 0 0.0017040772581634193
87 22.5 16 17 -0.06806365623105982
-1 0.0 0 0 -0.001609553743575952
-1 0.0 0 0 -0.01967809875064564
1 9.67652416229248 19 24 0.07461580992028877
50 106.5 20 21 -0.03232482220604046
-1 0.0 0 0 -0.00800320311098453
34 10.5 22 23 0.2530510274185376
-1 0.0 0 0 -0.008042560085654259
-1 0.0 0 0 0.0530948217647771
116 6.5 25 26 0.10697609576466262
-1 0.0 0 0 0.002006937490861793
10 56.5 27 28 0.16127888677330512
-1 0.0 0 0 0.018460722649360176
-1 0.0 0 0 -0.011904999553225935
nodes 29
132 116.5 1 28 0.0
108 123.5 2 27 0.00033323658184968003
118 88.5 3 22 0.0006553887715746165
2 10.934195518493652 4 5 0.002037609696096269
-1 0.0 0 0 -0.00038990964592533955
47 122.5 6 21 0.01039970399042044
130 6.5 7 18 0.01196511403706382
19 6.5 8 11 -0.0026975508662948687
55 60.5 9 10 -0.031541923087559154
-1 0.0 0 0 -0.006608017744914401
-1 0.0 0 0 0.002135480681976786
44 77.5 12 17 0.01123353552137984
49 46.5 13 14 0.019123403636862622
-1 0.0 0 0 -0.002371222785941669
87 21.5 15 16 0.03320089620242044
-1 0.0 0 0 -0.00018509742378078605
-1 0.0 0 0 0.005648905585781672
-1 0.0 0 0 -0.006544809269299731
129 102.5 19 20 0.02412103983782473
-1 0.0 0 0 0.002920276888260249
-1 0.0 0 0 -0.003469039354662289
-1 0.0 0 0 -0.010493418326962862
73 17.5 23 26 -0.031011044793316137
0 11.086670875549316 24 25 -0.13620710080982304
-1 0.0 0 0 0.003262141596509569
-1 0.0 0 0 -0.02007925065559329
-1 0.0 0 0 -0.0017976225220744458
-1 0.0 0 0 -0.013805436103407724
-1 0.0 0 0 -0.013032459389971463
nodes 29
16 122.5 1 26 0.0
26 109.5 2 23 0.0003523288215518946
105 103.5 3 22 0.0013882406220672757
48 21.5 4 9 0.0030575275296112025
6 1.063246488571167 5 8 -0.0031858324063335514
10 10.5 6 7 -0.013804700073347982
-1 0.0 0 0 -0.0028032820495796375
-1 0.0 0 0 0.00019928169968317207
-1 0.0 0 0 0.0006377616361422135
46 41.5 10 21 0.011328526867813606
50 44.5 11 16 0.005241145604062467
67 86.5 12 13 -0.009794174855973644
-1 0.0 0 0 -0.000609378989274456
41 101.5 14 15 -0.10236536940197909
-1 0.0 0 0 -0.018394825396433723
-1 0.0 0 0 -0.0003686071530597367
4 0.9483575224876404 17 20 0.0235419606992769
116 67.5 18 19 0.010384372832956857
-1 0.0 0 0 0.0013506783566961398
-1 0.0 0 0 -0.017377582582296644
-1 0.0 0 0 0.00549930753219374
-1 0.0 0 0 0.003580005730594487
-1 0.0 0 0 -0.0027891561658431154
68 94.5 24 25 -0.042093829384375815
-1 0.0 0 0 -0.00537334630682197
-1 0.0 0 0 0.01357882059977269
85 62.5 27 28 -0.12322149491228629
-1 0.0 0 0 -0.016599382855421074
-1 0.0 0 0 0.023955126079144302
nodes 29
2 11.274870872497559 1 22 0.0
6 1.0042799711227417 2 9 -0.0018479557147503586
8 45.5 3 6 -0.019264065124752382
4 0.9066342711448669 4 5 -0.0563592167077554
-1 0.0 0 0 -0.010122012242916058
-1 0.0 0 0 -0.0032037932283588626
6 0.9978936314582825 7 8 0.008538674005204892
-1 0.0 0 0 0.002200661078941861
-1 0.0 0 0 -0.0034601166273773424
125 93.5 10 19 0.001401695177861434
1 9.10731029510498 11 12 0.0026740822661521623
-1 0.0 0 0 -0.0025696169105735543
132 88.5 13 14 0.0046266042673012596
-1 0.0 0 0 0.0005401081772062025
33 77.5 15 16 -0.07431513829860412
-1 0.0 0 0 -0.010232937798038268
36 0.5 17 18 0.17781301883740291
-1 0.0 0 0 0.04606018917901175
-1 0.0 0 0 -0.005507193535895033
76 96.5 20 21 -0.04620498530383576
-1 0.0 0 0 -0.003919352931687307
-1 0.0 0 0 -0.035094680405426314
41 16.5 23 28 0.022953875144712896
84 5.5 24 25 -0.0109887302465136
-1 0.0 0 0 -0.013844474415484313
90 14.5 26 27 0.015561663786468059
-1 0.0 0 0 -0.00958120681100378
-1 0.0 0 0 0.0036444238517062905
-1 0.0 0 0 0.0039371888530888325
nodes 29
70 80.5 1 26 0.0
9 6.5 2 15 0.001549511976762916
6 1.0921279191970825 3 14 -0.00802482228060387
114 11.5 4 5 -0.018802605296879785
-1 0.0 0 0 -0.004137959331622073
7 0.6299999952316284 6 9 -0.003575125713658685
11 70.5 7 8 -0.0006539679330741878
-1 0.0 0 0 0.0003146527274047733
-1 0.0 0 0 -0.014119283773511232
66 6.5 10 11 -0.19654857909772544
-1 0.0 0 0 -0.04766184387759107
2 10.727224349975586 12 13 -0.032276834478789866
-1 0.0 0 0 -0.043149279057979585
-1 0.0 0 0 0.01616280584845559
-1 0.0 0 0 0.0009353192141601353
47 24.5 16 23 0.006789474421100081
42 19.5 17 18 0.00136431991655409
-1 0.0 0 0 -0.0014576965090281177
27 58.5 19 20 0.013131305333262256
-1 0.0 0 0 -0.0005332749233276955
76 99.5 21 22 0.03388212553241781
-1 0.0 0 0 0.0037725198392579043
-1 0.0 0 0 -0.01041700063374515
85 21.5 24 25 0.02473428179312266
-1 0.0 0 0 0.00034479439826961373
-1 0.0 0 0 0.005470341662644821
119 59.5 27 28 -0.026734200284420705
-1 0.0 0 0 -0.005376452499948218
-1 0.0 0 0 0.0013455984238832973
nodes 29
58 60.5 1 26 0.0
33 1.5 2 3 0.0021302887662285773
-1 0.0 0 0 -0.001287440318260385
2 10.934195518493652 4 5 0.006191485324311892
-1 0.0 0 0 -0.00020115522186725271
6 1.0968869924545288 6 25 0.016563145349513562
11 70.5 7 24 0.010943469771067527
71 72.5 8 23 0.013416392744216342
64 101.5 9 14 0.016933119242591246
67 12.5 10 11 0.007853335755853199
-1 0.0 0 0 -0.001039251744640345
22 117.5 12 13 0.028068009412150898
-1 0.0 0 0 0.003238671667164995
-1 0.0 0 0 -0.01307709310104156
97 15.5 15 18 0.04710066148315541
23 36.5 16 17 -0.11277671361600773
-1 0.0 0 0 -0.02975687052173519
-1 0.0 0 0 0.0005921791938140336
7 0.6225000023841858 19 22 0.054159611521874346
57 60.5 20 21 0.04973107850834149
-1 0.0 0 0 -0.002056574860470618
-1 0.0 0 0 0.006405920121501526
-1 0.0 0 0 0.04388311515594351
-1 0.0 0 0 -0.005067608702014402
-1 0.0 0 0 -0.007513695659125181
-1 0.0 0 0 0.00619699057128786
28 12.5 27 28 -0.018918943296676344
-1 0.0 0 0 -0.00440152822435394
-1 0.0 0 0 0.0003975128533006177
nodes 29
77 117.5 1 20 0.0
105 86.5 2 3 0.0010359575781318626
-1 0.0 0 0 0.00030547536738302665
19 38.5 4 19 -0.019757590001818336
6 1.1178317070007324 5 18 -0.0436284095939814
93 45.5 6 17 -0.06249622773901438
2 10.960687637329102 7 12 -0.046761671445542705
125 5.5 8 11 -0.10224769662164729
8 34.5 9 10 -0.04652239171234928
-1 0.0 0 0 -0.02528335966076702
-1 0.0 0 0 -0.0004927390725389424
-1 0.0 0 0 -0.017930635491849558
57 93.5 13 16 -0.012267635213182287
79 18.5 14 15 -0.059999141495938255
-1 0.0 0 0 -0.00972366372041007
-1 0.0 0 0 0.006957386393201162
-1 0.0 0 0 0.005911331829124129
-1 0.0 0 0 -0.017141838874731054
-1 0.0 0 0 0.0012535406360068221
-1 0.0 0 0 0.0007118406988148654
23 28.5 21 28 -0.03781807912120238
6 1.1317222118377686 22 27 -0.09124895976764962
132 4.5 23 24 -0.1462646670950562
-1 0.0 0 0 -0.0212443011302564
44 103.5 25 26 -0.036699690585530895
-1 0.0 0 0 -0.008416434071425881
-1 0.0 0 0 0.028483503609294854
-1 0.0 0 0 -0.00021095858700794488
-1 0.0 0 0 0.0002874313424105123
nodes 29
2 11.411113739013672 1 24 0.0
82 100.5 2 23 -0.0008863420942454361
62 110.5 3 22 6.302974919705115e-06
61 110.5 4 17 0.0009888709491608868
61 52.5 5 12 0.0028490940319860995
65 61.5 6 9 -0.000762044153286757
81 85.5 7 8 -0.008641164628353707
-1 0.0 0 0 -0.002800982004440278
-1 0.0 0 0 0.0002895352340376047
19 52.5 10 11 0.008670522633986088
-1 0.0 0 0 0.0013928925667682408
-1 0.0 0 0 -0.004959521320831918
87 7.5 13 14 0.02519800874344744
-1 0.0 0 0 -0.005071532325576062
27 12.5 15 16 0.03742991782457248
-1 0.0 0 0 -0.0014885400303708298
-1 0.0 0 0 0.004801009536514313
49 24.5 18 21 -0.024342140578064452
6 1.1119493246078491 19 20 -0.1311229944223686
-1 0.0 0 0 -0.022445458361598503
-1 0.0 0 0 -0.0013769350626175823
-1 0.0 0 0 -0.0013479285128986166
-1 0.0 0 0 -0.004682298620596615
-1 0.0 0 0 -0.005039636549747866
7 0.5674999952316284 25 26 0.04433120780026498
-1 0.0 0 0 0.0036036602885458
1 11.077640533447266 27 28 0.36782079947773705
-1 0.0 0 0 0.07144984258338809
-1 0.0 0 0 0.0021143173121593215
nodes 29
104 88.5 1 26 0.0
110 84.5 2 25 0.0014128014886295765
2 10.977960586547852 3 10 0.002051017471810929
20 73.5 4 5 -0.0032360824963576324
-1 0.0 0 0 -0.0001089141547857771
42 43.5 6 7 -0.0417496204399007
-1 0.0 0 0 -0.006658852746393443
101 12.5 8 9 0.034437241733959546
-1 0.0 0 0 -0.010019061704958967
-1 0.0 0 0 0.009225288661033037
47 115.5 11 24 0.011330111431395657
17 77.5 12 19 0.013317271931121956
11 53.5 13 16 0.01851960483816713
7 0.04500000178813934 14 15 0.021838378328254318
-1 0.0 0 0 -0.0005497195681676577
-1 0.0 0 0 0.002991945183048447
42 3.5 17 18 -0.04024336672073571
-1 0.0 0 0 -0.021928645412845074
-1 0.0 0 0 -0.0021458518205827904
94 53.5 20 21 -0.01473105532653277
-1 0.0 0 0 -0.00387807694785613
127 62.5 22 23 0.027267682129798906
-1 0.0 0 0 -0.002697430658036885
-1 0.0 0 0 0.008144600653396882
-1 0.0 0 0 -0.00642451924087039
-1 0.0 0 0 -0.007187971390600939
101 87.5 27 28 -0.0265899850635768
-1 0.0 0 0 -0.0023015377545527057
-1 0.0 0 0 -0.02884739358531556
nodes 29
6 1.0610774755477905 1 28 0.0
7 0.6575000286102295 2 13 -0.0063917918197838415
121 0.5 3 6 -0.005624853859922442
95 37.5 4 5 -0.037462929091760334
-1 0.0 0 0 -0.009297671428753785
-1 0.0 0 0 -0.0017809392004538808
101 121.5 7 12 -0.0019456143497925966
77 1.5 8 9 -0.0008755786870415173
-1 0.0 0 0 -0.0022318026714887532
70 2.5 10 11 0.005197777179638062
-1 0.0 0 0 -0.0013813659198694465
-1 0.0 0 0 0.0013931376028194595
-1 0.0 0 0 -0.01185255502117064
92 48.5 14 27 -0.154987718308328
104 38.5 15 24 -0.21982845221993638
34 8.5 16 21 -0.3562463159353411
17 4.5 17 18 -0.5453037006878539
-1 0.0 0 0 -0.002898423391438666
132 7.5 19 20 -0.7424438607286323
-1 0.0 0 0 -0.09791021648356144
-1 0.0 0 0 -0.03592827969363758
74 22.5 22 23 -0.12069941034204647
-1 0.0 0 0 0.009596269833855331
-1 0.0 0 0 -0.05333891411622366
20 7.5 25 26 0.07219103729585186
-1 0.0 0 0 -0.01786524162284638
-1 0.0 0 0 0.04388083924467748
-1 0.0 0 0 0.036633178234100346
-1 0.0 0 0 0.0006146028899793967
nodes 29
24 101.5 1 28 0.0
118 88.5 2 25 0.0011070843471083218
21 106.5 3 24 0.0024495313241168484
2 11.068527221679688 4 5 0.003485266279104248
-1 0.0 0 0 -5.705268111493421e-05
105 2.5 6 11 0.01571117906259501
109 87.5 7 8 -0.01810254911444098
-1 0.0 0 0 -0.0009271139361234854
31 91.5 9 10 -0.1568436140251987
-1 0.0 0 0 -0.021594622761287686
-1 0.0 0 0 0.018560388235046583
5 1.3973342180252075 12 19 0.023649446351450314
16 122.5 13 18 0.015033163807893414
84 122.5 14 17 0.016019522751888574
125 111.5 15 16 0.019500310268462936
-1 0.0 0 0 0.0022913783144378214
-1 0.0 0 0 -0.009043827727915047
-1 0.0 0 0 -0.008290893486995217
-1 0.0 0 0 -0.03589096027027283
73 67.5 20 21 0.06017940905364312
-1 0.0 0 0 0.009196883016475954
101 9.5 22 23 0.011129929478630436
-1 0.0 0 0 -0.009102829078483525
-1 0.0 0 0 0.005922587346440987
-1 0.0 0 0 -0.004385515028116459
89 42.5 26 27 -0.02903520935061694
-1 0.0 0 0 -0.001143310334140341
-1 0.0 0 0 -0.010042685729261787
-1 0.0 0 0 -0.00350000350712335
nodes 29
78 102.5 1 24 0.0
54 102.5 2 17 0.0010461251120050584
47 93.5 3 16 -0.0020491217354603576
77 76.5 4 15 0.00020440117653911479
120 23.5 5 12 0.0030122713321458095
76 38.5 6 7 -0.009802492118110726
-1 0.0 0 0 -0.002564948271527372
72 27.5 8 9 0.018944504859900735
-1 0.0 0 0 -0.001221005354007934
95 0.5 10 11 0.046927286143993205
-1 0.0 0 0 0.00848591535850246
-1 0.0 0 0 0.00021058735009062926
118 14.5 13 14 0.010220535648536791
-1 0.0 0 0 -0.00016503104479446227
-1 0.0 0 0 0.0023072310338936855
-1 0.0 0 0 -0.0035812321950426627
-1 0.0 0 0 -0.004662962603841903
75 98.5 18 23 0.014238368221994016
41 79.5 19 22 0.019314248035206802
47 8.5 20 21 0.02876137411788269
-1 0.0 0 0 -0.0025950861951485943
-1 0.0 0 0 0.0037529360667460997
-1 0.0 0 0 -0.0047930183126312
-1 0.0 0 0 -0.010458506275152182
6 1.1317222118377686 25 28 -0.03544551374823276
110 79.5 26 27 -0.05362827350382371
-1 0.0 0 0 -0.003943152979375363
-1 0.0 0 0 -0.021413498768473375
-1 0.0 0 0 0.004347219041918687
nodes 29
48 110.5 1 28 0.0
6 1.0572528839111328 2 19 0.000862594830889772
114 117.5 3 18 -0.005922323992060993
70 79.5 4 17 -0.004526664033800869
8 34.5 5 12 -0.001737466610314562
71 7.5 6 11 -0.04170839316194912
7 0.6800000071525574 7 10 -0.08018129219689824
91 26.5 8 9 -0.07018425615246203
-1 0.0 0 0 -0.012000240932493626
-1 0.0 0 0 -0.00031548751346869533
-1 0.0 0 0 -0.0492623112594279
-1 0.0 0 0 0.0008892833980585706
18 119.5 13 16 0.0015654546853327977
10 8.5 14 15 0.003397917653175379
-1 0.0 0 0 -0.000894397467170908
-1 0.0 0 0 0.0014302856716243142
-1 0.0 0 0 -0.006753072337444259
-1 0.0 0 0 -0.005351548828142913
-1 0.0 0 0 -0.01025886202734847
1 10.84345531463623 20 25 0.006713187549317398
7 0.0949999988079071 21 22 0.0024315477869980284
-1 0.0 0 0 0.004058792855460624
2 11.430891036987305 23 24 -0.0011956198162601608
-1 0.0 0 0 -0.00014915747095003182
-1 0.0 0 0 0.04817512955354608
72 118.5 26 27 0.035414480984587826
-1 0.0 0 0 0.004024447650941144
-1 0.0 0 0 -0.014043858778810628
-1 0.0 0 0 -0.004274701631589237
nodes 29
58 98.5 1 28 0.0
126 113.5 2 27 0.0009383312317671093
126 56.5 3 16 0.00251116786151334
6 1.1108663082122803 4 15 -0.0008667507622229277
1 9.461332321166992 5 6 -0.005523897703976922
-1 0.0 0 0 -0.007308247162133548
115 42.5 7 10 -0.003010786906408406
51 79.5 8 9 -0.012405384742129872
-1 0.0 0 0 -0.0021860229278648333
-1 0.0 0 0 0.0015054642069798748
89 32.5 11 14 0.011137611505920741
7 0.5849999785423279 12 13 -0.07377099801112065
-1 0.0 0 0 -0.006047999267657552
-1 0.0 0 0 -0.04400897590737594
-1 0.0 0 0 0.0018820538156306657
-1 0.0 0 0 0.0012949451831647256
97 95.5 17 24 0.018550871008916187
42 9.5 18 19 0.026608837120682117
-1 0.0 0 0 -0.0011582509919008522
2 10.209389686584473 20 21 0.03738307056450343
-1 0.0 0 0 -0.0038868522070825955
65 90.5 22 23 0.04506362239777037
-1 0.0 0 0 0.00509417658277552
-1 0.0 0 0 -0.005039303203159073
118 85.5 25 26 -0.05948669365681694
-1 0.0 0 0 -0.0034508944159218425
-1 0.0 0 0 -0.021499332762573677
-1 0.0 0 0 -0.0024271949404283785
-1 0.0 0 0 -0.00393538179872003
nodes 29
2 11.274870872497559 1 28 0.0
36 92.5 2 27 -0.001711566647292512
58 50.5 3 16 -0.0007832792422333601
7 0.004999999888241291 4 5 0.002040454041124973
-1 0.0 0 0 -0.004298302472872752
99 81.5 6 11 0.003224658123988837
66 1.5 7 8 0.004299358069616767
-1 0.0 0 0 -0.0009581706745779467
82 96.5 9 10 0.008341199895825067
-1 0.0 0 0 0.0009687942778762709
-1 0.0 0 0 -0.005524537817762451
6 1.0952529907226562 12 15 -0.045957760126955065
7 0.5799999833106995 13 14 -0.0864746062424588
-1 0.0 0 0 -0.006953394105251836
-1 0.0 0 0 -0.04418153882753559
-1 0.0 0 0 0.0019230951212453615
30 90.5 17 24 -0.01803043552235557
36 28.5 18 21 -0.01396929715807155
136 67.5 19 20 -0.024428602094302247
-1 0.0 0 0 -0.0018934038769682579
-1 0.0 0 0 -0.010566014442978743
135 50.5 22 23 0.020796612112317234
-1 0.0 0 0 0.0035554011963932573
-1 0.0 0 0 -0.008131359555662366
59 16.5 25 26 -0.11666063729459256
-1 0.0 0 0 -0.005666001484257813
-1 0.0 0 0 -0.025549419435509313
-1 0.0 0 0 -0.0052243470560182255
-1 0.0 0 0 0.0021259755787665603
nodes 29
7 0.8550000190734863 1 28 0.0
6 1.1078659296035767 2 25 0.00035798775563770604
15 78.5 3 24 -0.003125161638010985
15 10.5 4 23 -0.0013793561512229634
129 101.5 5 22 -0.00889505569780178
7 0.6499999761581421 6 9 -0.005576727684275064
68 21.5 7 8 -0.003567246176200658
-1 0.0 0 0 -0.0017504414233827648
-1 0.0 0 0 0.0008642179248035246
101 118.5 10 21 -0.1358564623038182
136 26.5 11 18 -0.11298212006742062
10 51.5 12 17 -0.16633544194031577
126 103.5 13 16 -0.20929641241020583
115 94.5 14 15 -0.1717873128728216
-1 0.0 0 0 -0.010778957123453281
-1 0.0 0 0 -0.045711057767685914
-1 0.0 0 0 -0.06304700157871204
-1 0.0 0 0 0.02612760780855667
65 6.5 19 20 0.1036507644337313
-1 0.0 0 0 -0.025950281191617255
-1 0.0 0 0 0.029478422567052277
-1 0.0 0 0 -0.07461855028840629
-1 0.0 0 0 -0.008215409023431784
-1 0.0 0 0 0.0012065872936031588
-1 0.0 0 0 -0.004687677486156627
1 10.479567527770996 26 27 0.011354161397842332
-1 0.0 0 0 0.00027558591364685724
-1 0.0 0 0 0.004234594535106521
-1 0.0 0 0 -0.009824016345793416
nodes 29
108 123.5 1 28 0.0
16 116.5 2 25 0.00028480413725907
4 0.9414822459220886 3 6 0.0007343704264901364
93 115.5 4 5 -0.0033033657501573533
-1 0.0 0 0 -0.0001347605642488057
-1 0.0 0 0 -0.003668701487487559
13 4.5 7 8 0.009243423297218865
-1 0.0 0 0 -0.0001782679299215357
77 103.5 9 22 0.023312779238516143
7 0.03999999910593033 10 11 0.0289603129568756
-1 0.0 0 0 -0.0015004929465844447
58 21.5 12 13 0.036602207057743155
-1 0.0 0 0 0.0018011529105391695
107 29.5 14 21 0.05639901757843183
49 52.5 15 18 0.04109973630690058
11 24.5 16 17 -0.0006918002634002978
-1 0.0 0 0 0.0016781357907287204
-1 0.0 0 0 -0.015377185988920603
64 10.5 19 20 0.07675655325714303
-1 0.0 0 0 0.010390375674444627
-1 0.0 0 0 -0.0008808005268913299
-1 0.0 0 0 0.012212863898839153
93 10.5 23 24 -0.046865955325660666
-1 0.0 0 0 -0.0010052308940727605
-1 0.0 0 0 -0.015393231022850765
99 44.5 26 27 -0.0788513013603913
-1 0.0 0 0 -0.0058017235879192774
-1 0.0 0 0 -0.042153575772355345
-1 0.0 0 0 -0.012033780356363905
nodes 29
100 104.5 1 26 0.0
2 11.117658615112305 2 3 0.001002287142343935
-1 0.0 0 0 -0.00022586704669748525
123 46.5 4 15 0.013343303402602435
41 13.5 5 8 0.003244995483732382
87 78.5 6 7 -0.044042403666324406
-1 0.0 0 0 -0.003424680369581075
-1 0.0 0 0 -0.019635860101002586
19 60.5 9 10 0.01734833702645652
-1 0.0 0 0 0.0002659723384802085
49 65.5 11 12 0.05335702658612407
-1 0.0 0 0 -0.00041718206324229215
7 0.6299999952316284 13 14 0.0800771318007445
-1 0.0 0 0 0.007394085789841122
-1 0.0 0 0 0.052802512667107365
84 40.5 16 21 0.039207518117254765
131 107.5 17 18 -0.008248693807962065
-1 0.0 0 0 0.00015371266277388536
7 0.2175000011920929 19 20 -0.24807220622492226
-1 0.0 0 0 -0.004043257292132916
-1 0.0 0 0 -0.055211595499089786
72 4.5 22 23 0.0640729343090921
-1 0.0 0 0 -0.0072806880216402334
24 35.5 24 25 0.07642366083881864
-1 0.0 0 0 0.004419453457075838
-1 0.0 0 0 0.011846374775841259
27 53.5 27 28 -0.034055507846560654
-1 0.0 0 0 -0.006778063981431064
-1 0.0 0 0 0.0027985304611811285
nodes 29
44 121.5 1 26 0.0
1 11.253856658935547 2 25 0.0005612538350523338
38 77.5 3 22 -0.0001734010613612375
29 57.5 4 15 0.0005740082600376051
12 61.5 5 14 0.0023914869136833217
69 123.5 6 11 0.003471812604584896
38 0.5 7 10 0.004289636612533732
129 63.5 8 9 -0.003794571747394668
-1 0.0 0 0 0.00019448915789073244
-1 0.0 0 0 -0.003585832722019108
-1 0.0 0 0 0.00100360989196369
46 73.5 12 13 -0.05610872844263351
-1 0.0 0 0 -0.003976014934766751
-1 0.0 0 0 -0.026584378920042104
-1 0.0 0 0 -0.004235440412265034
43 95.5 16 19 -0.020782507721375392
36 94.5 17 18 -0.01722841234520857
-1 0.0 0 0 -0.0014689461136822503
-1 0.0 0 0 -0.02307607191017805
104 33.5 20 21 -0.2065469573827563
-1 0.0 0 0 -0.031137859440088803
-1 0.0 0 0 0.01641077592170664
57 72.5 23 24 -0.04995721051713063
-1 0.0 0 0 -0.010298342379397531
-1 0.0 0 0 0.000282388929310305
-1 0.0 0 0 0.004647220326096054
6 1.1229112148284912 27 28 -0.059863037782799666
-1 0.0 0 0 -0.010451742206863863
-1 0.0 0 0 0.002172582028522472
nodes 29
6 1.067665696144104 1 28 0.0
2 10.138480186462402 2 3 -0.005366541440162242
-1 0.0 0 0 -0.010733871072011812
5 1.247981071472168 4 7 -0.004103926962194267
8 57.5 5 6 -0.013251511804253144
-1 0.0 0 0 -0.0018268534676363262
-1 0.0 0 0 0.003183140633316347
80 114.5 8 27 0.0072345725931762615
112 15.5 9 26 0.009685501895779682
23 18.5 10 17 -0.003410446522223528
95 80.5 11 12 -0.025354281852962936
-1 0.0 0 0 -0.004823517465642218
98 77.5 13 16 0.015092736986868494
93 15.5 14 15 0.019772990107607892
-1 0.0 0 0 -0.00442185280166798
-1 0.0 0 0 0.005513166678889599
-1 0.0 0 0 -0.04688454356975854
1 9.753478050231934 18 21 0.01571388229339147
114 37.5 19 20 -0.0771241527189615
-1 0.0 0 0 -0.00045751778665801575
-1 0.0 0 0 -0.019084957275782955
5 2.0134150981903076 22 25 0.024444731981073567
7 0.6424999833106995 23 24 0.01565429182067799
-1 0.0 0 0 0.001816175807930899
-1 0.0 0 0 -0.032661485248245296
-1 0.0 0 0 0.01106255178673047
-1 0.0 0 0 0.0029074755041499064
-1 0.0 0 0 -0.009783701928255638
-1 0.0 0 0 0.0006230912682036957
nodes 29
117 89.5 1 26 0.0
2 11.274870872497559 2 25 0.001022051325653608
24 101.5 3 24 -0.0007256208571485018
125 55.5 4 5 0.000413798478598054
-1 0.0 0 0 0.0002410606778211088
103 121.5 6 23 -0.022424676673147792
4 1.345445156097412 7 22 -0.01749984956513525
6 1.1048457622528076 8 17 -0.021304803982503246
29 75.5 9 16 -0.034733175283609315
99 12.5 10 13 -0.027797803303959805
95 63.5 11 12 -0.04446979200970339
-1 0.0 0 0 -0.006115059221436982
-1 0.0 0 0 0.0017338133015320637
51 0.5 14 15 0.029048040312049002
-1 0.0 0 0 0.036063828777619884
-1 0.0 0 0 0.0016409695875100464
-1 0.0 0 0 -0.020045588583397774
114 87.5 18 19 0.030734238834741547
-1 0.0 0 0 0.0017719810237568825
109 2.5 20 21 0.30805988094176756
-1 0.0 0 0 -0.004232047294499353
-1 0.0 0 0 0.05793220904024859
-1 0.0 0 0 0.01721771281406594
-1 0.0 0 0 -0.016621077721426042
-1 0.0 0 0 -0.004052822073287365
-1 0.0 0 0 0.002365349511706377
58 70.5 27 28 -0.031600751949250654
-1 0.0 0 0 -0.002502286395856562
-1 0.0 0 0 -0.024530380345614895
nodes 29
26 109.5 1 22 0.0
25 0.5 2 5 0.0008821474301320149
30 105.5 3 4 -0.014495437200634707
-1 0.0 0 0 -0.0012022407519542383
-1 0.0 0 0 -0.015781339538584235
74 117.5 6 21 0.0031214668654698375
105 3.5 7 14 0.003690637943805686
6 1.085526704788208 8 13 -0.007506212072198543
101 122.5 9 12 -0.02001370699647425
33 108.5 10 11 -0.01837809375536105
-1 0.0 0 0 -0.0013402383320191482
-1 0.0 0 0 -0.009442477264511685
-1 0.0 0 0 -0.025650761671454077
-1 0.0 0 0 0.0009031764584432122
1 8.886547088623047 15 20 0.0080285486391262
6 1.0534701347351074 16 19 -0.051042664797927524
76 48.5 17 18 -0.22280013214850383
-1 0.0 0 0 -0.03254362184923353
-1 0.0 0 0 0.010687941792562154
-1 0.0 0 0 -0.0031163990391824196
-1 0.0 0 0 0.0009509750473064299
-1 0.0 0 0 -0.008169953208896059
126 67.5 23 24 -0.03625158612650799
-1 0.0 0 0 -0.005742392267978914
15 9.5 25 28 0.05435972550869769
80 112.5 26 27 0.010000269790303126
-1 0.0 0 0 0.004253776010240774
-1 0.0 0 0 -0.04062084604520351
-1 0.0 0 0 0.025549643568388403
nodes 29
132 116.5 1 26 0.0
104 88.5 2 23 0.00027972473225198124
104 15.5 3 16 0.0015887791550624533
19 47.5 4 13 -0.004863050306931191
6 1.124305248260498 5 12 -0.013814880350855435
113 69.5 6 9 -0.02309637100912753
101 117.5 7 8 -0.014809406914761725
-1 0.0 0 0 -0.0011423187181231944
-1 0.0 0 0 -0.012391845635500975
7 0.7325000166893005 10 11 -0.0646518887401926
-1 0.0 0 0 -0.006029873109100305
-1 0.0 0 0 -0.054736870361699
-1 0.0 0 0 0.001332459265538917
77 98.5 14 15 0.008220228510561542
-1 0.0 0 0 0.001110318992417673
-1 0.0 0 0 -0.00934605670861619
38 0.5 17 18 0.007613146676893089
-1 0.0 0 0 -0.0005831901523870137
29 108.5 19 22 0.016045276055336972
4 0.931577205657959 20 21 0.018234941823226918
-1 0.0 0 0 0.0008429860517986608
-1 0.0 0 0 0.0037148390420110493
-1 0.0 0 0 -0.007911154782490677
101 87.5 24 25 -0.02441202036866411
-1 0.0 0 0 -0.002117722387585653
-1 0.0 0 0 -0.026028701709010865
72 102.5 27 28 -0.10939680814527496
-1 0.0 0 0 -0.014792129169873786
-1 0.0 0 0 0.023564856629008833
nodes 29
30 104.5 1 26 0.0
30 32.5 2 19 0.0010403440905620257
81 85.5 3 10 -0.0021702734195181168
84 62.5 4 7 -0.010940813137891968
6 1.082858681678772 5 6 -0.02487185877625285
-1 0.0 0 0 -0.004007334744776209
-1 0.0 0 0 -0.00048099384718575106
115 26.5 8 9 0.008915671803324867
-1 0.0 0 0 -0.00489812975144523
-1 0.0 0 0 0.0018537570422072073
41 51.5 11 12 0.0067577428239912205
-1 0.0 0 0 -0.0026800001182214392
2 10.90369701385498 13 14 0.01455859687836024
-1 0.0 0 0 0.0003224083631147811
76 84.5 15 18 0.041394506253984116
24 58.5 16 17 0.049896552604313076
-1 0.0 0 0 0.005631287774897722
-1 0.0 0 0 -0.00812326857230401
-1 0.0 0 0 -0.006492194834796604
55 54.5 20 21 0.015119585088477928
-1 0.0 0 0 -0.0010845776420527924
72 35.5 22 23 0.03214049116715457
-1 0.0 0 0 0.00045257361568297515
9 118.5 24 25 0.05460420066165681
-1 0.0 0 0 0.006141538819163373
-1 0.0 0 0 -0.013076764521997814
121 8.5 27 28 -0.02896621452790409
-1 0.0 0 0 -0.0108645768406203
-1 0.0 0 0 -0.0011144804875092742
nodes 29
2 11.201592445373535 1 2 0.0
-1 0.0 0 0 -0.0002192925654889468
68 126.5 3 28 0.014753318380151328
121 8.5 4 9 0.0159242573612076
88 40.5 5 8 -0.017049469541146448
90 35.5 6 7 -0.0605585869824891
-1 0.0 0 0 -0.011356465943600498
-1 0.0 0 0 0.0011663204517155406
-1 0.0 0 0 0.003913610780963862
7 0.5724999904632568 10 15 0.026100136668741714
115 34.5 11 14 0.02200900463661986
73 11.5 12 13 0.005368781215797917
-1 0.0 0 0 -0.005798118661860922
-1 0.0 0 0 0.002397845863324935
-1 0.0 0 0 0.005558764241096295
124 68.5 16 27 0.16444160526675194
3 0.667979896068573 17 22 0.09449342115979947
0 11.469192504882812 18 19 -0.0831135893093829
-1 0.0 0 0 -0.03313753692358259
46 11.5 20 21 0.16101049428495268
-1 0.0 0 0 -0.010269054829970831
-1 0.0 0 0 0.05565620581619442
97 104.5 23 26 0.3058457636181265
16 2.5 24 25 0.16987993858056144
-1 0.0 0 0 -0.023029254434630275
-1 0.0 0 0 0.035177652172913604
-1 0.0 0 0 0.08497090637683868
-1 0.0 0 0 0.06021173858216831
-1 0.0 0 0 -0.027354680691310702
nodes 29
48 110.5 1 28 0.0
2 11.117658615112305 2 13 0.0007854352075420527
28 102.5 3 10 -0.0021652507647259797
94 121.5 4 5 -0.00031788244206877413
-1 0.0 0 0 -0.0003224038732648194
87 35.5 6 7 0.021028024512454894
-1 0.0 0 0 -0.0024567002211895736
134 42.5 8 9 0.03129242593563709
-1 0.0 0 0 0.0023604118919398373
-1 0.0 0 0 0.01164585589400475
53 17.5 11 12 -0.03157305367675051
-1 0.0 0 0 -0.0018491821594510038
-1 0.0 0 0 -0.012171052618201594
5 1.7751538753509521 14 15 0.01190353810743687
-1 0.0 0 0 0.0007192742927197293
66 12.5 16 21 0.05867679753468241
96 111.5 17 20 -0.005658000393289178
1 10.330159187316895 18 19 -0.021147023075616816
-1 0.0 0 0 -0.007246005375215666
-1 0.0 0 0 0.007810040251275241
-1 0.0 0 0 0.045449504846086106
12 15.5 22 25 0.10848220307345874
101 88.5 23 24 0.061450119953540897
-1 0.0 0 0 0.008044675972855688
-1 0.0 0 0 -0.02486571888061794
21 64.5 26 27 0.20541971201193893
-1 0.0 0 0 0.025589853145639264
-1 0.0 0 0 -0.015723075399689965
-1 0.0 0 0 -0.003892326840388443
nodes 29
99 76.5 1 22 0.0
1 11.319753646850586 2 21 0.0009557756762899632
58 60.5 3 12 0.00044310289492434233
2 10.934195518493652 4 5 0.0024379746459774793
-1 0.0 0 0 -0.000321531934167293
79 86.5 6 11 0.010972242670610779
75 103.5 7 10 0.013302164500557231
83 73.5 8 9 0.015869002871914836
-1 0.0 0 0 0.0009379308350405864
-1 0.0 0 0 0.004119222632673551
-1 0.0 0 0 -0.005348179931249872
-1 0.0 0 0 -0.006149170293902818
30 60.5 13 16 -0.01738497522659705
29 0.5 14 15 -0.010536257799962577
-1 0.0 0 0 -0.00423284155821987
-1 0.0 0 0 0.00042640409225777723
16 5.5 17 20 -0.0965948888982786
108 10.5 18 19 -0.28708651917653955
-1 0.0 0 0 -0.04962760471232916
-1 0.0 0 0 -0.008184396345519795
-1 0.0 0 0 -0.006257852634858914
-1 0.0 0 0 0.00693103033255173
84 100.5 23 24 -0.031949587272513784
-1 0.0 0 0 -0.00647130189679182
57 106.5 25 26 0.004587086353748236
-1 0.0 0 0 -0.0030073899245316883
23 74.5 27 28 0.08481049657093927
-1 0.0 0 0 0.004596394370401819
-1 0.0 0 0 0.030870790127664804
nodes 29
6 1.0561875104904175 1 16 0.0
8 38.5 2 13 -0.006199793826124508
20 118.5 3 12 -0.02844274285999803
44 1.5 4 7 -0.02567508686785184
9 0.5 5 6 -0.06449574311015478
-1 0.0 0 0 -0.021283022535166573
-1 0.0 0 0 -0.00521168521267192
29 90.5 8 11 -0.008634798810952249
6 1.011566400527954 9 10 -0.003959553437032582
-1 0.0 0 0 -0.0047215583919020115
-1 0.0 0 0 0.0017082543841013176
-1 0.0 0 0 -0.019301478824490917
-1 0.0 0 0 -0.031474137938089876
37 121.5 14 15 -0.0011805297080531225
-1 0.0 0 0 -7.565467299034068e-05
-1 0.0 0 0 -0.030137852006690936
7 0.0949999988079071 17 18 0.005173989734251015
-1 0.0 0 0 0.0036675195017326478
1 10.84345531463623 19 22 0.0016947414683857558
62 110.5 20 21 -0.0019255540101598822
-1 0.0 0 0 -3.557785170723544e-05
-1 0.0 0 0 -0.0077062431309511195
72 118.5 23 28 0.027498108762640965
21 118.5 24 27 0.03227543282873739
43 61.5 25 26 0.03661082591772451
-1 0.0 0 0 0.004609329326992438
-1 0.0 0 0 -0.00517725699805688
-1 0.0 0 0 -0.01946101388282547
-1 0.0 0 0 -0.014889539521630411
nodes 29
60 115.5 1 8 0.0
28 120.5 2 7 -0.002356828437218041
93 116.5 3 4 -0.0015210544994638995
-1 0.0 0 0 -1.6709534574888298e-05
6 1.1488845348358154 5 6 -0.04700925533604395
-1 0.0 0 0 -0.006510142869963468
-1 0.0 0 0 0.004672251288097689
-1 0.0 0 0 -0.00936491513321318
72 27.5 9 24 0.013437686949944593
2 10.585952758789062 10 11 0.023292433566200286
-1 0.0 0 0 -0.0012173026897508734
53 50.5 12 21 0.04381107846405673
19 39.5 13 14 0.0467192675473371
-1 0.0 0 0 0.0004608376680077862
127 18.5 15 20 0.06146927244059447
51 38.5 16 17 0.01273823375131287
-1 0.0 0 0 -0.013340067252061265
116 67.5 18 19 0.033075435156455356
-1 0.0 0 0 0.004187302420810681
-1 0.0 0 0 -0.0288664964446798
-1 0.0 0 0 0.008185438720086922
110 2.5 22 23 -0.2054934307001531
-1 0.0 0 0 0.005894286642697724
-1 0.0 0 0 -0.03911614691085638
126 38.5 25 26 -0.030687082036658982
-1 0.0 0 0 -0.007354441933504981
88 7.5 27 28 0.007781451131873361
-1 0.0 0 0 -0.020088215292198584
-1 0.0 0 0 0.002158880293030904
nodes 29
14 74.5 1 16 0.0
52 85.5 2 7 0.0009757633256404663
133 85.5 3 4 0.0022930299227493863
-1 0.0 0 0 0.00031388555224535775
42 8.5 5 6 -0.03967750885645613
-1 0.0 0 0 -0.009908033349994022
-1 0.0 0 0 -0.00043255839466753627
72 117.5 8 15 -0.024302133708841274
31 100.5 9 14 -0.02234642042954941
39 26.5 10 13 -0.01668256067624134
3 0.6632513999938965 11 12 -0.023203418733621594
-1 0.0 0 0 0.0006408467895136368
-1 0.0 0 0 -0.005063214301320344
-1 0.0 0 0 0.010654899474793991
-1 0.0 0 0 -0.014326392630876704
-1 0.0 0 0 -0.040575511922890495
49 2.5 17 24 -0.03135332888181491
104 15.5 18 19 0.060181301166523045
-1 0.0 0 0 -0.011915301683532832
7 0.5724999904632568 20 23 0.1273394202536361
117 58.5 21 22 0.16559958966227237
-1 0.0 0 0 0.020760496353777483
-1 0.0 0 0 -0.019235924858113995
-1 0.0 0 0 -0.022178462560016973
110 60.5 25 28 -0.044220570647869155
110 33.5 26 27 -0.03948609737019742
-1 0.0 0 0 -0.0047413557861016005
-1 0.0 0 0 0.011793061809034304
-1 0.0 0 0 -0.03207138100638986
nodes 29
45 119.5 1 18 0.0
7 0.8550000190734863 2 17 0.0007785377596207681
6 1.0610774755477905 3 16 0.0011186581620073561
136 80.5 4 15 -0.0049572740319331595
37 101.5 5 14 -0.0031931218573126243
56 2.5 6 7 -0.0021585524037392744
-1 0.0 0 0 -0.0044196971450640365
70 82.5 8 13 0.00010610784027372425
1 9.67652416229248 9 10 0.002554426240997839
-1 0.0 0 0 -0.005539815015733395
5 2.47843337059021 11 12 0.0047315757029026346
-1 0.0 0 0 0.00023346217835387955
-1 0.0 0 0 0.010838736386085101
-1 0.0 0 0 -0.004347558648225056
-1 0.0 0 0 -0.01002496858535523
-1 0.0 0 0 -0.006203787874940986
-1 0.0 0 0 0.0007101740879347617
-1 0.0 0 0 -0.009448451436825466
60 27.5 19 28 -0.037884822786301925
21 54.5 20 25 -0.02156474876341463
100 48.5 21 24 0.004618593766001868
66 72.5 22 23 -0.010981499601248227
-1 0.0 0 0 -0.001895184279317105
-1 0.0 0 0 0.029773646003256243
-1 0.0 0 0 0.03252274091756935
6 1.124305248260498 26 27 -0.11507668636847354
-1 0.0 0 0 -0.020138234573909466
-1 0.0 0 0 0.0005514782889106643
-1 0.0 0 0 -0.016342385373158883
nodes 29
16 124.5 1 28 0.0
78 102.5 2 19 0.0002442327030436365
20 92.5 3 18 0.0011786796559663647
40 27.5 4 17 0.0024314487777340526
127 45.5 5 6 -0.00111446406043087
-1 0.0 0 0 -0.0008298852513346649
70 27.5 7 16 0.011342961810338167
47 111.5 8 15 -0.001377654104768121
45 102.5 9 14 0.0003836333464395313
1 10.451204299926758 10 11 0.003996042738145123
-1 0.0 0 0 -0.001504109258695102
60 121.5 12 13 0.0231642205658165
-1 0.0 0 0 0.0012594508910233504
-1 0.0 0 0 0.009893518548819868
-1 0.0 0 0 -0.009519094894051857
-1 0.0 0 0 -0.02259927504649771
-1 0.0 0 0 0.003561372842937056
-1 0.0 0 0 0.001486843674328945
-1 0.0 0 0 -0.0026612838642299822
36 70.5 20 27 -0.03136389852654199
103 17.5 21 22 -0.02515926082121035
-1 0.0 0 0 0.0003735778874748342
110 67.5 23 24 -0.06753295315640816
-1 0.0 0 0 -0.004431388403193417
1 10.79168701171875 25 26 -0.20447807513544855
-1 0.0 0 0 -0.007189385565111369
-1 0.0 0 0 -0.03717381674079941
-1 0.0 0 0 -0.024688888326313142
-1 0.0 0 0 -0.012024567306782426
nodes 29
21 84.5 1 10 0.0
124 122.5 2 9 0.0010607213363012017
124 26.5 3 4 0.001616905440640444
-1 0.0 0 0 -0.00017447386117315728
90 37.5 5 8 0.012254936650829728
116 84.5 6 7 -0.012658785482655087
-1 0.0 0 0 8.583808494282806e-06
-1 0.0 0 0 -0.0067615417179423465
-1 0.0 0 0 0.002934541051565192
-1 0.0 0 0 -0.005884955308664889
90 83.5 11 24 -0.02640972838956025
108 6.5 12 23 -0.04613621354933127
66 27.5 13 18 -0.006228128759174396
2 11.193161010742188 14 17 0.028113639846294725
5 1.307956337928772 15 16 -0.012258118474963421
-1 0.0 0 0 -0.008267415383282463
-1 0.0 0 0 0.005610030546010315
-1 0.0 0 0 0.012732682729975098
92 18.5 19 22 -0.08657845859224461
30 18.5 20 21 -0.1813569432789726
-1 0.0 0 0 -0.009391425748278077
-1 0.0 0 0 -0.03721409850161184
-1 0.0 0 0 7.175141455311524e-05
-1 0.0 0 0 -0.008607706359793655
31 47.5 25 28 0.020263518537004768
101 40.5 26 27 0.0016692901552476905
-1 0.0 0 0 0.0021218818205117787
-1 0.0 0 0 -0.017728408199356317
-1 0.0 0 0 0.018234905650628346
nodes 29
66 90.5 1 16 0.0
118 88.5 2 3 0.0009004838230714555
-1 0.0 0 0 0.00020739243690686855
120 24.5 4 5 -0.025812714350342866
-1 0.0 0 0 -0.006166042351648692
86 60.5 6 15 0.004153029529910615
48 25.5 7 8 0.041206393038824764
-1 0.0 0 0 -0.0018959647441822967
70 26.5 9 10 0.10038249866695727
-1 0.0 0 0 0.0034126773848402086
136 57.5 11 14 0.19378263938033902
78 3.5 12 13 0.14196722381625906
-1 0.0 0 0 -0.0024498062302789037
-1 0.0 0 0 0.0247530575989314
-1 0.0 0 0 0.05943556597026495
-1 0.0 0 0 -0.003983263721754218
4 1.0672889947891235 17 24 -0.03054745058971897
8 41.5 18 21 -0.04198860661774024
26 26.5 19 20 -0.09550372683858317
-1 0.0 0 0 -0.005871854380605928
-1 0.0 0 0 -0.018701808462681335
1 11.282392501831055 22 23 -0.010646645423553728
-1 0.0 0 0 -0.001949389630295407
-1 0.0 0 0 0.026227181105186112
55 72.5 25 28 0.07662111978565765
105 2.5 26 27 0.14081326632720714
-1 0.0 0 0 0.04874632183614617
-1 0.0 0 0 0.009046187664625397
-1 0.0 0 0 -0.022941120674963643
nodes 29
100 104.5 1 6 0.0
126 112.5 2 3 0.000899536357704951
-1 0.0 0 0 0.0002323037501148254
56 12.5 4 5 -0.02041674147912067
-1 0.0 0 0 -0.006439603271519623
-1 0.0 0 0 -0.00032483550607596194
27 39.5 7 14 -0.03056426174639035
45 89.5 8 11 -0.06732393430385004
68 5.5 9 10 -0.07809146876830032
-1 0.0 0 0 -0.0428910423154858
-1 0.0 0 0 -0.0072365936871783805
61 9.5 12 13 0.1062233858878779
-1 0.0 0 0 0.028473108821158666
-1 0.0 0 0 -0.007653449982449058
28 19.5 15 16 0.01753405081755197
-1 0.0 0 0 -0.007195746750259385
7 0.5849999785423279 17 24 0.051816871268553104
128 29.5 18 19 0.027374416370477182
-1 0.0 0 0 -0.0043788963676766835
5 1.5445451736450195 20 23 0.08579754935043966
29 37.5 21 22 0.04951748835131559
-1 0.0 0 0 0.0024506634042878003
-1 0.0 0 0 0.037570071329052254
-1 0.0 0 0 0.031221200410423252
96 10.5 25 26 0.2409802178710537
-1 0.0 0 0 0.0023193542784808773
50 117.5 27 28 0.45876689295729867
-1 0.0 0 0 0.014013775463470005
-1 0.0 0 0 0.07508436030863475
nodes 29
94 101.5 1 12 0.0
17 61.5 2 11 -0.0029803723252916346
103 68.5 3 6 0.0009788798607447344
69 99.5 4 5 0.003714252917510917
-1 0.0 0 0 0.0005697363818406584
-1 0.0 0 0 -0.003684973713436809
121 56.5 7 10 -0.04236903995318295
134 17.5 8 9 -0.051545018423143865
-1 0.0 0 0 -0.00846410938239421
-1 0.0 0 0 -0.0014298060326202614
-1 0.0 0 0 0.007879210909392592
-1 0.0 0 0 -0.0024325324127454475
97 83.5 13 28 0.009349797167502727
128 9.5 14 21 0.015395411963711794
89 51.5 15 20 -0.010165100079706928
103 18.5 16 17 -0.007696313443440699
-1 0.0 0 0 -0.004640972556905563
114 78.5 18 19 0.00643261413963906
-1 0.0 0 0 0.000989967298373583
-1 0.0 0 0 -0.022167284175898735
-1 0.0 0 0 -0.030390886595409557
14 92.5 22 27 0.029665353979118823
0 9.886900901794434 23 24 0.031441514826281824
-1 0.0 0 0 -0.007748137829180628
113 93.5 25 26 0.03440171423934992
-1 0.0 0 0 0.003963720664254129
-1 0.0 0 0 -0.002986494765464592
-1 0.0 0 0 -0.020815124625911036
-1 0.0 0 0 -0.005209840383985065
nodes 29
6 1.0659844875335693 1 10 0.0
77 22.5 2 9 -0.004989727069243208
19 48.5 3 4 -0.01258980603560821
-1 0.0 0 0 -0.0025203689877684988
101 5.5 5 6 0.005241749788591177
-1 0.0 0 0 -0.006619874341741938
120 14.5 7 8 0.015050122133656729
-1 0.0 0 0 -0.007138650939498264
-1 0.0 0 0 0.002227258999723576
-1 0.0 0 0 0.0006802067524309587
2 11.034711837768555 11 12 0.005525884078543702
-1 0.0 0 0 0.00010297998714373014
3 0.7708989381790161 13 14 0.028189259341700766
-1 0.0 0 0 0.0013095180028823152
7 0.6225000023841858 15 22 0.07117403512632768
107 16.5 16 17 0.05615405126872945
-1 0.0 0 0 0.002210022461958632
40 68.5 18 21 0.14915571667278846
103 85.5 19 20 0.17704868395179493
-1 0.0 0 0 0.02072575647235003
-1 0.0 0 0 -0.01827116234203321
-1 0.0 0 0 -0.019034154220883337
103 38.5 23 28 0.2997967982685309
1 10.765110969543457 24 25 0.1538190274879379
-1 0.0 0 0 -0.0371699967506257
136 11.5 26 27 0.33168699502443466
-1 0.0 0 0 0.006044697784205997
-1 0.0 0 0 0.07134322043922213
-1 0.0 0 0 0.07882608774189766
nodes 29
2 11.33646297454834 1 28 0.0
108 123.5 2 27 -0.0011066735191453923
6 1.0042799711227417 3 12 -0.000814331272044176
8 47.5 4 9 -0.014166508911517781
4 0.7728281617164612 5 6 -0.038957887051603905
-1 0.0 0 0 -0.012932511843364787
52 116.5 7 8 -0.03338284470725986
-1 0.0 0 0 -0.0031005307434904487
-1 0.0 0 0 -0.023407137549171845
6 0.9978936314582825 10 11 0.011484371367128966
-1 0.0 0 0 0.002629383315822135
-1 0.0 0 0 -0.0035323623204473417
66 90.5 13 18 0.0017721266585080068
2 10.552421569824219 14 15 0.0028712033927705983
-1 0.0 0 0 -0.0007656733867415976
50 83.5 16 17 0.0071154625337696824
-1 0.0 0 0 0.00016780017284732417
-1 0.0 0 0 0.002560734886958197
4 1.0672889947891235 19 20 -0.0371881908966999
-1 0.0 0 0 -0.00523705747828393
55 72.5 21 26 0.08871101132892775
66 96.5 22 23 0.14466378377394729
-1 0.0 0 0 -0.015556871459226719
51 18.5 24 25 0.21299255926418922
-1 0.0 0 0 0.04076119781556455
-1 0.0 0 0 0.009405846994163261
-1 0.0 0 0 -0.020421820911852753
-1 0.0 0 0 -0.012454134683707372
-1 0.0 0 0 0.0024549407376574274
nodes 29
117 89.5 1 22 0.0
26 117.5 2 13 0.000928035987019917
78 102.5 3 10 0.0016002522279690637
54 108.5 4 5 0.0025811506118186924
-1 0.0 0 0 -2.366197182205896e-05
121 7.5 6 7 0.016162138003075182
-1 0.0 0 0 -0.003469410564812868
41 81.5 8 9 0.027248522067659205
-1 0.0 0 0 0.003536486276644347
-1 0.0 0 0 -0.004049096104367387
15 28.5 11 12 -0.03143020184201793
-1 0.0 0 0 -0.004580667593580892
-1 0.0 0 0 0.006192974962160048
27 107.5 14 17 -0.04604930568283128
98 49.5 15 16 -0.07992963419368239
-1 0.0 0 0 -0.006688380173780069
-1 0.0 0 0 -0.03514889361042726
60 63.5 18 21 0.024520524305851027
131 4.5 19 20 -0.03365293820112942
-1 0.0 0 0 0.0009137483300044012
-1 0.0 0 0 -0.025583397291876073
-1 0.0 0 0 0.027099229966437346
7 0.6424999833106995 23 24 -0.028693895842775024
-1 0.0 0 0 -0.004116419942065622
133 14.5 25 26 0.07090916787832083
-1 0.0 0 0 0.002337683285315192
79 0.5 27 28 0.33992195759523425
-1 0.0 0 0 0.0026090426603332163
-1 0.0 0 0 0.06673983377606972
nodes 29
133 55.5 1 2 0.0
-1 0.0 0 0 0.0001256361998703406
67 65.5 3 26 -0.020997776132769683
99 45.5 4 17 -0.028921907356213798
132 115.5 5 16 -0.02272750469861458
125 49.5 6 7 -0.02014618696059851
-1 0.0 0 0 -5.8563386036477004e-05
6 1.1130802631378174 8 13 -0.06138576461596495
49 0.5 9 10 -0.09626091984206263
-1 0.0 0 0 0.031922367295751784
5 1.976089358329773 11 12 -0.1071947249157358
-1 0.0 0 0 -0.012241947097688548
-1 0.0 0 0 0.008363599626168814
20 63.5 14 15 0.03393339279444758
-1 0.0 0 0 0.0008928224001775597
-1 0.0 0 0 0.03800049288850278
-1 0.0 0 0 -0.030766527039500387
98 37.5 18 23 -0.14391543361523515
9 36.5 19 22 -0.3049575455056933
109 15.5 20 21 -0.42312204175894813
-1 0.0 0 0 -0.028318210472934882
-1 0.0 0 0 -0.07284455407326194
-1 0.0 0 0 0.008892410867182272
89 119.5 24 25 -0.04143408968494358
-1 0.0 0 0 0.0031389796270759997
-1 0.0 0 0 -0.03851628313958645
86 37.5 27 28 0.052885467738772375
-1 0.0 0 0 0.007054021103264911
-1 0.0 0 0 -0.0323481559753418
nodes 29
38 34.5 1 2 0.0
-1 0.0 0 0 0.00015106119484529178
110 93.5 3 28 -0.016945617037011966
104 93.5 4 27 -0.014961235838251413
115 32.5 5 18 -0.011268578529068514
72 61.5 6 17 -0.027228135987560787
119 60.5 7 14 -0.0371392913841146
6 1.1389927864074707 8 13 -0.05989791532318475
7 0.5799999833106995 9 10 -0.07603582036044321
-1 0.0 0 0 -0.006720953102154367
69 4.5 11 12 -0.22067307791402263
-1 0.0 0 0 0.019183064060229245
-1 0.0 0 0 -0.033225195259466524
-1 0.0 0 0 0.0038056260522336726
103 26.5 15 16 0.0173114102505967
-1 0.0 0 0 -0.003304024205166348
-1 0.0 0 0 0.007687883918055841
-1 0.0 0 0 0.008735511770090935
49 20.5 19 26 0.022508410472799598
101 82.5 20 25 0.05738357086159147
89 29.5 21 22 0.07458081881654942
-1 0.0 0 0 -0.01020599408472084
7 0.6225000023841858 23 24 0.09397603834405822
-1 0.0 0 0 0.008468136669060778
-1 0.0 0 0 0.04640416689906959
-1 0.0 0 0 -0.010953892317740525
-1 0.0 0 0 -0.0027755041839679284
-1 0.0 0 0 -0.01618629827583152
-1 0.0 0 0 -0.031257791807684975
nodes 29
2 11.201592445373535 1 2 0.0
-1 0.0 0 0 -0.00019752696481360797
60 82.5 3 22 0.013288996941630224
123 42.5 4 9 0.004843445098843407
41 16.5 5 8 -0.011210274796603255
22 19.5 6 7 -0.04638274718011903
-1 0.0 0 0 -0.010649486664176401
-1 0.0 0 0 -0.00022724528641308677
-1 0.0 0 0 0.0005779599640908637
24 32.5 10 13 0.034551379115409696
97 13.5 11 12 -0.010751053914428434
-1 0.0 0 0 -0.014757777412083478
-1 0.0 0 0 0.0010130132301810286
72 6.5 14 15 0.0844623130100874
-1 0.0 0 0 -0.002545562348880827
7 0.4074999988079071 16 17 0.10619321539837481
-1 0.0 0 0 0.008840961392668793
47 9.5 18 21 0.3115596131627591
85 61.5 19 20 0.07770499145222265
-1 0.0 0 0 -0.022813015129594577
-1 0.0 0 0 0.03696385368027471
-1 0.0 0 0 0.047640795305707175
120 14.5 23 24 0.04835957231008068
-1 0.0 0 0 -0.004308211539306124
94 8.5 25 28 0.06777864039757586
61 110.5 26 27 -0.06161974991918145
-1 0.0 0 0 -0.0006793825577502859
-1 0.0 0 0 -0.04283862782738589
-1 0.0 0 0 0.00854059104285086
nodes 29
6 1.098508596420288 1 26 0.0
7 0.6575000286102295 2 3 -0.0031851854365407997
-1 0.0 0 0 -0.00022526136556798301
89 135.5 4 25 -0.0798910217220084
13 68.5 5 24 -0.06453283436952124
111 52.5 6 23 -0.04562771539447557
40 84.5 7 22 -0.02424679828575215
19 0.5 8 15 -0.0455747111098506
128 35.5 9 14 -0.2214669628489402
98 46.5 10 13 -0.30601892798590513
90 29.5 11 12 -0.45711499695544655
-1 0.0 0 0 -0.014355327967892996
-1 0.0 0 0 -0.06514349344225837
-1 0.0 0 0 0.005598207058695456
-1 0.0 0 0 0.0377749137904333
14 43.5 16 21 0.02160384910261484
16 62.5 17 20 -0.00876525931531048
22 65.5 18 19 -0.035152431346749495
-1 0.0 0 0 -0.006871198325417937
-1 0.0 0 0 0.033773147873580454
-1 0.0 0 0 0.04914437409328378
-1 0.0 0 0 0.0519440304953605
-1 0.0 0 0 0.057382342382334174
-1 0.0 0 0 -0.05595069990075868
-1 0.0 0 0 -0.0554715562079634
-1 0.0 0 0 -0.06588946849107742
1 10.543418884277344 27 28 0.00809608290619175
-1 0.0 0 0 2.1886426040986937e-05
-1 0.0 0 0 0.003852605203888991
nodes 29
36 92.5 1 18 0.0
44 121.5 2 15 0.000706877467635045
58 115.5 3 14 0.0012332786087523309
48 117.5 4 13 0.001772002126815212
48 31.5 5 6 0.002387143952901864
-1 0.0 0 0 -0.00014031732009647246
118 12.5 7 8 0.010833186728517184
-1 0.0 0 0 -0.00018485857787223974
88 65.5 9 10 0.024332435752923917
-1 0.0 0 0 -4.054224239015978e-05
114 35.5 11 12 0.040125317210140364
-1 0.0 0 0 0.004660497775467115
-1 0.0 0 0 -0.00457036290190544
-1 0.0 0 0 -0.004968181004894608
-1 0.0 0 0 -0.005445823168018112
38 20.5 16 17 -0.05586114860718423
-1 0.0 0 0 -0.004285862693157528
-1 0.0 0 0 -0.032821126478547985
120 46.5 19 24 -0.036258242487733565
17 0.5 20 21 -0.07068023496227617
-1 0.0 0 0 -0.030727674514055253
116 58.5 22 23 -0.05569117729990974
-1 0.0 0 0 -0.007706354658140159
-1 0.0 0 0 0.006719994606866845
7 0.6424999833106995 25 28 0.02373280190479995
1 11.127630233764648 26 27 0.009967230081383605
-1 0.0 0 0 -0.0008420224084947225
-1 0.0 0 0 0.028190799959396065
-1 0.0 0 0 0.034139984398363875
nodes 29
6 0.9389230608940125 1 8 0.0
8 48.5 2 3 -0.021691837021631872
-1 0.0 0 0 -0.004957921151020149
14 55.5 4 7 0.011682017092807969
79 0.5 5 6 0.020997745001181255
-1 0.0 0 0 -0.004808964822452119
-1 0.0 0 0 0.004059443172048753
-1 0.0 0 0 -0.012949820043331431
2 11.107015609741211 9 10 0.0011654176082706229
-1 0.0 0 0 -0.00017463874772362023
5 1.2392995357513428 11 12 0.01173665302575459
-1 0.0 0 0 -9.686963681340268e-05
124 4.5 13 16 0.026648104901218484
7 0.19249999523162842 14 15 -0.006482348301140565
-1 0.0 0 0 0.00337915943134255
-1 0.0 0 0 -0.0047491629755579325
71 102.5 17 28 0.043675451557795716
114 5.5 18 21 0.048846907572479566
50 73.5 19 20 -0.0018729790051116987
-1 0.0 0 0 -0.0035756913683335848
-1 0.0 0 0 0.008795884781622675
104 2.5 22 23 0.06411636527656744
-1 0.0 0 0 -0.0017467408882518437
7 0.5350000262260437 24 25 0.07447411078028715
-1 0.0 0 0 0.0064061900768386595
46 3.5 26 27 0.21062464397772437
-1 0.0 0 0 -0.009670899996277073
-1 0.0 0 0 0.029757757738527915
-1 0.0 0 0 -0.012748712922088665
nodes 29
131 113.5 1 24 0.0
99 95.5 2 23 0.0003563920875299147
2 11.411113739013672 3 18 0.0010017853424465534
125 55.5 4 7 0.0002343419539149904
4 2.4293885231018066 5 6 0.001953050901728629
-1 0.0 0 0 0.00023708982729176445
-1 0.0 0 0 -0.010627631340736812
85 0.5 8 9 -0.01770768593180086
-1 0.0 0 0 0.006143643046161858
5 1.3757271766662598 10 11 -0.024878691853574556
-1 0.0 0 0 -0.0039335576330628294
58 71.5 12 17 0.009063862750751408
116 68.5 13 14 0.018036220602959594
-1 0.0 0 0 0.003173130433453156
41 40.5 15 16 -0.11929716095107207
-1 0.0 0 0 -0.002995986739097134
-1 0.0 0 0 -0.03435162506705406
-1 0.0 0 0 -0.018138166843482885
7 0.2224999964237213 19 22 0.041156283899238616
128 14.5 20 21 0.014225223147922694
-1 0.0 0 0 -0.0043228433674653115
-1 0.0 0 0 0.005325328231562642
-1 0.0 0 0 0.012287131175347594
-1 0.0 0 0 -0.0041673947922888826
69 9.5 25 26 -0.0699726769429437
-1 0.0 0 0 1.602869148778378e-05
66 20.5 27 28 -0.15107430339464256
-1 0.0 0 0 -0.010674565488950828
-1 0.0 0 0 -0.046648968698886725
nodes 29
109 88.5 1 24 0.0
114 113.5 2 3 0.0006784238605055449
-1 0.0 0 0 0.0001463347511042066
68 85.5 4 23 -0.03419305281804433
76 53.5 5 14 -0.023908269017546564
90 117.5 6 9 -0.04089445071994324
5 3.457435131072998 7 8 -0.018531266885392916
-1 0.0 0 0 -0.0007590755472670933
-1 0.0 0 0 -0.02123834534795606
5 1.4013994932174683 10 11 -0.11657550787754575
-1 0.0 0 0 -0.018182000492877784
110 10.5 12 13 0.012268666971526001
-1 0.0 0 0 0.009757693434815003
-1 0.0 0 0 -0.03254098913942774
76 120.5 15 22 0.06762837682314664
117 1.5 16 17 0.11052657580612718
-1 0.0 0 0 0.02812682202733413
13 29.5 18 19 0.032024670303959786
-1 0.0 0 0 0.011729285813366566
64 65.5 20 21 -0.2199040664656257
-1 0.0 0 0 0.0032490008688043984
-1 0.0 0 0 -0.04503508307363677
-1 0.0 0 0 -0.0252846403814414
-1 0.0 0 0 -0.022155941116374617
11 9.5 25 26 -0.03703942605576856
-1 0.0 0 0 -0.00039003480634343087
110 32.5 27 28 -0.10210146908658993
-1 0.0 0 0 -0.0058651471253100065
-1 0.0 0 0 -0.02302474771897086
nodes 29
92 81.5 1 28 0.0
60 115.5 2 5 0.0011935901425334458
28 120.5 3 4 -0.001391550693966412
-1 0.0 0 0 -6.121615783730081e-05
-1 0.0 0 0 -0.008379433956404513
2 10.078238487243652 6 7 0.01733749037661201
-1 0.0 0 0 -0.005970069232538928
88 37.5 8 9 0.023990528393500927
-1 0.0 0 0 -0.003443622065662315
2 10.779081344604492 10 13 0.03340040933250424
19 20.5 11 12 0.013349349498860727
-1 0.0 0 0 -0.011138587155971482
-1 0.0 0 0 0.0020940503494982442
6 1.0734906196594238 14 19 0.0552406961281519
69 27.5 15 18 0.0378829564245707
72 31.5 16 17 0.001694596973367855
-1 0.0 0 0 0.00244452256144679
-1 0.0 0 0 -0.009383181781073233
-1 0.0 0 0 0.007508170311971027
45 74.5 20 27 0.12465215186415805
9 59.5 21 24 0.140345876738703
61 22.5 22 23 0.1782047621844791
-1 0.0 0 0 0.006515613467149598
-1 0.0 0 0 0.02301325932838494
10 57.5 25 26 0.0051937265451797235
-1 0.0 0 0 0.006985436054803659
-1 0.0 0 0 -0.045305337530115376
-1 0.0 0 0 -0.020883950171992183
-1 0.0 0 0 -0.00209078886109337
nodes 29
14 74.5 1 20 0.0
14 16.5 2 5 0.0008771288830477402
132 67.5 3 4 -0.002152921422398344
-1 0.0 0 0 -0.00010145848109677578
-1 0.0 0 0 -0.004609189518514644
68 99.5 6 15 0.0103720344542576
40 20.5 7 14 0.013425682698623346
79 117.5 8 13 0.0027535907612367496
37 9.5 9 10 0.003911278492123767
-1 0.0 0 0 -0.0010850695963288283
27 40.5 11 12 0.02145677725450349
-1 0.0 0 0 0.0008224301639184044
-1 0.0 0 0 0.008210131637822827
-1 0.0 0 0 -0.02812657992163783
-1 0.0 0 0 0.0031252233823392374
47 43.5 16 19 -0.05208160234802515
58 35.5 17 18 -0.02237475663763761
-1 0.0 0 0 -0.007767599142498823
-1 0.0 0 0 0.005875683546418085
-1 0.0 0 0 -0.017197538477917895
49 1.5 21 28 -0.02818399497801958
104 15.5 22 25 0.07309288922482463
30 19.5 23 24 -0.1437151700632311
-1 0.0 0 0 -0.03365816670360373
-1 0.0 0 0 0.009915375205067297
117 56.5 26 27 0.1499841195537281
-1 0.0 0 0 0.01977539843658374
-1 0.0 0 0 -0.019350395600001017
-1 0.0 0 0 -0.0037710645773038837
nodes 29
6 1.0847994089126587 1 28 0.0
2 10.282129287719727 2 3 -0.003703329374199096
-1 0.0 0 0 -0.005103538101156124
135 90.5 4 27 -0.001988779240870237
127 62.5 5 18 -0.0006153816863253522
90 69.5 6 7 -0.006401785760342457
-1 0.0 0 0 -0.0016257085104859023
57 29.5 8 9 0.011819697346587426
-1 0.0 0 0 -0.012014442082349084
124 10.5 10 13 0.01705179649968435
54 33.5 11 12 -0.015084980491776928
-1 0.0 0 0 -0.008244568446954195
-1 0.0 0 0 0.0007983179719582099
72 14.5 14 15 0.031414676223733944
-1 0.0 0 0 -0.0022959560700603152
44 9.5 16 17 0.040220803392565334
-1 0.0 0 0 0.000670345507795394
-1 0.0 0 0 0.005808930304746793
80 31.5 19 20 0.01733635137269053
-1 0.0 0 0 -0.0010216613252796915
7 0.6725000143051147 21 26 0.03560766652578463
81 43.5 22 23 0.032915872218944695
-1 0.0 0 0 -0.004813620042272367
93 4.5 24 25 0.040367021793209584
-1 0.0 0 0 -0.003328404655029882
-1 0.0 0 0 0.005011327703630805
-1 0.0 0 0 0.04562665023201821
-1 0.0 0 0 -0.0057995153734181236
-1 0.0 0 0 0.0006789729256551628
nodes 29
2 11.041608810424805 1 2 0.0
-1 0.0 0 0 -0.0003233369868327603
71 110.5 3 28 0.007615576719807761
6 1.0883328914642334 4 17 0.00919858468179837
3 0.6273977756500244 5 12 0.004648166422111062
107 95.5 6 11 0.026298658230102866
87 116.5 7 10 0.030266261288397676
102 15.5 8 9 0.03487572438233255
-1 0.0 0 0 0.0011247245850732116
-1 0.0 0 0 0.006134374481199037
-1 0.0 0 0 -0.008856381585973563
-1 0.0 0 0 -0.01343892656308369
109 81.5 13 14 -0.004372424580933615
-1 0.0 0 0 -0.00017143746343001458
64 108.5 15 16 -0.0881867414465535
-1 0.0 0 0 -0.012765085587308891
-1 0.0 0 0 0.00973399574092279
33 3.5 18 19 0.03942759107476326
-1 0.0 0 0 -0.002127503643528181
0 11.075288772583008 20 27 0.06318826371112543
113 1.5 21 24 0.16613322499181157
68 0.5 22 23 0.419245611815179
-1 0.0 0 0 0.004740486214203494
-1 0.0 0 0 0.07347468539620891
57 18.5 25 26 0.11176753627270801
-1 0.0 0 0 0.032415474558074496
-1 0.0 0 0 0.002847843458328177
-1 0.0 0 0 0.004649840861627735
-1 0.0 0 0 -0.008289118284617713
nodes 29
1 9.10731029510498 1 2 0.0
-1 0.0 0 0 -0.002119440526013867
5 1.3600056171417236 3 28 0.001138954609190519
6 1.098508596420288 4 27 -0.0027797331732669784
8 54.5 5 26 -0.00689290136709133
101 130.5 6 25 -0.010928945435144093
33 115.5 7 24 -0.01045353220198622
114 131.5 8 23 -0.008697660708189905
98 116.5 9 22 -0.008362239039491987
16 122.5 10 21 -0.007132276424898222
132 105.5 11 20 -0.0066118256323610715
125 57.5 12 19 -0.005855745126020595
77 119.5 13 16 -0.0026115847350959803
100 104.5 14 15 -0.0012604271221579577
-1 0.0 0 0 4.8600789751796595e-05
-1 0.0 0 0 -0.006349148217316822
88 15.5 17 18 -0.08932337561725742
-1 0.0 0 0 -0.0034466944880511214
-1 0.0 0 0 -0.02231451142935237
-1 0.0 0 0 -0.003779371014940292
-1 0.0 0 0 -0.014046224221144911
-1 0.0 0 0 -0.02141920310190917
-1 0.0 0 0 -0.009822307776215827
-1 0.0 0 0 -0.034094959463691336
-1 0.0 0 0 -0.00747576644152359
-1 0.0 0 0 -0.025007354031190462
-1 0.0 0 0 0.0017529143263458856
-1 0.0 0 0 0.001521840428854372
-1 0.0 0 0 0.0009696259475642785
nodes 29
4 0.9414822459220886 1 2 0.0
-1 0.0 0 0 -0.0003434002631003141
13 4.5 3 26 0.007244909555464335
61 29.5 4 17 -0.0022675489668712075
89 102.5 5 6 -0.011071045339490241
-1 0.0 0 0 -0.0026591474597102848
72 44.5 7 8 0.008109289447559386
-1 0.0 0 0 -0.0017240456316858284
2 10.449670791625977 9 10 0.04878258183613575
-1 0.0 0 0 -0.002556128965316299
116 3.5 11 12 0.08052065642829455
-1 0.0 0 0 -0.0026810423493767404
6 1.0320749282836914 13 14 0.10519336442468984
-1 0.0 0 0 0.0022405578536350184
99 51.5 15 16 0.14152622798701134
-1 0.0 0 0 0.015621000947729983
-1 0.0 0 0 -0.018952630015767434
127 38.5 18 19 0.018704082821530056
-1 0.0 0 0 -0.0025917525900786506
136 98.5 20 25 0.04327265690950455
77 85.5 21 24 0.03870212126473939
2 10.489216804504395 22 23 0.04213318804056099
-1 0.0 0 0 -0.0008334021396852871
-1 0.0 0 0 0.006416884668061783
-1 0.0 0 0 -0.0264442719751969
-1 0.0 0 0 0.029573242579671474
77 103.5 27 28 0.01944073548739643
-1 0.0 0 0 0.0024260301061142337
-1 0.0 0 0 -0.0040334130759867425
nodes 29
118 88.5 1 16 0.0
60 78.5 2 7 0.001045391071685871
32 34.5 3 4 -0.002147986544270843
-1 0.0 0 0 -0.0010484770284578259
102 105.5 5 6 0.007027749767011882
-1 0.0 0 0 0.0009213999565421993
-1 0.0 0 0 -0.008886823955236812
65 85.5 8 15 0.010362232006854096
2 10.615431785583496 9 10 0.01633392088757506
-1 0.0 0 0 -0.0006534531010811255
119 16.5 11 14 0.027663403214167107
51 90.5 12 13 -0.007609305075211787
-1 0.0 0 0 -0.004561456925628929
-1 0.0 0 0 0.003282182703231747
-1 0.0 0 0 0.004374763479555985
-1 0.0 0 0 -0.00476817678703732
116 4.5 17 18 -0.024058532880531648
-1 0.0 0 0 -0.0008652174235512142
3 0.6448593139648438 19 26 -0.07822267541151205
78 15.5 20 21 -0.00097695369007332
-1 0.0 0 0 0.005913305022521865
117 50.5 22 25 -0.1577587164794431
64 8.5 23 24 -0.021676112834194846
-1 0.0 0 0 0.024208082644076187
-1 0.0 0 0 -0.02284045246983501
-1 0.0 0 0 -0.04474829694015845
120 21.5 27 28 -0.1347833503121471
-1 0.0 0 0 -0.019523992858318562
-1 0.0 0 0 -0.0029158064137459142
nodes 29
2 11.33646297454834 1 28 0.0
21 79.5 2 27 -0.0010607333269974234
74 110.5 3 14 0.00016913828795710704
61 105.5 4 13 0.0007822989106793388
61 55.5 5 10 0.002525784120232534
95 4.5 6 7 -0.0005253626796528749
-1 0.0 0 0 0.000875071673692681
76 99.5 8 9 -0.008103459175466532
-1 0.0 0 0 -0.0005834469731935684
-1 0.0 0 0 -0.007330293598268436
95 36.5 11 12 0.024744434838239297
-1 0.0 0 0 -0.001611615564045756
-1 0.0 0 0 0.004204298510385065
-1 0.0 0 0 -0.0019128094846168197
99 42.5 15 26 -0.0562707381506852
65 12.5 16 19 -0.030133100177969017
123 18.5 17 18 0.06149467994572017
-1 0.0 0 0 0.011039828128306138
-1 0.0 0 0 -0.020618819053235808
32 1.5 20 21 -0.07373161837995652
-1 0.0 0 0 -0.03396008291023059
103 25.5 22 23 -0.048383918205156265
-1 0.0 0 0 -0.001524789656990909
79 3.5 24 25 -0.2635050745355704
-1 0.0 0 0 -0.04189509110207238
-1 0.0 0 0 0.0026189438914033503
-1 0.0 0 0 -0.021973809694726266
-1 0.0 0 0 -0.002944532914444718
-1 0.0 0 0 0.0023530313725034927
nodes 29
6 1.0534701347351074 1 24 0.0
8 38.5 2 23 -0.0056114392152085395
96 3.5 3 14 -0.027892016187241655
22 93.5 4 13 -0.11647540861127492
71 40.5 5 12 -0.08520473697307435
6 1.0429835319519043 6 11 -0.05341507919608668
7 0.2175000011920929 7 8 -0.10870072976214505
-1 0.0 0 0 -0.004592080049296009
18 25.5 9 10 -0.29084003072829895
-1 0.0 0 0 -0.048476079407524554
-1 0.0 0 0 -0.0022773093160460976
-1 0.0 0 0 0.013856586123110502
-1 0.0 0 0 -0.047727718288925566
-1 0.0 0 0 -0.04155861808027586
17 65.5 15 16 -0.021309213630960284
-1 0.0 0 0 -0.0010267877756976506
7 0.6150000095367432 17 22 -0.08037500068499001
60 102.5 18 21 -0.0692860389554567
30 112.5 19 20 -0.03862492142670611
-1 0.0 0 0 -0.0022266437302731596
-1 0.0 0 0 -0.032394731893788935
-1 0.0 0 0 -0.01829041053119951
-1 0.0 0 0 -0.056587867293020955
-1 0.0 0 0 -7.284630211443242e-05
7 0.0949999988079071 25 26 0.004325643561908451
-1 0.0 0 0 0.0032090596314743682
1 11.319753646850586 27 28 0.0011588332758307642
-1 0.0 0 0 6.897145111989812e-05
-1 0.0 0 0 0.016749075526058733
nodes 29
82 100.5 1 6 0.0
2 11.107015609741211 2 5 0.0006696018540728485
36 92.5 3 4 -0.0021551065121729004
-1 0.0 0 0 -0.00012724665084174193
-1 0.0 0 0 -0.005495884946250744
-1 0.0 0 0 0.0010673098114831444
92 29.5 7 16 -0.03581231588943357
98 65.5 8 15 -0.07074745511193253
18 19.5 9 12 -0.04661867804999786
93 14.5 10 11 -0.09204669726468671
-1 0.0 0 0 -0.005063692908686022
-1 0.0 0 0 -0.026237366826027494
74 81.5 13 14 0.043903330826330654
-1 0.0 0 0 0.009266433778214653
-1 0.0 0 0 -0.015294666021751861
-1 0.0 0 0 -0.02560382525498083
16 16.5 17 24 0.008336486424713466
6 1.0897985696792603 18 23 -0.03831462498948526
92 34.5 19 20 -0.09037653110247174
-1 0.0 0 0 0.0198936557979323
69 53.5 21 22 -0.12186639113858545
-1 0.0 0 0 -0.015081089002735637
-1 0.0 0 0 0.02037592213600874
-1 0.0 0 0 0.006580918723648768
7 0.3499999940395355 25 26 0.1037858315357728
-1 0.0 0 0 0.004460728579276318
49 27.5 27 28 0.30652714565534284
-1 0.0 0 0 0.058960148905004776
-1 0.0 0 0 0.012638892713143971
nodes 29
126 113.5 1 2 0.0
-1 0.0 0 0 0.00012097863953299414
105 104.5 3 28 -0.019627410961870338
114 64.5 4 27 -0.014294574980994897
2 10.771323204040527 5 6 -0.010727416371287202
-1 0.0 0 0 -0.004371730584945297
57 41.5 7 18 0.008619233053469105
41 66.5 8 13 0.026339978675176207
60 120.5 9 12 -0.011854113970335398
113 16.5 10 11 -0.04174917544773234
-1 0.0 0 0 -0.01628164961164455
-1 0.0 0 0 -0.0014543035971617024
-1 0.0 0 0 0.010315394606623873
101 51.5 14 17 0.061412711594828764
49 132.5 15 16 0.03231045822236304
-1 0.0 0 0 0.0020726524872054365
-1 0.0 0 0 0.03161168253049255
-1 0.0 0 0 0.015246884177861726
70 43.5 19 24 -0.08270804278534873
51 32.5 20 21 -0.11812570885641195
-1 0.0 0 0 -0.018098709890208953
52 50.5 22 23 0.039551611174829304
-1 0.0 0 0 0.02136236558548145
-1 0.0 0 0 -0.014652540210377554
122 5.5 25 26 0.1036774249136215
-1 0.0 0 0 0.023067178333100555
-1 0.0 0 0 -0.027730565033853058
-1 0.0 0 0 -0.019232490926752895
-1 0.0 0 0 -0.013840204805377912
nodes 29
6 1.124305248260498 1 28 0.0
0 9.658673286437988 2 3 -0.0023607339942374912
-1 0.0 0 0 -0.012358167262361516
69 128.5 4 23 -0.0018211501347852976
45 119.5 5 20 -0.0013042446462508078
4 0.5524404048919678 6 7 -0.0003719956783569536
-1 0.0 0 0 -0.0082968920260256
43 117.5 8 19 0.0002703039518851543
44 118.5 9 16 0.0007172880282830283
29 83.5 10 11 0.0014558020151352485
-1 0.0 0 0 0.0002889225548113081
41 53.5 12 13 -0.035520235286471906
-1 0.0 0 0 -0.007810082482814812
2 10.867711067199707 14 15 0.0004676209312800045
-1 0.0 0 0 -0.008486441207914648
-1 0.0 0 0 0.003516306292453033
91 39.5 17 18 -0.07048998509459412
-1 0.0 0 0 -0.015990225034773983
-1 0.0 0 0 -0.0011156500318313092
-1 0.0 0 0 -0.011972786010001282
55 33.5 21 22 -0.062099523810056435
-1 0.0 0 0 -0.011655523272920895
-1 0.0 0 0 0.0021289728827160845
7 0.35499998927116394 24 25 -0.11671572116937919
-1 0.0 0 0 -0.003190936867469114
118 17.5 26 27 -0.31031406120775795
-1 0.0 0 0 -0.04161747566142851
-1 0.0 0 0 0.010783568564802408
-1 0.0 0 0 0.0010180866157503252
nodes 29
38 34.5 1 2 0.0
-1 0.0 0 0 0.00014660505477999189
110 93.5 3 28 -0.016445740667631912
104 93.5 4 27 -0.014673983572749408
115 32.5 5 18 -0.011352083292774573
72 61.5 6 15 -0.025748818691432945
119 60.5 7 10 -0.03465812906903239
6 1.1389927864074707 8 9 -0.05401607827609175
-1 0.0 0 0 -0.006844258831411338
-1 0.0 0 0 0.0033550238283521494
103 34.5 11 12 0.011656354590235405
-1 0.0 0 0 -0.002706878730547547
97 27.5 13 14 0.07834072756417737
-1 0.0 0 0 0.0035026561366704604
-1 0.0 0 0 0.023014271190111468
81 44.5 16 17 0.07725206569998296
-1 0.0 0 0 0.011334855314344168
-1 0.0 0 0 -0.01645944001711905
49 20.5 19 26 0.019117331319003054
133 74.5 20 25 0.050915107427004745
12 31.5 21 24 0.06237086442006833
86 108.5 22 23 0.07877080579769341
-1 0.0 0 0 0.008739969676036042
-1 0.0 0 0 -0.02479765319886307
-1 0.0 0 0 -0.010106786759968242
-1 0.0 0 0 -0.017177786563512532
-1 0.0 0 0 -0.002671087377682417
-1 0.0 0 0 -0.014682622878895503
-1 0.0 0 0 -0.028040138949706618
nodes 29
2 10.934195518493652 1 2 0.0
-1 0.0 0 0 -0.00041318196755997554
75 103.5 3 28 0.005624086085877744
130 6.5 4 27 0.00772871179944975
27 39.5 5 12 -0.004016302090816498
65 45.5 6 9 -0.018991137179758803
111 7.5 7 8 -0.042934620434991445
-1 0.0 0 0 -0.007128001672875782
-1 0.0 0 0 -0.0001771059519446397
55 64.5 10 11 0.003594869180391957
-1 0.0 0 0 -0.002113563155187031
-1 0.0 0 0 0.004169978033816479
41 38.5 13 18 0.018201495042917813
37 41.5 14 15 -0.03119122132437324
-1 0.0 0 0 -0.004671242671730911
14 6.5 16 17 0.17412437282077836
-1 0.0 0 0 0.03153772451285575
-1 0.0 0 0 -0.0087193440948613
120 101.5 19 26 0.03376687020276745
126 58.5 20 25 0.02151081841678317
106 0.5 21 24 -0.005237497807056438
112 22.5 22 23 -0.1000828174953737
-1 0.0 0 0 -0.02028098528383082
-1 0.0 0 0 -0.0005257861794203392
-1 0.0 0 0 0.0012839754992495771
-1 0.0 0 0 0.006900893396019009
-1 0.0 0 0 0.010528492006679793
-1 0.0 0 0 0.0017719461319949455
-1 0.0 0 0 -0.004742814692556935
nodes 29
6 1.0534701347351074 1 28 0.0
5 1.247981071472168 2 13 -0.005419917595486423
8 57.5 3 12 -0.013892128709665923
107 105.5 4 11 -0.018832256729204182
20 116.5 5 10 -0.017157694941196608
15 84.5 6 9 -0.015467634630524125
96 5.5 7 8 -0.012969814651753033
-1 0.0 0 0 -0.005767380116208974
-1 0.0 0 0 -0.0008459784807004526
-1 0.0 0 0 -0.010115251997963854
-1 0.0 0 0 -0.013043901017053751
-1 0.0 0 0 -0.014177668747439419
-1 0.0 0 0 0.0025775731499338146
2 10.81611156463623 14 25 0.0056924686050789175
7 0.6575000286102295 15 22 -0.01855762431642788
27 75.5 16 21 -0.015615440287642028
28 8.5 17 18 -0.03631959570572828
-1 0.0 0 0 -0.00035797842608493134
7 0.5799999833106995 19 20 -0.07766801181623793
-1 0.0 0 0 -0.0069803692709581484
-1 0.0 0 0 -0.05256196281313896
-1 0.0 0 0 0.002320041197988502
6 1.0326999425888062 23 24 -0.2925076483300439
-1 0.0 0 0 -0.06939016674523768
-1 0.0 0 0 0.0005300817470396718
7 0.04749999940395355 26 27 0.016113487734716794
-1 0.0 0 0 -0.0011609134075467535
-1 0.0 0 0 0.0028776148694579264
-1 0.0 0 0 0.0004178006781775138
nodes 29
58 50.5 1 28 0.0
34 11.5 2 21 0.001982999461270587
6 1.1258175373077393 3 20 -0.0028436671572328303
54 102.5 4 7 -0.00787763719653575
47 73.5 5 6 -0.015402915991213443
-1 0.0 0 0 -0.0010998834526883465
-1 0.0 0 0 -0.0070989447915691326
15 10.5 8 17 0.013076115705279168
2 10.609402656555176 9 10 -0.016146273696703663
-1 0.0 0 0 -0.011662266146420366
41 48.5 11 16 0.001151758738344008
7 0.6424999833106995 12 13 0.03074997852070331
-1 0.0 0 0 0.002456742603802633
54 123.5 14 15 0.38593761865049603
-1 0.0 0 0 0.07688326761126518
-1 0.0 0 0 0.0003042561188340187
-1 0.0 0 0 -0.005076169801421117
75 99.5 18 19 0.03563512926766383
-1 0.0 0 0 0.004115510348719137
-1 0.0 0 0 -0.015863928806895463
-1 0.0 0 0 0.0013648993557913442
74 6.5 22 23 0.010479604584256143
-1 0.0 0 0 -0.000645755144168618
71 57.5 24 25 0.01962821011757981
-1 0.0 0 0 0.0023134056820586146
134 32.5 26 27 -0.04619309858666543
-1 0.0 0 0 -0.00779440078132141
-1 0.0 0 0 0.014431235677262661
-1 0.0 0 0 -0.001141930124745328
nodes 29
2 11.220391273498535 1 14 0.0
12 61.5 2 3 -0.0017062565953792686
-1 0.0 0 0 -7.101112077959648e-05
77 48.5 4 5 -0.046610667958066135
-1 0.0 0 0 -0.0021079928494575546
83 100.5 6 13 -0.11756042532925443
42 38.5 7 12 -0.16807359767355617
6 1.1352187395095825 8 11 -0.20145632275934552
56 2.5 9 10 -0.2597592363709284
-1 0.0 0 0 0.009412927536860757
-1 0.0 0 0 -0.029744180938023085
-1 0.0 0 0 -0.00181090023229205
-1 0.0 0 0 0.01824450157272319
-1 0.0 0 0 0.0038038185909889375
68 126.5 15 28 0.013297305183039959
60 65.5 16 25 0.01441600276464626
31 35.5 17 18 0.0042711140802853325
-1 0.0 0 0 -0.0015096774282824374
7 0.6800000071525574 19 24 0.03278615638355002
64 23.5 20 21 0.029292186352363185
-1 0.0 0 0 -0.006071406061846192
7 0.38749998807907104 22 23 0.04563199320137644
-1 0.0 0 0 0.0033812838544513136
-1 0.0 0 0 0.015978773086278784
-1 0.0 0 0 0.050340872841036846
126 16.5 26 27 0.046327116131351896
-1 0.0 0 0 -0.0019941490755385916
-1 0.0 0 0 0.006826083843244255
-1 0.0 0 0 -0.025756068784920944
nodes 29
24 107.5 1 18 0.0
70 80.5 2 13 0.0007730848251982616
9 6.5 3 12 0.001976482730193171
32 16.5 4 11 -0.00588338000774435
53 2.5 5 6 -0.021218101366319585
-1 0.0 0 0 5.721750951640124e-05
6 1.0921279191970825 7 10 -0.04040394612692476
48 30.5 8 9 -0.0583701716680137
-1 0.0 0 0 -0.007942248953504929
-1 0.0 0 0 -0.000547672812108553
-1 0.0 0 0 -0.0001791858352182821
-1 0.0 0 0 0.00021759594524271668
-1 0.0 0 0 0.0006284712396536216
111 27.5 14 15 -0.019818418110001266
-1 0.0 0 0 -0.003056404079588064
62 110.5 16 17 0.05318248955600505
-1 0.0 0 0 0.009010668422514573
-1 0.0 0 0 -0.010066832156541448
35 27.5 19 20 -0.02973845215779405
-1 0.0 0 0 -0.003974268537726711
56 87.5 21 28 0.07462731750866856
89 114.5 22 25 0.13055336377856516
32 29.5 23 24 -0.006959910909201773
-1 0.0 0 0 0.02676007077097893
-1 0.0 0 0 -0.01167841583567982
94 0.5 26 27 0.2786445826730834
-1 0.0 0 0 0.044064788114822784
-1 0.0 0 0 0.0019439305112852407
-1 0.0 0 0 -0.01702380742676355
nodes 29
105 86.5 1 2 0.0
-1 0.0 0 0 0.000145525969946342
67 25.5 3 22 -0.015382995217266946
6 1.1215245723724365 4 21 -0.039961742566109064
7 0.7225000262260437 5 20 -0.05935093453764658
7 0.39500001072883606 6 7 -0.06270195187486714
-1 0.0 0 0 -0.00463216867851295
45 33.5 8 17 -0.14623091465805363
125 26.5 9 14 -0.20975381917325409
112 58.5 10 13 -0.28174424633550493
55 71.5 11 12 -0.2250385010415765
-1 0.0 0 0 -0.029025693699467656
-1 0.0 0 0 0.013148894883537043
-1 0.0 0 0 -0.059605609167899413
69 5.5 15 16 -0.08095844557828968
-1 0.0 0 0 0.038617964731529356
-1 0.0 0 0 -0.016746549981784216
98 8.5 18 19 0.04926630009993397
-1 0.0 0 0 -0.041370607302947476
-1 0.0 0 0 0.015762153636426367
-1 0.0 0 0 0.03434692745407422
-1 0.0 0 0 0.0021748497527110462
30 13.5 23 24 0.008484048499934832
-1 0.0 0 0 0.002425645400189462
97 100.5 25 26 -0.04331259981879708
-1 0.0 0 0 -0.006638757895101998
5 1.3936465978622437 27 28 0.15683248233858887
-1 0.0 0 0 0.0044349347670205345
-1 0.0 0 0 0.053007197464731606
nodes 29
7 0.8550000190734863 1 28 0.0
4 0.9414822459220886 2 3 0.0002863278628624692
-1 0.0 0 0 -0.0003161486434161254
3 0.470689982175827 4 27 0.007619274903797444
8 42.5 5 20 0.047842728472254896
40 59.5 6 17 0.034624879324117806
50 97.5 7 8 0.024847945268991097
-1 0.0 0 0 0.00048656200194907307
63 24.5 9 16 0.11698866725279834
70 4.5 10 11 0.14783839951307623
-1 0.0 0 0 0.0009906072246886738
35 43.5 12 15 0.2752948538223399
8 29.5 13 14 0.1860568289955457
-1 0.0 0 0 0.05548830125480891
-1 0.0 0 0 0.011229159228503705
-1 0.0 0 0 0.05570991427490586
-1 0.0 0 0 -0.03519272631034255
32 59.5 18 19 0.20888435101255262
-1 0.0 0 0 0.04485712648119505
-1 0.0 0 0 0.0047783310590006536
90 89.5 21 26 0.19712667179239146
118 2.5 22 23 0.11370451997187156
-1 0.0 0 0 -0.015182956476009599
134 24.5 24 25 0.21881176184494203
-1 0.0 0 0 0.032918289170639825
-1 0.0 0 0 -0.009464224696159363
-1 0.0 0 0 0.05076424591243267
-1 0.0 0 0 0.00044494465429484537
-1 0.0 0 0 -0.007857502058760457
nodes 29
34 103.5 1 6 0.0
124 122.5 2 5 0.0004898430899365141
1 9.10731029510498 3 4 0.0009774823884079091
-1 0.0 0 0 -0.0020804138843337544
-1 0.0 0 0 0.0002161146969570671
-1 0.0 0 0 -0.004921659237695998
133 6.5 7 20 -0.04546839298396746
80 48.5 8 15 0.0005506455359159532
82 0.5 9 10 -0.035537407038023335
-1 0.0 0 0 0.0221590111439582
40 13.5 11 14 -0.055508476434342195
77 54.5 12 13 -0.07397504131359624
-1 0.0 0 0 -0.004244699564852921
-1 0.0 0 0 -0.028647406909614804
-1 0.0 0 0 0.02303539478965104
128 35.5 16 17 0.10392545419932914
-1 0.0 0 0 0.002316404830901422
73 89.5 18 19 0.3076644554226236
-1 0.0 0 0 0.007709932683602623
-1 0.0 0 0 0.0560188167684135
94 53.5 21 24 -0.12246672838455451
122 46.5 22 23 -0.0575709372205268
-1 0.0 0 0 -0.0014720532504018868
-1 0.0 0 0 -0.0384503654687217
1 10.717280387878418 25 26 -0.24343248311430216
-1 0.0 0 0 -0.03766171537063201
120 54.5 27 28 -0.10369774675546367
-1 0.0 0 0 -0.033435269445180896
-1 0.0 0 0 0.00676459286761071
nodes 29
20 89.5 1 2 0.0
-1 0.0 0 0 0.00010280633222494367
0 11.320541381835938 3 26 -0.02133331144438121
71 94.5 4 25 -0.04282926061550308
84 11.5 5 20 -0.04576579593622913
50 52.5 6 7 -0.025927913135479402
-1 0.0 0 0 -0.006163022696905879
135 37.5 8 17 0.016045465802600953
78 6.5 9 14 -0.010102809143518764
80 18.5 10 13 0.026474586152541207
68 79.5 11 12 -0.09398342686151069
-1 0.0 0 0 -0.0014985387848520822
-1 0.0 0 0 -0.03215730154465529
-1 0.0 0 0 0.00652782543764354
18 27.5 15 16 -0.12889056377004363
-1 0.0 0 0 0.0027462796501300122
-1 0.0 0 0 -0.026011570542635
17 46.5 18 19 0.19620090342350452
-1 0.0 0 0 0.0315432914696996
-1 0.0 0 0 -0.00938229077822856
128 4.5 21 22 -0.10319817907784189
-1 0.0 0 0 0.001814210842206629
16 56.5 23 24 -0.14243651457869091
-1 0.0 0 0 -0.012033698869832143
-1 0.0 0 0 -0.04347027443465777
-1 0.0 0 0 0.033164283050143205
28 24.5 27 28 0.03288343407595688
-1 0.0 0 0 -0.008455378102338583
-1 0.0 0 0 0.005377427535493543
nodes 29
51 58.5 1 22 0.0
67 87.5 2 21 -0.0027760704457466573
68 113.5 3 20 -0.0005884004387515753
84 62.5 4 11 0.0006683875976837178
102 43.5 5 10 -0.005013534195756196
54 100.5 6 9 -0.013709452411462627
6 1.1558942794799805 7 8 -0.025339568650926833
-1 0.0 0 0 -0.0033719916607805656
-1 0.0 0 0 0.0011938890753769493
-1 0.0 0 0 0.001059808780000562
-1 0.0 0 0 0.0009876571164599364
90 35.5 12 13 0.011518364340790045
-1 0.0 0 0 -0.002997893358619033
2 10.552421569824219 14 15 0.020157015980847095
-1 0.0 0 0 -0.002261985959227287
73 82.5 16 19 0.030047760152730113
119 82.5 17 18 0.038925083847260955
-1 0.0 0 0 0.0041957093989187354
-1 0.0 0 0 -0.013739688268532372
-1 0.0 0 0 -0.0035976685898172385
-1 0.0 0 0 -0.005325962791204143
-1 0.0 0 0 -0.005790759661729991
81 57.5 23 24 0.007914348824497036
-1 0.0 0 0 -0.004011163783591491
68 18.5 25 26 0.014827715759128016
-1 0.0 0 0 -0.0022947288217763408
26 24.5 27 28 0.023408912098751795
-1 0.0 0 0 0.0005129233911469176
-1 0.0 0 0 0.004228136007551434
nodes 29
2 10.990718841552734 1 2 0.0
-1 0.0 0 0 -0.0003617841257958002
59 113.5 3 24 0.006520695911677145
31 61.5 4 17 0.0030880112764673315
121 73.5 5 16 -0.0029822455783531524
94 109.5 6 13 0.0036056645841514947
90 74.5 7 8 -0.004542441453546048
-1 0.0 0 0 -0.001453156166644134
124 2.5 9 12 0.02515903895589055
133 5.5 10 11 -0.08104909645736057
-1 0.0 0 0 -0.015496995628569814
-1 0.0 0 0 0.008235490947896452
-1 0.0 0 0 0.0036622376485011725
49 47.5 14 15 0.03517455296482861
-1 0.0 0 0 -0.004274935559177653
-1 0.0 0 0 0.005131105157257172
-1 0.0 0 0 -0.0036305041366664435
64 21.5 18 19 0.023764019406741704
-1 0.0 0 0 -0.009433124302093397
46 10.5 20 23 0.03547919524011299
63 102.5 21 22 -0.02268351041969874
-1 0.0 0 0 0.001217994080928374
-1 0.0 0 0 -0.013903014417223329
-1 0.0 0 0 0.0048791542884483894
73 68.5 25 28 0.04047183714734511
96 15.5 26 27 -0.007432772519462642
-1 0.0 0 0 -0.010813526450686301
-1 0.0 0 0 0.0029239914843630465
-1 0.0 0 0 0.007187806689513973
nodes 29
6 1.0490728616714478 1 18 0.0
8 38.5 2 17 -0.005859882928005392
96 3.5 3 8 -0.030225999502540166
22 93.5 4 7 -0.12617887207626596
71 40.5 5 6 -0.09730479853774329
-1 0.0 0 0 -0.006906101897318291
-1 0.0 0 0 -0.044282036854419865
-1 0.0 0 0 -0.041275405194610364
4 0.8182790875434875 9 10 -0.022998938951916556
-1 0.0 0 0 -0.018252373904921116
35 129.5 11 16 -0.01876526591324101
9 89.5 12 13 -0.017367688687216398
-1 0.0 0 0 -0.0010913631995714405
7 0.512499988079071 14 15 -0.10411683016632779
-1 0.0 0 0 -0.007547408836048062
-1 0.0 0 0 -0.056115536245962855
-1 0.0 0 0 -0.04123230127617717
-1 0.0 0 0 -7.97436582521944e-05
7 0.0949999988079071 19 24 0.003970968558908629
120 33.5 20 21 0.02763743959478629
-1 0.0 0 0 0.0007713719519990141
45 78.5 22 23 0.05474220491821586
-1 0.0 0 0 0.006392273860229204
-1 0.0 0 0 -0.010173489143037135
1 11.319753646850586 25 28 0.001122272547681989
62 110.5 26 27 0.0006625159223863085
-1 0.0 0 0 0.00018793212675522787
-1 0.0 0 0 -0.0053258979934664025
-1 0.0 0 0 0.015212854344221153
nodes 29
2 11.220391273498535 1 28 0.0
12 61.5 2 27 -0.0016914889432260024
22 96.5 3 4 -0.0008173430730313766
-1 0.0 0 0 0.00010972055614768193
41 108.5 5 26 -0.019214543034388954
63 38.5 6 17 -0.011629186787578027
40 25.5 7 16 -0.03575765320971025
106 13.5 8 9 -0.05945761531808762
-1 0.0 0 0 -0.009802597271930715
45 42.5 10 13 -0.016943645906513153
135 0.5 11 12 -0.061572116665555704
-1 0.0 0 0 0.002270351787334921
-1 0.0 0 0 -0.011573729495203751
109 33.5 14 15 0.08799701533546406
-1 0.0 0 0 0.011739024617182325
-1 0.0 0 0 -0.03298980491640775
-1 0.0 0 0 0.0012583212430702139
46 16.5 18 19 0.017301356149236308
-1 0.0 0 0 -0.00889182035701678
101 75.5 20 25 0.03055443882982251
84 122.5 21 24 0.03847238053109964
49 24.5 22 23 0.05075448154956327
-1 0.0 0 0 0.00677862658449517
-1 0.0 0 0 -0.0053077841986178325
-1 0.0 0 0 -0.007545135962441343
-1 0.0 0 0 -0.014914841195568443
-1 0.0 0 0 -0.010470835758874622
-1 0.0 0 0 -0.0041096385292184665
-1 0.0 0 0 0.001318221714226819
nodes 29
134 80.5 1 2 0.0
-1 0.0 0 0 7.528675013032097e-05
19 123.5 3 28 -0.02901307816118235
94 120.5 4 21 -0.03340869716991479
25 11.5 5 8 -0.04217764713786527
48 28.5 6 7 -0.0036338696393391325
-1 0.0 0 0 -0.0051242473438823394
-1 0.0 0 0 0.007223805514773521
80 1.5 9 12 -0.07167543603979853
15 25.5 10 11 0.04286121280099244
-1 0.0 0 0 -0.005744457805958232
-1 0.0 0 0 0.03028374462559515
124 23.5 13 14 -0.09183388623577775
-1 0.0 0 0 -0.010885613495490535
48 47.5 15 20 0.04589158067352731
37 14.5 16 19 -0.049704864567015755
105 23.5 17 18 0.1058945763793032
-1 0.0 0 0 -0.01519077399914915
-1 0.0 0 0 0.025918244016734333
-1 0.0 0 0 -0.03897184577460091
-1 0.0 0 0 0.038844550945213996
93 38.5 22 25 0.08328579086511849
25 10.5 23 24 -0.02035831379279205
-1 0.0 0 0 -0.0183313482142282
-1 0.0 0 0 0.01523741646576673
76 0.5 26 27 0.28470735274747294
-1 0.0 0 0 0.04614901222108353
-1 0.0 0 0 0.0035604359412735164
-1 0.0 0 0 0.022255157895396668
nodes 29
48 110.5 1 2 0.0
-1 0.0 0 0 6.616387606771482e-05
108 81.5 3 28 -0.03278837106027138
105 29.5 4 23 -0.0267919085042356
79 11.5 5 14 0.014926227075134225
22 124.5 6 13 0.08045205957110305
65 54.5 7 10 0.09976850808291746
72 7.5 8 9 0.033766329173029457
-1 0.0 0 0 0.015919495597864465
-1 0.0 0 0 -0.015698970742717696
15 52.5 11 12 0.2155114595046051
-1 0.0 0 0 0.014808673751540484
-1 0.0 0 0 0.05526350694506065
-1 0.0 0 0 -0.025319568745114585
74 37.5 15 20 -0.04233765262786461
77 43.5 16 19 -0.01697023849163123
14 39.5 17 18 0.004289094008534222
-1 0.0 0 0 -0.0015455199404282125
-1 0.0 0 0 0.03665968781337142
-1 0.0 0 0 -0.033340722609024785
8 43.5 21 22 -0.2652470576973196
-1 0.0 0 0 -0.052061515851389795
-1 0.0 0 0 -0.005898820703777556
77 6.5 24 25 -0.06793725503674909
-1 0.0 0 0 -0.0033002045721698043
24 29.5 26 27 -0.16293129228065384
-1 0.0 0 0 -0.02326979529381537
-1 0.0 0 0 0.003607524795549327
-1 0.0 0 0 -0.02930348459922243
nodes 29
6 1.0610774755477905 1 8 0.0
136 101.5 2 5 -0.004658812907829644
37 114.5 3 4 -0.0036902248415888704
-1 0.0 0 0 -0.00031114858507364017
-1 0.0 0 0 -0.013356465195460063
45 28.5 6 7 -0.08728127415045439
-1 0.0 0 0 -0.01369671325683495
-1 0.0 0 0 0.005355758768072198
1 10.344416618347168 9 10 0.004479682696013005
-1 0.0 0 0 -0.0003528782808697473
47 112.5 11 26 0.013357278272541524
7 0.7524999976158142 12 19 0.016646346478599108
113 90.5 13 16 0.01526675099378147
113 40.5 14 15 0.021495484155688534
-1 0.0 0 0 0.0011624214715104818
-1 0.0 0 0 0.005278731225831713
46 28.5 17 18 -0.017565738255287223
-1 0.0 0 0 7.449682244964589e-05
-1 0.0 0 0 -0.009869531254134048
6 1.1272661685943604 20 23 0.16246887440750993
126 3.5 21 22 0.4736345049379201
-1 0.0 0 0 0.08910905939455216
-1 0.0 0 0 0.013445143261924386
92 25.5 24 25 0.028782899809259646
-1 0.0 0 0 -0.010816376824851003
-1 0.0 0 0 0.035403123644646255
93 35.5 27 28 -0.04733428227167333
-1 0.0 0 0 -0.002576473841250579
-1 0.0 0 0 -0.02902879356304286
nodes 29
85 104.5 1 14 0.0
131 104.5 2 9 0.0012777992623499248
16 116.5 3 8 0.0016917695742975046
14 74.5 4 7 0.0021121459725571843
31 111.5 5 6 0.0031036800428014297
-1 0.0 0 0 0.00014276236235953696
-1 0.0 0 0 0.002533922239881278
-1 0.0 0 0 -0.0029657844559293576
-1 0.0 0 0 -0.007337908402314103
126 13.5 10 11 -0.07470773370455913
-1 0.0 0 0 -0.003502449166656039
42 28.5 12 13 -0.21994021745187411
-1 0.0 0 0 -0.012416620357582966
-1 0.0 0 0 -0.054644253748384386
73 88.5 15 26 -0.016733352681445844
80 7.5 16 19 -0.004658351004931171
75 112.5 17 18 -0.0327282656223521
-1 0.0 0 0 -0.002826629951003273
-1 0.0 0 0 -0.028737163398588117
61 49.5 20 25 0.02297988905804204
16 68.5 21 22 0.03237616137623406
-1 0.0 0 0 0.00235957463995341
119 0.5 23 24 0.17712575610081674
-1 0.0 0 0 0.04018408961455483
-1 0.0 0 0 0.005727768141029325
-1 0.0 0 0 -0.016135511178583875
6 1.09284245967865 27 28 -0.06218846370455605
-1 0.0 0 0 -0.011246554354233121
-1 0.0 0 0 0.0008652394733534337
nodes 29
2 11.041608810424805 1 18 0.0
22 93.5 2 3 -0.003018923702756524
-1 0.0 0 0 -8.120919815102817e-05
5 8.701604843139648 4 17 -0.02551324448136966
63 84.5 5 8 -0.023022244022845872
16 115.5 6 7 -0.03367667146848071
-1 0.0 0 0 -0.0028971302659695167
-1 0.0 0 0 -0.021363774410613098
83 48.5 9 12 0.04122636883571786
74 2.5 10 11 0.0013010074384885446
-1 0.0 0 0 0.008647000293830316
-1 0.0 0 0 -0.006772809095494721
99 23.5 13 16 0.18454226148126357
7 0.39250001311302185 14 15 0.24328299303113526
-1 0.0 0 0 0.01742498587332666
-1 0.0 0 0 0.05751730617708885
-1 0.0 0 0 -0.021863275961103767
-1 0.0 0 0 -0.030928394977687575
71 110.5 19 28 0.007110490136056336
62 128.5 20 27 0.008526372650936163
6 1.0883328914642334 21 22 0.009065535336368417
-1 0.0 0 0 0.0004748441599052935
3 0.5310966372489929 23 24 0.03786509487345986
-1 0.0 0 0 -0.0014319319225136857
47 117.5 25 26 0.060511161369077304
-1 0.0 0 0 0.006714238051602492
-1 0.0 0 0 -0.017248576593049098
-1 0.0 0 0 -0.02090879820000667
-1 0.0 0 0 -0.0073841053649464266
nodes 29
58 98.5 1 24 0.0
108 96.5 2 19 0.0007128314907187726
2 10.934195518493652 3 4 0.0013329555478905246
-1 0.0 0 0 -0.0003057980888187333
88 88.5 5 14 0.007482659771996119
116 32.5 6 9 0.0017734711438686479
99 71.5 7 8 -0.011712416620567203
-1 0.0 0 0 -0.0007672038558608481
-1 0.0 0 0 -0.00902321793727105
97 43.5 10 11 0.019789005027858603
-1 0.0 0 0 -0.0020550447973600463
90 5.5 12 13 0.03720062501183589
-1 0.0 0 0 -0.010123748194299037
-1 0.0 0 0 0.004283972310664348
43 46.5 15 18 0.02607316723288415
50 24.5 16 17 0.03723833157155808
-1 0.0 0 0 -0.0040615265300208
-1 0.0 0 0 0.005042290849420466
-1 0.0 0 0 -0.0037570925761872525
25 138.5 20 23 -0.03833372529951365
84 119.5 21 22 -0.044151442131988544
-1 0.0 0 0 -0.0034602805449137023
-1 0.0 0 0 -0.02271432257257402
-1 0.0 0 0 0.03546530467341654
22 107.5 25 26 -0.029896314054664808
-1 0.0 0 0 -0.002345609115249629
35 2.5 27 28 -0.20064696073715918
-1 0.0 0 0 0.006653639784565678
-1 0.0 0 0 -0.034787044403789456
nodes 29
2 11.33646297454834 1 24 0.0
58 44.5 2 9 -0.0009727243615501293
36 65.5 3 4 0.0015934071129858637
-1 0.0 0 0 0.0003037363313213763
29 58.5 5 8 -0.02974132658174376
78 106.5 6 7 -0.020748118059240758
-1 0.0 0 0 -0.0016165510390584018
-1 0.0 0 0 -0.023521415695237618
-1 0.0 0 0 -0.013949673952871656
121 104.5 10 21 -0.01265339002011655
30 90.5 11 14 -0.008411249059511022
36 29.5 12 13 -0.005531298697424796
-1 0.0 0 0 -0.0013571104533571104
-1 0.0 0 0 0.001933633603544916
64 9.5 15 16 -0.08272672094906443
-1 0.0 0 0 -0.02911107456648206
49 0.5 17 18 -0.045045078135539894
-1 0.0 0 0 0.029492776045719017
107 24.5 19 20 -0.06545915158452599
-1 0.0 0 0 -0.0020380931776973594
-1 0.0 0 0 -0.0211742394293348
68 64.5 22 23 -0.07773240150446406
-1 0.0 0 0 -0.01039079770665181
-1 0.0 0 0 0.0035351967075421074
133 95.5 25 26 0.021578004233842964
-1 0.0 0 0 0.0026094958468323654
72 13.5 27 28 -0.1301029321579595
-1 0.0 0 0 -0.03450854739639908
-1 0.0 0 0 0.0009003418422413661
nodes 29
5 1.2667123079299927 1 2 0.0
-1 0.0 0 0 -0.00046907290725774626
2 10.758243560791016 3 4 0.004440155553706168
-1 0.0 0 0 -0.0005532494407089791
60 115.5 5 20 0.01349064161258162
55 82.5 6 7 0.008862354464380183
-1 0.0 0 0 4.486914397221576e-06
46 55.5 8 9 0.03664653682207868
-1 0.0 0 0 0.0004048042663058833
95 17.5 10 19 0.08347465636627682
7 0.6499999761581421 11 14 0.10856103652417354
75 59.5 12 13 0.09578077028144918
-1 0.0 0 0 0.011661384590579206
-1 0.0 0 0 -0.00523423974076286
57 116.5 15 18 0.3676809345954098
66 12.5 16 17 0.12518740318031335
-1 0.0 0 0 -0.023896610457450153
-1 0.0 0 0 0.057210307178849534
-1 0.0 0 0 0.07509771616708849
-1 0.0 0 0 -0.002742669176032114
94 63.5 21 22 0.04528168786192621
-1 0.0 0 0 0.0006585033317092801
33 70.5 23 28 0.08725994472569054
7 0.3050000071525574 24 25 0.11753829660185387
-1 0.0 0 0 0.007777114805485728
80 6.5 26 27 0.21349329829250013
-1 0.0 0 0 -0.02438222435968263
-1 0.0 0 0 0.02421608397243684
-1 0.0 0 0 -0.00547794279752301
nodes 29
6 1.1078659296035767 1 26 0.0
11 70.5 2 17 -0.0026326342494625396
2 9.576371192932129 3 4 -0.0015750702665098843
-1 0.0 0 0 -0.021206023651792343
53 114.5 5 14 -0.0013126869434564423
92 81.5 6 13 0.00031501033113871086
15 78.5 7 10 0.0021578761242701068
83 78.5 8 9 0.003827933031298786
-1 0.0 0 0 -5.90077647692762e-05
-1 0.0 0 0 0.0020490710971785104
54 96.5 11 12 -0.03709256116694402
-1 0.0 0 0 -0.0062153273650923
-1 0.0 0 0 0.004941026243440417
-1 0.0 0 0 -0.0031442737915157847
55 8.5 15 16 -0.033300674418975766
-1 0.0 0 0 -0.01030607668223675
-1 0.0 0 0 -0.0005908914594058667
7 0.4350000023841858 18 21 -0.057201953512250256
73 89.5 19 20 -0.03597723487392067
-1 0.0 0 0 -0.008023730273894737
-1 0.0 0 0 0.006283305669029859
35 57.5 22 25 -0.23468981806755715
119 36.5 23 24 -0.16306969388185635
-1 0.0 0 0 -0.004418010707300754
-1 0.0 0 0 -0.04463066506911727
-1 0.0 0 0 -0.0592790438996061
1 10.479567527770996 27 28 0.008195536300784324
-1 0.0 0 0 0.00012715114088407024
-1 0.0 0 0 0.003354125167167786
nodes 29
81 92.5 1 20 0.0
57 49.5 2 5 -0.0037765255708513816
81 44.5 3 4 -0.02317845249597134
-1 0.0 0 0 -0.004374203358758903
-1 0.0 0 0 -0.0003932408230175064
97 35.5 6 7 0.003211564093708724
-1 0.0 0 0 -0.0032659696181014638
68 99.5 8 19 0.008257825148993961
2 10.75400161743164 9 10 0.010650743842793473
-1 0.0 0 0 -0.0005566978697702064
93 34.5 11 18 0.02161660075797567
119 83.5 12 17 0.026609605852338056
18 105.5 13 16 0.02937735026877794
23 1.5 14 15 0.03118947418145979
-1 0.0 0 0 -0.004090122642391241
-1 0.0 0 0 0.0035185540933380306
-1 0.0 0 0 -0.013793905561874112
-1 0.0 0 0 -0.011658069232743349
-1 0.0 0 0 -0.005211785512850535
-1 0.0 0 0 -0.00746428611325143
41 51.5 21 22 0.005721168534500815
-1 0.0 0 0 -0.002468548906346993
76 99.5 23 28 0.01284012501108334
2 10.90369701385498 24 25 0.015207024652013977
-1 0.0 0 0 0.000517009699411658
64 55.5 26 27 0.039170189435244016
-1 0.0 0 0 0.004278420681725086
-1 0.0 0 0 -0.016896667077638945
-1 0.0 0 0 -0.007670175348554626
nodes 29
2 11.201592445373535 1 28 0.0
6 1.1078659296035767 2 27 -0.0018288258729965232
53 91.5 3 12 -0.005532862649848742
11 70.5 4 9 -0.0029772668506444625
92 103.5 5 6 -0.0018157084772631228
-1 0.0 0 0 -3.816595236490018e-05
81 5.5 7 8 -0.06170608988116095
-1 0.0 0 0 0.013093788710799307
-1 0.0 0 0 -0.007809390330829261
41 65.5 10 11 -0.07159084113449403
-1 0.0 0 0 -0.01289245902016944
-1 0.0 0 0 0.0020074494200490955
7 0.6650000214576721 13 24 -0.03310970879353879
98 9.5 14 19 -0.028960445158934013
7 0.4975000023841858 15 16 -0.10431173183700948
-1 0.0 0 0 -0.007754991236393659
6 1.0643609762191772 17 18 -0.3967454318973151
-1 0.0 0 0 -0.07111938272913297
-1 0.0 0 0 -0.015330151288259415
57 17.5 20 21 -0.016939422770602904
-1 0.0 0 0 -0.01529002531802585
55 8.5 22 23 -0.00965891711966311
-1 0.0 0 0 -0.006322229459177381
-1 0.0 0 0 0.0008421935111326964
92 20.5 25 26 -0.34222984957159497
-1 0.0 0 0 -0.059646164571806305
-1 0.0 0 0 -0.010340604107036737
-1 0.0 0 0 0.000812730204206299
-1 0.0 0 0 0.001230376838770501
nodes 29
104 88.5 1 2 0.0
-1 0.0 0 0 0.0001078089926595504
6 1.1203100681304932 3 28 -0.020290460243234443
42 92.5 4 27 -0.03179115310033299
64 116.5 5 26 -0.02650408252317369
0 11.116766929626465 6 11 -0.037982669205980285
36 37.5 7 8 -0.0783626041114698
-1 0.0 0 0 -0.006041943843622564
19 60.5 9 10 -0.25300028530182317
-1 0.0 0 0 -0.0374306075932499
-1 0.0 0 0 0.00229703883829643
10 4.5 12 23 -0.007895658884243003
31 103.5 13 22 -0.0674641154748002
85 17.5 14 19 -0.0953628082623264
68 94.5 15 18 -0.02229794490208127
65 90.5 16 17 0.007803166302340277
-1 0.0 0 0 0.012541692995632342
-1 0.0 0 0 -0.009904314011571484
-1 0.0 0 0 -0.03769675595280917
22 22.5 20 21 -0.17830130180638845
-1 0.0 0 0 -0.03374905467525809
-1 0.0 0 0 -0.009778116046732595
-1 0.0 0 0 0.013824224601189296
131 21.5 24 25 0.021817598255447167
-1 0.0 0 0 -9.727907108599855e-05
-1 0.0 0 0 0.014394185428197185
-1 0.0 0 0 0.00632797320765463
-1 0.0 0 0 -0.02206005773654257
-1 0.0 0 0 0.00413803899371058
nodes 29
77 77.5 1 22 0.0
77 41.5 2 17 0.0014989607136340903
120 34.5 3 6 -0.0012057465194133064
97 78.5 4 5 -0.007853292922938607
-1 0.0 0 0 -0.002081454713416761
-1 0.0 0 0 0.0007307313695070715
28 27.5 7 10 0.006375372902746447
94 118.5 8 9 -0.0073109378613262785
-1 0.0 0 0 -0.0017808913750884696
-1 0.0 0 0 0.002487686190922773
97 81.5 11 16 0.01835966910859472
2 10.078238487243652 12 13 0.02363576998051489
-1 0.0 0 0 -0.00450523711200093
19 88.5 14 15 0.02899659185841917
-1 0.0 0 0 0.0015938322440772344
-1 0.0 0 0 0.005325234621210956
-1 0.0 0 0 -0.004180824605267363
24 95.5 18 21 0.017952753833151466
15 4.5 19 20 0.02196071894536891
-1 0.0 0 0 -2.813117522937586e-06
-1 0.0 0 0 0.003822586646351187
-1 0.0 0 0 -0.0060295941386376865
22 44.5 23 24 -0.014026322608570618
-1 0.0 0 0 -0.00334181111561536
90 8.5 25 28 0.018531028188406615
23 83.5 26 27 -0.09048250992782414
-1 0.0 0 0 -0.02012982053240633
-1 0.0 0 0 0.0021102738908666653
-1 0.0 0 0 0.002922153124765015
nodes 29
6 1.0534701347351074 1 28 0.0
114 117.5 2 21 -0.00542120686541547
70 74.5 3 18 -0.004287560979634815
5 1.247981071472168 4 5 -0.0019122597320868863
-1 0.0 0 0 -0.0009908491870560092
71 9.5 6 17 0.00861134009230472
7 0.6650000214576721 7 12 -0.004712168589517683
51 60.5 8 9 -0.0026619665843313264
-1 0.0 0 0 -0.0016245535826224398
83 50.5 10 11 0.027998354439832503
-1 0.0 0 0 0.003589358023451985
-1 0.0 0 0 -0.016896307489842968
97 19.5 13 14 -0.27292352680225335
-1 0.0 0 0 -0.06356315548182466
23 58.5 15 16 -0.09527061512095056
-1 0.0 0 0 0.02967762019556097
-1 0.0 0 0 -0.044208126099636924
-1 0.0 0 0 0.003012705146085263
136 13.5 19 20 -0.03940523681853577
-1 0.0 0 0 -0.0064124850222086515
-1 0.0 0 0 0.0015902439324421943
110 10.5 22 27 -0.08412278520618775
27 25.5 23 26 -0.04015382577448358
72 75.5 24 25 -0.006778396387274067
-1 0.0 0 0 -0.004927168741698268
-1 0.0 0 0 0.018856389670452077
-1 0.0 0 0 -0.03122361305615176
-1 0.0 0 0 -0.022226406819684043
-1 0.0 0 0 0.0004179000596635099
nodes 29
2 11.107015609741211 1 28 0.0
8 20.5 2 3 -0.00254560893874656
-1 0.0 0 0 -0.014080281456779331
6 1.0694109201431274 4 27 -0.0022554740872691072
99 99.5 5 26 -0.008910674949297865
29 57.5 6 23 -0.008008174985992546
22 99.5 7 18 -0.005078959157514666
28 102.5 8 15 -0.0013541635146606399
105 74.5 9 14 0.002234234121352014
18 120.5 10 13 0.006375037351551726
2 10.099383354187012 11 12 0.008751447573673632
-1 0.0 0 0 -0.009599884160427709
-1 0.0 0 0 0.001065009008525271
-1 0.0 0 0 -0.00747477686559203
-1 0.0 0 0 -0.0034480266810231266
41 37.5 16 17 -0.04697015162772197
-1 0.0 0 0 -0.01963262005088926
-1 0.0 0 0 -0.002893745054461367
73 102.5 19 22 -0.041623929612671494
75 68.5 20 21 -0.03333106956576596
-1 0.0 0 0 -0.0019094630011604068
-1 0.0 0 0 -0.013971373220982325
-1 0.0 0 0 -0.0243780579352588
7 0.5849999785423279 24 25 -0.05283062286627759
-1 0.0 0 0 -0.0044504947238615125
-1 0.0 0 0 -0.04226756357484394
-1 0.0 0 0 -0.015009471850468067
-1 0.0 0 0 0.00039371368538577934
-1 0.0 0 0 0.0008843356021219521
nodes 29
126 112.5 1 2 0.0
-1 0.0 0 0 0.00011863567718496088
114 64.5 3 26 -0.018149384800591577
56 13.5 4 15 -0.014652204386495164
118 27.5 5 6 -0.04898218939063233
-1 0.0 0 0 -0.011896096011329533
60 120.5 7 14 -0.02159919215132942
9 59.5 8 13 -0.05676208137033302
44 84.5 9 12 -0.08487367382434005
14 31.5 10 11 -0.07094679418353274
-1 0.0 0 0 -0.00930063460038953
-1 0.0 0 0 0.014891340562608095
-1 0.0 0 0 -0.050141398308121345
-1 0.0 0 0 0.010523692599174142
-1 0.0 0 0 0.005322743610671023
57 61.5 16 25 0.0002286815435850095
4 1.001737117767334 17 20 0.00730684638043351
67 51.5 18 19 -0.00736308528318464
-1 0.0 0 0 0.0011165045481187387
-1 0.0 0 0 -0.008571342548358762
100 1.5 21 24 0.07417180538508564
28 105.5 22 23 -0.015885554456499296
-1 0.0 0 0 0.0016286494591397087
-1 0.0 0 0 -0.03791616082889959
-1 0.0 0 0 0.014964601320686846
-1 0.0 0 0 -0.015038126374225644
89 58.5 27 28 -0.18666976600486254
-1 0.0 0 0 -0.03256735959048592
-1 0.0 0 0 0.002029149184624354
nodes 29
78 102.5 1 16 0.0
136 80.5 2 3 0.0007875992804078405
-1 0.0 0 0 0.0001623682556370032
56 28.5 4 5 -0.02824856931981455
-1 0.0 0 0 -0.005766505621480555
29 65.5 6 15 0.023288319783698424
69 12.5 7 8 0.041482303845831923
-1 0.0 0 0 -0.0012269650033041753
111 7.5 9 10 0.10841022413512588
-1 0.0 0 0 0.0016385545950922745
118 49.5 11 14 0.22547959321756153
1 10.760940551757812 12 13 0.3927585605182685
-1 0.0 0 0 0.06195380377926325
-1 0.0 0 0 0.01875771286986059
-1 0.0 0 0 0.0053911421627092825
-1 0.0 0 0 -0.015775305248888923
6 1.1317222118377686 17 28 -0.02668597020623503
110 79.5 18 25 -0.04205204558495156
25 2.5 19 24 -0.031137115115252696
113 4.5 20 21 0.05313442255931229
-1 0.0 0 0 0.030007454209231045
73 73.5 22 23 0.014744572043678128
-1 0.0 0 0 -0.004184571020752668
-1 0.0 0 0 0.0217163658557603
-1 0.0 0 0 -0.004520795473911753
118 18.5 26 27 -0.16545496536589996
-1 0.0 0 0 0.00823437181350432
-1 0.0 0 0 -0.023679095001011088
-1 0.0 0 0 0.004000662251632719
nodes 29
2 11.395267486572266 1 16 0.0
66 89.5 2 3 -0.0006936831661732224
-1 0.0 0 0 1.8759593789084147e-05
30 56.5 4 11 -0.03013698284072802
123 128.5 5 10 -0.015000997878572734
76 113.5 6 7 -0.019761327038466413
-1 0.0 0 0 -0.002898584241734688
24 24.5 8 9 0.11433328255011208
-1 0.0 0 0 0.0006687243182082163
-1 0.0 0 0 0.029948447026312355
-1 0.0 0 0 0.026440387753407575
56 81.5 12 13 -0.11165886675970475
-1 0.0 0 0 -0.013907806791902348
24 90.5 14 15 0.1277575726314198
-1 0.0 0 0 0.041002143403914365
-1 0.0 0 0 -0.016861948184669018
5 4.850311279296875 17 28 0.02879704541079043
79 21.5 18 25 0.024892944996544732
87 109.5 19 24 0.05153786375053167
65 4.5 20 23 0.0445533946670968
119 43.5 21 22 -0.05778739818357204
-1 0.0 0 0 -0.012652742143796936
-1 0.0 0 0 0.016523578837513927
-1 0.0 0 0 0.006217926611387565
-1 0.0 0 0 0.03444349543461877
15 83.5 26 27 -0.021770721926556068
-1 0.0 0 0 -0.0010164533040283102
-1 0.0 0 0 -0.04111056036569856
-1 0.0 0 0 0.04175339009435404
nodes 29
107 102.5 1 18 0.0
107 22.5 2 3 0.0007351944463281918
-1 0.0 0 0 -0.00019520761342029782
118 36.5 4 15 0.010451781194673888
74 3.5 5 6 0.015213922149050341
-1 0.0 0 0 -0.001560232806659676
34 2.5 7 10 0.0221257917555965
30 118.5 8 9 -0.0012974929763453586
-1 0.0 0 0 0.00014011120986292237
-1 0.0 0 0 -0.029883600124277366
103 99.5 11 14 0.032759149409069585
85 102.5 12 13 0.03631810167769058
-1 0.0 0 0 0.0040543646755508206
-1 0.0 0 0 -0.004944877986722971
-1 0.0 0 0 -0.007167067858732366
42 41.5 16 17 -0.031791736113856335
-1 0.0 0 0 -0.005724360938802541
-1 0.0 0 0 0.005926401099349319
94 1.5 19 22 -0.02674675181390086
130 65.5 20 21 0.004971756346450369
-1 0.0 0 0 0.001417475629284567
-1 0.0 0 0 -0.019177345872378432
136 28.5 23 26 -0.09715673775698616
73 122.5 24 25 -0.12172976066148067
-1 0.0 0 0 -0.01077912551789277
-1 0.0 0 0 -0.043818545920981306
6 1.0638375282287598 27 28 0.051208683553169355
-1 0.0 0 0 -0.012984318083719068
-1 0.0 0 0 0.038884594417303
nodes 29
82 100.5 1 2 0.0
-1 0.0 0 0 6.108964480539671e-05
25 125.5 3 28 -0.03267257806226429
87 38.5 4 25 -0.04327704756009718
124 86.5 5 20 -0.058957987648271044
71 8.5 6 11 -0.07300783703708909
110 42.5 7 10 -0.03949216919642059
116 79.5 8 9 -0.04984330540092196
-1 0.0 0 0 -0.00620048813809519
-1 0.0 0 0 0.02758166736198796
-1 0.0 0 0 0.03301912666786285
10 4.5 12 15 -0.13512461565525113
46 91.5 13 14 -0.21364248644907113
-1 0.0 0 0 -0.026255794335652068
-1 0.0 0 0 0.012695402831391055
35 16.5 16 17 -0.05113783843798096
-1 0.0 0 0 0.002991078220077966
43 13.5 18 19 -0.2717701946212738
-1 0.0 0 0 -0.00863301583355473
-1 0.0 0 0 -0.05217111130933399
7 0.5024999976158142 21 24 0.06834866292063745
76 41.5 22 23 0.0058909369934652305
-1 0.0 0 0 -0.007518714415457319
-1 0.0 0 0 0.027095389459282162
-1 0.0 0 0 0.04149890418164432
117 0.5 26 27 0.057539923348259636
-1 0.0 0 0 -0.009932599455977862
-1 0.0 0 0 0.013037052809127739
-1 0.0 0 0 0.009653227829933168
nodes 29
2 11.048458099365234 1 28 0.0
117 21.5 2 11 -0.0028377003460704742
16 105.5 3 8 0.0003564952743163908
26 110.5 4 5 0.0011485620382275003
-1 0.0 0 0 0.0002300394440644482
87 114.5 6 7 -0.046655806168596985
-1 0.0 0 0 -0.0030122441620656056
-1 0.0 0 0 -0.020007982464313363
6 1.1098204851150513 9 10 -0.09875950977471555
-1 0.0 0 0 -0.01592252850009741
-1 0.0 0 0 0.0016210626218874586
125 56.5 12 23 -0.016948203406276577
106 4.5 13 14 -0.010336809339227338
-1 0.0 0 0 0.0008235873287495073
51 115.5 15 16 -0.02498324610496387
-1 0.0 0 0 -0.0030870682330694822
78 8.5 17 22 0.07565511687862454
119 25.5 18 21 0.11436981374747945
86 14.5 19 20 -0.03284016777215912
-1 0.0 0 0 0.018340813490201016
-1 0.0 0 0 -0.020374608440174455
-1 0.0 0 0 0.020992717017250802
-1 0.0 0 0 -0.021164868620077246
71 3.5 24 25 -0.06557575806420407
-1 0.0 0 0 -0.001538533925001199
114 37.5 26 27 -0.10656999691502161
-1 0.0 0 0 -0.00753794273877278
-1 0.0 0 0 -0.023234495585300514
-1 0.0 0 0 0.0006940908705013895
nodes 29
133 55.5 1 2 0.0
-1 0.0 0 0 0.00010852019940091737
95 127.5 3 28 -0.018137153961902477
136 73.5 4 27 -0.019619110266324114
134 83.5 5 22 -0.01810966092764652
99 30.5 6 19 -0.013514936496361154
69 13.5 7 18 -0.006249759826306453
17 1.5 8 9 0.046774873772762474
-1 0.0 0 0 -0.007793905921858656
71 7.5 10 11 0.07050774908081771
-1 0.0 0 0 0.014985620457465352
72 2.5 12 13 0.02226388814056554
-1 0.0 0 0 -0.026731997246251388
4 0.659940779209137 14 15 0.0433923243219061
-1 0.0 0 0 0.040564251625487074
7 0.22750000655651093 16 17 0.025442990487389832
-1 0.0 0 0 -0.003455653723156978
-1 0.0 0 0 0.01479077799411567
-1 0.0 0 0 -0.002125850704733839
9 11.5 20 21 -0.07958692055233033
-1 0.0 0 0 -0.016172921457908787
-1 0.0 0 0 0.0006433335853372841
80 72.5 23 26 -0.12246625591179286
1 10.963549613952637 24 25 -0.07677954957214615
-1 0.0 0 0 4.650363179210287e-05
-1 0.0 0 0 -0.02560973382455164
-1 0.0 0 0 -0.04493019243415732
-1 0.0 0 0 -0.03645282841541551
-1 0.0 0 0 0.03559827150893398
nodes 29
74 117.5 1 28 0.0
60 115.5 2 3 0.0003508495685552778
-1 0.0 0 0 -0.00016682998537455258
72 92.5 4 27 0.01195824791536172
2 10.078238487243652 5 6 0.014155699673194678
-1 0.0 0 0 -0.004682056653025341
53 37.5 7 26 0.01905263924787571
60 116.5 8 9 0.021857092463452278
-1 0.0 0 0 0.008735513436490091
33 86.5 10 21 0.01702331068108848
6 1.0534701347351074 11 12 0.02312462970244803
-1 0.0 0 0 0.00039060025939941407
4 0.9613485932350159 13 18 0.04196679759510571
130 11.5 14 15 0.02539838697229648
-1 0.0 0 0 0.0010129536967213883
2 10.791893005371094 16 17 0.11011308407043909
-1 0.0 0 0 0.0029839219587752255
-1 0.0 0 0 0.021446910789793196
12 14.5 19 20 0.07925917862006422
-1 0.0 0 0 0.0048405957467422935
-1 0.0 0 0 0.01689214583656842
130 17.5 22 25 -0.04033140361078098
0 11.434077262878418 23 24 -0.023900511350971095
-1 0.0 0 0 -0.004315939627864314
-1 0.0 0 0 0.020669253751635554
-1 0.0 0 0 -0.02377049612502257
-1 0.0 0 0 -0.01032111340875013
-1 0.0 0 0 -0.012224105943623984
-1 0.0 0 0 -0.00555038963331418
nodes 29
20 89.5 1 2 0.0
-1 0.0 0 0 9.696863966863037e-05
0 11.320541381835938 3 24 -0.0201219317133385
73 121.5 4 21 -0.03972385305124406
101 50.5 5 12 -0.051564106363596894
52 3.5 6 7 -0.07278764076377454
-1 0.0 0 0 0.028954918399852304
128 17.5 8 11 -0.07848092420560639
29 55.5 9 10 -0.041937157321284044
-1 0.0 0 0 -0.003161311477690721
-1 0.0 0 0 -0.033883159291563616
-1 0.0 0 0 -0.012333839805611207
93 44.5 13 16 -0.001545099509011531
11 2.5 14 15 -0.1227366398292056
-1 0.0 0 0 -0.03978200186551972
-1 0.0 0 0 -0.006528251640352383
120 42.5 17 18 0.038572030822283214
-1 0.0 0 0 -0.002654519687757938
40 23.5 19 20 0.10669111653667848
-1 0.0 0 0 0.014833404690963312
-1 0.0 0 0 -0.016905261160856163
94 124.5 22 23 0.04102792747586069
-1 0.0 0 0 0.009339758332288185
-1 0.0 0 0 -0.012413791019551375
118 14.5 25 26 0.029317726541651986
-1 0.0 0 0 -0.002522039491560507
119 4.5 27 28 0.0693338629954974
-1 0.0 0 0 -0.01845068191372169
-1 0.0 0 0 0.008873569857252015
nodes 29
108 123.5 1 28 0.0
116 119.5 2 3 0.0002138198965389508
-1 0.0 0 0 8.744333108775209e-05
31 43.5 4 13 -0.029425160750971808
55 64.5 5 10 -0.07537758673273394
49 59.5 6 9 -0.03948048274021302
7 0.550000011920929 7 8 -0.014209044197435019
-1 0.0 0 0 -0.003948445106450103
-1 0.0 0 0 0.016415490653492848
-1 0.0 0 0 -0.021343630727253926
41 0.5 11 12 -0.1943508456793747
-1 0.0 0 0 0.00013636482322137012
-1 0.0 0 0 -0.026651373170264194
40 67.5 14 27 0.0247843417743882
7 0.1899999976158142 15 18 0.00939661656121251
135 23.5 16 17 -0.05481484435285576
-1 0.0 0 0 -0.008555133399688093
-1 0.0 0 0 0.02674792042002082
124 117.5 19 26 0.06779708553735606
2 10.842244148254395 20 21 0.09892264643884441
-1 0.0 0 0 0.0006461396504060499
85 43.5 22 25 0.20387865987832884
1 10.752591133117676 23 24 0.3889670077321195
-1 0.0 0 0 0.06711165429476429
-1 0.0 0 0 0.014913990279892458
-1 0.0 0 0 0.008048642797580174
-1 0.0 0 0 -0.019379007523047165
-1 0.0 0 0 0.02745389586959321
-1 0.0 0 0 -0.009034495338696531
nodes 29
78 119.5 1 24 0.0
2 10.615431785583496 2 3 0.0005217888613558899
-1 0.0 0 0 -0.0006709327067076012
47 110.5 4 21 0.0033079305651072437
83 73.5 5 14 0.005092902075376289
88 58.5 6 11 0.0004137303044095754
47 28.5 7 8 -0.012228640223313358
-1 0.0 0 0 -0.0024946880607387683
31 29.5 9 10 0.013943747301588576
-1 0.0 0 0 -0.004089212592805477
-1 0.0 0 0 0.002945231213595163
116 67.5 12 13 0.012475971993974712
-1 0.0 0 0 0.0015324182868621666
-1 0.0 0 0 -0.008203580257216734
65 24.5 15 16 0.02031722283710906
-1 0.0 0 0 -0.0055946977650505846
123 50.5 17 20 0.02629154753952295
54 37.5 18 19 -0.006834112064132771
-1 0.0 0 0 -0.0062320428613355724
-1 0.0 0 0 0.0021681640491543835
-1 0.0 0 0 0.004146100504974096
31 109.5 22 23 -0.03587107246944805
-1 0.0 0 0 -0.005390388753887823
-1 0.0 0 0 0.008256728085341267
36 70.5 25 28 -0.037018574575059714
68 56.5 26 27 -0.0297762862651962
-1 0.0 0 0 -0.0022516962579391454
-1 0.0 0 0 -0.026872902425626916
-1 0.0 0 0 -0.036453094592110984
nodes 29
2 10.914088249206543 1 2 0.0
-1 0.0 0 0 -0.00039722524941749503
6 1.0960466861724854 3 10 0.00491316380559486
32 137.5 4 9 0.0014140715386596866
47 133.5 5 8 0.0017204762605825133
30 116.5 6 7 0.002091125258687128
-1 0.0 0 0 0.0003631966466285496
-1 0.0 0 0 -0.005955334862750239
-1 0.0 0 0 -0.02527918357712527
-1 0.0 0 0 -0.03343959285411984
134 41.5 11 26 0.02929843993150818
135 21.5 12 13 0.040633536089247885
-1 0.0 0 0 0.0027296072257896277
3 0.7913315892219543 14 19 0.10568840524581447
2 11.21100902557373 15 16 0.0707078020378856
-1 0.0 0 0 0.0037597373455971073
65 14.5 17 18 0.23161829608083467
-1 0.0 0 0 -0.00852487544179894
-1 0.0 0 0 0.042079265458759535
86 5.5 20 21 0.2612404492980939
-1 0.0 0 0 -0.005262899020630302
66 22.5 22 25 0.3571450002577708
74 11.5 23 24 0.16041529174386102
-1 0.0 0 0 0.0404896646612198
-1 0.0 0 0 -0.015150919550194823
-1 0.0 0 0 0.06662916850653433
60 121.5 27 28 -0.06853449325403109
-1 0.0 0 0 -0.009102275186121585
-1 0.0 0 0 0.027651972474996
nodes 29
6 0.9389230608940125 1 26 0.0
8 48.5 2 19 -0.018961883249876525
30 14.5 3 18 -0.0417822277131833
47 2.5 4 11 -0.06552885719323857
115 126.5 5 10 -0.01804567926608493
38 10.5 6 9 -0.02962160988053662
97 112.5 7 8 -0.0069240180624702595
-1 0.0 0 0 0.0007894684997722834
-1 0.0 0 0 -0.02987384783247343
-1 0.0 0 0 -0.019029666775053272
-1 0.0 0 0 0.03373353905975819
67 48.5 12 15 -0.10049324140440631
37 40.5 13 14 -0.07652360587862128
-1 0.0 0 0 -0.005699960649219054
-1 0.0 0 0 -0.023772175465889563
28 16.5 16 17 -0.22499739140164937
-1 0.0 0 0 0.007872752493924716
-1 0.0 0 0 -0.028210805943156156
-1 0.0 0 0 -0.0006245479892680163
35 13.5 20 21 0.008348068329531878
-1 0.0 0 0 -0.0018918110637953251
50 103.5 22 25 0.04946061014211776
57 8.5 23 24 0.014110664833998797
-1 0.0 0 0 -0.00897089565022677
-1 0.0 0 0 0.004871720527942097
-1 0.0 0 0 0.014584073008533
2 11.268634796142578 27 28 0.0010187477509107298
-1 0.0 0 0 -3.859591189172238e-05
-1 0.0 0 0 0.00184221917890086
nodes 29
81 114.5 1 20 0.0
67 68.5 2 17 -0.0029819378868231085
135 90.5 3 16 -0.0009891659978519102
89 76.5 4 5 -7.652926828746761e-05
-1 0.0 0 0 -0.0009091826248320192
93 34.5 6 15 0.006784890560001977
2 10.964120864868164 7 10 0.010383390747521981
73 79.5 8 9 -6.382110642707742e-05
-1 0.0 0 0 0.00032716723454736456
-1 0.0 0 0 -0.008842727974885395
128 13.5 11 14 0.03011009910534166
7 0.4000000059604645 12 13 0.050385272833689446
-1 0.0 0 0 0.003892103062600818
-1 0.0 0 0 0.013037785467594041
-1 0.0 0 0 0.0004013041732987663
-1 0.0 0 0 -0.006521759481684895
-1 0.0 0 0 -0.007823350040206362
40 59.5 18 19 -0.03934470161697228
-1 0.0 0 0 -0.004891890138518564
-1 0.0 0 0 0.00785501515957971
54 20.5 21 28 0.006398374058011392
80 46.5 22 23 0.009382968968923197
-1 0.0 0 0 1.3858630433010105e-05
60 57.5 24 27 0.029539780002995116
9 46.5 25 26 0.005418856654080968
-1 0.0 0 0 -0.0023139098241100786
-1 0.0 0 0 0.004812942636457404
-1 0.0 0 0 0.005015220541024903
-1 0.0 0 0 -0.005650202139623973
nodes 29
6 1.1258175373077393 1 28 0.0
2 10.138480186462402 2 5 -0.002088114769522084
45 30.5 3 4 -0.04331814495501488
-1 0.0 0 0 -0.002798998140279228
-1 0.0 0 0 -0.015740180498109917
111 99.5 6 23 -0.0008040843758646005
80 114.5 7 16 -0.00031981661804244356
80 46.5 8 13 0.0007393129349148835
84 68.5 9 10 -0.003132789787588468
-1 0.0 0 0 -0.0010457753869008576
90 12.5 11 12 0.01263916661839546
-1 0.0 0 0 -0.009272019500949432
-1 0.0 0 0 0.0017487091861910086
49 53.5 14 15 0.012885798107292611
-1 0.0 0 0 -0.0023607503240637394
-1 0.0 0 0 0.002693590092615274
97 82.5 17 22 -0.044216760876588525
25 30.5 18 21 -0.02581526517329416
71 16.5 19 20 0.003979891087942306
-1 0.0 0 0 -0.0037316833996537332
-1 0.0 0 0 0.010100072277679992
-1 0.0 0 0 -0.010884443395460646
-1 0.0 0 0 -0.015087032780996809
18 27.5 24 25 -0.09748390146220724
-1 0.0 0 0 -0.019611422982857084
2 10.937597274780273 26 27 0.02770074607971578
-1 0.0 0 0 -0.02903447520953638
-1 0.0 0 0 0.009426840848845337
-1 0.0 0 0 0.0009241128587868535
nodes 29
1 11.377140045166016 1 28 0.0
5 1.2667123079299927 2 19 -0.0002769663644162207
131 72.5 3 18 -0.004919074366960217
41 96.5 4 15 -0.00366342623507256
102 100.5 5 12 -0.009383668737145766
115 35.5 6 11 -0.006055600521934859
60 66.5 7 10 -0.016834984563951622
46 45.5 8 9 -0.030269540570969106
-1 0.0 0 0 -0.005149012923996461
-1 0.0 0 0 -9.830167063952123e-05
-1 0.0 0 0 0.00036955747516757967
-1 0.0 0 0 0.0007225855849286702
126 21.5 13 14 -0.06391834538822462
-1 0.0 0 0 -0.017890258006144515
-1 0.0 0 0 -0.004201658640284928
81 90.5 16 17 0.010840248628934053
-1 0.0 0 0 -0.0015785044503807792
-1 0.0 0 0 0.0023969032588751892
-1 0.0 0 0 -0.006424215637527398
2 10.779081344604492 20 21 0.004084472894393116
-1 0.0 0 0 -0.00048587780226972283
54 130.5 22 23 0.012883055839326087
-1 0.0 0 0 0.0011479976724566565
32 20.5 24 25 0.11567541104875291
-1 0.0 0 0 -0.009288087399487478
129 28.5 26 27 0.1746523932946968
-1 0.0 0 0 0.0034290237023332525
-1 0.0 0 0 0.032453062795734004
-1 0.0 0 0 0.007037148916159905
end
