vecsearch-termination-model 1
kind gbdt
checkpoint 100
query_dim 128
bias 6.32160529506232
trees 200
nodes 29
1 10.414692878723145 1 14 0.0
1 9.785041809082031 2 9 -0.6319106257502178
6 0.9934342503547668 3 8 -1.0106952636164495
2 10.67202091217041 4 7 -0.9537932220727614
1 9.202005386352539 5 6 -1.0517129947608292
-1 0.0 0 0 -0.12563286423800127
-1 0.0 0 0 -0.09105911633385173
-1 0.0 0 0 -0.06264768937855295
-1 0.0 0 0 -0.18213904113638835
50 49.5 10 11 -0.40162762237628835
-1 0.0 0 0 -0.05288997362299232
94 28.5 12 13 -0.22278865285599878
-1 0.0 0 0 -0.05431575603261427
-1 0.0 0 0 -0.008388830856498783
1 10.867138862609863 15 24 0.2995335607696474
1 10.635398864746094 16 19 0.10401962077251721
50 65.5 17 18 -0.03250613611421127
-1 0.0 0 0 -0.012979629006668554
-1 0.0 0 0 0.015407864118276458
3 0.6214994192123413 20 21 0.20230792978872097
-1 0.0 0 0 -0.006709103504345747
50 49.5 22 23 0.2453209116589094
-1 0.0 0 0 0.016264998942243505
-1 0.0 0 0 0.037752928087837645
3 0.6769275665283203 25 26 0.49280087435477127
-1 0.0 0 0 0.01937744343963665
1 11.075319290161133 27 28 0.53764698245725
-1 0.0 0 0 0.04589615688286066
-1 0.0 0 0 0.06187315244837482
nodes 29
1 10.414692878723145 1 16 0.0
1 9.906782150268555 2 11 -0.5687195622427121
6 0.9934342503547668 3 10 -0.8624060555021078
1 9.09817886352539 4 7 -0.8156660650712446
2 10.384894371032715 5 6 -1.0694877518483876
-1 0.0 0 0 -0.12172016497065735
-1 0.0 0 0 -0.07826450373750563
2 10.658763885498047 8 9 -0.7168475778088392
-1 0.0 0 0 -0.07962029403513207
-1 0.0 0 0 -0.04647996525676276
-1 0.0 0 0 -0.16309566612079882
50 53.5 12 13 -0.3271937476018432
-1 0.0 0 0 -0.04436467514132936
94 28.5 14 15 -0.15548785833370293
-1 0.0 0 0 -0.04306487763987212
-1 0.0 0 0 -0.0038428082193397977
1 10.774592399597168 17 24 0.2695802056183644
50 52.5 18 21 0.043912971005746246
64 75.5 19 20 -0.0434282916836808
-1 0.0 0 0 -0.016598830535539677
-1 0.0 0 0 0.007627951499304304
94 24.5 22 23 0.18855261572875007
-1 0.0 0 0 -0.012660496068229138
-1 0.0 0 0 0.028109851266014133
3 0.6769275665283203 25 26 0.4054007015443904
-1 0.0 0 0 0.014413701514536829
1 11.007369041442871 27 28 0.4508508396296735
-1 0.0 0 0 0.03517465340819254
-1 0.0 0 0 0.05365267485125163
nodes 29
1 10.337410926818848 1 14 0.0
1 9.661225318908691 2 7 -0.563806291678988
2 10.409159660339355 3 6 -0.8652857933699973
7 0.2750000059604645 4 5 -0.9904162248707399
-1 0.0 0 0 -0.09072973672826781
-1 0.0 0 0 -0.13494753588136518
-1 0.0 0 0 -0.060668569531538166
88 85.5 8 11 -0.3933433218126976
2 11.053647994995117 9 10 -0.49532536529362403
-1 0.0 0 0 -0.05261304795307331
-1 0.0 0 0 -0.009885052881657776
60 41.5 12 13 -0.23510806670002016
-1 0.0 0 0 -0.04346330790877956
-1 0.0 0 0 -0.011091496722041044
1 10.765850067138672 15 22 0.22182657381050958
35 0.5 16 17 0.010553380459108778
-1 0.0 0 0 -0.016128622272619107
86 0.5 18 19 0.07365873260758271
-1 0.0 0 0 -0.013191308773223241
1 10.552265167236328 20 21 0.12459120790648294
-1 0.0 0 0 0.0013862091117455247
-1 0.0 0 0 0.02009813825777828
3 0.7450056076049805 23 26 0.3620353459344486
3 0.5596761703491211 24 25 0.2122858511395969
-1 0.0 0 0 -0.015741830317007165
-1 0.0 0 0 0.024401107425559974
1 10.99344539642334 27 28 0.4293228752525364
-1 0.0 0 0 0.033078473205255164
-1 0.0 0 0 0.05030218527848686
nodes 29
1 10.503861427307129 1 16 0.0
1 9.961945533752441 2 9 -0.41369024079010785
6 0.9934342503547668 3 8 -0.6861210942438911
1 9.09817886352539 4 5 -0.6475117616612079
-1 0.0 0 0 -0.08762528908317967
102 8.5 6 7 -0.5678227974299158
-1 0.0 0 0 -0.06884015614314552
-1 0.0 0 0 -0.04423631086567323
-1 0.0 0 0 -0.13593586972105215
50 56.5 10 13 -0.2155356914897881
64 72.5 11 12 -0.3101332644117434
-1 0.0 0 0 -0.041887548870196335
-1 0.0 0 0 -0.02050701520433425
94 28.5 14 15 -0.06809645674803808
-1 0.0 0 0 -0.031298796037825746
-1 0.0 0 0 0.0030331874957384417
1 10.879743576049805 17 26 0.2456469385649618
3 0.6527255177497864 18 19 0.11101950215481445
-1 0.0 0 0 -0.006584083849162155
50 50.5 20 23 0.16082738581787512
90 45.5 21 22 0.08927800873237027
-1 0.0 0 0 -0.002999496050203488
-1 0.0 0 0 0.018005623910835416
94 19.5 24 25 0.270970959859621
-1 0.0 0 0 -0.003930901050339702
-1 0.0 0 0 0.033596635229812315
3 0.7497760057449341 27 28 0.3674475123519968
-1 0.0 0 0 0.023268667269050223
-1 0.0 0 0 0.042412862056120465
nodes 29
1 10.329147338867188 1 14 0.0
1 9.54952335357666 2 7 -0.4646160014643098
2 10.384894371032715 3 6 -0.7379200494049427
7 0.36500000953674316 4 5 -0.8574671736916746
-1 0.0 0 0 -0.08039143822945279
-1 0.0 0 0 -0.1298484506077155
-1 0.0 0 0 -0.050176397900135256
102 21.5 8 11 -0.34187314478427133
1 10.142701148986816 9 10 -0.43483447186097596
-1 0.0 0 0 -0.051302804291114106
-1 0.0 0 0 -0.029429825582232418
50 32.5 12 13 -0.2105625078381389
-1 0.0 0 0 -0.04541033951894234
-1 0.0 0 0 -0.010978530791203403
1 10.729437828063965 15 24 0.17928320150232974
88 85.5 16 21 -0.00961442098640386
64 72.5 17 18 -0.08237377522826488
-1 0.0 0 0 -0.018433861955847296
84 16.5 19 20 0.019334706518606724
-1 0.0 0 0 -0.019528407702984932
-1 0.0 0 0 0.00980023872153012
60 37.5 22 23 0.1251796944138038
-1 0.0 0 0 -0.009976121708036537
-1 0.0 0 0 0.02264211190745537
5 1.2254623174667358 25 26 0.28496493069972134
-1 0.0 0 0 0.03769262887121585
3 0.6017579436302185 27 28 0.2031550425270089
-1 0.0 0 0 -0.004936253448559541
-1 0.0 0 0 0.02315447438082276
nodes 29
1 10.477484703063965 1 16 0.0
1 9.906782150268555 2 11 -0.34913421367501424
6 0.9934342503547668 3 10 -0.5739687142548726
2 10.795280456542969 4 9 -0.5396177708137105
50 74.5 5 6 -0.5958243360530554
-1 0.0 0 0 -0.06760451547969647
94 57.5 7 8 -0.4230027891340418
-1 0.0 0 0 -0.06047082783022835
-1 0.0 0 0 -0.02158729908049918
-1 0.0 0 0 -0.026769446873610072
-1 0.0 0 0 -0.11388049100885989
88 85.5 12 13 -0.19504240100114756
-1 0.0 0 0 -0.027628679805385206
60 37.5 14 15 -0.06624893066657747
-1 0.0 0 0 -0.024896236309256033
-1 0.0 0 0 0.0029634896302147924
1 10.91005802154541 17 24 0.19372698512155817
135 2.5 18 21 0.08987933083613552
64 59.5 19 20 -0.017791863281260298
-1 0.0 0 0 -0.012583437869912098
-1 0.0 0 0 0.0074139201747833484
68 10.5 22 23 0.1544213336378805
-1 0.0 0 0 0.003697837986423303
-1 0.0 0 0 0.022924993244365605
3 0.6569471955299377 25 26 0.3110650288431441
-1 0.0 0 0 0.006882239375945261
69 1.5 27 28 0.3360294535417482
-1 0.0 0 0 0.019043447882312395
-1 0.0 0 0 0.03674954299689883
nodes 29
1 10.264164924621582 1 12 0.0
1 9.377124786376953 2 5 -0.40671793542441387
2 10.221505165100098 3 4 -0.6480255864509339
-1 0.0 0 0 -0.07707632301238676
-1 0.0 0 0 -0.04567856510528503
35 1.5 6 9 -0.3194389264186888
39 0.5 7 8 -0.44362999125493696
-1 0.0 0 0 -0.05866894006260072
-1 0.0 0 0 -0.035608562155966215
86 0.5 10 11 -0.24437045436304103
-1 0.0 0 0 -0.042012669781222624
-1 0.0 0 0 -0.01750373844178305
1 10.705130577087402 13 22 0.1362903021536969
50 46.5 14 19 -0.030139200631547618
90 37.5 15 16 -0.10279165037749592
-1 0.0 0 0 -0.023285409803455524
54 42.5 17 18 -0.009235491370422613
-1 0.0 0 0 -0.018815416779664328
-1 0.0 0 0 0.010553653251703661
94 24.5 20 21 0.07765623388259124
-1 0.0 0 0 -0.016424474661464964
-1 0.0 0 0 0.01529377142114388
3 0.6899220943450928 23 24 0.22829938999195476
-1 0.0 0 0 0.007133096927030281
1 11.02083969116211 25 28 0.2649165640829014
135 1.5 26 27 0.2032829829016997
-1 0.0 0 0 0.00974182932947297
-1 0.0 0 0 0.02504483483366847
-1 0.0 0 0 0.03377921166000566
nodes 29
1 10.503861427307129 1 18 0.0
1 9.961945533752441 2 11 -0.2757909286360143
6 0.9934342503547668 3 10 -0.45797003491984484
2 10.75694465637207 4 9 -0.4292148295759797
1 8.89754581451416 5 6 -0.4810858616232019
-1 0.0 0 0 -0.06968619372222389
88 98.5 7 8 -0.43000498263765197
-1 0.0 0 0 -0.050505050129357645
-1 0.0 0 0 -0.029102908562152113
-1 0.0 0 0 -0.020323065899630427
-1 0.0 0 0 -0.0959379518677661
4 0.8179024457931519 12 13 -0.14328163961845583
-1 0.0 0 0 -0.036252625296780076
50 69.5 14 17 -0.10484031607859678
113 76.5 15 16 -0.16942303820899013
-1 0.0 0 0 -0.013946799838418473
-1 0.0 0 0 -0.044916065421071606
-1 0.0 0 0 0.0008733585354125726
1 10.93174934387207 19 26 0.16376310263630603
35 0.5 20 21 0.08521806278615432
-1 0.0 0 0 -0.004391060455614841
86 1.5 22 23 0.12981014458360476
-1 0.0 0 0 -0.001499755440088785
3 0.6186555027961731 24 25 0.1702382409289921
-1 0.0 0 0 -0.0012362126075604336
-1 0.0 0 0 0.019600990056009904
5 1.2254623174667358 27 28 0.2597777442330811
-1 0.0 0 0 0.03186535615905172
-1 0.0 0 0 0.018664904238004057
nodes 29
1 10.329147338867188 1 12 0.0
1 9.633645057678223 2 7 -0.3097763549153258
7 0.26500000059604645 3 6 -0.4787435600647303
2 10.312180519104004 4 5 -0.41720028917943497
-1 0.0 0 0 -0.05023404931030739
-1 0.0 0 0 -0.027683913575703174
-1 0.0 0 0 -0.07410289882847876
4 0.7863249778747559 8 9 -0.21794340394105846
-1 0.0 0 0 -0.043918024660341254
134 1.5 10 11 -0.1843716609103066
-1 0.0 0 0 -0.029332853750455114
-1 0.0 0 0 -0.011875173956164803
1 10.801736831665039 13 24 0.11953461869412285
4 0.8179024457931519 14 15 0.013158158361798128
-1 0.0 0 0 -0.02048735844555391
88 75.5 16 21 0.040018800579968546
115 30.5 17 18 -0.017402202829539345
-1 0.0 0 0 -0.01241288759334809
54 44.5 19 20 0.06871906805208476
-1 0.0 0 0 -0.008104480847256323
-1 0.0 0 0 0.017186135401682102
60 21.5 22 23 0.1307284278426352
-1 0.0 0 0 -0.010076754324394177
-1 0.0 0 0 0.019028183246609348
103 1.5 25 26 0.20505875734856246
-1 0.0 0 0 0.008611912273584299
92 1.5 27 28 0.24205669939707788
-1 0.0 0 0 0.007743120606637849
-1 0.0 0 0 0.027517670656222806
nodes 29
1 10.558699607849121 1 18 0.0
1 10.022603034973145 2 11 -0.21015378511675242
7 0.20499999821186066 3 8 -0.36223323329302337
4 0.7819244861602783 4 5 -0.3042216907231965
-1 0.0 0 0 -0.05048494467852552
2 11.02436637878418 6 7 -0.2535135765536652
-1 0.0 0 0 -0.02845068505789171
-1 0.0 0 0 0.010502880064948063
6 1.0 9 10 -0.5512889915964505
-1 0.0 0 0 -0.05055322166599549
-1 0.0 0 0 -0.1131333521994433
35 0.5 12 13 -0.09863317505271049
-1 0.0 0 0 -0.022832540905578156
102 10.5 14 17 -0.04581127476439429
90 48.5 15 16 -0.14533166850225648
-1 0.0 0 0 -0.024950081823414506
-1 0.0 0 0 -0.0018674749677829268
-1 0.0 0 0 0.0027408122431877963
3 0.6365046501159668 19 20 0.14476558030555806
-1 0.0 0 0 -0.0048810160665488135
62 1.5 21 22 0.17078302562576075
-1 0.0 0 0 0.003533021831192901
67 3.5 23 26 0.1990135658500266
90 38.5 24 25 0.10273553541288023
-1 0.0 0 0 0.0024904394333809445
-1 0.0 0 0 0.018526001163239752
1 11.070319175720215 27 28 0.2505972094493847
-1 0.0 0 0 0.021091201024186726
-1 0.0 0 0 0.033024641552734456
nodes 29
1 10.232539176940918 1 10 0.0
1 9.377124786376953 2 3 -0.2811285543158188
-1 0.0 0 0 -0.04410368575983747
4 0.6827524900436401 4 5 -0.2193490846211383
-1 0.0 0 0 -0.05737877978747674
2 11.02436637878418 6 9 -0.2011425225031362
50 74.5 7 8 -0.22388047727007945
-1 0.0 0 0 -0.02877635269744308
-1 0.0 0 0 -0.010634518284196188
-1 0.0 0 0 0.010723537193984438
1 10.690261840820312 11 20 0.08840313503504046
94 64.5 12 17 -0.028735714523902365
90 37.5 13 14 -0.08206017054943542
-1 0.0 0 0 -0.017903790678296644
54 42.5 15 16 0.0018653334451967658
-1 0.0 0 0 -0.014294261577564428
-1 0.0 0 0 0.009779698683121901
50 26.5 18 19 0.06978992149330623
-1 0.0 0 0 -0.023975839106592314
-1 0.0 0 0 0.013268283948359178
69 7.5 21 26 0.1516330816456181
64 47.5 22 23 0.06750196379671415
-1 0.0 0 0 -0.002267292313507005
84 18.5 24 25 0.13769309556337053
-1 0.0 0 0 -0.006260550941920466
-1 0.0 0 0 0.019150205355258392
67 3.5 27 28 0.19690438561257562
-1 0.0 0 0 0.009304743386695754
-1 0.0 0 0 0.023984685568744845
nodes 29
1 10.569803237915039 1 16 0.0
1 10.079623222351074 2 11 -0.16868615860101613
6 0.9934342503547668 3 10 -0.28666979953258176
4 0.7678880095481873 4 5 -0.2657721935913888
-1 0.0 0 0 -0.04641556067601849
2 10.795280456542969 6 9 -0.22760006298758695
50 74.5 7 8 -0.26771884753316694
-1 0.0 0 0 -0.03320581978653713
-1 0.0 0 0 -0.014166554696180536
-1 0.0 0 0 -0.0035634944819190463
-1 0.0 0 0 -0.0705662894991121
35 0.5 12 13 -0.07102798893908703
-1 0.0 0 0 -0.018506575393792416
135 1.5 14 15 -0.024693520686684366
-1 0.0 0 0 -0.013871526345908639
-1 0.0 0 0 0.0024424920480025816
5 1.233883261680603 17 22 0.12000690344588767
86 2.5 18 19 0.18989966934079308
-1 0.0 0 0 0.00574615521256169
52 1.5 20 21 0.22126695143607134
-1 0.0 0 0 0.00832759638107965
-1 0.0 0 0 0.024893009796130915
121 119.5 23 28 0.06118844501174267
3 0.5596761703491211 24 25 0.07481807584990474
-1 0.0 0 0 -0.016157249760257335
67 3.5 26 27 0.09173294084201007
-1 0.0 0 0 0.0017488308176585314
-1 0.0 0 0 0.01315871443701567
-1 0.0 0 0 -0.025175429837078423
nodes 29
1 10.21126651763916 1 10 0.0
7 0.26500000059604645 2 9 -0.2342327561314746
4 0.7819244861602783 3 4 -0.19945143582000358
-1 0.0 0 0 -0.03732372980700865
2 11.006074905395508 5 8 -0.16197214546244257
94 101.5 6 7 -0.1846595880485314
-1 0.0 0 0 -0.023234378504902745
-1 0.0 0 0 -0.00720469832015678
-1 0.0 0 0 0.010807006116478977
-1 0.0 0 0 -0.04505222938710148
1 10.879743576049805 11 22 0.07051114278696385
103 1.5 12 15 0.007300833257871354
64 49.5 13 14 -0.09327566345655619
-1 0.0 0 0 -0.021712277754026267
-1 0.0 0 0 -0.0007716881688536234
92 0.5 16 17 0.048434820105920665
-1 0.0 0 0 -0.010403768398393229
9 117.5 18 21 0.08912544085067117
25 99.5 19 20 0.10156089744296276
-1 0.0 0 0 0.012140550404156633
-1 0.0 0 0 -0.00799794536835959
-1 0.0 0 0 -0.024976460446688154
102 11.5 23 26 0.15479155549242052
22 10.5 24 25 0.08900014507832373
-1 0.0 0 0 -0.003777450957348114
-1 0.0 0 0 0.015069552549846663
19 8.5 27 28 0.2078199866743267
-1 0.0 0 0 0.011344564491944303
-1 0.0 0 0 0.025578940941748413
nodes 29
1 10.558699607849121 1 16 0.0
1 9.785041809082031 2 5 -0.14089301886623845
7 0.32500000298023224 3 4 -0.27895299850818117
-1 0.0 0 0 -0.02461777241190989
-1 0.0 0 0 -0.05279160473518638
35 2.5 6 11 -0.08226076189311589
46 33.5 7 8 -0.1627167868394186
-1 0.0 0 0 -0.023462247032381645
115 14.5 9 10 -0.052058362727144585
-1 0.0 0 0 -0.021159915323962334
-1 0.0 0 0 0.005074524616751954
94 52.5 12 15 -0.02901696285146481
90 48.5 13 14 -0.09966894199836553
-1 0.0 0 0 -0.01661248620848858
-1 0.0 0 0 0.0015431318020424135
-1 0.0 0 0 0.005359363904544421
3 0.7025351524353027 17 20 0.09705492409377943
3 0.53106689453125 18 19 -0.0013509933033871357
-1 0.0 0 0 -0.022997858071737362
-1 0.0 0 0 0.0024573846009555145
86 0.5 21 22 0.1292892693485059
-1 0.0 0 0 -0.0008592050218159744
92 1.5 23 24 0.14969636867549518
-1 0.0 0 0 0.002643649331202153
56 2.5 25 26 0.17528021707896335
-1 0.0 0 0 -0.0025872584891508442
135 1.5 27 28 0.18789712939032172
-1 0.0 0 0 0.011323575131838862
-1 0.0 0 0 0.021852316780154684
nodes 29
1 10.165351867675781 1 12 0.0
6 0.9934342503547668 2 11 -0.20140494136477283
4 0.6827524900436401 3 4 -0.18438734198262896
-1 0.0 0 0 -0.045407844478730475
135 0.5 5 6 -0.1642711794510581
-1 0.0 0 0 -0.0262737570457733
68 19.5 7 10 -0.1135715000468656
116 13.5 8 9 -0.19178743983945182
-1 0.0 0 0 -0.026474891076671482
-1 0.0 0 0 -0.003590363947268368
-1 0.0 0 0 -0.0016762742478180917
-1 0.0 0 0 -0.05767443029754629
3 0.6591936945915222 13 16 0.055389862375003956
4 0.6951913833618164 14 15 -0.06802668750234933
-1 0.0 0 0 -0.0397380939890654
-1 0.0 0 0 -0.004542275835761595
1 10.97076416015625 17 28 0.08751067709396936
135 1.5 18 23 0.046409772792629846
64 64.5 19 20 -0.03469302427637004
-1 0.0 0 0 -0.012874633282309953
84 27.5 21 22 0.042425775728563396
-1 0.0 0 0 -0.012923144275826373
-1 0.0 0 0 0.010367489621190305
92 1.5 24 25 0.08344196694106248
-1 0.0 0 0 -0.0022483970508869722
33 107.5 26 27 0.11628594121529567
-1 0.0 0 0 0.012885411547352638
-1 0.0 0 0 -0.014705357807759717
-1 0.0 0 0 0.015947772920018446
nodes 29
1 10.60313892364502 1 16 0.0
1 9.482502937316895 2 3 -0.10912949642714091
-1 0.0 0 0 -0.02693913333821726
60 56.5 4 11 -0.07428695536604235
64 71.5 5 8 -0.11629934563645582
102 40.5 6 7 -0.19466312229365518
-1 0.0 0 0 -0.026257651365649573
-1 0.0 0 0 -0.008795955964789492
84 27.5 9 10 -0.0274699469353747
-1 0.0 0 0 -0.015744508724777916
-1 0.0 0 0 0.005717692260403675
88 34.5 12 13 0.008470674789840862
-1 0.0 0 0 -0.03991077016948316
95 17.5 14 15 0.04847761298299053
-1 0.0 0 0 -0.011277059687398588
-1 0.0 0 0 0.010112877124959141
102 8.5 17 22 0.08547863128044729
46 7.5 18 19 0.021742342091410533
-1 0.0 0 0 -0.009816715186691865
122 14.5 20 21 0.08126821569802344
-1 0.0 0 0 -0.008366654689307694
-1 0.0 0 0 0.013059537682189322
19 2.5 23 26 0.12925422391887548
84 22.5 24 25 0.018426541006737532
-1 0.0 0 0 -0.01094286493406626
-1 0.0 0 0 0.012272269301209537
113 119.5 27 28 0.16463424485383404
-1 0.0 0 0 0.017735950890836027
-1 0.0 0 0 -0.00813303603618199
nodes 29
1 10.361861228942871 1 10 0.0
7 0.1850000023841858 2 7 -0.135037734514028
4 0.7819244861602783 3 4 -0.09525683482450355
-1 0.0 0 0 -0.024111188620451186
2 11.017284393310547 5 6 -0.06605812342888552
-1 0.0 0 0 -0.008451124154440192
-1 0.0 0 0 0.017372512650238838
6 1.0 8 9 -0.26506025811537975
-1 0.0 0 0 -0.024073998998361892
-1 0.0 0 0 -0.07542877679058183
5 1.233883261680603 11 14 0.056268031064356995
103 0.5 12 13 0.12010359392465289
-1 0.0 0 0 0.0010265088621956029
-1 0.0 0 0 0.014387965832731895
4 0.7678880095481873 15 16 0.011022058779797304
-1 0.0 0 0 -0.022198011011026544
121 118.5 17 28 0.023693211779959058
17 120.5 18 27 0.03554826719720621
33 89.5 19 26 0.045483438719243284
9 117.5 20 25 0.06223680809018656
105 88.5 21 24 0.07190259598755563
92 3.5 22 23 0.08664089054797373
-1 0.0 0 0 0.00014720573297705318
-1 0.0 0 0 0.011588293119599913
-1 0.0 0 0 -0.007619999290570831
-1 0.0 0 0 -0.02199064433825528
-1 0.0 0 0 -0.011510079050014544
-1 0.0 0 0 -0.02286209930422421
-1 0.0 0 0 -0.021627859537073052
nodes 29
1 10.165351867675781 1 6 0.0
62 2.5 2 3 -0.15189306644756467
-1 0.0 0 0 -0.024343097695391423
67 0.5 4 5 -0.10049662939473727
-1 0.0 0 0 -0.02123963968452972
-1 0.0 0 0 -0.002030050540041214
92 0.5 7 10 0.04177323548905785
60 8.5 8 9 -0.08212735415826194
-1 0.0 0 0 -0.013646813068757951
-1 0.0 0 0 0.0043719821821574115
103 1.5 11 16 0.06368152658294639
63 4.5 12 13 -0.02448875596966586
-1 0.0 0 0 -0.012610767293844386
115 17.5 14 15 0.047120459862921536
-1 0.0 0 0 -0.009931978044245332
-1 0.0 0 0 0.009295744564956326
9 120.5 17 28 0.09886841846975143
25 118.5 18 27 0.10623522894400701
17 96.5 19 26 0.11734514258312762
56 6.5 20 21 0.13045838961748926
-1 0.0 0 0 0.001782618269969397
75 4.5 22 25 0.14840094956164487
119 18.5 23 24 0.09488138287960664
-1 0.0 0 0 -0.00010656830269553457
-1 0.0 0 0 0.014904215653153509
-1 0.0 0 0 0.018424912282738275
-1 0.0 0 0 -0.002524226186452347
-1 0.0 0 0 -0.009331010115990813
-1 0.0 0 0 -0.02278961080595829
nodes 29
1 10.60313892364502 1 16 0.0
4 0.667130172252655 2 3 -0.0830894599962652
-1 0.0 0 0 -0.03866723845737366
0 10.092660903930664 4 7 -0.07092820937169232
5 1.549979567527771 5 6 -0.20785172209490838
-1 0.0 0 0 -0.010727327430663399
-1 0.0 0 0 -0.03278087147913883
35 0.5 8 13 -0.046182636653475106
122 15.5 9 10 -0.1292600845596375
-1 0.0 0 0 -0.023717559471468752
46 18.5 11 12 -0.056336460149184454
-1 0.0 0 0 -0.018591668068702796
-1 0.0 0 0 0.003274510638772705
62 2.5 14 15 -0.011424547084749895
-1 0.0 0 0 -0.00948071774095486
-1 0.0 0 0 0.0029293888508685295
35 2.5 17 24 0.0650820681904613
31 9.5 18 21 0.00360372541353411
27 5.5 19 20 -0.09838886145625432
-1 0.0 0 0 -0.020555994071113918
-1 0.0 0 0 -5.530088988758358e-05
115 17.5 22 23 0.05432270761880915
-1 0.0 0 0 -0.00486031533704356
-1 0.0 0 0 0.010705531394863702
69 5.5 25 26 0.10063320816753964
-1 0.0 0 0 0.002084191868704104
127 20.5 27 28 0.1322765689959701
-1 0.0 0 0 0.0071146552885300324
-1 0.0 0 0 0.017558880853347007
nodes 29
5 1.3196361064910889 1 8 0.0
1 11.075319290161133 2 7 0.06256342252218058
58 0.5 3 4 0.0359578450236626
-1 0.0 0 0 -0.01499443423245567
86 4.5 5 6 0.047122015192276545
-1 0.0 0 0 -0.0022720378207414763
-1 0.0 0 0 0.007923293887287788
-1 0.0 0 0 0.013644896214826311
2 10.565350532531738 9 16 -0.07379555855389063
60 58.5 10 13 -0.186721596490407
7 0.20499999821186066 11 12 -0.23757474342418064
-1 0.0 0 0 -0.018930837743391035
-1 0.0 0 0 -0.03764937902230819
88 40.5 14 15 -0.05790924734479609
-1 0.0 0 0 -0.04110489707799689
-1 0.0 0 0 -0.000587808611959263
4 0.7819244861602783 17 18 -0.030064098550188493
-1 0.0 0 0 -0.02109238278193501
103 1.5 19 24 -0.010138358441914566
122 14.5 20 21 -0.088805757593285
-1 0.0 0 0 -0.022095989084002107
46 9.5 22 23 -0.02027041161713137
-1 0.0 0 0 -0.01504393000883994
-1 0.0 0 0 0.006680668569406946
68 6.5 25 28 0.024169344946176386
84 19.5 26 27 -0.047593079076314666
-1 0.0 0 0 -0.013548459614063377
-1 0.0 0 0 0.005993093145276712
-1 0.0 0 0 0.007048526984973819
nodes 29
5 1.3621045351028442 1 14 0.0
52 1.5 2 5 0.047797087677632515
84 16.5 3 4 -0.03955070901273801
-1 0.0 0 0 -0.00767210736205204
-1 0.0 0 0 0.007028112129659679
62 2.5 6 7 0.06922795780608672
-1 0.0 0 0 -0.0013582888431714517
58 4.5 8 9 0.09748380220543433
-1 0.0 0 0 -0.00103993536471598
113 119.5 10 13 0.11693832862001051
53 120.5 11 12 0.12515225375429567
-1 0.0 0 0 0.013189683734820865
-1 0.0 0 0 -0.01311227074765237
-1 0.0 0 0 -0.010308556029994092
2 10.81093978881836 15 22 -0.07916595941552569
50 49.5 16 19 -0.1495707995905174
64 66.5 17 18 -0.20868086070394312
-1 0.0 0 0 -0.030429147414096653
-1 0.0 0 0 -0.01145905909510704
94 53.5 20 21 -0.05225319608825517
-1 0.0 0 0 -0.0183545626765456
-1 0.0 0 0 0.006693455171027359
4 0.8209214806556702 23 24 -0.015549038730289354
-1 0.0 0 0 -0.01613043745491571
75 2.5 25 26 0.01179470906077031
-1 0.0 0 0 -0.0072402937987417195
17 119.5 27 28 0.055536413502877476
-1 0.0 0 0 0.006781031730796177
-1 0.0 0 0 -0.03107953674632904
nodes 29
5 1.4404069185256958 1 16 0.0
5 1.1872220039367676 2 5 0.03396751109901439
129 118.5 3 4 0.10703874933447793
-1 0.0 0 0 0.01149407055965395
-1 0.0 0 0 -0.01735233651191503
101 0.5 6 9 0.008550251346060044
64 52.5 7 8 -0.06900951986238384
-1 0.0 0 0 -0.016711417081092854
-1 0.0 0 0 -0.0008556178904224256
34 0.5 10 11 0.02917735564993924
-1 0.0 0 0 -0.006337920133020801
113 118.5 12 15 0.050610349031371654
48 3.5 13 14 0.06174385055311496
-1 0.0 0 0 -0.002980269730590342
-1 0.0 0 0 0.007850600020618005
-1 0.0 0 0 -0.008938276461528744
2 10.565350532531738 17 22 -0.0915675734277523
7 0.4650000035762787 18 21 -0.19180619794264797
50 91.5 19 20 -0.17623158466182115
-1 0.0 0 0 -0.022192672740196474
-1 0.0 0 0 -0.005054793097867099
-1 0.0 0 0 -0.06203006820575509
4 0.844559371471405 23 24 -0.04172007797534919
-1 0.0 0 0 -0.015980294539142823
107 3.5 25 28 -0.004584814583481172
88 75.5 26 27 -0.07385184882507838
-1 0.0 0 0 -0.015320036558441639
-1 0.0 0 0 0.003463270129490329
-1 0.0 0 0 0.005828109363795297
nodes 29
1 10.645615577697754 1 10 0.0
34 2.5 2 5 -0.0545299061476223
7 0.17500000447034836 3 4 -0.11579582642566076
-1 0.0 0 0 -0.008086972552073093
-1 0.0 0 0 -0.02271848300349245
62 0.5 6 7 -0.014097527646315361
-1 0.0 0 0 -0.010072223541672231
74 2.5 8 9 0.017269627612799782
-1 0.0 0 0 -0.0070752595804449425
-1 0.0 0 0 0.005133136673240327
41 123.5 11 26 0.048472812158163237
33 115.5 12 25 0.05890907684441558
121 116.5 13 24 0.06742522041911071
113 117.5 14 23 0.0775833823798547
25 116.5 15 22 0.08690593327974663
82 4.5 16 17 0.0974110971949969
-1 0.0 0 0 -2.8645595131955757e-06
17 96.5 18 21 0.11366949136410985
86 5.5 19 20 0.12567871775647504
-1 0.0 0 0 0.006103744713214762
-1 0.0 0 0 0.015172523672602724
-1 0.0 0 0 -0.001096016595428937
-1 0.0 0 0 -0.00797757005230727
-1 0.0 0 0 -0.009955859566142542
-1 0.0 0 0 -0.01303079152934811
-1 0.0 0 0 -0.01758646595751409
127 20.5 27 28 -0.14565892546334466
-1 0.0 0 0 -0.03141641351889943
-1 0.0 0 0 -0.004882313935477332
nodes 29
5 1.3196361064910889 1 8 0.0
92 3.5 2 3 0.044146105726901246
-1 0.0 0 0 -0.0019983280251843994
56 2.5 4 5 0.06681100221700788
-1 0.0 0 0 -0.008442981456196928
79 1.5 6 7 0.07907512505909717
-1 0.0 0 0 0.0023854879823801073
-1 0.0 0 0 0.010697432614860655
6 0.9805881381034851 9 28 -0.05207174413501748
4 0.7331891655921936 10 11 -0.04237560827899562
-1 0.0 0 0 -0.02241883013910495
129 120.5 12 27 -0.027771644667766614
47 1.5 13 18 -0.01810166575643547
50 49.5 14 15 -0.07912201131040257
-1 0.0 0 0 -0.01693099172348899
94 15.5 16 17 -0.0025649369189672533
-1 0.0 0 0 -0.012316891179844289
-1 0.0 0 0 0.005260523086022827
108 3.5 19 22 0.017765066480584832
27 16.5 20 21 -0.035952422769675495
-1 0.0 0 0 -0.009992823745214654
-1 0.0 0 0 0.003835454678811687
72 26.5 23 26 0.061718932316937106
118 13.5 24 25 0.004187406170806759
-1 0.0 0 0 -0.004911834520734199
-1 0.0 0 0 0.011567339207451788
-1 0.0 0 0 0.011324329368808807
-1 0.0 0 0 -0.024632059223192056
-1 0.0 0 0 -0.03393585173679744
nodes 29
58 4.5 1 8 0.0
64 97.5 2 7 -0.09137328893844887
50 22.5 3 4 -0.14069277712611097
-1 0.0 0 0 -0.020915687650777795
119 6.5 5 6 -0.018404591535276876
-1 0.0 0 0 -0.0281491481265055
-1 0.0 0 0 0.002056277097252504
-1 0.0 0 0 -0.0008490713692668605
62 2.5 9 16 0.02228224711999637
92 4.5 10 11 -0.05885092186952614
-1 0.0 0 0 -0.01767567935731088
88 66.5 12 15 -0.027290760370604916
115 54.5 13 14 -0.06547478358664655
-1 0.0 0 0 -0.014105869980868511
-1 0.0 0 0 0.002049661017007417
-1 0.0 0 0 0.004777702782752151
68 3.5 17 20 0.05576857483292968
64 84.5 18 19 -0.008942155652294066
-1 0.0 0 0 -0.006566927241978805
-1 0.0 0 0 0.007392196653386585
113 122.5 21 28 0.0835824549608969
121 117.5 22 27 0.091700686962645
61 120.5 23 26 0.09929072626258008
136 0.5 24 25 0.10644193935608151
-1 0.0 0 0 0.0009332981921192656
-1 0.0 0 0 0.012048371777361474
-1 0.0 0 0 -0.0089742830444115
-1 0.0 0 0 -0.010193588147449808
-1 0.0 0 0 -0.013197945090510352
nodes 29
103 1.5 1 14 0.0
98 15.5 2 7 -0.06526627130426338
25 121.5 3 6 -0.1525977280697469
17 128.5 4 5 -0.13213526068070441
-1 0.0 0 0 -0.012336887514739723
-1 0.0 0 0 -0.06304863353548516
-1 0.0 0 0 -0.03901736992110713
64 44.5 8 9 -0.0069222113932849594
-1 0.0 0 0 -0.011576067974121935
116 11.5 10 11 0.03812891477007666
-1 0.0 0 0 -0.00934324454281546
47 4.5 12 13 0.07091449700948212
-1 0.0 0 0 -0.002521802551997283
-1 0.0 0 0 0.011554855820963272
92 3.5 15 20 0.027807772782680817
62 10.5 16 17 -0.041176315179033134
-1 0.0 0 0 -0.014127473601536489
59 14.5 18 19 -0.006140894860387047
-1 0.0 0 0 -0.005266546394750111
-1 0.0 0 0 0.007132773563509941
9 117.5 21 28 0.06191830020775618
56 5.5 22 23 0.06900459866181768
-1 0.0 0 0 -0.0027291223398003927
129 3.5 24 27 0.08464063310976243
42 11.5 25 26 0.028255512444634496
-1 0.0 0 0 -0.0077112613045347625
-1 0.0 0 0 0.006390444967486888
-1 0.0 0 0 0.011196529226630501
-1 0.0 0 0 -0.020314285244995182
nodes 29
82 3.5 1 8 0.0
88 98.5 2 7 -0.09130788166367093
46 18.5 3 4 -0.14443379155061845
-1 0.0 0 0 -0.024627145971023577
122 14.5 5 6 -0.07116659061830292
-1 0.0 0 0 -0.016432864604016145
-1 0.0 0 0 0.0005450829168384112
-1 0.0 0 0 -0.001612508143696433
86 2.5 9 14 0.01857339697796827
52 1.5 10 11 -0.0548096385924632
-1 0.0 0 0 -0.018789563665568623
34 6.5 12 13 -0.03277819525377009
-1 0.0 0 0 -0.009060987859984515
-1 0.0 0 0 0.0012302540055643958
25 122.5 15 28 0.048489828738545654
49 131.5 16 27 0.055673599044205914
33 115.5 17 26 0.06416777750730208
33 1.5 18 21 0.07008590937356128
18 19.5 19 20 -0.002937503526356585
-1 0.0 0 0 -0.010719615339980318
-1 0.0 0 0 0.00529893219024459
68 13.5 22 25 0.08819139116649265
116 12.5 23 24 0.054677297169728994
-1 0.0 0 0 -0.0007832092601812566
-1 0.0 0 0 0.009339883466964958
-1 0.0 0 0 0.012343684057268323
-1 0.0 0 0 -0.01628646593749298
-1 0.0 0 0 -0.013194691481421876
-1 0.0 0 0 -0.017439369854546825
nodes 29
4 0.8516348600387573 1 6 0.0
8 34.5 2 3 -0.08716253074335947
-1 0.0 0 0 -0.020706758399936038
4 0.667130172252655 4 5 -0.055600671655867163
-1 0.0 0 0 -0.023213754989404964
-1 0.0 0 0 -0.0028952316308217575
75 2.5 7 18 0.017679583620132854
50 29.5 8 13 -0.03070587219279436
46 19.5 9 12 -0.10656908079438247
102 61.5 10 11 -0.20308392607868392
-1 0.0 0 0 -0.02825105769622357
-1 0.0 0 0 -0.006804508863100986
-1 0.0 0 0 -0.0035207225822083705
95 15.5 14 15 0.021250648435220374
-1 0.0 0 0 -0.012412540431106471
61 6.5 16 17 0.05368102593493456
-1 0.0 0 0 -0.007365097412451698
-1 0.0 0 0 0.008581554831700191
77 1.5 19 22 0.045932837705091774
88 54.5 20 21 -0.03855750633347113
-1 0.0 0 0 -0.011651409204779048
-1 0.0 0 0 0.005145535732495654
44 119.5 23 28 0.07066624102908627
21 116.5 24 27 0.07583547149797568
48 5.5 25 26 0.08050131761468299
-1 0.0 0 0 0.0019760719690272532
-1 0.0 0 0 0.010314955423635625
-1 0.0 0 0 -0.022894518639170906
-1 0.0 0 0 -0.025133374026214978
nodes 29
5 1.1900732517242432 1 2 0.0
-1 0.0 0 0 0.007507394998921792
135 1.5 3 16 -0.01831137905788329
122 18.5 4 9 -0.06798464144817803
50 69.5 5 8 -0.14752082479826062
46 61.5 6 7 -0.20304965196349772
-1 0.0 0 0 -0.0252558446735164
-1 0.0 0 0 -0.008074672799622016
-1 0.0 0 0 -0.0055798577814921485
46 8.5 10 13 -0.01755600029741244
43 4.5 11 12 -0.10651416070164094
-1 0.0 0 0 -0.022117767792070114
-1 0.0 0 0 -0.003978924331018784
84 62.5 14 15 0.03225741622669621
-1 0.0 0 0 -0.0027078779867605266
-1 0.0 0 0 0.009027631410196158
101 5.5 17 20 0.009466333318665515
64 67.5 18 19 -0.04867018235696334
-1 0.0 0 0 -0.010221958639337366
-1 0.0 0 0 0.0037044093972369747
61 120.5 21 28 0.0396236256834396
18 12.5 22 25 0.05011630362589943
84 47.5 23 24 -0.010253347232893688
-1 0.0 0 0 -0.008559908187034731
-1 0.0 0 0 0.008908264128627127
48 5.5 26 27 0.07382305387373941
-1 0.0 0 0 -0.0017038611572645366
-1 0.0 0 0 0.009133653645214226
-1 0.0 0 0 -0.014220949856415505
nodes 29
74 4.5 1 14 0.0
54 92.5 2 11 -0.05339127754285618
129 83.5 3 10 -0.08588605433324455
94 102.5 4 9 -0.06392132975536
115 41.5 5 8 -0.11237520677933974
77 117.5 6 7 -0.16460753260109764
-1 0.0 0 0 -0.014280621189269097
-1 0.0 0 0 -0.0449729331824622
-1 0.0 0 0 -0.0020717455234721227
-1 0.0 0 0 0.001775523853003961
-1 0.0 0 0 -0.02440191345609847
23 42.5 12 13 0.023702234282423126
-1 0.0 0 0 -0.010820942628751603
-1 0.0 0 0 0.007055241659965819
88 69.5 15 24 0.023826254265065922
76 9.5 16 17 -0.0056951654358685985
-1 0.0 0 0 -0.00926768090689001
90 48.5 18 21 0.04252356747900432
2 11.196020126342773 19 20 -0.03750601057946616
-1 0.0 0 0 -0.010728755040542486
-1 0.0 0 0 0.0048887675605261485
54 34.5 22 23 0.08731819425220705
-1 0.0 0 0 0.0014562176345275513
-1 0.0 0 0 0.013614835209938909
93 14.5 25 26 0.07222576901815622
-1 0.0 0 0 -0.001528181748349022
59 20.5 27 28 0.10976471605874707
-1 0.0 0 0 -0.002554823944744424
-1 0.0 0 0 0.013582339130403449
nodes 29
2 11.053647994995117 1 12 0.0
21 92.5 2 11 -0.030214209360055824
29 89.5 3 10 -0.024981891684147058
77 123.5 4 9 -0.019500956481181747
5 1.4837336540222168 5 6 -0.014532648975055329
-1 0.0 0 0 0.0008485280764752303
7 0.4749999940395355 7 8 -0.0690198677322716
-1 0.0 0 0 -0.006045158897049602
-1 0.0 0 0 -0.04245402484494853
-1 0.0 0 0 -0.028905664694779898
-1 0.0 0 0 -0.02747487156288707
-1 0.0 0 0 -0.031515257064940475
17 118.5 13 28 0.040472192737267584
97 122.5 14 25 0.048146837908380036
73 119.5 15 22 0.058437292222546296
25 113.5 16 21 0.06994289949686926
121 119.5 17 20 0.08103348847797649
130 1.5 18 19 0.08737413892257995
-1 0.0 0 0 0.003094945223093766
-1 0.0 0 0 0.010820362332061679
-1 0.0 0 0 -0.010502191835025878
-1 0.0 0 0 -0.005643245715238214
88 32.5 23 24 -0.08280987047427396
-1 0.0 0 0 -0.025111412220482045
-1 0.0 0 0 -0.0001943820831244
31 14.5 26 27 -0.11154832240677118
-1 0.0 0 0 -0.027197891421280613
-1 0.0 0 0 -0.002333371721702619
-1 0.0 0 0 -0.01607504720363893
nodes 29
34 2.5 1 12 0.0
39 0.5 2 5 -0.04728547658694168
36 25.5 3 4 -0.11721604295127208
-1 0.0 0 0 -0.016297897536035177
-1 0.0 0 0 -0.0039043694563427205
105 116.5 6 11 -0.01525270011532208
53 123.5 7 10 -0.005144556076263013
113 115.5 8 9 0.003108200950744694
-1 0.0 0 0 0.0012613261120182828
-1 0.0 0 0 -0.017310985394811136
-1 0.0 0 0 -0.025497449649948226
-1 0.0 0 0 -0.03021717943376478
129 94.5 13 24 0.023920701648821208
47 0.5 14 19 0.034586232633221976
88 55.5 15 16 -0.021305306802775568
-1 0.0 0 0 -0.010008503824795333
60 37.5 17 18 0.022798674382541455
-1 0.0 0 0 -0.008884537004556754
-1 0.0 0 0 0.0057375620233504334
52 1.5 20 21 0.05572630248963497
-1 0.0 0 0 -0.0015797380611217633
113 112.5 22 23 0.07175419023037616
-1 0.0 0 0 0.008276229557542047
-1 0.0 0 0 -0.0029633176774496095
22 18.5 25 28 -0.10717308188860049
97 119.5 26 27 -0.21037394578139965
-1 0.0 0 0 -0.008670814633754926
-1 0.0 0 0 -0.0341469279687962
-1 0.0 0 0 -0.001420484602585005
nodes 29
58 0.5 1 2 0.0
-1 0.0 0 0 -0.01178673118725584
86 5.5 3 12 0.008977823771895679
106 6.5 4 7 -0.036805232689866116
7 0.41499999165534973 5 6 -0.08493469968730395
-1 0.0 0 0 -0.0077073353926610175
-1 0.0 0 0 -0.04225329526670976
76 37.5 8 11 0.0011522352609439636
27 66.5 9 10 -0.02963997921691562
-1 0.0 0 0 -0.007491921089857566
-1 0.0 0 0 0.006406525606154415
-1 0.0 0 0 0.0063700987325758605
48 4.5 13 18 0.03508368703863999
23 33.5 14 17 -0.04117734104464264
129 93.5 15 16 -0.09976278175983473
-1 0.0 0 0 -0.006949123495748672
-1 0.0 0 0 -0.03439155377451277
-1 0.0 0 0 0.0027076175041997204
9 120.5 19 28 0.05066187130305743
101 6.5 20 23 0.05735185570696274
64 62.5 21 22 0.012399733234406343
-1 0.0 0 0 -0.004272448330461759
-1 0.0 0 0 0.006856748624259389
61 120.5 24 27 0.07942115686534505
42 17.5 25 26 0.08799792256489791
-1 0.0 0 0 0.004876732113563771
-1 0.0 0 0 0.011887267895655699
-1 0.0 0 0 -0.0074714758443219275
-1 0.0 0 0 -0.011689577821813176
nodes 29
33 115.5 1 26 0.0
66 3.5 2 11 0.0061909016997131056
127 44.5 3 8 -0.044894518484004504
122 7.5 4 7 -0.08968424956582795
27 48.5 5 6 -0.17369119094840718
-1 0.0 0 0 -0.026029881987590993
-1 0.0 0 0 -0.00832134597304347
-1 0.0 0 0 -0.0047698595829232405
50 21.5 9 10 0.016309458973988635
-1 0.0 0 0 -0.010216838180166192
-1 0.0 0 0 0.005250437955403728
14 3.5 12 19 0.026416153401964706
18 15.5 13 16 -0.00890678973269542
72 9.5 14 15 -0.07328693859463171
-1 0.0 0 0 -0.016815921610817273
-1 0.0 0 0 -0.0026840899930292246
68 19.5 17 18 0.02463725317711698
-1 0.0 0 0 -0.004035024975791333
-1 0.0 0 0 0.006365922258857658
72 24.5 20 23 0.05546383230765302
28 18.5 21 22 0.02112969575455753
-1 0.0 0 0 -0.0032951365898943453
-1 0.0 0 0 0.008243827665568746
122 17.5 24 25 0.0882093037025597
-1 0.0 0 0 0.0013150404796169301
-1 0.0 0 0 0.011522627764562062
123 43.5 27 28 -0.15586993822958775
-1 0.0 0 0 -0.025190797353221567
-1 0.0 0 0 -0.004006844871677271
nodes 29
107 1.5 1 20 0.0
88 69.5 2 11 -0.03822878133995548
7 0.2750000059604645 3 10 -0.0923990182902705
15 0.5 4 7 -0.07614512832049483
82 4.5 5 6 -0.15778034722190037
-1 0.0 0 0 -0.03179907763879766
-1 0.0 0 0 -0.011328800219267292
111 5.5 8 9 -0.0437002653460356
-1 0.0 0 0 -0.008626720876954897
-1 0.0 0 0 0.0019052963519422179
-1 0.0 0 0 -0.028398258295734655
60 23.5 12 17 0.011319298335813823
41 39.5 13 14 -0.06974801015509383
-1 0.0 0 0 -0.030472052677322087
127 41.5 15 16 -0.03699336580866297
-1 0.0 0 0 -0.019961595919333962
-1 0.0 0 0 0.0007101036519676819
65 101.5 18 19 0.0462246222989157
-1 0.0 0 0 0.005538026740005103
-1 0.0 0 0 -0.018583355227703
71 0.5 21 22 0.023767494736657416
-1 0.0 0 0 -0.002838365321607526
45 3.5 23 26 0.04420057145840934
120 20.5 24 25 -0.005821029347489101
-1 0.0 0 0 -0.0071297787587698246
-1 0.0 0 0 0.004434899063630982
53 115.5 27 28 0.06695030184248457
-1 0.0 0 0 0.007789412195040653
-1 0.0 0 0 -0.0059754367944266085
nodes 29
69 123.5 1 28 0.0
69 2.5 2 13 0.0038499535050968035
64 41.5 3 6 -0.042250069867151165
120 33.5 4 5 -0.10469608851212957
-1 0.0 0 0 -0.016868097082600914
-1 0.0 0 0 -0.005782167938690869
124 8.5 7 10 0.00042721228342628326
23 65.5 8 9 -0.061310713032626585
-1 0.0 0 0 -0.0135948348681524
-1 0.0 0 0 0.0005289948423143046
90 38.5 11 12 0.04875189957679789
-1 0.0 0 0 -0.006268654429212596
-1 0.0 0 0 0.007992615082541794
93 122.5 14 25 0.02417395134301685
11 1.5 15 20 0.030234912636559013
113 115.5 16 19 -0.0063740298415387725
15 5.5 17 18 0.003429549102842064
-1 0.0 0 0 -0.004029883549212292
-1 0.0 0 0 0.0032764906257472383
-1 0.0 0 0 -0.021092190574362485
96 3.5 21 22 0.05415298657243357
-1 0.0 0 0 -0.004799881366352523
99 0.5 23 24 0.06405397360678036
-1 0.0 0 0 0.0010303375097471376
-1 0.0 0 0 0.00816194430834896
97 123.5 26 27 -0.15301722048432165
-1 0.0 0 0 -0.011239121519802732
-1 0.0 0 0 -0.05883964910091175
-1 0.0 0 0 -0.022924487123697455
nodes 29
1 11.113656044006348 1 26 0.0
45 119.5 2 23 -0.0112486426476469
29 84.5 3 22 -0.006821681582666157
135 4.5 4 17 -0.001567156660228723
130 7.5 5 10 -0.032572219063552676
17 75.5 6 9 -0.08609822699298075
120 60.5 7 8 -0.07057073673635746
-1 0.0 0 0 -0.009947502208121364
-1 0.0 0 0 0.0023314322158010325
-1 0.0 0 0 -0.02568863482255277
76 26.5 11 16 -9.791692029197856e-05
78 7.5 12 15 -0.04018116079750315
50 37.5 13 14 -0.09436422916412786
-1 0.0 0 0 -0.014991895729004782
-1 0.0 0 0 0.0021424511706571313
-1 0.0 0 0 0.0008909310974051894
-1 0.0 0 0 0.004572633340068708
69 10.5 18 21 0.02581382427083258
64 84.5 19 20 -0.014878675997620279
-1 0.0 0 0 -0.004488786541515854
-1 0.0 0 0 0.006322156211604434
-1 0.0 0 0 0.0054367203034356645
-1 0.0 0 0 -0.01647401839601356
123 33.5 24 25 -0.2166224301780416
-1 0.0 0 0 -0.03712739095145109
-1 0.0 0 0 -0.00988085349753665
73 124.5 27 28 0.07312134632792941
-1 0.0 0 0 0.008121650811734145
-1 0.0 0 0 -0.02054911302881365
nodes 29
111 0.5 1 16 0.0
107 4.5 2 7 -0.036108171990149866
17 99.5 3 6 -0.0956442693106031
25 124.5 4 5 -0.08187074161188691
-1 0.0 0 0 -0.007338018295017606
-1 0.0 0 0 -0.034521763095223944
-1 0.0 0 0 -0.028215347520538572
21 107.5 8 15 0.0005422319968193638
69 122.5 9 14 0.008410187287422039
32 49.5 10 13 0.012962918099356813
127 0.5 11 12 -0.01773321375847522
-1 0.0 0 0 -0.00752896756138962
-1 0.0 0 0 0.002198442580608295
-1 0.0 0 0 0.005188995329125874
-1 0.0 0 0 -0.026139828489754432
-1 0.0 0 0 -0.022780228487595873
39 0.5 17 24 0.02091649733843654
35 2.5 18 19 -0.023227576628730588
-1 0.0 0 0 -0.010279164231326663
45 105.5 20 23 0.007678628858723383
129 95.5 21 22 0.015605316659527003
-1 0.0 0 0 0.0024980780113113207
-1 0.0 0 0 -0.015396146315160151
-1 0.0 0 0 -0.02104155828034616
36 0.5 25 26 0.04744023081402092
-1 0.0 0 0 -0.0002924557734415095
25 1.5 27 28 0.06735028080319168
-1 0.0 0 0 -0.0009436260860481364
-1 0.0 0 0 0.007930949789016433
nodes 29
85 121.5 1 26 0.0
14 2.5 2 15 0.004278018457087702
120 26.5 3 6 -0.02606239840811948
76 8.5 4 5 -0.08381639964020811
-1 0.0 0 0 -0.014235622288137387
-1 0.0 0 0 -0.0037985318987095334
42 11.5 7 8 0.008845799257641179
-1 0.0 0 0 -0.007503319039014434
127 18.5 9 10 0.033047650519121674
-1 0.0 0 0 -0.0045815702559385205
61 11.5 11 12 0.06081723339458558
-1 0.0 0 0 -0.0010646650169599788
97 110.5 13 14 0.08791837380854074
-1 0.0 0 0 0.00978561714107657
-1 0.0 0 0 -0.01883863749097306
131 1.5 16 21 0.028646631038419773
25 104.5 17 20 -0.00897662763118205
9 6.5 18 19 0.003067506616643346
-1 0.0 0 0 -0.004787888050895813
-1 0.0 0 0 0.0036985742670453906
-1 0.0 0 0 -0.018765227970672534
47 115.5 22 25 0.054317882828684716
129 3.5 23 24 0.06123670417078128
-1 0.0 0 0 -0.0005969710920686886
-1 0.0 0 0 0.007703966143818343
-1 0.0 0 0 -0.008173409758814405
89 28.5 27 28 -0.16419335333112509
-1 0.0 0 0 -0.044420868347378115
-1 0.0 0 0 -0.011613316819872679
nodes 29
2 11.19241714477539 1 26 0.0
21 89.5 2 25 -0.015853672264043505
11 73.5 3 24 -0.011544295594455614
101 121.5 4 23 -0.008075093694333284
117 89.5 5 22 -0.0040234510550105265
33 108.5 6 19 0.00021021531988587103
45 119.5 7 18 0.006400659398823224
113 81.5 8 13 0.010225831197881665
131 80.5 9 12 0.02176981132863306
1 8.506738662719727 10 11 0.024969293005461086
-1 0.0 0 0 -0.015787825177881513
-1 0.0 0 0 0.0028580090247019873
-1 0.0 0 0 -0.023450478946506023
19 47.5 14 17 -0.05006984981990835
83 72.5 15 16 -0.18036249522923445
-1 0.0 0 0 -0.025742753763820642
-1 0.0 0 0 -0.003469076872447036
-1 0.0 0 0 0.001822406656425867
-1 0.0 0 0 -0.018836171805588477
123 53.5 20 21 -0.12030840283060408
-1 0.0 0 0 -0.02310958452104265
-1 0.0 0 0 0.0009782287141830714
-1 0.0 0 0 -0.017627516779756183
-1 0.0 0 0 -0.018865037775853105
-1 0.0 0 0 -0.022242798507849368
-1 0.0 0 0 -0.019856722364928196
41 123.5 27 28 0.04190294273460275
-1 0.0 0 0 0.004912983661284305
-1 0.0 0 0 -0.014553030166378031
nodes 29
82 8.5 1 14 0.0
102 37.5 2 11 -0.037075774809769646
64 49.5 3 8 -0.07052891778791255
42 19.5 4 5 -0.12406811224639255
-1 0.0 0 0 -0.018910516492460165
65 102.5 6 7 -0.062187130931853206
-1 0.0 0 0 -0.003123233791750631
-1 0.0 0 0 -0.0279229925278096
30 16.5 9 10 -0.018645773223964122
-1 0.0 0 0 -0.01012449977621346
-1 0.0 0 0 0.0022847245010358184
50 22.5 12 13 0.01149945463705372
-1 0.0 0 0 -0.005574858975511908
-1 0.0 0 0 0.0050220012936419865
17 100.5 15 28 0.016571263528394064
96 3.5 16 17 0.02504138220145776
-1 0.0 0 0 -0.0052267743372034535
9 1.5 18 21 0.03432296981026174
122 10.5 19 20 -0.02196191021460465
-1 0.0 0 0 -0.010936160282094886
-1 0.0 0 0 0.0008081734118826168
12 1.5 22 25 0.05026545571340249
9 125.5 23 24 0.01796640848076547
-1 0.0 0 0 0.002273649085286943
-1 0.0 0 0 -0.029619387714971468
112 1.5 26 27 0.07338225077729342
-1 0.0 0 0 0.00044625727318522713
-1 0.0 0 0 0.00898989254048369
-1 0.0 0 0 -0.00992130561010533
nodes 29
4 0.8516348600387573 1 4 0.0
7 0.17500000447034836 2 3 -0.053550790758969846
-1 0.0 0 0 -0.0035827917577799084
-1 0.0 0 0 -0.01854888338277191
39 0.5 5 18 0.010861957226147648
129 91.5 6 17 -0.0199504151305467
77 119.5 7 16 -0.009694669038095401
35 10.5 8 13 -0.005131745447735578
37 101.5 9 12 -0.043871716655780296
120 133.5 10 11 -0.03562659296302216
-1 0.0 0 0 -0.0031734822346752654
-1 0.0 0 0 -0.04710635671730528
-1 0.0 0 0 -0.025781509209583154
44 115.5 14 15 0.024796987743696798
-1 0.0 0 0 0.0030206772944564083
-1 0.0 0 0 -0.025217634108652267
-1 0.0 0 0 -0.028465033259391183
-1 0.0 0 0 -0.017425198353796065
25 1.5 19 22 0.02966349283360617
39 50.5 20 21 -0.04847262738254944
-1 0.0 0 0 -0.002716248067191771
-1 0.0 0 0 -0.02171866181696485
71 86.5 23 28 0.040146636155083786
69 125.5 24 27 0.04523140098274187
6 0.9123948812484741 25 26 0.04740732685550357
-1 0.0 0 0 0.0029594579608098184
-1 0.0 0 0 0.007728822556680493
-1 0.0 0 0 -0.021489788353778197
-1 0.0 0 0 -0.011045381424611537
nodes 29
46 33.5 1 26 0.0
88 60.5 2 17 -0.015034165295383678
84 47.5 3 8 -0.05743585813613146
120 35.5 4 7 -0.10386814168957578
2 11.351476669311523 5 6 -0.13845967065159437
-1 0.0 0 0 -0.016332987999628165
-1 0.0 0 0 -0.0016128338381309199
-1 0.0 0 0 -0.003059113951338486
89 30.5 9 10 -0.004318154147714939
-1 0.0 0 0 -0.021732515296990117
115 35.5 11 14 0.0165620085008327
2 11.042217254638672 12 13 -0.09831066638814366
-1 0.0 0 0 -0.02557031478008802
-1 0.0 0 0 -0.0036976578183180392
65 48.5 15 16 0.050672671786642275
-1 0.0 0 0 -0.006394587270617757
-1 0.0 0 0 0.007895148615421005
60 39.5 18 23 0.024685869982249913
94 59.5 19 22 -0.037620089976696296
67 19.5 20 21 -0.14598075548467293
-1 0.0 0 0 -0.026186193829213472
-1 0.0 0 0 -0.006559352543729586
-1 0.0 0 0 0.0005372860755009556
65 102.5 24 25 0.054018139725115356
-1 0.0 0 0 0.006139620455860025
-1 0.0 0 0 -0.01299450377955044
122 18.5 27 28 0.0365217159768519
-1 0.0 0 0 -0.0025687057103994607
-1 0.0 0 0 0.007318463802625939
nodes 29
66 9.5 1 14 0.0
94 84.5 2 9 -0.02488427137516998
72 28.5 3 6 -0.05091521839461152
60 75.5 4 5 -0.0940304620954496
-1 0.0 0 0 -0.013189303654993524
-1 0.0 0 0 0.0005417225746424703
122 18.5 7 8 -0.011093543045652533
-1 0.0 0 0 -0.010194412149841764
-1 0.0 0 0 0.003069677520142533
97 82.5 10 13 0.02459511450368518
128 5.5 11 12 0.0380505593518481
-1 0.0 0 0 -0.003947011026746838
-1 0.0 0 0 0.006526093955491866
-1 0.0 0 0 -0.021268103267405088
46 12.5 15 24 0.020988169117142335
88 43.5 16 21 -0.005794177507115041
115 37.5 17 18 -0.05725024864574432
-1 0.0 0 0 -0.014091111629102739
89 32.5 19 20 0.007035325387419098
-1 0.0 0 0 -0.020799706653977797
-1 0.0 0 0 0.0026232512442227207
68 20.5 22 23 0.028991518010419052
-1 0.0 0 0 -0.003074898417925935
-1 0.0 0 0 0.006352200624909356
24 6.5 25 26 0.05111319748864049
-1 0.0 0 0 -0.0004442487225317658
116 11.5 27 28 0.0725947737206664
-1 0.0 0 0 0.0006884696337545811
-1 0.0 0 0 0.01003499595642165
nodes 29
1 11.1498441696167 1 28 0.0
21 105.5 2 27 -0.00802270121513214
43 102.5 3 26 -0.0047711070677555435
50 69.5 4 19 -0.002521698673378706
64 59.5 5 14 -0.01833977781505646
102 41.5 6 11 -0.059295137851431305
32 28.5 7 8 -0.10275396302272534
-1 0.0 0 0 -0.014335918277004159
84 46.5 9 10 -0.03294981788286199
-1 0.0 0 0 -0.013961690433262387
-1 0.0 0 0 0.0023303662345392317
50 21.5 12 13 0.0013132302797758807
-1 0.0 0 0 -0.007013872917561614
-1 0.0 0 0 0.004196566225248311
84 61.5 15 18 0.01870885215442064
54 92.5 16 17 -0.025141651569785643
-1 0.0 0 0 -0.008528111081223429
-1 0.0 0 0 0.002273416094377312
-1 0.0 0 0 0.006674319143591867
23 100.5 20 25 0.03297223778254429
81 39.5 21 22 0.03739193222013054
-1 0.0 0 0 -0.018105743124595643
20 15.5 23 24 0.044684684994810105
-1 0.0 0 0 0.0006878836410503084
-1 0.0 0 0 0.008482431181412646
-1 0.0 0 0 -0.039828444867674645
-1 0.0 0 0 -0.02442067644330402
-1 0.0 0 0 -0.017838712029017285
-1 0.0 0 0 0.006505656236181503
nodes 29
2 11.19241714477539 1 26 0.0
125 94.5 2 25 -0.013576555680960159
99 74.5 3 24 -0.009970762001372339
77 117.5 4 21 -0.006152834342632713
29 74.5 5 20 -0.0018947911849963991
117 86.5 6 19 0.0028368297905788085
44 121.5 7 18 0.006452462844285279
101 121.5 8 17 0.008669119495250783
78 101.5 9 16 0.011935103999939028
46 33.5 10 15 0.015529572882174733
129 83.5 11 14 0.0018824078793487928
126 24.5 12 13 0.009989035629654142
-1 0.0 0 0 -0.002198640953175817
-1 0.0 0 0 0.0043822348900925045
-1 0.0 0 0 -0.013085205588651568
-1 0.0 0 0 0.0053176038994730826
-1 0.0 0 0 -0.011938477405268847
-1 0.0 0 0 -0.014086438592601266
-1 0.0 0 0 -0.022986567841966423
-1 0.0 0 0 -0.015297077829527442
-1 0.0 0 0 -0.012891209310370882
64 45.5 22 23 -0.1474159783770169
-1 0.0 0 0 -0.032733838698626734
-1 0.0 0 0 -0.006273809500098189
-1 0.0 0 0 -0.018268429902124246
-1 0.0 0 0 -0.019233769668748246
1 10.457114219665527 27 28 0.035884281021270586
-1 0.0 0 0 0.023819363411311464
-1 0.0 0 0 0.0029839770241918764
nodes 29
136 2.5 1 6 0.0
33 16.5 2 5 -0.033497064800161715
19 45.5 3 4 -0.06107045311451905
-1 0.0 0 0 -0.010206118224028709
-1 0.0 0 0 -0.00014387185010693768
-1 0.0 0 0 -3.572070529940525e-05
48 6.5 7 16 0.014020660928530727
123 41.5 8 13 -0.03449485617760227
25 74.5 9 12 -0.06899721076736576
11 61.5 10 11 -0.045052521460628894
-1 0.0 0 0 -0.0033369996341622793
-1 0.0 0 0 -0.02467221113274718
-1 0.0 0 0 -0.0186653682999908
68 120.5 14 15 0.024101383507202114
-1 0.0 0 0 0.0032849208050410384
-1 0.0 0 0 -0.03609296764598053
129 116.5 17 26 0.03149679824469348
86 7.5 18 21 0.0372132723961504
17 114.5 19 20 0.0012325965093687653
-1 0.0 0 0 0.0009925571967791473
-1 0.0 0 0 -0.017831858088302937
113 131.5 22 25 0.05369499529800083
82 17.5 23 24 0.055761012959847506
-1 0.0 0 0 0.003279297319887628
-1 0.0 0 0 0.008378580221551815
-1 0.0 0 0 -0.028370244037611667
31 33.5 27 28 -0.08304201317787539
-1 0.0 0 0 -0.019262804556463984
-1 0.0 0 0 0.0018158305426249684
nodes 29
21 115.5 1 28 0.0
33 1.5 2 7 0.0023791358128223486
18 12.5 3 4 -0.03735410197137733
-1 0.0 0 0 -0.011445428760189391
126 25.5 5 6 -0.0077695352894207766
-1 0.0 0 0 -0.0057534427567247125
-1 0.0 0 0 0.0025241754161292465
33 89.5 8 23 0.013353017705993377
17 99.5 9 20 0.02150039337485395
2 11.094086647033691 10 17 0.02879393848219178
69 122.5 11 16 0.009052913456439897
53 111.5 12 13 0.012511264516909355
-1 0.0 0 0 0.0018621110466594964
41 75.5 14 15 -0.09315430980112177
-1 0.0 0 0 -0.003809342287379126
-1 0.0 0 0 -0.03208217973208704
-1 0.0 0 0 -0.018054409664883815
1 10.503861427307129 18 19 0.057631027589347336
-1 0.0 0 0 0.02111093807478971
-1 0.0 0 0 0.005144614036593737
113 114.5 21 22 -0.06430346798532242
-1 0.0 0 0 -0.0049615933713455535
-1 0.0 0 0 -0.03722124071802256
123 56.5 24 27 -0.05737006656935017
65 117.5 25 26 -0.11243472430902625
-1 0.0 0 0 -0.0036763215531402773
-1 0.0 0 0 -0.018807223869816023
-1 0.0 0 0 0.003277071739508464
-1 0.0 0 0 -0.01743105652640405
nodes 29
125 114.5 1 28 0.0
45 119.5 2 27 0.0023221705212403674
136 2.5 3 8 0.005225423338360451
9 86.5 4 5 -0.02499636722819476
-1 0.0 0 0 -0.0014314223079110184
127 47.5 6 7 -0.10263012481964186
-1 0.0 0 0 -0.01783365002817219
-1 0.0 0 0 -0.00013433871095545376
102 36.5 9 24 0.017766190473336316
122 18.5 10 19 0.0010738265187764115
60 39.5 11 14 -0.03284251269351698
54 70.5 12 13 -0.07422687451181527
-1 0.0 0 0 -0.011745427818463326
-1 0.0 0 0 -0.0026172172895344084
65 93.5 15 18 0.008733036234724482
27 21.5 16 17 0.032857512462845094
-1 0.0 0 0 -0.008622796125303657
-1 0.0 0 0 0.005124060986170451
-1 0.0 0 0 -0.01663028279009607
22 19.5 20 23 0.03597795779426818
121 92.5 21 22 -0.024107805954940904
-1 0.0 0 0 0.0003064483593532495
-1 0.0 0 0 -0.01550782415785827
-1 0.0 0 0 0.006763754577684919
18 12.5 25 26 0.05622299493521501
-1 0.0 0 0 -0.001682561554869648
-1 0.0 0 0 0.007669755893005058
-1 0.0 0 0 -0.01374494052034726
-1 0.0 0 0 -0.017392723580252772
nodes 29
74 5.5 1 14 0.0
7 0.2750000059604645 2 13 -0.02692115728291334
23 42.5 3 10 -0.017899024918447207
80 38.5 4 7 -0.04079341401346255
83 55.5 5 6 -0.08382953768012588
-1 0.0 0 0 -0.011625504967166439
-1 0.0 0 0 -0.0006619847778438107
49 47.5 8 9 0.006895263563110326
-1 0.0 0 0 -0.011632681433757633
-1 0.0 0 0 0.003149104342036608
73 86.5 11 12 0.021461333525690334
-1 0.0 0 0 0.0034289820183700456
-1 0.0 0 0 -0.019069380717148553
-1 0.0 0 0 -0.013484822551298355
120 23.5 15 24 0.014019830662053803
90 38.5 16 19 -0.010469143289347683
25 61.5 17 18 -0.07030225814215682
-1 0.0 0 0 -0.004698764590402595
-1 0.0 0 0 -0.015741022656560286
65 22.5 20 21 0.030896078799937682
-1 0.0 0 0 -0.014705118394072448
116 4.5 22 23 0.045370807725259456
-1 0.0 0 0 -0.01074613543056968
-1 0.0 0 0 0.0061070730115141275
20 13.5 25 26 0.036610193465062627
-1 0.0 0 0 0.0003353529995413108
50 37.5 27 28 0.06444974294130092
-1 0.0 0 0 -0.000309157435841034
-1 0.0 0 0 0.008271192144668678
nodes 29
2 11.367877006530762 1 28 0.0
11 90.5 2 27 -0.006877554695639446
29 89.5 3 26 -0.004945679831257595
85 116.5 4 23 -0.0015174858010901042
105 117.5 5 22 0.0029174914636362053
100 104.5 6 21 0.006349297602598903
78 118.5 7 20 0.009553281292245986
135 96.5 8 19 0.012086400908383536
105 4.5 9 16 0.01525670018205691
38 0.5 10 15 -0.015613260838989907
90 78.5 11 12 -0.060602423469388614
-1 0.0 0 0 -0.01056633568576746
124 8.5 13 14 0.00230469978722687
-1 0.0 0 0 -0.007131106303165069
-1 0.0 0 0 0.008818975640925068
-1 0.0 0 0 0.0013549793516327464
6 0.885573148727417 17 18 0.02821236098852774
-1 0.0 0 0 0.0005158334655507925
-1 0.0 0 0 0.005259904835765819
-1 0.0 0 0 -0.011037673449753684
-1 0.0 0 0 -0.014332294471235863
-1 0.0 0 0 -0.011317217867414471
-1 0.0 0 0 -0.01088736326353507
89 35.5 24 25 -0.0979294657248569
-1 0.0 0 0 -0.029146086356554232
-1 0.0 0 0 -0.006130256142846315
-1 0.0 0 0 -0.012339755045548802
-1 0.0 0 0 -0.023102595221072622
-1 0.0 0 0 0.005575779214413789
nodes 29
79 1.5 1 12 0.0
75 14.5 2 11 -0.02539667951693995
50 46.5 3 8 -0.05308486505894701
63 4.5 4 5 -0.10913146629660699
-1 0.0 0 0 -0.019083780746254317
105 80.5 6 7 -0.07571044841529126
-1 0.0 0 0 -0.005051446961698007
-1 0.0 0 0 -0.023823357496612452
31 84.5 9 10 -0.010081815040021022
-1 0.0 0 0 -0.00018160250442810156
-1 0.0 0 0 -0.027955241044884546
-1 0.0 0 0 0.0006486283209757911
105 2.5 13 16 0.013657201384531054
31 54.5 14 15 -0.030857815899633496
-1 0.0 0 0 -0.006582168618006698
-1 0.0 0 0 0.0016440646481772775
2 11.268698692321777 17 26 0.027476168529414327
113 81.5 18 21 0.013057396601472093
25 109.5 19 20 0.02420101286205323
-1 0.0 0 0 0.0031032935641868604
-1 0.0 0 0 -0.008510564835806792
51 13.5 22 25 -0.04430010742462147
32 25.5 23 24 -0.14983989543687562
-1 0.0 0 0 -0.026751704854878135
-1 0.0 0 0 -0.0017346660818839945
-1 0.0 0 0 -0.0005829152439509466
5 2.0098299980163574 27 28 0.07279862970481243
-1 0.0 0 0 0.006561797483566995
-1 0.0 0 0 0.035268400629573815
nodes 29
101 120.5 1 28 0.0
68 21.5 2 23 0.0026765626843155404
72 14.5 3 8 -0.012379542160277326
94 88.5 4 5 -0.058229379749727084
-1 0.0 0 0 -0.010316461469085624
127 46.5 6 7 0.0020487953643932456
-1 0.0 0 0 -0.010403816524711604
-1 0.0 0 0 0.004077359598546337
89 63.5 9 16 0.008478641784161463
88 102.5 10 15 -0.044721851683114
2 10.960113525390625 11 14 -0.07382800397586234
76 54.5 12 13 -0.17508872420729954
-1 0.0 0 0 -0.024701296798798164
-1 0.0 0 0 -0.00040990125777535093
-1 0.0 0 0 -0.0034118921404484785
-1 0.0 0 0 0.004416758420982277
19 93.5 17 22 0.032435467152186384
124 8.5 18 21 0.037784210717975004
46 41.5 19 20 -0.0032668230980557027
-1 0.0 0 0 -0.006086029523777681
-1 0.0 0 0 0.004184753102581161
-1 0.0 0 0 0.006562882587790976
-1 0.0 0 0 -0.02307778579708592
26 22.5 24 27 0.023854683935839026
100 119.5 25 26 -0.002325685399821795
-1 0.0 0 0 0.000409505548363928
-1 0.0 0 0 -0.01900289409467168
-1 0.0 0 0 0.00616729141853646
-1 0.0 0 0 -0.012570121933499146
nodes 29
43 114.5 1 28 0.0
10 12.5 2 17 0.0014046296904450493
72 17.5 3 8 -0.01394813558481469
50 38.5 4 5 -0.04614328856571361
-1 0.0 0 0 -0.008350768929956304
23 98.5 6 7 -0.0063643172244411995
-1 0.0 0 0 -1.0956043614196432e-05
-1 0.0 0 0 -0.03433584085745147
15 4.5 9 12 0.011613198145738694
129 80.5 10 11 -0.036691343093690584
-1 0.0 0 0 -0.0019534988735703173
-1 0.0 0 0 -0.01678006036348862
115 29.5 13 14 0.032679299189923544
-1 0.0 0 0 -0.00038603187228541746
116 9.5 15 16 0.05743825300581213
-1 0.0 0 0 -0.003974093304305697
-1 0.0 0 0 0.007187908740637715
25 102.5 18 23 0.023319494302085426
128 3.5 19 22 0.03068126335947309
89 77.5 20 21 -0.019587177891888963
-1 0.0 0 0 -0.005364711338491819
-1 0.0 0 0 0.006411681172716236
-1 0.0 0 0 0.004150825734354525
90 58.5 24 27 -0.0764724036765413
2 11.199556350708008 25 26 -0.134147641183961
-1 0.0 0 0 -0.02222970687640292
-1 0.0 0 0 -0.001458722039578404
-1 0.0 0 0 0.003664679016860897
-1 0.0 0 0 -0.02325821776857301
nodes 29
131 1.5 1 14 0.0
25 103.5 2 13 -0.01910127821176026
9 6.5 3 12 -0.010200702253162738
11 67.5 4 11 -0.05311032271430559
54 92.5 5 8 -0.04076527565090639
50 75.5 6 7 -0.06884003891466747
-1 0.0 0 0 -0.012112141880394316
-1 0.0 0 0 -0.002360202827965573
23 79.5 9 10 0.0271215086133197
-1 0.0 0 0 -0.007864968933275302
-1 0.0 0 0 0.010133732908838967
-1 0.0 0 0 -0.02342305645793434
-1 0.0 0 0 0.0006854474108507879
-1 0.0 0 0 -0.014373552942457457
99 74.5 15 28 0.015903631721777167
76 26.5 16 25 0.02180107504647
50 37.5 17 20 0.0026302399572030086
78 11.5 18 19 -0.028114346987638015
-1 0.0 0 0 -0.006623486977254524
-1 0.0 0 0 0.001238031572553876
49 47.5 21 22 0.03901854454435271
-1 0.0 0 0 -0.006634233964389619
93 9.5 23 24 0.05393948216850096
-1 0.0 0 0 -0.0033087231892113137
-1 0.0 0 0 0.007517891795336427
32 38.5 26 27 0.04842372928841546
-1 0.0 0 0 0.0011586056814150518
-1 0.0 0 0 0.007637770797558042
-1 0.0 0 0 -0.009155523554330072
nodes 29
1 11.222145080566406 1 28 0.0
125 94.5 2 27 -0.004765422430796652
77 119.5 3 26 -0.0017767056247373638
43 93.5 4 25 0.0010387770549646542
131 73.5 5 24 0.0030446411648363102
117 86.5 6 23 0.005698666532901399
100 104.5 7 22 0.008762300211818095
124 5.5 8 19 0.011724353686849069
88 59.5 9 14 -0.005869486191661373
54 92.5 10 11 -0.04585257201479995
-1 0.0 0 0 -0.008392340182600712
47 49.5 12 13 0.016237578217248572
-1 0.0 0 0 -0.006558804528607031
-1 0.0 0 0 0.007461549899049501
97 83.5 15 18 0.01965163241885261
126 26.5 16 17 0.028543925738648945
-1 0.0 0 0 -0.0028087195087625927
-1 0.0 0 0 0.005045339265202569
-1 0.0 0 0 -0.011019536674333115
98 20.5 20 21 0.0303873549845557
-1 0.0 0 0 0.0006972834295073653
-1 0.0 0 0 0.005485539281565414
-1 0.0 0 0 -0.009154435724642212
-1 0.0 0 0 -0.009656742876166715
-1 0.0 0 0 -0.01170938231966572
-1 0.0 0 0 -0.01590793765293783
-1 0.0 0 0 -0.012217116977167226
-1 0.0 0 0 -0.011821527060254019
-1 0.0 0 0 0.006275513079822229
nodes 29
2 11.053647994995117 1 16 0.0
7 0.11499999836087227 2 7 -0.014760281802251416
125 79.5 3 6 0.0019236738935416876
6 0.8731541037559509 4 5 0.005646235474271787
-1 0.0 0 0 -0.001381099394981482
-1 0.0 0 0 0.0027823866764786287
-1 0.0 0 0 -0.013491284338151131
7 0.5649999976158142 8 15 -0.046354243384687945
110 82.5 9 14 -0.043069108496293765
4 0.6498622298240662 10 11 -0.04090843845962105
-1 0.0 0 0 -0.024321774374381627
29 89.5 12 13 -0.036813633925462406
-1 0.0 0 0 -0.0032314436032663645
-1 0.0 0 0 -0.021998900701597768
-1 0.0 0 0 -0.043268023851116375
-1 0.0 0 0 -0.037095509966040094
77 4.5 17 22 0.01977152420873856
19 8.5 18 19 -0.020793749749152587
-1 0.0 0 0 -0.009906570362482912
95 45.5 20 21 0.015444577003211927
-1 0.0 0 0 -0.0036851374253426238
-1 0.0 0 0 0.006249039471444877
5 2.4748377799987793 23 28 0.036746060622651545
6 0.8749106526374817 24 25 0.03125519452180684
-1 0.0 0 0 0.0003057482479618328
5 1.4071226119995117 26 27 0.053685721788168
-1 0.0 0 0 0.004422655119108043
-1 0.0 0 0 0.01566537824251483
-1 0.0 0 0 0.018633490651612312
nodes 29
69 123.5 1 28 0.0
21 115.5 2 27 0.002138571285653822
44 121.5 3 26 0.004058495127542139
76 11.5 4 21 0.005628685953071049
88 51.5 5 10 -0.010825912249857544
46 41.5 6 7 -0.04971842454012974
-1 0.0 0 0 -0.008526326729726346
23 68.5 8 9 0.004878002767055735
-1 0.0 0 0 -0.00617517075806921
-1 0.0 0 0 0.005050680562488159
41 9.5 11 12 0.01353577327821847
-1 0.0 0 0 -0.022198485441237162
123 73.5 13 20 0.01813822497621482
97 108.5 14 19 0.0226958694278896
126 21.5 15 16 0.0282413293900005
-1 0.0 0 0 -0.0018861989972776768
6 0.8765882849693298 17 18 0.045173766749839195
-1 0.0 0 0 0.0008260104347604432
-1 0.0 0 0 0.007939457154515854
-1 0.0 0 0 -0.012806662497477514
-1 0.0 0 0 -0.022825714937022713
32 28.5 22 25 0.02411626594278071
94 25.5 23 24 -0.004410082625058168
-1 0.0 0 0 -0.0037072937794658694
-1 0.0 0 0 0.003985622122758336
-1 0.0 0 0 0.004589171707374669
-1 0.0 0 0 -0.016055779261035023
-1 0.0 0 0 -0.013722390058741442
-1 0.0 0 0 -0.012734088872870857
nodes 29
2 11.367877006530762 1 28 0.0
7 0.48499999940395355 2 27 -0.005667315897652408
125 73.5 3 26 -0.004156975420019841
45 119.5 4 25 -0.000503647682518793
99 74.5 5 24 0.0020258644690383906
90 69.5 6 19 0.004799816317497234
88 58.5 7 12 -0.004991230920982813
46 60.5 8 9 -0.03745169847528161
-1 0.0 0 0 -0.006085002961296578
23 41.5 10 11 0.011697745106278462
-1 0.0 0 0 -0.008764294386653115
-1 0.0 0 0 0.004024848351827275
76 98.5 13 18 0.018872879574660033
41 34.5 14 15 0.02281286440896614
-1 0.0 0 0 -0.009045143797744272
123 74.5 16 17 0.031146944265069004
-1 0.0 0 0 0.0035211736711772213
-1 0.0 0 0 -0.02290736776411491
-1 0.0 0 0 -0.02077352743879683
84 13.5 20 21 0.034436975217851724
-1 0.0 0 0 -0.00677823369701054
73 90.5 22 23 0.050176194141264785
-1 0.0 0 0 0.005948565631027989
-1 0.0 0 0 -0.009707065115174867
-1 0.0 0 0 -0.00983191309076842
-1 0.0 0 0 -0.011791134225620462
-1 0.0 0 0 -0.008151639458642208
-1 0.0 0 0 -0.019547235424203797
-1 0.0 0 0 0.004594612936621977
nodes 29
2 11.094086647033691 1 14 0.0
117 63.5 2 13 -0.012502595787556178
111 66.5 3 12 -0.00834715578152779
96 112.5 4 11 -0.005936158169353607
1 8.347590446472168 5 6 -0.004125249657190226
-1 0.0 0 0 -0.01349668672876777
131 88.5 7 10 -0.0016099089767975525
77 117.5 8 9 0.0003026636617244782
-1 0.0 0 0 0.00032752393716347446
-1 0.0 0 0 -0.011355514603959142
-1 0.0 0 0 -0.01746079730363237
-1 0.0 0 0 -0.0185769820976286
-1 0.0 0 0 -0.01593138117880023
-1 0.0 0 0 -0.010862004528535467
5 2.4748377799987793 15 28 0.020031329006346563
50 72.5 16 25 0.015270901568093173
31 13.5 17 20 0.002074701385937489
50 24.5 18 19 -0.039826527022199174
-1 0.0 0 0 -0.008025061326103582
-1 0.0 0 0 0.00021266208325904153
57 48.5 21 22 0.03232948787325114
-1 0.0 0 0 -0.004441193206981172
115 28.5 23 24 0.054688485682371044
-1 0.0 0 0 4.633853235862956e-05
-1 0.0 0 0 0.008197472065177392
28 12.5 26 27 0.05855125591103041
-1 0.0 0 0 -0.004716142472473713
-1 0.0 0 0 0.00825216686248213
-1 0.0 0 0 0.015935734784610474
nodes 29
33 1.5 1 12 0.0
127 25.5 2 7 -0.029668459015327973
51 65.5 3 6 -0.07592063897459897
64 73.5 4 5 -0.11491626303166984
-1 0.0 0 0 -0.018422462996424954
-1 0.0 0 0 -0.0037015687755664207
-1 0.0 0 0 -0.00114417634414864
70 19.5 8 11 -0.000539476437648305
68 22.5 9 10 -0.038116046779114884
-1 0.0 0 0 -0.01120911543881304
-1 0.0 0 0 -0.0006645488787515685
-1 0.0 0 0 0.0038270276882378437
105 4.5 13 22 0.008113738300047992
38 0.5 14 21 -0.01902797963435636
123 32.5 15 18 -0.056853413177596644
25 31.5 16 17 -0.10891165133056689
-1 0.0 0 0 -0.00520291859665734
-1 0.0 0 0 -0.017810541290384577
84 33.5 19 20 -0.00975907980247428
-1 0.0 0 0 -0.009585366443242843
-1 0.0 0 0 0.002455206673919966
-1 0.0 0 0 0.0005274385942190135
2 11.305557250976562 23 28 0.020597928151101435
50 57.5 24 27 0.011591286993507945
90 36.5 25 26 -0.0028121083895637127
-1 0.0 0 0 -0.005297362204302723
-1 0.0 0 0 0.0031264837197299273
-1 0.0 0 0 0.0034742154481620675
-1 0.0 0 0 0.006046843290020111
nodes 29
61 117.5 1 24 0.0
71 119.5 2 23 0.003233924227766368
62 12.5 3 10 0.004297187546581599
92 6.5 4 5 -0.010814066985275261
-1 0.0 0 0 -0.005531568911343966
121 106.5 6 9 0.007222315293785493
17 96.5 7 8 0.012821542802126499
-1 0.0 0 0 0.0017840804249263913
-1 0.0 0 0 -0.00919489356154892
-1 0.0 0 0 -0.011107305629129552
113 111.5 11 22 0.01947152376949546
75 97.5 12 21 0.024562469554953715
70 112.5 13 20 0.028992890332006437
30 118.5 14 19 0.0339480847409871
16 4.5 15 16 0.037845506705808885
-1 0.0 0 0 0.0005084124984737303
39 93.5 17 18 0.05270895783907216
-1 0.0 0 0 0.005581799603040084
-1 0.0 0 0 -0.013773123226858287
-1 0.0 0 0 -0.007656494026307877
-1 0.0 0 0 -0.006928382742757164
-1 0.0 0 0 -0.011701774593919795
-1 0.0 0 0 -0.0093414665386318
-1 0.0 0 0 -0.022738627044053814
49 24.5 25 26 -0.07053833113925095
-1 0.0 0 0 -0.029954332613567936
87 17.5 27 28 -0.04390984334896858
-1 0.0 0 0 -0.017637225696128387
-1 0.0 0 0 -0.0010512004689613524
nodes 29
133 98.5 1 28 0.0
53 114.5 2 25 0.0016593345244424397
124 5.5 3 18 0.005024514878976266
80 15.5 4 9 -0.010657626666943186
54 98.5 5 6 -0.046732660473632975
-1 0.0 0 0 -0.007954188073807145
15 11.5 7 8 0.02095289683231452
-1 0.0 0 0 -0.005955575684527061
-1 0.0 0 0 0.00686265390308429
81 44.5 10 13 0.007273325502865835
46 41.5 11 12 -0.07019351141710782
-1 0.0 0 0 -0.011312263024754347
-1 0.0 0 0 0.005335197372227221
127 46.5 14 17 0.018882479276334612
19 15.5 15 16 -0.020785122432041586
-1 0.0 0 0 -0.014434929620116378
-1 0.0 0 0 0.0006558852883626119
-1 0.0 0 0 0.0037638498249583964
98 22.5 19 24 0.02084385179908767
18 8.5 20 23 -0.0014610992964055683
97 20.5 21 22 -0.0401219118081132
-1 0.0 0 0 -0.014879918569767262
-1 0.0 0 0 -0.0019315219526260818
-1 0.0 0 0 0.002045435006666672
-1 0.0 0 0 0.004991671195199886
89 22.5 26 27 -0.062425106816913926
-1 0.0 0 0 -0.022161079982876357
-1 0.0 0 0 -0.0035262468723622127
-1 0.0 0 0 -0.013427892723253522
nodes 29
10 12.5 1 18 0.0
72 14.5 2 13 -0.012146876271007807
19 47.5 3 10 -0.04094202556449536
94 101.5 4 9 -0.06346012848755675
97 56.5 5 6 -0.08783081800104327
-1 0.0 0 0 -0.012260532501313186
124 4.5 7 8 -0.040625679312762134
-1 0.0 0 0 -0.015496013450948965
-1 0.0 0 0 -0.0012185616897505247
-1 0.0 0 0 -0.001187688273524299
73 72.5 11 12 0.01110714333753359
-1 0.0 0 0 -0.0055747617455183494
-1 0.0 0 0 0.0043017572563938695
15 4.5 14 17 0.006967145242772723
129 95.5 15 16 -0.029638356990926713
-1 0.0 0 0 -0.0018581952073611946
-1 0.0 0 0 -0.015378678305997122
-1 0.0 0 0 0.0023212151112328226
43 93.5 19 28 0.017251321076403328
25 124.5 20 27 0.02075249052145115
100 10.5 21 24 0.023677945939753132
9 6.5 22 23 0.005665550181418925
-1 0.0 0 0 -0.005958750865352278
-1 0.0 0 0 0.0015680026933188298
17 126.5 25 26 0.04638843312963409
-1 0.0 0 0 0.00493763874172392
-1 0.0 0 0 -0.02712290750208254
-1 0.0 0 0 -0.01469673490551543
-1 0.0 0 0 -0.013823145714296643
nodes 29
2 11.429935455322266 1 28 0.0
29 89.5 2 27 -0.0040551418434432674
21 90.5 3 26 -0.0013378286382158741
78 116.5 4 25 0.0011813093400113211
46 32.5 5 22 0.0031756992139976453
120 34.5 6 17 -0.0070209608649645155
83 80.5 7 14 -0.03126310674620506
25 108.5 8 13 -0.05363578241393563
127 40.5 9 10 -0.04258987168925323
-1 0.0 0 0 -0.006633315798677743
88 34.5 11 12 -0.0009293286184234111
-1 0.0 0 0 -0.014850164106825851
-1 0.0 0 0 0.0018288469646524426
-1 0.0 0 0 -0.018263453694182724
123 50.5 15 16 0.01485616606844177
-1 0.0 0 0 -0.009288855060292098
-1 0.0 0 0 0.004072177472685567
77 82.5 18 21 0.014691692432452668
49 53.5 19 20 0.021330491847579947
-1 0.0 0 0 -0.005416124945042807
-1 0.0 0 0 0.003510160355128575
-1 0.0 0 0 -0.015156822268845764
11 87.5 23 24 0.028944374416057548
-1 0.0 0 0 0.0032042177231349834
-1 0.0 0 0 -0.02213187925760815
-1 0.0 0 0 -0.011006708166838025
-1 0.0 0 0 -0.008701247021579747
-1 0.0 0 0 -0.009427439486880457
-1 0.0 0 0 0.005341062104459428
nodes 29
2 11.053647994995117 1 6 0.0
7 0.11499999836087227 2 3 -0.012564198717538047
-1 0.0 0 0 9.638784233401482e-05
7 0.5649999976158142 4 5 -0.03818195731545345
-1 0.0 0 0 -0.0035589730296535097
-1 0.0 0 0 -0.02943172877016111
5 2.4748377799987793 7 24 0.016829852117080723
45 6.5 8 19 0.012437072285974467
41 12.5 9 12 -0.01694938443076913
57 88.5 10 11 -0.1125647446868184
-1 0.0 0 0 -0.023149556903744168
-1 0.0 0 0 -0.0044926361169876266
27 19.5 13 16 0.0006446214497565698
105 111.5 14 15 -0.054238934984941936
-1 0.0 0 0 -0.0038470639131058613
-1 0.0 0 0 -0.028880862537328897
119 5.5 17 18 0.03098020249163711
-1 0.0 0 0 -0.008039999793799407
-1 0.0 0 0 0.0051897297548398
47 11.5 20 23 0.02792665859117437
28 4.5 21 22 0.0019357655577557176
-1 0.0 0 0 -0.0042092543607372725
-1 0.0 0 0 0.0025060250734598565
-1 0.0 0 0 0.005076738449004042
4 0.8748589754104614 25 28 0.13676634746151056
104 53.5 26 27 0.0026005188614905157
-1 0.0 0 0 -0.007857660880257895
-1 0.0 0 0 0.03215106632560492
-1 0.0 0 0 0.021099555160104057
nodes 29
40 3.5 1 12 0.0
80 19.5 2 3 -0.01814697756227816
-1 0.0 0 0 -0.006479789225713465
121 100.5 4 11 0.0016732633317915694
118 21.5 5 6 0.007478195165116755
-1 0.0 0 0 -0.0014979315404531966
122 112.5 7 10 0.03934710443713579
46 104.5 8 9 0.04345397508777575
-1 0.0 0 0 0.004859153026035421
-1 0.0 0 0 -0.019135625381022692
-1 0.0 0 0 -0.027437604848548014
-1 0.0 0 0 -0.0119304801885177
56 7.5 13 18 0.010538799428818153
114 12.5 14 15 -0.026993850117192287
-1 0.0 0 0 -0.005804625676685875
76 40.5 16 17 0.014224382435653953
-1 0.0 0 0 -0.0023977242017808225
-1 0.0 0 0 0.00743783843283548
71 86.5 19 28 0.020850401927578442
86 11.5 20 27 0.024274774371743132
123 83.5 21 24 0.005181344894279464
25 77.5 22 23 -0.0112568698679192
-1 0.0 0 0 0.0004054159436419286
-1 0.0 0 0 -0.0068963474481905235
83 99.5 25 26 0.04790850961615826
-1 0.0 0 0 -0.0023571135645346283
-1 0.0 0 0 0.009326424295472263
-1 0.0 0 0 0.00412499510282841
-1 0.0 0 0 -0.009701823972963557
nodes 29
6 0.8790974617004395 1 2 0.0
-1 0.0 0 0 -0.001429595078909305
4 0.7067099809646606 3 4 0.013113932427920081
-1 0.0 0 0 -0.013857462037647393
77 124.5 5 28 0.015793872307311878
8 33.5 6 25 0.01805199329344659
4 0.8954956531524658 7 8 0.005728457734927279
-1 0.0 0 0 -0.007815847588571064
45 2.5 9 20 0.011829836851963788
81 53.5 10 13 -0.01745070564108632
108 11.5 11 12 -0.07094686499553027
-1 0.0 0 0 -0.01069848540985379
-1 0.0 0 0 0.00256032640518682
118 20.5 14 19 0.007511683420750385
27 34.5 15 18 -0.02621514658493278
102 5.5 16 17 -0.12154011367436023
-1 0.0 0 0 -0.029292459324286837
-1 0.0 0 0 -0.0065989321977484834
-1 0.0 0 0 0.0007174322675034977
-1 0.0 0 0 0.005657308649436134
52 101.5 21 24 0.027784639495624014
135 127.5 22 23 0.03230554392959115
-1 0.0 0 0 0.0033818570851583876
-1 0.0 0 0 -0.0359253214924441
-1 0.0 0 0 -0.011152922778173244
5 1.280613660812378 26 27 0.04739614592720974
-1 0.0 0 0 0.0024212327090785612
-1 0.0 0 0 0.008394276776174147
-1 0.0 0 0 -0.016393041199370045
nodes 29
101 117.5 1 28 0.0
99 102.5 2 27 0.00229904710460643
90 69.5 3 20 0.0038565185053535444
25 123.5 4 19 -0.004438169519950848
120 15.5 5 12 -0.00043542957520991695
89 66.5 6 7 -0.029681707407998057
-1 0.0 0 0 -0.0094675841388338
23 41.5 8 9 0.0008620652428695515
-1 0.0 0 0 -0.0060346811835412795
129 12.5 10 11 0.024317503262316846
-1 0.0 0 0 -0.00871621692429459
-1 0.0 0 0 0.00402009377971795
77 82.5 13 18 0.012605850942078656
65 102.5 14 17 0.018591838995220485
33 3.5 15 16 0.02502610851512289
-1 0.0 0 0 -0.0002722802552260208
-1 0.0 0 0 0.004717862255051301
-1 0.0 0 0 -0.006325395920353811
-1 0.0 0 0 -0.010395503248399808
-1 0.0 0 0 -0.013580540358873829
124 26.5 21 26 0.02844728974501286
119 88.5 22 25 0.0008121191839504914
65 48.5 23 24 0.006984760828691678
-1 0.0 0 0 -0.008597074589194162
-1 0.0 0 0 0.0022612562231869647
-1 0.0 0 0 -0.02335360234888883
-1 0.0 0 0 0.007472369467788901
-1 0.0 0 0 -0.01174482540214074
-1 0.0 0 0 -0.007846262669028166
nodes 29
2 11.264707565307617 1 22 0.0
29 79.5 2 19 -0.006892130030478262
12 67.5 3 18 -0.004147997006256201
39 88.5 4 17 -0.002286166417774785
7 0.11499999836087227 5 10 -0.0008074275892867832
125 93.5 6 9 0.009171977777006972
6 0.8731541037559509 7 8 0.011558221075799131
-1 0.0 0 0 -0.0003533468581165863
-1 0.0 0 0 0.002856870923304592
-1 0.0 0 0 -0.009932238985967576
21 89.5 11 16 -0.021749262436897517
4 0.667130172252655 12 13 -0.017899040700379253
-1 0.0 0 0 -0.018464143575173824
78 118.5 14 15 -0.01471949522172647
-1 0.0 0 0 -0.0011632677741566335
-1 0.0 0 0 -0.01951883884136528
-1 0.0 0 0 -0.015666559906909433
-1 0.0 0 0 -0.015673576615257864
-1 0.0 0 0 -0.012833354897772374
94 101.5 20 21 -0.08731838488089538
-1 0.0 0 0 -0.016144401951492107
-1 0.0 0 0 -0.0021573196200716568
1 10.546629905700684 23 24 0.027569671300080256
-1 0.0 0 0 0.02136092335326721
73 124.5 25 28 0.022929300940739923
6 0.8398920297622681 26 27 0.027391322559598145
-1 0.0 0 0 -0.0013263435308158108
-1 0.0 0 0 0.004482260102336419
-1 0.0 0 0 -0.012236848349863187
nodes 29
135 96.5 1 28 0.0
127 62.5 2 25 0.0019880199596817674
17 99.5 3 24 -0.005516743805006783
32 16.5 4 9 2.147706412719832e-05
50 36.5 5 6 -0.02797254749473809
-1 0.0 0 0 -0.00848281356194854
28 1.5 7 8 0.004586049745810527
-1 0.0 0 0 -0.020674474293599907
-1 0.0 0 0 0.0011627387468513464
97 38.5 10 15 0.015964350427209544
27 42.5 11 14 -0.036060243901526325
2 11.125408172607422 12 13 -0.07009740455381684
-1 0.0 0 0 -0.01669144013279418
-1 0.0 0 0 -0.0010620368427442226
-1 0.0 0 0 0.004750077565298713
57 33.5 16 17 0.029846603615177093
-1 0.0 0 0 -0.008021434310729159
30 24.5 18 23 0.036296845267303764
91 34.5 19 22 0.014627400714526416
63 36.5 20 21 -0.0448503910714476
-1 0.0 0 0 -0.01662534334048073
-1 0.0 0 0 0.0014583407908704549
-1 0.0 0 0 0.003733063463251587
-1 0.0 0 0 0.006747442013769871
-1 0.0 0 0 -0.009723858472491055
81 43.5 26 27 0.025402685485944643
-1 0.0 0 0 -0.009351766967903448
-1 0.0 0 0 0.0038977045386233513
-1 0.0 0 0 -0.0083747012807595
nodes 29
2 11.429935455322266 1 28 0.0
43 93.5 2 25 -0.0037240499505857907
21 90.5 3 24 -0.0021688104522710108
33 9.5 4 19 0.00013742625524863986
80 19.5 5 8 -0.015092779248223314
17 99.5 6 7 -0.048079950376583545
-1 0.0 0 0 -0.0037382086231654097
-1 0.0 0 0 -0.015332984952108906
49 51.5 9 12 0.001716289629393925
73 84.5 10 11 -0.048630215504598444
-1 0.0 0 0 0.0010671094060278042
-1 0.0 0 0 -0.011532824755283586
123 78.5 13 18 0.012515757078891201
31 112.5 14 17 0.01694910423033664
47 105.5 15 16 0.019227304131492956
-1 0.0 0 0 0.002198430706812658
-1 0.0 0 0 -0.024750896359035553
-1 0.0 0 0 -0.02894602178139052
-1 0.0 0 0 -0.018573076653450402
33 130.5 20 23 0.011272618495427766
122 27.5 21 22 0.013536854695060567
-1 0.0 0 0 -3.9868113449682684e-05
-1 0.0 0 0 0.0031955793199454083
-1 0.0 0 0 -0.011705954033993991
-1 0.0 0 0 -0.007876689990160932
87 81.5 26 27 -0.12392101177812936
-1 0.0 0 0 -0.007366629044525325
-1 0.0 0 0 -0.03963863684021565
-1 0.0 0 0 0.00490497824574766
nodes 29
2 11.16772747039795 1 16 0.0
7 0.48499999940395355 2 15 -0.008512658279485196
8 39.5 3 14 -0.007101715870289155
4 0.8954956531524658 4 5 -0.011986238554440549
-1 0.0 0 0 -0.005201688271949924
3 0.48180046677589417 6 9 -0.001133005034335836
0 10.167888641357422 7 8 0.07065351815558492
-1 0.0 0 0 -0.008016443366771668
-1 0.0 0 0 0.010334491947747706
20 114.5 10 13 -0.006470555814392479
4 1.1009514331817627 11 12 -0.004270698695268739
-1 0.0 0 0 0.0006750129602059908
-1 0.0 0 0 -0.0031113152231945743
-1 0.0 0 0 -0.01534386396092069
-1 0.0 0 0 0.0033658733090822564
-1 0.0 0 0 -0.016445694252719367
1 10.655799865722656 17 22 0.01968012535474631
20 4.5 18 21 0.1353590653212967
54 34.5 19 20 -0.004839023268450416
-1 0.0 0 0 -0.01871673778380926
-1 0.0 0 0 0.016982131638938438
-1 0.0 0 0 0.021528151310239066
41 1.5 23 26 0.014537254579179057
23 14.5 24 25 -0.050162427273396586
-1 0.0 0 0 -0.016860698635913347
-1 0.0 0 0 -0.0014165119084998976
41 122.5 27 28 0.022244645325004118
-1 0.0 0 0 0.00273873219518913
-1 0.0 0 0 -0.007901699712395278
nodes 29
112 16.5 1 16 0.0
98 8.5 2 5 -0.009859582039473095
25 86.5 3 4 -0.03556446514150243
-1 0.0 0 0 -0.0025314323256796292
-1 0.0 0 0 -0.011198688364108183
22 24.5 6 11 0.008525019871015232
99 55.5 7 10 -0.015947292713998997
52 12.5 8 9 -0.005220845836377152
-1 0.0 0 0 -0.004041003790073636
-1 0.0 0 0 0.0026155488574376275
-1 0.0 0 0 -0.011049196581012655
41 79.5 12 15 0.029991412186716197
114 14.5 13 14 0.039969452327278616
-1 0.0 0 0 -0.00010297970906897035
-1 0.0 0 0 0.006343790235339226
-1 0.0 0 0 -0.006217791579421025
49 63.5 17 26 0.015914784245781535
64 25.5 18 23 -0.011441026495553718
60 57.5 19 20 -0.06737890163590536
-1 0.0 0 0 -0.01194520604921475
49 21.5 21 22 -0.019319531255169827
-1 0.0 0 0 -0.016662028012427117
-1 0.0 0 0 0.002100978277343793
73 92.5 24 25 0.02808189139837159
-1 0.0 0 0 0.0043280224059417255
-1 0.0 0 0 -0.008127461876091096
77 99.5 27 28 0.03401787483168233
-1 0.0 0 0 0.0037692661119345565
-1 0.0 0 0 -0.01621867014588421
nodes 29
56 126.5 1 28 0.0
48 21.5 2 19 0.0006405797353752683
84 68.5 3 14 -0.010486208807356156
41 54.5 4 13 -0.02208602102605146
54 85.5 5 10 -0.04281594065294446
84 16.5 6 9 -0.0638448407866675
2 11.221756935119629 7 8 -0.09110982953373913
-1 0.0 0 0 -0.012032408909125014
-1 0.0 0 0 -0.0025613953966900074
-1 0.0 0 0 -0.0025125878678529125
23 92.5 11 12 0.005200860008837663
-1 0.0 0 0 -0.003840387966510564
-1 0.0 0 0 0.007101749525014297
-1 0.0 0 0 4.0557551613049994e-05
122 4.5 15 16 0.01758790603940826
-1 0.0 0 0 -0.01658181745013053
89 19.5 17 18 0.025979376696118057
-1 0.0 0 0 -0.015623138542688484
-1 0.0 0 0 0.0031426112774894325
118 13.5 20 27 0.014729217843881226
9 113.5 21 26 -0.007901027025830383
54 108.5 22 23 0.0006910068884837336
-1 0.0 0 0 -0.001652248527284194
73 104.5 24 25 0.05128710002071929
-1 0.0 0 0 0.006323323850056895
-1 0.0 0 0 -0.018492063810358072
-1 0.0 0 0 -0.011120888835258353
-1 0.0 0 0 0.004160286853619778
-1 0.0 0 0 -0.023508225975259492
nodes 29
6 0.885573148727417 1 2 0.0
-1 0.0 0 0 -0.0011894294022261633
102 29.5 3 22 0.012370465736915453
114 9.5 4 9 -0.0009747612129020079
7 0.5149999856948853 5 8 -0.032808387394936384
17 128.5 6 7 -0.028790105776187895
-1 0.0 0 0 -0.002483100880475729
-1 0.0 0 0 -0.024866919988800244
-1 0.0 0 0 -0.028258566083438
124 20.5 10 15 0.02101182738744943
9 87.5 11 14 -0.007514057198085744
56 123.5 12 13 0.0011611011068382935
-1 0.0 0 0 0.00040291977263438205
-1 0.0 0 0 -0.03798331530584443
-1 0.0 0 0 -0.013675366871381225
89 34.5 16 19 0.053829380720555056
50 94.5 17 18 -0.030122651073095846
-1 0.0 0 0 -0.00914709006804151
-1 0.0 0 0 0.014721848106991642
64 27.5 20 21 0.06895413345860163
-1 0.0 0 0 -0.0046340879443288975
-1 0.0 0 0 0.0083890169075265
26 22.5 23 24 0.03566903900809218
-1 0.0 0 0 0.001465462789209738
28 1.5 25 26 0.06507977696070227
-1 0.0 0 0 -0.0052539833968664445
5 1.3771450519561768 27 28 0.07812688830111265
-1 0.0 0 0 0.005761562500566814
-1 0.0 0 0 0.0189806649866877
nodes 29
10 12.5 1 20 0.0
72 26.5 2 11 -0.010176490270112803
121 74.5 3 8 -0.026620961469370315
120 15.5 4 7 -0.01708007651042929
97 71.5 5 6 -0.04779586680001097
-1 0.0 0 0 -0.009048310996906622
-1 0.0 0 0 -0.00040116448097099206
-1 0.0 0 0 -0.00020413731663065796
54 68.5 9 10 -0.0788414470181759
-1 0.0 0 0 -0.01177416457827183
-1 0.0 0 0 -0.0007705515571657029
57 59.5 12 15 0.01074181313251321
102 53.5 13 14 -0.04339901576089519
-1 0.0 0 0 -0.006701585204052259
-1 0.0 0 0 0.00845842624360408
97 36.5 16 17 0.026240222246656023
-1 0.0 0 0 -0.006258885740991093
119 97.5 18 19 0.03629965615157382
-1 0.0 0 0 0.004035773650667079
-1 0.0 0 0 -0.020126215816537084
25 102.5 21 28 0.014452925881740962
128 3.5 22 23 0.01948332338853911
-1 0.0 0 0 -0.0018841254057772737
100 7.5 24 25 0.027780271498875467
-1 0.0 0 0 0.0007056581034676382
17 130.5 26 27 0.04587637920594173
-1 0.0 0 0 0.004801674851243734
-1 0.0 0 0 -0.027609937557019293
-1 0.0 0 0 -0.0052516181667288265
nodes 29
2 11.429935455322266 1 28 0.0
11 78.5 2 25 -0.0034318826545445226
58 114.5 3 24 -0.0019367076198904725
37 101.5 4 23 -0.0006860190073827954
110 62.5 5 22 0.000744909873257787
71 107.5 6 21 0.0025207136492046023
1 8.347590446472168 7 8 0.003727362447234172
-1 0.0 0 0 -0.01080804271841481
5 2.2861592769622803 9 16 0.005184538582935764
85 108.5 10 13 0.0017281498787992424
100 104.5 11 12 0.005233923602764749
-1 0.0 0 0 0.0007611169604555567
-1 0.0 0 0 -0.007457327117377319
73 92.5 14 15 -0.05055644883039504
-1 0.0 0 0 -0.0019940710739902792
-1 0.0 0 0 -0.017592858897471853
2 11.221756935119629 17 18 0.0514047096198181
-1 0.0 0 0 0.0036693118908928506
4 0.9053012132644653 19 20 0.21713734364661322
-1 0.0 0 0 0.001952055226862032
-1 0.0 0 0 0.03649547035973519
-1 0.0 0 0 -0.013010868381308785
-1 0.0 0 0 -0.008815817172611392
-1 0.0 0 0 -0.010770324477990935
-1 0.0 0 0 -0.012284205321643133
41 70.5 26 27 -0.10480179170228929
-1 0.0 0 0 -0.017091493663460803
-1 0.0 0 0 0.007891448642739394
-1 0.0 0 0 0.004520162116932166
nodes 29
2 11.053647994995117 1 10 0.0
45 111.5 2 7 -0.010366502400775236
8 31.5 3 6 -0.007320544737400825
4 0.9286068081855774 4 5 -0.024980026012822707
-1 0.0 0 0 -0.009417000584310248
-1 0.0 0 0 -0.0015329844615441582
-1 0.0 0 0 0.0008955648094139563
84 64.5 8 9 -0.0965454094191188
-1 0.0 0 0 -0.020575134321289296
-1 0.0 0 0 -0.0014668178897764691
1 10.734111785888672 11 12 0.013886018902868835
-1 0.0 0 0 0.007146851802206371
50 60.5 13 24 0.00766326528804188
115 16.5 14 19 -0.0038950692689842937
56 6.5 15 16 -0.042274949628063836
-1 0.0 0 0 -0.016942019899752702
50 18.5 17 18 -0.030784359707697852
-1 0.0 0 0 -0.006900136957526232
-1 0.0 0 0 0.0004486478231922835
89 25.5 20 21 0.020434762710026623
-1 0.0 0 0 -0.009417492305068048
22 5.5 22 23 0.03286433452730956
-1 0.0 0 0 -0.0051753462988131695
-1 0.0 0 0 0.0045327091441791775
95 24.5 25 26 0.03687218895068562
-1 0.0 0 0 -0.003247531284035781
81 29.5 27 28 0.06110617233046072
-1 0.0 0 0 -0.011594773450220067
-1 0.0 0 0 0.007269374134278864
nodes 29
26 128.5 1 28 0.0
44 113.5 2 27 0.0006202598024018811
12 1.5 3 20 0.002210203878465461
120 117.5 4 17 -0.011540941799889896
105 86.5 5 14 -0.008091853948158662
131 75.5 6 13 -0.0031148742908674314
48 20.5 7 8 -0.0008346689287672638
-1 0.0 0 0 -0.0017401294804388686
127 61.5 9 12 0.01727562242756959
78 27.5 10 11 -0.0009728835656745518
-1 0.0 0 0 -0.0020630479827573878
-1 0.0 0 0 0.007099862368034719
-1 0.0 0 0 0.00544530534261741
-1 0.0 0 0 -0.013463681855959558
19 33.5 15 16 -0.06425859359058207
-1 0.0 0 0 -0.011466819199750051
-1 0.0 0 0 0.0013636044335455831
27 39.5 18 19 -0.0858412422052142
-1 0.0 0 0 -0.019117346988598516
-1 0.0 0 0 -0.000986885959638231
82 13.5 21 24 0.01395671721936546
11 70.5 22 23 -0.010473020830523953
-1 0.0 0 0 -0.0005064833629743299
-1 0.0 0 0 -0.012573542325986009
121 98.5 25 26 0.029273183172076857
-1 0.0 0 0 0.0034598773003188103
-1 0.0 0 0 -0.006567575335818105
-1 0.0 0 0 -0.00862134002374705
-1 0.0 0 0 -0.022304194179633783
nodes 29
2 11.346918106079102 1 26 0.0
125 71.5 2 25 -0.0044184137037809905
13 88.5 3 24 -0.001526079816267798
8 39.5 4 23 -1.8527989663049137e-05
4 0.8845093250274658 5 6 -0.004363470446004043
-1 0.0 0 0 -0.0035600223142269656
3 0.6315819621086121 7 16 0.0022372557989783614
7 0.41499999165534973 8 15 0.04241528239567215
0 10.167888641357422 9 10 0.05159420305560188
-1 0.0 0 0 -0.003768598686218944
6 0.802415668964386 11 12 0.0684621950689832
-1 0.0 0 0 0.002119995686705215
110 61.5 13 14 0.10404998585022168
-1 0.0 0 0 0.011294729045082358
-1 0.0 0 0 -0.02302487398173367
-1 0.0 0 0 -0.017577467548405286
74 116.5 17 22 -0.004170876448496373
6 0.9123948812484741 18 21 -0.002891579320572167
132 65.5 19 20 -0.016219709967966147
-1 0.0 0 0 -0.001315261615275524
-1 0.0 0 0 -0.014546187462959593
-1 0.0 0 0 0.0015806807370208472
-1 0.0 0 0 -0.022195598274987918
-1 0.0 0 0 0.003520125371384769
-1 0.0 0 0 -0.010544571311226133
-1 0.0 0 0 -0.006302322283858662
48 3.5 27 28 0.030792425919256565
-1 0.0 0 0 -0.004151009443828323
-1 0.0 0 0 0.0043595682501583145
nodes 29
133 98.5 1 28 0.0
135 96.5 2 27 0.0012790804119010562
26 130.5 3 26 0.0030778170339366474
6 0.885573148727417 4 5 0.0035555062894339767
-1 0.0 0 0 -0.0007785888732675486
122 132.5 6 25 0.015382375497838646
85 116.5 7 24 0.016253063732400624
116 11.5 8 19 0.01961630487875691
49 49.5 9 12 0.005547291268072794
46 70.5 10 11 -0.044391610376289206
-1 0.0 0 0 -0.00750197128193885
-1 0.0 0 0 0.003977208987215627
80 20.5 13 16 0.025310798469846667
51 16.5 14 15 -0.039185198304741584
-1 0.0 0 0 -0.013785030984772864
-1 0.0 0 0 5.512645854298267e-05
123 46.5 17 18 0.04466169800692188
-1 0.0 0 0 0.005146783965904081
-1 0.0 0 0 -0.012830212113950702
72 19.5 20 21 0.03701018246267493
-1 0.0 0 0 0.0003415057364356141
5 1.2432981729507446 22 23 0.05560722534007746
-1 0.0 0 0 0.00228492917927197
-1 0.0 0 0 0.00955660132294888
-1 0.0 0 0 -0.0055595890741322
-1 0.0 0 0 -0.02629674185194414
-1 0.0 0 0 -0.029843824632282297
-1 0.0 0 0 -0.007358414763765426
-1 0.0 0 0 -0.010350747924838912
nodes 29
78 119.5 1 28 0.0
86 20.5 2 17 0.001311113712668187
43 4.5 3 8 -0.007814044838586144
104 11.5 4 5 -0.026251954394499448
-1 0.0 0 0 -0.004932748473647464
56 125.5 6 7 -0.008556127763976917
-1 0.0 0 0 -0.0006557086912340045
-1 0.0 0 0 -0.04157431106466581
99 0.5 9 10 0.007166414037114272
-1 0.0 0 0 -0.004112483259129317
121 108.5 11 16 0.017248544837534147
44 113.5 12 15 0.021761478687034055
47 93.5 13 14 0.025938542701514987
-1 0.0 0 0 0.002962024821110415
-1 0.0 0 0 -0.008337526482554121
-1 0.0 0 0 -0.007394145219743013
-1 0.0 0 0 -0.00928514792494033
56 14.5 18 25 0.016176142765430085
31 73.5 19 22 -0.010918147045904178
97 91.5 20 21 -0.03115434435075247
-1 0.0 0 0 -0.0010083444235175051
-1 0.0 0 0 -0.008958395037124865
57 34.5 23 24 0.04264282975605485
-1 0.0 0 0 -0.01243384787254928
-1 0.0 0 0 0.006323587528589112
62 114.5 26 27 0.028276109741438085
-1 0.0 0 0 0.003250694440173204
-1 0.0 0 0 -0.006800128184959806
-1 0.0 0 0 -0.009301763104334289
nodes 29
2 11.429935455322266 1 28 0.0
29 89.5 2 27 -0.003000788309957577
118 91.5 3 24 -0.0009740255759844482
58 119.5 4 21 0.0011723224268754984
70 114.5 5 20 0.002083047254007743
1 8.347590446472168 6 7 0.003805607357829153
-1 0.0 0 0 -0.009859170200370644
5 1.4071226119995117 8 15 0.005182139209534578
78 114.5 9 14 -0.003061833759557309
52 85.5 10 13 -0.0011460856637886437
6 0.9123948812484741 11 12 0.0021228934064323494
-1 0.0 0 0 -0.0009430002016482973
-1 0.0 0 0 0.002014118756413968
-1 0.0 0 0 -0.006519627338369406
-1 0.0 0 0 -0.011097236526303835
2 10.94482421875 16 17 0.023304462898212662
-1 0.0 0 0 0.00033907006630934155
6 0.8697291016578674 18 19 0.0590045369468779
-1 0.0 0 0 0.0029676622466384803
-1 0.0 0 0 0.011606533897997763
-1 0.0 0 0 -0.007393266984790445
127 56.5 22 23 -0.14566410597753968
-1 0.0 0 0 -0.024694860906878006
-1 0.0 0 0 0.004892490905229793
69 19.5 25 26 -0.06055289745515858
-1 0.0 0 0 -0.013888060782878166
-1 0.0 0 0 -6.292543685710205e-05
-1 0.0 0 0 -0.0070292633639724425
-1 0.0 0 0 0.003952364084285144
nodes 29
125 106.5 1 28 0.0
2 11.264707565307617 2 19 0.0015473459773207754
66 89.5 3 18 -0.003956218224989527
7 0.054999999701976776 4 5 -0.0018819166721590747
-1 0.0 0 0 0.001225841900140005
45 92.5 6 13 -0.012881373021620167
43 115.5 7 12 -0.008396218548389909
13 6.5 8 9 -0.007330751287045735
-1 0.0 0 0 -0.0018215372207029711
120 130.5 10 11 0.01652936500026838
-1 0.0 0 0 0.0019315164872537442
-1 0.0 0 0 -0.02879071724974071
-1 0.0 0 0 -0.026255922795022153
19 38.5 14 17 -0.0814121995112496
15 5.5 15 16 -0.054065059975684567
-1 0.0 0 0 -0.011648270027328236
-1 0.0 0 0 0.0008171133693141137
-1 0.0 0 0 -0.025645087833981964
-1 0.0 0 0 -0.008510576581447852
117 1.5 20 21 0.024052208405706536
-1 0.0 0 0 -0.0023782316453239403
107 108.5 22 27 0.03554950708111072
1 10.734111785888672 23 26 0.03813314826438313
4 0.8864503502845764 24 25 0.17606150377626834
-1 0.0 0 0 -0.0032770077734695455
-1 0.0 0 0 0.028704891772615117
-1 0.0 0 0 0.0033610907100059028
-1 0.0 0 0 -0.020368873054042908
-1 0.0 0 0 -0.007757173429352258
nodes 29
112 16.5 1 12 0.0
98 8.5 2 5 -0.008245098134476641
25 86.5 3 4 -0.029205618609929446
-1 0.0 0 0 -0.00205033013668819
-1 0.0 0 0 -0.00940878551433169
56 115.5 6 11 0.006746248966705734
71 90.5 7 10 0.009042576317791973
32 48.5 8 9 0.011774210336337305
-1 0.0 0 0 -0.0006015950429202432
-1 0.0 0 0 0.0031017986374041306
-1 0.0 0 0 -0.011866848100502305
-1 0.0 0 0 -0.014821206132873452
49 66.5 13 18 0.013308774787044998
64 28.5 14 17 -0.00946240224113149
60 59.5 15 16 -0.04919275378614354
-1 0.0 0 0 -0.009082116816929504
-1 0.0 0 0 -0.0008841769391972009
-1 0.0 0 0 0.0022111890924667054
44 76.5 19 28 0.029086644897060525
31 112.5 20 27 0.034011419521672345
27 9.5 21 24 0.03580758611329683
113 32.5 22 23 -0.016132139440095474
-1 0.0 0 0 0.002777718760282439
-1 0.0 0 0 -0.010831768827746648
2 10.987154960632324 25 26 0.04688349620148727
-1 0.0 0 0 0.0024817104520513415
-1 0.0 0 0 0.007729025267365769
-1 0.0 0 0 -0.027593957794552794
-1 0.0 0 0 -0.008354005384156206
nodes 29
15 78.5 1 28 0.0
15 8.5 2 21 0.0022193227128287246
120 15.5 3 10 -0.006915849765871722
122 13.5 4 5 -0.03250590286902046
-1 0.0 0 0 -0.008028075273176763
65 22.5 6 7 -0.011450533705866314
-1 0.0 0 0 -0.012149611447040907
89 20.5 8 9 0.0035303197742776
-1 0.0 0 0 -0.014042623345256503
-1 0.0 0 0 0.0011433474982210025
73 85.5 11 16 0.0050967104852977195
0 11.231596946716309 12 15 -0.01686334419903721
121 122.5 13 14 -0.03750287645624907
-1 0.0 0 0 -0.003398094241742801
-1 0.0 0 0 -0.0285603563190977
-1 0.0 0 0 0.0025917986915037668
27 38.5 17 20 0.026784928959939985
95 47.5 18 19 -0.011275291141267997
-1 0.0 0 0 -0.010558167759622455
-1 0.0 0 0 0.002943266257528776
-1 0.0 0 0 0.004544541720622912
101 74.5 22 25 0.01736749147306022
77 18.5 23 24 0.02363832953018496
-1 0.0 0 0 0.0005796895777771164
-1 0.0 0 0 0.004367940980535199
23 52.5 26 27 -0.044169436926819385
-1 0.0 0 0 0.00023966683011167333
-1 0.0 0 0 -0.012235037772206282
-1 0.0 0 0 -0.0048485141956385435
nodes 29
43 117.5 1 28 0.0
92 18.5 2 13 0.0006816719314818287
62 21.5 3 4 -0.00795227933858953
-1 0.0 0 0 -0.0022510084116057474
119 60.5 5 10 0.009356275158347022
97 18.5 6 7 -0.006279826255844995
-1 0.0 0 0 -0.0058930322503013945
23 31.5 8 9 0.010373397145445808
-1 0.0 0 0 -0.002818989846116586
-1 0.0 0 0 0.003041090836115934
102 56.5 11 12 0.039832116785575813
-1 0.0 0 0 -0.000600236644868973
-1 0.0 0 0 0.00778043704116794
47 114.5 14 27 0.013698115817500424
58 13.5 15 18 0.016744632357243383
2 11.082865715026855 16 17 -0.006646796517536758
-1 0.0 0 0 -0.003269151714801899
-1 0.0 0 0 0.00241655998529285
27 84.5 19 24 0.030067691081195357
64 44.5 20 23 0.018434259546067117
94 24.5 21 22 -0.0032841216095283654
-1 0.0 0 0 -0.0036015527596025944
-1 0.0 0 0 0.003164228990663572
-1 0.0 0 0 0.004993282507480233
97 82.5 25 26 0.07575000174009547
-1 0.0 0 0 0.009020582827179727
-1 0.0 0 0 -0.015300805915896165
-1 0.0 0 0 -0.012266380806922288
-1 0.0 0 0 -0.015233322393090932
nodes 29
96 128.5 1 28 0.0
99 116.5 2 27 0.0004355767314278087
98 36.5 3 22 0.00120893603107691
18 12.5 4 11 -0.0044042068865079494
54 102.5 5 6 -0.02459595166106688
-1 0.0 0 0 -0.004422407636464899
75 72.5 7 10 0.01300045178343933
97 19.5 8 9 0.025816515327456126
-1 0.0 0 0 -0.012357544122104228
-1 0.0 0 0 0.003598165507671853
-1 0.0 0 0 -0.012864338475509152
76 100.5 12 21 0.0074964882758871915
81 62.5 13 16 0.010643940259977341
42 117.5 14 15 -0.02123150867766924
-1 0.0 0 0 -0.0012699011160668032
-1 0.0 0 0 -0.02289064036003951
77 99.5 17 20 0.020443347078226908
22 120.5 18 19 0.02433572425840164
-1 0.0 0 0 0.002515785632512705
-1 0.0 0 0 -0.05895816092822879
-1 0.0 0 0 -0.01146285925277262
-1 0.0 0 0 -0.00966208290020456
57 59.5 23 24 0.02068040521910824
-1 0.0 0 0 -0.0025797868631595527
127 105.5 25 26 0.040857538487437346
-1 0.0 0 0 0.004442663508439595
-1 0.0 0 0 -0.021269626172447646
-1 0.0 0 0 -0.013416217168992262
-1 0.0 0 0 -0.023516421749099462
nodes 29
8 39.5 1 28 0.0
4 0.8971639275550842 2 5 -0.0036844273779878616
8 29.5 3 4 -0.028684889069401795
-1 0.0 0 0 -0.012199517685919621
-1 0.0 0 0 -0.002209773641582784
3 0.5148114562034607 6 11 0.002209039737294001
0 10.167888641357422 7 8 0.06118202282827045
-1 0.0 0 0 -0.00682969564675363
4 1.214723825454712 9 10 0.08790114033142432
-1 0.0 0 0 0.010018874477309331
-1 0.0 0 0 -0.012740499527426436
13 8.5 12 17 -0.001736356616408838
118 90.5 13 16 -0.011647379555043231
39 102.5 14 15 -0.008490278204378391
-1 0.0 0 0 -0.0007302914093838019
-1 0.0 0 0 -0.020379836313142507
-1 0.0 0 0 -0.008312570363169063
115 59.5 18 25 0.015957831574720596
95 26.5 19 22 0.002722249909967412
55 52.5 20 21 -0.02569622678329247
-1 0.0 0 0 -0.005722296557893302
-1 0.0 0 0 0.0029010258392337326
45 96.5 23 24 0.03190190130187749
-1 0.0 0 0 0.004201113328658952
-1 0.0 0 0 -0.010264528937402711
89 27.5 26 27 0.04550745204446385
-1 0.0 0 0 -0.010872458740560658
-1 0.0 0 0 0.005662662123410446
-1 0.0 0 0 0.002773819457957773
nodes 29
2 11.429935455322266 1 28 0.0
21 79.5 2 25 -0.002766738402786001
8 39.5 3 24 -0.0005488653652139482
118 91.5 4 21 -0.0043889519165853106
135 88.5 5 20 -0.002109561815395344
96 128.5 6 19 -6.153825775402517e-05
108 123.5 7 18 0.00046418404586335253
133 94.5 8 17 0.0010550089527189728
13 4.5 9 12 0.0024476865346345577
98 115.5 10 11 -0.007509186068700565
-1 0.0 0 0 -0.0005869042539007057
-1 0.0 0 0 -0.015283914861427465
77 111.5 13 16 0.01601739207131378
5 1.4199153184890747 14 15 0.020676663960496045
-1 0.0 0 0 0.001071945788394977
-1 0.0 0 0 0.005246589530068783
-1 0.0 0 0 -0.006215782875912779
-1 0.0 0 0 -0.009543807359258902
-1 0.0 0 0 -0.023427373553419898
-1 0.0 0 0 -0.02989459012467892
-1 0.0 0 0 -0.007131240245427548
49 26.5 22 23 -0.06472067926312809
-1 0.0 0 0 -0.02423507677994835
-1 0.0 0 0 -0.0041295226539119646
-1 0.0 0 0 0.003006776199027746
29 65.5 26 27 -0.05623055631932434
-1 0.0 0 0 -0.003919482530102559
-1 0.0 0 0 -0.020672964750465005
-1 0.0 0 0 0.003644094968905653
nodes 29
6 0.885573148727417 1 2 0.0
-1 0.0 0 0 -0.0009765823103890646
26 118.5 3 28 0.010156784489476336
2 11.009770393371582 4 13 0.011740215019934563
85 106.5 5 10 -0.0016986538785784889
8 31.5 6 9 0.003760504724968609
4 0.8900984525680542 7 8 -0.013793559676307255
-1 0.0 0 0 -0.010966978000032901
-1 0.0 0 0 -0.000733929167981097
-1 0.0 0 0 0.0029906355407529647
27 67.5 11 12 -0.09595491415923296
-1 0.0 0 0 -0.008350793006377184
-1 0.0 0 0 -0.06230203096497933
5 1.3386118412017822 14 17 0.02674198621352945
113 136.5 15 16 0.01148572103283703
-1 0.0 0 0 0.0012617189383515703
-1 0.0 0 0 -0.04383537675298396
11 107.5 18 27 0.09345825557737247
25 0.5 19 20 0.09812925140392686
-1 0.0 0 0 -0.004521740291881275
17 120.5 21 26 0.11237668763478739
1 10.58144474029541 22 25 0.12274070196981472
119 110.5 23 24 0.22972230023660925
-1 0.0 0 0 0.025731111637476357
-1 0.0 0 0 -0.016768802746775606
-1 0.0 0 0 0.009671923803048538
-1 0.0 0 0 -0.012563578046198624
-1 0.0 0 0 -0.04277699257740203
-1 0.0 0 0 -0.013195365701523638
nodes 29
100 104.5 1 26 0.0
100 13.5 2 17 0.0016973439760585704
113 67.5 3 12 -0.005853636752883616
24 1.5 4 5 0.0005963868816812704
-1 0.0 0 0 -0.003307159627252536
28 119.5 6 11 0.007386877718647995
94 105.5 7 10 0.009416462532305108
97 79.5 8 9 0.0008596684218252231
-1 0.0 0 0 -0.0034665732893098405
-1 0.0 0 0 0.0026391927380588244
-1 0.0 0 0 0.0038645560733320673
-1 0.0 0 0 -0.010230787796230807
68 1.5 13 16 -0.04037082830589597
124 3.5 14 15 -0.09841402781333937
-1 0.0 0 0 -0.016305336214041465
-1 0.0 0 0 -0.0033082129189902585
-1 0.0 0 0 -0.0021102950167517067
19 87.5 18 23 0.016225685053380973
130 5.5 19 22 0.003717593673671125
126 17.5 20 21 -0.019541385257077982
-1 0.0 0 0 -0.005438549379162677
-1 0.0 0 0 0.000651669345018605
-1 0.0 0 0 0.0022032750689516705
65 89.5 24 25 0.05518019474475596
-1 0.0 0 0 0.006994659500517659
-1 0.0 0 0 -0.010161815161028735
27 36.5 27 28 -0.057672008343480755
-1 0.0 0 0 -0.012537633898411763
-1 0.0 0 0 0.002457794639510139
nodes 29
10 12.5 1 28 0.0
32 16.5 2 9 -0.008111538083417252
41 50.5 3 6 -0.02670903638816624
2 11.196020126342773 4 5 -0.06840751074647226
-1 0.0 0 0 -0.009863172850172547
-1 0.0 0 0 -0.0022027901135711204
22 51.5 7 8 -0.0030888190156335934
-1 0.0 0 0 0.0003889358386772347
-1 0.0 0 0 -0.011522185224203936
97 36.5 10 15 0.0037400978270203432
27 23.5 11 14 -0.038980698959078026
77 14.5 12 13 -0.06917104091765107
-1 0.0 0 0 -0.012417948443136071
-1 0.0 0 0 -0.002589742462459449
-1 0.0 0 0 0.002805129467081618
57 36.5 16 17 0.013900213471625551
-1 0.0 0 0 -0.007061926931922493
119 97.5 18 27 0.018896252479631583
81 62.5 19 26 0.021615408562131285
124 26.5 20 25 0.025657496323292277
68 122.5 21 24 0.009299804752559957
97 77.5 22 23 0.011195857265481389
-1 0.0 0 0 -0.003254057274065271
-1 0.0 0 0 0.0027297201869798627
-1 0.0 0 0 -0.0359789516107822
-1 0.0 0 0 0.0049906888202559535
-1 0.0 0 0 -0.00819430579443535
-1 0.0 0 0 -0.015590353919616703
-1 0.0 0 0 0.0011520225099515083
nodes 29
2 11.199556350708008 1 24 0.0
24 101.5 2 23 -0.005913980861887494
26 109.5 3 22 -0.004045270110468203
53 91.5 4 19 -0.0022894145293197526
126 113.5 5 14 0.0012430390523476425
125 71.5 6 11 0.004725532536877818
36 92.5 7 10 0.007501519839346541
66 89.5 8 9 0.009218277954410381
-1 0.0 0 0 0.0011318297185846568
-1 0.0 0 0 -0.007023510519793931
-1 0.0 0 0 -0.009269294693537135
73 73.5 12 13 -0.05979262592465082
-1 0.0 0 0 -0.013104683465972617
-1 0.0 0 0 -2.194350149976777e-05
65 76.5 15 18 -0.04874450488195664
2 10.84460735321045 16 17 -0.03424212047529243
-1 0.0 0 0 -0.00906716149371227
-1 0.0 0 0 0.0013780407501870742
-1 0.0 0 0 -0.020099750105404837
41 72.5 20 21 -0.0445769318082911
-1 0.0 0 0 -0.001980750646890485
-1 0.0 0 0 -0.01312928976996118
-1 0.0 0 0 -0.008258580092436935
-1 0.0 0 0 -0.008596621513523727
1 10.734111785888672 25 28 0.01626387954397012
104 5.5 26 27 0.11025303662154494
-1 0.0 0 0 -0.005233914881743115
-1 0.0 0 0 0.01589344838594869
-1 0.0 0 0 0.0011746475539979003
nodes 29
56 130.5 1 28 0.0
48 19.5 2 15 0.0003415708920323728
90 82.5 3 10 -0.008665819265271395
105 22.5 4 9 -0.017898556815181436
39 3.5 5 8 -0.0328259748319309
41 110.5 6 7 -0.053898593879519376
-1 0.0 0 0 -0.006793749716589354
-1 0.0 0 0 0.0012011968124860772
-1 0.0 0 0 -0.0005121340672963982
-1 0.0 0 0 0.0005575244846066461
65 40.5 11 12 0.016883876198792704
-1 0.0 0 0 -0.008921326671958602
124 39.5 13 14 0.029399255495294256
-1 0.0 0 0 0.0011096844636965329
-1 0.0 0 0 0.009446789150136626
118 12.5 16 25 0.010383250667427126
78 17.5 17 24 -0.006974002571408594
51 92.5 18 19 -0.019554315946528386
-1 0.0 0 0 -0.003167594935800473
30 77.5 20 23 0.027148929195264543
60 31.5 21 22 0.034399586832703936
-1 0.0 0 0 -0.008666267870085351
-1 0.0 0 0 0.005972088092242956
-1 0.0 0 0 -0.04758476731823941
-1 0.0 0 0 0.003598900096868188
18 37.5 26 27 0.03003694025703106
-1 0.0 0 0 0.0011023585641898978
-1 0.0 0 0 0.005677619574312316
-1 0.0 0 0 -0.027106516849828073
nodes 29
122 132.5 1 28 0.0
78 102.5 2 25 0.0005126252406210352
70 114.5 3 22 0.0021185067658313003
78 27.5 4 13 0.0035874766150098794
129 121.5 5 12 -0.0014619032394691026
128 3.5 6 11 0.00044903662753451425
89 50.5 7 8 -0.017916596664441554
-1 0.0 0 0 -0.0048823210677374764
33 36.5 9 10 0.0050037127797116915
-1 0.0 0 0 -0.0027591668224004294
-1 0.0 0 0 0.004801542806376241
-1 0.0 0 0 0.0007222946506170698
-1 0.0 0 0 -0.008031854221335736
55 55.5 14 17 0.025531381385147406
126 11.5 15 16 -0.002307838168108916
-1 0.0 0 0 -0.006033988684673047
-1 0.0 0 0 0.002467254081109431
19 59.5 18 21 0.052936589658264414
89 12.5 19 20 0.06340335654959423
-1 0.0 0 0 -0.03173446133076935
-1 0.0 0 0 0.006702224622293658
-1 0.0 0 0 -0.011253487601787423
119 41.5 23 24 -0.06371270368276279
-1 0.0 0 0 -0.013818564437494733
-1 0.0 0 0 0.0005754927349865556
15 27.5 26 27 -0.05401335441817779
-1 0.0 0 0 -0.007929992916922013
-1 0.0 0 0 0.010625570961994714
-1 0.0 0 0 -0.016933091238787144
nodes 29
2 11.472582817077637 1 26 0.0
79 97.5 2 25 -0.0021769861465436796
5 1.340774416923523 3 6 -0.0010689946988946513
6 0.9246731400489807 4 5 -0.010111139456216384
-1 0.0 0 0 -0.00194579642400778
-1 0.0 0 0 0.0008845495719223813
0 10.702142715454102 7 8 0.011092649731857356
-1 0.0 0 0 -0.001496846977020858
6 0.8386583924293518 9 10 0.026824241418428492
-1 0.0 0 0 0.00018026323342695624
54 113.5 11 22 0.05708706329299704
121 107.5 12 19 0.042041587042218394
113 6.5 13 14 0.05292273259085776
-1 0.0 0 0 -0.0008749961235188755
6 0.9934342503547668 15 18 0.07232596738486151
11 114.5 16 17 0.07516263984060977
-1 0.0 0 0 0.007794987942042375
-1 0.0 0 0 -0.046565474662929776
-1 0.0 0 0 -0.05660344379452559
116 3.5 20 21 -0.0755356584246176
-1 0.0 0 0 -0.021659292178041162
-1 0.0 0 0 0.0005556733064065761
57 68.5 23 24 0.13183624812691258
-1 0.0 0 0 -0.0001019586074347659
-1 0.0 0 0 0.016806061041100155
-1 0.0 0 0 -0.009941593141308356
49 128.5 27 28 0.04052942280894814
-1 0.0 0 0 0.004887881031816212
-1 0.0 0 0 -0.01960900783335838
nodes 29
117 86.5 1 28 0.0
48 114.5 2 27 0.0017170284982845668
48 26.5 3 18 0.002935007766253466
84 68.5 4 15 -0.004719345982241236
41 54.5 5 12 -0.013174968892904378
54 85.5 6 9 -0.0298105409881998
99 74.5 7 8 -0.047861340134495306
-1 0.0 0 0 -0.004271801929496334
-1 0.0 0 0 -0.021376801943998505
23 30.5 10 11 0.013722609718876701
-1 0.0 0 0 -0.008892505941788685
-1 0.0 0 0 0.003676596401488485
128 7.5 13 14 0.0028301150199793483
-1 0.0 0 0 -0.003532521318077001
-1 0.0 0 0 0.0015426753034645472
90 13.5 16 17 0.017328199151329726
-1 0.0 0 0 -0.013477285631320704
-1 0.0 0 0 0.0023676710014838807
118 13.5 19 26 0.01628280033107888
9 90.5 20 25 -0.001129786245967351
54 109.5 21 22 0.010354446969180751
-1 0.0 0 0 -0.0004640526399280507
95 18.5 23 24 0.058550394249189924
-1 0.0 0 0 0.007853593065926825
-1 0.0 0 0 -0.00819553979422253
-1 0.0 0 0 -0.007066893084805979
-1 0.0 0 0 0.003689262015673691
-1 0.0 0 0 -0.007581434031357176
-1 0.0 0 0 -0.004933216040603206
nodes 29
2 11.346918106079102 1 28 0.0
5 1.3291600942611694 2 7 -0.003487776561323566
109 75.5 3 6 -0.013233577898539333
6 0.9246731400489807 4 5 -0.01095987366980712
-1 0.0 0 0 -0.0021509420719057377
-1 0.0 0 0 0.0009673866327919206
-1 0.0 0 0 -0.011242997196269689
4 1.1798088550567627 8 27 0.007691473830959977
108 101.5 9 26 0.01488793527116208
2 10.863508224487305 10 13 0.016722294276079897
8 41.5 11 12 0.0020358633949642156
-1 0.0 0 0 -0.0004745203600514737
-1 0.0 0 0 0.007508623184450102
6 0.8697291016578674 14 19 0.03358613546011341
77 13.5 15 18 0.014954772476484959
19 18.5 16 17 -0.014197909032379094
-1 0.0 0 0 -0.005691125462132671
-1 0.0 0 0 0.0025503281549717873
-1 0.0 0 0 0.004661799944283687
54 112.5 20 25 0.06976905505089587
20 0.5 21 24 0.04831056285165412
7 0.20499999821186066 22 23 -0.051158038974388975
-1 0.0 0 0 4.229244071541838e-05
-1 0.0 0 0 -0.026476018794703706
-1 0.0 0 0 0.007387948565233636
-1 0.0 0 0 0.017273966515920117
-1 0.0 0 0 -0.01327001576232281
-1 0.0 0 0 -0.003899859039010556
-1 0.0 0 0 0.0024306710295284254
nodes 29
44 121.5 1 28 0.0
61 114.5 2 25 0.0008874023633756845
60 56.5 3 20 0.003124468093090273
65 49.5 4 11 -0.003455345179123965
119 60.5 5 8 -0.02457987355713781
2 11.346918106079102 6 7 -0.045740662329763065
-1 0.0 0 0 -0.006131538582222883
-1 0.0 0 0 0.0011330320663188907
94 73.5 9 10 0.01719838290865263
-1 0.0 0 0 -0.006248276586617943
-1 0.0 0 0 0.004233973920444651
95 19.5 12 19 0.011197489299047542
93 28.5 13 18 0.01962793655422158
119 98.5 14 17 0.02478744177725869
27 58.5 15 16 0.027082185087897465
-1 0.0 0 0 0.0030490782623970192
-1 0.0 0 0 -0.010551179782073934
-1 0.0 0 0 -0.01790161764682081
-1 0.0 0 0 -0.008404196017119654
-1 0.0 0 0 -0.006562634184548165
88 8.5 21 22 0.018528510052139537
-1 0.0 0 0 -0.01728743250485012
27 27.5 23 24 0.02337019743534628
-1 0.0 0 0 -0.0028118760586582185
-1 0.0 0 0 0.0033789228675986695
65 76.5 26 27 -0.03673850164269327
-1 0.0 0 0 -0.0010605131640296086
-1 0.0 0 0 -0.01354451154220825
-1 0.0 0 0 -0.009464988075501043
nodes 29
2 11.053647994995117 1 8 0.0
28 126.5 2 7 -0.007785996571917094
125 48.5 3 6 -0.006407399348633776
45 82.5 4 5 -0.002849733483164866
-1 0.0 0 0 9.974907837305208e-05
-1 0.0 0 0 -0.005198380549002795
-1 0.0 0 0 -0.00552312765682448
-1 0.0 0 0 -0.01689585568068267
77 0.5 9 12 0.010429409494997476
19 38.5 10 11 -0.026231480004316042
-1 0.0 0 0 -0.007251412820838035
-1 0.0 0 0 0.0027630671156079947
1 10.83229923248291 13 16 0.017345337330116364
56 117.5 14 15 0.05957355085337756
-1 0.0 0 0 0.006425496489308052
-1 0.0 0 0 -0.03391512605594471
50 75.5 17 26 0.008646700734262873
23 3.5 18 21 -0.0004960513722785774
119 14.5 19 20 -0.04022237686665457
-1 0.0 0 0 -0.010390961171463809
-1 0.0 0 0 -0.0003260506905328744
115 32.5 22 23 0.01190217742093289
-1 0.0 0 0 -0.001630318309571547
89 25.5 24 25 0.033334729917707986
-1 0.0 0 0 -0.010527371930898498
-1 0.0 0 0 0.004269952000679169
108 64.5 27 28 0.04552367078384743
-1 0.0 0 0 0.005553839545289509
-1 0.0 0 0 -0.013746276583212117
nodes 29
58 132.5 1 28 0.0
101 115.5 2 27 0.00021691088709591738
100 104.5 3 24 0.0018444061715091088
100 14.5 4 21 0.003419213185704761
38 0.5 5 18 -0.0036495145666933385
115 81.5 6 13 -0.01808811246153105
113 7.5 7 8 -0.029912577113355317
-1 0.0 0 0 -0.007099580724943332
32 125.5 9 12 -0.016002507067281665
30 24.5 10 11 -0.012974603280732954
-1 0.0 0 0 -0.002047055012070409
-1 0.0 0 0 0.007326959815664816
-1 0.0 0 0 -0.023678315300605306
84 31.5 14 17 0.023475325318377555
57 54.5 15 16 -0.06033745792791736
-1 0.0 0 0 -0.031298406698748976
-1 0.0 0 0 -0.0034964365000904503
-1 0.0 0 0 0.005008453485818689
105 89.5 19 20 0.00662222816029404
-1 0.0 0 0 0.0010426761040816027
-1 0.0 0 0 -0.00654481640495232
3 0.6916932463645935 22 23 0.018806064856185127
-1 0.0 0 0 0.004845415693328685
-1 0.0 0 0 0.0005535722410506706
27 39.5 25 26 -0.053582753889892955
-1 0.0 0 0 -0.010712092765331577
-1 0.0 0 0 0.0018395182265628517
-1 0.0 0 0 -0.004670667822062298
-1 0.0 0 0 -0.036044963299193315
nodes 29
2 11.264707565307617 1 20 0.0
66 89.5 2 19 -0.004376950163154052
12 67.5 3 18 -0.002629682819419514
24 101.5 4 17 -0.0012975933484606719
7 0.044999999925494194 5 6 0.00041995067430601526
-1 0.0 0 0 0.001348958835666738
43 115.5 7 16 -0.007736284645019111
11 91.5 8 15 -0.006851083135780521
110 72.5 9 14 -0.005659928195133297
104 89.5 10 13 -0.004262057619493538
6 0.9103891849517822 11 12 -0.0014029843042354677
-1 0.0 0 0 -0.0013989582736250346
-1 0.0 0 0 0.0015745863422480769
-1 0.0 0 0 -0.006938483495817398
-1 0.0 0 0 -0.013041217954578556
-1 0.0 0 0 -0.015429159393112016
-1 0.0 0 0 -0.02131328730414925
-1 0.0 0 0 -0.007037465044559538
-1 0.0 0 0 -0.00943233908597679
-1 0.0 0 0 -0.007286357233693243
66 11.5 21 24 0.01750853153846302
70 2.5 22 23 -0.007771131756214999
-1 0.0 0 0 -0.007622397811367658
-1 0.0 0 0 0.001019249810818353
1 10.477484703063965 25 28 0.03530192202332132
4 0.8707928657531738 26 27 0.21503383640616022
-1 0.0 0 0 -0.005541953107673828
-1 0.0 0 0 0.03369047982966022
-1 0.0 0 0 0.0031202834302051213
nodes 29
71 107.5 1 26 0.0
69 98.5 2 23 0.0008923997500924235
74 118.5 3 22 0.003315838124233558
101 22.5 4 17 0.004060619083949305
95 4.5 5 8 -0.0028560652860977124
18 121.5 6 7 0.014961135099754011
-1 0.0 0 0 0.0016841826227393603
-1 0.0 0 0 -0.01968785394966543
75 72.5 9 16 -0.018584522508100117
17 124.5 10 13 -0.013264876979036663
2 11.19241714477539 11 12 -0.018780164463758537
-1 0.0 0 0 -0.003170593687487502
-1 0.0 0 0 0.0011717690738377955
126 23.5 14 15 0.04648610894191915
-1 0.0 0 0 -0.011280003479164509
-1 0.0 0 0 0.00861973359115058
-1 0.0 0 0 -0.011278143089765442
26 22.5 18 19 0.01669763855516387
-1 0.0 0 0 -0.00013362178105777396
97 101.5 20 21 0.042835403059292024
-1 0.0 0 0 0.005092960961653984
-1 0.0 0 0 -0.006295578062725182
-1 0.0 0 0 -0.012438688630669326
118 15.5 24 25 -0.031129392330489652
-1 0.0 0 0 -0.006875922371952045
-1 0.0 0 0 0.0016977549547323775
99 48.5 27 28 -0.08563760900018223
-1 0.0 0 0 -0.0038271137760702133
-1 0.0 0 0 -0.02655320308578968
nodes 29
125 103.5 1 28 0.0
6 0.885573148727417 2 3 0.0012543071103421955
-1 0.0 0 0 -0.0007326679893996429
102 35.5 4 21 0.010173076497397735
17 118.5 5 20 0.000813320316627824
0 11.235457420349121 6 19 0.004240869688439248
9 87.5 7 18 -0.005720827481948818
119 92.5 8 15 -0.0007515195043009532
28 92.5 9 14 0.005371706029606689
85 107.5 10 13 0.009541983772178719
58 60.5 11 12 0.01597857575289929
-1 0.0 0 0 0.00226920375094288
-1 0.0 0 0 -0.004921516280457862
-1 0.0 0 0 -0.00510148942716614
-1 0.0 0 0 -0.009782452432038525
41 45.5 16 17 -0.08627212478252301
-1 0.0 0 0 -0.020365791315165974
-1 0.0 0 0 -0.0027962010342636625
-1 0.0 0 0 -0.009882307121953504
-1 0.0 0 0 0.0037287704020950636
-1 0.0 0 0 -0.011800698937881778
131 43.5 22 27 0.029583035309027887
5 1.3771450519561768 23 24 0.03531950102135161
-1 0.0 0 0 0.0022013524917021848
10 4.5 25 26 0.08378429976950069
-1 0.0 0 0 0.000750814675882056
-1 0.0 0 0 0.012019061635096567
-1 0.0 0 0 -0.0075435374859697535
-1 0.0 0 0 -0.0057341808234090685
nodes 29
1 8.347590446472168 1 2 0.0
-1 0.0 0 0 -0.007721819811525775
5 1.4071226119995117 3 10 0.0009198547885546387
51 137.5 4 9 -0.005550213023073966
2 11.367877006530762 5 8 -0.0066077042461906215
110 83.5 6 7 -0.011259038241379247
-1 0.0 0 0 -0.0010239356627684132
-1 0.0 0 0 -0.015077750611938731
-1 0.0 0 0 0.0022487184265256965
-1 0.0 0 0 0.01219844750363347
6 0.8007447719573975 11 14 0.015842527586317066
4 1.2283250093460083 12 13 -0.004833320423193182
-1 0.0 0 0 4.104824081535533e-05
-1 0.0 0 0 -0.015229755950471421
0 10.732869148254395 15 18 0.029713535761553535
2 11.229142189025879 16 17 -0.00043411971617626473
-1 0.0 0 0 -0.0003128648515762745
-1 0.0 0 0 0.04042207053040757
6 0.9934342503547668 19 26 0.057547139369899455
108 121.5 20 25 0.05988384634728402
22 31.5 21 24 0.06201118104207477
121 99.5 22 23 0.04104716494706694
-1 0.0 0 0 0.0056799811320782856
-1 0.0 0 0 -0.011560761084846358
-1 0.0 0 0 0.010456936327600195
-1 0.0 0 0 -0.039100201486144216
1 10.165351867675781 27 28 -0.3643300660035532
-1 0.0 0 0 0.0092121873897585
-1 0.0 0 0 -0.07827443442462634
nodes 29
15 78.5 1 24 0.0
72 120.5 2 21 0.0018003094210822634
96 138.5 3 20 0.002867692201217205
20 92.5 4 19 0.0030525743949897616
20 32.5 5 16 0.005017771110912526
40 27.5 6 11 -0.00031647118288912173
93 113.5 7 10 -0.0069057418259278565
128 76.5 8 9 -0.0037398454426617596
-1 0.0 0 0 -6.729636601131059e-06
-1 0.0 0 0 -0.005369321054299842
-1 0.0 0 0 -0.006051506937337349
89 54.5 12 15 0.022840420611397103
81 72.5 13 14 -0.014769769829727318
-1 0.0 0 0 -0.005535167535584614
-1 0.0 0 0 0.0030178885868610596
-1 0.0 0 0 0.004114917101613468
47 113.5 17 18 0.027428035373519424
-1 0.0 0 0 0.0031367476494242904
-1 0.0 0 0 -0.013336893768310773
-1 0.0 0 0 -0.0039484628998619365
-1 0.0 0 0 -0.04713719422975511
57 43.5 22 23 -0.07499411811044451
-1 0.0 0 0 -0.02351342119348385
-1 0.0 0 0 0.0009017200540953891
64 54.5 25 26 -0.03933103275763508
-1 0.0 0 0 -0.01121973100086162
78 3.5 27 28 -0.011400242216868299
-1 0.0 0 0 -0.007152594126345853
-1 0.0 0 0 0.002984919879076274
nodes 29
99 131.5 1 28 0.0
108 123.5 2 27 0.00019777929596357676
79 74.5 3 22 0.0006012155019680807
8 41.5 4 21 0.002047587160148725
58 114.5 5 20 -0.0002764473629617747
51 55.5 6 11 0.0007196541217660169
113 115.5 7 10 -0.005384168078189448
67 87.5 8 9 -0.0023866831442774976
-1 0.0 0 0 2.577208680515545e-05
-1 0.0 0 0 -0.007922978648972397
-1 0.0 0 0 -0.008282607681612583
31 86.5 12 19 0.017156244766456042
81 45.5 13 14 0.021085585870059723
-1 0.0 0 0 -0.006440031799303903
2 10.312180519104004 15 18 0.029813065229542145
113 127.5 16 17 -0.031830010077248644
-1 0.0 0 0 -0.01128095884238719
-1 0.0 0 0 0.006434526111826592
-1 0.0 0 0 0.0040108647474156964
-1 0.0 0 0 -0.017818158388161753
-1 0.0 0 0 -0.009311426399713234
-1 0.0 0 0 0.0033964354208928338
43 75.5 23 26 -0.04747031549451228
64 32.5 24 25 -0.027447914325885937
-1 0.0 0 0 -0.007262122870709594
-1 0.0 0 0 0.0033488769978976597
-1 0.0 0 0 -0.022960459021761526
-1 0.0 0 0 -0.017097962930576735
-1 0.0 0 0 -0.035496647415682675
nodes 29
21 107.5 1 28 0.0
44 113.5 2 27 0.001198537439812356
52 22.5 3 12 0.0023715552188847797
16 8.5 4 5 -0.003989072750869059
-1 0.0 0 0 -0.0015263959784687425
129 24.5 6 11 0.006747043019848469
119 50.5 7 10 -0.011103158872186651
94 10.5 8 9 -0.030558750299337096
-1 0.0 0 0 -0.0005105680388854749
-1 0.0 0 0 -0.007041627052743835
-1 0.0 0 0 0.002187825004997869
-1 0.0 0 0 0.0030212150190580714
50 83.5 13 22 0.014789717038277708
76 39.5 14 17 0.0052351940332516925
12 66.5 15 16 -0.010619148120322853
-1 0.0 0 0 -0.0005283823217721708
-1 0.0 0 0 -0.0143000693447318
123 18.5 18 21 0.034576088661971247
51 42.5 19 20 -0.024342449041104133
-1 0.0 0 0 -0.008442042627968374
-1 0.0 0 0 0.0038995078026377128
-1 0.0 0 0 0.005420543585048721
15 58.5 23 26 0.04391071859240917
88 5.5 24 25 0.047467031084497215
-1 0.0 0 0 -0.021634176426667574
-1 0.0 0 0 0.00512903469591519
-1 0.0 0 0 -0.02479521686892994
-1 0.0 0 0 -0.006220021070970397
-1 0.0 0 0 -0.005786527867032047
nodes 29
32 134.5 1 28 0.0
5 1.369550108909607 2 9 0.0005206448640335564
40 129.5 3 8 -0.005738233670943124
2 11.429935455322266 4 7 -0.005497597649642249
30 113.5 5 6 -0.009047726504274652
-1 0.0 0 0 -0.0007242839807829063
-1 0.0 0 0 -0.008671324739352542
-1 0.0 0 0 0.002962154716630382
-1 0.0 0 0 -0.055312742948532105
4 1.2019100189208984 10 27 0.01146622736085104
6 0.8350045680999756 11 12 0.01769269037017302
-1 0.0 0 0 0.00011306249825621951
2 10.9204740524292 13 16 0.03521729253640642
130 113.5 14 15 0.013595742453716609
-1 0.0 0 0 0.0015510798858178359
-1 0.0 0 0 -0.04337510819723075
105 7.5 17 22 0.07114971733398395
22 39.5 18 21 0.019689583836568037
82 55.5 19 20 -0.02992669534030793
-1 0.0 0 0 0.0006825544472739622
-1 0.0 0 0 -0.020762377483639283
-1 0.0 0 0 0.011058785353737534
57 108.5 23 26 0.0983021247131411
127 60.5 24 25 0.0674648813386825
-1 0.0 0 0 0.002968090981982129
-1 0.0 0 0 0.017193306449648626
-1 0.0 0 0 0.018606165872594234
-1 0.0 0 0 -0.0033995373187436563
-1 0.0 0 0 -0.012897428021981664
nodes 29
136 80.5 1 28 0.0
48 114.5 2 27 0.0013800907569988734
78 99.5 3 24 0.0024721523725238165
86 20.5 4 15 0.00403880522061648
69 101.5 5 14 -0.0032946916321216473
123 107.5 6 11 -4.297666722786621e-05
68 37.5 7 8 -0.005612910260683433
-1 0.0 0 0 -0.0017600791302916103
105 25.5 9 10 0.01706391475505514
-1 0.0 0 0 -0.0015088362004621707
-1 0.0 0 0 0.004086313267586093
25 38.5 12 13 0.029428864507351663
-1 0.0 0 0 -0.004241469520174693
-1 0.0 0 0 0.006545353278997395
-1 0.0 0 0 -0.005262184155035703
123 116.5 16 19 0.016720009285419182
67 70.5 17 18 0.02061152612164939
-1 0.0 0 0 0.0025030151109494327
-1 0.0 0 0 -0.004666512495026451
89 27.5 20 21 -0.06128220948026072
-1 0.0 0 0 -0.023356038479823274
2 10.397115707397461 22 23 -0.026912143046791136
-1 0.0 0 0 -0.03117761249573881
-1 0.0 0 0 -0.00031521876049207137
15 27.5 25 26 -0.046158949202995646
-1 0.0 0 0 -0.0068466155697634624
-1 0.0 0 0 0.009101549926803757
-1 0.0 0 0 -0.006805837627367412
-1 0.0 0 0 -0.004752108601123887
nodes 29
100 104.5 1 26 0.0
129 7.5 2 15 0.0013732879145679088
68 26.5 3 12 -0.00932669451034709
87 77.5 4 9 -0.025855783815151207
122 44.5 5 8 -0.04055255903984154
47 73.5 6 7 -0.05775484209538558
-1 0.0 0 0 -0.005029257772830958
-1 0.0 0 0 -0.017850176856550975
-1 0.0 0 0 -0.0003814245906961011
123 54.5 10 11 0.0242706538060606
-1 0.0 0 0 0.004030534903723532
-1 0.0 0 0 -0.01817590376038992
30 80.5 13 14 0.010354036299134162
-1 0.0 0 0 0.0013298078960702437
-1 0.0 0 0 -0.019316304126891115
56 7.5 16 17 0.008042804225619987
-1 0.0 0 0 -0.002249847636250439
39 4.5 18 25 0.014676617788189345
121 73.5 19 22 0.0019135919210816086
46 107.5 20 21 0.010928396436039899
-1 0.0 0 0 0.0016071983045728086
-1 0.0 0 0 -0.007525994511291902
30 16.5 23 24 -0.039082451914935014
-1 0.0 0 0 -0.007665655771173565
-1 0.0 0 0 0.0018298327434105224
-1 0.0 0 0 0.0030281441257731644
27 53.5 27 28 -0.0466612949566824
-1 0.0 0 0 -0.00895580709975411
-1 0.0 0 0 0.0032251690171578636
nodes 29
70 112.5 1 28 0.0
70 29.5 2 23 0.0012649807136049243
17 74.5 3 16 -0.003530393111725228
103 106.5 4 15 0.0007230081219506181
17 7.5 5 10 0.0037858744447609185
119 63.5 6 7 -0.010240877280213154
-1 0.0 0 0 -0.0003359094285014833
81 44.5 8 9 -0.06452232069153681
-1 0.0 0 0 -0.013988217169416721
-1 0.0 0 0 -0.0026112321283845224
108 100.5 11 14 0.013824541278991945
76 3.5 12 13 0.0157821740111564
-1 0.0 0 0 -0.0006429430624102389
-1 0.0 0 0 0.0025769879479548997
-1 0.0 0 0 -0.010512594406014963
-1 0.0 0 0 -0.008233014202162233
102 43.5 17 22 -0.034915814360644594
120 133.5 18 21 -0.05932114957597089
12 7.5 19 20 -0.05483800881663898
-1 0.0 0 0 -0.008554600997273691
-1 0.0 0 0 -0.0009477388384338724
-1 0.0 0 0 -0.04151785689797523
-1 0.0 0 0 0.0012542807344895256
127 49.5 24 27 0.02080582357862586
2 11.305557250976562 25 26 -0.0027837360412524266
-1 0.0 0 0 -0.002327350293212285
-1 0.0 0 0 0.004627636946430285
-1 0.0 0 0 0.0051536108673517315
-1 0.0 0 0 -0.0051464865727964305
nodes 29
5 1.340774416923523 1 4 0.0
74 122.5 2 3 -0.006787216423492943
-1 0.0 0 0 -0.0006158955617543148
-1 0.0 0 0 -0.023828362592850146
0 10.349102020263672 5 10 0.009540800794035326
73 133.5 6 9 -0.021657024174069704
2 11.111223220825195 7 8 -0.034038062438003
-1 0.0 0 0 -0.0037310417250833736
-1 0.0 0 0 0.03441613150967492
-1 0.0 0 0 0.007588820219822078
6 0.8651617169380188 11 12 0.01686216009549211
-1 0.0 0 0 0.0002465410770452942
9 132.5 13 28 0.03963969413481691
7 0.03499999921768904 14 17 0.042770349092417184
3 0.7200356721878052 15 16 0.08788385645131927
-1 0.0 0 0 0.011808425142458369
-1 0.0 0 0 0.000665243455252552
118 120.5 18 27 0.028558260769143227
102 22.5 19 24 0.0318525211225508
89 59.5 20 21 0.011002478793105563
-1 0.0 0 0 -0.004906916960285186
46 35.5 22 23 0.051200528710424416
-1 0.0 0 0 0.0009004725838115496
-1 0.0 0 0 0.011182419867473658
5 2.4748377799987793 25 26 0.06917584222741734
-1 0.0 0 0 0.004807070684001066
-1 0.0 0 0 0.019374304131397773
-1 0.0 0 0 -0.01910422024818567
-1 0.0 0 0 -0.02190194908263428
nodes 29
52 105.5 1 28 0.0
71 89.5 2 25 0.0013009989879028958
37 101.5 3 24 0.00251005213268912
2 11.094086647033691 4 17 0.0035333747054334323
126 113.5 5 14 -0.003390829255661097
96 112.5 6 13 -0.0002998934881853368
21 49.5 7 10 0.0009704663726522984
130 118.5 8 9 0.004126540798361342
-1 0.0 0 0 0.0004738860517071733
-1 0.0 0 0 -0.023658314417912347
72 73.5 11 12 -0.04432357279444067
-1 0.0 0 0 -0.005924488102379159
-1 0.0 0 0 0.012514805490276419
-1 0.0 0 0 -0.011422576580810445
67 106.5 15 16 -0.0533607905091736
-1 0.0 0 0 -0.004346152253695276
-1 0.0 0 0 -0.027481941416044722
1 10.503861427307129 18 21 0.015161321102427508
116 5.5 19 20 0.09600951421218265
-1 0.0 0 0 -0.0004806429384314407
-1 0.0 0 0 0.015243725586329802
31 137.5 22 23 0.011704762107257934
-1 0.0 0 0 0.0012222482928850005
-1 0.0 0 0 -0.05276889242231846
-1 0.0 0 0 -0.006853813257070501
119 43.5 26 27 -0.05880942047028554
-1 0.0 0 0 -0.01005419484880292
-1 0.0 0 0 0.005689104560954207
-1 0.0 0 0 -0.0048364856345337985
nodes 29
26 108.5 1 24 0.0
117 86.5 2 17 0.0012620729107608863
8 39.5 3 16 0.0028174958197515637
22 125.5 4 13 -0.00020415272734426333
15 98.5 5 10 0.0010641669917440817
96 113.5 6 7 0.002564986746915904
-1 0.0 0 0 0.00035924859127350043
17 115.5 8 9 -0.08207138305565877
-1 0.0 0 0 -0.0050704264008356245
-1 0.0 0 0 -0.031841175528335396
54 50.5 11 12 -0.06438359546285434
-1 0.0 0 0 -0.011220734355498675
-1 0.0 0 0 0.0019367843182632968
59 24.5 14 15 -0.07619376627996088
-1 0.0 0 0 -0.005803935134914194
-1 0.0 0 0 -0.04705480017216393
-1 0.0 0 0 0.0025799182403499323
58 72.5 18 23 -0.042569651370319955
55 5.5 19 22 -0.03424419486788157
20 41.5 20 21 -0.1389276567424531
-1 0.0 0 0 -0.02142061667870616
-1 0.0 0 0 0.0030204580111017863
-1 0.0 0 0 -0.0012615380430986629
-1 0.0 0 0 -0.034269721911254304
126 76.5 25 28 -0.049805525510316716
82 64.5 26 27 -0.07718547828771105
-1 0.0 0 0 -0.006556554758892547
-1 0.0 0 0 -0.03512347529499789
-1 0.0 0 0 0.01091829732860252
nodes 29
133 98.5 1 28 0.0
2 11.472582817077637 2 27 0.0008719908055885178
5 1.4071226119995117 3 10 -0.0009923267886368028
51 137.5 4 9 -0.007063970632500793
109 99.5 5 8 -0.00807841897996518
71 119.5 6 7 -0.007000871642613428
-1 0.0 0 0 -0.0006395892697298916
-1 0.0 0 0 -0.01867532401774374
-1 0.0 0 0 -0.011204144076606873
-1 0.0 0 0 0.01096057868883075
1 8.821880340576172 11 12 0.012009540607322542
-1 0.0 0 0 -0.004614000489844974
6 0.8007447719573975 13 14 0.01722454515570888
-1 0.0 0 0 -0.00018372693289954114
8 36.5 15 26 0.030017422552988015
4 0.8601441383361816 16 17 0.016753502181181233
-1 0.0 0 0 -0.005119049913721012
99 118.5 18 25 0.02686529005064398
23 141.5 19 24 0.0291526765242612
122 132.5 20 23 0.03123125326289258
118 113.5 21 22 0.033160715831056516
-1 0.0 0 0 0.003688568037356246
-1 0.0 0 0 -0.01328978632944482
-1 0.0 0 0 -0.03008359080373213
-1 0.0 0 0 -0.029190748433510844
-1 0.0 0 0 -0.03130470675361507
-1 0.0 0 0 0.008102612192294717
-1 0.0 0 0 0.0036148296766401857
-1 0.0 0 0 -0.007056441740459491
nodes 29
6 0.8940601348876953 1 6 0.0
82 83.5 2 5 -0.0069843018810855076
7 0.4749999940395355 3 4 -0.0047006071957495545
-1 0.0 0 0 -0.0004241794676961239
-1 0.0 0 0 -0.029615667163083954
-1 0.0 0 0 -0.00634471738991482
127 141.5 7 28 0.00863868022406741
122 132.5 8 27 0.009350049716261362
57 0.5 9 12 0.010059182385205047
81 2.5 10 11 -0.03664811592128018
-1 0.0 0 0 -0.0398541831932962
-1 0.0 0 0 -0.0029568817877233203
102 29.5 13 26 0.013324007753659006
121 1.5 14 15 0.0036211242975928313
-1 0.0 0 0 -0.005457959980245502
123 45.5 16 21 0.009466023663784785
25 101.5 17 20 -0.0065667110163025
51 73.5 18 19 0.0029049607297135017
-1 0.0 0 0 -0.0011451874294614109
-1 0.0 0 0 0.0045015265903963165
-1 0.0 0 0 -0.010567491358026121
32 46.5 22 25 0.034347862395440805
45 21.5 23 24 -0.0008009106028848145
-1 0.0 0 0 -0.005300660859423339
-1 0.0 0 0 0.0037467519598918214
-1 0.0 0 0 0.006236447021720711
-1 0.0 0 0 0.003137704396375251
-1 0.0 0 0 -0.02133734455500825
-1 0.0 0 0 -0.02190849216170609
nodes 29
56 132.5 1 28 0.0
33 16.5 2 25 0.00023422941832355448
75 88.5 3 24 -0.007081649383245276
98 116.5 4 23 -0.004368977226227314
28 126.5 5 22 -0.0030262910442481693
127 53.5 6 17 -0.0017700942319857748
32 46.5 7 14 -0.011399777547408868
51 65.5 8 11 -0.024505067158425244
65 51.5 9 10 -0.04675291873928005
-1 0.0 0 0 -0.006674146514359139
-1 0.0 0 0 -0.0007983562423225552
19 50.5 12 13 0.011599750424576553
-1 0.0 0 0 -0.006016282662689569
-1 0.0 0 0 0.002947757730557183
73 111.5 15 16 0.01599966271407705
-1 0.0 0 0 0.002597156273110496
-1 0.0 0 0 -0.00831463798757615
46 125.5 18 21 0.014221573270336086
59 124.5 19 20 0.016179222362107656
-1 0.0 0 0 0.002362833535533613
-1 0.0 0 0 -0.0054415158151300096
-1 0.0 0 0 -0.02649628140156736
-1 0.0 0 0 -0.013591332566648776
-1 0.0 0 0 -0.014343334722690526
-1 0.0 0 0 -0.009524349448632905
42 115.5 26 27 0.0081311184606067
-1 0.0 0 0 0.000994828415027642
-1 0.0 0 0 -0.009485213120622352
-1 0.0 0 0 -0.025013468404566603
nodes 29
24 101.5 1 28 0.0
32 51.5 2 23 0.0013434501991030899
49 63.5 3 14 -0.003284146656787434
64 28.5 4 9 -0.018938056779076947
60 36.5 5 6 -0.05345491164946549
-1 0.0 0 0 -0.009751680714408495
49 24.5 7 8 -0.019544619058319924
-1 0.0 0 0 -0.01087949531935374
-1 0.0 0 0 0.001212168446502038
27 36.5 10 13 -0.0018142995357504025
89 29.5 11 12 0.0072904988028963625
-1 0.0 0 0 -0.01155943210829331
-1 0.0 0 0 0.0013318411654438772
-1 0.0 0 0 -0.008619075525068331
76 92.5 15 22 0.007373187260121454
114 80.5 16 21 0.011473916457595152
41 51.5 17 18 0.014048282397085571
-1 0.0 0 0 -0.002978043479975567
116 68.5 19 20 0.02322273746248771
-1 0.0 0 0 0.002587364972864042
-1 0.0 0 0 -0.012468039550995402
-1 0.0 0 0 -0.01536526306385539
-1 0.0 0 0 -0.012916104700634283
97 62.5 24 27 0.014869774390378876
2 11.082865715026855 25 26 -0.015140116304748217
-1 0.0 0 0 -0.006401262513324114
-1 0.0 0 0 0.0023428538422618265
-1 0.0 0 0 0.0031886259946282275
-1 0.0 0 0 -0.004247264778347973
nodes 29
2 11.16772747039795 1 14 0.0
130 119.5 2 13 -0.005174425864225984
12 105.5 3 12 -0.004644692916185209
38 94.5 4 11 -0.004183219035862348
34 103.5 5 10 -0.0035073913197735803
53 90.5 6 7 -0.0025035075949673634
-1 0.0 0 0 3.696078345827394e-05
93 55.5 8 9 -0.03749113539976077
-1 0.0 0 0 -0.0031350750222209067
-1 0.0 0 0 -0.03299269794806605
-1 0.0 0 0 -0.010507301560267622
-1 0.0 0 0 -0.015466025685360547
-1 0.0 0 0 -0.022786926758398784
-1 0.0 0 0 -0.022898301713477752
125 0.5 15 20 0.011962579431118073
124 4.5 16 19 -0.028466101662165393
94 8.5 17 18 -0.06510850224442873
-1 0.0 0 0 -0.012238137774227623
-1 0.0 0 0 -0.0008726421699429754
-1 0.0 0 0 0.0013831592251048648
3 0.6953266859054565 21 28 0.019058590403914825
6 0.8287982940673828 22 27 0.049786724782103935
20 13.5 23 26 0.012437488655025617
22 45.5 24 25 -0.030563604515523375
-1 0.0 0 0 -0.008512131872473228
-1 0.0 0 0 0.003698404164825906
-1 0.0 0 0 0.006097508014573202
-1 0.0 0 0 0.009524111550731634
-1 0.0 0 0 0.0008703654453745939
nodes 29
3 0.6289793252944946 1 14 0.0
7 0.5249999761581421 2 13 0.012997688836029964
4 0.8845093250274658 3 6 0.014512800017528455
8 37.5 4 5 -0.001168338401976547
-1 0.0 0 0 -0.0028970101226498055
-1 0.0 0 0 0.0020732465009146712
4 1.2738968133926392 7 12 0.039409188180443186
100 0.5 8 9 0.04458915610999792
-1 0.0 0 0 0.00035960362479355593
6 0.8007447719573975 10 11 0.06348974593266359
-1 0.0 0 0 0.002221110038657595
-1 0.0 0 0 0.009538338925006567
-1 0.0 0 0 -0.010102176055910864
-1 0.0 0 0 -0.024415799987830476
6 0.9246731400489807 15 20 -0.004355497489356986
82 108.5 16 19 -0.011337880286998175
132 65.5 17 18 -0.009969709002124865
-1 0.0 0 0 -0.0007971248202259994
-1 0.0 0 0 -0.007897133752703667
-1 0.0 0 0 -0.011234674047949873
98 102.5 21 28 0.010777657220983046
104 88.5 22 27 0.013780274118531213
16 1.5 23 24 0.017765900919352706
-1 0.0 0 0 -0.0013545921758960184
120 121.5 25 26 0.027814024495486752
-1 0.0 0 0 0.0031355492461263624
-1 0.0 0 0 -0.010447723612248406
-1 0.0 0 0 -0.006285976296786522
-1 0.0 0 0 -0.008281755101122668
nodes 29
2 10.94482421875 1 20 0.0
35 0.5 2 3 -0.008218689174630782
-1 0.0 0 0 0.0013041100146292993
85 4.5 4 19 -0.017582332616317323
27 71.5 5 12 -0.002603468557678126
97 122.5 6 11 -0.023462243944576123
91 1.5 7 10 -0.03699663800262012
96 32.5 8 9 0.00868414743061852
-1 0.0 0 0 0.004613898731919384
-1 0.0 0 0 -0.007565660713861945
-1 0.0 0 0 -0.0062957721425701265
-1 0.0 0 0 0.004171884043792148
100 17.5 13 18 0.017669852438857426
123 60.5 14 17 -0.007040806457597719
0 10.427475929260254 15 16 -0.0020170356615020714
-1 0.0 0 0 -0.004766737085356038
-1 0.0 0 0 0.00288524184310443
-1 0.0 0 0 -0.029806784867541864
-1 0.0 0 0 0.006042379045318807
-1 0.0 0 0 -0.0044342604463868665
89 137.5 21 28 0.0069683795354889095
3 0.6844876408576965 22 27 0.008249989157787917
105 0.5 23 24 0.03026764768239561
-1 0.0 0 0 -0.0035094454141007475
47 91.5 25 26 0.040052497844242065
-1 0.0 0 0 0.004720617201018695
-1 0.0 0 0 -0.007398611818968336
-1 0.0 0 0 1.6267368778646084e-05
-1 0.0 0 0 -0.013106413063529663
nodes 29
36 92.5 1 18 0.0
48 95.5 2 17 0.0010422790443794868
48 26.5 3 10 0.002536114696020116
122 43.5 4 5 -0.0036407511543508756
-1 0.0 0 0 -0.0010402083495056912
89 26.5 6 7 0.014895630866834996
-1 0.0 0 0 -0.009687253907311165
100 111.5 8 9 0.023143963688188895
-1 0.0 0 0 0.00275518624034162
-1 0.0 0 0 -0.013493608136516459
78 3.5 11 16 0.013931763062237153
23 47.5 12 15 -0.0035266812218420727
120 10.5 13 14 0.00782592612127147
-1 0.0 0 0 -0.0050428876900404035
-1 0.0 0 0 0.001882529072902513
-1 0.0 0 0 -0.005819685709988374
-1 0.0 0 0 0.002975100574154964
-1 0.0 0 0 -0.003971295392171972
17 0.5 19 22 -0.05346217676862238
120 46.5 20 21 -0.3363798579051234
-1 0.0 0 0 -0.04871344937728002
-1 0.0 0 0 0.010903156624937599
28 128.5 23 28 -0.038361662499373554
106 17.5 24 27 -0.029742274764771252
120 34.5 25 26 -0.07040515081821444
-1 0.0 0 0 -0.015265307658672282
-1 0.0 0 0 -0.0007448339176075697
-1 0.0 0 0 0.006423789935044805
-1 0.0 0 0 -0.04429658632177641
nodes 29
70 112.5 1 24 0.0
101 111.5 2 19 0.0011660250047130665
70 27.5 3 14 0.0028516919576719283
17 67.5 4 9 -0.001337315413045435
103 105.5 5 8 0.0030227753399724314
9 6.5 6 7 0.005783740324837746
-1 0.0 0 0 -0.0007219187864371131
-1 0.0 0 0 0.0015994906501731875
-1 0.0 0 0 -0.007162438880894229
113 113.5 10 13 -0.02868325216318556
103 133.5 11 12 -0.021192743436691374
-1 0.0 0 0 -0.0030105770126407235
-1 0.0 0 0 0.008237062378085627
-1 0.0 0 0 -0.014913230946477774
127 49.5 15 18 0.018947673528613734
97 38.5 16 17 0.0007836774681999069
-1 0.0 0 0 -0.0030176650873708203
-1 0.0 0 0 0.0033462942958778804
-1 0.0 0 0 0.0042661175238356925
60 66.5 20 21 -0.036709566145058894
-1 0.0 0 0 -0.008635402321856441
44 106.5 22 23 0.00018771474243913574
-1 0.0 0 0 0.0006918545774374791
-1 0.0 0 0 -0.04436264564258181
119 41.5 25 28 -0.047438922237871356
58 85.5 26 27 -0.10223141178482446
-1 0.0 0 0 -0.008570739811719439
-1 0.0 0 0 -0.048566363802687695
-1 0.0 0 0 0.0006146019330085534
nodes 29
2 11.472582817077637 1 26 0.0
118 88.5 2 23 -0.0017680923282758448
21 74.5 3 18 -4.2321415264827553e-05
5 1.2823138236999512 4 5 0.0018009607547458042
-1 0.0 0 0 -0.0007880275760749474
2 10.840012550354004 6 7 0.009511940782784986
-1 0.0 0 0 -0.0003858810065277157
6 0.9934342503547668 8 17 0.022293727538035733
6 0.8398920297622681 9 10 0.023211818564902908
-1 0.0 0 0 0.0002090356991163956
64 68.5 11 14 0.0440282702441785
28 39.5 12 13 0.02433260724082081
-1 0.0 0 0 -0.00031184538525625875
-1 0.0 0 0 0.007052217570583809
22 31.5 15 16 0.08205788243126111
-1 0.0 0 0 0.001960883134189147
-1 0.0 0 0 0.012439762284782975
-1 0.0 0 0 -0.04503523436656526
114 11.5 19 20 -0.03717333265437535
-1 0.0 0 0 -0.009922199808871197
84 84.5 21 22 0.00043191912401047714
-1 0.0 0 0 -0.005356581970575189
-1 0.0 0 0 0.00502494658815566
120 3.5 24 25 -0.04323018199340926
-1 0.0 0 0 -0.02083865456133029
-1 0.0 0 0 -0.0027214696990320347
49 126.5 27 28 0.03291695745744575
-1 0.0 0 0 0.004035451663859577
-1 0.0 0 0 -0.013332766893346365
nodes 29
58 132.5 1 28 0.0
135 96.5 2 25 0.00017885267907081034
26 130.5 3 22 0.0013060723707149912
6 0.9199815988540649 4 15 0.001603525634440992
3 0.5986536741256714 5 8 -0.003366598090610894
4 1.8268901109695435 6 7 0.014165292024125836
-1 0.0 0 0 0.0015150480086233752
-1 0.0 0 0 -0.04955506281092249
92 122.5 9 14 -0.009084659882133007
2 11.196020126342773 10 11 -0.00821054645807942
-1 0.0 0 0 -0.0015497319384646028
88 59.5 12 13 0.007864417332890587
-1 0.0 0 0 -0.0008002471812398805
-1 0.0 0 0 0.003961485902311786
-1 0.0 0 0 -0.015007546174497358
98 100.5 16 17 0.013109313117163176
-1 0.0 0 0 0.0016011666775726605
116 13.5 18 19 -0.07166996480403169
-1 0.0 0 0 -0.021663706810301487
105 69.5 20 21 -0.025245454382000834
-1 0.0 0 0 0.0024941896808059463
-1 0.0 0 0 -0.021407987648560903
74 23.5 23 24 -0.20532715557113526
-1 0.0 0 0 -0.01034643013889973
-1 0.0 0 0 -0.06868606480685148
9 28.5 26 27 -0.04734709348306035
-1 0.0 0 0 -0.010307732529679793
-1 0.0 0 0 3.770735907063652e-07
-1 0.0 0 0 -0.029720680203495754
nodes 29
79 74.5 1 18 0.0
20 92.5 2 15 0.001283640230804538
20 32.5 3 4 0.0029076050128293857
-1 0.0 0 0 -0.00015597104206885174
47 113.5 5 14 0.022588034391092904
3 0.42821240425109863 6 13 0.026691155286162255
87 40.5 7 10 0.10799861320076118
58 44.5 8 9 0.05454837155906886
-1 0.0 0 0 0.010716909461079855
-1 0.0 0 0 -0.012639901803171774
6 0.8749106526374817 11 12 0.21909760489104613
-1 0.0 0 0 0.012684236258619978
-1 0.0 0 0 0.048191777192229446
-1 0.0 0 0 0.002077313388509252
-1 0.0 0 0 -0.012275341071043206
101 50.5 16 17 -0.035404339239914324
-1 0.0 0 0 -0.006213187003499879
-1 0.0 0 0 0.0032827962934075354
51 117.5 19 28 -0.04275743257076247
49 133.5 20 27 -0.030289724102072035
93 2.5 21 22 -0.025512666336754745
-1 0.0 0 0 0.0045922937500563425
105 9.5 23 26 -0.05786086430082335
42 71.5 24 25 -0.14464283096103606
-1 0.0 0 0 -0.010275373173125758
-1 0.0 0 0 -0.03982295284488349
-1 0.0 0 0 -0.0003121469945919951
-1 0.0 0 0 -0.050111653745174414
-1 0.0 0 0 -0.02851959199033445
nodes 29
1 8.347590446472168 1 2 0.0
-1 0.0 0 0 -0.006727061094132463
5 1.4071226119995117 3 26 0.0008013550600233121
13 72.5 4 25 -0.004191389130555805
76 2.5 5 24 -0.002562714117574147
73 89.5 6 13 -0.01695016033069984
47 28.5 7 12 -0.03826286182800469
88 86.5 8 9 -0.05983412825418023
-1 0.0 0 0 -0.010868359895287307
0 10.439541816711426 10 11 -0.028949555624136484
-1 0.0 0 0 -0.014904375328736447
-1 0.0 0 0 -0.0008593248512718465
-1 0.0 0 0 -0.00012252822289199704
22 112.5 14 21 0.0009597892334977599
17 124.5 15 18 0.0037566734808096567
31 114.5 16 17 -0.0022571277475578436
-1 0.0 0 0 3.586244647014961e-05
-1 0.0 0 0 -0.02112871185336262
102 57.5 19 20 0.11334871964965453
-1 0.0 0 0 -0.006619916540586342
-1 0.0 0 0 0.019742272931850817
121 39.5 22 23 -0.2859628841758352
-1 0.0 0 0 -0.04624684347541753
-1 0.0 0 0 0.0033655274979537356
-1 0.0 0 0 0.0004505691498122299
-1 0.0 0 0 -0.006137650637457517
108 99.5 27 28 0.012316703907686691
-1 0.0 0 0 0.0013987211843081225
-1 0.0 0 0 -0.011373287634565854
nodes 29
107 103.5 1 20 0.0
107 26.5 2 11 0.0011842289802720808
25 108.5 3 6 -0.002584335741186309
75 70.5 4 5 0.00038446794380523323
-1 0.0 0 0 0.00025315399557526724
-1 0.0 0 0 -0.005166625912187209
98 41.5 7 8 -0.04262898825958089
-1 0.0 0 0 -0.007285975808007658
99 102.5 9 10 0.02514548049859582
-1 0.0 0 0 0.004142501205923933
-1 0.0 0 0 -0.03104454343872411
84 45.5 12 13 0.017534462221734957
-1 0.0 0 0 -0.00040787093919696
47 110.5 14 19 0.039606353667319724
118 87.5 15 18 0.047289992947008926
85 104.5 16 17 0.05034789210415095
-1 0.0 0 0 0.006041260194986023
-1 0.0 0 0 -0.006015688893916653
-1 0.0 0 0 -0.03322404089992576
-1 0.0 0 0 -0.008463418655002773
65 66.5 21 24 -0.04421694531299393
95 3.5 22 23 -0.1287026014309855
-1 0.0 0 0 -0.006906059542677061
-1 0.0 0 0 -0.024756362048903083
5 8.149940490722656 25 28 0.0033837848362616714
75 121.5 26 27 -0.004326947778360899
-1 0.0 0 0 -0.004847566752234856
-1 0.0 0 0 0.008142006766065897
-1 0.0 0 0 0.05457053120647159
nodes 29
125 103.5 1 26 0.0
2 11.264707565307617 2 25 0.0010602008218872235
66 89.5 3 22 -0.0027207105811721606
92 103.5 4 19 -0.0012430029262574325
24 101.5 5 18 0.0001895773077008
110 44.5 6 13 0.0016898395119895623
1 8.347590446472168 7 8 0.0035184028092047764
-1 0.0 0 0 -0.007217496591975861
36 92.5 9 12 0.004745487768416007
5 1.9640618562698364 10 11 0.006033845610525067
-1 0.0 0 0 0.0002765330788591661
-1 0.0 0 0 0.003566647677384453
-1 0.0 0 0 -0.006692499069594055
23 70.5 14 15 -0.04529732155394689
-1 0.0 0 0 -0.007169185221447097
52 3.5 16 17 0.05734224499075509
-1 0.0 0 0 0.015350644119285248
-1 0.0 0 0 -0.00801679099649011
-1 0.0 0 0 -0.005860816159542761
8 21.5 20 21 -0.06298611043605395
-1 0.0 0 0 0.042962165112080786
-1 0.0 0 0 -0.007034801980305059
107 22.5 23 24 -0.06048968696794357
-1 0.0 0 0 -0.009351503095170985
-1 0.0 0 0 0.0038736460183281455
-1 0.0 0 0 0.001657047816171245
35 63.5 27 28 -0.04846805294302828
-1 0.0 0 0 -0.003001112175546425
-1 0.0 0 0 -0.021193020761442874
nodes 29
113 10.5 1 14 0.0
94 124.5 2 11 -0.00952814230539057
32 25.5 3 6 -0.014137901329909948
123 65.5 4 5 -0.03388696478314856
-1 0.0 0 0 -0.0022743169886037394
-1 0.0 0 0 -0.008918318528929957
97 69.5 7 8 -0.001026365286014289
-1 0.0 0 0 -0.002991804135179856
93 29.5 9 10 0.013219021710343724
-1 0.0 0 0 0.0018765399803600013
-1 0.0 0 0 -0.010855502858811912
135 31.5 12 13 0.04377005391508963
-1 0.0 0 0 0.0012907229885615896
-1 0.0 0 0 0.013516229251399637
78 98.5 15 28 0.005300825857186707
54 92.5 16 25 0.007369723555078177
121 120.5 17 24 0.0025167510633039535
42 17.5 18 21 0.005320830811574962
84 45.5 19 20 -0.009273052460745716
-1 0.0 0 0 -0.0027366082006067137
-1 0.0 0 0 0.002134409462342585
31 104.5 22 23 0.016961446715641676
-1 0.0 0 0 0.0020030917988191634
-1 0.0 0 0 -0.012123065259789113
-1 0.0 0 0 -0.008797694889380774
41 93.5 26 27 0.03594281264316205
-1 0.0 0 0 0.00481416211756766
-1 0.0 0 0 -0.007932412269052058
-1 0.0 0 0 -0.005495865555027674
nodes 29
2 10.94482421875 1 14 0.0
53 90.5 2 13 -0.007853574083180026
126 112.5 3 12 -0.004348709897620246
8 32.5 4 7 -0.0006791010507306552
4 0.9270725250244141 5 6 -0.013010973217056918
-1 0.0 0 0 -0.0060066970975753
-1 0.0 0 0 -0.0004341091373742544
93 2.5 8 9 0.014618971553044473
-1 0.0 0 0 0.003577174405755237
45 3.5 10 11 -0.005023784462940508
-1 0.0 0 0 0.002220827274177628
-1 0.0 0 0 -0.004359342880761531
-1 0.0 0 0 -0.006383293871463834
-1 0.0 0 0 -0.006187595878873253
47 91.5 15 24 0.006658809401279839
17 76.5 16 23 0.009798167631448855
3 0.6844876408576965 17 22 0.015661991284222333
97 123.5 18 19 0.04199058678314028
-1 0.0 0 0 0.005034103080971759
91 56.5 20 21 -0.05711125210914944
-1 0.0 0 0 -0.013661295951031008
-1 0.0 0 0 0.0062647689294509715
-1 0.0 0 0 0.0006244773517912088
-1 0.0 0 0 -0.002193119346266891
61 21.5 25 26 -0.04028108923129326
-1 0.0 0 0 -0.0014402142006166747
129 7.5 27 28 -0.1477816229668019
-1 0.0 0 0 -0.03410055244572624
-1 0.0 0 0 -0.008947396987386556
nodes 29
124 117.5 1 24 0.0
114 131.5 2 23 0.0009806939718768545
48 110.5 3 20 0.0012855486707184928
34 103.5 4 17 0.002325113566291689
11 111.5 5 16 0.0031300911484299387
69 98.5 6 7 0.0036051718782607787
-1 0.0 0 0 0.000574378584589227
94 109.5 8 13 -0.024076769330535028
112 57.5 9 12 -0.05499812757320619
79 114.5 10 11 -0.06404965535217919
-1 0.0 0 0 -0.006081518534471128
-1 0.0 0 0 -0.06103516396135092
-1 0.0 0 0 0.01139968800803667
2 10.2780122756958 14 15 0.019973553991694485
-1 0.0 0 0 -0.011345247882579868
-1 0.0 0 0 0.004659507271136615
-1 0.0 0 0 -0.011918160220438262
21 104.5 18 19 -0.0716582247748412
-1 0.0 0 0 -0.005973656597129735
-1 0.0 0 0 -0.05207073730416596
7 0.3149999976158142 21 22 -0.04966908814936669
-1 0.0 0 0 -0.003914661521468895
-1 0.0 0 0 -0.032390092124696825
-1 0.0 0 0 -0.01814696586811218
91 15.5 25 26 -0.051936707263009266
-1 0.0 0 0 -0.022843427851389583
75 117.5 27 28 -0.028235261089577333
-1 0.0 0 0 -0.004226614318412648
-1 0.0 0 0 0.02358866140145708
nodes 29
2 11.472582817077637 1 28 0.0
74 110.5 2 27 -0.0016321482924899762
125 49.5 3 24 -0.0008094480592762864
13 100.5 4 23 0.0018632165440785951
128 95.5 5 22 0.0027468863916389297
70 89.5 6 21 0.004352577391367915
37 79.5 7 20 0.006314139969346943
70 26.5 8 15 0.008035241327006669
22 129.5 9 14 0.003322865484612545
61 98.5 10 11 0.004371546466089219
-1 0.0 0 0 0.000734551532268603
65 79.5 12 13 -0.033331627492676374
-1 0.0 0 0 -0.0007808866075432835
-1 0.0 0 0 -0.013051086280364263
-1 0.0 0 0 -0.010856269077230392
118 12.5 16 19 0.027524220106889832
71 77.5 17 18 -0.0001053833435669354
-1 0.0 0 0 0.0009366540538214678
-1 0.0 0 0 -0.01079350303735359
-1 0.0 0 0 0.005014967671485637
-1 0.0 0 0 -0.00586766450028173
-1 0.0 0 0 -0.003694785809405894
-1 0.0 0 0 -0.004566938855626049
-1 0.0 0 0 -0.008362871367574827
117 74.5 25 26 -0.025104625074261314
-1 0.0 0 0 -0.0016365260621524205
-1 0.0 0 0 -0.012869970677939888
-1 0.0 0 0 -0.00781006383264998
-1 0.0 0 0 0.003038605904596193
nodes 29
33 16.5 1 6 0.0
75 98.5 2 5 -0.006672046345454448
76 121.5 3 4 -0.004641272069746712
-1 0.0 0 0 -0.00033855616495292665
-1 0.0 0 0 -0.012272786054301363
-1 0.0 0 0 -0.00918784685826148
33 67.5 7 20 0.007202052010689049
50 67.5 8 17 0.015206339739293102
122 30.5 9 14 0.006554103918039079
7 0.5649999976158142 10 13 -0.017825190484326004
104 11.5 11 12 -0.016405523985407518
-1 0.0 0 0 -0.006030888669070888
-1 0.0 0 0 -0.000286597367590663
-1 0.0 0 0 -0.05167692713139038
68 108.5 15 16 0.02789599724711855
-1 0.0 0 0 0.003075045886662468
-1 0.0 0 0 -0.02067597776204154
73 15.5 18 19 0.04382743695072511
-1 0.0 0 0 -0.013183796540947585
-1 0.0 0 0 0.005015447779708081
115 68.5 21 26 -0.012016182301774508
129 63.5 22 25 -0.03584342449768998
0 11.24356746673584 23 24 -0.0201795995131708
-1 0.0 0 0 -0.004297572320748327
-1 0.0 0 0 0.0023603431709238857
-1 0.0 0 0 -0.009367908597899157
83 118.5 27 28 0.03486968137405916
-1 0.0 0 0 -0.001962623549740947
-1 0.0 0 0 0.00727770670694327
nodes 29
6 0.8940601348876953 1 6 0.0
82 83.5 2 5 -0.0062170132400211535
7 0.4749999940395355 3 4 -0.004281167638016694
-1 0.0 0 0 -0.0003881097260500794
-1 0.0 0 0 -0.025842187425121666
-1 0.0 0 0 -0.005407954196356975
35 145.5 7 28 0.007689642984260758
134 125.5 8 27 0.008103538619911671
117 127.5 9 24 0.008565282905138576
57 0.5 10 13 0.009287904349556788
81 2.5 11 12 -0.031486669878159824
-1 0.0 0 0 -0.0357539257616736
-1 0.0 0 0 -0.0025322619381329715
130 103.5 14 21 0.012119380795766667
5 1.280613660812378 15 16 0.013249629050210227
-1 0.0 0 0 0.0003372341673368138
0 10.965228080749512 17 18 0.02745544441121217
-1 0.0 0 0 0.0011609877786238664
54 113.5 19 20 0.05699208401453362
-1 0.0 0 0 0.004116842030965284
-1 0.0 0 0 0.014186099993830456
54 14.5 22 23 -0.11551571795602958
-1 0.0 0 0 -0.026052466725303355
-1 0.0 0 0 0.0002908257303190314
2 10.75694465637207 25 26 -0.1540898638014487
-1 0.0 0 0 0.0008049533672063896
-1 0.0 0 0 -0.03295819175374858
-1 0.0 0 0 -0.025969476291936813
-1 0.0 0 0 -0.030536383524853383
nodes 29
24 134.5 1 28 0.0
26 108.5 2 23 0.0002038450357796572
18 36.5 3 12 0.001300137725534019
93 1.5 4 9 -0.003699849452413166
68 99.5 5 8 0.012117793997241895
97 76.5 6 7 0.01667292714752606
-1 0.0 0 0 -0.0010032781858352647
-1 0.0 0 0 0.003147765552838193
-1 0.0 0 0 -0.010794801586714899
0 11.311066627502441 10 11 -0.013524143281439801
-1 0.0 0 0 -0.002262859006574311
-1 0.0 0 0 0.0013377517738614663
76 98.5 13 22 0.011644926687568564
2 10.201553344726562 14 15 0.015027231339540351
-1 0.0 0 0 -0.0051485441579572225
65 85.5 16 19 0.020759370721445174
28 14.5 17 18 0.029058969498529465
-1 0.0 0 0 -0.0009585351400664438
-1 0.0 0 0 0.003978589480244793
50 11.5 20 21 -0.03188455102844254
-1 0.0 0 0 0.004066902207086536
-1 0.0 0 0 -0.006922317449326767
-1 0.0 0 0 -0.00976161577006602
126 76.5 24 27 -0.04302042149266068
82 36.5 25 26 -0.06678819071005329
-1 0.0 0 0 -0.004688771526661507
-1 0.0 0 0 -0.018851027171183518
-1 0.0 0 0 0.009499303595680013
-1 0.0 0 0 -0.023147768455504477
nodes 29
14 74.5 1 26 0.0
14 17.5 2 25 0.0012091240351477478
81 77.5 3 14 -0.002851386002832479
97 35.5 4 7 -0.012872638106577993
61 58.5 5 6 -0.05014455693990033
-1 0.0 0 0 -0.007599108305853881
-1 0.0 0 0 0.00040981526127548617
57 35.5 8 9 -0.0012469344517917038
-1 0.0 0 0 -0.00550180502562676
68 120.5 10 13 0.006858731149850925
18 115.5 11 12 0.009438075024186103
-1 0.0 0 0 0.0011380529722043
-1 0.0 0 0 -0.01961980999800042
-1 0.0 0 0 -0.01811600637164226
76 99.5 15 24 0.00727081773210745
23 31.5 16 23 0.010638957978265804
42 41.5 17 22 0.01528001146074906
95 74.5 18 21 0.0018146582614284594
59 16.5 19 20 -0.025981334348143918
-1 0.0 0 0 -0.010530562835395114
-1 0.0 0 0 -0.0009087311673538951
-1 0.0 0 0 0.0023474184102364403
-1 0.0 0 0 0.004288946358525401
-1 0.0 0 0 -0.007173706174373205
-1 0.0 0 0 -0.011702121221533163
-1 0.0 0 0 0.0014797665264375379
84 47.5 27 28 -0.038851701514537006
-1 0.0 0 0 -0.007811559287011535
-1 0.0 0 0 0.0017315030962725302
nodes 29
2 10.94482421875 1 28 0.0
73 135.5 2 25 -0.007883282397542048
35 0.5 3 4 -0.010663011896785646
-1 0.0 0 0 0.001062274359476865
77 73.5 5 20 -0.02018505453098895
28 126.5 6 19 -0.014507514598578403
117 67.5 7 18 -0.012687837573334906
3 0.4883454740047455 8 9 -0.01072414727957161
-1 0.0 0 0 0.0031842685331231815
97 124.5 10 15 -0.017710314556876154
73 65.5 11 12 -0.023846001831260948
-1 0.0 0 0 -0.00533647233961757
49 78.5 13 14 -0.009720549209309766
-1 0.0 0 0 -0.00629629658749267
-1 0.0 0 0 8.076403619512422e-05
32 18.5 16 17 0.03881310274304165
-1 0.0 0 0 -0.007587005598393136
-1 0.0 0 0 0.006962139430493951
-1 0.0 0 0 -0.014510439683156623
-1 0.0 0 0 -0.016418498805577605
93 10.5 21 24 -0.08440025314574309
136 3.5 22 23 -0.05300961700117835
-1 0.0 0 0 -0.013364318780153745
-1 0.0 0 0 -0.0008374409857192081
-1 0.0 0 0 -0.022320811492646475
81 93.5 26 27 0.061361702511917346
-1 0.0 0 0 -0.012733391684149718
-1 0.0 0 0 0.00842500286958294
-1 0.0 0 0 0.0006683998145689447
nodes 29
136 80.5 1 24 0.0
66 116.5 2 23 0.001183143141439809
107 103.5 3 16 0.0018616389195361112
2 10.872920989990234 4 9 0.0030546659163039067
41 131.5 5 8 -0.00618339539844912
97 126.5 6 7 -0.010955915763994125
-1 0.0 0 0 -0.0017488205585388323
-1 0.0 0 0 0.0030662423688743675
-1 0.0 0 0 0.004650196320553789
6 0.9934342503547668 10 15 0.009031097594117566
47 111.5 11 12 0.009598547591189863
-1 0.0 0 0 0.0011946896445627318
61 21.5 13 14 -0.05141009025754035
-1 0.0 0 0 -0.002175873328691565
-1 0.0 0 0 -0.020032789262274787
-1 0.0 0 0 -0.027203845532466343
95 2.5 17 22 -0.0416962630487514
25 73.5 18 21 -0.0055281731502981775
136 29.5 19 20 -0.08146092988004888
-1 0.0 0 0 -0.011529687992136866
-1 0.0 0 0 0.01797103095013881
-1 0.0 0 0 0.0033813032286285753
-1 0.0 0 0 -0.012982566242873804
-1 0.0 0 0 -0.007655090495068211
105 118.5 25 28 -0.04073953461940135
56 28.5 26 27 -0.03539599756377207
-1 0.0 0 0 -0.006907245462053267
-1 0.0 0 0 0.00239936438313549
-1 0.0 0 0 -0.04457148732899716
nodes 29
32 132.5 1 26 0.0
5 1.340774416923523 2 11 0.0005109641637550234
99 45.5 3 4 -0.005362963359445151
-1 0.0 0 0 -0.00021609804843420225
57 106.5 5 8 -0.03970563029308826
89 117.5 6 7 -0.06494395429828623
-1 0.0 0 0 -0.005114577287091953
-1 0.0 0 0 -0.019254297858700406
84 88.5 9 10 0.01821380506252127
-1 0.0 0 0 -0.007091164318716984
-1 0.0 0 0 0.007062207920934667
0 9.225229263305664 12 13 0.008805808001358209
-1 0.0 0 0 -0.008400632925082913
6 0.8651617169380188 14 17 0.010992400771484953
4 1.1798088550567627 15 16 -0.0002450209703339657
-1 0.0 0 0 0.00043049280739260084
-1 0.0 0 0 -0.006904715291902368
0 10.7395658493042 18 19 0.026255801975289733
-1 0.0 0 0 0.00046617170760452807
11 114.5 20 25 0.0458131141097117
120 134.5 21 24 0.048028196898605914
41 138.5 22 23 0.05016602461718281
-1 0.0 0 0 0.005262608511244993
-1 0.0 0 0 -0.021900559457329414
-1 0.0 0 0 -0.031358308741386905
-1 0.0 0 0 -0.03084672271460295
115 84.5 27 28 -0.09124591933563352
-1 0.0 0 0 -0.01903439329062312
-1 0.0 0 0 0.007462401781729199
nodes 29
72 120.5 1 26 0.0
96 138.5 2 25 0.0007866039040001526
79 61.5 3 18 0.0009255447394175984
2 11.429935455322266 4 15 0.002453285623810384
30 110.5 5 6 0.0004822588071977342
-1 0.0 0 0 0.0001837148431659132
57 90.5 7 12 -0.04709342111651458
58 53.5 8 9 -0.15998548874863286
-1 0.0 0 0 -0.012845511577903033
66 33.5 10 11 -0.4268512541725152
-1 0.0 0 0 -0.08920645998282867
-1 0.0 0 0 -0.020909181578045197
129 38.5 13 14 0.001088618206213022
-1 0.0 0 0 -0.00532743195823938
-1 0.0 0 0 0.007668707856849437
17 11.5 16 17 0.030261059629052234
-1 0.0 0 0 -0.0017348790452672313
-1 0.0 0 0 0.0049783140472555235
43 88.5 19 24 -0.030410588439605948
11 48.5 20 21 -0.017456727279788156
-1 0.0 0 0 -0.0005900359233791889
2 11.574321746826172 22 23 -0.1248011727123845
-1 0.0 0 0 -0.015638613606470505
-1 0.0 0 0 0.03358128761756234
-1 0.0 0 0 -0.02164048337492286
-1 0.0 0 0 -0.03409345213375572
57 43.5 27 28 -0.05753510928097832
-1 0.0 0 0 -0.019846097359933507
-1 0.0 0 0 0.0014599228260252968
nodes 29
114 113.5 1 12 0.0
132 109.5 2 7 0.0009950613341064341
133 85.5 3 4 0.001430348448080934
-1 0.0 0 0 0.0002396852822914336
69 89.5 5 6 -0.04736020318270848
-1 0.0 0 0 -0.0014733858999119824
-1 0.0 0 0 -0.014216410904030863
84 114.5 8 9 -0.10505858211438263
-1 0.0 0 0 -0.01672719621205675
10 9.5 10 11 0.0894476174451839
-1 0.0 0 0 0.02148917533570167
-1 0.0 0 0 -0.0304805381134862
50 9.5 13 24 -0.0445424353676236
3 0.5923541188240051 14 21 -0.013291889572528012
28 2.5 15 18 0.09749092876611809
81 31.5 16 17 0.20062441286260999
-1 0.0 0 0 0.028698440289339995
-1 0.0 0 0 -0.014924426469802618
32 72.5 19 20 -0.07468954892039804
-1 0.0 0 0 0.0035979039822187694
-1 0.0 0 0 -0.04304100127358522
41 74.5 22 23 -0.04266612170777508
-1 0.0 0 0 -0.002489195046713895
-1 0.0 0 0 -0.024952722104028505
12 1.5 25 26 -0.14687265395156407
-1 0.0 0 0 -0.026206835747386022
23 37.5 27 28 -0.04971965098095287
-1 0.0 0 0 -0.012149995632338616
-1 0.0 0 0 0.023596596428193152
nodes 29
108 101.5 1 26 0.0
99 131.5 2 25 0.0007643640654526085
108 25.5 3 24 0.0009300035924328065
8 41.5 4 23 -0.002320325369636593
105 13.5 5 14 -0.004646255334197274
100 118.5 6 13 -0.015235158938357512
46 69.5 7 8 -0.013941667971974084
-1 0.0 0 0 -0.0022083877022604837
63 74.5 9 10 0.019471689913582294
-1 0.0 0 0 -0.002868191785994525
59 4.5 11 12 0.05695955756427084
-1 0.0 0 0 0.007391363367109967
-1 0.0 0 0 -0.0066313575754487295
-1 0.0 0 0 -0.025098239737072665
18 41.5 15 18 0.0027075532846634167
73 15.5 16 17 -0.0076335672020714385
-1 0.0 0 0 0.0029342169986065563
-1 0.0 0 0 -0.001432828728939772
104 103.5 19 22 0.02197185760895271
2 10.201553344726562 20 21 0.025297276704949034
-1 0.0 0 0 -0.005362038334617196
-1 0.0 0 0 0.003216647584926885
-1 0.0 0 0 -0.01381733251719229
-1 0.0 0 0 0.0028970154462390745
-1 0.0 0 0 0.0016200965531462425
-1 0.0 0 0 -0.02985935867669023
3 0.2091364711523056 27 28 -0.05729884816747901
-1 0.0 0 0 -0.04624836388333091
-1 0.0 0 0 -0.004710773027562379
nodes 29
78 102.5 1 18 0.0
136 90.5 2 15 0.001177328574771875
128 3.5 3 14 0.0021149100820928293
93 32.5 4 11 -0.009488316221917373
123 125.5 5 8 -0.0013737353816275896
2 10.97181224822998 6 7 -0.007721122951902518
-1 0.0 0 0 -0.0025737069192793612
-1 0.0 0 0 0.0013416375050964919
84 43.5 9 10 0.05002663792732488
-1 0.0 0 0 -0.0033233680430803923
-1 0.0 0 0 0.009709228204071241
119 25.5 12 13 -0.05040601421107503
-1 0.0 0 0 -0.008576044349145603
-1 0.0 0 0 -0.0003486641024300755
-1 0.0 0 0 0.0006278041626998807
38 2.5 16 17 -0.049540322753971425
-1 0.0 0 0 -0.00964255141364914
-1 0.0 0 0 0.0016369710724495102
15 27.5 19 26 -0.03989103795674505
110 70.5 20 21 -0.057999724586721174
-1 0.0 0 0 -0.00404242066570007
36 7.5 22 23 -0.17745157802485648
-1 0.0 0 0 -0.007552164777215305
9 24.5 24 25 -0.35756077517041013
-1 0.0 0 0 -0.018972416246129623
-1 0.0 0 0 -0.06113624821939483
32 96.5 27 28 0.07442004639497926
-1 0.0 0 0 0.012240441072222942
-1 0.0 0 0 -0.01962841976398848
nodes 29
58 72.5 1 18 0.0
135 96.5 2 15 0.001687215173436162
6 0.9199815988540649 3 4 0.002858984230785137
-1 0.0 0 0 -0.00023357416319449737
98 100.5 5 14 0.014875739841982497
48 114.5 6 13 0.017616062425661595
77 69.5 7 10 0.019395756655542714
127 66.5 8 9 0.024790190297984856
-1 0.0 0 0 0.0015604841984561135
-1 0.0 0 0 0.00528619228294048
54 66.5 11 12 -0.019348123350012455
-1 0.0 0 0 -0.007781191224446886
-1 0.0 0 0 0.002689339702246392
-1 0.0 0 0 -0.010114082203267701
-1 0.0 0 0 -0.006390360580105112
9 22.5 16 17 -0.0496843901877374
-1 0.0 0 0 -0.011786735273774204
-1 0.0 0 0 -0.0009891799713030295
117 70.5 19 28 -0.024839081669854556
89 133.5 20 27 -0.018631814499710617
35 114.5 21 26 -0.013933489237288167
12 109.5 22 25 -0.02033588138020041
127 134.5 23 24 -0.01812486460164388
-1 0.0 0 0 -0.0020738485404332234
-1 0.0 0 0 0.037018451179776875
-1 0.0 0 0 -0.04833227948099375
-1 0.0 0 0 0.015529556941456309
-1 0.0 0 0 -0.029741613632106003
-1 0.0 0 0 -0.02401924570540359
nodes 29
5 1.340774416923523 1 2 0.0
-1 0.0 0 0 -0.0005553508669715782
2 9.304286003112793 3 4 0.0078065759390632495
-1 0.0 0 0 -0.007905906157064695
56 95.5 5 28 0.009714142579702541
24 24.5 6 9 0.01180624838912561
60 114.5 7 8 0.0038416089823963945
-1 0.0 0 0 -0.0003637273056943543
-1 0.0 0 0 0.0033743892366368887
123 82.5 10 21 0.03196666747934273
86 3.5 11 12 0.017933205805212453
-1 0.0 0 0 -0.00421629056166388
43 38.5 13 18 0.04185216620544117
16 46.5 14 15 0.053041268306832756
-1 0.0 0 0 0.003161246395060576
122 112.5 16 17 0.10923784457244246
-1 0.0 0 0 0.012496794524530747
-1 0.0 0 0 -0.014129278321733427
123 6.5 19 20 -0.09740230252177888
-1 0.0 0 0 -0.022650163673221115
-1 0.0 0 0 0.0014961932809523272
1 9.54952335357666 22 25 0.07562504845162676
133 31.5 23 24 -0.0641032332649047
-1 0.0 0 0 -0.01171960311399664
-1 0.0 0 0 0.025214517146915846
41 110.5 26 27 0.09670616591946744
-1 0.0 0 0 0.010993689862459282
-1 0.0 0 0 -0.014287737225442455
-1 0.0 0 0 -0.005861384033524294
nodes 29
2 11.16772747039795 1 24 0.0
28 100.5 2 19 -0.004403784518606625
130 119.5 3 18 -0.001988814493532102
128 95.5 4 15 -0.0014983948113589864
41 126.5 5 12 0.0001555534351018505
71 60.5 6 9 -0.0031956084236438235
102 117.5 7 8 -0.0011097354928381472
-1 0.0 0 0 0.00013337720662301525
-1 0.0 0 0 -0.004829305893452909
99 41.5 10 11 -0.06139777693405624
-1 0.0 0 0 -0.003812468456822501
-1 0.0 0 0 -0.02436652626902197
115 34.5 13 14 0.03051857556170582
-1 0.0 0 0 0.004188134940787933
-1 0.0 0 0 -0.00951219259280814
22 4.5 16 17 -0.06326953173430011
-1 0.0 0 0 -0.0015092006499414176
-1 0.0 0 0 -0.016928020312797398
-1 0.0 0 0 -0.020791954203575318
41 54.5 20 23 -0.04235230149662433
75 37.5 21 22 -0.12734266457059798
-1 0.0 0 0 -0.010303216874318857
-1 0.0 0 0 -0.05213988411218621
-1 0.0 0 0 -0.0021457660740896584
31 137.5 25 28 0.010180959949934995
0 10.60816764831543 26 27 0.010653134719420594
-1 0.0 0 0 0.029927303741819095
-1 0.0 0 0 0.0009905276374467277
-1 0.0 0 0 -0.04816980258776592
nodes 29
118 88.5 1 20 0.0
118 20.5 2 17 0.0013512729797492923
61 82.5 3 14 -0.0033114708984209014
9 89.5 4 13 -9.611701982626852e-05
102 101.5 5 10 0.0030834495788620224
112 119.5 6 9 0.005905720456590565
56 121.5 7 8 0.006513260543935143
-1 0.0 0 0 0.0007289376860089368
-1 0.0 0 0 -0.0152942212476224
-1 0.0 0 0 -0.021203743669217623
119 60.5 11 12 -0.04213171891771004
-1 0.0 0 0 -0.008507036790243767
-1 0.0 0 0 0.001645596718766516
-1 0.0 0 0 -0.004066928416879966
89 74.5 15 16 -0.04669373912201336
-1 0.0 0 0 -0.0033747662189790814
-1 0.0 0 0 -0.023288606700079983
88 87.5 18 19 0.013667262459146151
-1 0.0 0 0 -0.000349688200435942
-1 0.0 0 0 0.0033965563531532343
73 22.5 21 22 -0.031098072947878926
-1 0.0 0 0 -0.015038289024204614
89 52.5 23 28 -0.012981186032899127
106 3.5 24 27 0.0008361659581461807
2 11.463651657104492 25 26 0.06059891604251864
-1 0.0 0 0 0.0041339306551916475
-1 0.0 0 0 0.031071704462713873
-1 0.0 0 0 -0.003294137975225614
-1 0.0 0 0 -0.013069205856658423
nodes 29
52 105.5 1 28 0.0
12 14.5 2 23 0.0010534454801186552
93 115.5 3 20 -0.0027352183457423043
36 92.5 4 11 -0.0007720527421309774
24 101.5 5 10 0.00041950188471304243
4 1.087031602859497 6 9 0.001958567070103186
116 119.5 7 8 0.0066254514299044585
-1 0.0 0 0 0.0008508600052267852
-1 0.0 0 0 -0.006516196044063303
-1 0.0 0 0 -0.0014846699116162212
-1 0.0 0 0 -0.004675288334912321
49 5.5 12 17 -0.06626141958148571
46 12.5 13 14 -0.2678429430482344
-1 0.0 0 0 -0.05668565472619407
46 40.5 15 16 -0.13768408003756227
-1 0.0 0 0 0.02650987612083554
-1 0.0 0 0 -0.0305510263890028
105 10.5 18 19 -0.04319111389392161
-1 0.0 0 0 -0.013618902861818225
-1 0.0 0 0 0.0005636117441992067
54 16.5 21 22 -0.0435850385833912
-1 0.0 0 0 -0.0029184136934231396
-1 0.0 0 0 -0.025039029447781594
92 15.5 24 27 0.015918174878987626
109 75.5 25 26 -0.004266680947907339
-1 0.0 0 0 0.0002683496046147228
-1 0.0 0 0 -0.012167896803567724
-1 0.0 0 0 0.003205910488811087
-1 0.0 0 0 -0.003916201628276924
nodes 29
2 11.346918106079102 1 8 0.0
12 77.5 2 3 -0.002428050569729909
-1 0.0 0 0 -0.00016096123566280225
20 102.5 4 5 -0.08017267706441923
-1 0.0 0 0 -0.004952797668008005
78 1.5 6 7 -0.3002016258239746
-1 0.0 0 0 -0.0038703235590623487
-1 0.0 0 0 -0.05141548541967165
48 1.5 9 18 0.016921359879871072
84 6.5 10 15 -0.04799970783323917
88 41.5 11 12 -0.1782210404203544
-1 0.0 0 0 -0.032620401025439304
55 21.5 13 14 -0.03948700620094314
-1 0.0 0 0 0.006461930019306202
-1 0.0 0 0 -0.04479040543620403
21 52.5 16 17 -0.009090201228896313
-1 0.0 0 0 0.0018075886325731204
-1 0.0 0 0 -0.023814971220086925
1 10.81031322479248 19 26 0.023790033056309667
125 1.5 20 21 0.156337931305515
-1 0.0 0 0 -0.011966655574372558
91 0.5 22 23 0.23689426484620243
-1 0.0 0 0 -0.012971106476283502
4 0.8013721704483032 24 25 0.31063671620434213
-1 0.0 0 0 -0.017816298161633312
-1 0.0 0 0 0.03741171964407935
3 0.4883454740047455 27 28 0.02018201485615991
-1 0.0 0 0 -0.021122246491103534
-1 0.0 0 0 0.002239596102390712
nodes 29
16 123.5 1 28 0.0
14 74.5 2 11 0.00031534914298598257
18 120.5 3 4 0.0014496341237935776
-1 0.0 0 0 0.0002548847630493916
89 73.5 5 10 -0.03839402732898211
0 10.25079345703125 6 7 -0.021963237076723197
-1 0.0 0 0 -0.019366533686695372
76 93.5 8 9 -0.001657284929893213
-1 0.0 0 0 0.0008460063214706031
-1 0.0 0 0 -0.026007121878986558
-1 0.0 0 0 -0.02184586364011734
68 104.5 12 23 -0.03605420704672554
94 7.5 13 16 -0.026599887439854603
22 132.5 14 15 0.005955102479160228
-1 0.0 0 0 0.0014046710371295405
-1 0.0 0 0 -0.03076440424135909
52 5.5 17 22 -0.08170334908886205
107 12.5 18 19 -0.17007745947305702
-1 0.0 0 0 -0.012030869532999242
52 1.5 20 21 -0.3584877808718017
-1 0.0 0 0 -0.020717144742468465
-1 0.0 0 0 -0.07367786144895945
-1 0.0 0 0 0.0029229960433218767
5 1.202571988105774 24 25 -0.24739085136238356
-1 0.0 0 0 0.007867975399962493
17 2.5 26 27 -0.3882855573830045
-1 0.0 0 0 -0.0703582160955956
-1 0.0 0 0 -0.019280166316777467
-1 0.0 0 0 -0.0129567997924206
nodes 29
5 1.4039428234100342 1 20 0.0
16 124.5 2 19 -0.004347820724129531
2 11.367877006530762 3 18 -0.0039775133183557075
12 77.5 4 13 -0.007466613797249313
132 70.5 5 12 -0.006427712826427624
109 99.5 6 9 -0.005047869961939429
45 140.5 7 8 -0.004074189367911869
-1 0.0 0 0 -0.0003799229258292349
-1 0.0 0 0 -0.03730561848925917
63 21.5 10 11 -0.10728833925085805
-1 0.0 0 0 -0.02288097093607778
-1 0.0 0 0 -0.0010071243162922286
-1 0.0 0 0 -0.007674101123661835
20 100.5 14 17 -0.10526666594114269
44 120.5 15 16 -0.0600418533398307
-1 0.0 0 0 -0.0033233736704215006
-1 0.0 0 0 -0.0433730751896898
-1 0.0 0 0 -0.04482794753634013
-1 0.0 0 0 0.0018010363833000519
-1 0.0 0 0 -0.02133201036282918
2 9.304286003112793 21 22 0.00951124380508273
-1 0.0 0 0 -0.007373235190442884
6 0.8007447719573975 23 24 0.011697953919359622
-1 0.0 0 0 -0.0004680338218670627
8 35.5 25 28 0.022730331556482804
26 129.5 26 27 0.010663441962286909
-1 0.0 0 0 0.0011899182480434947
-1 0.0 0 0 -0.03757114267119995
-1 0.0 0 0 0.005815492008679198
nodes 29
105 86.5 1 18 0.0
99 102.5 2 9 0.0019761692416127075
2 10.84460735321045 3 8 0.0028292520448649746
97 124.5 4 7 -0.008122961295412904
85 4.5 5 6 -0.015241266845103347
-1 0.0 0 0 -5.073151231108431e-05
-1 0.0 0 0 -0.004208451891622891
-1 0.0 0 0 0.0025895031962975914
-1 0.0 0 0 0.0009340349118322756
68 2.5 10 15 -0.07466429854780054
106 30.5 11 14 -0.21445864977760484
30 21.5 12 13 -0.29678127117190367
-1 0.0 0 0 -0.04258322365987566
-1 0.0 0 0 -0.0025555513325636672
-1 0.0 0 0 0.010607411011934598
87 38.5 16 17 -0.02688911164905613
-1 0.0 0 0 0.00042258024493377415
-1 0.0 0 0 -0.03281605021255682
67 25.5 19 20 -0.02088933126113158
-1 0.0 0 0 -0.006207127184409327
30 13.5 21 26 0.019100142665376553
40 117.5 22 25 0.043813730849978916
81 104.5 23 24 0.04864568366155585
-1 0.0 0 0 -0.0017817468800969617
-1 0.0 0 0 0.007779337944030196
-1 0.0 0 0 -0.0393258364379025
97 98.5 27 28 -0.062059388500162
-1 0.0 0 0 -0.009223722296411876
-1 0.0 0 0 0.019075695940706766
nodes 29
79 59.5 1 16 0.0
45 105.5 2 7 0.001467889328018282
120 44.5 3 4 0.002964483519311368
-1 0.0 0 0 -0.00027002280936411335
27 38.5 5 6 0.01344652241990646
-1 0.0 0 0 -0.0010610878756874794
-1 0.0 0 0 0.002712409512368932
49 52.5 8 15 -0.029548786975353965
98 50.5 9 12 0.002128162879213708
39 14.5 10 11 -0.029906139950683062
-1 0.0 0 0 -0.0066410300526057306
-1 0.0 0 0 0.007780366717912487
57 17.5 13 14 0.06495335331169767
-1 0.0 0 0 -0.029683590784239086
-1 0.0 0 0 0.00852478965479572
-1 0.0 0 0 -0.011905315113557979
43 88.5 17 28 -0.02770405591967326
120 133.5 18 27 -0.016583868247964022
93 116.5 19 24 -0.013698150842750995
25 111.5 20 21 -0.004430506927314599
-1 0.0 0 0 0.00031457946113489383
108 4.5 22 23 -0.1674304741348619
-1 0.0 0 0 -0.0032157053789970552
-1 0.0 0 0 -0.034840437432600034
3 0.8981959819793701 25 26 -0.12976719602160874
-1 0.0 0 0 -0.008699865637077598
-1 0.0 0 0 -0.04370253887762757
-1 0.0 0 0 -0.04211614484588305
-1 0.0 0 0 -0.019474347073300775
nodes 29
42 118.5 1 22 0.0
68 120.5 2 17 0.0007104764418295061
68 47.5 3 10 0.0018527710665058213
113 78.5 4 7 -0.002001454256516022
67 117.5 5 6 0.0019511231428499865
-1 0.0 0 0 0.0003123918312285261
-1 0.0 0 0 -0.010575681149932785
17 46.5 8 9 -0.027414878387388278
-1 0.0 0 0 -0.0012954790713913995
-1 0.0 0 0 -0.008167441872681308
19 92.5 11 14 0.01565874267909676
0 10.985394477844238 12 13 0.0030543559751077336
-1 0.0 0 0 -0.0022882676221641428
-1 0.0 0 0 0.0020885656560533697
120 77.5 15 16 0.047034821623048596
-1 0.0 0 0 0.0024018099628945323
-1 0.0 0 0 0.010826118360327566
89 92.5 18 19 -0.03499828536246241
-1 0.0 0 0 -0.0010610431445760614
124 38.5 20 21 -0.1653860031850136
-1 0.0 0 0 -0.027835087857718738
-1 0.0 0 0 -0.005702150733369757
81 38.5 23 26 -0.055444677552400144
102 13.5 24 25 -0.19839367053435306
-1 0.0 0 0 -0.030834444948887253
-1 0.0 0 0 -0.0042395129453581875
25 107.5 27 28 -0.008018458309853045
-1 0.0 0 0 0.000830158726346671
-1 0.0 0 0 -0.03231507668803845
nodes 29
5 1.340774416923523 1 2 0.0
-1 0.0 0 0 -0.0005254030921937872
0 10.349102020263672 3 4 0.007385599387876198
-1 0.0 0 0 -0.0017685283788530957
60 121.5 5 28 0.013269116714067351
42 99.5 6 25 0.008600390072485965
72 35.5 7 12 0.011237562405364812
46 113.5 8 11 0.00011443202241690066
10 123.5 9 10 0.004107195226422319
-1 0.0 0 0 0.0004798768845206126
-1 0.0 0 0 -0.053161087801510645
-1 0.0 0 0 -0.008515779740580397
56 116.5 13 24 0.03337600006894125
89 59.5 14 19 0.036227825351349656
29 3.5 15 18 -0.0020928472790111723
7 0.054999999701976776 16 17 -0.05299975989021339
-1 0.0 0 0 0.0020791162094897834
-1 0.0 0 0 -0.01192698936670932
-1 0.0 0 0 0.0040056239515702
6 0.8193905353546143 20 21 0.054155884100085414
-1 0.0 0 0 0.001789382292211903
119 67.5 22 23 0.08680423940071137
-1 0.0 0 0 0.0093151619120225
-1 0.0 0 0 -0.023888917899400484
-1 0.0 0 0 -0.03096523355893992
88 7.5 26 27 -0.07953962371307131
-1 0.0 0 0 -0.035140753672549534
-1 0.0 0 0 -0.003998109714065012
-1 0.0 0 0 0.006313320987479033
nodes 29
6 0.8731541037559509 1 2 0.0
-1 0.0 0 0 -0.0006916400287397191
5 1.2432981729507446 3 4 0.005681424068172785
-1 0.0 0 0 -0.0005517559496336894
0 10.918011665344238 5 6 0.015937257448690685
-1 0.0 0 0 -0.00020462415573882628
64 67.5 7 26 0.03970916477047831
60 37.5 8 17 0.02066626273761557
84 47.5 9 14 -0.006490922100963988
9 17.5 10 11 -0.03965292900568663
-1 0.0 0 0 -0.010011777274044148
116 63.5 12 13 0.0020406016855554626
-1 0.0 0 0 0.002054546357499316
-1 0.0 0 0 -0.0286541548286435
123 38.5 15 16 0.041707139115545626
-1 0.0 0 0 -0.0042711776347101535
-1 0.0 0 0 0.008645933526441883
57 88.5 18 25 0.0478598123121868
3 0.7265799641609192 19 24 0.05634774405640188
0 11.075288772583008 20 21 0.08982148529582723
-1 0.0 0 0 0.0002735244999340757
50 34.5 22 23 0.12364079069186446
-1 0.0 0 0 0.00039344185287222626
-1 0.0 0 0 0.01600350357084974
-1 0.0 0 0 0.001462164920750914
-1 0.0 0 0 -0.012899691753949949
22 31.5 27 28 0.07914047729239111
-1 0.0 0 0 0.001781891136062502
-1 0.0 0 0 0.011961722389408585
nodes 29
34 103.5 1 28 0.0
17 6.5 2 15 0.0006444859483372728
95 5.5 3 8 -0.009449449279262804
29 96.5 4 7 0.004016150623241923
58 103.5 5 6 0.006367148530148514
-1 0.0 0 0 0.0008702463173828947
-1 0.0 0 0 -0.015965351318188298
-1 0.0 0 0 -0.022342393720943123
121 128.5 9 12 -0.027576678577552
40 99.5 10 11 -0.03262550409208688
-1 0.0 0 0 -0.003056744863997578
-1 0.0 0 0 -0.029434155575221495
47 60.5 13 14 0.08380786135991211
-1 0.0 0 0 -0.0122031830357049
-1 0.0 0 0 0.01601304436819314
46 128.5 16 27 0.0049137967553527055
94 101.5 17 20 0.0057250512451603435
17 61.5 18 19 -0.0001687967706949544
-1 0.0 0 0 0.0008948220752054424
-1 0.0 0 0 -0.0029379298075287905
95 43.5 21 22 0.02042030366234896
-1 0.0 0 0 -0.004996018627358367
114 78.5 23 26 0.03090900232443322
67 69.5 24 25 0.03308911702834967
-1 0.0 0 0 0.004043376622365114
-1 0.0 0 0 -0.004889698688586869
-1 0.0 0 0 -0.025961497887138925
-1 0.0 0 0 -0.010631960370001976
-1 0.0 0 0 -0.005982271371811459
nodes 29
2 11.053647994995117 1 28 0.0
126 112.5 2 27 -0.00537062498973398
94 124.5 3 20 -0.0026926365187768427
95 4.5 4 11 -0.006408842162651051
29 10.5 5 10 0.007195998797593465
33 32.5 6 9 0.016518463113413307
59 125.5 7 8 -0.0026878664387343923
-1 0.0 0 0 -0.0019623683277259544
-1 0.0 0 0 0.006817564108289884
-1 0.0 0 0 0.00422681718411627
-1 0.0 0 0 -0.002662890767640733
123 28.5 12 19 -0.019258228254298876
98 98.5 13 18 -0.009318535724227816
45 112.5 14 17 -0.007790461165574882
33 88.5 15 16 -0.005310293410370186
-1 0.0 0 0 -0.00011232464623849118
-1 0.0 0 0 -0.00933231181715958
-1 0.0 0 0 -0.01610382848358316
-1 0.0 0 0 -0.027494882983672954
-1 0.0 0 0 -0.007123310345585019
28 130.5 21 26 0.032119033270498434
46 125.5 22 25 0.03778132763294807
92 0.5 23 24 0.04183673024139613
-1 0.0 0 0 0.008580378095722532
-1 0.0 0 0 0.0004875811184349478
-1 0.0 0 0 -0.03529178853681747
-1 0.0 0 0 -0.02434660380934068
-1 0.0 0 0 -0.00485376945618789
-1 0.0 0 0 0.0007193998499411986
nodes 29
108 101.5 1 24 0.0
76 54.5 2 19 0.0007169156096880793
49 63.5 3 12 -0.002194056104486274
89 105.5 4 7 -0.012046206784129022
0 11.51040267944336 5 6 -0.03326384504742034
-1 0.0 0 0 -0.004209022679992449
-1 0.0 0 0 0.0032357161053024977
72 40.5 8 11 0.004960043647150271
93 54.5 9 10 -0.01552161111422643
-1 0.0 0 0 -0.001116444714616966
-1 0.0 0 0 -0.01959594601443421
-1 0.0 0 0 0.0033533797344966407
114 36.5 13 18 0.0070812324093923905
46 113.5 14 17 0.01214001531413342
57 39.5 15 16 0.014075180368789932
-1 0.0 0 0 0.0019988574025219326
-1 0.0 0 0 -0.0027378124623692736
-1 0.0 0 0 -0.013494542994012591
-1 0.0 0 0 -0.004694095680416413
131 13.5 20 23 0.014968067769765689
44 88.5 21 22 -0.0038557238070058186
-1 0.0 0 0 0.0007334916816820669
-1 0.0 0 0 -0.007218389020777791
-1 0.0 0 0 0.005098102044717116
31 30.5 25 26 -0.053741993026137386
-1 0.0 0 0 -0.009552694298468757
14 51.5 27 28 0.02733328301284059
-1 0.0 0 0 0.0067470902726789106
-1 0.0 0 0 -0.029924098647792233
nodes 29
2 10.863508224487305 1 26 0.0
86 1.5 2 5 -0.007839223417162658
31 70.5 3 4 0.01456622741190841
-1 0.0 0 0 0.0023680917194958536
-1 0.0 0 0 -0.007832201399068211
35 0.5 6 15 -0.01730814972194529
89 8.5 7 8 0.010201945238771161
-1 0.0 0 0 0.0066341939507833505
97 88.5 9 10 -0.009279258446288465
-1 0.0 0 0 -0.006710058870602287
15 24.5 11 12 0.01945601336630957
-1 0.0 0 0 -0.0014616997019014156
89 70.5 13 14 0.06523657471341514
-1 0.0 0 0 -0.022100875343130613
-1 0.0 0 0 0.007947763581514257
97 124.5 16 25 -0.030788586327488328
3 0.5148114562034607 17 20 -0.03780234009169613
50 87.5 18 19 0.0173321857801648
-1 0.0 0 0 -0.0024447568470164277
-1 0.0 0 0 0.008767409929980976
73 65.5 21 24 -0.04773948111093254
129 14.5 22 23 -0.08036652900589897
-1 0.0 0 0 -0.012284027364837581
-1 0.0 0 0 -0.0041972417564089095
-1 0.0 0 0 -0.0032533773743723573
-1 0.0 0 0 0.002630596845829755
89 142.5 27 28 0.004893328329941603
-1 0.0 0 0 0.0005651682454847042
-1 0.0 0 0 -0.01647652865650617
nodes 29
100 104.5 1 18 0.0
2 10.5292387008667 2 9 0.001069934159746985
73 133.5 3 8 -0.01308629931636679
57 129.5 4 7 -0.02196349787142546
17 124.5 5 6 -0.03599322825751012
-1 0.0 0 0 -0.004688040651756644
-1 0.0 0 0 0.0037833717267409988
-1 0.0 0 0 0.0022301935747188434
-1 0.0 0 0 0.007235067311585773
6 0.9934342503547668 10 15 0.00414228343469185
60 122.5 11 14 0.004819180542474555
90 69.5 12 13 0.002265226796290377
-1 0.0 0 0 -0.00037191446352069724
-1 0.0 0 0 0.0018087067795390388
-1 0.0 0 0 0.004567940078403248
90 62.5 16 17 -0.18542076072600835
-1 0.0 0 0 -0.027828332864641578
-1 0.0 0 0 0.012999175445192718
27 53.5 19 22 -0.036354003078091085
29 120.5 20 21 -0.0692183272904698
-1 0.0 0 0 -0.006278508382939855
-1 0.0 0 0 -0.04742652328971487
128 26.5 23 26 0.024103265909946305
97 43.5 24 25 -0.05484112774210378
-1 0.0 0 0 -0.0024900208219627825
-1 0.0 0 0 -0.038066878136904805
94 92.5 27 28 0.08789033598080277
-1 0.0 0 0 0.0066234864534743245
-1 0.0 0 0 0.046726211353584575
nodes 29
74 118.5 1 22 0.0
48 95.5 2 13 0.00046802864378831926
80 48.5 3 8 0.0016484193888314123
95 4.5 4 7 -0.0021705677000691793
61 67.5 5 6 0.00834554830061213
-1 0.0 0 0 0.0011486770262496644
-1 0.0 0 0 -0.008334821658677861
-1 0.0 0 0 -0.0011061178938338255
81 84.5 9 10 0.014497268372901941
-1 0.0 0 0 -0.0013071070043385075
31 92.5 11 12 0.03355869725646679
-1 0.0 0 0 0.0035733148436223544
-1 0.0 0 0 -0.024629316957822694
107 78.5 14 19 -0.032175306170670416
79 34.5 15 18 -0.02449116310806718
5 8.149940490722656 16 17 -0.007254595470773738
-1 0.0 0 0 -0.0003617334395239365
-1 0.0 0 0 -0.04659132170956582
-1 0.0 0 0 -0.012121380093146658
49 14.5 20 21 -0.22237372329874225
-1 0.0 0 0 0.0020967226848006247
-1 0.0 0 0 -0.0366457180622475
104 55.5 23 28 -0.08357867600466125
87 80.5 24 27 -0.04860547212878633
15 1.5 25 26 -0.00510848604848979
-1 0.0 0 0 -0.01198729276303093
-1 0.0 0 0 0.008574669687045065
-1 0.0 0 0 -0.03245617608677168
-1 0.0 0 0 -0.03848862786275836
nodes 29
120 131.5 1 18 0.0
6 0.9428470134735107 2 13 0.0005339019073377034
0 9.886900901794434 3 4 -0.0023886344205332616
-1 0.0 0 0 -0.005247585529303225
5 1.4039428234100342 5 12 -0.0008141504452927078
2 11.378799438476562 6 11 -0.006845887562058544
16 84.5 7 10 -0.010777988115696982
136 111.5 8 9 -0.009162748619231087
-1 0.0 0 0 -0.0008309545603234046
-1 0.0 0 0 -0.014161527267622077
-1 0.0 0 0 -0.00775885536618248
-1 0.0 0 0 0.0019021429219982723
-1 0.0 0 0 0.0012188073095927303
104 73.5 14 17 0.014583905301725389
4 0.7463939189910889 15 16 0.019945753156698828
-1 0.0 0 0 -0.008915827292882103
-1 0.0 0 0 0.0022915214887292783
-1 0.0 0 0 -0.005146642708536497
69 6.5 19 26 -0.06955086939604116
103 20.5 20 23 0.01609395590751693
80 64.5 21 22 -0.056328924453661784
-1 0.0 0 0 -0.0009156886787270723
-1 0.0 0 0 -0.0382110809587175
25 19.5 24 25 0.1713735214276713
-1 0.0 0 0 0.031318203868965305
-1 0.0 0 0 -0.007596691565718069
48 53.5 27 28 -0.1710659818165525
-1 0.0 0 0 -0.012475909699399775
-1 0.0 0 0 -0.04698556434097035
nodes 29
92 103.5 1 26 0.0
92 30.5 2 15 0.0010249831573216235
30 33.5 3 10 -0.0029552885413881742
61 52.5 4 5 -0.008173055922877495
-1 0.0 0 0 -0.0014964823854275633
89 90.5 6 9 0.016141774458575793
65 95.5 7 8 0.021322006821273252
-1 0.0 0 0 0.0029558941654250805
-1 0.0 0 0 -0.006998048268850424
-1 0.0 0 0 -0.019825363186073378
64 49.5 11 12 0.016348731202135862
-1 0.0 0 0 -0.0025628032064990303
102 108.5 13 14 0.036092357873126944
-1 0.0 0 0 0.004218810069287761
-1 0.0 0 0 -0.01546380441639015
103 122.5 16 25 0.013039978458594705
0 11.454872131347656 17 24 0.014076049436600638
27 57.5 18 21 0.007728260937595219
90 90.5 19 20 -0.004493284362079122
-1 0.0 0 0 -0.0018497680796753175
-1 0.0 0 0 0.004232304751038987
49 24.5 22 23 0.039405680884124494
-1 0.0 0 0 -0.01301473147502094
-1 0.0 0 0 0.0051249206070946695
-1 0.0 0 0 0.006243594231899568
-1 0.0 0 0 -0.029434666868733014
20 125.5 27 28 -0.036401281369028225
-1 0.0 0 0 -0.0031741320118222408
-1 0.0 0 0 -0.04900951087474823
nodes 29
71 77.5 1 10 0.0
20 92.5 2 9 0.0010555202580469268
20 32.5 3 4 0.002400065757550153
-1 0.0 0 0 -0.00014584641801956448
127 41.5 5 8 0.019186389680781887
4 1.2214020490646362 6 7 0.001965789538043236
-1 0.0 0 0 0.0008698315968676609
-1 0.0 0 0 -0.009664736123501577
-1 0.0 0 0 0.004036696490279258
-1 0.0 0 0 -0.0029013242649809446
99 67.5 11 24 -0.03579248167825341
118 14.5 12 21 -0.018346075969250655
98 24.5 13 18 -0.06263316722918928
90 113.5 14 17 -0.1045438435848751
18 110.5 15 16 -0.09093179507988715
-1 0.0 0 0 -0.0075173378753221
-1 0.0 0 0 -0.03815463101274746
-1 0.0 0 0 -0.04296773450183017
34 35.5 19 20 0.016896678317221053
-1 0.0 0 0 0.00521016500134267
-1 0.0 0 0 -0.027107999015774115
127 73.5 22 23 0.04281885796192108
-1 0.0 0 0 0.0004209065694678485
-1 0.0 0 0 0.01591308571669894
75 67.5 25 28 -0.1791781744766166
59 7.5 26 27 -0.14195636667010528
-1 0.0 0 0 -0.0012004263592722613
-1 0.0 0 0 -0.027190846974748797
-1 0.0 0 0 -0.055735174179077154
nodes 29
36 92.5 1 8 0.0
74 76.5 2 3 0.0008377076887523902
-1 0.0 0 0 0.00021272970346258185
104 118.5 4 7 -0.02979384497785836
86 118.5 5 6 -0.02557724803438292
-1 0.0 0 0 -0.002284464669070276
-1 0.0 0 0 -0.04807505575673921
-1 0.0 0 0 -0.04102606307237577
17 0.5 9 14 -0.042968988157492144
120 46.5 10 13 -0.28076835355758883
16 5.5 11 12 -0.4066153019666672
-1 0.0 0 0 -0.0665070388594578
-1 0.0 0 0 -0.01984153710719612
-1 0.0 0 0 0.009105217583286999
1 11.206454277038574 15 24 -0.03027662939073852
106 17.5 16 21 -0.05032049657356161
120 32.5 17 20 -0.08377143624416312
77 3.5 18 19 -0.18280742372643496
-1 0.0 0 0 -0.029028380162620535
-1 0.0 0 0 -0.009202640550041536
-1 0.0 0 0 -0.0021360697863958655
88 121.5 22 23 0.025972481839898476
-1 0.0 0 0 0.004819293600394081
-1 0.0 0 0 -0.03871259614825249
36 101.5 25 28 0.10093646411163111
21 24.5 26 27 -0.09789871205649679
-1 0.0 0 0 0.008070210342454474
-1 0.0 0 0 -0.04307456863620742
-1 0.0 0 0 0.018280977194556614
nodes 29
103 0.5 1 2 0.0
-1 0.0 0 0 0.0010602629143068435
124 118.5 3 28 -0.0034052410696767143
131 112.5 4 27 -0.002357621408334433
44 89.5 5 22 -0.0016839747446276273
2 10.983222961425781 6 13 1.2721018551285929e-05
92 83.5 7 12 -0.010175553343577986
122 93.5 8 9 -0.008264083119168814
-1 0.0 0 0 -0.0004972933185741706
49 36.5 10 11 -0.06748824347898025
-1 0.0 0 0 -0.002935703211998432
-1 0.0 0 0 -0.021556834648661472
-1 0.0 0 0 -0.011321095367536654
75 109.5 14 21 0.00920562700132442
3 0.7165589332580566 15 20 0.011827381829495255
54 116.5 16 19 0.03276892138031259
121 108.5 17 18 0.023394554997198627
-1 0.0 0 0 0.00313773398420163
-1 0.0 0 0 -0.008859845583872884
-1 0.0 0 0 0.00932208102575842
-1 0.0 0 0 0.0001917687264693391
-1 0.0 0 0 -0.008218125558063045
91 117.5 23 26 -0.057954829072282936
2 11.395818710327148 24 25 -0.08529659191976942
-1 0.0 0 0 -0.01245070541598308
-1 0.0 0 0 0.0030384025534740027
-1 0.0 0 0 0.005939306120287527
-1 0.0 0 0 -0.014725663609858122
-1 0.0 0 0 -0.009665865426195403
nodes 29
38 81.5 1 24 0.0
62 38.5 2 9 0.0006897299106468052
72 95.5 3 4 -0.0026022578235860693
-1 0.0 0 0 -7.155573589286352e-05
57 18.5 5 6 -0.04189995501357759
-1 0.0 0 0 -0.020313726356991954
30 9.5 7 8 -0.023076725003854354
-1 0.0 0 0 -0.00677503982900472
-1 0.0 0 0 0.0021941797690161733
95 109.5 10 21 0.012849737354564149
75 97.5 11 20 0.0013905844634849388
41 110.5 12 19 0.004749160415527779
124 117.5 13 16 0.014535559592966655
19 121.5 14 15 0.017409115250606844
-1 0.0 0 0 0.0020788360360634883
-1 0.0 0 0 -0.011984297046831377
90 72.5 17 18 -0.1578631932885022
-1 0.0 0 0 -0.021339197829102645
-1 0.0 0 0 0.03335665539838374
-1 0.0 0 0 -0.004311139005907765
-1 0.0 0 0 -0.01367022273374129
28 126.5 22 23 0.05473384524663745
-1 0.0 0 0 0.00607714805882473
-1 0.0 0 0 -0.018658860977104102
52 47.5 25 28 -0.05251428441395959
84 16.5 26 27 -0.03719546300457329
-1 0.0 0 0 -0.010107723184622963
-1 0.0 0 0 0.005400323148874902
-1 0.0 0 0 -0.02781563835522173
nodes 29
26 108.5 1 16 0.0
1 8.347590446472168 2 3 0.0009575250299484627
-1 0.0 0 0 -0.005586007922790716
5 1.6674343347549438 4 5 0.0016457377096705265
-1 0.0 0 0 -0.00011681850707687605
6 0.7167137265205383 6 11 0.020019127859906338
29 13.5 7 8 -0.01808425309101154
-1 0.0 0 0 0.001220432611282755
69 43.5 9 10 -0.08227252676421212
-1 0.0 0 0 -0.014312321528760741
-1 0.0 0 0 0.0019445784668722706
0 10.714950561523438 12 13 0.0358642376072385
-1 0.0 0 0 0.0003864618017806669
4 1.2738968133926392 14 15 0.06832451193387237
-1 0.0 0 0 0.007245726722772523
-1 0.0 0 0 -0.026735642826070594
126 76.5 17 24 -0.03778707106711986
90 20.5 18 21 -0.058225481842915844
7 0.375 19 20 -0.039119560943525665
-1 0.0 0 0 -0.003088651692872274
-1 0.0 0 0 -0.038252415998201623
44 42.5 22 23 -0.17307329524925014
-1 0.0 0 0 -0.022155526855096697
-1 0.0 0 0 0.011408916199938036
27 109.5 25 28 0.08089363935797766
44 33.5 26 27 0.02259734024353806
-1 0.0 0 0 -0.002128841169178486
-1 0.0 0 0 0.03818103468252553
-1 0.0 0 0 0.02662459750038882
nodes 29
134 104.5 1 16 0.0
80 97.5 2 11 0.0006246456824467152
80 48.5 3 4 0.002024707996920819
-1 0.0 0 0 -0.0001854449353920298
65 88.5 5 10 0.017981532125072242
30 113.5 6 9 0.02456210690055258
107 125.5 7 8 0.026143549382832348
-1 0.0 0 0 0.0026885918706629525
-1 0.0 0 0 -0.049475225948152096
-1 0.0 0 0 -0.023763750285810133
-1 0.0 0 0 -0.003992518544576692
122 76.5 12 15 -0.02691273631298903
97 100.5 13 14 -0.016937096101626224
-1 0.0 0 0 -0.000316208463152823
-1 0.0 0 0 -0.013979530651060834
-1 0.0 0 0 -0.01812102824174781
128 1.5 17 18 -0.0581653790838994
-1 0.0 0 0 -0.0251256024061596
110 78.5 19 28 -0.031960220122640576
15 69.5 20 27 -0.018073299519985507
73 126.5 21 26 -0.006086646693195992
109 39.5 22 25 0.010430831839752403
18 117.5 23 24 0.03276794671162036
-1 0.0 0 0 0.004834460607807344
-1 0.0 0 0 -0.03174383259410488
-1 0.0 0 0 -0.022725003109371755
-1 0.0 0 0 -0.026790625322610142
-1 0.0 0 0 -0.049274475146085024
-1 0.0 0 0 -0.043468091759963766
nodes 29
6 0.8940601348876953 1 8 0.0
34 97.5 2 7 -0.005422363886495267
82 83.5 3 4 -0.004359773539490602
-1 0.0 0 0 -0.00025981733581073493
96 76.5 5 6 -0.04766899931544166
-1 0.0 0 0 -0.00386250925305712
-1 0.0 0 0 -0.027254451937168037
-1 0.0 0 0 -0.008217022420038678
127 144.5 9 28 0.006706764568499716
40 129.5 10 27 0.007128599905194909
122 132.5 11 26 0.007381516137071101
5 1.280613660812378 12 13 0.007917887011576771
-1 0.0 0 0 -1.296463924714346e-05
2 10.456049919128418 14 17 0.01929949588542842
6 0.9934342503547668 15 16 -0.01225734909723463
-1 0.0 0 0 -0.002919241831164057
-1 0.0 0 0 0.008645662137749211
105 105.5 18 23 0.030856258153083575
90 77.5 19 20 0.03683852044655586
-1 0.0 0 0 0.002573138570956455
119 61.5 21 22 0.07677398349364695
-1 0.0 0 0 0.00931196904467617
-1 0.0 0 0 -0.024711826016555125
19 73.5 24 25 -0.06385318786443389
-1 0.0 0 0 -0.011457492548058135
-1 0.0 0 0 0.009501662248499349
-1 0.0 0 0 -0.016120787416621457
-1 0.0 0 0 -0.03824110349210409
-1 0.0 0 0 -0.02382695220505306
nodes 29
80 140.5 1 28 0.0
118 88.5 2 9 9.5098711901001e-05
128 129.5 3 4 0.0013258782189976414
-1 0.0 0 0 0.00016593313688642719
54 11.5 5 8 -0.14249296801167086
10 3.5 6 7 -0.06807010989321177
-1 0.0 0 0 -0.03273259002969347
-1 0.0 0 0 0.0022463658184278756
-1 0.0 0 0 -0.05787648949129828
120 24.5 10 23 -0.028238189871591043
32 1.5 11 14 -0.07528350752310647
105 96.5 12 13 -0.014288886852327055
-1 0.0 0 0 0.0012794267081727203
-1 0.0 0 0 -0.02388043078708638
7 0.07499999925494194 15 22 -0.11185745686826046
9 29.5 16 21 -0.05979224708910314
68 59.5 17 20 -0.140733140633943
46 2.5 18 19 -0.08784274820566233
-1 0.0 0 0 0.012291463999706624
-1 0.0 0 0 -0.017325495289834705
-1 0.0 0 0 -0.038421132646757984
-1 0.0 0 0 0.0032508771865538792
-1 0.0 0 0 -0.018105087291463512
96 66.5 24 25 0.011449769272015959
-1 0.0 0 0 0.0029417705281277948
67 64.5 26 27 -0.11012638012398662
-1 0.0 0 0 -0.007447328983518176
-1 0.0 0 0 -0.05397461181040854
-1 0.0 0 0 -0.037115330605403236
nodes 29
70 83.5 1 22 0.0
70 29.5 2 11 0.0013663136748332488
71 93.5 3 6 -0.0020092227630186454
121 1.5 4 5 -0.0012366461216904007
-1 0.0 0 0 -0.001972798153615099
-1 0.0 0 0 0.00023531853876605747
130 18.5 7 10 -0.09169110193484062
9 6.5 8 9 -0.16659675208230815
-1 0.0 0 0 -0.03975617227629877
-1 0.0 0 0 -0.011265427537728101
-1 0.0 0 0 0.00325992467611785
127 89.5 12 17 0.017356821079295776
104 10.5 13 14 0.006367032419795192
-1 0.0 0 0 -0.0020281530215469448
43 38.5 15 16 0.025160190537407378
-1 0.0 0 0 0.0032462030242850215
-1 0.0 0 0 -0.00856934049907442
84 40.5 18 21 0.053574181277002156
6 0.951423704624176 19 20 0.0582646551293997
-1 0.0 0 0 0.004064279344218857
-1 0.0 0 0 0.017090784858687428
-1 0.0 0 0 -0.05210088656416961
119 46.5 23 26 -0.02548976461294697
126 89.5 24 25 -0.0571283963493076
-1 0.0 0 0 -0.0043462462287042125
-1 0.0 0 0 -0.022869443711957763
132 14.5 27 28 0.008684568027602854
-1 0.0 0 0 -0.0009859484371050851
-1 0.0 0 0 0.013985646808278568
nodes 29
23 147.5 1 28 0.0
32 132.5 2 25 0.00017948626607073673
57 129.5 3 20 0.0006164046457466492
107 103.5 4 15 -0.0011832047348755042
75 99.5 5 10 -9.025900590277273e-05
0 10.506600379943848 6 9 0.0015324067557623347
73 133.5 7 8 -0.018959994757853038
-1 0.0 0 0 -0.002997299769241228
-1 0.0 0 0 0.005991185179050102
-1 0.0 0 0 0.0005100022813047829
114 11.5 11 12 -0.042736750628940015
-1 0.0 0 0 -0.00913849843236468
97 43.5 13 14 0.0011187079496752454
-1 0.0 0 0 -0.01219531757480323
-1 0.0 0 0 0.0035355989175868785
43 18.5 16 17 -0.0720777190369932
-1 0.0 0 0 -0.010043191747771019
1 10.645615577697754 18 19 0.11561663751229283
-1 0.0 0 0 0.033401900457157456
-1 0.0 0 0 -0.005718523532582017
32 6.5 21 22 0.02049448260710167
-1 0.0 0 0 -0.0196213137804167
135 81.5 23 24 0.02610804750762906
-1 0.0 0 0 0.0029288997717656588
-1 0.0 0 0 -0.0217627986865018
115 84.5 26 27 -0.07888324308335691
-1 0.0 0 0 -0.01638562413455628
-1 0.0 0 0 0.006258531618561294
-1 0.0 0 0 -0.01916741981126723
nodes 29
62 119.5 1 24 0.0
37 104.5 2 21 0.0006206786254216672
35 0.5 3 6 0.0012788786928776784
113 74.5 4 5 0.011953358047294867
-1 0.0 0 0 0.001713607185837472
-1 0.0 0 0 -0.0037647419018726497
22 114.5 7 16 -0.0027627434312545033
2 11.143324851989746 8 15 -0.0008355720442810865
62 2.5 9 10 -0.007895772090267521
-1 0.0 0 0 0.0011105354346206268
5 1.9640618562698364 11 12 -0.017141139826817316
-1 0.0 0 0 -0.0022600122437081175
6 0.6273826360702515 13 14 0.030938996259925997
-1 0.0 0 0 -0.006130208486413286
-1 0.0 0 0 0.006266352994132196
-1 0.0 0 0 0.0013190007037111285
64 32.5 17 18 -0.05043762685665311
-1 0.0 0 0 -0.021775744244304986
63 47.5 19 20 -0.022194991317956353
-1 0.0 0 0 -0.00623456129597736
-1 0.0 0 0 0.006730105081494926
21 95.5 22 23 -0.0535388137919367
-1 0.0 0 0 -0.004416952125739761
-1 0.0 0 0 -0.04436761549301446
37 34.5 25 28 -0.05472142484182189
96 4.5 26 27 -0.09147504598623322
-1 0.0 0 0 -0.03256655884429049
-1 0.0 0 0 -0.006526720909725132
-1 0.0 0 0 0.006805468027420736
nodes 29
0 9.225229263305664 1 2 0.0
-1 0.0 0 0 -0.005395051880707539
5 1.426382064819336 3 18 0.0006426806251281675
17 0.5 4 15 -0.003445521007975959
30 20.5 5 6 -0.02813719673132482
-1 0.0 0 0 -0.005456494111868032
21 57.5 7 12 0.006166679735565717
46 42.5 8 9 0.01971684641736349
-1 0.0 0 0 -0.003406982570391936
73 83.5 10 11 0.05382121947872094
-1 0.0 0 0 0.00668425317062069
-1 0.0 0 0 -0.019091267443787405
74 2.5 13 14 -0.12431832231854031
-1 0.0 0 0 -0.030276390131976874
-1 0.0 0 0 -0.003094563563185105
23 139.5 16 17 -0.0006923462522452239
-1 0.0 0 0 -2.7158144684605347e-05
-1 0.0 0 0 -0.019043739483504754
63 113.5 19 22 0.011103479076529003
60 114.5 20 21 0.007123995678796852
-1 0.0 0 0 6.868421810262812e-05
-1 0.0 0 0 0.003921671627083568
30 44.5 23 28 0.05310196581580136
46 59.5 24 27 0.015390219407918267
103 36.5 25 26 -0.06257498908647594
-1 0.0 0 0 -0.008311582031257194
-1 0.0 0 0 0.03132013939321041
-1 0.0 0 0 0.006956943209046339
-1 0.0 0 0 0.016123600569503602
nodes 29
58 132.5 1 28 0.0
108 101.5 2 3 0.00014218630207542626
-1 0.0 0 0 8.137502722835449e-05
3 0.2091364711523056 4 5 -0.05016943187886308
-1 0.0 0 0 -0.04047033594086252
106 36.5 6 27 -0.04125227325062101
53 6.5 7 10 -0.04969861259262284
115 31.5 8 9 -0.10887835854757257
-1 0.0 0 0 -0.0035176627446419986
-1 0.0 0 0 -0.01986721706751777
33 117.5 11 26 -0.000973635372015945
48 104.5 12 25 0.016756962650255284
77 74.5 13 24 0.03332520021393657
114 60.5 14 21 0.08040302217569809
90 15.5 15 18 0.13118527044879238
117 9.5 16 17 -0.06121884330698266
-1 0.0 0 0 -0.03847205933804314
-1 0.0 0 0 0.007264394982685817
89 84.5 19 20 0.1958456693339299
-1 0.0 0 0 0.045307824626564984
-1 0.0 0 0 0.012954861342369282
121 9.5 22 23 -0.07877979452650134
-1 0.0 0 0 0.02831139181825248
-1 0.0 0 0 -0.017587322964355712
-1 0.0 0 0 -0.011888129184288639
-1 0.0 0 0 -0.03888046785824649
-1 0.0 0 0 -0.03361391334704334
-1 0.0 0 0 0.029810957531195267
-1 0.0 0 0 -0.023627674577033353
nodes 29
66 101.5 1 10 0.0
14 74.5 2 3 0.0008204794086406294
-1 0.0 0 0 0.00019096567766347202
49 1.5 4 7 -0.03395455393094773
104 15.5 5 6 0.11634435512177232
-1 0.0 0 0 -0.012551038223318756
-1 0.0 0 0 0.020429153234175775
68 104.5 8 9 -0.047768791895352145
-1 0.0 0 0 -0.0038727265063023125
-1 0.0 0 0 -0.023460034192622173
82 27.5 11 26 -0.0407535645489076
123 125.5 12 25 -0.07366497444680234
122 114.5 13 24 -0.08475784682849215
0 10.527472496032715 14 15 -0.0769607764552606
-1 0.0 0 0 -0.029348921209263308
124 39.5 16 19 -0.06215541333475651
125 6.5 17 18 -0.02667105149662615
-1 0.0 0 0 -0.009466797678751592
-1 0.0 0 0 0.005144901154824438
120 62.5 20 23 -0.15641074946729028
6 0.802415668964386 21 22 -0.11188764516619525
-1 0.0 0 0 -0.03341889496056225
-1 0.0 0 0 -0.005032728393681539
-1 0.0 0 0 -0.0440673646158897
-1 0.0 0 0 -0.05233430553227663
-1 0.0 0 0 0.02520103813746037
83 2.5 27 28 0.025517029531206978
-1 0.0 0 0 -0.024342890058390118
-1 0.0 0 0 0.005326942382075848
nodes 29
78 99.5 1 12 0.0
78 36.5 2 3 0.0010362506906393145
-1 0.0 0 0 -0.0001470158917950269
31 124.5 4 9 0.01721047216172786
25 72.5 5 6 0.010633421175290585
-1 0.0 0 0 0.0021188125971078153
136 4.5 7 8 -0.04387852477001226
-1 0.0 0 0 0.002358885493990656
-1 0.0 0 0 -0.008510182446641573
89 46.5 10 11 0.1252311722434529
-1 0.0 0 0 -0.02601267394105283
-1 0.0 0 0 0.014711269404083986
63 120.5 13 26 -0.03243241064197496
71 1.5 14 19 -0.055333273683123844
94 47.5 15 18 -0.14128958455523175
98 23.5 16 17 -0.22035423128894657
-1 0.0 0 0 -0.029209360787165958
-1 0.0 0 0 0.0013919670363975456
-1 0.0 0 0 0.0018596701061835996
129 126.5 20 25 -0.035630928269741804
36 64.5 21 22 -0.027381497970012422
-1 0.0 0 0 -0.0017945397857289831
136 12.5 23 24 -0.24706985693241298
-1 0.0 0 0 -0.05278357048518956
-1 0.0 0 0 -0.0064245583868563876
-1 0.0 0 0 -0.0289595532497125
3 0.2268754094839096 27 28 0.0522079412736226
-1 0.0 0 0 0.04269091553613544
-1 0.0 0 0 0.003568672372125347
nodes 29
2 11.472582817077637 1 24 0.0
29 57.5 2 5 -0.0013316317436421678
24 107.5 3 4 0.0006137975068982199
-1 0.0 0 0 0.00018136846215113635
-1 0.0 0 0 -0.0051407615232279495
43 102.5 6 23 -0.025686689859085753
30 107.5 7 22 -0.021865396002981298
62 27.5 8 21 -0.015471388672904724
113 16.5 9 10 -0.04738111171279806
-1 0.0 0 0 -0.008824223111485402
125 7.5 11 14 -0.008887261192977081
124 27.5 12 13 0.07012931725194069
-1 0.0 0 0 0.0022044636326522303
-1 0.0 0 0 0.023842570049090506
21 78.5 15 18 -0.057259846779053644
67 69.5 16 17 -0.035959484894817456
-1 0.0 0 0 -0.0003578945887172762
-1 0.0 0 0 -0.017551771441899372
89 5.5 19 20 -0.3084381401671895
-1 0.0 0 0 -0.0671883808878752
-1 0.0 0 0 -0.01231521129809028
-1 0.0 0 0 0.001921651610504066
-1 0.0 0 0 -0.015151922272004776
-1 0.0 0 0 -0.02894833423921632
5 2.8239011764526367 25 28 0.02479127733127322
30 29.5 26 27 0.021884365807796975
-1 0.0 0 0 4.996048539978825e-05
-1 0.0 0 0 0.006584913024681963
-1 0.0 0 0 0.03630365207552528
nodes 29
9 147.5 1 28 0.0
104 88.5 2 9 0.00014586392284366413
110 84.5 3 8 0.0014644498307993944
104 48.5 4 5 0.0020933248352351364
-1 0.0 0 0 -6.762043273565324e-05
93 113.5 6 7 0.018357829905215096
-1 0.0 0 0 0.002354673638960534
-1 0.0 0 0 -0.006576931500136957
-1 0.0 0 0 -0.007070664697581063
42 95.5 10 27 -0.024659796917018594
102 61.5 11 26 -0.019069835651154443
31 109.5 12 23 -0.027437976559572457
107 26.5 13 22 -0.04036693158397858
80 0.5 14 19 -0.060677662488322286
64 117.5 15 18 -0.17789074194561458
53 36.5 16 17 -0.22930672118773116
-1 0.0 0 0 -0.015908297083454804
-1 0.0 0 0 -0.04177552664393111
-1 0.0 0 0 0.0035852828903755705
0 11.24356746673584 20 21 -0.04290617081084118
-1 0.0 0 0 -0.00792996705183288
-1 0.0 0 0 0.0018392463420259715
-1 0.0 0 0 0.0025153096815680757
41 120.5 24 25 0.0568466086449045
-1 0.0 0 0 0.007807102461618597
-1 0.0 0 0 -0.04535041208463637
-1 0.0 0 0 0.010933463762134867
-1 0.0 0 0 -0.023731927162614363
-1 0.0 0 0 -0.02256615089898897
nodes 29
114 113.5 1 10 0.0
96 65.5 2 3 0.0008500098327933501
-1 0.0 0 0 0.00029695737841565453
43 36.5 4 9 -0.016814975433871292
115 114.5 5 8 -0.008626187608155002
25 121.5 6 7 0.00010853448816372816
-1 0.0 0 0 0.0007312255716457847
-1 0.0 0 0 -0.01572990934037718
-1 0.0 0 0 -0.010252144645647809
-1 0.0 0 0 -0.009749389770292386
50 9.5 11 20 -0.03804942127943175
28 7.5 12 19 -0.011328241111627326
78 116.5 13 18 0.01895081458832473
4 0.8013721704483032 14 17 0.027156725311038212
81 24.5 15 16 0.2157240383756146
-1 0.0 0 0 0.03154509331798181
-1 0.0 0 0 -0.01469192154578526
-1 0.0 0 0 0.0007669525784607826
-1 0.0 0 0 -0.040658427003238885
-1 0.0 0 0 -0.009684923812675909
44 34.5 21 28 -0.12554818771126192
93 2.5 22 23 -0.16210319057233333
-1 0.0 0 0 -0.0063391407510431505
79 15.5 24 25 -0.25318507735891904
-1 0.0 0 0 -0.03336410853591177
9 19.5 26 27 -0.013364284281403972
-1 0.0 0 0 0.028987612777079147
-1 0.0 0 0 -0.027328463746900008
-1 0.0 0 0 0.011295822439867943
nodes 29
79 59.5 1 24 0.0
18 120.5 2 9 0.0013030924205878008
10 10.5 3 4 0.00237686580793556
-1 0.0 0 0 -0.00037071466322247175
114 117.5 5 8 0.010178974857286848
2 11.542057037353516 6 7 0.011325744855980181
-1 0.0 0 0 0.0009282945793291956
-1 0.0 0 0 0.009034543753171554
-1 0.0 0 0 -0.012770482721893739
90 21.5 10 23 -0.03819054967241156
0 10.25079345703125 11 14 -0.02494698995635464
3 0.7130559682846069 12 13 -0.1581172995637031
-1 0.0 0 0 0.0005036752159287642
-1 0.0 0 0 -0.026267376932984504
76 97.5 15 20 -0.008581651275704752
26 71.5 16 19 0.0012176771902802869
5 1.233883261680603 17 18 0.03436552614468336
-1 0.0 0 0 -0.0060280124728749945
-1 0.0 0 0 0.007112010783700676
-1 0.0 0 0 -0.0073350211188430384
50 123.5 21 22 -0.25329638817283795
-1 0.0 0 0 -0.04016258870339338
-1 0.0 0 0 0.013977678380906584
-1 0.0 0 0 -0.02584681952621395
43 88.5 25 26 -0.024593778428401384
-1 0.0 0 0 -0.0015084203276598549
134 11.5 27 28 -0.16743973709165255
-1 0.0 0 0 -0.006759735493158753
-1 0.0 0 0 -0.030824309654815453
nodes 29
103 0.5 1 6 0.0
112 115.5 2 5 0.010103952662602176
7 0.6449999809265137 3 4 0.011328659160272944
-1 0.0 0 0 0.0011783510137983858
-1 0.0 0 0 -0.04815933453850449
-1 0.0 0 0 -0.018966133125070343
99 70.5 7 24 -0.003245081405450231
44 89.5 8 19 -0.0018103674543035373
17 7.5 9 10 -0.00021007159399639698
-1 0.0 0 0 -0.0015660094111431032
46 125.5 11 18 0.005599055128152132
20 128.5 12 17 0.0067724820132885055
105 134.5 13 14 0.007255926834174383
-1 0.0 0 0 0.0007783452061856304
67 79.5 15 16 -0.20449269955734845
-1 0.0 0 0 -0.03488185267605178
-1 0.0 0 0 0.008795700293328417
-1 0.0 0 0 -0.024459709699024983
-1 0.0 0 0 -0.01014992470949738
91 118.5 20 23 -0.05656595477644127
2 11.305557250976562 21 22 -0.07966816777579937
-1 0.0 0 0 -0.012581867828148102
-1 0.0 0 0 -0.0006647129771743877
-1 0.0 0 0 0.005857840842670865
92 4.5 25 28 -0.06356121915403784
100 30.5 26 27 -0.23734215261111183
-1 0.0 0 0 -0.032737264722893886
-1 0.0 0 0 0.00835357641037076
-1 0.0 0 0 -0.00414819856384353
nodes 29
133 98.5 1 28 0.0
11 68.5 2 11 0.0006314984328294316
2 10.840012550354004 3 10 0.0015550194369090542
86 0.5 4 5 -0.006673417639173524
-1 0.0 0 0 0.00176298325904648
91 7.5 6 9 -0.014642427346294225
47 70.5 7 8 -0.0004385706777237879
-1 0.0 0 0 -0.0009852853249515117
-1 0.0 0 0 0.004711185415503795
-1 0.0 0 0 -0.0038800180416724336
-1 0.0 0 0 0.0006337321713754114
73 90.5 12 19 -0.03842005371771755
35 50.5 13 14 -0.07109065577421957
-1 0.0 0 0 -0.00493890519819723
3 0.6637584567070007 15 16 -0.20926116836104008
-1 0.0 0 0 -0.0029374664993252067
19 66.5 17 18 -0.3204105525557709
-1 0.0 0 0 0.013222107699229605
-1 0.0 0 0 -0.04135994174627258
95 76.5 20 25 0.043732780956093696
2 10.637320518493652 21 22 0.08063062082944653
-1 0.0 0 0 -0.011200028130163749
19 133.5 23 24 0.11657610017448133
-1 0.0 0 0 0.009370940547481636
-1 0.0 0 0 0.05488655190205291
42 12.5 26 27 -0.16662731763221666
-1 0.0 0 0 -0.05580787463113666
-1 0.0 0 0 -0.004977614489217192
-1 0.0 0 0 -0.00511029712541091
nodes 29
117 86.5 1 14 0.0
84 64.5 2 9 0.0010672441937962026
81 84.5 3 4 -0.002590029592239439
-1 0.0 0 0 -0.0015658926654668133
46 87.5 5 8 0.007818480110711998
23 71.5 6 7 0.010717951296541007
-1 0.0 0 0 0.0013092864159167045
-1 0.0 0 0 -0.011914049164478451
-1 0.0 0 0 -0.00965271231744271
90 32.5 10 11 0.012249078748501294
-1 0.0 0 0 -0.00441162384180973
73 82.5 12 13 0.0216038590470197
-1 0.0 0 0 0.002934642183128121
-1 0.0 0 0 -0.004329109429462177
58 70.5 15 24 -0.030663129279703855
63 2.5 16 19 -0.023006344786942988
36 42.5 17 18 -0.13749131315962929
-1 0.0 0 0 -0.01027028096807671
-1 0.0 0 0 -0.04853763479482511
21 57.5 20 21 -0.009019096640299202
-1 0.0 0 0 0.0002847017930843716
46 8.5 22 23 -0.13304081165360435
-1 0.0 0 0 -0.04373384823691315
-1 0.0 0 0 -0.004313468166947132
12 5.5 25 28 -0.27993400221069653
5 1.2919303178787231 26 27 -0.11928139532154257
-1 0.0 0 0 0.015758955147531298
-1 0.0 0 0 -0.038626409401851046
-1 0.0 0 0 -0.05323880987507956
nodes 29
100 104.5 1 14 0.0
3 0.9982849955558777 2 13 0.0009852239713242334
4 1.1465388536453247 3 8 -0.0005824011753430891
5 1.3105379343032837 4 7 0.001883751049706322
56 131.5 5 6 -0.005102389655526779
-1 0.0 0 0 -0.00048188995866023853
-1 0.0 0 0 -0.04248356857785472
-1 0.0 0 0 0.0009797512918411078
82 109.5 9 10 -0.028030781127174994
-1 0.0 0 0 -0.0024867841978898865
9 2.5 11 12 -0.2680906739832691
-1 0.0 0 0 -0.057890291015307106
-1 0.0 0 0 -0.0107325724240268
-1 0.0 0 0 0.0026034268654804966
51 86.5 15 22 -0.03347574002578168
0 10.845641136169434 16 19 -0.06664531371834118
88 0.5 17 18 -0.19428377359086094
-1 0.0 0 0 0.011961653873775945
-1 0.0 0 0 -0.02490917646323661
29 120.5 20 21 -0.04530816154085669
-1 0.0 0 0 -0.0038133950296352272
-1 0.0 0 0 -0.04711954290555282
22 65.5 23 28 0.017077690872416174
96 80.5 24 27 0.029033481682698713
31 15.5 25 26 0.04420197733074579
-1 0.0 0 0 0.007044858775530911
-1 0.0 0 0 -0.009897780781290656
-1 0.0 0 0 -0.02116057035134379
-1 0.0 0 0 -0.052365012077445344
nodes 29
2 11.199556350708008 1 16 0.0
134 109.5 2 13 -0.0035103601521001017
66 90.5 3 8 -0.00284290006664201
42 98.5 4 5 -0.001639591444000158
-1 0.0 0 0 -1.341702826558747e-05
81 76.5 6 7 -0.04309145389064438
-1 0.0 0 0 -0.012482509126044213
-1 0.0 0 0 0.00020831015765739296
123 82.5 9 12 -0.05437063994639262
2 11.19241714477539 10 11 -0.0886762004871607
-1 0.0 0 0 -0.007986616530557761
-1 0.0 0 0 -0.05547690141413894
-1 0.0 0 0 0.0053501289309578065
16 58.5 14 15 -0.09776495044890562
-1 0.0 0 0 -0.0071893235335448
-1 0.0 0 0 -0.05155452389477028
0 10.745399475097656 17 20 0.009653747146917796
97 18.5 18 19 0.2631638997209896
-1 0.0 0 0 -0.009192601512013763
-1 0.0 0 0 0.04588256895314066
1 8.737773895263672 21 22 0.008846491455141308
-1 0.0 0 0 0.04370919057567205
53 127.5 23 26 0.008343497554371804
26 133.5 24 25 0.009586457544043595
-1 0.0 0 0 0.001000949902986118
-1 0.0 0 0 -0.04250059001471686
136 0.5 27 28 -0.1480248360399236
-1 0.0 0 0 0.012914372268024572
-1 0.0 0 0 -0.02302196500052152
nodes 29
2 9.304286003112793 1 4 0.0
61 46.5 2 3 -0.05263768321703
-1 0.0 0 0 -0.0038454104419923824
-1 0.0 0 0 -0.039540750414709606
6 0.9089269042015076 5 6 0.0006270417152256335
-1 0.0 0 0 -0.00039845481361740296
104 102.5 7 20 0.008763628669375958
77 69.5 8 17 0.010612987466216743
45 41.5 9 16 0.014702427788719684
49 51.5 10 13 0.009129099795568902
57 43.5 11 12 -0.009689996361705125
-1 0.0 0 0 -0.007826388673081204
-1 0.0 0 0 0.0009088995396488718
57 43.5 14 15 0.02334756173323586
-1 0.0 0 0 0.0032323547847878313
-1 0.0 0 0 -0.0033905620602245503
-1 0.0 0 0 0.004556089714893838
54 68.5 18 19 -0.01950615219764049
-1 0.0 0 0 -0.006829292930331472
-1 0.0 0 0 0.0025286238934912114
8 28.5 21 28 -0.05267136078644375
74 10.5 22 23 -0.16743238118803408
-1 0.0 0 0 -0.005111670804857884
2 11.045733451843262 24 25 -0.2756799151501861
-1 0.0 0 0 -0.04833188938646345
104 119.5 26 27 -0.15376345058390445
-1 0.0 0 0 -0.031224480312802408
-1 0.0 0 0 0.016760151429722706
-1 0.0 0 0 0.001078920347536282
nodes 29
28 100.5 1 24 0.0
28 31.5 2 13 0.001488803446285515
57 93.5 3 4 -0.003377707682299266
-1 0.0 0 0 -0.0015288979420886406
102 103.5 5 12 0.0083982175603389
93 55.5 6 11 0.011132827674863198
127 104.5 7 10 0.013162816461724168
65 34.5 8 9 0.014642103468185766
-1 0.0 0 0 -0.002973895462057675
-1 0.0 0 0 0.0019675006962787704
-1 0.0 0 0 -0.014369539847798561
-1 0.0 0 0 -0.013113555313764317
-1 0.0 0 0 -0.011113587463457019
97 92.5 14 21 0.014248975905498206
120 18.5 15 16 0.022074447021592433
-1 0.0 0 0 -0.00272404033418648
2 10.157547950744629 17 18 0.03130798867629596
-1 0.0 0 0 -0.00619852238860015
80 47.5 19 20 0.03715296254864297
-1 0.0 0 0 0.0020357747522349976
-1 0.0 0 0 0.006284940360886143
53 1.5 22 23 -0.040792613859385145
-1 0.0 0 0 -0.015362777060686818
-1 0.0 0 0 -0.0016888066149956206
135 66.5 25 28 -0.021175944707637315
101 6.5 26 27 -0.02830781211989135
-1 0.0 0 0 -0.010592461378300005
-1 0.0 0 0 -0.0013801839039513319
-1 0.0 0 0 0.01198039977303702
nodes 29
2 11.094086647033691 1 4 0.0
8 44.5 2 3 -0.0045275554896299745
-1 0.0 0 0 -0.0006102747750903776
-1 0.0 0 0 0.005677187591696592
0 10.59182357788086 5 8 0.00725392981259201
134 17.5 6 7 0.2567140057411355
-1 0.0 0 0 0.011765462935787358
-1 0.0 0 0 0.06980763742619235
29 108.5 9 28 0.006557944248084464
1 8.89754581451416 10 15 0.008546117458485417
70 6.5 11 12 0.24496668508235256
-1 0.0 0 0 -0.0054723323398825924
93 12.5 13 14 0.46514709947668775
-1 0.0 0 0 0.08135691976547242
-1 0.0 0 0 0.010220741387456656
60 82.5 16 23 0.00794406981631433
46 11.5 17 18 0.0014025488168401665
-1 0.0 0 0 -0.0022145894690027627
32 16.5 19 22 0.014940253594787643
95 36.5 20 21 -0.015732831852295185
-1 0.0 0 0 -0.004905244971440596
-1 0.0 0 0 0.0024076592814312216
-1 0.0 0 0 0.002693125501343062
94 14.5 24 25 0.030550783957869154
-1 0.0 0 0 -0.003615712618929914
88 6.5 26 27 0.04454522441025475
-1 0.0 0 0 -0.022508978903677097
-1 0.0 0 0 0.004829812700449042
-1 0.0 0 0 -0.006384653015705577
nodes 29
103 0.5 1 4 0.0
58 114.5 2 3 0.009901275468958788
-1 0.0 0 0 0.0011263896573731568
-1 0.0 0 0 -0.015966674051750666
127 62.5 5 12 -0.003179987630713506
64 98.5 6 7 -0.009175695685397552
-1 0.0 0 0 -0.001707409937949598
97 19.5 8 9 0.01072208870958231
-1 0.0 0 0 -0.009540627496999049
30 20.5 10 11 0.01773328377619662
-1 0.0 0 0 -0.0005412796128944779
-1 0.0 0 0 0.004000134450818093
45 102.5 13 28 0.009048478700951679
81 43.5 14 15 0.012569202102176323
-1 0.0 0 0 -0.004397809467084456
0 10.427475929260254 16 21 0.01800721193442861
41 73.5 17 18 -0.02323576165546912
-1 0.0 0 0 -0.016654124573052615
17 124.5 19 20 -0.00816610186877974
-1 0.0 0 0 -0.003887588950741863
-1 0.0 0 0 0.0061102803457926255
84 30.5 22 25 0.027998679124695273
57 107.5 23 24 0.03175961353347633
-1 0.0 0 0 0.0033454395750739715
-1 0.0 0 0 -0.022944022179115564
65 0.5 26 27 -0.11464096524941673
-1 0.0 0 0 -0.04736298480614399
-1 0.0 0 0 -0.006690837141291504
-1 0.0 0 0 -0.010336578247511646
nodes 29
2 11.264707565307617 1 28 0.0
38 94.5 2 27 -0.0028677497167955584
8 44.5 3 26 -0.0022983092593812427
12 67.5 4 19 -0.0034934139729787253
86 0.5 5 8 -0.002526611701663232
31 67.5 6 7 0.012699517768684417
-1 0.0 0 0 0.0019850198344969153
-1 0.0 0 0 -0.005682883882285887
91 1.5 9 14 -0.006276746901482861
113 71.5 10 13 0.008608378847193614
124 75.5 11 12 0.015891203089780714
-1 0.0 0 0 0.001723213511182549
-1 0.0 0 0 -0.032109684580320715
-1 0.0 0 0 -0.0052343531167473156
103 99.5 15 16 -0.014247379209459917
-1 0.0 0 0 -0.0010531543792583011
91 9.5 17 18 -0.07677572896552426
-1 0.0 0 0 -0.0021539251903037364
-1 0.0 0 0 -0.014840659419724242
48 90.5 20 25 -0.06887496540683759
5 2.3751883506774902 21 22 -0.051596905495107155
-1 0.0 0 0 -0.0032529700800777344
82 29.5 23 24 -0.27557300330450135
-1 0.0 0 0 -0.04549709987611725
-1 0.0 0 0 0.013002246468449417
-1 0.0 0 0 -0.03488381056714866
-1 0.0 0 0 0.004402679587714978
-1 0.0 0 0 -0.011050856718670322
-1 0.0 0 0 0.0011471478165191581
nodes 29
51 66.5 1 10 0.0
68 113.5 2 9 -0.0031619148939993633
67 87.5 3 6 -0.0011909578324665092
105 86.5 4 5 0.0006612790570885422
-1 0.0 0 0 0.0002947387525900605
-1 0.0 0 0 -0.0035380724344480346
17 96.5 7 8 -0.04789378797624745
-1 0.0 0 0 -0.0033011268496326166
-1 0.0 0 0 -0.021273003453821923
-1 0.0 0 0 -0.0069483378857740155
81 45.5 11 12 0.010351437228906763
-1 0.0 0 0 -0.006323604084148476
23 100.5 13 28 0.017668209866603342
65 91.5 14 27 0.02035938895439125
28 27.5 15 16 0.024553085868568445
-1 0.0 0 0 0.0001483204652751091
2 10.157547950744629 17 20 0.04177790749383118
67 132.5 18 19 -0.05660821809974521
-1 0.0 0 0 -0.010599280630236982
-1 0.0 0 0 0.007217159267479125
36 9.5 21 22 0.051679858760652495
-1 0.0 0 0 0.0015617599429201344
5 5.807991981506348 23 24 0.06837230936000102
-1 0.0 0 0 0.006508109278626236
100 8.5 25 26 0.378041403104009
-1 0.0 0 0 0.0812776952981949
-1 0.0 0 0 0.019304755209211974
-1 0.0 0 0 -0.00623922273576273
-1 0.0 0 0 -0.016071716452638034
nodes 29
5 1.2775819301605225 1 2 0.0
-1 0.0 0 0 -0.0006423344321568611
6 0.8614959120750427 3 4 0.005111671121460593
-1 0.0 0 0 -0.0005423167442967738
2 10.519700050354004 5 10 0.016986166459727524
6 0.9934342503547668 6 9 -0.010977171610934115
130 93.5 7 8 -0.02174583840129199
-1 0.0 0 0 -0.0019328014473833422
-1 0.0 0 0 -0.05258621272764036
-1 0.0 0 0 0.008097188136175772
6 0.9934342503547668 11 24 0.027795731960969013
72 116.5 12 23 0.029768618006624926
32 57.5 13 22 0.032641964592724615
7 0.03499999921768904 14 15 0.02228898112350062
-1 0.0 0 0 0.006042811134207114
50 83.5 16 19 0.009210839599773054
68 114.5 17 18 -0.005328629395831037
-1 0.0 0 0 5.894909078532887e-05
-1 0.0 0 0 -0.01584541673321042
27 30.5 20 21 0.048814357302883
-1 0.0 0 0 -0.006743017823415022
-1 0.0 0 0 0.007888263244179416
-1 0.0 0 0 0.006666860735074064
-1 0.0 0 0 -0.00750636363456059
1 9.887001991271973 25 26 -0.18057329548997278
-1 0.0 0 0 0.010233571285219945
65 70.5 27 28 -0.29573979446112253
-1 0.0 0 0 -0.04835918286385445
-1 0.0 0 0 -0.004135683151253034
nodes 29
2 11.472582817077637 1 28 0.0
36 92.5 2 25 -0.001304892161569607
5 1.302006721496582 3 6 -0.0004186409378348936
30 112.5 4 5 -0.007291953841279288
-1 0.0 0 0 -0.0005705029448080434
-1 0.0 0 0 -0.00719760909966464
1 8.89754581451416 7 20 0.006190214603955286
4 1.2738968133926392 8 17 -0.0338696887360534
38 10.5 9 12 -0.018692113688502158
32 65.5 10 11 -0.03509394772841976
-1 0.0 0 0 -0.0017165890755278107
-1 0.0 0 0 -0.014601984087319372
135 6.5 13 14 0.0983651860911203
-1 0.0 0 0 -0.0003133680702125776
12 4.5 15 16 0.24201188740020585
-1 0.0 0 0 0.01564444009905931
-1 0.0 0 0 0.06372521817684174
26 20.5 18 19 -0.13218476285692304
-1 0.0 0 0 -0.018662172096655154
-1 0.0 0 0 0.012271845368816266
112 106.5 21 24 0.008873034538441146
134 82.5 22 23 0.009861262200643225
-1 0.0 0 0 0.0011378656553290138
-1 0.0 0 0 -0.005760536216457862
-1 0.0 0 0 -0.010984305398482266
47 78.5 26 27 -0.04907737355746032
-1 0.0 0 0 -0.0036390548380324304
-1 0.0 0 0 -0.029546887305025995
-1 0.0 0 0 0.0024293459464393005
end
