vecsearch-termination-model 1
kind gbdt
checkpoint 200
query_dim 128
bias 6.413396870724042
trees 200
nodes 29
1 10.472799301147461 1 12 0.0
6 1.0290124416351318 2 9 -0.5851443318218973
1 9.90817642211914 3 6 -0.3532640938125691
6 0.9998595118522644 4 5 -0.6189484369282824
-1 0.0 0 0 -0.0469055666555099
-1 0.0 0 0 -0.08171002849398083
6 0.9998595118522644 7 8 -0.22119977864471013
-1 0.0 0 0 -0.012318815926325097
-1 0.0 0 0 -0.04264604821997308
7 0.47749999165534973 10 11 -1.3234942487373405
-1 0.0 0 0 -0.11086516681547554
-1 0.0 0 0 -0.18157980635134563
1 10.872920989990234 13 22 0.4030241023239901
6 1.014758825302124 14 21 0.1898863971689682
4 0.7363055348396301 15 16 0.251279913959751
-1 0.0 0 0 -0.012334655329841453
50 52.5 17 18 0.29230245702579305
-1 0.0 0 0 0.020345354458393486
94 17.5 19 20 0.4387020006670957
-1 0.0 0 0 0.006401361700051501
-1 0.0 0 0 0.05059328440990732
-1 0.0 0 0 -0.0467366792281387
3 0.6558228135108948 23 24 0.6703046398212577
-1 0.0 0 0 0.035390317671728865
1 11.086150169372559 25 28 0.73795492949331
6 1.002241611480713 26 27 0.6250686753562781
-1 0.0 0 0 0.0674701798712715
-1 0.0 0 0 0.019790700732056035
-1 0.0 0 0 0.09101893637686696
nodes 29
1 10.502543449401855 1 14 0.0
6 1.0356087684631348 2 11 -0.5063641902387588
1 10.018957138061523 3 8 -0.3157322041564907
6 0.9998595118522644 4 7 -0.5360911289141885
2 10.942526817321777 5 6 -0.38865822512755477
-1 0.0 0 0 -0.04671372208912769
-1 0.0 0 0 -0.0016826900697204648
-1 0.0 0 0 -0.07177038851648204
6 0.9998595118522644 9 10 -0.1706841543037437
-1 0.0 0 0 -0.007680517104979828
-1 0.0 0 0 -0.03649786938650484
7 0.5274999737739563 12 13 -1.2423591365049622
-1 0.0 0 0 -0.10731598028915681
-1 0.0 0 0 -0.17711733547261344
1 10.895553588867188 15 22 0.37805676137086963
6 1.0079162120819092 16 21 0.19911145150417467
3 0.6413766741752625 17 18 0.25980129939227714
-1 0.0 0 0 0.007233307821960787
1 10.725071907043457 19 20 0.33617872297700246
-1 0.0 0 0 0.02332021837668862
-1 0.0 0 0 0.0436691033386708
-1 0.0 0 0 -0.03020214333108237
3 0.707918107509613 23 24 0.6205059336075731
-1 0.0 0 0 0.0419449855905496
6 1.0094709396362305 25 28 0.7092903218789717
1 11.122014045715332 26 27 0.742432862095102
-1 0.0 0 0 0.06512344062496417
-1 0.0 0 0 0.09036472797548868
-1 0.0 0 0 0.020795204580877538
nodes 29
1 10.41565227508545 1 12 0.0
6 1.0413601398468018 2 9 -0.5123281893295643
6 0.9998595118522644 3 6 -0.3413881144544487
4 0.7772111892700195 4 5 -0.2121923983441699
-1 0.0 0 0 -0.04225948801584525
-1 0.0 0 0 -0.012566576675748887
1 9.784309387207031 7 8 -0.5295250500242387
-1 0.0 0 0 -0.07244184202344355
-1 0.0 0 0 -0.041685054473945146
7 0.4124999940395355 10 11 -1.1748362101726189
-1 0.0 0 0 -0.09220172327785309
-1 0.0 0 0 -0.14666297928729854
1 10.838815689086914 13 22 0.30421759751119437
6 1.022120714187622 14 21 0.11182638049399711
50 52.5 15 18 0.15869952771828633
1 10.623228073120117 16 17 0.07460403437780591
-1 0.0 0 0 -0.005623057873726532
-1 0.0 0 0 0.01679475028474263
94 19.5 19 20 0.3001604210444132
-1 0.0 0 0 -0.003816915799421119
-1 0.0 0 0 0.03726850103164405
-1 0.0 0 0 -0.053168749161033174
1 11.099438667297363 23 28 0.5222687481192793
6 1.022120714187622 24 27 0.43875804301324417
3 0.602114737033844 25 26 0.462099461898295
-1 0.0 0 0 0.012542021063192459
-1 0.0 0 0 0.0501647532756511
-1 0.0 0 0 -0.02420269321777614
-1 0.0 0 0 0.07111477650655006
nodes 29
1 10.524735450744629 1 16 0.0
6 1.0187747478485107 2 11 -0.3987862485420084
1 10.164350509643555 3 8 -0.21133225988810192
2 10.820577621459961 4 7 -0.3641951552591757
1 9.636131286621094 5 6 -0.4305830146717388
-1 0.0 0 0 -0.06101988875136775
-1 0.0 0 0 -0.033991630875772054
-1 0.0 0 0 -0.0114110342981169
50 47.5 9 10 -0.06553298319816585
-1 0.0 0 0 -0.01697170218931419
-1 0.0 0 0 0.007182570403965838
6 1.0808510780334473 12 13 -0.9002854055143983
-1 0.0 0 0 -0.07086049050070697
7 0.5925000011920929 14 15 -1.270514761084064
-1 0.0 0 0 -0.11211170600236225
-1 0.0 0 0 -0.17208189187368947
1 10.904486656188965 17 24 0.3173524675682577
6 1.0028573274612427 18 21 0.1763770806447343
4 0.7881348133087158 19 20 0.23196705684458055
-1 0.0 0 0 -0.00038082275271189174
-1 0.0 0 0 0.02851862218137904
6 1.0434638261795044 22 23 -0.1950361282563399
-1 0.0 0 0 -0.009265003650299272
-1 0.0 0 0 -0.06679404982381677
3 0.7241653203964233 25 28 0.5100399621022134
6 0.9994038343429565 26 27 0.35001557747720613
-1 0.0 0 0 0.04019035144425798
-1 0.0 0 0 -0.009146262950021274
-1 0.0 0 0 0.05971292562201358
nodes 29
1 10.346216201782227 1 12 0.0
6 1.050862431526184 2 9 -0.4540492400476696
6 1.0049721002578735 3 8 -0.32084295492926507
4 0.7132238745689392 4 5 -0.2357048792751417
-1 0.0 0 0 -0.051904659353789885
2 11.02333927154541 6 7 -0.18253200242489315
-1 0.0 0 0 -0.02165038419976856
-1 0.0 0 0 0.014541757745102846
-1 0.0 0 0 -0.05517625494993372
7 0.39750000834465027 10 11 -1.0220384033779049
-1 0.0 0 0 -0.07757686622932558
-1 0.0 0 0 -0.12440929926635953
1 10.777517318725586 13 22 0.2270435841143497
6 1.0079162120819092 14 19 0.039096595210126886
4 0.7881348133087158 15 16 0.09863381765254514
-1 0.0 0 0 -0.009787033097944244
50 43.5 17 18 0.14909233301102712
-1 0.0 0 0 0.006788336963221832
-1 0.0 0 0 0.025787236055799984
6 1.063533902168274 20 21 -0.3348768081529721
-1 0.0 0 0 -0.025701066052905865
-1 0.0 0 0 -0.08633758697594147
1 11.07936954498291 23 28 0.39810677247717
6 1.0128213167190552 24 27 0.3259582386552358
4 0.7792374491691589 25 26 0.35330231406009566
-1 0.0 0 0 0.008679796858187238
-1 0.0 0 0 0.03945100795408853
-1 0.0 0 0 -0.012580217300988898
-1 0.0 0 0 0.05729373140150928
nodes 29
1 10.55716609954834 1 18 0.0
6 1.024679183959961 2 13 -0.3106300418281972
1 10.164350509643555 3 8 -0.17213149773712624
2 10.861591339111328 4 7 -0.31083669935929886
1 9.636131286621094 5 6 -0.36236889638647374
-1 0.0 0 0 -0.05149011295274152
-1 0.0 0 0 -0.028210086709613648
-1 0.0 0 0 -0.007809953314221407
94 47.5 9 10 -0.05216107173157768
-1 0.0 0 0 -0.013961158823455553
59 13.5 11 12 0.07735920914111306
-1 0.0 0 0 -0.022225469675448913
-1 0.0 0 0 0.015485120153535576
7 0.4325000047683716 14 15 -0.7592930207084078
-1 0.0 0 0 -0.05955106000859348
6 1.0931655168533325 16 17 -1.0525477105976577
-1 0.0 0 0 -0.08461107904243559
-1 0.0 0 0 -0.12496425626394968
1 10.984428405761719 19 26 0.27182480166656103
6 1.0028573274612427 20 25 0.18297285700938315
3 0.5882323384284973 21 22 0.22558884517381367
-1 0.0 0 0 -0.0008443383986119421
135 2.5 23 24 0.2655063354782896
-1 0.0 0 0 0.014866081790836178
-1 0.0 0 0 0.03289855798192986
-1 0.0 0 0 -0.01266222937570994
4 0.7922724485397339 27 28 0.46399500825832396
-1 0.0 0 0 0.019658445726840102
-1 0.0 0 0 0.050308727670873965
nodes 29
1 10.428570747375488 1 14 0.0
6 1.0540072917938232 2 11 -0.3341968556448948
6 0.9998595118522644 3 6 -0.2345057980476734
4 0.8096728324890137 4 5 -0.1265629601075372
-1 0.0 0 0 -0.026752778061138488
-1 0.0 0 0 -0.0042615439558000975
4 0.8113903403282166 7 8 -0.37719976447830267
-1 0.0 0 0 -0.060187963060135435
7 0.3375000059604645 9 10 -0.3096626328325081
-1 0.0 0 0 -0.022942883798479707
-1 0.0 0 0 -0.04796099910280889
7 0.6324999928474426 12 13 -0.8400452026774258
-1 0.0 0 0 -0.07600820576390245
-1 0.0 0 0 -0.13532651243289062
1 10.799473762512207 15 22 0.20517487156655784
6 1.0338811874389648 16 21 0.05846303267719527
35 0.5 17 18 0.08442288152249777
-1 0.0 0 0 -0.007069484463712703
127 36.5 19 20 0.13814069330540285
-1 0.0 0 0 0.00590682337935924
-1 0.0 0 0 0.024392695657395134
-1 0.0 0 0 -0.050585786997042775
3 0.6594746708869934 23 24 0.33444003125477456
-1 0.0 0 0 0.014033994514402365
6 0.9998595118522644 25 28 0.3830163368889173
1 11.122014045715332 26 27 0.4302900188036545
-1 0.0 0 0 0.037901950916639185
-1 0.0 0 0 0.0565227941731574
-1 0.0 0 0 0.01934710976488241
nodes 29
1 10.55716609954834 1 14 0.0
6 1.0166220664978027 2 9 -0.2532445144614565
1 9.873852729797363 3 4 -0.12748528793956568
-1 0.0 0 0 -0.03112664155978047
94 52.5 5 6 -0.06430950935795007
-1 0.0 0 0 -0.014176372196597226
50 29.5 7 8 0.05038050792899184
-1 0.0 0 0 -0.02552615732950005
-1 0.0 0 0 0.0105422990448745
6 1.110384225845337 10 13 -0.5850029879696744
7 0.3075000047683716 11 12 -0.48725609663040986
-1 0.0 0 0 -0.035426707619097435
-1 0.0 0 0 -0.06317470351028041
-1 0.0 0 0 -0.0951906816583216
1 11.00004768371582 15 26 0.22160812152567919
6 0.9998595118522644 16 23 0.15216593682743226
4 0.696708083152771 17 18 0.20958124535983108
-1 0.0 0 0 -0.015969750344143385
88 83.5 19 20 0.23075722014158626
-1 0.0 0 0 0.017536814187364864
60 38.5 21 22 0.34476172283737516
-1 0.0 0 0 0.013036526968134662
-1 0.0 0 0 0.04209964270161362
4 0.9133665561676025 24 25 -0.033400455366801286
-1 0.0 0 0 -0.02480146394127623
-1 0.0 0 0 0.006725545217728561
6 1.0233782529830933 27 28 0.3882664064579033
-1 0.0 0 0 0.04013271937864968
-1 0.0 0 0 -0.026515153351752765
nodes 29
1 10.324268341064453 1 12 0.0
7 0.29749999940395355 2 9 -0.3127409136225695
2 10.138045310974121 3 4 -0.18727522249521059
-1 0.0 0 0 -0.03860154776910336
50 56.5 5 8 -0.13568150777755889
2 11.02333927154541 6 7 -0.21511358808088088
-1 0.0 0 0 -0.025267311964498596
-1 0.0 0 0 0.009355012830174987
-1 0.0 0 0 -0.0016159484918084465
6 1.063533902168274 10 11 -0.5851665280493366
-1 0.0 0 0 -0.04380749780148627
-1 0.0 0 0 -0.08351741937320044
1 10.73843765258789 13 20 0.14827338864481845
6 0.9994038343429565 14 17 0.006822465713501804
4 0.6827468872070312 15 16 0.07836852823973632
-1 0.0 0 0 -0.025813347925996318
-1 0.0 0 0 0.010160549200283182
3 0.6594746708869934 18 19 -0.1529406715818256
-1 0.0 0 0 -0.03457348659531709
-1 0.0 0 0 -0.007127954340989443
3 0.6333690881729126 21 22 0.25651167094582367
-1 0.0 0 0 0.005509692538212892
103 2.5 23 24 0.2943896264708512
-1 0.0 0 0 0.015321002643072547
68 3.5 25 26 0.34684528821602073
-1 0.0 0 0 0.019483908009339846
1 11.07936954498291 27 28 0.39879824009876214
-1 0.0 0 0 0.03457757675461905
-1 0.0 0 0 0.05214634983512894
nodes 29
1 10.258501052856445 1 10 0.0
6 1.0413601398468018 2 7 -0.3034556193422076
7 0.2824999988079071 3 6 -0.2084354710496454
2 10.935799598693848 4 5 -0.15634040850607372
-1 0.0 0 0 -0.01903964454562687
-1 0.0 0 0 0.00911709873121201
-1 0.0 0 0 -0.03737777951885703
7 0.6424999833106995 8 9 -0.6000122548641785
-1 0.0 0 0 -0.0541863008967595
-1 0.0 0 0 -0.1080190507948704
1 10.725071907043457 11 22 0.12407059487068943
6 1.0166220664978027 12 21 -0.006361815481601271
50 52.5 13 18 0.02869312387668416
90 47.5 14 15 -0.03606714135611486
-1 0.0 0 0 -0.013892123964290277
54 44.5 16 17 0.053476127713020086
-1 0.0 0 0 -0.010373433799564779
-1 0.0 0 0 0.015078192576060821
102 12.5 19 20 0.12836681801877312
-1 0.0 0 0 -0.008949588573211275
-1 0.0 0 0 0.01943167853884986
-1 0.0 0 0 -0.028192738156010172
6 1.0166220664978027 23 28 0.22738735341108865
3 0.707918107509613 24 25 0.24589947378842772
-1 0.0 0 0 0.013514147111526901
1 11.122014045715332 26 27 0.3067689392633521
-1 0.0 0 0 0.026496222421749607
-1 0.0 0 0 0.044037300262056406
-1 0.0 0 0 -0.017828095460005956
nodes 29
1 10.598258018493652 1 18 0.0
6 1.0166220664978027 2 13 -0.1755975635783436
4 0.7169560790061951 3 4 -0.08384734850419531
-1 0.0 0 0 -0.03168980858730463
119 8.5 5 10 -0.048173569024620895
90 37.5 6 7 -0.13802555916492468
-1 0.0 0 0 -0.02488338128945317
2 10.46774959564209 8 9 -0.06665947680689473
-1 0.0 0 0 -0.027387634925890622
-1 0.0 0 0 -0.0008436656781400046
60 37.5 11 12 0.023768083063374888
-1 0.0 0 0 -0.009267508563896807
-1 0.0 0 0 0.009969451216098553
7 0.3725000023841858 14 15 -0.43176372838216
-1 0.0 0 0 -0.030233141667189718
7 0.7124999761581421 16 17 -0.6028620825508358
-1 0.0 0 0 -0.056468845107769575
-1 0.0 0 0 -0.11434462846659904
6 1.022120714187622 19 28 0.17423389570833453
3 0.6684996485710144 20 23 0.19119690498901493
4 0.6875665783882141 21 22 0.061727547051067935
-1 0.0 0 0 -0.019129087536928307
-1 0.0 0 0 0.009960321614347943
86 0.5 24 25 0.2390771123872939
-1 0.0 0 0 0.004117237736648174
67 3.5 26 27 0.26624622814398946
-1 0.0 0 0 0.015238341013264534
-1 0.0 0 0 0.031972679287922315
-1 0.0 0 0 -0.024741804926857795
nodes 29
1 10.212919235229492 1 10 0.0
7 0.32750000059604645 2 7 -0.263571260666805
2 10.775993347167969 3 6 -0.16982990830547381
1 9.682217597961426 4 5 -0.21213035112751064
-1 0.0 0 0 -0.03190078661690181
-1 0.0 0 0 -0.015052404480166166
-1 0.0 0 0 0.0013852139961251673
6 1.0715585947036743 8 9 -0.483800117427462
-1 0.0 0 0 -0.03727927602127626
-1 0.0 0 0 -0.0662971992369674
1 10.803709983825684 11 24 0.09777877230358917
6 0.9998595118522644 12 19 0.010521128699876127
4 0.8132991194725037 13 14 0.0681649431733669
-1 0.0 0 0 -0.004779252304038522
86 0.5 15 16 0.11498967238730108
-1 0.0 0 0 -0.005557504470647288
92 1.5 17 18 0.1454935195600616
-1 0.0 0 0 0.0002476232626515209
-1 0.0 0 0 0.018599892404581687
4 0.9133665561676025 20 21 -0.11834306106519939
-1 0.0 0 0 -0.02672542584065847
6 1.0540072917938232 22 23 -0.03397045533186942
-1 0.0 0 0 0.00010484421340843327
-1 0.0 0 0 -0.03954075885129079
69 1.5 25 26 0.20606185050977774
-1 0.0 0 0 0.0036597654250862667
35 3.5 27 28 0.24412294801439893
-1 0.0 0 0 0.014842743206526995
-1 0.0 0 0 0.030311271302747286
nodes 29
1 10.203110694885254 1 10 0.0
7 0.3725000023841858 2 7 -0.2396156621091692
2 10.775993347167969 3 6 -0.16557955187789974
1 9.421977996826172 4 5 -0.20438118693612475
-1 0.0 0 0 -0.0344577036726554
-1 0.0 0 0 -0.01595361655598157
-1 0.0 0 0 0.0002610524244240952
6 1.110384225845337 8 9 -0.4670113871741956
-1 0.0 0 0 -0.03877853479725129
-1 0.0 0 0 -0.0664136674511716
1 10.693421363830566 11 16 0.08713561478431231
6 1.0008928775787354 12 15 -0.017037109392751878
4 0.6827468872070312 13 14 0.023955673689958386
-1 0.0 0 0 -0.023604470890920094
-1 0.0 0 0 0.004214583376476578
-1 0.0 0 0 -0.017180333867257407
102 7.5 17 24 0.1633386460103726
64 48.5 18 19 0.06762172175888732
-1 0.0 0 0 -0.007515127697918947
54 25.5 20 21 0.1616978316732424
-1 0.0 0 0 -0.0038841185351263623
83 22.5 22 23 0.23039564438396573
-1 0.0 0 0 0.002055915663480884
-1 0.0 0 0 0.03049137784124352
68 13.5 25 26 0.22322310165420328
-1 0.0 0 0 0.011872215258143283
88 60.5 27 28 0.29691767676208936
-1 0.0 0 0 0.019547002326622057
-1 0.0 0 0 0.03612423771264145
nodes 29
6 1.0049721002578735 1 22 0.0
1 10.679618835449219 2 11 0.06779814698374265
4 0.7658514380455017 3 6 -0.03266607217264596
4 0.6176910996437073 4 5 -0.18305494112456688
-1 0.0 0 0 -0.040089097347562386
-1 0.0 0 0 -0.013663260219150188
103 1.5 7 8 0.008325214885436258
-1 0.0 0 0 -0.010547721809238748
52 0.5 9 10 0.0523235441104277
-1 0.0 0 0 -0.010269058422342908
-1 0.0 0 0 0.008903283825009524
135 1.5 12 15 0.16609710426750174
63 3.5 13 14 0.06513808410742106
-1 0.0 0 0 -0.009287930654146416
-1 0.0 0 0 0.011203038820549037
92 1.5 16 17 0.21226836594172124
-1 0.0 0 0 0.0050174648508455495
62 2.5 18 19 0.24372985996121485
-1 0.0 0 0 0.00950138304499095
3 0.7737721800804138 20 21 0.2819157940534984
-1 0.0 0 0 0.021740931640312607
-1 0.0 0 0 0.035976393795292924
6 1.0675913095474243 23 26 -0.2523754194181832
3 0.6982521414756775 24 25 -0.172457730433399
-1 0.0 0 0 -0.030236555359782293
-1 0.0 0 0 -0.005717367723119918
7 0.637499988079071 27 28 -0.4807302036871426
-1 0.0 0 0 -0.04294886063206266
-1 0.0 0 0 -0.07950021134401017
nodes 29
1 10.145099639892578 1 8 0.0
7 0.29749999940395355 2 5 -0.21180500383607065
2 10.647993087768555 3 4 -0.12833591469478797
-1 0.0 0 0 -0.01719162519126102
-1 0.0 0 0 -0.00029823177967254727
7 0.5824999809265137 6 7 -0.3624633315062157
-1 0.0 0 0 -0.031169673532734046
-1 0.0 0 0 -0.057616555598342216
1 10.93160629272461 9 26 0.0680417769529046
35 0.5 10 15 0.019512191171686552
90 44.5 11 12 -0.1014136052705639
-1 0.0 0 0 -0.01975830075738523
54 32.5 13 14 -0.004755883183307405
-1 0.0 0 0 -0.018136851324298833
-1 0.0 0 0 0.007466661563451923
62 0.5 16 17 0.06339000849240511
-1 0.0 0 0 -0.009761828730698613
92 0.5 18 19 0.10031725259112559
-1 0.0 0 0 -0.004447085688031846
88 86.5 20 23 0.12860066985929017
64 64.5 21 22 0.07706579675962852
-1 0.0 0 0 -0.00096801564939732
-1 0.0 0 0 0.016514243005899442
51 20.5 24 25 0.2048519943735318
-1 0.0 0 0 0.0018324919589217945
-1 0.0 0 0 0.02465571789404529
69 6.5 27 28 0.19296851373699636
-1 0.0 0 0 0.008609390267744576
-1 0.0 0 0 0.023903737551164983
nodes 29
6 1.0028573274612427 1 24 0.0
1 10.628254890441895 2 11 0.05901953472227331
4 0.8224447965621948 3 4 -0.03284148851371766
-1 0.0 0 0 -0.012794714519536047
2 11.089683532714844 5 10 0.01937459413406732
126 23.5 6 7 0.004252934504061422
-1 0.0 0 0 -0.005470020579338288
51 17.5 8 9 0.07654991791566963
-1 0.0 0 0 -0.008722324818345527
-1 0.0 0 0 0.013828833493272125
-1 0.0 0 0 0.031155763737116305
4 0.7792374491691589 12 13 0.13246662201146994
-1 0.0 0 0 -0.0027529328650365567
1 11.122014045715332 14 23 0.158095296886149
50 67.5 15 20 0.13047197856936008
46 12.5 16 17 0.09349890421487601
-1 0.0 0 0 -0.0010214968000769255
123 10.5 18 19 0.15476232861003936
-1 0.0 0 0 -0.002296229815077666
-1 0.0 0 0 0.021574684516465988
95 24.5 21 22 0.21950214978882002
-1 0.0 0 0 0.0008940655938854278
-1 0.0 0 0 0.02819145970884154
-1 0.0 0 0 0.02854493758396109
6 1.0675913095474243 25 28 -0.2050186310815408
3 0.6982521414756775 26 27 -0.14041760935547895
-1 0.0 0 0 -0.025356114739489635
-1 0.0 0 0 -0.004138548360311798
-1 0.0 0 0 -0.04034613314171672
nodes 29
1 10.092040061950684 1 6 0.0
7 0.23250000178813934 2 3 -0.18667698135516506
-1 0.0 0 0 -0.009503699856879464
7 0.5224999785423279 4 5 -0.2916799036883186
-1 0.0 0 0 -0.02406026002134951
-1 0.0 0 0 -0.04457451921858005
6 0.9998595118522644 7 22 0.05374634755986913
1 10.93160629272461 8 19 0.09488727670567919
135 1.5 9 12 0.054063497316091745
90 58.5 10 11 -0.03094898770446966
-1 0.0 0 0 -0.010238916076749899
-1 0.0 0 0 0.005165678083434433
68 13.5 13 18 0.09209849733629077
84 27.5 14 15 0.015115301712202175
-1 0.0 0 0 -0.005736735233004758
64 42.5 16 17 0.10885002254962746
-1 0.0 0 0 -0.02015204628604597
-1 0.0 0 0 0.015532391891761156
-1 0.0 0 0 0.014519236647360363
102 1.5 20 21 0.18666651065829973
-1 0.0 0 0 0.005963729323865596
-1 0.0 0 0 0.021961838368196412
3 0.7321544885635376 23 26 -0.06111930563477736
4 0.6924047470092773 24 25 -0.17669433963621706
-1 0.0 0 0 -0.045888216561951405
-1 0.0 0 0 -0.01491715805692063
6 1.0393445491790771 27 28 0.023800753788624313
-1 0.0 0 0 0.005469413501827166
-1 0.0 0 0 -0.019447485605615954
nodes 29
6 1.0094709396362305 1 24 0.0
1 10.679618835449219 2 13 0.043790992141359085
4 0.6593955159187317 3 4 -0.025518291782202232
-1 0.0 0 0 -0.026990231682894113
119 8.5 5 10 -0.008759710173243417
46 9.5 6 7 -0.07453813560797222
-1 0.0 0 0 -0.018258088728271407
115 10.5 8 9 -0.014251236402409764
-1 0.0 0 0 -0.017853471981464846
-1 0.0 0 0 0.003278942743405731
60 39.5 11 12 0.043856774168739
-1 0.0 0 0 -0.004266636664298933
-1 0.0 0 0 0.010147032581390446
3 0.5524342060089111 14 15 0.1129388089505888
-1 0.0 0 0 -0.012858674183720848
103 1.5 16 19 0.12688670995277157
64 44.5 17 18 0.025123401669187487
-1 0.0 0 0 -0.008946601521298534
-1 0.0 0 0 0.010153239519524139
68 13.5 20 23 0.15728543314260424
84 32.5 21 22 0.08458664641321624
-1 0.0 0 0 0.000945272658995559
-1 0.0 0 0 0.01724190610159358
-1 0.0 0 0 0.02146735409448167
6 1.0675913095474243 25 28 -0.18885237824680806
3 0.6982521414756775 26 27 -0.1283877250271792
-1 0.0 0 0 -0.021673669425589112
-1 0.0 0 0 -0.004654942802803286
-1 0.0 0 0 -0.03357143844033097
nodes 29
1 9.90817642211914 1 4 0.0
7 0.21249999850988388 2 3 -0.18722438170161082
-1 0.0 0 0 -0.009475370868010662
-1 0.0 0 0 -0.02657894355575309
35 1.5 5 18 0.037975596673969624
31 5.5 6 11 -0.04915203576540114
27 12.5 7 8 -0.16554947437732118
-1 0.0 0 0 -0.022889074232238543
94 24.5 9 10 -0.03436183126963492
-1 0.0 0 0 -0.02958416074521665
-1 0.0 0 0 0.006361653919688745
115 17.5 12 15 -0.0005818181952052421
119 21.5 13 14 -0.11427259484368471
-1 0.0 0 0 -0.017638227169146307
-1 0.0 0 0 0.003943623143650823
46 9.5 16 17 0.06647168402129906
-1 0.0 0 0 -0.008904189931647514
-1 0.0 0 0 0.010588806503795357
62 2.5 19 22 0.08052230136353336
126 3.5 20 21 -0.03653188453310837
-1 0.0 0 0 -0.01197259829923035
-1 0.0 0 0 0.0027167411179646926
75 2.5 23 26 0.12250085719530386
50 28.5 24 25 0.048618750301891944
-1 0.0 0 0 -0.00922107608690434
-1 0.0 0 0 0.01084299845624075
4 0.7858985066413879 27 28 0.17134888836053364
-1 0.0 0 0 0.0025396123116282632
-1 0.0 0 0 0.01950179357939832
nodes 29
6 0.9998595118522644 1 18 0.0
4 0.8132991194725037 2 7 0.05656298966070309
4 0.6054747104644775 3 4 -0.039333968605144654
-1 0.0 0 0 -0.030746397879779126
8 46.5 5 6 -0.01825384172287902
-1 0.0 0 0 -0.008548183980568915
-1 0.0 0 0 0.0039556458899834565
2 11.089683532714844 8 13 0.09316129161244785
86 1.5 9 10 0.04623950987502847
-1 0.0 0 0 -0.005658152502457081
92 1.5 11 12 0.07155028014227909
-1 0.0 0 0 -0.0028456434676819194
-1 0.0 0 0 0.010093689702525013
121 116.5 14 17 0.16735581089918058
48 4.5 15 16 0.17985416681762872
-1 0.0 0 0 0.004734332465546185
-1 0.0 0 0 0.020398999990198716
-1 0.0 0 0 -0.012818480735666493
3 0.6594746708869934 19 24 -0.10922807627647474
4 0.6924047470092773 20 21 -0.2103185327466281
-1 0.0 0 0 -0.03633777845388313
7 0.6025000214576721 22 23 -0.17947855101648505
-1 0.0 0 0 -0.015947329662709262
-1 0.0 0 0 -0.04329790953167864
6 1.0374623537063599 25 28 -0.03410913516780666
35 2.5 26 27 0.0056603217608084755
-1 0.0 0 0 -0.006949158863270667
-1 0.0 0 0 0.0055082838940358845
-1 0.0 0 0 -0.017782837240130297
nodes 29
6 0.9998595118522644 1 22 0.0
4 0.7237707376480103 2 3 0.050906690840262836
-1 0.0 0 0 -0.010887951219243958
2 10.942526817321777 4 11 0.06958084540974131
119 8.5 5 8 0.008317720319153857
64 68.5 6 7 -0.050671133667340405
-1 0.0 0 0 -0.015078050754252188
-1 0.0 0 0 0.00025659439094134415
60 56.5 9 10 0.05063101481919077
-1 0.0 0 0 -0.0022150581024502594
-1 0.0 0 0 0.010528155692421947
25 116.5 12 21 0.11644893267662403
70 2.5 13 14 0.12891161849495236
-1 0.0 0 0 0.004393251196608601
17 113.5 15 20 0.1622900184120657
75 2.5 16 19 0.17621257818685343
60 20.5 17 18 0.09242995790161224
-1 0.0 0 0 -0.0024719524985105878
-1 0.0 0 0 0.01752949427596387
-1 0.0 0 0 0.021570280104081165
-1 0.0 0 0 -0.008337825754086167
-1 0.0 0 0 -0.010511859179065285
3 0.6558228135108948 23 26 -0.0983052685669389
7 0.3075000047683716 24 25 -0.19053542860764155
-1 0.0 0 0 -0.013078236695102144
-1 0.0 0 0 -0.026093194113841752
6 1.0374623537063599 27 28 -0.03153455672251328
-1 0.0 0 0 0.00040496983112792823
-1 0.0 0 0 -0.01600979205089336
nodes 29
1 9.90817642211914 1 6 0.0
2 10.616951942443848 2 5 -0.14503958262588426
7 0.7024999856948853 3 4 -0.1864985440016502
-1 0.0 0 0 -0.017537368996649778
-1 0.0 0 0 -0.05773708270952537
-1 0.0 0 0 -0.002566581681987409
135 1.5 7 14 0.029419056601957875
14 2.5 8 9 -0.04532128627653137
-1 0.0 0 0 -0.014026044970923782
122 18.5 10 11 0.008658650404980168
-1 0.0 0 0 -0.010577608595001866
76 26.5 12 13 0.05145821927966856
-1 0.0 0 0 -0.002037126238394101
-1 0.0 0 0 0.011477134882081345
92 1.5 15 18 0.06644037988634095
60 9.5 16 17 -0.045421971376323804
-1 0.0 0 0 -0.010386088035089558
-1 0.0 0 0 0.005569159454211819
56 5.5 19 20 0.09877491379209599
-1 0.0 0 0 -0.004248468318658056
17 115.5 21 28 0.12045149220497922
86 4.5 22 23 0.1325857643179621
-1 0.0 0 0 0.004745209357168267
9 80.5 24 27 0.16398962330475128
107 0.5 25 26 0.18166429808142145
-1 0.0 0 0 0.010839950495132153
-1 0.0 0 0 0.021150596166207066
-1 0.0 0 0 0.001361072232967252
-1 0.0 0 0 -0.011283354406835547
nodes 29
1 10.331822395324707 1 6 0.0
1 9.207636833190918 2 3 -0.08627205657725574
-1 0.0 0 0 -0.021972560369504526
102 22.5 4 5 -0.05683492152855599
-1 0.0 0 0 -0.010569306591321583
-1 0.0 0 0 0.001377564902960706
35 5.5 7 18 0.04163737897885792
31 11.5 8 13 -0.010321593157140603
95 37.5 9 10 -0.09099036159885206
-1 0.0 0 0 -0.01744550573776244
59 13.5 11 12 -0.0033319925513113566
-1 0.0 0 0 -0.015204015549577878
-1 0.0 0 0 0.009798366344684058
115 17.5 14 17 0.04208667731628534
119 22.5 15 16 -0.06795272837933948
-1 0.0 0 0 -0.013194713571452826
-1 0.0 0 0 0.009915661448150249
-1 0.0 0 0 0.010004179428584836
69 5.5 19 22 0.08844595612425776
64 44.5 20 21 -0.003691898897004161
-1 0.0 0 0 -0.008823284057036928
-1 0.0 0 0 0.008092044559872022
127 23.5 23 26 0.12745316311981145
54 26.5 24 25 0.059798274195486695
-1 0.0 0 0 -0.0019090852467009958
-1 0.0 0 0 0.01644434399281592
59 25.5 27 28 0.17441524201210498
-1 0.0 0 0 0.004283524996177147
-1 0.0 0 0 0.02078347616330895
nodes 29
6 0.9998595118522644 1 16 0.0
4 0.847743809223175 2 7 0.0403522956947004
4 0.6054747104644775 3 4 -0.021481715482557194
-1 0.0 0 0 -0.025412655405362597
8 42.5 5 6 -0.00808585381469107
-1 0.0 0 0 -0.009215400652476774
-1 0.0 0 0 0.0024949210571011495
2 11.09317398071289 8 15 0.07663499404508961
113 86.5 9 14 0.03869593082146635
11 1.5 10 11 0.054380124976321574
-1 0.0 0 0 0.0002608893411794627
33 105.5 12 13 0.0931234280716858
-1 0.0 0 0 0.010687000585977914
-1 0.0 0 0 -0.024380428314509147
-1 0.0 0 0 -0.007858144101594853
-1 0.0 0 0 0.013709361253683267
4 0.7943466305732727 17 18 -0.07792380922853424
-1 0.0 0 0 -0.022022537637021635
6 1.0540072917938232 19 26 -0.04736088391468445
67 3.5 20 21 -0.017623695055054584
-1 0.0 0 0 -0.008437417378738548
102 16.5 22 25 0.031301563258349714
46 20.5 23 24 -0.039609413402718396
-1 0.0 0 0 -0.010038129191301537
-1 0.0 0 0 0.008957507979950995
-1 0.0 0 0 0.01151883497218106
7 0.7325000166893005 27 28 -0.179725444184602
-1 0.0 0 0 -0.01590120865222797
-1 0.0 0 0 -0.06381120492517948
nodes 29
5 1.2345428466796875 1 14 0.0
1 11.227972984313965 2 13 0.0676310817867519
88 69.5 3 8 0.05277101991376252
64 64.5 4 5 0.013334739615571238
-1 0.0 0 0 -0.007782234926873861
84 29.5 6 7 0.07619766937798685
-1 0.0 0 0 -0.005029028954298044
-1 0.0 0 0 0.012783306070341907
59 16.5 9 10 0.11209416375080211
-1 0.0 0 0 -0.005481239289907896
94 31.5 11 12 0.14785041698125853
-1 0.0 0 0 -0.0016690777242430066
-1 0.0 0 0 0.018570130026786653
-1 0.0 0 0 0.023545530132257093
7 0.2574999928474426 15 24 -0.040157042697435974
4 0.7008199095726013 16 17 -0.006781345904186662
-1 0.0 0 0 -0.014340244983129644
69 6.5 18 21 0.008285498295226488
64 52.5 19 20 -0.04558384076121187
-1 0.0 0 0 -0.011050197809163687
-1 0.0 0 0 0.0010527058213961294
58 9.5 22 23 0.04257410324069323
-1 0.0 0 0 -0.0034159526816977177
-1 0.0 0 0 0.007828047254151116
6 1.024679183959961 25 28 -0.13489244696307381
4 0.8891708850860596 26 27 -0.0782613855506268
-1 0.0 0 0 -0.018653380887756785
-1 0.0 0 0 0.0002774301424896881
-1 0.0 0 0 -0.020539110233718003
nodes 29
103 1.5 1 10 0.0
64 60.5 2 5 -0.07648386783271142
50 74.5 3 4 -0.1394361421019663
-1 0.0 0 0 -0.018336607615881448
-1 0.0 0 0 -0.006169538390415428
2 10.733457565307617 6 7 -0.016348845487751194
-1 0.0 0 0 -0.01008173335688522
22 6.5 8 9 0.051250329004655974
-1 0.0 0 0 -0.012141824322776287
-1 0.0 0 0 0.00902444862210491
92 2.5 11 14 0.03258721505530251
60 21.5 12 13 -0.05541885365448903
-1 0.0 0 0 -0.008994848913319763
-1 0.0 0 0 0.00411935850618323
47 0.5 15 20 0.06946086729175728
50 38.5 16 17 -0.011830699543854507
-1 0.0 0 0 -0.015681368157168248
88 42.5 18 19 0.04079890558798345
-1 0.0 0 0 -0.01495578068511199
-1 0.0 0 0 0.007002128563963384
18 15.5 21 26 0.10089120151752023
90 48.5 22 23 0.04711799535161603
-1 0.0 0 0 -0.004353040013731535
23 10.5 24 25 0.10977428040076952
-1 0.0 0 0 -0.00864366367833029
-1 0.0 0 0 0.013699022847850906
130 1.5 27 28 0.14863954966766824
-1 0.0 0 0 0.008357026579903191
-1 0.0 0 0 0.019066477854806252
nodes 29
2 10.995511054992676 1 8 0.0
7 0.32750000059604645 2 7 -0.03847049955044516
135 3.5 3 4 -0.01609471143348333
-1 0.0 0 0 -0.0062323849237566325
68 3.5 5 6 0.017386760242126743
-1 0.0 0 0 -0.0049478782635077765
-1 0.0 0 0 0.00436025887870351
-1 0.0 0 0 -0.013666838464825817
121 116.5 9 28 0.05771164088180283
41 122.5 10 27 0.06946762936609069
25 114.5 11 26 0.08109667845877518
17 113.5 12 25 0.09611209914980712
97 121.5 13 24 0.10856887994806703
63 0.5 14 15 0.12201481040430047
-1 0.0 0 0 0.0008602660985396265
113 117.5 16 23 0.1403524844389762
50 67.5 17 22 0.14979607777984508
83 27.5 18 19 0.12505773969426157
-1 0.0 0 0 0.005947442972113977
64 29.5 20 21 0.17718446132849908
-1 0.0 0 0 -0.0018520239324026832
-1 0.0 0 0 0.02061804239851195
-1 0.0 0 0 0.023021007047076436
-1 0.0 0 0 -0.009141211988183295
-1 0.0 0 0 -0.007963863156742017
-1 0.0 0 0 -0.011439266683983512
-1 0.0 0 0 -0.010664290581537478
-1 0.0 0 0 -0.015492534109435406
-1 0.0 0 0 -0.017109807686537953
nodes 29
5 1.1506091356277466 1 2 0.0
-1 0.0 0 0 0.011437995908624923
67 0.5 3 8 -0.01641407761983044
90 38.5 4 5 -0.0876954273252608
-1 0.0 0 0 -0.01365792008109083
54 46.5 6 7 -0.031372706752114635
-1 0.0 0 0 -0.012269736298084942
-1 0.0 0 0 0.002309329364002279
86 1.5 9 12 0.008641995286023444
121 104.5 10 11 -0.07828325024720632
-1 0.0 0 0 -0.006636550969389601
-1 0.0 0 0 -0.02720119784785316
107 2.5 13 24 0.038694951248892606
50 33.5 14 17 -0.010293453155238176
64 67.5 15 16 -0.09688065918558886
-1 0.0 0 0 -0.016931540887302945
-1 0.0 0 0 0.0013441392256477586
48 6.5 18 19 0.033593652383672436
-1 0.0 0 0 -0.009588915870856602
61 11.5 20 21 0.06718788615282063
-1 0.0 0 0 -0.007022138185010906
95 24.5 22 23 0.1065938345124935
-1 0.0 0 0 -0.005328686090041444
-1 0.0 0 0 0.013742028001110032
25 111.5 25 28 0.08231623265879756
2 10.775993347167969 26 27 0.09469033610124657
-1 0.0 0 0 0.0022008157109850096
-1 0.0 0 0 0.012247141581966783
-1 0.0 0 0 -0.00865716268976038
nodes 29
102 8.5 1 14 0.0
122 18.5 2 3 -0.04638412257034053
-1 0.0 0 0 -0.01251129175953176
22 23.5 4 7 0.004568055866231085
83 72.5 5 6 -0.07920715218910798
-1 0.0 0 0 -0.015231475151626081
-1 0.0 0 0 -0.003275348737342796
2 10.476019859313965 8 9 0.06616889637869962
-1 0.0 0 0 -0.007646230971695928
97 21.5 10 11 0.0921538460343214
-1 0.0 0 0 -0.020979594376123976
98 15.5 12 13 0.1084189471213305
-1 0.0 0 0 -0.00026526968699238485
-1 0.0 0 0 0.013855190827272488
52 1.5 15 16 0.036598614297290485
-1 0.0 0 0 -0.005393799066823491
18 16.5 17 20 0.06516376629776306
90 64.5 18 19 -0.000668166300393665
-1 0.0 0 0 -0.005846427713613235
-1 0.0 0 0 0.010678317800158417
2 10.073399543762207 21 22 0.09550836967847885
-1 0.0 0 0 -0.01364674635873285
61 119.5 23 28 0.1050722856113674
101 10.5 24 25 0.11726790487889883
-1 0.0 0 0 0.0021687245680171116
95 43.5 26 27 0.13985230086548345
-1 0.0 0 0 0.006882915851092898
-1 0.0 0 0 0.01779790652689943
-1 0.0 0 0 -0.007993785348969442
nodes 29
2 11.0372896194458 1 20 0.0
1 9.326967239379883 2 3 -0.02950482033915137
-1 0.0 0 0 -0.014973721925327069
50 57.5 4 13 -0.015705050383774986
64 71.5 5 8 -0.04612651140684428
102 41.5 6 7 -0.11015950506029924
-1 0.0 0 0 -0.015580633267034705
-1 0.0 0 0 -0.003404039819901695
65 46.5 9 10 0.01431066873417402
-1 0.0 0 0 -0.01727990416133417
84 27.5 11 12 0.04273663009170545
-1 0.0 0 0 -0.003816300475868309
-1 0.0 0 0 0.00858984529862676
65 90.5 14 19 0.034991677842175904
61 11.5 15 16 0.04869362409692318
-1 0.0 0 0 -0.0037428058682828624
127 18.5 17 18 0.09170605143448153
-1 0.0 0 0 -0.005684040779855038
-1 0.0 0 0 0.01213066123661143
-1 0.0 0 0 -0.025738436618340868
46 4.5 21 24 0.05409977488188778
88 51.5 22 23 -0.01639518587081247
-1 0.0 0 0 -0.01292778182472834
-1 0.0 0 0 0.007261937469731406
76 13.5 25 28 0.08798189096535466
50 44.5 26 27 0.025088586679915998
-1 0.0 0 0 -0.003627569770322754
-1 0.0 0 0 0.012911697848971466
-1 0.0 0 0 0.0138682949496413
nodes 29
4 0.6721887588500977 1 2 0.0
-1 0.0 0 0 -0.0155504594038931
62 2.5 3 6 0.00903435920980678
35 7.5 4 5 -0.05263175425377172
-1 0.0 0 0 -0.009718208972940965
-1 0.0 0 0 -0.0015875094487819864
67 3.5 7 20 0.03011172407221962
90 38.5 8 13 -0.02354398407627618
127 62.5 9 12 -0.06831423007615525
46 62.5 10 11 -0.11226156829411763
-1 0.0 0 0 -0.015383291380544943
-1 0.0 0 0 -0.003323185409594392
-1 0.0 0 0 0.0009207933796423139
84 16.5 14 15 0.03656975367237363
-1 0.0 0 0 -0.00887202061596507
55 11.5 16 17 0.07424731971794159
-1 0.0 0 0 -0.011554566792136999
2 10.476019859313965 18 19 0.09619684046873488
-1 0.0 0 0 -0.006973245957635401
-1 0.0 0 0 0.012276656388374232
33 1.5 21 24 0.06789729148294588
18 13.5 22 23 -0.016073357199640714
-1 0.0 0 0 -0.014320724511692582
-1 0.0 0 0 0.002635285130555831
2 11.271401405334473 25 28 0.09626996767190653
74 8.5 26 27 0.07525872524943872
-1 0.0 0 0 0.0028172412230411097
-1 0.0 0 0 0.01054887053116724
-1 0.0 0 0 0.02030632934669803
nodes 29
5 1.144494891166687 1 2 0.0
-1 0.0 0 0 0.010091538685067908
107 1.5 3 14 -0.01244902549852338
88 72.5 4 7 -0.05634275145810416
15 0.5 5 6 -0.10956640481193378
-1 0.0 0 0 -0.01861349504139174
-1 0.0 0 0 -0.007752229982431947
60 29.5 8 9 -0.004062815885381546
-1 0.0 0 0 -0.009099941193565228
97 83.5 10 13 0.042224910118400114
2 10.516915321350098 11 12 0.05782991039458625
-1 0.0 0 0 -0.0038582944132324716
-1 0.0 0 0 0.00983881342172458
-1 0.0 0 0 -0.019530143689748203
2 10.630142211914062 15 16 0.01564234669109199
-1 0.0 0 0 -0.005464689008563439
25 111.5 17 26 0.03871896346938765
77 4.5 18 21 0.05357457080900278
88 59.5 19 20 -0.009359014880283732
-1 0.0 0 0 -0.008678417388116165
-1 0.0 0 0 0.007173521295810302
85 116.5 22 25 0.08208069150957499
4 0.9148697853088379 23 24 0.09351230722249519
-1 0.0 0 0 0.005120127733505295
-1 0.0 0 0 0.013634719955887496
-1 0.0 0 0 -0.008344878822302018
98 18.5 27 28 -0.07862700302020384
-1 0.0 0 0 -0.019249808421156672
-1 0.0 0 0 0.001030557356467048
nodes 29
103 1.5 1 12 0.0
64 45.5 2 5 -0.05187267905780211
50 74.5 3 4 -0.10932855968004054
-1 0.0 0 0 -0.016464241176270284
-1 0.0 0 0 -0.0034454208780704946
84 63.5 6 9 -0.011349317828145035
78 8.5 7 8 -0.06769071089025942
-1 0.0 0 0 -0.014777217167724514
-1 0.0 0 0 -0.0013723565583856128
2 10.476019859313965 10 11 0.03774664983542717
-1 0.0 0 0 -0.00909415657093277
-1 0.0 0 0 0.00651555684709334
92 3.5 13 16 0.022101211776820073
36 4.5 14 15 -0.03404453076213221
-1 0.0 0 0 -0.007366966237598901
-1 0.0 0 0 0.0005824823542719078
129 3.5 17 22 0.04986356897054079
50 38.5 18 21 -0.009079492486323336
90 64.5 19 20 -0.0936065808684852
-1 0.0 0 0 -0.017376607655448698
-1 0.0 0 0 0.0005204258148950522
-1 0.0 0 0 0.0033690765815483554
48 6.5 23 24 0.07981194433991112
-1 0.0 0 0 -0.00022008273342721303
58 6.5 25 26 0.10695676900142673
-1 0.0 0 0 0.0022992456708799537
86 6.5 27 28 0.12777436709050785
-1 0.0 0 0 0.0058167904441717285
-1 0.0 0 0 0.015514529802107518
nodes 29
2 11.16913890838623 1 22 0.0
7 0.3725000023841858 2 19 -0.016743266835463733
107 4.5 3 16 -0.004703390372374878
88 75.5 4 9 -0.036168240949615627
46 46.5 5 6 -0.08447172394455327
-1 0.0 0 0 -0.012132473255982832
23 41.5 7 8 0.0004285245859284919
-1 0.0 0 0 -0.017341831631258613
-1 0.0 0 0 0.003945630900655678
97 83.5 10 15 0.009189253843423065
61 13.5 11 12 0.022026660314439957
-1 0.0 0 0 -0.005087735091684836
59 25.5 13 14 0.056856927965794044
-1 0.0 0 0 -0.0038705149033589647
-1 0.0 0 0 0.009391712005473986
-1 0.0 0 0 -0.019258301322577647
4 0.9148697853088379 17 18 0.027272992843532715
-1 0.0 0 0 -0.0007298622022444651
-1 0.0 0 0 0.006585955894693772
7 0.7325000166893005 20 21 -0.10264029490006484
-1 0.0 0 0 -0.00919955211388584
-1 0.0 0 0 -0.0441912445078667
121 116.5 23 28 0.06381749842402966
41 122.5 24 27 0.07605746175834097
48 4.5 25 26 0.08587248158846392
-1 0.0 0 0 -0.0026011571680606884
-1 0.0 0 0 0.010909385023909202
-1 0.0 0 0 -0.01656053960589908
-1 0.0 0 0 -0.015653923455691686
nodes 29
39 0.5 1 10 0.0
35 6.5 2 5 -0.03979041860844245
129 88.5 3 4 -0.09913192826328178
-1 0.0 0 0 -0.008429659389400107
-1 0.0 0 0 -0.024540856384647126
101 22.5 6 7 -0.002629023227542641
-1 0.0 0 0 -0.004108527206560786
95 17.5 8 9 0.04793565791219861
-1 0.0 0 0 -0.004068590817419448
-1 0.0 0 0 0.008841985268257841
111 0.5 11 16 0.02548468229812088
107 3.5 12 13 -0.026307941859532804
-1 0.0 0 0 -0.010073639287693534
65 49.5 14 15 0.012533006208623887
-1 0.0 0 0 -0.004467812877141929
-1 0.0 0 0 0.004525865854689084
20 1.5 17 20 0.05351088674868511
76 17.5 18 19 -0.008029395086833082
-1 0.0 0 0 -0.005032775566601154
-1 0.0 0 0 0.006279103214921976
61 119.5 21 28 0.08362167672045624
69 9.5 22 23 0.09282940722338914
-1 0.0 0 0 0.0035444886092702507
58 12.5 24 25 0.12256285721203294
-1 0.0 0 0 0.006620249235361572
56 14.5 26 27 0.1532550683128008
-1 0.0 0 0 0.007761880707032133
-1 0.0 0 0 0.018663693886563755
-1 0.0 0 0 -0.009452276795019525
nodes 29
4 0.8445931673049927 1 8 0.0
7 0.20250000059604645 2 7 -0.04396172294593249
8 42.5 3 4 -0.015698404362459704
-1 0.0 0 0 -0.0074939662427909535
4 0.6284171938896179 5 6 0.008145158422173475
-1 0.0 0 0 -0.013001647025618873
-1 0.0 0 0 0.002421765213867199
-1 0.0 0 0 -0.012538154722802545
5 1.144494891166687 9 10 0.021215041082278438
-1 0.0 0 0 0.010547229514526297
33 89.5 11 28 0.008952891714785758
75 2.5 12 17 0.018794922025677105
50 54.5 13 14 -0.024606636284851473
-1 0.0 0 0 -0.0072842245137552265
2 10.230378150939941 15 16 0.028594791744769178
-1 0.0 0 0 -0.009677474143503064
-1 0.0 0 0 0.005422162884530134
77 2.5 18 21 0.047087652108407145
88 59.5 19 20 -0.019060229829529016
-1 0.0 0 0 -0.00829815745242477
-1 0.0 0 0 0.005509899462939153
44 114.5 22 27 0.07143752802334835
80 12.5 23 26 0.07778109150411483
98 11.5 24 25 0.040792531789177196
-1 0.0 0 0 -0.005047399955592764
-1 0.0 0 0 0.007617298805184804
-1 0.0 0 0 0.011944149565947944
-1 0.0 0 0 -0.0179151149137777
-1 0.0 0 0 -0.010326195305670707
nodes 29
34 0.5 1 6 0.0
29 63.5 2 5 -0.05762709396112276
105 93.5 3 4 -0.04649084922703638
-1 0.0 0 0 -0.003542592555347729
-1 0.0 0 0 -0.018262499439299917
-1 0.0 0 0 -0.02034304971337052
48 6.5 7 18 0.015160075357280532
123 36.5 8 11 -0.04047908877283207
33 89.5 9 10 -0.08762605547596948
-1 0.0 0 0 -0.006549823173086122
-1 0.0 0 0 -0.023173039977557347
55 8.5 12 13 0.013466938502212422
-1 0.0 0 0 -0.005987117331203741
2 10.476019859313965 14 15 0.057515340576183877
-1 0.0 0 0 -0.009972357873859694
84 55.5 16 17 0.09110982599716098
-1 0.0 0 0 -0.0024255514836599183
-1 0.0 0 0 0.014425481790601198
86 7.5 19 20 0.0351566800780144
-1 0.0 0 0 -0.001145186662285558
82 8.5 21 22 0.061991776257533555
-1 0.0 0 0 0.0003485157272873072
76 13.5 23 28 0.09318305331024454
19 8.5 24 25 0.055814296633111195
-1 0.0 0 0 -0.003319106328831107
69 22.5 26 27 0.09125805432751438
-1 0.0 0 0 0.0020011449638993716
-1 0.0 0 0 0.013555055025652081
-1 0.0 0 0 0.014815266501589984
nodes 29
53 119.5 1 28 0.0
14 2.5 2 21 0.005199782390302746
50 33.5 3 10 -0.02789841592164141
115 39.5 4 7 -0.08133435492612406
102 44.5 5 6 -0.1238854855426015
-1 0.0 0 0 -0.01776698426951346
-1 0.0 0 0 -0.004978840956279384
76 16.5 8 9 -0.026476953317809936
-1 0.0 0 0 -0.012681160935022768
-1 0.0 0 0 0.002016778155661231
94 55.5 11 14 0.008031535832126166
17 96.5 12 13 -0.056843291990128095
-1 0.0 0 0 -0.0036457874505113302
-1 0.0 0 0 -0.025201112389898063
97 104.5 15 20 0.05540214536086099
2 10.849414825439453 16 17 0.06641091525013003
-1 0.0 0 0 0.002197131709905655
81 32.5 18 19 0.12180241575511878
-1 0.0 0 0 -0.015455723950757944
-1 0.0 0 0 0.014113579672265215
-1 0.0 0 0 -0.024735071318627695
11 0.5 22 25 0.0319020341823323
72 17.5 23 24 -0.00934608368569076
-1 0.0 0 0 -0.006503124843211274
-1 0.0 0 0 0.0022715732526674684
9 6.5 26 27 0.061515727881843174
-1 0.0 0 0 0.001130600592361667
-1 0.0 0 0 0.00948775505014321
-1 0.0 0 0 -0.016166156641225195
nodes 29
74 4.5 1 6 0.0
23 42.5 2 5 -0.041136955167346334
129 76.5 3 4 -0.07302043041742863
-1 0.0 0 0 -0.005400796195170515
-1 0.0 0 0 -0.019438402976216834
-1 0.0 0 0 0.0011988873961700417
88 65.5 7 20 0.018357671833512425
90 48.5 8 13 -0.008052903952734152
120 32.5 9 12 -0.06530682524503262
46 22.5 10 11 -0.10007985703347048
-1 0.0 0 0 -0.016078495887826404
-1 0.0 0 0 -0.0033463966678999486
-1 0.0 0 0 5.0974501775448066e-05
116 5.5 14 15 0.04400377860926885
-1 0.0 0 0 -0.013644257823886001
46 10.5 16 19 0.06501136331516108
65 47.5 17 18 -0.026839074014274857
-1 0.0 0 0 -0.019376872146869784
-1 0.0 0 0 0.0019259725315648052
-1 0.0 0 0 0.011020255522912796
94 35.5 21 24 0.058934381112328814
19 50.5 22 23 -0.02908981821402663
-1 0.0 0 0 -0.015683651278115326
-1 0.0 0 0 0.002010605709181474
51 23.5 25 26 0.08674718860915628
-1 0.0 0 0 0.000668635427599084
2 10.841109275817871 27 28 0.12068248981888889
-1 0.0 0 0 0.006167144027049987
-1 0.0 0 0 0.01718259615981086
nodes 29
1 11.255242347717285 1 28 0.0
33 112.5 2 25 -0.00460731875196251
136 2.5 3 6 0.0011827807797447779
21 104.5 4 5 -0.04031803316575891
-1 0.0 0 0 -0.0034310060240153244
-1 0.0 0 0 -0.021884914457683462
102 36.5 7 20 0.018775563299309097
122 20.5 8 11 -0.003345136329390191
59 72.5 9 10 -0.0478993440243924
-1 0.0 0 0 -0.00834317521986448
-1 0.0 0 0 0.0016042273926398947
54 44.5 12 15 0.04685421344404574
121 118.5 13 14 -0.02207994163598099
-1 0.0 0 0 -0.000375272332500232
-1 0.0 0 0 -0.023860293510997183
2 10.7899169921875 16 17 0.08864448943072073
-1 0.0 0 0 0.0022273507312607983
57 35.5 18 19 0.12350186903559479
-1 0.0 0 0 -0.008392913166017665
-1 0.0 0 0 0.013988179512974161
19 18.5 21 22 0.06796714276839866
-1 0.0 0 0 2.28953089445367e-05
61 11.5 23 24 0.11186527167300449
-1 0.0 0 0 0.001450969256709237
-1 0.0 0 0 0.01396552249305467
115 48.5 26 27 -0.12990735443073156
-1 0.0 0 0 -0.020480822837941892
-1 0.0 0 0 -0.0037237073611386916
-1 0.0 0 0 0.016328307437305588
nodes 29
61 119.5 1 28 0.0
79 1.5 2 13 0.00505366590061815
107 3.5 3 6 -0.031293858508756454
88 42.5 4 5 -0.06937750774248105
-1 0.0 0 0 -0.012754847484765758
-1 0.0 0 0 -0.0028844833613235824
87 11.5 7 12 -0.004101246747260502
91 35.5 8 9 -0.024878323989383295
-1 0.0 0 0 -0.009203853034478557
89 28.5 10 11 0.004060066813057264
-1 0.0 0 0 -0.017330538804721508
-1 0.0 0 0 0.001875189773974649
-1 0.0 0 0 0.006821687144595014
68 6.5 14 19 0.02509169574967963
116 11.5 15 16 -0.014018336189392149
-1 0.0 0 0 -0.005777490344731739
90 38.5 17 18 0.02805792685060137
-1 0.0 0 0 -0.0044134908079266994
-1 0.0 0 0 0.006619994464896423
39 0.5 20 23 0.054035507709075566
26 23.5 21 22 0.010051606794015606
-1 0.0 0 0 -0.0037756272853589493
-1 0.0 0 0 0.006115959789434128
18 24.5 24 27 0.08186863298162127
72 17.5 25 26 0.04491547863708137
-1 0.0 0 0 -0.002096507183572628
-1 0.0 0 0 0.00907965762877867
-1 0.0 0 0 0.011994007633906659
-1 0.0 0 0 -0.013899666844837606
nodes 29
2 11.229341506958008 1 28 0.0
29 84.5 2 27 -0.010858386220800521
53 114.5 3 26 -0.005942856332377517
1 9.207636833190918 4 5 -0.000167173287629249
-1 0.0 0 0 -0.009211146132255701
113 108.5 6 23 0.006657589174296255
33 115.5 7 22 0.01520653246636477
120 29.5 8 17 0.020695617478813655
97 45.5 9 12 -0.0013559287816271367
88 52.5 10 11 -0.0819765908194688
-1 0.0 0 0 -0.014681206086118673
-1 0.0 0 0 -0.0008210705378462776
122 11.5 13 14 0.029558569164373598
-1 0.0 0 0 -0.007764266060880539
84 61.5 15 16 0.0513619122923862
-1 0.0 0 0 0.000975474752944186
-1 0.0 0 0 0.00925273586990562
28 27.5 18 19 0.046991815459173136
-1 0.0 0 0 0.0005585824935534385
97 77.5 20 21 0.08152050197738347
-1 0.0 0 0 0.009728262104596744
-1 0.0 0 0 -0.009317064133847846
-1 0.0 0 0 -0.011761609243021911
51 65.5 24 25 -0.06447302158020814
-1 0.0 0 0 -0.017141808834986654
-1 0.0 0 0 0.00013393272011201073
-1 0.0 0 0 -0.011742984206542465
-1 0.0 0 0 -0.016762421996329657
-1 0.0 0 0 0.006200804059737795
nodes 29
15 0.5 1 14 0.0
42 17.5 2 3 -0.03674056997025256
-1 0.0 0 0 -0.008539112927744948
65 93.5 4 13 -0.002910102463950548
27 25.5 5 6 0.015490863891011196
-1 0.0 0 0 -0.006314659915190268
2 10.073399543762207 7 8 0.03862649595741065
-1 0.0 0 0 -0.010147321810673599
49 22.5 9 10 0.05471893718769238
-1 0.0 0 0 -0.019706212334400536
94 14.5 11 12 0.0649941305502627
-1 0.0 0 0 -0.002435693730408204
-1 0.0 0 0 0.009278688858366265
-1 0.0 0 0 -0.01515935745212714
4 0.6657834053039551 15 16 0.016505532739481965
-1 0.0 0 0 -0.011296072365483249
12 1.5 17 22 0.022617551503372982
9 117.5 18 21 -0.007140967339304577
104 11.5 19 20 -0.0010916919248125118
-1 0.0 0 0 -0.0045393470371507105
-1 0.0 0 0 0.002020857443935034
-1 0.0 0 0 -0.015902098935315894
105 2.5 23 24 0.050294634127778244
-1 0.0 0 0 -0.0011268327779276348
86 8.5 25 26 0.06637689404992643
-1 0.0 0 0 0.0027894674598850423
113 97.5 27 28 0.09472367506608526
-1 0.0 0 0 0.010750618848044458
-1 0.0 0 0 -0.002926084151493659
nodes 29
108 5.5 1 16 0.0
88 75.5 2 9 -0.02240484938468151
46 33.5 3 6 -0.05111409531954376
120 16.5 4 5 -0.0782030435338734
-1 0.0 0 0 -0.012467283434209966
-1 0.0 0 0 -0.004356327846284785
89 80.5 7 8 0.0013797634758979012
-1 0.0 0 0 -0.009139673813431467
-1 0.0 0 0 0.003309763494847914
41 42.5 10 11 0.013886599596459855
-1 0.0 0 0 -0.009750829907898979
2 10.939213752746582 12 13 0.028453254543703215
-1 0.0 0 0 0.00027551719147596125
27 17.5 14 15 0.09372540170295499
-1 0.0 0 0 -0.00450878724687215
-1 0.0 0 0 0.01352831645295066
21 94.5 17 28 0.025052901774580645
47 0.5 18 21 0.03106456588522289
94 59.5 19 20 -0.027795579623219463
-1 0.0 0 0 -0.006405093743917902
-1 0.0 0 0 0.005645397679151749
10 3.5 22 27 0.0483385973933455
72 17.5 23 24 0.010988369118853335
-1 0.0 0 0 -0.005901599326240854
89 51.5 25 26 0.04004439663734095
-1 0.0 0 0 -0.011041167334670575
-1 0.0 0 0 0.005899172446485938
-1 0.0 0 0 0.007837306520305011
-1 0.0 0 0 -0.014019109942795871
nodes 29
2 11.334516525268555 1 28 0.0
29 84.5 2 27 -0.006572732794859582
117 83.5 3 26 -0.001999621172406211
25 103.5 4 23 0.002267292874674773
113 79.5 5 20 0.01031531283060518
2 10.775993347167969 6 7 0.021083256861413623
-1 0.0 0 0 -0.0013386439306857095
64 88.5 8 19 0.04429796133809544
88 60.5 9 12 0.022967870683585034
32 28.5 10 11 -0.03302638877905251
-1 0.0 0 0 -0.008962363745060589
-1 0.0 0 0 0.002327328277092383
97 109.5 13 18 0.07516320123285032
94 26.5 14 15 0.09119025697286826
-1 0.0 0 0 -0.004391776703201776
51 22.5 16 17 0.11187284924601903
-1 0.0 0 0 0.002721882851269177
-1 0.0 0 0 0.015089529876951306
-1 0.0 0 0 -0.021380727284886072
-1 0.0 0 0 0.010096589398583461
19 47.5 21 22 -0.03756950487890267
-1 0.0 0 0 -0.011066281441300533
-1 0.0 0 0 0.0008612091181090588
83 51.5 24 25 -0.058155670180552545
-1 0.0 0 0 -0.01741641855636053
-1 0.0 0 0 -0.00068277016360118
-1 0.0 0 0 -0.012310788076071354
-1 0.0 0 0 -0.013997334174976657
-1 0.0 0 0 0.008657002883958537
nodes 29
106 0.5 1 6 0.0
45 115.5 2 5 -0.043732582914000825
102 37.5 3 4 -0.03661909339196264
-1 0.0 0 0 -0.006317047629733192
-1 0.0 0 0 0.0005793090356709432
-1 0.0 0 0 -0.021171618624437692
34 2.5 7 14 0.011972639876210228
105 88.5 8 13 -0.024886036141770016
7 0.17750000208616257 9 12 -0.013664415578498916
100 101.5 10 11 0.009722086239474752
-1 0.0 0 0 0.0018409792600701511
-1 0.0 0 0 -0.016797971211662762
-1 0.0 0 0 -0.0055871620462478525
-1 0.0 0 0 -0.012698782110678604
2 11.334516525268555 15 28 0.02950535710281689
77 3.5 16 21 0.021183347693845594
120 29.5 17 18 -0.009087652248401235
-1 0.0 0 0 -0.005990700463402444
28 25.5 19 20 0.02599650829218692
-1 0.0 0 0 -0.0027854362541044593
-1 0.0 0 0 0.006757030505391089
82 15.5 22 23 0.040964935970711616
-1 0.0 0 0 0.00027199003825476026
44 114.5 24 27 0.06627912173222886
121 104.5 25 26 0.0720405990450113
-1 0.0 0 0 0.007915222073881756
-1 0.0 0 0 -0.009996888308453508
-1 0.0 0 0 -0.0133656944304239
-1 0.0 0 0 0.013099708953023809
nodes 29
4 0.8891708850860596 1 8 0.0
8 38.5 2 3 -0.02513571378019536
-1 0.0 0 0 -0.008686828865465226
4 0.6284171938896179 4 5 -0.007186285745427396
-1 0.0 0 0 -0.01112869611170767
8 49.5 6 7 0.0022218436300656514
-1 0.0 0 0 -0.0014602524944031697
-1 0.0 0 0 0.005533450254579423
45 3.5 9 14 0.02000289841132784
88 65.5 10 11 -0.013638036206173374
-1 0.0 0 0 -0.005780724563027678
126 24.5 12 13 0.020669194052540772
-1 0.0 0 0 -0.0047433523828375726
-1 0.0 0 0 0.005296960993452223
85 116.5 15 28 0.0404459859784068
124 5.5 16 21 0.0501798546383252
80 20.5 17 18 0.007136673747101211
-1 0.0 0 0 -0.004487553720023152
77 92.5 19 20 0.05037048718086165
-1 0.0 0 0 0.0064834527203879045
-1 0.0 0 0 -0.020490488585074032
55 34.5 22 27 0.07872980910020787
95 37.5 23 26 0.03938890561626589
75 23.5 24 25 -0.005515181646832666
-1 0.0 0 0 -0.006868029180365172
-1 0.0 0 0 0.00551186509759585
-1 0.0 0 0 0.016139753246189863
-1 0.0 0 0 0.011781011728925851
-1 0.0 0 0 -0.00961339758708398
nodes 29
125 114.5 1 28 0.0
2 11.16913890838623 2 19 0.002559735183008987
21 89.5 3 18 -0.00838759607888312
29 80.5 4 17 -0.004602574713568366
7 0.6025000214576721 5 16 -0.0008939310055052598
117 61.5 6 15 0.0018949679873428225
100 98.5 7 14 0.006588577020921529
78 116.5 8 13 0.010175059973496143
46 35.5 9 12 0.012960268745879126
68 26.5 10 11 -0.0003234203910999271
-1 0.0 0 0 -0.0026637871789410763
-1 0.0 0 0 0.003106518977099399
-1 0.0 0 0 0.005024088289129817
-1 0.0 0 0 -0.013663344443005532
-1 0.0 0 0 -0.010442540875321035
-1 0.0 0 0 -0.008277368141920578
-1 0.0 0 0 -0.01434886959810084
-1 0.0 0 0 -0.01207642165874677
-1 0.0 0 0 -0.015572202308390189
5 2.059514045715332 20 27 0.044744978771026504
25 121.5 21 26 0.03311602483112346
17 110.5 22 25 0.04009796008605644
1 11.290956497192383 23 24 0.051124591901288596
-1 0.0 0 0 0.003733560992747081
-1 0.0 0 0 0.017731494228349694
-1 0.0 0 0 -0.009945897124320912
-1 0.0 0 0 -0.01946798005097832
-1 0.0 0 0 0.025152979348016663
-1 0.0 0 0 -0.019172048979335613
nodes 29
131 1.5 1 14 0.0
33 89.5 2 13 -0.023233819415877426
44 82.5 3 12 -0.014821540298391904
60 39.5 4 9 -0.010082833441702417
54 92.5 5 6 -0.0345355249609766
-1 0.0 0 0 -0.006730379823534103
41 81.5 7 8 0.01983079068000995
-1 0.0 0 0 0.004496117582821971
-1 0.0 0 0 -0.016857798246085864
50 24.5 10 11 0.020474104445519073
-1 0.0 0 0 -0.0123802396856743
-1 0.0 0 0 0.00337295619158591
-1 0.0 0 0 -0.016987789961351914
-1 0.0 0 0 -0.014248601278335724
126 7.5 15 26 0.01934436564280394
65 47.5 16 17 -0.006350402191267883
-1 0.0 0 0 -0.00781530945643266
89 28.5 18 19 0.024125399239704266
-1 0.0 0 0 -0.015513064182875909
2 10.647993087768555 20 21 0.03698776923026596
-1 0.0 0 0 -0.003813104795195912
83 52.5 22 25 0.06593773908304458
31 28.5 23 24 -0.007420975054641397
-1 0.0 0 0 -0.015270501947464444
-1 0.0 0 0 0.004247156826028259
-1 0.0 0 0 0.010723889181471765
128 4.5 27 28 0.05121842669250517
-1 0.0 0 0 -0.001520237185990465
-1 0.0 0 0 0.007260912821530834
nodes 29
61 120.5 1 28 0.0
21 106.5 2 27 0.0036671417166616017
48 6.5 3 10 0.006722940227543857
123 44.5 4 7 -0.027480414592676337
41 73.5 5 6 -0.05801874482058103
-1 0.0 0 0 -0.007903029349148636
-1 0.0 0 0 0.0004375537155996927
76 22.5 8 9 0.012668669371753627
-1 0.0 0 0 -0.005453603798165022
-1 0.0 0 0 0.003986945152812921
136 2.5 11 12 0.019505666592107777
-1 0.0 0 0 -0.0020409777588553265
101 5.5 13 20 0.035659849824477854
64 67.5 14 15 -0.0008269107573170626
-1 0.0 0 0 -0.0038593357000119206
77 14.5 16 17 0.04567524454066543
-1 0.0 0 0 -0.002526719608129604
115 18.5 18 19 0.09418218020447706
-1 0.0 0 0 -0.0010858167504878588
-1 0.0 0 0 0.014026002216600551
121 70.5 21 24 0.0562332042101647
2 11.07895278930664 22 23 0.06949285672221515
-1 0.0 0 0 0.004713201984569359
-1 0.0 0 0 0.010677171570479139
72 27.5 25 26 -0.017987979811333807
-1 0.0 0 0 -0.008026627176788849
-1 0.0 0 0 0.006718775724995638
-1 0.0 0 0 -0.013485913646515411
-1 0.0 0 0 -0.011494428667860398
nodes 29
56 6.5 1 4 0.0
129 51.5 2 3 -0.044579746887512636
-1 0.0 0 0 -0.0025472721020854787
-1 0.0 0 0 -0.010971837332533875
129 3.5 5 10 0.008765043133567754
120 15.5 6 7 -0.026131635017598093
-1 0.0 0 0 -0.009509826054235662
73 34.5 8 9 -0.004363086083168623
-1 0.0 0 0 -0.01091111891611395
-1 0.0 0 0 0.0008519183361544911
40 5.5 11 18 0.022882314874259894
60 59.5 12 15 -0.009427118845886453
121 104.5 13 14 -0.039858695996457506
-1 0.0 0 0 -0.002550747552948025
-1 0.0 0 0 -0.013547340843591986
50 29.5 16 17 0.05251325942518737
-1 0.0 0 0 -0.010418474056315623
-1 0.0 0 0 0.007505842470728063
2 11.019726753234863 19 20 0.04368263123507904
-1 0.0 0 0 0.001935281942409025
46 18.5 21 28 0.07566781720609549
94 54.5 22 25 0.027572950647228808
123 43.5 23 24 -0.011850391054404403
-1 0.0 0 0 -0.007405623023650163
-1 0.0 0 0 0.006507853870797814
49 53.5 26 27 0.11535348787282632
-1 0.0 0 0 -0.01032988192633803
-1 0.0 0 0 0.016970927690481273
-1 0.0 0 0 0.011653356471033605
nodes 29
125 114.5 1 28 0.0
69 123.5 2 27 0.002254914135143486
102 36.5 3 22 0.004779095262584978
64 60.5 4 13 -0.008651261597290115
51 57.5 5 10 -0.03809617717601756
2 11.349653244018555 6 9 -0.06972849999628665
83 87.5 7 8 -0.08384143772759498
-1 0.0 0 0 -0.011220202260055996
-1 0.0 0 0 -0.00193995385924379
-1 0.0 0 0 0.005487971890002667
81 45.5 11 12 0.004949307867763967
-1 0.0 0 0 -0.01825825578165488
-1 0.0 0 0 0.0025346088203293746
89 34.5 14 15 0.024149945052252
-1 0.0 0 0 -0.01719798274104971
124 5.5 16 17 0.03470430871675869
-1 0.0 0 0 -0.0020283745704761653
2 10.857536315917969 18 19 0.059708913076395406
-1 0.0 0 0 0.00014602654023556885
45 18.5 20 21 0.0988742848702902
-1 0.0 0 0 0.0027224034809396123
-1 0.0 0 0 0.01366654228597252
120 14.5 23 24 0.03405545009174708
-1 0.0 0 0 -0.0039699758566859415
104 5.5 25 26 0.05049157289590062
-1 0.0 0 0 0.00031258213277300916
-1 0.0 0 0 0.008175296893089318
-1 0.0 0 0 -0.014799076047303891
-1 0.0 0 0 -0.016888982547519513
nodes 29
4 0.8554689884185791 1 6 0.0
8 43.5 2 3 -0.02568195922802404
-1 0.0 0 0 -0.006143260512061972
4 0.6284171938896179 4 5 0.003429017844763976
-1 0.0 0 0 -0.008474366137646818
-1 0.0 0 0 0.001616128443741258
99 74.5 7 28 0.014008421743594453
98 15.5 8 19 0.017942050809487693
127 38.5 9 10 -0.0030064536300449325
-1 0.0 0 0 -0.004224836554027465
80 21.5 11 12 0.03672650131660115
-1 0.0 0 0 -0.005080783531561063
2 10.277324676513672 13 14 0.06404791123913678
-1 0.0 0 0 -0.004227160760178008
97 88.5 15 18 0.0833619396617821
93 15.5 16 17 0.09347728828284475
-1 0.0 0 0 0.0015021653718938128
-1 0.0 0 0 0.012946579532365289
-1 0.0 0 0 -0.017048999563203944
116 16.5 20 23 0.04624726723652098
50 79.5 21 22 0.0011068620246049773
-1 0.0 0 0 -0.0024395741999840392
-1 0.0 0 0 0.007590030280443975
114 13.5 24 25 0.07555772337129534
-1 0.0 0 0 0.0011833087361382117
55 47.5 26 27 0.10753549650930644
-1 0.0 0 0 0.005718193117135071
-1 0.0 0 0 0.015607682494916984
-1 0.0 0 0 -0.01058585892069075
nodes 29
43 93.5 1 28 0.0
42 17.5 2 19 0.002321204172261177
32 28.5 3 8 -0.014916568156602122
95 73.5 4 7 -0.05325581721405047
64 44.5 5 6 -0.08354676337719219
-1 0.0 0 0 -0.012755700234967533
-1 0.0 0 0 -0.002948655972529642
-1 0.0 0 0 -0.0006590851090501346
97 36.5 9 10 0.01796701479159655
-1 0.0 0 0 -0.008818220136569783
2 10.771512031555176 11 12 0.03511772187006999
-1 0.0 0 0 -0.0007358799750557391
55 36.5 13 16 0.06566996856647098
75 14.5 14 15 0.0038046738928856536
-1 0.0 0 0 -0.009180322591137238
-1 0.0 0 0 0.00661393398445605
77 8.5 17 18 0.09624925525706127
-1 0.0 0 0 0.0001601938611985431
-1 0.0 0 0 0.01261386015310157
120 26.5 20 23 0.025237397656555
90 79.5 21 22 -0.017367710689644808
-1 0.0 0 0 -0.004520487691011873
-1 0.0 0 0 0.00751638773523872
28 25.5 24 25 0.044761056816505974
-1 0.0 0 0 4.83557126435859e-05
48 26.5 26 27 0.07204109806201754
-1 0.0 0 0 0.004100661528879425
-1 0.0 0 0 0.013789314300078149
-1 0.0 0 0 -0.015160514747297828
nodes 29
1 11.255242347717285 1 28 0.0
15 8.5 2 23 -0.0030829138905761515
50 57.5 3 14 -0.01812409622723104
83 73.5 4 11 -0.04163539998608118
127 57.5 5 10 -0.0630038310838366
23 28.5 6 7 -0.09338868757446389
-1 0.0 0 0 -0.012647963591597578
41 62.5 8 9 -0.027377643006791755
-1 0.0 0 0 0.002510434234036344
-1 0.0 0 0 -0.014933071192190513
-1 0.0 0 0 -0.0006727901667741557
32 28.5 12 13 0.0012082934637700417
-1 0.0 0 0 -0.008593136385380415
-1 0.0 0 0 0.0032064737468321387
81 44.5 15 16 0.012353673064391071
-1 0.0 0 0 -0.017239656726364048
73 75.5 17 18 0.024024839393021982
-1 0.0 0 0 -0.002544178800575779
2 10.159059524536133 19 20 0.04982356105169495
-1 0.0 0 0 -0.0051582222867378215
28 18.5 21 22 0.06791137853738582
-1 0.0 0 0 -0.00013316473042537309
-1 0.0 0 0 0.009490291717878054
77 18.5 24 27 0.01924095288422923
94 88.5 25 26 -0.00602143464160804
-1 0.0 0 0 -0.0026158954475150264
-1 0.0 0 0 0.005541116945926449
-1 0.0 0 0 0.005075755808909732
-1 0.0 0 0 0.010925826745614205
nodes 29
101 121.5 1 28 0.0
2 11.229341506958008 2 23 0.002446537925056681
125 71.5 3 22 -0.00515708286387823
110 44.5 4 21 -0.0010749482274534392
100 104.5 5 18 0.0026047824629469897
53 114.5 6 15 0.005667412646843608
26 116.5 7 14 0.010091648157335719
1 9.072112083435059 8 9 0.0124978606307853
-1 0.0 0 0 -0.006232716887252838
70 93.5 10 13 0.017137847072303782
33 108.5 11 12 0.02082469822235176
-1 0.0 0 0 0.002513389766856153
-1 0.0 0 0 -0.005724467825772708
-1 0.0 0 0 -0.006959694057523856
-1 0.0 0 0 -0.013169101682302975
41 68.5 16 17 -0.07612042652397956
-1 0.0 0 0 -0.0025373488819114814
-1 0.0 0 0 -0.020700523668777657
27 36.5 19 20 -0.1104373365904147
-1 0.0 0 0 -0.02136583887331329
-1 0.0 0 0 -0.0009467561484615126
-1 0.0 0 0 -0.009135372091676744
-1 0.0 0 0 -0.009353171692261844
5 2.059514045715332 24 27 0.045448344377765765
6 1.0305002927780151 25 26 0.03486983662477497
-1 0.0 0 0 0.004027175605267628
-1 0.0 0 0 -0.02753153794134657
-1 0.0 0 0 0.026040839161607626
-1 0.0 0 0 -0.012909223702347566
nodes 29
71 109.5 1 28 0.0
2 11.16913890838623 2 25 0.0016854851371058495
29 57.5 3 24 -0.007344651493697747
7 0.7425000071525574 4 23 -0.0027279198511030054
45 118.5 5 22 -0.0016731452468708968
6 1.014758825302124 6 21 0.0011748107222566647
1 8.570734024047852 7 8 -0.007770877351412651
-1 0.0 0 0 -0.02154366934079115
113 92.5 9 18 -0.005872886591110688
117 72.5 10 17 0.0016405053117972883
2 10.610464096069336 11 12 0.006101191119343865
-1 0.0 0 0 -0.0032240792602650954
121 101.5 13 16 0.019140083267998993
129 107.5 14 15 0.027215290861521198
-1 0.0 0 0 0.003306510872705456
-1 0.0 0 0 -0.009409211878607583
-1 0.0 0 0 -0.009740811935136994
-1 0.0 0 0 -0.010434334641330747
19 47.5 19 20 -0.05874373936023331
-1 0.0 0 0 -0.013685885951699173
-1 0.0 0 0 -0.00170971891982552
-1 0.0 0 0 0.003967658136564131
-1 0.0 0 0 -0.011785389678694124
-1 0.0 0 0 -0.03362032381470124
-1 0.0 0 0 -0.007713363066383119
5 2.059514045715332 26 27 0.036596250226576366
-1 0.0 0 0 0.0026269775132943375
-1 0.0 0 0 0.021928405397917152
-1 0.0 0 0 -0.017912256197178827
nodes 29
43 93.5 1 26 0.0
18 12.5 2 17 0.002084696229648751
72 14.5 3 4 -0.017383328889749375
-1 0.0 0 0 -0.008071382093548627
57 33.5 5 6 0.007409387593016118
-1 0.0 0 0 -0.012426403970527987
97 36.5 7 8 0.021148474868900775
-1 0.0 0 0 -0.007460347943037181
2 10.762212753295898 9 10 0.03312679160967088
-1 0.0 0 0 -0.0009405535327436472
22 18.5 11 14 0.062058916869491755
123 32.5 12 13 -0.019083359443660203
-1 0.0 0 0 -0.01661726073173465
-1 0.0 0 0 0.002667900632254286
93 36.5 15 16 0.08853774647833516
-1 0.0 0 0 0.010009159000122655
-1 0.0 0 0 -0.01138608338066011
101 22.5 18 19 0.018129683618942096
-1 0.0 0 0 -0.0006412388884585144
2 10.159059524536133 20 21 0.043312822504159666
-1 0.0 0 0 -0.009238294458149037
93 116.5 22 25 0.052913422511427756
2 11.238120079040527 23 24 0.06587398657367215
-1 0.0 0 0 0.005307652893895784
-1 0.0 0 0 0.013532839596854458
-1 0.0 0 0 -0.003475727281997387
87 82.5 27 28 -0.1361580664491814
-1 0.0 0 0 -0.008568598747205808
-1 0.0 0 0 -0.04174296522051892
nodes 29
4 0.9077039957046509 1 12 0.0
8 38.5 2 5 -0.016557222058985542
6 1.0056920051574707 3 4 -0.06062866959183967
-1 0.0 0 0 -0.008934589819810388
-1 0.0 0 0 -0.000825193985173995
7 0.1525000035762787 6 9 -0.0021138157464826056
21 113.5 7 8 0.011248185272249992
-1 0.0 0 0 0.001436326713051838
-1 0.0 0 0 -0.016744626046884585
4 0.7922724485397339 10 11 -0.038908101409501274
-1 0.0 0 0 -0.007341347293336891
-1 0.0 0 0 0.0005590338101988513
39 0.5 13 18 0.016172289062025235
129 73.5 14 17 -0.010544680988297458
78 101.5 15 16 -0.0003628460693041307
-1 0.0 0 0 0.0002914095946645131
-1 0.0 0 0 -0.025663308699007088
-1 0.0 0 0 -0.010908757704967678
13 6.5 19 22 0.032345621324057015
6 0.9420092701911926 20 21 0.010023275407239973
-1 0.0 0 0 -0.004163937194553714
-1 0.0 0 0 0.0026666275896725217
71 82.5 23 28 0.06471099342355492
2 10.985021591186523 24 25 0.07141659213526887
-1 0.0 0 0 0.003071332993412152
17 117.5 26 27 0.1009555309898158
-1 0.0 0 0 0.010997085690225679
-1 0.0 0 0 -0.015416595433328757
-1 0.0 0 0 -0.013509796658895599
nodes 29
76 13.5 1 18 0.0
49 73.5 2 9 -0.014336503741009978
54 92.5 3 4 -0.049611050356003
-1 0.0 0 0 -0.008153609901787684
129 20.5 5 6 0.0064279097837030875
-1 0.0 0 0 -0.009794377588502986
47 19.5 7 8 0.04417343926967114
-1 0.0 0 0 -0.007364333079359771
-1 0.0 0 0 0.007408138023013926
80 15.5 10 11 0.011800600534482465
-1 0.0 0 0 -0.008193909213425214
78 103.5 12 17 0.02694905740529595
2 11.089683532714844 13 14 0.030742136775428978
-1 0.0 0 0 0.0017475368696683834
19 8.5 15 16 0.09782453033027283
-1 0.0 0 0 -0.0056265415007912024
-1 0.0 0 0 0.013265894663279022
-1 0.0 0 0 -0.018222709024488422
32 28.5 19 22 0.017619357382112597
94 85.5 20 21 -0.013583357030287116
-1 0.0 0 0 -0.003753088142756169
-1 0.0 0 0 0.0068122130366726685
124 9.5 23 24 0.040854156156091045
-1 0.0 0 0 -0.001208705490165489
97 34.5 25 26 0.06502856065019015
-1 0.0 0 0 -0.00233803363320241
2 10.857536315917969 27 28 0.07973735506349305
-1 0.0 0 0 0.0026417377465256203
-1 0.0 0 0 0.0113815579800323
nodes 29
21 94.5 1 28 0.0
131 1.5 2 11 0.002708067255089268
25 77.5 3 10 -0.015096499998744777
9 6.5 4 7 -0.005947512979376496
54 100.5 5 6 -0.04577589228919131
-1 0.0 0 0 -0.007274237365221488
-1 0.0 0 0 0.0027115264375763663
44 107.5 8 9 0.009722618425950288
-1 0.0 0 0 0.001304263559973349
-1 0.0 0 0 -0.019434187541542164
-1 0.0 0 0 -0.009271929569670347
105 101.5 12 27 0.01792546809085763
105 4.5 13 16 0.023471965411072045
65 67.5 14 15 -0.012585110758929176
-1 0.0 0 0 -0.005922378421512893
-1 0.0 0 0 0.0014111850106660435
126 7.5 17 22 0.03907574224857614
76 26.5 18 19 0.011686873983799138
-1 0.0 0 0 -0.0036844957410474867
64 26.5 20 21 0.05618318146784184
-1 0.0 0 0 -0.005919416094914836
-1 0.0 0 0 0.007513778508505069
116 5.5 23 26 0.06493226959732984
42 11.5 24 25 0.034134660901708476
-1 0.0 0 0 -0.0053958770582081825
-1 0.0 0 0 0.0061517985722147304
-1 0.0 0 0 0.01005323307219886
-1 0.0 0 0 -0.006939828548085146
-1 0.0 0 0 -0.009131820615842456
nodes 29
1 11.314669609069824 1 28 0.0
29 89.5 2 27 -0.001986743753991798
94 84.5 3 20 0.001010158616249224
17 72.5 4 19 -0.008913112863415876
64 84.5 5 14 0.00013286924675364752
60 42.5 6 11 -0.017873850188845276
57 93.5 7 8 -0.03800322131536698
-1 0.0 0 0 -0.009543136115022525
90 67.5 9 10 -0.0013688121249391142
-1 0.0 0 0 -0.0042774193528021575
-1 0.0 0 0 0.003844281876006723
88 31.5 12 13 0.01377898954975995
-1 0.0 0 0 -0.010336947658697084
-1 0.0 0 0 0.003449413938155447
97 17.5 15 16 0.028252746902604327
-1 0.0 0 0 -0.01731523062228017
30 17.5 17 18 0.035129852059635695
-1 0.0 0 0 -0.0002767685257790495
-1 0.0 0 0 0.007378307671206884
-1 0.0 0 0 -0.008432888057132626
97 83.5 21 26 0.0274207068640749
119 19.5 22 23 0.041184326524863854
-1 0.0 0 0 -0.006905043737419964
2 10.896257400512695 24 25 0.05488984633519495
-1 0.0 0 0 0.002490289530510624
-1 0.0 0 0 0.010397375038970858
-1 0.0 0 0 -0.012212765802891375
-1 0.0 0 0 -0.009382200446355798
-1 0.0 0 0 0.012470768268866034
nodes 29
61 116.5 1 28 0.0
120 31.5 2 17 0.0033497570856769
97 37.5 3 6 -0.010332009076679345
127 37.5 4 5 -0.060418146935396606
-1 0.0 0 0 -0.009536481616020701
-1 0.0 0 0 -0.00016438891230548188
57 41.5 7 8 0.009014849414916313
-1 0.0 0 0 -0.008394599382845598
32 16.5 9 10 0.020154258341186518
-1 0.0 0 0 -0.006340632458388281
2 11.01615047454834 11 14 0.030678102495399623
97 69.5 12 13 0.009893429749350521
-1 0.0 0 0 -0.0059626857253185644
-1 0.0 0 0 0.0024126207021214112
116 11.5 15 16 0.07537255604038834
-1 0.0 0 0 -0.0036984509124148805
-1 0.0 0 0 0.010070079504739477
77 105.5 18 27 0.021436533191228617
28 18.5 19 20 0.026476040567919846
-1 0.0 0 0 -0.000813046220816507
65 92.5 21 26 0.04850527268706723
2 10.366560935974121 22 23 0.05774029886541194
-1 0.0 0 0 -0.0032151776175422283
73 19.5 24 25 0.07367533479535894
-1 0.0 0 0 -0.008447190690865502
-1 0.0 0 0 0.008267731005677344
-1 0.0 0 0 -0.00812112279378228
-1 0.0 0 0 -0.014790796563040505
-1 0.0 0 0 -0.006662883666534779
nodes 29
2 11.334516525268555 1 28 0.0
125 93.5 2 27 -0.004189821790384306
118 92.5 3 26 -0.0015292589162595148
94 102.5 4 17 0.001488126080590026
17 72.5 5 16 -0.007806872999341526
69 101.5 6 15 0.0012119365441032315
103 103.5 7 14 0.005727999797247032
114 6.5 8 9 0.009157946619961074
-1 0.0 0 0 -0.0020013202553568286
52 85.5 10 13 0.02258559743693523
124 5.5 11 12 0.028102219074787407
-1 0.0 0 0 -0.0006037030568532408
-1 0.0 0 0 0.004366347324674699
-1 0.0 0 0 -0.00643796159217354
-1 0.0 0 0 -0.012306521394197249
-1 0.0 0 0 -0.009919703095456797
-1 0.0 0 0 -0.007913854688613511
65 101.5 18 25 0.03270126259700162
127 22.5 19 20 0.03934792841604474
-1 0.0 0 0 -0.006653759869011785
2 11.00231647491455 21 24 0.051162495646074356
41 49.5 22 23 0.03274814453202635
-1 0.0 0 0 -0.010043228507135857
-1 0.0 0 0 0.004307584792037486
-1 0.0 0 0 0.011631605045584838
-1 0.0 0 0 -0.01826853022528085
-1 0.0 0 0 -0.008194118307694226
-1 0.0 0 0 -0.01029124977160139
-1 0.0 0 0 0.005518450235782173
nodes 29
9 3.5 1 6 0.0
32 16.5 2 5 -0.02473498821225882
50 78.5 3 4 -0.07041030984079125
-1 0.0 0 0 -0.013179743839969994
-1 0.0 0 0 -0.0013434719823241443
-1 0.0 0 0 -0.00046960535859956633
129 10.5 7 20 0.008943665173242908
27 41.5 8 13 -0.011665393836916149
87 77.5 9 12 -0.04065658716457558
90 51.5 10 11 -0.060922764406120586
-1 0.0 0 0 -0.011114682528443337
-1 0.0 0 0 -0.0003752429177971196
-1 0.0 0 0 0.0011484025277609007
76 103.5 14 19 0.018430794755356625
60 42.5 15 16 0.02524043377061528
-1 0.0 0 0 -0.00376258659163533
2 10.583043098449707 17 18 0.047077608594736864
-1 0.0 0 0 -0.0007000558343766452
-1 0.0 0 0 0.007658227335722733
-1 0.0 0 0 -0.019419382594929646
58 0.5 21 22 0.027970740885608605
-1 0.0 0 0 -0.005346251713567455
2 11.086134910583496 23 24 0.035006908770784585
-1 0.0 0 0 0.001593998935829177
71 109.5 25 28 0.06668809558005646
1 10.646519660949707 26 27 0.07120058347553716
-1 0.0 0 0 0.021007755207883026
-1 0.0 0 0 0.005952246831608262
-1 0.0 0 0 -0.02808328472126864
nodes 29
6 0.9378917813301086 1 2 0.0
-1 0.0 0 0 -0.0023927517000252732
42 17.5 3 18 0.00941415378602358
72 26.5 4 7 -0.007008341402527535
6 1.0275887250900269 5 6 -0.03556428312472139
-1 0.0 0 0 -0.00503498301880537
-1 0.0 0 0 0.0012881562170580008
89 67.5 8 9 0.024571189733924553
-1 0.0 0 0 -0.004064305471598437
19 67.5 10 17 0.045921824103711976
2 10.63595199584961 11 12 0.05262079641357692
-1 0.0 0 0 0.00014731285226330656
63 43.5 13 16 0.08059990632732461
123 48.5 14 15 0.03087270130605227
-1 0.0 0 0 -0.006063511686950678
-1 0.0 0 0 0.008659044077009041
-1 0.0 0 0 0.012072491623308697
-1 0.0 0 0 -0.014715643862003056
48 6.5 19 20 0.03157970148007027
-1 0.0 0 0 -0.0016346477521730755
126 27.5 21 24 0.04713915704335424
77 50.5 22 23 0.015333599745859995
-1 0.0 0 0 -0.0001016507509161358
-1 0.0 0 0 0.012226806945214701
26 20.5 25 26 0.07586854938020088
-1 0.0 0 0 0.0035407594717943563
49 37.5 27 28 0.11674076859733237
-1 0.0 0 0 -0.004353612365131587
-1 0.0 0 0 0.013338314684183707
nodes 29
117 89.5 1 28 0.0
78 102.5 2 27 0.0025809771112924877
46 32.5 3 22 0.005154641001974245
120 23.5 4 9 -0.005595307843568591
91 56.5 5 6 -0.03634675403509646
-1 0.0 0 0 -0.006537499597666737
57 49.5 7 8 0.0048770543503858085
-1 0.0 0 0 -0.013966253526984065
-1 0.0 0 0 0.002030665972607746
129 106.5 10 21 0.013108129852161924
118 19.5 11 14 0.017742744412244143
68 26.5 12 13 -0.0037798519054468966
-1 0.0 0 0 -0.003445697253408175
-1 0.0 0 0 0.0020051217147985232
73 34.5 15 16 0.050905534957301844
-1 0.0 0 0 -0.0048610913769432
2 11.238120079040527 17 20 0.06445370102234106
95 35.5 18 19 0.049700170130342544
-1 0.0 0 0 -0.003789511201416128
-1 0.0 0 0 0.006616968109739583
-1 0.0 0 0 0.019055733344895326
-1 0.0 0 0 -0.014593617797149528
122 18.5 23 24 0.033386410316840094
-1 0.0 0 0 -0.0009682813689582801
2 10.775993347167969 25 26 0.05718616148423416
-1 0.0 0 0 -0.00015959786279867342
-1 0.0 0 0 0.008668609825293607
-1 0.0 0 0 -0.008391993794432336
-1 0.0 0 0 -0.007980109469005304
nodes 29
6 1.014758825302124 1 22 0.0
2 11.089683532714844 2 11 -0.006303693568460149
21 57.5 3 10 -0.01985341425047972
8 46.5 4 9 -0.015238085465468624
4 0.8921079635620117 5 8 -0.023871912134537945
1 9.207636833190918 6 7 -0.049878621336939356
-1 0.0 0 0 -0.01832495269668487
-1 0.0 0 0 -0.0042432849983603605
-1 0.0 0 0 -0.0006808477789062068
-1 0.0 0 0 0.0027154414511249597
-1 0.0 0 0 -0.009845396302452788
1 10.603238105773926 12 13 0.020704897177979246
-1 0.0 0 0 0.014358086595939285
45 3.5 14 19 0.011958435375531566
49 51.5 15 16 -0.03609866125822659
-1 0.0 0 0 -0.011036536730007826
94 22.5 17 18 0.00982134837934414
-1 0.0 0 0 -0.013748777905409541
-1 0.0 0 0 0.005478828144757911
41 2.5 20 21 0.028051515501474205
-1 0.0 0 0 -0.004346518469450062
-1 0.0 0 0 0.004024805094571761
7 0.7325000166893005 23 28 0.031970314645903
7 0.2175000011920929 24 25 0.03736919254725704
-1 0.0 0 0 0.008526566356000515
0 11.176949501037598 26 27 0.013386321163084514
-1 0.0 0 0 0.002536834688473436
-1 0.0 0 0 -0.011642384013919045
-1 0.0 0 0 -0.026852585115091754
nodes 29
101 118.5 1 28 0.0
71 89.5 2 25 0.0022691739874919794
2 11.334516525268555 3 24 0.004327209874686045
29 89.5 4 23 0.00019813010564786614
58 98.5 5 22 0.0028458371902627755
11 111.5 6 21 0.005144805942393351
6 1.003570556640625 7 20 0.006053373179308965
2 10.583043098449707 8 9 -0.0019280889588678208
-1 0.0 0 0 -0.004103626437532118
129 94.5 10 17 0.006797556662025043
113 117.5 11 16 0.012554408748182762
17 95.5 12 15 0.01769889341252208
100 103.5 13 14 0.023913421646330264
-1 0.0 0 0 0.0027767789379151927
-1 0.0 0 0 -0.011349115183278765
-1 0.0 0 0 -0.005709106719063165
-1 0.0 0 0 -0.007744947347083645
30 14.5 18 19 -0.06851730735102833
-1 0.0 0 0 -0.014778356457838138
-1 0.0 0 0 0.0007015559242985873
-1 0.0 0 0 0.003367088270132878
-1 0.0 0 0 -0.023300391679206063
-1 0.0 0 0 -0.009744717094456665
-1 0.0 0 0 -0.008739656343120237
-1 0.0 0 0 0.006028104037122124
119 43.5 26 27 -0.10093350281185955
-1 0.0 0 0 -0.017036570296051372
-1 0.0 0 0 0.009289164128382908
-1 0.0 0 0 -0.008524997969811529
nodes 29
45 113.5 1 26 0.0
21 111.5 2 25 0.0025863324985531295
13 8.5 3 20 0.00443334790384372
6 1.014758825302124 4 17 -0.006351134683024116
9 6.5 5 6 -0.014438041279491822
-1 0.0 0 0 -0.004675153486276624
9 80.5 7 14 -0.002491721445958106
17 99.5 8 13 0.0089239654529511
2 10.610464096069336 9 10 0.015641233747231066
-1 0.0 0 0 -0.003122826542556946
5 1.9654948711395264 11 12 0.02830408460629178
-1 0.0 0 0 0.002024445331245704
-1 0.0 0 0 0.011668194799266323
-1 0.0 0 0 -0.006668239474628756
119 34.5 15 16 -0.05450284813495065
-1 0.0 0 0 -0.011377531256943933
-1 0.0 0 0 -2.91565158030833e-05
7 0.737500011920929 18 19 0.02870745598883125
-1 0.0 0 0 0.00338725037683829
-1 0.0 0 0 -0.027725741855455413
121 99.5 21 22 0.027467434633349944
-1 0.0 0 0 0.003492287893237668
65 30.5 23 24 -0.060360568033363926
-1 0.0 0 0 -0.017680447713184385
-1 0.0 0 0 -0.0002913818204821627
-1 0.0 0 0 -0.010928909352190281
23 27.5 27 28 -0.07552386709950586
-1 0.0 0 0 -0.015072687309203844
-1 0.0 0 0 0.0003678193769701466
nodes 29
26 116.5 1 28 0.0
18 12.5 2 15 0.0016970857110050375
65 58.5 3 4 -0.013953393466938541
-1 0.0 0 0 -0.005671002844800228
57 33.5 5 6 0.011295881154948244
-1 0.0 0 0 -0.011409572322528568
119 71.5 7 14 0.019445885893652554
2 10.623130798339844 8 9 0.02485582124789458
-1 0.0 0 0 -0.0015633388359097276
115 27.5 10 13 0.042850742110772715
31 16.5 11 12 -0.025028339917391385
-1 0.0 0 0 -0.018677268919817747
-1 0.0 0 0 0.0011419810721324667
-1 0.0 0 0 0.006856260493756188
-1 0.0 0 0 -0.013958540607739288
73 65.5 16 21 0.014716782750225189
123 6.5 17 18 -0.012403069114095003
-1 0.0 0 0 -0.004868861976402058
45 16.5 19 20 0.03289486667686047
-1 0.0 0 0 -0.0012538342375752994
-1 0.0 0 0 0.007658895851444094
49 37.5 22 23 0.034555001564930916
-1 0.0 0 0 -0.006785619929902094
2 11.00231647491455 24 25 0.04271680504934453
-1 0.0 0 0 0.002208258722690615
27 18.5 26 27 0.10127958586377095
-1 0.0 0 0 -0.002991980586369221
-1 0.0 0 0 0.013494935878747928
-1 0.0 0 0 -0.01110919112765553
nodes 29
6 0.9378917813301086 1 2 0.0
-1 0.0 0 0 -0.002205257561586927
2 11.334516525268555 3 26 0.008676467986397948
42 17.5 4 11 0.004475063949207156
72 26.5 5 8 -0.009004056330131913
87 43.5 6 7 -0.03422930235064764
-1 0.0 0 0 -0.005350609269782572
-1 0.0 0 0 0.0005412743953021284
89 76.5 9 10 0.01870494350124151
-1 0.0 0 0 -0.0035892155723553387
-1 0.0 0 0 0.003928096857901616
81 58.5 12 17 0.022882589619421235
76 25.5 13 14 -0.020871145080051265
-1 0.0 0 0 -0.006655395787444999
83 34.5 15 16 0.0626427470597089
-1 0.0 0 0 -0.0060026966927312865
-1 0.0 0 0 0.010857634040286683
126 18.5 18 21 0.03954607023682487
67 71.5 19 20 -0.0019164837789589723
-1 0.0 0 0 -0.005104691027728376
-1 0.0 0 0 0.006514356914819217
2 9.992962837219238 22 23 0.061596610327037185
-1 0.0 0 0 -0.011350599923922388
6 1.0 24 25 0.07215309432472275
-1 0.0 0 0 0.005374295515765002
-1 0.0 0 0 0.014808355155398318
99 123.5 27 28 0.07406932372823692
-1 0.0 0 0 0.008018115648494388
-1 0.0 0 0 -0.05623872063147861
nodes 29
43 93.5 1 28 0.0
50 84.5 2 23 0.0016509844202112754
54 92.5 3 14 -0.006241177012709827
121 70.5 4 13 -0.018514347329813097
87 56.5 5 10 -0.009049629313966847
123 44.5 6 7 -0.022705988980273945
-1 0.0 0 0 -0.006044030069708651
84 43.5 8 9 0.0149036670612181
-1 0.0 0 0 -0.005333438988688959
-1 0.0 0 0 0.003888949323616917
49 33.5 11 12 0.027073483982796607
-1 0.0 0 0 -0.014880541989907292
-1 0.0 0 0 0.00400384193350284
-1 0.0 0 0 -0.007340257278289304
41 85.5 15 22 0.022989684500622765
75 97.5 16 21 0.03662126747794998
23 16.5 17 18 0.04506385917239874
-1 0.0 0 0 -0.007180935872522336
2 11.204346656799316 19 20 0.05598891515160359
-1 0.0 0 0 0.004140533232236938
-1 0.0 0 0 0.015019268431272529
-1 0.0 0 0 -0.015191882372219044
-1 0.0 0 0 -0.009942497216544596
20 15.5 24 25 0.025658608359516725
-1 0.0 0 0 -0.0006317947542149521
65 76.5 26 27 0.062197875254105084
-1 0.0 0 0 0.007645188640757071
-1 0.0 0 0 -0.007359729698215871
-1 0.0 0 0 -0.010783098083382549
nodes 29
33 2.5 1 6 0.0
127 25.5 2 3 -0.02290033126920545
-1 0.0 0 0 -0.005891373643149051
70 19.5 4 5 0.00115318869063019
-1 0.0 0 0 -0.003219302380093088
-1 0.0 0 0 0.003600385585483195
2 11.229341506958008 7 22 0.007637071578579567
6 1.0079162120819092 8 21 -9.124192789407144e-05
33 89.5 9 18 -0.008487076792299883
27 57.5 10 15 -0.00252036131026119
97 74.5 11 12 -0.014503801689377096
-1 0.0 0 0 -0.004484348396451115
93 28.5 13 14 0.012685330636286614
-1 0.0 0 0 0.002360234470240507
-1 0.0 0 0 -0.01375847495118254
41 41.5 16 17 0.03142973658232745
-1 0.0 0 0 -0.00945034157040042
-1 0.0 0 0 0.005123944593073917
115 76.5 19 20 -0.06470399686859836
-1 0.0 0 0 -0.011433221628216379
-1 0.0 0 0 0.003712421243234472
-1 0.0 0 0 0.0034135670186959456
103 12.5 23 24 0.04820748958606449
-1 0.0 0 0 0.0010382205617686993
73 6.5 25 28 0.08753661861944752
31 16.5 26 27 -0.028479022560333047
-1 0.0 0 0 -0.019964240163929586
-1 0.0 0 0 0.0069903961716986755
-1 0.0 0 0 0.011255541166558202
nodes 29
70 112.5 1 28 0.0
102 40.5 2 21 0.002048230480245234
57 93.5 3 12 -0.006966181537084681
51 58.5 4 7 -0.026820670002590762
86 9.5 5 6 -0.05359911235855278
-1 0.0 0 0 -0.009188998883729064
-1 0.0 0 0 -0.003395384327104014
81 56.5 8 9 0.010614654955968066
-1 0.0 0 0 -0.012973880722061903
60 41.5 10 11 0.028303621865972996
-1 0.0 0 0 -0.005241461184206932
-1 0.0 0 0 0.004455759673527943
98 18.5 13 16 0.016121118020434484
63 24.5 14 15 -0.022624897447511734
-1 0.0 0 0 -0.008856756325262824
-1 0.0 0 0 0.00182626521601515
2 10.647993087768555 17 18 0.039958673877908614
-1 0.0 0 0 -0.0016119275898710706
22 28.5 19 20 0.0632721279865568
-1 0.0 0 0 0.001869322769328217
-1 0.0 0 0 0.009478655864506167
113 123.5 22 27 0.024694632968413684
105 10.5 23 24 0.029305925809092123
-1 0.0 0 0 -0.0007169454500414197
18 34.5 25 26 0.05001905927511451
-1 0.0 0 0 0.001705852425999946
-1 0.0 0 0 0.008118573912915053
-1 0.0 0 0 -0.013939842560992214
-1 0.0 0 0 -0.008333083815082949
nodes 29
6 0.9347646832466125 1 6 0.0
46 36.5 2 5 -0.021148789169985922
121 103.5 3 4 -0.03554662645529221
-1 0.0 0 0 -0.0029215862055209994
-1 0.0 0 0 -0.01592883760058354
-1 0.0 0 0 0.0015047798578523468
2 11.606361389160156 7 28 0.00784570607147154
11 91.5 8 27 0.006993617078353053
100 104.5 9 24 0.008490700898567394
100 8.5 10 19 0.010996129089013956
15 11.5 11 18 -0.0018441891165349006
102 49.5 12 15 -0.016856703121982397
107 22.5 13 14 -0.03593266809034901
-1 0.0 0 0 -0.005394224900895954
-1 0.0 0 0 0.000997462382663624
119 23.5 16 17 0.017573780186521448
-1 0.0 0 0 -0.007399375599889352
-1 0.0 0 0 0.0037717251810655884
-1 0.0 0 0 0.0022498507027458522
34 6.5 20 21 0.02887442765436073
-1 0.0 0 0 0.0002758093690219579
17 102.5 22 23 0.05575407826881081
-1 0.0 0 0 0.006235709295264225
-1 0.0 0 0 -0.00931926136156492
27 30.5 25 26 -0.07608097057303874
-1 0.0 0 0 -0.01572679422448757
-1 0.0 0 0 0.000563148311609165
-1 0.0 0 0 -0.01432843077007713
-1 0.0 0 0 0.028189515568582076
nodes 29
112 16.5 1 16 0.0
40 4.5 2 9 -0.010005522990689
73 89.5 3 6 -0.035896396164123524
91 56.5 4 5 -0.05418118058437115
-1 0.0 0 0 -0.006789357806780163
-1 0.0 0 0 0.0006461564179697362
49 49.5 7 8 0.004152274148824979
-1 0.0 0 0 -0.013970459268410812
-1 0.0 0 0 0.0018456990738216078
71 89.5 10 15 0.0031667916551869723
4 0.9234775900840759 11 14 0.006355227655507935
8 42.5 12 13 -0.011219975833949623
-1 0.0 0 0 -0.0036570327071309724
-1 0.0 0 0 0.0013805607858134433
-1 0.0 0 0 0.0026448546649716995
-1 0.0 0 0 -0.011332022614203456
128 3.5 17 18 0.016150353544938153
-1 0.0 0 0 -0.0029654854417860838
129 114.5 19 28 0.027360129922874718
56 24.5 20 27 0.03148778662287257
108 14.5 21 26 0.01070864412276172
30 97.5 22 25 -0.0007938517771302145
106 7.5 23 24 0.003425795098017187
-1 0.0 0 0 -0.001491605923662483
-1 0.0 0 0 0.0047117058002621205
-1 0.0 0 0 -0.02513453369863542
-1 0.0 0 0 0.0071573442600900115
-1 0.0 0 0 0.0058946132521039375
-1 0.0 0 0 -0.010126111661691854
nodes 29
6 1.014758825302124 1 26 0.0
2 11.0372896194458 2 9 -0.005725207791225621
125 71.5 3 8 -0.02026297953186164
1 8.570734024047852 4 5 -0.016359433030216395
-1 0.0 0 0 -0.020459480711523894
8 43.5 6 7 -0.01432270020892473
-1 0.0 0 0 -0.0025757096274461257
-1 0.0 0 0 0.0016546519158064225
-1 0.0 0 0 -0.01220110433964536
5 1.3913120031356812 10 23 0.016093568669128738
1 11.314669609069824 11 22 0.002415461809649009
79 80.5 12 21 -0.0035240307856192745
80 12.5 13 16 0.001261039876738857
45 6.5 14 15 -0.032481730254130994
-1 0.0 0 0 -0.01198522287110119
-1 0.0 0 0 -0.00031304855602697903
49 53.5 17 20 0.021948071425406758
64 19.5 18 19 -0.012958157000639367
-1 0.0 0 0 -0.012565432301581176
-1 0.0 0 0 0.0028424212975397046
-1 0.0 0 0 0.005100770569285598
-1 0.0 0 0 -0.013864092993746267
-1 0.0 0 0 0.010142871373588675
17 118.5 24 25 0.07293401513882163
-1 0.0 0 0 0.008419805304638565
-1 0.0 0 0 -0.018433845723353205
7 0.762499988079071 27 28 0.029036420524415046
-1 0.0 0 0 0.003240663601662086
-1 0.0 0 0 -0.02998516753083095
nodes 29
44 113.5 1 28 0.0
76 26.5 2 21 0.0017182377164798998
49 80.5 3 10 -0.0076389588796339
54 92.5 4 7 -0.030014815561999354
60 86.5 5 6 -0.053894180138696415
-1 0.0 0 0 -0.006984909239401373
-1 0.0 0 0 -0.0008917721380128975
89 105.5 8 9 0.012908478666162983
-1 0.0 0 0 -0.006147082249659278
-1 0.0 0 0 0.004361057352406446
80 19.5 11 14 0.013693678477166725
51 30.5 12 13 -0.03933769824583672
-1 0.0 0 0 -0.010078879176763127
-1 0.0 0 0 0.00023493520223711028
26 22.5 15 16 0.02785790682534158
-1 0.0 0 0 0.0002548526141280731
93 7.5 17 18 0.05434045725424281
-1 0.0 0 0 -0.0012404177158907232
20 4.5 19 20 0.07901113212431832
-1 0.0 0 0 0.000248241183140724
-1 0.0 0 0 0.009967187092157043
114 13.5 22 23 0.0218615706491967
-1 0.0 0 0 -0.0007126894864705312
124 9.5 24 25 0.045430437139236834
-1 0.0 0 0 -0.0014512598103356659
65 25.5 26 27 0.06900268925685353
-1 0.0 0 0 -0.003504233193086212
-1 0.0 0 0 0.008278383914312659
-1 0.0 0 0 -0.009392784206858205
nodes 29
48 112.5 1 28 0.0
48 6.5 2 5 0.0017058402549065398
110 62.5 3 4 -0.01898510102217103
-1 0.0 0 0 -0.0014501369816477018
-1 0.0 0 0 -0.016317050147930917
2 11.229341506958008 6 25 0.009444031164525387
6 1.0042262077331543 7 24 0.0023944540562578697
78 19.5 8 21 -0.007434748131423302
27 57.5 9 16 -0.01741305170474464
105 84.5 10 15 -0.03632572930445941
76 26.5 11 14 -0.02707854578893099
95 49.5 12 13 -0.049299699736358435
-1 0.0 0 0 -0.009500463236975875
-1 0.0 0 0 -0.0015596341179729314
-1 0.0 0 0 0.0005429213327917373
-1 0.0 0 0 -0.012298588212418294
73 78.5 17 18 0.012516351581462092
-1 0.0 0 0 -0.004111898919478627
2 10.610464096069336 19 20 0.03543628319722215
-1 0.0 0 0 -0.0014782379458613878
-1 0.0 0 0 0.006540962973120615
55 77.5 22 23 0.023756166056572332
-1 0.0 0 0 -0.0006501277601342996
-1 0.0 0 0 0.006644507229364053
-1 0.0 0 0 0.003852352829150685
5 2.059514045715332 26 27 0.047152644462052494
-1 0.0 0 0 0.0038659166071956016
-1 0.0 0 0 0.022174886015271383
-1 0.0 0 0 -0.00944423002456312
nodes 29
20 94.5 1 28 0.0
77 117.5 2 27 0.0026059011472056286
12 1.5 3 14 0.004768474605600039
6 1.0079162120819092 4 13 -0.008739720894131072
77 29.5 5 12 -0.019453929506322926
127 61.5 6 9 -0.031828641352963115
33 3.5 7 8 -0.05299351041334638
-1 0.0 0 0 -0.010376949655636007
-1 0.0 0 0 -0.00343668840928974
70 15.5 10 11 0.008841916314941849
-1 0.0 0 0 -0.004447660450311643
-1 0.0 0 0 0.005319571322312894
-1 0.0 0 0 0.0018310451173952067
-1 0.0 0 0 0.0024522150124698227
11 70.5 15 26 0.016773054480645498
71 110.5 16 25 0.020228800549667966
113 6.5 17 18 0.021823209983018864
-1 0.0 0 0 -0.0010498619039175834
121 104.5 19 24 0.03241789441448931
2 10.939213752746582 20 21 0.0382874124578048
-1 0.0 0 0 0.001502398579193166
5 1.3305073976516724 22 23 0.05725752238408567
-1 0.0 0 0 0.0036509393334995914
-1 0.0 0 0 0.011311324370821272
-1 0.0 0 0 -0.005188666909155477
-1 0.0 0 0 -0.019250029556569643
-1 0.0 0 0 -0.009141393035123334
-1 0.0 0 0 -0.007402286936480289
-1 0.0 0 0 -0.006266011099789283
nodes 29
26 109.5 1 28 0.0
78 119.5 2 27 0.001937306254614491
37 100.5 3 26 0.0034224447401610706
117 89.5 4 25 0.00495811731278985
125 103.5 5 24 0.0073390072734932
2 11.16913890838623 6 13 0.009388690440370448
6 1.003570556640625 7 12 0.002412186793035195
8 37.5 8 11 -0.007026646053977293
4 0.9148697853088379 9 10 -0.02919170352120188
-1 0.0 0 0 -0.008234671845739934
-1 0.0 0 0 -0.0012114296882291492
-1 0.0 0 0 0.0006923664974394016
-1 0.0 0 0 0.0030881264014431284
1 10.666044235229492 14 15 0.037898356372526636
-1 0.0 0 0 0.018106830921968766
70 111.5 16 23 0.02851520609191764
17 119.5 17 22 0.03360978492645789
73 4.5 18 21 0.03912587136976375
116 12.5 19 20 -0.03258737384771624
-1 0.0 0 0 -0.017817137088377424
-1 0.0 0 0 0.0029819697889107
-1 0.0 0 0 0.005200707996335405
-1 0.0 0 0 -0.01377191261552014
-1 0.0 0 0 -0.014160607651458929
-1 0.0 0 0 -0.008839946347197165
-1 0.0 0 0 -0.00664694479165933
-1 0.0 0 0 -0.010157146440082856
-1 0.0 0 0 -0.010328232079310572
-1 0.0 0 0 -0.007961302161062226
nodes 29
52 105.5 1 28 0.0
1 8.898092269897461 2 3 0.00203325040934762
-1 0.0 0 0 -0.006308716870890381
6 0.9378917813301086 4 5 0.00445656213041139
-1 0.0 0 0 -0.0016235716905786347
69 123.5 6 27 0.012921632537965145
39 93.5 7 26 0.01504167136690457
82 97.5 8 25 0.016581049617895454
38 80.5 9 24 0.018810999760204103
28 117.5 10 23 0.020562655881000303
2 11.341496467590332 11 20 0.02330551702314906
21 77.5 12 19 0.0196294001275657
110 48.5 13 18 0.0229571928391752
100 90.5 14 17 0.02596397529979959
131 88.5 15 16 0.02907452170031039
-1 0.0 0 0 0.0030646699632150796
-1 0.0 0 0 -0.012776245505135092
-1 0.0 0 0 -0.004830421024288606
-1 0.0 0 0 -0.005300024215542176
-1 0.0 0 0 -0.005303751853279116
99 123.5 21 22 0.08596787601427612
-1 0.0 0 0 0.009247200118189568
-1 0.0 0 0 -0.06333401888195012
-1 0.0 0 0 -0.006524565598373629
-1 0.0 0 0 -0.011400714204773486
-1 0.0 0 0 -0.008443302654963177
-1 0.0 0 0 -0.013159041596723523
-1 0.0 0 0 -0.009922078173336674
-1 0.0 0 0 -0.007558642907124955
nodes 29
58 114.5 1 28 0.0
129 10.5 2 11 0.0012406928793185035
27 57.5 3 4 -0.012428813884226649
-1 0.0 0 0 -0.002845458008655344
76 100.5 5 10 0.012603211588003621
42 9.5 6 7 0.0179283969772271
-1 0.0 0 0 -0.006209808461222205
2 10.073399543762207 8 9 0.029471512946686478
-1 0.0 0 0 -0.005485180986329397
-1 0.0 0 0 0.004349744984511027
-1 0.0 0 0 -0.016526038999820965
9 6.5 12 15 0.011917297109371665
32 38.5 13 14 -0.012450201979558366
-1 0.0 0 0 -0.004108513937961895
-1 0.0 0 0 0.0016858703714791965
2 10.892638206481934 16 19 0.028156868656292657
122 110.5 17 18 0.0023734819995862456
-1 0.0 0 0 0.0009411202129378962
-1 0.0 0 0 -0.01412223178823152
129 120.5 20 27 0.044135089275729025
109 54.5 21 26 0.04939891795246514
127 62.5 22 25 0.05737820951537395
57 59.5 23 24 0.04395790168914323
-1 0.0 0 0 0.00028688101752549896
-1 0.0 0 0 0.007703390947388704
-1 0.0 0 0 0.010928041424902606
-1 0.0 0 0 -0.0036761682325181103
-1 0.0 0 0 -0.01290690201919936
-1 0.0 0 0 -0.011504253715829388
nodes 29
30 116.5 1 28 0.0
118 92.5 2 27 0.0016931512270159175
21 77.5 3 26 0.004077645583276985
86 23.5 4 21 0.007065513653888175
131 7.5 5 14 -0.00264718208065495
68 26.5 6 9 -0.014467400984452731
58 51.5 7 8 -0.0344932249187234
-1 0.0 0 0 -0.0022682815468315818
-1 0.0 0 0 -0.009417830712068802
11 2.5 10 11 0.009920584814910776
-1 0.0 0 0 -0.0035276781397870654
76 106.5 12 13 0.02992140734146882
-1 0.0 0 0 0.0037439409191159577
-1 0.0 0 0 -0.016831144747606983
76 36.5 15 18 0.018604023520669706
60 78.5 16 17 -0.005556158165551805
-1 0.0 0 0 -0.0026238812283861388
-1 0.0 0 0 0.006085675161676603
100 98.5 19 20 0.05140883606876608
-1 0.0 0 0 0.006034281771095486
-1 0.0 0 0 -0.013397720739766042
78 102.5 22 25 0.026867962133624936
128 4.5 23 24 0.033199527944974466
-1 0.0 0 0 -0.00039912957177329643
-1 0.0 0 0 0.0047191105097902355
-1 0.0 0 0 -0.005312580818386714
-1 0.0 0 0 -0.005549205052480853
-1 0.0 0 0 -0.005873640194407795
-1 0.0 0 0 -0.008385815051509793
nodes 29
12 66.5 1 28 0.0
1 11.290956497192383 2 27 0.001712773387022219
6 1.003570556640625 3 22 1.8711749683439223e-05
101 121.5 4 21 -0.006718232067500643
45 18.5 5 14 -0.004926687549520835
50 50.5 6 7 -0.016321848571831443
-1 0.0 0 0 -0.003969153138783308
81 38.5 8 9 0.0066602811408595685
-1 0.0 0 0 -0.014735369903367605
116 73.5 10 13 0.014329060153695254
0 11.120475769042969 11 12 0.017686672040504125
-1 0.0 0 0 -0.00018429545041717872
-1 0.0 0 0 0.006419979606598203
-1 0.0 0 0 -0.027160756642115303
55 43.5 15 18 0.012764779798747366
77 99.5 16 17 -0.012681932515385479
-1 0.0 0 0 4.821554399423841e-06
-1 0.0 0 0 -0.014914056162920707
57 35.5 19 20 0.0424916896607759
-1 0.0 0 0 -0.008708908543031682
-1 0.0 0 0 0.005343919337032498
-1 0.0 0 0 -0.01323735890769762
0 11.402329444885254 23 26 0.023468539252132003
7 0.6025000214576721 24 25 0.028470360254836444
-1 0.0 0 0 0.0036108887520039275
-1 0.0 0 0 -0.007097925951781558
-1 0.0 0 0 -0.015118459859603271
-1 0.0 0 0 0.008911500609240052
-1 0.0 0 0 -0.008132529363583534
nodes 29
43 103.5 1 26 0.0
26 109.5 2 25 0.0011841788132189398
124 116.5 3 24 0.002985590075158857
48 110.5 4 23 0.004738176023206928
2 11.229341506958008 5 16 0.006487730075178541
6 1.014758825302124 6 15 0.0014074715470944658
8 51.5 7 14 -0.005304097968829184
2 10.138045310974121 8 9 -0.009602397913781967
-1 0.0 0 0 -0.007881268831169139
125 71.5 10 13 -0.006108062884505188
100 98.5 11 12 -0.0024893816986949393
-1 0.0 0 0 3.529773773576479e-05
-1 0.0 0 0 -0.009511189320317082
-1 0.0 0 0 -0.007880089425683688
-1 0.0 0 0 0.0050642507490506585
-1 0.0 0 0 0.003048675215093766
1 10.851470947265625 17 20 0.036736140565599054
4 0.8113903403282166 18 19 0.156956296028684
-1 0.0 0 0 -0.002085787105103228
-1 0.0 0 0 0.023481902136483306
125 114.5 21 22 0.02664971635985323
-1 0.0 0 0 0.0031839582224014278
-1 0.0 0 0 -0.020006547665349792
-1 0.0 0 0 -0.008067784550943534
-1 0.0 0 0 -0.007854182726483512
-1 0.0 0 0 -0.007285382405251168
87 82.5 27 28 -0.1099182669548493
-1 0.0 0 0 -0.006335718969520227
-1 0.0 0 0 -0.03771526188324009
nodes 29
45 113.5 1 28 0.0
29 77.5 2 25 0.002118795828860855
70 112.5 3 24 0.004814152731672974
102 37.5 4 19 0.00677970052856795
57 93.5 5 10 -0.0014664331277039863
59 94.5 6 7 -0.020515906023709386
-1 0.0 0 0 -0.004160112570776774
31 66.5 8 9 0.01611201097063931
-1 0.0 0 0 0.0023573408800216223
-1 0.0 0 0 -0.015335437764230029
98 12.5 11 14 0.01990441405907428
63 65.5 12 13 -0.025871341216101237
-1 0.0 0 0 -0.0063110449337180925
-1 0.0 0 0 0.0033388906755223153
2 11.009324073791504 15 16 0.03727542145051101
-1 0.0 0 0 0.0016042291789520322
31 1.5 17 18 0.08189338667820581
-1 0.0 0 0 -0.007903413546504657
-1 0.0 0 0 0.009810314595775315
118 14.5 20 21 0.025797245019248145
-1 0.0 0 0 -0.0004013123979216924
87 40.5 22 23 0.047466020449006045
-1 0.0 0 0 0.00018717472079203825
-1 0.0 0 0 0.007115192955298321
-1 0.0 0 0 -0.007119016509388104
17 3.5 26 27 -0.05445570783510366
-1 0.0 0 0 -0.021839888051615092
-1 0.0 0 0 -0.0035146432683542035
-1 0.0 0 0 -0.006187126042042724
nodes 29
74 118.5 1 28 0.0
33 7.5 2 11 0.0008412602163388978
127 49.5 3 8 -0.013813238751319738
51 65.5 4 7 -0.03159132927106046
64 61.5 5 6 -0.04904914346494848
-1 0.0 0 0 -0.00981987676456495
-1 0.0 0 0 -0.0008064243563650225
-1 0.0 0 0 0.0008361180843701535
48 16.5 9 10 0.010471305308034102
-1 0.0 0 0 -0.0032783779610172925
-1 0.0 0 0 0.0032779572865485164
33 89.5 12 25 0.009592437118462464
60 82.5 13 22 0.016372804659246582
72 14.5 14 15 0.007143504494213508
-1 0.0 0 0 -0.0033787629630052346
90 67.5 16 17 0.020471779541638525
-1 0.0 0 0 -0.00018259497801226195
2 10.575870513916016 18 19 0.04266207276945226
-1 0.0 0 0 -0.003323976638432414
84 32.5 20 21 0.06268596621863515
-1 0.0 0 0 -0.000654899674041424
-1 0.0 0 0 0.008367703095986636
65 93.5 23 24 0.046973451955408384
-1 0.0 0 0 0.006002488097753369
-1 0.0 0 0 -0.010359760001476778
115 76.5 26 27 -0.035417011845739796
-1 0.0 0 0 -0.0069886052918489115
-1 0.0 0 0 0.004238760600961601
-1 0.0 0 0 -0.015022888942575084
nodes 29
6 0.9280412793159485 1 2 0.0
-1 0.0 0 0 -0.001973095588266457
2 11.334516525268555 3 28 0.006474251797570146
99 82.5 4 27 0.0030818808783840963
1 9.072112083435059 5 6 0.005020920394297248
-1 0.0 0 0 -0.004790835940563392
6 1.014758825302124 7 26 0.00851368784123523
2 10.7899169921875 8 9 0.0013672953708694752
-1 0.0 0 0 -0.0020972424591043227
5 1.2712340354919434 10 13 0.014258207136246348
112 1.5 11 12 -0.007752216025058704
-1 0.0 0 0 -0.006681760144076206
-1 0.0 0 0 0.0008297256802913728
33 16.5 14 19 0.04462979578749013
127 20.5 15 18 0.01143548637817173
64 81.5 16 17 -0.033630032229006526
-1 0.0 0 0 -0.011013172910002462
-1 0.0 0 0 0.004332374295576019
-1 0.0 0 0 0.0059793462965783105
122 29.5 20 23 0.07459046471757075
65 52.5 21 22 0.03973667114998295
-1 0.0 0 0 0.012183562748653471
-1 0.0 0 0 -0.0013062904054550952
97 41.5 24 25 0.1295353142305411
-1 0.0 0 0 -0.001185270688308972
-1 0.0 0 0 0.01677482929099008
-1 0.0 0 0 0.0037344386270368474
-1 0.0 0 0 -0.008760909985384311
-1 0.0 0 0 0.005814580308524434
nodes 29
20 94.5 1 28 0.0
24 101.5 2 27 0.0022722221466810384
56 12.5 3 4 0.004372036070045042
-1 0.0 0 0 -0.0014400599562860283
40 26.5 5 24 0.012712145509212285
116 119.5 6 23 0.004733494706847187
113 71.5 7 18 0.007012209016474121
126 25.5 8 13 0.015008897370200114
97 76.5 9 10 -0.0026511085813204997
-1 0.0 0 0 -0.0031315663509360347
27 44.5 11 12 0.028781712509335512
-1 0.0 0 0 0.00395925698074993
-1 0.0 0 0 -0.011252236073468211
26 22.5 14 15 0.03542467477117248
-1 0.0 0 0 0.0007988380714256191
61 16.5 16 17 0.07033358963219875
-1 0.0 0 0 0.001484796228692007
-1 0.0 0 0 0.00969728399665835
59 77.5 19 20 -0.02553412605597149
-1 0.0 0 0 -0.006759169490330445
103 110.5 21 22 0.017002651015493284
-1 0.0 0 0 0.003139525478795058
-1 0.0 0 0 -0.021355263298968766
-1 0.0 0 0 -0.012415363622614087
45 0.5 25 26 0.04538353893934835
-1 0.0 0 0 -0.00197278605806263
-1 0.0 0 0 0.005955763922128358
-1 0.0 0 0 -0.0061932088338653565
-1 0.0 0 0 -0.005463664199133382
nodes 29
114 113.5 1 26 0.0
44 113.5 2 25 0.0016359459994829014
98 114.5 3 24 0.0031934001836906763
90 83.5 4 19 0.004655906980906332
25 81.5 5 18 -0.0015977519404725834
116 88.5 6 17 0.0046838517852356805
78 102.5 7 16 0.008847213195325153
96 17.5 8 15 0.011809622767630356
49 53.5 9 10 -0.009173319599178026
-1 0.0 0 0 -0.00577426349611514
77 96.5 11 14 0.007976889509917706
80 21.5 12 13 0.014524251087691968
-1 0.0 0 0 -0.0048053686326518415
-1 0.0 0 0 0.002957497663148588
-1 0.0 0 0 -0.017360079151915148
-1 0.0 0 0 0.0024161591134969265
-1 0.0 0 0 -0.00758804534570797
-1 0.0 0 0 -0.005690403602959923
-1 0.0 0 0 -0.005211881472614858
124 26.5 20 23 0.0315526587372482
30 33.5 21 22 0.0030288406261255855
-1 0.0 0 0 -0.0018670131006667118
-1 0.0 0 0 0.006718485614057985
-1 0.0 0 0 0.008323234394965117
-1 0.0 0 0 -0.008392640429707846
-1 0.0 0 0 -0.008359909422127892
68 85.5 27 28 -0.07323067946593058
-1 0.0 0 0 -0.005558164274940889
-1 0.0 0 0 -0.039506605488485565
nodes 29
34 103.5 1 28 0.0
118 92.5 2 25 0.0011375929987885718
129 10.5 3 14 0.0033147853747941005
19 48.5 4 7 -0.00948793034671076
67 111.5 5 6 -0.02592332493340273
-1 0.0 0 0 -0.0021649047997277008
-1 0.0 0 0 -0.015359464508782093
76 103.5 8 13 0.012783597951639353
41 41.5 9 10 0.017747979500642608
-1 0.0 0 0 -0.006594406973270931
2 10.623130798339844 11 12 0.026630628928764766
-1 0.0 0 0 -0.0011570970664181778
-1 0.0 0 0 0.005603274067988402
-1 0.0 0 0 -0.013491387222520697
9 6.5 15 16 0.01349722413221556
-1 0.0 0 0 -0.0006641842731233603
60 82.5 17 22 0.027384585065442273
46 42.5 18 19 0.016169962768440294
-1 0.0 0 0 -0.00037607445798640624
89 83.5 20 21 0.05365806985289101
-1 0.0 0 0 -0.0008375035731314085
-1 0.0 0 0 0.007710828210778356
65 98.5 23 24 0.07296237359948499
-1 0.0 0 0 0.009371365611421241
-1 0.0 0 0 -0.017180735187882847
88 13.5 26 27 -0.054763946142607434
-1 0.0 0 0 -0.020858705309347775
-1 0.0 0 0 -0.0032683568839906962
-1 0.0 0 0 -0.010559407333332984
nodes 29
28 117.5 1 28 0.0
101 115.5 2 27 0.0019198882371981095
6 0.9378917813301086 3 4 0.004043792372161744
-1 0.0 0 0 -0.0014188102989650742
2 11.606361389160156 5 26 0.01123893901014274
11 91.5 6 25 0.01045661465878747
60 57.5 7 18 0.011765297051669487
57 59.5 8 13 0.0033597062049542862
49 80.5 9 10 -0.022248139658968966
-1 0.0 0 0 -0.007248738032570369
41 65.5 11 12 0.005371357992736531
-1 0.0 0 0 -0.008107884448936956
-1 0.0 0 0 0.002554810100368532
97 44.5 14 15 0.019059060623134564
-1 0.0 0 0 -0.004373825309840834
2 10.942526817321777 16 17 0.03158704179035701
-1 0.0 0 0 0.0007948013347723049
-1 0.0 0 0 0.007293934173030802
88 22.5 19 20 0.03400476794963484
-1 0.0 0 0 -0.010457052452550995
2 10.213432312011719 21 22 0.04443850064619701
-1 0.0 0 0 -0.0057011981894325115
27 41.5 23 24 0.056279112602271475
-1 0.0 0 0 1.0586405360756638e-05
-1 0.0 0 0 0.008002777347043504
-1 0.0 0 0 -0.012534768278375142
-1 0.0 0 0 0.02575646152727322
-1 0.0 0 0 -0.005911261518210014
-1 0.0 0 0 -0.006143289576747083
nodes 29
6 1.014758825302124 1 28 0.0
2 10.861591339111328 2 7 -0.004932207330832007
20 78.5 3 6 -0.02393616879040116
1 9.207636833190918 4 5 -0.019631940208492425
-1 0.0 0 0 -0.010711422578408025
-1 0.0 0 0 -0.0014540776788676641
-1 0.0 0 0 -0.013871424538601263
5 1.3305073976516724 8 23 0.007288847847807805
105 3.5 9 10 -0.007903563647653392
-1 0.0 0 0 -0.004792266850679481
119 33.5 11 22 0.002755678581898014
83 55.5 12 17 -0.01432464446438769
50 82.5 13 16 -0.04192610273635525
23 36.5 14 15 -0.06262828603492174
-1 0.0 0 0 -0.010219283501586388
-1 0.0 0 0 -0.0019558017524022708
-1 0.0 0 0 0.002013138985294954
53 27.5 18 19 0.03122181145815153
-1 0.0 0 0 -0.0023429049463716193
89 56.5 20 21 0.06841434256223904
-1 0.0 0 0 -0.00456252030459384
-1 0.0 0 0 0.010104299338459286
-1 0.0 0 0 0.003398475646294856
4 0.7943466305732727 24 25 0.04234444846174606
-1 0.0 0 0 -0.0012672021810169205
5 2.2394375801086426 26 27 0.06144768789528789
-1 0.0 0 0 0.004404814582256912
-1 0.0 0 0 0.013211183603646787
-1 0.0 0 0 0.0025014575815734456
nodes 29
82 92.5 1 28 0.0
2 11.16913890838623 2 23 0.001728842683053258
6 1.0015766620635986 3 22 -0.0038123272572398188
8 46.5 4 21 -0.012868458525389467
90 83.5 5 18 -0.02072204088976701
50 83.5 6 11 -0.029911135893060516
46 58.5 7 10 -0.0461945743574533
95 81.5 8 9 -0.06107925369735644
-1 0.0 0 0 -0.008783331799731006
-1 0.0 0 0 -0.0016071240333692862
-1 0.0 0 0 -0.000166968105356627
81 39.5 12 13 -0.004136734335554421
-1 0.0 0 0 -0.024668292327417452
101 22.5 14 15 0.0017475105563258798
-1 0.0 0 0 -0.004098509562555087
65 83.5 16 17 0.02627245442928378
-1 0.0 0 0 0.0035159154653860436
-1 0.0 0 0 -0.015052736863702433
119 81.5 19 20 0.012197560499390338
-1 0.0 0 0 0.0016579582036333426
-1 0.0 0 0 -0.03489946221104927
-1 0.0 0 0 0.0020803266153781876
-1 0.0 0 0 0.002084518260381808
1 10.860190391540527 24 25 0.023394051605509943
-1 0.0 0 0 0.010574529247003424
6 1.0434638261795044 26 27 0.01275612417567698
-1 0.0 0 0 0.0015554474527087838
-1 0.0 0 0 -0.0323885423099049
-1 0.0 0 0 -0.0063962791085252
nodes 29
58 76.5 1 24 0.0
34 10.5 2 17 0.002491107321744084
40 26.5 3 6 -0.006744005126970772
111 7.5 4 5 -0.016458042063914786
-1 0.0 0 0 -0.002827280694180967
-1 0.0 0 0 0.0007124455952437348
89 53.5 7 12 0.017080115605143244
72 47.5 8 11 -0.019857613085674665
65 67.5 9 10 0.026321714204853235
-1 0.0 0 0 0.0060947056527867515
-1 0.0 0 0 -0.006503865311037485
-1 0.0 0 0 -0.008605628037411784
124 26.5 13 14 0.0385653165412713
-1 0.0 0 0 0.001269988128877704
115 22.5 15 16 0.07996734805964525
-1 0.0 0 0 -0.005032087231296688
-1 0.0 0 0 0.010210059686518537
74 7.5 18 19 0.016294107342076848
-1 0.0 0 0 -0.0009662480859555493
2 11.075535774230957 20 21 0.03214772886155519
-1 0.0 0 0 0.00148601738561186
1 10.513198852539062 22 23 0.06322228641536141
-1 0.0 0 0 0.023133762741587516
-1 0.0 0 0 0.005181012919852553
22 51.5 25 26 -0.04310032030164914
-1 0.0 0 0 -0.002477906002424262
72 6.5 27 28 -0.15618856721862331
-1 0.0 0 0 -0.03322181480413556
-1 0.0 0 0 -0.005919267574487288
nodes 29
79 99.5 1 28 0.0
132 109.5 2 27 0.0011301269949948452
124 5.5 3 16 0.0018465942371306168
41 65.5 4 9 -0.00910267564601143
54 100.5 5 6 -0.030430913163370488
-1 0.0 0 0 -0.005320663951727001
47 35.5 7 8 0.03311117562818526
-1 0.0 0 0 -0.004789156907986723
-1 0.0 0 0 0.0066659422208138796
94 55.5 10 13 0.0072691612826211735
67 67.5 11 12 -0.02430250072713671
-1 0.0 0 0 -0.005760789948488885
-1 0.0 0 0 0.0032234173565683735
2 10.849414825439453 14 15 0.02372093529047637
-1 0.0 0 0 0.00017632610867095012
-1 0.0 0 0 0.006184799260018735
114 11.5 17 20 0.012097536390337773
119 18.5 18 19 -0.009969356137601715
-1 0.0 0 0 -0.003451725087298385
-1 0.0 0 0 0.002473087331381804
76 36.5 21 26 0.02565241116347236
50 84.5 22 25 0.008035979374411695
55 48.5 23 24 -0.003573796894381315
-1 0.0 0 0 -0.002927625488433814
-1 0.0 0 0 0.003016720727217814
-1 0.0 0 0 0.00732561234326236
-1 0.0 0 0 0.005402196239361986
-1 0.0 0 0 -0.01562663196585783
-1 0.0 0 0 -0.009343822926212579
nodes 29
2 11.415323257446289 1 28 0.0
6 1.003570556640625 2 25 -0.0019642163430723994
8 51.5 3 24 -0.008026362844173553
64 98.5 4 19 -0.01197330257588589
120 35.5 5 10 -0.019587470909492734
115 72.5 6 7 -0.043546044973222564
-1 0.0 0 0 -0.005870210795624768
65 49.5 8 9 -0.004914051045502003
-1 0.0 0 0 -0.010896303713984458
-1 0.0 0 0 0.002149464304753475
77 99.5 11 18 0.0010888738772290637
28 27.5 12 13 0.005012886486317899
-1 0.0 0 0 -0.002408664041396002
97 108.5 14 17 0.0256320715245628
2 10.865535736083984 15 16 0.032723783316509554
-1 0.0 0 0 -0.000460718940128253
-1 0.0 0 0 0.006594905778719975
-1 0.0 0 0 -0.014746282732720942
-1 0.0 0 0 -0.016518193732635054
89 26.5 20 21 0.013014321495871646
-1 0.0 0 0 -0.019847281108228254
85 15.5 22 23 0.01829660880355912
-1 0.0 0 0 -0.0028499088443764997
-1 0.0 0 0 0.004268730833223044
-1 0.0 0 0 0.0036803022241208893
0 11.408531188964844 26 27 0.018879925838209202
-1 0.0 0 0 0.0023242959513416948
-1 0.0 0 0 -0.01610621599786919
-1 0.0 0 0 0.005370593955283806
nodes 29
1 8.451053619384766 1 2 0.0
-1 0.0 0 0 -0.008174992266678777
6 1.0261151790618896 3 28 0.00130331457612089
2 10.861591339111328 4 7 -0.00262847769897531
20 78.5 5 6 -0.017798811008346883
-1 0.0 0 0 -0.001375909389161143
-1 0.0 0 0 -0.01253460102876612
5 1.3305073976516724 8 21 0.007492961338250046
17 105.5 9 20 -0.006624413135059568
17 4.5 10 13 -0.0014830765485790874
31 27.5 11 12 -0.04146753043181428
-1 0.0 0 0 -0.008601292083020682
-1 0.0 0 0 -5.397656778972526e-05
119 19.5 14 19 0.009075393862557542
83 43.5 15 16 -0.014331630609696937
-1 0.0 0 0 -0.00481676451109341
90 22.5 17 18 0.0251288695146886
-1 0.0 0 0 -0.01289126860619147
-1 0.0 0 0 0.003762761494937385
-1 0.0 0 0 0.003755678945318465
-1 0.0 0 0 -0.007597868695473463
4 0.7943466305732727 22 23 0.03970950848214956
-1 0.0 0 0 -0.000910851153378503
5 2.2394375801086426 24 25 0.056117812831015385
-1 0.0 0 0 0.004007728436150454
86 9.5 26 27 0.12210830112272905
-1 0.0 0 0 0.002889886075412741
-1 0.0 0 0 0.018035513428692137
-1 0.0 0 0 0.00310656820489862
nodes 29
110 83.5 1 28 0.0
48 95.5 2 27 0.0009585208631013521
48 26.5 3 18 0.0029051835602064225
131 11.5 4 11 -0.0052196569049448764
135 91.5 5 10 -0.014964250067940152
11 58.5 6 9 -0.01195001624139958
63 64.5 7 8 -0.008798866090323874
-1 0.0 0 0 -0.0016897517753088663
-1 0.0 0 0 0.002160576248660667
-1 0.0 0 0 -0.009054490008995985
-1 0.0 0 0 -0.009896104414341772
44 12.5 12 13 0.019984436714687925
-1 0.0 0 0 -0.0006770238070731045
75 63.5 14 17 0.042930765299088514
2 10.623130798339844 15 16 0.023406972426124467
-1 0.0 0 0 -0.007479498251896902
-1 0.0 0 0 0.0038103863642396964
-1 0.0 0 0 0.01165470804167693
120 35.5 19 24 0.017820590861385245
46 43.5 20 21 0.0005810421978900752
-1 0.0 0 0 -0.0013375189136118782
89 64.5 22 23 0.045008156236528686
-1 0.0 0 0 -0.005745288252610081
-1 0.0 0 0 0.006949321939360361
118 10.5 25 26 0.04146637256008879
-1 0.0 0 0 0.00020289444090536505
-1 0.0 0 0 0.00666241209762927
-1 0.0 0 0 -0.005219658126574095
-1 0.0 0 0 -0.010361459363749272
nodes 29
131 99.5 1 28 0.0
34 103.5 2 27 0.0009401608224576036
82 92.5 3 26 0.001985879782639111
99 102.5 4 25 0.0036793709443401538
2 11.229341506958008 5 22 0.004863919937928916
118 92.5 6 21 0.0003688168838795789
6 1.019826054573059 7 18 0.0027177934590834336
0 9.886900901794434 8 9 -0.002703478123276793
-1 0.0 0 0 -0.010731897781201047
11 66.5 10 15 -0.0009048632451252155
21 79.5 11 14 0.001123408341446541
105 101.5 12 13 0.0036783086773141175
-1 0.0 0 0 0.0006692013397564973
-1 0.0 0 0 -0.005693090128551468
-1 0.0 0 0 -0.0069434832662482755
41 63.5 16 17 -0.09795422091413195
-1 0.0 0 0 -0.01745262143726815
-1 0.0 0 0 0.001771836494878331
7 0.17249999940395355 19 20 0.03021195446738244
-1 0.0 0 0 0.008779041516052652
-1 0.0 0 0 0.001337290995388161
-1 0.0 0 0 -0.006566310652152058
41 134.5 23 24 0.03204317804796438
-1 0.0 0 0 0.003449460521914912
-1 0.0 0 0 -0.04189062786575121
-1 0.0 0 0 -0.00965658981314753
-1 0.0 0 0 -0.006036558411035122
-1 0.0 0 0 -0.009556523013492194
-1 0.0 0 0 -0.0105510224521383
nodes 29
24 101.5 1 28 0.0
24 24.5 2 17 0.001768568700533664
60 57.5 3 4 -0.005006513012802451
-1 0.0 0 0 -0.001920895500039166
65 97.5 5 16 0.016436594234677106
0 11.235457420349121 6 13 0.024863864279117794
51 34.5 7 8 0.011199869698174018
-1 0.0 0 0 -0.005034328883743161
2 10.073399543762207 9 10 0.024617625406567995
-1 0.0 0 0 -0.0067160434346945595
76 100.5 11 12 0.034245504069040596
-1 0.0 0 0 0.0038731352941898454
-1 0.0 0 0 -0.018772841094293693
119 12.5 14 15 0.07878269432008365
-1 0.0 0 0 -0.0016683601711249452
-1 0.0 0 0 0.01123544938065507
-1 0.0 0 0 -0.009255705707388257
101 106.5 18 27 0.018066196496146516
116 4.5 19 22 0.022761956772113606
94 102.5 20 21 -0.014328755302783516
-1 0.0 0 0 -0.004479579191746224
-1 0.0 0 0 0.004231066731435253
5 1.317460298538208 23 26 0.03840856585273795
1 11.215678215026855 24 25 0.01876050637361587
-1 0.0 0 0 0.0008002967506795356
-1 0.0 0 0 0.012632521228227106
-1 0.0 0 0 0.007305621858172316
-1 0.0 0 0 -0.011392317463209015
-1 0.0 0 0 -0.005591259579319434
nodes 29
6 0.9347646832466125 1 6 0.0
26 107.5 2 5 -0.016428749378050486
3 0.6504858136177063 3 4 -0.013238098965062952
-1 0.0 0 0 0.0009593766374095961
-1 0.0 0 0 -0.003009987175564727
-1 0.0 0 0 -0.012842389752961734
2 11.606361389160156 7 26 0.006094681766657277
77 112.5 8 23 0.0054593410450513875
66 90.5 9 22 0.007756605378538891
66 11.5 10 19 0.009796376515862017
94 101.5 11 12 -0.0016308139027128247
-1 0.0 0 0 -0.0014336946495829813
127 21.5 13 14 0.028034769767011077
-1 0.0 0 0 -0.007796951708800919
2 10.26175594329834 15 16 0.04065870495728404
-1 0.0 0 0 -0.0032619718240542873
97 107.5 17 18 0.06551981137203144
-1 0.0 0 0 0.007498551528368479
-1 0.0 0 0 -0.01592271891663429
71 85.5 20 21 0.02266931471006627
-1 0.0 0 0 0.0024979485731441557
-1 0.0 0 0 -0.01864934219504906
-1 0.0 0 0 -0.0061985939866108
30 21.5 24 25 -0.05042263863583879
-1 0.0 0 0 -0.009822392929814926
-1 0.0 0 0 0.004039443664947322
33 4.5 27 28 0.21043340281555842
-1 0.0 0 0 -0.012089876135521127
-1 0.0 0 0 0.035276623390300174
nodes 29
29 77.5 1 28 0.0
12 66.5 2 27 0.002155717870497202
70 87.5 3 24 0.00370629002674503
70 27.5 4 19 0.006186288145208914
22 31.5 5 14 0.0007600383135759055
51 55.5 6 11 -0.00795827981466725
83 99.5 7 8 -0.025668554965397983
-1 0.0 0 0 -0.00419399788935557
123 50.5 9 10 0.010685654535269403
-1 0.0 0 0 -0.007789298387983822
-1 0.0 0 0 0.00335250900495327
81 82.5 12 13 0.017883789672952184
-1 0.0 0 0 -0.0048290223703618615
-1 0.0 0 0 0.0031801194864567806
73 94.5 15 18 0.018230763790505006
16 5.5 16 17 0.028196777992717564
-1 0.0 0 0 -0.0016844061343871373
-1 0.0 0 0 0.005235916189017773
-1 0.0 0 0 -0.006815780486332759
104 8.5 20 21 0.02886730248452966
-1 0.0 0 0 -0.0009346058932449106
28 25.5 22 23 0.05382730940642392
-1 0.0 0 0 0.002692682400977977
-1 0.0 0 0 0.010867873846446892
127 45.5 25 26 -0.04592594459032048
-1 0.0 0 0 -0.0095632011156593
-1 0.0 0 0 0.001453185018496273
-1 0.0 0 0 -0.007082547204868308
-1 0.0 0 0 -0.004580206160814631
nodes 29
36 94.5 1 28 0.0
79 74.5 2 25 0.0013131027979338007
30 116.5 3 24 0.0030589320925004638
2 11.0372896194458 4 9 0.004554380910704676
6 1.0321950912475586 5 8 -0.0030191785041298125
1 9.207636833190918 6 7 -0.009984401427534869
-1 0.0 0 0 -0.008532785876406171
-1 0.0 0 0 -0.0006248432297428436
-1 0.0 0 0 0.0034875502413067856
1 10.76030445098877 10 11 0.019145879822392985
-1 0.0 0 0 0.007873317315049755
18 37.5 12 21 0.009280112844710716
31 27.5 13 16 -0.004892040623192049
82 3.5 14 15 -0.03675600379415348
-1 0.0 0 0 -0.015150068737668857
-1 0.0 0 0 -0.0024999953390298663
57 32.5 17 18 0.030374984394187662
-1 0.0 0 0 -0.007039178906360969
54 46.5 19 20 0.049027870342287956
-1 0.0 0 0 -0.0018003267187830495
-1 0.0 0 0 0.007712067979400324
73 68.5 22 23 0.041689036599429394
-1 0.0 0 0 0.0006243802447944779
-1 0.0 0 0 0.008783657136729026
-1 0.0 0 0 -0.00683936976520557
64 32.5 26 27 -0.05625958598425321
-1 0.0 0 0 -0.011218397292960288
-1 0.0 0 0 0.0029316717626077177
-1 0.0 0 0 -0.0073166287524433875
nodes 29
74 118.5 1 28 0.0
69 101.5 2 25 0.0007276154702701514
29 108.5 3 22 0.0033314445367062574
52 105.5 4 21 0.004690571574172161
2 11.16160774230957 5 10 0.006463673678852771
6 1.0002985000610352 6 9 0.000527607416763825
8 41.5 7 8 -0.007252170680800008
-1 0.0 0 0 -0.001981679056613606
-1 0.0 0 0 0.0011495505539879222
-1 0.0 0 0 0.0021286043400858177
1 10.702795028686523 11 14 0.028889168259140303
3 0.30979400873184204 12 13 0.14095563288636523
-1 0.0 0 0 0.004413133995015129
-1 0.0 0 0 0.02410768103490811
6 1.0715585947036743 15 20 0.020719379746589703
3 0.4901122748851776 16 17 0.022076854555038647
-1 0.0 0 0 -0.015454635640892845
71 89.5 18 19 0.025852592472771288
-1 0.0 0 0 0.003127689086760716
-1 0.0 0 0 -0.009657676571640801
-1 0.0 0 0 -0.04933993720971957
-1 0.0 0 0 -0.005839882025483131
73 5.5 23 24 -0.07368450275483543
-1 0.0 0 0 -0.02636225918371581
-1 0.0 0 0 -0.0037073701399593668
28 49.5 26 27 -0.03683626273418991
-1 0.0 0 0 -0.0066663713026673945
-1 0.0 0 0 0.003032577140753817
-1 0.0 0 0 -0.01299346531154588
nodes 29
114 111.5 1 26 0.0
44 113.5 2 23 0.0015246348960749525
117 89.5 3 22 0.002863630835510746
2 11.334516525268555 4 19 0.004717452933224844
128 105.5 5 18 0.0018738926941204157
28 100.5 6 17 0.003628125384838027
1 8.898092269897461 7 8 0.006709684938732457
-1 0.0 0 0 -0.005010866259918263
6 1.014758825302124 9 16 0.009146787397134789
79 82.5 10 15 0.0037711451840404383
37 86.5 11 14 0.005708976978452698
109 86.5 12 13 0.007659468134141309
-1 0.0 0 0 0.0009321810952167818
-1 0.0 0 0 -0.010416917942940125
-1 0.0 0 0 -0.008927303791011115
-1 0.0 0 0 -0.009680447411245616
-1 0.0 0 0 0.00378471310810549
-1 0.0 0 0 -0.003888803840380665
-1 0.0 0 0 -0.0076013219038839315
41 135.5 20 21 0.04459707690005136
-1 0.0 0 0 0.0047908774192954124
-1 0.0 0 0 -0.060757073999515604
-1 0.0 0 0 -0.005326740581476638
134 4.5 24 25 -0.07169537446597793
-1 0.0 0 0 -0.000623520870551305
-1 0.0 0 0 -0.016392102913615817
68 85.5 27 28 -0.06072817179980098
-1 0.0 0 0 -0.004497197379892159
-1 0.0 0 0 -0.03337043021650364
nodes 29
39 84.5 1 28 0.0
45 113.5 2 25 0.0010902576703432038
17 2.5 3 8 0.002919293651240675
29 74.5 4 7 -0.017916734439841542
6 0.9998595118522644 5 6 -0.013451196621622565
-1 0.0 0 0 -0.003311955537274444
-1 0.0 0 0 0.0016143541820197397
-1 0.0 0 0 -0.018670763873424808
121 103.5 9 20 0.007768485205739067
129 10.5 10 13 0.011107209289896256
30 87.5 11 12 -0.002034767096625529
-1 0.0 0 0 0.00016393945070030576
-1 0.0 0 0 -0.011367746013381778
2 11.37551212310791 14 19 0.024002112174433158
113 112.5 15 18 0.01962746637071238
129 95.5 16 17 0.023840535513001086
-1 0.0 0 0 0.0030174771841436684
-1 0.0 0 0 -0.0029800205702476498
-1 0.0 0 0 -0.005249124047333277
-1 0.0 0 0 0.00943120232466752
54 48.5 21 22 -0.037106629696900484
-1 0.0 0 0 -0.01074560009089441
104 22.5 23 24 0.019478734104091105
-1 0.0 0 0 -0.004226176636676006
-1 0.0 0 0 0.007859197923575712
23 27.5 26 27 -0.052187409377573386
-1 0.0 0 0 -0.010617974360911562
-1 0.0 0 0 0.0005604526136976744
-1 0.0 0 0 -0.008410735300109252
nodes 29
8 51.5 1 28 0.0
132 105.5 2 27 -0.0025327805113330697
58 112.5 3 26 -0.0017555775997507332
116 119.5 4 25 -0.0006148280029171701
124 5.5 5 22 0.0009659895171361636
41 70.5 6 11 -0.009791059666831789
54 92.5 7 8 -0.02863434800078488
-1 0.0 0 0 -0.004799749707241525
47 46.5 9 10 0.021034554425152504
-1 0.0 0 0 -0.005075963855307476
-1 0.0 0 0 0.006249624641865761
122 66.5 12 21 0.006526503118918857
81 37.5 13 14 0.011546640453017246
-1 0.0 0 0 -0.006454943247464192
76 103.5 15 20 0.017969812252919087
2 10.159059524536133 16 17 0.0212049484157313
-1 0.0 0 0 -0.0029422047995286854
69 38.5 18 19 0.03224214498359543
-1 0.0 0 0 0.0011458374864042865
-1 0.0 0 0 0.006369014394477766
-1 0.0 0 0 -0.016030826988234978
-1 0.0 0 0 -0.011274684091161807
2 10.928632736206055 23 24 0.011551263623432341
-1 0.0 0 0 -0.0005775188190422806
-1 0.0 0 0 0.002527372150183589
-1 0.0 0 0 -0.007036080933361275
-1 0.0 0 0 -0.009488356529199542
-1 0.0 0 0 -0.01419201026885652
-1 0.0 0 0 0.003469925880313536
nodes 29
48 110.5 1 28 0.0
6 0.9280412793159485 2 3 0.0013376473284064864
-1 0.0 0 0 -0.0015588855191437637
80 20.5 4 17 0.006900771169524924
65 60.5 5 6 -0.00443030833603913
-1 0.0 0 0 -0.003426921978839778
122 18.5 7 10 0.014230589771255226
6 1.0305002927780151 8 9 -0.03086705143277391
-1 0.0 0 0 -0.0053827165148597495
-1 0.0 0 0 0.003408780842535925
1 9.565774917602539 11 12 0.03532989978847853
-1 0.0 0 0 -0.004131183754525808
116 6.5 13 14 0.04689974733982767
-1 0.0 0 0 -0.0021710608366680094
2 11.334516525268555 15 16 0.06030682494991493
-1 0.0 0 0 0.0053793098438941036
-1 0.0 0 0 0.020624076540457847
97 109.5 18 25 0.018874626539238555
47 91.5 19 24 0.02493236070805484
2 10.921233177185059 20 21 0.027800534817082206
-1 0.0 0 0 0.001021369642702212
27 52.5 22 23 0.05129306624341606
-1 0.0 0 0 0.0026772040939827125
-1 0.0 0 0 0.009389006357823172
-1 0.0 0 0 -0.010638837869994477
57 23.5 26 27 -0.036036840659153316
-1 0.0 0 0 -0.015141317508295683
-1 0.0 0 0 0.0003259749155070506
-1 0.0 0 0 -0.006628886534094859
nodes 29
43 103.5 1 26 0.0
21 77.5 2 25 0.0009688745746529434
62 88.5 3 24 0.0030607134707727043
54 92.5 4 13 0.0051686257095899454
77 98.5 5 12 -5.155822491624845e-05
121 73.5 6 11 0.0033259334648075988
31 87.5 7 8 0.008589447732800591
-1 0.0 0 0 0.0012403313920735324
49 25.5 9 10 -0.05861228704164196
-1 0.0 0 0 -0.0017239939555867214
-1 0.0 0 0 -0.014794607744158679
-1 0.0 0 0 -0.0037997524344506395
-1 0.0 0 0 -0.007708076791309281
41 118.5 14 23 0.02487290813297973
75 74.5 15 22 0.03087793521337423
121 8.5 16 17 0.03969004988596704
-1 0.0 0 0 -0.0029563880839574524
24 12.5 18 19 0.05226652069086159
-1 0.0 0 0 0.0013069117735043927
2 11.132426261901855 20 21 0.07577717264386662
-1 0.0 0 0 0.005534012578699516
-1 0.0 0 0 0.014248984201828336
-1 0.0 0 0 -0.008210569848687009
-1 0.0 0 0 -0.016385980121750326
-1 0.0 0 0 -0.004127236139324071
-1 0.0 0 0 -0.004157540014470039
87 82.5 27 28 -0.08993323020274044
-1 0.0 0 0 -0.004934920770390406
-1 0.0 0 0 -0.03228626551080337
nodes 29
3 0.6450005769729614 1 12 0.0
4 0.8921079635620117 2 5 0.011733436377412015
7 0.1574999988079071 3 4 0.0010684377122077784
-1 0.0 0 0 0.001826092581335365
-1 0.0 0 0 -0.002687168563166526
0 10.167888641357422 6 7 0.0494883538906008
-1 0.0 0 0 -0.005185024885599729
102 13.5 8 9 0.0704420688313074
-1 0.0 0 0 0.00316960795744164
68 12.5 10 11 0.11559413342209214
-1 0.0 0 0 0.00396897554166763
-1 0.0 0 0 0.016666750339900765
85 111.5 13 28 -0.007203557589683198
20 93.5 14 27 -0.0036531596371649545
132 106.5 15 26 -0.0005803762315063519
25 6.5 16 19 0.0004905679312919473
51 132.5 17 18 -0.022681276971443513
-1 0.0 0 0 -0.002834283551100649
-1 0.0 0 0 0.010446247783752891
42 98.5 20 25 0.009815743111662115
71 119.5 21 24 0.013814956871260784
69 106.5 22 23 0.014918049376150875
-1 0.0 0 0 0.0018835742566855372
-1 0.0 0 0 -0.005956172767407892
-1 0.0 0 0 -0.026324781426506738
-1 0.0 0 0 -0.009894955100843013
-1 0.0 0 0 -0.020756731684366606
-1 0.0 0 0 -0.007225766860902515
-1 0.0 0 0 -0.006414911347864963
nodes 29
6 1.0015766620635986 1 26 0.0
107 104.5 2 25 -0.004998927110698462
0 11.235457420349121 3 6 -0.003186001460781276
20 89.5 4 5 -0.011238769130646531
-1 0.0 0 0 -0.0008239641329697121
-1 0.0 0 0 -0.008313196181348083
17 93.5 7 24 0.0141327695813047
97 130.5 8 23 0.02256782428054651
120 31.5 9 18 0.025831660547045852
122 21.5 10 11 0.005525348326166067
-1 0.0 0 0 -0.00321813576561592
22 34.5 12 15 0.030682081383651146
83 64.5 13 14 -0.022067015341235015
-1 0.0 0 0 -0.007101321563425499
-1 0.0 0 0 0.005597115188650951
116 6.5 16 17 0.06827448640063863
-1 0.0 0 0 -0.007122313159986885
-1 0.0 0 0 0.008549441838215592
41 6.5 19 22 0.05494210813641897
63 36.5 20 21 -0.04762571266679523
-1 0.0 0 0 -0.012303933819079385
-1 0.0 0 0 0.00946595419626261
-1 0.0 0 0 0.006833749556781972
-1 0.0 0 0 -0.01846416727466685
-1 0.0 0 0 -0.005284240683264192
-1 0.0 0 0 -0.009943004054030799
0 11.408531188964844 27 28 0.01660710266374094
-1 0.0 0 0 0.002051297591708729
-1 0.0 0 0 -0.010023198087609283
nodes 29
125 103.5 1 28 0.0
94 105.5 2 11 0.0013348694520954455
17 101.5 3 10 -0.0038029944718356457
103 92.5 4 9 0.00023410688665917586
69 101.5 5 8 0.0033944057932654985
58 60.5 6 7 0.006628521077807294
-1 0.0 0 0 0.0010889639241878602
-1 0.0 0 0 -0.0031374818006677987
-1 0.0 0 0 -0.006268262643948655
-1 0.0 0 0 -0.007649480422239093
-1 0.0 0 0 -0.005943018758877633
127 62.5 12 19 0.01840715762597648
61 51.5 13 16 -0.01022936899224266
95 38.5 14 15 -0.04370798071505151
-1 0.0 0 0 -0.01425106103900665
-1 0.0 0 0 -0.002403425064799143
90 39.5 17 18 0.028443385593061216
-1 0.0 0 0 0.003412220948757316
-1 0.0 0 0 -0.036850640463332335
2 11.005792617797852 20 25 0.041936434919024795
0 9.886900901794434 21 22 0.02445504472666105
-1 0.0 0 0 -0.008209699321957817
41 43.5 23 24 0.03510764715317105
-1 0.0 0 0 -0.01015933711341941
-1 0.0 0 0 0.0045003662745907395
110 85.5 26 27 0.11530616338823284
-1 0.0 0 0 0.012771889173355819
-1 0.0 0 0 -0.025851484388113022
-1 0.0 0 0 -0.006102478947673617
nodes 29
36 94.5 1 28 0.0
68 46.5 2 23 0.0012029699578786272
89 77.5 3 10 -0.004260955530192256
102 49.5 4 5 -0.018806741767332453
-1 0.0 0 0 -0.0036450129423075046
73 24.5 6 7 0.01291075891995031
-1 0.0 0 0 -0.012233283825128147
116 97.5 8 9 0.02338594934976868
-1 0.0 0 0 0.002619635887142631
-1 0.0 0 0 -0.03370415169385172
64 28.5 11 12 0.012922060664718436
-1 0.0 0 0 -0.008135181432007813
2 11.009324073791504 13 16 0.01988648459224174
65 62.5 14 15 0.0030730141290319967
-1 0.0 0 0 -0.006114715371126045
-1 0.0 0 0 0.0017594069527444131
115 32.5 17 20 0.054286231935387626
58 23.5 18 19 0.0008936984031373766
-1 0.0 0 0 0.005406282959933043
-1 0.0 0 0 -0.008810770331126826
5 1.34123957157135 21 22 0.08516600726223696
-1 0.0 0 0 0.005852992191564215
-1 0.0 0 0 0.016662075732829226
19 85.5 24 25 0.018365596003859026
-1 0.0 0 0 -0.00029885171647429237
0 9.9995698928833 26 27 0.061427657667606814
-1 0.0 0 0 -0.008217142272137533
-1 0.0 0 0 0.007500624068377162
-1 0.0 0 0 -0.006702966637623632
nodes 29
6 0.9466264247894287 1 2 0.0
-1 0.0 0 0 -0.0013278190082748333
131 73.5 3 28 0.0061812600513072285
131 6.5 4 17 0.007860815257994275
45 105.5 5 16 -0.0011581078200777356
75 73.5 6 15 0.0021999729430868848
25 76.5 7 14 0.007236477629421257
136 10.5 8 11 0.013352072690461176
41 84.5 9 10 -0.004944142856695731
-1 0.0 0 0 -0.0029783365244418288
-1 0.0 0 0 0.0017799517820971354
104 93.5 12 13 0.02994770326683623
-1 0.0 0 0 0.0036511793598748028
-1 0.0 0 0 -0.005150765755371911
-1 0.0 0 0 -0.004662445392128365
-1 0.0 0 0 -0.005529766778891555
-1 0.0 0 0 -0.008671528950398594
13 1.5 18 19 0.02561216903626803
-1 0.0 0 0 -0.00040936715663239065
42 4.5 20 25 0.04194228247097758
68 102.5 21 24 0.01334481882295921
93 20.5 22 23 0.020478369663241364
-1 0.0 0 0 0.0033566409058982056
-1 0.0 0 0 -0.010498197744516609
-1 0.0 0 0 -0.02089574649469571
58 21.5 26 27 0.06438204115860165
-1 0.0 0 0 0.00310119596086445
-1 0.0 0 0 0.009869839691431237
-1 0.0 0 0 -0.006719484400392795
nodes 29
6 1.0321950912475586 1 20 0.0
2 10.630142211914062 2 3 -0.0031629043695881017
-1 0.0 0 0 -0.00275752598709366
5 1.3820608854293823 4 17 0.003468494211750284
47 113.5 5 14 -0.005673250037541821
52 85.5 6 13 -0.0027073210309432444
84 56.5 7 12 0.0010757182948434646
88 41.5 8 9 -0.011204170172232618
-1 0.0 0 0 -0.005150810385537845
49 38.5 10 11 0.01062834806343969
-1 0.0 0 0 -0.01116430002287836
-1 0.0 0 0 0.0019457808490755187
-1 0.0 0 0 0.003029667594391687
-1 0.0 0 0 -0.0061246557453126065
31 32.5 15 16 -0.08376503007520944
-1 0.0 0 0 -0.019146612809423497
-1 0.0 0 0 -0.0023920168128506373
4 0.7943466305732727 18 19 0.029669617153333765
-1 0.0 0 0 -0.0013022687623891142
-1 0.0 0 0 0.004627096444070159
1 10.460786819458008 21 24 0.025642335331932144
1 9.953182220458984 22 23 0.040656801482286974
-1 0.0 0 0 0.0015803462381716851
-1 0.0 0 0 0.010195263148811598
7 0.45750001072883606 25 26 -0.05015769040504323
-1 0.0 0 0 0.0002565530675738542
6 1.0808510780334473 27 28 -0.3344495687818077
-1 0.0 0 0 -0.020472426224235916
-1 0.0 0 0 -0.0651750656398567
nodes 29
8 51.5 1 28 0.0
6 1.0015766620635986 2 27 -0.0024242793044337804
2 11.256457328796387 3 26 -0.008105974059031257
100 98.5 4 25 -0.013489470201190878
107 119.5 5 24 -0.011011016288882614
95 4.5 6 11 -0.009664388861892444
61 68.5 7 10 0.008540528935916171
118 104.5 8 9 0.012697705044217512
-1 0.0 0 0 0.001371958159182679
-1 0.0 0 0 -0.056855844869278374
-1 0.0 0 0 -0.015769181571050197
88 86.5 12 15 -0.019908868843858632
75 102.5 13 14 -0.044750955203465566
-1 0.0 0 0 -0.003997801011884196
-1 0.0 0 0 -0.0230066828304878
123 77.5 16 23 0.0008865365970557614
2 10.828777313232422 17 18 0.003015979339300084
-1 0.0 0 0 -0.002008920942376323
78 77.5 19 22 0.028143980233346615
76 106.5 20 21 0.03658136672873219
-1 0.0 0 0 0.0041664947532423875
-1 0.0 0 0 -0.023454294280149043
-1 0.0 0 0 -0.012432763825311118
-1 0.0 0 0 -0.030745333789485404
-1 0.0 0 0 -0.01404443558130879
-1 0.0 0 0 -0.009432128520316992
-1 0.0 0 0 0.002385968011869803
-1 0.0 0 0 0.001505704928037812
-1 0.0 0 0 0.0033212784882063803
nodes 29
98 115.5 1 26 0.0
124 110.5 2 23 0.0011372806998765483
48 110.5 3 22 0.002723316056780055
34 103.5 4 21 0.004068766839300217
100 83.5 5 20 0.005100117532591414
113 7.5 6 7 0.0073292999731579545
-1 0.0 0 0 -0.0007648395728501356
2 11.16913890838623 8 11 0.0142915188066009
37 77.5 9 10 0.006921116049299829
-1 0.0 0 0 0.0009075186805837495
-1 0.0 0 0 -0.00986053538243568
5 2.059514045715332 12 17 0.04058871147406551
73 4.5 13 16 0.03352667303988011
116 7.5 14 15 -0.05579098698252543
-1 0.0 0 0 -0.01986058821439327
-1 0.0 0 0 0.0008776027535540694
-1 0.0 0 0 0.004468128485620184
104 5.5 18 19 0.16915225994421132
-1 0.0 0 0 -0.007968385774941312
-1 0.0 0 0 0.023136128936761743
-1 0.0 0 0 -0.003920936875020897
-1 0.0 0 0 -0.008878299780063726
-1 0.0 0 0 -0.006289105856619188
30 69.5 24 25 -0.05035776415182373
-1 0.0 0 0 -0.0027537509202005595
-1 0.0 0 0 -0.020777652883559917
44 7.5 27 28 -0.06693882242334075
-1 0.0 0 0 -0.020454990450798256
-1 0.0 0 0 -0.0023004941335631897
nodes 29
28 100.5 1 24 0.0
60 81.5 2 19 0.0023057766417094857
32 34.5 3 8 -0.002835211151524897
94 102.5 4 5 -0.016457804234928135
-1 0.0 0 0 -0.0029738928125212956
49 63.5 6 7 0.014139071767412567
-1 0.0 0 0 -0.009582340068210668
-1 0.0 0 0 0.0028298138921598118
97 35.5 9 10 0.012633677207395857
-1 0.0 0 0 -0.003937612987237568
2 10.647993087768555 11 12 0.02242003537235558
-1 0.0 0 0 -0.0014652996433114607
115 52.5 13 16 0.0369802955157541
55 47.5 14 15 0.00863484504598992
-1 0.0 0 0 -0.005454525811430208
-1 0.0 0 0 0.003906161432132649
84 56.5 17 18 0.06246650218621045
-1 0.0 0 0 0.0006544577841976954
-1 0.0 0 0 0.009689210549649795
88 40.5 20 21 0.020577061036436254
-1 0.0 0 0 -0.0050038191402316445
2 9.856185913085938 22 23 0.032426850132757944
-1 0.0 0 0 -0.013259661351873554
-1 0.0 0 0 0.003806359205647316
58 12.5 25 26 -0.03279613345738437
-1 0.0 0 0 -0.007886585794230766
101 16.5 27 28 0.004714343537876147
-1 0.0 0 0 -0.007311702576779832
-1 0.0 0 0 0.00440263916455108
nodes 29
3 0.6450005769729614 1 8 0.0
4 0.8921079635620117 2 5 0.01113724855952117
7 0.1274999976158142 3 4 0.002311560259845288
-1 0.0 0 0 0.0019952601756103912
-1 0.0 0 0 -0.0019537708164746696
0 10.231639862060547 6 7 0.042380865573607054
-1 0.0 0 0 -0.004021768850669195
-1 0.0 0 0 0.006195082881426981
85 107.5 9 26 -0.006837537501145549
58 114.5 10 25 -0.003451682894775409
132 106.5 11 24 -0.002080833895515172
16 78.5 12 23 -0.001138385343188064
57 100.5 13 20 0.0011702776869990045
49 71.5 14 15 -0.00912578118041633
-1 0.0 0 0 -0.0044876876323353436
76 99.5 16 19 0.006872553715051604
41 43.5 17 18 0.011244612497745417
-1 0.0 0 0 -0.005632072072189334
-1 0.0 0 0 0.002084178512821067
-1 0.0 0 0 -0.017893994454943548
69 105.5 21 22 0.022142142232158313
-1 0.0 0 0 0.0027619177261203032
-1 0.0 0 0 -0.012338785946864134
-1 0.0 0 0 -0.007712497835800388
-1 0.0 0 0 -0.018864911824262653
-1 0.0 0 0 -0.013093070613757703
73 100.5 27 28 -0.05369581448084903
-1 0.0 0 0 -0.0032493567383945344
-1 0.0 0 0 -0.016744641011109628
nodes 29
2 11.415323257446289 1 24 0.0
6 1.0015766620635986 2 23 -0.0017152224065431743
13 101.5 3 22 -0.007174415429456013
8 43.5 4 21 -0.006121477745491861
131 104.5 5 20 -0.014311821329342325
45 24.5 6 11 -0.01324393574557043
93 23.5 7 8 -0.02350170169876993
-1 0.0 0 0 -0.004033817613253543
81 50.5 9 10 -0.0029167862584152317
-1 0.0 0 0 -0.010653439241791761
-1 0.0 0 0 0.001380328651432311
55 42.5 12 17 0.007419139846429922
77 98.5 13 16 -0.020756976282166512
94 100.5 14 15 -0.009041625364700117
-1 0.0 0 0 -0.0029173927262462996
-1 0.0 0 0 0.006034361498508486
-1 0.0 0 0 -0.014368742725686749
57 2.5 18 19 0.03665078921678052
-1 0.0 0 0 -0.054043988999910655
-1 0.0 0 0 0.0039053998597190936
-1 0.0 0 0 -0.020875890576131557
-1 0.0 0 0 0.001139179139682825
-1 0.0 0 0 -0.014307177615604972
-1 0.0 0 0 0.0015839907812122322
6 0.6496198773384094 25 26 0.04689790655656264
-1 0.0 0 0 -0.05573314181887187
97 22.5 27 28 0.05189789460346821
-1 0.0 0 0 -0.0015253570364930228
-1 0.0 0 0 0.009157676023289657
nodes 29
74 118.5 1 28 0.0
70 82.5 2 27 0.0006438726973563683
70 27.5 3 20 0.002676396397029862
17 93.5 4 19 -0.0020605809518690513
103 99.5 5 18 0.0014494564635265147
59 82.5 6 13 0.004860508883951348
64 49.5 7 8 -0.002295142340760324
-1 0.0 0 0 -0.002775734983779114
30 25.5 9 12 0.013400282019990384
27 36.5 10 11 -0.008140368059855107
-1 0.0 0 0 4.3644269976860865e-05
-1 0.0 0 0 -0.009322654435458374
-1 0.0 0 0 0.004778309971168632
97 85.5 14 17 0.024760665718012685
31 66.5 15 16 0.03042141032131298
-1 0.0 0 0 0.0035905524217646383
-1 0.0 0 0 -0.011724306692354126
-1 0.0 0 0 -0.014080539282131764
-1 0.0 0 0 -0.006870831687168958
-1 0.0 0 0 -0.004344320974633813
127 70.5 21 24 0.02311236461942903
2 11.256457328796387 22 23 0.004843745258623078
-1 0.0 0 0 -0.0011453434717166664
-1 0.0 0 0 0.006705278406652142
76 95.5 25 26 0.061360400802068414
-1 0.0 0 0 0.006603490357511755
-1 0.0 0 0 -0.030411380062309597
-1 0.0 0 0 -0.0036176092598141814
-1 0.0 0 0 -0.011498020692868158
nodes 29
6 0.9466264247894287 1 4 0.0
7 0.13250000029802322 2 3 -0.012723047638631552
-1 0.0 0 0 -0.0007496160015733831
-1 0.0 0 0 -0.006034127234918506
120 123.5 5 26 0.005922830150766401
122 123.5 6 25 0.007675411877650667
39 92.5 7 24 0.009120004632990227
40 25.5 8 19 0.010265444859136564
116 102.5 9 16 0.0042903267669568085
28 100.5 10 15 0.007802622443244217
104 89.5 11 14 0.011496835424187469
9 1.5 12 13 0.014585318302435969
-1 0.0 0 0 -0.001305164836280118
-1 0.0 0 0 0.0021672725888221885
-1 0.0 0 0 -0.004919054722097347
-1 0.0 0 0 -0.003921014855104629
83 35.5 17 18 -0.06639001110461679
-1 0.0 0 0 -0.014310521397340195
-1 0.0 0 0 -0.001459190612761304
33 72.5 20 21 0.029425760835023695
-1 0.0 0 0 0.004742494132516749
123 39.5 22 23 -0.017655188604332763
-1 0.0 0 0 -0.006616157481409115
-1 0.0 0 0 0.0030927545537550102
-1 0.0 0 0 -0.00957166830682613
-1 0.0 0 0 -0.007589584613119939
55 19.5 27 28 -0.05977146290942115
-1 0.0 0 0 -0.004006556479595816
-1 0.0 0 0 -0.03738080094409909
nodes 29
133 93.5 1 28 0.0
2 11.415323257446289 2 17 0.0010463021217833142
24 101.5 3 16 -0.0006235693731536796
79 99.5 4 11 0.0010812415791482382
1 8.451053619384766 5 6 0.0020928421195078196
-1 0.0 0 0 -0.007007166709260735
5 1.3644092082977295 7 8 0.00331460304304039
-1 0.0 0 0 -0.00043781016029659247
2 10.63595199584961 9 10 0.01790858409267738
-1 0.0 0 0 -0.001061294581889318
-1 0.0 0 0 0.003547929182120827
108 1.5 12 15 -0.08842246497772055
57 94.5 13 14 -0.020775350149560712
-1 0.0 0 0 -0.007887363477833182
-1 0.0 0 0 0.022601382349477672
-1 0.0 0 0 -0.020888714693897817
-1 0.0 0 0 -0.0056587838891350075
6 0.6496198773384094 18 19 0.04736651922305704
-1 0.0 0 0 -0.04992241113661574
5 2.2394375801086426 20 27 0.05202292695415782
30 21.5 21 24 0.044039544711123854
85 107.5 22 23 0.002723826479652206
-1 0.0 0 0 0.0020936867775895513
-1 0.0 0 0 -0.031372776604257524
90 81.5 25 26 0.10387610214980693
-1 0.0 0 0 0.006080680934604262
-1 0.0 0 0 0.02522608189627759
-1 0.0 0 0 0.039211501050740484
-1 0.0 0 0 -0.006958931792458288
nodes 29
6 1.0321950912475586 1 20 0.0
2 10.861591339111328 2 7 -0.002979124538545789
126 112.5 3 6 -0.017867388757834318
8 34.5 4 5 -0.013158661150823323
-1 0.0 0 0 -0.00426393914675966
-1 0.0 0 0 -3.803618459152209e-05
-1 0.0 0 0 -0.009104407835784662
5 1.3305073976516724 8 11 0.007250370297899747
129 122.5 9 10 -0.004325665460497557
-1 0.0 0 0 -0.00023298048870709978
-1 0.0 0 0 -0.014182726671419808
64 68.5 12 17 0.033246290840495046
28 21.5 13 14 0.017192738494800637
-1 0.0 0 0 -0.002051517599507992
94 106.5 15 16 0.05186760915355421
-1 0.0 0 0 0.00146070714612245
-1 0.0 0 0 0.011376942280684034
22 22.5 18 19 0.06687128494171633
-1 0.0 0 0 -0.0011369015109976303
-1 0.0 0 0 0.010019673318017914
7 0.762499988079071 21 28 0.02415239382951393
1 10.57747745513916 22 23 0.0281052243728442
-1 0.0 0 0 0.003943570289160807
7 0.45750001072883606 24 25 -0.05442470611677087
-1 0.0 0 0 0.0001003055730584725
106 12.5 26 27 -0.3684103797634386
-1 0.0 0 0 -0.05179285089951009
-1 0.0 0 0 -0.004801438855273383
-1 0.0 0 0 -0.02463381300404878
nodes 29
114 111.5 1 26 0.0
128 105.5 2 25 0.0013403176906341332
70 100.5 3 22 0.0027064510467556635
111 86.5 4 21 0.004409617370727413
2 11.125511169433594 5 6 0.0053033308396484985
-1 0.0 0 0 -7.288070577310265e-06
123 45.5 7 14 0.021837257357738057
41 11.5 8 11 0.008092238850951883
23 32.5 9 10 -0.06784618140107905
-1 0.0 0 0 -0.014708164262762167
-1 0.0 0 0 -0.000963715167023244
6 1.0715585947036743 12 13 0.027749961856747506
-1 0.0 0 0 0.0029605255539462937
-1 0.0 0 0 -0.0437846295007815
72 5.5 15 16 0.05567935657239376
-1 0.0 0 0 -0.008295051858345079
89 41.5 17 18 0.07453280226280255
-1 0.0 0 0 -0.0015560107114805902
5 2.059514045715332 19 20 0.09662732981880463
-1 0.0 0 0 0.008504191838269757
-1 0.0 0 0 0.030484291868439567
-1 0.0 0 0 -0.008823867890742505
111 33.5 23 24 -0.04549467347902742
-1 0.0 0 0 -0.006268064234394032
-1 0.0 0 0 0.012514204360293539
-1 0.0 0 0 -0.00545737090917454
32 19.5 27 28 -0.05338657777733688
-1 0.0 0 0 -0.01961539657197399
-1 0.0 0 0 -0.002799891157654535
nodes 29
6 0.9280412793159485 1 2 0.0
-1 0.0 0 0 -0.0014646738852731253
33 16.5 3 24 0.0048059849107610275
119 29.5 4 13 -0.005194287196170787
65 66.5 5 12 -0.02007736631276561
51 69.5 6 11 -0.033941821815474484
57 64.5 7 10 -0.05924452229228114
2 10.682215690612793 8 9 -0.09676258817405187
-1 0.0 0 0 0.00027175130789146355
-1 0.0 0 0 -0.012077709662377221
-1 0.0 0 0 -0.002869239975910522
-1 0.0 0 0 0.001289270010908323
-1 0.0 0 0 0.0017071690963234366
2 10.29021167755127 14 15 0.012727343538824485
-1 0.0 0 0 -0.0035194623244705816
121 74.5 16 23 0.024773017452856587
67 82.5 17 22 0.03498690874598864
77 101.5 18 21 0.04462819453480969
28 118.5 19 20 0.04974294999483249
-1 0.0 0 0 0.005628527585172273
-1 0.0 0 0 -0.00859271463764421
-1 0.0 0 0 -0.011936365240217128
-1 0.0 0 0 -0.00607922496068064
-1 0.0 0 0 -0.007263956576460679
2 11.606361389160156 25 26 0.01585523007729348
-1 0.0 0 0 0.001493772571915226
127 63.5 27 28 0.30962177546694875
-1 0.0 0 0 0.047176009251807746
-1 0.0 0 0 -0.026523225771432575
nodes 29
6 1.003570556640625 1 28 0.0
0 11.235457420349121 2 13 -0.004397191692431901
63 51.5 3 6 -0.01175906089748286
47 93.5 4 5 -0.01890399205716712
-1 0.0 0 0 -0.0015053673501635757
-1 0.0 0 0 -0.013097654119896147
57 35.5 7 8 0.012917114183500562
-1 0.0 0 0 -0.011102938256431353
22 37.5 9 10 0.025091218490403296
-1 0.0 0 0 -0.0018592266739428306
41 118.5 11 12 0.05128852005878149
-1 0.0 0 0 0.005773155133799432
-1 0.0 0 0 -0.019948764544512547
81 105.5 14 23 0.011724785738132215
97 13.5 15 18 -0.0019554912217248886
81 45.5 16 17 -0.06371824040225464
-1 0.0 0 0 -0.013271451259158873
-1 0.0 0 0 -0.0010203847013418516
22 34.5 19 20 0.011229709899335834
-1 0.0 0 0 -0.0017235516358345823
122 46.5 21 22 0.040308073477874976
-1 0.0 0 0 0.00047938545253191616
-1 0.0 0 0 0.009160344274915425
50 15.5 24 25 0.04890790818589548
-1 0.0 0 0 -0.011237673590915431
59 19.5 26 27 0.06576304298663073
-1 0.0 0 0 -0.002781720772745918
-1 0.0 0 0 0.008479488700137478
-1 0.0 0 0 0.0015625885787636303
nodes 29
112 16.5 1 16 0.0
32 56.5 2 9 -0.006649245970774854
38 35.5 3 6 -0.015081699411560562
74 96.5 4 5 -0.010984935435794837
-1 0.0 0 0 -0.0008975789785902237
-1 0.0 0 0 -0.011279982634813808
12 38.5 7 8 -0.08076975051766584
-1 0.0 0 0 -0.006902392584455241
-1 0.0 0 0 -0.03634525976505958
130 12.5 10 11 0.012399117142083948
-1 0.0 0 0 -0.001316036112821044
84 19.5 12 15 0.03447003040802005
32 76.5 13 14 -0.020512030421268135
-1 0.0 0 0 0.006205843514266342
-1 0.0 0 0 -0.006107114101862648
-1 0.0 0 0 0.005379311144558188
47 93.5 17 26 0.010732839778106205
129 118.5 18 25 0.013586042912503975
78 2.5 19 22 0.015674378042409266
31 112.5 20 21 -0.0007180943425995141
-1 0.0 0 0 0.00032605680622324926
-1 0.0 0 0 -0.014319722100212408
43 46.5 23 24 0.032118161793749316
-1 0.0 0 0 0.004066780776390287
-1 0.0 0 0 -0.004314650137671797
-1 0.0 0 0 -0.010096352622147744
63 35.5 27 28 -0.07430540825983702
-1 0.0 0 0 -0.016264926186698926
-1 0.0 0 0 0.00023480526589315814
nodes 29
26 108.5 1 26 0.0
8 51.5 2 25 0.0013148481483255588
6 1.0008928775787354 3 16 -0.000964339518466118
101 121.5 4 15 -0.006449246653203912
2 11.271401405334473 5 14 -0.005070319288163798
136 104.5 6 13 -0.00950896687168011
13 101.5 7 12 -0.00825891563124108
107 119.5 8 9 -0.007249669726103839
-1 0.0 0 0 -0.000603953187979487
75 45.5 10 11 -0.12434196599519276
-1 0.0 0 0 -0.032732211891561745
-1 0.0 0 0 -0.005530810688012445
-1 0.0 0 0 -0.01592567297920207
-1 0.0 0 0 -0.013762565830302715
-1 0.0 0 0 0.0024342588019176116
-1 0.0 0 0 -0.010812114749896377
77 68.5 17 24 0.015454971157889227
122 116.5 18 23 0.022485553877088955
0 9.726631164550781 19 20 0.026422582628229652
-1 0.0 0 0 -0.0027087177207369686
0 11.440752983093262 21 22 0.03426590571857129
-1 0.0 0 0 0.0037838106364080186
-1 0.0 0 0 -0.010668757712485983
-1 0.0 0 0 -0.008462515128169644
-1 0.0 0 0 -0.0034852816396847073
-1 0.0 0 0 0.0032766636447949353
103 18.5 27 28 -0.05188820825793582
-1 0.0 0 0 -0.010525189011692342
-1 0.0 0 0 0.000308663691426916
nodes 29
78 102.5 1 26 0.0
2 11.516220092773438 2 23 0.0014089284804421494
99 76.5 3 20 0.0004915183651053915
82 112.5 4 19 0.0020428843979845815
113 10.5 5 10 0.0029975055922283355
67 65.5 6 9 -0.00918927242117695
38 1.5 7 8 -0.005395152844306982
-1 0.0 0 0 -0.002454733655214066
-1 0.0 0 0 0.0010211831799745513
-1 0.0 0 0 -0.011421756448782716
107 22.5 11 18 0.00999281252473682
58 52.5 12 15 0.004219282869403874
112 19.5 13 14 0.010532159678036909
-1 0.0 0 0 -0.00025961553726356706
-1 0.0 0 0 0.00274328478849564
81 107.5 16 17 -0.025808655365591737
-1 0.0 0 0 -0.007317074791814929
-1 0.0 0 0 2.3717820143410708e-05
-1 0.0 0 0 0.0042045211937390215
-1 0.0 0 0 -0.008678837185468868
84 100.5 21 22 -0.051349498752759376
-1 0.0 0 0 -0.01091462206887441
-1 0.0 0 0 0.0010507323484513513
23 118.5 24 25 0.08042259308936113
-1 0.0 0 0 0.009300099772201857
-1 0.0 0 0 -0.047931641306389466
55 67.5 27 28 -0.04773826465048544
-1 0.0 0 0 -0.010780268488731502
-1 0.0 0 0 0.0007060478329326388
nodes 29
36 94.5 1 28 0.0
68 46.5 2 19 0.001092217728244369
89 77.5 3 10 -0.003752722953637001
95 84.5 4 5 -0.01665124463291276
-1 0.0 0 0 -0.0033770083344358583
46 88.5 6 9 0.011202863511196561
126 37.5 7 8 0.01619426881754837
-1 0.0 0 0 -0.001992035439980486
-1 0.0 0 0 0.004260638622421183
-1 0.0 0 0 -0.015294937242373952
93 40.5 11 18 0.0114843706824219
1 9.636131286621094 12 13 0.01620634998673001
-1 0.0 0 0 -0.004017964882189989
102 105.5 14 17 0.0243843379869857
32 5.5 15 16 0.0278639232426006
-1 0.0 0 0 -0.008753441605227981
-1 0.0 0 0 0.0031731573303271227
-1 0.0 0 0 -0.01284984183838425
-1 0.0 0 0 -0.010059409293402672
19 40.5 20 21 0.016310563095440288
-1 0.0 0 0 -0.0019170891123939345
2 10.516915321350098 22 23 0.038235487521923635
-1 0.0 0 0 -0.0008917684776997965
97 83.5 24 27 0.05880776943588693
116 48.5 25 26 0.06694774544476505
-1 0.0 0 0 0.007480107094941165
-1 0.0 0 0 -0.00882863220304162
-1 0.0 0 0 -0.010109509261239002
-1 0.0 0 0 -0.006085853744169523
nodes 29
96 126.5 1 28 0.0
6 1.0261151790618896 2 27 0.00041851917688038773
2 10.7899169921875 3 8 -0.0025728144758564607
8 35.5 4 5 -0.01863051385089478
-1 0.0 0 0 -0.004387892149718415
126 109.5 6 7 -0.004854299966450384
-1 0.0 0 0 0.00010850809631297707
-1 0.0 0 0 -0.009055962112046522
5 1.3113365173339844 9 24 0.005434991948530366
27 67.5 10 15 -0.00541383485496049
77 7.5 11 12 -0.013991367259978066
-1 0.0 0 0 -0.004364987891816914
31 27.5 13 14 0.0008752627787119412
-1 0.0 0 0 -0.002631246992112731
-1 0.0 0 0 0.002322191450291655
49 38.5 16 17 0.026733921872737515
-1 0.0 0 0 -0.011230773493044743
76 106.5 18 23 0.042925785122062514
73 81.5 19 22 0.0498171773711519
124 76.5 20 21 0.011784370040926627
-1 0.0 0 0 0.0018836041790685346
-1 0.0 0 0 -0.03642642630970684
-1 0.0 0 0 0.008866365254053273
-1 0.0 0 0 -0.02098666976151221
133 109.5 25 26 0.025550401567736386
-1 0.0 0 0 0.002755927364327162
-1 0.0 0 0 -0.0195413351758863
-1 0.0 0 0 0.002132449613183616
-1 0.0 0 0 -0.01555068015933778
nodes 29
48 82.5 1 28 0.0
80 45.5 2 17 0.0019369402034491493
32 19.5 3 10 -0.00321147743378788
51 63.5 4 7 -0.0187615832935659
67 87.5 5 6 -0.03382110575149318
-1 0.0 0 0 -0.002615763492894391
-1 0.0 0 0 -0.011040111042147124
103 117.5 8 9 0.008214023181773866
-1 0.0 0 0 0.0012742967762355575
-1 0.0 0 0 -0.02516411612411087
89 76.5 11 12 0.007698767479710786
-1 0.0 0 0 -0.0016251422972075845
93 34.5 13 16 0.017746389258816414
2 10.914288520812988 14 15 0.022039938505715676
-1 0.0 0 0 0.00013763487774632875
-1 0.0 0 0 0.004971901504897116
-1 0.0 0 0 -0.007911226526301147
81 57.5 18 19 0.017816002550412324
-1 0.0 0 0 -0.0033781042331526394
31 93.5 20 27 0.03661463668874454
2 11.089683532714844 21 24 0.03907781058899219
25 86.5 22 23 0.025753661724556867
-1 0.0 0 0 0.0032100311583408356
-1 0.0 0 0 -0.01476343536687152
49 49.5 25 26 0.08515683043477446
-1 0.0 0 0 -0.0018028921534077845
-1 0.0 0 0 0.011160488721728118
-1 0.0 0 0 -0.023647165792841835
-1 0.0 0 0 -0.0032769503640000964
nodes 29
6 0.9466264247894287 1 6 0.0
117 104.5 2 5 -0.011607660240588754
21 115.5 3 4 -0.009466709723636463
-1 0.0 0 0 -0.0007807199091849064
-1 0.0 0 0 -0.01467837616119849
-1 0.0 0 0 -0.01204886182581752
82 92.5 7 28 0.005403595366519261
2 10.991965293884277 8 11 0.006982224810483655
6 1.0321950912475586 9 10 -0.0006266289111664282
-1 0.0 0 0 -0.0008738260501871923
-1 0.0 0 0 0.002699532020782003
5 1.3644092082977295 12 25 0.021053631325772613
119 56.5 13 22 0.009100354720403213
83 67.5 14 17 -0.002502763404361409
131 74.5 15 16 -0.020437577657558593
-1 0.0 0 0 -0.001469572315805201
-1 0.0 0 0 -0.020676597603427417
85 37.5 18 19 0.045415434770242395
-1 0.0 0 0 0.0007317135667025809
41 99.5 20 21 0.11736113215391734
-1 0.0 0 0 0.014113741287575789
-1 0.0 0 0 -0.020875550836416675
73 13.5 23 24 0.05249876280717077
-1 0.0 0 0 -0.013606071550375185
-1 0.0 0 0 0.00743490027831146
133 111.5 26 27 0.059821930469746
-1 0.0 0 0 0.006433168939158878
-1 0.0 0 0 -0.03334934726423983
-1 0.0 0 0 -0.005586240816116455
nodes 29
12 66.5 1 26 0.0
2 11.438966751098633 2 21 0.0011499274376566544
29 56.5 3 16 -0.00027422359473224976
24 107.5 4 15 0.0022955116053167976
104 88.5 5 14 0.0038851557466686344
1 8.898092269897461 6 7 0.006070077182938481
-1 0.0 0 0 -0.00415217299634154
6 1.0015766620635986 8 11 0.008052222366276533
71 87.5 9 10 0.002521677032649401
-1 0.0 0 0 0.0004158629329841476
-1 0.0 0 0 -0.007710573779377269
77 103.5 12 13 0.02759381563164537
-1 0.0 0 0 0.003357471990896016
-1 0.0 0 0 -0.005320999318612164
-1 0.0 0 0 -0.003720776399278842
-1 0.0 0 0 -0.00659962741349995
36 65.5 17 20 -0.030338333749289157
21 71.5 18 19 -0.02258056846407187
-1 0.0 0 0 -0.0010833489189083715
-1 0.0 0 0 -0.012526991554013904
-1 0.0 0 0 -0.020167336225739286
116 1.5 22 23 0.053474336570139294
-1 0.0 0 0 -0.005112346409094664
66 60.5 24 25 0.0835245334451474
-1 0.0 0 0 0.00592888313214681
-1 0.0 0 0 0.024055585960187944
42 30.5 27 28 -0.05460044016577449
-1 0.0 0 0 -0.00833577882756317
-1 0.0 0 0 0.009966148560565874
nodes 29
101 106.5 1 18 0.0
125 103.5 2 11 0.0018222177266036608
118 90.5 3 8 0.003060617201430045
112 112.5 4 7 0.004761248484492766
21 77.5 5 6 0.005448728472181116
-1 0.0 0 0 0.0007504029053281586
-1 0.0 0 0 -0.0035058288444953832
-1 0.0 0 0 -0.012247530932993043
112 95.5 9 10 -0.037545951241332566
-1 0.0 0 0 -0.0044874477454251325
-1 0.0 0 0 0.024068239858633905
35 63.5 12 17 -0.056570278777596954
119 35.5 13 16 -0.03368754059052643
79 79.5 14 15 -0.05969770798363461
-1 0.0 0 0 -0.00456153672248216
-1 0.0 0 0 -0.04233037463761866
-1 0.0 0 0 0.011286554543534784
-1 0.0 0 0 -0.02477440544251333
116 71.5 19 28 -0.03331809152152652
67 24.5 20 25 -0.0218156778580382
6 1.0393445491790771 21 24 -0.04863857383885262
89 10.5 22 23 -0.06647927196653054
-1 0.0 0 0 -0.0015525517491338878
-1 0.0 0 0 -0.011290925883862536
-1 0.0 0 0 0.0056998139808400235
103 49.5 26 27 0.05266432244454827
-1 0.0 0 0 0.003660562772606126
-1 0.0 0 0 0.04277017553492139
-1 0.0 0 0 -0.024403658249372948
nodes 29
105 105.5 1 22 0.0
105 13.5 2 11 0.0017944692377798613
67 65.5 3 8 -0.007597140392639551
31 109.5 4 5 -0.0040724334173577684
-1 0.0 0 0 -0.0010024072976065296
89 12.5 6 7 0.03419152577538213
-1 0.0 0 0 -0.03812228311211444
-1 0.0 0 0 0.003836977462617892
73 48.5 9 10 -0.06681801830777889
-1 0.0 0 0 -0.011627916891859847
-1 0.0 0 0 0.0005087246342169223
47 91.5 12 15 0.01054090575782607
2 11.334516525268555 13 14 0.013823136924135575
-1 0.0 0 0 0.0009774974468505682
-1 0.0 0 0 0.00670055473592464
40 35.5 16 21 -0.05318174501676927
11 90.5 17 20 -0.08062576491358328
63 35.5 18 19 -0.07126631375968796
-1 0.0 0 0 -0.015060240883417196
-1 0.0 0 0 -0.0013766534377133387
-1 0.0 0 0 -0.05649105089051383
-1 0.0 0 0 0.010713996615259368
19 58.5 23 28 -0.03363248797627249
73 111.5 24 25 -0.06818143771914646
-1 0.0 0 0 9.301062155886924e-05
1 10.40894889831543 26 27 -0.11354612414076172
-1 0.0 0 0 -0.0017547768565994424
-1 0.0 0 0 -0.016634962734488074
-1 0.0 0 0 0.0021503849627081194
nodes 29
3 0.6450005769729614 1 8 0.0
4 0.9624576568603516 2 5 0.009980759516362526
7 0.17249999940395355 3 4 0.0047723807638883654
-1 0.0 0 0 0.0017446965326231535
-1 0.0 0 0 -0.001740037945405704
0 10.37757682800293 6 7 0.05093018467949681
-1 0.0 0 0 -0.001248953204016856
-1 0.0 0 0 0.00828007557717575
43 119.5 9 28 -0.006127529217953231
116 119.5 10 27 -0.005510965017148802
92 102.5 11 26 -0.0038358143033817636
44 6.5 12 23 -0.001823449926972374
33 69.5 13 22 -0.014008054111410711
129 15.5 14 19 -0.00847116994236117
73 85.5 15 16 -0.026841220978085494
-1 0.0 0 0 -0.006214882918308982
22 104.5 17 18 -0.004654444107037136
-1 0.0 0 0 -1.3850350208606834e-05
-1 0.0 0 0 -0.029061545725280958
98 103.5 20 21 0.01119988479026209
-1 0.0 0 0 0.001532837285574999
-1 0.0 0 0 -0.019159076659178195
-1 0.0 0 0 -0.007171341497199881
74 8.5 24 25 0.011448901756183578
-1 0.0 0 0 -0.0014961460221952407
-1 0.0 0 0 0.0030290167518875755
-1 0.0 0 0 -0.007387458447191371
-1 0.0 0 0 -0.008354339299163993
-1 0.0 0 0 -0.02311775188549961
nodes 29
33 16.5 1 6 0.0
75 98.5 2 5 -0.007330864687168908
98 116.5 3 4 -0.004924173486576669
-1 0.0 0 0 -0.0003573521016863718
-1 0.0 0 0 -0.014363525912896486
-1 0.0 0 0 -0.010830986027773213
68 46.5 7 26 0.00791320480081504
122 27.5 8 13 0.0019905160770472647
86 20.5 9 12 -0.017572964329424654
115 128.5 10 11 -0.034250290882126694
-1 0.0 0 0 -0.003990938816788399
-1 0.0 0 0 0.010154396271100269
-1 0.0 0 0 0.0008982366700819805
73 84.5 14 25 0.02379408965983276
84 66.5 15 18 0.03051486253815449
30 26.5 16 17 0.0032519814748383914
-1 0.0 0 0 -0.0031243308165860278
-1 0.0 0 0 0.00482518348633967
2 10.476019859313965 19 20 0.05480473112257169
-1 0.0 0 0 -0.0025640644480891756
115 44.5 21 22 0.06866650224286736
-1 0.0 0 0 0.0007284026043531674
134 75.5 23 24 0.0939565657635779
-1 0.0 0 0 0.009950781728428535
-1 0.0 0 0 -0.020372183567478816
-1 0.0 0 0 -0.006102099727524172
81 107.5 27 28 0.03909669373281754
-1 0.0 0 0 -0.0006845644647581062
-1 0.0 0 0 0.0078111317015340095
nodes 29
114 113.5 1 26 0.0
2 11.229341506958008 2 15 0.0011287202500038086
66 90.5 3 12 -0.0021432862654712486
36 93.5 4 11 -0.0005889374117001454
118 92.5 5 6 0.0006688255821450355
-1 0.0 0 0 0.0002482127645520898
69 20.5 7 10 -0.049308552315128276
11 0.5 8 9 -0.10945658301836236
-1 0.0 0 0 -0.0026980525580132266
-1 0.0 0 0 -0.01997951439866961
-1 0.0 0 0 -0.0004134612937594733
-1 0.0 0 0 -0.007404516411576259
107 22.5 13 14 -0.06210284813072079
-1 0.0 0 0 -0.009837809120017674
-1 0.0 0 0 0.004882466554733657
41 134.5 16 25 0.01998060658448736
19 120.5 17 24 0.021748594235735174
117 1.5 18 19 0.02494082985366331
-1 0.0 0 0 -0.002636464902407145
52 110.5 20 23 0.03561358193962624
133 100.5 21 22 0.04098496319805468
-1 0.0 0 0 0.004438761209320192
-1 0.0 0 0 -0.015130336584248158
-1 0.0 0 0 -0.011053996939858
-1 0.0 0 0 -0.014478626555222788
-1 0.0 0 0 -0.031106867535930612
32 12.5 27 28 -0.0505254800478802
-1 0.0 0 0 -0.021948064765954015
-1 0.0 0 0 -0.003005776831435339
nodes 29
78 102.5 1 22 0.0
6 0.9280412793159485 2 3 0.0012965982865167985
-1 0.0 0 0 -0.001273447914638009
2 11.065074920654297 4 9 0.005910202450265946
130 119.5 5 8 -0.0007695516701208915
22 94.5 6 7 -0.00013658295086816066
-1 0.0 0 0 0.00036692641163166344
-1 0.0 0 0 -0.0041914760118421405
-1 0.0 0 0 -0.02404125379966345
1 10.843045234680176 10 19 0.02237543313525073
121 94.5 11 18 0.06554285957509987
56 75.5 12 17 0.08595363506843816
97 121.5 13 14 0.10393652194132849
-1 0.0 0 0 0.012052022149484424
27 24.5 15 16 -0.08382227386199557
-1 0.0 0 0 0.001824238049741132
-1 0.0 0 0 -0.042214770220151104
-1 0.0 0 0 -0.009648052822508892
-1 0.0 0 0 -0.008176969398551566
6 1.0459541082382202 20 21 0.01227744418694129
-1 0.0 0 0 0.001487988604251149
-1 0.0 0 0 -0.01987569317374787
15 27.5 23 28 -0.04393221662924362
39 6.5 24 25 -0.06410993825572661
-1 0.0 0 0 -0.011365752001307143
103 15.5 26 27 -0.0021127108288564404
-1 0.0 0 0 0.006094173340093214
-1 0.0 0 0 -0.010283388884854503
-1 0.0 0 0 0.008343965113793027
nodes 29
42 115.5 1 20 0.0
12 61.5 2 19 0.0010008378268617055
1 8.451053619384766 3 8 0.0022678203301950504
6 1.0598565340042114 4 7 -0.06046896922872589
7 0.38749998807907104 5 6 -0.13557549354521076
-1 0.0 0 0 -0.006415987541760146
-1 0.0 0 0 -0.02887619944289327
-1 0.0 0 0 0.00012046649684920904
105 101.5 9 14 0.003302884981179577
21 57.5 10 11 0.005335634274677541
-1 0.0 0 0 0.000802400750011555
17 69.5 12 13 -0.024389362547121266
-1 0.0 0 0 -0.001369580913456926
-1 0.0 0 0 -0.011871442479650593
19 57.5 15 18 -0.031802449349595
73 111.5 16 17 -0.06413611948877972
-1 0.0 0 0 -0.000743354476325658
-1 0.0 0 0 -0.010634655555061157
-1 0.0 0 0 0.0026062931387740395
-1 0.0 0 0 -0.004675995699616212
61 40.5 21 26 -0.056603799406021164
81 92.5 22 23 -0.1194768016865226
-1 0.0 0 0 -0.020894158456568362
54 7.5 24 25 -0.042980653300349204
-1 0.0 0 0 -0.001489740950168495
-1 0.0 0 0 -0.059609845507404086
65 50.5 27 28 0.0254004266112355
-1 0.0 0 0 0.010707539810200657
-1 0.0 0 0 -0.01282180304054488
nodes 29
3 0.6631825566291809 1 10 0.0
2 11.082727432250977 2 3 0.008860108865685081
-1 0.0 0 0 0.00014636487513403887
92 16.5 4 7 0.03378059543672258
60 80.5 5 6 0.00412360750235072
-1 0.0 0 0 -0.0013006006532489938
-1 0.0 0 0 0.013077997367596253
128 26.5 8 9 0.061903139124151116
-1 0.0 0 0 0.00913997893398757
-1 0.0 0 0 0.000835133268924148
106 110.5 11 26 -0.006405692803956595
110 82.5 12 25 -0.005387354853574179
52 106.5 13 24 -0.004165987811433384
25 6.5 14 17 -0.002214706881549998
51 132.5 15 16 -0.021868749644513
-1 0.0 0 0 -0.0026467665109111875
-1 0.0 0 0 0.009124999675673857
42 92.5 18 23 0.005848447488796769
38 52.5 19 22 0.009651860466687751
96 126.5 20 21 0.013132335866481347
-1 0.0 0 0 0.001393039613707355
-1 0.0 0 0 -0.02928572728830789
-1 0.0 0 0 -0.00601110390582874
-1 0.0 0 0 -0.007804440012113172
-1 0.0 0 0 -0.008125778094480245
-1 0.0 0 0 -0.012907611244333851
81 37.5 27 28 -0.1515791655156361
-1 0.0 0 0 -0.006180731018013197
-1 0.0 0 0 -0.038128950122707325
nodes 29
6 1.003570556640625 1 28 0.0
131 112.5 2 27 -0.003941705351292104
100 98.5 3 26 -0.0032994038155748184
124 114.5 4 25 -0.001498345591694713
0 10.894644737243652 5 6 0.00010510866130300285
-1 0.0 0 0 -0.0014903479637216515
44 81.5 7 22 0.007175614032284255
71 72.5 8 21 0.010586327417038561
75 103.5 9 20 0.013733667423939687
84 56.5 10 15 0.01665399458176514
60 39.5 11 12 0.007017002640452468
-1 0.0 0 0 -0.0018534550329963929
81 62.5 13 14 0.03028867709186042
-1 0.0 0 0 -0.003942520428651343
-1 0.0 0 0 0.0044506975416408
73 112.5 16 19 0.042657510894984735
91 16.5 17 18 0.05214825991879622
-1 0.0 0 0 -0.0022610982618550507
-1 0.0 0 0 0.006668076257837716
-1 0.0 0 0 -0.01125885161832561
-1 0.0 0 0 -0.0054436016435401875
-1 0.0 0 0 -0.005933649996704944
131 15.5 23 24 -0.05128940964293214
-1 0.0 0 0 -0.009147154644565432
-1 0.0 0 0 0.004402635672631583
-1 0.0 0 0 -0.006512008352155463
-1 0.0 0 0 -0.005538798479815193
-1 0.0 0 0 -0.015638126982819467
-1 0.0 0 0 0.0014007267333102386
nodes 29
108 124.5 1 28 0.0
120 123.5 2 25 0.0003333724506894337
120 61.5 3 10 0.0015084964210157793
97 79.5 4 7 -0.003356239438511644
127 62.5 5 6 -0.0121586001935103
-1 0.0 0 0 -0.002326167594272688
-1 0.0 0 0 0.001573650348335809
19 51.5 8 9 0.009193923747967223
-1 0.0 0 0 0.0017175549538622028
-1 0.0 0 0 -0.007715183210182642
22 76.5 11 24 0.018089511868411245
77 82.5 12 23 0.021865091416472637
2 10.995511054992676 13 16 0.02701155242787584
41 49.5 14 15 0.010230477294217902
-1 0.0 0 0 -0.0054400388058462755
-1 0.0 0 0 0.0021724311742505617
41 12.5 17 20 0.056455168962988106
115 38.5 18 19 -0.04874615944885471
-1 0.0 0 0 -0.011674308481604632
-1 0.0 0 0 0.011710721068590394
27 19.5 21 22 0.07060965965422261
-1 0.0 0 0 0.0003202678408168201
-1 0.0 0 0 0.00924361039306978
-1 0.0 0 0 -0.00776674645440653
-1 0.0 0 0 -0.012496053442019713
69 26.5 26 27 -0.046948467850080486
-1 0.0 0 0 -0.000720364154652543
-1 0.0 0 0 -0.013237104380395319
-1 0.0 0 0 -0.016323408656473696
nodes 29
80 96.5 1 28 0.0
80 45.5 2 19 0.0016996726545130932
94 5.5 3 16 -0.003456902546871156
68 84.5 4 13 0.006845242502768379
119 63.5 5 12 0.011523043105298392
2 10.63595199584961 6 7 0.014520404727975457
-1 0.0 0 0 -0.0009342318898529821
115 66.5 8 9 0.025434596487364472
-1 0.0 0 0 0.0003308068076776877
41 63.5 10 11 0.05472854789406717
-1 0.0 0 0 0.006756956400398505
-1 0.0 0 0 -0.0050706205170138186
-1 0.0 0 0 -0.008457041378313783
50 71.5 14 15 -0.05564321854373868
-1 0.0 0 0 -0.010690712479838934
-1 0.0 0 0 0.003190488109894392
48 19.5 17 18 -0.01544098961445851
-1 0.0 0 0 -0.0032113769197450875
-1 0.0 0 0 0.00028947603008869785
126 33.5 20 21 0.020375834210084976
-1 0.0 0 0 -0.0007025174667658826
44 6.5 22 23 0.04521658344695225
-1 0.0 0 0 0.0024719619746507585
73 41.5 24 25 0.08862813531267005
-1 0.0 0 0 -0.0033393491983103258
120 19.5 26 27 0.11971330522627183
-1 0.0 0 0 -0.005702144923518122
-1 0.0 0 0 0.013932403494414195
-1 0.0 0 0 -0.0031959392985121803
nodes 29
6 0.9994038343429565 1 14 0.0
8 36.5 2 13 -0.005484626846925761
4 0.9468755125999451 3 4 -0.026207737453541075
-1 0.0 0 0 -0.006857187753249574
3 0.4238850176334381 5 6 -0.007913146022776344
-1 0.0 0 0 0.01527089267037809
33 113.5 7 12 -0.013033311951265735
25 8.5 8 9 -0.008690191997661696
-1 0.0 0 0 -0.004482067632157911
114 117.5 10 11 0.007957655657669675
-1 0.0 0 0 0.0012123240886148102
-1 0.0 0 0 -0.020753983360491265
-1 0.0 0 0 -0.014830005100008781
-1 0.0 0 0 0.00018604664621746988
77 105.5 15 24 0.010408665974210899
66 84.5 16 23 0.014027747516083766
0 9.726631164550781 17 18 0.016747619937344162
-1 0.0 0 0 -0.0030751432050541323
27 68.5 19 22 0.02123272205884833
63 104.5 20 21 0.012006587575725973
-1 0.0 0 0 0.0004635639809664328
-1 0.0 0 0 0.006473440699136497
-1 0.0 0 0 0.005129294657655857
-1 0.0 0 0 -0.006665228761152395
47 28.5 25 28 -0.0495781751015741
6 1.0459541082382202 26 27 -0.08979133678227483
-1 0.0 0 0 -0.01381383265909913
-1 0.0 0 0 0.0018958945079649136
-1 0.0 0 0 0.00600940840276097
nodes 29
2 11.516220092773438 1 28 0.0
125 42.5 2 11 -0.0008023514018760889
24 101.5 3 10 0.002389868458574466
28 119.5 4 5 0.004122084951179419
-1 0.0 0 0 0.0005574751473186192
51 80.5 6 9 -0.05672766958490837
114 26.5 7 8 -0.07880980201732536
-1 0.0 0 0 -0.005974651293853927
-1 0.0 0 0 -0.031106420729386932
-1 0.0 0 0 0.015628412009852873
-1 0.0 0 0 -0.00492888437389302
50 78.5 12 19 -0.02259046954808385
93 103.5 13 16 -0.041661010400563935
29 108.5 14 15 -0.025263184656138686
-1 0.0 0 0 -0.0019954036746884156
-1 0.0 0 0 -0.02699977769891942
6 1.0434638261795044 17 18 -0.10033950448600723
-1 0.0 0 0 -0.01257348876023879
-1 0.0 0 0 0.010451658598612995
113 88.5 20 25 0.014258529999299437
2 10.7899169921875 21 22 0.05641537864478862
-1 0.0 0 0 -0.004321305292270681
116 82.5 23 24 0.08690308854073799
-1 0.0 0 0 0.009467613116238357
-1 0.0 0 0 -0.047850127259026404
41 6.5 26 27 -0.04226533183469484
-1 0.0 0 0 -0.0491898880364039
-1 0.0 0 0 -0.003139384492047015
-1 0.0 0 0 0.0067418801817287505
nodes 29
26 108.5 1 24 0.0
8 51.5 2 23 0.0011755311611500517
6 0.9933621287345886 3 22 -0.0009106440628235627
17 2.5 4 7 -0.008168151339733358
95 6.5 5 6 -0.03773511622143434
-1 0.0 0 0 -0.0013690429330050948
-1 0.0 0 0 -0.007804830282242968
100 95.5 8 21 -0.0019320944625643122
2 10.917593955993652 9 12 0.0006626901470932272
29 18.5 10 11 -0.01593236271172321
-1 0.0 0 0 -0.0003547288213861027
-1 0.0 0 0 -0.005988303323918077
17 88.5 13 20 0.012199345977727044
103 96.5 14 19 0.01928230765360329
129 95.5 15 16 0.023817786828742214
-1 0.0 0 0 0.0029122755521033255
29 17.5 17 18 -0.05280464303748801
-1 0.0 0 0 -0.011948453935871921
-1 0.0 0 0 0.004012300571237893
-1 0.0 0 0 -0.006756908244169347
-1 0.0 0 0 -0.0038247740002804002
-1 0.0 0 0 -0.00731530946737959
-1 0.0 0 0 0.000916765839534661
-1 0.0 0 0 0.0029963832561841885
126 66.5 25 26 -0.04639030955030439
-1 0.0 0 0 -0.0071273329681076775
68 102.5 27 28 0.056244965169232504
-1 0.0 0 0 0.0030301402962384567
-1 0.0 0 0 0.05652329475131064
nodes 29
82 83.5 1 28 0.0
1 9.682217597961426 2 3 0.0014586167008076845
-1 0.0 0 0 -0.0019311255141064567
5 2.059514045715332 4 21 0.0044103604318427286
116 119.5 5 20 0.0020662248052134334
64 84.5 6 17 0.003576620511480345
49 80.5 7 12 -0.0023299729407460805
76 39.5 8 9 -0.018832263705383566
-1 0.0 0 0 -0.0036207102791222102
115 75.5 10 11 0.020844416930993707
-1 0.0 0 0 -0.0018544137131483087
-1 0.0 0 0 0.0070397337153066805
76 100.5 13 16 0.010066596301843908
41 42.5 14 15 0.013439762534857333
-1 0.0 0 0 -0.004189624882490069
-1 0.0 0 0 0.0021211111371022676
-1 0.0 0 0 -0.012112013985296282
89 47.5 18 19 0.02003639506854139
-1 0.0 0 0 -0.006511818018269777
-1 0.0 0 0 0.0027392252450199827
-1 0.0 0 0 -0.005900592176265162
71 57.5 22 27 0.058305400002337145
44 28.5 23 26 0.07342803931752889
118 0.5 24 25 0.10040057997928864
-1 0.0 0 0 0.0007143024399406912
-1 0.0 0 0 0.013285017413839412
-1 0.0 0 0 -0.001337168622669935
-1 0.0 0 0 -0.015141422068947303
-1 0.0 0 0 -0.0036835616216162556
nodes 29
2 11.334516525268555 1 14 0.0
128 105.5 2 13 -0.00204108804262869
6 1.0111383199691772 3 12 -0.0007106438894775646
120 61.5 4 7 -0.004768506640689741
11 66.5 5 6 -0.01067992753823209
-1 0.0 0 0 -0.0008852202847416575
-1 0.0 0 0 -0.009672344544875436
77 82.5 8 11 0.012835744686089933
19 49.5 9 10 0.01825029302844946
-1 0.0 0 0 -0.000809981314892769
-1 0.0 0 0 0.003958845991018641
-1 0.0 0 0 -0.01162704319562791
-1 0.0 0 0 0.001642921797695089
-1 0.0 0 0 -0.006229035851441808
3 0.8542429208755493 15 28 0.0268833463849676
3 0.6917744278907776 16 27 0.010399890078158721
105 12.5 17 24 0.05431284962817184
39 16.5 18 23 -0.01991697672775891
80 63.5 19 22 -0.06757794273532823
80 50.5 20 21 -0.03564476669272365
-1 0.0 0 0 -0.006032882851185308
-1 0.0 0 0 0.045644394957250166
-1 0.0 0 0 -0.03554200434526946
-1 0.0 0 0 0.012446771441281874
4 0.8524270057678223 25 26 0.11232947837742824
-1 0.0 0 0 0.005732645110645459
-1 0.0 0 0 0.023826134242410785
-1 0.0 0 0 -0.0022792962472439025
-1 0.0 0 0 0.00934199053086365
nodes 29
74 118.5 1 24 0.0
60 115.5 2 9 0.0005420087715045513
93 116.5 3 8 -0.00260200906291339
68 120.5 4 5 -0.0005941402140367823
-1 0.0 0 0 9.966877042139513e-05
88 21.5 6 7 -0.0775544338013795
-1 0.0 0 0 -0.01925386615217618
-1 0.0 0 0 -0.003032295215986269
-1 0.0 0 0 -0.006776720263160119
2 9.992962837219238 10 11 0.018592635285860422
-1 0.0 0 0 -0.010415490172540391
65 84.5 12 21 0.02518409013730063
19 72.5 13 14 0.03410104914192366
-1 0.0 0 0 0.00031897021519647784
2 10.589912414550781 15 16 0.0608761537238179
-1 0.0 0 0 0.0012649474373746389
120 73.5 17 20 0.08582266553894946
41 10.5 18 19 0.055590236632718636
-1 0.0 0 0 -0.04847595655758466
-1 0.0 0 0 0.006082545962989505
-1 0.0 0 0 0.017008076252880772
8 56.5 22 23 -0.049358500141852585
-1 0.0 0 0 -0.00632382020135342
-1 0.0 0 0 0.03509937894013193
104 55.5 25 28 -0.09678976046922616
87 80.5 26 27 -0.06112856962733661
-1 0.0 0 0 -0.0017639535907307009
-1 0.0 0 0 -0.03370344065068687
-1 0.0 0 0 -0.04040246354147362
nodes 29
3 0.6450005769729614 1 8 0.0
75 77.5 2 5 0.009142902869119016
2 10.780704498291016 3 4 0.01383671251606751
-1 0.0 0 0 -0.00030996540689528655
-1 0.0 0 0 0.002828116914663209
94 0.5 6 7 -0.030957103771031055
-1 0.0 0 0 0.0009049772038022021
-1 0.0 0 0 -0.010342831792317278
20 111.5 9 28 -0.005613140669583223
85 107.5 10 27 -0.003978820498935348
136 104.5 11 26 -0.0009731077772745881
16 78.5 12 25 0.00022265776021192503
78 119.5 13 24 0.0022736649553964693
109 89.5 14 23 0.0036950929179449627
77 4.5 15 16 0.005248553110108536
-1 0.0 0 0 -0.0009851008420397299
71 100.5 17 20 0.01608420623541819
69 105.5 18 19 0.017927376547973273
-1 0.0 0 0 0.002174044446327164
-1 0.0 0 0 -0.00532627390865287
91 13.5 21 22 -0.1433236947961314
-1 0.0 0 0 0.0007415773563384153
-1 0.0 0 0 -0.028389056099641593
-1 0.0 0 0 -0.009957946429535645
-1 0.0 0 0 -0.010360839378662667
-1 0.0 0 0 -0.006831927178044053
-1 0.0 0 0 -0.011995177875718264
-1 0.0 0 0 -0.004467525481531087
-1 0.0 0 0 -0.007730312215510734
nodes 29
2 11.16913890838623 1 24 0.0
6 1.0321950912475586 2 21 -0.003683972295047045
0 9.786672592163086 3 4 -0.0076760081039159425
-1 0.0 0 0 -0.009741774827462987
21 57.5 5 20 -0.006305374721623302
24 101.5 6 19 -0.0035089092599468056
108 113.5 7 18 -0.0016426768850809808
125 42.5 8 15 -0.0006698251390458849
25 127.5 9 12 0.003365984296537216
14 105.5 10 11 0.0010587160743194756
-1 0.0 0 0 0.00021977274191088987
-1 0.0 0 0 -0.013284540857054689
96 50.5 13 14 0.0681249633970541
-1 0.0 0 0 0.010522486374313638
-1 0.0 0 0 -0.013224281900640551
87 78.5 16 17 -0.032431137174392
-1 0.0 0 0 -0.00435101800810826
-1 0.0 0 0 0.007837897047671766
-1 0.0 0 0 -0.014011022850986899
-1 0.0 0 0 -0.0071977856456118304
-1 0.0 0 0 -0.004746940426032364
7 0.762499988079071 22 23 0.02219685154652257
-1 0.0 0 0 0.0025663257058334246
-1 0.0 0 0 -0.02113740407097951
0 10.850889205932617 25 26 0.014041578764955615
-1 0.0 0 0 0.03125327187441686
6 1.0715585947036743 27 28 0.012530394020083206
-1 0.0 0 0 0.0013760590252077723
-1 0.0 0 0 -0.035464349748086064
nodes 29
37 100.5 1 26 0.0
34 103.5 2 23 0.0008587635521138962
135 91.5 3 22 0.0016213271254973986
99 74.5 4 17 0.002892093062790818
116 97.5 5 8 0.004273672765885446
92 82.5 6 7 0.006537337320158522
-1 0.0 0 0 0.0008643335329667513
-1 0.0 0 0 -0.003255852964284379
91 34.5 9 14 -0.027374454830777085
26 9.5 10 13 -0.07226033381347406
40 55.5 11 12 -0.03817693498594718
-1 0.0 0 0 -0.0057100920981815635
-1 0.0 0 0 0.014135831676972792
-1 0.0 0 0 -0.01459395627799566
41 87.5 15 16 0.026027957276321824
-1 0.0 0 0 0.003953447288683879
-1 0.0 0 0 -0.01767418344051334
84 100.5 18 21 -0.0391052818410846
59 78.5 19 20 -0.08440497701054663
-1 0.0 0 0 -0.013419578186849586
-1 0.0 0 0 0.001218712268282484
-1 0.0 0 0 0.0010643803341155195
-1 0.0 0 0 -0.0043995046594041305
21 104.5 24 25 -0.06890823355464258
-1 0.0 0 0 -0.00570518099802822
-1 0.0 0 0 -0.05109157044067974
21 95.5 27 28 -0.05961704817590278
-1 0.0 0 0 -0.005023638884706547
-1 0.0 0 0 -0.0462661928304568
nodes 29
15 80.5 1 20 0.0
72 120.5 2 17 0.0014899280186896138
30 92.5 3 12 0.0024391791604239654
30 56.5 4 5 0.00417076848048805
-1 0.0 0 0 0.0001596453907677886
55 51.5 6 9 0.04083467710042267
13 49.5 7 8 -0.026879172992039953
-1 0.0 0 0 -0.00423352989590456
-1 0.0 0 0 0.020993075700243936
85 6.5 10 11 0.07626138516253535
-1 0.0 0 0 -0.0021632313824473267
-1 0.0 0 0 0.009750407916076119
129 38.5 13 16 -0.03484905923996853
107 33.5 14 15 -0.07801360305014862
-1 0.0 0 0 -0.005681825602448117
-1 0.0 0 0 -0.02382830347903879
-1 0.0 0 0 0.002750283856759855
89 20.5 18 19 -0.06691256129986911
-1 0.0 0 0 -0.027898787318074103
-1 0.0 0 0 -0.0024324552695861204
68 92.5 21 28 -0.034433179879690724
54 31.5 22 23 -0.02210401034748021
-1 0.0 0 0 -0.007541265987344598
129 51.5 24 27 0.012354898603642904
9 30.5 25 26 -0.0337973285201412
-1 0.0 0 0 -0.002049726349353704
-1 0.0 0 0 -0.04182016469719934
-1 0.0 0 0 0.0073261928155590504
-1 0.0 0 0 -0.02829780293131163
nodes 29
6 0.9051737785339355 1 2 0.0
-1 0.0 0 0 -0.0014928182139977327
8 48.5 3 28 0.0032858632814789517
2 10.924859046936035 4 13 3.437548478823313e-05
6 1.0434638261795044 5 12 -0.008978198123276701
53 70.5 6 7 -0.017151301102075633
-1 0.0 0 0 -0.001239625580989181
80 85.5 8 11 -0.06552146964769429
41 67.5 9 10 -0.060322336505802376
-1 0.0 0 0 -0.003934559348343685
-1 0.0 0 0 -0.017794558579462764
-1 0.0 0 0 -0.055119221728166634
-1 0.0 0 0 0.0027821216083591034
5 1.277651309967041 14 17 0.011510840222300988
79 119.5 15 16 -0.0031171301613897753
-1 0.0 0 0 -0.0001881701810467045
-1 0.0 0 0 -0.029191856284462542
129 120.5 18 25 0.03495112216769394
133 98.5 19 24 0.03947456533966811
76 25.5 20 21 0.04288371855697985
-1 0.0 0 0 0.002357217385140201
72 6.5 22 23 0.07460575669976255
-1 0.0 0 0 -0.0008232217032866671
-1 0.0 0 0 0.009480210575601996
-1 0.0 0 0 -0.014837851835271488
38 0.5 26 27 -0.11017048575429252
-1 0.0 0 0 -0.029050684334865462
-1 0.0 0 0 0.0031454925969028507
-1 0.0 0 0 0.0034975524281293784
nodes 29
58 76.5 1 24 0.0
2 11.110565185546875 2 3 0.0016804833975956985
-1 0.0 0 0 -0.00033640874122610963
43 93.5 4 23 0.01578074221674116
50 71.5 5 18 0.01902135063359643
67 65.5 6 17 0.008559559658010621
23 31.5 7 10 0.017040880937393355
52 20.5 8 9 -0.012433065235999338
-1 0.0 0 0 -0.004829330126669652
-1 0.0 0 0 0.0024890853897991607
57 64.5 11 14 0.051739845631599675
59 4.5 12 13 -0.0057560324690917
-1 0.0 0 0 0.006674303042274564
-1 0.0 0 0 -0.006878640683509453
94 13.5 15 16 0.07221081169752247
-1 0.0 0 0 0.008993901687965537
-1 0.0 0 0 -0.0014093490000682313
-1 0.0 0 0 -0.008961759823760976
88 18.5 19 20 0.060292877178607214
-1 0.0 0 0 -0.013829648236800211
60 8.5 21 22 0.07297905681444843
-1 0.0 0 0 -0.012748351604070353
-1 0.0 0 0 0.008359178125972117
-1 0.0 0 0 -0.008349554873187039
22 51.5 25 26 -0.029075170271179472
-1 0.0 0 0 -0.0012531133605403948
73 110.5 27 28 -0.13119347846255996
-1 0.0 0 0 -0.007364555702664516
-1 0.0 0 0 -0.0315134994217846
nodes 29
2 11.606361389160156 1 26 0.0
94 102.5 2 11 -0.0004418694839522093
56 85.5 3 10 -0.004519807776126992
103 85.5 4 9 -0.0020603518454961832
17 93.5 5 6 0.0007855733182946115
-1 0.0 0 0 0.0003789998813818709
79 58.5 7 8 -0.04586744306810525
-1 0.0 0 0 -0.0033253918136839675
-1 0.0 0 0 -0.023990457549092202
-1 0.0 0 0 -0.004863472031405119
-1 0.0 0 0 -0.0063108395657596635
127 22.5 12 15 0.012464195627940433
101 29.5 13 14 -0.05446918474249091
-1 0.0 0 0 -0.010096023693670724
-1 0.0 0 0 0.0004848282337022951
2 10.29021167755127 16 17 0.02255387994185841
-1 0.0 0 0 -0.0025757255216395554
123 108.5 18 25 0.03201487507442003
102 55.5 19 20 0.033882808085773444
-1 0.0 0 0 0.0006312898678112766
20 50.5 21 22 0.0567034294583216
-1 0.0 0 0 0.007350646709622268
0 11.132060050964355 23 24 -0.0032054104900421927
-1 0.0 0 0 -0.005217689606559781
-1 0.0 0 0 0.009682145366428418
-1 0.0 0 0 -0.027954831709884987
85 34.5 27 28 0.1122700267726693
-1 0.0 0 0 -0.0012827950097354397
-1 0.0 0 0 0.03311914862952108
nodes 29
2 11.394479751586914 1 4 0.0
5 1.262002944946289 2 3 -0.0014872759002896294
-1 0.0 0 0 -0.001053619518344363
-1 0.0 0 0 0.0005550356351482794
6 0.6496198773384094 5 6 0.03300124040602399
-1 0.0 0 0 -0.04399750058539212
66 60.5 7 16 0.03669444378650248
94 89.5 8 11 0.02119090744435205
83 0.5 9 10 0.002550473582432361
-1 0.0 0 0 -0.014807040491881383
-1 0.0 0 0 0.0018051146359983825
89 37.5 12 13 0.10990140594384935
-1 0.0 0 0 0.016691790276979045
78 17.5 14 15 -0.09809477447718382
-1 0.0 0 0 0.014993914860216055
-1 0.0 0 0 -0.029297857118238298
134 1.5 17 20 0.14128079983657377
69 7.5 18 19 0.315996717784502
-1 0.0 0 0 0.01730184824598071
-1 0.0 0 0 0.05931994189242167
12 11.5 21 24 0.0698061061306031
109 0.5 22 23 0.190084070778202
-1 0.0 0 0 -0.012009783893567967
-1 0.0 0 0 0.029280665126786412
7 0.16250000149011612 25 28 -0.09792847041876948
62 5.5 26 27 -0.0070771676265011145
-1 0.0 0 0 -0.035562026073389194
-1 0.0 0 0 0.012913507565684702
-1 0.0 0 0 -0.052073645649048
nodes 29
101 106.5 1 2 0.0
-1 0.0 0 0 0.00016142536071088443
116 68.5 3 26 -0.029515600019219643
67 25.5 4 15 -0.018743355710710216
78 17.5 5 10 -0.041711672358444044
66 5.5 6 9 -0.02266426505995208
18 50.5 7 8 0.009756448033802757
-1 0.0 0 0 -0.002837148954770315
-1 0.0 0 0 0.009159042077758566
-1 0.0 0 0 -0.00971178624662132
0 11.128276824951172 11 12 -0.12017383366337797
-1 0.0 0 0 -0.022339116721663492
42 37.5 13 14 -0.03921906224905881
-1 0.0 0 0 0.0058866613719146706
-1 0.0 0 0 -0.020843557193466526
0 10.7395658493042 16 17 0.04730574533713811
-1 0.0 0 0 -0.005001670391772309
10 8.5 18 25 0.10390750452720383
95 86.5 19 22 0.005785305988211745
44 40.5 20 21 -0.07287403652748174
-1 0.0 0 0 -0.014228678141147472
-1 0.0 0 0 0.03138541135404791
87 52.5 23 24 0.2679831143738567
-1 0.0 0 0 0.0569810526116806
-1 0.0 0 0 -0.0025220657033579695
-1 0.0 0 0 0.0174095392955813
125 25.5 27 28 -0.21091028866251052
-1 0.0 0 0 -0.011956806174750634
-1 0.0 0 0 -0.04213442797831531
nodes 29
48 95.5 1 8 0.0
136 90.5 2 7 0.0013116852112698188
99 76.5 3 4 0.002385696878172436
-1 0.0 0 0 0.00037017635764300706
17 35.5 5 6 -0.04107399585504676
-1 0.0 0 0 -0.0010116992555900858
-1 0.0 0 0 -0.01282262310972224
-1 0.0 0 0 -0.005537026385353113
10 88.5 9 28 -0.036017503061915916
113 62.5 10 21 -0.02856625683791867
107 69.5 11 20 -0.003404308967882814
24 23.5 12 19 0.009789044666944129
87 1.5 13 16 -0.023583631362902646
70 10.5 14 15 -0.29096175455113593
-1 0.0 0 0 -0.012456946060992777
-1 0.0 0 0 -0.06607224077538208
38 58.5 17 18 -0.006541948786070195
-1 0.0 0 0 0.0007026001105154029
-1 0.0 0 0 -0.032369277749343645
-1 0.0 0 0 0.008084054847242436
-1 0.0 0 0 -0.019757407901423246
19 48.5 22 25 -0.10124569815073454
71 39.5 23 24 -0.18044278744860076
-1 0.0 0 0 -0.022830935918375924
-1 0.0 0 0 0.007526547734711417
82 48.5 26 27 0.023096311756664527
-1 0.0 0 0 -0.0038850973526681643
-1 0.0 0 0 0.028904241581792656
-1 0.0 0 0 -0.0298780990593221
nodes 29
1 8.451053619384766 1 4 0.0
22 52.5 2 3 -0.05384957904081088
-1 0.0 0 0 -0.002941340000872362
-1 0.0 0 0 -0.019494501662512237
3 0.6086475253105164 5 8 0.0008585076446636403
134 75.5 6 7 0.01190879614399152
-1 0.0 0 0 0.0014451166693469422
-1 0.0 0 0 -0.007981837528250582
132 104.5 9 28 -0.0039052696517546206
110 92.5 10 27 -0.003124890923412955
2 11.256457328796387 11 22 -0.0022879236609157456
16 78.5 12 21 -0.006557083154035803
69 109.5 13 16 -0.004619964335819794
111 89.5 14 15 -0.001965832906077645
-1 0.0 0 0 -0.00010665475247494624
-1 0.0 0 0 -0.015219066701012486
88 40.5 17 18 -0.053212078516274866
-1 0.0 0 0 -0.013731733556355027
47 73.5 19 20 -0.024660217060901803
-1 0.0 0 0 -0.0016838673978992677
-1 0.0 0 0 -0.04411573861725629
-1 0.0 0 0 -0.007213608550530298
70 21.5 23 26 0.022403971785778642
58 116.5 24 25 0.0012000108868898754
-1 0.0 0 0 0.0004699719317218701
-1 0.0 0 0 -0.03449586497486702
-1 0.0 0 0 0.005733805930912454
-1 0.0 0 0 -0.012948415884789885
-1 0.0 0 0 -0.01373674222534071
nodes 29
6 0.9466264247894287 1 12 0.0
7 0.13250000029802322 2 11 -0.01012536995818856
26 73.5 3 8 -0.005444076789865581
3 0.5696649551391602 4 7 -0.0010340936471605938
56 72.5 5 6 0.027039838898490497
-1 0.0 0 0 0.0036953971378231353
-1 0.0 0 0 -0.008569344171791763
-1 0.0 0 0 -0.0009285979327528529
60 44.5 9 10 -0.055918629612060435
-1 0.0 0 0 -0.010966881490542738
-1 0.0 0 0 0.000790971542381281
-1 0.0 0 0 -0.005277309573837308
2 10.245657920837402 13 22 0.004713559824230462
73 133.5 14 21 -0.01859124504599329
6 1.0540072917938232 15 20 -0.030820639815077787
7 0.45250000059604645 16 17 -0.05714757005667595
-1 0.0 0 0 -0.0043675000217763965
5 1.208160400390625 18 19 -0.1862940395242699
-1 0.0 0 0 0.041787207906168924
-1 0.0 0 0 -0.0227280183247438
-1 0.0 0 0 0.0011121590764578777
-1 0.0 0 0 0.006031259450819682
5 1.2712340354919434 23 28 0.008446106162777915
131 72.5 24 27 -0.0028760245281770395
119 69.5 25 26 -0.0003156564678520403
-1 0.0 0 0 -0.0008598857241955212
-1 0.0 0 0 0.0031291253087791684
-1 0.0 0 0 -0.011713855061720431
-1 0.0 0 0 0.001970196805767902
nodes 29
112 112.5 1 28 0.0
82 83.5 2 27 0.0005129384428091769
1 9.39216136932373 3 14 0.001880385773331832
6 1.0675913095474243 4 13 -0.02336442071138006
7 0.48750001192092896 5 6 -0.044993903379014134
-1 0.0 0 0 -0.0029840975668645993
71 23.5 7 8 -0.158470603592052
-1 0.0 0 0 -0.020670428037643435
51 7.5 9 12 0.09992409346713907
71 68.5 10 11 -0.13557452987879515
-1 0.0 0 0 -0.03752372409462145
-1 0.0 0 0 0.031978462114930155
-1 0.0 0 0 0.06252671763157616
-1 0.0 0 0 0.0017727970291296084
5 1.4653372764587402 15 16 0.0040920553446917585
-1 0.0 0 0 -1.3254211610593108e-05
4 0.8351641893386841 17 18 0.021892927190994567
-1 0.0 0 0 -0.00038266341197752305
6 0.7771169543266296 19 20 0.03813802709689225
-1 0.0 0 0 -0.0065376134844091485
2 11.200472831726074 21 22 0.04546878781566549
-1 0.0 0 0 0.0034958575330214254
71 48.5 23 26 0.1363195789440766
48 68.5 24 25 0.16923308383234462
-1 0.0 0 0 0.020340776337510243
-1 0.0 0 0 -0.011220545357860188
-1 0.0 0 0 -0.009032166085671634
-1 0.0 0 0 -0.003413511124900305
-1 0.0 0 0 -0.009104910151010925
nodes 29
36 94.5 1 20 0.0
68 46.5 2 7 0.0009136772801102802
89 77.5 3 6 -0.00310868853914014
95 84.5 4 5 -0.013321848658530205
-1 0.0 0 0 -0.0028276391486568853
-1 0.0 0 0 0.001101072787888389
-1 0.0 0 0 0.0008956172917754103
19 86.5 8 17 0.013548249352267528
30 73.5 9 16 -0.002732956629932748
70 13.5 10 15 0.0026261898832965133
60 7.5 11 12 -0.013370754358153273
-1 0.0 0 0 0.006097757782625276
105 38.5 13 14 -0.024844316975601737
-1 0.0 0 0 -0.005224141733561664
-1 0.0 0 0 0.0011292360201765592
-1 0.0 0 0 0.004086211593948459
-1 0.0 0 0 -0.011969144574828483
90 1.5 18 19 0.047540990517191906
-1 0.0 0 0 0.0006659245813192857
-1 0.0 0 0 0.00778180333398609
47 85.5 21 28 -0.05091024537705208
32 61.5 22 25 -0.03896568072878703
49 5.5 23 24 -0.06367363972128821
-1 0.0 0 0 -0.035620572118116825
-1 0.0 0 0 -0.0047717344368931125
98 49.5 26 27 0.08919430168760123
-1 0.0 0 0 0.019304961812946598
-1 0.0 0 0 -0.01475958197998504
-1 0.0 0 0 -0.03489369239780258
nodes 29
109 104.5 1 24 0.0
2 11.096348762512207 2 3 0.0006908024919840414
-1 0.0 0 0 -0.0003729810260554899
71 89.5 4 23 0.011794484430898988
72 5.5 5 10 0.014927291512672506
19 32.5 6 7 -0.01657537250120543
-1 0.0 0 0 -0.006909422850336589
50 17.5 8 9 0.04054734638438566
-1 0.0 0 0 -0.013312293028796508
-1 0.0 0 0 0.005654513132323052
1 10.820878028869629 11 22 0.024447798024571206
56 79.5 12 21 0.07668701149585944
6 1.003570556640625 13 14 0.093879522540814
-1 0.0 0 0 0.006982081256658811
25 109.5 15 20 0.22930140250653977
93 28.5 16 17 0.29365922949342277
-1 0.0 0 0 0.04351570758448147
20 5.5 18 19 0.10718919941794502
-1 0.0 0 0 -0.020392225898802283
-1 0.0 0 0 0.030409518575083606
-1 0.0 0 0 -0.008106940828504102
-1 0.0 0 0 -0.012206506063252832
-1 0.0 0 0 0.0016040372767663167
-1 0.0 0 0 -0.007515159211245852
60 15.5 25 26 -0.06607537270232632
-1 0.0 0 0 -0.001196535450721019
73 13.5 27 28 -0.16905350107990672
-1 0.0 0 0 -0.05189142787947934
-1 0.0 0 0 -0.010882105949529253
nodes 29
104 88.5 1 24 0.0
110 84.5 2 15 0.0015763247028555635
2 11.256457328796387 3 10 0.002312887689690746
38 104.5 4 9 -0.0005077029898602597
128 71.5 5 6 0.00010846317352661997
-1 0.0 0 0 0.00024548246833584335
22 4.5 7 8 -0.032604611341880946
-1 0.0 0 0 -7.16367530998948e-05
-1 0.0 0 0 -0.009167868512978216
-1 0.0 0 0 -0.014387871848509731
41 128.5 11 14 0.022839859973317698
65 136.5 12 13 0.02601162374551579
-1 0.0 0 0 0.0027416532273850367
-1 0.0 0 0 -0.04009528499110743
-1 0.0 0 0 -0.019134998617337504
18 37.5 16 17 -0.08301032852171414
-1 0.0 0 0 -0.014254411303761597
63 37.5 18 23 0.029286731682790845
62 73.5 19 22 -0.02602805760437371
77 28.5 20 21 0.02752132892414038
-1 0.0 0 0 0.02504791277793369
-1 0.0 0 0 -0.013255093692061612
-1 0.0 0 0 -0.05385721858058658
-1 0.0 0 0 0.04014044050691706
102 65.5 25 26 -0.02966761210502135
-1 0.0 0 0 -0.0038323121065267592
94 114.5 27 28 0.12303266325537231
-1 0.0 0 0 -0.008391604850239251
-1 0.0 0 0 0.023639310409083583
nodes 29
12 61.5 1 8 0.0
108 101.5 2 7 0.0010924022963373435
117 72.5 3 4 0.001920515358117804
-1 0.0 0 0 0.0003631942687101653
75 72.5 5 6 -0.030138241728597012
-1 0.0 0 0 -0.0013611997891363823
-1 0.0 0 0 -0.014071014030214142
-1 0.0 0 0 -0.006076391834260661
42 10.5 9 18 -0.04185182821746329
65 34.5 10 11 -0.08970861219498538
-1 0.0 0 0 -0.020625658778470137
17 17.5 12 15 -0.03158442899600108
31 19.5 13 14 -0.12253794414627968
-1 0.0 0 0 -0.005017370403507277
-1 0.0 0 0 -0.03373211674550746
37 49.5 16 17 0.05218263557450242
-1 0.0 0 0 0.002404648281583377
-1 0.0 0 0 0.05666722860187293
82 1.5 19 20 0.008059629848539186
-1 0.0 0 0 -0.026354421048890797
13 25.5 21 24 0.02899248844872779
105 85.5 22 23 0.08750124177140892
-1 0.0 0 0 0.005679525836239919
-1 0.0 0 0 0.032803144514198516
115 65.5 25 28 -0.06357359889760354
68 30.5 26 27 -0.0892837786680107
-1 0.0 0 0 -0.020781361866351322
-1 0.0 0 0 0.0017452047397591064
-1 0.0 0 0 0.04274908347171732
nodes 29
80 96.5 1 26 0.0
80 45.5 2 15 0.0015378576412760211
62 88.5 3 14 -0.00280758524102297
63 51.5 4 9 -0.0007720864743595901
91 54.5 5 8 -0.0071834820586297405
57 55.5 6 7 -0.016863696469207816
-1 0.0 0 0 -0.0003146694455750769
-1 0.0 0 0 -0.005203067530396944
-1 0.0 0 0 0.001519193874730567
30 16.5 10 13 0.01646675818988919
59 8.5 11 12 -0.025554958630797316
-1 0.0 0 0 -0.00038446229122682333
-1 0.0 0 0 -0.011676018808150241
-1 0.0 0 0 0.003967512366983078
-1 0.0 0 0 -0.00568725821852701
49 53.5 16 17 0.017276247974173722
-1 0.0 0 0 -0.002228470125162836
25 103.5 18 25 0.030934469505310466
123 77.5 19 24 0.03558158686783635
44 6.5 20 23 0.03961051182343785
89 112.5 21 22 0.02394994828272504
-1 0.0 0 0 0.0025622450695842436
-1 0.0 0 0 -0.04692764085146689
-1 0.0 0 0 0.007727552214303896
-1 0.0 0 0 -0.013767552703413927
-1 0.0 0 0 -0.011505972111078054
81 44.5 27 28 -0.0289167422631486
-1 0.0 0 0 -0.009466345745336545
-1 0.0 0 0 -0.00036140968325825513
nodes 29
2 11.394479751586914 1 10 0.0
98 103.5 2 3 -0.0013989780870422223
-1 0.0 0 0 -6.478187479035729e-06
116 9.5 4 5 -0.04608196444076034
-1 0.0 0 0 -0.017988080471513967
65 38.5 6 7 -0.014145891177855282
-1 0.0 0 0 -0.013231886594656331
62 97.5 8 9 0.011883714308213297
-1 0.0 0 0 0.00182529543396147
-1 0.0 0 0 -0.050657242424786086
6 0.6496198773384094 11 12 0.03104199659951904
-1 0.0 0 0 -0.038733660249660413
66 55.5 13 22 0.03430887790427794
94 89.5 14 15 0.01904004509606197
-1 0.0 0 0 9.292936745905407e-05
73 21.5 16 17 0.10431545056749288
-1 0.0 0 0 -0.00887125110711534
124 60.5 18 21 0.16323514728635075
23 23.5 19 20 0.20136750132072395
-1 0.0 0 0 0.024901688294844477
-1 0.0 0 0 -0.008034901812737971
-1 0.0 0 0 -0.017063479692571694
32 107.5 23 28 0.12177709526973231
12 20.5 24 25 0.14484755613815772
-1 0.0 0 0 0.021207081872643425
54 63.5 26 27 -0.02452014440892857
-1 0.0 0 0 -0.011074089172937436
-1 0.0 0 0 0.03634732185330774
-1 0.0 0 0 -0.030940186302980472
nodes 29
6 0.9994038343429565 1 28 0.0
0 10.763229370117188 2 5 -0.004830648966989894
126 109.5 3 4 -0.02805770781667136
-1 0.0 0 0 -0.0020993044971943293
-1 0.0 0 0 -0.012303199414396048
70 123.5 6 27 0.0005177413022653771
47 95.5 7 16 0.0015361009644073323
43 44.5 8 9 0.004413690755532217
-1 0.0 0 0 0.0008529435278934582
79 54.5 10 11 -0.03207433458182818
-1 0.0 0 0 -0.001731012834412411
56 16.5 12 13 -0.12945368813957095
-1 0.0 0 0 -0.026411542054468204
17 109.5 14 15 -0.04483019509810771
-1 0.0 0 0 0.0015093585047380705
-1 0.0 0 0 -0.03386500203275993
31 99.5 17 26 -0.0445600387993762
17 45.5 18 23 -0.07423518208283074
64 117.5 19 20 -0.08773290378449985
-1 0.0 0 0 -0.012580870134292982
103 9.5 21 22 0.000933527119006838
-1 0.0 0 0 -0.006632712958134612
-1 0.0 0 0 0.013267802441740459
25 73.5 24 25 0.13729480692069895
-1 0.0 0 0 0.02700419862382114
-1 0.0 0 0 -0.022148135339690223
-1 0.0 0 0 0.008992017401691383
-1 0.0 0 0 -0.013833325757409566
-1 0.0 0 0 0.0009167553755953592
nodes 29
39 84.5 1 24 0.0
45 111.5 2 21 0.0007512055047770513
117 106.5 3 18 0.0021448705298814114
63 48.5 4 9 0.0031547185907262088
121 70.5 5 8 -0.0010138670492986794
47 114.5 6 7 0.0033914167475261768
-1 0.0 0 0 0.0005120767192843882
-1 0.0 0 0 -0.009951304953198879
-1 0.0 0 0 -0.004076692879532752
19 96.5 10 17 0.01704296519685482
46 49.5 11 14 0.02148742250632174
99 54.5 12 13 -0.0020503044940489807
-1 0.0 0 0 0.0006953637470671089
-1 0.0 0 0 -0.01046313677237588
16 8.5 15 16 0.04351448669416223
-1 0.0 0 0 0.0013841741809789668
-1 0.0 0 0 0.007925926045448749
-1 0.0 0 0 -0.013343594886115041
77 21.5 19 20 -0.052067344395675286
-1 0.0 0 0 -0.013574509793139093
-1 0.0 0 0 4.6029650995641856e-05
50 58.5 22 23 -0.03554063104431791
-1 0.0 0 0 -0.0020758615338369907
-1 0.0 0 0 -0.01796289349583619
59 6.5 25 28 -0.05795134898217182
130 5.5 26 27 0.0059767957206751255
-1 0.0 0 0 -0.010854254580271836
-1 0.0 0 0 0.007366029682053611
-1 0.0 0 0 -0.013776770185969895
nodes 29
0 10.065988540649414 1 2 0.0
-1 0.0 0 0 -0.002565306968330818
6 1.013798713684082 3 20 0.0017174392593877162
131 113.5 4 17 -0.002096844366910525
2 11.0372896194458 5 8 -0.0015401507551726507
125 71.5 6 7 -0.00880960320974659
-1 0.0 0 0 -0.0006146161630883379
-1 0.0 0 0 -0.007605865925495486
44 77.5 9 14 0.008991094269600224
75 72.5 10 11 0.013532712549942854
-1 0.0 0 0 0.0018569009939980769
123 51.5 12 13 -0.03740455810093798
-1 0.0 0 0 -0.008168773133693389
-1 0.0 0 0 0.00456521377475055
123 92.5 15 16 -0.04744036071919596
-1 0.0 0 0 -0.007458703271110787
-1 0.0 0 0 0.00809788699990194
118 7.5 18 19 -0.13840055733649467
-1 0.0 0 0 -0.007217843887971954
-1 0.0 0 0 -0.04233921742665449
5 1.1825212240219116 21 28 0.026722263577738624
77 107.5 22 27 0.0899843865237435
43 61.5 23 26 0.10982123692887387
21 62.5 24 25 0.1291621003461299
-1 0.0 0 0 0.01484180681973302
-1 0.0 0 0 -0.016076226068109694
-1 0.0 0 0 -0.023468789269099944
-1 0.0 0 0 -0.022019181981102212
-1 0.0 0 0 0.0018500818970471477
nodes 29
81 114.5 1 24 0.0
67 65.5 2 23 -0.0045837566129922755
89 66.5 3 10 -0.0012474730896812234
94 67.5 4 5 -0.0163628347997038
-1 0.0 0 0 -0.003729840294764899
123 88.5 6 9 0.00604183044352618
65 86.5 7 8 0.010396462621609181
-1 0.0 0 0 0.0020366940076133678
-1 0.0 0 0 -0.008548983119637107
-1 0.0 0 0 -0.02083310487089186
101 73.5 11 22 0.008883904488928503
19 93.5 12 21 0.014642590192953336
2 10.7899169921875 13 14 0.017187573654853114
-1 0.0 0 0 -0.0006031703429794482
94 11.5 15 20 0.032608894974454745
128 30.5 16 19 0.042310002547304014
5 1.274338722229004 17 18 0.05450717185583183
-1 0.0 0 0 0.0029956752015938655
-1 0.0 0 0 0.00856073779443567
-1 0.0 0 0 -0.0015517876679605113
-1 0.0 0 0 -0.0029006450417693036
-1 0.0 0 0 -0.01315392275668762
-1 0.0 0 0 -0.006853976134388973
-1 0.0 0 0 -0.006026846800163541
46 72.5 25 28 0.009835412300081526
76 99.5 26 27 0.013899894664327058
-1 0.0 0 0 0.001700763612912985
-1 0.0 0 0 -0.009855570942450563
-1 0.0 0 0 -0.009156603271990952
nodes 29
114 111.5 1 26 0.0
2 11.229341506958008 2 23 0.0010596548804285494
66 90.5 3 18 -0.0020545555364727096
36 107.5 4 17 -0.0007068460137862608
27 66.5 5 14 0.0001673091707325997
97 79.5 6 11 -0.005024772141464525
95 82.5 7 8 -0.017851987617873738
-1 0.0 0 0 -0.003622404829688945
91 7.5 9 10 0.010282779750217533
-1 0.0 0 0 0.002885310537116298
-1 0.0 0 0 -0.005468790119231468
119 87.5 12 13 0.010966893190681488
-1 0.0 0 0 0.0016657027990493495
-1 0.0 0 0 -0.009193048717449503
73 81.5 15 16 0.014031470843937022
-1 0.0 0 0 -0.0016193424848429446
-1 0.0 0 0 0.0031806791936671527
-1 0.0 0 0 -0.008278169797981133
107 22.5 19 22 -0.05395278134104542
123 123.5 20 21 -0.08497431196227491
-1 0.0 0 0 -0.009537410627054942
-1 0.0 0 0 0.028435171667772992
-1 0.0 0 0 0.004084262553584471
25 122.5 24 25 0.019060986823487374
-1 0.0 0 0 0.002217865368041328
-1 0.0 0 0 -0.011296906597652916
50 10.5 27 28 -0.04220741862463091
-1 0.0 0 0 -0.001407582858589507
-1 0.0 0 0 -0.01424189126007916
nodes 29
123 128.5 1 24 0.0
2 10.409582138061523 2 13 -0.0010596943959397742
6 1.0540072917938232 3 12 -0.018651250705674045
73 135.5 4 11 -0.03529177502315958
97 131.5 5 10 -0.043061885295337395
1 8.898092269897461 6 9 -0.05230318088577055
7 0.48250000178813934 7 8 -0.15981933945006777
-1 0.0 0 0 -0.011696354428477782
-1 0.0 0 0 -0.043123937549690405
-1 0.0 0 0 -0.004448744110116
-1 0.0 0 0 0.0052849054617649174
-1 0.0 0 0 0.008013133215854016
-1 0.0 0 0 0.0024026324083189082
60 122.5 14 23 0.0020626052005224545
28 122.5 15 22 -0.000494853126100266
93 121.5 16 21 0.0003345750556170247
42 120.5 17 20 0.0016615720767654903
29 108.5 18 19 0.0023536584171584335
-1 0.0 0 0 0.0003663080139803601
-1 0.0 0 0 -0.006692198450571587
-1 0.0 0 0 -0.012777395327316804
-1 0.0 0 0 -0.006714985346992568
-1 0.0 0 0 -0.01168491288861525
-1 0.0 0 0 0.0038641100209138076
14 62.5 25 28 0.04185768653681509
44 38.5 26 27 0.034348141991295274
-1 0.0 0 0 0.0011345287975213752
-1 0.0 0 0 0.0160966836933547
-1 0.0 0 0 0.04724707803443859
nodes 29
26 80.5 1 18 0.0
26 24.5 2 11 0.0016392734706972966
60 3.5 3 4 -0.003245612807611274
-1 0.0 0 0 0.0009038898030551152
15 85.5 5 8 -0.014027359706388867
48 113.5 6 7 -0.011335186778738873
-1 0.0 0 0 -0.0009508203843076536
-1 0.0 0 0 -0.014012508340626617
68 92.5 9 10 -0.1004833195780757
-1 0.0 0 0 -0.006991106190554818
-1 0.0 0 0 -0.032924814423112646
129 74.5 12 17 0.014491009109462077
77 76.5 13 16 0.020923946532656678
117 82.5 14 15 0.025753395585276208
-1 0.0 0 0 0.0028089386065954635
-1 0.0 0 0 -0.01227083731933161
-1 0.0 0 0 -0.0048533337906368785
-1 0.0 0 0 -0.0047167978718317604
61 23.5 19 20 -0.02586718989244029
-1 0.0 0 0 -0.005554436957681226
52 55.5 21 28 0.009592049000330649
128 33.5 22 25 0.0316933234318204
33 69.5 23 24 0.08441950005820457
-1 0.0 0 0 0.010369938228265197
-1 0.0 0 0 -0.023826484454044127
84 3.5 26 27 -0.01707718395086432
-1 0.0 0 0 -0.006432824274286417
-1 0.0 0 0 0.01022698451915095
-1 0.0 0 0 -0.012963274562198805
nodes 29
2 11.606361389160156 1 14 0.0
104 88.5 2 5 -0.0004095026830782709
110 84.5 3 4 0.0011454983113827874
-1 0.0 0 0 0.00018080137504108328
-1 0.0 0 0 -0.007569899217026135
102 65.5 6 9 -0.029745898610123035
110 85.5 7 8 -0.03775239827521549
-1 0.0 0 0 -0.004140235706990128
-1 0.0 0 0 0.02696471314132214
116 10.5 10 13 0.111813002107549
30 51.5 11 12 0.1766429871396365
-1 0.0 0 0 0.023342604319792418
-1 0.0 0 0 -0.021402443854138257
-1 0.0 0 0 -0.01784485217861154
85 20.5 15 22 0.10404625753571137
56 48.5 16 21 -0.04787822314262164
30 5.5 17 18 -0.17194827828873033
-1 0.0 0 0 -0.04153967881575227
104 17.5 19 20 0.013536300658920987
-1 0.0 0 0 -0.022651135777622195
-1 0.0 0 0 0.031359587370284964
-1 0.0 0 0 0.017424719816734713
62 2.5 23 24 0.2508782975209159
-1 0.0 0 0 -0.01850951586921628
37 16.5 25 26 0.32496529008000113
-1 0.0 0 0 0.04795991013419222
5 1.1732476949691772 27 28 0.1156148994484773
-1 0.0 0 0 -0.026234783728917438
-1 0.0 0 0 0.03368613794900296
nodes 29
2 10.917593955993652 1 22 0.0
6 1.0434638261795044 2 21 -0.006387982128568133
53 94.5 3 20 -0.011872095092183661
126 112.5 4 17 -0.008315725598124227
8 43.5 5 16 -0.004614494332955909
122 96.5 6 15 -0.01236758010849638
2 10.277324676513672 7 12 -0.008358820711620533
7 0.4925000071525574 8 9 -0.041682194243105146
-1 0.0 0 0 -0.0031071424314466586
5 1.1811141967773438 10 11 -0.20153574990715994
-1 0.0 0 0 0.04432701304377545
-1 0.0 0 0 -0.0254637410641447
7 0.7024999856948853 13 14 -0.001004857032613825
-1 0.0 0 0 -0.00016493113745954177
-1 0.0 0 0 0.047792019377704026
-1 0.0 0 0 -0.006826231175589663
-1 0.0 0 0 0.002012328906229552
67 106.5 18 19 -0.061534220794878025
-1 0.0 0 0 -0.005052322725947259
-1 0.0 0 0 -0.02999326185661562
-1 0.0 0 0 -0.007018265779140682
-1 0.0 0 0 0.0024520607925035943
5 1.3282577991485596 23 24 0.006748779216696827
-1 0.0 0 0 -0.00020265538281884627
47 117.5 25 26 0.02618490453811274
-1 0.0 0 0 0.0029942202170548503
49 54.5 27 28 -0.09859144807154235
-1 0.0 0 0 -0.0038945769070826922
-1 0.0 0 0 -0.044721015809296535
nodes 29
0 9.726631164550781 1 2 0.0
-1 0.0 0 0 -0.0036428374759279072
6 1.003570556640625 3 28 0.0011803513779699447
107 104.5 4 25 -0.00286869630391194
13 106.5 5 24 -0.0015657747442340882
0 11.235457420349121 6 9 -0.0007915208237540568
20 89.5 7 8 -0.007075465445089528
-1 0.0 0 0 -0.0004379876026772997
-1 0.0 0 0 -0.007109607239558009
81 105.5 10 19 0.012920001572490453
97 13.5 11 18 0.001445388309875726
60 62.5 12 13 -0.04781157964354943
-1 0.0 0 0 -0.009653344690891305
90 18.5 14 15 0.009176624757532639
-1 0.0 0 0 0.0033135191911446513
60 81.5 16 17 -0.2380418646359503
-1 0.0 0 0 0.022663287130685952
-1 0.0 0 0 -0.0376910176526905
-1 0.0 0 0 0.0012160979880176356
95 43.5 20 23 0.04361978082859198
59 60.5 21 22 -0.001597147554293832
-1 0.0 0 0 -0.006495654575470034
-1 0.0 0 0 0.005991130193464013
-1 0.0 0 0 0.008110110993236405
-1 0.0 0 0 -0.011176466974488361
94 1.5 26 27 -0.07030105148336338
-1 0.0 0 0 -0.0004518947953625887
-1 0.0 0 0 -0.017035512879863206
-1 0.0 0 0 0.0017508925181723587
nodes 29
58 60.5 1 8 0.0
34 10.5 2 3 0.002178546102180342
-1 0.0 0 0 -0.0004140997851767969
68 47.5 4 7 0.012011838959038183
107 22.5 5 6 0.005197944470733173
-1 0.0 0 0 -0.0005244745829688528
-1 0.0 0 0 0.0034891985971073855
-1 0.0 0 0 0.004074571226307522
22 51.5 9 26 -0.019347512284752826
12 109.5 10 25 -0.0060905789564221395
31 78.5 11 20 -0.004049888233001151
26 80.5 12 15 0.002608694785366789
117 68.5 13 14 0.019141732384965415
-1 0.0 0 0 0.002356935453036412
-1 0.0 0 0 -0.019436804662648313
70 106.5 16 19 -0.04497637715803673
126 61.5 17 18 -0.032010805986833084
-1 0.0 0 0 -0.006496174680340524
-1 0.0 0 0 0.007900346095378782
-1 0.0 0 0 -0.028408880549433985
115 29.5 21 24 -0.10552952687251084
98 0.5 22 23 -0.22755166599429083
-1 0.0 0 0 0.01782163339001792
-1 0.0 0 0 -0.02886350208171143
-1 0.0 0 0 -0.00035266449503978947
-1 0.0 0 0 -0.033750743623030315
73 111.5 27 28 -0.09170945113448964
-1 0.0 0 0 -0.005628630778664956
-1 0.0 0 0 -0.02564484069449266
nodes 29
34 103.5 1 26 0.0
135 91.5 2 25 0.000661028043986019
127 62.5 3 18 0.0017747525612768597
94 9.5 4 13 -0.0024646472959599037
65 61.5 5 6 0.006788401545680021
-1 0.0 0 0 -0.0011683163296524318
93 11.5 7 12 0.0165891333891264
2 10.676554679870605 8 9 0.023844101975947076
-1 0.0 0 0 -0.0004996968955122424
27 49.5 10 11 0.040981772950728516
-1 0.0 0 0 0.0046940518445910484
-1 0.0 0 0 -0.0078536266960358
-1 0.0 0 0 -0.003120807145160895
120 47.5 14 15 -0.01905030830668738
-1 0.0 0 0 -0.003837979039134907
28 26.5 16 17 0.006627882434148852
-1 0.0 0 0 -0.0035065350981353842
-1 0.0 0 0 0.0029199516890846956
88 40.5 19 20 0.015152409804381572
-1 0.0 0 0 -0.006326969341573476
0 11.212414741516113 21 24 0.023822716006007716
41 43.5 22 23 0.014095204003222533
-1 0.0 0 0 -0.007340061696400346
-1 0.0 0 0 0.0021788651564399455
-1 0.0 0 0 0.006669790459103201
-1 0.0 0 0 -0.003974151373979854
21 104.5 27 28 -0.0613581851937846
-1 0.0 0 0 -0.005071813894446756
-1 0.0 0 0 -0.04580191093683243
nodes 29
2 11.415323257446289 1 2 0.0
-1 0.0 0 0 -0.00012523143444022764
24 27.5 3 4 0.03424099325823618
-1 0.0 0 0 0.00019247103203374314
130 50.5 5 22 0.07844039368899455
15 23.5 6 15 0.05426646738648351
13 41.5 7 12 0.10455803703679031
52 101.5 8 11 0.14723716979502294
71 99.5 9 10 0.17105185203898302
-1 0.0 0 0 0.018925141375504176
-1 0.0 0 0 -0.02686495590209961
-1 0.0 0 0 -0.018563916645944117
31 9.5 13 14 -0.07750357991921468
-1 0.0 0 0 -0.031927224696529186
-1 0.0 0 0 0.005159619374616633
32 30.5 16 17 -0.06666586194604614
-1 0.0 0 0 -0.02505929770783848
128 24.5 18 21 0.07575975028463663
63 53.5 19 20 0.2049583558038604
-1 0.0 0 0 0.0348573940016235
-1 0.0 0 0 -0.00528968976683576
-1 0.0 0 0 -0.014495453414403732
46 56.5 23 28 0.2564209260912321
32 21.5 24 25 0.3623667110635254
-1 0.0 0 0 0.07643143226039308
124 10.5 26 27 0.24695601072024073
-1 0.0 0 0 -0.015461797433090396
-1 0.0 0 0 0.037212192813877935
-1 0.0 0 0 -0.02026774754553723
nodes 29
6 0.9933621287345886 1 8 0.0
8 30.5 2 5 -0.005296760745941443
82 24.5 3 4 -0.052553947090008
-1 0.0 0 0 -0.009303065390167167
-1 0.0 0 0 0.0009520846705873483
117 97.5 6 7 -0.0029148147360764385
-1 0.0 0 0 -0.0001347664813487134
-1 0.0 0 0 -0.006782340881827571
45 86.5 9 18 0.008076283127553038
66 80.5 10 17 0.011930451594527455
66 77.5 11 12 0.014401296298543318
-1 0.0 0 0 0.0013450418033576924
52 3.5 13 14 0.22346817412237813
-1 0.0 0 0 -0.034998507844284175
100 5.5 15 16 0.33912261161452334
-1 0.0 0 0 0.010996378238957662
-1 0.0 0 0 0.061496194308899625
-1 0.0 0 0 -0.005110602589467849
83 33.5 19 22 -0.03807531024093815
5 1.2530298233032227 20 21 -0.09324765693134186
-1 0.0 0 0 -0.023409068622488285
-1 0.0 0 0 -0.0037087606257062006
42 18.5 23 24 -0.0004131558396312665
-1 0.0 0 0 -0.0014954801730536157
76 30.5 25 26 0.22432137156526247
-1 0.0 0 0 -0.005234158774837852
5 1.2792285680770874 27 28 0.4118894795745106
-1 0.0 0 0 0.017742686436788457
-1 0.0 0 0 0.08062129687856545
nodes 29
124 106.5 1 8 0.0
100 83.5 2 7 0.0012170686333254784
100 14.5 3 4 0.002743015783997555
-1 0.0 0 0 -0.0003037923786169574
9 75.5 5 6 0.015503510929706083
-1 0.0 0 0 0.0022552226485880195
-1 0.0 0 0 -0.005496860897598519
-1 0.0 0 0 -0.003023851907843434
98 18.5 9 18 -0.03409090010623819
23 107.5 10 17 -0.09216521343884848
104 13.5 11 12 -0.07276580783654439
-1 0.0 0 0 -0.020532061580568556
35 49.5 13 16 -0.04551918749345269
2 10.828777313232422 14 15 -0.022421098914834767
-1 0.0 0 0 -0.0160746630657321
-1 0.0 0 0 0.0013036995137464518
-1 0.0 0 0 -0.029988332344564023
-1 0.0 0 0 -0.02990334204525094
5 1.1064398288726807 19 20 0.007029046916796581
-1 0.0 0 0 -0.02630295314981292
9 50.5 21 28 0.016277628369362532
128 40.5 22 27 0.0321706960838169
16 66.5 23 24 0.0492887389156929
-1 0.0 0 0 0.003898625712237451
53 33.5 25 26 0.32745574733528954
-1 0.0 0 0 -0.0019688352011144163
-1 0.0 0 0 0.058202808685600765
-1 0.0 0 0 -0.014585694936769351
-1 0.0 0 0 -0.014632067978620912
nodes 29
68 124.5 1 18 0.0
74 116.5 2 7 0.0009221174626644008
68 46.5 3 4 0.001488932890864247
-1 0.0 0 0 -0.00022478106266833817
30 73.5 5 6 0.013710630684962592
-1 0.0 0 0 0.0017292669126882446
-1 0.0 0 0 -0.009948635446368176
3 0.6333690881729126 8 9 -0.07927445698719293
-1 0.0 0 0 0.0021622415148862917
47 86.5 10 17 -0.14940332690593505
119 44.5 11 16 -0.1786583420208415
80 7.5 12 15 -0.11768612714864594
57 10.5 13 14 -0.20325010481105044
-1 0.0 0 0 -0.06250931806172487
-1 0.0 0 0 -0.01273183511659348
-1 0.0 0 0 0.006700684902508085
-1 0.0 0 0 -0.03712413133854592
-1 0.0 0 0 0.028433407110202577
46 2.5 19 20 -0.04325882379820592
-1 0.0 0 0 4.313198785269772e-05
12 2.5 21 26 -0.1358005091567433
1 10.45455265045166 22 25 -0.23325443998262516
122 1.5 23 24 -0.1337853551126893
-1 0.0 0 0 -0.029553490970283747
-1 0.0 0 0 0.004924703560774154
-1 0.0 0 0 -0.03897009618168932
23 11.5 27 28 -0.05893952204704484
-1 0.0 0 0 -0.011417667977803997
-1 0.0 0 0 0.01713569355698732
nodes 29
6 0.9051737785339355 1 2 0.0
-1 0.0 0 0 -0.0013426369185695639
8 51.5 3 28 0.0029552974078231155
2 10.924859046936035 4 21 0.0008894577207185912
6 1.0321950912475586 5 20 -0.007417600918427365
85 4.5 6 7 -0.014713082145892151
-1 0.0 0 0 -8.106977646896851e-05
93 7.5 8 19 -0.03213719656012555
7 0.5224999785423279 9 12 -0.009522604593761612
68 100.5 10 11 -0.003853380556038759
-1 0.0 0 0 -4.9007521961788285e-06
-1 0.0 0 0 -0.029252459502054587
134 13.5 13 18 -0.23903571178050967
2 10.757562637329102 14 17 -0.15400003372849802
102 6.5 15 16 -0.3092905988698743
-1 0.0 0 0 -0.043575729329867585
-1 0.0 0 0 0.022066507302224637
-1 0.0 0 0 0.019144224383089006
-1 0.0 0 0 -0.06868902828544379
-1 0.0 0 0 -0.006357031057646352
-1 0.0 0 0 0.0018529616154348465
129 120.5 22 25 0.011217721879027273
5 1.1865642070770264 23 24 0.013573886092070428
-1 0.0 0 0 -0.000888683134663703
-1 0.0 0 0 0.002470876827407843
38 1.5 26 27 -0.09123166405296486
-1 0.0 0 0 -0.019110955195606683
-1 0.0 0 0 0.0010955539177376454
-1 0.0 0 0 0.004153789156403997
nodes 29
24 101.5 1 14 0.0
14 118.5 2 7 0.0011260708144349544
108 124.5 3 6 0.0015993484686032103
99 130.5 4 5 0.0019108864647370857
-1 0.0 0 0 0.00020926569658789615
-1 0.0 0 0 -0.025557149816915148
-1 0.0 0 0 -0.014973985932746462
97 93.5 8 13 -0.10456487996060852
105 71.5 9 12 -0.18599278070145714
36 9.5 10 11 -0.22809320814433573
-1 0.0 0 0 -0.014215633905012952
-1 0.0 0 0 -0.04684251301874549
-1 0.0 0 0 0.022402877352483894
-1 0.0 0 0 0.0038078322046409953
136 67.5 15 28 -0.03560028068885451
81 0.5 16 21 -0.027665151148105797
37 2.5 17 18 0.15689951409549677
-1 0.0 0 0 0.0414432225402358
17 10.5 19 20 0.02813315844206616
-1 0.0 0 0 0.04012806584889239
-1 0.0 0 0 -0.010013629469904119
2 10.985021591186523 22 23 -0.037049795143543215
-1 0.0 0 0 -0.009319426331496645
97 104.5 24 25 -0.004170190970653493
-1 0.0 0 0 -0.003988919680690369
6 0.8074463605880737 26 27 0.0930187318861203
-1 0.0 0 0 -0.027531013024910806
-1 0.0 0 0 0.012163576127507288
-1 0.0 0 0 -0.02787618365007635
nodes 29
18 120.5 1 16 0.0
56 120.5 2 15 0.0010360180263023343
2 11.516220092773438 3 10 0.001647089952438501
125 42.5 4 5 0.0008799405047001696
-1 0.0 0 0 0.00037198195142621967
50 94.5 6 7 -0.018311246932466618
-1 0.0 0 0 -0.0033510235003856603
2 10.671069145202637 8 9 0.02303000062171413
-1 0.0 0 0 -0.006611611192170428
-1 0.0 0 0 0.00539425955552852
23 118.5 11 14 0.06628263051728092
76 11.5 12 13 0.07686538905979096
-1 0.0 0 0 -7.273183851907308e-05
-1 0.0 0 0 0.014044043585321575
-1 0.0 0 0 -0.04133087452501059
-1 0.0 0 0 -0.009461490541721719
54 102.5 17 28 -0.03839679168420276
0 10.25079345703125 18 19 -0.026735379530332674
-1 0.0 0 0 -0.017795186724549744
83 18.5 20 27 -0.009327552634268746
105 42.5 21 26 0.002092554333886343
27 50.5 22 25 -0.023748673996966955
90 17.5 23 24 0.05061657490692927
-1 0.0 0 0 0.007268533332699509
-1 0.0 0 0 -0.0394845400609214
-1 0.0 0 0 -0.006824336267168312
-1 0.0 0 0 0.010412200366087303
-1 0.0 0 0 -0.020996521175369074
-1 0.0 0 0 -0.029643411748111248
nodes 29
112 114.5 1 20 0.0
78 102.5 2 15 0.00043136735782241486
136 90.5 3 4 0.0015228549803558168
-1 0.0 0 0 0.00024657561208838797
118 53.5 5 14 -0.04942489783156317
48 20.5 6 9 -0.013960283479955682
34 44.5 7 8 -0.06664049038078075
-1 0.0 0 0 -0.0028311308874923655
-1 0.0 0 0 -0.03238718862645328
111 11.5 10 11 0.07653492342393689
-1 0.0 0 0 1.2397525508461869e-05
107 2.5 12 13 0.28333519599101414
-1 0.0 0 0 0.048533847085921705
-1 0.0 0 0 -0.009409197547325963
-1 0.0 0 0 -0.013071956705508099
92 76.5 16 19 -0.03638438712985981
103 17.5 17 18 -0.02990564096848545
-1 0.0 0 0 0.0009704070956859105
-1 0.0 0 0 -0.00864038056204206
-1 0.0 0 0 -0.035047898468418194
51 1.5 21 22 -0.09006301200269748
-1 0.0 0 0 0.019952517180987027
135 18.5 23 24 -0.12493488754033652
-1 0.0 0 0 -0.019035245038017082
125 22.5 25 28 0.032768165734263936
10 7.5 26 27 -0.10414762397995218
-1 0.0 0 0 -0.048969981899823656
-1 0.0 0 0 0.004209631206146602
-1 0.0 0 0 0.03750576400198043
nodes 29
0 9.9995698928833 1 2 0.0
-1 0.0 0 0 -0.002603569212077845
6 1.013798713684082 3 26 0.0015125970389780528
37 100.5 4 25 -0.0017415800841909857
111 86.5 5 24 -0.0008400647272966172
124 70.5 6 11 -4.195728686848852e-05
2 11.229341506958008 7 8 0.0026659955243924028
-1 0.0 0 0 -0.00018667183417363177
106 112.5 9 10 0.026007461767454765
-1 0.0 0 0 0.002781497435671912
-1 0.0 0 0 -0.029686330396571533
90 34.5 12 15 -0.026529336630753537
4 1.170377254486084 13 14 -0.08473096755025715
-1 0.0 0 0 -0.009530167205731601
-1 0.0 0 0 0.02127237406716314
59 0.5 16 17 0.008556852227624154
-1 0.0 0 0 0.008736562840974807
44 18.5 18 19 -0.010457029873049516
-1 0.0 0 0 -0.005479442844663716
58 11.5 20 21 0.03198870879646338
-1 0.0 0 0 -0.010740350252189512
81 18.5 22 23 0.05662680942151024
-1 0.0 0 0 0.011275830594293285
-1 0.0 0 0 -0.0018035277297689717
-1 0.0 0 0 -0.009316348838364937
-1 0.0 0 0 -0.007480768546953243
7 0.762499988079071 27 28 0.022256244050499054
-1 0.0 0 0 0.002365268402645484
-1 0.0 0 0 -0.031111470770944533
nodes 29
28 100.5 1 10 0.0
94 102.5 2 5 0.001661792427446504
17 67.5 3 4 -0.002305862735974262
-1 0.0 0 0 0.00018752787262128095
-1 0.0 0 0 -0.0030282106253865203
95 43.5 6 7 0.01588943555623413
-1 0.0 0 0 -0.004287235378666054
67 84.5 8 9 0.027490244396855344
-1 0.0 0 0 0.0033645307298797605
-1 0.0 0 0 -0.009257066042331242
114 10.5 11 18 -0.023636447395828167
0 11.235457420349121 12 13 -0.0032255899784459784
-1 0.0 0 0 -0.0027835539855476737
41 49.5 14 17 0.058577138986936096
127 51.5 15 16 -0.019737552485430587
-1 0.0 0 0 -0.009701726164954204
-1 0.0 0 0 0.01018701116814453
-1 0.0 0 0 0.01127456909330342
46 11.5 19 22 -0.0811940077554668
81 112.5 20 21 -0.04071903014417699
-1 0.0 0 0 -0.013269784806751212
-1 0.0 0 0 0.0017654717475290408
116 3.5 23 24 -0.18915932808201893
-1 0.0 0 0 -0.03151330325947698
108 28.5 25 28 -0.07730823618280513
124 30.5 26 27 0.022327225163297833
-1 0.0 0 0 0.015221873473595172
-1 0.0 0 0 -0.021011021301934593
-1 0.0 0 0 -0.03248400854645297
nodes 29
80 96.5 1 2 0.0
-1 0.0 0 0 0.00014533184642219794
81 44.5 3 18 -0.02732713365579479
69 108.5 4 13 -0.08515670228073197
0 11.24356746673584 5 8 -0.10718489311374524
67 1.5 6 7 -0.17187095496634006
-1 0.0 0 0 -0.006184754749612731
-1 0.0 0 0 -0.02424357058307435
87 11.5 9 10 -0.024413136416649425
-1 0.0 0 0 0.019944978737742595
123 59.5 11 12 -0.08253692896986693
-1 0.0 0 0 -0.003930514658133602
-1 0.0 0 0 -0.03566101154330064
28 46.5 14 15 0.08690965548483329
-1 0.0 0 0 -0.007842801058004742
2 10.820577621459961 16 17 0.2909983370336704
-1 0.0 0 0 0.004103137134901575
-1 0.0 0 0 0.06335456603793083
47 94.5 19 28 -0.005071404740883113
127 58.5 20 21 -5.0335294746782535e-05
-1 0.0 0 0 -0.003460269207206721
136 94.5 22 27 0.04013707027243194
1 10.524735450744629 23 24 0.03271277281830539
-1 0.0 0 0 -0.002317234956456396
116 19.5 25 26 0.08959584381515455
-1 0.0 0 0 0.0059744340782883765
-1 0.0 0 0 0.03313930183765478
-1 0.0 0 0 0.05594843540872846
-1 0.0 0 0 -0.0322383303268283
nodes 29
60 115.5 1 8 0.0
93 113.5 2 7 -0.0026166262931493194
28 120.5 3 6 -0.0007678986693955104
133 88.5 4 5 9.443600078377168e-05
-1 0.0 0 0 0.00012298490722165612
-1 0.0 0 0 -0.007304926241102197
-1 0.0 0 0 -0.010505443527167603
-1 0.0 0 0 -0.0046221488363168755
72 90.5 9 28 0.014918949543798604
0 10.506600379943848 10 11 0.01815323948747908
-1 0.0 0 0 -0.0029593305612057924
123 87.5 12 27 0.03023089547445228
106 102.5 13 26 0.032228357060919116
65 84.5 14 23 0.03381319434826397
19 72.5 15 22 0.04302359759536406
118 5.5 16 17 0.012678733226147916
-1 0.0 0 0 -0.006227803339758046
18 36.5 18 21 0.031339034094867275
85 13.5 19 20 -0.009692878724142056
-1 0.0 0 0 0.0023988335286671252
-1 0.0 0 0 -0.012905285105627684
-1 0.0 0 0 0.007152751315037474
-1 0.0 0 0 0.007138030621422417
3 0.6233422756195068 24 25 -0.03724730373572767
-1 0.0 0 0 0.0049578066433423745
-1 0.0 0 0 -0.009747085836369228
-1 0.0 0 0 -0.03906387406855058
-1 0.0 0 0 -0.03788570706166473
-1 0.0 0 0 -0.01572840749474642
nodes 29
108 101.5 1 2 0.0
-1 0.0 0 0 7.14297097360095e-05
14 41.5 3 22 -0.053545690006883764
3 0.22560922801494598 4 5 -0.03292584011546857
-1 0.0 0 0 -0.034444954573763946
31 36.5 6 17 -0.018945264058278465
67 102.5 7 16 -0.05812928638894242
83 7.5 8 11 -0.03703064648321195
11 1.5 9 10 0.07783389669961073
-1 0.0 0 0 0.031170447429280674
-1 0.0 0 0 -0.0029490272469869625
96 16.5 12 15 -0.08964601787663395
11 5.5 13 14 0.03582791277696773
-1 0.0 0 0 -0.009812047202475705
-1 0.0 0 0 0.02611047417616867
-1 0.0 0 0 -0.016676020442416
-1 0.0 0 0 -0.030058484327174347
114 60.5 18 21 0.08132773753095535
47 119.5 19 20 0.14100698546792256
-1 0.0 0 0 0.010027475725529287
-1 0.0 0 0 0.057480521593242885
-1 0.0 0 0 -0.017149525827474216
40 2.5 23 24 -0.252499376797025
-1 0.0 0 0 -0.07004234746098519
79 19.5 25 28 -0.15405452013486526
73 10.5 26 27 -0.018014512497536612
-1 0.0 0 0 0.02297225690126652
-1 0.0 0 0 -0.025117882450713832
-1 0.0 0 0 -0.05132001402974129
nodes 29
48 82.5 1 28 0.0
48 41.5 2 5 0.001497927834288174
56 110.5 3 4 -0.0019505421334262737
-1 0.0 0 0 -9.321282886250902e-05
-1 0.0 0 0 -0.009671815358869419
122 113.5 6 27 0.017193648715432854
54 130.5 7 24 0.021712847550921243
127 70.5 8 19 0.018717356085676068
9 116.5 9 18 0.005778848348986732
125 13.5 10 13 0.014329165863361049
102 3.5 11 12 -0.0070958434831397904
-1 0.0 0 0 0.002974849814267412
-1 0.0 0 0 -0.003484035883964111
2 10.921233177185059 14 15 0.042994601706629394
-1 0.0 0 0 -0.0028621537091594123
74 51.5 16 17 0.06928948251911146
-1 0.0 0 0 0.0048960385140418205
-1 0.0 0 0 0.016267509496743156
-1 0.0 0 0 -0.01016519337709941
116 87.5 20 23 0.05340229153852735
17 91.5 21 22 0.056984761145535336
-1 0.0 0 0 0.003686514656294445
-1 0.0 0 0 0.013767252625959292
-1 0.0 0 0 -0.04395711154543928
2 10.71408462524414 25 26 0.145743559379986
-1 0.0 0 0 0.00012947510170144676
-1 0.0 0 0 0.027511254708968032
-1 0.0 0 0 -0.008595124826303068
-1 0.0 0 0 -0.0025342214557177558
end
